[s],CH1[V]
2.35661E-03,-5.964E-03
2.35661E-03,3.404E-02
2.35670E-03,-3.564E-03
2.35670E-03,4.436E-03
2.35678E-03,3.636E-03
2.35678E-03,1.244E-02
2.35687E-03,1.244E-02
2.35687E-03,1.964E-02
2.35696E-03,1.884E-02
2.35696E-03,2.364E-02
2.35705E-03,2.364E-02
2.35705E-03,2.604E-02
2.35714E-03,2.364E-02
2.35714E-03,2.604E-02
2.35722E-03,1.884E-02
2.35722E-03,2.444E-02
2.35731E-03,1.164E-02
2.35731E-03,1.964E-02
2.35740E-03,2.036E-03
2.35740E-03,1.244E-02
2.35749E-03,-7.564E-03
2.35749E-03,2.836E-03
2.35758E-03,-1.716E-02
2.35758E-03,-6.764E-03
2.35766E-03,-2.596E-02
2.35766E-03,-1.716E-02
2.35775E-03,-3.156E-02
2.35775E-03,-2.516E-02
2.35784E-03,-3.396E-02
2.35784E-03,-2.996E-02
2.35793E-03,-3.396E-02
2.35793E-03,-3.076E-02
2.35802E-03,-3.156E-02
2.35802E-03,-2.596E-02
2.35810E-03,-2.596E-02
2.35810E-03,-1.716E-02
2.35819E-03,-1.796E-02
2.35819E-03,-6.764E-03
2.35828E-03,-6.764E-03
2.35828E-03,5.236E-03
2.35837E-03,4.436E-03
2.35837E-03,1.724E-02
2.35846E-03,1.644E-02
2.35846E-03,2.684E-02
2.35854E-03,2.604E-02
2.35854E-03,3.324E-02
2.35863E-03,3.244E-02
2.35863E-03,3.644E-02
2.35872E-03,3.404E-02
2.35872E-03,3.644E-02
2.35881E-03,2.844E-02
2.35881E-03,3.484E-02
2.35890E-03,1.804E-02
2.35890E-03,2.844E-02
2.35898E-03,6.836E-03
2.35898E-03,1.964E-02
2.35907E-03,-7.564E-03
2.35907E-03,6.836E-03
2.35916E-03,-2.036E-02
2.35916E-03,-6.764E-03
2.35925E-03,-3.156E-02
2.35925E-03,-2.036E-02
2.35934E-03,-3.876E-02
2.35934E-03,-3.156E-02
2.35942E-03,-4.276E-02
2.35942E-03,-3.876E-02
2.35951E-03,-4.356E-02
2.35951E-03,-4.036E-02
2.35960E-03,-4.116E-02
2.35960E-03,-3.396E-02
2.35969E-03,-3.476E-02
2.35969E-03,-2.276E-02
2.35978E-03,-2.436E-02
2.35978E-03,-9.964E-03
2.35986E-03,-9.964E-03
2.35986E-03,4.436E-03
2.35995E-03,3.636E-03
2.35995E-03,1.804E-02
2.36004E-03,1.804E-02
2.36004E-03,3.084E-02
2.36013E-03,3.004E-02
2.36013E-03,3.964E-02
2.36022E-03,3.884E-02
2.36022E-03,4.364E-02
2.36030E-03,4.124E-02
2.36030E-03,4.364E-02
2.36039E-03,3.484E-02
2.36039E-03,4.204E-02
2.36048E-03,2.364E-02
2.36048E-03,3.564E-02
2.36057E-03,1.004E-02
2.36057E-03,2.444E-02
2.36066E-03,-5.164E-03
2.36066E-03,1.084E-02
2.36074E-03,-2.196E-02
2.36074E-03,-4.364E-03
2.36083E-03,-3.396E-02
2.36083E-03,-2.036E-02
2.36092E-03,-4.356E-02
2.36092E-03,-3.316E-02
2.36101E-03,-4.756E-02
2.36101E-03,-4.196E-02
2.36110E-03,-4.756E-02
2.36110E-03,-4.516E-02
2.36118E-03,-4.676E-02
2.36118E-03,-3.876E-02
2.36127E-03,-3.956E-02
2.36127E-03,-2.836E-02
2.36136E-03,-2.916E-02
2.36136E-03,-1.396E-02
2.36145E-03,-1.396E-02
2.36145E-03,2.036E-03
2.36154E-03,1.236E-03
2.36154E-03,1.724E-02
2.36162E-03,1.644E-02
2.36162E-03,3.084E-02
2.36171E-03,3.004E-02
2.36171E-03,4.044E-02
2.36180E-03,3.964E-02
2.36180E-03,4.524E-02
2.36189E-03,4.364E-02
2.36189E-03,4.604E-02
2.36198E-03,3.804E-02
2.36198E-03,4.444E-02
2.36206E-03,2.684E-02
2.36206E-03,3.804E-02
2.36215E-03,1.324E-02
2.36215E-03,2.764E-02
2.36224E-03,-2.764E-03
2.36224E-03,1.404E-02
2.36233E-03,-1.876E-02
2.36233E-03,-2.764E-03
2.36242E-03,-3.156E-02
2.36242E-03,-1.796E-02
2.36250E-03,-4.196E-02
2.36250E-03,-3.156E-02
2.36259E-03,-4.756E-02
2.36259E-03,-4.116E-02
2.36268E-03,-4.756E-02
2.36268E-03,-4.596E-02
2.36277E-03,-4.676E-02
2.36277E-03,-3.956E-02
2.36286E-03,-4.036E-02
2.36286E-03,-2.996E-02
2.36294E-03,-3.076E-02
2.36294E-03,-1.636E-02
2.36303E-03,-1.636E-02
2.36303E-03,-1.164E-03
2.36312E-03,-1.964E-03
2.36312E-03,1.404E-02
2.36321E-03,1.324E-02
2.36321E-03,2.764E-02
2.36330E-03,2.684E-02
2.36330E-03,3.724E-02
2.36338E-03,3.724E-02
2.36338E-03,4.204E-02
2.36347E-03,4.124E-02
2.36347E-03,4.284E-02
2.36356E-03,3.644E-02
2.36356E-03,4.204E-02
2.36365E-03,2.684E-02
2.36365E-03,3.724E-02
2.36374E-03,1.404E-02
2.36374E-03,2.764E-02
2.36382E-03,4.357E-04
2.36382E-03,1.484E-02
2.36391E-03,-1.396E-02
2.36391E-03,1.236E-03
2.36400E-03,-2.676E-02
2.36400E-03,-1.316E-02
2.36409E-03,-3.636E-02
2.36409E-03,-2.596E-02
2.36418E-03,-4.116E-02
2.36418E-03,-3.556E-02
2.36426E-03,-4.196E-02
2.36426E-03,-3.956E-02
2.36435E-03,-4.116E-02
2.36435E-03,-3.636E-02
2.36444E-03,-3.716E-02
2.36444E-03,-2.836E-02
2.36453E-03,-2.836E-02
2.36453E-03,-1.636E-02
2.36462E-03,-1.716E-02
2.36462E-03,-3.564E-03
2.36470E-03,-4.364E-03
2.36470E-03,9.236E-03
2.36479E-03,8.436E-03
2.36479E-03,2.044E-02
2.36488E-03,2.044E-02
2.36488E-03,2.924E-02
2.36497E-03,2.844E-02
2.36497E-03,3.404E-02
2.36506E-03,3.324E-02
2.36506E-03,3.564E-02
2.36514E-03,3.004E-02
2.36514E-03,3.484E-02
2.36523E-03,2.284E-02
2.36523E-03,3.084E-02
2.36532E-03,1.324E-02
2.36532E-03,2.364E-02
2.36541E-03,2.036E-03
2.36541E-03,1.404E-02
2.36550E-03,-9.164E-03
2.36550E-03,2.836E-03
2.36558E-03,-1.956E-02
2.36558E-03,-9.164E-03
2.36567E-03,-2.836E-02
2.36567E-03,-1.876E-02
2.36576E-03,-3.156E-02
2.36576E-03,-2.516E-02
2.36585E-03,-3.316E-02
2.36585E-03,-2.996E-02
2.36594E-03,-3.236E-02
2.36594E-03,-2.836E-02
2.36602E-03,-2.916E-02
2.36602E-03,-2.196E-02
2.36611E-03,-2.276E-02
2.36611E-03,-1.396E-02
2.36620E-03,-1.476E-02
2.36620E-03,-4.364E-03
2.36629E-03,-5.164E-03
2.36629E-03,4.436E-03
2.36638E-03,3.636E-03
2.36638E-03,1.324E-02
2.36646E-03,1.244E-02
2.36646E-03,1.964E-02
2.36655E-03,1.964E-02
2.36655E-03,2.284E-02
2.36664E-03,2.284E-02
2.36664E-03,2.444E-02
2.36673E-03,2.124E-02
2.36673E-03,2.444E-02
2.36682E-03,1.644E-02
2.36682E-03,2.204E-02
2.36690E-03,1.004E-02
2.36690E-03,1.724E-02
2.36699E-03,2.036E-03
2.36699E-03,1.084E-02
2.36708E-03,-5.164E-03
2.36708E-03,2.836E-03
2.36717E-03,-1.236E-02
2.36717E-03,-4.364E-03
2.36726E-03,-1.716E-02
2.36726E-03,-1.156E-02
2.36734E-03,-2.036E-02
2.36734E-03,-1.636E-02
2.36743E-03,-2.116E-02
2.36743E-03,-1.956E-02
2.36752E-03,-2.116E-02
2.36752E-03,-1.876E-02
2.36761E-03,-1.956E-02
2.36761E-03,-1.476E-02
2.36770E-03,-1.556E-02
2.36770E-03,-9.964E-03
2.36778E-03,-9.964E-03
2.36778E-03,-4.364E-03
2.36787E-03,-4.364E-03
2.36787E-03,2.036E-03
2.36796E-03,1.236E-03
2.36796E-03,6.836E-03
2.36805E-03,6.036E-03
2.36805E-03,1.084E-02
2.36814E-03,1.004E-02
2.36814E-03,1.324E-02
2.36822E-03,1.244E-02
2.36822E-03,1.404E-02
2.36831E-03,1.164E-02
2.36831E-03,1.404E-02
2.36840E-03,9.236E-03
2.36840E-03,1.244E-02
2.36849E-03,5.236E-03
2.36849E-03,1.004E-02
2.36858E-03,1.236E-03
2.36858E-03,6.036E-03
2.36866E-03,-2.764E-03
2.36866E-03,2.036E-03
2.36875E-03,-5.964E-03
2.36875E-03,-1.964E-03
2.36884E-03,-9.164E-03
2.36884E-03,-5.964E-03
2.36893E-03,-1.076E-02
2.36893E-03,-8.364E-03
2.36902E-03,-1.156E-02
2.36902E-03,-9.964E-03
2.36910E-03,-1.156E-02
2.36910E-03,-9.964E-03
2.36919E-03,-1.076E-02
2.36919E-03,-8.364E-03
2.36928E-03,-8.364E-03
2.36928E-03,-5.964E-03
2.36937E-03,-5.964E-03
2.36937E-03,-2.764E-03
2.36946E-03,-3.564E-03
2.36946E-03,4.357E-04
2.36954E-03,-3.643E-04
2.36954E-03,2.836E-03
2.36963E-03,1.236E-03
2.36963E-03,4.436E-03
2.36972E-03,3.636E-03
2.36972E-03,5.236E-03
2.36981E-03,4.436E-03
2.36981E-03,6.036E-03
2.36990E-03,3.636E-03
2.36990E-03,6.036E-03
2.36998E-03,2.836E-03
2.36998E-03,5.236E-03
2.37007E-03,2.036E-03
2.37007E-03,4.436E-03
2.37016E-03,-3.643E-04
2.37016E-03,2.836E-03
2.37025E-03,-1.964E-03
2.37025E-03,1.236E-03
2.37034E-03,-3.564E-03
2.37034E-03,-3.643E-04
2.37042E-03,-4.364E-03
2.37042E-03,-1.964E-03
2.37051E-03,-5.164E-03
2.37051E-03,-3.564E-03
2.37060E-03,-6.764E-03
2.37060E-03,-3.564E-03
2.37069E-03,-6.764E-03
2.37069E-03,-2.764E-03
2.37078E-03,-5.164E-03
2.37078E-03,-2.764E-03
2.37086E-03,-5.164E-03
2.37086E-03,-1.964E-03
2.37095E-03,-3.564E-03
2.37095E-03,-1.164E-03
2.37104E-03,-2.764E-03
2.37104E-03,-3.643E-04
2.37113E-03,-1.964E-03
2.37113E-03,4.357E-04
2.37122E-03,-1.164E-03
2.37122E-03,1.236E-03
2.37130E-03,4.357E-04
2.37130E-03,2.036E-03
2.37139E-03,4.357E-04
2.37139E-03,2.036E-03
2.37148E-03,4.357E-04
2.37148E-03,2.036E-03
2.37157E-03,4.357E-04
2.37157E-03,2.036E-03
2.37166E-03,-3.643E-04
2.37166E-03,1.236E-03
2.37174E-03,-1.164E-03
2.37174E-03,1.236E-03
2.37183E-03,-1.964E-03
2.37183E-03,4.357E-04
2.37192E-03,-2.764E-03
2.37192E-03,-3.643E-04
2.37201E-03,-3.564E-03
2.37201E-03,-1.164E-03
2.37210E-03,-3.564E-03
2.37210E-03,-1.964E-03
2.37218E-03,-4.364E-03
2.37218E-03,-2.764E-03
2.37227E-03,-4.364E-03
2.37227E-03,-2.764E-03
2.37236E-03,-4.364E-03
2.37236E-03,-2.764E-03
2.37245E-03,-4.364E-03
2.37245E-03,-2.764E-03
2.37254E-03,-3.564E-03
2.37254E-03,-1.964E-03
2.37262E-03,-2.764E-03
2.37262E-03,-3.643E-04
2.37271E-03,-1.964E-03
2.37271E-03,4.357E-04
2.37280E-03,-3.643E-04
2.37280E-03,2.036E-03
2.37289E-03,4.357E-04
2.37289E-03,2.836E-03
2.37298E-03,1.236E-03
2.37298E-03,3.636E-03
2.37306E-03,2.036E-03
2.37306E-03,3.636E-03
2.37315E-03,2.036E-03
2.37315E-03,3.636E-03
2.37324E-03,2.036E-03
2.37324E-03,3.636E-03
2.37333E-03,4.357E-04
2.37333E-03,2.836E-03
2.37342E-03,-1.164E-03
2.37342E-03,1.236E-03
2.37350E-03,-2.764E-03
2.37350E-03,4.357E-04
2.37359E-03,-5.164E-03
2.37359E-03,-1.964E-03
2.37368E-03,-6.764E-03
2.37368E-03,-4.364E-03
2.37377E-03,-8.364E-03
2.37377E-03,-5.964E-03
2.37386E-03,-8.364E-03
2.37386E-03,-6.764E-03
2.37394E-03,-9.164E-03
2.37394E-03,-7.564E-03
2.37403E-03,-8.364E-03
2.37403E-03,-5.964E-03
2.37412E-03,-7.564E-03
2.37412E-03,-4.364E-03
2.37421E-03,-5.164E-03
2.37421E-03,-1.164E-03
2.37430E-03,-2.764E-03
2.37430E-03,1.236E-03
2.37438E-03,-3.643E-04
2.37438E-03,4.436E-03
2.37447E-03,3.636E-03
2.37447E-03,7.636E-03
2.37456E-03,6.836E-03
2.37456E-03,9.236E-03
2.37465E-03,8.436E-03
2.37465E-03,1.004E-02
2.37474E-03,8.436E-03
2.37474E-03,1.084E-02
2.37482E-03,6.836E-03
2.37482E-03,1.004E-02
2.37491E-03,4.436E-03
2.37491E-03,7.636E-03
2.37500E-03,-3.643E-04
2.37500E-03,4.436E-03
2.37509E-03,-4.364E-03
2.37509E-03,1.236E-03
2.37518E-03,-8.364E-03
2.37518E-03,-3.564E-03
2.37526E-03,-1.316E-02
2.37526E-03,-8.364E-03
2.37535E-03,-1.556E-02
2.37535E-03,-1.156E-02
2.37544E-03,-1.716E-02
2.37544E-03,-1.476E-02
2.37553E-03,-1.796E-02
2.37553E-03,-1.556E-02
2.37562E-03,-1.716E-02
2.37562E-03,-1.236E-02
2.37570E-03,-1.476E-02
2.37570E-03,-9.164E-03
2.37579E-03,-1.076E-02
2.37579E-03,-4.364E-03
2.37588E-03,-4.364E-03
2.37588E-03,2.836E-03
2.37597E-03,2.036E-03
2.37597E-03,8.436E-03
2.37606E-03,8.436E-03
2.37606E-03,1.404E-02
2.37614E-03,1.324E-02
2.37614E-03,1.884E-02
2.37623E-03,1.724E-02
2.37623E-03,2.044E-02
2.37632E-03,1.884E-02
2.37632E-03,2.044E-02
2.37641E-03,1.564E-02
2.37641E-03,1.964E-02
2.37650E-03,1.004E-02
2.37650E-03,1.644E-02
2.37658E-03,2.836E-03
2.37658E-03,1.084E-02
2.37667E-03,-5.164E-03
2.37667E-03,3.636E-03
2.37676E-03,-1.316E-02
2.37676E-03,-4.364E-03
2.37685E-03,-2.036E-02
2.37685E-03,-1.236E-02
2.37694E-03,-2.516E-02
2.37694E-03,-1.956E-02
2.37702E-03,-2.836E-02
2.37702E-03,-2.516E-02
2.37711E-03,-2.836E-02
2.37711E-03,-2.676E-02
2.37720E-03,-2.756E-02
2.37720E-03,-2.276E-02
2.37729E-03,-2.356E-02
2.37729E-03,-1.636E-02
2.37738E-03,-1.636E-02
2.37738E-03,-6.764E-03
2.37746E-03,-7.564E-03
2.37746E-03,2.836E-03
2.37755E-03,2.036E-03
2.37755E-03,1.324E-02
2.37764E-03,1.244E-02
2.37764E-03,2.204E-02
2.37773E-03,2.124E-02
2.37773E-03,2.764E-02
2.37782E-03,2.684E-02
2.37782E-03,3.164E-02
2.37790E-03,3.004E-02
2.37790E-03,3.164E-02
2.37799E-03,2.524E-02
2.37799E-03,3.084E-02
2.37808E-03,1.804E-02
2.37808E-03,2.604E-02
2.37817E-03,7.636E-03
2.37817E-03,1.804E-02
2.37826E-03,-4.364E-03
2.37826E-03,8.436E-03
2.37834E-03,-1.636E-02
2.37834E-03,-4.364E-03
2.37843E-03,-2.596E-02
2.37843E-03,-1.556E-02
2.37852E-03,-3.396E-02
2.37852E-03,-2.596E-02
2.37861E-03,-3.796E-02
2.37861E-03,-3.396E-02
2.37870E-03,-3.876E-02
2.37870E-03,-3.636E-02
2.37878E-03,-3.796E-02
2.37878E-03,-3.236E-02
2.37887E-03,-3.316E-02
2.37887E-03,-2.356E-02
2.37896E-03,-2.436E-02
2.37896E-03,-1.156E-02
2.37905E-03,-1.236E-02
2.37905E-03,1.236E-03
2.37914E-03,1.236E-03
2.37914E-03,1.484E-02
2.37922E-03,1.404E-02
2.37922E-03,2.684E-02
2.37931E-03,2.604E-02
2.37931E-03,3.484E-02
2.37940E-03,3.484E-02
2.37940E-03,3.964E-02
2.37949E-03,3.884E-02
2.37949E-03,4.044E-02
2.37958E-03,3.404E-02
2.37958E-03,3.884E-02
2.37966E-03,2.444E-02
2.37966E-03,3.404E-02
2.37975E-03,1.164E-02
2.37975E-03,2.524E-02
2.37984E-03,-2.764E-03
2.37984E-03,1.244E-02
2.37993E-03,-1.716E-02
2.37993E-03,-1.964E-03
2.38002E-03,-2.996E-02
2.38002E-03,-1.716E-02
2.38010E-03,-3.956E-02
2.38010E-03,-2.996E-02
2.38019E-03,-4.516E-02
2.38019E-03,-3.956E-02
2.38028E-03,-4.676E-02
2.38028E-03,-4.436E-02
2.38037E-03,-4.516E-02
2.38037E-03,-3.956E-02
2.38046E-03,-4.036E-02
2.38046E-03,-2.996E-02
2.38054E-03,-2.996E-02
2.38054E-03,-1.636E-02
2.38063E-03,-1.876E-02
2.38063E-03,-3.643E-04
2.38072E-03,-1.164E-03
2.38072E-03,1.404E-02
2.38081E-03,1.324E-02
2.38081E-03,2.764E-02
2.38090E-03,2.764E-02
2.38090E-03,3.804E-02
2.38098E-03,3.724E-02
2.38098E-03,4.444E-02
2.38107E-03,4.364E-02
2.38107E-03,4.524E-02
2.38116E-03,3.884E-02
2.38116E-03,4.444E-02
2.38125E-03,2.924E-02
2.38125E-03,3.964E-02
2.38134E-03,1.564E-02
2.38134E-03,3.004E-02
2.38142E-03,4.357E-04
2.38142E-03,1.644E-02
2.38151E-03,-1.556E-02
2.38151E-03,1.236E-03
2.38160E-03,-2.996E-02
2.38160E-03,-1.556E-02
2.38169E-03,-4.036E-02
2.38169E-03,-2.916E-02
2.38178E-03,-4.756E-02
2.38178E-03,-4.036E-02
2.38186E-03,-4.836E-02
2.38186E-03,-4.596E-02
2.38195E-03,-4.836E-02
2.38195E-03,-4.276E-02
2.38204E-03,-4.356E-02
2.38204E-03,-3.316E-02
2.38213E-03,-3.396E-02
2.38213E-03,-1.956E-02
2.38222E-03,-2.036E-02
2.38222E-03,-4.364E-03
2.38230E-03,-4.364E-03
2.38230E-03,1.164E-02
2.38239E-03,1.164E-02
2.38239E-03,2.604E-02
2.38248E-03,2.604E-02
2.38248E-03,3.724E-02
2.38257E-03,3.644E-02
2.38257E-03,4.364E-02
2.38266E-03,4.284E-02
2.38266E-03,4.524E-02
2.38274E-03,3.964E-02
2.38274E-03,4.524E-02
2.38283E-03,3.084E-02
2.38283E-03,4.044E-02
2.38292E-03,1.724E-02
2.38292E-03,3.084E-02
2.38301E-03,2.836E-03
2.38301E-03,1.804E-02
2.38310E-03,-1.236E-02
2.38310E-03,2.836E-03
2.38318E-03,-2.596E-02
2.38318E-03,-1.236E-02
2.38327E-03,-3.716E-02
2.38327E-03,-2.596E-02
2.38336E-03,-4.436E-02
2.38336E-03,-3.636E-02
2.38345E-03,-4.516E-02
2.38345E-03,-4.276E-02
2.38354E-03,-4.516E-02
2.38354E-03,-4.116E-02
2.38362E-03,-4.116E-02
2.38362E-03,-3.236E-02
2.38371E-03,-3.316E-02
2.38371E-03,-2.036E-02
2.38380E-03,-2.116E-02
2.38380E-03,-6.764E-03
2.38389E-03,-6.764E-03
2.38389E-03,8.436E-03
2.38398E-03,7.636E-03
2.38398E-03,2.124E-02
2.38406E-03,2.044E-02
2.38406E-03,3.084E-02
2.38415E-03,3.084E-02
2.38415E-03,3.724E-02
2.38424E-03,3.644E-02
2.38424E-03,3.964E-02
2.38433E-03,3.564E-02
2.38433E-03,3.964E-02
2.38442E-03,2.764E-02
2.38442E-03,3.644E-02
2.38450E-03,1.724E-02
2.38450E-03,2.844E-02
2.38459E-03,4.436E-03
2.38459E-03,1.724E-02
2.38468E-03,-8.364E-03
2.38468E-03,5.236E-03
2.38477E-03,-2.036E-02
2.38477E-03,-7.564E-03
2.38486E-03,-2.996E-02
2.38486E-03,-1.956E-02
2.38494E-03,-3.556E-02
2.38494E-03,-2.916E-02
2.38503E-03,-3.796E-02
2.38503E-03,-3.556E-02
2.38512E-03,-3.796E-02
2.38512E-03,-3.396E-02
2.38521E-03,-3.476E-02
2.38521E-03,-2.756E-02
2.38530E-03,-2.836E-02
2.38530E-03,-1.876E-02
2.38538E-03,-1.956E-02
2.38538E-03,-7.564E-03
2.38547E-03,-8.364E-03
2.38547E-03,4.436E-03
2.38556E-03,3.636E-03
2.38556E-03,1.404E-02
2.38565E-03,1.404E-02
2.38565E-03,2.364E-02
2.38574E-03,2.204E-02
2.38574E-03,2.844E-02
2.38582E-03,2.764E-02
2.38582E-03,3.004E-02
2.38591E-03,2.684E-02
2.38591E-03,3.004E-02
2.38600E-03,2.204E-02
2.38600E-03,2.764E-02
2.38609E-03,1.484E-02
2.38609E-03,2.284E-02
2.38618E-03,4.436E-03
2.38618E-03,1.484E-02
2.38626E-03,-4.364E-03
2.38626E-03,5.236E-03
2.38635E-03,-1.316E-02
2.38635E-03,-4.364E-03
2.38644E-03,-2.036E-02
2.38644E-03,-1.236E-02
2.38653E-03,-2.516E-02
2.38653E-03,-1.956E-02
2.38662E-03,-2.676E-02
2.38662E-03,-2.436E-02
2.38670E-03,-2.676E-02
2.38670E-03,-2.436E-02
2.38679E-03,-2.516E-02
2.38679E-03,-2.036E-02
2.38688E-03,-2.116E-02
2.38688E-03,-1.396E-02
2.38697E-03,-1.476E-02
2.38697E-03,-6.764E-03
2.38706E-03,-6.764E-03
2.38706E-03,1.236E-03
2.38714E-03,4.357E-04
2.38714E-03,8.436E-03
2.38723E-03,7.636E-03
2.38723E-03,1.404E-02
2.38732E-03,1.324E-02
2.38732E-03,1.804E-02
2.38741E-03,1.724E-02
2.38741E-03,1.964E-02
2.38750E-03,1.724E-02
2.38750E-03,1.884E-02
2.38758E-03,1.404E-02
2.38758E-03,1.804E-02
2.38767E-03,9.236E-03
2.38767E-03,1.484E-02
2.38776E-03,3.636E-03
2.38776E-03,1.004E-02
2.38785E-03,-1.964E-03
2.38785E-03,4.436E-03
2.38794E-03,-7.564E-03
2.38794E-03,-1.964E-03
2.38802E-03,-1.236E-02
2.38802E-03,-6.764E-03
2.38811E-03,-1.476E-02
2.38811E-03,-1.156E-02
2.38820E-03,-1.556E-02
2.38820E-03,-1.396E-02
2.38829E-03,-1.636E-02
2.38829E-03,-1.396E-02
2.38838E-03,-1.556E-02
2.38838E-03,-1.236E-02
2.38846E-03,-1.236E-02
2.38846E-03,-9.164E-03
2.38855E-03,-9.164E-03
2.38855E-03,-5.164E-03
2.38864E-03,-5.964E-03
2.38864E-03,-3.643E-04
2.38873E-03,-1.164E-03
2.38873E-03,2.836E-03
2.38882E-03,2.836E-03
2.38882E-03,6.836E-03
2.38890E-03,6.036E-03
2.38890E-03,8.436E-03
2.38899E-03,7.636E-03
2.38899E-03,1.004E-02
2.38908E-03,7.636E-03
2.38908E-03,9.236E-03
2.38917E-03,6.036E-03
2.38917E-03,9.236E-03
2.38926E-03,4.436E-03
2.38926E-03,6.836E-03
2.38934E-03,1.236E-03
2.38934E-03,4.436E-03
2.38943E-03,-1.964E-03
2.38943E-03,2.036E-03
2.38952E-03,-4.364E-03
2.38952E-03,-3.643E-04
2.38961E-03,-6.764E-03
2.38961E-03,-3.564E-03
2.38970E-03,-7.564E-03
2.38970E-03,-5.164E-03
2.38978E-03,-8.364E-03
2.38978E-03,-5.964E-03
2.38987E-03,-8.364E-03
2.38987E-03,-6.764E-03
2.38996E-03,-7.564E-03
2.38996E-03,-5.964E-03
2.39005E-03,-6.764E-03
2.39005E-03,-4.364E-03
2.39014E-03,-5.164E-03
2.39014E-03,-2.764E-03
2.39022E-03,-3.564E-03
2.39022E-03,-1.164E-03
2.39031E-03,-1.964E-03
2.39031E-03,4.357E-04
2.39040E-03,-3.643E-04
2.39040E-03,2.036E-03
2.39049E-03,-1.164E-03
2.39049E-03,4.436E-03
2.39058E-03,-3.643E-04
2.39058E-03,4.436E-03
2.39066E-03,1.236E-03
2.39066E-03,3.636E-03
2.39075E-03,1.236E-03
2.39075E-03,2.836E-03
2.39084E-03,4.357E-04
2.39084E-03,2.836E-03
2.39093E-03,-3.643E-04
2.39093E-03,1.236E-03
2.39102E-03,-1.964E-03
2.39102E-03,4.357E-04
2.39110E-03,-2.764E-03
2.39110E-03,-3.643E-04
2.39119E-03,-3.564E-03
2.39119E-03,-1.164E-03
2.39128E-03,-3.564E-03
2.39128E-03,-1.964E-03
2.39137E-03,-4.364E-03
2.39137E-03,-2.764E-03
2.39146E-03,-4.364E-03
2.39146E-03,-2.764E-03
2.39154E-03,-4.364E-03
2.39154E-03,-2.764E-03
2.39163E-03,-4.364E-03
2.39163E-03,-2.764E-03
2.39172E-03,-3.564E-03
2.39172E-03,-1.964E-03
2.39181E-03,-2.764E-03
2.39181E-03,-3.643E-04
2.39190E-03,-1.964E-03
2.39190E-03,4.357E-04
2.39198E-03,-1.164E-03
2.39198E-03,4.357E-04
2.39207E-03,-3.643E-04
2.39207E-03,1.236E-03
2.39216E-03,4.357E-04
2.39216E-03,2.036E-03
2.39225E-03,4.357E-04
2.39225E-03,2.836E-03
2.39234E-03,4.357E-04
2.39234E-03,2.836E-03
2.39242E-03,4.357E-04
2.39242E-03,2.036E-03
2.39251E-03,-3.643E-04
2.39251E-03,1.236E-03
2.39260E-03,-1.164E-03
2.39260E-03,1.236E-03
2.39269E-03,-1.964E-03
2.39269E-03,-3.643E-04
2.39278E-03,-3.564E-03
2.39278E-03,-1.164E-03
2.39286E-03,-4.364E-03
2.39286E-03,-2.764E-03
2.39295E-03,-5.164E-03
2.39295E-03,-3.564E-03
2.39304E-03,-5.964E-03
2.39304E-03,-4.364E-03
2.39313E-03,-5.964E-03
2.39313E-03,-4.364E-03
2.39322E-03,-5.964E-03
2.39322E-03,-4.364E-03
2.39330E-03,-5.164E-03
2.39330E-03,-3.564E-03
2.39339E-03,-4.364E-03
2.39339E-03,-1.164E-03
2.39348E-03,-2.764E-03
2.39348E-03,4.357E-04
2.39357E-03,-3.643E-04
2.39357E-03,2.036E-03
2.39366E-03,1.236E-03
2.39366E-03,3.636E-03
2.39374E-03,2.836E-03
2.39374E-03,5.236E-03
2.39383E-03,4.436E-03
2.39383E-03,6.036E-03
2.39392E-03,5.236E-03
2.39392E-03,6.836E-03
2.39401E-03,4.436E-03
2.39401E-03,6.836E-03
2.39410E-03,2.836E-03
2.39410E-03,5.236E-03
2.39418E-03,4.357E-04
2.39418E-03,2.836E-03
2.39427E-03,-2.764E-03
2.39427E-03,4.357E-04
2.39436E-03,-5.964E-03
2.39436E-03,-1.964E-03
2.39445E-03,-9.164E-03
2.39445E-03,-5.164E-03
2.39454E-03,-1.156E-02
2.39454E-03,-8.364E-03
2.39462E-03,-1.236E-02
2.39462E-03,-1.076E-02
2.39471E-03,-1.316E-02
2.39471E-03,-1.156E-02
2.39480E-03,-1.236E-02
2.39480E-03,-9.964E-03
2.39489E-03,-1.076E-02
2.39489E-03,-7.564E-03
2.39498E-03,-8.364E-03
2.39498E-03,-3.564E-03
2.39506E-03,-4.364E-03
2.39506E-03,1.236E-03
2.39515E-03,-3.643E-04
2.39515E-03,5.236E-03
2.39524E-03,4.436E-03
2.39524E-03,9.236E-03
2.39533E-03,8.436E-03
2.39533E-03,1.324E-02
2.39542E-03,1.164E-02
2.39542E-03,1.644E-02
2.39550E-03,1.244E-02
2.39550E-03,1.644E-02
2.39559E-03,1.164E-02
2.39559E-03,1.564E-02
2.39568E-03,8.436E-03
2.39568E-03,1.324E-02
2.39577E-03,2.836E-03
2.39577E-03,9.236E-03
2.39586E-03,-2.764E-03
2.39586E-03,3.636E-03
2.39594E-03,-9.964E-03
2.39594E-03,-2.764E-03
2.39603E-03,-1.556E-02
2.39603E-03,-9.164E-03
2.39612E-03,-2.036E-02
2.39612E-03,-1.396E-02
2.39621E-03,-2.196E-02
2.39621E-03,-1.956E-02
2.39630E-03,-2.276E-02
2.39630E-03,-2.116E-02
2.39638E-03,-2.276E-02
2.39638E-03,-1.876E-02
2.39647E-03,-1.956E-02
2.39647E-03,-1.396E-02
2.39656E-03,-1.476E-02
2.39656E-03,-7.564E-03
2.39665E-03,-8.364E-03
2.39665E-03,4.357E-04
2.39674E-03,-3.643E-04
2.39674E-03,8.436E-03
2.39682E-03,8.436E-03
2.39682E-03,1.644E-02
2.39691E-03,1.564E-02
2.39691E-03,2.204E-02
2.39700E-03,2.124E-02
2.39700E-03,2.524E-02
2.39709E-03,2.444E-02
2.39709E-03,2.604E-02
2.39718E-03,2.124E-02
2.39718E-03,2.524E-02
2.39726E-03,1.564E-02
2.39726E-03,2.204E-02
2.39735E-03,7.636E-03
2.39735E-03,1.644E-02
2.39744E-03,-1.964E-03
2.39744E-03,8.436E-03
2.39753E-03,-1.236E-02
2.39753E-03,-1.964E-03
2.39762E-03,-2.116E-02
2.39762E-03,-1.156E-02
2.39770E-03,-2.836E-02
2.39770E-03,-2.116E-02
2.39779E-03,-3.316E-02
2.39779E-03,-2.836E-02
2.39788E-03,-3.396E-02
2.39788E-03,-3.236E-02
2.39797E-03,-3.316E-02
2.39797E-03,-2.916E-02
2.39806E-03,-2.996E-02
2.39806E-03,-2.196E-02
2.39814E-03,-2.356E-02
2.39814E-03,-1.316E-02
2.39823E-03,-1.316E-02
2.39823E-03,-1.164E-03
2.39832E-03,-1.964E-03
2.39832E-03,1.084E-02
2.39841E-03,1.004E-02
2.39841E-03,2.204E-02
2.39850E-03,2.124E-02
2.39850E-03,3.004E-02
2.39858E-03,3.004E-02
2.39858E-03,3.564E-02
2.39867E-03,3.484E-02
2.39867E-03,3.644E-02
2.39876E-03,3.164E-02
2.39876E-03,3.564E-02
2.39885E-03,2.364E-02
2.39885E-03,3.244E-02
2.39894E-03,1.244E-02
2.39894E-03,2.444E-02
2.39902E-03,-3.643E-04
2.39902E-03,1.324E-02
2.39911E-03,-1.396E-02
2.39911E-03,4.357E-04
2.39920E-03,-2.596E-02
2.39920E-03,-1.316E-02
2.39929E-03,-3.556E-02
2.39929E-03,-2.516E-02
2.39938E-03,-4.116E-02
2.39938E-03,-3.476E-02
2.39946E-03,-4.356E-02
2.39946E-03,-4.036E-02
2.39955E-03,-4.276E-02
2.39955E-03,-3.796E-02
2.39964E-03,-3.876E-02
2.39964E-03,-2.996E-02
2.39973E-03,-3.076E-02
2.39973E-03,-1.796E-02
2.39982E-03,-1.876E-02
2.39982E-03,-3.564E-03
2.39990E-03,-4.364E-03
2.39990E-03,1.084E-02
2.39999E-03,1.004E-02
2.39999E-03,2.444E-02
2.40008E-03,2.364E-02
2.40008E-03,3.484E-02
2.40017E-03,3.484E-02
2.40017E-03,4.124E-02
2.40026E-03,4.124E-02
2.40026E-03,4.364E-02
2.40034E-03,3.804E-02
2.40034E-03,4.284E-02
2.40043E-03,3.004E-02
2.40043E-03,3.884E-02
2.40052E-03,1.724E-02
2.40052E-03,3.004E-02
2.40061E-03,3.636E-03
2.40061E-03,1.804E-02
2.40070E-03,-1.236E-02
2.40070E-03,3.636E-03
2.40078E-03,-2.756E-02
2.40078E-03,-1.236E-02
2.40087E-03,-3.796E-02
2.40087E-03,-2.676E-02
2.40096E-03,-4.596E-02
2.40096E-03,-3.796E-02
2.40105E-03,-4.836E-02
2.40105E-03,-4.516E-02
2.40114E-03,-4.756E-02
2.40114E-03,-4.356E-02
2.40122E-03,-4.436E-02
2.40122E-03,-3.556E-02
2.40131E-03,-3.556E-02
2.40131E-03,-2.276E-02
2.40140E-03,-2.276E-02
2.40140E-03,-6.764E-03
2.40149E-03,-6.764E-03
2.40149E-03,9.236E-03
2.40158E-03,7.636E-03
2.40158E-03,2.364E-02
2.40166E-03,2.284E-02
2.40166E-03,3.564E-02
2.40175E-03,3.564E-02
2.40175E-03,4.284E-02
2.40184E-03,4.284E-02
2.40184E-03,4.604E-02
2.40193E-03,4.204E-02
2.40193E-03,4.604E-02
2.40202E-03,3.324E-02
2.40202E-03,4.204E-02
2.40210E-03,2.124E-02
2.40210E-03,3.404E-02
2.40219E-03,6.036E-03
2.40219E-03,2.124E-02
2.40228E-03,-9.964E-03
2.40228E-03,6.036E-03
2.40237E-03,-2.516E-02
2.40237E-03,-9.964E-03
2.40246E-03,-3.716E-02
2.40246E-03,-2.436E-02
2.40254E-03,-4.436E-02
2.40254E-03,-3.636E-02
2.40263E-03,-4.756E-02
2.40263E-03,-4.356E-02
2.40272E-03,-4.756E-02
2.40272E-03,-4.356E-02
2.40281E-03,-4.436E-02
2.40281E-03,-3.556E-02
2.40290E-03,-3.636E-02
2.40290E-03,-2.436E-02
2.40298E-03,-2.436E-02
2.40298E-03,-9.164E-03
2.40307E-03,-9.964E-03
2.40307E-03,6.036E-03
2.40316E-03,5.236E-03
2.40316E-03,2.044E-02
2.40325E-03,1.964E-02
2.40325E-03,3.164E-02
2.40334E-03,3.164E-02
2.40334E-03,3.964E-02
2.40342E-03,3.884E-02
2.40342E-03,4.284E-02
2.40351E-03,3.964E-02
2.40351E-03,4.284E-02
2.40360E-03,3.244E-02
2.40360E-03,4.044E-02
2.40369E-03,2.124E-02
2.40369E-03,3.324E-02
2.40378E-03,8.436E-03
2.40378E-03,2.204E-02
2.40386E-03,-6.764E-03
2.40386E-03,9.236E-03
2.40395E-03,-2.036E-02
2.40395E-03,-5.964E-03
2.40404E-03,-3.076E-02
2.40404E-03,-1.956E-02
2.40413E-03,-3.876E-02
2.40413E-03,-3.076E-02
2.40422E-03,-4.196E-02
2.40422E-03,-3.796E-02
2.40430E-03,-4.196E-02
2.40430E-03,-3.876E-02
2.40439E-03,-3.956E-02
2.40439E-03,-3.316E-02
2.40448E-03,-3.316E-02
2.40448E-03,-2.356E-02
2.40457E-03,-2.356E-02
2.40457E-03,-1.076E-02
2.40466E-03,-1.076E-02
2.40466E-03,2.836E-03
2.40474E-03,2.036E-03
2.40474E-03,1.484E-02
2.40483E-03,1.404E-02
2.40483E-03,2.524E-02
2.40492E-03,2.364E-02
2.40492E-03,3.164E-02
2.40501E-03,3.164E-02
2.40501E-03,3.484E-02
2.40510E-03,3.244E-02
2.40510E-03,3.484E-02
2.40518E-03,2.764E-02
2.40518E-03,3.324E-02
2.40527E-03,1.884E-02
2.40527E-03,2.844E-02
2.40536E-03,7.636E-03
2.40536E-03,1.884E-02
2.40545E-03,-3.564E-03
2.40545E-03,1.004E-02
2.40554E-03,-1.476E-02
2.40554E-03,-2.764E-03
2.40562E-03,-2.356E-02
2.40562E-03,-1.396E-02
2.40571E-03,-2.916E-02
2.40571E-03,-2.276E-02
2.40580E-03,-3.236E-02
2.40580E-03,-2.836E-02
2.40589E-03,-3.236E-02
2.40589E-03,-2.996E-02
2.40598E-03,-3.156E-02
2.40598E-03,-2.596E-02
2.40606E-03,-2.756E-02
2.40606E-03,-1.876E-02
2.40615E-03,-1.956E-02
2.40615E-03,-9.964E-03
2.40624E-03,-1.076E-02
2.40624E-03,-3.643E-04
2.40633E-03,-1.164E-03
2.40633E-03,8.436E-03
2.40642E-03,8.436E-03
2.40642E-03,1.644E-02
2.40650E-03,1.644E-02
2.40650E-03,2.204E-02
2.40659E-03,2.124E-02
2.40659E-03,2.444E-02
2.40668E-03,2.284E-02
2.40668E-03,2.444E-02
2.40677E-03,1.964E-02
2.40677E-03,2.364E-02
2.40686E-03,1.404E-02
2.40686E-03,2.044E-02
2.40694E-03,6.036E-03
2.40694E-03,1.484E-02
2.40703E-03,-1.164E-03
2.40703E-03,6.836E-03
2.40712E-03,-8.364E-03
2.40712E-03,-3.643E-04
2.40721E-03,-1.476E-02
2.40721E-03,-8.364E-03
2.40730E-03,-1.956E-02
2.40730E-03,-1.396E-02
2.40738E-03,-2.116E-02
2.40738E-03,-1.876E-02
2.40747E-03,-2.116E-02
2.40747E-03,-1.956E-02
2.40756E-03,-2.036E-02
2.40756E-03,-1.716E-02
2.40765E-03,-1.796E-02
2.40765E-03,-1.236E-02
2.40774E-03,-1.396E-02
2.40774E-03,-7.564E-03
2.40782E-03,-8.364E-03
2.40782E-03,-1.164E-03
2.40791E-03,-1.964E-03
2.40791E-03,3.636E-03
2.40800E-03,3.636E-03
2.40800E-03,8.436E-03
2.40809E-03,8.436E-03
2.40809E-03,1.244E-02
2.40818E-03,1.084E-02
2.40818E-03,1.404E-02
2.40826E-03,1.244E-02
2.40826E-03,1.404E-02
2.40835E-03,1.084E-02
2.40835E-03,1.324E-02
2.40844E-03,7.636E-03
2.40844E-03,1.164E-02
2.40853E-03,3.636E-03
2.40853E-03,8.436E-03
2.40862E-03,-3.643E-04
2.40862E-03,4.436E-03
2.40870E-03,-4.364E-03
2.40870E-03,4.357E-04
2.40879E-03,-8.364E-03
2.40879E-03,-3.564E-03
2.40888E-03,-9.964E-03
2.40888E-03,-6.764E-03
2.40897E-03,-1.156E-02
2.40897E-03,-9.164E-03
2.40906E-03,-1.156E-02
2.40906E-03,-9.964E-03
2.40914E-03,-1.076E-02
2.40914E-03,-9.164E-03
2.40923E-03,-9.964E-03
2.40923E-03,-6.764E-03
2.40932E-03,-8.364E-03
2.40932E-03,-4.364E-03
2.40941E-03,-5.164E-03
2.40941E-03,-1.164E-03
2.40950E-03,-2.764E-03
2.40950E-03,1.236E-03
2.40958E-03,-3.643E-04
2.40958E-03,3.636E-03
2.40967E-03,2.036E-03
2.40967E-03,4.436E-03
2.40976E-03,3.636E-03
2.40976E-03,6.036E-03
2.40985E-03,4.436E-03
2.40985E-03,6.036E-03
2.40994E-03,3.636E-03
2.40994E-03,5.236E-03
2.41002E-03,2.036E-03
2.41002E-03,4.436E-03
2.41011E-03,4.357E-04
2.41011E-03,2.836E-03
2.41020E-03,-1.164E-03
2.41020E-03,2.036E-03
2.41029E-03,-3.564E-03
2.41029E-03,-3.643E-04
2.41038E-03,-5.164E-03
2.41038E-03,-3.643E-04
2.41046E-03,-5.164E-03
2.41046E-03,-2.764E-03
2.41055E-03,-5.964E-03
2.41055E-03,-3.564E-03
2.41064E-03,-5.964E-03
2.41064E-03,-4.364E-03
2.41073E-03,-5.164E-03
2.41073E-03,-3.564E-03
2.41082E-03,-5.164E-03
2.41082E-03,-3.564E-03
2.41090E-03,-4.364E-03
2.41090E-03,-1.964E-03
2.41099E-03,-3.564E-03
2.41099E-03,-1.164E-03
2.41108E-03,-1.964E-03
2.41108E-03,-3.643E-04
2.41117E-03,-1.164E-03
2.41117E-03,1.236E-03
2.41126E-03,-3.643E-04
2.41126E-03,2.036E-03
2.41134E-03,-3.643E-04
2.41134E-03,2.036E-03
2.41143E-03,4.357E-04
2.41143E-03,2.036E-03
2.41152E-03,4.357E-04
2.41152E-03,2.036E-03
2.41161E-03,-3.643E-04
2.41161E-03,2.036E-03
2.41170E-03,-3.643E-04
2.41170E-03,1.236E-03
2.41178E-03,-1.164E-03
2.41178E-03,4.357E-04
2.41187E-03,-1.964E-03
2.41187E-03,4.357E-04
2.41196E-03,-2.764E-03
2.41196E-03,-1.164E-03
2.41205E-03,-3.564E-03
2.41205E-03,-1.164E-03
2.41214E-03,-4.364E-03
2.41214E-03,-1.964E-03
2.41222E-03,-4.364E-03
2.41222E-03,-2.764E-03
2.41231E-03,-4.364E-03
2.41231E-03,-2.764E-03
2.41240E-03,-4.364E-03
2.41240E-03,-2.764E-03
2.41249E-03,-4.364E-03
2.41249E-03,-1.964E-03
2.41258E-03,-3.564E-03
2.41258E-03,-1.164E-03
2.41266E-03,-1.964E-03
2.41266E-03,-3.643E-04
2.41275E-03,-1.164E-03
2.41275E-03,4.357E-04
2.41284E-03,-3.643E-04
2.41284E-03,2.036E-03
2.41293E-03,1.236E-03
2.41293E-03,2.836E-03
2.41302E-03,2.036E-03
2.41302E-03,3.636E-03
2.41310E-03,2.036E-03
2.41310E-03,4.436E-03
2.41319E-03,2.036E-03
2.41319E-03,3.636E-03
2.41328E-03,1.236E-03
2.41328E-03,2.836E-03
2.41337E-03,-3.643E-04
2.41337E-03,2.036E-03
2.41346E-03,-2.764E-03
2.41346E-03,4.357E-04
2.41354E-03,-4.364E-03
2.41354E-03,-1.164E-03
2.41363E-03,-5.964E-03
2.41363E-03,-3.564E-03
2.41372E-03,-7.564E-03
2.41372E-03,-5.164E-03
2.41381E-03,-9.164E-03
2.41381E-03,-6.764E-03
2.41390E-03,-9.164E-03
2.41390E-03,-7.564E-03
2.41398E-03,-9.164E-03
2.41398E-03,-6.764E-03
2.41407E-03,-8.364E-03
2.41407E-03,-5.164E-03
2.41416E-03,-5.964E-03
2.41416E-03,-3.564E-03
2.41425E-03,-3.564E-03
2.41425E-03,-3.643E-04
2.41434E-03,-1.164E-03
2.41434E-03,2.836E-03
2.41442E-03,2.036E-03
2.41442E-03,6.036E-03
2.41451E-03,5.236E-03
2.41451E-03,8.436E-03
2.41460E-03,7.636E-03
2.41460E-03,1.004E-02
2.41469E-03,9.236E-03
2.41469E-03,1.084E-02
2.41478E-03,8.436E-03
2.41478E-03,1.004E-02
2.41486E-03,6.036E-03
2.41486E-03,9.236E-03
2.41495E-03,2.036E-03
2.41495E-03,6.836E-03
2.41504E-03,-1.964E-03
2.41504E-03,2.836E-03
2.41513E-03,-6.764E-03
2.41513E-03,-1.164E-03
2.41522E-03,-1.076E-02
2.41522E-03,-5.964E-03
2.41530E-03,-1.636E-02
2.41530E-03,-9.164E-03
2.41539E-03,-1.716E-02
2.41539E-03,-1.236E-02
2.41548E-03,-1.796E-02
2.41548E-03,-1.556E-02
2.41557E-03,-1.796E-02
2.41557E-03,-1.476E-02
2.41566E-03,-1.636E-02
2.41566E-03,-1.236E-02
2.41574E-03,-1.316E-02
2.41574E-03,-7.564E-03
2.41583E-03,-7.564E-03
2.41583E-03,-1.164E-03
2.41592E-03,-1.164E-03
2.41592E-03,6.036E-03
2.41601E-03,5.236E-03
2.41601E-03,1.164E-02
2.41610E-03,1.084E-02
2.41610E-03,1.644E-02
2.41618E-03,1.564E-02
2.41618E-03,1.964E-02
2.41627E-03,1.884E-02
2.41627E-03,2.044E-02
2.41636E-03,1.724E-02
2.41636E-03,2.044E-02
2.41645E-03,1.324E-02
2.41645E-03,1.884E-02
2.41654E-03,7.636E-03
2.41654E-03,1.404E-02
2.41662E-03,-3.643E-04
2.41662E-03,8.436E-03
2.41671E-03,-9.164E-03
2.41671E-03,-3.643E-04
2.41680E-03,-1.636E-02
2.41680E-03,-8.364E-03
2.41689E-03,-2.276E-02
2.41689E-03,-1.556E-02
2.41698E-03,-2.756E-02
2.41698E-03,-2.196E-02
2.41706E-03,-2.836E-02
2.41706E-03,-2.676E-02
2.41715E-03,-2.836E-02
2.41715E-03,-2.516E-02
2.41724E-03,-2.596E-02
2.41724E-03,-2.036E-02
2.41733E-03,-2.036E-02
2.41733E-03,-1.236E-02
2.41742E-03,-1.236E-02
2.41742E-03,-2.764E-03
2.41750E-03,-3.564E-03
2.41750E-03,7.636E-03
2.41759E-03,6.836E-03
2.41759E-03,1.644E-02
2.41768E-03,1.644E-02
2.41768E-03,2.444E-02
2.41777E-03,2.364E-02
2.41777E-03,2.924E-02
2.41786E-03,2.924E-02
2.41786E-03,3.164E-02
2.41794E-03,2.764E-02
2.41794E-03,3.164E-02
2.41803E-03,2.204E-02
2.41803E-03,2.924E-02
2.41812E-03,1.244E-02
2.41812E-03,2.284E-02
2.41821E-03,2.036E-03
2.41821E-03,1.324E-02
2.41830E-03,-9.964E-03
2.41830E-03,2.036E-03
2.41838E-03,-2.116E-02
2.41838E-03,-9.964E-03
2.41847E-03,-3.076E-02
2.41847E-03,-2.036E-02
2.41856E-03,-3.636E-02
2.41856E-03,-2.996E-02
2.41865E-03,-3.876E-02
2.41865E-03,-3.556E-02
2.41874E-03,-3.876E-02
2.41874E-03,-3.556E-02
2.41882E-03,-3.636E-02
2.41882E-03,-2.836E-02
2.41891E-03,-2.916E-02
2.41891E-03,-1.876E-02
2.41900E-03,-1.956E-02
2.41900E-03,-5.964E-03
2.41909E-03,-5.964E-03
2.41909E-03,7.636E-03
2.41918E-03,6.836E-03
2.41918E-03,2.044E-02
2.41926E-03,1.964E-02
2.41926E-03,3.084E-02
2.41935E-03,3.004E-02
2.41935E-03,3.804E-02
2.41944E-03,3.644E-02
2.41944E-03,4.044E-02
2.41953E-03,3.724E-02
2.41953E-03,4.044E-02
2.41962E-03,3.004E-02
2.41962E-03,3.804E-02
2.41970E-03,1.884E-02
2.41970E-03,3.084E-02
2.41979E-03,5.236E-03
2.41979E-03,1.884E-02
2.41988E-03,-9.164E-03
2.41988E-03,6.036E-03
2.41997E-03,-2.356E-02
2.41997E-03,-9.164E-03
2.42006E-03,-3.556E-02
2.42006E-03,-2.276E-02
2.42014E-03,-4.276E-02
2.42014E-03,-3.476E-02
2.42023E-03,-4.756E-02
2.42023E-03,-4.196E-02
2.42032E-03,-4.756E-02
2.42032E-03,-4.196E-02
2.42041E-03,-4.356E-02
2.42041E-03,-3.556E-02
2.42050E-03,-3.636E-02
2.42050E-03,-2.436E-02
2.42058E-03,-2.516E-02
2.42058E-03,-9.164E-03
2.42067E-03,-9.964E-03
2.42067E-03,5.236E-03
2.42076E-03,5.236E-03
2.42076E-03,2.124E-02
2.42085E-03,2.044E-02
2.42085E-03,3.324E-02
2.42094E-03,3.244E-02
2.42094E-03,4.124E-02
2.42102E-03,4.124E-02
2.42102E-03,4.524E-02
2.42111E-03,4.284E-02
2.42111E-03,4.524E-02
2.42120E-03,3.484E-02
2.42120E-03,4.284E-02
2.42129E-03,2.364E-02
2.42129E-03,3.564E-02
2.42138E-03,8.436E-03
2.42138E-03,2.364E-02
2.42146E-03,-7.564E-03
2.42146E-03,9.236E-03
2.42155E-03,-2.276E-02
2.42155E-03,-6.764E-03
2.42164E-03,-3.556E-02
2.42164E-03,-2.196E-02
2.42173E-03,-4.436E-02
2.42173E-03,-3.476E-02
2.42182E-03,-4.836E-02
2.42182E-03,-4.356E-02
2.42190E-03,-4.836E-02
2.42190E-03,-4.596E-02
2.42199E-03,-4.676E-02
2.42199E-03,-3.876E-02
2.42208E-03,-3.956E-02
2.42208E-03,-2.756E-02
2.42217E-03,-2.756E-02
2.42217E-03,-1.316E-02
2.42226E-03,-1.316E-02
2.42226E-03,3.636E-03
2.42234E-03,2.836E-03
2.42234E-03,1.884E-02
2.42243E-03,1.804E-02
2.42243E-03,3.164E-02
2.42252E-03,3.164E-02
2.42252E-03,4.044E-02
2.42261E-03,4.044E-02
2.42261E-03,4.444E-02
2.42270E-03,4.284E-02
2.42270E-03,4.524E-02
2.42278E-03,3.644E-02
2.42278E-03,4.364E-02
2.42287E-03,2.524E-02
2.42287E-03,3.644E-02
2.42296E-03,1.164E-02
2.42296E-03,2.604E-02
2.42305E-03,-4.364E-03
2.42305E-03,1.244E-02
2.42314E-03,-1.876E-02
2.42314E-03,-3.564E-03
2.42322E-03,-3.236E-02
2.42322E-03,-1.876E-02
2.42331E-03,-4.036E-02
2.42331E-03,-3.076E-02
2.42340E-03,-4.516E-02
2.42340E-03,-4.036E-02
2.42349E-03,-4.516E-02
2.42349E-03,-4.276E-02
2.42358E-03,-4.436E-02
2.42358E-03,-3.716E-02
2.42366E-03,-3.796E-02
2.42366E-03,-2.756E-02
2.42375E-03,-2.756E-02
2.42375E-03,-1.396E-02
2.42384E-03,-1.476E-02
2.42384E-03,4.357E-04
2.42393E-03,-3.643E-04
2.42393E-03,1.404E-02
2.42402E-03,1.404E-02
2.42402E-03,2.604E-02
2.42410E-03,2.524E-02
2.42410E-03,3.484E-02
2.42419E-03,3.404E-02
2.42419E-03,3.884E-02
2.42428E-03,3.724E-02
2.42428E-03,3.964E-02
2.42437E-03,3.244E-02
2.42437E-03,3.884E-02
2.42446E-03,2.364E-02
2.42446E-03,3.324E-02
2.42454E-03,1.244E-02
2.42454E-03,2.444E-02
2.42463E-03,-1.164E-03
2.42463E-03,1.244E-02
2.42472E-03,-1.396E-02
2.42472E-03,-1.164E-03
2.42481E-03,-2.516E-02
2.42481E-03,-1.316E-02
2.42490E-03,-3.316E-02
2.42490E-03,-2.436E-02
2.42498E-03,-3.716E-02
2.42498E-03,-3.236E-02
2.42507E-03,-3.796E-02
2.42507E-03,-3.556E-02
2.42516E-03,-3.716E-02
2.42516E-03,-3.156E-02
2.42525E-03,-3.236E-02
2.42525E-03,-2.356E-02
2.42534E-03,-2.516E-02
2.42534E-03,-1.396E-02
2.42542E-03,-1.396E-02
2.42542E-03,-1.964E-03
2.42551E-03,-2.764E-03
2.42551E-03,9.236E-03
2.42560E-03,9.236E-03
2.42560E-03,1.884E-02
2.42569E-03,1.804E-02
2.42569E-03,2.524E-02
2.42578E-03,2.524E-02
2.42578E-03,2.924E-02
2.42586E-03,2.844E-02
2.42586E-03,3.004E-02
2.42595E-03,2.444E-02
2.42595E-03,2.924E-02
2.42604E-03,1.884E-02
2.42604E-03,2.604E-02
2.42613E-03,1.004E-02
2.42613E-03,1.964E-02
2.42622E-03,4.357E-04
2.42622E-03,1.084E-02
2.42630E-03,-8.364E-03
2.42630E-03,1.236E-03
2.42639E-03,-1.716E-02
2.42639E-03,-8.364E-03
2.42648E-03,-2.276E-02
2.42648E-03,-1.636E-02
2.42657E-03,-2.596E-02
2.42657E-03,-2.196E-02
2.42666E-03,-2.676E-02
2.42666E-03,-2.516E-02
2.42674E-03,-2.676E-02
2.42674E-03,-2.276E-02
2.42683E-03,-2.356E-02
2.42683E-03,-1.716E-02
2.42692E-03,-1.876E-02
2.42692E-03,-1.076E-02
2.42701E-03,-1.156E-02
2.42701E-03,-3.564E-03
2.42710E-03,-3.564E-03
2.42710E-03,4.436E-03
2.42718E-03,3.636E-03
2.42718E-03,1.084E-02
2.42727E-03,1.004E-02
2.42727E-03,1.564E-02
2.42736E-03,1.564E-02
2.42736E-03,1.884E-02
2.42745E-03,1.724E-02
2.42745E-03,1.964E-02
2.42754E-03,1.564E-02
2.42754E-03,1.884E-02
2.42762E-03,1.244E-02
2.42762E-03,1.724E-02
2.42771E-03,6.836E-03
2.42771E-03,1.244E-02
2.42780E-03,4.357E-04
2.42780E-03,7.636E-03
2.42789E-03,-4.364E-03
2.42789E-03,2.036E-03
2.42798E-03,-9.964E-03
2.42798E-03,-4.364E-03
2.42806E-03,-1.396E-02
2.42806E-03,-9.164E-03
2.42815E-03,-1.636E-02
2.42815E-03,-1.316E-02
2.42824E-03,-1.636E-02
2.42824E-03,-1.476E-02
2.42833E-03,-1.556E-02
2.42833E-03,-1.396E-02
2.42842E-03,-1.396E-02
2.42842E-03,-1.076E-02
2.42850E-03,-1.076E-02
2.42850E-03,-6.764E-03
2.42859E-03,-7.564E-03
2.42859E-03,-2.764E-03
2.42868E-03,-3.564E-03
2.42868E-03,1.236E-03
2.42877E-03,4.357E-04
2.42877E-03,5.236E-03
2.42886E-03,4.436E-03
2.42886E-03,7.636E-03
2.42894E-03,6.036E-03
2.42894E-03,9.236E-03
2.42903E-03,7.636E-03
2.42903E-03,1.004E-02
2.42912E-03,6.836E-03
2.42912E-03,9.236E-03
2.42921E-03,5.236E-03
2.42921E-03,8.436E-03
2.42930E-03,2.836E-03
2.42930E-03,6.036E-03
2.42938E-03,-3.643E-04
2.42938E-03,3.636E-03
2.42947E-03,-2.764E-03
2.42947E-03,1.236E-03
2.42956E-03,-5.164E-03
2.42956E-03,-1.964E-03
2.42965E-03,-6.764E-03
2.42965E-03,-4.364E-03
2.42974E-03,-7.564E-03
2.42974E-03,-5.964E-03
2.42982E-03,-8.364E-03
2.42982E-03,-6.764E-03
2.42991E-03,-7.564E-03
2.42991E-03,-6.764E-03
2.43000E-03,-7.564E-03
2.43000E-03,-4.364E-03
2.43009E-03,-5.964E-03
2.43009E-03,-3.564E-03
2.43018E-03,-5.164E-03
2.43018E-03,-3.643E-04
2.43026E-03,-4.364E-03
2.43026E-03,4.357E-04
2.43035E-03,-1.964E-03
2.43035E-03,2.036E-03
2.43044E-03,4.357E-04
2.43044E-03,2.836E-03
2.43053E-03,1.236E-03
2.43053E-03,2.836E-03
2.43062E-03,1.236E-03
2.43062E-03,3.636E-03
2.43070E-03,1.236E-03
2.43070E-03,3.636E-03
2.43079E-03,1.236E-03
2.43079E-03,2.836E-03
2.43088E-03,4.357E-04
2.43088E-03,2.036E-03
2.43097E-03,-1.164E-03
2.43097E-03,1.236E-03
2.43106E-03,-1.964E-03
2.43106E-03,4.357E-04
2.43114E-03,-2.764E-03
2.43114E-03,-3.643E-04
2.43123E-03,-3.564E-03
2.43123E-03,-1.964E-03
2.43132E-03,-4.364E-03
2.43132E-03,-2.764E-03
2.43141E-03,-4.364E-03
2.43141E-03,-2.764E-03
2.43150E-03,-4.364E-03
2.43150E-03,-2.764E-03
2.43158E-03,-4.364E-03
2.43158E-03,-1.964E-03
2.43167E-03,-3.564E-03
2.43167E-03,-1.964E-03
2.43176E-03,-2.764E-03
2.43176E-03,-1.164E-03
2.43185E-03,-1.964E-03
2.43185E-03,-3.643E-04
2.43194E-03,-1.964E-03
2.43194E-03,4.357E-04
2.43202E-03,-3.643E-04
2.43202E-03,1.236E-03
2.43211E-03,4.357E-04
2.43211E-03,2.036E-03
2.43220E-03,4.357E-04
2.43220E-03,2.036E-03
2.43229E-03,4.357E-04
2.43229E-03,2.036E-03
2.43238E-03,4.357E-04
2.43238E-03,2.036E-03
2.43246E-03,4.357E-04
2.43246E-03,2.036E-03
2.43255E-03,-3.643E-04
2.43255E-03,1.236E-03
2.43264E-03,-1.964E-03
2.43264E-03,4.357E-04
2.43273E-03,-2.764E-03
2.43273E-03,-3.643E-04
2.43282E-03,-3.564E-03
2.43282E-03,-1.964E-03
2.43290E-03,-5.164E-03
2.43290E-03,-2.764E-03
2.43299E-03,-5.964E-03
2.43299E-03,-3.564E-03
2.43308E-03,-5.964E-03
2.43308E-03,-4.364E-03
2.43317E-03,-5.964E-03
2.43317E-03,-4.364E-03
2.43326E-03,-5.164E-03
2.43326E-03,-3.564E-03
2.43334E-03,-5.164E-03
2.43334E-03,-1.964E-03
2.43343E-03,-3.564E-03
2.43343E-03,-1.164E-03
2.43352E-03,-1.964E-03
2.43352E-03,1.236E-03
2.43361E-03,-3.643E-04
2.43361E-03,2.836E-03
2.43370E-03,2.036E-03
2.43370E-03,4.436E-03
2.43378E-03,3.636E-03
2.43378E-03,6.036E-03
2.43387E-03,5.236E-03
2.43387E-03,6.836E-03
2.43396E-03,5.236E-03
2.43396E-03,6.836E-03
2.43405E-03,3.636E-03
2.43405E-03,6.036E-03
2.43414E-03,1.236E-03
2.43414E-03,4.436E-03
2.43422E-03,-1.964E-03
2.43422E-03,2.036E-03
2.43431E-03,-4.364E-03
2.43431E-03,-3.643E-04
2.43440E-03,-6.764E-03
2.43440E-03,-3.564E-03
2.43449E-03,-9.964E-03
2.43449E-03,-6.764E-03
2.43458E-03,-1.236E-02
2.43458E-03,-9.164E-03
2.43466E-03,-1.316E-02
2.43466E-03,-1.076E-02
2.43475E-03,-1.316E-02
2.43475E-03,-1.076E-02
2.43484E-03,-1.156E-02
2.43484E-03,-9.164E-03
2.43493E-03,-9.964E-03
2.43493E-03,-5.964E-03
2.43502E-03,-6.764E-03
2.43502E-03,-1.964E-03
2.43510E-03,-2.764E-03
2.43510E-03,2.836E-03
2.43519E-03,1.236E-03
2.43519E-03,7.636E-03
2.43528E-03,6.036E-03
2.43528E-03,1.164E-02
2.43537E-03,1.004E-02
2.43537E-03,1.404E-02
2.43546E-03,1.324E-02
2.43546E-03,1.564E-02
2.43554E-03,1.324E-02
2.43554E-03,1.564E-02
2.43563E-03,1.084E-02
2.43563E-03,1.404E-02
2.43572E-03,6.036E-03
2.43572E-03,1.164E-02
2.43581E-03,4.357E-04
2.43581E-03,6.836E-03
2.43590E-03,-5.964E-03
2.43590E-03,1.236E-03
2.43598E-03,-1.236E-02
2.43598E-03,-5.164E-03
2.43607E-03,-1.716E-02
2.43607E-03,-1.156E-02
2.43616E-03,-2.116E-02
2.43616E-03,-1.716E-02
2.43625E-03,-2.276E-02
2.43625E-03,-2.036E-02
2.43634E-03,-2.276E-02
2.43634E-03,-2.036E-02
2.43642E-03,-2.116E-02
2.43642E-03,-1.716E-02
2.43651E-03,-1.796E-02
2.43651E-03,-1.076E-02
2.43660E-03,-1.156E-02
2.43660E-03,-4.364E-03
2.43669E-03,-5.164E-03
2.43669E-03,4.436E-03
2.43678E-03,3.636E-03
2.43678E-03,1.164E-02
2.43686E-03,1.164E-02
2.43686E-03,1.884E-02
2.43695E-03,1.804E-02
2.43695E-03,2.364E-02
2.43704E-03,2.284E-02
2.43704E-03,2.604E-02
2.43713E-03,2.364E-02
2.43713E-03,2.604E-02
2.43722E-03,1.964E-02
2.43722E-03,2.444E-02
2.43730E-03,1.244E-02
2.43730E-03,2.044E-02
2.43739E-03,3.636E-03
2.43739E-03,1.324E-02
2.43748E-03,-6.764E-03
2.43748E-03,3.636E-03
2.43757E-03,-1.636E-02
2.43757E-03,-5.964E-03
2.43766E-03,-2.516E-02
2.43766E-03,-1.556E-02
2.43774E-03,-3.156E-02
2.43774E-03,-2.436E-02
2.43783E-03,-3.396E-02
2.43783E-03,-3.076E-02
2.43792E-03,-3.396E-02
2.43792E-03,-3.156E-02
2.43801E-03,-3.236E-02
2.43801E-03,-2.676E-02
2.43810E-03,-2.756E-02
2.43810E-03,-1.796E-02
2.43818E-03,-1.876E-02
2.43818E-03,-7.564E-03
2.43827E-03,-8.364E-03
2.43827E-03,4.436E-03
2.43836E-03,3.636E-03
2.43836E-03,1.564E-02
2.43845E-03,1.564E-02
2.43845E-03,2.604E-02
2.43854E-03,2.524E-02
2.43854E-03,3.244E-02
2.43862E-03,3.164E-02
2.43862E-03,3.644E-02
2.43871E-03,3.324E-02
2.43871E-03,3.644E-02
2.43880E-03,2.844E-02
2.43880E-03,3.484E-02
2.43889E-03,1.884E-02
2.43889E-03,2.924E-02
2.43898E-03,6.836E-03
2.43898E-03,1.884E-02
2.43906E-03,-5.964E-03
2.43906E-03,7.636E-03
2.43915E-03,-1.956E-02
2.43915E-03,-5.964E-03
2.43924E-03,-3.076E-02
2.43924E-03,-1.876E-02
2.43933E-03,-3.876E-02
2.43933E-03,-2.996E-02
2.43942E-03,-4.276E-02
2.43942E-03,-3.796E-02
2.43950E-03,-4.356E-02
2.43950E-03,-4.036E-02
2.43959E-03,-4.116E-02
2.43959E-03,-3.476E-02
2.43968E-03,-3.556E-02
2.43968E-03,-2.436E-02
2.43977E-03,-2.516E-02
2.43977E-03,-1.156E-02
2.43986E-03,-1.156E-02
2.43986E-03,2.836E-03
2.43994E-03,2.036E-03
2.43994E-03,1.724E-02
2.44003E-03,1.644E-02
2.44003E-03,2.924E-02
2.44012E-03,2.844E-02
2.44012E-03,4.044E-02
2.44021E-03,3.804E-02
2.44021E-03,4.364E-02
2.44030E-03,4.124E-02
2.44030E-03,4.364E-02
2.44038E-03,3.564E-02
2.44038E-03,4.204E-02
2.44047E-03,2.524E-02
2.44047E-03,3.564E-02
2.44056E-03,1.164E-02
2.44056E-03,2.524E-02
2.44065E-03,-5.164E-03
2.44065E-03,1.244E-02
2.44074E-03,-1.956E-02
2.44074E-03,-3.564E-03
2.44082E-03,-3.316E-02
2.44082E-03,-1.876E-02
2.44091E-03,-4.196E-02
2.44091E-03,-3.236E-02
2.44100E-03,-4.756E-02
2.44100E-03,-4.196E-02
2.44109E-03,-4.836E-02
2.44109E-03,-4.596E-02
2.44118E-03,-4.676E-02
2.44118E-03,-4.036E-02
2.44126E-03,-4.036E-02
2.44126E-03,-2.996E-02
2.44135E-03,-2.996E-02
2.44135E-03,-1.556E-02
2.44144E-03,-1.556E-02
2.44144E-03,4.357E-04
2.44153E-03,-3.643E-04
2.44153E-03,1.564E-02
2.44162E-03,1.564E-02
2.44162E-03,2.924E-02
2.44170E-03,2.924E-02
2.44170E-03,3.964E-02
2.44179E-03,3.964E-02
2.44179E-03,4.524E-02
2.44188E-03,4.364E-02
2.44188E-03,4.604E-02
2.44197E-03,3.884E-02
2.44197E-03,4.524E-02
2.44206E-03,2.764E-02
2.44206E-03,3.884E-02
2.44214E-03,1.484E-02
2.44214E-03,2.924E-02
2.44223E-03,-1.164E-03
2.44223E-03,1.484E-02
2.44232E-03,-1.636E-02
2.44232E-03,-3.643E-04
2.44241E-03,-3.076E-02
2.44241E-03,-1.636E-02
2.44250E-03,-4.036E-02
2.44250E-03,-2.996E-02
2.44258E-03,-4.676E-02
2.44258E-03,-4.036E-02
2.44267E-03,-4.756E-02
2.44267E-03,-4.516E-02
2.44276E-03,-4.676E-02
2.44276E-03,-4.116E-02
2.44285E-03,-4.116E-02
2.44285E-03,-3.076E-02
2.44294E-03,-3.156E-02
2.44294E-03,-1.796E-02
2.44302E-03,-1.796E-02
2.44302E-03,-2.764E-03
2.44311E-03,-2.764E-03
2.44311E-03,1.324E-02
2.44320E-03,1.244E-02
2.44320E-03,2.604E-02
2.44329E-03,2.604E-02
2.44329E-03,3.644E-02
2.44338E-03,3.564E-02
2.44338E-03,4.204E-02
2.44346E-03,4.044E-02
2.44346E-03,4.284E-02
2.44355E-03,3.724E-02
2.44355E-03,4.204E-02
2.44364E-03,2.844E-02
2.44364E-03,3.724E-02
2.44373E-03,1.564E-02
2.44373E-03,2.844E-02
2.44382E-03,1.236E-03
2.44382E-03,1.644E-02
2.44390E-03,-1.316E-02
2.44390E-03,2.036E-03
2.44399E-03,-2.596E-02
2.44399E-03,-1.236E-02
2.44408E-03,-3.556E-02
2.44408E-03,-2.516E-02
2.44417E-03,-4.036E-02
2.44417E-03,-3.476E-02
2.44426E-03,-4.196E-02
2.44426E-03,-3.956E-02
2.44434E-03,-4.116E-02
2.44434E-03,-3.716E-02
2.44443E-03,-3.716E-02
2.44443E-03,-2.916E-02
2.44452E-03,-2.916E-02
2.44452E-03,-1.716E-02
2.44461E-03,-1.796E-02
2.44461E-03,-4.364E-03
2.44470E-03,-5.164E-03
2.44470E-03,8.436E-03
2.44478E-03,7.636E-03
2.44478E-03,1.964E-02
2.44487E-03,1.964E-02
2.44487E-03,2.924E-02
2.44496E-03,2.844E-02
2.44496E-03,3.404E-02
2.44505E-03,3.244E-02
2.44505E-03,3.644E-02
2.44514E-03,3.084E-02
2.44514E-03,3.564E-02
2.44522E-03,2.364E-02
2.44522E-03,3.164E-02
2.44531E-03,1.404E-02
2.44531E-03,2.364E-02
2.44540E-03,2.836E-03
2.44540E-03,1.484E-02
2.44549E-03,-8.364E-03
2.44549E-03,3.636E-03
2.44558E-03,-1.876E-02
2.44558E-03,-7.564E-03
2.44566E-03,-2.596E-02
2.44566E-03,-1.796E-02
2.44575E-03,-3.156E-02
2.44575E-03,-2.596E-02
2.44584E-03,-3.236E-02
2.44584E-03,-3.076E-02
2.44593E-03,-3.236E-02
2.44593E-03,-2.916E-02
2.44602E-03,-2.996E-02
2.44602E-03,-2.356E-02
2.44610E-03,-2.356E-02
2.44610E-03,-1.476E-02
2.44619E-03,-1.556E-02
2.44619E-03,-5.964E-03
2.44628E-03,-5.964E-03
2.44628E-03,4.436E-03
2.44637E-03,3.636E-03
2.44637E-03,1.244E-02
2.44646E-03,1.244E-02
2.44646E-03,1.884E-02
2.44654E-03,1.884E-02
2.44654E-03,2.364E-02
2.44663E-03,2.284E-02
2.44663E-03,2.444E-02
2.44672E-03,2.204E-02
2.44672E-03,2.444E-02
2.44681E-03,1.724E-02
2.44681E-03,2.204E-02
2.44690E-03,1.084E-02
2.44690E-03,1.804E-02
2.44698E-03,3.636E-03
2.44698E-03,1.164E-02
2.44707E-03,-4.364E-03
2.44707E-03,3.636E-03
2.44716E-03,-1.156E-02
2.44716E-03,-4.364E-03
2.44725E-03,-1.636E-02
2.44725E-03,-1.076E-02
2.44734E-03,-2.036E-02
2.44734E-03,-1.556E-02
2.44742E-03,-2.116E-02
2.44742E-03,-1.956E-02
2.44751E-03,-2.116E-02
2.44751E-03,-1.876E-02
2.44760E-03,-1.956E-02
2.44760E-03,-1.556E-02
2.44769E-03,-1.556E-02
2.44769E-03,-1.076E-02
2.44778E-03,-1.076E-02
2.44778E-03,-4.364E-03
2.44786E-03,-5.164E-03
2.44786E-03,1.236E-03
2.44795E-03,4.357E-04
2.44795E-03,6.036E-03
2.44804E-03,6.036E-03
2.44804E-03,1.084E-02
2.44813E-03,1.004E-02
2.44813E-03,1.324E-02
2.44822E-03,1.244E-02
2.44822E-03,1.404E-02
2.44830E-03,1.244E-02
2.44830E-03,1.404E-02
2.44839E-03,9.236E-03
2.44839E-03,1.244E-02
2.44848E-03,6.036E-03
2.44848E-03,1.004E-02
2.44857E-03,2.036E-03
2.44857E-03,6.836E-03
2.44866E-03,-2.764E-03
2.44866E-03,2.836E-03
2.44874E-03,-5.964E-03
2.44874E-03,-1.964E-03
2.44883E-03,-9.164E-03
2.44883E-03,-5.164E-03
2.44892E-03,-1.076E-02
2.44892E-03,-8.364E-03
2.44901E-03,-1.156E-02
2.44901E-03,-9.964E-03
2.44910E-03,-1.156E-02
2.44910E-03,-9.964E-03
2.44918E-03,-1.076E-02
2.44918E-03,-8.364E-03
2.44927E-03,-9.164E-03
2.44927E-03,-5.964E-03
2.44936E-03,-6.764E-03
2.44936E-03,-2.764E-03
2.44945E-03,-4.364E-03
2.44945E-03,-3.643E-04
2.44954E-03,-1.164E-03
2.44954E-03,2.036E-03
2.44962E-03,1.236E-03
2.44962E-03,4.436E-03
2.44971E-03,2.836E-03
2.44971E-03,5.236E-03
2.44980E-03,4.436E-03
2.44980E-03,6.036E-03
2.44989E-03,4.436E-03
2.44989E-03,6.036E-03
2.44998E-03,2.836E-03
2.44998E-03,5.236E-03
2.45006E-03,4.357E-04
2.45006E-03,5.236E-03
2.45015E-03,-3.643E-04
2.45015E-03,2.836E-03
2.45024E-03,-1.964E-03
2.45024E-03,1.236E-03
2.45033E-03,-3.564E-03
2.45033E-03,-3.643E-04
2.45042E-03,-4.364E-03
2.45042E-03,-1.964E-03
2.45050E-03,-5.164E-03
2.45050E-03,-3.564E-03
2.45059E-03,-5.964E-03
2.45059E-03,-3.564E-03
2.45068E-03,-5.164E-03
2.45068E-03,-4.364E-03
2.45077E-03,-5.164E-03
2.45077E-03,-3.564E-03
2.45086E-03,-4.364E-03
2.45086E-03,-2.764E-03
2.45094E-03,-3.564E-03
2.45094E-03,-1.964E-03
2.45103E-03,-2.764E-03
2.45103E-03,-3.643E-04
2.45112E-03,-1.964E-03
2.45112E-03,4.357E-04
2.45121E-03,-1.164E-03
2.45121E-03,1.236E-03
2.45130E-03,-3.643E-04
2.45130E-03,2.036E-03
2.45138E-03,4.357E-04
2.45138E-03,2.036E-03
2.45147E-03,4.357E-04
2.45147E-03,2.036E-03
2.45156E-03,4.357E-04
2.45156E-03,2.036E-03
2.45165E-03,-3.643E-04
2.45165E-03,2.036E-03
2.45174E-03,-3.643E-04
2.45174E-03,1.236E-03
2.45182E-03,-1.964E-03
2.45182E-03,4.357E-04
2.45191E-03,-2.764E-03
2.45191E-03,-3.643E-04
2.45200E-03,-2.764E-03
2.45200E-03,-1.164E-03
2.45209E-03,-3.564E-03
2.45209E-03,-1.964E-03
2.45218E-03,-4.364E-03
2.45218E-03,-2.764E-03
2.45226E-03,-4.364E-03
2.45226E-03,-2.764E-03
2.45235E-03,-4.364E-03
2.45235E-03,-2.764E-03
2.45244E-03,-4.364E-03
2.45244E-03,-2.764E-03
2.45253E-03,-4.364E-03
2.45253E-03,-1.164E-03
2.45262E-03,-2.764E-03
2.45262E-03,-1.164E-03
2.45270E-03,-1.964E-03
2.45270E-03,4.357E-04
2.45279E-03,-1.164E-03
2.45279E-03,2.036E-03
2.45288E-03,-3.643E-04
2.45288E-03,2.036E-03
2.45297E-03,1.236E-03
2.45297E-03,3.636E-03
2.45306E-03,2.036E-03
2.45306E-03,4.436E-03
2.45314E-03,2.036E-03
2.45314E-03,4.436E-03
2.45323E-03,2.036E-03
2.45323E-03,3.636E-03
2.45332E-03,4.357E-04
2.45332E-03,2.836E-03
2.45341E-03,-1.164E-03
2.45341E-03,1.236E-03
2.45350E-03,-3.564E-03
2.45350E-03,4.357E-04
2.45358E-03,-5.164E-03
2.45358E-03,-1.964E-03
2.45367E-03,-6.764E-03
2.45367E-03,-4.364E-03
2.45376E-03,-8.364E-03
2.45376E-03,-5.964E-03
2.45385E-03,-9.164E-03
2.45385E-03,-6.764E-03
2.45394E-03,-9.164E-03
2.45394E-03,-7.564E-03
2.45402E-03,-9.164E-03
2.45402E-03,-6.764E-03
2.45411E-03,-7.564E-03
2.45411E-03,-4.364E-03
2.45420E-03,-5.964E-03
2.45420E-03,-1.964E-03
2.45429E-03,-2.764E-03
2.45429E-03,1.236E-03
2.45438E-03,4.357E-04
2.45438E-03,4.436E-03
2.45446E-03,3.636E-03
2.45446E-03,6.836E-03
2.45455E-03,6.036E-03
2.45455E-03,9.236E-03
2.45464E-03,8.436E-03
2.45464E-03,1.004E-02
2.45473E-03,9.236E-03
2.45473E-03,1.004E-02
2.45482E-03,7.636E-03
2.45482E-03,1.004E-02
2.45490E-03,4.436E-03
2.45490E-03,7.636E-03
2.45499E-03,-1.164E-03
2.45499E-03,5.236E-03
2.45508E-03,-4.364E-03
2.45508E-03,2.036E-03
2.45517E-03,-8.364E-03
2.45517E-03,-3.564E-03
2.45526E-03,-1.236E-02
2.45526E-03,-7.564E-03
2.45534E-03,-1.556E-02
2.45534E-03,-1.156E-02
2.45543E-03,-1.716E-02
2.45543E-03,-1.396E-02
2.45552E-03,-1.796E-02
2.45552E-03,-1.556E-02
2.45561E-03,-1.716E-02
2.45561E-03,-1.396E-02
2.45570E-03,-1.476E-02
2.45570E-03,-9.964E-03
2.45578E-03,-1.076E-02
2.45578E-03,-4.364E-03
2.45587E-03,-5.164E-03
2.45587E-03,2.036E-03
2.45596E-03,1.236E-03
2.45596E-03,8.436E-03
2.45605E-03,7.636E-03
2.45605E-03,1.404E-02
2.45614E-03,1.324E-02
2.45614E-03,1.804E-02
2.45622E-03,1.724E-02
2.45622E-03,2.044E-02
2.45631E-03,1.884E-02
2.45631E-03,2.044E-02
2.45640E-03,1.564E-02
2.45640E-03,1.964E-02
2.45649E-03,1.084E-02
2.45649E-03,1.724E-02
2.45658E-03,3.636E-03
2.45658E-03,1.164E-02
2.45666E-03,-4.364E-03
2.45666E-03,4.436E-03
2.45675E-03,-1.236E-02
2.45675E-03,-3.564E-03
2.45684E-03,-1.956E-02
2.45684E-03,-1.156E-02
2.45693E-03,-2.516E-02
2.45693E-03,-1.876E-02
2.45702E-03,-2.836E-02
2.45702E-03,-2.436E-02
2.45710E-03,-2.836E-02
2.45710E-03,-2.676E-02
2.45719E-03,-2.756E-02
2.45719E-03,-2.356E-02
2.45728E-03,-2.356E-02
2.45728E-03,-1.716E-02
2.45737E-03,-1.716E-02
2.45737E-03,-8.364E-03
2.45746E-03,-8.364E-03
2.45746E-03,2.036E-03
2.45754E-03,1.236E-03
2.45754E-03,1.164E-02
2.45763E-03,1.084E-02
2.45763E-03,2.124E-02
2.45772E-03,2.044E-02
2.45772E-03,2.684E-02
2.45781E-03,2.684E-02
2.45781E-03,3.084E-02
2.45790E-03,3.004E-02
2.45790E-03,3.164E-02
2.45798E-03,2.604E-02
2.45798E-03,3.084E-02
2.45807E-03,1.804E-02
2.45807E-03,2.684E-02
2.45816E-03,7.636E-03
2.45816E-03,1.884E-02
2.45825E-03,-3.564E-03
2.45825E-03,9.236E-03
2.45834E-03,-1.556E-02
2.45834E-03,-2.764E-03
2.45842E-03,-2.596E-02
2.45842E-03,-1.476E-02
2.45851E-03,-3.396E-02
2.45851E-03,-2.516E-02
2.45860E-03,-3.796E-02
2.45860E-03,-3.316E-02
2.45869E-03,-3.876E-02
2.45869E-03,-3.636E-02
2.45878E-03,-3.796E-02
2.45878E-03,-3.316E-02
2.45886E-03,-3.396E-02
2.45886E-03,-2.436E-02
2.45895E-03,-2.516E-02
2.45895E-03,-1.316E-02
2.45904E-03,-1.396E-02
2.45904E-03,4.357E-04
2.45913E-03,-3.643E-04
2.45913E-03,1.324E-02
2.45922E-03,1.324E-02
2.45922E-03,2.524E-02
2.45930E-03,2.444E-02
2.45930E-03,3.404E-02
2.45939E-03,3.404E-02
2.45939E-03,3.964E-02
2.45948E-03,3.884E-02
2.45948E-03,4.044E-02
2.45957E-03,3.484E-02
2.45957E-03,3.964E-02
2.45966E-03,2.524E-02
2.45966E-03,3.564E-02
2.45974E-03,1.324E-02
2.45974E-03,2.604E-02
2.45983E-03,-1.164E-03
2.45983E-03,1.404E-02
2.45992E-03,-1.636E-02
2.45992E-03,-3.643E-04
2.46001E-03,-2.916E-02
2.46001E-03,-1.476E-02
2.46010E-03,-3.956E-02
2.46010E-03,-2.916E-02
2.46018E-03,-4.516E-02
2.46018E-03,-3.796E-02
2.46027E-03,-4.596E-02
2.46027E-03,-4.436E-02
2.46036E-03,-4.516E-02
2.46036E-03,-4.036E-02
2.46045E-03,-4.036E-02
2.46045E-03,-3.076E-02
2.46054E-03,-3.156E-02
2.46054E-03,-1.716E-02
2.46062E-03,-1.796E-02
2.46062E-03,-1.964E-03
2.46071E-03,-2.764E-03
2.46071E-03,1.244E-02
2.46080E-03,1.244E-02
2.46080E-03,2.764E-02
2.46089E-03,2.684E-02
2.46089E-03,3.804E-02
2.46098E-03,3.724E-02
2.46098E-03,4.364E-02
2.46106E-03,4.284E-02
2.46106E-03,4.524E-02
2.46115E-03,3.964E-02
2.46115E-03,4.524E-02
2.46124E-03,3.084E-02
2.46124E-03,4.044E-02
2.46133E-03,1.724E-02
2.46133E-03,3.084E-02
2.46142E-03,2.036E-03
2.46142E-03,1.804E-02
2.46150E-03,-1.476E-02
2.46150E-03,2.036E-03
2.46159E-03,-2.916E-02
2.46159E-03,-1.396E-02
2.46168E-03,-3.956E-02
2.46168E-03,-2.836E-02
2.46177E-03,-4.676E-02
2.46177E-03,-3.876E-02
2.46186E-03,-4.836E-02
2.46186E-03,-4.596E-02
2.46194E-03,-4.836E-02
2.46194E-03,-4.276E-02
2.46203E-03,-4.356E-02
2.46203E-03,-3.396E-02
2.46212E-03,-3.476E-02
2.46212E-03,-2.036E-02
2.46221E-03,-2.116E-02
2.46221E-03,-5.164E-03
2.46230E-03,-5.164E-03
2.46230E-03,1.004E-02
2.46238E-03,1.004E-02
2.46238E-03,2.524E-02
2.46247E-03,2.524E-02
2.46247E-03,3.644E-02
2.46256E-03,3.564E-02
2.46256E-03,4.364E-02
2.46265E-03,4.284E-02
2.46265E-03,4.524E-02
2.46274E-03,4.044E-02
2.46274E-03,4.524E-02
2.46282E-03,3.244E-02
2.46282E-03,4.124E-02
2.46291E-03,1.884E-02
2.46291E-03,3.244E-02
2.46300E-03,4.436E-03
2.46300E-03,1.964E-02
2.46309E-03,-1.076E-02
2.46309E-03,5.236E-03
2.46318E-03,-2.516E-02
2.46318E-03,-1.076E-02
2.46326E-03,-3.636E-02
2.46326E-03,-2.516E-02
2.46335E-03,-4.356E-02
2.46335E-03,-3.556E-02
2.46344E-03,-4.516E-02
2.46344E-03,-4.196E-02
2.46353E-03,-4.516E-02
2.46353E-03,-4.036E-02
2.46362E-03,-4.116E-02
2.46362E-03,-3.316E-02
2.46370E-03,-3.316E-02
2.46370E-03,-2.116E-02
2.46379E-03,-2.116E-02
2.46379E-03,-7.564E-03
2.46388E-03,-7.564E-03
2.46388E-03,6.836E-03
2.46397E-03,6.836E-03
2.46397E-03,2.044E-02
2.46406E-03,1.964E-02
2.46406E-03,3.004E-02
2.46414E-03,2.924E-02
2.46414E-03,3.724E-02
2.46423E-03,3.644E-02
2.46423E-03,3.964E-02
2.46432E-03,3.644E-02
2.46432E-03,3.964E-02
2.46441E-03,2.924E-02
2.46441E-03,3.644E-02
2.46450E-03,1.884E-02
2.46450E-03,3.004E-02
2.46458E-03,6.036E-03
2.46458E-03,1.964E-02
2.46467E-03,-6.764E-03
2.46467E-03,6.836E-03
2.46476E-03,-1.956E-02
2.46476E-03,-6.764E-03
2.46485E-03,-2.836E-02
2.46485E-03,-1.876E-02
2.46494E-03,-3.636E-02
2.46494E-03,-2.836E-02
2.46502E-03,-3.796E-02
2.46502E-03,-3.316E-02
2.46511E-03,-3.876E-02
2.46511E-03,-3.476E-02
2.46520E-03,-3.556E-02
2.46520E-03,-2.836E-02
2.46529E-03,-2.916E-02
2.46529E-03,-1.956E-02
2.46538E-03,-2.036E-02
2.46538E-03,-8.364E-03
2.46546E-03,-8.364E-03
2.46546E-03,3.636E-03
2.46555E-03,2.836E-03
2.46555E-03,1.404E-02
2.46564E-03,1.404E-02
2.46564E-03,2.204E-02
2.46573E-03,2.124E-02
2.46573E-03,2.764E-02
2.46582E-03,2.684E-02
2.46582E-03,3.004E-02
2.46590E-03,2.764E-02
2.46590E-03,3.004E-02
2.46599E-03,2.204E-02
2.46599E-03,2.844E-02
2.46608E-03,1.484E-02
2.46608E-03,2.284E-02
2.46617E-03,6.036E-03
2.46617E-03,1.564E-02
2.46626E-03,-3.564E-03
2.46626E-03,6.036E-03
2.46634E-03,-1.316E-02
2.46634E-03,-3.564E-03
2.46643E-03,-1.956E-02
2.46643E-03,-1.236E-02
2.46652E-03,-2.516E-02
2.46652E-03,-1.876E-02
2.46661E-03,-2.676E-02
2.46661E-03,-2.436E-02
2.46670E-03,-2.756E-02
2.46670E-03,-2.436E-02
2.46678E-03,-2.516E-02
2.46678E-03,-2.116E-02
2.46687E-03,-2.116E-02
2.46687E-03,-1.396E-02
2.46696E-03,-1.556E-02
2.46696E-03,-7.564E-03
2.46705E-03,-7.564E-03
2.46705E-03,4.357E-04
2.46714E-03,-3.643E-04
2.46714E-03,7.636E-03
2.46722E-03,6.836E-03
2.46722E-03,1.324E-02
2.46731E-03,1.324E-02
2.46731E-03,1.724E-02
2.46740E-03,1.644E-02
2.46740E-03,1.884E-02
2.46749E-03,1.724E-02
2.46749E-03,1.964E-02
2.46758E-03,1.404E-02
2.46758E-03,1.804E-02
2.46766E-03,1.004E-02
2.46766E-03,1.564E-02
2.46775E-03,4.436E-03
2.46775E-03,1.084E-02
2.46784E-03,-1.964E-03
2.46784E-03,5.236E-03
2.46793E-03,-7.564E-03
2.46793E-03,-1.164E-03
2.46802E-03,-1.156E-02
2.46802E-03,-6.764E-03
2.46810E-03,-1.476E-02
2.46810E-03,-1.076E-02
2.46819E-03,-1.636E-02
2.46819E-03,-1.396E-02
2.46828E-03,-1.636E-02
2.46828E-03,-1.396E-02
2.46837E-03,-1.556E-02
2.46837E-03,-1.236E-02
2.46846E-03,-1.316E-02
2.46846E-03,-9.164E-03
2.46854E-03,-9.964E-03
2.46854E-03,-5.164E-03
2.46863E-03,-5.964E-03
2.46863E-03,-3.643E-04
2.46872E-03,-1.964E-03
2.46872E-03,3.636E-03
2.46881E-03,2.036E-03
2.46881E-03,6.036E-03
2.46890E-03,5.236E-03
2.46890E-03,8.436E-03
2.46898E-03,7.636E-03
2.46898E-03,9.236E-03
2.46907E-03,7.636E-03
2.46907E-03,9.236E-03
2.46916E-03,6.836E-03
2.46916E-03,9.236E-03
2.46925E-03,4.436E-03
2.46925E-03,6.836E-03
2.46934E-03,1.236E-03
2.46934E-03,4.436E-03
2.46942E-03,-1.164E-03
2.46942E-03,2.036E-03
2.46951E-03,-3.564E-03
2.46951E-03,-3.643E-04
2.46960E-03,-5.964E-03
2.46960E-03,-3.564E-03
2.46969E-03,-7.564E-03
2.46969E-03,-5.164E-03
2.46978E-03,-8.364E-03
2.46978E-03,-5.964E-03
2.46986E-03,-9.164E-03
2.46986E-03,-5.164E-03
2.46995E-03,-9.164E-03
2.46995E-03,-5.164E-03
2.47004E-03,-7.564E-03
2.47004E-03,-4.364E-03
2.47013E-03,-5.964E-03
2.47013E-03,-2.764E-03
2.47022E-03,-4.364E-03
2.47022E-03,-1.164E-03
2.47030E-03,-1.964E-03
2.47030E-03,4.357E-04
2.47039E-03,-3.643E-04
2.47039E-03,2.036E-03
2.47048E-03,4.357E-04
2.47048E-03,2.836E-03
2.47057E-03,1.236E-03
2.47057E-03,2.836E-03
2.47066E-03,1.236E-03
2.47066E-03,3.636E-03
2.47074E-03,1.236E-03
2.47074E-03,3.636E-03
2.47083E-03,4.357E-04
2.47083E-03,2.036E-03
2.47092E-03,-3.643E-04
2.47092E-03,2.036E-03
2.47101E-03,-1.964E-03
2.47101E-03,1.236E-03
2.47110E-03,-2.764E-03
2.47110E-03,-3.643E-04
2.47118E-03,-3.564E-03
2.47118E-03,-1.164E-03
2.47127E-03,-3.564E-03
2.47127E-03,-1.964E-03
2.47136E-03,-4.364E-03
2.47136E-03,-2.764E-03
2.47145E-03,-4.364E-03
2.47145E-03,-2.764E-03
2.47154E-03,-4.364E-03
2.47154E-03,-2.764E-03
2.47162E-03,-4.364E-03
2.47162E-03,-2.764E-03
2.47171E-03,-3.564E-03
2.47171E-03,-1.964E-03
2.47180E-03,-3.564E-03
2.47180E-03,-1.164E-03
2.47189E-03,-1.964E-03
2.47189E-03,4.357E-04
2.47198E-03,-1.164E-03
2.47198E-03,4.357E-04
2.47206E-03,-1.164E-03
2.47206E-03,1.236E-03
2.47215E-03,-3.643E-04
2.47215E-03,2.036E-03
2.47224E-03,4.357E-04
2.47224E-03,2.036E-03
2.47233E-03,4.357E-04
2.47233E-03,2.036E-03
2.47242E-03,4.357E-04
2.47242E-03,2.036E-03
2.47250E-03,-3.643E-04
2.47250E-03,2.036E-03
2.47259E-03,-1.964E-03
2.47259E-03,1.236E-03
2.47268E-03,-2.764E-03
2.47268E-03,4.357E-04
2.47277E-03,-3.564E-03
2.47277E-03,-1.164E-03
2.47286E-03,-5.164E-03
2.47286E-03,-2.764E-03
2.47294E-03,-5.964E-03
2.47294E-03,-3.564E-03
2.47303E-03,-6.764E-03
2.47303E-03,-4.364E-03
2.47312E-03,-5.964E-03
2.47312E-03,-5.164E-03
2.47321E-03,-5.964E-03
2.47321E-03,-4.364E-03
2.47330E-03,-5.164E-03
2.47330E-03,-3.564E-03
2.47338E-03,-4.364E-03
2.47338E-03,-1.964E-03
2.47347E-03,-2.764E-03
2.47347E-03,-3.643E-04
2.47356E-03,-1.164E-03
2.47356E-03,2.036E-03
2.47365E-03,4.357E-04
2.47365E-03,3.636E-03
2.47374E-03,2.836E-03
2.47374E-03,5.236E-03
2.47382E-03,4.436E-03
2.47382E-03,6.036E-03
2.47391E-03,4.436E-03
2.47391E-03,6.836E-03
2.47400E-03,4.436E-03
2.47400E-03,6.036E-03
2.47409E-03,2.036E-03
2.47409E-03,5.236E-03
2.47418E-03,4.357E-04
2.47418E-03,3.636E-03
2.47426E-03,-2.764E-03
2.47426E-03,1.236E-03
2.47435E-03,-5.964E-03
2.47435E-03,-1.964E-03
2.47444E-03,-8.364E-03
2.47444E-03,-5.164E-03
2.47453E-03,-1.076E-02
2.47453E-03,-7.564E-03
2.47462E-03,-1.236E-02
2.47462E-03,-9.964E-03
2.47470E-03,-1.316E-02
2.47470E-03,-1.156E-02
2.47479E-03,-1.236E-02
2.47479E-03,-9.964E-03
2.47488E-03,-1.156E-02
2.47488E-03,-7.564E-03
2.47497E-03,-9.164E-03
2.47497E-03,-3.564E-03
2.47506E-03,-4.364E-03
2.47506E-03,4.357E-04
2.47514E-03,-3.643E-04
2.47514E-03,5.236E-03
2.47523E-03,4.436E-03
2.47523E-03,9.236E-03
2.47532E-03,8.436E-03
2.47532E-03,1.244E-02
2.47541E-03,1.164E-02
2.47541E-03,1.484E-02
2.47550E-03,1.404E-02
2.47550E-03,1.564E-02
2.47558E-03,1.244E-02
2.47558E-03,1.564E-02
2.47567E-03,8.436E-03
2.47567E-03,1.324E-02
2.47576E-03,3.636E-03
2.47576E-03,9.236E-03
2.47585E-03,-2.764E-03
2.47585E-03,4.436E-03
2.47594E-03,-8.364E-03
2.47594E-03,-1.964E-03
2.47602E-03,-1.476E-02
2.47602E-03,-8.364E-03
2.47611E-03,-1.956E-02
2.47611E-03,-1.396E-02
2.47620E-03,-2.196E-02
2.47620E-03,-1.876E-02
2.47629E-03,-2.276E-02
2.47629E-03,-2.116E-02
2.47638E-03,-2.196E-02
2.47638E-03,-1.876E-02
2.47646E-03,-2.036E-02
2.47646E-03,-1.476E-02
2.47655E-03,-1.556E-02
2.47655E-03,-8.364E-03
2.47664E-03,-8.364E-03
2.47664E-03,-3.643E-04
2.47673E-03,-3.643E-04
2.47673E-03,7.636E-03
2.47682E-03,7.636E-03
2.47682E-03,1.564E-02
2.47690E-03,1.484E-02
2.47690E-03,2.204E-02
2.47699E-03,2.124E-02
2.47699E-03,2.524E-02
2.47708E-03,2.444E-02
2.47708E-03,2.684E-02
2.47717E-03,2.204E-02
2.47717E-03,2.604E-02
2.47726E-03,1.644E-02
2.47726E-03,2.364E-02
2.47734E-03,8.436E-03
2.47734E-03,1.724E-02
2.47743E-03,-1.964E-03
2.47743E-03,9.236E-03
2.47752E-03,-1.076E-02
2.47752E-03,-1.164E-03
2.47761E-03,-2.036E-02
2.47761E-03,-1.076E-02
2.47770E-03,-2.836E-02
2.47770E-03,-1.956E-02
2.47778E-03,-3.316E-02
2.47778E-03,-2.756E-02
2.47787E-03,-3.396E-02
2.47787E-03,-3.156E-02
2.47796E-03,-3.396E-02
2.47796E-03,-2.916E-02
2.47805E-03,-3.076E-02
2.47805E-03,-2.276E-02
2.47814E-03,-2.356E-02
2.47814E-03,-1.316E-02
2.47822E-03,-1.476E-02
2.47822E-03,-1.964E-03
2.47831E-03,-2.764E-03
2.47831E-03,1.004E-02
2.47840E-03,9.236E-03
2.47840E-03,2.044E-02
2.47849E-03,2.044E-02
2.47849E-03,2.924E-02
2.47858E-03,2.924E-02
2.47858E-03,3.484E-02
2.47866E-03,3.404E-02
2.47866E-03,3.644E-02
2.47875E-03,3.164E-02
2.47875E-03,3.644E-02
2.47884E-03,2.444E-02
2.47884E-03,3.324E-02
2.47893E-03,1.484E-02
2.47893E-03,2.524E-02
2.47902E-03,1.236E-03
2.47902E-03,1.484E-02
2.47910E-03,-1.236E-02
2.47910E-03,2.036E-03
2.47919E-03,-2.436E-02
2.47919E-03,-1.236E-02
2.47928E-03,-3.476E-02
2.47928E-03,-2.436E-02
2.47937E-03,-4.116E-02
2.47937E-03,-3.396E-02
2.47946E-03,-4.276E-02
2.47946E-03,-4.036E-02
2.47954E-03,-4.276E-02
2.47954E-03,-3.876E-02
2.47963E-03,-3.956E-02
2.47963E-03,-3.076E-02
2.47972E-03,-3.156E-02
2.47972E-03,-1.956E-02
2.47981E-03,-1.956E-02
2.47981E-03,-4.364E-03
2.47990E-03,-5.964E-03
2.47990E-03,9.236E-03
2.47998E-03,8.436E-03
2.47998E-03,2.364E-02
2.48007E-03,2.364E-02
2.48007E-03,3.404E-02
2.48016E-03,3.404E-02
2.48016E-03,4.124E-02
2.48025E-03,4.044E-02
2.48025E-03,4.364E-02
2.48034E-03,3.964E-02
2.48034E-03,4.364E-02
2.48042E-03,3.084E-02
2.48042E-03,4.044E-02
2.48051E-03,1.964E-02
2.48051E-03,3.164E-02
2.48060E-03,4.436E-03
2.48060E-03,1.964E-02
2.48069E-03,-1.076E-02
2.48069E-03,5.236E-03
2.48078E-03,-2.596E-02
2.48078E-03,-1.076E-02
2.48086E-03,-3.796E-02
2.48086E-03,-2.596E-02
2.48095E-03,-4.516E-02
2.48095E-03,-3.716E-02
2.48104E-03,-4.836E-02
2.48104E-03,-4.436E-02
2.48113E-03,-4.836E-02
2.48113E-03,-4.356E-02
2.48122E-03,-4.436E-02
2.48122E-03,-3.556E-02
2.48130E-03,-3.636E-02
2.48130E-03,-2.436E-02
2.48139E-03,-2.436E-02
2.48139E-03,-8.364E-03
2.48148E-03,-9.164E-03
2.48148E-03,7.636E-03
2.48157E-03,6.836E-03
2.48157E-03,2.284E-02
2.48166E-03,2.204E-02
2.48166E-03,3.484E-02
2.48174E-03,3.484E-02
2.48174E-03,4.284E-02
2.48183E-03,4.204E-02
2.48183E-03,4.604E-02
2.48192E-03,4.204E-02
2.48192E-03,4.604E-02
2.48201E-03,3.484E-02
2.48201E-03,4.364E-02
2.48210E-03,2.284E-02
2.48210E-03,3.564E-02
2.48218E-03,7.636E-03
2.48218E-03,2.284E-02
2.48227E-03,-7.564E-03
2.48227E-03,7.636E-03
2.48236E-03,-2.356E-02
2.48236E-03,-7.564E-03
2.48245E-03,-3.556E-02
2.48245E-03,-2.276E-02
2.48254E-03,-4.436E-02
2.48254E-03,-3.556E-02
2.48262E-03,-4.756E-02
2.48262E-03,-4.356E-02
2.48271E-03,-4.756E-02
2.48271E-03,-4.356E-02
2.48280E-03,-4.516E-02
2.48280E-03,-3.636E-02
2.48289E-03,-3.716E-02
2.48289E-03,-2.436E-02
2.48298E-03,-2.516E-02
2.48298E-03,-1.076E-02
2.48306E-03,-1.156E-02
2.48306E-03,4.436E-03
2.48315E-03,3.636E-03
2.48315E-03,1.884E-02
2.48324E-03,1.884E-02
2.48324E-03,3.084E-02
2.48333E-03,3.084E-02
2.48333E-03,3.884E-02
2.48342E-03,3.884E-02
2.48342E-03,4.284E-02
2.48350E-03,4.044E-02
2.48350E-03,4.284E-02
2.48359E-03,3.324E-02
2.48359E-03,4.044E-02
2.48368E-03,2.284E-02
2.48368E-03,3.404E-02
2.48377E-03,9.236E-03
2.48377E-03,2.284E-02
2.48386E-03,-5.164E-03
2.48386E-03,1.004E-02
2.48394E-03,-1.876E-02
2.48394E-03,-4.364E-03
2.48403E-03,-2.996E-02
2.48403E-03,-1.876E-02
2.48412E-03,-3.796E-02
2.48412E-03,-2.996E-02
2.48421E-03,-4.116E-02
2.48421E-03,-3.796E-02
2.48430E-03,-4.196E-02
2.48430E-03,-3.876E-02
2.48438E-03,-3.956E-02
2.48438E-03,-3.316E-02
2.48447E-03,-3.396E-02
2.48447E-03,-2.356E-02
2.48456E-03,-2.436E-02
2.48456E-03,-1.156E-02
2.48465E-03,-1.236E-02
2.48465E-03,1.236E-03
2.48474E-03,4.357E-04
2.48474E-03,1.324E-02
2.48482E-03,1.244E-02
2.48482E-03,2.524E-02
2.48491E-03,2.364E-02
2.48491E-03,3.164E-02
2.48500E-03,3.084E-02
2.48500E-03,3.484E-02
2.48509E-03,3.244E-02
2.48509E-03,3.564E-02
2.48518E-03,2.844E-02
2.48518E-03,3.404E-02
2.48526E-03,1.964E-02
2.48526E-03,2.924E-02
2.48535E-03,9.236E-03
2.48535E-03,2.044E-02
2.48544E-03,-1.964E-03
2.48544E-03,1.004E-02
2.48553E-03,-1.316E-02
2.48553E-03,-1.164E-03
2.48562E-03,-2.276E-02
2.48562E-03,-1.236E-02
2.48570E-03,-2.916E-02
2.48570E-03,-2.196E-02
2.48579E-03,-3.236E-02
2.48579E-03,-2.836E-02
2.48588E-03,-3.236E-02
2.48588E-03,-2.996E-02
2.48597E-03,-3.156E-02
2.48597E-03,-2.596E-02
2.48606E-03,-2.676E-02
2.48606E-03,-1.956E-02
2.48614E-03,-2.036E-02
2.48614E-03,-1.076E-02
2.48623E-03,-1.076E-02
2.48623E-03,-1.164E-03
2.48632E-03,-1.964E-03
2.48632E-03,8.436E-03
2.48641E-03,7.636E-03
2.48641E-03,1.644E-02
2.48650E-03,1.564E-02
2.48650E-03,2.124E-02
2.48658E-03,2.124E-02
2.48658E-03,2.444E-02
2.48667E-03,2.284E-02
2.48667E-03,2.444E-02
2.48676E-03,1.964E-02
2.48676E-03,2.364E-02
2.48685E-03,1.404E-02
2.48685E-03,2.044E-02
2.48694E-03,6.836E-03
2.48694E-03,1.484E-02
2.48702E-03,-3.643E-04
2.48702E-03,7.636E-03
2.48711E-03,-8.364E-03
2.48711E-03,4.357E-04
2.48720E-03,-1.396E-02
2.48720E-03,-7.564E-03
2.48729E-03,-1.876E-02
2.48729E-03,-1.396E-02
2.48738E-03,-2.116E-02
2.48738E-03,-1.796E-02
2.48746E-03,-2.196E-02
2.48746E-03,-2.036E-02
2.48755E-03,-2.036E-02
2.48755E-03,-1.716E-02
2.48764E-03,-1.876E-02
2.48764E-03,-1.316E-02
2.48773E-03,-1.396E-02
2.48773E-03,-7.564E-03
2.48782E-03,-9.164E-03
2.48782E-03,-1.964E-03
2.48790E-03,-2.764E-03
2.48790E-03,3.636E-03
2.48799E-03,2.836E-03
2.48799E-03,8.436E-03
2.48808E-03,7.636E-03
2.48808E-03,1.164E-02
2.48817E-03,1.084E-02
2.48817E-03,1.404E-02
2.48826E-03,1.244E-02
2.48826E-03,1.404E-02
2.48834E-03,1.084E-02
2.48834E-03,1.324E-02
2.48843E-03,7.636E-03
2.48843E-03,1.164E-02
2.48852E-03,3.636E-03
2.48852E-03,8.436E-03
2.48861E-03,-3.643E-04
2.48861E-03,4.436E-03
2.48870E-03,-4.364E-03
2.48870E-03,4.357E-04
2.48878E-03,-8.364E-03
2.48878E-03,-3.564E-03
2.48887E-03,-9.964E-03
2.48887E-03,-6.764E-03
2.48896E-03,-1.156E-02
2.48896E-03,-9.164E-03
2.48905E-03,-1.236E-02
2.48905E-03,-1.076E-02
2.48914E-03,-1.156E-02
2.48914E-03,-9.164E-03
2.48922E-03,-9.964E-03
2.48922E-03,-7.564E-03
2.48931E-03,-8.364E-03
2.48931E-03,-4.364E-03
2.48940E-03,-5.164E-03
2.48940E-03,-1.964E-03
2.48949E-03,-2.764E-03
2.48949E-03,4.357E-04
2.48958E-03,-3.643E-04
2.48958E-03,2.836E-03
2.48966E-03,2.036E-03
2.48966E-03,4.436E-03
2.48975E-03,2.036E-03
2.48975E-03,6.836E-03
2.48984E-03,3.636E-03
2.48984E-03,6.836E-03
2.48993E-03,3.636E-03
2.48993E-03,6.036E-03
2.49002E-03,2.036E-03
2.49002E-03,5.236E-03
2.49010E-03,4.357E-04
2.49010E-03,3.636E-03
2.49019E-03,-1.164E-03
2.49019E-03,2.036E-03
2.49028E-03,-2.764E-03
2.49028E-03,-3.643E-04
2.49037E-03,-4.364E-03
2.49037E-03,-1.964E-03
2.49046E-03,-5.164E-03
2.49046E-03,-2.764E-03
2.49054E-03,-5.964E-03
2.49054E-03,-3.564E-03
2.49063E-03,-5.964E-03
2.49063E-03,-4.364E-03
2.49072E-03,-5.164E-03
2.49072E-03,-3.564E-03
2.49081E-03,-5.164E-03
2.49081E-03,-2.764E-03
2.49090E-03,-4.364E-03
2.49090E-03,-1.964E-03
2.49098E-03,-3.564E-03
2.49098E-03,-1.164E-03
2.49107E-03,-2.764E-03
2.49107E-03,4.357E-04
2.49116E-03,-1.964E-03
2.49116E-03,4.357E-04
2.49125E-03,-3.643E-04
2.49125E-03,1.236E-03
2.49134E-03,4.357E-04
2.49134E-03,2.036E-03
2.49142E-03,4.357E-04
2.49142E-03,2.036E-03
2.49151E-03,4.357E-04
2.49151E-03,2.036E-03
2.49160E-03,-3.643E-04
2.49160E-03,1.236E-03
2.49169E-03,-3.643E-04
2.49169E-03,1.236E-03
2.49178E-03,-1.964E-03
2.49178E-03,4.357E-04
2.49186E-03,-1.964E-03
2.49186E-03,-3.643E-04
2.49195E-03,-2.764E-03
2.49195E-03,-1.164E-03
2.49204E-03,-3.564E-03
2.49204E-03,-1.964E-03
2.49213E-03,-4.364E-03
2.49213E-03,-2.764E-03
2.49222E-03,-4.364E-03
2.49222E-03,-2.764E-03
2.49230E-03,-4.364E-03
2.49230E-03,-2.764E-03
2.49239E-03,-5.164E-03
2.49239E-03,-2.764E-03
2.49248E-03,-4.364E-03
2.49248E-03,-2.764E-03
2.49257E-03,-3.564E-03
2.49257E-03,-1.164E-03
2.49266E-03,-2.764E-03
2.49266E-03,-3.643E-04
2.49274E-03,-1.964E-03
2.49274E-03,4.357E-04
2.49283E-03,-3.643E-04
2.49283E-03,2.036E-03
2.49292E-03,4.357E-04
2.49292E-03,2.836E-03
2.49301E-03,1.236E-03
2.49301E-03,3.636E-03
2.49310E-03,2.036E-03
2.49310E-03,3.636E-03
2.49318E-03,2.036E-03
2.49318E-03,3.636E-03
2.49327E-03,1.236E-03
2.49327E-03,3.636E-03
2.49336E-03,-3.643E-04
2.49336E-03,2.036E-03
2.49345E-03,-1.964E-03
2.49345E-03,4.357E-04
2.49354E-03,-3.564E-03
2.49354E-03,-1.164E-03
2.49362E-03,-5.964E-03
2.49362E-03,-2.764E-03
2.49371E-03,-7.564E-03
2.49371E-03,-4.364E-03
2.49380E-03,-8.364E-03
2.49380E-03,-6.764E-03
2.49389E-03,-9.164E-03
2.49389E-03,-7.564E-03
2.49398E-03,-9.164E-03
2.49398E-03,-7.564E-03
2.49406E-03,-8.364E-03
2.49406E-03,-5.964E-03
2.49415E-03,-6.764E-03
2.49415E-03,-3.564E-03
2.49424E-03,-4.364E-03
2.49424E-03,-1.164E-03
2.49433E-03,-1.964E-03
2.49433E-03,2.836E-03
2.49442E-03,1.236E-03
2.49442E-03,5.236E-03
2.49450E-03,4.436E-03
2.49450E-03,8.436E-03
2.49459E-03,6.836E-03
2.49459E-03,1.004E-02
2.49468E-03,8.436E-03
2.49468E-03,1.244E-02
2.49477E-03,7.636E-03
2.49477E-03,1.164E-02
2.49486E-03,6.036E-03
2.49486E-03,1.004E-02
2.49494E-03,2.836E-03
2.49494E-03,7.636E-03
2.49503E-03,-1.164E-03
2.49503E-03,3.636E-03
2.49512E-03,-5.964E-03
2.49512E-03,-3.643E-04
2.49521E-03,-9.964E-03
2.49521E-03,-5.164E-03
2.49530E-03,-1.476E-02
2.49530E-03,-9.164E-03
2.49538E-03,-1.716E-02
2.49538E-03,-1.316E-02
2.49547E-03,-1.796E-02
2.49547E-03,-1.556E-02
2.49556E-03,-1.716E-02
2.49556E-03,-1.476E-02
2.49565E-03,-1.556E-02
2.49565E-03,-1.236E-02
2.49574E-03,-1.236E-02
2.49574E-03,-7.564E-03
2.49582E-03,-8.364E-03
2.49582E-03,-1.164E-03
2.49591E-03,-1.964E-03
2.49591E-03,5.236E-03
2.49600E-03,4.436E-03
2.49600E-03,1.084E-02
2.49609E-03,1.084E-02
2.49609E-03,1.644E-02
2.49618E-03,1.564E-02
2.49618E-03,1.964E-02
2.49626E-03,1.884E-02
2.49626E-03,2.044E-02
2.49635E-03,1.804E-02
2.49635E-03,2.044E-02
2.49644E-03,1.404E-02
2.49644E-03,1.884E-02
2.49653E-03,8.436E-03
2.49653E-03,1.484E-02
2.49662E-03,4.357E-04
2.49662E-03,8.436E-03
2.49670E-03,-7.564E-03
2.49670E-03,4.357E-04
2.49679E-03,-1.556E-02
2.49679E-03,-7.564E-03
2.49688E-03,-2.276E-02
2.49688E-03,-1.556E-02
2.49697E-03,-2.756E-02
2.49697E-03,-2.116E-02
2.49706E-03,-2.836E-02
2.49706E-03,-2.596E-02
2.49714E-03,-2.836E-02
2.49714E-03,-2.516E-02
2.49723E-03,-2.596E-02
2.49723E-03,-2.036E-02
2.49732E-03,-2.116E-02
2.49732E-03,-1.316E-02
2.49741E-03,-1.316E-02
2.49741E-03,-2.764E-03
2.49750E-03,-4.364E-03
2.49750E-03,6.836E-03
2.49758E-03,6.036E-03
2.49758E-03,1.564E-02
2.49767E-03,1.564E-02
2.49767E-03,2.444E-02
2.49776E-03,2.364E-02
2.49776E-03,2.924E-02
2.49785E-03,2.844E-02
2.49785E-03,3.164E-02
2.49794E-03,2.844E-02
2.49794E-03,3.084E-02
2.49802E-03,2.284E-02
2.49802E-03,2.924E-02
2.49811E-03,1.404E-02
2.49811E-03,2.364E-02
2.49820E-03,2.836E-03
2.49820E-03,1.404E-02
2.49829E-03,-9.164E-03
2.49829E-03,3.636E-03
2.49838E-03,-2.036E-02
2.49838E-03,-8.364E-03
2.49846E-03,-2.916E-02
2.49846E-03,-1.956E-02
2.49855E-03,-3.636E-02
2.49855E-03,-2.836E-02
2.49864E-03,-3.796E-02
2.49864E-03,-3.476E-02
2.49873E-03,-3.876E-02
2.49873E-03,-3.556E-02
2.49882E-03,-3.636E-02
2.49882E-03,-2.996E-02
2.49890E-03,-2.996E-02
2.49890E-03,-1.956E-02
2.49899E-03,-2.036E-02
2.49899E-03,-6.764E-03
2.49908E-03,-7.564E-03
2.49908E-03,6.836E-03
2.49917E-03,6.036E-03
2.49917E-03,1.964E-02
2.49926E-03,1.884E-02
2.49926E-03,3.004E-02
2.49934E-03,2.924E-02
2.49934E-03,3.724E-02
2.49943E-03,3.724E-02
2.49943E-03,4.044E-02
2.49952E-03,3.724E-02
2.49952E-03,4.044E-02
2.49961E-03,3.004E-02
2.49961E-03,3.804E-02
2.49970E-03,1.964E-02
2.49970E-03,3.164E-02
2.49978E-03,6.836E-03
2.49978E-03,2.044E-02
2.49987E-03,-7.564E-03
2.49987E-03,6.836E-03
2.49996E-03,-2.196E-02
2.49996E-03,-6.764E-03
2.50005E-03,-3.396E-02
2.50005E-03,-2.196E-02
2.50014E-03,-4.196E-02
2.50014E-03,-3.316E-02
2.50022E-03,-4.596E-02
2.50022E-03,-4.116E-02
2.50031E-03,-4.596E-02
2.50031E-03,-4.276E-02
2.50040E-03,-4.356E-02
2.50040E-03,-3.556E-02
2.50049E-03,-3.716E-02
2.50049E-03,-2.436E-02
2.50058E-03,-2.516E-02
2.50058E-03,-9.964E-03
2.50066E-03,-1.076E-02
2.50066E-03,4.436E-03
2.50075E-03,4.436E-03
2.50075E-03,1.884E-02
2.50084E-03,1.884E-02
2.50084E-03,3.324E-02
2.50093E-03,3.164E-02
2.50093E-03,4.124E-02
2.50102E-03,4.044E-02
2.50102E-03,4.524E-02
2.50110E-03,4.284E-02
2.50110E-03,4.524E-02
2.50119E-03,3.644E-02
2.50119E-03,4.364E-02
2.50128E-03,2.524E-02
2.50128E-03,3.724E-02
2.50137E-03,1.084E-02
2.50137E-03,2.524E-02
2.50146E-03,-5.164E-03
2.50146E-03,1.084E-02
2.50154E-03,-2.116E-02
2.50154E-03,-4.364E-03
2.50163E-03,-3.476E-02
2.50163E-03,-2.036E-02
2.50172E-03,-4.356E-02
2.50172E-03,-3.396E-02
2.50181E-03,-4.836E-02
2.50181E-03,-4.276E-02
2.50190E-03,-4.836E-02
2.50190E-03,-4.596E-02
2.50198E-03,-4.676E-02
2.50198E-03,-3.956E-02
2.50207E-03,-4.036E-02
2.50207E-03,-2.836E-02
2.50216E-03,-2.916E-02
2.50216E-03,-1.396E-02
2.50225E-03,-1.396E-02
2.50225E-03,2.036E-03
2.50234E-03,1.236E-03
2.50234E-03,1.724E-02
2.50242E-03,1.644E-02
2.50242E-03,3.084E-02
2.50251E-03,3.004E-02
2.50251E-03,3.964E-02
2.50260E-03,3.964E-02
2.50260E-03,4.444E-02
2.50269E-03,4.284E-02
2.50269E-03,4.524E-02
2.50278E-03,3.724E-02
2.50278E-03,4.364E-02
2.50286E-03,2.604E-02
2.50286E-03,3.724E-02
2.50295E-03,1.244E-02
2.50295E-03,2.684E-02
2.50304E-03,-2.764E-03
2.50304E-03,1.324E-02
2.50313E-03,-1.796E-02
2.50313E-03,-2.764E-03
2.50322E-03,-3.076E-02
2.50322E-03,-1.716E-02
2.50330E-03,-4.036E-02
2.50330E-03,-2.996E-02
2.50339E-03,-4.516E-02
2.50339E-03,-3.876E-02
2.50348E-03,-4.596E-02
2.50348E-03,-4.276E-02
2.50357E-03,-4.436E-02
2.50357E-03,-3.796E-02
2.50366E-03,-3.876E-02
2.50366E-03,-2.836E-02
2.50374E-03,-2.916E-02
2.50374E-03,-1.556E-02
2.50383E-03,-1.556E-02
2.50383E-03,-1.164E-03
2.50392E-03,-1.964E-03
2.50392E-03,1.244E-02
2.50401E-03,1.244E-02
2.50401E-03,2.524E-02
2.50410E-03,2.444E-02
2.50410E-03,3.404E-02
2.50418E-03,3.324E-02
2.50418E-03,3.804E-02
2.50427E-03,3.724E-02
2.50427E-03,3.964E-02
2.50436E-03,3.324E-02
2.50436E-03,3.884E-02
2.50445E-03,2.444E-02
2.50445E-03,3.404E-02
2.50454E-03,1.324E-02
2.50454E-03,2.444E-02
2.50462E-03,-1.164E-03
2.50462E-03,1.324E-02
2.50471E-03,-1.316E-02
2.50471E-03,2.036E-03
2.50480E-03,-2.436E-02
2.50480E-03,-1.236E-02
2.50489E-03,-3.236E-02
2.50489E-03,-2.356E-02
2.50498E-03,-3.636E-02
2.50498E-03,-3.156E-02
2.50506E-03,-3.716E-02
2.50506E-03,-3.556E-02
2.50515E-03,-3.716E-02
2.50515E-03,-3.236E-02
2.50524E-03,-3.316E-02
2.50524E-03,-2.436E-02
2.50533E-03,-2.596E-02
2.50533E-03,-1.476E-02
2.50542E-03,-1.476E-02
2.50542E-03,-3.564E-03
2.50550E-03,-3.564E-03
2.50550E-03,7.636E-03
2.50559E-03,7.636E-03
2.50559E-03,1.804E-02
2.50568E-03,1.724E-02
2.50568E-03,2.524E-02
2.50577E-03,2.444E-02
2.50577E-03,2.924E-02
2.50586E-03,2.844E-02
2.50586E-03,3.004E-02
2.50594E-03,2.524E-02
2.50594E-03,3.004E-02
2.50603E-03,1.964E-02
2.50603E-03,2.604E-02
2.50612E-03,1.084E-02
2.50612E-03,1.964E-02
2.50621E-03,1.236E-03
2.50621E-03,1.164E-02
2.50630E-03,-7.564E-03
2.50630E-03,2.036E-03
2.50638E-03,-1.636E-02
2.50638E-03,-7.564E-03
2.50647E-03,-2.276E-02
2.50647E-03,-1.476E-02
2.50656E-03,-2.596E-02
2.50656E-03,-2.196E-02
2.50665E-03,-2.756E-02
2.50665E-03,-2.516E-02
2.50674E-03,-2.676E-02
2.50674E-03,-2.356E-02
2.50682E-03,-2.356E-02
2.50682E-03,-1.876E-02
2.50691E-03,-1.956E-02
2.50691E-03,-1.076E-02
2.50700E-03,-1.236E-02
2.50700E-03,-3.564E-03
2.50709E-03,-4.364E-03
2.50709E-03,3.636E-03
2.50718E-03,2.836E-03
2.50718E-03,1.004E-02
2.50726E-03,1.004E-02
2.50726E-03,1.564E-02
2.50735E-03,1.484E-02
2.50735E-03,1.804E-02
2.50744E-03,1.724E-02
2.50744E-03,1.964E-02
2.50753E-03,1.564E-02
2.50753E-03,1.884E-02
2.50762E-03,1.244E-02
2.50762E-03,1.644E-02
2.50770E-03,6.836E-03
2.50770E-03,1.324E-02
2.50779E-03,1.236E-03
2.50779E-03,7.636E-03
2.50788E-03,-4.364E-03
2.50788E-03,2.036E-03
2.50797E-03,-9.964E-03
2.50797E-03,-3.564E-03
2.50806E-03,-1.316E-02
2.50806E-03,-9.164E-03
2.50814E-03,-1.556E-02
2.50814E-03,-1.236E-02
2.50823E-03,-1.636E-02
2.50823E-03,-1.396E-02
2.50832E-03,-1.636E-02
2.50832E-03,-1.396E-02
2.50841E-03,-1.476E-02
2.50841E-03,-1.076E-02
2.50850E-03,-1.236E-02
2.50850E-03,-7.564E-03
2.50858E-03,-8.364E-03
2.50858E-03,-2.764E-03
2.50867E-03,-4.364E-03
2.50867E-03,1.236E-03
2.50876E-03,-3.643E-04
2.50876E-03,4.436E-03
2.50885E-03,3.636E-03
2.50885E-03,6.836E-03
2.50894E-03,6.036E-03
2.50894E-03,8.436E-03
2.50902E-03,7.636E-03
2.50902E-03,9.236E-03
2.50911E-03,6.836E-03
2.50911E-03,9.236E-03
2.50920E-03,5.236E-03
2.50920E-03,8.436E-03
2.50929E-03,2.836E-03
2.50929E-03,6.036E-03
2.50938E-03,-3.643E-04
2.50938E-03,3.636E-03
2.50946E-03,-2.764E-03
2.50946E-03,1.236E-03
2.50955E-03,-5.964E-03
2.50955E-03,-1.964E-03
2.50964E-03,-7.564E-03
2.50964E-03,-2.764E-03
2.50973E-03,-8.364E-03
2.50973E-03,-5.164E-03
2.50982E-03,-8.364E-03
2.50982E-03,-5.964E-03
2.50990E-03,-8.364E-03
2.50990E-03,-6.764E-03
2.50999E-03,-7.564E-03
2.50999E-03,-5.164E-03
2.51008E-03,-5.964E-03
2.51008E-03,-3.564E-03
2.51017E-03,-4.364E-03
2.51017E-03,-1.964E-03
2.51026E-03,-2.764E-03
2.51026E-03,-3.643E-04
2.51034E-03,-1.164E-03
2.51034E-03,1.236E-03
2.51043E-03,-3.643E-04
2.51043E-03,2.836E-03
2.51052E-03,1.236E-03
2.51052E-03,2.836E-03
2.51061E-03,1.236E-03
2.51061E-03,3.636E-03
2.51070E-03,1.236E-03
2.51070E-03,2.836E-03
2.51078E-03,1.236E-03
2.51078E-03,2.836E-03
2.51087E-03,-3.643E-04
2.51087E-03,2.036E-03
2.51096E-03,-1.164E-03
2.51096E-03,1.236E-03
2.51105E-03,-1.964E-03
2.51105E-03,4.357E-04
2.51114E-03,-2.764E-03
2.51114E-03,-3.643E-04
2.51122E-03,-3.564E-03
2.51122E-03,-1.964E-03
2.51131E-03,-4.364E-03
2.51131E-03,-1.964E-03
2.51140E-03,-4.364E-03
2.51140E-03,-2.764E-03
2.51149E-03,-4.364E-03
2.51149E-03,-2.764E-03
2.51158E-03,-4.364E-03
2.51158E-03,-2.764E-03
2.51166E-03,-3.564E-03
2.51166E-03,-1.964E-03
2.51175E-03,-3.564E-03
2.51175E-03,-1.164E-03
2.51184E-03,-2.764E-03
2.51184E-03,-3.643E-04
2.51193E-03,-1.964E-03
2.51193E-03,4.357E-04
2.51202E-03,-1.164E-03
2.51202E-03,1.236E-03
2.51210E-03,-3.643E-04
2.51210E-03,2.036E-03
2.51219E-03,4.357E-04
2.51219E-03,2.036E-03
2.51228E-03,4.357E-04
2.51228E-03,2.836E-03
2.51237E-03,4.357E-04
2.51237E-03,2.036E-03
2.51246E-03,4.357E-04
2.51246E-03,2.036E-03
2.51254E-03,-3.643E-04
2.51254E-03,1.236E-03
2.51263E-03,-1.964E-03
2.51263E-03,4.357E-04
2.51272E-03,-3.564E-03
2.51272E-03,-3.643E-04
2.51281E-03,-3.564E-03
2.51281E-03,-1.964E-03
2.51290E-03,-5.164E-03
2.51290E-03,-2.764E-03
2.51298E-03,-5.164E-03
2.51298E-03,-3.564E-03
2.51307E-03,-5.964E-03
2.51307E-03,-4.364E-03
2.51316E-03,-5.964E-03
2.51316E-03,-4.364E-03
2.51325E-03,-5.164E-03
2.51325E-03,-3.564E-03
2.51334E-03,-5.164E-03
2.51334E-03,-1.964E-03
2.51342E-03,-3.564E-03
2.51342E-03,-1.164E-03
2.51351E-03,-1.964E-03
2.51351E-03,1.236E-03
2.51360E-03,-3.643E-04
2.51360E-03,2.836E-03
2.51369E-03,2.036E-03
2.51369E-03,4.436E-03
2.51378E-03,3.636E-03
2.51378E-03,6.036E-03
2.51386E-03,4.436E-03
2.51386E-03,6.836E-03
2.51395E-03,5.236E-03
2.51395E-03,6.836E-03
2.51404E-03,3.636E-03
2.51404E-03,6.036E-03
2.51413E-03,2.036E-03
2.51413E-03,4.436E-03
2.51422E-03,-1.164E-03
2.51422E-03,2.836E-03
2.51430E-03,-4.364E-03
2.51430E-03,4.357E-04
2.51439E-03,-7.564E-03
2.51439E-03,-2.764E-03
2.51448E-03,-9.964E-03
2.51448E-03,-5.964E-03
2.51457E-03,-1.316E-02
2.51457E-03,-8.364E-03
2.51466E-03,-1.316E-02
2.51466E-03,-9.164E-03
2.51474E-03,-1.316E-02
2.51474E-03,-1.076E-02
2.51483E-03,-1.236E-02
2.51483E-03,-9.164E-03
2.51492E-03,-9.964E-03
2.51492E-03,-5.964E-03
2.51501E-03,-6.764E-03
2.51501E-03,-1.964E-03
2.51510E-03,-2.764E-03
2.51510E-03,2.836E-03
2.51518E-03,2.036E-03
2.51518E-03,6.836E-03
2.51527E-03,6.036E-03
2.51527E-03,1.084E-02
2.51536E-03,1.004E-02
2.51536E-03,1.404E-02
2.51545E-03,1.324E-02
2.51545E-03,1.564E-02
2.51554E-03,1.324E-02
2.51554E-03,1.564E-02
2.51562E-03,1.164E-02
2.51562E-03,1.404E-02
2.51571E-03,6.836E-03
2.51571E-03,1.164E-02
2.51580E-03,4.357E-04
2.51580E-03,7.636E-03
2.51589E-03,-5.164E-03
2.51589E-03,2.036E-03
2.51598E-03,-1.156E-02
2.51598E-03,-4.364E-03
2.51606E-03,-1.716E-02
2.51606E-03,-1.076E-02
2.51615E-03,-2.036E-02
2.51615E-03,-1.636E-02
2.51624E-03,-2.196E-02
2.51624E-03,-2.036E-02
2.51633E-03,-2.276E-02
2.51633E-03,-2.116E-02
2.51642E-03,-2.116E-02
2.51642E-03,-1.796E-02
2.51650E-03,-1.796E-02
2.51650E-03,-1.156E-02
2.51659E-03,-1.236E-02
2.51659E-03,-4.364E-03
2.51668E-03,-5.164E-03
2.51668E-03,3.636E-03
2.51677E-03,2.836E-03
2.51677E-03,1.164E-02
2.51686E-03,1.084E-02
2.51686E-03,1.884E-02
2.51694E-03,1.804E-02
2.51694E-03,2.364E-02
2.51703E-03,2.204E-02
2.51703E-03,2.604E-02
2.51712E-03,2.364E-02
2.51712E-03,2.604E-02
2.51721E-03,1.964E-02
2.51721E-03,2.524E-02
2.51730E-03,1.324E-02
2.51730E-03,2.044E-02
2.51738E-03,4.436E-03
2.51738E-03,1.404E-02
2.51747E-03,-5.964E-03
2.51747E-03,4.436E-03
2.51756E-03,-1.556E-02
2.51756E-03,-5.164E-03
2.51765E-03,-2.436E-02
2.51765E-03,-1.476E-02
2.51774E-03,-3.076E-02
2.51774E-03,-2.356E-02
2.51782E-03,-3.316E-02
2.51782E-03,-2.996E-02
2.51791E-03,-3.396E-02
2.51791E-03,-3.156E-02
2.51800E-03,-3.236E-02
2.51800E-03,-2.756E-02
2.51809E-03,-2.756E-02
2.51809E-03,-1.876E-02
2.51818E-03,-1.956E-02
2.51818E-03,-8.364E-03
2.51826E-03,-9.164E-03
2.51826E-03,3.636E-03
2.51835E-03,2.836E-03
2.51835E-03,1.564E-02
2.51844E-03,1.484E-02
2.51844E-03,2.524E-02
2.51853E-03,2.444E-02
2.51853E-03,3.244E-02
2.51862E-03,3.164E-02
2.51862E-03,3.644E-02
2.51870E-03,3.404E-02
2.51870E-03,3.644E-02
2.51879E-03,2.924E-02
2.51879E-03,3.484E-02
2.51888E-03,2.044E-02
2.51888E-03,3.004E-02
2.51897E-03,8.436E-03
2.51897E-03,2.044E-02
2.51906E-03,-4.364E-03
2.51906E-03,8.436E-03
2.51914E-03,-1.876E-02
2.51914E-03,-4.364E-03
2.51923E-03,-2.996E-02
2.51923E-03,-1.796E-02
2.51932E-03,-3.796E-02
2.51932E-03,-2.916E-02
2.51941E-03,-4.196E-02
2.51941E-03,-3.716E-02
2.51950E-03,-4.356E-02
2.51950E-03,-3.876E-02
2.51958E-03,-4.356E-02
2.51958E-03,-3.556E-02
2.51967E-03,-3.716E-02
2.51967E-03,-2.596E-02
2.51976E-03,-2.596E-02
2.51976E-03,-1.236E-02
2.51985E-03,-1.316E-02
2.51985E-03,1.236E-03
2.51994E-03,1.236E-03
2.51994E-03,1.564E-02
2.52002E-03,1.564E-02
2.52002E-03,2.844E-02
2.52011E-03,2.844E-02
2.52011E-03,3.804E-02
2.52020E-03,3.724E-02
2.52020E-03,4.284E-02
2.52029E-03,4.204E-02
2.52029E-03,4.364E-02
2.52038E-03,3.564E-02
2.52038E-03,4.284E-02
2.52046E-03,2.604E-02
2.52046E-03,3.724E-02
2.52055E-03,1.244E-02
2.52055E-03,2.684E-02
2.52064E-03,-2.764E-03
2.52064E-03,1.324E-02
2.52073E-03,-1.876E-02
2.52073E-03,-1.964E-03
2.52082E-03,-3.156E-02
2.52082E-03,-1.796E-02
2.52090E-03,-4.196E-02
2.52090E-03,-3.156E-02
2.52099E-03,-4.676E-02
2.52099E-03,-4.116E-02
2.52108E-03,-4.836E-02
2.52108E-03,-4.596E-02
2.52117E-03,-4.676E-02
2.52117E-03,-4.116E-02
2.52126E-03,-4.196E-02
2.52126E-03,-3.076E-02
2.52134E-03,-3.076E-02
2.52134E-03,-1.636E-02
2.52143E-03,-1.716E-02
2.52143E-03,-1.164E-03
2.52152E-03,-1.964E-03
2.52152E-03,1.484E-02
2.52161E-03,1.484E-02
2.52161E-03,2.844E-02
2.52170E-03,2.844E-02
2.52170E-03,3.884E-02
2.52178E-03,3.884E-02
2.52178E-03,4.524E-02
2.52187E-03,4.444E-02
2.52187E-03,4.604E-02
2.52196E-03,3.964E-02
2.52196E-03,4.604E-02
2.52205E-03,2.924E-02
2.52205E-03,3.964E-02
2.52214E-03,1.564E-02
2.52214E-03,3.004E-02
2.52222E-03,4.357E-04
2.52222E-03,1.644E-02
2.52231E-03,-1.556E-02
2.52231E-03,4.357E-04
2.52240E-03,-2.996E-02
2.52240E-03,-1.556E-02
2.52249E-03,-4.036E-02
2.52249E-03,-2.916E-02
2.52258E-03,-4.596E-02
2.52258E-03,-4.036E-02
2.52266E-03,-4.836E-02
2.52266E-03,-4.516E-02
2.52275E-03,-4.676E-02
2.52275E-03,-4.116E-02
2.52284E-03,-4.196E-02
2.52284E-03,-3.236E-02
2.52293E-03,-3.236E-02
2.52293E-03,-1.876E-02
2.52302E-03,-1.956E-02
2.52302E-03,-3.564E-03
2.52310E-03,-4.364E-03
2.52310E-03,1.164E-02
2.52319E-03,1.084E-02
2.52319E-03,2.524E-02
2.52328E-03,2.444E-02
2.52328E-03,3.564E-02
2.52337E-03,3.484E-02
2.52337E-03,4.124E-02
2.52346E-03,4.044E-02
2.52346E-03,4.284E-02
2.52354E-03,3.724E-02
2.52354E-03,4.284E-02
2.52363E-03,2.924E-02
2.52363E-03,3.804E-02
2.52372E-03,1.644E-02
2.52372E-03,2.924E-02
2.52381E-03,2.836E-03
2.52381E-03,1.724E-02
2.52390E-03,-1.156E-02
2.52390E-03,2.836E-03
2.52398E-03,-2.436E-02
2.52398E-03,-1.156E-02
2.52407E-03,-3.476E-02
2.52407E-03,-2.356E-02
2.52416E-03,-4.036E-02
2.52416E-03,-3.316E-02
2.52425E-03,-4.196E-02
2.52425E-03,-3.956E-02
2.52434E-03,-4.196E-02
2.52434E-03,-3.796E-02
2.52442E-03,-3.796E-02
2.52442E-03,-2.996E-02
2.52451E-03,-2.996E-02
2.52451E-03,-1.716E-02
2.52460E-03,-1.876E-02
2.52460E-03,-5.164E-03
2.52469E-03,-6.764E-03
2.52469E-03,6.836E-03
2.52478E-03,6.836E-03
2.52478E-03,1.884E-02
2.52486E-03,1.804E-02
2.52486E-03,2.764E-02
2.52495E-03,2.684E-02
2.52495E-03,3.404E-02
2.52504E-03,3.244E-02
2.52504E-03,3.484E-02
2.52513E-03,3.084E-02
2.52513E-03,3.484E-02
2.52522E-03,2.444E-02
2.52522E-03,3.164E-02
2.52530E-03,1.484E-02
2.52530E-03,2.524E-02
2.52539E-03,3.636E-03
2.52539E-03,1.564E-02
2.52548E-03,-7.564E-03
2.52548E-03,4.436E-03
2.52557E-03,-1.796E-02
2.52557E-03,-6.764E-03
2.52566E-03,-2.596E-02
2.52566E-03,-1.716E-02
2.52574E-03,-3.076E-02
2.52574E-03,-2.516E-02
2.52583E-03,-3.236E-02
2.52583E-03,-2.996E-02
2.52592E-03,-3.236E-02
2.52592E-03,-2.916E-02
2.52601E-03,-2.996E-02
2.52601E-03,-2.356E-02
2.52610E-03,-2.436E-02
2.52610E-03,-1.556E-02
2.52618E-03,-1.636E-02
2.52618E-03,-6.764E-03
2.52627E-03,-6.764E-03
2.52627E-03,3.636E-03
2.52636E-03,2.836E-03
2.52636E-03,1.164E-02
2.52645E-03,1.164E-02
2.52645E-03,1.884E-02
2.52654E-03,1.804E-02
2.52654E-03,2.284E-02
2.52662E-03,2.204E-02
2.52662E-03,2.444E-02
2.52671E-03,2.124E-02
2.52671E-03,2.444E-02
2.52680E-03,1.804E-02
2.52680E-03,2.204E-02
2.52689E-03,1.084E-02
2.52689E-03,1.884E-02
2.52698E-03,3.636E-03
2.52698E-03,1.164E-02
2.52706E-03,-4.364E-03
2.52706E-03,4.436E-03
2.52715E-03,-1.156E-02
2.52715E-03,-3.564E-03
2.52724E-03,-1.716E-02
2.52724E-03,-9.964E-03
2.52733E-03,-2.036E-02
2.52733E-03,-1.636E-02
2.52742E-03,-2.116E-02
2.52742E-03,-1.956E-02
2.52750E-03,-2.196E-02
2.52750E-03,-1.876E-02
2.52759E-03,-2.036E-02
2.52759E-03,-1.556E-02
2.52768E-03,-1.636E-02
2.52768E-03,-1.076E-02
2.52777E-03,-1.156E-02
2.52777E-03,-5.164E-03
2.52786E-03,-5.964E-03
2.52786E-03,4.357E-04
2.52794E-03,-3.643E-04
2.52794E-03,5.236E-03
2.52803E-03,5.236E-03
2.52803E-03,1.004E-02
2.52812E-03,9.236E-03
2.52812E-03,1.324E-02
2.52821E-03,1.164E-02
2.52821E-03,1.404E-02
2.52830E-03,1.244E-02
2.52830E-03,1.404E-02
2.52838E-03,9.236E-03
2.52838E-03,1.324E-02
2.52847E-03,6.036E-03
2.52847E-03,1.004E-02
2.52856E-03,1.236E-03
2.52856E-03,6.836E-03
2.52865E-03,-2.764E-03
2.52865E-03,2.836E-03
2.52874E-03,-5.964E-03
2.52874E-03,-1.964E-03
2.52882E-03,-9.164E-03
2.52882E-03,-5.164E-03
2.52891E-03,-1.076E-02
2.52891E-03,-8.364E-03
2.52900E-03,-1.236E-02
2.52900E-03,-9.964E-03
2.52909E-03,-1.156E-02
2.52909E-03,-9.964E-03
2.52918E-03,-1.076E-02
2.52918E-03,-8.364E-03
2.52926E-03,-9.164E-03
2.52926E-03,-5.964E-03
2.52935E-03,-6.764E-03
2.52935E-03,-3.564E-03
2.52944E-03,-4.364E-03
2.52944E-03,4.357E-04
2.52953E-03,-2.764E-03
2.52953E-03,2.036E-03
2.52962E-03,4.357E-04
2.52962E-03,4.436E-03
2.52970E-03,2.836E-03
2.52970E-03,5.236E-03
2.52979E-03,3.636E-03
2.52979E-03,5.236E-03
2.52988E-03,4.436E-03
2.52988E-03,6.036E-03
2.52997E-03,3.636E-03
2.52997E-03,5.236E-03
2.53006E-03,2.036E-03
2.53006E-03,4.436E-03
2.53014E-03,-3.643E-04
2.53014E-03,2.836E-03
2.53023E-03,-1.964E-03
2.53023E-03,1.236E-03
2.53032E-03,-2.764E-03
2.53032E-03,-3.643E-04
2.53041E-03,-4.364E-03
2.53041E-03,-1.964E-03
2.53050E-03,-5.164E-03
2.53050E-03,-3.564E-03
2.53058E-03,-5.164E-03
2.53058E-03,-3.564E-03
2.53067E-03,-5.964E-03
2.53067E-03,-4.364E-03
2.53076E-03,-5.164E-03
2.53076E-03,-3.564E-03
2.53085E-03,-5.164E-03
2.53085E-03,-2.764E-03
2.53094E-03,-3.564E-03
2.53094E-03,-1.964E-03
2.53102E-03,-2.764E-03
2.53102E-03,-3.643E-04
2.53111E-03,-1.964E-03
2.53111E-03,4.357E-04
2.53120E-03,-3.643E-04
2.53120E-03,1.236E-03
2.53129E-03,-3.643E-04
2.53129E-03,2.036E-03
2.53138E-03,4.357E-04
2.53138E-03,2.036E-03
2.53146E-03,4.357E-04
2.53146E-03,2.036E-03
2.53155E-03,4.357E-04
2.53155E-03,2.036E-03
2.53164E-03,4.357E-04
2.53164E-03,2.036E-03
2.53173E-03,-3.643E-04
2.53173E-03,1.236E-03
2.53182E-03,-1.164E-03
2.53182E-03,4.357E-04
2.53190E-03,-2.764E-03
2.53190E-03,-3.643E-04
2.53199E-03,-2.764E-03
2.53199E-03,-1.164E-03
2.53208E-03,-3.564E-03
2.53208E-03,-1.964E-03
2.53217E-03,-4.364E-03
2.53217E-03,-1.964E-03
2.53226E-03,-4.364E-03
2.53226E-03,-2.764E-03
2.53234E-03,-4.364E-03
2.53234E-03,-2.764E-03
2.53243E-03,-4.364E-03
2.53243E-03,-2.764E-03
2.53252E-03,-3.564E-03
2.53252E-03,-1.964E-03
2.53261E-03,-2.764E-03
2.53261E-03,-1.164E-03
2.53270E-03,-1.964E-03
2.53270E-03,4.357E-04
2.53278E-03,-3.643E-04
2.53278E-03,1.236E-03
2.53287E-03,4.357E-04
2.53287E-03,2.836E-03
2.53296E-03,1.236E-03
2.53296E-03,3.636E-03
2.53305E-03,2.036E-03
2.53305E-03,3.636E-03
2.53314E-03,2.836E-03
2.53314E-03,4.436E-03
2.53322E-03,2.036E-03
2.53322E-03,3.636E-03
2.53331E-03,4.357E-04
2.53331E-03,2.836E-03
2.53340E-03,-3.643E-04
2.53340E-03,2.036E-03
2.53349E-03,-2.764E-03
2.53349E-03,4.357E-04
2.53358E-03,-4.364E-03
2.53358E-03,-1.964E-03
2.53366E-03,-6.764E-03
2.53366E-03,-3.564E-03
2.53375E-03,-7.564E-03
2.53375E-03,-5.164E-03
2.53384E-03,-8.364E-03
2.53384E-03,-6.764E-03
2.53393E-03,-9.164E-03
2.53393E-03,-7.564E-03
2.53402E-03,-8.364E-03
2.53402E-03,-6.764E-03
2.53410E-03,-7.564E-03
2.53410E-03,-4.364E-03
2.53419E-03,-5.164E-03
2.53419E-03,-1.964E-03
2.53428E-03,-2.764E-03
2.53428E-03,1.236E-03
2.53437E-03,-3.643E-04
2.53437E-03,4.436E-03
2.53446E-03,2.836E-03
2.53446E-03,8.436E-03
2.53454E-03,5.236E-03
2.53454E-03,9.236E-03
2.53463E-03,8.436E-03
2.53463E-03,1.084E-02
2.53472E-03,9.236E-03
2.53472E-03,1.084E-02
2.53481E-03,7.636E-03
2.53481E-03,1.084E-02
2.53490E-03,5.236E-03
2.53490E-03,8.436E-03
2.53498E-03,1.236E-03
2.53498E-03,6.036E-03
2.53507E-03,-3.564E-03
2.53507E-03,2.036E-03
2.53516E-03,-7.564E-03
2.53516E-03,-2.764E-03
2.53525E-03,-1.236E-02
2.53525E-03,-7.564E-03
2.53534E-03,-1.556E-02
2.53534E-03,-1.076E-02
2.53542E-03,-1.716E-02
2.53542E-03,-1.396E-02
2.53551E-03,-1.716E-02
2.53551E-03,-1.556E-02
2.53560E-03,-1.716E-02
2.53560E-03,-1.396E-02
2.53569E-03,-1.396E-02
2.53569E-03,-9.964E-03
2.53578E-03,-1.076E-02
2.53578E-03,-4.364E-03
2.53586E-03,-5.964E-03
2.53586E-03,2.036E-03
2.53595E-03,4.357E-04
2.53595E-03,8.436E-03
2.53604E-03,7.636E-03
2.53604E-03,1.324E-02
2.53613E-03,1.244E-02
2.53613E-03,1.804E-02
2.53622E-03,1.724E-02
2.53622E-03,2.044E-02
2.53630E-03,1.884E-02
2.53630E-03,2.124E-02
2.53639E-03,1.644E-02
2.53639E-03,2.044E-02
2.53648E-03,1.164E-02
2.53648E-03,1.724E-02
2.53657E-03,4.436E-03
2.53657E-03,1.164E-02
2.53666E-03,-3.564E-03
2.53666E-03,5.236E-03
2.53674E-03,-1.156E-02
2.53674E-03,-3.564E-03
2.53683E-03,-1.956E-02
2.53683E-03,-1.076E-02
2.53692E-03,-2.436E-02
2.53692E-03,-1.796E-02
2.53701E-03,-2.756E-02
2.53701E-03,-2.436E-02
2.53710E-03,-2.836E-02
2.53710E-03,-2.676E-02
2.53718E-03,-2.756E-02
2.53718E-03,-2.356E-02
2.53727E-03,-2.436E-02
2.53727E-03,-1.716E-02
2.53736E-03,-1.796E-02
2.53736E-03,-9.164E-03
2.53745E-03,-9.164E-03
2.53745E-03,4.357E-04
2.53754E-03,4.357E-04
2.53754E-03,1.084E-02
2.53762E-03,1.084E-02
2.53762E-03,1.964E-02
2.53771E-03,1.964E-02
2.53771E-03,2.684E-02
2.53780E-03,2.604E-02
2.53780E-03,3.084E-02
2.53789E-03,2.924E-02
2.53789E-03,3.164E-02
2.53798E-03,2.604E-02
2.53798E-03,3.084E-02
2.53806E-03,1.884E-02
2.53806E-03,2.764E-02
2.53815E-03,9.236E-03
2.53815E-03,1.964E-02
2.53824E-03,-1.964E-03
2.53824E-03,1.004E-02
2.53833E-03,-1.396E-02
2.53833E-03,-1.164E-03
2.53842E-03,-2.516E-02
2.53842E-03,-1.396E-02
2.53850E-03,-3.316E-02
2.53850E-03,-2.436E-02
2.53859E-03,-3.796E-02
2.53859E-03,-3.236E-02
2.53868E-03,-3.876E-02
2.53868E-03,-3.716E-02
2.53877E-03,-3.876E-02
2.53877E-03,-3.316E-02
2.53886E-03,-3.396E-02
2.53886E-03,-2.516E-02
2.53894E-03,-2.596E-02
2.53894E-03,-1.476E-02
2.53903E-03,-1.476E-02
2.53903E-03,-1.164E-03
2.53912E-03,-1.964E-03
2.53912E-03,1.244E-02
2.53921E-03,1.244E-02
2.53921E-03,2.444E-02
2.53930E-03,2.444E-02
2.53930E-03,3.324E-02
2.53938E-03,3.324E-02
2.53938E-03,4.044E-02
2.53947E-03,3.724E-02
2.53947E-03,4.204E-02
2.53956E-03,3.484E-02
2.53956E-03,4.044E-02
2.53965E-03,2.684E-02
2.53965E-03,3.564E-02
2.53974E-03,1.404E-02
2.53974E-03,2.764E-02
2.53982E-03,4.357E-04
2.53982E-03,1.484E-02
2.53991E-03,-1.476E-02
2.53991E-03,4.357E-04
2.54000E-03,-2.836E-02
2.54000E-03,-1.396E-02
2.54009E-03,-3.796E-02
2.54009E-03,-2.756E-02
2.54018E-03,-4.516E-02
2.54018E-03,-3.796E-02
2.54026E-03,-4.596E-02
2.54026E-03,-4.356E-02
2.54035E-03,-4.596E-02
2.54035E-03,-4.036E-02
2.54044E-03,-4.116E-02
2.54044E-03,-3.156E-02
2.54053E-03,-3.236E-02
2.54053E-03,-1.956E-02
2.54062E-03,-1.956E-02
2.54062E-03,-3.564E-03
2.54070E-03,-4.364E-03
2.54070E-03,1.164E-02
2.54079E-03,1.164E-02
2.54079E-03,2.604E-02
2.54088E-03,2.604E-02
2.54088E-03,3.644E-02
2.54097E-03,3.644E-02
2.54097E-03,4.364E-02
2.54106E-03,4.284E-02
2.54106E-03,4.524E-02
2.54114E-03,4.044E-02
2.54114E-03,4.524E-02
2.54123E-03,3.164E-02
2.54123E-03,4.124E-02
2.54132E-03,1.804E-02
2.54132E-03,3.164E-02
2.54141E-03,3.636E-03
2.54141E-03,1.884E-02
2.54150E-03,-1.316E-02
2.54150E-03,3.636E-03
2.54158E-03,-2.756E-02
2.54158E-03,-1.236E-02
2.54167E-03,-3.876E-02
2.54167E-03,-2.756E-02
2.54176E-03,-4.596E-02
2.54176E-03,-3.876E-02
2.54185E-03,-4.836E-02
2.54185E-03,-4.516E-02
2.54194E-03,-4.836E-02
2.54194E-03,-4.356E-02
2.54202E-03,-4.436E-02
2.54202E-03,-3.476E-02
2.54211E-03,-3.556E-02
2.54211E-03,-2.196E-02
2.54220E-03,-2.276E-02
2.54220E-03,-5.964E-03
2.54229E-03,-6.764E-03
2.54229E-03,9.236E-03
2.54238E-03,8.436E-03
2.54238E-03,2.364E-02
2.54246E-03,2.284E-02
2.54246E-03,3.564E-02
2.54255E-03,3.484E-02
2.54255E-03,4.284E-02
2.54264E-03,4.204E-02
2.54264E-03,4.524E-02
2.54273E-03,4.124E-02
2.54273E-03,4.524E-02
2.54282E-03,3.244E-02
2.54282E-03,4.124E-02
2.54290E-03,2.044E-02
2.54290E-03,3.324E-02
2.54299E-03,6.036E-03
2.54299E-03,2.044E-02
2.54308E-03,-9.964E-03
2.54308E-03,6.036E-03
2.54317E-03,-2.436E-02
2.54317E-03,-9.164E-03
2.54326E-03,-3.556E-02
2.54326E-03,-2.356E-02
2.54334E-03,-4.276E-02
2.54334E-03,-3.476E-02
2.54343E-03,-4.596E-02
2.54343E-03,-4.196E-02
2.54352E-03,-4.596E-02
2.54352E-03,-4.116E-02
2.54361E-03,-4.196E-02
2.54361E-03,-3.396E-02
2.54370E-03,-3.476E-02
2.54370E-03,-2.276E-02
2.54378E-03,-2.276E-02
2.54378E-03,-9.164E-03
2.54387E-03,-9.964E-03
2.54387E-03,5.236E-03
2.54396E-03,4.436E-03
2.54396E-03,1.884E-02
2.54405E-03,1.804E-02
2.54405E-03,3.004E-02
2.54414E-03,2.924E-02
2.54414E-03,3.724E-02
2.54422E-03,3.644E-02
2.54422E-03,3.964E-02
2.54431E-03,3.564E-02
2.54431E-03,3.884E-02
2.54440E-03,2.924E-02
2.54440E-03,3.724E-02
2.54449E-03,1.884E-02
2.54449E-03,3.084E-02
2.54458E-03,7.636E-03
2.54458E-03,1.884E-02
2.54466E-03,-5.964E-03
2.54466E-03,7.636E-03
2.54475E-03,-1.876E-02
2.54475E-03,-5.964E-03
2.54484E-03,-2.836E-02
2.54484E-03,-1.796E-02
2.54493E-03,-3.556E-02
2.54493E-03,-2.836E-02
2.54502E-03,-3.796E-02
2.54502E-03,-3.396E-02
2.54510E-03,-3.796E-02
2.54510E-03,-3.476E-02
2.54519E-03,-3.556E-02
2.54519E-03,-2.916E-02
2.54528E-03,-2.996E-02
2.54528E-03,-2.036E-02
2.54537E-03,-2.116E-02
2.54537E-03,-9.164E-03
2.54546E-03,-9.964E-03
2.54546E-03,2.036E-03
2.54554E-03,2.036E-03
2.54554E-03,1.324E-02
2.54563E-03,1.244E-02
2.54563E-03,2.204E-02
2.54572E-03,2.124E-02
2.54572E-03,2.684E-02
2.54581E-03,2.684E-02
2.54581E-03,3.004E-02
2.54590E-03,2.764E-02
2.54590E-03,3.004E-02
2.54598E-03,2.284E-02
2.54598E-03,2.844E-02
2.54607E-03,1.564E-02
2.54607E-03,2.364E-02
2.54616E-03,6.036E-03
2.54616E-03,1.644E-02
2.54625E-03,-2.764E-03
2.54625E-03,6.836E-03
2.54634E-03,-1.236E-02
2.54634E-03,-1.964E-03
2.54642E-03,-1.956E-02
2.54642E-03,-1.156E-02
2.54651E-03,-2.516E-02
2.54651E-03,-1.876E-02
2.54660E-03,-2.676E-02
2.54660E-03,-2.356E-02
2.54669E-03,-2.676E-02
2.54669E-03,-2.516E-02
2.54678E-03,-2.516E-02
2.54678E-03,-2.116E-02
2.54686E-03,-2.196E-02
2.54686E-03,-1.556E-02
2.54695E-03,-1.556E-02
2.54695E-03,-8.364E-03
2.54704E-03,-9.164E-03
2.54704E-03,-3.643E-04
2.54713E-03,-1.164E-03
2.54713E-03,6.836E-03
2.54722E-03,6.036E-03
2.54722E-03,1.324E-02
2.54730E-03,1.244E-02
2.54730E-03,1.724E-02
2.54739E-03,1.644E-02
2.54739E-03,1.884E-02
2.54748E-03,1.724E-02
2.54748E-03,1.884E-02
2.54757E-03,1.484E-02
2.54757E-03,1.804E-02
2.54766E-03,1.004E-02
2.54766E-03,1.564E-02
2.54774E-03,4.436E-03
2.54774E-03,1.084E-02
2.54783E-03,-1.964E-03
2.54783E-03,5.236E-03
2.54792E-03,-6.764E-03
2.54792E-03,-3.643E-04
2.54801E-03,-1.156E-02
2.54801E-03,-5.964E-03
2.54810E-03,-1.476E-02
2.54810E-03,-1.076E-02
2.54818E-03,-1.636E-02
2.54818E-03,-1.316E-02
2.54827E-03,-1.636E-02
2.54827E-03,-1.396E-02
2.54836E-03,-1.556E-02
2.54836E-03,-1.236E-02
2.54845E-03,-1.316E-02
2.54845E-03,-9.164E-03
2.54854E-03,-9.964E-03
2.54854E-03,-5.964E-03
2.54862E-03,-5.964E-03
2.54862E-03,-1.164E-03
2.54871E-03,-1.964E-03
2.54871E-03,2.836E-03
2.54880E-03,2.036E-03
2.54880E-03,6.036E-03
2.54889E-03,5.236E-03
2.54889E-03,8.436E-03
2.54898E-03,7.636E-03
2.54898E-03,1.004E-02
2.54906E-03,7.636E-03
2.54906E-03,1.004E-02
2.54915E-03,6.836E-03
2.54915E-03,9.236E-03
2.54924E-03,4.436E-03
2.54924E-03,7.636E-03
2.54933E-03,4.357E-04
2.54933E-03,6.036E-03
2.54942E-03,-1.164E-03
2.54942E-03,3.636E-03
2.54950E-03,-3.564E-03
2.54950E-03,4.357E-04
2.54959E-03,-5.964E-03
2.54959E-03,-2.764E-03
2.54968E-03,-6.764E-03
2.54968E-03,-5.164E-03
2.54977E-03,-7.564E-03
2.54977E-03,-5.964E-03
2.54986E-03,-8.364E-03
2.54986E-03,-6.764E-03
2.54994E-03,-7.564E-03
2.54994E-03,-5.964E-03
2.55003E-03,-6.764E-03
2.55003E-03,-4.364E-03
2.55012E-03,-5.964E-03
2.55012E-03,-2.764E-03
2.55021E-03,-3.564E-03
2.55021E-03,-1.164E-03
2.55030E-03,-1.964E-03
2.55030E-03,4.357E-04
2.55038E-03,-3.643E-04
2.55038E-03,1.236E-03
2.55047E-03,4.357E-04
2.55047E-03,2.836E-03
2.55056E-03,1.236E-03
2.55056E-03,3.636E-03
2.55065E-03,1.236E-03
2.55065E-03,3.636E-03
2.55074E-03,1.236E-03
2.55074E-03,3.636E-03
2.55082E-03,4.357E-04
2.55082E-03,3.636E-03
2.55091E-03,-3.643E-04
2.55091E-03,2.036E-03
2.55100E-03,-1.164E-03
2.55100E-03,1.236E-03
2.55109E-03,-1.964E-03
2.55109E-03,4.357E-04
2.55118E-03,-2.764E-03
2.55118E-03,-1.164E-03
2.55126E-03,-3.564E-03
2.55126E-03,-1.964E-03
2.55135E-03,-4.364E-03
2.55135E-03,-1.964E-03
2.55144E-03,-4.364E-03
2.55144E-03,-2.764E-03
2.55153E-03,-4.364E-03
2.55153E-03,-2.764E-03
2.55162E-03,-3.564E-03
2.55162E-03,-1.964E-03
2.55170E-03,-3.564E-03
2.55170E-03,-1.164E-03
2.55179E-03,-2.764E-03
2.55179E-03,-3.643E-04
2.55188E-03,-1.964E-03
2.55188E-03,4.357E-04
2.55197E-03,-1.164E-03
2.55197E-03,1.236E-03
2.55206E-03,-3.643E-04
2.55206E-03,1.236E-03
2.55214E-03,4.357E-04
2.55214E-03,2.036E-03
2.55223E-03,4.357E-04
2.55223E-03,2.836E-03
2.55232E-03,4.357E-04
2.55232E-03,2.036E-03
2.55241E-03,4.357E-04
2.55241E-03,2.036E-03
2.55250E-03,-3.643E-04
2.55250E-03,1.236E-03
2.55258E-03,-1.164E-03
2.55258E-03,1.236E-03
2.55267E-03,-2.764E-03
2.55267E-03,4.357E-04
2.55276E-03,-3.564E-03
2.55276E-03,-1.164E-03
2.55285E-03,-4.364E-03
2.55285E-03,-1.964E-03
2.55294E-03,-5.964E-03
2.55294E-03,-2.764E-03
2.55302E-03,-5.964E-03
2.55302E-03,-4.364E-03
2.55311E-03,-5.964E-03
2.55311E-03,-4.364E-03
2.55320E-03,-5.964E-03
2.55320E-03,-4.364E-03
2.55329E-03,-5.164E-03
2.55329E-03,-2.764E-03
2.55338E-03,-4.364E-03
2.55338E-03,-1.164E-03
2.55346E-03,-2.764E-03
2.55346E-03,4.357E-04
2.55355E-03,-1.164E-03
2.55355E-03,2.036E-03
2.55364E-03,1.236E-03
2.55364E-03,4.436E-03
2.55373E-03,2.836E-03
2.55373E-03,5.236E-03
2.55382E-03,4.436E-03
2.55382E-03,6.836E-03
2.55390E-03,5.236E-03
2.55390E-03,6.836E-03
2.55399E-03,4.436E-03
2.55399E-03,6.836E-03
2.55408E-03,2.836E-03
2.55408E-03,6.036E-03
2.55417E-03,1.236E-03
2.55417E-03,3.636E-03
2.55426E-03,-2.764E-03
2.55426E-03,1.236E-03
2.55434E-03,-5.964E-03
2.55434E-03,-3.643E-04
2.55443E-03,-8.364E-03
2.55443E-03,-4.364E-03
2.55452E-03,-1.076E-02
2.55452E-03,-6.764E-03
2.55461E-03,-1.236E-02
2.55461E-03,-9.964E-03
2.55470E-03,-1.316E-02
2.55470E-03,-1.076E-02
2.55478E-03,-1.316E-02
2.55478E-03,-9.964E-03
2.55487E-03,-1.156E-02
2.55487E-03,-7.564E-03
2.55496E-03,-9.164E-03
2.55496E-03,-4.364E-03
2.55505E-03,-5.164E-03
2.55505E-03,4.357E-04
2.55514E-03,-1.164E-03
2.55514E-03,4.436E-03
2.55522E-03,3.636E-03
2.55522E-03,9.236E-03
2.55531E-03,8.436E-03
2.55531E-03,1.324E-02
2.55540E-03,1.164E-02
2.55540E-03,1.484E-02
2.55549E-03,1.404E-02
2.55549E-03,1.564E-02
2.55558E-03,1.244E-02
2.55558E-03,1.484E-02
2.55566E-03,9.236E-03
2.55566E-03,1.324E-02
2.55575E-03,4.436E-03
2.55575E-03,9.236E-03
2.55584E-03,-1.964E-03
2.55584E-03,5.236E-03
2.55593E-03,-8.364E-03
2.55593E-03,-1.164E-03
2.55602E-03,-1.396E-02
2.55602E-03,-7.564E-03
2.55610E-03,-1.956E-02
2.55610E-03,-1.316E-02
2.55619E-03,-2.196E-02
2.55619E-03,-1.876E-02
2.55628E-03,-2.276E-02
2.55628E-03,-2.036E-02
2.55637E-03,-2.276E-02
2.55637E-03,-1.956E-02
2.55646E-03,-2.036E-02
2.55646E-03,-1.476E-02
2.55654E-03,-1.556E-02
2.55654E-03,-8.364E-03
2.55663E-03,-9.164E-03
2.55663E-03,-3.643E-04
2.55672E-03,-1.964E-03
2.55672E-03,7.636E-03
2.55681E-03,6.836E-03
2.55681E-03,1.484E-02
2.55690E-03,1.484E-02
2.55690E-03,2.124E-02
2.55698E-03,2.044E-02
2.55698E-03,2.524E-02
2.55707E-03,2.364E-02
2.55707E-03,2.604E-02
2.55716E-03,2.204E-02
2.55716E-03,2.604E-02
2.55725E-03,1.724E-02
2.55725E-03,2.284E-02
2.55734E-03,1.004E-02
2.55734E-03,1.804E-02
2.55742E-03,-3.643E-04
2.55742E-03,1.004E-02
2.55751E-03,-1.076E-02
2.55751E-03,4.357E-04
2.55760E-03,-2.036E-02
2.55760E-03,-9.964E-03
2.55769E-03,-2.756E-02
2.55769E-03,-1.956E-02
2.55778E-03,-3.236E-02
2.55778E-03,-2.756E-02
2.55786E-03,-3.396E-02
2.55786E-03,-3.156E-02
2.55795E-03,-3.396E-02
2.55795E-03,-2.996E-02
2.55804E-03,-3.076E-02
2.55804E-03,-2.356E-02
2.55813E-03,-2.436E-02
2.55813E-03,-1.396E-02
2.55822E-03,-1.476E-02
2.55822E-03,-3.564E-03
2.55830E-03,-4.364E-03
2.55830E-03,8.436E-03
2.55839E-03,8.436E-03
2.55839E-03,1.964E-02
2.55848E-03,1.884E-02
2.55848E-03,2.924E-02
2.55857E-03,2.844E-02
2.55857E-03,3.404E-02
2.55866E-03,3.404E-02
2.55866E-03,3.644E-02
2.55874E-03,3.244E-02
2.55874E-03,3.644E-02
2.55883E-03,2.524E-02
2.55883E-03,3.324E-02
2.55892E-03,1.564E-02
2.55892E-03,2.604E-02
2.55901E-03,1.236E-03
2.55901E-03,1.564E-02
2.55910E-03,-1.156E-02
2.55910E-03,2.836E-03
2.55918E-03,-2.436E-02
2.55918E-03,-1.076E-02
2.55927E-03,-3.476E-02
2.55927E-03,-2.436E-02
2.55936E-03,-4.116E-02
2.55936E-03,-3.316E-02
2.55945E-03,-4.356E-02
2.55945E-03,-3.956E-02
2.55954E-03,-4.276E-02
2.55954E-03,-3.956E-02
2.55962E-03,-3.956E-02
2.55962E-03,-3.156E-02
2.55971E-03,-3.236E-02
2.55971E-03,-1.956E-02
2.55980E-03,-2.036E-02
2.55980E-03,-5.964E-03
2.55989E-03,-6.764E-03
2.55989E-03,7.636E-03
2.55998E-03,7.636E-03
2.55998E-03,2.284E-02
2.56006E-03,2.204E-02
2.56006E-03,3.324E-02
2.56015E-03,3.244E-02
2.56015E-03,4.044E-02
2.56024E-03,4.044E-02
2.56024E-03,4.364E-02
2.56033E-03,3.964E-02
2.56033E-03,4.364E-02
2.56042E-03,3.164E-02
2.56042E-03,4.044E-02
2.56050E-03,1.964E-02
2.56050E-03,3.244E-02
2.56059E-03,5.236E-03
2.56059E-03,2.124E-02
2.56068E-03,-9.964E-03
2.56068E-03,6.036E-03
2.56077E-03,-2.436E-02
2.56077E-03,-9.164E-03
2.56086E-03,-3.716E-02
2.56086E-03,-2.436E-02
2.56094E-03,-4.516E-02
2.56094E-03,-3.636E-02
2.56103E-03,-4.756E-02
2.56103E-03,-4.436E-02
2.56112E-03,-4.836E-02
2.56112E-03,-4.436E-02
2.56121E-03,-4.516E-02
2.56121E-03,-3.636E-02
2.56130E-03,-3.716E-02
2.56130E-03,-2.516E-02
2.56138E-03,-2.516E-02
2.56138E-03,-9.964E-03
2.56147E-03,-9.964E-03
2.56147E-03,6.836E-03
2.56156E-03,6.036E-03
2.56156E-03,2.124E-02
2.56165E-03,2.124E-02
2.56165E-03,3.404E-02
2.56174E-03,3.324E-02
2.56174E-03,4.204E-02
2.56182E-03,4.124E-02
2.56182E-03,4.604E-02
2.56191E-03,4.284E-02
2.56191E-03,4.604E-02
2.56200E-03,3.484E-02
2.56200E-03,4.364E-02
2.56209E-03,2.284E-02
2.56209E-03,3.564E-02
2.56218E-03,8.436E-03
2.56218E-03,2.364E-02
2.56226E-03,-6.764E-03
2.56226E-03,9.236E-03
2.56235E-03,-2.276E-02
2.56235E-03,-6.764E-03
2.56244E-03,-3.476E-02
2.56244E-03,-2.196E-02
2.56253E-03,-4.356E-02
2.56253E-03,-3.396E-02
2.56262E-03,-4.756E-02
2.56262E-03,-4.356E-02
2.56270E-03,-4.756E-02
2.56270E-03,-4.436E-02
2.56279E-03,-4.596E-02
2.56279E-03,-3.796E-02
2.56288E-03,-3.876E-02
2.56288E-03,-2.676E-02
2.56297E-03,-2.676E-02
2.56297E-03,-1.236E-02
2.56306E-03,-1.236E-02
2.56306E-03,2.836E-03
2.56314E-03,2.036E-03
2.56314E-03,1.804E-02
2.56323E-03,1.804E-02
2.56323E-03,3.004E-02
2.56332E-03,3.004E-02
2.56332E-03,3.884E-02
2.56341E-03,3.804E-02
2.56341E-03,4.284E-02
2.56350E-03,4.044E-02
2.56350E-03,4.284E-02
2.56358E-03,3.404E-02
2.56358E-03,4.124E-02
2.56367E-03,2.364E-02
2.56367E-03,3.484E-02
2.56376E-03,1.004E-02
2.56376E-03,2.364E-02
2.56385E-03,-4.364E-03
2.56385E-03,1.084E-02
2.56394E-03,-1.876E-02
2.56394E-03,-3.564E-03
2.56402E-03,-2.996E-02
2.56402E-03,-1.796E-02
2.56411E-03,-3.796E-02
2.56411E-03,-2.916E-02
2.56420E-03,-4.356E-02
2.56420E-03,-3.636E-02
2.56429E-03,-4.356E-02
2.56429E-03,-3.876E-02
2.56438E-03,-4.116E-02
2.56438E-03,-3.396E-02
2.56446E-03,-3.556E-02
2.56446E-03,-2.436E-02
2.56455E-03,-2.516E-02
2.56455E-03,-1.316E-02
2.56464E-03,-1.316E-02
2.56464E-03,4.357E-04
2.56473E-03,-3.643E-04
2.56473E-03,1.244E-02
2.56482E-03,1.244E-02
2.56482E-03,2.364E-02
2.56490E-03,2.204E-02
2.56490E-03,3.084E-02
2.56499E-03,3.004E-02
2.56499E-03,3.564E-02
2.56508E-03,3.324E-02
2.56508E-03,3.564E-02
2.56517E-03,2.844E-02
2.56517E-03,3.404E-02
2.56526E-03,2.044E-02
2.56526E-03,2.924E-02
2.56534E-03,1.004E-02
2.56534E-03,2.124E-02
2.56543E-03,-1.164E-03
2.56543E-03,1.084E-02
2.56552E-03,-1.236E-02
2.56552E-03,-3.643E-04
2.56561E-03,-2.196E-02
2.56561E-03,-1.156E-02
2.56570E-03,-2.916E-02
2.56570E-03,-2.116E-02
2.56578E-03,-3.236E-02
2.56578E-03,-2.836E-02
2.56587E-03,-3.236E-02
2.56587E-03,-3.076E-02
2.56596E-03,-3.156E-02
2.56596E-03,-2.676E-02
2.56605E-03,-2.756E-02
2.56605E-03,-2.036E-02
2.56614E-03,-2.116E-02
2.56614E-03,-1.076E-02
2.56622E-03,-1.236E-02
2.56622E-03,-1.964E-03
2.56631E-03,-1.964E-03
2.56631E-03,7.636E-03
2.56640E-03,6.836E-03
2.56640E-03,1.564E-02
2.56649E-03,1.484E-02
2.56649E-03,2.124E-02
2.56658E-03,2.044E-02
2.56658E-03,2.444E-02
2.56666E-03,2.284E-02
2.56666E-03,2.444E-02
2.56675E-03,2.044E-02
2.56675E-03,2.444E-02
2.56684E-03,1.484E-02
2.56684E-03,2.124E-02
2.56693E-03,8.436E-03
2.56693E-03,1.564E-02
2.56702E-03,4.357E-04
2.56702E-03,8.436E-03
2.56710E-03,-7.564E-03
2.56710E-03,4.357E-04
2.56719E-03,-1.396E-02
2.56719E-03,-6.764E-03
2.56728E-03,-1.876E-02
2.56728E-03,-1.316E-02
2.56737E-03,-2.116E-02
2.56737E-03,-1.796E-02
2.56746E-03,-2.116E-02
2.56746E-03,-1.956E-02
2.56754E-03,-2.116E-02
2.56754E-03,-1.796E-02
2.56763E-03,-1.796E-02
2.56763E-03,-1.316E-02
2.56772E-03,-1.476E-02
2.56772E-03,-8.364E-03
2.56781E-03,-9.164E-03
2.56781E-03,-1.964E-03
2.56790E-03,-2.764E-03
2.56790E-03,3.636E-03
2.56798E-03,2.036E-03
2.56798E-03,9.236E-03
2.56807E-03,6.836E-03
2.56807E-03,1.164E-02
2.56816E-03,1.084E-02
2.56816E-03,1.404E-02
2.56825E-03,1.244E-02
2.56825E-03,1.404E-02
2.56834E-03,1.164E-02
2.56834E-03,1.404E-02
2.56842E-03,8.436E-03
2.56842E-03,1.164E-02
2.56851E-03,4.436E-03
2.56851E-03,8.436E-03
2.56860E-03,-3.643E-04
2.56860E-03,5.236E-03
2.56869E-03,-4.364E-03
2.56869E-03,1.236E-03
2.56878E-03,-7.564E-03
2.56878E-03,-2.764E-03
2.56886E-03,-9.964E-03
2.56886E-03,-6.764E-03
2.56895E-03,-1.156E-02
2.56895E-03,-9.164E-03
2.56904E-03,-1.156E-02
2.56904E-03,-9.964E-03
2.56913E-03,-1.156E-02
2.56913E-03,-8.364E-03
2.56922E-03,-1.076E-02
2.56922E-03,-5.964E-03
2.56930E-03,-9.164E-03
2.56930E-03,-4.364E-03
2.56939E-03,-5.964E-03
2.56939E-03,-1.964E-03
2.56948E-03,-2.764E-03
2.56948E-03,1.236E-03
2.56957E-03,-3.643E-04
2.56957E-03,2.836E-03
2.56966E-03,2.036E-03
2.56966E-03,4.436E-03
2.56974E-03,3.636E-03
2.56974E-03,6.036E-03
2.56983E-03,4.436E-03
2.56983E-03,6.036E-03
2.56992E-03,3.636E-03
2.56992E-03,6.036E-03
2.57001E-03,2.836E-03
2.57001E-03,5.236E-03
2.57010E-03,1.236E-03
2.57010E-03,3.636E-03
2.57018E-03,-3.643E-04
2.57018E-03,2.036E-03
2.57027E-03,-1.964E-03
2.57027E-03,4.357E-04
2.57036E-03,-3.564E-03
2.57036E-03,-1.164E-03
2.57045E-03,-4.364E-03
2.57045E-03,-2.764E-03
2.57054E-03,-5.164E-03
2.57054E-03,-3.564E-03
2.57062E-03,-5.164E-03
2.57062E-03,-3.564E-03
2.57071E-03,-5.164E-03
2.57071E-03,-3.564E-03
2.57080E-03,-5.164E-03
2.57080E-03,-3.564E-03
2.57089E-03,-4.364E-03
2.57089E-03,-1.964E-03
2.57098E-03,-3.564E-03
2.57098E-03,-1.164E-03
2.57106E-03,-1.964E-03
2.57106E-03,4.357E-04
2.57115E-03,-1.164E-03
2.57115E-03,4.357E-04
2.57124E-03,-3.643E-04
2.57124E-03,1.236E-03
2.57133E-03,4.357E-04
2.57133E-03,2.036E-03
2.57142E-03,4.357E-04
2.57142E-03,2.036E-03
2.57150E-03,4.357E-04
2.57150E-03,2.036E-03
2.57159E-03,4.357E-04
2.57159E-03,2.036E-03
2.57168E-03,-3.643E-04
2.57168E-03,1.236E-03
2.57177E-03,-1.164E-03
2.57177E-03,1.236E-03
2.57186E-03,-1.964E-03
2.57186E-03,4.357E-04
2.57194E-03,-2.764E-03
2.57194E-03,-1.164E-03
2.57203E-03,-3.564E-03
2.57203E-03,-1.964E-03
2.57212E-03,-3.564E-03
2.57212E-03,-1.964E-03
2.57221E-03,-4.364E-03
2.57221E-03,-2.764E-03
2.57230E-03,-4.364E-03
2.57230E-03,-2.764E-03
2.57238E-03,-4.364E-03
2.57238E-03,-2.764E-03
2.57247E-03,-3.564E-03
2.57247E-03,-1.964E-03
2.57256E-03,-3.564E-03
2.57256E-03,-1.164E-03
2.57265E-03,-1.964E-03
2.57265E-03,-3.643E-04
2.57274E-03,-1.164E-03
2.57274E-03,1.236E-03
2.57282E-03,-3.643E-04
2.57282E-03,2.036E-03
2.57291E-03,4.357E-04
2.57291E-03,2.836E-03
2.57300E-03,2.036E-03
2.57300E-03,3.636E-03
2.57309E-03,2.036E-03
2.57309E-03,3.636E-03
2.57318E-03,2.036E-03
2.57318E-03,3.636E-03
2.57326E-03,1.236E-03
2.57326E-03,3.636E-03
2.57335E-03,-3.643E-04
2.57335E-03,2.836E-03
2.57344E-03,-1.964E-03
2.57344E-03,1.236E-03
2.57353E-03,-3.564E-03
2.57353E-03,-1.164E-03
2.57362E-03,-5.964E-03
2.57362E-03,-2.764E-03
2.57370E-03,-7.564E-03
2.57370E-03,-4.364E-03
2.57379E-03,-8.364E-03
2.57379E-03,-6.764E-03
2.57388E-03,-9.164E-03
2.57388E-03,-7.564E-03
2.57397E-03,-8.364E-03
2.57397E-03,-7.564E-03
2.57406E-03,-8.364E-03
2.57406E-03,-5.964E-03
2.57414E-03,-7.564E-03
2.57414E-03,-1.964E-03
2.57423E-03,-5.964E-03
2.57423E-03,-3.643E-04
2.57432E-03,-1.964E-03
2.57432E-03,2.836E-03
2.57441E-03,2.036E-03
2.57441E-03,5.236E-03
2.57450E-03,4.436E-03
2.57450E-03,7.636E-03
2.57458E-03,6.836E-03
2.57458E-03,1.004E-02
2.57467E-03,8.436E-03
2.57467E-03,1.084E-02
2.57476E-03,8.436E-03
2.57476E-03,1.084E-02
2.57485E-03,6.036E-03
2.57485E-03,1.004E-02
2.57494E-03,2.836E-03
2.57494E-03,7.636E-03
2.57502E-03,-1.164E-03
2.57502E-03,3.636E-03
2.57511E-03,-5.964E-03
2.57511E-03,-3.643E-04
2.57520E-03,-9.964E-03
2.57520E-03,-5.164E-03
2.57529E-03,-1.396E-02
2.57529E-03,-9.164E-03
2.57538E-03,-1.636E-02
2.57538E-03,-1.316E-02
2.57546E-03,-1.796E-02
2.57546E-03,-1.556E-02
2.57555E-03,-1.796E-02
2.57555E-03,-1.556E-02
2.57564E-03,-1.636E-02
2.57564E-03,-1.236E-02
2.57573E-03,-1.316E-02
2.57573E-03,-7.564E-03
2.57582E-03,-8.364E-03
2.57582E-03,-1.964E-03
2.57590E-03,-2.764E-03
2.57590E-03,4.436E-03
2.57599E-03,3.636E-03
2.57599E-03,1.084E-02
2.57608E-03,1.004E-02
2.57608E-03,1.564E-02
2.57617E-03,1.484E-02
2.57617E-03,1.884E-02
2.57626E-03,1.804E-02
2.57626E-03,2.044E-02
2.57634E-03,1.804E-02
2.57634E-03,2.044E-02
2.57643E-03,1.484E-02
2.57643E-03,1.884E-02
2.57652E-03,7.636E-03
2.57652E-03,1.564E-02
2.57661E-03,4.357E-04
2.57661E-03,8.436E-03
2.57670E-03,-6.764E-03
2.57670E-03,1.236E-03
2.57678E-03,-1.556E-02
2.57678E-03,-6.764E-03
2.57687E-03,-2.196E-02
2.57687E-03,-1.396E-02
2.57696E-03,-2.676E-02
2.57696E-03,-2.196E-02
2.57705E-03,-2.836E-02
2.57705E-03,-2.516E-02
2.57714E-03,-2.836E-02
2.57714E-03,-2.596E-02
2.57722E-03,-2.676E-02
2.57722E-03,-2.116E-02
2.57731E-03,-2.196E-02
2.57731E-03,-1.396E-02
2.57740E-03,-1.476E-02
2.57740E-03,-4.364E-03
2.57749E-03,-5.164E-03
2.57749E-03,5.236E-03
2.57758E-03,5.236E-03
2.57758E-03,1.564E-02
2.57766E-03,1.484E-02
2.57766E-03,2.284E-02
2.57775E-03,2.284E-02
2.57775E-03,2.924E-02
2.57784E-03,2.844E-02
2.57784E-03,3.164E-02
2.57793E-03,2.924E-02
2.57793E-03,3.164E-02
2.57802E-03,2.364E-02
2.57802E-03,2.924E-02
2.57810E-03,1.484E-02
2.57810E-03,2.364E-02
2.57819E-03,3.636E-03
2.57819E-03,1.564E-02
2.57828E-03,-8.364E-03
2.57828E-03,4.436E-03
2.57837E-03,-1.956E-02
2.57837E-03,-6.764E-03
2.57846E-03,-2.916E-02
2.57846E-03,-1.956E-02
2.57854E-03,-3.556E-02
2.57854E-03,-2.916E-02
2.57863E-03,-3.876E-02
2.57863E-03,-3.476E-02
2.57872E-03,-3.876E-02
2.57872E-03,-3.636E-02
2.57881E-03,-3.716E-02
2.57881E-03,-2.996E-02
2.57890E-03,-3.076E-02
2.57890E-03,-2.116E-02
2.57898E-03,-2.116E-02
2.57898E-03,-7.564E-03
2.57907E-03,-8.364E-03
2.57907E-03,4.436E-03
2.57916E-03,3.636E-03
2.57916E-03,1.884E-02
2.57925E-03,1.804E-02
2.57925E-03,2.924E-02
2.57934E-03,2.764E-02
2.57934E-03,3.644E-02
2.57942E-03,3.564E-02
2.57942E-03,4.044E-02
2.57951E-03,3.804E-02
2.57951E-03,4.044E-02
2.57960E-03,3.164E-02
2.57960E-03,3.884E-02
2.57969E-03,2.124E-02
2.57969E-03,3.244E-02
2.57978E-03,7.636E-03
2.57978E-03,2.204E-02
2.57986E-03,-6.764E-03
2.57986E-03,8.436E-03
2.57995E-03,-2.116E-02
2.57995E-03,-6.764E-03
2.58004E-03,-3.316E-02
2.58004E-03,-2.036E-02
2.58013E-03,-4.196E-02
2.58013E-03,-3.316E-02
2.58022E-03,-4.516E-02
2.58022E-03,-4.116E-02
2.58030E-03,-4.596E-02
2.58030E-03,-4.356E-02
2.58039E-03,-4.436E-02
2.58039E-03,-3.716E-02
2.58048E-03,-3.796E-02
2.58048E-03,-2.596E-02
2.58057E-03,-2.676E-02
2.58057E-03,-1.156E-02
2.58066E-03,-1.236E-02
2.58066E-03,3.636E-03
2.58074E-03,2.836E-03
2.58074E-03,1.804E-02
2.58083E-03,1.804E-02
2.58083E-03,3.164E-02
2.58092E-03,3.084E-02
2.58092E-03,4.044E-02
2.58101E-03,3.964E-02
2.58101E-03,4.524E-02
2.58110E-03,4.364E-02
2.58110E-03,4.524E-02
2.58118E-03,3.644E-02
2.58118E-03,4.364E-02
2.58127E-03,2.604E-02
2.58127E-03,3.724E-02
2.58136E-03,1.164E-02
2.58136E-03,2.604E-02
2.58145E-03,-3.564E-03
2.58145E-03,1.244E-02
2.58154E-03,-1.956E-02
2.58154E-03,-3.564E-03
2.58162E-03,-3.316E-02
2.58162E-03,-1.876E-02
2.58171E-03,-4.276E-02
2.58171E-03,-3.236E-02
2.58180E-03,-4.756E-02
2.58180E-03,-4.196E-02
2.58189E-03,-4.836E-02
2.58189E-03,-4.596E-02
2.58198E-03,-4.756E-02
2.58198E-03,-4.036E-02
2.58206E-03,-4.036E-02
2.58206E-03,-2.916E-02
2.58215E-03,-2.996E-02
2.58215E-03,-1.556E-02
2.58224E-03,-1.556E-02
2.58224E-03,1.236E-03
2.58233E-03,4.357E-04
2.58233E-03,1.564E-02
2.58242E-03,1.564E-02
2.58242E-03,2.924E-02
2.58250E-03,2.924E-02
2.58250E-03,3.884E-02
2.58259E-03,3.884E-02
2.58259E-03,4.444E-02
2.58268E-03,4.364E-02
2.58268E-03,4.524E-02
2.58277E-03,3.724E-02
2.58277E-03,4.444E-02
2.58286E-03,2.764E-02
2.58286E-03,3.884E-02
2.58294E-03,1.324E-02
2.58294E-03,2.764E-02
2.58303E-03,-1.164E-03
2.58303E-03,1.484E-02
2.58312E-03,-1.636E-02
2.58312E-03,-3.643E-04
2.58321E-03,-2.916E-02
2.58321E-03,-1.556E-02
2.58330E-03,-3.956E-02
2.58330E-03,-2.916E-02
2.58338E-03,-4.436E-02
2.58338E-03,-3.876E-02
2.58347E-03,-4.516E-02
2.58347E-03,-4.356E-02
2.58356E-03,-4.436E-02
2.58356E-03,-3.876E-02
2.58365E-03,-3.876E-02
2.58365E-03,-2.916E-02
2.58374E-03,-2.996E-02
2.58374E-03,-1.716E-02
2.58382E-03,-1.716E-02
2.58382E-03,-1.964E-03
2.58391E-03,-2.764E-03
2.58391E-03,1.164E-02
2.58400E-03,1.164E-02
2.58400E-03,2.444E-02
2.58409E-03,2.444E-02
2.58409E-03,3.404E-02
2.58418E-03,3.164E-02
2.58418E-03,3.884E-02
2.58426E-03,3.644E-02
2.58426E-03,3.964E-02
2.58435E-03,3.324E-02
2.58435E-03,3.884E-02
2.58444E-03,2.524E-02
2.58444E-03,3.404E-02
2.58453E-03,1.404E-02
2.58453E-03,2.524E-02
2.58462E-03,1.236E-03
2.58462E-03,1.484E-02
2.58470E-03,-1.156E-02
2.58470E-03,2.036E-03
2.58479E-03,-2.276E-02
2.58479E-03,-1.076E-02
2.58488E-03,-3.156E-02
2.58488E-03,-2.276E-02
2.58497E-03,-3.636E-02
2.58497E-03,-3.076E-02
2.58506E-03,-3.716E-02
2.58506E-03,-3.556E-02
2.58514E-03,-3.716E-02
2.58514E-03,-3.236E-02
2.58523E-03,-3.316E-02
2.58523E-03,-2.516E-02
2.58532E-03,-2.596E-02
2.58532E-03,-1.556E-02
2.58541E-03,-1.636E-02
2.58541E-03,-3.564E-03
2.58550E-03,-4.364E-03
2.58550E-03,6.836E-03
2.58558E-03,6.836E-03
2.58558E-03,1.804E-02
2.58567E-03,1.644E-02
2.58567E-03,2.524E-02
2.58576E-03,2.444E-02
2.58576E-03,2.924E-02
2.58585E-03,2.844E-02
2.58585E-03,3.004E-02
2.58594E-03,2.604E-02
2.58594E-03,3.004E-02
2.58602E-03,1.964E-02
2.58602E-03,2.684E-02
2.58611E-03,1.164E-02
2.58611E-03,2.044E-02
2.58620E-03,2.036E-03
2.58620E-03,1.244E-02
2.58629E-03,-7.564E-03
2.58629E-03,2.836E-03
2.58638E-03,-1.636E-02
2.58638E-03,-6.764E-03
2.58646E-03,-2.196E-02
2.58646E-03,-1.556E-02
2.58655E-03,-2.596E-02
2.58655E-03,-2.116E-02
2.58664E-03,-2.676E-02
2.58664E-03,-2.516E-02
2.58673E-03,-2.676E-02
2.58673E-03,-2.356E-02
2.58682E-03,-2.356E-02
2.58682E-03,-1.796E-02
2.58690E-03,-1.956E-02
2.58690E-03,-1.156E-02
2.58699E-03,-1.236E-02
2.58699E-03,-4.364E-03
2.58708E-03,-5.164E-03
2.58708E-03,3.636E-03
2.58717E-03,2.836E-03
2.58717E-03,1.004E-02
2.58726E-03,1.004E-02
2.58726E-03,1.564E-02
2.58734E-03,1.484E-02
2.58734E-03,1.804E-02
2.58743E-03,1.724E-02
2.58743E-03,1.964E-02
2.58752E-03,1.644E-02
2.58752E-03,1.884E-02
2.58761E-03,1.324E-02
2.58761E-03,1.804E-02
2.58770E-03,7.636E-03
2.58770E-03,1.324E-02
2.58778E-03,2.036E-03
2.58778E-03,8.436E-03
2.58787E-03,-3.564E-03
2.58787E-03,2.836E-03
2.58796E-03,-9.164E-03
2.58796E-03,-2.764E-03
2.58805E-03,-1.316E-02
2.58805E-03,-8.364E-03
2.58814E-03,-1.556E-02
2.58814E-03,-1.236E-02
2.58822E-03,-1.636E-02
2.58822E-03,-1.396E-02
2.58831E-03,-1.556E-02
2.58831E-03,-1.396E-02
2.58840E-03,-1.476E-02
2.58840E-03,-1.076E-02
2.58849E-03,-1.236E-02
2.58849E-03,-7.564E-03
2.58858E-03,-8.364E-03
2.58858E-03,-3.564E-03
2.58866E-03,-4.364E-03
2.58866E-03,1.236E-03
2.58875E-03,-3.643E-04
2.58875E-03,4.436E-03
2.58884E-03,3.636E-03
2.58884E-03,6.836E-03
2.58893E-03,6.036E-03
2.58893E-03,9.236E-03
2.58902E-03,6.836E-03
2.58902E-03,1.084E-02
2.58910E-03,6.036E-03
2.58910E-03,1.084E-02
2.58919E-03,5.236E-03
2.58919E-03,8.436E-03
2.58928E-03,3.636E-03
2.58928E-03,7.636E-03
2.58937E-03,4.357E-04
2.58937E-03,4.436E-03
2.58946E-03,-1.964E-03
2.58946E-03,1.236E-03
2.58954E-03,-4.364E-03
2.58954E-03,-1.164E-03
2.58963E-03,-6.764E-03
2.58963E-03,-3.564E-03
2.58972E-03,-7.564E-03
2.58972E-03,-5.164E-03
2.58981E-03,-8.364E-03
2.58981E-03,-6.764E-03
2.58990E-03,-8.364E-03
2.58990E-03,-6.764E-03
2.58998E-03,-7.564E-03
2.58998E-03,-5.164E-03
2.59007E-03,-5.964E-03
2.59007E-03,-3.564E-03
2.59016E-03,-5.164E-03
2.59016E-03,-1.964E-03
2.59025E-03,-2.764E-03
2.59025E-03,-3.643E-04
2.59034E-03,-1.164E-03
2.59034E-03,1.236E-03
2.59042E-03,-3.643E-04
2.59042E-03,2.036E-03
2.59051E-03,1.236E-03
2.59051E-03,2.836E-03
2.59060E-03,2.036E-03
2.59060E-03,3.636E-03
2.59069E-03,2.036E-03
2.59069E-03,3.636E-03
2.59078E-03,1.236E-03
2.59078E-03,3.636E-03
2.59086E-03,-3.643E-04
2.59086E-03,2.036E-03
2.59095E-03,-1.164E-03
2.59095E-03,1.236E-03
2.59104E-03,-1.964E-03
2.59104E-03,4.357E-04
2.59113E-03,-2.764E-03
2.59113E-03,-1.164E-03
2.59122E-03,-3.564E-03
2.59122E-03,-1.164E-03
2.59130E-03,-3.564E-03
2.59130E-03,-1.964E-03
2.59139E-03,-4.364E-03
2.59139E-03,-2.764E-03
2.59148E-03,-4.364E-03
2.59148E-03,-2.764E-03
2.59157E-03,-4.364E-03
2.59157E-03,-2.764E-03
2.59166E-03,-4.364E-03
2.59166E-03,-1.964E-03
2.59174E-03,-3.564E-03
2.59174E-03,-1.164E-03
2.59183E-03,-2.764E-03
2.59183E-03,-1.164E-03
2.59192E-03,-1.964E-03
2.59192E-03,4.357E-04
2.59201E-03,-1.164E-03
2.59201E-03,1.236E-03
2.59210E-03,-3.643E-04
2.59210E-03,1.236E-03
2.59218E-03,4.357E-04
2.59218E-03,2.036E-03
2.59227E-03,4.357E-04
2.59227E-03,2.036E-03
2.59236E-03,4.357E-04
2.59236E-03,2.036E-03
2.59245E-03,4.357E-04
2.59245E-03,2.036E-03
2.59254E-03,-3.643E-04
2.59254E-03,1.236E-03
2.59262E-03,-1.964E-03
2.59262E-03,4.357E-04
2.59271E-03,-2.764E-03
2.59271E-03,-3.643E-04
2.59280E-03,-3.564E-03
2.59280E-03,-1.964E-03
2.59289E-03,-5.164E-03
2.59289E-03,-2.764E-03
2.59298E-03,-5.164E-03
2.59298E-03,-4.364E-03
2.59306E-03,-5.964E-03
2.59306E-03,-4.364E-03
2.59315E-03,-5.964E-03
2.59315E-03,-4.364E-03
2.59324E-03,-5.964E-03
2.59324E-03,-4.364E-03
2.59333E-03,-5.164E-03
2.59333E-03,-2.764E-03
2.59342E-03,-3.564E-03
2.59342E-03,-1.164E-03
2.59350E-03,-1.964E-03
2.59350E-03,4.357E-04
2.59359E-03,-3.643E-04
2.59359E-03,2.836E-03
2.59368E-03,1.236E-03
2.59368E-03,4.436E-03
2.59377E-03,3.636E-03
2.59377E-03,6.036E-03
2.59386E-03,4.436E-03
2.59386E-03,6.036E-03
2.59394E-03,4.436E-03
2.59394E-03,6.836E-03
2.59403E-03,2.836E-03
2.59403E-03,6.836E-03
2.59412E-03,1.236E-03
2.59412E-03,5.236E-03
2.59421E-03,-1.164E-03
2.59421E-03,2.836E-03
2.59430E-03,-3.564E-03
2.59430E-03,4.357E-04
2.59438E-03,-6.764E-03
2.59438E-03,-3.564E-03
2.59447E-03,-9.964E-03
2.59447E-03,-5.964E-03
2.59456E-03,-1.156E-02
2.59456E-03,-9.164E-03
2.59465E-03,-1.316E-02
2.59465E-03,-1.076E-02
2.59474E-03,-1.316E-02
2.59474E-03,-1.156E-02
2.59482E-03,-1.236E-02
2.59482E-03,-9.164E-03
2.59491E-03,-1.076E-02
2.59491E-03,-6.764E-03
2.59500E-03,-7.564E-03
2.59500E-03,-1.964E-03
2.59509E-03,-3.564E-03
2.59509E-03,2.836E-03
2.59518E-03,1.236E-03
2.59518E-03,6.836E-03
2.59526E-03,6.036E-03
2.59526E-03,1.084E-02
2.59535E-03,1.004E-02
2.59535E-03,1.324E-02
2.59544E-03,1.324E-02
2.59544E-03,1.484E-02
2.59553E-03,1.324E-02
2.59553E-03,1.564E-02
2.59562E-03,1.164E-02
2.59562E-03,1.404E-02
2.59570E-03,6.836E-03
2.59570E-03,1.164E-02
2.59579E-03,1.236E-03
2.59579E-03,7.636E-03
2.59588E-03,-5.164E-03
2.59588E-03,2.036E-03
2.59597E-03,-1.156E-02
2.59597E-03,-4.364E-03
2.59606E-03,-1.636E-02
2.59606E-03,-9.964E-03
2.59614E-03,-2.116E-02
2.59614E-03,-1.556E-02
2.59623E-03,-2.276E-02
2.59623E-03,-1.956E-02
2.59632E-03,-2.276E-02
2.59632E-03,-2.116E-02
2.59641E-03,-2.196E-02
2.59641E-03,-1.796E-02
2.59650E-03,-1.876E-02
2.59650E-03,-1.316E-02
2.59658E-03,-1.316E-02
2.59658E-03,-5.164E-03
2.59667E-03,-5.964E-03
2.59667E-03,2.836E-03
2.59676E-03,2.036E-03
2.59676E-03,1.084E-02
2.59685E-03,1.004E-02
2.59685E-03,1.804E-02
2.59694E-03,1.804E-02
2.59694E-03,2.364E-02
2.59702E-03,2.284E-02
2.59702E-03,2.524E-02
2.59711E-03,2.444E-02
2.59711E-03,2.604E-02
2.59720E-03,2.044E-02
2.59720E-03,2.524E-02
2.59729E-03,1.324E-02
2.59729E-03,2.044E-02
2.59738E-03,4.436E-03
2.59738E-03,1.484E-02
2.59746E-03,-5.164E-03
2.59746E-03,5.236E-03
2.59755E-03,-1.476E-02
2.59755E-03,-4.364E-03
2.59764E-03,-2.356E-02
2.59764E-03,-1.396E-02
2.59773E-03,-2.996E-02
2.59773E-03,-2.276E-02
2.59782E-03,-3.316E-02
2.59782E-03,-2.916E-02
2.59790E-03,-3.396E-02
2.59790E-03,-3.236E-02
2.59799E-03,-3.316E-02
2.59799E-03,-2.756E-02
2.59808E-03,-2.836E-02
2.59808E-03,-2.036E-02
2.59817E-03,-2.036E-02
2.59817E-03,-9.164E-03
2.59826E-03,-9.964E-03
2.59826E-03,2.036E-03
2.59834E-03,2.036E-03
2.59834E-03,1.324E-02
2.59843E-03,1.324E-02
2.59843E-03,2.444E-02
2.59852E-03,2.364E-02
2.59852E-03,3.244E-02
2.59861E-03,3.084E-02
2.59861E-03,3.644E-02
2.59870E-03,3.484E-02
2.59870E-03,3.644E-02
2.59878E-03,3.004E-02
2.59878E-03,3.564E-02
2.59887E-03,2.044E-02
2.59887E-03,3.004E-02
2.59896E-03,7.636E-03
2.59896E-03,2.124E-02
2.59905E-03,-2.764E-03
2.59905E-03,1.004E-02
2.59914E-03,-1.796E-02
2.59914E-03,-2.764E-03
2.59922E-03,-2.916E-02
2.59922E-03,-1.716E-02
2.59931E-03,-3.796E-02
2.59931E-03,-2.836E-02
2.59940E-03,-4.276E-02
2.59940E-03,-3.636E-02
2.59949E-03,-4.356E-02
2.59949E-03,-4.116E-02
2.59958E-03,-4.196E-02
2.59958E-03,-3.556E-02
2.59966E-03,-3.636E-02
2.59966E-03,-2.756E-02
2.59975E-03,-2.756E-02
2.59975E-03,-1.396E-02
2.59984E-03,-1.476E-02
2.59984E-03,4.357E-04
2.59993E-03,-3.643E-04
2.59993E-03,1.484E-02
2.60002E-03,1.404E-02
2.60002E-03,2.764E-02
2.60010E-03,2.764E-02
2.60010E-03,3.724E-02
2.60019E-03,3.644E-02
2.60019E-03,4.284E-02
2.60028E-03,4.204E-02
2.60028E-03,4.364E-02
2.60037E-03,3.724E-02
2.60037E-03,4.284E-02
2.60046E-03,2.684E-02
2.60046E-03,3.804E-02
2.60054E-03,1.404E-02
2.60054E-03,2.764E-02
2.60063E-03,-1.164E-03
2.60063E-03,1.484E-02
2.60072E-03,-1.716E-02
2.60072E-03,-1.164E-03
2.60081E-03,-3.076E-02
2.60081E-03,-1.556E-02
2.60090E-03,-4.116E-02
2.60090E-03,-2.996E-02
2.60098E-03,-4.676E-02
2.60098E-03,-4.036E-02
2.60107E-03,-4.836E-02
2.60107E-03,-4.596E-02
2.60116E-03,-4.756E-02
2.60116E-03,-4.196E-02
2.60125E-03,-4.196E-02
2.60125E-03,-3.156E-02
2.60134E-03,-3.236E-02
2.60134E-03,-1.796E-02
2.60142E-03,-1.876E-02
2.60142E-03,-1.964E-03
2.60151E-03,-2.764E-03
2.60151E-03,1.324E-02
2.60160E-03,1.244E-02
2.60160E-03,2.764E-02
2.60169E-03,2.684E-02
2.60169E-03,3.804E-02
2.60178E-03,3.804E-02
2.60178E-03,4.444E-02
2.60186E-03,4.364E-02
2.60186E-03,4.604E-02
2.60195E-03,3.964E-02
2.60195E-03,4.604E-02
2.60204E-03,3.084E-02
2.60204E-03,4.044E-02
2.60213E-03,1.644E-02
2.60213E-03,3.084E-02
2.60222E-03,1.236E-03
2.60222E-03,1.804E-02
2.60230E-03,-1.476E-02
2.60230E-03,1.236E-03
2.60239E-03,-2.836E-02
2.60239E-03,-1.396E-02
2.60248E-03,-3.956E-02
2.60248E-03,-2.836E-02
2.60257E-03,-4.596E-02
2.60257E-03,-3.876E-02
2.60266E-03,-4.836E-02
2.60266E-03,-4.516E-02
2.60274E-03,-4.676E-02
2.60274E-03,-4.196E-02
2.60283E-03,-4.276E-02
2.60283E-03,-3.316E-02
2.60292E-03,-3.316E-02
2.60292E-03,-2.036E-02
2.60301E-03,-2.036E-02
2.60301E-03,-5.164E-03
2.60310E-03,-5.164E-03
2.60310E-03,1.084E-02
2.60318E-03,1.004E-02
2.60318E-03,2.444E-02
2.60327E-03,2.364E-02
2.60327E-03,3.484E-02
2.60336E-03,3.484E-02
2.60336E-03,4.124E-02
2.60345E-03,4.044E-02
2.60345E-03,4.284E-02
2.60354E-03,3.724E-02
2.60354E-03,4.204E-02
2.60362E-03,3.004E-02
2.60362E-03,3.884E-02
2.60371E-03,1.804E-02
2.60371E-03,3.004E-02
2.60380E-03,3.636E-03
2.60380E-03,1.804E-02
2.60389E-03,-9.964E-03
2.60389E-03,4.436E-03
2.60398E-03,-2.516E-02
2.60398E-03,-9.164E-03
2.60406E-03,-3.396E-02
2.60406E-03,-2.356E-02
2.60415E-03,-4.036E-02
2.60415E-03,-3.236E-02
2.60424E-03,-4.196E-02
2.60424E-03,-3.956E-02
2.60433E-03,-4.116E-02
2.60433E-03,-3.716E-02
2.60442E-03,-3.876E-02
2.60442E-03,-3.076E-02
2.60450E-03,-3.156E-02
2.60450E-03,-1.956E-02
2.60459E-03,-1.956E-02
2.60459E-03,-6.764E-03
2.60468E-03,-7.564E-03
2.60468E-03,6.836E-03
2.60477E-03,6.036E-03
2.60477E-03,1.804E-02
2.60486E-03,1.804E-02
2.60486E-03,2.764E-02
2.60494E-03,2.684E-02
2.60494E-03,3.324E-02
2.60503E-03,3.244E-02
2.60503E-03,3.564E-02
2.60512E-03,3.164E-02
2.60512E-03,3.484E-02
2.60521E-03,2.524E-02
2.60521E-03,3.244E-02
2.60530E-03,1.644E-02
2.60530E-03,2.604E-02
2.60538E-03,4.436E-03
2.60538E-03,1.724E-02
2.60547E-03,-6.764E-03
2.60547E-03,5.236E-03
2.60556E-03,-1.716E-02
2.60556E-03,-5.964E-03
2.60565E-03,-2.516E-02
2.60565E-03,-1.636E-02
2.60574E-03,-3.076E-02
2.60574E-03,-2.516E-02
2.60582E-03,-3.236E-02
2.60582E-03,-2.996E-02
2.60591E-03,-3.236E-02
2.60591E-03,-2.996E-02
2.60600E-03,-2.996E-02
2.60600E-03,-2.356E-02
2.60609E-03,-2.436E-02
2.60609E-03,-1.636E-02
2.60618E-03,-1.716E-02
2.60618E-03,-6.764E-03
2.60626E-03,-7.564E-03
2.60626E-03,2.836E-03
2.60635E-03,2.036E-03
2.60635E-03,1.164E-02
2.60644E-03,1.084E-02
2.60644E-03,1.884E-02
2.60653E-03,1.804E-02
2.60653E-03,2.284E-02
2.60662E-03,2.204E-02
2.60662E-03,2.524E-02
2.60670E-03,2.204E-02
2.60670E-03,2.444E-02
2.60679E-03,1.804E-02
2.60679E-03,2.284E-02
2.60688E-03,1.164E-02
2.60688E-03,1.884E-02
2.60697E-03,4.436E-03
2.60697E-03,1.244E-02
2.60706E-03,-3.564E-03
2.60706E-03,4.436E-03
2.60714E-03,-9.964E-03
2.60714E-03,-2.764E-03
2.60723E-03,-1.636E-02
2.60723E-03,-9.964E-03
2.60732E-03,-2.036E-02
2.60732E-03,-1.556E-02
2.60741E-03,-2.116E-02
2.60741E-03,-1.956E-02
2.60750E-03,-2.116E-02
2.60750E-03,-1.956E-02
2.60758E-03,-1.956E-02
2.60758E-03,-1.636E-02
2.60767E-03,-1.636E-02
2.60767E-03,-1.156E-02
2.60776E-03,-1.236E-02
2.60776E-03,-5.964E-03
2.60785E-03,-5.964E-03
2.60785E-03,4.357E-04
2.60794E-03,-1.164E-03
2.60794E-03,6.036E-03
2.60802E-03,5.236E-03
2.60802E-03,1.004E-02
2.60811E-03,9.236E-03
2.60811E-03,1.324E-02
2.60820E-03,1.164E-02
2.60820E-03,1.404E-02
2.60829E-03,1.164E-02
2.60829E-03,1.404E-02
2.60838E-03,1.004E-02
2.60838E-03,1.324E-02
2.60846E-03,6.836E-03
2.60846E-03,1.084E-02
2.60855E-03,2.036E-03
2.60855E-03,6.836E-03
2.60864E-03,-1.964E-03
2.60864E-03,3.636E-03
2.60873E-03,-5.964E-03
2.60873E-03,-1.164E-03
2.60882E-03,-9.164E-03
2.60882E-03,-5.164E-03
2.60890E-03,-1.236E-02
2.60890E-03,-7.564E-03
2.60899E-03,-1.316E-02
2.60899E-03,-8.364E-03
2.60908E-03,-1.236E-02
2.60908E-03,-9.964E-03
2.60917E-03,-1.156E-02
2.60917E-03,-8.364E-03
2.60926E-03,-9.164E-03
2.60926E-03,-5.964E-03
2.60934E-03,-6.764E-03
2.60934E-03,-3.564E-03
2.60943E-03,-4.364E-03
2.60943E-03,-3.643E-04
2.60952E-03,-1.964E-03
2.60952E-03,2.036E-03
2.60961E-03,4.357E-04
2.60961E-03,3.636E-03
2.60970E-03,2.836E-03
2.60970E-03,5.236E-03
2.60978E-03,3.636E-03
2.60978E-03,5.236E-03
2.60987E-03,4.436E-03
2.60987E-03,6.036E-03
2.60996E-03,2.836E-03
2.60996E-03,5.236E-03
2.61005E-03,2.036E-03
2.61005E-03,4.436E-03
2.61014E-03,4.357E-04
2.61014E-03,2.836E-03
2.61022E-03,-1.164E-03
2.61022E-03,1.236E-03
2.61031E-03,-2.764E-03
2.61031E-03,-3.643E-04
2.61040E-03,-4.364E-03
2.61040E-03,-1.964E-03
2.61049E-03,-5.164E-03
2.61049E-03,-2.764E-03
2.61058E-03,-5.964E-03
2.61058E-03,-3.564E-03
2.61066E-03,-5.164E-03
2.61066E-03,-3.564E-03
2.61075E-03,-5.164E-03
2.61075E-03,-3.564E-03
2.61084E-03,-4.364E-03
2.61084E-03,-2.764E-03
2.61093E-03,-3.564E-03
2.61093E-03,-1.964E-03
2.61102E-03,-2.764E-03
2.61102E-03,-1.164E-03
2.61110E-03,-1.964E-03
2.61110E-03,4.357E-04
2.61119E-03,-1.164E-03
2.61119E-03,1.236E-03
2.61128E-03,-3.643E-04
2.61128E-03,2.036E-03
2.61137E-03,4.357E-04
2.61137E-03,2.036E-03
2.61146E-03,4.357E-04
2.61146E-03,2.036E-03
2.61154E-03,4.357E-04
2.61154E-03,2.036E-03
2.61163E-03,-3.643E-04
2.61163E-03,2.036E-03
2.61172E-03,-3.643E-04
2.61172E-03,1.236E-03
2.61181E-03,-1.964E-03
2.61181E-03,4.357E-04
2.61190E-03,-1.964E-03
2.61190E-03,4.357E-04
2.61198E-03,-2.764E-03
2.61198E-03,-1.164E-03
2.61207E-03,-3.564E-03
2.61207E-03,-1.964E-03
2.61216E-03,-4.364E-03
2.61216E-03,-2.764E-03
2.61225E-03,-4.364E-03
2.61225E-03,-2.764E-03
2.61234E-03,-4.364E-03
2.61234E-03,-2.764E-03
2.61242E-03,-4.364E-03
2.61242E-03,-2.764E-03
2.61251E-03,-3.564E-03
2.61251E-03,-1.964E-03
2.61260E-03,-2.764E-03
2.61260E-03,-1.164E-03
2.61269E-03,-2.764E-03
2.61269E-03,4.357E-04
2.61278E-03,-1.164E-03
2.61278E-03,1.236E-03
2.61286E-03,4.357E-04
2.61286E-03,2.036E-03
2.61295E-03,1.236E-03
2.61295E-03,2.836E-03
2.61304E-03,2.036E-03
2.61304E-03,3.636E-03
2.61313E-03,2.036E-03
2.61313E-03,3.636E-03
2.61322E-03,2.036E-03
2.61322E-03,3.636E-03
2.61330E-03,4.357E-04
2.61330E-03,2.836E-03
2.61339E-03,-3.643E-04
2.61339E-03,1.236E-03
2.61348E-03,-2.764E-03
2.61348E-03,4.357E-04
2.61357E-03,-4.364E-03
2.61357E-03,-1.964E-03
2.61366E-03,-6.764E-03
2.61366E-03,-3.564E-03
2.61374E-03,-7.564E-03
2.61374E-03,-5.164E-03
2.61383E-03,-9.164E-03
2.61383E-03,-6.764E-03
2.61392E-03,-9.964E-03
2.61392E-03,-5.964E-03
2.61401E-03,-9.164E-03
2.61401E-03,-5.964E-03
2.61410E-03,-8.364E-03
2.61410E-03,-5.164E-03
2.61418E-03,-5.964E-03
2.61418E-03,-2.764E-03
2.61427E-03,-3.564E-03
2.61427E-03,4.357E-04
2.61436E-03,-3.643E-04
2.61436E-03,3.636E-03
2.61445E-03,2.836E-03
2.61445E-03,6.836E-03
2.61454E-03,6.036E-03
2.61454E-03,9.236E-03
2.61462E-03,7.636E-03
2.61462E-03,1.084E-02
2.61471E-03,9.236E-03
2.61471E-03,1.084E-02
2.61480E-03,7.636E-03
2.61480E-03,1.004E-02
2.61489E-03,5.236E-03
2.61489E-03,8.436E-03
2.61498E-03,1.236E-03
2.61498E-03,6.036E-03
2.61506E-03,-3.564E-03
2.61506E-03,2.036E-03
2.61515E-03,-8.364E-03
2.61515E-03,-2.764E-03
2.61524E-03,-1.236E-02
2.61524E-03,-7.564E-03
2.61533E-03,-1.556E-02
2.61533E-03,-1.076E-02
2.61542E-03,-1.716E-02
2.61542E-03,-1.396E-02
2.61550E-03,-1.796E-02
2.61550E-03,-1.556E-02
2.61559E-03,-1.716E-02
2.61559E-03,-1.396E-02
2.61568E-03,-1.556E-02
2.61568E-03,-1.076E-02
2.61577E-03,-1.076E-02
2.61577E-03,-5.164E-03
2.61586E-03,-5.964E-03
2.61586E-03,1.236E-03
2.61594E-03,4.357E-04
2.61594E-03,7.636E-03
2.61603E-03,6.836E-03
2.61603E-03,1.324E-02
2.61612E-03,1.244E-02
2.61612E-03,1.724E-02
2.61621E-03,1.644E-02
2.61621E-03,2.044E-02
2.61630E-03,1.884E-02
2.61630E-03,2.044E-02
2.61638E-03,1.644E-02
2.61638E-03,2.044E-02
2.61647E-03,1.164E-02
2.61647E-03,1.804E-02
2.61656E-03,5.236E-03
2.61656E-03,1.244E-02
2.61665E-03,-2.764E-03
2.61665E-03,5.236E-03
2.61674E-03,-1.156E-02
2.61674E-03,-2.764E-03
2.61682E-03,-1.876E-02
2.61682E-03,-9.964E-03
2.61691E-03,-2.516E-02
2.61691E-03,-1.876E-02
2.61700E-03,-2.756E-02
2.61700E-03,-2.436E-02
2.61709E-03,-2.916E-02
2.61709E-03,-2.676E-02
2.61718E-03,-2.836E-02
2.61718E-03,-2.436E-02
2.61726E-03,-2.436E-02
2.61726E-03,-1.876E-02
2.61735E-03,-1.876E-02
2.61735E-03,-9.164E-03
2.61744E-03,-9.964E-03
2.61744E-03,-3.643E-04
2.61753E-03,-3.643E-04
2.61753E-03,1.004E-02
2.61762E-03,1.004E-02
2.61762E-03,1.964E-02
2.61770E-03,1.884E-02
2.61770E-03,2.684E-02
2.61779E-03,2.604E-02
2.61779E-03,3.004E-02
2.61788E-03,3.004E-02
2.61788E-03,3.164E-02
2.61797E-03,2.684E-02
2.61797E-03,3.084E-02
2.61806E-03,1.964E-02
2.61806E-03,2.764E-02
2.61814E-03,1.004E-02
2.61814E-03,2.044E-02
2.61823E-03,-1.164E-03
2.61823E-03,1.084E-02
2.61832E-03,-1.316E-02
2.61832E-03,-1.164E-03
2.61841E-03,-2.436E-02
2.61841E-03,-1.236E-02
2.61850E-03,-3.236E-02
2.61850E-03,-2.356E-02
2.61858E-03,-3.716E-02
2.61858E-03,-3.236E-02
2.61867E-03,-3.876E-02
2.61867E-03,-3.636E-02
2.61876E-03,-3.876E-02
2.61876E-03,-3.396E-02
2.61885E-03,-3.476E-02
2.61885E-03,-2.516E-02
2.61894E-03,-2.836E-02
2.61894E-03,-1.556E-02
2.61902E-03,-1.556E-02
2.61902E-03,-1.964E-03
2.61911E-03,-2.764E-03
2.61911E-03,1.164E-02
2.61920E-03,1.084E-02
2.61920E-03,2.364E-02
2.61929E-03,2.284E-02
2.61929E-03,3.324E-02
2.61938E-03,3.244E-02
2.61938E-03,3.884E-02
2.61946E-03,3.804E-02
2.61946E-03,4.044E-02
2.61955E-03,3.564E-02
2.61955E-03,4.044E-02
2.61964E-03,2.684E-02
2.61964E-03,3.644E-02
2.61973E-03,1.484E-02
2.61973E-03,2.764E-02
2.61982E-03,1.236E-03
2.61982E-03,1.564E-02
2.61990E-03,-1.396E-02
2.61990E-03,2.036E-03
2.61999E-03,-2.676E-02
2.61999E-03,-1.316E-02
2.62008E-03,-3.796E-02
2.62008E-03,-2.676E-02
2.62017E-03,-4.436E-02
2.62017E-03,-3.716E-02
2.62026E-03,-4.596E-02
2.62026E-03,-4.356E-02
2.62034E-03,-4.596E-02
2.62034E-03,-4.116E-02
2.62043E-03,-4.196E-02
2.62043E-03,-3.236E-02
2.62052E-03,-3.316E-02
2.62052E-03,-2.036E-02
2.62061E-03,-2.116E-02
2.62061E-03,-5.164E-03
2.62070E-03,-5.164E-03
2.62070E-03,1.084E-02
2.62078E-03,1.004E-02
2.62078E-03,2.444E-02
2.62087E-03,2.364E-02
2.62087E-03,3.644E-02
2.62096E-03,3.644E-02
2.62096E-03,4.364E-02
2.62105E-03,4.284E-02
2.62105E-03,4.524E-02
2.62114E-03,4.124E-02
2.62114E-03,4.524E-02
2.62122E-03,3.244E-02
2.62122E-03,4.124E-02
2.62131E-03,1.964E-02
2.62131E-03,3.324E-02
2.62140E-03,4.436E-03
2.62140E-03,2.044E-02
2.62149E-03,-1.076E-02
2.62149E-03,5.236E-03
2.62158E-03,-2.676E-02
2.62158E-03,-1.076E-02
2.62166E-03,-3.796E-02
2.62166E-03,-2.596E-02
2.62175E-03,-4.596E-02
2.62175E-03,-3.716E-02
2.62184E-03,-4.836E-02
2.62184E-03,-4.516E-02
2.62193E-03,-4.836E-02
2.62193E-03,-4.436E-02
2.62202E-03,-4.436E-02
2.62202E-03,-3.556E-02
2.62210E-03,-3.636E-02
2.62210E-03,-2.276E-02
2.62219E-03,-2.356E-02
2.62219E-03,-7.564E-03
2.62228E-03,-8.364E-03
2.62228E-03,8.436E-03
2.62237E-03,7.636E-03
2.62237E-03,2.284E-02
2.62246E-03,2.204E-02
2.62246E-03,3.484E-02
2.62254E-03,3.404E-02
2.62254E-03,4.284E-02
2.62263E-03,4.204E-02
2.62263E-03,4.524E-02
2.62272E-03,4.124E-02
2.62272E-03,4.524E-02
2.62281E-03,3.324E-02
2.62281E-03,4.204E-02
2.62290E-03,2.124E-02
2.62290E-03,3.404E-02
2.62298E-03,6.836E-03
2.62298E-03,2.284E-02
2.62307E-03,-8.364E-03
2.62307E-03,7.636E-03
2.62316E-03,-2.276E-02
2.62316E-03,-8.364E-03
2.62325E-03,-3.396E-02
2.62325E-03,-2.196E-02
2.62334E-03,-4.196E-02
2.62334E-03,-3.396E-02
2.62342E-03,-4.596E-02
2.62342E-03,-4.116E-02
2.62351E-03,-4.516E-02
2.62351E-03,-4.196E-02
2.62360E-03,-4.276E-02
2.62360E-03,-3.476E-02
2.62369E-03,-3.556E-02
2.62369E-03,-2.356E-02
2.62378E-03,-2.356E-02
2.62378E-03,-9.964E-03
2.62386E-03,-9.964E-03
2.62386E-03,4.436E-03
2.62395E-03,3.636E-03
2.62395E-03,1.804E-02
2.62404E-03,1.804E-02
2.62404E-03,2.924E-02
2.62413E-03,2.844E-02
2.62413E-03,3.644E-02
2.62422E-03,3.564E-02
2.62422E-03,3.964E-02
2.62430E-03,3.724E-02
2.62430E-03,3.964E-02
2.62439E-03,3.084E-02
2.62439E-03,3.804E-02
2.62448E-03,2.044E-02
2.62448E-03,3.164E-02
2.62457E-03,8.436E-03
2.62457E-03,2.124E-02
2.62466E-03,-4.364E-03
2.62466E-03,9.236E-03
2.62474E-03,-1.716E-02
2.62474E-03,-4.364E-03
2.62483E-03,-2.756E-02
2.62483E-03,-1.636E-02
2.62492E-03,-3.476E-02
2.62492E-03,-2.676E-02
2.62501E-03,-3.716E-02
2.62501E-03,-3.396E-02
2.62510E-03,-3.716E-02
2.62510E-03,-3.556E-02
2.62518E-03,-3.556E-02
2.62518E-03,-2.996E-02
2.62527E-03,-2.996E-02
2.62527E-03,-2.116E-02
2.62536E-03,-2.196E-02
2.62536E-03,-9.964E-03
2.62545E-03,-1.076E-02
2.62545E-03,1.236E-03
2.62554E-03,4.357E-04
2.62554E-03,1.244E-02
2.62562E-03,1.164E-02
2.62562E-03,2.124E-02
2.62571E-03,2.044E-02
2.62571E-03,2.764E-02
2.62580E-03,2.684E-02
2.62580E-03,3.004E-02
2.62589E-03,2.844E-02
2.62589E-03,3.004E-02
2.62598E-03,2.364E-02
2.62598E-03,2.924E-02
2.62606E-03,1.724E-02
2.62606E-03,2.444E-02
2.62615E-03,7.636E-03
2.62615E-03,1.724E-02
2.62624E-03,-1.964E-03
2.62624E-03,7.636E-03
2.62633E-03,-1.156E-02
2.62633E-03,-1.964E-03
2.62642E-03,-1.956E-02
2.62642E-03,-1.076E-02
2.62650E-03,-2.436E-02
2.62650E-03,-1.796E-02
2.62659E-03,-2.676E-02
2.62659E-03,-2.356E-02
2.62668E-03,-2.676E-02
2.62668E-03,-2.516E-02
2.62677E-03,-2.596E-02
2.62677E-03,-2.116E-02
2.62686E-03,-2.196E-02
2.62686E-03,-1.556E-02
2.62694E-03,-1.636E-02
2.62694E-03,-8.364E-03
2.62703E-03,-9.164E-03
2.62703E-03,-3.643E-04
2.62712E-03,-1.964E-03
2.62712E-03,6.036E-03
2.62721E-03,6.036E-03
2.62721E-03,1.244E-02
2.62730E-03,1.164E-02
2.62730E-03,1.724E-02
2.62738E-03,1.644E-02
2.62738E-03,1.884E-02
2.62747E-03,1.724E-02
2.62747E-03,1.884E-02
2.62756E-03,1.484E-02
2.62756E-03,1.804E-02
2.62765E-03,1.084E-02
2.62765E-03,1.564E-02
2.62774E-03,4.436E-03
2.62774E-03,1.164E-02
2.62782E-03,-1.164E-03
2.62782E-03,5.236E-03
2.62791E-03,-6.764E-03
2.62791E-03,-3.643E-04
2.62800E-03,-1.156E-02
2.62800E-03,-5.164E-03
2.62809E-03,-1.476E-02
2.62809E-03,-1.076E-02
2.62818E-03,-1.636E-02
2.62818E-03,-1.316E-02
2.62826E-03,-1.636E-02
2.62826E-03,-1.476E-02
2.62835E-03,-1.556E-02
2.62835E-03,-1.316E-02
2.62844E-03,-1.396E-02
2.62844E-03,-9.964E-03
2.62853E-03,-1.076E-02
2.62853E-03,-5.964E-03
2.62862E-03,-6.764E-03
2.62862E-03,-1.164E-03
2.62870E-03,-2.764E-03
2.62870E-03,2.836E-03
2.62879E-03,1.236E-03
2.62879E-03,6.836E-03
2.62888E-03,3.636E-03
2.62888E-03,9.236E-03
2.62897E-03,6.836E-03
2.62897E-03,9.236E-03
2.62906E-03,7.636E-03
2.62906E-03,9.236E-03
2.62914E-03,6.836E-03
2.62914E-03,9.236E-03
2.62923E-03,4.436E-03
2.62923E-03,7.636E-03
2.62932E-03,2.036E-03
2.62932E-03,6.036E-03
2.62941E-03,-3.643E-04
2.62941E-03,2.836E-03
2.62950E-03,-3.564E-03
2.62950E-03,-3.643E-04
2.62958E-03,-5.164E-03
2.62958E-03,-2.764E-03
2.62967E-03,-6.764E-03
2.62967E-03,-5.164E-03
2.62976E-03,-8.364E-03
2.62976E-03,-5.964E-03
2.62985E-03,-8.364E-03
2.62985E-03,-6.764E-03
2.62994E-03,-7.564E-03
2.62994E-03,-5.964E-03
2.63002E-03,-6.764E-03
2.63002E-03,-4.364E-03
2.63011E-03,-5.164E-03
2.63011E-03,-2.764E-03
2.63020E-03,-3.564E-03
2.63020E-03,-1.164E-03
2.63029E-03,-2.764E-03
2.63029E-03,4.357E-04
2.63038E-03,-3.643E-04
2.63038E-03,2.036E-03
2.63046E-03,4.357E-04
2.63046E-03,2.836E-03
2.63055E-03,1.236E-03
2.63055E-03,2.836E-03
2.63064E-03,2.036E-03
2.63064E-03,3.636E-03
2.63073E-03,1.236E-03
2.63073E-03,2.836E-03
2.63082E-03,4.357E-04
2.63082E-03,2.836E-03
2.63090E-03,-3.643E-04
2.63090E-03,2.036E-03
2.63099E-03,-1.164E-03
2.63099E-03,1.236E-03
2.63108E-03,-1.964E-03
2.63108E-03,-3.643E-04
2.63117E-03,-3.564E-03
2.63117E-03,-1.164E-03
2.63126E-03,-3.564E-03
2.63126E-03,-1.164E-03
2.63134E-03,-4.364E-03
2.63134E-03,-2.764E-03
2.63143E-03,-4.364E-03
2.63143E-03,-2.764E-03
2.63152E-03,-4.364E-03
2.63152E-03,-2.764E-03
2.63161E-03,-4.364E-03
2.63161E-03,-2.764E-03
2.63170E-03,-3.564E-03
2.63170E-03,-1.964E-03
2.63178E-03,-2.764E-03
2.63178E-03,-3.643E-04
2.63187E-03,-1.964E-03
2.63187E-03,-3.643E-04
2.63196E-03,-1.164E-03
2.63196E-03,1.236E-03
2.63205E-03,-1.164E-03
2.63205E-03,1.236E-03
2.63214E-03,4.357E-04
2.63214E-03,2.036E-03
2.63222E-03,4.357E-04
2.63222E-03,2.036E-03
2.63231E-03,4.357E-04
2.63231E-03,2.036E-03
2.63240E-03,-3.643E-04
2.63240E-03,2.036E-03
2.63249E-03,-3.643E-04
2.63249E-03,1.236E-03
2.63258E-03,-1.164E-03
2.63258E-03,4.357E-04
2.63266E-03,-1.964E-03
2.63266E-03,4.357E-04
2.63275E-03,-3.564E-03
2.63275E-03,-1.164E-03
2.63284E-03,-4.364E-03
2.63284E-03,-2.764E-03
2.63293E-03,-5.164E-03
2.63293E-03,-2.764E-03
2.63302E-03,-5.964E-03
2.63302E-03,-4.364E-03
2.63310E-03,-5.964E-03
2.63310E-03,-4.364E-03
2.63319E-03,-5.964E-03
2.63319E-03,-4.364E-03
2.63328E-03,-5.964E-03
2.63328E-03,-3.564E-03
2.63337E-03,-4.364E-03
2.63337E-03,-1.964E-03
2.63346E-03,-2.764E-03
2.63346E-03,-3.643E-04
2.63354E-03,-1.164E-03
2.63354E-03,2.036E-03
2.63363E-03,1.236E-03
2.63363E-03,4.436E-03
2.63372E-03,2.836E-03
2.63372E-03,6.836E-03
2.63381E-03,2.036E-03
2.63381E-03,6.836E-03
2.63390E-03,4.436E-03
2.63390E-03,6.836E-03
2.63398E-03,4.436E-03
2.63398E-03,6.836E-03
2.63407E-03,2.836E-03
2.63407E-03,6.036E-03
2.63416E-03,4.357E-04
2.63416E-03,3.636E-03
2.63425E-03,-2.764E-03
2.63425E-03,1.236E-03
2.63434E-03,-5.164E-03
2.63434E-03,-1.164E-03
2.63442E-03,-8.364E-03
2.63442E-03,-4.364E-03
2.63451E-03,-1.076E-02
2.63451E-03,-7.564E-03
2.63460E-03,-1.236E-02
2.63460E-03,-9.964E-03
2.63469E-03,-1.316E-02
2.63469E-03,-1.156E-02
2.63478E-03,-1.236E-02
2.63478E-03,-1.076E-02
2.63486E-03,-1.156E-02
2.63486E-03,-8.364E-03
2.63495E-03,-9.164E-03
2.63495E-03,-4.364E-03
2.63504E-03,-5.164E-03
2.63504E-03,-3.643E-04
2.63513E-03,-1.164E-03
2.63513E-03,4.436E-03
2.63522E-03,3.636E-03
2.63522E-03,9.236E-03
2.63530E-03,8.436E-03
2.63530E-03,1.244E-02
2.63539E-03,1.164E-02
2.63539E-03,1.484E-02
2.63548E-03,1.324E-02
2.63548E-03,1.564E-02
2.63557E-03,1.324E-02
2.63557E-03,1.484E-02
2.63566E-03,9.236E-03
2.63566E-03,1.324E-02
2.63574E-03,4.436E-03
2.63574E-03,1.004E-02
2.63583E-03,-1.164E-03
2.63583E-03,5.236E-03
2.63592E-03,-7.564E-03
2.63592E-03,-1.164E-03
2.63601E-03,-1.396E-02
2.63601E-03,-6.764E-03
2.63610E-03,-1.876E-02
2.63610E-03,-1.316E-02
2.63618E-03,-2.196E-02
2.63618E-03,-1.796E-02
2.63627E-03,-2.276E-02
2.63627E-03,-2.116E-02
2.63636E-03,-2.276E-02
2.63636E-03,-2.036E-02
2.63645E-03,-2.116E-02
2.63645E-03,-1.556E-02
2.63654E-03,-1.636E-02
2.63654E-03,-9.964E-03
2.63662E-03,-9.964E-03
2.63662E-03,-1.964E-03
2.63671E-03,-2.764E-03
2.63671E-03,6.836E-03
2.63680E-03,6.036E-03
2.63680E-03,1.404E-02
2.63689E-03,1.404E-02
2.63689E-03,2.044E-02
2.63698E-03,1.964E-02
2.63698E-03,2.444E-02
2.63706E-03,2.364E-02
2.63706E-03,2.604E-02
2.63715E-03,2.284E-02
2.63715E-03,2.604E-02
2.63724E-03,1.804E-02
2.63724E-03,2.364E-02
2.63733E-03,1.004E-02
2.63733E-03,1.804E-02
2.63742E-03,4.357E-04
2.63742E-03,1.084E-02
2.63750E-03,-9.964E-03
2.63750E-03,1.236E-03
2.63759E-03,-1.956E-02
2.63759E-03,-9.164E-03
2.63768E-03,-2.676E-02
2.63768E-03,-1.876E-02
2.63777E-03,-3.236E-02
2.63777E-03,-2.676E-02
2.63786E-03,-3.396E-02
2.63786E-03,-3.156E-02
2.63794E-03,-3.396E-02
2.63794E-03,-3.076E-02
2.63803E-03,-3.156E-02
2.63803E-03,-2.436E-02
2.63812E-03,-2.516E-02
2.63812E-03,-1.556E-02
2.63821E-03,-1.556E-02
2.63821E-03,-3.564E-03
2.63830E-03,-4.364E-03
2.63830E-03,7.636E-03
2.63838E-03,6.836E-03
2.63838E-03,1.884E-02
2.63847E-03,1.884E-02
2.63847E-03,2.844E-02
2.63856E-03,2.764E-02
2.63856E-03,3.404E-02
2.63865E-03,3.324E-02
2.63865E-03,3.644E-02
2.63874E-03,3.164E-02
2.63874E-03,3.804E-02
2.63882E-03,2.524E-02
2.63882E-03,3.404E-02
2.63891E-03,1.564E-02
2.63891E-03,2.684E-02
2.63900E-03,3.636E-03
2.63900E-03,1.644E-02
2.63909E-03,-9.964E-03
2.63909E-03,4.436E-03
2.63918E-03,-2.276E-02
2.63918E-03,-9.964E-03
2.63926E-03,-3.316E-02
2.63926E-03,-2.196E-02
2.63935E-03,-4.036E-02
2.63935E-03,-3.316E-02
2.63944E-03,-4.276E-02
2.63944E-03,-3.956E-02
2.63953E-03,-4.276E-02
2.63953E-03,-3.956E-02
2.63962E-03,-4.036E-02
2.63962E-03,-3.236E-02
2.63970E-03,-3.316E-02
2.63970E-03,-2.196E-02
2.63979E-03,-2.196E-02
2.63979E-03,-7.564E-03
2.63988E-03,-8.364E-03
2.63988E-03,6.836E-03
2.63997E-03,6.036E-03
2.63997E-03,2.124E-02
2.64006E-03,2.124E-02
2.64006E-03,3.244E-02
2.64014E-03,3.244E-02
2.64014E-03,4.044E-02
2.64023E-03,3.964E-02
2.64023E-03,4.364E-02
2.64032E-03,3.964E-02
2.64032E-03,4.364E-02
2.64041E-03,3.324E-02
2.64041E-03,4.124E-02
2.64050E-03,2.124E-02
2.64050E-03,3.324E-02
2.64058E-03,6.836E-03
2.64058E-03,2.204E-02
2.64067E-03,-8.364E-03
2.64067E-03,7.636E-03
2.64076E-03,-2.276E-02
2.64076E-03,-7.564E-03
2.64085E-03,-3.556E-02
2.64085E-03,-2.276E-02
2.64094E-03,-4.436E-02
2.64094E-03,-3.556E-02
2.64102E-03,-4.756E-02
2.64102E-03,-4.356E-02
2.64111E-03,-4.756E-02
2.64111E-03,-4.436E-02
2.64120E-03,-4.516E-02
2.64120E-03,-3.716E-02
2.64129E-03,-3.796E-02
2.64129E-03,-2.516E-02
2.64138E-03,-2.596E-02
2.64138E-03,-1.076E-02
2.64146E-03,-1.076E-02
2.64146E-03,5.236E-03
2.64155E-03,5.236E-03
2.64155E-03,2.044E-02
2.64164E-03,2.044E-02
2.64164E-03,3.324E-02
2.64173E-03,3.324E-02
2.64173E-03,4.204E-02
2.64182E-03,4.124E-02
2.64182E-03,4.604E-02
2.64190E-03,4.364E-02
2.64190E-03,4.604E-02
2.64199E-03,3.644E-02
2.64199E-03,4.364E-02
2.64208E-03,2.524E-02
2.64208E-03,3.724E-02
2.64217E-03,1.084E-02
2.64217E-03,2.604E-02
2.64226E-03,-5.964E-03
2.64226E-03,1.164E-02
2.64234E-03,-2.116E-02
2.64234E-03,-5.164E-03
2.64243E-03,-3.396E-02
2.64243E-03,-2.036E-02
2.64252E-03,-4.356E-02
2.64252E-03,-3.316E-02
2.64261E-03,-4.756E-02
2.64261E-03,-4.276E-02
2.64270E-03,-4.756E-02
2.64270E-03,-4.516E-02
2.64278E-03,-4.596E-02
2.64278E-03,-3.796E-02
2.64287E-03,-3.876E-02
2.64287E-03,-2.756E-02
2.64296E-03,-2.756E-02
2.64296E-03,-1.316E-02
2.64305E-03,-1.396E-02
2.64305E-03,2.036E-03
2.64314E-03,2.036E-03
2.64314E-03,1.644E-02
2.64322E-03,1.644E-02
2.64322E-03,2.924E-02
2.64331E-03,2.924E-02
2.64331E-03,3.804E-02
2.64340E-03,3.724E-02
2.64340E-03,4.284E-02
2.64349E-03,4.044E-02
2.64349E-03,4.284E-02
2.64358E-03,3.484E-02
2.64358E-03,4.124E-02
2.64366E-03,2.364E-02
2.64366E-03,3.564E-02
2.64375E-03,1.244E-02
2.64375E-03,2.604E-02
2.64384E-03,-3.564E-03
2.64384E-03,1.324E-02
2.64393E-03,-1.636E-02
2.64393E-03,-2.764E-03
2.64402E-03,-2.916E-02
2.64402E-03,-1.556E-02
2.64410E-03,-3.716E-02
2.64410E-03,-2.836E-02
2.64419E-03,-4.116E-02
2.64419E-03,-3.636E-02
2.64428E-03,-4.196E-02
2.64428E-03,-3.956E-02
2.64437E-03,-4.036E-02
2.64437E-03,-3.476E-02
2.64446E-03,-3.476E-02
2.64446E-03,-2.596E-02
2.64454E-03,-2.596E-02
2.64454E-03,-1.396E-02
2.64463E-03,-1.396E-02
2.64463E-03,-3.643E-04
2.64472E-03,-1.164E-03
2.64472E-03,1.244E-02
2.64481E-03,1.164E-02
2.64481E-03,2.284E-02
2.64490E-03,2.204E-02
2.64490E-03,3.084E-02
2.64498E-03,3.004E-02
2.64498E-03,3.484E-02
2.64507E-03,3.324E-02
2.64507E-03,3.564E-02
2.64516E-03,2.924E-02
2.64516E-03,3.484E-02
2.64525E-03,2.124E-02
2.64525E-03,3.004E-02
2.64534E-03,1.164E-02
2.64534E-03,2.204E-02
2.64542E-03,-3.643E-04
2.64542E-03,1.164E-02
2.64551E-03,-1.156E-02
2.64551E-03,4.357E-04
2.64560E-03,-2.116E-02
2.64560E-03,-1.156E-02
2.64569E-03,-2.836E-02
2.64569E-03,-2.036E-02
2.64578E-03,-3.156E-02
2.64578E-03,-2.756E-02
2.64586E-03,-3.236E-02
2.64586E-03,-3.076E-02
2.64595E-03,-3.156E-02
2.64595E-03,-2.756E-02
2.64604E-03,-2.756E-02
2.64604E-03,-2.116E-02
2.64613E-03,-2.196E-02
2.64613E-03,-1.236E-02
2.64622E-03,-1.236E-02
2.64622E-03,-2.764E-03
2.64630E-03,-2.764E-03
2.64630E-03,6.836E-03
2.64639E-03,6.036E-03
2.64639E-03,1.564E-02
2.64648E-03,1.404E-02
2.64648E-03,2.044E-02
2.64657E-03,1.964E-02
2.64657E-03,2.364E-02
2.64666E-03,2.284E-02
2.64666E-03,2.524E-02
2.64674E-03,2.044E-02
2.64674E-03,2.364E-02
2.64683E-03,1.564E-02
2.64683E-03,2.124E-02
2.64692E-03,7.636E-03
2.64692E-03,1.564E-02
2.64701E-03,4.357E-04
2.64701E-03,8.436E-03
2.64710E-03,-7.564E-03
2.64710E-03,1.236E-03
2.64718E-03,-1.316E-02
2.64718E-03,-5.964E-03
2.64727E-03,-1.796E-02
2.64727E-03,-1.236E-02
2.64736E-03,-2.116E-02
2.64736E-03,-1.716E-02
2.64745E-03,-2.196E-02
2.64745E-03,-1.956E-02
2.64754E-03,-2.116E-02
2.64754E-03,-1.796E-02
2.64762E-03,-1.876E-02
2.64762E-03,-1.396E-02
2.64771E-03,-1.476E-02
2.64771E-03,-9.164E-03
2.64780E-03,-9.964E-03
2.64780E-03,-2.764E-03
2.64789E-03,-3.564E-03
2.64789E-03,2.036E-03
2.64798E-03,2.036E-03
2.64798E-03,7.636E-03
2.64806E-03,6.836E-03
2.64806E-03,1.164E-02
2.64815E-03,1.004E-02
2.64815E-03,1.324E-02
2.64824E-03,1.244E-02
2.64824E-03,1.404E-02
2.64833E-03,1.084E-02
2.64833E-03,1.324E-02
2.64842E-03,8.436E-03
2.64842E-03,1.164E-02
2.64850E-03,4.436E-03
2.64850E-03,9.236E-03
2.64859E-03,4.357E-04
2.64859E-03,5.236E-03
2.64868E-03,-4.364E-03
2.64868E-03,2.036E-03
2.64877E-03,-7.564E-03
2.64877E-03,-2.764E-03
2.64886E-03,-9.964E-03
2.64886E-03,-5.964E-03
2.64894E-03,-1.156E-02
2.64894E-03,-8.364E-03
2.64903E-03,-1.156E-02
2.64903E-03,-9.964E-03
2.64912E-03,-1.156E-02
2.64912E-03,-9.164E-03
2.64921E-03,-9.964E-03
2.64921E-03,-7.564E-03
2.64930E-03,-8.364E-03
2.64930E-03,-5.164E-03
2.64938E-03,-5.964E-03
2.64938E-03,-1.964E-03
2.64947E-03,-2.764E-03
2.64947E-03,4.357E-04
2.64956E-03,-3.643E-04
2.64956E-03,2.836E-03
2.64965E-03,2.036E-03
2.64965E-03,4.436E-03
2.64974E-03,3.636E-03
2.64974E-03,6.036E-03
2.64982E-03,4.436E-03
2.64982E-03,6.036E-03
2.64991E-03,4.436E-03
2.64991E-03,6.036E-03
2.65000E-03,2.836E-03
2.65000E-03,5.236E-03
2.65009E-03,1.236E-03
2.65009E-03,3.636E-03
2.65018E-03,-3.643E-04
2.65018E-03,2.036E-03
2.65026E-03,-1.964E-03
2.65026E-03,4.357E-04
2.65035E-03,-3.564E-03
2.65035E-03,-1.164E-03
2.65044E-03,-4.364E-03
2.65044E-03,-2.764E-03
2.65053E-03,-5.164E-03
2.65053E-03,-2.764E-03
2.65062E-03,-5.964E-03
2.65062E-03,-3.564E-03
2.65070E-03,-5.164E-03
2.65070E-03,-3.564E-03
2.65079E-03,-5.164E-03
2.65079E-03,-3.564E-03
2.65088E-03,-4.364E-03
2.65088E-03,-1.964E-03
2.65097E-03,-3.564E-03
2.65097E-03,-1.164E-03
2.65106E-03,-2.764E-03
2.65106E-03,-3.643E-04
2.65114E-03,-1.964E-03
2.65114E-03,4.357E-04
2.65123E-03,-3.643E-04
2.65123E-03,1.236E-03
2.65132E-03,-3.643E-04
2.65132E-03,2.036E-03
2.65141E-03,4.357E-04
2.65141E-03,2.036E-03
2.65150E-03,4.357E-04
2.65150E-03,2.036E-03
2.65158E-03,-3.643E-04
2.65158E-03,1.236E-03
2.65167E-03,-3.643E-04
2.65167E-03,1.236E-03
2.65176E-03,-1.164E-03
2.65176E-03,1.236E-03
2.65185E-03,-1.964E-03
2.65185E-03,4.357E-04
2.65194E-03,-2.764E-03
2.65194E-03,-3.643E-04
2.65202E-03,-3.564E-03
2.65202E-03,-1.164E-03
2.65211E-03,-4.364E-03
2.65211E-03,-1.964E-03
2.65220E-03,-4.364E-03
2.65220E-03,-2.764E-03
2.65229E-03,-4.364E-03
2.65229E-03,-2.764E-03
2.65238E-03,-4.364E-03
2.65238E-03,-2.764E-03
2.65246E-03,-4.364E-03
2.65246E-03,-2.764E-03
2.65255E-03,-3.564E-03
2.65255E-03,-1.164E-03
2.65264E-03,-2.764E-03
2.65264E-03,-3.643E-04
2.65273E-03,-1.964E-03
2.65273E-03,4.357E-04
2.65282E-03,-3.643E-04
2.65282E-03,2.036E-03
2.65290E-03,4.357E-04
2.65290E-03,2.836E-03
2.65299E-03,1.236E-03
2.65299E-03,3.636E-03
2.65308E-03,2.036E-03
2.65308E-03,3.636E-03
2.65317E-03,2.036E-03
2.65317E-03,3.636E-03
2.65326E-03,1.236E-03
2.65326E-03,2.836E-03
2.65334E-03,-3.643E-04
2.65334E-03,2.036E-03
2.65343E-03,-1.964E-03
2.65343E-03,1.236E-03
2.65352E-03,-3.564E-03
2.65352E-03,-1.164E-03
2.65361E-03,-6.764E-03
2.65361E-03,-1.964E-03
2.65370E-03,-7.564E-03
2.65370E-03,-3.564E-03
2.65378E-03,-8.364E-03
2.65378E-03,-5.964E-03
2.65387E-03,-9.164E-03
2.65387E-03,-6.764E-03
2.65396E-03,-9.164E-03
2.65396E-03,-6.764E-03
2.65405E-03,-8.364E-03
2.65405E-03,-5.964E-03
2.65414E-03,-6.764E-03
2.65414E-03,-4.364E-03
2.65422E-03,-4.364E-03
2.65422E-03,-1.164E-03
2.65431E-03,-1.964E-03
2.65431E-03,2.036E-03
2.65440E-03,1.236E-03
2.65440E-03,5.236E-03
2.65449E-03,4.436E-03
2.65449E-03,7.636E-03
2.65458E-03,6.836E-03
2.65458E-03,1.004E-02
2.65466E-03,8.436E-03
2.65466E-03,1.084E-02
2.65475E-03,8.436E-03
2.65475E-03,1.084E-02
2.65484E-03,6.836E-03
2.65484E-03,1.004E-02
2.65493E-03,2.836E-03
2.65493E-03,7.636E-03
2.65502E-03,-1.164E-03
2.65502E-03,4.436E-03
2.65510E-03,-5.164E-03
2.65510E-03,-3.643E-04
2.65519E-03,-9.964E-03
2.65519E-03,-4.364E-03
2.65528E-03,-1.316E-02
2.65528E-03,-9.164E-03
2.65537E-03,-1.636E-02
2.65537E-03,-1.236E-02
2.65546E-03,-1.796E-02
2.65546E-03,-1.556E-02
2.65554E-03,-1.716E-02
2.65554E-03,-1.556E-02
2.65563E-03,-1.636E-02
2.65563E-03,-1.236E-02
2.65572E-03,-1.316E-02
2.65572E-03,-8.364E-03
2.65581E-03,-9.164E-03
2.65581E-03,-2.764E-03
2.65590E-03,-3.564E-03
2.65590E-03,3.636E-03
2.65598E-03,3.636E-03
2.65598E-03,1.084E-02
2.65607E-03,9.236E-03
2.65607E-03,1.564E-02
2.65616E-03,1.484E-02
2.65616E-03,1.884E-02
2.65625E-03,1.804E-02
2.65625E-03,2.044E-02
2.65634E-03,1.804E-02
2.65634E-03,2.044E-02
2.65642E-03,1.484E-02
2.65642E-03,1.884E-02
2.65651E-03,9.236E-03
2.65651E-03,1.564E-02
2.65660E-03,1.236E-03
2.65660E-03,1.004E-02
2.65669E-03,-6.764E-03
2.65669E-03,2.036E-03
2.65678E-03,-1.476E-02
2.65678E-03,-5.964E-03
2.65686E-03,-2.196E-02
2.65686E-03,-1.396E-02
2.65695E-03,-2.676E-02
2.65695E-03,-2.116E-02
2.65704E-03,-2.836E-02
2.65704E-03,-2.596E-02
2.65713E-03,-2.836E-02
2.65713E-03,-2.596E-02
2.65722E-03,-2.676E-02
2.65722E-03,-2.196E-02
2.65730E-03,-2.196E-02
2.65730E-03,-1.476E-02
2.65739E-03,-1.476E-02
2.65739E-03,-5.164E-03
2.65748E-03,-5.964E-03
2.65748E-03,4.436E-03
2.65757E-03,3.636E-03
2.65757E-03,1.484E-02
2.65766E-03,1.404E-02
2.65766E-03,2.284E-02
2.65774E-03,2.204E-02
2.65774E-03,2.844E-02
2.65783E-03,2.764E-02
2.65783E-03,3.084E-02
2.65792E-03,2.924E-02
2.65792E-03,3.164E-02
2.65801E-03,2.364E-02
2.65801E-03,3.004E-02
2.65810E-03,1.564E-02
2.65810E-03,2.444E-02
2.65818E-03,5.236E-03
2.65818E-03,1.644E-02
2.65827E-03,-6.764E-03
2.65827E-03,6.036E-03
2.65836E-03,-1.796E-02
2.65836E-03,-5.964E-03
2.65845E-03,-2.836E-02
2.65845E-03,-1.796E-02
2.65854E-03,-3.556E-02
2.65854E-03,-2.836E-02
2.65862E-03,-3.956E-02
2.65862E-03,-3.316E-02
2.65871E-03,-3.956E-02
2.65871E-03,-3.556E-02
2.65880E-03,-3.716E-02
2.65880E-03,-3.076E-02
2.65889E-03,-3.076E-02
2.65889E-03,-2.116E-02
2.65898E-03,-2.196E-02
2.65898E-03,-9.164E-03
2.65906E-03,-9.964E-03
2.65906E-03,4.436E-03
2.65915E-03,3.636E-03
2.65915E-03,1.724E-02
2.65924E-03,1.724E-02
2.65924E-03,2.924E-02
2.65933E-03,2.844E-02
2.65933E-03,3.724E-02
2.65942E-03,3.644E-02
2.65942E-03,4.044E-02
2.65950E-03,3.804E-02
2.65950E-03,4.044E-02
2.65959E-03,3.244E-02
2.65959E-03,3.884E-02
2.65968E-03,2.284E-02
2.65968E-03,3.324E-02
2.65977E-03,1.004E-02
2.65977E-03,2.284E-02
2.65986E-03,-5.164E-03
2.65986E-03,1.004E-02
2.65994E-03,-1.956E-02
2.65994E-03,-5.164E-03
2.66003E-03,-3.156E-02
2.66003E-03,-1.876E-02
2.66012E-03,-4.116E-02
2.66012E-03,-3.156E-02
2.66021E-03,-4.596E-02
2.66021E-03,-4.036E-02
2.66030E-03,-4.596E-02
2.66030E-03,-4.356E-02
2.66038E-03,-4.436E-02
2.66038E-03,-3.716E-02
2.66047E-03,-3.796E-02
2.66047E-03,-2.676E-02
2.66056E-03,-2.756E-02
2.66056E-03,-1.316E-02
2.66065E-03,-1.396E-02
2.66065E-03,2.036E-03
2.66074E-03,2.036E-03
2.66074E-03,1.724E-02
2.66082E-03,1.724E-02
2.66082E-03,3.004E-02
2.66091E-03,3.004E-02
2.66091E-03,3.964E-02
2.66100E-03,3.964E-02
2.66100E-03,4.524E-02
2.66109E-03,4.364E-02
2.66109E-03,4.604E-02
2.66118E-03,3.804E-02
2.66118E-03,4.444E-02
2.66126E-03,2.684E-02
2.66126E-03,3.804E-02
2.66135E-03,1.324E-02
2.66135E-03,2.764E-02
2.66144E-03,-2.764E-03
2.66144E-03,1.324E-02
2.66153E-03,-1.876E-02
2.66153E-03,-1.964E-03
2.66162E-03,-3.156E-02
2.66162E-03,-1.796E-02
2.66170E-03,-4.276E-02
2.66170E-03,-3.076E-02
2.66179E-03,-4.756E-02
2.66179E-03,-4.116E-02
2.66188E-03,-4.836E-02
2.66188E-03,-4.596E-02
2.66197E-03,-4.756E-02
2.66197E-03,-4.116E-02
2.66206E-03,-4.196E-02
2.66206E-03,-2.996E-02
2.66214E-03,-3.076E-02
2.66214E-03,-1.636E-02
2.66223E-03,-1.636E-02
2.66223E-03,-3.643E-04
2.66232E-03,-1.164E-03
2.66232E-03,1.484E-02
2.66241E-03,1.404E-02
2.66241E-03,2.924E-02
2.66250E-03,2.844E-02
2.66250E-03,3.884E-02
2.66258E-03,3.804E-02
2.66258E-03,4.444E-02
2.66267E-03,4.364E-02
2.66267E-03,4.524E-02
2.66276E-03,3.804E-02
2.66276E-03,4.444E-02
2.66285E-03,2.924E-02
2.66285E-03,3.964E-02
2.66294E-03,1.564E-02
2.66294E-03,2.924E-02
2.66302E-03,-3.643E-04
2.66302E-03,1.564E-02
2.66311E-03,-1.476E-02
2.66311E-03,4.357E-04
2.66320E-03,-2.836E-02
2.66320E-03,-1.476E-02
2.66329E-03,-3.876E-02
2.66329E-03,-2.836E-02
2.66338E-03,-4.436E-02
2.66338E-03,-3.796E-02
2.66346E-03,-4.516E-02
2.66346E-03,-4.356E-02
2.66355E-03,-4.516E-02
2.66355E-03,-3.876E-02
2.66364E-03,-4.036E-02
2.66364E-03,-2.996E-02
2.66373E-03,-2.996E-02
2.66373E-03,-1.796E-02
2.66382E-03,-1.876E-02
2.66382E-03,-3.564E-03
2.66390E-03,-4.364E-03
2.66390E-03,1.084E-02
2.66399E-03,1.004E-02
2.66399E-03,2.284E-02
2.66408E-03,2.284E-02
2.66408E-03,3.324E-02
2.66417E-03,3.244E-02
2.66417E-03,3.804E-02
2.66426E-03,3.724E-02
2.66426E-03,3.964E-02
2.66434E-03,3.404E-02
2.66434E-03,3.884E-02
2.66443E-03,2.604E-02
2.66443E-03,3.484E-02
2.66452E-03,1.484E-02
2.66452E-03,2.684E-02
2.66461E-03,2.036E-03
2.66461E-03,1.564E-02
2.66470E-03,-1.076E-02
2.66470E-03,2.836E-03
2.66478E-03,-2.196E-02
2.66478E-03,-1.076E-02
2.66487E-03,-3.156E-02
2.66487E-03,-2.196E-02
2.66496E-03,-3.636E-02
2.66496E-03,-3.076E-02
2.66505E-03,-3.796E-02
2.66505E-03,-3.556E-02
2.66514E-03,-3.716E-02
2.66514E-03,-3.316E-02
2.66522E-03,-3.396E-02
2.66522E-03,-2.596E-02
2.66531E-03,-2.676E-02
2.66531E-03,-1.636E-02
2.66540E-03,-1.716E-02
2.66540E-03,-5.164E-03
2.66549E-03,-5.164E-03
2.66549E-03,6.036E-03
2.66558E-03,6.036E-03
2.66558E-03,1.644E-02
2.66566E-03,1.644E-02
2.66566E-03,2.364E-02
2.66575E-03,2.284E-02
2.66575E-03,2.924E-02
2.66584E-03,2.764E-02
2.66584E-03,3.004E-02
2.66593E-03,2.604E-02
2.66593E-03,2.924E-02
2.66602E-03,2.044E-02
2.66602E-03,2.684E-02
2.66610E-03,1.244E-02
2.66610E-03,2.124E-02
2.66619E-03,3.636E-03
2.66619E-03,1.324E-02
2.66628E-03,-6.764E-03
2.66628E-03,3.636E-03
2.66637E-03,-1.476E-02
2.66637E-03,-5.964E-03
2.66646E-03,-2.196E-02
2.66646E-03,-1.396E-02
2.66654E-03,-2.596E-02
2.66654E-03,-2.116E-02
2.66663E-03,-2.756E-02
2.66663E-03,-2.516E-02
2.66672E-03,-2.756E-02
2.66672E-03,-2.356E-02
2.66681E-03,-2.436E-02
2.66681E-03,-1.956E-02
2.66690E-03,-1.956E-02
2.66690E-03,-1.236E-02
2.66698E-03,-1.396E-02
2.66698E-03,-5.164E-03
2.66707E-03,-5.164E-03
2.66707E-03,2.836E-03
2.66716E-03,2.036E-03
2.66716E-03,9.236E-03
2.66725E-03,8.436E-03
2.66725E-03,1.484E-02
2.66734E-03,1.404E-02
2.66734E-03,1.804E-02
2.66742E-03,1.724E-02
2.66742E-03,1.884E-02
2.66751E-03,1.644E-02
2.66751E-03,1.884E-02
2.66760E-03,1.324E-02
2.66760E-03,1.724E-02
2.66769E-03,7.636E-03
2.66769E-03,1.404E-02
2.66778E-03,2.036E-03
2.66778E-03,9.236E-03
2.66786E-03,-3.564E-03
2.66786E-03,2.836E-03
2.66795E-03,-8.364E-03
2.66795E-03,-2.764E-03
2.66804E-03,-1.316E-02
2.66804E-03,-7.564E-03
2.66813E-03,-1.556E-02
2.66813E-03,-1.156E-02
2.66822E-03,-1.636E-02
2.66822E-03,-1.396E-02
2.66830E-03,-1.636E-02
2.66830E-03,-1.396E-02
2.66839E-03,-1.556E-02
2.66839E-03,-1.156E-02
2.66848E-03,-1.236E-02
2.66848E-03,-6.764E-03
2.66857E-03,-9.964E-03
2.66857E-03,-3.564E-03
2.66866E-03,-5.164E-03
2.66866E-03,4.357E-04
2.66874E-03,-3.643E-04
2.66874E-03,3.636E-03
2.66883E-03,2.836E-03
2.66883E-03,6.836E-03
2.66892E-03,6.036E-03
2.66892E-03,8.436E-03
2.66901E-03,7.636E-03
2.66901E-03,9.236E-03
2.66910E-03,7.636E-03
2.66910E-03,9.236E-03
2.66918E-03,6.036E-03
2.66918E-03,8.436E-03
2.66927E-03,3.636E-03
2.66927E-03,6.836E-03
2.66936E-03,1.236E-03
2.66936E-03,4.436E-03
2.66945E-03,-1.964E-03
2.66945E-03,2.036E-03
2.66954E-03,-4.364E-03
2.66954E-03,-1.164E-03
2.66962E-03,-6.764E-03
2.66962E-03,-3.564E-03
2.66971E-03,-7.564E-03
2.66971E-03,-5.164E-03
2.66980E-03,-8.364E-03
2.66980E-03,-5.964E-03
2.66989E-03,-8.364E-03
2.66989E-03,-6.764E-03
2.66998E-03,-7.564E-03
2.66998E-03,-5.164E-03
2.67006E-03,-6.764E-03
2.67006E-03,-4.364E-03
2.67015E-03,-4.364E-03
2.67015E-03,-1.964E-03
2.67024E-03,-2.764E-03
2.67024E-03,-3.643E-04
2.67033E-03,-1.964E-03
2.67033E-03,1.236E-03
2.67042E-03,-3.643E-04
2.67042E-03,2.036E-03
2.67050E-03,1.236E-03
2.67050E-03,2.836E-03
2.67059E-03,2.036E-03
2.67059E-03,2.836E-03
2.67068E-03,2.036E-03
2.67068E-03,3.636E-03
2.67077E-03,4.357E-04
2.67077E-03,2.836E-03
2.67086E-03,4.357E-04
2.67086E-03,2.036E-03
2.67094E-03,-3.643E-04
2.67094E-03,1.236E-03
2.67103E-03,-1.964E-03
2.67103E-03,4.357E-04
2.67112E-03,-2.764E-03
2.67112E-03,-1.164E-03
2.67121E-03,-3.564E-03
2.67121E-03,-1.164E-03
2.67130E-03,-4.364E-03
2.67130E-03,-1.964E-03
2.67138E-03,-4.364E-03
2.67138E-03,-2.764E-03
2.67147E-03,-4.364E-03
2.67147E-03,-2.764E-03
2.67156E-03,-4.364E-03
2.67156E-03,-2.764E-03
2.67165E-03,-3.564E-03
2.67165E-03,-1.964E-03
2.67174E-03,-2.764E-03
2.67174E-03,-1.964E-03
2.67182E-03,-2.764E-03
2.67182E-03,-1.164E-03
2.67191E-03,-1.964E-03
2.67191E-03,4.357E-04
2.67200E-03,-1.164E-03
2.67200E-03,4.357E-04
2.67209E-03,-3.643E-04
2.67209E-03,1.236E-03
2.67218E-03,4.357E-04
2.67218E-03,2.036E-03
2.67226E-03,4.357E-04
2.67226E-03,2.036E-03
2.67235E-03,4.357E-04
2.67235E-03,2.036E-03
2.67244E-03,4.357E-04
2.67244E-03,2.036E-03
2.67253E-03,-1.164E-03
2.67253E-03,1.236E-03
2.67262E-03,-1.164E-03
2.67262E-03,4.357E-04
2.67270E-03,-2.764E-03
2.67270E-03,-3.643E-04
2.67279E-03,-3.564E-03
2.67279E-03,-1.964E-03
2.67288E-03,-5.164E-03
2.67288E-03,-2.764E-03
2.67297E-03,-5.164E-03
2.67297E-03,-3.564E-03
2.67306E-03,-5.964E-03
2.67306E-03,-4.364E-03
2.67314E-03,-6.764E-03
2.67314E-03,-4.364E-03
2.67323E-03,-6.764E-03
2.67323E-03,-4.364E-03
2.67332E-03,-5.164E-03
2.67332E-03,-2.764E-03
2.67341E-03,-3.564E-03
2.67341E-03,-1.164E-03
2.67350E-03,-2.764E-03
2.67350E-03,2.036E-03
2.67358E-03,-1.164E-03
2.67358E-03,2.836E-03
2.67367E-03,1.236E-03
2.67367E-03,4.436E-03
2.67376E-03,3.636E-03
2.67376E-03,6.036E-03
2.67385E-03,4.436E-03
2.67385E-03,6.836E-03
2.67394E-03,5.236E-03
2.67394E-03,6.836E-03
2.67402E-03,4.436E-03
2.67402E-03,6.036E-03
2.67411E-03,2.036E-03
2.67411E-03,5.236E-03
2.67420E-03,-3.643E-04
2.67420E-03,2.836E-03
2.67429E-03,-3.564E-03
2.67429E-03,4.357E-04
2.67438E-03,-6.764E-03
2.67438E-03,-2.764E-03
2.67446E-03,-9.164E-03
2.67446E-03,-5.964E-03
2.67455E-03,-1.156E-02
2.67455E-03,-8.364E-03
2.67464E-03,-1.316E-02
2.67464E-03,-1.076E-02
2.67473E-03,-1.316E-02
2.67473E-03,-1.156E-02
2.67482E-03,-1.236E-02
2.67482E-03,-9.964E-03
2.67490E-03,-1.076E-02
2.67490E-03,-6.764E-03
2.67499E-03,-7.564E-03
2.67499E-03,-2.764E-03
2.67508E-03,-3.564E-03
2.67508E-03,2.036E-03
2.67517E-03,1.236E-03
2.67517E-03,6.036E-03
2.67526E-03,5.236E-03
2.67526E-03,1.084E-02
2.67534E-03,9.236E-03
2.67534E-03,1.324E-02
2.67543E-03,1.324E-02
2.67543E-03,1.564E-02
2.67552E-03,1.324E-02
2.67552E-03,1.564E-02
2.67561E-03,1.164E-02
2.67561E-03,1.484E-02
2.67570E-03,7.636E-03
2.67570E-03,1.164E-02
2.67578E-03,2.036E-03
2.67578E-03,8.436E-03
2.67587E-03,-3.564E-03
2.67587E-03,2.836E-03
2.67596E-03,-1.076E-02
2.67596E-03,-3.564E-03
2.67605E-03,-1.556E-02
2.67605E-03,-9.964E-03
2.67614E-03,-2.036E-02
2.67614E-03,-1.556E-02
2.67622E-03,-2.196E-02
2.67622E-03,-1.956E-02
2.67631E-03,-2.276E-02
2.67631E-03,-2.116E-02
2.67640E-03,-2.196E-02
2.67640E-03,-1.796E-02
2.67649E-03,-1.956E-02
2.67649E-03,-1.316E-02
2.67658E-03,-1.396E-02
2.67658E-03,-5.964E-03
2.67666E-03,-6.764E-03
2.67666E-03,2.036E-03
2.67675E-03,1.236E-03
2.67675E-03,1.084E-02
2.67684E-03,1.004E-02
2.67684E-03,1.804E-02
2.67693E-03,1.724E-02
2.67693E-03,2.284E-02
2.67702E-03,2.204E-02
2.67702E-03,2.604E-02
2.67710E-03,2.444E-02
2.67710E-03,2.604E-02
2.67719E-03,2.124E-02
2.67719E-03,2.524E-02
2.67728E-03,1.484E-02
2.67728E-03,2.204E-02
2.67737E-03,6.036E-03
2.67737E-03,1.564E-02
2.67746E-03,-4.364E-03
2.67746E-03,6.036E-03
2.67754E-03,-1.396E-02
2.67754E-03,-3.564E-03
2.67763E-03,-2.276E-02
2.67763E-03,-1.316E-02
2.67772E-03,-2.916E-02
2.67772E-03,-2.196E-02
2.67781E-03,-3.316E-02
2.67781E-03,-2.916E-02
2.67790E-03,-3.396E-02
2.67790E-03,-3.236E-02
2.67798E-03,-3.316E-02
2.67798E-03,-2.756E-02
2.67807E-03,-2.836E-02
2.67807E-03,-2.036E-02
2.67816E-03,-2.116E-02
2.67816E-03,-1.076E-02
2.67825E-03,-1.076E-02
2.67825E-03,1.236E-03
2.67834E-03,1.236E-03
2.67834E-03,1.324E-02
2.67842E-03,1.324E-02
2.67842E-03,2.524E-02
2.67851E-03,2.124E-02
2.67851E-03,3.164E-02
2.67860E-03,3.084E-02
2.67860E-03,3.644E-02
2.67869E-03,3.484E-02
2.67869E-03,3.724E-02
2.67878E-03,3.084E-02
2.67878E-03,3.564E-02
2.67886E-03,2.204E-02
2.67886E-03,3.084E-02
2.67895E-03,1.084E-02
2.67895E-03,2.204E-02
2.67904E-03,-1.964E-03
2.67904E-03,1.084E-02
2.67913E-03,-1.636E-02
2.67913E-03,-1.164E-03
2.67922E-03,-2.836E-02
2.67922E-03,-1.556E-02
2.67930E-03,-3.636E-02
2.67930E-03,-2.756E-02
2.67939E-03,-4.196E-02
2.67939E-03,-3.636E-02
2.67948E-03,-4.276E-02
2.67948E-03,-4.116E-02
2.67957E-03,-4.196E-02
2.67957E-03,-3.636E-02
2.67966E-03,-3.716E-02
2.67966E-03,-2.756E-02
2.67974E-03,-2.836E-02
2.67974E-03,-1.476E-02
2.67983E-03,-1.556E-02
2.67983E-03,-3.643E-04
2.67992E-03,-1.164E-03
2.67992E-03,1.404E-02
2.68001E-03,1.324E-02
2.68001E-03,2.684E-02
2.68010E-03,2.684E-02
2.68010E-03,3.644E-02
2.68018E-03,3.644E-02
2.68018E-03,4.284E-02
2.68027E-03,4.204E-02
2.68027E-03,4.364E-02
2.68036E-03,3.724E-02
2.68036E-03,4.284E-02
2.68045E-03,2.844E-02
2.68045E-03,3.804E-02
2.68054E-03,1.484E-02
2.68054E-03,2.844E-02
2.68062E-03,4.357E-04
2.68062E-03,1.564E-02
2.68071E-03,-1.556E-02
2.68071E-03,4.357E-04
2.68080E-03,-2.916E-02
2.68080E-03,-1.476E-02
2.68089E-03,-3.956E-02
2.68089E-03,-2.836E-02
2.68098E-03,-4.676E-02
2.68098E-03,-3.956E-02
2.68106E-03,-4.836E-02
2.68106E-03,-4.516E-02
2.68115E-03,-4.756E-02
2.68115E-03,-4.196E-02
2.68124E-03,-4.276E-02
2.68124E-03,-3.316E-02
2.68133E-03,-3.316E-02
2.68133E-03,-1.956E-02
2.68142E-03,-1.956E-02
2.68142E-03,-3.564E-03
2.68150E-03,-4.364E-03
2.68150E-03,1.244E-02
2.68159E-03,1.164E-02
2.68159E-03,2.684E-02
2.68168E-03,2.604E-02
2.68168E-03,3.804E-02
2.68177E-03,3.724E-02
2.68177E-03,4.364E-02
2.68186E-03,4.364E-02
2.68186E-03,4.604E-02
2.68194E-03,4.124E-02
2.68194E-03,4.524E-02
2.68203E-03,3.164E-02
2.68203E-03,4.124E-02
2.68212E-03,1.884E-02
2.68212E-03,3.164E-02
2.68221E-03,2.836E-03
2.68221E-03,1.884E-02
2.68230E-03,-1.316E-02
2.68230E-03,3.636E-03
2.68238E-03,-2.756E-02
2.68238E-03,-1.236E-02
2.68247E-03,-3.876E-02
2.68247E-03,-2.676E-02
2.68256E-03,-4.596E-02
2.68256E-03,-3.876E-02
2.68265E-03,-4.756E-02
2.68265E-03,-4.516E-02
2.68274E-03,-4.756E-02
2.68274E-03,-4.276E-02
2.68282E-03,-4.356E-02
2.68282E-03,-3.396E-02
2.68291E-03,-3.476E-02
2.68291E-03,-2.116E-02
2.68300E-03,-2.196E-02
2.68300E-03,-6.764E-03
2.68309E-03,-6.764E-03
2.68309E-03,9.236E-03
2.68318E-03,9.236E-03
2.68318E-03,2.284E-02
2.68326E-03,2.204E-02
2.68326E-03,3.324E-02
2.68335E-03,3.324E-02
2.68335E-03,4.124E-02
2.68344E-03,3.964E-02
2.68344E-03,4.444E-02
2.68353E-03,3.804E-02
2.68353E-03,4.284E-02
2.68362E-03,3.084E-02
2.68362E-03,3.884E-02
2.68370E-03,1.884E-02
2.68370E-03,3.164E-02
2.68379E-03,5.236E-03
2.68379E-03,1.964E-02
2.68388E-03,-9.964E-03
2.68388E-03,5.236E-03
2.68397E-03,-2.196E-02
2.68397E-03,-9.164E-03
2.68406E-03,-3.396E-02
2.68406E-03,-2.196E-02
2.68414E-03,-3.956E-02
2.68414E-03,-3.236E-02
2.68423E-03,-4.196E-02
2.68423E-03,-3.876E-02
2.68432E-03,-4.196E-02
2.68432E-03,-3.796E-02
2.68441E-03,-3.876E-02
2.68441E-03,-3.156E-02
2.68450E-03,-3.156E-02
2.68450E-03,-2.036E-02
2.68458E-03,-2.116E-02
2.68458E-03,-8.364E-03
2.68467E-03,-8.364E-03
2.68467E-03,5.236E-03
2.68476E-03,3.636E-03
2.68476E-03,1.724E-02
2.68485E-03,1.644E-02
2.68485E-03,2.684E-02
2.68494E-03,2.604E-02
2.68494E-03,3.244E-02
2.68502E-03,3.244E-02
2.68502E-03,3.484E-02
2.68511E-03,3.164E-02
2.68511E-03,3.484E-02
2.68520E-03,2.604E-02
2.68520E-03,3.244E-02
2.68529E-03,1.644E-02
2.68529E-03,2.684E-02
2.68538E-03,6.036E-03
2.68538E-03,1.724E-02
2.68546E-03,-5.964E-03
2.68546E-03,6.036E-03
2.68555E-03,-1.636E-02
2.68555E-03,-5.164E-03
2.68564E-03,-2.516E-02
2.68564E-03,-1.556E-02
2.68573E-03,-3.076E-02
2.68573E-03,-2.436E-02
2.68582E-03,-3.236E-02
2.68582E-03,-2.996E-02
2.68590E-03,-3.236E-02
2.68590E-03,-2.996E-02
2.68599E-03,-3.076E-02
2.68599E-03,-2.516E-02
2.68608E-03,-2.596E-02
2.68608E-03,-1.716E-02
2.68617E-03,-1.716E-02
2.68617E-03,-8.364E-03
2.68626E-03,-8.364E-03
2.68626E-03,1.236E-03
2.68634E-03,1.236E-03
2.68634E-03,1.004E-02
2.68643E-03,1.004E-02
2.68643E-03,1.804E-02
2.68652E-03,1.724E-02
2.68652E-03,2.204E-02
2.68661E-03,2.204E-02
2.68661E-03,2.444E-02
2.68670E-03,2.204E-02
2.68670E-03,2.444E-02
2.68678E-03,1.884E-02
2.68678E-03,2.284E-02
2.68687E-03,1.244E-02
2.68687E-03,1.964E-02
2.68696E-03,4.436E-03
2.68696E-03,1.324E-02
2.68705E-03,-2.764E-03
2.68705E-03,5.236E-03
2.68714E-03,-1.076E-02
2.68714E-03,-1.964E-03
2.68722E-03,-1.556E-02
2.68722E-03,-9.964E-03
2.68731E-03,-2.036E-02
2.68731E-03,-1.556E-02
2.68740E-03,-2.116E-02
2.68740E-03,-1.956E-02
2.68749E-03,-2.116E-02
2.68749E-03,-1.956E-02
2.68758E-03,-2.116E-02
2.68758E-03,-1.716E-02
2.68766E-03,-1.716E-02
2.68766E-03,-1.156E-02
2.68775E-03,-1.236E-02
2.68775E-03,-6.764E-03
2.68784E-03,-6.764E-03
2.68784E-03,-3.643E-04
2.68793E-03,-1.964E-03
2.68793E-03,4.436E-03
2.68802E-03,4.436E-03
2.68802E-03,1.004E-02
2.68810E-03,9.236E-03
2.68810E-03,1.244E-02
2.68819E-03,1.164E-02
2.68819E-03,1.404E-02
2.68828E-03,1.244E-02
2.68828E-03,1.404E-02
2.68837E-03,8.436E-03
2.68837E-03,1.324E-02
2.68846E-03,6.036E-03
2.68846E-03,1.164E-02
2.68854E-03,2.836E-03
2.68854E-03,8.436E-03
2.68863E-03,-1.164E-03
2.68863E-03,2.836E-03
2.68872E-03,-5.164E-03
2.68872E-03,-3.643E-04
2.68881E-03,-8.364E-03
2.68881E-03,-5.164E-03
2.68890E-03,-1.076E-02
2.68890E-03,-7.564E-03
2.68898E-03,-1.156E-02
2.68898E-03,-9.964E-03
2.68907E-03,-1.156E-02
2.68907E-03,-9.964E-03
2.68916E-03,-1.156E-02
2.68916E-03,-9.164E-03
2.68925E-03,-9.964E-03
2.68925E-03,-6.764E-03
2.68934E-03,-7.564E-03
2.68934E-03,-3.564E-03
2.68942E-03,-5.164E-03
2.68942E-03,-1.164E-03
2.68951E-03,-1.964E-03
2.68951E-03,1.236E-03
2.68960E-03,4.357E-04
2.68960E-03,3.636E-03
2.68969E-03,2.836E-03
2.68969E-03,4.436E-03
2.68978E-03,3.636E-03
2.68978E-03,6.036E-03
2.68986E-03,3.636E-03
2.68986E-03,6.036E-03
2.68995E-03,3.636E-03
2.68995E-03,6.036E-03
2.69004E-03,2.036E-03
2.69004E-03,4.436E-03
2.69013E-03,4.357E-04
2.69013E-03,3.636E-03
2.69022E-03,-1.164E-03
2.69022E-03,1.236E-03
2.69030E-03,-2.764E-03
2.69030E-03,-3.643E-04
2.69039E-03,-4.364E-03
2.69039E-03,-1.964E-03
2.69048E-03,-5.164E-03
2.69048E-03,-2.764E-03
2.69057E-03,-5.164E-03
2.69057E-03,-3.564E-03
2.69066E-03,-5.164E-03
2.69066E-03,-4.364E-03
2.69074E-03,-5.164E-03
2.69074E-03,-3.564E-03
2.69083E-03,-4.364E-03
2.69083E-03,-2.764E-03
2.69092E-03,-4.364E-03
2.69092E-03,-1.964E-03
2.69101E-03,-2.764E-03
2.69101E-03,-1.164E-03
2.69110E-03,-1.964E-03
2.69110E-03,4.357E-04
2.69118E-03,-1.164E-03
2.69118E-03,1.236E-03
2.69127E-03,-3.643E-04
2.69127E-03,1.236E-03
2.69136E-03,4.357E-04
2.69136E-03,2.036E-03
2.69145E-03,4.357E-04
2.69145E-03,2.036E-03
2.69154E-03,4.357E-04
2.69154E-03,2.036E-03
2.69162E-03,4.357E-04
2.69162E-03,2.036E-03
2.69171E-03,-3.643E-04
2.69171E-03,1.236E-03
2.69180E-03,-1.964E-03
2.69180E-03,4.357E-04
2.69189E-03,-2.764E-03
2.69189E-03,-3.643E-04
2.69198E-03,-2.764E-03
2.69198E-03,-1.164E-03
2.69206E-03,-3.564E-03
2.69206E-03,-1.164E-03
2.69215E-03,-4.364E-03
2.69215E-03,-1.964E-03
2.69224E-03,-4.364E-03
2.69224E-03,-2.764E-03
2.69233E-03,-5.164E-03
2.69233E-03,-2.764E-03
2.69242E-03,-4.364E-03
2.69242E-03,-2.764E-03
2.69250E-03,-3.564E-03
2.69250E-03,-1.964E-03
2.69259E-03,-3.564E-03
2.69259E-03,-1.164E-03
2.69268E-03,-1.964E-03
2.69268E-03,-3.643E-04
2.69277E-03,-1.164E-03
2.69277E-03,1.236E-03
2.69286E-03,-3.643E-04
2.69286E-03,2.036E-03
2.69294E-03,1.236E-03
2.69294E-03,3.636E-03
2.69303E-03,2.036E-03
2.69303E-03,3.636E-03
2.69312E-03,2.036E-03
2.69312E-03,3.636E-03
2.69321E-03,2.036E-03
2.69321E-03,3.636E-03
2.69330E-03,4.357E-04
2.69330E-03,3.636E-03
2.69338E-03,-1.164E-03
2.69338E-03,2.836E-03
2.69347E-03,-3.564E-03
2.69347E-03,4.357E-04
2.69356E-03,-4.364E-03
2.69356E-03,-1.164E-03
2.69365E-03,-5.964E-03
2.69365E-03,-3.564E-03
2.69374E-03,-7.564E-03
2.69374E-03,-5.164E-03
2.69382E-03,-8.364E-03
2.69382E-03,-6.764E-03
2.69391E-03,-9.164E-03
2.69391E-03,-7.564E-03
2.69400E-03,-8.364E-03
2.69400E-03,-6.764E-03
2.69409E-03,-7.564E-03
2.69409E-03,-4.364E-03
2.69418E-03,-5.964E-03
2.69418E-03,-2.764E-03
2.69426E-03,-3.564E-03
2.69426E-03,4.357E-04
2.69435E-03,-3.643E-04
2.69435E-03,3.636E-03
2.69444E-03,2.836E-03
2.69444E-03,6.836E-03
2.69453E-03,6.036E-03
2.69453E-03,9.236E-03
2.69462E-03,7.636E-03
2.69462E-03,1.084E-02
2.69470E-03,9.236E-03
2.69470E-03,1.084E-02
2.69479E-03,8.436E-03
2.69479E-03,1.084E-02
2.69488E-03,6.036E-03
2.69488E-03,9.236E-03
2.69497E-03,2.036E-03
2.69497E-03,6.836E-03
2.69506E-03,-2.764E-03
2.69506E-03,2.836E-03
2.69514E-03,-7.564E-03
2.69514E-03,-1.964E-03
2.69523E-03,-1.076E-02
2.69523E-03,-6.764E-03
2.69532E-03,-1.476E-02
2.69532E-03,-1.076E-02
2.69541E-03,-1.636E-02
2.69541E-03,-1.396E-02
2.69550E-03,-1.716E-02
2.69550E-03,-1.556E-02
2.69558E-03,-1.716E-02
2.69558E-03,-1.396E-02
2.69567E-03,-1.476E-02
2.69567E-03,-1.076E-02
2.69576E-03,-1.156E-02
2.69576E-03,-5.164E-03
2.69585E-03,-5.964E-03
2.69585E-03,4.357E-04
2.69594E-03,-3.643E-04
2.69594E-03,6.836E-03
2.69602E-03,6.036E-03
2.69602E-03,1.324E-02
2.69611E-03,1.164E-02
2.69611E-03,1.804E-02
2.69620E-03,1.644E-02
2.69620E-03,2.044E-02
2.69629E-03,1.884E-02
2.69629E-03,2.124E-02
2.69638E-03,1.724E-02
2.69638E-03,2.044E-02
2.69646E-03,1.244E-02
2.69646E-03,1.804E-02
2.69655E-03,6.036E-03
2.69655E-03,1.324E-02
2.69664E-03,-1.964E-03
2.69664E-03,6.836E-03
2.69673E-03,-9.964E-03
2.69673E-03,-1.164E-03
2.69682E-03,-1.796E-02
2.69682E-03,-9.964E-03
2.69690E-03,-2.436E-02
2.69690E-03,-1.716E-02
2.69699E-03,-2.756E-02
2.69699E-03,-2.356E-02
2.69708E-03,-2.836E-02
2.69708E-03,-2.676E-02
2.69717E-03,-2.836E-02
2.69717E-03,-2.436E-02
2.69726E-03,-2.516E-02
2.69726E-03,-1.876E-02
2.69734E-03,-1.956E-02
2.69734E-03,-9.964E-03
2.69743E-03,-1.076E-02
2.69743E-03,-3.643E-04
2.69752E-03,-1.164E-03
2.69752E-03,1.004E-02
2.69761E-03,9.236E-03
2.69761E-03,1.884E-02
2.69770E-03,1.804E-02
2.69770E-03,2.604E-02
2.69778E-03,2.524E-02
2.69778E-03,3.004E-02
2.69787E-03,2.924E-02
2.69787E-03,3.164E-02
2.69796E-03,2.764E-02
2.69796E-03,3.164E-02
2.69805E-03,2.044E-02
2.69805E-03,2.764E-02
2.69814E-03,1.084E-02
2.69814E-03,2.124E-02
2.69822E-03,-3.643E-04
2.69822E-03,1.164E-02
2.69831E-03,-1.316E-02
2.69831E-03,4.357E-04
2.69840E-03,-2.276E-02
2.69840E-03,-1.076E-02
2.69849E-03,-3.236E-02
2.69849E-03,-2.196E-02
2.69858E-03,-3.716E-02
2.69858E-03,-3.156E-02
2.69866E-03,-3.876E-02
2.69866E-03,-3.636E-02
2.69875E-03,-3.876E-02
2.69875E-03,-3.396E-02
2.69884E-03,-3.476E-02
2.69884E-03,-2.676E-02
2.69893E-03,-2.756E-02
2.69893E-03,-1.636E-02
2.69902E-03,-1.636E-02
2.69902E-03,-3.564E-03
2.69910E-03,-4.364E-03
2.69910E-03,1.004E-02
2.69919E-03,1.004E-02
2.69919E-03,2.284E-02
2.69928E-03,2.204E-02
2.69928E-03,3.244E-02
2.69937E-03,3.164E-02
2.69937E-03,3.804E-02
2.69946E-03,3.724E-02
2.69946E-03,4.124E-02
2.69954E-03,3.564E-02
2.69954E-03,4.044E-02
2.69963E-03,2.844E-02
2.69963E-03,3.644E-02
2.69972E-03,1.644E-02
2.69972E-03,2.844E-02
2.69981E-03,2.836E-03
2.69981E-03,1.724E-02
2.69990E-03,-1.236E-02
2.69990E-03,3.636E-03
2.69998E-03,-2.596E-02
2.69998E-03,-1.156E-02
2.70007E-03,-3.636E-02
2.70007E-03,-2.596E-02
2.70016E-03,-4.436E-02
2.70016E-03,-3.636E-02
2.70025E-03,-4.596E-02
2.70025E-03,-4.356E-02
2.70034E-03,-4.596E-02
2.70034E-03,-4.116E-02
2.70042E-03,-4.196E-02
2.70042E-03,-3.396E-02
2.70051E-03,-3.396E-02
2.70051E-03,-2.116E-02
2.70060E-03,-2.116E-02
2.70060E-03,-6.764E-03
2.70069E-03,-6.764E-03
2.70069E-03,9.236E-03
2.70078E-03,8.436E-03
2.70078E-03,2.364E-02
2.70086E-03,2.284E-02
2.70086E-03,3.564E-02
2.70095E-03,3.484E-02
2.70095E-03,4.284E-02
2.70104E-03,4.204E-02
2.70104E-03,4.524E-02
2.70113E-03,4.124E-02
2.70113E-03,4.524E-02
2.70122E-03,3.324E-02
2.70122E-03,4.124E-02
2.70130E-03,2.044E-02
2.70130E-03,3.324E-02
2.70139E-03,6.036E-03
2.70139E-03,2.124E-02
2.70148E-03,-9.964E-03
2.70148E-03,6.036E-03
2.70157E-03,-2.516E-02
2.70157E-03,-9.964E-03
2.70166E-03,-3.796E-02
2.70166E-03,-2.516E-02
2.70174E-03,-4.596E-02
2.70174E-03,-3.716E-02
2.70183E-03,-4.836E-02
2.70183E-03,-4.436E-02
2.70192E-03,-4.836E-02
2.70192E-03,-4.436E-02
2.70201E-03,-4.516E-02
2.70201E-03,-3.636E-02
2.70210E-03,-3.716E-02
2.70210E-03,-2.436E-02
2.70218E-03,-2.516E-02
2.70218E-03,-9.964E-03
2.70227E-03,-9.964E-03
2.70227E-03,6.036E-03
2.70236E-03,5.236E-03
2.70236E-03,2.124E-02
2.70245E-03,2.124E-02
2.70245E-03,3.404E-02
2.70254E-03,3.324E-02
2.70254E-03,4.204E-02
2.70262E-03,4.124E-02
2.70262E-03,4.444E-02
2.70271E-03,4.204E-02
2.70271E-03,4.444E-02
2.70280E-03,3.484E-02
2.70280E-03,4.284E-02
2.70289E-03,2.284E-02
2.70289E-03,3.484E-02
2.70298E-03,8.436E-03
2.70298E-03,2.284E-02
2.70306E-03,-6.764E-03
2.70306E-03,9.236E-03
2.70315E-03,-2.196E-02
2.70315E-03,-6.764E-03
2.70324E-03,-3.396E-02
2.70324E-03,-2.116E-02
2.70333E-03,-4.276E-02
2.70333E-03,-3.316E-02
2.70342E-03,-4.596E-02
2.70342E-03,-4.036E-02
2.70350E-03,-4.596E-02
2.70350E-03,-4.276E-02
2.70359E-03,-4.356E-02
2.70359E-03,-3.556E-02
2.70368E-03,-3.636E-02
2.70368E-03,-2.436E-02
2.70377E-03,-2.516E-02
2.70377E-03,-1.156E-02
2.70386E-03,-1.156E-02
2.70386E-03,2.836E-03
2.70394E-03,2.836E-03
2.70394E-03,1.724E-02
2.70403E-03,1.644E-02
2.70403E-03,2.844E-02
2.70412E-03,2.764E-02
2.70412E-03,3.644E-02
2.70421E-03,3.484E-02
2.70421E-03,3.884E-02
2.70430E-03,3.644E-02
2.70430E-03,3.964E-02
2.70438E-03,3.084E-02
2.70438E-03,3.804E-02
2.70447E-03,2.124E-02
2.70447E-03,3.164E-02
2.70456E-03,9.236E-03
2.70456E-03,2.124E-02
2.70465E-03,-4.364E-03
2.70465E-03,1.004E-02
2.70474E-03,-1.636E-02
2.70474E-03,-3.564E-03
2.70482E-03,-2.676E-02
2.70482E-03,-1.556E-02
2.70491E-03,-3.396E-02
2.70491E-03,-2.596E-02
2.70500E-03,-3.716E-02
2.70500E-03,-3.316E-02
2.70509E-03,-3.796E-02
2.70509E-03,-3.556E-02
2.70518E-03,-3.636E-02
2.70518E-03,-2.996E-02
2.70526E-03,-3.156E-02
2.70526E-03,-2.196E-02
2.70535E-03,-2.276E-02
2.70535E-03,-1.076E-02
2.70544E-03,-1.156E-02
2.70544E-03,4.357E-04
2.70553E-03,-3.643E-04
2.70553E-03,1.084E-02
2.70562E-03,1.084E-02
2.70562E-03,2.044E-02
2.70570E-03,1.964E-02
2.70570E-03,2.684E-02
2.70579E-03,2.604E-02
2.70579E-03,3.004E-02
2.70588E-03,2.844E-02
2.70588E-03,3.004E-02
2.70597E-03,2.364E-02
2.70597E-03,2.844E-02
2.70606E-03,1.724E-02
2.70606E-03,2.444E-02
2.70614E-03,8.436E-03
2.70614E-03,1.724E-02
2.70623E-03,-1.964E-03
2.70623E-03,9.236E-03
2.70632E-03,-1.076E-02
2.70632E-03,-1.164E-03
2.70641E-03,-1.876E-02
2.70641E-03,-9.964E-03
2.70650E-03,-2.356E-02
2.70650E-03,-1.796E-02
2.70658E-03,-2.676E-02
2.70658E-03,-2.276E-02
2.70667E-03,-2.756E-02
2.70667E-03,-2.516E-02
2.70676E-03,-2.596E-02
2.70676E-03,-2.196E-02
2.70685E-03,-2.276E-02
2.70685E-03,-1.636E-02
2.70694E-03,-1.716E-02
2.70694E-03,-9.164E-03
2.70702E-03,-9.964E-03
2.70702E-03,-1.164E-03
2.70711E-03,-1.964E-03
2.70711E-03,5.236E-03
2.70720E-03,5.236E-03
2.70720E-03,1.164E-02
2.70729E-03,1.164E-02
2.70729E-03,1.644E-02
2.70738E-03,1.644E-02
2.70738E-03,1.884E-02
2.70746E-03,1.724E-02
2.70746E-03,1.884E-02
2.70755E-03,1.484E-02
2.70755E-03,1.804E-02
2.70764E-03,1.084E-02
2.70764E-03,1.644E-02
2.70773E-03,5.236E-03
2.70773E-03,1.164E-02
2.70782E-03,-3.643E-04
2.70782E-03,6.036E-03
2.70790E-03,-5.964E-03
2.70790E-03,4.357E-04
2.70799E-03,-1.076E-02
2.70799E-03,-5.164E-03
2.70808E-03,-1.396E-02
2.70808E-03,-9.964E-03
2.70817E-03,-1.556E-02
2.70817E-03,-1.316E-02
2.70826E-03,-1.796E-02
2.70826E-03,-1.316E-02
2.70834E-03,-1.716E-02
2.70834E-03,-1.236E-02
2.70843E-03,-1.476E-02
2.70843E-03,-9.964E-03
2.70852E-03,-1.076E-02
2.70852E-03,-5.964E-03
2.70861E-03,-6.764E-03
2.70861E-03,-1.964E-03
2.70870E-03,-2.764E-03
2.70870E-03,2.836E-03
2.70878E-03,1.236E-03
2.70878E-03,5.236E-03
2.70887E-03,4.436E-03
2.70887E-03,7.636E-03
2.70896E-03,6.836E-03
2.70896E-03,9.236E-03
2.70905E-03,7.636E-03
2.70905E-03,9.236E-03
2.70914E-03,6.836E-03
2.70914E-03,9.236E-03
2.70922E-03,4.436E-03
2.70922E-03,7.636E-03
2.70931E-03,2.836E-03
2.70931E-03,6.036E-03
2.70940E-03,-3.643E-04
2.70940E-03,3.636E-03
2.70949E-03,-3.564E-03
2.70949E-03,4.357E-04
2.70958E-03,-5.964E-03
2.70958E-03,-1.964E-03
2.70966E-03,-7.564E-03
2.70966E-03,-4.364E-03
2.70975E-03,-7.564E-03
2.70975E-03,-5.964E-03
2.70984E-03,-8.364E-03
2.70984E-03,-6.764E-03
2.70993E-03,-7.564E-03
2.70993E-03,-5.964E-03
2.71002E-03,-6.764E-03
2.71002E-03,-4.364E-03
2.71010E-03,-5.964E-03
2.71010E-03,-2.764E-03
2.71019E-03,-4.364E-03
2.71019E-03,-1.164E-03
2.71028E-03,-1.964E-03
2.71028E-03,4.357E-04
2.71037E-03,-1.164E-03
2.71037E-03,1.236E-03
2.71046E-03,4.357E-04
2.71046E-03,2.836E-03
2.71054E-03,1.236E-03
2.71054E-03,3.636E-03
2.71063E-03,1.236E-03
2.71063E-03,3.636E-03
2.71072E-03,1.236E-03
2.71072E-03,2.836E-03
2.71081E-03,1.236E-03
2.71081E-03,3.636E-03
2.71090E-03,-3.643E-04
2.71090E-03,2.036E-03
2.71098E-03,-1.164E-03
2.71098E-03,1.236E-03
2.71107E-03,-1.964E-03
2.71107E-03,4.357E-04
2.71116E-03,-2.764E-03
2.71116E-03,-1.164E-03
2.71125E-03,-3.564E-03
2.71125E-03,-1.164E-03
2.71134E-03,-4.364E-03
2.71134E-03,-1.964E-03
2.71142E-03,-4.364E-03
2.71142E-03,-2.764E-03
2.71151E-03,-4.364E-03
2.71151E-03,-2.764E-03
2.71160E-03,-4.364E-03
2.71160E-03,-1.964E-03
2.71169E-03,-3.564E-03
2.71169E-03,-1.964E-03
2.71178E-03,-2.764E-03
2.71178E-03,-1.164E-03
2.71186E-03,-1.964E-03
2.71186E-03,-3.643E-04
2.71195E-03,-1.164E-03
2.71195E-03,1.236E-03
2.71204E-03,-3.643E-04
2.71204E-03,1.236E-03
2.71213E-03,4.357E-04
2.71213E-03,2.036E-03
2.71222E-03,4.357E-04
2.71222E-03,2.036E-03
2.71230E-03,4.357E-04
2.71230E-03,2.036E-03
2.71239E-03,4.357E-04
2.71239E-03,2.036E-03
2.71248E-03,4.357E-04
2.71248E-03,2.036E-03
2.71257E-03,-1.164E-03
2.71257E-03,1.236E-03
2.71266E-03,-1.964E-03
2.71266E-03,4.357E-04
2.71274E-03,-3.564E-03
2.71274E-03,-1.164E-03
2.71283E-03,-4.364E-03
2.71283E-03,-1.964E-03
2.71292E-03,-5.164E-03
2.71292E-03,-3.564E-03
2.71301E-03,-5.964E-03
2.71301E-03,-4.364E-03
2.71310E-03,-5.964E-03
2.71310E-03,-4.364E-03
2.71318E-03,-5.964E-03
2.71318E-03,-3.564E-03
2.71327E-03,-6.764E-03
2.71327E-03,-2.764E-03
2.71336E-03,-5.164E-03
2.71336E-03,-1.964E-03
2.71345E-03,-3.564E-03
2.71345E-03,4.357E-04
2.71354E-03,-1.164E-03
2.71354E-03,1.236E-03
2.71362E-03,4.357E-04
2.71362E-03,3.636E-03
2.71371E-03,2.836E-03
2.71371E-03,5.236E-03
2.71380E-03,4.436E-03
2.71380E-03,6.036E-03
2.71389E-03,5.236E-03
2.71389E-03,6.836E-03
2.71398E-03,5.236E-03
2.71398E-03,6.836E-03
2.71406E-03,3.636E-03
2.71406E-03,6.036E-03
2.71415E-03,1.236E-03
2.71415E-03,4.436E-03
2.71424E-03,-1.964E-03
2.71424E-03,2.036E-03
2.71433E-03,-5.164E-03
2.71433E-03,-1.164E-03
2.71442E-03,-8.364E-03
2.71442E-03,-4.364E-03
2.71450E-03,-9.964E-03
2.71450E-03,-7.564E-03
2.71459E-03,-1.156E-02
2.71459E-03,-9.164E-03
2.71468E-03,-1.316E-02
2.71468E-03,-1.076E-02
2.71477E-03,-1.236E-02
2.71477E-03,-1.076E-02
2.71486E-03,-1.156E-02
2.71486E-03,-8.364E-03
2.71494E-03,-9.164E-03
2.71494E-03,-5.164E-03
2.71503E-03,-5.164E-03
2.71503E-03,-3.643E-04
2.71512E-03,-1.164E-03
2.71512E-03,3.636E-03
2.71521E-03,2.836E-03
2.71521E-03,8.436E-03
2.71530E-03,7.636E-03
2.71530E-03,1.164E-02
2.71538E-03,1.164E-02
2.71538E-03,1.484E-02
2.71547E-03,1.404E-02
2.71547E-03,1.564E-02
2.71556E-03,1.324E-02
2.71556E-03,1.564E-02
2.71565E-03,1.004E-02
2.71565E-03,1.404E-02
2.71574E-03,5.236E-03
2.71574E-03,1.084E-02
2.71582E-03,-1.164E-03
2.71582E-03,5.236E-03
2.71591E-03,-7.564E-03
2.71591E-03,4.357E-04
2.71600E-03,-1.316E-02
2.71600E-03,-6.764E-03
2.71609E-03,-1.796E-02
2.71609E-03,-1.236E-02
2.71618E-03,-2.196E-02
2.71618E-03,-1.796E-02
2.71626E-03,-2.276E-02
2.71626E-03,-2.116E-02
2.71635E-03,-2.276E-02
2.71635E-03,-1.956E-02
2.71644E-03,-2.116E-02
2.71644E-03,-1.636E-02
2.71653E-03,-1.636E-02
2.71653E-03,-9.964E-03
2.71662E-03,-1.076E-02
2.71662E-03,-2.764E-03
2.71670E-03,-2.764E-03
2.71670E-03,6.836E-03
2.71679E-03,6.036E-03
2.71679E-03,1.404E-02
2.71688E-03,1.324E-02
2.71688E-03,2.044E-02
2.71697E-03,1.964E-02
2.71697E-03,2.444E-02
2.71706E-03,2.364E-02
2.71706E-03,2.604E-02
2.71714E-03,2.284E-02
2.71714E-03,2.604E-02
2.71723E-03,1.804E-02
2.71723E-03,2.364E-02
2.71732E-03,1.084E-02
2.71732E-03,1.884E-02
2.71741E-03,1.236E-03
2.71741E-03,1.164E-02
2.71750E-03,-8.364E-03
2.71750E-03,2.036E-03
2.71758E-03,-1.876E-02
2.71758E-03,-8.364E-03
2.71767E-03,-2.676E-02
2.71767E-03,-1.796E-02
2.71776E-03,-3.156E-02
2.71776E-03,-2.596E-02
2.71785E-03,-3.396E-02
2.71785E-03,-3.076E-02
2.71794E-03,-3.396E-02
2.71794E-03,-3.076E-02
2.71802E-03,-3.156E-02
2.71802E-03,-2.516E-02
2.71811E-03,-2.596E-02
2.71811E-03,-1.636E-02
2.71820E-03,-1.636E-02
2.71820E-03,-3.564E-03
2.71829E-03,-5.964E-03
2.71829E-03,6.036E-03
2.71838E-03,5.236E-03
2.71838E-03,1.884E-02
2.71846E-03,1.804E-02
2.71846E-03,2.764E-02
2.71855E-03,2.684E-02
2.71855E-03,3.404E-02
2.71864E-03,3.324E-02
2.71864E-03,3.644E-02
2.71873E-03,3.244E-02
2.71873E-03,3.644E-02
2.71882E-03,2.684E-02
2.71882E-03,3.404E-02
2.71890E-03,1.724E-02
2.71890E-03,2.764E-02
2.71899E-03,4.436E-03
2.71899E-03,1.804E-02
2.71908E-03,-9.164E-03
2.71908E-03,5.236E-03
2.71917E-03,-2.196E-02
2.71917E-03,-8.364E-03
2.71926E-03,-3.236E-02
2.71926E-03,-2.116E-02
2.71934E-03,-3.956E-02
2.71934E-03,-3.236E-02
2.71943E-03,-4.276E-02
2.71943E-03,-3.876E-02
2.71952E-03,-4.276E-02
2.71952E-03,-3.956E-02
2.71961E-03,-4.036E-02
2.71961E-03,-3.316E-02
2.71970E-03,-3.396E-02
2.71970E-03,-2.276E-02
2.71978E-03,-2.276E-02
2.71978E-03,-9.164E-03
2.71987E-03,-9.164E-03
2.71987E-03,6.036E-03
2.71996E-03,6.036E-03
2.71996E-03,2.044E-02
2.72005E-03,1.964E-02
2.72005E-03,3.164E-02
2.72014E-03,3.164E-02
2.72014E-03,4.044E-02
2.72022E-03,3.964E-02
2.72022E-03,4.364E-02
2.72031E-03,4.044E-02
2.72031E-03,4.364E-02
2.72040E-03,3.404E-02
2.72040E-03,4.124E-02
2.72049E-03,2.204E-02
2.72049E-03,3.484E-02
2.72058E-03,8.436E-03
2.72058E-03,2.284E-02
2.72066E-03,-7.564E-03
2.72066E-03,8.436E-03
2.72075E-03,-2.196E-02
2.72075E-03,-6.764E-03
2.72084E-03,-3.476E-02
2.72084E-03,-2.196E-02
2.72093E-03,-4.356E-02
2.72093E-03,-3.476E-02
2.72102E-03,-4.756E-02
2.72102E-03,-4.356E-02
2.72110E-03,-4.836E-02
2.72110E-03,-4.516E-02
2.72119E-03,-4.596E-02
2.72119E-03,-3.876E-02
2.72128E-03,-3.876E-02
2.72128E-03,-2.676E-02
2.72137E-03,-2.836E-02
2.72137E-03,-1.316E-02
2.72146E-03,-1.316E-02
2.72146E-03,3.636E-03
2.72154E-03,2.836E-03
2.72154E-03,1.884E-02
2.72163E-03,1.884E-02
2.72163E-03,3.244E-02
2.72172E-03,3.164E-02
2.72172E-03,4.124E-02
2.72181E-03,4.124E-02
2.72181E-03,4.604E-02
2.72190E-03,4.364E-02
2.72190E-03,4.604E-02
2.72198E-03,3.724E-02
2.72198E-03,4.444E-02
2.72207E-03,2.604E-02
2.72207E-03,3.724E-02
2.72216E-03,1.164E-02
2.72216E-03,2.684E-02
2.72225E-03,-4.364E-03
2.72225E-03,1.244E-02
2.72234E-03,-2.036E-02
2.72234E-03,-4.364E-03
2.72242E-03,-3.316E-02
2.72242E-03,-1.956E-02
2.72251E-03,-4.276E-02
2.72251E-03,-3.236E-02
2.72260E-03,-4.756E-02
2.72260E-03,-4.196E-02
2.72269E-03,-4.756E-02
2.72269E-03,-4.516E-02
2.72278E-03,-4.596E-02
2.72278E-03,-3.876E-02
2.72286E-03,-3.956E-02
2.72286E-03,-2.916E-02
2.72295E-03,-2.916E-02
2.72295E-03,-1.476E-02
2.72304E-03,-1.476E-02
2.72304E-03,4.357E-04
2.72313E-03,4.357E-04
2.72313E-03,1.484E-02
2.72322E-03,1.404E-02
2.72322E-03,2.924E-02
2.72330E-03,2.764E-02
2.72330E-03,3.804E-02
2.72339E-03,3.644E-02
2.72339E-03,4.204E-02
2.72348E-03,4.044E-02
2.72348E-03,4.284E-02
2.72357E-03,3.564E-02
2.72357E-03,4.124E-02
2.72366E-03,2.604E-02
2.72366E-03,3.644E-02
2.72374E-03,1.244E-02
2.72374E-03,2.604E-02
2.72383E-03,-1.164E-03
2.72383E-03,1.324E-02
2.72392E-03,-1.556E-02
2.72392E-03,-1.164E-03
2.72401E-03,-2.756E-02
2.72401E-03,-1.476E-02
2.72410E-03,-3.636E-02
2.72410E-03,-2.756E-02
2.72418E-03,-4.196E-02
2.72418E-03,-3.556E-02
2.72427E-03,-4.196E-02
2.72427E-03,-3.956E-02
2.72436E-03,-4.116E-02
2.72436E-03,-3.556E-02
2.72445E-03,-3.636E-02
2.72445E-03,-2.596E-02
2.72454E-03,-2.676E-02
2.72454E-03,-1.476E-02
2.72462E-03,-1.556E-02
2.72462E-03,-1.964E-03
2.72471E-03,-1.964E-03
2.72471E-03,1.084E-02
2.72480E-03,1.004E-02
2.72480E-03,2.204E-02
2.72489E-03,2.124E-02
2.72489E-03,3.004E-02
2.72498E-03,2.924E-02
2.72498E-03,3.404E-02
2.72506E-03,3.324E-02
2.72506E-03,3.564E-02
2.72515E-03,3.004E-02
2.72515E-03,3.484E-02
2.72524E-03,2.204E-02
2.72524E-03,3.084E-02
2.72533E-03,1.244E-02
2.72533E-03,2.284E-02
2.72542E-03,4.357E-04
2.72542E-03,1.324E-02
2.72550E-03,-1.076E-02
2.72550E-03,1.236E-03
2.72559E-03,-2.036E-02
2.72559E-03,-9.164E-03
2.72568E-03,-2.756E-02
2.72568E-03,-2.036E-02
2.72577E-03,-3.156E-02
2.72577E-03,-2.676E-02
2.72586E-03,-3.236E-02
2.72586E-03,-3.076E-02
2.72594E-03,-3.156E-02
2.72594E-03,-2.836E-02
2.72603E-03,-2.916E-02
2.72603E-03,-2.196E-02
2.72612E-03,-2.196E-02
2.72612E-03,-1.316E-02
2.72621E-03,-1.316E-02
2.72621E-03,-3.564E-03
2.72630E-03,-4.364E-03
2.72630E-03,6.036E-03
2.72638E-03,5.236E-03
2.72638E-03,1.484E-02
2.72647E-03,1.404E-02
2.72647E-03,2.044E-02
2.72656E-03,1.964E-02
2.72656E-03,2.364E-02
2.72665E-03,2.284E-02
2.72665E-03,2.444E-02
2.72674E-03,2.124E-02
2.72674E-03,2.444E-02
2.72682E-03,1.564E-02
2.72682E-03,2.204E-02
2.72691E-03,9.236E-03
2.72691E-03,1.724E-02
2.72700E-03,1.236E-03
2.72700E-03,9.236E-03
2.72709E-03,-6.764E-03
2.72709E-03,2.036E-03
2.72718E-03,-1.316E-02
2.72718E-03,-5.164E-03
2.72726E-03,-1.796E-02
2.72726E-03,-1.236E-02
2.72735E-03,-2.036E-02
2.72735E-03,-1.716E-02
2.72744E-03,-2.196E-02
2.72744E-03,-1.956E-02
2.72753E-03,-2.116E-02
2.72753E-03,-1.876E-02
2.72762E-03,-1.876E-02
2.72762E-03,-1.396E-02
2.72770E-03,-1.556E-02
2.72770E-03,-9.164E-03
2.72779E-03,-9.964E-03
2.72779E-03,-3.564E-03
2.72788E-03,-4.364E-03
2.72788E-03,2.036E-03
2.72797E-03,1.236E-03
2.72797E-03,7.636E-03
2.72806E-03,6.836E-03
2.72806E-03,1.164E-02
2.72814E-03,1.004E-02
2.72814E-03,1.404E-02
2.72823E-03,1.164E-02
2.72823E-03,1.484E-02
2.72832E-03,1.164E-02
2.72832E-03,1.484E-02
2.72841E-03,8.436E-03
2.72841E-03,1.244E-02
2.72850E-03,5.236E-03
2.72850E-03,1.004E-02
2.72858E-03,1.236E-03
2.72858E-03,6.036E-03
2.72867E-03,-3.564E-03
2.72867E-03,1.236E-03
2.72876E-03,-6.764E-03
2.72876E-03,-1.964E-03
2.72885E-03,-9.964E-03
2.72885E-03,-5.964E-03
2.72894E-03,-1.076E-02
2.72894E-03,-8.364E-03
2.72902E-03,-1.156E-02
2.72902E-03,-9.964E-03
2.72911E-03,-1.156E-02
2.72911E-03,-9.164E-03
2.72920E-03,-1.076E-02
2.72920E-03,-7.564E-03
2.72929E-03,-8.364E-03
2.72929E-03,-5.164E-03
2.72938E-03,-5.964E-03
2.72938E-03,-2.764E-03
2.72946E-03,-3.564E-03
2.72946E-03,4.357E-04
2.72955E-03,-3.643E-04
2.72955E-03,2.836E-03
2.72964E-03,2.036E-03
2.72964E-03,4.436E-03
2.72973E-03,3.636E-03
2.72973E-03,5.236E-03
2.72982E-03,4.436E-03
2.72982E-03,6.036E-03
2.72990E-03,4.436E-03
2.72990E-03,6.036E-03
2.72999E-03,2.836E-03
2.72999E-03,5.236E-03
2.73008E-03,1.236E-03
2.73008E-03,4.436E-03
2.73017E-03,-3.643E-04
2.73017E-03,2.836E-03
2.73026E-03,-1.964E-03
2.73026E-03,4.357E-04
2.73034E-03,-3.564E-03
2.73034E-03,-3.643E-04
2.73043E-03,-4.364E-03
2.73043E-03,-1.964E-03
2.73052E-03,-5.164E-03
2.73052E-03,-2.764E-03
2.73061E-03,-5.164E-03
2.73061E-03,-3.564E-03
2.73070E-03,-5.964E-03
2.73070E-03,-3.564E-03
2.73078E-03,-5.164E-03
2.73078E-03,-2.764E-03
2.73087E-03,-4.364E-03
2.73087E-03,-1.964E-03
2.73096E-03,-3.564E-03
2.73096E-03,-1.164E-03
2.73105E-03,-2.764E-03
2.73105E-03,-3.643E-04
2.73114E-03,-1.164E-03
2.73114E-03,4.357E-04
2.73122E-03,-3.643E-04
2.73122E-03,1.236E-03
2.73131E-03,4.357E-04
2.73131E-03,2.036E-03
2.73140E-03,4.357E-04
2.73140E-03,2.036E-03
2.73149E-03,4.357E-04
2.73149E-03,2.036E-03
2.73158E-03,4.357E-04
2.73158E-03,2.036E-03
2.73166E-03,-3.643E-04
2.73166E-03,2.036E-03
2.73175E-03,-1.164E-03
2.73175E-03,1.236E-03
2.73184E-03,-1.164E-03
2.73184E-03,4.357E-04
2.73193E-03,-1.964E-03
2.73193E-03,-3.643E-04
2.73202E-03,-3.564E-03
2.73202E-03,-1.164E-03
2.73210E-03,-3.564E-03
2.73210E-03,-1.964E-03
2.73219E-03,-4.364E-03
2.73219E-03,-2.764E-03
2.73228E-03,-4.364E-03
2.73228E-03,-2.764E-03
2.73237E-03,-4.364E-03
2.73237E-03,-2.764E-03
2.73246E-03,-4.364E-03
2.73246E-03,-1.964E-03
2.73254E-03,-3.564E-03
2.73254E-03,-1.164E-03
2.73263E-03,-2.764E-03
2.73263E-03,-3.643E-04
2.73272E-03,-1.964E-03
2.73272E-03,1.236E-03
2.73281E-03,-3.643E-04
2.73281E-03,2.036E-03
2.73290E-03,4.357E-04
2.73290E-03,2.836E-03
2.73298E-03,1.236E-03
2.73298E-03,3.636E-03
2.73307E-03,2.036E-03
2.73307E-03,4.436E-03
2.73316E-03,1.236E-03
2.73316E-03,5.236E-03
2.73325E-03,1.236E-03
2.73325E-03,3.636E-03
2.73334E-03,4.357E-04
2.73334E-03,2.836E-03
2.73342E-03,-1.964E-03
2.73342E-03,1.236E-03
2.73351E-03,-3.564E-03
2.73351E-03,-3.643E-04
2.73360E-03,-5.164E-03
2.73360E-03,-2.764E-03
2.73369E-03,-6.764E-03
2.73369E-03,-4.364E-03
2.73378E-03,-8.364E-03
2.73378E-03,-5.964E-03
2.73386E-03,-8.364E-03
2.73386E-03,-6.764E-03
2.73395E-03,-8.364E-03
2.73395E-03,-6.764E-03
2.73404E-03,-8.364E-03
2.73404E-03,-5.964E-03
2.73413E-03,-6.764E-03
2.73413E-03,-4.364E-03
2.73422E-03,-4.364E-03
2.73422E-03,-1.164E-03
2.73430E-03,-1.964E-03
2.73430E-03,2.036E-03
2.73439E-03,4.357E-04
2.73439E-03,5.236E-03
2.73448E-03,4.436E-03
2.73448E-03,7.636E-03
2.73457E-03,6.836E-03
2.73457E-03,9.236E-03
2.73466E-03,8.436E-03
2.73466E-03,1.084E-02
2.73474E-03,9.236E-03
2.73474E-03,1.084E-02
2.73483E-03,6.836E-03
2.73483E-03,1.004E-02
2.73492E-03,3.636E-03
2.73492E-03,7.636E-03
2.73501E-03,-3.643E-04
2.73501E-03,4.436E-03
2.73510E-03,-5.164E-03
2.73510E-03,4.357E-04
2.73518E-03,-9.164E-03
2.73518E-03,-4.364E-03
2.73527E-03,-1.316E-02
2.73527E-03,-8.364E-03
2.73536E-03,-1.636E-02
2.73536E-03,-1.236E-02
2.73545E-03,-1.796E-02
2.73545E-03,-1.476E-02
2.73554E-03,-1.716E-02
2.73554E-03,-1.556E-02
2.73562E-03,-1.636E-02
2.73562E-03,-1.316E-02
2.73571E-03,-1.396E-02
2.73571E-03,-9.164E-03
2.73580E-03,-9.164E-03
2.73580E-03,-2.764E-03
2.73589E-03,-3.564E-03
2.73589E-03,3.636E-03
2.73598E-03,2.836E-03
2.73598E-03,9.236E-03
2.73606E-03,8.436E-03
2.73606E-03,1.484E-02
2.73615E-03,1.484E-02
2.73615E-03,1.884E-02
2.73624E-03,1.804E-02
2.73624E-03,2.044E-02
2.73633E-03,1.804E-02
2.73633E-03,2.044E-02
2.73642E-03,1.484E-02
2.73642E-03,1.964E-02
2.73650E-03,9.236E-03
2.73650E-03,1.564E-02
2.73659E-03,2.036E-03
2.73659E-03,1.004E-02
2.73668E-03,-5.964E-03
2.73668E-03,2.836E-03
2.73677E-03,-1.396E-02
2.73677E-03,-5.164E-03
2.73686E-03,-2.116E-02
2.73686E-03,-1.396E-02
2.73694E-03,-2.596E-02
2.73694E-03,-2.036E-02
2.73703E-03,-2.836E-02
2.73703E-03,-2.516E-02
2.73712E-03,-2.836E-02
2.73712E-03,-2.596E-02
2.73721E-03,-2.756E-02
2.73721E-03,-2.196E-02
2.73730E-03,-2.276E-02
2.73730E-03,-1.556E-02
2.73738E-03,-1.556E-02
2.73738E-03,-5.964E-03
2.73747E-03,-6.764E-03
2.73747E-03,3.636E-03
2.73756E-03,3.636E-03
2.73756E-03,1.324E-02
2.73765E-03,1.324E-02
2.73765E-03,2.204E-02
2.73774E-03,2.124E-02
2.73774E-03,2.844E-02
2.73782E-03,2.764E-02
2.73782E-03,3.084E-02
2.73791E-03,2.924E-02
2.73791E-03,3.084E-02
2.73800E-03,2.364E-02
2.73800E-03,3.004E-02
2.73809E-03,1.484E-02
2.73809E-03,2.524E-02
2.73818E-03,6.036E-03
2.73818E-03,1.804E-02
2.73826E-03,-5.964E-03
2.73826E-03,6.836E-03
2.73835E-03,-1.716E-02
2.73835E-03,-5.164E-03
2.73844E-03,-2.836E-02
2.73844E-03,-1.636E-02
2.73853E-03,-3.556E-02
2.73853E-03,-2.756E-02
2.73862E-03,-3.796E-02
2.73862E-03,-3.396E-02
2.73870E-03,-3.876E-02
2.73870E-03,-3.636E-02
2.73879E-03,-3.716E-02
2.73879E-03,-3.156E-02
2.73888E-03,-3.236E-02
2.73888E-03,-2.196E-02
2.73897E-03,-2.276E-02
2.73897E-03,-1.076E-02
2.73906E-03,-1.076E-02
2.73906E-03,2.836E-03
2.73914E-03,2.836E-03
2.73914E-03,1.564E-02
2.73923E-03,1.564E-02
2.73923E-03,2.764E-02
2.73932E-03,2.684E-02
2.73932E-03,3.644E-02
2.73941E-03,3.484E-02
2.73941E-03,4.044E-02
2.73950E-03,3.884E-02
2.73950E-03,4.124E-02
2.73958E-03,3.244E-02
2.73958E-03,3.964E-02
2.73967E-03,2.364E-02
2.73967E-03,3.324E-02
2.73976E-03,1.084E-02
2.73976E-03,2.364E-02
2.73985E-03,-4.364E-03
2.73985E-03,1.084E-02
2.73994E-03,-1.796E-02
2.73994E-03,-3.564E-03
2.74002E-03,-3.156E-02
2.74002E-03,-1.796E-02
2.74011E-03,-4.036E-02
2.74011E-03,-3.076E-02
2.74020E-03,-4.516E-02
2.74020E-03,-4.036E-02
2.74029E-03,-4.596E-02
2.74029E-03,-4.356E-02
2.74038E-03,-4.516E-02
2.74038E-03,-3.876E-02
2.74046E-03,-3.956E-02
2.74046E-03,-2.836E-02
2.74055E-03,-2.916E-02
2.74055E-03,-1.476E-02
2.74064E-03,-1.476E-02
2.74064E-03,4.357E-04
2.74073E-03,4.357E-04
2.74073E-03,1.564E-02
2.74082E-03,1.564E-02
2.74082E-03,2.924E-02
2.74090E-03,2.924E-02
2.74090E-03,3.964E-02
2.74099E-03,3.884E-02
2.74099E-03,4.444E-02
2.74108E-03,4.364E-02
2.74108E-03,4.524E-02
2.74117E-03,3.884E-02
2.74117E-03,4.444E-02
2.74126E-03,2.764E-02
2.74126E-03,3.884E-02
2.74134E-03,1.484E-02
2.74134E-03,2.844E-02
2.74143E-03,-1.964E-03
2.74143E-03,1.484E-02
2.74152E-03,-1.716E-02
2.74152E-03,-1.164E-03
2.74161E-03,-3.076E-02
2.74161E-03,-1.636E-02
2.74170E-03,-4.196E-02
2.74170E-03,-3.076E-02
2.74178E-03,-4.756E-02
2.74178E-03,-4.116E-02
2.74187E-03,-4.836E-02
2.74187E-03,-4.676E-02
2.74196E-03,-4.756E-02
2.74196E-03,-4.196E-02
2.74205E-03,-4.276E-02
2.74205E-03,-3.156E-02
2.74214E-03,-3.236E-02
2.74214E-03,-1.796E-02
2.74222E-03,-1.876E-02
2.74222E-03,-1.964E-03
2.74231E-03,-2.764E-03
2.74231E-03,1.324E-02
2.74240E-03,1.324E-02
2.74240E-03,2.764E-02
2.74249E-03,2.684E-02
2.74249E-03,3.804E-02
2.74258E-03,3.804E-02
2.74258E-03,4.364E-02
2.74266E-03,4.284E-02
2.74266E-03,4.524E-02
2.74275E-03,3.884E-02
2.74275E-03,4.444E-02
2.74284E-03,2.924E-02
2.74284E-03,3.964E-02
2.74293E-03,1.644E-02
2.74293E-03,2.924E-02
2.74302E-03,1.236E-03
2.74302E-03,1.644E-02
2.74310E-03,-1.476E-02
2.74310E-03,2.836E-03
2.74319E-03,-2.756E-02
2.74319E-03,-1.396E-02
2.74328E-03,-3.876E-02
2.74328E-03,-2.676E-02
2.74337E-03,-4.436E-02
2.74337E-03,-3.796E-02
2.74346E-03,-4.596E-02
2.74346E-03,-4.356E-02
2.74354E-03,-4.516E-02
2.74354E-03,-4.036E-02
2.74363E-03,-4.036E-02
2.74363E-03,-3.076E-02
2.74372E-03,-3.156E-02
2.74372E-03,-1.876E-02
2.74381E-03,-1.956E-02
2.74381E-03,-5.164E-03
2.74390E-03,-5.164E-03
2.74390E-03,1.004E-02
2.74398E-03,9.236E-03
2.74398E-03,2.204E-02
2.74407E-03,2.204E-02
2.74407E-03,3.244E-02
2.74416E-03,3.164E-02
2.74416E-03,3.804E-02
2.74425E-03,3.724E-02
2.74425E-03,3.964E-02
2.74434E-03,3.484E-02
2.74434E-03,3.884E-02
2.74442E-03,2.684E-02
2.74442E-03,3.564E-02
2.74451E-03,1.644E-02
2.74451E-03,2.684E-02
2.74460E-03,3.636E-03
2.74460E-03,1.724E-02
2.74469E-03,-9.164E-03
2.74469E-03,3.636E-03
2.74478E-03,-2.116E-02
2.74478E-03,-9.164E-03
2.74486E-03,-3.076E-02
2.74486E-03,-2.116E-02
2.74495E-03,-3.636E-02
2.74495E-03,-2.996E-02
2.74504E-03,-3.716E-02
2.74504E-03,-3.556E-02
2.74513E-03,-3.796E-02
2.74513E-03,-3.316E-02
2.74522E-03,-3.396E-02
2.74522E-03,-2.676E-02
2.74530E-03,-2.756E-02
2.74530E-03,-1.716E-02
2.74539E-03,-1.716E-02
2.74539E-03,-5.964E-03
2.74548E-03,-5.964E-03
2.74548E-03,5.236E-03
2.74557E-03,5.236E-03
2.74557E-03,1.564E-02
2.74566E-03,1.564E-02
2.74566E-03,2.364E-02
2.74574E-03,2.364E-02
2.74574E-03,2.844E-02
2.74583E-03,2.764E-02
2.74583E-03,3.004E-02
2.74592E-03,2.684E-02
2.74592E-03,3.004E-02
2.74601E-03,2.124E-02
2.74601E-03,2.684E-02
2.74610E-03,1.324E-02
2.74610E-03,2.204E-02
2.74618E-03,4.436E-03
2.74618E-03,1.324E-02
2.74627E-03,-5.964E-03
2.74627E-03,4.436E-03
2.74636E-03,-1.476E-02
2.74636E-03,-5.164E-03
2.74645E-03,-2.116E-02
2.74645E-03,-1.396E-02
2.74654E-03,-2.516E-02
2.74654E-03,-2.036E-02
2.74662E-03,-2.676E-02
2.74662E-03,-2.436E-02
2.74671E-03,-2.676E-02
2.74671E-03,-2.436E-02
2.74680E-03,-2.516E-02
2.74680E-03,-1.956E-02
2.74689E-03,-2.036E-02
2.74689E-03,-1.316E-02
2.74698E-03,-1.396E-02
2.74698E-03,-5.164E-03
2.74706E-03,-6.764E-03
2.74706E-03,2.036E-03
2.74715E-03,1.236E-03
2.74715E-03,8.436E-03
2.74724E-03,8.436E-03
2.74724E-03,1.484E-02
2.74733E-03,1.404E-02
2.74733E-03,1.804E-02
2.74742E-03,1.724E-02
2.74742E-03,1.884E-02
2.74750E-03,1.644E-02
2.74750E-03,1.884E-02
2.74759E-03,1.324E-02
2.74759E-03,1.804E-02
2.74768E-03,8.436E-03
2.74768E-03,1.484E-02
2.74777E-03,3.636E-03
2.74777E-03,9.236E-03
2.74786E-03,-2.764E-03
2.74786E-03,3.636E-03
2.74794E-03,-7.564E-03
2.74794E-03,-1.964E-03
2.74803E-03,-1.396E-02
2.74803E-03,-6.764E-03
2.74812E-03,-1.556E-02
2.74812E-03,-1.076E-02
2.74821E-03,-1.636E-02
2.74821E-03,-1.396E-02
2.74830E-03,-1.636E-02
2.74830E-03,-1.396E-02
2.74838E-03,-1.476E-02
2.74838E-03,-1.236E-02
2.74847E-03,-1.236E-02
2.74847E-03,-8.364E-03
2.74856E-03,-9.164E-03
2.74856E-03,-4.364E-03
2.74865E-03,-5.164E-03
2.74865E-03,4.357E-04
2.74874E-03,-3.643E-04
2.74874E-03,3.636E-03
2.74882E-03,2.836E-03
2.74882E-03,6.836E-03
2.74891E-03,6.036E-03
2.74891E-03,8.436E-03
2.74900E-03,7.636E-03
2.74900E-03,1.004E-02
2.74909E-03,7.636E-03
2.74909E-03,9.236E-03
2.74918E-03,6.036E-03
2.74918E-03,9.236E-03
2.74926E-03,3.636E-03
2.74926E-03,6.836E-03
2.74935E-03,1.236E-03
2.74935E-03,4.436E-03
2.74944E-03,-1.964E-03
2.74944E-03,1.236E-03
2.74953E-03,-3.564E-03
2.74953E-03,-1.164E-03
2.74962E-03,-5.964E-03
2.74962E-03,-2.764E-03
2.74970E-03,-7.564E-03
2.74970E-03,-5.164E-03
2.74979E-03,-8.364E-03
2.74979E-03,-5.964E-03
2.74988E-03,-8.364E-03
2.74988E-03,-5.964E-03
2.74997E-03,-7.564E-03
2.74997E-03,-5.164E-03
2.75006E-03,-6.764E-03
2.75006E-03,-4.364E-03
2.75014E-03,-5.164E-03
2.75014E-03,-1.964E-03
2.75023E-03,-2.764E-03
2.75023E-03,-3.643E-04
2.75032E-03,-1.964E-03
2.75032E-03,1.236E-03
2.75041E-03,-3.643E-04
2.75041E-03,2.036E-03
2.75050E-03,1.236E-03
2.75050E-03,2.836E-03
2.75058E-03,2.036E-03
2.75058E-03,3.636E-03
2.75067E-03,2.036E-03
2.75067E-03,3.636E-03
2.75076E-03,1.236E-03
2.75076E-03,2.836E-03
2.75085E-03,4.357E-04
2.75085E-03,2.836E-03
2.75094E-03,-3.643E-04
2.75094E-03,2.036E-03
2.75102E-03,-1.964E-03
2.75102E-03,4.357E-04
2.75111E-03,-2.764E-03
2.75111E-03,-3.643E-04
2.75120E-03,-3.564E-03
2.75120E-03,-1.164E-03
2.75129E-03,-4.364E-03
2.75129E-03,-1.964E-03
2.75138E-03,-4.364E-03
2.75138E-03,-2.764E-03
2.75146E-03,-4.364E-03
2.75146E-03,-2.764E-03
2.75155E-03,-4.364E-03
2.75155E-03,-2.764E-03
2.75164E-03,-3.564E-03
2.75164E-03,-1.964E-03
2.75173E-03,-2.764E-03
2.75173E-03,-1.164E-03
2.75182E-03,-2.764E-03
2.75182E-03,-3.643E-04
2.75190E-03,-1.964E-03
2.75190E-03,4.357E-04
2.75199E-03,-1.164E-03
2.75199E-03,1.236E-03
2.75208E-03,-3.643E-04
2.75208E-03,1.236E-03
2.75217E-03,4.357E-04
2.75217E-03,2.036E-03
2.75226E-03,4.357E-04
2.75226E-03,2.036E-03
2.75234E-03,4.357E-04
2.75234E-03,2.036E-03
2.75243E-03,4.357E-04
2.75243E-03,2.036E-03
2.75252E-03,-3.643E-04
2.75252E-03,1.236E-03
2.75261E-03,-1.164E-03
2.75261E-03,4.357E-04
2.75270E-03,-2.764E-03
2.75270E-03,-3.643E-04
2.75278E-03,-4.364E-03
2.75278E-03,-1.164E-03
2.75287E-03,-5.164E-03
2.75287E-03,-2.764E-03
2.75296E-03,-5.964E-03
2.75296E-03,-3.564E-03
2.75305E-03,-7.564E-03
2.75305E-03,-2.764E-03
2.75314E-03,-6.764E-03
2.75314E-03,-4.364E-03
2.75322E-03,-5.964E-03
2.75322E-03,-3.564E-03
2.75331E-03,-5.164E-03
2.75331E-03,-2.764E-03
2.75340E-03,-3.564E-03
2.75340E-03,-1.164E-03
2.75349E-03,-2.764E-03
2.75349E-03,4.357E-04
2.75358E-03,-1.164E-03
2.75358E-03,2.836E-03
2.75366E-03,2.036E-03
2.75366E-03,4.436E-03
2.75375E-03,2.836E-03
2.75375E-03,5.236E-03
2.75384E-03,4.436E-03
2.75384E-03,6.036E-03
2.75393E-03,5.236E-03
2.75393E-03,6.836E-03
2.75402E-03,4.436E-03
2.75402E-03,6.836E-03
2.75410E-03,2.036E-03
2.75410E-03,5.236E-03
2.75419E-03,-3.643E-04
2.75419E-03,3.636E-03
2.75428E-03,-3.564E-03
2.75428E-03,4.357E-04
2.75437E-03,-6.764E-03
2.75437E-03,-1.964E-03
2.75446E-03,-9.164E-03
2.75446E-03,-5.164E-03
2.75454E-03,-1.156E-02
2.75454E-03,-8.364E-03
2.75463E-03,-1.236E-02
2.75463E-03,-1.076E-02
2.75472E-03,-1.236E-02
2.75472E-03,-1.076E-02
2.75481E-03,-1.236E-02
2.75481E-03,-9.164E-03
2.75490E-03,-1.076E-02
2.75490E-03,-7.564E-03
2.75498E-03,-7.564E-03
2.75498E-03,-2.764E-03
2.75507E-03,-4.364E-03
2.75507E-03,1.236E-03
2.75516E-03,4.357E-04
2.75516E-03,6.036E-03
2.75525E-03,5.236E-03
2.75525E-03,1.084E-02
2.75534E-03,9.236E-03
2.75534E-03,1.324E-02
2.75542E-03,1.164E-02
2.75542E-03,1.484E-02
2.75551E-03,1.404E-02
2.75551E-03,1.564E-02
2.75560E-03,1.164E-02
2.75560E-03,1.484E-02
2.75569E-03,7.636E-03
2.75569E-03,1.244E-02
2.75578E-03,2.836E-03
2.75578E-03,8.436E-03
2.75586E-03,-3.564E-03
2.75586E-03,3.636E-03
2.75595E-03,-9.964E-03
2.75595E-03,-2.764E-03
2.75604E-03,-1.556E-02
2.75604E-03,-9.164E-03
2.75613E-03,-2.036E-02
2.75613E-03,-1.476E-02
2.75622E-03,-2.276E-02
2.75622E-03,-1.876E-02
2.75630E-03,-2.276E-02
2.75630E-03,-2.116E-02
2.75639E-03,-2.276E-02
2.75639E-03,-1.876E-02
2.75648E-03,-1.956E-02
2.75648E-03,-1.396E-02
2.75657E-03,-1.396E-02
2.75657E-03,-6.764E-03
2.75666E-03,-7.564E-03
2.75666E-03,1.236E-03
2.75674E-03,1.236E-03
2.75674E-03,1.004E-02
2.75683E-03,9.236E-03
2.75683E-03,1.724E-02
2.75692E-03,1.644E-02
2.75692E-03,2.204E-02
2.75701E-03,2.204E-02
2.75701E-03,2.604E-02
2.75710E-03,2.444E-02
2.75710E-03,2.604E-02
2.75718E-03,2.124E-02
2.75718E-03,2.524E-02
2.75727E-03,1.564E-02
2.75727E-03,2.204E-02
2.75736E-03,6.836E-03
2.75736E-03,1.564E-02
2.75745E-03,-3.564E-03
2.75745E-03,6.836E-03
2.75754E-03,-1.316E-02
2.75754E-03,-2.764E-03
2.75762E-03,-2.196E-02
2.75762E-03,-1.316E-02
2.75771E-03,-2.996E-02
2.75771E-03,-2.196E-02
2.75780E-03,-3.316E-02
2.75780E-03,-2.916E-02
2.75789E-03,-3.396E-02
2.75789E-03,-3.156E-02
2.75798E-03,-3.396E-02
2.75798E-03,-2.676E-02
2.75806E-03,-2.916E-02
2.75806E-03,-2.036E-02
2.75815E-03,-2.196E-02
2.75815E-03,-1.156E-02
2.75824E-03,-1.156E-02
2.75824E-03,4.357E-04
2.75833E-03,-3.643E-04
2.75833E-03,1.244E-02
2.75842E-03,1.164E-02
2.75842E-03,2.284E-02
2.75850E-03,2.204E-02
2.75850E-03,3.084E-02
2.75859E-03,3.004E-02
2.75859E-03,3.564E-02
2.75868E-03,3.404E-02
2.75868E-03,3.644E-02
2.75877E-03,3.084E-02
2.75877E-03,3.564E-02
2.75886E-03,2.284E-02
2.75886E-03,3.164E-02
2.75894E-03,1.164E-02
2.75894E-03,2.364E-02
2.75903E-03,-1.964E-03
2.75903E-03,1.164E-02
2.75912E-03,-1.476E-02
2.75912E-03,-1.164E-03
2.75921E-03,-2.756E-02
2.75921E-03,-1.396E-02
2.75930E-03,-3.636E-02
2.75930E-03,-2.676E-02
2.75938E-03,-4.196E-02
2.75938E-03,-3.556E-02
2.75947E-03,-4.276E-02
2.75947E-03,-4.036E-02
2.75956E-03,-4.196E-02
2.75956E-03,-3.716E-02
2.75965E-03,-3.796E-02
2.75965E-03,-2.916E-02
2.75974E-03,-2.996E-02
2.75974E-03,-1.636E-02
2.75982E-03,-1.636E-02
2.75982E-03,-1.964E-03
2.75991E-03,-1.964E-03
2.75991E-03,1.244E-02
2.76000E-03,1.164E-02
2.76000E-03,2.604E-02
2.76009E-03,2.524E-02
2.76009E-03,3.564E-02
2.76018E-03,3.564E-02
2.76018E-03,4.204E-02
2.76026E-03,4.124E-02
2.76026E-03,4.364E-02
2.76035E-03,3.804E-02
2.76035E-03,4.364E-02
2.76044E-03,2.924E-02
2.76044E-03,3.884E-02
2.76053E-03,1.644E-02
2.76053E-03,3.004E-02
2.76062E-03,1.236E-03
2.76062E-03,1.724E-02
2.76070E-03,-1.396E-02
2.76070E-03,1.236E-03
2.76079E-03,-2.836E-02
2.76079E-03,-1.316E-02
2.76088E-03,-3.956E-02
2.76088E-03,-2.836E-02
2.76097E-03,-4.676E-02
2.76097E-03,-3.876E-02
2.76106E-03,-4.836E-02
2.76106E-03,-4.516E-02
2.76114E-03,-4.836E-02
2.76114E-03,-4.276E-02
2.76123E-03,-4.356E-02
2.76123E-03,-3.396E-02
2.76132E-03,-3.396E-02
2.76132E-03,-2.036E-02
2.76141E-03,-2.116E-02
2.76141E-03,-5.164E-03
2.76150E-03,-5.964E-03
2.76150E-03,1.004E-02
2.76158E-03,1.004E-02
2.76158E-03,2.524E-02
2.76167E-03,2.524E-02
2.76167E-03,3.644E-02
2.76176E-03,3.644E-02
2.76176E-03,4.364E-02
2.76185E-03,4.364E-02
2.76185E-03,4.604E-02
2.76194E-03,4.124E-02
2.76194E-03,4.604E-02
2.76202E-03,3.164E-02
2.76202E-03,4.204E-02
2.76211E-03,1.884E-02
2.76211E-03,3.244E-02
2.76220E-03,4.436E-03
2.76220E-03,2.044E-02
2.76229E-03,-1.156E-02
2.76229E-03,4.436E-03
2.76238E-03,-2.676E-02
2.76238E-03,-1.076E-02
2.76246E-03,-3.796E-02
2.76246E-03,-2.596E-02
2.76255E-03,-4.516E-02
2.76255E-03,-3.716E-02
2.76264E-03,-4.756E-02
2.76264E-03,-4.436E-02
2.76273E-03,-4.756E-02
2.76273E-03,-4.356E-02
2.76282E-03,-4.436E-02
2.76282E-03,-3.476E-02
2.76290E-03,-3.556E-02
2.76290E-03,-2.116E-02
2.76299E-03,-2.436E-02
2.76299E-03,-8.364E-03
2.76308E-03,-8.364E-03
2.76308E-03,7.636E-03
2.76317E-03,7.636E-03
2.76317E-03,2.204E-02
2.76326E-03,2.124E-02
2.76326E-03,3.324E-02
2.76334E-03,3.244E-02
2.76334E-03,4.044E-02
2.76343E-03,3.964E-02
2.76343E-03,4.284E-02
2.76352E-03,3.884E-02
2.76352E-03,4.284E-02
2.76361E-03,3.084E-02
2.76361E-03,3.964E-02
2.76370E-03,1.964E-02
2.76370E-03,3.164E-02
2.76378E-03,6.036E-03
2.76378E-03,2.044E-02
2.76387E-03,-8.364E-03
2.76387E-03,6.836E-03
2.76396E-03,-2.196E-02
2.76396E-03,-7.564E-03
2.76405E-03,-3.236E-02
2.76405E-03,-2.116E-02
2.76414E-03,-3.956E-02
2.76414E-03,-3.236E-02
2.76422E-03,-4.196E-02
2.76422E-03,-3.876E-02
2.76431E-03,-4.196E-02
2.76431E-03,-3.876E-02
2.76440E-03,-3.956E-02
2.76440E-03,-3.236E-02
2.76449E-03,-3.236E-02
2.76449E-03,-2.196E-02
2.76458E-03,-2.196E-02
2.76458E-03,-9.164E-03
2.76466E-03,-9.164E-03
2.76466E-03,4.436E-03
2.76475E-03,3.636E-03
2.76475E-03,1.644E-02
2.76484E-03,1.644E-02
2.76484E-03,2.604E-02
2.76493E-03,2.524E-02
2.76493E-03,3.244E-02
2.76502E-03,3.164E-02
2.76502E-03,3.484E-02
2.76510E-03,3.164E-02
2.76510E-03,3.564E-02
2.76519E-03,2.604E-02
2.76519E-03,3.244E-02
2.76528E-03,1.724E-02
2.76528E-03,2.764E-02
2.76537E-03,6.836E-03
2.76537E-03,1.804E-02
2.76546E-03,-4.364E-03
2.76546E-03,7.636E-03
2.76554E-03,-1.476E-02
2.76554E-03,-4.364E-03
2.76563E-03,-2.436E-02
2.76563E-03,-1.476E-02
2.76572E-03,-2.996E-02
2.76572E-03,-2.276E-02
2.76581E-03,-3.236E-02
2.76581E-03,-2.916E-02
2.76590E-03,-3.236E-02
2.76590E-03,-2.996E-02
2.76598E-03,-3.076E-02
2.76598E-03,-2.516E-02
2.76607E-03,-2.596E-02
2.76607E-03,-1.796E-02
2.76616E-03,-1.796E-02
2.76616E-03,-8.364E-03
2.76625E-03,-9.164E-03
2.76625E-03,1.236E-03
2.76634E-03,4.357E-04
2.76634E-03,1.004E-02
2.76642E-03,9.236E-03
2.76642E-03,1.804E-02
2.76651E-03,1.724E-02
2.76651E-03,2.284E-02
2.76660E-03,2.124E-02
2.76660E-03,2.444E-02
2.76669E-03,2.204E-02
2.76669E-03,2.524E-02
2.76678E-03,1.884E-02
2.76678E-03,2.364E-02
2.76686E-03,1.324E-02
2.76686E-03,1.964E-02
2.76695E-03,6.036E-03
2.76695E-03,1.404E-02
2.76704E-03,-1.964E-03
2.76704E-03,6.036E-03
2.76713E-03,-9.164E-03
2.76713E-03,-1.964E-03
2.76722E-03,-1.556E-02
2.76722E-03,-8.364E-03
2.76730E-03,-1.956E-02
2.76730E-03,-1.476E-02
2.76739E-03,-2.116E-02
2.76739E-03,-1.876E-02
2.76748E-03,-2.116E-02
2.76748E-03,-1.956E-02
2.76757E-03,-2.036E-02
2.76757E-03,-1.636E-02
2.76766E-03,-1.716E-02
2.76766E-03,-1.236E-02
2.76774E-03,-1.236E-02
2.76774E-03,-6.764E-03
2.76783E-03,-7.564E-03
2.76783E-03,-3.643E-04
2.76792E-03,-1.964E-03
2.76792E-03,6.036E-03
2.76801E-03,3.636E-03
2.76801E-03,1.004E-02
2.76810E-03,8.436E-03
2.76810E-03,1.244E-02
2.76818E-03,1.164E-02
2.76818E-03,1.404E-02
2.76827E-03,1.244E-02
2.76827E-03,1.404E-02
2.76836E-03,1.084E-02
2.76836E-03,1.324E-02
2.76845E-03,6.836E-03
2.76845E-03,1.084E-02
2.76854E-03,2.836E-03
2.76854E-03,7.636E-03
2.76862E-03,-1.164E-03
2.76862E-03,3.636E-03
2.76871E-03,-4.364E-03
2.76871E-03,-3.643E-04
2.76880E-03,-8.364E-03
2.76880E-03,-4.364E-03
2.76889E-03,-1.076E-02
2.76889E-03,-7.564E-03
2.76898E-03,-1.156E-02
2.76898E-03,-9.964E-03
2.76906E-03,-1.156E-02
2.76906E-03,-9.964E-03
2.76915E-03,-1.076E-02
2.76915E-03,-8.364E-03
2.76924E-03,-9.964E-03
2.76924E-03,-6.764E-03
2.76933E-03,-7.564E-03
2.76933E-03,-4.364E-03
2.76942E-03,-5.164E-03
2.76942E-03,-1.164E-03
2.76950E-03,-1.964E-03
2.76950E-03,1.236E-03
2.76959E-03,4.357E-04
2.76959E-03,3.636E-03
2.76968E-03,2.036E-03
2.76968E-03,5.236E-03
2.76977E-03,4.436E-03
2.76977E-03,6.036E-03
2.76986E-03,4.436E-03
2.76986E-03,6.036E-03
2.76994E-03,3.636E-03
2.76994E-03,5.236E-03
2.77003E-03,2.036E-03
2.77003E-03,5.236E-03
2.77012E-03,4.357E-04
2.77012E-03,3.636E-03
2.77021E-03,-1.164E-03
2.77021E-03,1.236E-03
2.77030E-03,-2.764E-03
2.77030E-03,-3.643E-04
2.77038E-03,-4.364E-03
2.77038E-03,-1.164E-03
2.77047E-03,-5.164E-03
2.77047E-03,-2.764E-03
2.77056E-03,-5.164E-03
2.77056E-03,-4.364E-03
2.77065E-03,-5.164E-03
2.77065E-03,-3.564E-03
2.77074E-03,-5.164E-03
2.77074E-03,-3.564E-03
2.77082E-03,-5.164E-03
2.77082E-03,-2.764E-03
2.77091E-03,-4.364E-03
2.77091E-03,-1.964E-03
2.77100E-03,-2.764E-03
2.77100E-03,-1.164E-03
2.77109E-03,-1.964E-03
2.77109E-03,-3.643E-04
2.77118E-03,-1.164E-03
2.77118E-03,1.236E-03
2.77126E-03,-3.643E-04
2.77126E-03,1.236E-03
2.77135E-03,-3.643E-04
2.77135E-03,2.036E-03
2.77144E-03,4.357E-04
2.77144E-03,2.036E-03
2.77153E-03,4.357E-04
2.77153E-03,2.036E-03
2.77162E-03,-3.643E-04
2.77162E-03,1.236E-03
2.77170E-03,-3.643E-04
2.77170E-03,1.236E-03
2.77179E-03,-1.964E-03
2.77179E-03,4.357E-04
2.77188E-03,-1.964E-03
2.77188E-03,-3.643E-04
2.77197E-03,-3.564E-03
2.77197E-03,-3.643E-04
2.77206E-03,-3.564E-03
2.77206E-03,-1.164E-03
2.77214E-03,-4.364E-03
2.77214E-03,-1.964E-03
2.77223E-03,-4.364E-03
2.77223E-03,-2.764E-03
2.77232E-03,-4.364E-03
2.77232E-03,-2.764E-03
2.77241E-03,-4.364E-03
2.77241E-03,-2.764E-03
2.77250E-03,-4.364E-03
2.77250E-03,-1.964E-03
2.77258E-03,-3.564E-03
2.77258E-03,-1.164E-03
2.77267E-03,-2.764E-03
2.77267E-03,-3.643E-04
2.77276E-03,-1.964E-03
2.77276E-03,1.236E-03
2.77285E-03,-3.643E-04
2.77285E-03,3.636E-03
2.77294E-03,-3.643E-04
2.77294E-03,3.636E-03
2.77302E-03,1.236E-03
2.77302E-03,3.636E-03
2.77311E-03,2.036E-03
2.77311E-03,3.636E-03
2.77320E-03,2.036E-03
2.77320E-03,4.436E-03
2.77329E-03,4.357E-04
2.77329E-03,2.836E-03
2.77338E-03,-3.643E-04
2.77338E-03,2.036E-03
2.77346E-03,-1.964E-03
2.77346E-03,4.357E-04
2.77355E-03,-4.364E-03
2.77355E-03,-1.164E-03
2.77364E-03,-5.964E-03
2.77364E-03,-3.564E-03
2.77373E-03,-7.564E-03
2.77373E-03,-5.164E-03
2.77382E-03,-9.164E-03
2.77382E-03,-6.764E-03
2.77390E-03,-9.164E-03
2.77390E-03,-7.564E-03
2.77399E-03,-9.164E-03
2.77399E-03,-6.764E-03
2.77408E-03,-7.564E-03
2.77408E-03,-5.164E-03
2.77417E-03,-6.764E-03
2.77417E-03,-3.564E-03
2.77426E-03,-4.364E-03
2.77426E-03,-3.643E-04
2.77434E-03,-1.164E-03
2.77434E-03,2.836E-03
2.77443E-03,2.036E-03
2.77443E-03,6.036E-03
2.77452E-03,5.236E-03
2.77452E-03,8.436E-03
2.77461E-03,7.636E-03
2.77461E-03,1.004E-02
2.77470E-03,9.236E-03
2.77470E-03,1.084E-02
2.77478E-03,8.436E-03
2.77478E-03,1.084E-02
2.77487E-03,6.036E-03
2.77487E-03,9.236E-03
2.77496E-03,2.036E-03
2.77496E-03,6.036E-03
2.77505E-03,-1.964E-03
2.77505E-03,2.836E-03
2.77514E-03,-6.764E-03
2.77514E-03,-1.164E-03
2.77522E-03,-1.076E-02
2.77522E-03,-5.964E-03
2.77531E-03,-1.476E-02
2.77531E-03,-1.076E-02
2.77540E-03,-1.716E-02
2.77540E-03,-1.396E-02
2.77549E-03,-1.796E-02
2.77549E-03,-1.556E-02
2.77558E-03,-1.716E-02
2.77558E-03,-1.476E-02
2.77566E-03,-1.556E-02
2.77566E-03,-1.156E-02
2.77575E-03,-1.156E-02
2.77575E-03,-5.964E-03
2.77584E-03,-6.764E-03
2.77584E-03,4.357E-04
2.77593E-03,-3.643E-04
2.77593E-03,6.836E-03
2.77602E-03,6.036E-03
2.77602E-03,1.164E-02
2.77610E-03,1.164E-02
2.77610E-03,1.724E-02
2.77619E-03,1.644E-02
2.77619E-03,2.044E-02
2.77628E-03,1.884E-02
2.77628E-03,2.044E-02
2.77637E-03,1.724E-02
2.77637E-03,2.044E-02
2.77646E-03,1.244E-02
2.77646E-03,1.804E-02
2.77654E-03,6.036E-03
2.77654E-03,1.324E-02
2.77663E-03,-1.164E-03
2.77663E-03,6.836E-03
2.77672E-03,-9.964E-03
2.77672E-03,-1.164E-03
2.77681E-03,-1.716E-02
2.77681E-03,-9.164E-03
2.77690E-03,-2.356E-02
2.77690E-03,-1.636E-02
2.77698E-03,-2.756E-02
2.77698E-03,-2.276E-02
2.77707E-03,-2.916E-02
2.77707E-03,-2.676E-02
2.77716E-03,-2.836E-02
2.77716E-03,-2.436E-02
2.77725E-03,-2.596E-02
2.77725E-03,-1.956E-02
2.77734E-03,-1.956E-02
2.77734E-03,-1.156E-02
2.77742E-03,-1.156E-02
2.77742E-03,-1.964E-03
2.77751E-03,-2.764E-03
2.77751E-03,8.436E-03
2.77760E-03,7.636E-03
2.77760E-03,1.804E-02
2.77769E-03,1.724E-02
2.77769E-03,2.524E-02
2.77778E-03,2.444E-02
2.77778E-03,3.084E-02
2.77786E-03,2.844E-02
2.77786E-03,3.244E-02
2.77795E-03,2.684E-02
2.77795E-03,3.164E-02
2.77804E-03,2.124E-02
2.77804E-03,2.844E-02
2.77813E-03,1.164E-02
2.77813E-03,2.204E-02
2.77822E-03,4.357E-04
2.77822E-03,1.244E-02
2.77830E-03,-1.076E-02
2.77830E-03,1.236E-03
2.77839E-03,-2.276E-02
2.77839E-03,-1.076E-02
2.77848E-03,-3.156E-02
2.77848E-03,-2.196E-02
2.77857E-03,-3.716E-02
2.77857E-03,-3.076E-02
2.77866E-03,-3.876E-02
2.77866E-03,-3.636E-02
2.77874E-03,-3.876E-02
2.77874E-03,-3.476E-02
2.77883E-03,-3.556E-02
2.77883E-03,-2.836E-02
2.77892E-03,-2.836E-02
2.77892E-03,-1.716E-02
2.77901E-03,-1.796E-02
2.77901E-03,-4.364E-03
2.77910E-03,-5.164E-03
2.77910E-03,9.236E-03
2.77918E-03,8.436E-03
2.77918E-03,2.204E-02
2.77927E-03,2.044E-02
2.77927E-03,3.164E-02
2.77936E-03,3.164E-02
2.77936E-03,3.884E-02
2.77945E-03,3.804E-02
2.77945E-03,4.044E-02
2.77954E-03,3.644E-02
2.77954E-03,4.044E-02
2.77962E-03,2.844E-02
2.77962E-03,3.724E-02
2.77971E-03,1.804E-02
2.77971E-03,2.924E-02
2.77980E-03,3.636E-03
2.77980E-03,1.804E-02
2.77989E-03,-1.076E-02
2.77989E-03,4.436E-03
2.77998E-03,-2.516E-02
2.77998E-03,-1.076E-02
2.78006E-03,-3.636E-02
2.78006E-03,-2.436E-02
2.78015E-03,-4.356E-02
2.78015E-03,-3.556E-02
2.78024E-03,-4.596E-02
2.78024E-03,-4.276E-02
2.78033E-03,-4.596E-02
2.78033E-03,-4.196E-02
2.78042E-03,-4.276E-02
2.78042E-03,-3.476E-02
2.78050E-03,-3.476E-02
2.78050E-03,-2.276E-02
2.78059E-03,-2.276E-02
2.78059E-03,-7.564E-03
2.78068E-03,-8.364E-03
2.78068E-03,7.636E-03
2.78077E-03,7.636E-03
2.78077E-03,2.284E-02
2.78086E-03,2.204E-02
2.78086E-03,3.484E-02
2.78094E-03,3.404E-02
2.78094E-03,4.284E-02
2.78103E-03,4.204E-02
2.78103E-03,4.524E-02
2.78112E-03,4.204E-02
2.78112E-03,4.524E-02
2.78121E-03,3.404E-02
2.78121E-03,4.284E-02
2.78130E-03,2.204E-02
2.78130E-03,3.484E-02
2.78138E-03,7.636E-03
2.78138E-03,2.284E-02
2.78147E-03,-9.164E-03
2.78147E-03,7.636E-03
2.78156E-03,-2.436E-02
2.78156E-03,-8.364E-03
2.78165E-03,-3.636E-02
2.78165E-03,-2.356E-02
2.78174E-03,-4.516E-02
2.78174E-03,-3.636E-02
2.78182E-03,-4.916E-02
2.78182E-03,-4.436E-02
2.78191E-03,-4.836E-02
2.78191E-03,-4.516E-02
2.78200E-03,-4.596E-02
2.78200E-03,-3.796E-02
2.78209E-03,-3.876E-02
2.78209E-03,-2.596E-02
2.78218E-03,-2.676E-02
2.78218E-03,-1.076E-02
2.78226E-03,-1.076E-02
2.78226E-03,5.236E-03
2.78235E-03,4.436E-03
2.78235E-03,2.044E-02
2.78244E-03,1.964E-02
2.78244E-03,3.244E-02
2.78253E-03,3.244E-02
2.78253E-03,4.124E-02
2.78262E-03,4.044E-02
2.78262E-03,4.524E-02
2.78270E-03,4.204E-02
2.78270E-03,4.524E-02
2.78279E-03,3.324E-02
2.78279E-03,4.284E-02
2.78288E-03,2.364E-02
2.78288E-03,3.564E-02
2.78297E-03,1.004E-02
2.78297E-03,2.444E-02
2.78306E-03,-5.964E-03
2.78306E-03,1.004E-02
2.78314E-03,-2.036E-02
2.78314E-03,-5.164E-03
2.78323E-03,-3.236E-02
2.78323E-03,-2.036E-02
2.78332E-03,-4.116E-02
2.78332E-03,-3.236E-02
2.78341E-03,-4.516E-02
2.78341E-03,-4.116E-02
2.78350E-03,-4.516E-02
2.78350E-03,-4.276E-02
2.78358E-03,-4.356E-02
2.78358E-03,-3.636E-02
2.78367E-03,-3.716E-02
2.78367E-03,-2.596E-02
2.78376E-03,-2.596E-02
2.78376E-03,-1.236E-02
2.78385E-03,-1.236E-02
2.78385E-03,2.036E-03
2.78394E-03,1.236E-03
2.78394E-03,1.564E-02
2.78402E-03,1.564E-02
2.78402E-03,2.684E-02
2.78411E-03,2.604E-02
2.78411E-03,3.564E-02
2.78420E-03,3.484E-02
2.78420E-03,3.884E-02
2.78429E-03,3.724E-02
2.78429E-03,3.964E-02
2.78438E-03,3.164E-02
2.78438E-03,3.804E-02
2.78446E-03,2.284E-02
2.78446E-03,3.164E-02
2.78455E-03,1.084E-02
2.78455E-03,2.284E-02
2.78464E-03,-2.764E-03
2.78464E-03,1.084E-02
2.78473E-03,-1.476E-02
2.78473E-03,-2.764E-03
2.78482E-03,-2.596E-02
2.78482E-03,-1.476E-02
2.78490E-03,-3.396E-02
2.78490E-03,-2.516E-02
2.78499E-03,-3.716E-02
2.78499E-03,-3.316E-02
2.78508E-03,-3.716E-02
2.78508E-03,-3.556E-02
2.78517E-03,-3.636E-02
2.78517E-03,-3.076E-02
2.78526E-03,-3.156E-02
2.78526E-03,-2.276E-02
2.78534E-03,-2.356E-02
2.78534E-03,-1.156E-02
2.78543E-03,-1.236E-02
2.78543E-03,-3.643E-04
2.78552E-03,-1.164E-03
2.78552E-03,1.084E-02
2.78561E-03,1.004E-02
2.78561E-03,1.964E-02
2.78570E-03,1.884E-02
2.78570E-03,2.684E-02
2.78578E-03,2.604E-02
2.78578E-03,3.004E-02
2.78587E-03,2.844E-02
2.78587E-03,3.004E-02
2.78596E-03,2.444E-02
2.78596E-03,2.924E-02
2.78605E-03,1.804E-02
2.78605E-03,2.524E-02
2.78614E-03,9.236E-03
2.78614E-03,1.884E-02
2.78622E-03,-3.643E-04
2.78622E-03,1.004E-02
2.78631E-03,-9.964E-03
2.78631E-03,-3.643E-04
2.78640E-03,-1.796E-02
2.78640E-03,-9.164E-03
2.78649E-03,-2.356E-02
2.78649E-03,-1.716E-02
2.78658E-03,-2.676E-02
2.78658E-03,-2.276E-02
2.78666E-03,-2.756E-02
2.78666E-03,-2.516E-02
2.78675E-03,-2.596E-02
2.78675E-03,-2.196E-02
2.78684E-03,-2.276E-02
2.78684E-03,-1.716E-02
2.78693E-03,-1.716E-02
2.78693E-03,-9.964E-03
2.78702E-03,-1.076E-02
2.78702E-03,-1.964E-03
2.78710E-03,-1.964E-03
2.78710E-03,6.036E-03
2.78719E-03,4.436E-03
2.78719E-03,1.164E-02
2.78728E-03,1.084E-02
2.78728E-03,1.644E-02
2.78737E-03,1.564E-02
2.78737E-03,1.884E-02
2.78746E-03,1.804E-02
2.78746E-03,1.884E-02
2.78754E-03,1.564E-02
2.78754E-03,1.884E-02
2.78763E-03,1.164E-02
2.78763E-03,1.644E-02
2.78772E-03,5.236E-03
2.78772E-03,1.244E-02
2.78781E-03,-3.643E-04
2.78781E-03,6.836E-03
2.78790E-03,-5.964E-03
2.78790E-03,1.236E-03
2.78798E-03,-1.076E-02
2.78798E-03,-4.364E-03
2.78807E-03,-1.396E-02
2.78807E-03,-9.164E-03
2.78816E-03,-1.556E-02
2.78816E-03,-1.316E-02
2.78825E-03,-1.636E-02
2.78825E-03,-1.476E-02
2.78834E-03,-1.556E-02
2.78834E-03,-1.316E-02
2.78842E-03,-1.396E-02
2.78842E-03,-9.964E-03
2.78851E-03,-1.156E-02
2.78851E-03,-5.964E-03
2.78860E-03,-7.564E-03
2.78860E-03,-1.964E-03
2.78869E-03,-2.764E-03
2.78869E-03,2.036E-03
2.78878E-03,1.236E-03
2.78878E-03,5.236E-03
2.78886E-03,4.436E-03
2.78886E-03,7.636E-03
2.78895E-03,6.836E-03
2.78895E-03,9.236E-03
2.78904E-03,7.636E-03
2.78904E-03,9.236E-03
2.78913E-03,6.836E-03
2.78913E-03,9.236E-03
2.78922E-03,4.436E-03
2.78922E-03,7.636E-03
2.78930E-03,2.036E-03
2.78930E-03,6.036E-03
2.78939E-03,-3.643E-04
2.78939E-03,3.636E-03
2.78948E-03,-2.764E-03
2.78948E-03,1.236E-03
2.78957E-03,-5.164E-03
2.78957E-03,-1.964E-03
2.78966E-03,-6.764E-03
2.78966E-03,-4.364E-03
2.78974E-03,-7.564E-03
2.78974E-03,-5.964E-03
2.78983E-03,-8.364E-03
2.78983E-03,-5.964E-03
2.78992E-03,-8.364E-03
2.78992E-03,-5.964E-03
2.79001E-03,-6.764E-03
2.79001E-03,-5.164E-03
2.79010E-03,-5.964E-03
2.79010E-03,-3.564E-03
2.79018E-03,-4.364E-03
2.79018E-03,-1.964E-03
2.79027E-03,-1.964E-03
2.79027E-03,4.357E-04
2.79036E-03,-1.164E-03
2.79036E-03,1.236E-03
2.79045E-03,4.357E-04
2.79045E-03,2.036E-03
2.79054E-03,1.236E-03
2.79054E-03,2.836E-03
2.79062E-03,1.236E-03
2.79062E-03,3.636E-03
2.79071E-03,1.236E-03
2.79071E-03,3.636E-03
2.79080E-03,4.357E-04
2.79080E-03,2.836E-03
2.79089E-03,-3.643E-04
2.79089E-03,2.036E-03
2.79098E-03,-1.164E-03
2.79098E-03,1.236E-03
2.79106E-03,-1.964E-03
2.79106E-03,-3.643E-04
2.79115E-03,-2.764E-03
2.79115E-03,-3.643E-04
2.79124E-03,-3.564E-03
2.79124E-03,-1.964E-03
2.79133E-03,-4.364E-03
2.79133E-03,-2.764E-03
2.79142E-03,-4.364E-03
2.79142E-03,-2.764E-03
2.79150E-03,-4.364E-03
2.79150E-03,-2.764E-03
2.79159E-03,-4.364E-03
2.79159E-03,-2.764E-03
2.79168E-03,-3.564E-03
2.79168E-03,-1.964E-03
2.79177E-03,-3.564E-03
2.79177E-03,-1.164E-03
2.79186E-03,-2.764E-03
2.79186E-03,-3.643E-04
2.79194E-03,-1.964E-03
2.79194E-03,4.357E-04
2.79203E-03,-1.164E-03
2.79203E-03,1.236E-03
2.79212E-03,-3.643E-04
2.79212E-03,1.236E-03
2.79221E-03,4.357E-04
2.79221E-03,2.036E-03
2.79230E-03,4.357E-04
2.79230E-03,2.036E-03
2.79238E-03,4.357E-04
2.79238E-03,2.036E-03
2.79247E-03,-3.643E-04
2.79247E-03,1.236E-03
2.79256E-03,-1.164E-03
2.79256E-03,1.236E-03
2.79265E-03,-1.964E-03
2.79265E-03,4.357E-04
2.79274E-03,-4.364E-03
2.79274E-03,-3.643E-04
2.79282E-03,-5.164E-03
2.79282E-03,-1.164E-03
2.79291E-03,-5.164E-03
2.79291E-03,-1.964E-03
2.79300E-03,-5.964E-03
2.79300E-03,-4.364E-03
2.79309E-03,-5.964E-03
2.79309E-03,-4.364E-03
2.79318E-03,-5.964E-03
2.79318E-03,-4.364E-03
2.79326E-03,-5.964E-03
2.79326E-03,-3.564E-03
2.79335E-03,-4.364E-03
2.79335E-03,-1.964E-03
2.79344E-03,-3.564E-03
2.79344E-03,-3.643E-04
2.79353E-03,-1.964E-03
2.79353E-03,1.236E-03
2.79362E-03,4.357E-04
2.79362E-03,3.636E-03
2.79370E-03,2.036E-03
2.79370E-03,5.236E-03
2.79379E-03,3.636E-03
2.79379E-03,6.036E-03
2.79388E-03,5.236E-03
2.79388E-03,6.836E-03
2.79397E-03,4.436E-03
2.79397E-03,6.836E-03
2.79406E-03,3.636E-03
2.79406E-03,6.036E-03
2.79414E-03,1.236E-03
2.79414E-03,4.436E-03
2.79423E-03,-1.964E-03
2.79423E-03,2.036E-03
2.79432E-03,-4.364E-03
2.79432E-03,-1.164E-03
2.79441E-03,-7.564E-03
2.79441E-03,-3.564E-03
2.79450E-03,-1.076E-02
2.79450E-03,-6.764E-03
2.79458E-03,-1.156E-02
2.79458E-03,-9.964E-03
2.79467E-03,-1.316E-02
2.79467E-03,-1.076E-02
2.79476E-03,-1.316E-02
2.79476E-03,-1.076E-02
2.79485E-03,-1.156E-02
2.79485E-03,-8.364E-03
2.79494E-03,-9.164E-03
2.79494E-03,-5.164E-03
2.79502E-03,-5.964E-03
2.79502E-03,-1.164E-03
2.79511E-03,-1.964E-03
2.79511E-03,2.836E-03
2.79520E-03,2.036E-03
2.79520E-03,8.436E-03
2.79529E-03,6.836E-03
2.79529E-03,1.164E-02
2.79538E-03,1.084E-02
2.79538E-03,1.484E-02
2.79546E-03,1.324E-02
2.79546E-03,1.484E-02
2.79555E-03,1.244E-02
2.79555E-03,1.564E-02
2.79564E-03,1.004E-02
2.79564E-03,1.404E-02
2.79573E-03,5.236E-03
2.79573E-03,1.084E-02
2.79582E-03,-3.643E-04
2.79582E-03,6.036E-03
2.79590E-03,-6.764E-03
2.79590E-03,4.357E-04
2.79599E-03,-1.236E-02
2.79599E-03,-5.964E-03
2.79608E-03,-1.796E-02
2.79608E-03,-1.236E-02
2.79617E-03,-2.196E-02
2.79617E-03,-1.716E-02
2.79626E-03,-2.276E-02
2.79626E-03,-2.036E-02
2.79634E-03,-2.276E-02
2.79634E-03,-2.036E-02
2.79643E-03,-2.116E-02
2.79643E-03,-1.636E-02
2.79652E-03,-1.716E-02
2.79652E-03,-1.076E-02
2.79661E-03,-1.156E-02
2.79661E-03,-2.764E-03
2.79670E-03,-3.564E-03
2.79670E-03,5.236E-03
2.79678E-03,4.436E-03
2.79678E-03,1.324E-02
2.79687E-03,1.244E-02
2.79687E-03,1.964E-02
2.79696E-03,1.884E-02
2.79696E-03,2.444E-02
2.79705E-03,2.284E-02
2.79705E-03,2.604E-02
2.79714E-03,2.364E-02
2.79714E-03,2.604E-02
2.79722E-03,1.884E-02
2.79722E-03,2.364E-02
2.79731E-03,1.084E-02
2.79731E-03,1.964E-02
2.79740E-03,2.036E-03
2.79740E-03,1.164E-02
2.79749E-03,-7.564E-03
2.79749E-03,2.836E-03
2.79758E-03,-1.796E-02
2.79758E-03,-7.564E-03
2.79766E-03,-2.756E-02
2.79766E-03,-1.716E-02
2.79775E-03,-3.236E-02
2.79775E-03,-2.516E-02
2.79784E-03,-3.476E-02
2.79784E-03,-3.076E-02
2.79793E-03,-3.476E-02
2.79793E-03,-3.076E-02
2.79802E-03,-3.236E-02
2.79802E-03,-2.516E-02
2.79810E-03,-2.676E-02
2.79810E-03,-1.636E-02
2.79819E-03,-1.796E-02
2.79819E-03,-6.764E-03
2.79828E-03,-6.764E-03
2.79828E-03,6.036E-03
2.79837E-03,5.236E-03
2.79837E-03,1.724E-02
2.79846E-03,1.724E-02
2.79846E-03,2.604E-02
2.79854E-03,2.604E-02
2.79854E-03,3.324E-02
2.79863E-03,3.244E-02
2.79863E-03,3.644E-02
2.79872E-03,3.324E-02
2.79872E-03,3.644E-02
2.79881E-03,2.764E-02
2.79881E-03,3.404E-02
2.79890E-03,1.804E-02
2.79890E-03,2.844E-02
2.79898E-03,5.236E-03
2.79898E-03,1.884E-02
2.79907E-03,-7.564E-03
2.79907E-03,6.036E-03
2.79916E-03,-2.116E-02
2.79916E-03,-6.764E-03
2.79925E-03,-3.156E-02
2.79925E-03,-2.036E-02
2.79934E-03,-3.956E-02
2.79934E-03,-3.076E-02
2.79942E-03,-4.276E-02
2.79942E-03,-3.876E-02
2.79951E-03,-4.276E-02
2.79951E-03,-4.036E-02
2.79960E-03,-4.116E-02
2.79960E-03,-3.396E-02
2.79969E-03,-3.476E-02
2.79969E-03,-2.356E-02
2.79978E-03,-2.436E-02
2.79978E-03,-9.164E-03
2.79986E-03,-1.076E-02
2.79986E-03,4.436E-03
2.79995E-03,4.436E-03
2.79995E-03,1.884E-02
2.80004E-03,1.884E-02
2.80004E-03,3.084E-02
2.80013E-03,3.084E-02
2.80013E-03,3.964E-02
2.80022E-03,3.884E-02
2.80022E-03,4.284E-02
2.80030E-03,4.124E-02
2.80030E-03,4.364E-02
2.80039E-03,3.404E-02
2.80039E-03,4.204E-02
2.80048E-03,2.364E-02
2.80048E-03,3.564E-02
2.80057E-03,1.004E-02
2.80057E-03,2.364E-02
2.80066E-03,-5.964E-03
2.80066E-03,1.004E-02
2.80074E-03,-2.116E-02
2.80074E-03,-5.964E-03
2.80083E-03,-3.396E-02
2.80083E-03,-2.036E-02
2.80092E-03,-4.356E-02
2.80092E-03,-3.316E-02
2.80101E-03,-4.756E-02
2.80101E-03,-4.276E-02
2.80110E-03,-4.836E-02
2.80110E-03,-4.516E-02
2.80118E-03,-4.676E-02
2.80118E-03,-3.876E-02
2.80127E-03,-3.956E-02
2.80127E-03,-2.836E-02
2.80136E-03,-2.836E-02
2.80136E-03,-1.316E-02
2.80145E-03,-1.316E-02
2.80145E-03,2.036E-03
2.80154E-03,2.036E-03
2.80154E-03,1.804E-02
2.80162E-03,1.724E-02
2.80162E-03,3.164E-02
2.80171E-03,3.084E-02
2.80171E-03,4.044E-02
2.80180E-03,4.044E-02
2.80180E-03,4.604E-02
2.80189E-03,4.364E-02
2.80189E-03,4.604E-02
2.80198E-03,3.804E-02
2.80198E-03,4.444E-02
2.80206E-03,2.764E-02
2.80206E-03,3.804E-02
2.80215E-03,1.324E-02
2.80215E-03,2.764E-02
2.80224E-03,-2.764E-03
2.80224E-03,1.324E-02
2.80233E-03,-1.876E-02
2.80233E-03,-2.764E-03
2.80242E-03,-3.156E-02
2.80242E-03,-1.796E-02
2.80250E-03,-4.196E-02
2.80250E-03,-3.156E-02
2.80259E-03,-4.676E-02
2.80259E-03,-4.116E-02
2.80268E-03,-4.836E-02
2.80268E-03,-4.436E-02
2.80277E-03,-4.756E-02
2.80277E-03,-3.956E-02
2.80286E-03,-4.036E-02
2.80286E-03,-2.996E-02
2.80294E-03,-2.996E-02
2.80294E-03,-1.556E-02
2.80303E-03,-1.636E-02
2.80303E-03,-3.643E-04
2.80312E-03,-1.164E-03
2.80312E-03,1.484E-02
2.80321E-03,1.404E-02
2.80321E-03,2.764E-02
2.80330E-03,2.684E-02
2.80330E-03,3.724E-02
2.80338E-03,3.644E-02
2.80338E-03,4.204E-02
2.80347E-03,4.124E-02
2.80347E-03,4.284E-02
2.80356E-03,3.644E-02
2.80356E-03,4.204E-02
2.80365E-03,2.684E-02
2.80365E-03,3.724E-02
2.80374E-03,1.404E-02
2.80374E-03,2.764E-02
2.80382E-03,-3.643E-04
2.80382E-03,1.484E-02
2.80391E-03,-1.396E-02
2.80391E-03,4.357E-04
2.80400E-03,-2.676E-02
2.80400E-03,-1.396E-02
2.80409E-03,-3.636E-02
2.80409E-03,-2.596E-02
2.80418E-03,-4.116E-02
2.80418E-03,-3.556E-02
2.80426E-03,-4.196E-02
2.80426E-03,-4.036E-02
2.80435E-03,-4.116E-02
2.80435E-03,-3.556E-02
2.80444E-03,-3.636E-02
2.80444E-03,-2.756E-02
2.80453E-03,-2.836E-02
2.80453E-03,-1.556E-02
2.80462E-03,-1.636E-02
2.80462E-03,-2.764E-03
2.80470E-03,-3.564E-03
2.80470E-03,1.004E-02
2.80479E-03,9.236E-03
2.80479E-03,2.124E-02
2.80488E-03,2.044E-02
2.80488E-03,3.004E-02
2.80497E-03,2.924E-02
2.80497E-03,3.404E-02
2.80506E-03,3.324E-02
2.80506E-03,3.564E-02
2.80514E-03,3.004E-02
2.80514E-03,3.484E-02
2.80523E-03,2.364E-02
2.80523E-03,3.084E-02
2.80532E-03,1.244E-02
2.80532E-03,2.364E-02
2.80541E-03,1.236E-03
2.80541E-03,1.404E-02
2.80550E-03,-9.964E-03
2.80550E-03,2.036E-03
2.80558E-03,-1.956E-02
2.80558E-03,-9.164E-03
2.80567E-03,-2.676E-02
2.80567E-03,-1.876E-02
2.80576E-03,-3.156E-02
2.80576E-03,-2.676E-02
2.80585E-03,-3.236E-02
2.80585E-03,-3.076E-02
2.80594E-03,-3.236E-02
2.80594E-03,-2.836E-02
2.80602E-03,-2.916E-02
2.80602E-03,-2.196E-02
2.80611E-03,-2.276E-02
2.80611E-03,-1.396E-02
2.80620E-03,-1.476E-02
2.80620E-03,-4.364E-03
2.80629E-03,-5.164E-03
2.80629E-03,5.236E-03
2.80638E-03,4.436E-03
2.80638E-03,1.404E-02
2.80646E-03,1.324E-02
2.80646E-03,2.044E-02
2.80655E-03,1.964E-02
2.80655E-03,2.364E-02
2.80664E-03,2.284E-02
2.80664E-03,2.444E-02
2.80673E-03,2.124E-02
2.80673E-03,2.444E-02
2.80682E-03,1.644E-02
2.80682E-03,2.204E-02
2.80690E-03,1.004E-02
2.80690E-03,1.724E-02
2.80699E-03,2.036E-03
2.80699E-03,1.004E-02
2.80708E-03,-5.964E-03
2.80708E-03,2.036E-03
2.80717E-03,-1.236E-02
2.80717E-03,-4.364E-03
2.80726E-03,-1.796E-02
2.80726E-03,-1.156E-02
2.80734E-03,-2.036E-02
2.80734E-03,-1.636E-02
2.80743E-03,-2.196E-02
2.80743E-03,-1.956E-02
2.80752E-03,-2.116E-02
2.80752E-03,-1.876E-02
2.80761E-03,-1.956E-02
2.80761E-03,-1.476E-02
2.80770E-03,-1.556E-02
2.80770E-03,-9.164E-03
2.80778E-03,-1.156E-02
2.80778E-03,-4.364E-03
2.80787E-03,-4.364E-03
2.80787E-03,2.036E-03
2.80796E-03,1.236E-03
2.80796E-03,6.836E-03
2.80805E-03,6.036E-03
2.80805E-03,1.084E-02
2.80814E-03,1.004E-02
2.80814E-03,1.324E-02
2.80822E-03,1.164E-02
2.80822E-03,1.404E-02
2.80831E-03,1.164E-02
2.80831E-03,1.404E-02
2.80840E-03,9.236E-03
2.80840E-03,1.244E-02
2.80849E-03,5.236E-03
2.80849E-03,1.004E-02
2.80858E-03,1.236E-03
2.80858E-03,6.036E-03
2.80866E-03,-2.764E-03
2.80866E-03,2.036E-03
2.80875E-03,-6.764E-03
2.80875E-03,-1.964E-03
2.80884E-03,-9.164E-03
2.80884E-03,-5.964E-03
2.80893E-03,-1.076E-02
2.80893E-03,-8.364E-03
2.80902E-03,-1.156E-02
2.80902E-03,-9.964E-03
2.80910E-03,-1.156E-02
2.80910E-03,-9.164E-03
2.80919E-03,-1.076E-02
2.80919E-03,-7.564E-03
2.80928E-03,-9.164E-03
2.80928E-03,-5.164E-03
2.80937E-03,-6.764E-03
2.80937E-03,-2.764E-03
2.80946E-03,-3.564E-03
2.80946E-03,4.357E-04
2.80954E-03,-1.164E-03
2.80954E-03,2.036E-03
2.80963E-03,1.236E-03
2.80963E-03,4.436E-03
2.80972E-03,3.636E-03
2.80972E-03,5.236E-03
2.80981E-03,3.636E-03
2.80981E-03,6.036E-03
2.80990E-03,4.436E-03
2.80990E-03,6.036E-03
2.80998E-03,2.836E-03
2.80998E-03,5.236E-03
2.81007E-03,1.236E-03
2.81007E-03,3.636E-03
2.81016E-03,-3.643E-04
2.81016E-03,2.836E-03
2.81025E-03,-1.964E-03
2.81025E-03,4.357E-04
2.81034E-03,-3.564E-03
2.81034E-03,-1.164E-03
2.81042E-03,-5.164E-03
2.81042E-03,-1.964E-03
2.81051E-03,-5.964E-03
2.81051E-03,-3.564E-03
2.81060E-03,-5.164E-03
2.81060E-03,-3.564E-03
2.81069E-03,-5.964E-03
2.81069E-03,-4.364E-03
2.81078E-03,-5.164E-03
2.81078E-03,-3.564E-03
2.81086E-03,-4.364E-03
2.81086E-03,-2.764E-03
2.81095E-03,-3.564E-03
2.81095E-03,-1.964E-03
2.81104E-03,-2.764E-03
2.81104E-03,-3.643E-04
2.81113E-03,-1.964E-03
2.81113E-03,4.357E-04
2.81122E-03,-1.164E-03
2.81122E-03,1.236E-03
2.81130E-03,-3.643E-04
2.81130E-03,2.036E-03
2.81139E-03,-3.643E-04
2.81139E-03,2.036E-03
2.81148E-03,-3.643E-04
2.81148E-03,2.036E-03
2.81157E-03,-3.643E-04
2.81157E-03,2.036E-03
2.81166E-03,-3.643E-04
2.81166E-03,1.236E-03
2.81174E-03,-1.164E-03
2.81174E-03,1.236E-03
2.81183E-03,-1.964E-03
2.81183E-03,4.357E-04
2.81192E-03,-2.764E-03
2.81192E-03,-3.643E-04
2.81201E-03,-3.564E-03
2.81201E-03,-1.164E-03
2.81210E-03,-4.364E-03
2.81210E-03,-1.964E-03
2.81218E-03,-4.364E-03
2.81218E-03,-2.764E-03
2.81227E-03,-4.364E-03
2.81227E-03,-2.764E-03
2.81236E-03,-4.364E-03
2.81236E-03,-3.564E-03
2.81245E-03,-4.364E-03
2.81245E-03,-2.764E-03
2.81254E-03,-4.364E-03
2.81254E-03,-1.964E-03
2.81262E-03,-3.564E-03
2.81262E-03,4.357E-04
2.81271E-03,-2.764E-03
2.81271E-03,1.236E-03
2.81280E-03,-1.164E-03
2.81280E-03,2.036E-03
2.81289E-03,4.357E-04
2.81289E-03,2.836E-03
2.81298E-03,1.236E-03
2.81298E-03,3.636E-03
2.81306E-03,2.036E-03
2.81306E-03,3.636E-03
2.81315E-03,2.036E-03
2.81315E-03,3.636E-03
2.81324E-03,1.236E-03
2.81324E-03,3.636E-03
2.81333E-03,4.357E-04
2.81333E-03,2.836E-03
2.81342E-03,-1.164E-03
2.81342E-03,1.236E-03
2.81350E-03,-3.564E-03
2.81350E-03,-3.643E-04
2.81359E-03,-5.164E-03
2.81359E-03,-2.764E-03
2.81368E-03,-6.764E-03
2.81368E-03,-4.364E-03
2.81377E-03,-8.364E-03
2.81377E-03,-5.964E-03
2.81386E-03,-9.164E-03
2.81386E-03,-6.764E-03
2.81394E-03,-9.164E-03
2.81394E-03,-7.564E-03
2.81403E-03,-8.364E-03
2.81403E-03,-5.964E-03
2.81412E-03,-6.764E-03
2.81412E-03,-4.364E-03
2.81421E-03,-5.164E-03
2.81421E-03,-1.164E-03
2.81430E-03,-2.764E-03
2.81430E-03,1.236E-03
2.81438E-03,1.236E-03
2.81438E-03,4.436E-03
2.81447E-03,3.636E-03
2.81447E-03,6.836E-03
2.81456E-03,6.836E-03
2.81456E-03,9.236E-03
2.81465E-03,8.436E-03
2.81465E-03,1.004E-02
2.81474E-03,8.436E-03
2.81474E-03,1.084E-02
2.81482E-03,6.836E-03
2.81482E-03,1.004E-02
2.81491E-03,3.636E-03
2.81491E-03,8.436E-03
2.81500E-03,4.357E-04
2.81500E-03,5.236E-03
2.81509E-03,-4.364E-03
2.81509E-03,4.357E-04
2.81518E-03,-9.164E-03
2.81518E-03,-3.564E-03
2.81526E-03,-1.316E-02
2.81526E-03,-8.364E-03
2.81535E-03,-1.636E-02
2.81535E-03,-1.236E-02
2.81544E-03,-1.796E-02
2.81544E-03,-1.476E-02
2.81553E-03,-1.796E-02
2.81553E-03,-1.636E-02
2.81562E-03,-1.716E-02
2.81562E-03,-1.316E-02
2.81570E-03,-1.396E-02
2.81570E-03,-9.164E-03
2.81579E-03,-9.964E-03
2.81579E-03,-3.564E-03
2.81588E-03,-4.364E-03
2.81588E-03,2.036E-03
2.81597E-03,2.036E-03
2.81597E-03,9.236E-03
2.81606E-03,8.436E-03
2.81606E-03,1.404E-02
2.81614E-03,1.324E-02
2.81614E-03,1.804E-02
2.81623E-03,1.724E-02
2.81623E-03,2.044E-02
2.81632E-03,1.884E-02
2.81632E-03,2.044E-02
2.81641E-03,1.564E-02
2.81641E-03,1.964E-02
2.81650E-03,1.004E-02
2.81650E-03,1.644E-02
2.81658E-03,2.836E-03
2.81658E-03,1.084E-02
2.81667E-03,-5.164E-03
2.81667E-03,3.636E-03
2.81676E-03,-1.316E-02
2.81676E-03,-4.364E-03
2.81685E-03,-2.036E-02
2.81685E-03,-1.236E-02
2.81694E-03,-2.596E-02
2.81694E-03,-2.036E-02
2.81702E-03,-2.836E-02
2.81702E-03,-2.516E-02
2.81711E-03,-2.836E-02
2.81711E-03,-2.676E-02
2.81720E-03,-2.756E-02
2.81720E-03,-2.276E-02
2.81729E-03,-2.356E-02
2.81729E-03,-1.636E-02
2.81738E-03,-1.636E-02
2.81738E-03,-7.564E-03
2.81746E-03,-7.564E-03
2.81746E-03,2.836E-03
2.81755E-03,2.036E-03
2.81755E-03,1.244E-02
2.81764E-03,1.164E-02
2.81764E-03,2.284E-02
2.81773E-03,2.044E-02
2.81773E-03,2.764E-02
2.81782E-03,2.684E-02
2.81782E-03,3.164E-02
2.81790E-03,2.924E-02
2.81790E-03,3.164E-02
2.81799E-03,2.524E-02
2.81799E-03,3.084E-02
2.81808E-03,1.724E-02
2.81808E-03,2.604E-02
2.81817E-03,6.836E-03
2.81817E-03,1.804E-02
2.81826E-03,-4.364E-03
2.81826E-03,6.836E-03
2.81834E-03,-1.636E-02
2.81834E-03,-4.364E-03
2.81843E-03,-2.676E-02
2.81843E-03,-1.556E-02
2.81852E-03,-3.396E-02
2.81852E-03,-2.596E-02
2.81861E-03,-3.796E-02
2.81861E-03,-3.396E-02
2.81870E-03,-3.876E-02
2.81870E-03,-3.636E-02
2.81878E-03,-3.716E-02
2.81878E-03,-3.156E-02
2.81887E-03,-3.236E-02
2.81887E-03,-2.276E-02
2.81896E-03,-2.356E-02
2.81896E-03,-1.156E-02
2.81905E-03,-1.156E-02
2.81905E-03,2.036E-03
2.81914E-03,2.036E-03
2.81914E-03,1.564E-02
2.81922E-03,1.564E-02
2.81922E-03,2.684E-02
2.81931E-03,2.604E-02
2.81931E-03,3.564E-02
2.81940E-03,3.484E-02
2.81940E-03,3.964E-02
2.81949E-03,3.884E-02
2.81949E-03,4.044E-02
2.81958E-03,3.404E-02
2.81958E-03,3.964E-02
2.81966E-03,2.444E-02
2.81966E-03,3.484E-02
2.81975E-03,1.084E-02
2.81975E-03,2.524E-02
2.81984E-03,-2.764E-03
2.81984E-03,1.164E-02
2.81993E-03,-1.716E-02
2.81993E-03,-2.764E-03
2.82002E-03,-2.996E-02
2.82002E-03,-1.716E-02
2.82010E-03,-4.036E-02
2.82010E-03,-2.996E-02
2.82019E-03,-4.516E-02
2.82019E-03,-3.956E-02
2.82028E-03,-4.596E-02
2.82028E-03,-4.436E-02
2.82037E-03,-4.516E-02
2.82037E-03,-3.876E-02
2.82046E-03,-3.956E-02
2.82046E-03,-2.996E-02
2.82054E-03,-2.996E-02
2.82054E-03,-1.556E-02
2.82063E-03,-1.636E-02
2.82063E-03,-1.164E-03
2.82072E-03,-1.164E-03
2.82072E-03,1.484E-02
2.82081E-03,1.484E-02
2.82081E-03,2.844E-02
2.82090E-03,2.764E-02
2.82090E-03,3.884E-02
2.82098E-03,3.884E-02
2.82098E-03,4.444E-02
2.82107E-03,4.364E-02
2.82107E-03,4.604E-02
2.82116E-03,3.964E-02
2.82116E-03,4.444E-02
2.82125E-03,2.924E-02
2.82125E-03,3.964E-02
2.82134E-03,1.564E-02
2.82134E-03,2.924E-02
2.82142E-03,-3.643E-04
2.82142E-03,1.644E-02
2.82151E-03,-1.636E-02
2.82151E-03,4.357E-04
2.82160E-03,-2.996E-02
2.82160E-03,-1.556E-02
2.82169E-03,-4.116E-02
2.82169E-03,-2.996E-02
2.82178E-03,-4.676E-02
2.82178E-03,-3.956E-02
2.82186E-03,-4.836E-02
2.82186E-03,-4.596E-02
2.82195E-03,-4.756E-02
2.82195E-03,-4.196E-02
2.82204E-03,-4.276E-02
2.82204E-03,-3.236E-02
2.82213E-03,-3.236E-02
2.82213E-03,-1.876E-02
2.82222E-03,-1.956E-02
2.82222E-03,-3.564E-03
2.82230E-03,-4.364E-03
2.82230E-03,1.244E-02
2.82239E-03,1.244E-02
2.82239E-03,2.604E-02
2.82248E-03,2.604E-02
2.82248E-03,3.724E-02
2.82257E-03,3.644E-02
2.82257E-03,4.444E-02
2.82266E-03,4.124E-02
2.82266E-03,4.604E-02
2.82274E-03,3.884E-02
2.82274E-03,4.524E-02
2.82283E-03,3.004E-02
2.82283E-03,3.964E-02
2.82292E-03,1.804E-02
2.82292E-03,3.084E-02
2.82301E-03,2.836E-03
2.82301E-03,1.804E-02
2.82310E-03,-1.236E-02
2.82310E-03,2.836E-03
2.82318E-03,-2.596E-02
2.82318E-03,-1.156E-02
2.82327E-03,-3.716E-02
2.82327E-03,-2.596E-02
2.82336E-03,-4.356E-02
2.82336E-03,-3.636E-02
2.82345E-03,-4.516E-02
2.82345E-03,-4.276E-02
2.82354E-03,-4.516E-02
2.82354E-03,-4.036E-02
2.82362E-03,-4.116E-02
2.82362E-03,-3.236E-02
2.82371E-03,-3.316E-02
2.82371E-03,-1.956E-02
2.82380E-03,-2.036E-02
2.82380E-03,-5.964E-03
2.82389E-03,-6.764E-03
2.82389E-03,8.436E-03
2.82398E-03,8.436E-03
2.82398E-03,2.124E-02
2.82406E-03,2.124E-02
2.82406E-03,3.164E-02
2.82415E-03,3.084E-02
2.82415E-03,3.804E-02
2.82424E-03,3.724E-02
2.82424E-03,3.964E-02
2.82433E-03,3.564E-02
2.82433E-03,3.964E-02
2.82442E-03,2.764E-02
2.82442E-03,3.644E-02
2.82450E-03,1.724E-02
2.82450E-03,2.844E-02
2.82459E-03,4.436E-03
2.82459E-03,1.804E-02
2.82468E-03,-8.364E-03
2.82468E-03,5.236E-03
2.82477E-03,-2.036E-02
2.82477E-03,-8.364E-03
2.82486E-03,-2.996E-02
2.82486E-03,-1.956E-02
2.82494E-03,-3.556E-02
2.82494E-03,-2.916E-02
2.82503E-03,-3.796E-02
2.82503E-03,-3.476E-02
2.82512E-03,-3.796E-02
2.82512E-03,-3.396E-02
2.82521E-03,-3.476E-02
2.82521E-03,-2.756E-02
2.82530E-03,-2.756E-02
2.82530E-03,-1.796E-02
2.82538E-03,-1.876E-02
2.82538E-03,-6.764E-03
2.82547E-03,-7.564E-03
2.82547E-03,4.436E-03
2.82556E-03,3.636E-03
2.82556E-03,1.484E-02
2.82565E-03,1.484E-02
2.82565E-03,2.284E-02
2.82574E-03,2.284E-02
2.82574E-03,2.844E-02
2.82582E-03,2.764E-02
2.82582E-03,3.004E-02
2.82591E-03,2.684E-02
2.82591E-03,3.004E-02
2.82600E-03,2.124E-02
2.82600E-03,2.764E-02
2.82609E-03,1.324E-02
2.82609E-03,2.204E-02
2.82618E-03,4.436E-03
2.82618E-03,1.404E-02
2.82626E-03,-5.164E-03
2.82626E-03,5.236E-03
2.82635E-03,-1.396E-02
2.82635E-03,-4.364E-03
2.82644E-03,-2.036E-02
2.82644E-03,-1.316E-02
2.82653E-03,-2.516E-02
2.82653E-03,-1.956E-02
2.82662E-03,-2.676E-02
2.82662E-03,-2.436E-02
2.82670E-03,-2.756E-02
2.82670E-03,-2.436E-02
2.82679E-03,-2.516E-02
2.82679E-03,-2.036E-02
2.82688E-03,-2.116E-02
2.82688E-03,-1.396E-02
2.82697E-03,-1.476E-02
2.82697E-03,-6.764E-03
2.82706E-03,-7.564E-03
2.82706E-03,4.357E-04
2.82714E-03,4.357E-04
2.82714E-03,9.236E-03
2.82723E-03,7.636E-03
2.82723E-03,1.404E-02
2.82732E-03,1.324E-02
2.82732E-03,1.724E-02
2.82741E-03,1.644E-02
2.82741E-03,1.884E-02
2.82750E-03,1.644E-02
2.82750E-03,1.884E-02
2.82758E-03,1.324E-02
2.82758E-03,1.884E-02
2.82767E-03,8.436E-03
2.82767E-03,1.484E-02
2.82776E-03,3.636E-03
2.82776E-03,1.004E-02
2.82785E-03,-2.764E-03
2.82785E-03,3.636E-03
2.82794E-03,-7.564E-03
2.82794E-03,-1.964E-03
2.82802E-03,-1.236E-02
2.82802E-03,-7.564E-03
2.82811E-03,-1.556E-02
2.82811E-03,-1.156E-02
2.82820E-03,-1.636E-02
2.82820E-03,-1.396E-02
2.82829E-03,-1.636E-02
2.82829E-03,-1.396E-02
2.82838E-03,-1.556E-02
2.82838E-03,-1.236E-02
2.82846E-03,-1.316E-02
2.82846E-03,-9.164E-03
2.82855E-03,-9.964E-03
2.82855E-03,-4.364E-03
2.82864E-03,-5.164E-03
2.82864E-03,-3.643E-04
2.82873E-03,-1.164E-03
2.82873E-03,3.636E-03
2.82882E-03,2.036E-03
2.82882E-03,6.036E-03
2.82890E-03,5.236E-03
2.82890E-03,8.436E-03
2.82899E-03,6.836E-03
2.82899E-03,9.236E-03
2.82908E-03,7.636E-03
2.82908E-03,9.236E-03
2.82917E-03,6.836E-03
2.82917E-03,8.436E-03
2.82926E-03,3.636E-03
2.82926E-03,6.836E-03
2.82934E-03,1.236E-03
2.82934E-03,5.236E-03
2.82943E-03,-1.964E-03
2.82943E-03,2.036E-03
2.82952E-03,-4.364E-03
2.82952E-03,-3.643E-04
2.82961E-03,-5.964E-03
2.82961E-03,-2.764E-03
2.82970E-03,-7.564E-03
2.82970E-03,-5.164E-03
2.82978E-03,-8.364E-03
2.82978E-03,-5.964E-03
2.82987E-03,-8.364E-03
2.82987E-03,-6.764E-03
2.82996E-03,-7.564E-03
2.82996E-03,-5.164E-03
2.83005E-03,-6.764E-03
2.83005E-03,-4.364E-03
2.83014E-03,-5.164E-03
2.83014E-03,-2.764E-03
2.83022E-03,-3.564E-03
2.83022E-03,-3.643E-04
2.83031E-03,-1.964E-03
2.83031E-03,1.236E-03
2.83040E-03,-3.643E-04
2.83040E-03,2.036E-03
2.83049E-03,4.357E-04
2.83049E-03,2.836E-03
2.83058E-03,1.236E-03
2.83058E-03,2.836E-03
2.83066E-03,1.236E-03
2.83066E-03,2.836E-03
2.83075E-03,1.236E-03
2.83075E-03,2.836E-03
2.83084E-03,4.357E-04
2.83084E-03,2.836E-03
2.83093E-03,-3.643E-04
2.83093E-03,2.036E-03
2.83102E-03,-1.964E-03
2.83102E-03,4.357E-04
2.83110E-03,-2.764E-03
2.83110E-03,-3.643E-04
2.83119E-03,-3.564E-03
2.83119E-03,-1.964E-03
2.83128E-03,-4.364E-03
2.83128E-03,-1.964E-03
2.83137E-03,-4.364E-03
2.83137E-03,-2.764E-03
2.83146E-03,-4.364E-03
2.83146E-03,-2.764E-03
2.83154E-03,-4.364E-03
2.83154E-03,-2.764E-03
2.83163E-03,-4.364E-03
2.83163E-03,-1.964E-03
2.83172E-03,-3.564E-03
2.83172E-03,-1.164E-03
2.83181E-03,-2.764E-03
2.83181E-03,-1.164E-03
2.83190E-03,-1.964E-03
2.83190E-03,-3.643E-04
2.83198E-03,-1.164E-03
2.83198E-03,4.357E-04
2.83207E-03,-3.643E-04
2.83207E-03,1.236E-03
2.83216E-03,4.357E-04
2.83216E-03,2.036E-03
2.83225E-03,4.357E-04
2.83225E-03,2.036E-03
2.83234E-03,4.357E-04
2.83234E-03,2.036E-03
2.83242E-03,-3.643E-04
2.83242E-03,2.036E-03
2.83251E-03,-1.964E-03
2.83251E-03,2.036E-03
2.83260E-03,-2.764E-03
2.83260E-03,2.036E-03
2.83269E-03,-2.764E-03
2.83269E-03,4.357E-04
2.83278E-03,-3.564E-03
2.83278E-03,-1.164E-03
2.83286E-03,-4.364E-03
2.83286E-03,-1.964E-03
2.83295E-03,-5.164E-03
2.83295E-03,-3.564E-03
2.83304E-03,-6.764E-03
2.83304E-03,-4.364E-03
2.83313E-03,-5.964E-03
2.83313E-03,-4.364E-03
2.83322E-03,-5.964E-03
2.83322E-03,-4.364E-03
2.83330E-03,-5.164E-03
2.83330E-03,-2.764E-03
2.83339E-03,-4.364E-03
2.83339E-03,-1.164E-03
2.83348E-03,-2.764E-03
2.83348E-03,4.357E-04
2.83357E-03,-3.643E-04
2.83357E-03,2.036E-03
2.83366E-03,1.236E-03
2.83366E-03,3.636E-03
2.83374E-03,3.636E-03
2.83374E-03,5.236E-03
2.83383E-03,4.436E-03
2.83383E-03,6.036E-03
2.83392E-03,5.236E-03
2.83392E-03,6.836E-03
2.83401E-03,4.436E-03
2.83401E-03,6.036E-03
2.83410E-03,2.836E-03
2.83410E-03,5.236E-03
2.83418E-03,4.357E-04
2.83418E-03,3.636E-03
2.83427E-03,-2.764E-03
2.83427E-03,4.357E-04
2.83436E-03,-5.964E-03
2.83436E-03,-1.964E-03
2.83445E-03,-9.164E-03
2.83445E-03,-5.164E-03
2.83454E-03,-1.076E-02
2.83454E-03,-7.564E-03
2.83462E-03,-1.236E-02
2.83462E-03,-1.076E-02
2.83471E-03,-1.236E-02
2.83471E-03,-1.156E-02
2.83480E-03,-1.236E-02
2.83480E-03,-9.964E-03
2.83489E-03,-1.076E-02
2.83489E-03,-7.564E-03
2.83498E-03,-8.364E-03
2.83498E-03,-3.564E-03
2.83506E-03,-4.364E-03
2.83506E-03,4.357E-04
2.83515E-03,4.357E-04
2.83515E-03,5.236E-03
2.83524E-03,5.236E-03
2.83524E-03,1.004E-02
2.83533E-03,9.236E-03
2.83533E-03,1.324E-02
2.83542E-03,1.244E-02
2.83542E-03,1.484E-02
2.83550E-03,1.404E-02
2.83550E-03,1.564E-02
2.83559E-03,1.164E-02
2.83559E-03,1.484E-02
2.83568E-03,7.636E-03
2.83568E-03,1.244E-02
2.83577E-03,2.836E-03
2.83577E-03,9.236E-03
2.83586E-03,-2.764E-03
2.83586E-03,3.636E-03
2.83594E-03,-9.164E-03
2.83594E-03,-2.764E-03
2.83603E-03,-1.556E-02
2.83603E-03,-9.164E-03
2.83612E-03,-1.956E-02
2.83612E-03,-1.396E-02
2.83621E-03,-2.276E-02
2.83621E-03,-1.956E-02
2.83630E-03,-2.276E-02
2.83630E-03,-2.116E-02
2.83638E-03,-2.196E-02
2.83638E-03,-1.876E-02
2.83647E-03,-1.956E-02
2.83647E-03,-1.396E-02
2.83656E-03,-1.396E-02
2.83656E-03,-6.764E-03
2.83665E-03,-7.564E-03
2.83665E-03,4.357E-04
2.83674E-03,-3.643E-04
2.83674E-03,9.236E-03
2.83682E-03,8.436E-03
2.83682E-03,1.644E-02
2.83691E-03,1.644E-02
2.83691E-03,2.204E-02
2.83700E-03,2.124E-02
2.83700E-03,2.524E-02
2.83709E-03,2.444E-02
2.83709E-03,2.604E-02
2.83718E-03,2.204E-02
2.83718E-03,2.524E-02
2.83726E-03,1.644E-02
2.83726E-03,2.284E-02
2.83735E-03,7.636E-03
2.83735E-03,1.644E-02
2.83744E-03,-3.564E-03
2.83744E-03,7.636E-03
2.83753E-03,-1.236E-02
2.83753E-03,-1.964E-03
2.83762E-03,-2.276E-02
2.83762E-03,-1.236E-02
2.83770E-03,-2.916E-02
2.83770E-03,-2.116E-02
2.83779E-03,-3.316E-02
2.83779E-03,-2.836E-02
2.83788E-03,-3.396E-02
2.83788E-03,-3.156E-02
2.83797E-03,-3.316E-02
2.83797E-03,-2.916E-02
2.83806E-03,-2.996E-02
2.83806E-03,-2.196E-02
2.83814E-03,-2.276E-02
2.83814E-03,-1.236E-02
2.83823E-03,-1.236E-02
2.83823E-03,-1.164E-03
2.83832E-03,-1.164E-03
2.83832E-03,1.164E-02
2.83841E-03,1.084E-02
2.83841E-03,2.204E-02
2.83850E-03,2.124E-02
2.83850E-03,3.004E-02
2.83858E-03,3.004E-02
2.83858E-03,3.564E-02
2.83867E-03,3.484E-02
2.83867E-03,3.644E-02
2.83876E-03,3.164E-02
2.83876E-03,3.564E-02
2.83885E-03,2.364E-02
2.83885E-03,3.244E-02
2.83894E-03,1.324E-02
2.83894E-03,2.364E-02
2.83902E-03,-3.643E-04
2.83902E-03,1.324E-02
2.83911E-03,-1.396E-02
2.83911E-03,4.357E-04
2.83920E-03,-2.596E-02
2.83920E-03,-1.316E-02
2.83929E-03,-3.556E-02
2.83929E-03,-2.516E-02
2.83938E-03,-4.116E-02
2.83938E-03,-3.476E-02
2.83946E-03,-4.276E-02
2.83946E-03,-4.036E-02
2.83955E-03,-4.196E-02
2.83955E-03,-3.796E-02
2.83964E-03,-3.876E-02
2.83964E-03,-2.916E-02
2.83973E-03,-2.996E-02
2.83973E-03,-1.716E-02
2.83982E-03,-1.796E-02
2.83982E-03,-2.764E-03
2.83990E-03,-3.564E-03
2.83990E-03,1.164E-02
2.83999E-03,1.164E-02
2.83999E-03,2.524E-02
2.84008E-03,2.444E-02
2.84008E-03,3.564E-02
2.84017E-03,3.484E-02
2.84017E-03,4.204E-02
2.84026E-03,4.124E-02
2.84026E-03,4.364E-02
2.84034E-03,3.884E-02
2.84034E-03,4.364E-02
2.84043E-03,3.004E-02
2.84043E-03,3.964E-02
2.84052E-03,1.804E-02
2.84052E-03,3.084E-02
2.84061E-03,2.836E-03
2.84061E-03,1.804E-02
2.84070E-03,-1.316E-02
2.84070E-03,2.836E-03
2.84078E-03,-2.676E-02
2.84078E-03,-1.236E-02
2.84087E-03,-3.796E-02
2.84087E-03,-2.596E-02
2.84096E-03,-4.596E-02
2.84096E-03,-3.796E-02
2.84105E-03,-4.756E-02
2.84105E-03,-4.516E-02
2.84114E-03,-4.836E-02
2.84114E-03,-4.276E-02
2.84122E-03,-4.356E-02
2.84122E-03,-3.396E-02
2.84131E-03,-3.476E-02
2.84131E-03,-2.196E-02
2.84140E-03,-2.196E-02
2.84140E-03,-6.764E-03
2.84149E-03,-6.764E-03
2.84149E-03,1.004E-02
2.84158E-03,9.236E-03
2.84158E-03,2.444E-02
2.84166E-03,2.364E-02
2.84166E-03,3.564E-02
2.84175E-03,3.564E-02
2.84175E-03,4.364E-02
2.84184E-03,4.284E-02
2.84184E-03,4.604E-02
2.84193E-03,4.204E-02
2.84193E-03,4.604E-02
2.84202E-03,3.324E-02
2.84202E-03,4.204E-02
2.84210E-03,2.044E-02
2.84210E-03,3.404E-02
2.84219E-03,6.036E-03
2.84219E-03,2.124E-02
2.84228E-03,-1.076E-02
2.84228E-03,6.036E-03
2.84237E-03,-2.516E-02
2.84237E-03,-9.964E-03
2.84246E-03,-3.876E-02
2.84246E-03,-2.436E-02
2.84254E-03,-4.516E-02
2.84254E-03,-3.636E-02
2.84263E-03,-4.836E-02
2.84263E-03,-4.276E-02
2.84272E-03,-4.836E-02
2.84272E-03,-4.356E-02
2.84281E-03,-4.436E-02
2.84281E-03,-3.556E-02
2.84290E-03,-3.636E-02
2.84290E-03,-2.356E-02
2.84298E-03,-2.356E-02
2.84298E-03,-9.164E-03
2.84307E-03,-9.964E-03
2.84307E-03,6.836E-03
2.84316E-03,6.036E-03
2.84316E-03,2.044E-02
2.84325E-03,2.044E-02
2.84325E-03,3.244E-02
2.84334E-03,3.164E-02
2.84334E-03,3.964E-02
2.84342E-03,3.884E-02
2.84342E-03,4.284E-02
2.84351E-03,3.964E-02
2.84351E-03,4.364E-02
2.84360E-03,3.244E-02
2.84360E-03,4.044E-02
2.84369E-03,2.124E-02
2.84369E-03,3.244E-02
2.84378E-03,7.636E-03
2.84378E-03,2.124E-02
2.84386E-03,-6.764E-03
2.84386E-03,8.436E-03
2.84395E-03,-2.036E-02
2.84395E-03,-6.764E-03
2.84404E-03,-3.156E-02
2.84404E-03,-1.956E-02
2.84413E-03,-3.876E-02
2.84413E-03,-3.156E-02
2.84422E-03,-4.196E-02
2.84422E-03,-3.796E-02
2.84430E-03,-4.196E-02
2.84430E-03,-3.876E-02
2.84439E-03,-3.956E-02
2.84439E-03,-3.236E-02
2.84448E-03,-3.316E-02
2.84448E-03,-2.196E-02
2.84457E-03,-2.276E-02
2.84457E-03,-1.076E-02
2.84466E-03,-1.076E-02
2.84466E-03,2.836E-03
2.84474E-03,2.836E-03
2.84474E-03,1.564E-02
2.84483E-03,1.484E-02
2.84483E-03,2.524E-02
2.84492E-03,2.524E-02
2.84492E-03,3.164E-02
2.84501E-03,3.164E-02
2.84501E-03,3.564E-02
2.84510E-03,3.244E-02
2.84510E-03,3.484E-02
2.84518E-03,2.764E-02
2.84518E-03,3.324E-02
2.84527E-03,1.884E-02
2.84527E-03,2.764E-02
2.84536E-03,7.636E-03
2.84536E-03,1.884E-02
2.84545E-03,-3.564E-03
2.84545E-03,8.436E-03
2.84554E-03,-1.476E-02
2.84554E-03,-2.764E-03
2.84562E-03,-2.356E-02
2.84562E-03,-1.396E-02
2.84571E-03,-2.996E-02
2.84571E-03,-2.276E-02
2.84580E-03,-3.236E-02
2.84580E-03,-2.916E-02
2.84589E-03,-3.236E-02
2.84589E-03,-2.996E-02
2.84598E-03,-3.156E-02
2.84598E-03,-2.596E-02
2.84606E-03,-2.676E-02
2.84606E-03,-1.876E-02
2.84615E-03,-1.876E-02
2.84615E-03,-9.964E-03
2.84624E-03,-9.964E-03
2.84624E-03,4.357E-04
2.84633E-03,-3.643E-04
2.84633E-03,9.236E-03
2.84642E-03,9.236E-03
2.84642E-03,1.644E-02
2.84650E-03,1.644E-02
2.84650E-03,2.204E-02
2.84659E-03,2.124E-02
2.84659E-03,2.444E-02
2.84668E-03,2.204E-02
2.84668E-03,2.444E-02
2.84677E-03,1.964E-02
2.84677E-03,2.364E-02
2.84686E-03,1.324E-02
2.84686E-03,2.044E-02
2.84694E-03,6.036E-03
2.84694E-03,1.404E-02
2.84703E-03,-1.964E-03
2.84703E-03,6.836E-03
2.84712E-03,-9.164E-03
2.84712E-03,-1.164E-03
2.84721E-03,-1.476E-02
2.84721E-03,-8.364E-03
2.84730E-03,-1.956E-02
2.84730E-03,-1.396E-02
2.84738E-03,-2.116E-02
2.84738E-03,-1.876E-02
2.84747E-03,-2.276E-02
2.84747E-03,-1.876E-02
2.84756E-03,-2.196E-02
2.84756E-03,-1.716E-02
2.84765E-03,-1.876E-02
2.84765E-03,-1.236E-02
2.84774E-03,-1.316E-02
2.84774E-03,-7.564E-03
2.84782E-03,-7.564E-03
2.84782E-03,-1.164E-03
2.84791E-03,-1.964E-03
2.84791E-03,4.436E-03
2.84800E-03,3.636E-03
2.84800E-03,8.436E-03
2.84809E-03,7.636E-03
2.84809E-03,1.244E-02
2.84818E-03,1.164E-02
2.84818E-03,1.404E-02
2.84826E-03,1.244E-02
2.84826E-03,1.404E-02
2.84835E-03,1.084E-02
2.84835E-03,1.324E-02
2.84844E-03,7.636E-03
2.84844E-03,1.164E-02
2.84853E-03,2.836E-03
2.84853E-03,8.436E-03
2.84862E-03,-3.643E-04
2.84862E-03,3.636E-03
2.84870E-03,-5.164E-03
2.84870E-03,-3.643E-04
2.84879E-03,-8.364E-03
2.84879E-03,-3.564E-03
2.84888E-03,-1.076E-02
2.84888E-03,-7.564E-03
2.84897E-03,-1.156E-02
2.84897E-03,-9.964E-03
2.84906E-03,-1.156E-02
2.84906E-03,-9.964E-03
2.84914E-03,-1.156E-02
2.84914E-03,-9.164E-03
2.84923E-03,-9.964E-03
2.84923E-03,-6.764E-03
2.84932E-03,-7.564E-03
2.84932E-03,-4.364E-03
2.84941E-03,-5.164E-03
2.84941E-03,-1.164E-03
2.84950E-03,-1.964E-03
2.84950E-03,1.236E-03
2.84958E-03,4.357E-04
2.84958E-03,3.636E-03
2.84967E-03,2.036E-03
2.84967E-03,4.436E-03
2.84976E-03,3.636E-03
2.84976E-03,6.036E-03
2.84985E-03,4.436E-03
2.84985E-03,6.036E-03
2.84994E-03,3.636E-03
2.84994E-03,5.236E-03
2.85002E-03,2.036E-03
2.85002E-03,4.436E-03
2.85011E-03,4.357E-04
2.85011E-03,3.636E-03
2.85020E-03,-1.164E-03
2.85020E-03,2.036E-03
2.85029E-03,-2.764E-03
2.85029E-03,-3.643E-04
2.85038E-03,-3.564E-03
2.85038E-03,-1.964E-03
2.85046E-03,-5.164E-03
2.85046E-03,-2.764E-03
2.85055E-03,-5.964E-03
2.85055E-03,-3.564E-03
2.85064E-03,-5.164E-03
2.85064E-03,-4.364E-03
2.85073E-03,-5.164E-03
2.85073E-03,-3.564E-03
2.85082E-03,-5.164E-03
2.85082E-03,-2.764E-03
2.85090E-03,-3.564E-03
2.85090E-03,-1.964E-03
2.85099E-03,-3.564E-03
2.85099E-03,-1.164E-03
2.85108E-03,-2.764E-03
2.85108E-03,4.357E-04
2.85117E-03,-1.164E-03
2.85117E-03,1.236E-03
2.85126E-03,-3.643E-04
2.85126E-03,2.036E-03
2.85134E-03,-3.643E-04
2.85134E-03,2.036E-03
2.85143E-03,4.357E-04
2.85143E-03,2.036E-03
2.85152E-03,4.357E-04
2.85152E-03,2.036E-03
2.85161E-03,-3.643E-04
2.85161E-03,2.036E-03
2.85170E-03,-3.643E-04
2.85170E-03,1.236E-03
2.85178E-03,-1.164E-03
2.85178E-03,4.357E-04
2.85187E-03,-1.964E-03
2.85187E-03,-3.643E-04
2.85196E-03,-2.764E-03
2.85196E-03,-1.164E-03
2.85205E-03,-3.564E-03
2.85205E-03,-1.964E-03
2.85214E-03,-4.364E-03
2.85214E-03,-2.764E-03
2.85222E-03,-4.364E-03
2.85222E-03,-2.764E-03
2.85231E-03,-4.364E-03
2.85231E-03,-2.764E-03
2.85240E-03,-5.164E-03
2.85240E-03,-1.164E-03
2.85249E-03,-5.964E-03
2.85249E-03,-1.164E-03
2.85258E-03,-4.364E-03
2.85258E-03,-1.164E-03
2.85266E-03,-2.764E-03
2.85266E-03,-3.643E-04
2.85275E-03,-1.164E-03
2.85275E-03,1.236E-03
2.85284E-03,-3.643E-04
2.85284E-03,2.036E-03
2.85293E-03,4.357E-04
2.85293E-03,2.836E-03
2.85302E-03,1.236E-03
2.85302E-03,3.636E-03
2.85310E-03,2.036E-03
2.85310E-03,3.636E-03
2.85319E-03,2.036E-03
2.85319E-03,3.636E-03
2.85328E-03,1.236E-03
2.85328E-03,2.836E-03
2.85337E-03,-3.643E-04
2.85337E-03,2.036E-03
2.85346E-03,-1.964E-03
2.85346E-03,4.357E-04
2.85354E-03,-4.364E-03
2.85354E-03,-1.164E-03
2.85363E-03,-5.964E-03
2.85363E-03,-2.764E-03
2.85372E-03,-7.564E-03
2.85372E-03,-5.164E-03
2.85381E-03,-8.364E-03
2.85381E-03,-5.964E-03
2.85390E-03,-9.164E-03
2.85390E-03,-6.764E-03
2.85398E-03,-8.364E-03
2.85398E-03,-6.764E-03
2.85407E-03,-7.564E-03
2.85407E-03,-5.164E-03
2.85416E-03,-5.964E-03
2.85416E-03,-2.764E-03
2.85425E-03,-3.564E-03
2.85425E-03,4.357E-04
2.85434E-03,-3.643E-04
2.85434E-03,3.636E-03
2.85442E-03,2.836E-03
2.85442E-03,6.036E-03
2.85451E-03,5.236E-03
2.85451E-03,9.236E-03
2.85460E-03,8.436E-03
2.85460E-03,1.084E-02
2.85469E-03,9.236E-03
2.85469E-03,1.084E-02
2.85478E-03,8.436E-03
2.85478E-03,1.084E-02
2.85486E-03,6.036E-03
2.85486E-03,9.236E-03
2.85495E-03,2.036E-03
2.85495E-03,6.836E-03
2.85504E-03,-1.964E-03
2.85504E-03,3.636E-03
2.85513E-03,-6.764E-03
2.85513E-03,-1.164E-03
2.85522E-03,-1.076E-02
2.85522E-03,-5.164E-03
2.85530E-03,-1.396E-02
2.85530E-03,-9.964E-03
2.85539E-03,-1.636E-02
2.85539E-03,-1.316E-02
2.85548E-03,-1.716E-02
2.85548E-03,-1.476E-02
2.85557E-03,-1.716E-02
2.85557E-03,-1.476E-02
2.85566E-03,-1.556E-02
2.85566E-03,-1.156E-02
2.85574E-03,-1.236E-02
2.85574E-03,-6.764E-03
2.85583E-03,-7.564E-03
2.85583E-03,-3.643E-04
2.85592E-03,-1.164E-03
2.85592E-03,6.036E-03
2.85601E-03,5.236E-03
2.85601E-03,1.164E-02
2.85610E-03,1.084E-02
2.85610E-03,1.644E-02
2.85618E-03,1.564E-02
2.85618E-03,1.964E-02
2.85627E-03,1.884E-02
2.85627E-03,2.044E-02
2.85636E-03,1.804E-02
2.85636E-03,2.124E-02
2.85645E-03,1.404E-02
2.85645E-03,1.884E-02
2.85654E-03,6.836E-03
2.85654E-03,1.404E-02
2.85662E-03,-3.643E-04
2.85662E-03,8.436E-03
2.85671E-03,-9.164E-03
2.85671E-03,-3.643E-04
2.85680E-03,-1.636E-02
2.85680E-03,-8.364E-03
2.85689E-03,-2.276E-02
2.85689E-03,-1.636E-02
2.85698E-03,-2.676E-02
2.85698E-03,-2.196E-02
2.85706E-03,-2.836E-02
2.85706E-03,-2.596E-02
2.85715E-03,-2.836E-02
2.85715E-03,-2.436E-02
2.85724E-03,-2.596E-02
2.85724E-03,-1.956E-02
2.85733E-03,-2.036E-02
2.85733E-03,-1.236E-02
2.85742E-03,-1.236E-02
2.85742E-03,-1.964E-03
2.85750E-03,-3.564E-03
2.85750E-03,6.836E-03
2.85759E-03,6.836E-03
2.85759E-03,1.724E-02
2.85768E-03,1.644E-02
2.85768E-03,2.524E-02
2.85777E-03,2.444E-02
2.85777E-03,3.004E-02
2.85786E-03,2.924E-02
2.85786E-03,3.164E-02
2.85794E-03,2.844E-02
2.85794E-03,3.164E-02
2.85803E-03,2.204E-02
2.85803E-03,2.924E-02
2.85812E-03,1.324E-02
2.85812E-03,2.284E-02
2.85821E-03,2.036E-03
2.85821E-03,1.404E-02
2.85830E-03,-9.964E-03
2.85830E-03,2.036E-03
2.85838E-03,-2.116E-02
2.85838E-03,-9.964E-03
2.85847E-03,-2.996E-02
2.85847E-03,-2.116E-02
2.85856E-03,-3.636E-02
2.85856E-03,-2.996E-02
2.85865E-03,-3.876E-02
2.85865E-03,-3.556E-02
2.85874E-03,-3.876E-02
2.85874E-03,-3.556E-02
2.85882E-03,-3.556E-02
2.85882E-03,-2.836E-02
2.85891E-03,-2.916E-02
2.85891E-03,-1.796E-02
2.85900E-03,-1.876E-02
2.85900E-03,-5.164E-03
2.85909E-03,-5.964E-03
2.85909E-03,8.436E-03
2.85918E-03,7.636E-03
2.85918E-03,2.124E-02
2.85926E-03,2.044E-02
2.85926E-03,3.084E-02
2.85935E-03,3.084E-02
2.85935E-03,3.804E-02
2.85944E-03,3.724E-02
2.85944E-03,4.044E-02
2.85953E-03,3.724E-02
2.85953E-03,4.044E-02
2.85962E-03,3.004E-02
2.85962E-03,3.804E-02
2.85970E-03,1.884E-02
2.85970E-03,3.084E-02
2.85979E-03,5.236E-03
2.85979E-03,1.964E-02
2.85988E-03,-9.164E-03
2.85988E-03,6.036E-03
2.85997E-03,-2.356E-02
2.85997E-03,-9.164E-03
2.86006E-03,-3.476E-02
2.86006E-03,-2.356E-02
2.86014E-03,-4.276E-02
2.86014E-03,-3.476E-02
2.86023E-03,-4.596E-02
2.86023E-03,-4.196E-02
2.86032E-03,-4.596E-02
2.86032E-03,-4.196E-02
2.86041E-03,-4.356E-02
2.86041E-03,-3.556E-02
2.86050E-03,-3.556E-02
2.86050E-03,-2.356E-02
2.86058E-03,-2.436E-02
2.86058E-03,-8.364E-03
2.86067E-03,-9.164E-03
2.86067E-03,6.836E-03
2.86076E-03,6.036E-03
2.86076E-03,2.124E-02
2.86085E-03,2.124E-02
2.86085E-03,3.324E-02
2.86094E-03,3.324E-02
2.86094E-03,4.204E-02
2.86102E-03,4.124E-02
2.86102E-03,4.524E-02
2.86111E-03,4.204E-02
2.86111E-03,4.524E-02
2.86120E-03,3.484E-02
2.86120E-03,4.284E-02
2.86129E-03,2.284E-02
2.86129E-03,3.564E-02
2.86138E-03,8.436E-03
2.86138E-03,2.364E-02
2.86146E-03,-7.564E-03
2.86146E-03,9.236E-03
2.86155E-03,-2.276E-02
2.86155E-03,-7.564E-03
2.86164E-03,-3.556E-02
2.86164E-03,-2.196E-02
2.86173E-03,-4.436E-02
2.86173E-03,-3.556E-02
2.86182E-03,-4.836E-02
2.86182E-03,-4.356E-02
2.86190E-03,-4.836E-02
2.86190E-03,-4.516E-02
2.86199E-03,-4.676E-02
2.86199E-03,-3.796E-02
2.86208E-03,-3.876E-02
2.86208E-03,-2.756E-02
2.86217E-03,-2.756E-02
2.86217E-03,-1.236E-02
2.86226E-03,-1.236E-02
2.86226E-03,3.636E-03
2.86234E-03,3.636E-03
2.86234E-03,1.964E-02
2.86243E-03,1.644E-02
2.86243E-03,3.244E-02
2.86252E-03,3.164E-02
2.86252E-03,4.124E-02
2.86261E-03,4.044E-02
2.86261E-03,4.524E-02
2.86270E-03,4.284E-02
2.86270E-03,4.524E-02
2.86278E-03,3.564E-02
2.86278E-03,4.284E-02
2.86287E-03,2.444E-02
2.86287E-03,3.644E-02
2.86296E-03,1.084E-02
2.86296E-03,2.524E-02
2.86305E-03,-4.364E-03
2.86305E-03,1.164E-02
2.86314E-03,-1.956E-02
2.86314E-03,-4.364E-03
2.86322E-03,-3.236E-02
2.86322E-03,-1.956E-02
2.86331E-03,-4.116E-02
2.86331E-03,-3.156E-02
2.86340E-03,-4.516E-02
2.86340E-03,-4.036E-02
2.86349E-03,-4.516E-02
2.86349E-03,-4.276E-02
2.86358E-03,-4.436E-02
2.86358E-03,-3.716E-02
2.86366E-03,-3.796E-02
2.86366E-03,-2.676E-02
2.86375E-03,-2.756E-02
2.86375E-03,-1.316E-02
2.86384E-03,-1.396E-02
2.86384E-03,4.357E-04
2.86393E-03,4.357E-04
2.86393E-03,1.564E-02
2.86402E-03,1.404E-02
2.86402E-03,2.684E-02
2.86410E-03,2.604E-02
2.86410E-03,3.484E-02
2.86419E-03,3.484E-02
2.86419E-03,3.964E-02
2.86428E-03,3.724E-02
2.86428E-03,3.964E-02
2.86437E-03,3.244E-02
2.86437E-03,3.804E-02
2.86446E-03,2.364E-02
2.86446E-03,3.324E-02
2.86454E-03,1.164E-02
2.86454E-03,2.364E-02
2.86463E-03,-1.164E-03
2.86463E-03,1.244E-02
2.86472E-03,-1.476E-02
2.86472E-03,-1.164E-03
2.86481E-03,-2.516E-02
2.86481E-03,-1.396E-02
2.86490E-03,-3.316E-02
2.86490E-03,-2.436E-02
2.86498E-03,-3.716E-02
2.86498E-03,-3.236E-02
2.86507E-03,-3.796E-02
2.86507E-03,-3.556E-02
2.86516E-03,-3.636E-02
2.86516E-03,-3.076E-02
2.86525E-03,-3.156E-02
2.86525E-03,-2.356E-02
2.86534E-03,-2.436E-02
2.86534E-03,-1.316E-02
2.86542E-03,-1.316E-02
2.86542E-03,-1.964E-03
2.86551E-03,-2.764E-03
2.86551E-03,9.236E-03
2.86560E-03,9.236E-03
2.86560E-03,1.884E-02
2.86569E-03,1.804E-02
2.86569E-03,2.604E-02
2.86578E-03,2.524E-02
2.86578E-03,2.924E-02
2.86586E-03,2.844E-02
2.86586E-03,3.004E-02
2.86595E-03,2.524E-02
2.86595E-03,2.924E-02
2.86604E-03,1.804E-02
2.86604E-03,2.524E-02
2.86613E-03,9.236E-03
2.86613E-03,1.884E-02
2.86622E-03,4.357E-04
2.86622E-03,1.004E-02
2.86630E-03,-9.164E-03
2.86630E-03,4.357E-04
2.86639E-03,-1.716E-02
2.86639E-03,-8.364E-03
2.86648E-03,-2.356E-02
2.86648E-03,-1.636E-02
2.86657E-03,-2.676E-02
2.86657E-03,-2.276E-02
2.86666E-03,-2.756E-02
2.86666E-03,-2.516E-02
2.86674E-03,-2.676E-02
2.86674E-03,-2.356E-02
2.86683E-03,-2.356E-02
2.86683E-03,-1.796E-02
2.86692E-03,-1.876E-02
2.86692E-03,-1.076E-02
2.86701E-03,-1.076E-02
2.86701E-03,-2.764E-03
2.86710E-03,-3.564E-03
2.86710E-03,4.436E-03
2.86718E-03,4.436E-03
2.86718E-03,1.084E-02
2.86727E-03,1.084E-02
2.86727E-03,1.644E-02
2.86736E-03,1.404E-02
2.86736E-03,1.964E-02
2.86745E-03,1.724E-02
2.86745E-03,1.964E-02
2.86754E-03,1.564E-02
2.86754E-03,1.884E-02
2.86762E-03,1.164E-02
2.86762E-03,1.724E-02
2.86771E-03,6.036E-03
2.86771E-03,1.244E-02
2.86780E-03,4.357E-04
2.86780E-03,6.836E-03
2.86789E-03,-5.164E-03
2.86789E-03,1.236E-03
2.86798E-03,-9.964E-03
2.86798E-03,-4.364E-03
2.86806E-03,-1.396E-02
2.86806E-03,-9.964E-03
2.86815E-03,-1.556E-02
2.86815E-03,-1.236E-02
2.86824E-03,-1.636E-02
2.86824E-03,-1.476E-02
2.86833E-03,-1.636E-02
2.86833E-03,-1.316E-02
2.86842E-03,-1.476E-02
2.86842E-03,-1.076E-02
2.86850E-03,-1.156E-02
2.86850E-03,-6.764E-03
2.86859E-03,-7.564E-03
2.86859E-03,-2.764E-03
2.86868E-03,-3.564E-03
2.86868E-03,1.236E-03
2.86877E-03,4.357E-04
2.86877E-03,5.236E-03
2.86886E-03,4.436E-03
2.86886E-03,7.636E-03
2.86894E-03,6.836E-03
2.86894E-03,9.236E-03
2.86903E-03,7.636E-03
2.86903E-03,9.236E-03
2.86912E-03,7.636E-03
2.86912E-03,9.236E-03
2.86921E-03,5.236E-03
2.86921E-03,8.436E-03
2.86930E-03,2.836E-03
2.86930E-03,6.036E-03
2.86938E-03,-3.643E-04
2.86938E-03,3.636E-03
2.86947E-03,-2.764E-03
2.86947E-03,4.357E-04
2.86956E-03,-5.164E-03
2.86956E-03,-1.964E-03
2.86965E-03,-6.764E-03
2.86965E-03,-4.364E-03
2.86974E-03,-7.564E-03
2.86974E-03,-5.964E-03
2.86982E-03,-8.364E-03
2.86982E-03,-6.764E-03
2.86991E-03,-8.364E-03
2.86991E-03,-5.964E-03
2.87000E-03,-7.564E-03
2.87000E-03,-5.164E-03
2.87009E-03,-5.964E-03
2.87009E-03,-3.564E-03
2.87018E-03,-4.364E-03
2.87018E-03,-1.164E-03
2.87026E-03,-2.764E-03
2.87026E-03,4.357E-04
2.87035E-03,-1.164E-03
2.87035E-03,1.236E-03
2.87044E-03,4.357E-04
2.87044E-03,2.836E-03
2.87053E-03,1.236E-03
2.87053E-03,2.836E-03
2.87062E-03,2.036E-03
2.87062E-03,3.636E-03
2.87070E-03,1.236E-03
2.87070E-03,2.836E-03
2.87079E-03,1.236E-03
2.87079E-03,2.836E-03
2.87088E-03,-3.643E-04
2.87088E-03,2.036E-03
2.87097E-03,-1.164E-03
2.87097E-03,1.236E-03
2.87106E-03,-1.964E-03
2.87106E-03,4.357E-04
2.87114E-03,-3.564E-03
2.87114E-03,-3.643E-04
2.87123E-03,-3.564E-03
2.87123E-03,-1.964E-03
2.87132E-03,-4.364E-03
2.87132E-03,-1.964E-03
2.87141E-03,-4.364E-03
2.87141E-03,-2.764E-03
2.87150E-03,-4.364E-03
2.87150E-03,-2.764E-03
2.87158E-03,-4.364E-03
2.87158E-03,-2.764E-03
2.87167E-03,-3.564E-03
2.87167E-03,-1.964E-03
2.87176E-03,-2.764E-03
2.87176E-03,-1.164E-03
2.87185E-03,-2.764E-03
2.87185E-03,-3.643E-04
2.87194E-03,-1.964E-03
2.87194E-03,4.357E-04
2.87202E-03,-1.164E-03
2.87202E-03,1.236E-03
2.87211E-03,-3.643E-04
2.87211E-03,1.236E-03
2.87220E-03,4.357E-04
2.87220E-03,2.036E-03
2.87229E-03,4.357E-04
2.87229E-03,3.636E-03
2.87238E-03,-1.164E-03
2.87238E-03,2.836E-03
2.87246E-03,-3.643E-04
2.87246E-03,2.036E-03
2.87255E-03,-3.643E-04
2.87255E-03,1.236E-03
2.87264E-03,-1.964E-03
2.87264E-03,4.357E-04
2.87273E-03,-2.764E-03
2.87273E-03,-3.643E-04
2.87282E-03,-4.364E-03
2.87282E-03,-1.964E-03
2.87290E-03,-5.164E-03
2.87290E-03,-2.764E-03
2.87299E-03,-5.964E-03
2.87299E-03,-4.364E-03
2.87308E-03,-5.964E-03
2.87308E-03,-4.364E-03
2.87317E-03,-5.964E-03
2.87317E-03,-4.364E-03
2.87326E-03,-5.964E-03
2.87326E-03,-3.564E-03
2.87334E-03,-4.364E-03
2.87334E-03,-1.964E-03
2.87343E-03,-3.564E-03
2.87343E-03,-3.643E-04
2.87352E-03,-1.164E-03
2.87352E-03,1.236E-03
2.87361E-03,4.357E-04
2.87361E-03,3.636E-03
2.87370E-03,2.036E-03
2.87370E-03,5.236E-03
2.87378E-03,3.636E-03
2.87378E-03,6.036E-03
2.87387E-03,5.236E-03
2.87387E-03,6.836E-03
2.87396E-03,5.236E-03
2.87396E-03,6.836E-03
2.87405E-03,3.636E-03
2.87405E-03,6.036E-03
2.87414E-03,1.236E-03
2.87414E-03,4.436E-03
2.87422E-03,-1.164E-03
2.87422E-03,2.836E-03
2.87431E-03,-4.364E-03
2.87431E-03,-3.643E-04
2.87440E-03,-7.564E-03
2.87440E-03,-3.564E-03
2.87449E-03,-9.964E-03
2.87449E-03,-5.964E-03
2.87458E-03,-1.156E-02
2.87458E-03,-9.164E-03
2.87466E-03,-1.236E-02
2.87466E-03,-1.076E-02
2.87475E-03,-1.236E-02
2.87475E-03,-1.076E-02
2.87484E-03,-1.156E-02
2.87484E-03,-9.164E-03
2.87493E-03,-9.964E-03
2.87493E-03,-5.164E-03
2.87502E-03,-6.764E-03
2.87502E-03,-1.164E-03
2.87510E-03,-1.964E-03
2.87510E-03,3.636E-03
2.87519E-03,2.036E-03
2.87519E-03,7.636E-03
2.87528E-03,6.836E-03
2.87528E-03,1.164E-02
2.87537E-03,1.084E-02
2.87537E-03,1.404E-02
2.87546E-03,1.324E-02
2.87546E-03,1.564E-02
2.87554E-03,1.324E-02
2.87554E-03,1.564E-02
2.87563E-03,1.084E-02
2.87563E-03,1.404E-02
2.87572E-03,6.036E-03
2.87572E-03,1.164E-02
2.87581E-03,-3.643E-04
2.87581E-03,6.036E-03
2.87590E-03,-5.964E-03
2.87590E-03,1.236E-03
2.87598E-03,-1.236E-02
2.87598E-03,-5.164E-03
2.87607E-03,-1.796E-02
2.87607E-03,-1.156E-02
2.87616E-03,-2.116E-02
2.87616E-03,-1.716E-02
2.87625E-03,-2.276E-02
2.87625E-03,-2.036E-02
2.87634E-03,-2.276E-02
2.87634E-03,-2.036E-02
2.87642E-03,-2.116E-02
2.87642E-03,-1.716E-02
2.87651E-03,-1.796E-02
2.87651E-03,-1.156E-02
2.87660E-03,-1.156E-02
2.87660E-03,-3.564E-03
2.87669E-03,-4.364E-03
2.87669E-03,5.236E-03
2.87678E-03,3.636E-03
2.87678E-03,1.244E-02
2.87686E-03,1.164E-02
2.87686E-03,1.884E-02
2.87695E-03,1.884E-02
2.87695E-03,2.444E-02
2.87704E-03,2.364E-02
2.87704E-03,2.604E-02
2.87713E-03,2.364E-02
2.87713E-03,2.604E-02
2.87722E-03,1.964E-02
2.87722E-03,2.444E-02
2.87730E-03,1.164E-02
2.87730E-03,2.044E-02
2.87739E-03,2.836E-03
2.87739E-03,1.404E-02
2.87748E-03,-7.564E-03
2.87748E-03,3.636E-03
2.87757E-03,-1.716E-02
2.87757E-03,-6.764E-03
2.87766E-03,-2.516E-02
2.87766E-03,-1.636E-02
2.87774E-03,-3.156E-02
2.87774E-03,-2.436E-02
2.87783E-03,-3.396E-02
2.87783E-03,-2.996E-02
2.87792E-03,-3.396E-02
2.87792E-03,-3.156E-02
2.87801E-03,-3.236E-02
2.87801E-03,-2.596E-02
2.87810E-03,-2.756E-02
2.87810E-03,-1.796E-02
2.87818E-03,-1.876E-02
2.87818E-03,-6.764E-03
2.87827E-03,-7.564E-03
2.87827E-03,4.436E-03
2.87836E-03,3.636E-03
2.87836E-03,1.644E-02
2.87845E-03,1.564E-02
2.87845E-03,2.604E-02
2.87854E-03,2.524E-02
2.87854E-03,3.324E-02
2.87862E-03,3.244E-02
2.87862E-03,3.564E-02
2.87871E-03,3.404E-02
2.87871E-03,3.644E-02
2.87880E-03,2.844E-02
2.87880E-03,3.484E-02
2.87889E-03,1.884E-02
2.87889E-03,2.844E-02
2.87898E-03,6.836E-03
2.87898E-03,1.964E-02
2.87906E-03,-6.764E-03
2.87906E-03,6.836E-03
2.87915E-03,-1.956E-02
2.87915E-03,-5.964E-03
2.87924E-03,-3.156E-02
2.87924E-03,-1.956E-02
2.87933E-03,-3.876E-02
2.87933E-03,-3.076E-02
2.87942E-03,-4.276E-02
2.87942E-03,-3.796E-02
2.87950E-03,-4.356E-02
2.87950E-03,-4.116E-02
2.87959E-03,-4.116E-02
2.87959E-03,-3.476E-02
2.87968E-03,-3.476E-02
2.87968E-03,-2.436E-02
2.87977E-03,-2.516E-02
2.87977E-03,-1.076E-02
2.87986E-03,-1.156E-02
2.87986E-03,3.636E-03
2.87994E-03,2.836E-03
2.87994E-03,1.804E-02
2.88003E-03,1.724E-02
2.88003E-03,3.004E-02
2.88012E-03,2.924E-02
2.88012E-03,3.884E-02
2.88021E-03,3.804E-02
2.88021E-03,4.284E-02
2.88030E-03,4.124E-02
2.88030E-03,4.364E-02
2.88038E-03,3.484E-02
2.88038E-03,4.204E-02
2.88047E-03,2.444E-02
2.88047E-03,3.564E-02
2.88056E-03,1.084E-02
2.88056E-03,2.524E-02
2.88065E-03,-4.364E-03
2.88065E-03,1.164E-02
2.88074E-03,-1.956E-02
2.88074E-03,-4.364E-03
2.88082E-03,-3.316E-02
2.88082E-03,-1.956E-02
2.88091E-03,-4.276E-02
2.88091E-03,-3.236E-02
2.88100E-03,-4.836E-02
2.88100E-03,-4.196E-02
2.88109E-03,-4.836E-02
2.88109E-03,-4.596E-02
2.88118E-03,-4.676E-02
2.88118E-03,-4.036E-02
2.88126E-03,-4.116E-02
2.88126E-03,-2.916E-02
2.88135E-03,-2.916E-02
2.88135E-03,-1.556E-02
2.88144E-03,-1.556E-02
2.88144E-03,1.236E-03
2.88153E-03,4.357E-04
2.88153E-03,1.644E-02
2.88162E-03,1.644E-02
2.88162E-03,3.004E-02
2.88170E-03,3.004E-02
2.88170E-03,3.964E-02
2.88179E-03,3.964E-02
2.88179E-03,4.524E-02
2.88188E-03,4.284E-02
2.88188E-03,4.604E-02
2.88197E-03,3.804E-02
2.88197E-03,4.444E-02
2.88206E-03,2.764E-02
2.88206E-03,3.884E-02
2.88214E-03,1.324E-02
2.88214E-03,2.844E-02
2.88223E-03,-1.964E-03
2.88223E-03,1.484E-02
2.88232E-03,-1.876E-02
2.88232E-03,1.236E-03
2.88241E-03,-3.156E-02
2.88241E-03,-1.796E-02
2.88250E-03,-4.116E-02
2.88250E-03,-2.996E-02
2.88258E-03,-4.756E-02
2.88258E-03,-4.036E-02
2.88267E-03,-4.756E-02
2.88267E-03,-4.596E-02
2.88276E-03,-4.676E-02
2.88276E-03,-4.116E-02
2.88285E-03,-4.116E-02
2.88285E-03,-3.076E-02
2.88294E-03,-3.156E-02
2.88294E-03,-1.716E-02
2.88302E-03,-1.796E-02
2.88302E-03,-1.964E-03
2.88311E-03,-2.764E-03
2.88311E-03,1.324E-02
2.88320E-03,1.324E-02
2.88320E-03,2.604E-02
2.88329E-03,2.604E-02
2.88329E-03,3.644E-02
2.88338E-03,3.564E-02
2.88338E-03,4.204E-02
2.88346E-03,4.124E-02
2.88346E-03,4.284E-02
2.88355E-03,3.644E-02
2.88355E-03,4.204E-02
2.88364E-03,2.764E-02
2.88364E-03,3.724E-02
2.88373E-03,1.564E-02
2.88373E-03,2.844E-02
2.88382E-03,4.357E-04
2.88382E-03,1.564E-02
2.88390E-03,-1.396E-02
2.88390E-03,1.236E-03
2.88399E-03,-2.596E-02
2.88399E-03,-1.316E-02
2.88408E-03,-3.556E-02
2.88408E-03,-2.596E-02
2.88417E-03,-4.036E-02
2.88417E-03,-3.556E-02
2.88426E-03,-4.196E-02
2.88426E-03,-4.036E-02
2.88434E-03,-4.116E-02
2.88434E-03,-3.636E-02
2.88443E-03,-3.716E-02
2.88443E-03,-2.836E-02
2.88452E-03,-2.916E-02
2.88452E-03,-1.716E-02
2.88461E-03,-1.796E-02
2.88461E-03,-4.364E-03
2.88470E-03,-4.364E-03
2.88470E-03,8.436E-03
2.88478E-03,8.436E-03
2.88478E-03,1.964E-02
2.88487E-03,1.964E-02
2.88487E-03,2.844E-02
2.88496E-03,2.844E-02
2.88496E-03,3.404E-02
2.88505E-03,3.324E-02
2.88505E-03,3.564E-02
2.88514E-03,3.004E-02
2.88514E-03,3.484E-02
2.88522E-03,2.364E-02
2.88522E-03,3.164E-02
2.88531E-03,1.404E-02
2.88531E-03,2.444E-02
2.88540E-03,2.036E-03
2.88540E-03,1.484E-02
2.88549E-03,-9.164E-03
2.88549E-03,2.836E-03
2.88558E-03,-1.876E-02
2.88558E-03,-8.364E-03
2.88566E-03,-2.676E-02
2.88566E-03,-1.796E-02
2.88575E-03,-3.156E-02
2.88575E-03,-2.596E-02
2.88584E-03,-3.236E-02
2.88584E-03,-3.076E-02
2.88593E-03,-3.236E-02
2.88593E-03,-2.836E-02
2.88602E-03,-2.916E-02
2.88602E-03,-2.276E-02
2.88610E-03,-2.356E-02
2.88610E-03,-1.476E-02
2.88619E-03,-1.476E-02
2.88619E-03,-4.364E-03
2.88628E-03,-5.964E-03
2.88628E-03,3.636E-03
2.88637E-03,3.636E-03
2.88637E-03,1.324E-02
2.88646E-03,1.244E-02
2.88646E-03,1.964E-02
2.88654E-03,1.884E-02
2.88654E-03,2.364E-02
2.88663E-03,2.284E-02
2.88663E-03,2.444E-02
2.88672E-03,2.124E-02
2.88672E-03,2.364E-02
2.88681E-03,1.724E-02
2.88681E-03,2.204E-02
2.88690E-03,1.004E-02
2.88690E-03,1.724E-02
2.88698E-03,2.836E-03
2.88698E-03,1.084E-02
2.88707E-03,-5.164E-03
2.88707E-03,2.836E-03
2.88716E-03,-1.156E-02
2.88716E-03,-4.364E-03
2.88725E-03,-1.876E-02
2.88725E-03,-1.076E-02
2.88734E-03,-2.116E-02
2.88734E-03,-1.556E-02
2.88742E-03,-2.196E-02
2.88742E-03,-1.956E-02
2.88751E-03,-2.196E-02
2.88751E-03,-1.876E-02
2.88760E-03,-1.956E-02
2.88760E-03,-1.556E-02
2.88769E-03,-1.636E-02
2.88769E-03,-9.964E-03
2.88778E-03,-1.076E-02
2.88778E-03,-4.364E-03
2.88786E-03,-5.164E-03
2.88786E-03,1.236E-03
2.88795E-03,4.357E-04
2.88795E-03,6.836E-03
2.88804E-03,6.036E-03
2.88804E-03,1.084E-02
2.88813E-03,1.004E-02
2.88813E-03,1.324E-02
2.88822E-03,1.244E-02
2.88822E-03,1.404E-02
2.88830E-03,1.164E-02
2.88830E-03,1.404E-02
2.88839E-03,9.236E-03
2.88839E-03,1.324E-02
2.88848E-03,6.036E-03
2.88848E-03,1.004E-02
2.88857E-03,1.236E-03
2.88857E-03,6.836E-03
2.88866E-03,-2.764E-03
2.88866E-03,2.036E-03
2.88874E-03,-6.764E-03
2.88874E-03,-1.164E-03
2.88883E-03,-9.164E-03
2.88883E-03,-5.964E-03
2.88892E-03,-1.076E-02
2.88892E-03,-8.364E-03
2.88901E-03,-1.156E-02
2.88901E-03,-9.964E-03
2.88910E-03,-1.156E-02
2.88910E-03,-9.964E-03
2.88918E-03,-1.076E-02
2.88918E-03,-7.564E-03
2.88927E-03,-9.164E-03
2.88927E-03,-5.964E-03
2.88936E-03,-6.764E-03
2.88936E-03,-2.764E-03
2.88945E-03,-3.564E-03
2.88945E-03,-3.643E-04
2.88954E-03,-1.964E-03
2.88954E-03,2.836E-03
2.88962E-03,1.236E-03
2.88962E-03,4.436E-03
2.88971E-03,3.636E-03
2.88971E-03,5.236E-03
2.88980E-03,4.436E-03
2.88980E-03,6.036E-03
2.88989E-03,4.436E-03
2.88989E-03,6.036E-03
2.88998E-03,2.836E-03
2.88998E-03,5.236E-03
2.89006E-03,2.036E-03
2.89006E-03,3.636E-03
2.89015E-03,-3.643E-04
2.89015E-03,2.836E-03
2.89024E-03,-1.964E-03
2.89024E-03,1.236E-03
2.89033E-03,-3.564E-03
2.89033E-03,-3.643E-04
2.89042E-03,-4.364E-03
2.89042E-03,-1.964E-03
2.89050E-03,-5.164E-03
2.89050E-03,-2.764E-03
2.89059E-03,-5.164E-03
2.89059E-03,-4.364E-03
2.89068E-03,-5.164E-03
2.89068E-03,-4.364E-03
2.89077E-03,-5.164E-03
2.89077E-03,-3.564E-03
2.89086E-03,-4.364E-03
2.89086E-03,-2.764E-03
2.89094E-03,-4.364E-03
2.89094E-03,-1.164E-03
2.89103E-03,-2.764E-03
2.89103E-03,-3.643E-04
2.89112E-03,-1.964E-03
2.89112E-03,4.357E-04
2.89121E-03,-3.643E-04
2.89121E-03,1.236E-03
2.89130E-03,-3.643E-04
2.89130E-03,1.236E-03
2.89138E-03,4.357E-04
2.89138E-03,2.036E-03
2.89147E-03,4.357E-04
2.89147E-03,2.036E-03
2.89156E-03,4.357E-04
2.89156E-03,2.036E-03
2.89165E-03,-3.643E-04
2.89165E-03,2.036E-03
2.89174E-03,-3.643E-04
2.89174E-03,1.236E-03
2.89182E-03,-1.964E-03
2.89182E-03,4.357E-04
2.89191E-03,-2.764E-03
2.89191E-03,-3.643E-04
2.89200E-03,-2.764E-03
2.89200E-03,-1.164E-03
2.89209E-03,-3.564E-03
2.89209E-03,-1.964E-03
2.89218E-03,-5.164E-03
2.89218E-03,-1.964E-03
2.89226E-03,-5.964E-03
2.89226E-03,-1.164E-03
2.89235E-03,-5.164E-03
2.89235E-03,-2.764E-03
2.89244E-03,-4.364E-03
2.89244E-03,-2.764E-03
2.89253E-03,-3.564E-03
2.89253E-03,-1.964E-03
2.89262E-03,-2.764E-03
2.89262E-03,-3.643E-04
2.89270E-03,-1.964E-03
2.89270E-03,4.357E-04
2.89279E-03,-3.643E-04
2.89279E-03,1.236E-03
2.89288E-03,4.357E-04
2.89288E-03,2.036E-03
2.89297E-03,1.236E-03
2.89297E-03,3.636E-03
2.89306E-03,2.036E-03
2.89306E-03,4.436E-03
2.89314E-03,2.036E-03
2.89314E-03,3.636E-03
2.89323E-03,2.036E-03
2.89323E-03,3.636E-03
2.89332E-03,4.357E-04
2.89332E-03,2.836E-03
2.89341E-03,-1.164E-03
2.89341E-03,1.236E-03
2.89350E-03,-3.564E-03
2.89350E-03,4.357E-04
2.89358E-03,-5.164E-03
2.89358E-03,-1.164E-03
2.89367E-03,-6.764E-03
2.89367E-03,-3.564E-03
2.89376E-03,-8.364E-03
2.89376E-03,-5.164E-03
2.89385E-03,-8.364E-03
2.89385E-03,-6.764E-03
2.89394E-03,-9.164E-03
2.89394E-03,-7.564E-03
2.89402E-03,-8.364E-03
2.89402E-03,-6.764E-03
2.89411E-03,-7.564E-03
2.89411E-03,-4.364E-03
2.89420E-03,-5.964E-03
2.89420E-03,-1.964E-03
2.89429E-03,-2.764E-03
2.89429E-03,1.236E-03
2.89438E-03,4.357E-04
2.89438E-03,4.436E-03
2.89446E-03,3.636E-03
2.89446E-03,6.836E-03
2.89455E-03,6.036E-03
2.89455E-03,9.236E-03
2.89464E-03,8.436E-03
2.89464E-03,1.084E-02
2.89473E-03,9.236E-03
2.89473E-03,1.084E-02
2.89482E-03,7.636E-03
2.89482E-03,1.004E-02
2.89490E-03,4.436E-03
2.89490E-03,8.436E-03
2.89499E-03,4.357E-04
2.89499E-03,5.236E-03
2.89508E-03,-4.364E-03
2.89508E-03,1.236E-03
2.89517E-03,-8.364E-03
2.89517E-03,-3.564E-03
2.89526E-03,-1.316E-02
2.89526E-03,-7.564E-03
2.89534E-03,-1.556E-02
2.89534E-03,-1.156E-02
2.89543E-03,-1.796E-02
2.89543E-03,-1.476E-02
2.89552E-03,-1.796E-02
2.89552E-03,-1.556E-02
2.89561E-03,-1.716E-02
2.89561E-03,-1.316E-02
2.89570E-03,-1.396E-02
2.89570E-03,-9.964E-03
2.89578E-03,-9.964E-03
2.89578E-03,-4.364E-03
2.89587E-03,-5.164E-03
2.89587E-03,2.036E-03
2.89596E-03,1.236E-03
2.89596E-03,8.436E-03
2.89605E-03,7.636E-03
2.89605E-03,1.404E-02
2.89614E-03,1.324E-02
2.89614E-03,1.804E-02
2.89622E-03,1.724E-02
2.89622E-03,2.044E-02
2.89631E-03,1.884E-02
2.89631E-03,2.044E-02
2.89640E-03,1.564E-02
2.89640E-03,1.964E-02
2.89649E-03,1.084E-02
2.89649E-03,1.644E-02
2.89658E-03,3.636E-03
2.89658E-03,1.084E-02
2.89666E-03,-5.164E-03
2.89666E-03,4.436E-03
2.89675E-03,-1.316E-02
2.89675E-03,-4.364E-03
2.89684E-03,-2.036E-02
2.89684E-03,-1.156E-02
2.89693E-03,-2.516E-02
2.89693E-03,-1.956E-02
2.89702E-03,-2.836E-02
2.89702E-03,-2.436E-02
2.89710E-03,-2.836E-02
2.89710E-03,-2.676E-02
2.89719E-03,-2.836E-02
2.89719E-03,-2.276E-02
2.89728E-03,-2.436E-02
2.89728E-03,-1.556E-02
2.89737E-03,-1.796E-02
2.89737E-03,-7.564E-03
2.89746E-03,-8.364E-03
2.89746E-03,2.036E-03
2.89754E-03,1.236E-03
2.89754E-03,1.164E-02
2.89763E-03,1.164E-02
2.89763E-03,2.124E-02
2.89772E-03,2.044E-02
2.89772E-03,2.764E-02
2.89781E-03,2.684E-02
2.89781E-03,3.084E-02
2.89790E-03,3.004E-02
2.89790E-03,3.164E-02
2.89798E-03,2.524E-02
2.89798E-03,3.004E-02
2.89807E-03,1.804E-02
2.89807E-03,2.604E-02
2.89816E-03,7.636E-03
2.89816E-03,1.884E-02
2.89825E-03,-4.364E-03
2.89825E-03,8.436E-03
2.89834E-03,-1.556E-02
2.89834E-03,-3.564E-03
2.89842E-03,-2.596E-02
2.89842E-03,-1.476E-02
2.89851E-03,-3.396E-02
2.89851E-03,-2.516E-02
2.89860E-03,-3.796E-02
2.89860E-03,-3.316E-02
2.89869E-03,-3.876E-02
2.89869E-03,-3.716E-02
2.89878E-03,-3.796E-02
2.89878E-03,-3.316E-02
2.89886E-03,-3.316E-02
2.89886E-03,-2.436E-02
2.89895E-03,-2.436E-02
2.89895E-03,-1.236E-02
2.89904E-03,-1.316E-02
2.89904E-03,4.357E-04
2.89913E-03,-3.643E-04
2.89913E-03,1.484E-02
2.89922E-03,1.404E-02
2.89922E-03,2.604E-02
2.89930E-03,2.524E-02
2.89930E-03,3.484E-02
2.89939E-03,3.404E-02
2.89939E-03,3.964E-02
2.89948E-03,3.884E-02
2.89948E-03,4.044E-02
2.89957E-03,3.404E-02
2.89957E-03,3.964E-02
2.89966E-03,2.524E-02
2.89966E-03,3.484E-02
2.89974E-03,1.324E-02
2.89974E-03,2.604E-02
2.89983E-03,-1.964E-03
2.89983E-03,1.404E-02
2.89992E-03,-1.636E-02
2.89992E-03,-1.164E-03
2.90001E-03,-2.916E-02
2.90001E-03,-1.556E-02
2.90010E-03,-3.956E-02
2.90010E-03,-2.916E-02
2.90018E-03,-4.516E-02
2.90018E-03,-3.796E-02
2.90027E-03,-4.676E-02
2.90027E-03,-4.436E-02
2.90036E-03,-4.516E-02
2.90036E-03,-3.956E-02
2.90045E-03,-4.036E-02
2.90045E-03,-3.076E-02
2.90054E-03,-3.156E-02
2.90054E-03,-1.796E-02
2.90062E-03,-1.796E-02
2.90062E-03,-1.964E-03
2.90071E-03,-2.764E-03
2.90071E-03,1.404E-02
2.90080E-03,1.324E-02
2.90080E-03,2.764E-02
2.90089E-03,2.684E-02
2.90089E-03,3.804E-02
2.90098E-03,3.724E-02
2.90098E-03,4.364E-02
2.90106E-03,4.284E-02
2.90106E-03,4.524E-02
2.90115E-03,3.964E-02
2.90115E-03,4.444E-02
2.90124E-03,3.004E-02
2.90124E-03,3.964E-02
2.90133E-03,1.644E-02
2.90133E-03,3.084E-02
2.90142E-03,1.236E-03
2.90142E-03,1.724E-02
2.90150E-03,-1.476E-02
2.90150E-03,1.236E-03
2.90159E-03,-2.996E-02
2.90159E-03,-1.396E-02
2.90168E-03,-4.036E-02
2.90168E-03,-2.916E-02
2.90177E-03,-4.676E-02
2.90177E-03,-4.036E-02
2.90186E-03,-4.836E-02
2.90186E-03,-4.596E-02
2.90194E-03,-4.836E-02
2.90194E-03,-4.276E-02
2.90203E-03,-4.356E-02
2.90203E-03,-3.316E-02
2.90212E-03,-3.396E-02
2.90212E-03,-2.116E-02
2.90221E-03,-2.196E-02
2.90221E-03,-5.164E-03
2.90230E-03,-5.964E-03
2.90230E-03,1.084E-02
2.90238E-03,1.004E-02
2.90238E-03,2.524E-02
2.90247E-03,2.524E-02
2.90247E-03,3.644E-02
2.90256E-03,3.564E-02
2.90256E-03,4.284E-02
2.90265E-03,4.284E-02
2.90265E-03,4.524E-02
2.90274E-03,3.964E-02
2.90274E-03,4.444E-02
2.90282E-03,3.084E-02
2.90282E-03,4.044E-02
2.90291E-03,1.884E-02
2.90291E-03,3.164E-02
2.90300E-03,3.636E-03
2.90300E-03,1.964E-02
2.90309E-03,-1.156E-02
2.90309E-03,4.436E-03
2.90318E-03,-2.516E-02
2.90318E-03,-1.076E-02
2.90326E-03,-3.716E-02
2.90326E-03,-2.516E-02
2.90335E-03,-4.356E-02
2.90335E-03,-3.636E-02
2.90344E-03,-4.596E-02
2.90344E-03,-4.276E-02
2.90353E-03,-4.516E-02
2.90353E-03,-4.116E-02
2.90362E-03,-4.196E-02
2.90362E-03,-3.316E-02
2.90370E-03,-3.396E-02
2.90370E-03,-2.116E-02
2.90379E-03,-2.116E-02
2.90379E-03,-7.564E-03
2.90388E-03,-7.564E-03
2.90388E-03,7.636E-03
2.90397E-03,6.836E-03
2.90397E-03,2.124E-02
2.90406E-03,1.964E-02
2.90406E-03,3.084E-02
2.90414E-03,3.004E-02
2.90414E-03,3.724E-02
2.90423E-03,3.644E-02
2.90423E-03,3.964E-02
2.90432E-03,3.564E-02
2.90432E-03,3.964E-02
2.90441E-03,2.924E-02
2.90441E-03,3.644E-02
2.90450E-03,1.804E-02
2.90450E-03,2.924E-02
2.90458E-03,6.036E-03
2.90458E-03,1.804E-02
2.90467E-03,-6.764E-03
2.90467E-03,6.036E-03
2.90476E-03,-1.956E-02
2.90476E-03,-6.764E-03
2.90485E-03,-2.996E-02
2.90485E-03,-1.876E-02
2.90494E-03,-3.476E-02
2.90494E-03,-2.916E-02
2.90502E-03,-3.716E-02
2.90502E-03,-3.396E-02
2.90511E-03,-3.716E-02
2.90511E-03,-3.396E-02
2.90520E-03,-3.476E-02
2.90520E-03,-2.836E-02
2.90529E-03,-2.916E-02
2.90529E-03,-1.956E-02
2.90538E-03,-1.956E-02
2.90538E-03,-7.564E-03
2.90546E-03,-8.364E-03
2.90546E-03,3.636E-03
2.90555E-03,2.836E-03
2.90555E-03,1.324E-02
2.90564E-03,1.324E-02
2.90564E-03,2.284E-02
2.90573E-03,2.204E-02
2.90573E-03,2.764E-02
2.90582E-03,2.684E-02
2.90582E-03,3.004E-02
2.90590E-03,2.684E-02
2.90590E-03,3.004E-02
2.90599E-03,2.284E-02
2.90599E-03,2.844E-02
2.90608E-03,1.484E-02
2.90608E-03,2.364E-02
2.90617E-03,5.236E-03
2.90617E-03,1.564E-02
2.90626E-03,-4.364E-03
2.90626E-03,6.036E-03
2.90634E-03,-1.236E-02
2.90634E-03,-3.564E-03
2.90643E-03,-2.036E-02
2.90643E-03,-1.236E-02
2.90652E-03,-2.516E-02
2.90652E-03,-1.956E-02
2.90661E-03,-2.676E-02
2.90661E-03,-2.436E-02
2.90670E-03,-2.756E-02
2.90670E-03,-2.436E-02
2.90678E-03,-2.596E-02
2.90678E-03,-2.036E-02
2.90687E-03,-2.116E-02
2.90687E-03,-1.476E-02
2.90696E-03,-1.556E-02
2.90696E-03,-6.764E-03
2.90705E-03,-7.564E-03
2.90705E-03,4.357E-04
2.90714E-03,4.357E-04
2.90714E-03,7.636E-03
2.90722E-03,5.236E-03
2.90722E-03,1.404E-02
2.90731E-03,1.324E-02
2.90731E-03,1.724E-02
2.90740E-03,1.644E-02
2.90740E-03,1.884E-02
2.90749E-03,1.724E-02
2.90749E-03,1.884E-02
2.90758E-03,1.404E-02
2.90758E-03,1.804E-02
2.90766E-03,9.236E-03
2.90766E-03,1.484E-02
2.90775E-03,3.636E-03
2.90775E-03,1.084E-02
2.90784E-03,-1.964E-03
2.90784E-03,4.436E-03
2.90793E-03,-7.564E-03
2.90793E-03,-1.164E-03
2.90802E-03,-1.156E-02
2.90802E-03,-6.764E-03
2.90810E-03,-1.476E-02
2.90810E-03,-1.156E-02
2.90819E-03,-1.636E-02
2.90819E-03,-1.396E-02
2.90828E-03,-1.636E-02
2.90828E-03,-1.396E-02
2.90837E-03,-1.556E-02
2.90837E-03,-1.236E-02
2.90846E-03,-1.316E-02
2.90846E-03,-9.164E-03
2.90854E-03,-9.964E-03
2.90854E-03,-5.164E-03
2.90863E-03,-5.164E-03
2.90863E-03,-1.164E-03
2.90872E-03,-1.164E-03
2.90872E-03,3.636E-03
2.90881E-03,2.836E-03
2.90881E-03,6.036E-03
2.90890E-03,5.236E-03
2.90890E-03,8.436E-03
2.90898E-03,7.636E-03
2.90898E-03,9.236E-03
2.90907E-03,7.636E-03
2.90907E-03,9.236E-03
2.90916E-03,6.836E-03
2.90916E-03,9.236E-03
2.90925E-03,4.436E-03
2.90925E-03,7.636E-03
2.90934E-03,2.036E-03
2.90934E-03,5.236E-03
2.90942E-03,-1.164E-03
2.90942E-03,2.036E-03
2.90951E-03,-3.564E-03
2.90951E-03,-3.643E-04
2.90960E-03,-5.964E-03
2.90960E-03,-2.764E-03
2.90969E-03,-6.764E-03
2.90969E-03,-5.164E-03
2.90978E-03,-8.364E-03
2.90978E-03,-5.964E-03
2.90986E-03,-7.564E-03
2.90986E-03,-5.964E-03
2.90995E-03,-7.564E-03
2.90995E-03,-5.164E-03
2.91004E-03,-6.764E-03
2.91004E-03,-4.364E-03
2.91013E-03,-5.164E-03
2.91013E-03,-2.764E-03
2.91022E-03,-3.564E-03
2.91022E-03,-3.643E-04
2.91030E-03,-1.964E-03
2.91030E-03,4.357E-04
2.91039E-03,-3.643E-04
2.91039E-03,2.036E-03
2.91048E-03,4.357E-04
2.91048E-03,2.836E-03
2.91057E-03,2.036E-03
2.91057E-03,3.636E-03
2.91066E-03,2.036E-03
2.91066E-03,3.636E-03
2.91074E-03,1.236E-03
2.91074E-03,2.836E-03
2.91083E-03,4.357E-04
2.91083E-03,2.836E-03
2.91092E-03,-3.643E-04
2.91092E-03,2.036E-03
2.91101E-03,-1.964E-03
2.91101E-03,4.357E-04
2.91110E-03,-2.764E-03
2.91110E-03,-3.643E-04
2.91118E-03,-2.764E-03
2.91118E-03,-1.164E-03
2.91127E-03,-3.564E-03
2.91127E-03,-1.964E-03
2.91136E-03,-4.364E-03
2.91136E-03,-2.764E-03
2.91145E-03,-4.364E-03
2.91145E-03,-2.764E-03
2.91154E-03,-4.364E-03
2.91154E-03,-2.764E-03
2.91162E-03,-4.364E-03
2.91162E-03,-1.964E-03
2.91171E-03,-3.564E-03
2.91171E-03,-1.964E-03
2.91180E-03,-2.764E-03
2.91180E-03,-1.164E-03
2.91189E-03,-1.964E-03
2.91189E-03,-3.643E-04
2.91198E-03,-1.164E-03
2.91198E-03,4.357E-04
2.91206E-03,-3.643E-04
2.91206E-03,2.036E-03
2.91215E-03,-3.643E-04
2.91215E-03,3.636E-03
2.91224E-03,4.357E-04
2.91224E-03,2.836E-03
2.91233E-03,4.357E-04
2.91233E-03,2.836E-03
2.91242E-03,4.357E-04
2.91242E-03,2.036E-03
2.91250E-03,-3.643E-04
2.91250E-03,2.036E-03
2.91259E-03,-1.164E-03
2.91259E-03,1.236E-03
2.91268E-03,-2.764E-03
2.91268E-03,4.357E-04
2.91277E-03,-3.564E-03
2.91277E-03,-1.164E-03
2.91286E-03,-4.364E-03
2.91286E-03,-1.964E-03
2.91294E-03,-5.164E-03
2.91294E-03,-3.564E-03
2.91303E-03,-5.964E-03
2.91303E-03,-4.364E-03
2.91312E-03,-5.964E-03
2.91312E-03,-4.364E-03
2.91321E-03,-5.964E-03
2.91321E-03,-4.364E-03
2.91330E-03,-5.164E-03
2.91330E-03,-2.764E-03
2.91338E-03,-4.364E-03
2.91338E-03,-1.164E-03
2.91347E-03,-2.764E-03
2.91347E-03,4.357E-04
2.91356E-03,-3.643E-04
2.91356E-03,2.836E-03
2.91365E-03,1.236E-03
2.91365E-03,3.636E-03
2.91374E-03,2.836E-03
2.91374E-03,6.036E-03
2.91382E-03,4.436E-03
2.91382E-03,6.036E-03
2.91391E-03,5.236E-03
2.91391E-03,6.836E-03
2.91400E-03,4.436E-03
2.91400E-03,6.836E-03
2.91409E-03,2.836E-03
2.91409E-03,5.236E-03
2.91418E-03,4.357E-04
2.91418E-03,3.636E-03
2.91426E-03,-2.764E-03
2.91426E-03,1.236E-03
2.91435E-03,-5.964E-03
2.91435E-03,-1.164E-03
2.91444E-03,-9.164E-03
2.91444E-03,-5.164E-03
2.91453E-03,-1.076E-02
2.91453E-03,-8.364E-03
2.91462E-03,-1.236E-02
2.91462E-03,-9.964E-03
2.91470E-03,-1.316E-02
2.91470E-03,-1.156E-02
2.91479E-03,-1.236E-02
2.91479E-03,-9.964E-03
2.91488E-03,-1.076E-02
2.91488E-03,-7.564E-03
2.91497E-03,-8.364E-03
2.91497E-03,-3.564E-03
2.91506E-03,-5.164E-03
2.91506E-03,4.357E-04
2.91514E-03,-3.643E-04
2.91514E-03,6.036E-03
2.91523E-03,4.436E-03
2.91523E-03,9.236E-03
2.91532E-03,8.436E-03
2.91532E-03,1.244E-02
2.91541E-03,1.244E-02
2.91541E-03,1.484E-02
2.91550E-03,1.404E-02
2.91550E-03,1.564E-02
2.91558E-03,1.164E-02
2.91558E-03,1.484E-02
2.91567E-03,8.436E-03
2.91567E-03,1.324E-02
2.91576E-03,3.636E-03
2.91576E-03,9.236E-03
2.91585E-03,-2.764E-03
2.91585E-03,3.636E-03
2.91594E-03,-9.164E-03
2.91594E-03,-1.964E-03
2.91602E-03,-1.476E-02
2.91602E-03,-8.364E-03
2.91611E-03,-1.956E-02
2.91611E-03,-1.396E-02
2.91620E-03,-2.196E-02
2.91620E-03,-1.876E-02
2.91629E-03,-2.276E-02
2.91629E-03,-2.116E-02
2.91638E-03,-2.276E-02
2.91638E-03,-1.956E-02
2.91646E-03,-2.036E-02
2.91646E-03,-1.396E-02
2.91655E-03,-1.476E-02
2.91655E-03,-7.564E-03
2.91664E-03,-8.364E-03
2.91664E-03,4.357E-04
2.91673E-03,-1.164E-03
2.91673E-03,7.636E-03
2.91682E-03,7.636E-03
2.91682E-03,1.564E-02
2.91690E-03,1.484E-02
2.91690E-03,2.204E-02
2.91699E-03,2.124E-02
2.91699E-03,2.444E-02
2.91708E-03,2.284E-02
2.91708E-03,2.764E-02
2.91717E-03,2.124E-02
2.91717E-03,2.684E-02
2.91726E-03,1.644E-02
2.91726E-03,2.284E-02
2.91734E-03,8.436E-03
2.91734E-03,1.724E-02
2.91743E-03,-1.964E-03
2.91743E-03,8.436E-03
2.91752E-03,-1.156E-02
2.91752E-03,-1.164E-03
2.91761E-03,-2.116E-02
2.91761E-03,-1.156E-02
2.91770E-03,-2.836E-02
2.91770E-03,-2.036E-02
2.91778E-03,-3.316E-02
2.91778E-03,-2.756E-02
2.91787E-03,-3.396E-02
2.91787E-03,-3.236E-02
2.91796E-03,-3.316E-02
2.91796E-03,-2.916E-02
2.91805E-03,-2.996E-02
2.91805E-03,-2.276E-02
2.91814E-03,-2.356E-02
2.91814E-03,-1.316E-02
2.91822E-03,-1.396E-02
2.91822E-03,-1.964E-03
2.91831E-03,-2.764E-03
2.91831E-03,1.004E-02
2.91840E-03,9.236E-03
2.91840E-03,2.124E-02
2.91849E-03,2.044E-02
2.91849E-03,2.924E-02
2.91858E-03,2.924E-02
2.91858E-03,3.484E-02
2.91866E-03,3.404E-02
2.91866E-03,3.644E-02
2.91875E-03,3.164E-02
2.91875E-03,3.644E-02
2.91884E-03,2.444E-02
2.91884E-03,3.244E-02
2.91893E-03,1.324E-02
2.91893E-03,2.524E-02
2.91902E-03,4.357E-04
2.91902E-03,1.404E-02
2.91910E-03,-1.236E-02
2.91910E-03,1.236E-03
2.91919E-03,-2.516E-02
2.91919E-03,-1.156E-02
2.91928E-03,-3.476E-02
2.91928E-03,-2.436E-02
2.91937E-03,-4.116E-02
2.91937E-03,-3.476E-02
2.91946E-03,-4.276E-02
2.91946E-03,-4.036E-02
2.91954E-03,-4.356E-02
2.91954E-03,-3.876E-02
2.91963E-03,-3.876E-02
2.91963E-03,-3.076E-02
2.91972E-03,-3.076E-02
2.91972E-03,-1.876E-02
2.91981E-03,-1.876E-02
2.91981E-03,-4.364E-03
2.91990E-03,-5.164E-03
2.91990E-03,1.004E-02
2.91998E-03,9.236E-03
2.91998E-03,2.364E-02
2.92007E-03,2.364E-02
2.92007E-03,3.484E-02
2.92016E-03,3.404E-02
2.92016E-03,4.124E-02
2.92025E-03,4.124E-02
2.92025E-03,4.364E-02
2.92034E-03,3.964E-02
2.92034E-03,4.364E-02
2.92042E-03,3.084E-02
2.92042E-03,3.964E-02
2.92051E-03,1.884E-02
2.92051E-03,3.164E-02
2.92060E-03,3.636E-03
2.92060E-03,1.964E-02
2.92069E-03,-1.156E-02
2.92069E-03,4.436E-03
2.92078E-03,-2.676E-02
2.92078E-03,-1.156E-02
2.92086E-03,-3.796E-02
2.92086E-03,-2.596E-02
2.92095E-03,-4.516E-02
2.92095E-03,-3.716E-02
2.92104E-03,-4.836E-02
2.92104E-03,-4.436E-02
2.92113E-03,-4.756E-02
2.92113E-03,-4.356E-02
2.92122E-03,-4.436E-02
2.92122E-03,-3.556E-02
2.92130E-03,-3.556E-02
2.92130E-03,-2.276E-02
2.92139E-03,-2.356E-02
2.92139E-03,-8.364E-03
2.92148E-03,-8.364E-03
2.92148E-03,7.636E-03
2.92157E-03,7.636E-03
2.92157E-03,2.284E-02
2.92166E-03,2.284E-02
2.92166E-03,3.564E-02
2.92174E-03,3.484E-02
2.92174E-03,4.364E-02
2.92183E-03,4.284E-02
2.92183E-03,4.604E-02
2.92192E-03,4.204E-02
2.92192E-03,4.604E-02
2.92201E-03,3.404E-02
2.92201E-03,4.284E-02
2.92210E-03,2.204E-02
2.92210E-03,3.404E-02
2.92218E-03,6.836E-03
2.92218E-03,2.364E-02
2.92227E-03,-9.164E-03
2.92227E-03,7.636E-03
2.92236E-03,-2.356E-02
2.92236E-03,-8.364E-03
2.92245E-03,-3.636E-02
2.92245E-03,-2.356E-02
2.92254E-03,-4.436E-02
2.92254E-03,-3.556E-02
2.92262E-03,-4.756E-02
2.92262E-03,-4.356E-02
2.92271E-03,-4.756E-02
2.92271E-03,-4.356E-02
2.92280E-03,-4.516E-02
2.92280E-03,-3.636E-02
2.92289E-03,-3.716E-02
2.92289E-03,-2.516E-02
2.92298E-03,-2.516E-02
2.92298E-03,-1.076E-02
2.92306E-03,-1.076E-02
2.92306E-03,5.236E-03
2.92315E-03,5.236E-03
2.92315E-03,2.044E-02
2.92324E-03,1.964E-02
2.92324E-03,3.164E-02
2.92333E-03,3.084E-02
2.92333E-03,3.964E-02
2.92342E-03,3.964E-02
2.92342E-03,4.284E-02
2.92350E-03,4.044E-02
2.92350E-03,4.284E-02
2.92359E-03,3.324E-02
2.92359E-03,4.044E-02
2.92368E-03,2.204E-02
2.92368E-03,3.404E-02
2.92377E-03,9.236E-03
2.92377E-03,2.284E-02
2.92386E-03,-5.164E-03
2.92386E-03,1.004E-02
2.92394E-03,-1.956E-02
2.92394E-03,-5.164E-03
2.92403E-03,-3.076E-02
2.92403E-03,-1.876E-02
2.92412E-03,-3.796E-02
2.92412E-03,-2.996E-02
2.92421E-03,-4.196E-02
2.92421E-03,-3.716E-02
2.92430E-03,-4.196E-02
2.92430E-03,-3.956E-02
2.92438E-03,-3.956E-02
2.92438E-03,-3.316E-02
2.92447E-03,-3.396E-02
2.92447E-03,-2.276E-02
2.92456E-03,-2.356E-02
2.92456E-03,-1.076E-02
2.92465E-03,-1.156E-02
2.92465E-03,2.036E-03
2.92474E-03,1.236E-03
2.92474E-03,1.484E-02
2.92482E-03,1.404E-02
2.92482E-03,2.444E-02
2.92491E-03,2.364E-02
2.92491E-03,3.164E-02
2.92500E-03,3.084E-02
2.92500E-03,3.484E-02
2.92509E-03,3.324E-02
2.92509E-03,3.564E-02
2.92518E-03,2.764E-02
2.92518E-03,3.404E-02
2.92526E-03,1.964E-02
2.92526E-03,2.844E-02
2.92535E-03,9.236E-03
2.92535E-03,2.044E-02
2.92544E-03,-2.764E-03
2.92544E-03,9.236E-03
2.92553E-03,-1.316E-02
2.92553E-03,-1.964E-03
2.92562E-03,-2.276E-02
2.92562E-03,-1.316E-02
2.92570E-03,-2.916E-02
2.92570E-03,-2.196E-02
2.92579E-03,-3.236E-02
2.92579E-03,-2.836E-02
2.92588E-03,-3.236E-02
2.92588E-03,-2.996E-02
2.92597E-03,-3.156E-02
2.92597E-03,-2.676E-02
2.92606E-03,-2.676E-02
2.92606E-03,-1.956E-02
2.92614E-03,-1.956E-02
2.92614E-03,-9.964E-03
2.92623E-03,-1.076E-02
2.92623E-03,-1.164E-03
2.92632E-03,-1.964E-03
2.92632E-03,8.436E-03
2.92641E-03,7.636E-03
2.92641E-03,1.644E-02
2.92650E-03,1.564E-02
2.92650E-03,2.204E-02
2.92658E-03,2.124E-02
2.92658E-03,2.444E-02
2.92667E-03,2.284E-02
2.92667E-03,2.444E-02
2.92676E-03,2.044E-02
2.92676E-03,2.364E-02
2.92685E-03,1.404E-02
2.92685E-03,2.044E-02
2.92694E-03,6.836E-03
2.92694E-03,1.484E-02
2.92702E-03,-1.964E-03
2.92702E-03,7.636E-03
2.92711E-03,-9.164E-03
2.92711E-03,4.357E-04
2.92720E-03,-1.476E-02
2.92720E-03,-7.564E-03
2.92729E-03,-1.956E-02
2.92729E-03,-1.396E-02
2.92738E-03,-2.116E-02
2.92738E-03,-1.796E-02
2.92746E-03,-2.116E-02
2.92746E-03,-1.956E-02
2.92755E-03,-2.036E-02
2.92755E-03,-1.716E-02
2.92764E-03,-1.876E-02
2.92764E-03,-1.236E-02
2.92773E-03,-1.396E-02
2.92773E-03,-7.564E-03
2.92782E-03,-8.364E-03
2.92782E-03,-1.964E-03
2.92790E-03,-2.764E-03
2.92790E-03,3.636E-03
2.92799E-03,3.636E-03
2.92799E-03,8.436E-03
2.92808E-03,8.436E-03
2.92808E-03,1.164E-02
2.92817E-03,1.084E-02
2.92817E-03,1.404E-02
2.92826E-03,1.244E-02
2.92826E-03,1.404E-02
2.92834E-03,1.084E-02
2.92834E-03,1.404E-02
2.92843E-03,7.636E-03
2.92843E-03,1.244E-02
2.92852E-03,4.436E-03
2.92852E-03,8.436E-03
2.92861E-03,-3.643E-04
2.92861E-03,5.236E-03
2.92870E-03,-4.364E-03
2.92870E-03,4.357E-04
2.92878E-03,-7.564E-03
2.92878E-03,-3.564E-03
2.92887E-03,-9.964E-03
2.92887E-03,-6.764E-03
2.92896E-03,-1.156E-02
2.92896E-03,-9.164E-03
2.92905E-03,-1.156E-02
2.92905E-03,-9.964E-03
2.92914E-03,-1.076E-02
2.92914E-03,-8.364E-03
2.92922E-03,-9.964E-03
2.92922E-03,-6.764E-03
2.92931E-03,-7.564E-03
2.92931E-03,-4.364E-03
2.92940E-03,-5.164E-03
2.92940E-03,-1.164E-03
2.92949E-03,-2.764E-03
2.92949E-03,1.236E-03
2.92958E-03,-3.643E-04
2.92958E-03,3.636E-03
2.92966E-03,2.036E-03
2.92966E-03,4.436E-03
2.92975E-03,3.636E-03
2.92975E-03,6.036E-03
2.92984E-03,4.436E-03
2.92984E-03,6.036E-03
2.92993E-03,3.636E-03
2.92993E-03,6.036E-03
2.93002E-03,2.836E-03
2.93002E-03,4.436E-03
2.93010E-03,1.236E-03
2.93010E-03,3.636E-03
2.93019E-03,-3.643E-04
2.93019E-03,2.036E-03
2.93028E-03,-2.764E-03
2.93028E-03,4.357E-04
2.93037E-03,-3.564E-03
2.93037E-03,-1.964E-03
2.93046E-03,-4.364E-03
2.93046E-03,-2.764E-03
2.93054E-03,-5.164E-03
2.93054E-03,-3.564E-03
2.93063E-03,-5.164E-03
2.93063E-03,-3.564E-03
2.93072E-03,-5.164E-03
2.93072E-03,-3.564E-03
2.93081E-03,-5.164E-03
2.93081E-03,-2.764E-03
2.93090E-03,-4.364E-03
2.93090E-03,-1.964E-03
2.93098E-03,-3.564E-03
2.93098E-03,-1.164E-03
2.93107E-03,-1.964E-03
2.93107E-03,4.357E-04
2.93116E-03,-1.164E-03
2.93116E-03,1.236E-03
2.93125E-03,-3.643E-04
2.93125E-03,1.236E-03
2.93134E-03,4.357E-04
2.93134E-03,2.036E-03
2.93142E-03,4.357E-04
2.93142E-03,2.036E-03
2.93151E-03,4.357E-04
2.93151E-03,2.036E-03
2.93160E-03,4.357E-04
2.93160E-03,2.036E-03
2.93169E-03,-3.643E-04
2.93169E-03,1.236E-03
2.93178E-03,-1.164E-03
2.93178E-03,1.236E-03
2.93186E-03,-2.764E-03
2.93186E-03,4.357E-04
2.93195E-03,-3.564E-03
2.93195E-03,-3.643E-04
2.93204E-03,-4.364E-03
2.93204E-03,-3.643E-04
2.93213E-03,-4.364E-03
2.93213E-03,-1.164E-03
2.93222E-03,-5.164E-03
2.93222E-03,-1.964E-03
2.93230E-03,-4.364E-03
2.93230E-03,-2.764E-03
2.93239E-03,-4.364E-03
2.93239E-03,-2.764E-03
2.93248E-03,-4.364E-03
2.93248E-03,-1.964E-03
2.93257E-03,-3.564E-03
2.93257E-03,-1.164E-03
2.93266E-03,-2.764E-03
2.93266E-03,-3.643E-04
2.93274E-03,-1.964E-03
2.93274E-03,1.236E-03
2.93283E-03,-3.643E-04
2.93283E-03,2.036E-03
2.93292E-03,1.236E-03
2.93292E-03,2.836E-03
2.93301E-03,2.036E-03
2.93301E-03,3.636E-03
2.93310E-03,2.036E-03
2.93310E-03,4.436E-03
2.93318E-03,2.036E-03
2.93318E-03,3.636E-03
2.93327E-03,1.236E-03
2.93327E-03,2.836E-03
2.93336E-03,-3.643E-04
2.93336E-03,2.036E-03
2.93345E-03,-1.964E-03
2.93345E-03,4.357E-04
2.93354E-03,-3.564E-03
2.93354E-03,-1.164E-03
2.93362E-03,-5.964E-03
2.93362E-03,-2.764E-03
2.93371E-03,-7.564E-03
2.93371E-03,-4.364E-03
2.93380E-03,-8.364E-03
2.93380E-03,-5.964E-03
2.93389E-03,-8.364E-03
2.93389E-03,-7.564E-03
2.93398E-03,-9.164E-03
2.93398E-03,-6.764E-03
2.93406E-03,-8.364E-03
2.93406E-03,-5.964E-03
2.93415E-03,-6.764E-03
2.93415E-03,-3.564E-03
2.93424E-03,-4.364E-03
2.93424E-03,-3.643E-04
2.93433E-03,-1.164E-03
2.93433E-03,2.836E-03
2.93442E-03,2.036E-03
2.93442E-03,6.036E-03
2.93450E-03,5.236E-03
2.93450E-03,8.436E-03
2.93459E-03,7.636E-03
2.93459E-03,1.004E-02
2.93468E-03,9.236E-03
2.93468E-03,1.084E-02
2.93477E-03,8.436E-03
2.93477E-03,1.084E-02
2.93486E-03,6.036E-03
2.93486E-03,9.236E-03
2.93494E-03,2.836E-03
2.93494E-03,7.636E-03
2.93503E-03,-1.964E-03
2.93503E-03,3.636E-03
2.93512E-03,-5.964E-03
2.93512E-03,-3.643E-04
2.93521E-03,-1.076E-02
2.93521E-03,-5.164E-03
2.93530E-03,-1.476E-02
2.93530E-03,-9.964E-03
2.93538E-03,-1.716E-02
2.93538E-03,-1.316E-02
2.93547E-03,-1.796E-02
2.93547E-03,-1.556E-02
2.93556E-03,-1.716E-02
2.93556E-03,-1.476E-02
2.93565E-03,-1.636E-02
2.93565E-03,-1.236E-02
2.93574E-03,-1.236E-02
2.93574E-03,-7.564E-03
2.93582E-03,-8.364E-03
2.93582E-03,-1.164E-03
2.93591E-03,-2.764E-03
2.93591E-03,5.236E-03
2.93600E-03,4.436E-03
2.93600E-03,1.084E-02
2.93609E-03,1.004E-02
2.93609E-03,1.644E-02
2.93618E-03,1.564E-02
2.93618E-03,1.884E-02
2.93626E-03,1.804E-02
2.93626E-03,2.044E-02
2.93635E-03,1.804E-02
2.93635E-03,2.044E-02
2.93644E-03,1.404E-02
2.93644E-03,1.884E-02
2.93653E-03,7.636E-03
2.93653E-03,1.484E-02
2.93662E-03,-3.643E-04
2.93662E-03,7.636E-03
2.93670E-03,-8.364E-03
2.93670E-03,-3.643E-04
2.93679E-03,-1.636E-02
2.93679E-03,-7.564E-03
2.93688E-03,-2.276E-02
2.93688E-03,-1.556E-02
2.93697E-03,-2.916E-02
2.93697E-03,-2.196E-02
2.93706E-03,-2.916E-02
2.93706E-03,-2.516E-02
2.93714E-03,-2.916E-02
2.93714E-03,-2.516E-02
2.93723E-03,-2.596E-02
2.93723E-03,-2.036E-02
2.93732E-03,-2.116E-02
2.93732E-03,-1.236E-02
2.93741E-03,-1.316E-02
2.93741E-03,-2.764E-03
2.93750E-03,-3.564E-03
2.93750E-03,6.836E-03
2.93758E-03,6.036E-03
2.93758E-03,1.644E-02
2.93767E-03,1.564E-02
2.93767E-03,2.364E-02
2.93776E-03,2.364E-02
2.93776E-03,2.924E-02
2.93785E-03,2.844E-02
2.93785E-03,3.164E-02
2.93794E-03,2.844E-02
2.93794E-03,3.164E-02
2.93802E-03,2.284E-02
2.93802E-03,2.844E-02
2.93811E-03,1.404E-02
2.93811E-03,2.364E-02
2.93820E-03,2.836E-03
2.93820E-03,1.484E-02
2.93829E-03,-9.164E-03
2.93829E-03,2.836E-03
2.93838E-03,-2.036E-02
2.93838E-03,-8.364E-03
2.93846E-03,-2.996E-02
2.93846E-03,-2.036E-02
2.93855E-03,-3.636E-02
2.93855E-03,-2.916E-02
2.93864E-03,-3.876E-02
2.93864E-03,-3.556E-02
2.93873E-03,-3.876E-02
2.93873E-03,-3.556E-02
2.93882E-03,-3.636E-02
2.93882E-03,-2.916E-02
2.93890E-03,-2.996E-02
2.93890E-03,-1.876E-02
2.93899E-03,-1.956E-02
2.93899E-03,-6.764E-03
2.93908E-03,-6.764E-03
2.93908E-03,6.836E-03
2.93917E-03,6.836E-03
2.93917E-03,1.964E-02
2.93926E-03,1.964E-02
2.93926E-03,3.004E-02
2.93934E-03,3.004E-02
2.93934E-03,3.724E-02
2.93943E-03,3.644E-02
2.93943E-03,4.044E-02
2.93952E-03,3.724E-02
2.93952E-03,4.044E-02
2.93961E-03,3.084E-02
2.93961E-03,3.804E-02
2.93970E-03,1.964E-02
2.93970E-03,3.164E-02
2.93978E-03,6.036E-03
2.93978E-03,2.044E-02
2.93987E-03,-8.364E-03
2.93987E-03,6.836E-03
2.93996E-03,-2.276E-02
2.93996E-03,-7.564E-03
2.94005E-03,-3.476E-02
2.94005E-03,-2.276E-02
2.94014E-03,-4.276E-02
2.94014E-03,-3.396E-02
2.94022E-03,-4.596E-02
2.94022E-03,-4.196E-02
2.94031E-03,-4.676E-02
2.94031E-03,-4.276E-02
2.94040E-03,-4.356E-02
2.94040E-03,-3.636E-02
2.94049E-03,-3.716E-02
2.94049E-03,-2.516E-02
2.94058E-03,-2.516E-02
2.94058E-03,-1.076E-02
2.94066E-03,-1.076E-02
2.94066E-03,4.436E-03
2.94075E-03,4.436E-03
2.94075E-03,1.964E-02
2.94084E-03,1.884E-02
2.94084E-03,3.244E-02
2.94093E-03,3.244E-02
2.94093E-03,4.124E-02
2.94102E-03,4.044E-02
2.94102E-03,4.524E-02
2.94110E-03,4.284E-02
2.94110E-03,4.524E-02
2.94119E-03,3.564E-02
2.94119E-03,4.364E-02
2.94128E-03,2.444E-02
2.94128E-03,3.644E-02
2.94137E-03,9.236E-03
2.94137E-03,2.444E-02
2.94146E-03,-5.964E-03
2.94146E-03,1.004E-02
2.94154E-03,-2.196E-02
2.94154E-03,-5.164E-03
2.94163E-03,-3.476E-02
2.94163E-03,-2.196E-02
2.94172E-03,-4.436E-02
2.94172E-03,-3.476E-02
2.94181E-03,-4.836E-02
2.94181E-03,-4.356E-02
2.94190E-03,-4.916E-02
2.94190E-03,-4.596E-02
2.94198E-03,-4.756E-02
2.94198E-03,-3.876E-02
2.94207E-03,-4.116E-02
2.94207E-03,-2.836E-02
2.94216E-03,-2.836E-02
2.94216E-03,-1.316E-02
2.94225E-03,-1.396E-02
2.94225E-03,2.036E-03
2.94234E-03,2.036E-03
2.94234E-03,1.724E-02
2.94242E-03,1.724E-02
2.94242E-03,3.084E-02
2.94251E-03,3.004E-02
2.94251E-03,4.044E-02
2.94260E-03,3.964E-02
2.94260E-03,4.524E-02
2.94269E-03,4.284E-02
2.94269E-03,4.524E-02
2.94278E-03,3.644E-02
2.94278E-03,4.364E-02
2.94286E-03,2.684E-02
2.94286E-03,3.724E-02
2.94295E-03,1.244E-02
2.94295E-03,2.684E-02
2.94304E-03,-2.764E-03
2.94304E-03,1.324E-02
2.94313E-03,-1.796E-02
2.94313E-03,-2.764E-03
2.94322E-03,-3.076E-02
2.94322E-03,-1.716E-02
2.94330E-03,-4.036E-02
2.94330E-03,-2.996E-02
2.94339E-03,-4.516E-02
2.94339E-03,-3.956E-02
2.94348E-03,-4.516E-02
2.94348E-03,-4.276E-02
2.94357E-03,-4.436E-02
2.94357E-03,-3.716E-02
2.94366E-03,-3.796E-02
2.94366E-03,-2.756E-02
2.94374E-03,-2.836E-02
2.94374E-03,-1.476E-02
2.94383E-03,-1.556E-02
2.94383E-03,-3.643E-04
2.94392E-03,-1.164E-03
2.94392E-03,1.404E-02
2.94401E-03,1.404E-02
2.94401E-03,2.524E-02
2.94410E-03,2.444E-02
2.94410E-03,3.484E-02
2.94418E-03,3.404E-02
2.94418E-03,3.964E-02
2.94427E-03,3.724E-02
2.94427E-03,3.964E-02
2.94436E-03,3.244E-02
2.94436E-03,3.884E-02
2.94445E-03,2.444E-02
2.94445E-03,3.324E-02
2.94454E-03,1.244E-02
2.94454E-03,2.444E-02
2.94462E-03,-3.643E-04
2.94462E-03,1.244E-02
2.94471E-03,-1.316E-02
2.94471E-03,4.357E-04
2.94480E-03,-2.436E-02
2.94480E-03,-1.236E-02
2.94489E-03,-3.236E-02
2.94489E-03,-2.356E-02
2.94498E-03,-3.636E-02
2.94498E-03,-3.156E-02
2.94506E-03,-3.716E-02
2.94506E-03,-3.556E-02
2.94515E-03,-3.716E-02
2.94515E-03,-3.236E-02
2.94524E-03,-3.236E-02
2.94524E-03,-2.436E-02
2.94533E-03,-2.596E-02
2.94533E-03,-1.396E-02
2.94542E-03,-1.476E-02
2.94542E-03,-2.764E-03
2.94550E-03,-3.564E-03
2.94550E-03,8.436E-03
2.94559E-03,8.436E-03
2.94559E-03,1.804E-02
2.94568E-03,1.804E-02
2.94568E-03,2.524E-02
2.94577E-03,2.444E-02
2.94577E-03,2.924E-02
2.94586E-03,2.844E-02
2.94586E-03,3.004E-02
2.94594E-03,2.524E-02
2.94594E-03,3.004E-02
2.94603E-03,1.884E-02
2.94603E-03,2.604E-02
2.94612E-03,1.084E-02
2.94612E-03,1.964E-02
2.94621E-03,1.236E-03
2.94621E-03,1.164E-02
2.94630E-03,-8.364E-03
2.94630E-03,2.036E-03
2.94638E-03,-1.716E-02
2.94638E-03,-8.364E-03
2.94647E-03,-2.276E-02
2.94647E-03,-1.556E-02
2.94656E-03,-2.596E-02
2.94656E-03,-2.196E-02
2.94665E-03,-2.676E-02
2.94665E-03,-2.516E-02
2.94674E-03,-2.676E-02
2.94674E-03,-2.276E-02
2.94682E-03,-2.436E-02
2.94682E-03,-1.796E-02
2.94691E-03,-1.876E-02
2.94691E-03,-1.076E-02
2.94700E-03,-1.236E-02
2.94700E-03,-2.764E-03
2.94709E-03,-3.564E-03
2.94709E-03,3.636E-03
2.94718E-03,3.636E-03
2.94718E-03,1.084E-02
2.94726E-03,1.004E-02
2.94726E-03,1.564E-02
2.94735E-03,1.484E-02
2.94735E-03,1.884E-02
2.94744E-03,1.724E-02
2.94744E-03,1.964E-02
2.94753E-03,1.644E-02
2.94753E-03,1.884E-02
2.94762E-03,1.244E-02
2.94762E-03,1.724E-02
2.94770E-03,6.836E-03
2.94770E-03,1.324E-02
2.94779E-03,1.236E-03
2.94779E-03,7.636E-03
2.94788E-03,-4.364E-03
2.94788E-03,2.036E-03
2.94797E-03,-9.164E-03
2.94797E-03,-3.564E-03
2.94806E-03,-1.316E-02
2.94806E-03,-9.164E-03
2.94814E-03,-1.556E-02
2.94814E-03,-1.236E-02
2.94823E-03,-1.636E-02
2.94823E-03,-1.396E-02
2.94832E-03,-1.636E-02
2.94832E-03,-1.316E-02
2.94841E-03,-1.396E-02
2.94841E-03,-1.076E-02
2.94850E-03,-1.236E-02
2.94850E-03,-7.564E-03
2.94858E-03,-7.564E-03
2.94858E-03,-2.764E-03
2.94867E-03,-3.564E-03
2.94867E-03,1.236E-03
2.94876E-03,4.357E-04
2.94876E-03,5.236E-03
2.94885E-03,3.636E-03
2.94885E-03,7.636E-03
2.94894E-03,6.836E-03
2.94894E-03,9.236E-03
2.94902E-03,8.436E-03
2.94902E-03,1.004E-02
2.94911E-03,6.836E-03
2.94911E-03,1.004E-02
2.94920E-03,5.236E-03
2.94920E-03,8.436E-03
2.94929E-03,2.836E-03
2.94929E-03,6.036E-03
2.94938E-03,4.357E-04
2.94938E-03,4.436E-03
2.94946E-03,-2.764E-03
2.94946E-03,1.236E-03
2.94955E-03,-4.364E-03
2.94955E-03,-1.964E-03
2.94964E-03,-6.764E-03
2.94964E-03,-3.564E-03
2.94973E-03,-7.564E-03
2.94973E-03,-5.964E-03
2.94982E-03,-8.364E-03
2.94982E-03,-6.764E-03
2.94990E-03,-8.364E-03
2.94990E-03,-5.964E-03
2.94999E-03,-7.564E-03
2.94999E-03,-5.164E-03
2.95008E-03,-5.964E-03
2.95008E-03,-3.564E-03
2.95017E-03,-4.364E-03
2.95017E-03,-1.964E-03
2.95026E-03,-2.764E-03
2.95026E-03,-3.643E-04
2.95034E-03,-1.164E-03
2.95034E-03,1.236E-03
2.95043E-03,-3.643E-04
2.95043E-03,2.036E-03
2.95052E-03,1.236E-03
2.95052E-03,2.836E-03
2.95061E-03,2.036E-03
2.95061E-03,2.836E-03
2.95070E-03,1.236E-03
2.95070E-03,3.636E-03
2.95078E-03,1.236E-03
2.95078E-03,2.836E-03
2.95087E-03,-3.643E-04
2.95087E-03,2.036E-03
2.95096E-03,-3.643E-04
2.95096E-03,1.236E-03
2.95105E-03,-1.964E-03
2.95105E-03,4.357E-04
2.95114E-03,-2.764E-03
2.95114E-03,-1.164E-03
2.95122E-03,-3.564E-03
2.95122E-03,-1.964E-03
2.95131E-03,-4.364E-03
2.95131E-03,-2.764E-03
2.95140E-03,-4.364E-03
2.95140E-03,-2.764E-03
2.95149E-03,-4.364E-03
2.95149E-03,-2.764E-03
2.95158E-03,-4.364E-03
2.95158E-03,-1.964E-03
2.95166E-03,-3.564E-03
2.95166E-03,-1.964E-03
2.95175E-03,-2.764E-03
2.95175E-03,-1.164E-03
2.95184E-03,-2.764E-03
2.95184E-03,-3.643E-04
2.95193E-03,-2.764E-03
2.95193E-03,1.236E-03
2.95202E-03,-1.964E-03
2.95202E-03,1.236E-03
2.95210E-03,-3.643E-04
2.95210E-03,2.036E-03
2.95219E-03,4.357E-04
2.95219E-03,2.036E-03
2.95228E-03,4.357E-04
2.95228E-03,2.836E-03
2.95237E-03,4.357E-04
2.95237E-03,2.036E-03
2.95246E-03,4.357E-04
2.95246E-03,2.036E-03
2.95254E-03,-1.164E-03
2.95254E-03,1.236E-03
2.95263E-03,-1.964E-03
2.95263E-03,4.357E-04
2.95272E-03,-2.764E-03
2.95272E-03,-3.643E-04
2.95281E-03,-3.564E-03
2.95281E-03,-1.964E-03
2.95290E-03,-5.164E-03
2.95290E-03,-2.764E-03
2.95298E-03,-5.164E-03
2.95298E-03,-3.564E-03
2.95307E-03,-5.964E-03
2.95307E-03,-4.364E-03
2.95316E-03,-5.964E-03
2.95316E-03,-4.364E-03
2.95325E-03,-5.964E-03
2.95325E-03,-3.564E-03
2.95334E-03,-4.364E-03
2.95334E-03,-2.764E-03
2.95342E-03,-3.564E-03
2.95342E-03,-3.643E-04
2.95351E-03,-1.964E-03
2.95351E-03,1.236E-03
2.95360E-03,-3.643E-04
2.95360E-03,2.836E-03
2.95369E-03,2.036E-03
2.95369E-03,4.436E-03
2.95378E-03,3.636E-03
2.95378E-03,6.036E-03
2.95386E-03,4.436E-03
2.95386E-03,6.836E-03
2.95395E-03,5.236E-03
2.95395E-03,6.836E-03
2.95404E-03,3.636E-03
2.95404E-03,6.036E-03
2.95413E-03,1.236E-03
2.95413E-03,5.236E-03
2.95422E-03,-1.164E-03
2.95422E-03,2.836E-03
2.95430E-03,-4.364E-03
2.95430E-03,-3.643E-04
2.95439E-03,-7.564E-03
2.95439E-03,-2.764E-03
2.95448E-03,-9.964E-03
2.95448E-03,-5.964E-03
2.95457E-03,-1.156E-02
2.95457E-03,-9.164E-03
2.95466E-03,-1.316E-02
2.95466E-03,-1.076E-02
2.95474E-03,-1.316E-02
2.95474E-03,-1.076E-02
2.95483E-03,-1.156E-02
2.95483E-03,-9.164E-03
2.95492E-03,-9.964E-03
2.95492E-03,-5.964E-03
2.95501E-03,-6.764E-03
2.95501E-03,-1.964E-03
2.95510E-03,-2.764E-03
2.95510E-03,2.036E-03
2.95518E-03,2.036E-03
2.95518E-03,6.836E-03
2.95527E-03,6.036E-03
2.95527E-03,1.164E-02
2.95536E-03,1.004E-02
2.95536E-03,1.404E-02
2.95545E-03,1.324E-02
2.95545E-03,1.564E-02
2.95554E-03,1.324E-02
2.95554E-03,1.564E-02
2.95562E-03,1.084E-02
2.95562E-03,1.404E-02
2.95571E-03,6.036E-03
2.95571E-03,1.164E-02
2.95580E-03,1.236E-03
2.95580E-03,6.836E-03
2.95589E-03,-5.964E-03
2.95589E-03,1.236E-03
2.95598E-03,-1.156E-02
2.95598E-03,-5.164E-03
2.95606E-03,-1.716E-02
2.95606E-03,-1.076E-02
2.95615E-03,-2.116E-02
2.95615E-03,-1.636E-02
2.95624E-03,-2.276E-02
2.95624E-03,-2.036E-02
2.95633E-03,-2.276E-02
2.95633E-03,-2.036E-02
2.95642E-03,-2.196E-02
2.95642E-03,-1.796E-02
2.95650E-03,-1.876E-02
2.95650E-03,-1.236E-02
2.95659E-03,-1.236E-02
2.95659E-03,-4.364E-03
2.95668E-03,-5.164E-03
2.95668E-03,3.636E-03
2.95677E-03,2.836E-03
2.95677E-03,1.164E-02
2.95686E-03,1.084E-02
2.95686E-03,1.964E-02
2.95694E-03,1.644E-02
2.95694E-03,2.364E-02
2.95703E-03,2.284E-02
2.95703E-03,2.604E-02
2.95712E-03,2.364E-02
2.95712E-03,2.684E-02
2.95721E-03,1.964E-02
2.95721E-03,2.444E-02
2.95730E-03,1.244E-02
2.95730E-03,2.044E-02
2.95738E-03,3.636E-03
2.95738E-03,1.404E-02
2.95747E-03,-5.964E-03
2.95747E-03,3.636E-03
2.95756E-03,-1.636E-02
2.95756E-03,-5.164E-03
2.95765E-03,-2.516E-02
2.95765E-03,-1.556E-02
2.95774E-03,-3.076E-02
2.95774E-03,-2.436E-02
2.95782E-03,-3.396E-02
2.95782E-03,-3.076E-02
2.95791E-03,-3.396E-02
2.95791E-03,-3.076E-02
2.95800E-03,-3.236E-02
2.95800E-03,-2.676E-02
2.95809E-03,-2.756E-02
2.95809E-03,-1.876E-02
2.95818E-03,-1.956E-02
2.95818E-03,-7.564E-03
2.95826E-03,-8.364E-03
2.95826E-03,3.636E-03
2.95835E-03,2.836E-03
2.95835E-03,1.564E-02
2.95844E-03,1.484E-02
2.95844E-03,2.524E-02
2.95853E-03,2.444E-02
2.95853E-03,3.244E-02
2.95862E-03,3.164E-02
2.95862E-03,3.564E-02
2.95870E-03,3.404E-02
2.95870E-03,3.644E-02
2.95879E-03,2.924E-02
2.95879E-03,3.564E-02
2.95888E-03,1.964E-02
2.95888E-03,2.924E-02
2.95897E-03,8.436E-03
2.95897E-03,2.044E-02
2.95906E-03,-5.164E-03
2.95906E-03,8.436E-03
2.95914E-03,-1.876E-02
2.95914E-03,-5.164E-03
2.95923E-03,-2.996E-02
2.95923E-03,-1.796E-02
2.95932E-03,-3.796E-02
2.95932E-03,-2.996E-02
2.95941E-03,-4.276E-02
2.95941E-03,-3.796E-02
2.95950E-03,-4.276E-02
2.95950E-03,-4.036E-02
2.95958E-03,-4.116E-02
2.95958E-03,-3.476E-02
2.95967E-03,-3.556E-02
2.95967E-03,-2.516E-02
2.95976E-03,-2.596E-02
2.95976E-03,-1.236E-02
2.95985E-03,-1.236E-02
2.95985E-03,2.036E-03
2.95994E-03,2.036E-03
2.95994E-03,1.724E-02
2.96002E-03,1.644E-02
2.96002E-03,2.924E-02
2.96011E-03,2.844E-02
2.96011E-03,3.884E-02
2.96020E-03,3.724E-02
2.96020E-03,4.284E-02
2.96029E-03,4.204E-02
2.96029E-03,4.364E-02
2.96038E-03,3.564E-02
2.96038E-03,4.204E-02
2.96046E-03,2.604E-02
2.96046E-03,3.644E-02
2.96055E-03,1.244E-02
2.96055E-03,2.604E-02
2.96064E-03,-3.564E-03
2.96064E-03,1.244E-02
2.96073E-03,-1.876E-02
2.96073E-03,-2.764E-03
2.96082E-03,-3.156E-02
2.96082E-03,-1.796E-02
2.96090E-03,-4.196E-02
2.96090E-03,-3.156E-02
2.96099E-03,-4.756E-02
2.96099E-03,-4.116E-02
2.96108E-03,-4.836E-02
2.96108E-03,-4.596E-02
2.96117E-03,-4.676E-02
2.96117E-03,-4.036E-02
2.96126E-03,-4.116E-02
2.96126E-03,-3.076E-02
2.96134E-03,-3.076E-02
2.96134E-03,-1.556E-02
2.96143E-03,-1.636E-02
2.96143E-03,-3.643E-04
2.96152E-03,-1.164E-03
2.96152E-03,1.564E-02
2.96161E-03,1.484E-02
2.96161E-03,2.924E-02
2.96170E-03,2.844E-02
2.96170E-03,3.964E-02
2.96178E-03,3.884E-02
2.96178E-03,4.524E-02
2.96187E-03,4.284E-02
2.96187E-03,4.764E-02
2.96196E-03,3.804E-02
2.96196E-03,4.604E-02
2.96205E-03,2.924E-02
2.96205E-03,3.964E-02
2.96214E-03,1.564E-02
2.96214E-03,3.004E-02
2.96222E-03,4.357E-04
2.96222E-03,1.564E-02
2.96231E-03,-1.556E-02
2.96231E-03,4.357E-04
2.96240E-03,-2.996E-02
2.96240E-03,-1.556E-02
2.96249E-03,-4.036E-02
2.96249E-03,-2.916E-02
2.96258E-03,-4.676E-02
2.96258E-03,-3.956E-02
2.96266E-03,-4.756E-02
2.96266E-03,-4.596E-02
2.96275E-03,-4.676E-02
2.96275E-03,-4.116E-02
2.96284E-03,-4.196E-02
2.96284E-03,-3.156E-02
2.96293E-03,-3.236E-02
2.96293E-03,-1.876E-02
2.96302E-03,-1.876E-02
2.96302E-03,-3.564E-03
2.96310E-03,-4.364E-03
2.96310E-03,1.244E-02
2.96319E-03,1.164E-02
2.96319E-03,2.604E-02
2.96328E-03,2.524E-02
2.96328E-03,3.644E-02
2.96337E-03,3.564E-02
2.96337E-03,4.124E-02
2.96346E-03,4.124E-02
2.96346E-03,4.284E-02
2.96354E-03,3.804E-02
2.96354E-03,4.284E-02
2.96363E-03,2.844E-02
2.96363E-03,3.804E-02
2.96372E-03,1.564E-02
2.96372E-03,2.924E-02
2.96381E-03,2.036E-03
2.96381E-03,1.724E-02
2.96390E-03,-1.236E-02
2.96390E-03,2.836E-03
2.96398E-03,-2.436E-02
2.96398E-03,-1.156E-02
2.96407E-03,-3.476E-02
2.96407E-03,-2.356E-02
2.96416E-03,-4.036E-02
2.96416E-03,-3.396E-02
2.96425E-03,-4.196E-02
2.96425E-03,-3.956E-02
2.96434E-03,-4.116E-02
2.96434E-03,-3.636E-02
2.96442E-03,-3.716E-02
2.96442E-03,-2.916E-02
2.96451E-03,-2.996E-02
2.96451E-03,-1.796E-02
2.96460E-03,-1.876E-02
2.96460E-03,-5.164E-03
2.96469E-03,-5.964E-03
2.96469E-03,7.636E-03
2.96478E-03,6.836E-03
2.96478E-03,1.964E-02
2.96486E-03,1.884E-02
2.96486E-03,2.844E-02
2.96495E-03,2.764E-02
2.96495E-03,3.324E-02
2.96504E-03,3.244E-02
2.96504E-03,3.564E-02
2.96513E-03,3.084E-02
2.96513E-03,3.484E-02
2.96522E-03,2.444E-02
2.96522E-03,3.164E-02
2.96530E-03,1.484E-02
2.96530E-03,2.604E-02
2.96539E-03,3.636E-03
2.96539E-03,1.484E-02
2.96548E-03,-8.364E-03
2.96548E-03,4.436E-03
2.96557E-03,-1.796E-02
2.96557E-03,-7.564E-03
2.96566E-03,-2.676E-02
2.96566E-03,-1.716E-02
2.96574E-03,-3.076E-02
2.96574E-03,-2.516E-02
2.96583E-03,-3.236E-02
2.96583E-03,-2.996E-02
2.96592E-03,-3.236E-02
2.96592E-03,-2.836E-02
2.96601E-03,-2.916E-02
2.96601E-03,-2.356E-02
2.96610E-03,-2.436E-02
2.96610E-03,-1.556E-02
2.96618E-03,-1.636E-02
2.96618E-03,-5.964E-03
2.96627E-03,-5.964E-03
2.96627E-03,3.636E-03
2.96636E-03,2.836E-03
2.96636E-03,1.244E-02
2.96645E-03,1.164E-02
2.96645E-03,1.964E-02
2.96654E-03,1.884E-02
2.96654E-03,2.364E-02
2.96662E-03,2.204E-02
2.96662E-03,2.444E-02
2.96671E-03,2.124E-02
2.96671E-03,2.444E-02
2.96680E-03,1.644E-02
2.96680E-03,2.284E-02
2.96689E-03,1.084E-02
2.96689E-03,1.884E-02
2.96698E-03,3.636E-03
2.96698E-03,1.164E-02
2.96706E-03,-4.364E-03
2.96706E-03,5.236E-03
2.96715E-03,-1.076E-02
2.96715E-03,-3.564E-03
2.96724E-03,-1.636E-02
2.96724E-03,-1.076E-02
2.96733E-03,-2.036E-02
2.96733E-03,-1.556E-02
2.96742E-03,-2.116E-02
2.96742E-03,-1.956E-02
2.96750E-03,-2.116E-02
2.96750E-03,-1.876E-02
2.96759E-03,-2.036E-02
2.96759E-03,-1.556E-02
2.96768E-03,-1.716E-02
2.96768E-03,-1.076E-02
2.96777E-03,-1.156E-02
2.96777E-03,-5.164E-03
2.96786E-03,-5.964E-03
2.96786E-03,1.236E-03
2.96794E-03,-3.643E-04
2.96794E-03,6.036E-03
2.96803E-03,5.236E-03
2.96803E-03,1.004E-02
2.96812E-03,1.004E-02
2.96812E-03,1.324E-02
2.96821E-03,1.164E-02
2.96821E-03,1.404E-02
2.96830E-03,1.164E-02
2.96830E-03,1.404E-02
2.96838E-03,9.236E-03
2.96838E-03,1.324E-02
2.96847E-03,6.036E-03
2.96847E-03,1.084E-02
2.96856E-03,2.036E-03
2.96856E-03,6.836E-03
2.96865E-03,-2.764E-03
2.96865E-03,2.836E-03
2.96874E-03,-5.964E-03
2.96874E-03,-1.964E-03
2.96882E-03,-9.164E-03
2.96882E-03,-5.164E-03
2.96891E-03,-1.076E-02
2.96891E-03,-8.364E-03
2.96900E-03,-1.156E-02
2.96900E-03,-9.964E-03
2.96909E-03,-1.156E-02
2.96909E-03,-9.964E-03
2.96918E-03,-1.076E-02
2.96918E-03,-8.364E-03
2.96926E-03,-9.164E-03
2.96926E-03,-5.964E-03
2.96935E-03,-6.764E-03
2.96935E-03,-3.564E-03
2.96944E-03,-4.364E-03
2.96944E-03,-3.643E-04
2.96953E-03,-1.164E-03
2.96953E-03,2.036E-03
2.96962E-03,1.236E-03
2.96962E-03,3.636E-03
2.96970E-03,2.836E-03
2.96970E-03,5.236E-03
2.96979E-03,3.636E-03
2.96979E-03,6.036E-03
2.96988E-03,3.636E-03
2.96988E-03,6.036E-03
2.96997E-03,2.836E-03
2.96997E-03,5.236E-03
2.97006E-03,1.236E-03
2.97006E-03,4.436E-03
2.97014E-03,-3.643E-04
2.97014E-03,2.836E-03
2.97023E-03,-1.964E-03
2.97023E-03,1.236E-03
2.97032E-03,-3.564E-03
2.97032E-03,-3.643E-04
2.97041E-03,-4.364E-03
2.97041E-03,-2.764E-03
2.97050E-03,-5.164E-03
2.97050E-03,-3.564E-03
2.97058E-03,-5.164E-03
2.97058E-03,-3.564E-03
2.97067E-03,-5.964E-03
2.97067E-03,-3.564E-03
2.97076E-03,-5.164E-03
2.97076E-03,-3.564E-03
2.97085E-03,-4.364E-03
2.97085E-03,-2.764E-03
2.97094E-03,-3.564E-03
2.97094E-03,-1.964E-03
2.97102E-03,-2.764E-03
2.97102E-03,-1.164E-03
2.97111E-03,-1.964E-03
2.97111E-03,4.357E-04
2.97120E-03,-1.164E-03
2.97120E-03,1.236E-03
2.97129E-03,-3.643E-04
2.97129E-03,2.036E-03
2.97138E-03,-3.643E-04
2.97138E-03,2.036E-03
2.97146E-03,4.357E-04
2.97146E-03,2.036E-03
2.97155E-03,4.357E-04
2.97155E-03,2.036E-03
2.97164E-03,-3.643E-04
2.97164E-03,1.236E-03
2.97173E-03,-1.164E-03
2.97173E-03,1.236E-03
2.97182E-03,-3.564E-03
2.97182E-03,1.236E-03
2.97190E-03,-2.764E-03
2.97190E-03,1.236E-03
2.97199E-03,-3.564E-03
2.97199E-03,-1.164E-03
2.97208E-03,-3.564E-03
2.97208E-03,-1.964E-03
2.97217E-03,-4.364E-03
2.97217E-03,-2.764E-03
2.97226E-03,-4.364E-03
2.97226E-03,-2.764E-03
2.97234E-03,-4.364E-03
2.97234E-03,-2.764E-03
2.97243E-03,-4.364E-03
2.97243E-03,-2.764E-03
2.97252E-03,-3.564E-03
2.97252E-03,-1.964E-03
2.97261E-03,-3.564E-03
2.97261E-03,-1.164E-03
2.97270E-03,-1.964E-03
2.97270E-03,4.357E-04
2.97278E-03,-1.164E-03
2.97278E-03,1.236E-03
2.97287E-03,-3.643E-04
2.97287E-03,2.036E-03
2.97296E-03,1.236E-03
2.97296E-03,2.836E-03
2.97305E-03,2.036E-03
2.97305E-03,3.636E-03
2.97314E-03,2.036E-03
2.97314E-03,3.636E-03
2.97322E-03,2.036E-03
2.97322E-03,3.636E-03
2.97331E-03,4.357E-04
2.97331E-03,2.836E-03
2.97340E-03,-1.164E-03
2.97340E-03,2.036E-03
2.97349E-03,-2.764E-03
2.97349E-03,4.357E-04
2.97358E-03,-5.164E-03
2.97358E-03,-1.964E-03
2.97366E-03,-6.764E-03
2.97366E-03,-4.364E-03
2.97375E-03,-8.364E-03
2.97375E-03,-5.164E-03
2.97384E-03,-9.164E-03
2.97384E-03,-6.764E-03
2.97393E-03,-9.164E-03
2.97393E-03,-7.564E-03
2.97402E-03,-8.364E-03
2.97402E-03,-6.764E-03
2.97410E-03,-7.564E-03
2.97410E-03,-4.364E-03
2.97419E-03,-5.964E-03
2.97419E-03,-1.964E-03
2.97428E-03,-2.764E-03
2.97428E-03,1.236E-03
2.97437E-03,-3.643E-04
2.97437E-03,4.436E-03
2.97446E-03,3.636E-03
2.97446E-03,6.836E-03
2.97454E-03,6.036E-03
2.97454E-03,9.236E-03
2.97463E-03,8.436E-03
2.97463E-03,1.004E-02
2.97472E-03,9.236E-03
2.97472E-03,1.084E-02
2.97481E-03,7.636E-03
2.97481E-03,1.004E-02
2.97490E-03,4.436E-03
2.97490E-03,8.436E-03
2.97498E-03,1.236E-03
2.97498E-03,5.236E-03
2.97507E-03,-3.564E-03
2.97507E-03,1.236E-03
2.97516E-03,-8.364E-03
2.97516E-03,-2.764E-03
2.97525E-03,-1.316E-02
2.97525E-03,-7.564E-03
2.97534E-03,-1.556E-02
2.97534E-03,-1.156E-02
2.97542E-03,-1.796E-02
2.97542E-03,-1.396E-02
2.97551E-03,-1.796E-02
2.97551E-03,-1.636E-02
2.97560E-03,-1.716E-02
2.97560E-03,-1.396E-02
2.97569E-03,-1.476E-02
2.97569E-03,-9.964E-03
2.97578E-03,-1.076E-02
2.97578E-03,-4.364E-03
2.97586E-03,-5.164E-03
2.97586E-03,1.236E-03
2.97595E-03,1.236E-03
2.97595E-03,7.636E-03
2.97604E-03,7.636E-03
2.97604E-03,1.324E-02
2.97613E-03,1.324E-02
2.97613E-03,1.804E-02
2.97622E-03,1.724E-02
2.97622E-03,2.044E-02
2.97630E-03,1.884E-02
2.97630E-03,2.044E-02
2.97639E-03,1.644E-02
2.97639E-03,1.964E-02
2.97648E-03,1.084E-02
2.97648E-03,1.724E-02
2.97657E-03,4.436E-03
2.97657E-03,1.164E-02
2.97666E-03,-3.564E-03
2.97666E-03,4.436E-03
2.97674E-03,-1.316E-02
2.97674E-03,-3.564E-03
2.97683E-03,-1.956E-02
2.97683E-03,-9.964E-03
2.97692E-03,-2.596E-02
2.97692E-03,-1.876E-02
2.97701E-03,-2.836E-02
2.97701E-03,-2.436E-02
2.97710E-03,-2.836E-02
2.97710E-03,-2.676E-02
2.97718E-03,-2.836E-02
2.97718E-03,-2.356E-02
2.97727E-03,-2.436E-02
2.97727E-03,-1.716E-02
2.97736E-03,-1.796E-02
2.97736E-03,-9.164E-03
2.97745E-03,-9.164E-03
2.97745E-03,1.236E-03
2.97754E-03,4.357E-04
2.97754E-03,1.164E-02
2.97762E-03,1.084E-02
2.97762E-03,2.044E-02
2.97771E-03,1.964E-02
2.97771E-03,2.764E-02
2.97780E-03,2.604E-02
2.97780E-03,3.084E-02
2.97789E-03,3.004E-02
2.97789E-03,3.164E-02
2.97798E-03,2.684E-02
2.97798E-03,3.084E-02
2.97806E-03,1.884E-02
2.97806E-03,2.684E-02
2.97815E-03,9.236E-03
2.97815E-03,1.964E-02
2.97824E-03,-2.764E-03
2.97824E-03,1.004E-02
2.97833E-03,-1.476E-02
2.97833E-03,-1.964E-03
2.97842E-03,-2.516E-02
2.97842E-03,-1.396E-02
2.97850E-03,-3.316E-02
2.97850E-03,-2.436E-02
2.97859E-03,-3.796E-02
2.97859E-03,-3.236E-02
2.97868E-03,-3.876E-02
2.97868E-03,-3.636E-02
2.97877E-03,-3.796E-02
2.97877E-03,-3.316E-02
2.97886E-03,-3.396E-02
2.97886E-03,-2.516E-02
2.97894E-03,-2.596E-02
2.97894E-03,-1.316E-02
2.97903E-03,-1.396E-02
2.97903E-03,-3.643E-04
2.97912E-03,-1.164E-03
2.97912E-03,1.324E-02
2.97921E-03,1.244E-02
2.97921E-03,2.524E-02
2.97930E-03,2.444E-02
2.97930E-03,3.404E-02
2.97938E-03,3.324E-02
2.97938E-03,3.964E-02
2.97947E-03,3.884E-02
2.97947E-03,4.044E-02
2.97956E-03,3.484E-02
2.97956E-03,4.044E-02
2.97965E-03,2.684E-02
2.97965E-03,3.564E-02
2.97974E-03,1.404E-02
2.97974E-03,2.764E-02
2.97982E-03,-3.643E-04
2.97982E-03,1.484E-02
2.97991E-03,-1.556E-02
2.97991E-03,4.357E-04
2.98000E-03,-2.836E-02
2.98000E-03,-1.476E-02
2.98009E-03,-3.876E-02
2.98009E-03,-2.836E-02
2.98018E-03,-4.436E-02
2.98018E-03,-3.796E-02
2.98026E-03,-4.596E-02
2.98026E-03,-4.356E-02
2.98035E-03,-4.516E-02
2.98035E-03,-4.036E-02
2.98044E-03,-4.116E-02
2.98044E-03,-3.156E-02
2.98053E-03,-3.156E-02
2.98053E-03,-1.796E-02
2.98062E-03,-1.876E-02
2.98062E-03,-2.764E-03
2.98070E-03,-3.564E-03
2.98070E-03,1.244E-02
2.98079E-03,1.244E-02
2.98079E-03,2.684E-02
2.98088E-03,2.604E-02
2.98088E-03,3.724E-02
2.98097E-03,3.644E-02
2.98097E-03,4.364E-02
2.98106E-03,4.284E-02
2.98106E-03,4.524E-02
2.98114E-03,4.044E-02
2.98114E-03,4.524E-02
2.98123E-03,3.164E-02
2.98123E-03,4.124E-02
2.98132E-03,1.804E-02
2.98132E-03,3.164E-02
2.98141E-03,2.836E-03
2.98141E-03,1.884E-02
2.98150E-03,-1.396E-02
2.98150E-03,2.836E-03
2.98158E-03,-2.756E-02
2.98158E-03,-1.316E-02
2.98167E-03,-3.956E-02
2.98167E-03,-2.676E-02
2.98176E-03,-4.676E-02
2.98176E-03,-3.876E-02
2.98185E-03,-4.916E-02
2.98185E-03,-4.516E-02
2.98194E-03,-4.916E-02
2.98194E-03,-4.276E-02
2.98202E-03,-4.356E-02
2.98202E-03,-3.396E-02
2.98211E-03,-3.476E-02
2.98211E-03,-2.116E-02
2.98220E-03,-2.196E-02
2.98220E-03,-5.964E-03
2.98229E-03,-6.764E-03
2.98229E-03,1.004E-02
2.98238E-03,9.236E-03
2.98238E-03,2.444E-02
2.98246E-03,2.364E-02
2.98246E-03,3.564E-02
2.98255E-03,3.484E-02
2.98255E-03,4.284E-02
2.98264E-03,4.284E-02
2.98264E-03,4.524E-02
2.98273E-03,4.044E-02
2.98273E-03,4.524E-02
2.98282E-03,3.244E-02
2.98282E-03,4.204E-02
2.98290E-03,1.964E-02
2.98290E-03,3.324E-02
2.98299E-03,5.236E-03
2.98299E-03,2.044E-02
2.98308E-03,-9.964E-03
2.98308E-03,6.036E-03
2.98317E-03,-2.436E-02
2.98317E-03,-9.964E-03
2.98326E-03,-3.556E-02
2.98326E-03,-2.356E-02
2.98334E-03,-4.276E-02
2.98334E-03,-3.556E-02
2.98343E-03,-4.516E-02
2.98343E-03,-4.196E-02
2.98352E-03,-4.516E-02
2.98352E-03,-4.116E-02
2.98361E-03,-4.196E-02
2.98361E-03,-3.316E-02
2.98370E-03,-3.396E-02
2.98370E-03,-2.196E-02
2.98378E-03,-2.276E-02
2.98378E-03,-8.364E-03
2.98387E-03,-9.164E-03
2.98387E-03,6.036E-03
2.98396E-03,5.236E-03
2.98396E-03,1.964E-02
2.98405E-03,1.884E-02
2.98405E-03,3.004E-02
2.98414E-03,3.004E-02
2.98414E-03,3.724E-02
2.98422E-03,3.644E-02
2.98422E-03,3.964E-02
2.98431E-03,3.644E-02
2.98431E-03,3.964E-02
2.98440E-03,3.004E-02
2.98440E-03,3.724E-02
2.98449E-03,1.964E-02
2.98449E-03,3.084E-02
2.98458E-03,6.836E-03
2.98458E-03,2.044E-02
2.98466E-03,-6.764E-03
2.98466E-03,7.636E-03
2.98475E-03,-1.876E-02
2.98475E-03,-5.964E-03
2.98484E-03,-2.836E-02
2.98484E-03,-1.796E-02
2.98493E-03,-3.476E-02
2.98493E-03,-2.756E-02
2.98502E-03,-3.716E-02
2.98502E-03,-3.396E-02
2.98510E-03,-3.796E-02
2.98510E-03,-3.476E-02
2.98519E-03,-3.476E-02
2.98519E-03,-2.916E-02
2.98528E-03,-2.916E-02
2.98528E-03,-1.956E-02
2.98537E-03,-2.036E-02
2.98537E-03,-8.364E-03
2.98546E-03,-9.164E-03
2.98546E-03,2.836E-03
2.98554E-03,2.036E-03
2.98554E-03,1.324E-02
2.98563E-03,1.244E-02
2.98563E-03,2.204E-02
2.98572E-03,2.124E-02
2.98572E-03,2.764E-02
2.98581E-03,2.684E-02
2.98581E-03,3.004E-02
2.98590E-03,2.684E-02
2.98590E-03,3.004E-02
2.98598E-03,2.204E-02
2.98598E-03,2.844E-02
2.98607E-03,1.484E-02
2.98607E-03,2.364E-02
2.98616E-03,6.036E-03
2.98616E-03,1.564E-02
2.98625E-03,-3.564E-03
2.98625E-03,6.836E-03
2.98634E-03,-1.236E-02
2.98634E-03,-2.764E-03
2.98642E-03,-1.956E-02
2.98642E-03,-1.156E-02
2.98651E-03,-2.436E-02
2.98651E-03,-1.956E-02
2.98660E-03,-2.756E-02
2.98660E-03,-2.436E-02
2.98669E-03,-2.756E-02
2.98669E-03,-2.436E-02
2.98678E-03,-2.676E-02
2.98678E-03,-2.036E-02
2.98686E-03,-2.196E-02
2.98686E-03,-1.476E-02
2.98695E-03,-1.636E-02
2.98695E-03,-7.564E-03
2.98704E-03,-8.364E-03
2.98704E-03,-3.643E-04
2.98713E-03,-3.643E-04
2.98713E-03,6.836E-03
2.98722E-03,6.036E-03
2.98722E-03,1.324E-02
2.98730E-03,1.244E-02
2.98730E-03,1.724E-02
2.98739E-03,1.644E-02
2.98739E-03,1.884E-02
2.98748E-03,1.724E-02
2.98748E-03,1.884E-02
2.98757E-03,1.404E-02
2.98757E-03,1.804E-02
2.98766E-03,1.004E-02
2.98766E-03,1.564E-02
2.98774E-03,4.436E-03
2.98774E-03,1.084E-02
2.98783E-03,-1.964E-03
2.98783E-03,5.236E-03
2.98792E-03,-6.764E-03
2.98792E-03,-1.164E-03
2.98801E-03,-1.156E-02
2.98801E-03,-6.764E-03
2.98810E-03,-1.476E-02
2.98810E-03,-1.076E-02
2.98818E-03,-1.636E-02
2.98818E-03,-1.396E-02
2.98827E-03,-1.636E-02
2.98827E-03,-1.476E-02
2.98836E-03,-1.556E-02
2.98836E-03,-1.236E-02
2.98845E-03,-1.316E-02
2.98845E-03,-9.164E-03
2.98854E-03,-9.964E-03
2.98854E-03,-5.964E-03
2.98862E-03,-6.764E-03
2.98862E-03,-1.164E-03
2.98871E-03,-1.964E-03
2.98871E-03,2.836E-03
2.98880E-03,2.036E-03
2.98880E-03,6.036E-03
2.98889E-03,5.236E-03
2.98889E-03,8.436E-03
2.98898E-03,7.636E-03
2.98898E-03,9.236E-03
2.98906E-03,7.636E-03
2.98906E-03,9.236E-03
2.98915E-03,6.836E-03
2.98915E-03,9.236E-03
2.98924E-03,4.436E-03
2.98924E-03,6.836E-03
2.98933E-03,2.036E-03
2.98933E-03,5.236E-03
2.98942E-03,-1.164E-03
2.98942E-03,2.036E-03
2.98950E-03,-3.564E-03
2.98950E-03,4.357E-04
2.98959E-03,-5.964E-03
2.98959E-03,-2.764E-03
2.98968E-03,-7.564E-03
2.98968E-03,-5.164E-03
2.98977E-03,-8.364E-03
2.98977E-03,-5.964E-03
2.98986E-03,-8.364E-03
2.98986E-03,-6.764E-03
2.98994E-03,-7.564E-03
2.98994E-03,-5.964E-03
2.99003E-03,-6.764E-03
2.99003E-03,-4.364E-03
2.99012E-03,-5.964E-03
2.99012E-03,-2.764E-03
2.99021E-03,-3.564E-03
2.99021E-03,-1.164E-03
2.99030E-03,-2.764E-03
2.99030E-03,4.357E-04
2.99038E-03,-3.643E-04
2.99038E-03,2.036E-03
2.99047E-03,4.357E-04
2.99047E-03,2.836E-03
2.99056E-03,1.236E-03
2.99056E-03,2.836E-03
2.99065E-03,1.236E-03
2.99065E-03,3.636E-03
2.99074E-03,1.236E-03
2.99074E-03,3.636E-03
2.99082E-03,4.357E-04
2.99082E-03,2.036E-03
2.99091E-03,-3.643E-04
2.99091E-03,2.036E-03
2.99100E-03,-1.164E-03
2.99100E-03,4.357E-04
2.99109E-03,-2.764E-03
2.99109E-03,-3.643E-04
2.99118E-03,-3.564E-03
2.99118E-03,-1.164E-03
2.99126E-03,-3.564E-03
2.99126E-03,-1.964E-03
2.99135E-03,-4.364E-03
2.99135E-03,-2.764E-03
2.99144E-03,-4.364E-03
2.99144E-03,-2.764E-03
2.99153E-03,-4.364E-03
2.99153E-03,-2.764E-03
2.99162E-03,-4.364E-03
2.99162E-03,-1.964E-03
2.99170E-03,-5.164E-03
2.99170E-03,-3.643E-04
2.99179E-03,-5.164E-03
2.99179E-03,-3.643E-04
2.99188E-03,-2.764E-03
2.99188E-03,-3.643E-04
2.99197E-03,-1.164E-03
2.99197E-03,4.357E-04
2.99206E-03,-3.643E-04
2.99206E-03,2.036E-03
2.99214E-03,-3.643E-04
2.99214E-03,2.036E-03
2.99223E-03,4.357E-04
2.99223E-03,2.036E-03
2.99232E-03,4.357E-04
2.99232E-03,2.036E-03
2.99241E-03,4.357E-04
2.99241E-03,2.036E-03
2.99250E-03,-3.643E-04
2.99250E-03,2.036E-03
2.99258E-03,-1.164E-03
2.99258E-03,1.236E-03
2.99267E-03,-2.764E-03
2.99267E-03,-3.643E-04
2.99276E-03,-3.564E-03
2.99276E-03,-1.164E-03
2.99285E-03,-4.364E-03
2.99285E-03,-2.764E-03
2.99294E-03,-5.164E-03
2.99294E-03,-3.564E-03
2.99302E-03,-5.964E-03
2.99302E-03,-4.364E-03
2.99311E-03,-6.764E-03
2.99311E-03,-4.364E-03
2.99320E-03,-5.964E-03
2.99320E-03,-4.364E-03
2.99329E-03,-5.164E-03
2.99329E-03,-3.564E-03
2.99338E-03,-4.364E-03
2.99338E-03,-1.964E-03
2.99346E-03,-2.764E-03
2.99346E-03,-3.643E-04
2.99355E-03,-1.164E-03
2.99355E-03,2.036E-03
2.99364E-03,1.236E-03
2.99364E-03,4.436E-03
2.99373E-03,2.836E-03
2.99373E-03,6.036E-03
2.99382E-03,4.436E-03
2.99382E-03,6.036E-03
2.99390E-03,5.236E-03
2.99390E-03,6.836E-03
2.99399E-03,4.436E-03
2.99399E-03,6.836E-03
2.99408E-03,2.836E-03
2.99408E-03,5.236E-03
2.99417E-03,4.357E-04
2.99417E-03,4.436E-03
2.99426E-03,-1.964E-03
2.99426E-03,1.236E-03
2.99434E-03,-5.164E-03
2.99434E-03,-1.964E-03
2.99443E-03,-8.364E-03
2.99443E-03,-5.164E-03
2.99452E-03,-1.076E-02
2.99452E-03,-8.364E-03
2.99461E-03,-1.236E-02
2.99461E-03,-9.964E-03
2.99470E-03,-1.316E-02
2.99470E-03,-1.156E-02
2.99478E-03,-1.236E-02
2.99478E-03,-1.076E-02
2.99487E-03,-1.076E-02
2.99487E-03,-8.364E-03
2.99496E-03,-8.364E-03
2.99496E-03,-4.364E-03
2.99505E-03,-4.364E-03
2.99505E-03,-3.643E-04
2.99514E-03,-1.164E-03
2.99514E-03,4.436E-03
2.99522E-03,4.436E-03
2.99522E-03,9.236E-03
2.99531E-03,8.436E-03
2.99531E-03,1.244E-02
2.99540E-03,1.164E-02
2.99540E-03,1.484E-02
2.99549E-03,1.324E-02
2.99549E-03,1.564E-02
2.99558E-03,1.244E-02
2.99558E-03,1.484E-02
2.99566E-03,9.236E-03
2.99566E-03,1.324E-02
2.99575E-03,3.636E-03
2.99575E-03,9.236E-03
2.99584E-03,-1.964E-03
2.99584E-03,4.436E-03
2.99593E-03,-9.164E-03
2.99593E-03,-1.964E-03
2.99602E-03,-1.556E-02
2.99602E-03,-8.364E-03
2.99610E-03,-1.956E-02
2.99610E-03,-1.396E-02
2.99619E-03,-2.196E-02
2.99619E-03,-1.876E-02
2.99628E-03,-2.356E-02
2.99628E-03,-2.116E-02
2.99637E-03,-2.276E-02
2.99637E-03,-1.956E-02
2.99646E-03,-2.036E-02
2.99646E-03,-1.476E-02
2.99654E-03,-1.636E-02
2.99654E-03,-8.364E-03
2.99663E-03,-9.164E-03
2.99663E-03,4.357E-04
2.99672E-03,-1.164E-03
2.99672E-03,7.636E-03
2.99681E-03,5.236E-03
2.99681E-03,1.564E-02
2.99690E-03,1.484E-02
2.99690E-03,2.124E-02
2.99698E-03,2.044E-02
2.99698E-03,2.524E-02
2.99707E-03,2.364E-02
2.99707E-03,2.604E-02
2.99716E-03,2.284E-02
2.99716E-03,2.604E-02
2.99725E-03,1.644E-02
2.99725E-03,2.284E-02
2.99734E-03,9.236E-03
2.99734E-03,1.804E-02
2.99742E-03,-3.643E-04
2.99742E-03,1.004E-02
2.99751E-03,-1.076E-02
2.99751E-03,4.357E-04
2.99760E-03,-2.036E-02
2.99760E-03,-9.964E-03
2.99769E-03,-2.756E-02
2.99769E-03,-1.956E-02
2.99778E-03,-3.236E-02
2.99778E-03,-2.756E-02
2.99786E-03,-3.396E-02
2.99786E-03,-3.156E-02
2.99795E-03,-3.316E-02
2.99795E-03,-2.996E-02
2.99804E-03,-3.076E-02
2.99804E-03,-2.356E-02
2.99813E-03,-2.436E-02
2.99813E-03,-1.396E-02
2.99822E-03,-1.476E-02
2.99822E-03,-2.764E-03
2.99830E-03,-2.764E-03
2.99830E-03,1.004E-02
2.99839E-03,9.236E-03
2.99839E-03,2.044E-02
2.99848E-03,1.964E-02
2.99848E-03,2.924E-02
2.99857E-03,2.844E-02
2.99857E-03,3.484E-02
2.99866E-03,3.404E-02
2.99866E-03,3.724E-02
2.99874E-03,3.164E-02
2.99874E-03,3.644E-02
2.99883E-03,2.524E-02
2.99883E-03,3.324E-02
2.99892E-03,1.484E-02
2.99892E-03,2.604E-02
2.99901E-03,2.036E-03
2.99901E-03,1.484E-02
2.99910E-03,-1.156E-02
2.99910E-03,2.836E-03
2.99918E-03,-2.436E-02
2.99918E-03,-1.076E-02
2.99927E-03,-3.476E-02
2.99927E-03,-2.356E-02
2.99936E-03,-4.036E-02
2.99936E-03,-3.396E-02
2.99945E-03,-4.276E-02
2.99945E-03,-3.956E-02
2.99954E-03,-4.276E-02
2.99954E-03,-3.876E-02
2.99962E-03,-3.956E-02
2.99962E-03,-3.156E-02
2.99971E-03,-3.156E-02
2.99971E-03,-1.956E-02
2.99980E-03,-1.956E-02
2.99980E-03,-5.964E-03
2.99989E-03,-6.764E-03
2.99989E-03,9.236E-03
2.99998E-03,8.436E-03
2.99998E-03,2.284E-02
3.00006E-03,2.204E-02
3.00006E-03,3.404E-02
3.00015E-03,3.324E-02
3.00015E-03,4.124E-02
3.00024E-03,4.044E-02
3.00024E-03,4.364E-02
3.00033E-03,3.964E-02
3.00033E-03,4.364E-02
3.00042E-03,3.244E-02
3.00042E-03,4.044E-02
3.00050E-03,2.044E-02
3.00050E-03,3.324E-02
3.00059E-03,6.036E-03
3.00059E-03,2.124E-02
3.00068E-03,-9.964E-03
3.00068E-03,6.036E-03
3.00077E-03,-2.436E-02
3.00077E-03,-9.964E-03
3.00086E-03,-3.716E-02
3.00086E-03,-2.436E-02
3.00094E-03,-4.516E-02
3.00094E-03,-3.636E-02
3.00103E-03,-4.756E-02
3.00103E-03,-4.436E-02
3.00112E-03,-4.836E-02
3.00112E-03,-4.436E-02
3.00121E-03,-4.516E-02
3.00121E-03,-3.636E-02
3.00130E-03,-3.716E-02
3.00130E-03,-2.436E-02
3.00138E-03,-2.436E-02
3.00138E-03,-9.164E-03
3.00147E-03,-9.164E-03
3.00147E-03,7.636E-03
3.00156E-03,6.836E-03
3.00156E-03,2.204E-02
3.00165E-03,2.124E-02
3.00165E-03,3.484E-02
3.00174E-03,3.404E-02
3.00174E-03,4.364E-02
3.00182E-03,4.124E-02
3.00182E-03,4.604E-02
3.00191E-03,4.284E-02
3.00191E-03,4.604E-02
3.00200E-03,3.564E-02
3.00200E-03,4.364E-02
3.00209E-03,2.284E-02
3.00209E-03,3.564E-02
3.00218E-03,8.436E-03
3.00218E-03,2.364E-02
3.00226E-03,-7.564E-03
3.00226E-03,9.236E-03
3.00235E-03,-2.196E-02
3.00235E-03,-6.764E-03
3.00244E-03,-3.476E-02
3.00244E-03,-2.196E-02
3.00253E-03,-4.356E-02
3.00253E-03,-3.476E-02
3.00262E-03,-4.756E-02
3.00262E-03,-4.276E-02
3.00270E-03,-4.756E-02
3.00270E-03,-4.436E-02
3.00279E-03,-4.516E-02
3.00279E-03,-3.716E-02
3.00288E-03,-3.716E-02
3.00288E-03,-2.596E-02
3.00297E-03,-2.676E-02
3.00297E-03,-1.156E-02
3.00306E-03,-1.236E-02
3.00306E-03,3.636E-03
3.00314E-03,2.836E-03
3.00314E-03,1.804E-02
3.00323E-03,1.804E-02
3.00323E-03,3.084E-02
3.00332E-03,3.004E-02
3.00332E-03,3.964E-02
3.00341E-03,3.884E-02
3.00341E-03,4.284E-02
3.00350E-03,4.044E-02
3.00350E-03,4.284E-02
3.00358E-03,3.324E-02
3.00358E-03,4.124E-02
3.00367E-03,2.364E-02
3.00367E-03,3.484E-02
3.00376E-03,1.004E-02
3.00376E-03,2.364E-02
3.00385E-03,-4.364E-03
3.00385E-03,1.084E-02
3.00394E-03,-1.796E-02
3.00394E-03,-3.564E-03
3.00402E-03,-3.076E-02
3.00402E-03,-1.796E-02
3.00411E-03,-3.796E-02
3.00411E-03,-2.916E-02
3.00420E-03,-4.116E-02
3.00420E-03,-3.716E-02
3.00429E-03,-4.196E-02
3.00429E-03,-3.956E-02
3.00438E-03,-4.036E-02
3.00438E-03,-3.396E-02
3.00446E-03,-3.476E-02
3.00446E-03,-2.436E-02
3.00455E-03,-2.516E-02
3.00455E-03,-1.316E-02
3.00464E-03,-1.316E-02
3.00464E-03,1.236E-03
3.00473E-03,4.357E-04
3.00473E-03,1.244E-02
3.00482E-03,1.244E-02
3.00482E-03,2.364E-02
3.00490E-03,2.284E-02
3.00490E-03,3.084E-02
3.00499E-03,3.084E-02
3.00499E-03,3.484E-02
3.00508E-03,3.324E-02
3.00508E-03,3.564E-02
3.00517E-03,2.844E-02
3.00517E-03,3.404E-02
3.00526E-03,2.044E-02
3.00526E-03,2.924E-02
3.00534E-03,1.004E-02
3.00534E-03,2.044E-02
3.00543E-03,-1.964E-03
3.00543E-03,1.084E-02
3.00552E-03,-1.236E-02
3.00552E-03,-1.164E-03
3.00561E-03,-2.196E-02
3.00561E-03,-1.236E-02
3.00570E-03,-2.916E-02
3.00570E-03,-2.196E-02
3.00578E-03,-3.236E-02
3.00578E-03,-2.756E-02
3.00587E-03,-3.236E-02
3.00587E-03,-3.076E-02
3.00596E-03,-3.156E-02
3.00596E-03,-2.756E-02
3.00605E-03,-2.756E-02
3.00605E-03,-2.036E-02
3.00614E-03,-2.036E-02
3.00614E-03,-1.156E-02
3.00622E-03,-1.236E-02
3.00622E-03,-1.164E-03
3.00631E-03,-1.964E-03
3.00631E-03,7.636E-03
3.00640E-03,6.836E-03
3.00640E-03,1.564E-02
3.00649E-03,1.484E-02
3.00649E-03,2.124E-02
3.00658E-03,2.044E-02
3.00658E-03,2.444E-02
3.00666E-03,2.124E-02
3.00666E-03,2.604E-02
3.00675E-03,1.884E-02
3.00675E-03,2.444E-02
3.00684E-03,1.484E-02
3.00684E-03,2.124E-02
3.00693E-03,6.836E-03
3.00693E-03,1.564E-02
3.00702E-03,-3.643E-04
3.00702E-03,7.636E-03
3.00710E-03,-8.364E-03
3.00710E-03,4.357E-04
3.00719E-03,-1.476E-02
3.00719E-03,-7.564E-03
3.00728E-03,-1.956E-02
3.00728E-03,-1.316E-02
3.00737E-03,-2.116E-02
3.00737E-03,-1.796E-02
3.00746E-03,-2.196E-02
3.00746E-03,-2.036E-02
3.00754E-03,-2.116E-02
3.00754E-03,-1.796E-02
3.00763E-03,-1.956E-02
3.00763E-03,-1.396E-02
3.00772E-03,-1.396E-02
3.00772E-03,-8.364E-03
3.00781E-03,-9.164E-03
3.00781E-03,-1.964E-03
3.00790E-03,-3.564E-03
3.00790E-03,2.836E-03
3.00798E-03,2.036E-03
3.00798E-03,8.436E-03
3.00807E-03,6.836E-03
3.00807E-03,1.164E-02
3.00816E-03,1.084E-02
3.00816E-03,1.324E-02
3.00825E-03,1.164E-02
3.00825E-03,1.404E-02
3.00834E-03,1.084E-02
3.00834E-03,1.324E-02
3.00842E-03,8.436E-03
3.00842E-03,1.164E-02
3.00851E-03,3.636E-03
3.00851E-03,9.236E-03
3.00860E-03,-3.643E-04
3.00860E-03,4.436E-03
3.00869E-03,-4.364E-03
3.00869E-03,4.357E-04
3.00878E-03,-7.564E-03
3.00878E-03,-3.564E-03
3.00886E-03,-9.964E-03
3.00886E-03,-6.764E-03
3.00895E-03,-1.156E-02
3.00895E-03,-9.164E-03
3.00904E-03,-1.236E-02
3.00904E-03,-9.964E-03
3.00913E-03,-1.156E-02
3.00913E-03,-9.164E-03
3.00922E-03,-9.964E-03
3.00922E-03,-7.564E-03
3.00930E-03,-8.364E-03
3.00930E-03,-4.364E-03
3.00939E-03,-5.964E-03
3.00939E-03,-1.964E-03
3.00948E-03,-2.764E-03
3.00948E-03,4.357E-04
3.00957E-03,-3.643E-04
3.00957E-03,2.836E-03
3.00966E-03,2.036E-03
3.00966E-03,4.436E-03
3.00974E-03,3.636E-03
3.00974E-03,6.036E-03
3.00983E-03,4.436E-03
3.00983E-03,6.036E-03
3.00992E-03,3.636E-03
3.00992E-03,5.236E-03
3.01001E-03,2.036E-03
3.01001E-03,5.236E-03
3.01010E-03,4.357E-04
3.01010E-03,3.636E-03
3.01018E-03,-1.164E-03
3.01018E-03,2.036E-03
3.01027E-03,-2.764E-03
3.01027E-03,4.357E-04
3.01036E-03,-3.564E-03
3.01036E-03,-1.164E-03
3.01045E-03,-5.164E-03
3.01045E-03,-2.764E-03
3.01054E-03,-5.164E-03
3.01054E-03,-3.564E-03
3.01062E-03,-5.964E-03
3.01062E-03,-4.364E-03
3.01071E-03,-5.164E-03
3.01071E-03,-4.364E-03
3.01080E-03,-5.164E-03
3.01080E-03,-3.564E-03
3.01089E-03,-4.364E-03
3.01089E-03,-1.964E-03
3.01098E-03,-3.564E-03
3.01098E-03,-1.164E-03
3.01106E-03,-2.764E-03
3.01106E-03,-3.643E-04
3.01115E-03,-1.164E-03
3.01115E-03,4.357E-04
3.01124E-03,-3.643E-04
3.01124E-03,1.236E-03
3.01133E-03,-3.643E-04
3.01133E-03,2.036E-03
3.01142E-03,4.357E-04
3.01142E-03,2.036E-03
3.01150E-03,4.357E-04
3.01150E-03,2.036E-03
3.01159E-03,-1.164E-03
3.01159E-03,2.036E-03
3.01168E-03,-1.964E-03
3.01168E-03,2.036E-03
3.01177E-03,-1.964E-03
3.01177E-03,2.036E-03
3.01186E-03,-1.964E-03
3.01186E-03,4.357E-04
3.01194E-03,-2.764E-03
3.01194E-03,-1.164E-03
3.01203E-03,-3.564E-03
3.01203E-03,-1.164E-03
3.01212E-03,-4.364E-03
3.01212E-03,-1.964E-03
3.01221E-03,-5.164E-03
3.01221E-03,-1.964E-03
3.01230E-03,-4.364E-03
3.01230E-03,-3.564E-03
3.01238E-03,-4.364E-03
3.01238E-03,-2.764E-03
3.01247E-03,-4.364E-03
3.01247E-03,-2.764E-03
3.01256E-03,-3.564E-03
3.01256E-03,-1.164E-03
3.01265E-03,-2.764E-03
3.01265E-03,-3.643E-04
3.01274E-03,-1.964E-03
3.01274E-03,4.357E-04
3.01282E-03,-3.643E-04
3.01282E-03,2.036E-03
3.01291E-03,1.236E-03
3.01291E-03,3.636E-03
3.01300E-03,1.236E-03
3.01300E-03,3.636E-03
3.01309E-03,2.036E-03
3.01309E-03,3.636E-03
3.01318E-03,2.036E-03
3.01318E-03,3.636E-03
3.01326E-03,1.236E-03
3.01326E-03,2.836E-03
3.01335E-03,4.357E-04
3.01335E-03,2.836E-03
3.01344E-03,-1.964E-03
3.01344E-03,1.236E-03
3.01353E-03,-3.564E-03
3.01353E-03,-3.643E-04
3.01362E-03,-5.964E-03
3.01362E-03,-2.764E-03
3.01370E-03,-7.564E-03
3.01370E-03,-4.364E-03
3.01379E-03,-8.364E-03
3.01379E-03,-5.964E-03
3.01388E-03,-9.164E-03
3.01388E-03,-7.564E-03
3.01397E-03,-9.164E-03
3.01397E-03,-6.764E-03
3.01406E-03,-8.364E-03
3.01406E-03,-5.964E-03
3.01414E-03,-6.764E-03
3.01414E-03,-3.564E-03
3.01423E-03,-4.364E-03
3.01423E-03,-3.643E-04
3.01432E-03,-1.164E-03
3.01432E-03,2.836E-03
3.01441E-03,2.036E-03
3.01441E-03,5.236E-03
3.01450E-03,4.436E-03
3.01450E-03,8.436E-03
3.01458E-03,6.836E-03
3.01458E-03,1.004E-02
3.01467E-03,9.236E-03
3.01467E-03,1.084E-02
3.01476E-03,8.436E-03
3.01476E-03,1.084E-02
3.01485E-03,6.036E-03
3.01485E-03,9.236E-03
3.01494E-03,2.836E-03
3.01494E-03,7.636E-03
3.01502E-03,-1.164E-03
3.01502E-03,3.636E-03
3.01511E-03,-5.964E-03
3.01511E-03,-3.643E-04
3.01520E-03,-9.964E-03
3.01520E-03,-5.164E-03
3.01529E-03,-1.396E-02
3.01529E-03,-9.964E-03
3.01538E-03,-1.636E-02
3.01538E-03,-1.316E-02
3.01546E-03,-1.796E-02
3.01546E-03,-1.556E-02
3.01555E-03,-1.796E-02
3.01555E-03,-1.556E-02
3.01564E-03,-1.636E-02
3.01564E-03,-1.236E-02
3.01573E-03,-1.316E-02
3.01573E-03,-7.564E-03
3.01582E-03,-8.364E-03
3.01582E-03,-1.964E-03
3.01590E-03,-2.764E-03
3.01590E-03,4.436E-03
3.01599E-03,3.636E-03
3.01599E-03,1.084E-02
3.01608E-03,1.004E-02
3.01608E-03,1.644E-02
3.01617E-03,1.484E-02
3.01617E-03,1.964E-02
3.01626E-03,1.804E-02
3.01626E-03,2.044E-02
3.01634E-03,1.804E-02
3.01634E-03,2.044E-02
3.01643E-03,1.404E-02
3.01643E-03,1.884E-02
3.01652E-03,8.436E-03
3.01652E-03,1.484E-02
3.01661E-03,-3.643E-04
3.01661E-03,9.236E-03
3.01670E-03,-7.564E-03
3.01670E-03,2.836E-03
3.01678E-03,-1.556E-02
3.01678E-03,-7.564E-03
3.01687E-03,-2.276E-02
3.01687E-03,-1.476E-02
3.01696E-03,-2.676E-02
3.01696E-03,-2.196E-02
3.01705E-03,-2.836E-02
3.01705E-03,-2.596E-02
3.01714E-03,-2.836E-02
3.01714E-03,-2.596E-02
3.01722E-03,-2.676E-02
3.01722E-03,-2.116E-02
3.01731E-03,-2.116E-02
3.01731E-03,-1.316E-02
3.01740E-03,-1.396E-02
3.01740E-03,-4.364E-03
3.01749E-03,-5.164E-03
3.01749E-03,6.036E-03
3.01758E-03,5.236E-03
3.01758E-03,1.564E-02
3.01766E-03,1.484E-02
3.01766E-03,2.364E-02
3.01775E-03,2.284E-02
3.01775E-03,2.924E-02
3.01784E-03,2.844E-02
3.01784E-03,3.164E-02
3.01793E-03,2.844E-02
3.01793E-03,3.164E-02
3.01802E-03,2.364E-02
3.01802E-03,2.924E-02
3.01810E-03,1.484E-02
3.01810E-03,2.444E-02
3.01819E-03,3.636E-03
3.01819E-03,1.564E-02
3.01828E-03,-7.564E-03
3.01828E-03,4.436E-03
3.01837E-03,-1.956E-02
3.01837E-03,-7.564E-03
3.01846E-03,-2.996E-02
3.01846E-03,-1.876E-02
3.01854E-03,-3.556E-02
3.01854E-03,-2.836E-02
3.01863E-03,-3.876E-02
3.01863E-03,-3.476E-02
3.01872E-03,-3.876E-02
3.01872E-03,-3.636E-02
3.01881E-03,-3.636E-02
3.01881E-03,-2.996E-02
3.01890E-03,-3.076E-02
3.01890E-03,-2.036E-02
3.01898E-03,-2.036E-02
3.01898E-03,-7.564E-03
3.01907E-03,-8.364E-03
3.01907E-03,6.036E-03
3.01916E-03,5.236E-03
3.01916E-03,1.804E-02
3.01925E-03,1.804E-02
3.01925E-03,3.004E-02
3.01934E-03,2.924E-02
3.01934E-03,3.724E-02
3.01942E-03,3.644E-02
3.01942E-03,4.044E-02
3.01951E-03,3.804E-02
3.01951E-03,4.044E-02
3.01960E-03,3.164E-02
3.01960E-03,3.884E-02
3.01969E-03,2.044E-02
3.01969E-03,3.244E-02
3.01978E-03,6.836E-03
3.01978E-03,2.124E-02
3.01986E-03,-7.564E-03
3.01986E-03,8.436E-03
3.01995E-03,-2.116E-02
3.01995E-03,-6.764E-03
3.02004E-03,-3.396E-02
3.02004E-03,-2.036E-02
3.02013E-03,-4.196E-02
3.02013E-03,-3.316E-02
3.02022E-03,-4.596E-02
3.02022E-03,-4.196E-02
3.02030E-03,-4.596E-02
3.02030E-03,-4.356E-02
3.02039E-03,-4.436E-02
3.02039E-03,-3.716E-02
3.02048E-03,-3.716E-02
3.02048E-03,-2.596E-02
3.02057E-03,-2.596E-02
3.02057E-03,-1.156E-02
3.02066E-03,-1.156E-02
3.02066E-03,3.636E-03
3.02074E-03,2.836E-03
3.02074E-03,1.884E-02
3.02083E-03,1.804E-02
3.02083E-03,3.164E-02
3.02092E-03,3.084E-02
3.02092E-03,4.044E-02
3.02101E-03,3.964E-02
3.02101E-03,4.524E-02
3.02110E-03,4.284E-02
3.02110E-03,4.524E-02
3.02118E-03,3.644E-02
3.02118E-03,4.444E-02
3.02127E-03,2.524E-02
3.02127E-03,3.724E-02
3.02136E-03,1.084E-02
3.02136E-03,2.524E-02
3.02145E-03,-5.164E-03
3.02145E-03,1.164E-02
3.02154E-03,-2.036E-02
3.02154E-03,-4.364E-03
3.02162E-03,-3.476E-02
3.02162E-03,-1.876E-02
3.02171E-03,-4.436E-02
3.02171E-03,-3.396E-02
3.02180E-03,-4.836E-02
3.02180E-03,-4.276E-02
3.02189E-03,-4.916E-02
3.02189E-03,-4.596E-02
3.02198E-03,-4.676E-02
3.02198E-03,-3.956E-02
3.02206E-03,-4.036E-02
3.02206E-03,-2.916E-02
3.02215E-03,-2.916E-02
3.02215E-03,-1.476E-02
3.02224E-03,-1.556E-02
3.02224E-03,1.236E-03
3.02233E-03,4.357E-04
3.02233E-03,1.644E-02
3.02242E-03,1.644E-02
3.02242E-03,3.004E-02
3.02250E-03,3.004E-02
3.02250E-03,3.964E-02
3.02259E-03,3.884E-02
3.02259E-03,4.444E-02
3.02268E-03,4.284E-02
3.02268E-03,4.524E-02
3.02277E-03,3.724E-02
3.02277E-03,4.444E-02
3.02286E-03,2.684E-02
3.02286E-03,3.804E-02
3.02294E-03,1.404E-02
3.02294E-03,2.764E-02
3.02303E-03,-1.964E-03
3.02303E-03,1.404E-02
3.02312E-03,-1.716E-02
3.02312E-03,-1.164E-03
3.02321E-03,-2.996E-02
3.02321E-03,-1.636E-02
3.02330E-03,-3.956E-02
3.02330E-03,-2.916E-02
3.02338E-03,-4.436E-02
3.02338E-03,-3.876E-02
3.02347E-03,-4.516E-02
3.02347E-03,-4.356E-02
3.02356E-03,-4.436E-02
3.02356E-03,-3.876E-02
3.02365E-03,-3.876E-02
3.02365E-03,-2.916E-02
3.02374E-03,-2.916E-02
3.02374E-03,-1.556E-02
3.02382E-03,-1.636E-02
3.02382E-03,-1.964E-03
3.02391E-03,-1.964E-03
3.02391E-03,1.244E-02
3.02400E-03,1.164E-02
3.02400E-03,2.444E-02
3.02409E-03,2.444E-02
3.02409E-03,3.404E-02
3.02418E-03,3.324E-02
3.02418E-03,3.884E-02
3.02426E-03,3.804E-02
3.02426E-03,3.964E-02
3.02435E-03,3.324E-02
3.02435E-03,3.884E-02
3.02444E-03,2.444E-02
3.02444E-03,3.404E-02
3.02453E-03,1.324E-02
3.02453E-03,2.524E-02
3.02462E-03,4.357E-04
3.02462E-03,1.404E-02
3.02470E-03,-1.236E-02
3.02470E-03,4.357E-04
3.02479E-03,-2.356E-02
3.02479E-03,-1.156E-02
3.02488E-03,-3.156E-02
3.02488E-03,-2.276E-02
3.02497E-03,-3.716E-02
3.02497E-03,-3.156E-02
3.02506E-03,-3.716E-02
3.02506E-03,-3.556E-02
3.02514E-03,-3.716E-02
3.02514E-03,-3.236E-02
3.02523E-03,-3.316E-02
3.02523E-03,-2.516E-02
3.02532E-03,-2.596E-02
3.02532E-03,-1.556E-02
3.02541E-03,-1.556E-02
3.02541E-03,-3.564E-03
3.02550E-03,-3.564E-03
3.02550E-03,7.636E-03
3.02558E-03,6.836E-03
3.02558E-03,1.724E-02
3.02567E-03,1.724E-02
3.02567E-03,2.444E-02
3.02576E-03,2.444E-02
3.02576E-03,2.924E-02
3.02585E-03,2.844E-02
3.02585E-03,3.004E-02
3.02594E-03,2.524E-02
3.02594E-03,2.924E-02
3.02602E-03,1.964E-02
3.02602E-03,2.604E-02
3.02611E-03,1.084E-02
3.02611E-03,2.044E-02
3.02620E-03,1.236E-03
3.02620E-03,1.164E-02
3.02629E-03,-7.564E-03
3.02629E-03,2.036E-03
3.02638E-03,-1.636E-02
3.02638E-03,-7.564E-03
3.02646E-03,-2.276E-02
3.02646E-03,-1.476E-02
3.02655E-03,-2.756E-02
3.02655E-03,-2.116E-02
3.02664E-03,-2.836E-02
3.02664E-03,-2.436E-02
3.02673E-03,-2.756E-02
3.02673E-03,-2.356E-02
3.02682E-03,-2.516E-02
3.02682E-03,-1.796E-02
3.02690E-03,-1.956E-02
3.02690E-03,-1.156E-02
3.02699E-03,-1.236E-02
3.02699E-03,-4.364E-03
3.02708E-03,-5.164E-03
3.02708E-03,3.636E-03
3.02717E-03,2.836E-03
3.02717E-03,1.004E-02
3.02726E-03,9.236E-03
3.02726E-03,1.484E-02
3.02734E-03,1.484E-02
3.02734E-03,1.804E-02
3.02743E-03,1.724E-02
3.02743E-03,1.884E-02
3.02752E-03,1.564E-02
3.02752E-03,1.884E-02
3.02761E-03,1.244E-02
3.02761E-03,1.644E-02
3.02770E-03,7.636E-03
3.02770E-03,1.324E-02
3.02778E-03,1.236E-03
3.02778E-03,8.436E-03
3.02787E-03,-4.364E-03
3.02787E-03,2.036E-03
3.02796E-03,-9.164E-03
3.02796E-03,-3.564E-03
3.02805E-03,-1.316E-02
3.02805E-03,-8.364E-03
3.02814E-03,-1.556E-02
3.02814E-03,-1.236E-02
3.02822E-03,-1.636E-02
3.02822E-03,-1.476E-02
3.02831E-03,-1.556E-02
3.02831E-03,-1.396E-02
3.02840E-03,-1.476E-02
3.02840E-03,-1.076E-02
3.02849E-03,-1.156E-02
3.02849E-03,-7.564E-03
3.02858E-03,-8.364E-03
3.02858E-03,-3.564E-03
3.02866E-03,-4.364E-03
3.02866E-03,4.357E-04
3.02875E-03,-3.643E-04
3.02875E-03,4.436E-03
3.02884E-03,3.636E-03
3.02884E-03,6.836E-03
3.02893E-03,6.836E-03
3.02893E-03,9.236E-03
3.02902E-03,7.636E-03
3.02902E-03,9.236E-03
3.02910E-03,7.636E-03
3.02910E-03,9.236E-03
3.02919E-03,6.036E-03
3.02919E-03,8.436E-03
3.02928E-03,2.836E-03
3.02928E-03,6.836E-03
3.02937E-03,4.357E-04
3.02937E-03,3.636E-03
3.02946E-03,-2.764E-03
3.02946E-03,1.236E-03
3.02954E-03,-5.164E-03
3.02954E-03,-1.164E-03
3.02963E-03,-6.764E-03
3.02963E-03,-3.564E-03
3.02972E-03,-7.564E-03
3.02972E-03,-5.964E-03
3.02981E-03,-8.364E-03
3.02981E-03,-6.764E-03
3.02990E-03,-8.364E-03
3.02990E-03,-5.964E-03
3.02998E-03,-7.564E-03
3.02998E-03,-5.164E-03
3.03007E-03,-5.964E-03
3.03007E-03,-3.564E-03
3.03016E-03,-5.164E-03
3.03016E-03,-1.964E-03
3.03025E-03,-3.564E-03
3.03025E-03,-3.643E-04
3.03034E-03,-1.964E-03
3.03034E-03,1.236E-03
3.03042E-03,4.357E-04
3.03042E-03,2.036E-03
3.03051E-03,1.236E-03
3.03051E-03,2.836E-03
3.03060E-03,1.236E-03
3.03060E-03,2.836E-03
3.03069E-03,1.236E-03
3.03069E-03,3.636E-03
3.03078E-03,1.236E-03
3.03078E-03,2.836E-03
3.03086E-03,-3.643E-04
3.03086E-03,2.036E-03
3.03095E-03,-3.643E-04
3.03095E-03,1.236E-03
3.03104E-03,-1.964E-03
3.03104E-03,4.357E-04
3.03113E-03,-3.564E-03
3.03113E-03,-3.643E-04
3.03122E-03,-3.564E-03
3.03122E-03,-1.164E-03
3.03130E-03,-3.564E-03
3.03130E-03,-1.964E-03
3.03139E-03,-4.364E-03
3.03139E-03,-2.764E-03
3.03148E-03,-4.364E-03
3.03148E-03,-1.964E-03
3.03157E-03,-5.964E-03
3.03157E-03,-1.164E-03
3.03166E-03,-4.364E-03
3.03166E-03,-1.164E-03
3.03174E-03,-3.564E-03
3.03174E-03,-1.164E-03
3.03183E-03,-2.764E-03
3.03183E-03,-3.643E-04
3.03192E-03,-1.964E-03
3.03192E-03,4.357E-04
3.03201E-03,-1.164E-03
3.03201E-03,1.236E-03
3.03210E-03,-3.643E-04
3.03210E-03,1.236E-03
3.03218E-03,4.357E-04
3.03218E-03,2.036E-03
3.03227E-03,4.357E-04
3.03227E-03,2.836E-03
3.03236E-03,4.357E-04
3.03236E-03,2.036E-03
3.03245E-03,4.357E-04
3.03245E-03,2.036E-03
3.03254E-03,-3.643E-04
3.03254E-03,1.236E-03
3.03262E-03,-1.164E-03
3.03262E-03,1.236E-03
3.03271E-03,-2.764E-03
3.03271E-03,-3.643E-04
3.03280E-03,-3.564E-03
3.03280E-03,-1.964E-03
3.03289E-03,-5.164E-03
3.03289E-03,-2.764E-03
3.03298E-03,-5.164E-03
3.03298E-03,-3.564E-03
3.03306E-03,-5.964E-03
3.03306E-03,-4.364E-03
3.03315E-03,-5.964E-03
3.03315E-03,-4.364E-03
3.03324E-03,-5.164E-03
3.03324E-03,-3.564E-03
3.03333E-03,-5.164E-03
3.03333E-03,-2.764E-03
3.03342E-03,-3.564E-03
3.03342E-03,-3.643E-04
3.03350E-03,-1.964E-03
3.03350E-03,1.236E-03
3.03359E-03,4.357E-04
3.03359E-03,2.836E-03
3.03368E-03,2.036E-03
3.03368E-03,5.236E-03
3.03377E-03,3.636E-03
3.03377E-03,6.036E-03
3.03386E-03,5.236E-03
3.03386E-03,6.836E-03
3.03394E-03,5.236E-03
3.03394E-03,6.836E-03
3.03403E-03,4.436E-03
3.03403E-03,6.036E-03
3.03412E-03,2.036E-03
3.03412E-03,5.236E-03
3.03421E-03,-1.164E-03
3.03421E-03,2.836E-03
3.03430E-03,-3.564E-03
3.03430E-03,4.357E-04
3.03438E-03,-6.764E-03
3.03438E-03,-2.764E-03
3.03447E-03,-9.164E-03
3.03447E-03,-5.964E-03
3.03456E-03,-1.156E-02
3.03456E-03,-8.364E-03
3.03465E-03,-1.236E-02
3.03465E-03,-1.076E-02
3.03474E-03,-1.236E-02
3.03474E-03,-1.076E-02
3.03482E-03,-1.156E-02
3.03482E-03,-9.164E-03
3.03491E-03,-9.964E-03
3.03491E-03,-5.964E-03
3.03500E-03,-6.764E-03
3.03500E-03,-1.964E-03
3.03509E-03,-2.764E-03
3.03509E-03,2.836E-03
3.03518E-03,2.036E-03
3.03518E-03,6.836E-03
3.03526E-03,6.036E-03
3.03526E-03,1.084E-02
3.03535E-03,1.004E-02
3.03535E-03,1.404E-02
3.03544E-03,1.244E-02
3.03544E-03,1.564E-02
3.03553E-03,1.324E-02
3.03553E-03,1.564E-02
3.03562E-03,1.084E-02
3.03562E-03,1.484E-02
3.03570E-03,6.836E-03
3.03570E-03,1.244E-02
3.03579E-03,1.236E-03
3.03579E-03,7.636E-03
3.03588E-03,-5.164E-03
3.03588E-03,2.036E-03
3.03597E-03,-1.156E-02
3.03597E-03,-4.364E-03
3.03606E-03,-1.636E-02
3.03606E-03,-1.076E-02
3.03614E-03,-2.036E-02
3.03614E-03,-1.636E-02
3.03623E-03,-2.276E-02
3.03623E-03,-1.956E-02
3.03632E-03,-2.276E-02
3.03632E-03,-2.116E-02
3.03641E-03,-2.196E-02
3.03641E-03,-1.796E-02
3.03650E-03,-1.876E-02
3.03650E-03,-1.076E-02
3.03658E-03,-1.396E-02
3.03658E-03,-5.164E-03
3.03667E-03,-5.964E-03
3.03667E-03,2.836E-03
3.03676E-03,2.836E-03
3.03676E-03,1.164E-02
3.03685E-03,1.084E-02
3.03685E-03,1.884E-02
3.03694E-03,1.804E-02
3.03694E-03,2.284E-02
3.03702E-03,2.284E-02
3.03702E-03,2.604E-02
3.03711E-03,2.364E-02
3.03711E-03,2.604E-02
3.03720E-03,2.044E-02
3.03720E-03,2.524E-02
3.03729E-03,1.404E-02
3.03729E-03,2.124E-02
3.03738E-03,5.236E-03
3.03738E-03,1.404E-02
3.03746E-03,-5.164E-03
3.03746E-03,6.036E-03
3.03755E-03,-1.556E-02
3.03755E-03,-5.164E-03
3.03764E-03,-2.436E-02
3.03764E-03,-1.476E-02
3.03773E-03,-3.076E-02
3.03773E-03,-2.356E-02
3.03782E-03,-3.316E-02
3.03782E-03,-2.916E-02
3.03790E-03,-3.396E-02
3.03790E-03,-3.156E-02
3.03799E-03,-3.236E-02
3.03799E-03,-2.676E-02
3.03808E-03,-2.836E-02
3.03808E-03,-1.956E-02
3.03817E-03,-2.036E-02
3.03817E-03,-9.164E-03
3.03826E-03,-9.964E-03
3.03826E-03,2.836E-03
3.03834E-03,2.836E-03
3.03834E-03,1.484E-02
3.03843E-03,1.404E-02
3.03843E-03,2.444E-02
3.03852E-03,2.364E-02
3.03852E-03,3.244E-02
3.03861E-03,3.164E-02
3.03861E-03,3.644E-02
3.03870E-03,3.404E-02
3.03870E-03,3.644E-02
3.03878E-03,3.004E-02
3.03878E-03,3.564E-02
3.03887E-03,2.044E-02
3.03887E-03,3.084E-02
3.03896E-03,9.236E-03
3.03896E-03,2.124E-02
3.03905E-03,-4.364E-03
3.03905E-03,1.004E-02
3.03914E-03,-1.716E-02
3.03914E-03,-3.564E-03
3.03922E-03,-2.916E-02
3.03922E-03,-1.636E-02
3.03931E-03,-3.796E-02
3.03931E-03,-2.836E-02
3.03940E-03,-4.276E-02
3.03940E-03,-3.716E-02
3.03949E-03,-4.276E-02
3.03949E-03,-4.116E-02
3.03958E-03,-4.196E-02
3.03958E-03,-3.556E-02
3.03966E-03,-3.636E-02
3.03966E-03,-2.596E-02
3.03975E-03,-2.676E-02
3.03975E-03,-1.316E-02
3.03984E-03,-1.396E-02
3.03984E-03,1.236E-03
3.03993E-03,1.236E-03
3.03993E-03,1.564E-02
3.04002E-03,1.564E-02
3.04002E-03,2.844E-02
3.04010E-03,2.844E-02
3.04010E-03,3.804E-02
3.04019E-03,3.724E-02
3.04019E-03,4.284E-02
3.04028E-03,4.204E-02
3.04028E-03,4.364E-02
3.04037E-03,3.644E-02
3.04037E-03,4.284E-02
3.04046E-03,2.684E-02
3.04046E-03,3.724E-02
3.04054E-03,1.324E-02
3.04054E-03,2.764E-02
3.04063E-03,-1.964E-03
3.04063E-03,1.404E-02
3.04072E-03,-1.716E-02
3.04072E-03,-1.164E-03
3.04081E-03,-3.076E-02
3.04081E-03,-1.636E-02
3.04090E-03,-4.116E-02
3.04090E-03,-3.076E-02
3.04098E-03,-4.676E-02
3.04098E-03,-4.036E-02
3.04107E-03,-4.836E-02
3.04107E-03,-4.596E-02
3.04116E-03,-4.676E-02
3.04116E-03,-4.116E-02
3.04125E-03,-4.196E-02
3.04125E-03,-3.156E-02
3.04134E-03,-3.236E-02
3.04134E-03,-1.796E-02
3.04142E-03,-1.796E-02
3.04142E-03,-1.164E-03
3.04151E-03,-1.964E-03
3.04151E-03,1.324E-02
3.04160E-03,1.324E-02
3.04160E-03,2.844E-02
3.04169E-03,2.844E-02
3.04169E-03,3.884E-02
3.04178E-03,3.804E-02
3.04178E-03,4.444E-02
3.04186E-03,4.444E-02
3.04186E-03,4.604E-02
3.04195E-03,3.964E-02
3.04195E-03,4.524E-02
3.04204E-03,3.004E-02
3.04204E-03,3.964E-02
3.04213E-03,1.724E-02
3.04213E-03,3.084E-02
3.04222E-03,1.236E-03
3.04222E-03,1.724E-02
3.04230E-03,-1.476E-02
3.04230E-03,2.036E-03
3.04239E-03,-2.916E-02
3.04239E-03,-1.396E-02
3.04248E-03,-4.036E-02
3.04248E-03,-2.916E-02
3.04257E-03,-4.596E-02
3.04257E-03,-3.876E-02
3.04266E-03,-4.756E-02
3.04266E-03,-4.516E-02
3.04274E-03,-4.676E-02
3.04274E-03,-4.116E-02
3.04283E-03,-4.196E-02
3.04283E-03,-3.236E-02
3.04292E-03,-3.316E-02
3.04292E-03,-1.956E-02
3.04301E-03,-2.036E-02
3.04301E-03,-4.364E-03
3.04310E-03,-5.164E-03
3.04310E-03,1.084E-02
3.04318E-03,1.004E-02
3.04318E-03,2.444E-02
3.04327E-03,2.364E-02
3.04327E-03,3.484E-02
3.04336E-03,3.404E-02
3.04336E-03,4.124E-02
3.04345E-03,4.044E-02
3.04345E-03,4.284E-02
3.04354E-03,3.804E-02
3.04354E-03,4.204E-02
3.04362E-03,2.924E-02
3.04362E-03,3.884E-02
3.04371E-03,1.804E-02
3.04371E-03,3.004E-02
3.04380E-03,3.636E-03
3.04380E-03,1.804E-02
3.04389E-03,-1.076E-02
3.04389E-03,3.636E-03
3.04398E-03,-2.436E-02
3.04398E-03,-9.964E-03
3.04406E-03,-3.396E-02
3.04406E-03,-2.356E-02
3.04415E-03,-4.036E-02
3.04415E-03,-3.316E-02
3.04424E-03,-4.196E-02
3.04424E-03,-3.876E-02
3.04433E-03,-4.196E-02
3.04433E-03,-3.716E-02
3.04442E-03,-3.796E-02
3.04442E-03,-2.996E-02
3.04450E-03,-3.076E-02
3.04450E-03,-1.956E-02
3.04459E-03,-1.956E-02
3.04459E-03,-6.764E-03
3.04468E-03,-6.764E-03
3.04468E-03,6.036E-03
3.04477E-03,6.036E-03
3.04477E-03,1.804E-02
3.04486E-03,1.804E-02
3.04486E-03,2.764E-02
3.04494E-03,2.684E-02
3.04494E-03,3.324E-02
3.04503E-03,3.244E-02
3.04503E-03,3.484E-02
3.04512E-03,3.164E-02
3.04512E-03,3.484E-02
3.04521E-03,2.444E-02
3.04521E-03,3.244E-02
3.04530E-03,1.564E-02
3.04530E-03,2.524E-02
3.04538E-03,4.436E-03
3.04538E-03,1.644E-02
3.04547E-03,-6.764E-03
3.04547E-03,5.236E-03
3.04556E-03,-1.796E-02
3.04556E-03,-6.764E-03
3.04565E-03,-2.596E-02
3.04565E-03,-1.716E-02
3.04574E-03,-3.076E-02
3.04574E-03,-2.516E-02
3.04582E-03,-3.316E-02
3.04582E-03,-2.996E-02
3.04591E-03,-3.236E-02
3.04591E-03,-2.916E-02
3.04600E-03,-2.996E-02
3.04600E-03,-2.356E-02
3.04609E-03,-2.436E-02
3.04609E-03,-1.556E-02
3.04618E-03,-1.636E-02
3.04618E-03,-6.764E-03
3.04626E-03,-7.564E-03
3.04626E-03,2.836E-03
3.04635E-03,2.036E-03
3.04635E-03,1.164E-02
3.04644E-03,1.084E-02
3.04644E-03,1.964E-02
3.04653E-03,1.724E-02
3.04653E-03,2.284E-02
3.04662E-03,2.204E-02
3.04662E-03,2.524E-02
3.04670E-03,2.204E-02
3.04670E-03,2.444E-02
3.04679E-03,1.804E-02
3.04679E-03,2.284E-02
3.04688E-03,1.164E-02
3.04688E-03,1.804E-02
3.04697E-03,3.636E-03
3.04697E-03,1.244E-02
3.04706E-03,-3.564E-03
3.04706E-03,4.436E-03
3.04714E-03,-1.076E-02
3.04714E-03,-3.564E-03
3.04723E-03,-1.636E-02
3.04723E-03,-9.964E-03
3.04732E-03,-2.036E-02
3.04732E-03,-1.556E-02
3.04741E-03,-2.116E-02
3.04741E-03,-1.956E-02
3.04750E-03,-2.116E-02
3.04750E-03,-1.956E-02
3.04758E-03,-2.036E-02
3.04758E-03,-1.556E-02
3.04767E-03,-1.636E-02
3.04767E-03,-1.076E-02
3.04776E-03,-1.156E-02
3.04776E-03,-5.964E-03
3.04785E-03,-5.964E-03
3.04785E-03,4.357E-04
3.04794E-03,-3.643E-04
3.04794E-03,6.036E-03
3.04802E-03,5.236E-03
3.04802E-03,1.004E-02
3.04811E-03,9.236E-03
3.04811E-03,1.244E-02
3.04820E-03,1.244E-02
3.04820E-03,1.404E-02
3.04829E-03,1.244E-02
3.04829E-03,1.404E-02
3.04838E-03,1.004E-02
3.04838E-03,1.324E-02
3.04846E-03,6.036E-03
3.04846E-03,1.084E-02
3.04855E-03,2.036E-03
3.04855E-03,7.636E-03
3.04864E-03,-1.964E-03
3.04864E-03,2.836E-03
3.04873E-03,-5.964E-03
3.04873E-03,-1.164E-03
3.04882E-03,-9.164E-03
3.04882E-03,-5.164E-03
3.04890E-03,-1.076E-02
3.04890E-03,-7.564E-03
3.04899E-03,-1.156E-02
3.04899E-03,-9.164E-03
3.04908E-03,-1.156E-02
3.04908E-03,-9.164E-03
3.04917E-03,-1.076E-02
3.04917E-03,-8.364E-03
3.04926E-03,-9.164E-03
3.04926E-03,-5.964E-03
3.04934E-03,-6.764E-03
3.04934E-03,-3.564E-03
3.04943E-03,-4.364E-03
3.04943E-03,-3.643E-04
3.04952E-03,-1.164E-03
3.04952E-03,2.036E-03
3.04961E-03,1.236E-03
3.04961E-03,4.436E-03
3.04970E-03,2.836E-03
3.04970E-03,5.236E-03
3.04978E-03,4.436E-03
3.04978E-03,6.036E-03
3.04987E-03,4.436E-03
3.04987E-03,6.036E-03
3.04996E-03,3.636E-03
3.04996E-03,6.036E-03
3.05005E-03,2.036E-03
3.05005E-03,4.436E-03
3.05014E-03,4.357E-04
3.05014E-03,2.836E-03
3.05022E-03,-1.164E-03
3.05022E-03,1.236E-03
3.05031E-03,-2.764E-03
3.05031E-03,-3.643E-04
3.05040E-03,-4.364E-03
3.05040E-03,-1.964E-03
3.05049E-03,-5.164E-03
3.05049E-03,-2.764E-03
3.05058E-03,-5.964E-03
3.05058E-03,-3.564E-03
3.05066E-03,-5.164E-03
3.05066E-03,-3.564E-03
3.05075E-03,-5.164E-03
3.05075E-03,-2.764E-03
3.05084E-03,-4.364E-03
3.05084E-03,-1.964E-03
3.05093E-03,-3.564E-03
3.05093E-03,-1.164E-03
3.05102E-03,-2.764E-03
3.05102E-03,-3.643E-04
3.05110E-03,-1.964E-03
3.05110E-03,4.357E-04
3.05119E-03,-1.164E-03
3.05119E-03,1.236E-03
3.05128E-03,-3.643E-04
3.05128E-03,2.036E-03
3.05137E-03,4.357E-04
3.05137E-03,2.836E-03
3.05146E-03,-1.164E-03
3.05146E-03,3.636E-03
3.05154E-03,-3.643E-04
3.05154E-03,2.836E-03
3.05163E-03,-3.643E-04
3.05163E-03,2.036E-03
3.05172E-03,-1.164E-03
3.05172E-03,1.236E-03
3.05181E-03,-1.964E-03
3.05181E-03,4.357E-04
3.05190E-03,-1.964E-03
3.05190E-03,4.357E-04
3.05198E-03,-3.564E-03
3.05198E-03,-1.164E-03
3.05207E-03,-3.564E-03
3.05207E-03,-1.164E-03
3.05216E-03,-4.364E-03
3.05216E-03,-2.764E-03
3.05225E-03,-4.364E-03
3.05225E-03,-2.764E-03
3.05234E-03,-4.364E-03
3.05234E-03,-2.764E-03
3.05242E-03,-4.364E-03
3.05242E-03,-1.964E-03
3.05251E-03,-3.564E-03
3.05251E-03,-1.964E-03
3.05260E-03,-2.764E-03
3.05260E-03,-1.164E-03
3.05269E-03,-1.964E-03
3.05269E-03,4.357E-04
3.05278E-03,-1.164E-03
3.05278E-03,1.236E-03
3.05286E-03,4.357E-04
3.05286E-03,2.836E-03
3.05295E-03,1.236E-03
3.05295E-03,3.636E-03
3.05304E-03,2.036E-03
3.05304E-03,3.636E-03
3.05313E-03,2.836E-03
3.05313E-03,4.436E-03
3.05322E-03,2.036E-03
3.05322E-03,3.636E-03
3.05330E-03,1.236E-03
3.05330E-03,2.836E-03
3.05339E-03,-3.643E-04
3.05339E-03,2.036E-03
3.05348E-03,-2.764E-03
3.05348E-03,4.357E-04
3.05357E-03,-4.364E-03
3.05357E-03,-1.164E-03
3.05366E-03,-6.764E-03
3.05366E-03,-3.564E-03
3.05374E-03,-8.364E-03
3.05374E-03,-5.164E-03
3.05383E-03,-8.364E-03
3.05383E-03,-6.764E-03
3.05392E-03,-9.164E-03
3.05392E-03,-6.764E-03
3.05401E-03,-8.364E-03
3.05401E-03,-6.764E-03
3.05410E-03,-7.564E-03
3.05410E-03,-4.364E-03
3.05418E-03,-5.164E-03
3.05418E-03,-1.964E-03
3.05427E-03,-2.764E-03
3.05427E-03,4.357E-04
3.05436E-03,4.357E-04
3.05436E-03,3.636E-03
3.05445E-03,2.836E-03
3.05445E-03,6.836E-03
3.05454E-03,6.036E-03
3.05454E-03,9.236E-03
3.05462E-03,8.436E-03
3.05462E-03,1.084E-02
3.05471E-03,9.236E-03
3.05471E-03,1.084E-02
3.05480E-03,7.636E-03
3.05480E-03,1.084E-02
3.05489E-03,4.436E-03
3.05489E-03,8.436E-03
3.05498E-03,1.236E-03
3.05498E-03,6.036E-03
3.05506E-03,-2.764E-03
3.05506E-03,2.036E-03
3.05515E-03,-7.564E-03
3.05515E-03,-2.764E-03
3.05524E-03,-1.156E-02
3.05524E-03,-6.764E-03
3.05533E-03,-1.556E-02
3.05533E-03,-1.156E-02
3.05542E-03,-1.716E-02
3.05542E-03,-1.396E-02
3.05550E-03,-1.796E-02
3.05550E-03,-1.556E-02
3.05559E-03,-1.716E-02
3.05559E-03,-1.396E-02
3.05568E-03,-1.476E-02
3.05568E-03,-9.964E-03
3.05577E-03,-1.076E-02
3.05577E-03,-5.964E-03
3.05586E-03,-5.964E-03
3.05586E-03,1.236E-03
3.05594E-03,4.357E-04
3.05594E-03,7.636E-03
3.05603E-03,6.836E-03
3.05603E-03,1.324E-02
3.05612E-03,1.244E-02
3.05612E-03,1.804E-02
3.05621E-03,1.724E-02
3.05621E-03,1.964E-02
3.05630E-03,1.884E-02
3.05630E-03,2.124E-02
3.05638E-03,1.644E-02
3.05638E-03,2.044E-02
3.05647E-03,1.084E-02
3.05647E-03,1.884E-02
3.05656E-03,5.236E-03
3.05656E-03,1.244E-02
3.05665E-03,-2.764E-03
3.05665E-03,6.036E-03
3.05674E-03,-1.076E-02
3.05674E-03,-2.764E-03
3.05682E-03,-1.956E-02
3.05682E-03,-1.076E-02
3.05691E-03,-2.436E-02
3.05691E-03,-1.876E-02
3.05700E-03,-2.756E-02
3.05700E-03,-2.436E-02
3.05709E-03,-2.836E-02
3.05709E-03,-2.676E-02
3.05718E-03,-2.756E-02
3.05718E-03,-2.436E-02
3.05726E-03,-2.436E-02
3.05726E-03,-1.796E-02
3.05735E-03,-1.876E-02
3.05735E-03,-9.164E-03
3.05744E-03,-9.964E-03
3.05744E-03,4.357E-04
3.05753E-03,-3.643E-04
3.05753E-03,1.004E-02
3.05762E-03,1.004E-02
3.05762E-03,1.964E-02
3.05770E-03,1.964E-02
3.05770E-03,2.684E-02
3.05779E-03,2.604E-02
3.05779E-03,3.004E-02
3.05788E-03,2.924E-02
3.05788E-03,3.164E-02
3.05797E-03,2.604E-02
3.05797E-03,3.084E-02
3.05806E-03,1.964E-02
3.05806E-03,2.764E-02
3.05814E-03,1.004E-02
3.05814E-03,2.044E-02
3.05823E-03,-1.964E-03
3.05823E-03,1.084E-02
3.05832E-03,-1.396E-02
3.05832E-03,-1.164E-03
3.05841E-03,-2.436E-02
3.05841E-03,-1.316E-02
3.05850E-03,-3.316E-02
3.05850E-03,-2.356E-02
3.05858E-03,-3.796E-02
3.05858E-03,-3.236E-02
3.05867E-03,-3.956E-02
3.05867E-03,-3.716E-02
3.05876E-03,-3.796E-02
3.05876E-03,-3.396E-02
3.05885E-03,-3.476E-02
3.05885E-03,-2.596E-02
3.05894E-03,-2.596E-02
3.05894E-03,-1.396E-02
3.05902E-03,-1.476E-02
3.05902E-03,-1.964E-03
3.05911E-03,-1.964E-03
3.05911E-03,1.244E-02
3.05920E-03,1.164E-02
3.05920E-03,2.364E-02
3.05929E-03,2.364E-02
3.05929E-03,3.324E-02
3.05938E-03,3.244E-02
3.05938E-03,3.884E-02
3.05946E-03,3.804E-02
3.05946E-03,4.044E-02
3.05955E-03,3.564E-02
3.05955E-03,4.044E-02
3.05964E-03,2.684E-02
3.05964E-03,3.564E-02
3.05973E-03,1.564E-02
3.05973E-03,2.764E-02
3.05982E-03,1.236E-03
3.05982E-03,1.564E-02
3.05990E-03,-1.396E-02
3.05990E-03,1.236E-03
3.05999E-03,-2.756E-02
3.05999E-03,-1.316E-02
3.06008E-03,-3.796E-02
3.06008E-03,-2.676E-02
3.06017E-03,-4.436E-02
3.06017E-03,-3.716E-02
3.06026E-03,-4.596E-02
3.06026E-03,-4.356E-02
3.06034E-03,-4.596E-02
3.06034E-03,-4.036E-02
3.06043E-03,-4.116E-02
3.06043E-03,-3.236E-02
3.06052E-03,-3.316E-02
3.06052E-03,-1.956E-02
3.06061E-03,-1.956E-02
3.06061E-03,-4.364E-03
3.06070E-03,-5.164E-03
3.06070E-03,1.084E-02
3.06078E-03,1.084E-02
3.06078E-03,2.524E-02
3.06087E-03,2.444E-02
3.06087E-03,3.644E-02
3.06096E-03,3.564E-02
3.06096E-03,4.364E-02
3.06105E-03,4.204E-02
3.06105E-03,4.524E-02
3.06114E-03,4.044E-02
3.06114E-03,4.524E-02
3.06122E-03,3.164E-02
3.06122E-03,4.124E-02
3.06131E-03,1.964E-02
3.06131E-03,3.244E-02
3.06140E-03,2.836E-03
3.06140E-03,2.044E-02
3.06149E-03,-1.156E-02
3.06149E-03,5.236E-03
3.06158E-03,-2.756E-02
3.06158E-03,-1.076E-02
3.06166E-03,-3.876E-02
3.06166E-03,-2.676E-02
3.06175E-03,-4.676E-02
3.06175E-03,-3.796E-02
3.06184E-03,-4.836E-02
3.06184E-03,-4.516E-02
3.06193E-03,-4.836E-02
3.06193E-03,-4.436E-02
3.06202E-03,-4.516E-02
3.06202E-03,-3.556E-02
3.06210E-03,-3.636E-02
3.06210E-03,-2.356E-02
3.06219E-03,-2.356E-02
3.06219E-03,-8.364E-03
3.06228E-03,-8.364E-03
3.06228E-03,8.436E-03
3.06237E-03,6.836E-03
3.06237E-03,2.284E-02
3.06246E-03,2.204E-02
3.06246E-03,3.484E-02
3.06254E-03,3.404E-02
3.06254E-03,4.284E-02
3.06263E-03,4.204E-02
3.06263E-03,4.524E-02
3.06272E-03,4.124E-02
3.06272E-03,4.524E-02
3.06281E-03,3.324E-02
3.06281E-03,4.204E-02
3.06290E-03,2.124E-02
3.06290E-03,3.404E-02
3.06298E-03,6.036E-03
3.06298E-03,2.204E-02
3.06307E-03,-9.164E-03
3.06307E-03,6.836E-03
3.06316E-03,-2.356E-02
3.06316E-03,-9.164E-03
3.06325E-03,-3.476E-02
3.06325E-03,-2.276E-02
3.06334E-03,-4.196E-02
3.06334E-03,-3.396E-02
3.06342E-03,-4.516E-02
3.06342E-03,-4.196E-02
3.06351E-03,-4.596E-02
3.06351E-03,-4.196E-02
3.06360E-03,-4.196E-02
3.06360E-03,-3.476E-02
3.06369E-03,-3.556E-02
3.06369E-03,-2.356E-02
3.06378E-03,-2.356E-02
3.06378E-03,-9.964E-03
3.06386E-03,-9.964E-03
3.06386E-03,5.236E-03
3.06395E-03,4.436E-03
3.06395E-03,1.804E-02
3.06404E-03,1.804E-02
3.06404E-03,2.924E-02
3.06413E-03,2.844E-02
3.06413E-03,3.644E-02
3.06422E-03,3.564E-02
3.06422E-03,3.964E-02
3.06430E-03,3.644E-02
3.06430E-03,3.964E-02
3.06439E-03,3.004E-02
3.06439E-03,3.724E-02
3.06448E-03,2.044E-02
3.06448E-03,3.004E-02
3.06457E-03,7.636E-03
3.06457E-03,2.124E-02
3.06466E-03,-5.164E-03
3.06466E-03,7.636E-03
3.06474E-03,-1.796E-02
3.06474E-03,-5.164E-03
3.06483E-03,-2.756E-02
3.06483E-03,-1.716E-02
3.06492E-03,-3.476E-02
3.06492E-03,-2.756E-02
3.06501E-03,-3.716E-02
3.06501E-03,-3.396E-02
3.06510E-03,-3.796E-02
3.06510E-03,-3.476E-02
3.06518E-03,-3.556E-02
3.06518E-03,-2.996E-02
3.06527E-03,-2.996E-02
3.06527E-03,-2.116E-02
3.06536E-03,-2.116E-02
3.06536E-03,-9.964E-03
3.06545E-03,-1.076E-02
3.06545E-03,1.236E-03
3.06554E-03,4.357E-04
3.06554E-03,1.244E-02
3.06562E-03,1.164E-02
3.06562E-03,2.124E-02
3.06571E-03,2.044E-02
3.06571E-03,2.684E-02
3.06580E-03,2.684E-02
3.06580E-03,3.004E-02
3.06589E-03,2.764E-02
3.06589E-03,3.004E-02
3.06598E-03,2.284E-02
3.06598E-03,2.844E-02
3.06606E-03,1.644E-02
3.06606E-03,2.364E-02
3.06615E-03,6.836E-03
3.06615E-03,1.724E-02
3.06624E-03,-2.764E-03
3.06624E-03,7.636E-03
3.06633E-03,-1.236E-02
3.06633E-03,-1.964E-03
3.06642E-03,-1.956E-02
3.06642E-03,-9.964E-03
3.06650E-03,-2.596E-02
3.06650E-03,-1.876E-02
3.06659E-03,-2.676E-02
3.06659E-03,-2.356E-02
3.06668E-03,-2.756E-02
3.06668E-03,-2.516E-02
3.06677E-03,-2.596E-02
3.06677E-03,-2.196E-02
3.06686E-03,-2.276E-02
3.06686E-03,-1.556E-02
3.06694E-03,-1.636E-02
3.06694E-03,-8.364E-03
3.06703E-03,-8.364E-03
3.06703E-03,-3.643E-04
3.06712E-03,-1.164E-03
3.06712E-03,6.036E-03
3.06721E-03,6.036E-03
3.06721E-03,1.244E-02
3.06730E-03,1.164E-02
3.06730E-03,1.724E-02
3.06738E-03,1.644E-02
3.06738E-03,1.884E-02
3.06747E-03,1.724E-02
3.06747E-03,1.884E-02
3.06756E-03,1.484E-02
3.06756E-03,1.804E-02
3.06765E-03,1.004E-02
3.06765E-03,1.564E-02
3.06774E-03,5.236E-03
3.06774E-03,1.164E-02
3.06782E-03,-1.964E-03
3.06782E-03,6.036E-03
3.06791E-03,-5.964E-03
3.06791E-03,-3.643E-04
3.06800E-03,-1.076E-02
3.06800E-03,-5.964E-03
3.06809E-03,-1.476E-02
3.06809E-03,-9.964E-03
3.06818E-03,-1.636E-02
3.06818E-03,-1.316E-02
3.06826E-03,-1.636E-02
3.06826E-03,-1.476E-02
3.06835E-03,-1.556E-02
3.06835E-03,-1.236E-02
3.06844E-03,-1.316E-02
3.06844E-03,-9.964E-03
3.06853E-03,-9.964E-03
3.06853E-03,-5.164E-03
3.06862E-03,-5.964E-03
3.06862E-03,-1.164E-03
3.06870E-03,-1.964E-03
3.06870E-03,2.836E-03
3.06879E-03,2.036E-03
3.06879E-03,6.036E-03
3.06888E-03,5.236E-03
3.06888E-03,8.436E-03
3.06897E-03,7.636E-03
3.06897E-03,1.004E-02
3.06906E-03,8.436E-03
3.06906E-03,1.004E-02
3.06914E-03,6.836E-03
3.06914E-03,1.004E-02
3.06923E-03,4.436E-03
3.06923E-03,7.636E-03
3.06932E-03,2.036E-03
3.06932E-03,5.236E-03
3.06941E-03,-3.643E-04
3.06941E-03,2.836E-03
3.06950E-03,-3.564E-03
3.06950E-03,4.357E-04
3.06958E-03,-5.164E-03
3.06958E-03,-2.764E-03
3.06967E-03,-6.764E-03
3.06967E-03,-4.364E-03
3.06976E-03,-7.564E-03
3.06976E-03,-5.964E-03
3.06985E-03,-8.364E-03
3.06985E-03,-5.964E-03
3.06994E-03,-7.564E-03
3.06994E-03,-5.964E-03
3.07002E-03,-6.764E-03
3.07002E-03,-4.364E-03
3.07011E-03,-5.164E-03
3.07011E-03,-2.764E-03
3.07020E-03,-4.364E-03
3.07020E-03,-1.164E-03
3.07029E-03,-1.964E-03
3.07029E-03,4.357E-04
3.07038E-03,-3.643E-04
3.07038E-03,2.036E-03
3.07046E-03,4.357E-04
3.07046E-03,2.836E-03
3.07055E-03,1.236E-03
3.07055E-03,2.836E-03
3.07064E-03,2.036E-03
3.07064E-03,3.636E-03
3.07073E-03,1.236E-03
3.07073E-03,3.636E-03
3.07082E-03,4.357E-04
3.07082E-03,2.836E-03
3.07090E-03,-3.643E-04
3.07090E-03,2.036E-03
3.07099E-03,-1.164E-03
3.07099E-03,1.236E-03
3.07108E-03,-1.964E-03
3.07108E-03,-3.643E-04
3.07117E-03,-3.564E-03
3.07117E-03,-1.164E-03
3.07126E-03,-3.564E-03
3.07126E-03,-1.964E-03
3.07134E-03,-5.164E-03
3.07134E-03,-1.164E-03
3.07143E-03,-5.964E-03
3.07143E-03,-1.164E-03
3.07152E-03,-4.364E-03
3.07152E-03,-1.964E-03
3.07161E-03,-3.564E-03
3.07161E-03,-1.964E-03
3.07170E-03,-3.564E-03
3.07170E-03,-1.964E-03
3.07178E-03,-3.564E-03
3.07178E-03,-1.164E-03
3.07187E-03,-1.964E-03
3.07187E-03,-3.643E-04
3.07196E-03,-1.964E-03
3.07196E-03,4.357E-04
3.07205E-03,-3.643E-04
3.07205E-03,1.236E-03
3.07214E-03,4.357E-04
3.07214E-03,2.036E-03
3.07222E-03,4.357E-04
3.07222E-03,2.036E-03
3.07231E-03,4.357E-04
3.07231E-03,2.036E-03
3.07240E-03,4.357E-04
3.07240E-03,2.036E-03
3.07249E-03,-3.643E-04
3.07249E-03,2.036E-03
3.07258E-03,-1.164E-03
3.07258E-03,1.236E-03
3.07266E-03,-1.964E-03
3.07266E-03,4.357E-04
3.07275E-03,-3.564E-03
3.07275E-03,-1.164E-03
3.07284E-03,-4.364E-03
3.07284E-03,-1.964E-03
3.07293E-03,-5.164E-03
3.07293E-03,-2.764E-03
3.07302E-03,-5.964E-03
3.07302E-03,-4.364E-03
3.07310E-03,-5.964E-03
3.07310E-03,-4.364E-03
3.07319E-03,-5.964E-03
3.07319E-03,-4.364E-03
3.07328E-03,-5.164E-03
3.07328E-03,-3.564E-03
3.07337E-03,-4.364E-03
3.07337E-03,-1.964E-03
3.07346E-03,-2.764E-03
3.07346E-03,-3.643E-04
3.07354E-03,-1.164E-03
3.07354E-03,2.036E-03
3.07363E-03,1.236E-03
3.07363E-03,3.636E-03
3.07372E-03,2.836E-03
3.07372E-03,5.236E-03
3.07381E-03,4.436E-03
3.07381E-03,6.036E-03
3.07390E-03,5.236E-03
3.07390E-03,6.836E-03
3.07398E-03,4.436E-03
3.07398E-03,6.836E-03
3.07407E-03,2.836E-03
3.07407E-03,5.236E-03
3.07416E-03,1.236E-03
3.07416E-03,4.436E-03
3.07425E-03,-2.764E-03
3.07425E-03,1.236E-03
3.07434E-03,-5.164E-03
3.07434E-03,-1.164E-03
3.07442E-03,-8.364E-03
3.07442E-03,-4.364E-03
3.07451E-03,-1.076E-02
3.07451E-03,-7.564E-03
3.07460E-03,-1.236E-02
3.07460E-03,-9.964E-03
3.07469E-03,-1.236E-02
3.07469E-03,-1.076E-02
3.07478E-03,-1.236E-02
3.07478E-03,-1.076E-02
3.07486E-03,-1.156E-02
3.07486E-03,-8.364E-03
3.07495E-03,-9.164E-03
3.07495E-03,-5.164E-03
3.07504E-03,-5.164E-03
3.07504E-03,-3.643E-04
3.07513E-03,-1.164E-03
3.07513E-03,4.436E-03
3.07522E-03,2.836E-03
3.07522E-03,8.436E-03
3.07530E-03,8.436E-03
3.07530E-03,1.244E-02
3.07539E-03,1.164E-02
3.07539E-03,1.484E-02
3.07548E-03,1.324E-02
3.07548E-03,1.564E-02
3.07557E-03,1.244E-02
3.07557E-03,1.484E-02
3.07566E-03,9.236E-03
3.07566E-03,1.324E-02
3.07574E-03,4.436E-03
3.07574E-03,1.004E-02
3.07583E-03,-1.964E-03
3.07583E-03,5.236E-03
3.07592E-03,-8.364E-03
3.07592E-03,-1.164E-03
3.07601E-03,-1.476E-02
3.07601E-03,-7.564E-03
3.07610E-03,-1.876E-02
3.07610E-03,-1.316E-02
3.07618E-03,-2.196E-02
3.07618E-03,-1.796E-02
3.07627E-03,-2.356E-02
3.07627E-03,-2.116E-02
3.07636E-03,-2.516E-02
3.07636E-03,-1.876E-02
3.07645E-03,-2.116E-02
3.07645E-03,-1.476E-02
3.07654E-03,-1.636E-02
3.07654E-03,-9.164E-03
3.07662E-03,-9.964E-03
3.07662E-03,-1.164E-03
3.07671E-03,-1.964E-03
3.07671E-03,6.836E-03
3.07680E-03,6.036E-03
3.07680E-03,1.484E-02
3.07689E-03,1.404E-02
3.07689E-03,2.044E-02
3.07698E-03,1.964E-02
3.07698E-03,2.524E-02
3.07706E-03,2.364E-02
3.07706E-03,2.604E-02
3.07715E-03,2.284E-02
3.07715E-03,2.604E-02
3.07724E-03,1.724E-02
3.07724E-03,2.364E-02
3.07733E-03,9.236E-03
3.07733E-03,1.804E-02
3.07742E-03,-3.643E-04
3.07742E-03,1.004E-02
3.07750E-03,-9.964E-03
3.07750E-03,1.236E-03
3.07759E-03,-2.036E-02
3.07759E-03,-9.164E-03
3.07768E-03,-2.756E-02
3.07768E-03,-1.956E-02
3.07777E-03,-3.236E-02
3.07777E-03,-2.676E-02
3.07786E-03,-3.396E-02
3.07786E-03,-3.156E-02
3.07794E-03,-3.396E-02
3.07794E-03,-2.996E-02
3.07803E-03,-3.156E-02
3.07803E-03,-2.436E-02
3.07812E-03,-2.516E-02
3.07812E-03,-1.476E-02
3.07821E-03,-1.556E-02
3.07821E-03,-3.564E-03
3.07830E-03,-5.164E-03
3.07830E-03,7.636E-03
3.07838E-03,7.636E-03
3.07838E-03,1.884E-02
3.07847E-03,1.884E-02
3.07847E-03,2.844E-02
3.07856E-03,2.764E-02
3.07856E-03,3.404E-02
3.07865E-03,3.324E-02
3.07865E-03,3.644E-02
3.07874E-03,3.244E-02
3.07874E-03,3.644E-02
3.07882E-03,2.604E-02
3.07882E-03,3.324E-02
3.07891E-03,1.564E-02
3.07891E-03,2.684E-02
3.07900E-03,2.836E-03
3.07900E-03,1.644E-02
3.07909E-03,-9.964E-03
3.07909E-03,3.636E-03
3.07918E-03,-2.276E-02
3.07918E-03,-9.964E-03
3.07926E-03,-3.396E-02
3.07926E-03,-2.276E-02
3.07935E-03,-4.036E-02
3.07935E-03,-3.316E-02
3.07944E-03,-4.276E-02
3.07944E-03,-3.956E-02
3.07953E-03,-4.276E-02
3.07953E-03,-3.956E-02
3.07962E-03,-4.036E-02
3.07962E-03,-3.236E-02
3.07970E-03,-3.236E-02
3.07970E-03,-2.036E-02
3.07979E-03,-2.116E-02
3.07979E-03,-7.564E-03
3.07988E-03,-7.564E-03
3.07988E-03,6.836E-03
3.07997E-03,6.836E-03
3.07997E-03,2.124E-02
3.08006E-03,2.124E-02
3.08006E-03,3.244E-02
3.08014E-03,3.244E-02
3.08014E-03,4.044E-02
3.08023E-03,4.044E-02
3.08023E-03,4.364E-02
3.08032E-03,3.964E-02
3.08032E-03,4.364E-02
3.08041E-03,3.244E-02
3.08041E-03,4.044E-02
3.08050E-03,2.124E-02
3.08050E-03,3.324E-02
3.08058E-03,6.036E-03
3.08058E-03,2.124E-02
3.08067E-03,-8.364E-03
3.08067E-03,7.636E-03
3.08076E-03,-2.356E-02
3.08076E-03,-8.364E-03
3.08085E-03,-3.636E-02
3.08085E-03,-2.356E-02
3.08094E-03,-4.436E-02
3.08094E-03,-3.556E-02
3.08102E-03,-4.836E-02
3.08102E-03,-4.356E-02
3.08111E-03,-4.836E-02
3.08111E-03,-4.436E-02
3.08120E-03,-4.596E-02
3.08120E-03,-3.716E-02
3.08129E-03,-3.796E-02
3.08129E-03,-2.436E-02
3.08138E-03,-2.516E-02
3.08138E-03,-9.964E-03
3.08146E-03,-1.156E-02
3.08146E-03,5.236E-03
3.08155E-03,4.436E-03
3.08155E-03,2.044E-02
3.08164E-03,2.044E-02
3.08164E-03,3.324E-02
3.08173E-03,3.244E-02
3.08173E-03,4.204E-02
3.08182E-03,4.124E-02
3.08182E-03,4.604E-02
3.08190E-03,4.284E-02
3.08190E-03,4.604E-02
3.08199E-03,3.564E-02
3.08199E-03,4.444E-02
3.08208E-03,2.444E-02
3.08208E-03,3.644E-02
3.08217E-03,9.236E-03
3.08217E-03,2.524E-02
3.08226E-03,-5.964E-03
3.08226E-03,1.004E-02
3.08234E-03,-2.116E-02
3.08234E-03,-5.164E-03
3.08243E-03,-3.476E-02
3.08243E-03,-2.116E-02
3.08252E-03,-4.356E-02
3.08252E-03,-3.396E-02
3.08261E-03,-4.756E-02
3.08261E-03,-4.276E-02
3.08270E-03,-4.836E-02
3.08270E-03,-4.436E-02
3.08278E-03,-4.596E-02
3.08278E-03,-3.796E-02
3.08287E-03,-3.876E-02
3.08287E-03,-2.756E-02
3.08296E-03,-2.756E-02
3.08296E-03,-1.316E-02
3.08305E-03,-1.316E-02
3.08305E-03,2.036E-03
3.08314E-03,1.236E-03
3.08314E-03,1.724E-02
3.08322E-03,1.724E-02
3.08322E-03,3.004E-02
3.08331E-03,2.924E-02
3.08331E-03,3.884E-02
3.08340E-03,3.804E-02
3.08340E-03,4.204E-02
3.08349E-03,4.044E-02
3.08349E-03,4.284E-02
3.08358E-03,3.484E-02
3.08358E-03,4.124E-02
3.08366E-03,2.444E-02
3.08366E-03,3.484E-02
3.08375E-03,1.164E-02
3.08375E-03,2.524E-02
3.08384E-03,-2.764E-03
3.08384E-03,1.164E-02
3.08393E-03,-1.716E-02
3.08393E-03,-2.764E-03
3.08402E-03,-2.916E-02
3.08402E-03,-1.636E-02
3.08410E-03,-3.716E-02
3.08410E-03,-2.836E-02
3.08419E-03,-4.116E-02
3.08419E-03,-3.716E-02
3.08428E-03,-4.276E-02
3.08428E-03,-3.956E-02
3.08437E-03,-4.036E-02
3.08437E-03,-3.476E-02
3.08446E-03,-3.556E-02
3.08446E-03,-2.596E-02
3.08454E-03,-2.596E-02
3.08454E-03,-1.316E-02
3.08463E-03,-1.396E-02
3.08463E-03,-3.643E-04
3.08472E-03,-1.164E-03
3.08472E-03,1.244E-02
3.08481E-03,1.164E-02
3.08481E-03,2.284E-02
3.08490E-03,2.204E-02
3.08490E-03,3.084E-02
3.08498E-03,3.004E-02
3.08498E-03,3.484E-02
3.08507E-03,3.244E-02
3.08507E-03,3.484E-02
3.08516E-03,2.924E-02
3.08516E-03,3.404E-02
3.08525E-03,2.044E-02
3.08525E-03,2.924E-02
3.08534E-03,1.084E-02
3.08534E-03,2.124E-02
3.08542E-03,-3.643E-04
3.08542E-03,1.084E-02
3.08551E-03,-1.156E-02
3.08551E-03,-3.643E-04
3.08560E-03,-2.116E-02
3.08560E-03,-1.076E-02
3.08569E-03,-2.836E-02
3.08569E-03,-2.116E-02
3.08578E-03,-3.236E-02
3.08578E-03,-2.756E-02
3.08586E-03,-3.236E-02
3.08586E-03,-3.076E-02
3.08595E-03,-3.156E-02
3.08595E-03,-2.676E-02
3.08604E-03,-2.756E-02
3.08604E-03,-2.036E-02
3.08613E-03,-2.116E-02
3.08613E-03,-1.156E-02
3.08622E-03,-1.316E-02
3.08622E-03,-2.764E-03
3.08630E-03,-2.764E-03
3.08630E-03,6.836E-03
3.08639E-03,5.236E-03
3.08639E-03,1.564E-02
3.08648E-03,1.484E-02
3.08648E-03,2.124E-02
3.08657E-03,2.044E-02
3.08657E-03,2.444E-02
3.08666E-03,2.284E-02
3.08666E-03,2.444E-02
3.08674E-03,2.044E-02
3.08674E-03,2.364E-02
3.08683E-03,1.564E-02
3.08683E-03,2.124E-02
3.08692E-03,8.436E-03
3.08692E-03,1.564E-02
3.08701E-03,4.357E-04
3.08701E-03,8.436E-03
3.08710E-03,-7.564E-03
3.08710E-03,1.236E-03
3.08718E-03,-1.316E-02
3.08718E-03,-6.764E-03
3.08727E-03,-1.796E-02
3.08727E-03,-1.316E-02
3.08736E-03,-2.116E-02
3.08736E-03,-1.716E-02
3.08745E-03,-2.196E-02
3.08745E-03,-1.956E-02
3.08754E-03,-2.116E-02
3.08754E-03,-1.796E-02
3.08762E-03,-1.876E-02
3.08762E-03,-1.396E-02
3.08771E-03,-1.476E-02
3.08771E-03,-9.164E-03
3.08780E-03,-9.164E-03
3.08780E-03,-2.764E-03
3.08789E-03,-3.564E-03
3.08789E-03,3.636E-03
3.08798E-03,2.836E-03
3.08798E-03,7.636E-03
3.08806E-03,6.836E-03
3.08806E-03,1.164E-02
3.08815E-03,1.084E-02
3.08815E-03,1.404E-02
3.08824E-03,1.244E-02
3.08824E-03,1.404E-02
3.08833E-03,1.084E-02
3.08833E-03,1.404E-02
3.08842E-03,8.436E-03
3.08842E-03,1.244E-02
3.08850E-03,4.436E-03
3.08850E-03,8.436E-03
3.08859E-03,4.357E-04
3.08859E-03,5.236E-03
3.08868E-03,-3.564E-03
3.08868E-03,1.236E-03
3.08877E-03,-6.764E-03
3.08877E-03,-2.764E-03
3.08886E-03,-9.964E-03
3.08886E-03,-5.964E-03
3.08894E-03,-1.156E-02
3.08894E-03,-9.164E-03
3.08903E-03,-1.156E-02
3.08903E-03,-9.964E-03
3.08912E-03,-1.156E-02
3.08912E-03,-9.164E-03
3.08921E-03,-9.964E-03
3.08921E-03,-7.564E-03
3.08930E-03,-8.364E-03
3.08930E-03,-5.164E-03
3.08938E-03,-5.964E-03
3.08938E-03,-1.964E-03
3.08947E-03,-2.764E-03
3.08947E-03,4.357E-04
3.08956E-03,-3.643E-04
3.08956E-03,2.836E-03
3.08965E-03,2.036E-03
3.08965E-03,4.436E-03
3.08974E-03,3.636E-03
3.08974E-03,5.236E-03
3.08982E-03,4.436E-03
3.08982E-03,6.036E-03
3.08991E-03,3.636E-03
3.08991E-03,6.036E-03
3.09000E-03,2.836E-03
3.09000E-03,5.236E-03
3.09009E-03,1.236E-03
3.09009E-03,3.636E-03
3.09018E-03,-3.643E-04
3.09018E-03,2.036E-03
3.09026E-03,-2.764E-03
3.09026E-03,4.357E-04
3.09035E-03,-3.564E-03
3.09035E-03,-1.164E-03
3.09044E-03,-5.164E-03
3.09044E-03,-2.764E-03
3.09053E-03,-5.964E-03
3.09053E-03,-3.564E-03
3.09062E-03,-5.164E-03
3.09062E-03,-4.364E-03
3.09070E-03,-5.164E-03
3.09070E-03,-3.564E-03
3.09079E-03,-5.164E-03
3.09079E-03,-2.764E-03
3.09088E-03,-4.364E-03
3.09088E-03,-2.764E-03
3.09097E-03,-3.564E-03
3.09097E-03,-1.164E-03
3.09106E-03,-2.764E-03
3.09106E-03,4.357E-04
3.09114E-03,-1.964E-03
3.09114E-03,4.357E-04
3.09123E-03,-1.164E-03
3.09123E-03,2.836E-03
3.09132E-03,-1.964E-03
3.09132E-03,2.836E-03
3.09141E-03,-3.643E-04
3.09141E-03,2.836E-03
3.09150E-03,4.357E-04
3.09150E-03,2.836E-03
3.09158E-03,-3.643E-04
3.09158E-03,2.036E-03
3.09167E-03,-3.643E-04
3.09167E-03,1.236E-03
3.09176E-03,-1.164E-03
3.09176E-03,1.236E-03
3.09185E-03,-1.964E-03
3.09185E-03,4.357E-04
3.09194E-03,-2.764E-03
3.09194E-03,-3.643E-04
3.09202E-03,-3.564E-03
3.09202E-03,-1.164E-03
3.09211E-03,-4.364E-03
3.09211E-03,-1.964E-03
3.09220E-03,-4.364E-03
3.09220E-03,-2.764E-03
3.09229E-03,-4.364E-03
3.09229E-03,-2.764E-03
3.09238E-03,-4.364E-03
3.09238E-03,-2.764E-03
3.09246E-03,-4.364E-03
3.09246E-03,-2.764E-03
3.09255E-03,-3.564E-03
3.09255E-03,-1.164E-03
3.09264E-03,-2.764E-03
3.09264E-03,-3.643E-04
3.09273E-03,-1.964E-03
3.09273E-03,4.357E-04
3.09282E-03,-3.643E-04
3.09282E-03,2.036E-03
3.09290E-03,4.357E-04
3.09290E-03,2.836E-03
3.09299E-03,2.036E-03
3.09299E-03,3.636E-03
3.09308E-03,2.036E-03
3.09308E-03,3.636E-03
3.09317E-03,2.036E-03
3.09317E-03,3.636E-03
3.09326E-03,1.236E-03
3.09326E-03,3.636E-03
3.09334E-03,4.357E-04
3.09334E-03,2.836E-03
3.09343E-03,-1.964E-03
3.09343E-03,1.236E-03
3.09352E-03,-3.564E-03
3.09352E-03,-3.643E-04
3.09361E-03,-5.164E-03
3.09361E-03,-1.964E-03
3.09370E-03,-7.564E-03
3.09370E-03,-4.364E-03
3.09378E-03,-8.364E-03
3.09378E-03,-5.964E-03
3.09387E-03,-9.164E-03
3.09387E-03,-7.564E-03
3.09396E-03,-9.164E-03
3.09396E-03,-7.564E-03
3.09405E-03,-8.364E-03
3.09405E-03,-5.964E-03
3.09414E-03,-6.764E-03
3.09414E-03,-3.564E-03
3.09422E-03,-4.364E-03
3.09422E-03,-3.643E-04
3.09431E-03,-1.964E-03
3.09431E-03,2.036E-03
3.09440E-03,1.236E-03
3.09440E-03,5.236E-03
3.09449E-03,4.436E-03
3.09449E-03,7.636E-03
3.09458E-03,6.836E-03
3.09458E-03,1.004E-02
3.09466E-03,8.436E-03
3.09466E-03,1.004E-02
3.09475E-03,8.436E-03
3.09475E-03,1.084E-02
3.09484E-03,6.836E-03
3.09484E-03,1.004E-02
3.09493E-03,3.636E-03
3.09493E-03,7.636E-03
3.09502E-03,-1.164E-03
3.09502E-03,4.436E-03
3.09510E-03,-5.964E-03
3.09510E-03,-3.643E-04
3.09519E-03,-9.964E-03
3.09519E-03,-5.164E-03
3.09528E-03,-1.396E-02
3.09528E-03,-9.164E-03
3.09537E-03,-1.636E-02
3.09537E-03,-1.316E-02
3.09546E-03,-1.796E-02
3.09546E-03,-1.556E-02
3.09554E-03,-1.796E-02
3.09554E-03,-1.556E-02
3.09563E-03,-1.716E-02
3.09563E-03,-1.236E-02
3.09572E-03,-1.396E-02
3.09572E-03,-8.364E-03
3.09581E-03,-9.164E-03
3.09581E-03,-2.764E-03
3.09590E-03,-2.764E-03
3.09590E-03,3.636E-03
3.09598E-03,2.836E-03
3.09598E-03,1.004E-02
3.09607E-03,1.004E-02
3.09607E-03,1.564E-02
3.09616E-03,1.484E-02
3.09616E-03,1.884E-02
3.09625E-03,1.724E-02
3.09625E-03,2.204E-02
3.09634E-03,1.724E-02
3.09634E-03,2.204E-02
3.09642E-03,1.404E-02
3.09642E-03,1.964E-02
3.09651E-03,9.236E-03
3.09651E-03,1.564E-02
3.09660E-03,1.236E-03
3.09660E-03,9.236E-03
3.09669E-03,-6.764E-03
3.09669E-03,2.036E-03
3.09678E-03,-1.476E-02
3.09678E-03,-5.964E-03
3.09686E-03,-2.196E-02
3.09686E-03,-1.396E-02
3.09695E-03,-2.676E-02
3.09695E-03,-2.116E-02
3.09704E-03,-2.836E-02
3.09704E-03,-2.596E-02
3.09713E-03,-2.836E-02
3.09713E-03,-2.596E-02
3.09722E-03,-2.676E-02
3.09722E-03,-2.116E-02
3.09730E-03,-2.196E-02
3.09730E-03,-1.396E-02
3.09739E-03,-1.476E-02
3.09739E-03,-5.164E-03
3.09748E-03,-5.164E-03
3.09748E-03,4.436E-03
3.09757E-03,4.436E-03
3.09757E-03,1.484E-02
3.09766E-03,1.484E-02
3.09766E-03,2.364E-02
3.09774E-03,2.284E-02
3.09774E-03,2.924E-02
3.09783E-03,2.844E-02
3.09783E-03,3.164E-02
3.09792E-03,2.924E-02
3.09792E-03,3.164E-02
3.09801E-03,2.364E-02
3.09801E-03,3.004E-02
3.09810E-03,1.564E-02
3.09810E-03,2.364E-02
3.09818E-03,4.436E-03
3.09818E-03,1.644E-02
3.09827E-03,-7.564E-03
3.09827E-03,5.236E-03
3.09836E-03,-1.876E-02
3.09836E-03,-6.764E-03
3.09845E-03,-2.916E-02
3.09845E-03,-1.876E-02
3.09854E-03,-3.556E-02
3.09854E-03,-2.836E-02
3.09862E-03,-3.796E-02
3.09862E-03,-3.476E-02
3.09871E-03,-3.876E-02
3.09871E-03,-3.636E-02
3.09880E-03,-3.636E-02
3.09880E-03,-2.996E-02
3.09889E-03,-3.156E-02
3.09889E-03,-2.116E-02
3.09898E-03,-2.116E-02
3.09898E-03,-9.164E-03
3.09906E-03,-9.964E-03
3.09906E-03,4.436E-03
3.09915E-03,3.636E-03
3.09915E-03,1.724E-02
3.09924E-03,1.724E-02
3.09924E-03,2.844E-02
3.09933E-03,2.844E-02
3.09933E-03,3.644E-02
3.09942E-03,3.644E-02
3.09942E-03,4.044E-02
3.09950E-03,3.804E-02
3.09950E-03,4.044E-02
3.09959E-03,3.244E-02
3.09959E-03,3.884E-02
3.09968E-03,2.204E-02
3.09968E-03,3.244E-02
3.09977E-03,8.436E-03
3.09977E-03,2.284E-02
3.09986E-03,-5.964E-03
3.09986E-03,9.236E-03
3.09994E-03,-2.036E-02
3.09994E-03,-5.964E-03
3.10003E-03,-3.236E-02
3.10003E-03,-2.036E-02
3.10012E-03,-4.116E-02
3.10012E-03,-3.236E-02
3.10021E-03,-4.596E-02
3.10021E-03,-4.036E-02
3.10030E-03,-4.596E-02
3.10030E-03,-4.356E-02
3.10038E-03,-4.516E-02
3.10038E-03,-3.716E-02
3.10047E-03,-3.796E-02
3.10047E-03,-2.756E-02
3.10056E-03,-2.756E-02
3.10056E-03,-1.316E-02
3.10065E-03,-1.396E-02
3.10065E-03,2.036E-03
3.10074E-03,2.036E-03
3.10074E-03,1.724E-02
3.10082E-03,1.724E-02
3.10082E-03,3.084E-02
3.10091E-03,3.004E-02
3.10091E-03,4.044E-02
3.10100E-03,3.964E-02
3.10100E-03,4.444E-02
3.10109E-03,4.284E-02
3.10109E-03,4.524E-02
3.10118E-03,3.644E-02
3.10118E-03,4.364E-02
3.10126E-03,2.604E-02
3.10126E-03,3.884E-02
3.10135E-03,1.164E-02
3.10135E-03,2.604E-02
3.10144E-03,-3.564E-03
3.10144E-03,1.324E-02
3.10153E-03,-1.956E-02
3.10153E-03,-2.764E-03
3.10162E-03,-3.236E-02
3.10162E-03,-1.876E-02
3.10170E-03,-4.276E-02
3.10170E-03,-3.236E-02
3.10179E-03,-4.756E-02
3.10179E-03,-4.196E-02
3.10188E-03,-4.836E-02
3.10188E-03,-4.596E-02
3.10197E-03,-4.756E-02
3.10197E-03,-4.036E-02
3.10206E-03,-4.116E-02
3.10206E-03,-2.996E-02
3.10214E-03,-2.996E-02
3.10214E-03,-1.636E-02
3.10223E-03,-1.716E-02
3.10223E-03,-3.643E-04
3.10232E-03,-3.643E-04
3.10232E-03,1.564E-02
3.10241E-03,1.564E-02
3.10241E-03,2.924E-02
3.10250E-03,2.844E-02
3.10250E-03,3.884E-02
3.10258E-03,3.804E-02
3.10258E-03,4.364E-02
3.10267E-03,4.364E-02
3.10267E-03,4.524E-02
3.10276E-03,3.804E-02
3.10276E-03,4.444E-02
3.10285E-03,2.764E-02
3.10285E-03,3.884E-02
3.10294E-03,1.484E-02
3.10294E-03,2.844E-02
3.10302E-03,-3.643E-04
3.10302E-03,1.564E-02
3.10311E-03,-1.556E-02
3.10311E-03,-3.643E-04
3.10320E-03,-2.916E-02
3.10320E-03,-1.476E-02
3.10329E-03,-3.876E-02
3.10329E-03,-2.836E-02
3.10338E-03,-4.436E-02
3.10338E-03,-3.796E-02
3.10346E-03,-4.516E-02
3.10346E-03,-4.356E-02
3.10355E-03,-4.436E-02
3.10355E-03,-3.876E-02
3.10364E-03,-3.956E-02
3.10364E-03,-2.996E-02
3.10373E-03,-3.076E-02
3.10373E-03,-1.716E-02
3.10382E-03,-1.796E-02
3.10382E-03,-3.564E-03
3.10390E-03,-3.564E-03
3.10390E-03,1.084E-02
3.10399E-03,1.084E-02
3.10399E-03,2.364E-02
3.10408E-03,2.364E-02
3.10408E-03,3.324E-02
3.10417E-03,3.244E-02
3.10417E-03,3.884E-02
3.10426E-03,3.724E-02
3.10426E-03,3.964E-02
3.10434E-03,3.404E-02
3.10434E-03,3.884E-02
3.10443E-03,2.524E-02
3.10443E-03,3.484E-02
3.10452E-03,1.484E-02
3.10452E-03,2.684E-02
3.10461E-03,2.036E-03
3.10461E-03,1.564E-02
3.10470E-03,-1.076E-02
3.10470E-03,2.036E-03
3.10478E-03,-2.276E-02
3.10478E-03,-1.076E-02
3.10487E-03,-3.076E-02
3.10487E-03,-2.196E-02
3.10496E-03,-3.636E-02
3.10496E-03,-3.076E-02
3.10505E-03,-3.796E-02
3.10505E-03,-3.556E-02
3.10514E-03,-3.716E-02
3.10514E-03,-3.236E-02
3.10522E-03,-3.316E-02
3.10522E-03,-2.596E-02
3.10531E-03,-2.676E-02
3.10531E-03,-1.556E-02
3.10540E-03,-1.636E-02
3.10540E-03,-4.364E-03
3.10549E-03,-5.164E-03
3.10549E-03,6.836E-03
3.10558E-03,6.036E-03
3.10558E-03,1.644E-02
3.10566E-03,1.564E-02
3.10566E-03,2.444E-02
3.10575E-03,2.364E-02
3.10575E-03,2.924E-02
3.10584E-03,2.844E-02
3.10584E-03,3.004E-02
3.10593E-03,2.604E-02
3.10593E-03,3.004E-02
3.10602E-03,2.044E-02
3.10602E-03,2.684E-02
3.10610E-03,1.164E-02
3.10610E-03,2.124E-02
3.10619E-03,1.236E-03
3.10619E-03,1.324E-02
3.10628E-03,-6.764E-03
3.10628E-03,3.636E-03
3.10637E-03,-1.476E-02
3.10637E-03,-5.964E-03
3.10646E-03,-2.196E-02
3.10646E-03,-1.396E-02
3.10654E-03,-2.516E-02
3.10654E-03,-2.116E-02
3.10663E-03,-2.676E-02
3.10663E-03,-2.516E-02
3.10672E-03,-2.676E-02
3.10672E-03,-2.356E-02
3.10681E-03,-2.436E-02
3.10681E-03,-1.876E-02
3.10690E-03,-1.956E-02
3.10690E-03,-1.236E-02
3.10698E-03,-1.316E-02
3.10698E-03,-5.164E-03
3.10707E-03,-5.164E-03
3.10707E-03,2.836E-03
3.10716E-03,2.836E-03
3.10716E-03,1.004E-02
3.10725E-03,9.236E-03
3.10725E-03,1.564E-02
3.10734E-03,1.484E-02
3.10734E-03,1.804E-02
3.10742E-03,1.724E-02
3.10742E-03,1.884E-02
3.10751E-03,1.724E-02
3.10751E-03,1.964E-02
3.10760E-03,1.324E-02
3.10760E-03,1.724E-02
3.10769E-03,8.436E-03
3.10769E-03,1.404E-02
3.10778E-03,2.036E-03
3.10778E-03,8.436E-03
3.10786E-03,-3.564E-03
3.10786E-03,2.836E-03
3.10795E-03,-9.164E-03
3.10795E-03,-2.764E-03
3.10804E-03,-1.316E-02
3.10804E-03,-8.364E-03
3.10813E-03,-1.556E-02
3.10813E-03,-1.236E-02
3.10822E-03,-1.636E-02
3.10822E-03,-1.396E-02
3.10830E-03,-1.636E-02
3.10830E-03,-1.396E-02
3.10839E-03,-1.476E-02
3.10839E-03,-1.156E-02
3.10848E-03,-1.156E-02
3.10848E-03,-7.564E-03
3.10857E-03,-8.364E-03
3.10857E-03,-3.564E-03
3.10866E-03,-4.364E-03
3.10866E-03,1.236E-03
3.10874E-03,-3.643E-04
3.10874E-03,4.436E-03
3.10883E-03,3.636E-03
3.10883E-03,7.636E-03
3.10892E-03,6.036E-03
3.10892E-03,9.236E-03
3.10901E-03,7.636E-03
3.10901E-03,1.004E-02
3.10910E-03,7.636E-03
3.10910E-03,1.004E-02
3.10918E-03,6.036E-03
3.10918E-03,8.436E-03
3.10927E-03,3.636E-03
3.10927E-03,6.836E-03
3.10936E-03,1.236E-03
3.10936E-03,4.436E-03
3.10945E-03,-1.964E-03
3.10945E-03,1.236E-03
3.10954E-03,-4.364E-03
3.10954E-03,-1.164E-03
3.10962E-03,-5.964E-03
3.10962E-03,-3.564E-03
3.10971E-03,-7.564E-03
3.10971E-03,-5.164E-03
3.10980E-03,-7.564E-03
3.10980E-03,-5.964E-03
3.10989E-03,-8.364E-03
3.10989E-03,-5.964E-03
3.10998E-03,-7.564E-03
3.10998E-03,-4.364E-03
3.11006E-03,-5.964E-03
3.11006E-03,-3.564E-03
3.11015E-03,-5.164E-03
3.11015E-03,-1.964E-03
3.11024E-03,-2.764E-03
3.11024E-03,-3.643E-04
3.11033E-03,-1.964E-03
3.11033E-03,1.236E-03
3.11042E-03,-3.643E-04
3.11042E-03,2.036E-03
3.11050E-03,1.236E-03
3.11050E-03,2.836E-03
3.11059E-03,2.036E-03
3.11059E-03,3.636E-03
3.11068E-03,1.236E-03
3.11068E-03,2.836E-03
3.11077E-03,1.236E-03
3.11077E-03,2.836E-03
3.11086E-03,4.357E-04
3.11086E-03,2.036E-03
3.11094E-03,-3.643E-04
3.11094E-03,1.236E-03
3.11103E-03,-1.964E-03
3.11103E-03,4.357E-04
3.11112E-03,-2.764E-03
3.11112E-03,-3.643E-04
3.11121E-03,-4.364E-03
3.11121E-03,-3.643E-04
3.11130E-03,-4.364E-03
3.11130E-03,-1.164E-03
3.11138E-03,-4.364E-03
3.11138E-03,-1.964E-03
3.11147E-03,-4.364E-03
3.11147E-03,-2.764E-03
3.11156E-03,-4.364E-03
3.11156E-03,-2.764E-03
3.11165E-03,-3.564E-03
3.11165E-03,-1.964E-03
3.11174E-03,-3.564E-03
3.11174E-03,-1.164E-03
3.11182E-03,-2.764E-03
3.11182E-03,-3.643E-04
3.11191E-03,-1.964E-03
3.11191E-03,4.357E-04
3.11200E-03,-1.164E-03
3.11200E-03,1.236E-03
3.11209E-03,-3.643E-04
3.11209E-03,2.036E-03
3.11218E-03,4.357E-04
3.11218E-03,2.036E-03
3.11226E-03,4.357E-04
3.11226E-03,2.036E-03
3.11235E-03,4.357E-04
3.11235E-03,2.036E-03
3.11244E-03,4.357E-04
3.11244E-03,2.036E-03
3.11253E-03,-3.643E-04
3.11253E-03,1.236E-03
3.11262E-03,-1.164E-03
3.11262E-03,4.357E-04
3.11270E-03,-2.764E-03
3.11270E-03,-3.643E-04
3.11279E-03,-3.564E-03
3.11279E-03,-1.164E-03
3.11288E-03,-4.364E-03
3.11288E-03,-2.764E-03
3.11297E-03,-5.164E-03
3.11297E-03,-3.564E-03
3.11306E-03,-5.964E-03
3.11306E-03,-4.364E-03
3.11314E-03,-5.964E-03
3.11314E-03,-4.364E-03
3.11323E-03,-5.964E-03
3.11323E-03,-4.364E-03
3.11332E-03,-5.164E-03
3.11332E-03,-2.764E-03
3.11341E-03,-3.564E-03
3.11341E-03,-1.164E-03
3.11350E-03,-1.964E-03
3.11350E-03,4.357E-04
3.11358E-03,-3.643E-04
3.11358E-03,2.836E-03
3.11367E-03,2.036E-03
3.11367E-03,4.436E-03
3.11376E-03,3.636E-03
3.11376E-03,6.036E-03
3.11385E-03,5.236E-03
3.11385E-03,6.836E-03
3.11394E-03,5.236E-03
3.11394E-03,6.836E-03
3.11402E-03,3.636E-03
3.11402E-03,6.036E-03
3.11411E-03,2.036E-03
3.11411E-03,5.236E-03
3.11420E-03,-3.643E-04
3.11420E-03,2.836E-03
3.11429E-03,-3.564E-03
3.11429E-03,4.357E-04
3.11438E-03,-6.764E-03
3.11438E-03,-2.764E-03
3.11446E-03,-9.164E-03
3.11446E-03,-5.964E-03
3.11455E-03,-1.156E-02
3.11455E-03,-9.164E-03
3.11464E-03,-1.316E-02
3.11464E-03,-1.076E-02
3.11473E-03,-1.316E-02
3.11473E-03,-1.156E-02
3.11482E-03,-1.236E-02
3.11482E-03,-9.964E-03
3.11490E-03,-1.076E-02
3.11490E-03,-6.764E-03
3.11499E-03,-7.564E-03
3.11499E-03,-2.764E-03
3.11508E-03,-3.564E-03
3.11508E-03,2.036E-03
3.11517E-03,1.236E-03
3.11517E-03,6.036E-03
3.11526E-03,6.036E-03
3.11526E-03,1.084E-02
3.11534E-03,1.004E-02
3.11534E-03,1.324E-02
3.11543E-03,1.244E-02
3.11543E-03,1.484E-02
3.11552E-03,1.404E-02
3.11552E-03,1.484E-02
3.11561E-03,1.164E-02
3.11561E-03,1.404E-02
3.11570E-03,6.836E-03
3.11570E-03,1.244E-02
3.11578E-03,1.236E-03
3.11578E-03,7.636E-03
3.11587E-03,-4.364E-03
3.11587E-03,2.036E-03
3.11596E-03,-1.076E-02
3.11596E-03,-4.364E-03
3.11605E-03,-1.716E-02
3.11605E-03,-1.076E-02
3.11614E-03,-2.196E-02
3.11614E-03,-1.556E-02
3.11622E-03,-2.356E-02
3.11622E-03,-1.876E-02
3.11631E-03,-2.356E-02
3.11631E-03,-2.116E-02
3.11640E-03,-2.196E-02
3.11640E-03,-1.876E-02
3.11649E-03,-1.876E-02
3.11649E-03,-1.316E-02
3.11658E-03,-1.396E-02
3.11658E-03,-5.964E-03
3.11666E-03,-6.764E-03
3.11666E-03,2.036E-03
3.11675E-03,1.236E-03
3.11675E-03,1.084E-02
3.11684E-03,1.004E-02
3.11684E-03,1.804E-02
3.11693E-03,1.724E-02
3.11693E-03,2.284E-02
3.11702E-03,2.204E-02
3.11702E-03,2.604E-02
3.11710E-03,2.444E-02
3.11710E-03,2.604E-02
3.11719E-03,2.044E-02
3.11719E-03,2.444E-02
3.11728E-03,1.404E-02
3.11728E-03,2.124E-02
3.11737E-03,5.236E-03
3.11737E-03,1.484E-02
3.11746E-03,-4.364E-03
3.11746E-03,6.036E-03
3.11754E-03,-1.476E-02
3.11754E-03,-4.364E-03
3.11763E-03,-2.356E-02
3.11763E-03,-1.396E-02
3.11772E-03,-2.996E-02
3.11772E-03,-2.276E-02
3.11781E-03,-3.316E-02
3.11781E-03,-2.916E-02
3.11790E-03,-3.396E-02
3.11790E-03,-3.236E-02
3.11798E-03,-3.316E-02
3.11798E-03,-2.756E-02
3.11807E-03,-2.836E-02
3.11807E-03,-2.036E-02
3.11816E-03,-2.116E-02
3.11816E-03,-9.964E-03
3.11825E-03,-1.076E-02
3.11825E-03,2.036E-03
3.11834E-03,1.236E-03
3.11834E-03,1.404E-02
3.11842E-03,1.324E-02
3.11842E-03,2.364E-02
3.11851E-03,2.284E-02
3.11851E-03,3.164E-02
3.11860E-03,3.084E-02
3.11860E-03,3.564E-02
3.11869E-03,3.484E-02
3.11869E-03,3.644E-02
3.11878E-03,3.004E-02
3.11878E-03,3.564E-02
3.11886E-03,2.204E-02
3.11886E-03,3.084E-02
3.11895E-03,1.084E-02
3.11895E-03,2.204E-02
3.11904E-03,-3.564E-03
3.11904E-03,1.084E-02
3.11913E-03,-1.636E-02
3.11913E-03,-2.764E-03
3.11922E-03,-2.836E-02
3.11922E-03,-1.556E-02
3.11930E-03,-3.716E-02
3.11930E-03,-2.756E-02
3.11939E-03,-4.196E-02
3.11939E-03,-3.636E-02
3.11948E-03,-4.276E-02
3.11948E-03,-4.116E-02
3.11957E-03,-4.196E-02
3.11957E-03,-3.636E-02
3.11966E-03,-3.716E-02
3.11966E-03,-2.676E-02
3.11974E-03,-2.756E-02
3.11974E-03,-1.476E-02
3.11983E-03,-1.476E-02
3.11983E-03,-3.643E-04
3.11992E-03,-3.643E-04
3.11992E-03,1.404E-02
3.12001E-03,1.404E-02
3.12001E-03,2.764E-02
3.12010E-03,2.684E-02
3.12010E-03,3.804E-02
3.12018E-03,3.644E-02
3.12018E-03,4.284E-02
3.12027E-03,4.204E-02
3.12027E-03,4.364E-02
3.12036E-03,3.724E-02
3.12036E-03,4.284E-02
3.12045E-03,2.764E-02
3.12045E-03,3.804E-02
3.12054E-03,1.484E-02
3.12054E-03,2.844E-02
3.12062E-03,-3.643E-04
3.12062E-03,1.484E-02
3.12071E-03,-1.636E-02
3.12071E-03,4.357E-04
3.12080E-03,-2.996E-02
3.12080E-03,-1.556E-02
3.12089E-03,-4.116E-02
3.12089E-03,-2.916E-02
3.12098E-03,-4.676E-02
3.12098E-03,-3.956E-02
3.12106E-03,-4.836E-02
3.12106E-03,-4.596E-02
3.12115E-03,-4.836E-02
3.12115E-03,-4.116E-02
3.12124E-03,-4.356E-02
3.12124E-03,-3.236E-02
3.12133E-03,-3.316E-02
3.12133E-03,-1.876E-02
3.12142E-03,-1.876E-02
3.12142E-03,-3.564E-03
3.12150E-03,-3.564E-03
3.12150E-03,1.244E-02
3.12159E-03,1.164E-02
3.12159E-03,2.684E-02
3.12168E-03,2.604E-02
3.12168E-03,3.804E-02
3.12177E-03,3.724E-02
3.12177E-03,4.444E-02
3.12186E-03,4.364E-02
3.12186E-03,4.604E-02
3.12194E-03,4.044E-02
3.12194E-03,4.604E-02
3.12203E-03,3.084E-02
3.12203E-03,4.124E-02
3.12212E-03,1.804E-02
3.12212E-03,3.164E-02
3.12221E-03,2.036E-03
3.12221E-03,1.884E-02
3.12230E-03,-1.316E-02
3.12230E-03,2.836E-03
3.12238E-03,-2.756E-02
3.12238E-03,-1.236E-02
3.12247E-03,-3.876E-02
3.12247E-03,-2.756E-02
3.12256E-03,-4.596E-02
3.12256E-03,-3.796E-02
3.12265E-03,-4.756E-02
3.12265E-03,-4.516E-02
3.12274E-03,-4.676E-02
3.12274E-03,-4.276E-02
3.12282E-03,-4.356E-02
3.12282E-03,-3.396E-02
3.12291E-03,-3.396E-02
3.12291E-03,-2.036E-02
3.12300E-03,-2.116E-02
3.12300E-03,-5.964E-03
3.12309E-03,-6.764E-03
3.12309E-03,9.236E-03
3.12318E-03,9.236E-03
3.12318E-03,2.364E-02
3.12326E-03,2.284E-02
3.12326E-03,3.484E-02
3.12335E-03,3.324E-02
3.12335E-03,4.124E-02
3.12344E-03,4.044E-02
3.12344E-03,4.284E-02
3.12353E-03,3.884E-02
3.12353E-03,4.284E-02
3.12362E-03,3.084E-02
3.12362E-03,3.884E-02
3.12370E-03,1.884E-02
3.12370E-03,3.084E-02
3.12379E-03,4.436E-03
3.12379E-03,1.964E-02
3.12388E-03,-9.164E-03
3.12388E-03,5.236E-03
3.12397E-03,-2.276E-02
3.12397E-03,-9.164E-03
3.12406E-03,-3.396E-02
3.12406E-03,-2.196E-02
3.12414E-03,-3.956E-02
3.12414E-03,-3.236E-02
3.12423E-03,-4.196E-02
3.12423E-03,-3.876E-02
3.12432E-03,-4.116E-02
3.12432E-03,-3.796E-02
3.12441E-03,-3.876E-02
3.12441E-03,-3.076E-02
3.12450E-03,-3.156E-02
3.12450E-03,-2.036E-02
3.12458E-03,-2.036E-02
3.12458E-03,-7.564E-03
3.12467E-03,-8.364E-03
3.12467E-03,5.236E-03
3.12476E-03,5.236E-03
3.12476E-03,1.724E-02
3.12485E-03,1.724E-02
3.12485E-03,2.684E-02
3.12494E-03,2.604E-02
3.12494E-03,3.324E-02
3.12502E-03,3.244E-02
3.12502E-03,3.564E-02
3.12511E-03,3.164E-02
3.12511E-03,3.484E-02
3.12520E-03,2.604E-02
3.12520E-03,3.244E-02
3.12529E-03,1.644E-02
3.12529E-03,2.604E-02
3.12538E-03,6.036E-03
3.12538E-03,1.724E-02
3.12546E-03,-5.964E-03
3.12546E-03,6.036E-03
3.12555E-03,-1.636E-02
3.12555E-03,-5.164E-03
3.12564E-03,-2.436E-02
3.12564E-03,-1.556E-02
3.12573E-03,-2.996E-02
3.12573E-03,-2.436E-02
3.12582E-03,-3.236E-02
3.12582E-03,-2.916E-02
3.12590E-03,-3.236E-02
3.12590E-03,-2.996E-02
3.12599E-03,-3.076E-02
3.12599E-03,-2.436E-02
3.12608E-03,-2.516E-02
3.12608E-03,-1.556E-02
3.12617E-03,-1.956E-02
3.12617E-03,-7.564E-03
3.12626E-03,-7.564E-03
3.12626E-03,2.836E-03
3.12634E-03,1.236E-03
3.12634E-03,1.084E-02
3.12643E-03,1.084E-02
3.12643E-03,1.804E-02
3.12652E-03,1.804E-02
3.12652E-03,2.284E-02
3.12661E-03,2.204E-02
3.12661E-03,2.444E-02
3.12670E-03,2.204E-02
3.12670E-03,2.524E-02
3.12678E-03,1.884E-02
3.12678E-03,2.284E-02
3.12687E-03,1.244E-02
3.12687E-03,1.884E-02
3.12696E-03,5.236E-03
3.12696E-03,1.244E-02
3.12705E-03,-2.764E-03
3.12705E-03,6.036E-03
3.12714E-03,-9.964E-03
3.12714E-03,-1.964E-03
3.12722E-03,-1.556E-02
3.12722E-03,-9.164E-03
3.12731E-03,-1.956E-02
3.12731E-03,-1.396E-02
3.12740E-03,-2.116E-02
3.12740E-03,-1.876E-02
3.12749E-03,-2.116E-02
3.12749E-03,-1.956E-02
3.12758E-03,-2.036E-02
3.12758E-03,-1.636E-02
3.12766E-03,-1.716E-02
3.12766E-03,-1.156E-02
3.12775E-03,-1.236E-02
3.12775E-03,-5.964E-03
3.12784E-03,-6.764E-03
3.12784E-03,4.357E-04
3.12793E-03,-3.643E-04
3.12793E-03,6.036E-03
3.12802E-03,5.236E-03
3.12802E-03,1.004E-02
3.12810E-03,9.236E-03
3.12810E-03,1.324E-02
3.12819E-03,1.244E-02
3.12819E-03,1.404E-02
3.12828E-03,1.244E-02
3.12828E-03,1.404E-02
3.12837E-03,1.004E-02
3.12837E-03,1.324E-02
3.12846E-03,6.836E-03
3.12846E-03,1.164E-02
3.12854E-03,2.836E-03
3.12854E-03,7.636E-03
3.12863E-03,-1.964E-03
3.12863E-03,3.636E-03
3.12872E-03,-5.164E-03
3.12872E-03,-1.164E-03
3.12881E-03,-8.364E-03
3.12881E-03,-4.364E-03
3.12890E-03,-1.076E-02
3.12890E-03,-7.564E-03
3.12898E-03,-1.156E-02
3.12898E-03,-9.164E-03
3.12907E-03,-1.156E-02
3.12907E-03,-9.964E-03
3.12916E-03,-1.076E-02
3.12916E-03,-8.364E-03
3.12925E-03,-9.164E-03
3.12925E-03,-6.764E-03
3.12934E-03,-6.764E-03
3.12934E-03,-3.564E-03
3.12942E-03,-4.364E-03
3.12942E-03,-1.164E-03
3.12951E-03,-1.964E-03
3.12951E-03,2.036E-03
3.12960E-03,1.236E-03
3.12960E-03,3.636E-03
3.12969E-03,2.836E-03
3.12969E-03,5.236E-03
3.12978E-03,3.636E-03
3.12978E-03,5.236E-03
3.12986E-03,4.436E-03
3.12986E-03,6.036E-03
3.12995E-03,2.836E-03
3.12995E-03,5.236E-03
3.13004E-03,2.036E-03
3.13004E-03,4.436E-03
3.13013E-03,4.357E-04
3.13013E-03,2.836E-03
3.13022E-03,-1.164E-03
3.13022E-03,2.036E-03
3.13030E-03,-2.764E-03
3.13030E-03,-3.643E-04
3.13039E-03,-4.364E-03
3.13039E-03,-1.964E-03
3.13048E-03,-5.164E-03
3.13048E-03,-3.564E-03
3.13057E-03,-5.964E-03
3.13057E-03,-3.564E-03
3.13066E-03,-5.964E-03
3.13066E-03,-4.364E-03
3.13074E-03,-5.164E-03
3.13074E-03,-3.564E-03
3.13083E-03,-5.164E-03
3.13083E-03,-2.764E-03
3.13092E-03,-4.364E-03
3.13092E-03,-1.964E-03
3.13101E-03,-3.564E-03
3.13101E-03,-3.643E-04
3.13110E-03,-3.564E-03
3.13110E-03,1.236E-03
3.13118E-03,-1.964E-03
3.13118E-03,1.236E-03
3.13127E-03,-1.164E-03
3.13127E-03,2.036E-03
3.13136E-03,4.357E-04
3.13136E-03,2.036E-03
3.13145E-03,4.357E-04
3.13145E-03,2.036E-03
3.13154E-03,4.357E-04
3.13154E-03,2.036E-03
3.13162E-03,-3.643E-04
3.13162E-03,1.236E-03
3.13171E-03,-3.643E-04
3.13171E-03,1.236E-03
3.13180E-03,-1.164E-03
3.13180E-03,4.357E-04
3.13189E-03,-2.764E-03
3.13189E-03,-3.643E-04
3.13198E-03,-3.564E-03
3.13198E-03,-1.164E-03
3.13206E-03,-3.564E-03
3.13206E-03,-1.164E-03
3.13215E-03,-4.364E-03
3.13215E-03,-2.764E-03
3.13224E-03,-4.364E-03
3.13224E-03,-3.564E-03
3.13233E-03,-4.364E-03
3.13233E-03,-3.564E-03
3.13242E-03,-4.364E-03
3.13242E-03,-2.764E-03
3.13250E-03,-4.364E-03
3.13250E-03,-1.964E-03
3.13259E-03,-3.564E-03
3.13259E-03,-1.164E-03
3.13268E-03,-2.764E-03
3.13268E-03,-3.643E-04
3.13277E-03,-1.164E-03
3.13277E-03,1.236E-03
3.13286E-03,-3.643E-04
3.13286E-03,2.036E-03
3.13294E-03,1.236E-03
3.13294E-03,3.636E-03
3.13303E-03,2.036E-03
3.13303E-03,3.636E-03
3.13312E-03,2.036E-03
3.13312E-03,3.636E-03
3.13321E-03,1.236E-03
3.13321E-03,3.636E-03
3.13330E-03,4.357E-04
3.13330E-03,2.836E-03
3.13338E-03,-1.164E-03
3.13338E-03,1.236E-03
3.13347E-03,-2.764E-03
3.13347E-03,4.357E-04
3.13356E-03,-4.364E-03
3.13356E-03,-1.964E-03
3.13365E-03,-5.964E-03
3.13365E-03,-3.564E-03
3.13374E-03,-8.364E-03
3.13374E-03,-5.964E-03
3.13382E-03,-8.364E-03
3.13382E-03,-6.764E-03
3.13391E-03,-9.164E-03
3.13391E-03,-7.564E-03
3.13400E-03,-9.164E-03
3.13400E-03,-6.764E-03
3.13409E-03,-7.564E-03
3.13409E-03,-5.164E-03
3.13418E-03,-5.964E-03
3.13418E-03,-2.764E-03
3.13426E-03,-3.564E-03
3.13426E-03,4.357E-04
3.13435E-03,-3.643E-04
3.13435E-03,3.636E-03
3.13444E-03,2.836E-03
3.13444E-03,6.036E-03
3.13453E-03,5.236E-03
3.13453E-03,8.436E-03
3.13462E-03,7.636E-03
3.13462E-03,1.004E-02
3.13470E-03,9.236E-03
3.13470E-03,1.084E-02
3.13479E-03,8.436E-03
3.13479E-03,1.004E-02
3.13488E-03,5.236E-03
3.13488E-03,9.236E-03
3.13497E-03,1.236E-03
3.13497E-03,6.036E-03
3.13506E-03,-2.764E-03
3.13506E-03,2.036E-03
3.13514E-03,-7.564E-03
3.13514E-03,-2.764E-03
3.13523E-03,-1.156E-02
3.13523E-03,-6.764E-03
3.13532E-03,-1.476E-02
3.13532E-03,-1.076E-02
3.13541E-03,-1.716E-02
3.13541E-03,-1.396E-02
3.13550E-03,-1.796E-02
3.13550E-03,-1.556E-02
3.13558E-03,-1.716E-02
3.13558E-03,-1.476E-02
3.13567E-03,-1.556E-02
3.13567E-03,-1.076E-02
3.13576E-03,-1.156E-02
3.13576E-03,-5.964E-03
3.13585E-03,-5.964E-03
3.13585E-03,4.357E-04
3.13594E-03,-3.643E-04
3.13594E-03,6.836E-03
3.13602E-03,6.036E-03
3.13602E-03,1.244E-02
3.13611E-03,1.084E-02
3.13611E-03,1.804E-02
3.13620E-03,1.564E-02
3.13620E-03,2.044E-02
3.13629E-03,1.884E-02
3.13629E-03,2.124E-02
3.13638E-03,1.724E-02
3.13638E-03,2.044E-02
3.13646E-03,1.244E-02
3.13646E-03,1.804E-02
3.13655E-03,5.236E-03
3.13655E-03,1.324E-02
3.13664E-03,-2.764E-03
3.13664E-03,6.036E-03
3.13673E-03,-9.964E-03
3.13673E-03,-1.964E-03
3.13682E-03,-1.876E-02
3.13682E-03,-9.964E-03
3.13690E-03,-2.436E-02
3.13690E-03,-1.716E-02
3.13699E-03,-2.836E-02
3.13699E-03,-2.356E-02
3.13708E-03,-2.836E-02
3.13708E-03,-2.676E-02
3.13717E-03,-2.836E-02
3.13717E-03,-2.436E-02
3.13726E-03,-2.516E-02
3.13726E-03,-1.876E-02
3.13734E-03,-1.956E-02
3.13734E-03,-9.964E-03
3.13743E-03,-1.076E-02
3.13743E-03,-3.643E-04
3.13752E-03,-1.164E-03
3.13752E-03,9.236E-03
3.13761E-03,9.236E-03
3.13761E-03,1.884E-02
3.13770E-03,1.804E-02
3.13770E-03,2.604E-02
3.13778E-03,2.524E-02
3.13778E-03,3.084E-02
3.13787E-03,2.924E-02
3.13787E-03,3.164E-02
3.13796E-03,2.764E-02
3.13796E-03,3.084E-02
3.13805E-03,2.044E-02
3.13805E-03,2.764E-02
3.13814E-03,1.084E-02
3.13814E-03,2.124E-02
3.13822E-03,-3.643E-04
3.13822E-03,1.084E-02
3.13831E-03,-1.316E-02
3.13831E-03,-3.643E-04
3.13840E-03,-2.356E-02
3.13840E-03,-1.156E-02
3.13849E-03,-3.236E-02
3.13849E-03,-2.276E-02
3.13858E-03,-3.716E-02
3.13858E-03,-3.156E-02
3.13866E-03,-3.876E-02
3.13866E-03,-3.636E-02
3.13875E-03,-3.796E-02
3.13875E-03,-3.396E-02
3.13884E-03,-3.476E-02
3.13884E-03,-2.676E-02
3.13893E-03,-2.756E-02
3.13893E-03,-1.636E-02
3.13902E-03,-1.636E-02
3.13902E-03,-2.764E-03
3.13910E-03,-3.564E-03
3.13910E-03,1.084E-02
3.13919E-03,1.004E-02
3.13919E-03,2.284E-02
3.13928E-03,2.284E-02
3.13928E-03,3.244E-02
3.13937E-03,3.244E-02
3.13937E-03,3.884E-02
3.13946E-03,3.804E-02
3.13946E-03,4.044E-02
3.13954E-03,3.564E-02
3.13954E-03,4.044E-02
3.13963E-03,2.764E-02
3.13963E-03,3.724E-02
3.13972E-03,1.644E-02
3.13972E-03,2.844E-02
3.13981E-03,2.036E-03
3.13981E-03,1.724E-02
3.13990E-03,-1.236E-02
3.13990E-03,2.836E-03
3.13998E-03,-2.596E-02
3.13998E-03,-1.156E-02
3.14007E-03,-3.716E-02
3.14007E-03,-2.596E-02
3.14016E-03,-4.436E-02
3.14016E-03,-3.636E-02
3.14025E-03,-4.596E-02
3.14025E-03,-4.276E-02
3.14034E-03,-4.596E-02
3.14034E-03,-4.116E-02
3.14042E-03,-4.196E-02
3.14042E-03,-3.316E-02
3.14051E-03,-3.396E-02
3.14051E-03,-2.036E-02
3.14060E-03,-2.196E-02
3.14060E-03,-6.764E-03
3.14069E-03,-6.764E-03
3.14069E-03,1.004E-02
3.14078E-03,9.236E-03
3.14078E-03,2.444E-02
3.14086E-03,2.364E-02
3.14086E-03,3.564E-02
3.14095E-03,3.484E-02
3.14095E-03,4.284E-02
3.14104E-03,4.204E-02
3.14104E-03,4.684E-02
3.14113E-03,4.124E-02
3.14113E-03,4.684E-02
3.14122E-03,3.324E-02
3.14122E-03,4.204E-02
3.14130E-03,2.044E-02
3.14130E-03,3.404E-02
3.14139E-03,5.236E-03
3.14139E-03,2.124E-02
3.14148E-03,-1.076E-02
3.14148E-03,5.236E-03
3.14157E-03,-2.596E-02
3.14157E-03,-9.964E-03
3.14166E-03,-3.796E-02
3.14166E-03,-2.516E-02
3.14174E-03,-4.516E-02
3.14174E-03,-3.716E-02
3.14183E-03,-4.836E-02
3.14183E-03,-4.436E-02
3.14192E-03,-4.836E-02
3.14192E-03,-4.436E-02
3.14201E-03,-4.516E-02
3.14201E-03,-3.636E-02
3.14210E-03,-3.716E-02
3.14210E-03,-2.356E-02
3.14218E-03,-2.436E-02
3.14218E-03,-8.364E-03
3.14227E-03,-9.164E-03
3.14227E-03,6.836E-03
3.14236E-03,6.036E-03
3.14236E-03,2.204E-02
3.14245E-03,2.124E-02
3.14245E-03,3.404E-02
3.14254E-03,3.404E-02
3.14254E-03,4.204E-02
3.14262E-03,4.124E-02
3.14262E-03,4.524E-02
3.14271E-03,4.204E-02
3.14271E-03,4.524E-02
3.14280E-03,3.404E-02
3.14280E-03,4.204E-02
3.14289E-03,2.284E-02
3.14289E-03,3.484E-02
3.14298E-03,8.436E-03
3.14298E-03,2.284E-02
3.14306E-03,-7.564E-03
3.14306E-03,8.436E-03
3.14315E-03,-2.196E-02
3.14315E-03,-6.764E-03
3.14324E-03,-3.476E-02
3.14324E-03,-2.196E-02
3.14333E-03,-4.196E-02
3.14333E-03,-3.316E-02
3.14342E-03,-4.516E-02
3.14342E-03,-4.116E-02
3.14350E-03,-4.516E-02
3.14350E-03,-4.196E-02
3.14359E-03,-4.276E-02
3.14359E-03,-3.556E-02
3.14368E-03,-3.556E-02
3.14368E-03,-2.436E-02
3.14377E-03,-2.516E-02
3.14377E-03,-9.964E-03
3.14386E-03,-1.076E-02
3.14386E-03,4.436E-03
3.14394E-03,3.636E-03
3.14394E-03,1.724E-02
3.14403E-03,1.724E-02
3.14403E-03,2.844E-02
3.14412E-03,2.844E-02
3.14412E-03,3.644E-02
3.14421E-03,3.564E-02
3.14421E-03,3.964E-02
3.14430E-03,3.724E-02
3.14430E-03,3.964E-02
3.14438E-03,3.164E-02
3.14438E-03,3.804E-02
3.14447E-03,2.124E-02
3.14447E-03,3.164E-02
3.14456E-03,9.236E-03
3.14456E-03,2.204E-02
3.14465E-03,-3.564E-03
3.14465E-03,1.004E-02
3.14474E-03,-1.636E-02
3.14474E-03,-3.564E-03
3.14482E-03,-2.676E-02
3.14482E-03,-1.556E-02
3.14491E-03,-3.396E-02
3.14491E-03,-2.676E-02
3.14500E-03,-3.716E-02
3.14500E-03,-3.316E-02
3.14509E-03,-3.716E-02
3.14509E-03,-3.476E-02
3.14518E-03,-3.556E-02
3.14518E-03,-2.996E-02
3.14526E-03,-3.076E-02
3.14526E-03,-2.116E-02
3.14535E-03,-2.196E-02
3.14535E-03,-1.076E-02
3.14544E-03,-1.076E-02
3.14544E-03,1.236E-03
3.14553E-03,-3.643E-04
3.14553E-03,1.164E-02
3.14562E-03,1.084E-02
3.14562E-03,2.044E-02
3.14570E-03,2.044E-02
3.14570E-03,2.764E-02
3.14579E-03,2.684E-02
3.14579E-03,3.004E-02
3.14588E-03,2.844E-02
3.14588E-03,3.004E-02
3.14597E-03,2.364E-02
3.14597E-03,2.924E-02
3.14606E-03,1.644E-02
3.14606E-03,2.524E-02
3.14614E-03,8.436E-03
3.14614E-03,1.804E-02
3.14623E-03,-1.964E-03
3.14623E-03,8.436E-03
3.14632E-03,-1.076E-02
3.14632E-03,-1.164E-03
3.14641E-03,-1.876E-02
3.14641E-03,-1.076E-02
3.14650E-03,-2.436E-02
3.14650E-03,-1.796E-02
3.14658E-03,-2.676E-02
3.14658E-03,-2.356E-02
3.14667E-03,-2.676E-02
3.14667E-03,-2.516E-02
3.14676E-03,-2.596E-02
3.14676E-03,-2.196E-02
3.14685E-03,-2.276E-02
3.14685E-03,-1.636E-02
3.14694E-03,-1.636E-02
3.14694E-03,-9.164E-03
3.14702E-03,-9.964E-03
3.14702E-03,-1.164E-03
3.14711E-03,-1.964E-03
3.14711E-03,6.036E-03
3.14720E-03,6.036E-03
3.14720E-03,1.244E-02
3.14729E-03,1.164E-02
3.14729E-03,1.724E-02
3.14738E-03,1.644E-02
3.14738E-03,1.884E-02
3.14746E-03,1.804E-02
3.14746E-03,1.964E-02
3.14755E-03,1.564E-02
3.14755E-03,1.804E-02
3.14764E-03,1.084E-02
3.14764E-03,1.564E-02
3.14773E-03,5.236E-03
3.14773E-03,1.164E-02
3.14782E-03,-3.643E-04
3.14782E-03,6.036E-03
3.14790E-03,-5.964E-03
3.14790E-03,4.357E-04
3.14799E-03,-1.076E-02
3.14799E-03,-5.164E-03
3.14808E-03,-1.396E-02
3.14808E-03,-9.964E-03
3.14817E-03,-1.636E-02
3.14817E-03,-1.316E-02
3.14826E-03,-1.636E-02
3.14826E-03,-1.396E-02
3.14834E-03,-1.556E-02
3.14834E-03,-1.316E-02
3.14843E-03,-1.396E-02
3.14843E-03,-9.964E-03
3.14852E-03,-1.076E-02
3.14852E-03,-5.964E-03
3.14861E-03,-6.764E-03
3.14861E-03,-1.964E-03
3.14870E-03,-2.764E-03
3.14870E-03,2.036E-03
3.14878E-03,1.236E-03
3.14878E-03,5.236E-03
3.14887E-03,4.436E-03
3.14887E-03,7.636E-03
3.14896E-03,6.836E-03
3.14896E-03,9.236E-03
3.14905E-03,7.636E-03
3.14905E-03,9.236E-03
3.14914E-03,6.836E-03
3.14914E-03,9.236E-03
3.14922E-03,5.236E-03
3.14922E-03,7.636E-03
3.14931E-03,2.036E-03
3.14931E-03,6.036E-03
3.14940E-03,-1.164E-03
3.14940E-03,2.836E-03
3.14949E-03,-3.564E-03
3.14949E-03,-3.643E-04
3.14958E-03,-5.964E-03
3.14958E-03,-2.764E-03
3.14966E-03,-7.564E-03
3.14966E-03,-5.164E-03
3.14975E-03,-8.364E-03
3.14975E-03,-5.964E-03
3.14984E-03,-8.364E-03
3.14984E-03,-6.764E-03
3.14993E-03,-7.564E-03
3.14993E-03,-5.964E-03
3.15002E-03,-6.764E-03
3.15002E-03,-5.164E-03
3.15010E-03,-5.964E-03
3.15010E-03,-2.764E-03
3.15019E-03,-4.364E-03
3.15019E-03,-1.164E-03
3.15028E-03,-2.764E-03
3.15028E-03,-3.643E-04
3.15037E-03,-1.164E-03
3.15037E-03,1.236E-03
3.15046E-03,4.357E-04
3.15046E-03,2.036E-03
3.15054E-03,1.236E-03
3.15054E-03,2.836E-03
3.15063E-03,1.236E-03
3.15063E-03,2.836E-03
3.15072E-03,1.236E-03
3.15072E-03,2.836E-03
3.15081E-03,4.357E-04
3.15081E-03,2.836E-03
3.15090E-03,-3.643E-04
3.15090E-03,2.036E-03
3.15098E-03,-2.764E-03
3.15098E-03,2.036E-03
3.15107E-03,-3.564E-03
3.15107E-03,1.236E-03
3.15116E-03,-3.564E-03
3.15116E-03,-3.643E-04
3.15125E-03,-4.364E-03
3.15125E-03,-1.964E-03
3.15134E-03,-4.364E-03
3.15134E-03,-2.764E-03
3.15142E-03,-4.364E-03
3.15142E-03,-2.764E-03
3.15151E-03,-4.364E-03
3.15151E-03,-2.764E-03
3.15160E-03,-4.364E-03
3.15160E-03,-2.764E-03
3.15169E-03,-3.564E-03
3.15169E-03,-1.964E-03
3.15178E-03,-3.564E-03
3.15178E-03,-1.164E-03
3.15186E-03,-2.764E-03
3.15186E-03,-3.643E-04
3.15195E-03,-1.164E-03
3.15195E-03,4.357E-04
3.15204E-03,-1.164E-03
3.15204E-03,1.236E-03
3.15213E-03,-3.643E-04
3.15213E-03,2.036E-03
3.15222E-03,4.357E-04
3.15222E-03,2.036E-03
3.15230E-03,4.357E-04
3.15230E-03,2.036E-03
3.15239E-03,4.357E-04
3.15239E-03,2.036E-03
3.15248E-03,-3.643E-04
3.15248E-03,1.236E-03
3.15257E-03,-1.164E-03
3.15257E-03,1.236E-03
3.15266E-03,-1.964E-03
3.15266E-03,4.357E-04
3.15274E-03,-3.564E-03
3.15274E-03,-1.164E-03
3.15283E-03,-5.164E-03
3.15283E-03,-1.964E-03
3.15292E-03,-5.164E-03
3.15292E-03,-3.564E-03
3.15301E-03,-5.964E-03
3.15301E-03,-4.364E-03
3.15310E-03,-6.764E-03
3.15310E-03,-5.164E-03
3.15318E-03,-5.964E-03
3.15318E-03,-4.364E-03
3.15327E-03,-5.964E-03
3.15327E-03,-3.564E-03
3.15336E-03,-4.364E-03
3.15336E-03,-1.964E-03
3.15345E-03,-3.564E-03
3.15345E-03,-3.643E-04
3.15354E-03,-1.964E-03
3.15354E-03,2.036E-03
3.15362E-03,4.357E-04
3.15362E-03,3.636E-03
3.15371E-03,2.836E-03
3.15371E-03,5.236E-03
3.15380E-03,4.436E-03
3.15380E-03,6.036E-03
3.15389E-03,5.236E-03
3.15389E-03,6.836E-03
3.15398E-03,4.436E-03
3.15398E-03,6.836E-03
3.15406E-03,2.836E-03
3.15406E-03,6.036E-03
3.15415E-03,1.236E-03
3.15415E-03,4.436E-03
3.15424E-03,-1.964E-03
3.15424E-03,2.036E-03
3.15433E-03,-5.164E-03
3.15433E-03,-3.643E-04
3.15442E-03,-8.364E-03
3.15442E-03,-4.364E-03
3.15450E-03,-1.076E-02
3.15450E-03,-6.764E-03
3.15459E-03,-1.236E-02
3.15459E-03,-9.164E-03
3.15468E-03,-1.316E-02
3.15468E-03,-1.076E-02
3.15477E-03,-1.236E-02
3.15477E-03,-1.076E-02
3.15486E-03,-1.156E-02
3.15486E-03,-8.364E-03
3.15494E-03,-9.164E-03
3.15494E-03,-5.164E-03
3.15503E-03,-5.964E-03
3.15503E-03,-1.164E-03
3.15512E-03,-1.164E-03
3.15512E-03,4.436E-03
3.15521E-03,3.636E-03
3.15521E-03,8.436E-03
3.15530E-03,7.636E-03
3.15530E-03,1.244E-02
3.15538E-03,1.164E-02
3.15538E-03,1.484E-02
3.15547E-03,1.324E-02
3.15547E-03,1.564E-02
3.15556E-03,1.244E-02
3.15556E-03,1.484E-02
3.15565E-03,9.236E-03
3.15565E-03,1.404E-02
3.15574E-03,4.436E-03
3.15574E-03,1.084E-02
3.15582E-03,-1.164E-03
3.15582E-03,5.236E-03
3.15591E-03,-8.364E-03
3.15591E-03,-3.643E-04
3.15600E-03,-1.396E-02
3.15600E-03,-6.764E-03
3.15609E-03,-1.956E-02
3.15609E-03,-1.236E-02
3.15618E-03,-2.196E-02
3.15618E-03,-1.796E-02
3.15626E-03,-2.276E-02
3.15626E-03,-2.116E-02
3.15635E-03,-2.276E-02
3.15635E-03,-2.036E-02
3.15644E-03,-2.036E-02
3.15644E-03,-1.556E-02
3.15653E-03,-1.636E-02
3.15653E-03,-9.964E-03
3.15662E-03,-1.076E-02
3.15662E-03,-2.764E-03
3.15670E-03,-2.764E-03
3.15670E-03,6.036E-03
3.15679E-03,5.236E-03
3.15679E-03,1.404E-02
3.15688E-03,1.404E-02
3.15688E-03,2.044E-02
3.15697E-03,1.964E-02
3.15697E-03,2.444E-02
3.15706E-03,2.364E-02
3.15706E-03,2.604E-02
3.15714E-03,2.284E-02
3.15714E-03,2.604E-02
3.15723E-03,1.804E-02
3.15723E-03,2.364E-02
3.15732E-03,1.084E-02
3.15732E-03,1.884E-02
3.15741E-03,1.236E-03
3.15741E-03,1.164E-02
3.15750E-03,-9.164E-03
3.15750E-03,2.036E-03
3.15758E-03,-1.956E-02
3.15758E-03,-8.364E-03
3.15767E-03,-2.676E-02
3.15767E-03,-1.876E-02
3.15776E-03,-3.156E-02
3.15776E-03,-2.596E-02
3.15785E-03,-3.396E-02
3.15785E-03,-3.076E-02
3.15794E-03,-3.396E-02
3.15794E-03,-3.076E-02
3.15802E-03,-3.076E-02
3.15802E-03,-2.516E-02
3.15811E-03,-2.516E-02
3.15811E-03,-1.556E-02
3.15820E-03,-1.636E-02
3.15820E-03,-4.364E-03
3.15829E-03,-5.164E-03
3.15829E-03,7.636E-03
3.15838E-03,6.836E-03
3.15838E-03,1.884E-02
3.15846E-03,1.804E-02
3.15846E-03,2.764E-02
3.15855E-03,2.684E-02
3.15855E-03,3.404E-02
3.15864E-03,3.324E-02
3.15864E-03,3.644E-02
3.15873E-03,3.324E-02
3.15873E-03,3.644E-02
3.15882E-03,2.684E-02
3.15882E-03,3.404E-02
3.15890E-03,1.644E-02
3.15890E-03,2.684E-02
3.15899E-03,4.436E-03
3.15899E-03,1.724E-02
3.15908E-03,-9.164E-03
3.15908E-03,4.436E-03
3.15917E-03,-2.196E-02
3.15917E-03,-8.364E-03
3.15926E-03,-3.236E-02
3.15926E-03,-2.116E-02
3.15934E-03,-3.956E-02
3.15934E-03,-3.236E-02
3.15943E-03,-4.276E-02
3.15943E-03,-3.956E-02
3.15952E-03,-4.276E-02
3.15952E-03,-3.956E-02
3.15961E-03,-4.036E-02
3.15961E-03,-3.236E-02
3.15970E-03,-3.316E-02
3.15970E-03,-2.196E-02
3.15978E-03,-2.196E-02
3.15978E-03,-8.364E-03
3.15987E-03,-9.164E-03
3.15987E-03,6.836E-03
3.15996E-03,6.036E-03
3.15996E-03,2.044E-02
3.16005E-03,1.964E-02
3.16005E-03,3.244E-02
3.16014E-03,3.164E-02
3.16014E-03,4.044E-02
3.16022E-03,3.964E-02
3.16022E-03,4.364E-02
3.16031E-03,4.044E-02
3.16031E-03,4.364E-02
3.16040E-03,3.324E-02
3.16040E-03,4.124E-02
3.16049E-03,2.204E-02
3.16049E-03,3.404E-02
3.16058E-03,8.436E-03
3.16058E-03,2.284E-02
3.16066E-03,-7.564E-03
3.16066E-03,9.236E-03
3.16075E-03,-2.196E-02
3.16075E-03,-6.764E-03
3.16084E-03,-3.556E-02
3.16084E-03,-2.196E-02
3.16093E-03,-4.436E-02
3.16093E-03,-3.476E-02
3.16102E-03,-4.836E-02
3.16102E-03,-4.196E-02
3.16110E-03,-4.836E-02
3.16110E-03,-4.436E-02
3.16119E-03,-4.596E-02
3.16119E-03,-3.876E-02
3.16128E-03,-3.876E-02
3.16128E-03,-2.676E-02
3.16137E-03,-2.676E-02
3.16137E-03,-1.156E-02
3.16146E-03,-1.156E-02
3.16146E-03,3.636E-03
3.16154E-03,3.636E-03
3.16154E-03,1.964E-02
3.16163E-03,1.964E-02
3.16163E-03,3.244E-02
3.16172E-03,3.164E-02
3.16172E-03,4.204E-02
3.16181E-03,4.124E-02
3.16181E-03,4.604E-02
3.16190E-03,4.364E-02
3.16190E-03,4.604E-02
3.16198E-03,3.644E-02
3.16198E-03,4.444E-02
3.16207E-03,2.524E-02
3.16207E-03,3.724E-02
3.16216E-03,1.084E-02
3.16216E-03,2.604E-02
3.16225E-03,-5.164E-03
3.16225E-03,1.164E-02
3.16234E-03,-2.036E-02
3.16234E-03,-4.364E-03
3.16242E-03,-3.316E-02
3.16242E-03,-1.956E-02
3.16251E-03,-4.276E-02
3.16251E-03,-3.316E-02
3.16260E-03,-4.676E-02
3.16260E-03,-4.196E-02
3.16269E-03,-4.756E-02
3.16269E-03,-4.516E-02
3.16278E-03,-4.596E-02
3.16278E-03,-3.876E-02
3.16286E-03,-3.956E-02
3.16286E-03,-2.836E-02
3.16295E-03,-2.916E-02
3.16295E-03,-1.476E-02
3.16304E-03,-1.476E-02
3.16304E-03,1.236E-03
3.16313E-03,1.236E-03
3.16313E-03,1.644E-02
3.16322E-03,1.564E-02
3.16322E-03,2.924E-02
3.16330E-03,2.844E-02
3.16330E-03,3.804E-02
3.16339E-03,3.724E-02
3.16339E-03,4.284E-02
3.16348E-03,4.124E-02
3.16348E-03,4.364E-02
3.16357E-03,3.564E-02
3.16357E-03,4.204E-02
3.16366E-03,2.524E-02
3.16366E-03,3.644E-02
3.16374E-03,1.324E-02
3.16374E-03,2.604E-02
3.16383E-03,-1.964E-03
3.16383E-03,1.404E-02
3.16392E-03,-1.556E-02
3.16392E-03,-1.164E-03
3.16401E-03,-2.756E-02
3.16401E-03,-1.556E-02
3.16410E-03,-3.716E-02
3.16410E-03,-2.756E-02
3.16418E-03,-4.116E-02
3.16418E-03,-3.636E-02
3.16427E-03,-4.196E-02
3.16427E-03,-4.036E-02
3.16436E-03,-4.116E-02
3.16436E-03,-3.556E-02
3.16445E-03,-3.556E-02
3.16445E-03,-2.596E-02
3.16454E-03,-2.676E-02
3.16454E-03,-1.476E-02
3.16462E-03,-1.476E-02
3.16462E-03,-1.164E-03
3.16471E-03,-1.964E-03
3.16471E-03,1.084E-02
3.16480E-03,1.004E-02
3.16480E-03,2.204E-02
3.16489E-03,2.204E-02
3.16489E-03,3.084E-02
3.16498E-03,3.004E-02
3.16498E-03,3.484E-02
3.16506E-03,3.324E-02
3.16506E-03,3.484E-02
3.16515E-03,2.924E-02
3.16515E-03,3.404E-02
3.16524E-03,2.204E-02
3.16524E-03,3.004E-02
3.16533E-03,1.244E-02
3.16533E-03,2.204E-02
3.16542E-03,4.357E-04
3.16542E-03,1.324E-02
3.16550E-03,-1.076E-02
3.16550E-03,4.357E-04
3.16559E-03,-2.036E-02
3.16559E-03,-1.076E-02
3.16568E-03,-2.836E-02
3.16568E-03,-1.956E-02
3.16577E-03,-3.156E-02
3.16577E-03,-2.756E-02
3.16586E-03,-3.316E-02
3.16586E-03,-3.076E-02
3.16594E-03,-3.236E-02
3.16594E-03,-2.756E-02
3.16603E-03,-2.836E-02
3.16603E-03,-2.116E-02
3.16612E-03,-2.196E-02
3.16612E-03,-1.236E-02
3.16621E-03,-1.316E-02
3.16621E-03,-3.564E-03
3.16630E-03,-4.364E-03
3.16630E-03,6.036E-03
3.16638E-03,6.036E-03
3.16638E-03,1.484E-02
3.16647E-03,1.404E-02
3.16647E-03,2.044E-02
3.16656E-03,1.964E-02
3.16656E-03,2.444E-02
3.16665E-03,2.284E-02
3.16665E-03,2.444E-02
3.16674E-03,2.044E-02
3.16674E-03,2.364E-02
3.16682E-03,1.564E-02
3.16682E-03,2.124E-02
3.16691E-03,8.436E-03
3.16691E-03,1.564E-02
3.16700E-03,1.236E-03
3.16700E-03,9.236E-03
3.16709E-03,-6.764E-03
3.16709E-03,2.036E-03
3.16718E-03,-1.316E-02
3.16718E-03,-5.964E-03
3.16726E-03,-1.876E-02
3.16726E-03,-1.236E-02
3.16735E-03,-2.116E-02
3.16735E-03,-1.716E-02
3.16744E-03,-2.116E-02
3.16744E-03,-1.956E-02
3.16753E-03,-2.116E-02
3.16753E-03,-1.876E-02
3.16762E-03,-1.956E-02
3.16762E-03,-1.396E-02
3.16770E-03,-1.556E-02
3.16770E-03,-9.164E-03
3.16779E-03,-9.964E-03
3.16779E-03,-2.764E-03
3.16788E-03,-3.564E-03
3.16788E-03,2.036E-03
3.16797E-03,2.036E-03
3.16797E-03,7.636E-03
3.16806E-03,6.836E-03
3.16806E-03,1.164E-02
3.16814E-03,1.084E-02
3.16814E-03,1.324E-02
3.16823E-03,1.244E-02
3.16823E-03,1.404E-02
3.16832E-03,1.084E-02
3.16832E-03,1.404E-02
3.16841E-03,8.436E-03
3.16841E-03,1.164E-02
3.16850E-03,5.236E-03
3.16850E-03,1.004E-02
3.16858E-03,4.357E-04
3.16858E-03,5.236E-03
3.16867E-03,-3.564E-03
3.16867E-03,1.236E-03
3.16876E-03,-6.764E-03
3.16876E-03,-2.764E-03
3.16885E-03,-9.964E-03
3.16885E-03,-6.764E-03
3.16894E-03,-1.156E-02
3.16894E-03,-9.164E-03
3.16902E-03,-1.156E-02
3.16902E-03,-9.964E-03
3.16911E-03,-1.156E-02
3.16911E-03,-9.964E-03
3.16920E-03,-1.076E-02
3.16920E-03,-7.564E-03
3.16929E-03,-8.364E-03
3.16929E-03,-5.164E-03
3.16938E-03,-5.964E-03
3.16938E-03,-2.764E-03
3.16946E-03,-3.564E-03
3.16946E-03,4.357E-04
3.16955E-03,-1.164E-03
3.16955E-03,2.836E-03
3.16964E-03,2.036E-03
3.16964E-03,4.436E-03
3.16973E-03,3.636E-03
3.16973E-03,5.236E-03
3.16982E-03,4.436E-03
3.16982E-03,6.036E-03
3.16990E-03,3.636E-03
3.16990E-03,6.036E-03
3.16999E-03,2.836E-03
3.16999E-03,5.236E-03
3.17008E-03,1.236E-03
3.17008E-03,3.636E-03
3.17017E-03,-3.643E-04
3.17017E-03,2.036E-03
3.17026E-03,-1.964E-03
3.17026E-03,4.357E-04
3.17034E-03,-3.564E-03
3.17034E-03,-3.643E-04
3.17043E-03,-5.164E-03
3.17043E-03,-2.764E-03
3.17052E-03,-5.164E-03
3.17052E-03,-3.564E-03
3.17061E-03,-5.964E-03
3.17061E-03,-4.364E-03
3.17070E-03,-5.164E-03
3.17070E-03,-4.364E-03
3.17078E-03,-5.164E-03
3.17078E-03,-3.564E-03
3.17087E-03,-4.364E-03
3.17087E-03,-1.964E-03
3.17096E-03,-5.164E-03
3.17096E-03,-1.164E-03
3.17105E-03,-3.564E-03
3.17105E-03,4.357E-04
3.17114E-03,-1.964E-03
3.17114E-03,4.357E-04
3.17122E-03,-3.643E-04
3.17122E-03,1.236E-03
3.17131E-03,-3.643E-04
3.17131E-03,2.036E-03
3.17140E-03,4.357E-04
3.17140E-03,2.036E-03
3.17149E-03,4.357E-04
3.17149E-03,2.036E-03
3.17158E-03,4.357E-04
3.17158E-03,2.036E-03
3.17166E-03,-3.643E-04
3.17166E-03,1.236E-03
3.17175E-03,-1.164E-03
3.17175E-03,1.236E-03
3.17184E-03,-1.964E-03
3.17184E-03,4.357E-04
3.17193E-03,-2.764E-03
3.17193E-03,-3.643E-04
3.17202E-03,-3.564E-03
3.17202E-03,-1.964E-03
3.17210E-03,-4.364E-03
3.17210E-03,-1.964E-03
3.17219E-03,-4.364E-03
3.17219E-03,-2.764E-03
3.17228E-03,-4.364E-03
3.17228E-03,-2.764E-03
3.17237E-03,-4.364E-03
3.17237E-03,-2.764E-03
3.17246E-03,-4.364E-03
3.17246E-03,-1.964E-03
3.17254E-03,-3.564E-03
3.17254E-03,-1.164E-03
3.17263E-03,-2.764E-03
3.17263E-03,-3.643E-04
3.17272E-03,-1.964E-03
3.17272E-03,4.357E-04
3.17281E-03,-3.643E-04
3.17281E-03,1.236E-03
3.17290E-03,4.357E-04
3.17290E-03,2.836E-03
3.17298E-03,1.236E-03
3.17298E-03,3.636E-03
3.17307E-03,2.036E-03
3.17307E-03,3.636E-03
3.17316E-03,2.036E-03
3.17316E-03,3.636E-03
3.17325E-03,1.236E-03
3.17325E-03,3.636E-03
3.17334E-03,4.357E-04
3.17334E-03,2.836E-03
3.17342E-03,-1.964E-03
3.17342E-03,1.236E-03
3.17351E-03,-3.564E-03
3.17351E-03,-3.643E-04
3.17360E-03,-5.164E-03
3.17360E-03,-1.964E-03
3.17369E-03,-6.764E-03
3.17369E-03,-4.364E-03
3.17378E-03,-8.364E-03
3.17378E-03,-5.164E-03
3.17386E-03,-8.364E-03
3.17386E-03,-7.564E-03
3.17395E-03,-9.164E-03
3.17395E-03,-7.564E-03
3.17404E-03,-8.364E-03
3.17404E-03,-5.964E-03
3.17413E-03,-6.764E-03
3.17413E-03,-4.364E-03
3.17422E-03,-5.164E-03
3.17422E-03,-1.164E-03
3.17430E-03,-1.964E-03
3.17430E-03,2.036E-03
3.17439E-03,4.357E-04
3.17439E-03,5.236E-03
3.17448E-03,4.436E-03
3.17448E-03,7.636E-03
3.17457E-03,6.836E-03
3.17457E-03,1.004E-02
3.17466E-03,8.436E-03
3.17466E-03,1.084E-02
3.17474E-03,9.236E-03
3.17474E-03,1.084E-02
3.17483E-03,6.836E-03
3.17483E-03,1.004E-02
3.17492E-03,3.636E-03
3.17492E-03,7.636E-03
3.17501E-03,-3.643E-04
3.17501E-03,4.436E-03
3.17510E-03,-5.164E-03
3.17510E-03,4.357E-04
3.17518E-03,-9.964E-03
3.17518E-03,-4.364E-03
3.17527E-03,-1.396E-02
3.17527E-03,-9.164E-03
3.17536E-03,-1.636E-02
3.17536E-03,-1.236E-02
3.17545E-03,-1.796E-02
3.17545E-03,-1.476E-02
3.17554E-03,-1.796E-02
3.17554E-03,-1.556E-02
3.17562E-03,-1.716E-02
3.17562E-03,-1.316E-02
3.17571E-03,-1.396E-02
3.17571E-03,-8.364E-03
3.17580E-03,-9.164E-03
3.17580E-03,-2.764E-03
3.17589E-03,-3.564E-03
3.17589E-03,4.436E-03
3.17598E-03,1.236E-03
3.17598E-03,1.004E-02
3.17606E-03,7.636E-03
3.17606E-03,1.564E-02
3.17615E-03,1.484E-02
3.17615E-03,1.884E-02
3.17624E-03,1.804E-02
3.17624E-03,2.044E-02
3.17633E-03,1.884E-02
3.17633E-03,2.044E-02
3.17642E-03,1.484E-02
3.17642E-03,1.964E-02
3.17650E-03,9.236E-03
3.17650E-03,1.644E-02
3.17659E-03,2.036E-03
3.17659E-03,1.004E-02
3.17668E-03,-5.964E-03
3.17668E-03,2.836E-03
3.17677E-03,-1.476E-02
3.17677E-03,-5.164E-03
3.17686E-03,-2.116E-02
3.17686E-03,-1.316E-02
3.17694E-03,-2.596E-02
3.17694E-03,-2.116E-02
3.17703E-03,-2.836E-02
3.17703E-03,-2.516E-02
3.17712E-03,-2.836E-02
3.17712E-03,-2.596E-02
3.17721E-03,-2.756E-02
3.17721E-03,-2.196E-02
3.17730E-03,-2.276E-02
3.17730E-03,-1.476E-02
3.17738E-03,-1.476E-02
3.17738E-03,-5.964E-03
3.17747E-03,-6.764E-03
3.17747E-03,4.436E-03
3.17756E-03,3.636E-03
3.17756E-03,1.404E-02
3.17765E-03,1.404E-02
3.17765E-03,2.284E-02
3.17774E-03,2.204E-02
3.17774E-03,2.844E-02
3.17782E-03,2.844E-02
3.17782E-03,3.164E-02
3.17791E-03,2.924E-02
3.17791E-03,3.164E-02
3.17800E-03,2.524E-02
3.17800E-03,3.004E-02
3.17809E-03,1.644E-02
3.17809E-03,2.524E-02
3.17818E-03,6.036E-03
3.17818E-03,1.724E-02
3.17826E-03,-5.964E-03
3.17826E-03,6.036E-03
3.17835E-03,-1.796E-02
3.17835E-03,-5.964E-03
3.17844E-03,-2.836E-02
3.17844E-03,-1.716E-02
3.17853E-03,-3.476E-02
3.17853E-03,-2.756E-02
3.17862E-03,-3.796E-02
3.17862E-03,-3.396E-02
3.17870E-03,-3.876E-02
3.17870E-03,-3.636E-02
3.17879E-03,-3.716E-02
3.17879E-03,-3.076E-02
3.17888E-03,-3.156E-02
3.17888E-03,-2.196E-02
3.17897E-03,-2.276E-02
3.17897E-03,-9.964E-03
3.17906E-03,-9.964E-03
3.17906E-03,3.636E-03
3.17914E-03,2.836E-03
3.17914E-03,1.644E-02
3.17923E-03,1.564E-02
3.17923E-03,2.764E-02
3.17932E-03,2.764E-02
3.17932E-03,3.564E-02
3.17941E-03,3.564E-02
3.17941E-03,4.044E-02
3.17950E-03,3.804E-02
3.17950E-03,4.044E-02
3.17958E-03,3.244E-02
3.17958E-03,3.964E-02
3.17967E-03,2.364E-02
3.17967E-03,3.324E-02
3.17976E-03,1.004E-02
3.17976E-03,2.364E-02
3.17985E-03,-4.364E-03
3.17985E-03,1.084E-02
3.17994E-03,-1.956E-02
3.17994E-03,-4.364E-03
3.18002E-03,-3.156E-02
3.18002E-03,-1.796E-02
3.18011E-03,-4.116E-02
3.18011E-03,-3.076E-02
3.18020E-03,-4.596E-02
3.18020E-03,-3.956E-02
3.18029E-03,-4.596E-02
3.18029E-03,-4.356E-02
3.18038E-03,-4.436E-02
3.18038E-03,-3.796E-02
3.18046E-03,-3.796E-02
3.18046E-03,-2.756E-02
3.18055E-03,-2.836E-02
3.18055E-03,-1.396E-02
3.18064E-03,-1.476E-02
3.18064E-03,1.236E-03
3.18073E-03,1.236E-03
3.18073E-03,1.644E-02
3.18082E-03,1.644E-02
3.18082E-03,3.084E-02
3.18090E-03,3.004E-02
3.18090E-03,4.044E-02
3.18099E-03,3.804E-02
3.18099E-03,4.524E-02
3.18108E-03,4.364E-02
3.18108E-03,4.604E-02
3.18117E-03,3.804E-02
3.18117E-03,4.444E-02
3.18126E-03,2.844E-02
3.18126E-03,3.884E-02
3.18134E-03,1.404E-02
3.18134E-03,2.844E-02
3.18143E-03,-1.964E-03
3.18143E-03,1.484E-02
3.18152E-03,-1.796E-02
3.18152E-03,-1.164E-03
3.18161E-03,-3.156E-02
3.18161E-03,-1.636E-02
3.18170E-03,-4.196E-02
3.18170E-03,-3.076E-02
3.18178E-03,-4.756E-02
3.18178E-03,-4.116E-02
3.18187E-03,-4.836E-02
3.18187E-03,-4.676E-02
3.18196E-03,-4.756E-02
3.18196E-03,-4.116E-02
3.18205E-03,-4.196E-02
3.18205E-03,-3.076E-02
3.18214E-03,-3.156E-02
3.18214E-03,-1.796E-02
3.18222E-03,-1.796E-02
3.18222E-03,-1.964E-03
3.18231E-03,-1.964E-03
3.18231E-03,1.404E-02
3.18240E-03,1.404E-02
3.18240E-03,2.844E-02
3.18249E-03,2.764E-02
3.18249E-03,3.804E-02
3.18258E-03,3.804E-02
3.18258E-03,4.444E-02
3.18266E-03,4.364E-02
3.18266E-03,4.524E-02
3.18275E-03,3.884E-02
3.18275E-03,4.444E-02
3.18284E-03,2.924E-02
3.18284E-03,3.964E-02
3.18293E-03,1.564E-02
3.18293E-03,2.924E-02
3.18302E-03,4.357E-04
3.18302E-03,1.644E-02
3.18310E-03,-1.476E-02
3.18310E-03,1.236E-03
3.18319E-03,-2.836E-02
3.18319E-03,-1.396E-02
3.18328E-03,-3.796E-02
3.18328E-03,-2.756E-02
3.18337E-03,-4.356E-02
3.18337E-03,-3.716E-02
3.18346E-03,-4.516E-02
3.18346E-03,-4.196E-02
3.18354E-03,-4.516E-02
3.18354E-03,-3.956E-02
3.18363E-03,-4.036E-02
3.18363E-03,-3.156E-02
3.18372E-03,-3.156E-02
3.18372E-03,-1.876E-02
3.18381E-03,-1.876E-02
3.18381E-03,-4.364E-03
3.18390E-03,-5.164E-03
3.18390E-03,1.004E-02
3.18398E-03,9.236E-03
3.18398E-03,2.204E-02
3.18407E-03,2.204E-02
3.18407E-03,3.244E-02
3.18416E-03,3.164E-02
3.18416E-03,3.804E-02
3.18425E-03,3.724E-02
3.18425E-03,3.964E-02
3.18434E-03,3.484E-02
3.18434E-03,3.964E-02
3.18442E-03,2.684E-02
3.18442E-03,3.564E-02
3.18451E-03,1.564E-02
3.18451E-03,2.764E-02
3.18460E-03,2.836E-03
3.18460E-03,1.644E-02
3.18469E-03,-9.964E-03
3.18469E-03,3.636E-03
3.18478E-03,-2.196E-02
3.18478E-03,-9.964E-03
3.18486E-03,-3.076E-02
3.18486E-03,-2.116E-02
3.18495E-03,-3.636E-02
3.18495E-03,-2.996E-02
3.18504E-03,-3.796E-02
3.18504E-03,-3.556E-02
3.18513E-03,-3.716E-02
3.18513E-03,-3.396E-02
3.18522E-03,-3.396E-02
3.18522E-03,-2.676E-02
3.18530E-03,-2.756E-02
3.18530E-03,-1.716E-02
3.18539E-03,-1.796E-02
3.18539E-03,-5.964E-03
3.18548E-03,-6.764E-03
3.18548E-03,5.236E-03
3.18557E-03,4.436E-03
3.18557E-03,1.564E-02
3.18566E-03,1.564E-02
3.18566E-03,2.364E-02
3.18574E-03,2.284E-02
3.18574E-03,2.844E-02
3.18583E-03,2.684E-02
3.18583E-03,3.164E-02
3.18592E-03,2.604E-02
3.18592E-03,3.084E-02
3.18601E-03,2.124E-02
3.18601E-03,2.764E-02
3.18610E-03,1.324E-02
3.18610E-03,2.204E-02
3.18618E-03,3.636E-03
3.18618E-03,1.324E-02
3.18627E-03,-6.764E-03
3.18627E-03,3.636E-03
3.18636E-03,-1.476E-02
3.18636E-03,-5.964E-03
3.18645E-03,-2.196E-02
3.18645E-03,-1.396E-02
3.18654E-03,-2.516E-02
3.18654E-03,-2.036E-02
3.18662E-03,-2.756E-02
3.18662E-03,-2.516E-02
3.18671E-03,-2.676E-02
3.18671E-03,-2.356E-02
3.18680E-03,-2.516E-02
3.18680E-03,-1.956E-02
3.18689E-03,-2.036E-02
3.18689E-03,-1.316E-02
3.18698E-03,-1.396E-02
3.18698E-03,-5.164E-03
3.18706E-03,-5.964E-03
3.18706E-03,2.036E-03
3.18715E-03,1.236E-03
3.18715E-03,9.236E-03
3.18724E-03,8.436E-03
3.18724E-03,1.484E-02
3.18733E-03,1.404E-02
3.18733E-03,1.804E-02
3.18742E-03,1.724E-02
3.18742E-03,1.884E-02
3.18750E-03,1.644E-02
3.18750E-03,1.884E-02
3.18759E-03,1.324E-02
3.18759E-03,1.804E-02
3.18768E-03,8.436E-03
3.18768E-03,1.404E-02
3.18777E-03,2.036E-03
3.18777E-03,9.236E-03
3.18786E-03,-3.564E-03
3.18786E-03,2.836E-03
3.18794E-03,-8.364E-03
3.18794E-03,-1.964E-03
3.18803E-03,-1.236E-02
3.18803E-03,-8.364E-03
3.18812E-03,-1.476E-02
3.18812E-03,-1.156E-02
3.18821E-03,-1.636E-02
3.18821E-03,-1.396E-02
3.18830E-03,-1.636E-02
3.18830E-03,-1.396E-02
3.18838E-03,-1.556E-02
3.18838E-03,-1.156E-02
3.18847E-03,-1.236E-02
3.18847E-03,-8.364E-03
3.18856E-03,-9.164E-03
3.18856E-03,-4.364E-03
3.18865E-03,-5.164E-03
3.18865E-03,-3.643E-04
3.18874E-03,-1.164E-03
3.18874E-03,3.636E-03
3.18882E-03,2.836E-03
3.18882E-03,6.836E-03
3.18891E-03,6.036E-03
3.18891E-03,8.436E-03
3.18900E-03,7.636E-03
3.18900E-03,9.236E-03
3.18909E-03,7.636E-03
3.18909E-03,9.236E-03
3.18918E-03,6.036E-03
3.18918E-03,8.436E-03
3.18926E-03,3.636E-03
3.18926E-03,6.836E-03
3.18935E-03,4.357E-04
3.18935E-03,4.436E-03
3.18944E-03,-1.964E-03
3.18944E-03,1.236E-03
3.18953E-03,-4.364E-03
3.18953E-03,-1.164E-03
3.18962E-03,-6.764E-03
3.18962E-03,-3.564E-03
3.18970E-03,-7.564E-03
3.18970E-03,-5.164E-03
3.18979E-03,-8.364E-03
3.18979E-03,-5.964E-03
3.18988E-03,-8.364E-03
3.18988E-03,-6.764E-03
3.18997E-03,-7.564E-03
3.18997E-03,-5.164E-03
3.19006E-03,-6.764E-03
3.19006E-03,-4.364E-03
3.19014E-03,-5.164E-03
3.19014E-03,-1.964E-03
3.19023E-03,-3.564E-03
3.19023E-03,-1.164E-03
3.19032E-03,-1.964E-03
3.19032E-03,1.236E-03
3.19041E-03,-3.643E-04
3.19041E-03,2.036E-03
3.19050E-03,4.357E-04
3.19050E-03,2.836E-03
3.19058E-03,2.036E-03
3.19058E-03,3.636E-03
3.19067E-03,1.236E-03
3.19067E-03,2.836E-03
3.19076E-03,1.236E-03
3.19076E-03,2.836E-03
3.19085E-03,-1.164E-03
3.19085E-03,4.436E-03
3.19094E-03,-1.164E-03
3.19094E-03,2.836E-03
3.19102E-03,-1.964E-03
3.19102E-03,1.236E-03
3.19111E-03,-2.764E-03
3.19111E-03,-3.643E-04
3.19120E-03,-3.564E-03
3.19120E-03,-1.164E-03
3.19129E-03,-4.364E-03
3.19129E-03,-1.964E-03
3.19138E-03,-4.364E-03
3.19138E-03,-1.964E-03
3.19146E-03,-4.364E-03
3.19146E-03,-2.764E-03
3.19155E-03,-4.364E-03
3.19155E-03,-2.764E-03
3.19164E-03,-4.364E-03
3.19164E-03,-1.964E-03
3.19173E-03,-3.564E-03
3.19173E-03,-1.964E-03
3.19182E-03,-2.764E-03
3.19182E-03,-3.643E-04
3.19190E-03,-1.964E-03
3.19190E-03,4.357E-04
3.19199E-03,-1.164E-03
3.19199E-03,1.236E-03
3.19208E-03,-3.643E-04
3.19208E-03,1.236E-03
3.19217E-03,4.357E-04
3.19217E-03,2.036E-03
3.19226E-03,4.357E-04
3.19226E-03,2.836E-03
3.19234E-03,4.357E-04
3.19234E-03,2.836E-03
3.19243E-03,4.357E-04
3.19243E-03,2.036E-03
3.19252E-03,-1.164E-03
3.19252E-03,1.236E-03
3.19261E-03,-1.164E-03
3.19261E-03,4.357E-04
3.19270E-03,-2.764E-03
3.19270E-03,-3.643E-04
3.19278E-03,-3.564E-03
3.19278E-03,-1.164E-03
3.19287E-03,-4.364E-03
3.19287E-03,-2.764E-03
3.19296E-03,-5.164E-03
3.19296E-03,-3.564E-03
3.19305E-03,-5.964E-03
3.19305E-03,-3.564E-03
3.19314E-03,-5.964E-03
3.19314E-03,-4.364E-03
3.19322E-03,-5.964E-03
3.19322E-03,-3.564E-03
3.19331E-03,-5.164E-03
3.19331E-03,-2.764E-03
3.19340E-03,-3.564E-03
3.19340E-03,-1.164E-03
3.19349E-03,-1.964E-03
3.19349E-03,1.236E-03
3.19358E-03,-3.643E-04
3.19358E-03,2.836E-03
3.19366E-03,1.236E-03
3.19366E-03,4.436E-03
3.19375E-03,3.636E-03
3.19375E-03,6.036E-03
3.19384E-03,4.436E-03
3.19384E-03,6.836E-03
3.19393E-03,5.236E-03
3.19393E-03,6.836E-03
3.19402E-03,4.436E-03
3.19402E-03,6.036E-03
3.19410E-03,2.036E-03
3.19410E-03,5.236E-03
3.19419E-03,-3.643E-04
3.19419E-03,3.636E-03
3.19428E-03,-3.564E-03
3.19428E-03,4.357E-04
3.19437E-03,-5.964E-03
3.19437E-03,-2.764E-03
3.19446E-03,-9.164E-03
3.19446E-03,-5.164E-03
3.19454E-03,-1.156E-02
3.19454E-03,-8.364E-03
3.19463E-03,-1.316E-02
3.19463E-03,-9.964E-03
3.19472E-03,-1.316E-02
3.19472E-03,-1.076E-02
3.19481E-03,-1.236E-02
3.19481E-03,-9.964E-03
3.19490E-03,-1.076E-02
3.19490E-03,-6.764E-03
3.19498E-03,-8.364E-03
3.19498E-03,-2.764E-03
3.19507E-03,-3.564E-03
3.19507E-03,2.036E-03
3.19516E-03,4.357E-04
3.19516E-03,6.036E-03
3.19525E-03,5.236E-03
3.19525E-03,1.084E-02
3.19534E-03,9.236E-03
3.19534E-03,1.324E-02
3.19542E-03,1.244E-02
3.19542E-03,1.484E-02
3.19551E-03,1.404E-02
3.19551E-03,1.564E-02
3.19560E-03,1.164E-02
3.19560E-03,1.484E-02
3.19569E-03,7.636E-03
3.19569E-03,1.244E-02
3.19578E-03,1.236E-03
3.19578E-03,8.436E-03
3.19586E-03,-4.364E-03
3.19586E-03,4.436E-03
3.19595E-03,-1.076E-02
3.19595E-03,-4.364E-03
3.19604E-03,-1.556E-02
3.19604E-03,-9.164E-03
3.19613E-03,-2.036E-02
3.19613E-03,-1.476E-02
3.19622E-03,-2.276E-02
3.19622E-03,-1.956E-02
3.19630E-03,-2.276E-02
3.19630E-03,-2.116E-02
3.19639E-03,-2.276E-02
3.19639E-03,-1.876E-02
3.19648E-03,-1.956E-02
3.19648E-03,-1.316E-02
3.19657E-03,-1.396E-02
3.19657E-03,-6.764E-03
3.19666E-03,-6.764E-03
3.19666E-03,1.236E-03
3.19674E-03,1.236E-03
3.19674E-03,1.004E-02
3.19683E-03,9.236E-03
3.19683E-03,1.724E-02
3.19692E-03,1.644E-02
3.19692E-03,2.284E-02
3.19701E-03,2.204E-02
3.19701E-03,2.604E-02
3.19710E-03,2.444E-02
3.19710E-03,2.684E-02
3.19718E-03,2.124E-02
3.19718E-03,2.524E-02
3.19727E-03,1.484E-02
3.19727E-03,2.204E-02
3.19736E-03,6.836E-03
3.19736E-03,1.564E-02
3.19745E-03,-3.564E-03
3.19745E-03,6.836E-03
3.19754E-03,-1.316E-02
3.19754E-03,-2.764E-03
3.19762E-03,-2.276E-02
3.19762E-03,-1.236E-02
3.19771E-03,-2.916E-02
3.19771E-03,-2.196E-02
3.19780E-03,-3.316E-02
3.19780E-03,-2.916E-02
3.19789E-03,-3.396E-02
3.19789E-03,-3.236E-02
3.19798E-03,-3.316E-02
3.19798E-03,-2.836E-02
3.19806E-03,-2.916E-02
3.19806E-03,-2.116E-02
3.19815E-03,-2.196E-02
3.19815E-03,-1.076E-02
3.19824E-03,-1.156E-02
3.19824E-03,1.236E-03
3.19833E-03,4.357E-04
3.19833E-03,1.324E-02
3.19842E-03,1.164E-02
3.19842E-03,2.284E-02
3.19850E-03,2.284E-02
3.19850E-03,3.084E-02
3.19859E-03,3.084E-02
3.19859E-03,3.564E-02
3.19868E-03,3.484E-02
3.19868E-03,3.644E-02
3.19877E-03,3.084E-02
3.19877E-03,3.564E-02
3.19886E-03,2.284E-02
3.19886E-03,3.164E-02
3.19894E-03,1.084E-02
3.19894E-03,2.284E-02
3.19903E-03,-1.964E-03
3.19903E-03,1.164E-02
3.19912E-03,-1.556E-02
3.19912E-03,-1.164E-03
3.19921E-03,-2.756E-02
3.19921E-03,-1.476E-02
3.19930E-03,-3.636E-02
3.19930E-03,-2.676E-02
3.19938E-03,-4.196E-02
3.19938E-03,-3.556E-02
3.19947E-03,-4.276E-02
3.19947E-03,-4.116E-02
3.19956E-03,-4.276E-02
3.19956E-03,-3.716E-02
3.19965E-03,-3.796E-02
3.19965E-03,-2.836E-02
3.19974E-03,-2.916E-02
3.19974E-03,-1.556E-02
3.19982E-03,-1.716E-02
3.19982E-03,-1.164E-03
3.19991E-03,-1.964E-03
3.19991E-03,1.244E-02
3.20000E-03,1.244E-02
3.20000E-03,2.604E-02
3.20009E-03,2.604E-02
3.20009E-03,3.644E-02
3.20018E-03,3.564E-02
3.20018E-03,4.204E-02
3.20026E-03,4.124E-02
3.20026E-03,4.364E-02
3.20035E-03,3.804E-02
3.20035E-03,4.284E-02
3.20044E-03,2.924E-02
3.20044E-03,3.884E-02
3.20053E-03,1.564E-02
3.20053E-03,2.924E-02
3.20062E-03,1.236E-03
3.20062E-03,1.644E-02
3.20070E-03,-1.476E-02
3.20070E-03,1.236E-03
3.20079E-03,-2.916E-02
3.20079E-03,-1.396E-02
3.20088E-03,-4.036E-02
3.20088E-03,-2.916E-02
3.20097E-03,-4.676E-02
3.20097E-03,-3.956E-02
3.20106E-03,-4.836E-02
3.20106E-03,-4.516E-02
3.20114E-03,-4.756E-02
3.20114E-03,-4.196E-02
3.20123E-03,-4.276E-02
3.20123E-03,-3.316E-02
3.20132E-03,-3.396E-02
3.20132E-03,-1.956E-02
3.20141E-03,-2.036E-02
3.20141E-03,-4.364E-03
3.20150E-03,-5.164E-03
3.20150E-03,1.164E-02
3.20158E-03,1.084E-02
3.20158E-03,2.604E-02
3.20167E-03,2.524E-02
3.20167E-03,3.724E-02
3.20176E-03,3.644E-02
3.20176E-03,4.444E-02
3.20185E-03,4.284E-02
3.20185E-03,4.604E-02
3.20194E-03,4.124E-02
3.20194E-03,4.604E-02
3.20202E-03,3.244E-02
3.20202E-03,4.124E-02
3.20211E-03,1.884E-02
3.20211E-03,3.244E-02
3.20220E-03,3.636E-03
3.20220E-03,1.964E-02
3.20229E-03,-1.236E-02
3.20229E-03,3.636E-03
3.20238E-03,-2.676E-02
3.20238E-03,-1.156E-02
3.20246E-03,-3.796E-02
3.20246E-03,-2.676E-02
3.20255E-03,-4.516E-02
3.20255E-03,-3.796E-02
3.20264E-03,-4.756E-02
3.20264E-03,-4.436E-02
3.20273E-03,-4.756E-02
3.20273E-03,-4.276E-02
3.20282E-03,-4.356E-02
3.20282E-03,-3.476E-02
3.20290E-03,-3.476E-02
3.20290E-03,-2.196E-02
3.20299E-03,-2.276E-02
3.20299E-03,-6.764E-03
3.20308E-03,-7.564E-03
3.20308E-03,7.636E-03
3.20317E-03,7.636E-03
3.20317E-03,2.204E-02
3.20326E-03,2.204E-02
3.20326E-03,3.324E-02
3.20334E-03,3.244E-02
3.20334E-03,4.044E-02
3.20343E-03,3.964E-02
3.20343E-03,4.284E-02
3.20352E-03,3.884E-02
3.20352E-03,4.284E-02
3.20361E-03,3.084E-02
3.20361E-03,3.964E-02
3.20370E-03,1.964E-02
3.20370E-03,3.164E-02
3.20378E-03,6.036E-03
3.20378E-03,2.044E-02
3.20387E-03,-8.364E-03
3.20387E-03,6.836E-03
3.20396E-03,-2.196E-02
3.20396E-03,-8.364E-03
3.20405E-03,-3.316E-02
3.20405E-03,-2.116E-02
3.20414E-03,-3.956E-02
3.20414E-03,-3.236E-02
3.20422E-03,-4.196E-02
3.20422E-03,-3.876E-02
3.20431E-03,-4.196E-02
3.20431E-03,-3.796E-02
3.20440E-03,-3.876E-02
3.20440E-03,-3.156E-02
3.20449E-03,-3.236E-02
3.20449E-03,-2.196E-02
3.20458E-03,-2.196E-02
3.20458E-03,-9.164E-03
3.20466E-03,-9.164E-03
3.20466E-03,4.436E-03
3.20475E-03,3.636E-03
3.20475E-03,1.644E-02
3.20484E-03,1.644E-02
3.20484E-03,2.604E-02
3.20493E-03,2.604E-02
3.20493E-03,3.244E-02
3.20502E-03,3.164E-02
3.20502E-03,3.484E-02
3.20510E-03,3.164E-02
3.20510E-03,3.484E-02
3.20519E-03,2.604E-02
3.20519E-03,3.244E-02
3.20528E-03,1.724E-02
3.20528E-03,2.684E-02
3.20537E-03,6.836E-03
3.20537E-03,1.804E-02
3.20546E-03,-5.164E-03
3.20546E-03,6.836E-03
3.20554E-03,-1.636E-02
3.20554E-03,-5.164E-03
3.20563E-03,-2.516E-02
3.20563E-03,-1.556E-02
3.20572E-03,-2.996E-02
3.20572E-03,-2.436E-02
3.20581E-03,-3.396E-02
3.20581E-03,-2.836E-02
3.20590E-03,-3.316E-02
3.20590E-03,-2.996E-02
3.20598E-03,-3.076E-02
3.20598E-03,-2.516E-02
3.20607E-03,-2.596E-02
3.20607E-03,-1.796E-02
3.20616E-03,-1.876E-02
3.20616E-03,-8.364E-03
3.20625E-03,-9.164E-03
3.20625E-03,1.236E-03
3.20634E-03,1.236E-03
3.20634E-03,1.004E-02
3.20642E-03,1.004E-02
3.20642E-03,1.724E-02
3.20651E-03,1.644E-02
3.20651E-03,2.204E-02
3.20660E-03,2.124E-02
3.20660E-03,2.444E-02
3.20669E-03,2.284E-02
3.20669E-03,2.444E-02
3.20678E-03,1.884E-02
3.20678E-03,2.284E-02
3.20686E-03,1.244E-02
3.20686E-03,1.964E-02
3.20695E-03,5.236E-03
3.20695E-03,1.324E-02
3.20704E-03,-2.764E-03
3.20704E-03,6.036E-03
3.20713E-03,-9.964E-03
3.20713E-03,-1.964E-03
3.20722E-03,-1.636E-02
3.20722E-03,-9.164E-03
3.20730E-03,-2.036E-02
3.20730E-03,-1.396E-02
3.20739E-03,-2.196E-02
3.20739E-03,-1.876E-02
3.20748E-03,-2.116E-02
3.20748E-03,-1.956E-02
3.20757E-03,-2.036E-02
3.20757E-03,-1.636E-02
3.20766E-03,-1.796E-02
3.20766E-03,-1.236E-02
3.20774E-03,-1.236E-02
3.20774E-03,-6.764E-03
3.20783E-03,-6.764E-03
3.20783E-03,-3.643E-04
3.20792E-03,-1.164E-03
3.20792E-03,5.236E-03
3.20801E-03,4.436E-03
3.20801E-03,1.004E-02
3.20810E-03,9.236E-03
3.20810E-03,1.244E-02
3.20818E-03,1.164E-02
3.20818E-03,1.404E-02
3.20827E-03,1.244E-02
3.20827E-03,1.404E-02
3.20836E-03,1.084E-02
3.20836E-03,1.324E-02
3.20845E-03,7.636E-03
3.20845E-03,1.084E-02
3.20854E-03,2.836E-03
3.20854E-03,7.636E-03
3.20862E-03,-1.964E-03
3.20862E-03,3.636E-03
3.20871E-03,-5.164E-03
3.20871E-03,-3.643E-04
3.20880E-03,-8.364E-03
3.20880E-03,-4.364E-03
3.20889E-03,-1.076E-02
3.20889E-03,-7.564E-03
3.20898E-03,-1.156E-02
3.20898E-03,-9.964E-03
3.20906E-03,-1.156E-02
3.20906E-03,-9.964E-03
3.20915E-03,-1.076E-02
3.20915E-03,-9.164E-03
3.20924E-03,-9.964E-03
3.20924E-03,-6.764E-03
3.20933E-03,-7.564E-03
3.20933E-03,-3.564E-03
3.20942E-03,-4.364E-03
3.20942E-03,-1.164E-03
3.20950E-03,-1.964E-03
3.20950E-03,1.236E-03
3.20959E-03,4.357E-04
3.20959E-03,3.636E-03
3.20968E-03,2.836E-03
3.20968E-03,5.236E-03
3.20977E-03,3.636E-03
3.20977E-03,6.036E-03
3.20986E-03,3.636E-03
3.20986E-03,6.036E-03
3.20994E-03,3.636E-03
3.20994E-03,5.236E-03
3.21003E-03,2.036E-03
3.21003E-03,4.436E-03
3.21012E-03,-3.643E-04
3.21012E-03,2.836E-03
3.21021E-03,-1.164E-03
3.21021E-03,2.036E-03
3.21030E-03,-2.764E-03
3.21030E-03,-3.643E-04
3.21038E-03,-4.364E-03
3.21038E-03,-1.964E-03
3.21047E-03,-5.164E-03
3.21047E-03,-2.764E-03
3.21056E-03,-5.164E-03
3.21056E-03,-3.564E-03
3.21065E-03,-5.964E-03
3.21065E-03,-4.364E-03
3.21074E-03,-6.764E-03
3.21074E-03,-1.964E-03
3.21082E-03,-6.764E-03
3.21082E-03,-1.964E-03
3.21091E-03,-4.364E-03
3.21091E-03,-1.164E-03
3.21100E-03,-3.564E-03
3.21100E-03,-1.164E-03
3.21109E-03,-1.964E-03
3.21109E-03,4.357E-04
3.21118E-03,-1.164E-03
3.21118E-03,1.236E-03
3.21126E-03,-3.643E-04
3.21126E-03,1.236E-03
3.21135E-03,-3.643E-04
3.21135E-03,2.036E-03
3.21144E-03,4.357E-04
3.21144E-03,2.036E-03
3.21153E-03,4.357E-04
3.21153E-03,2.036E-03
3.21162E-03,-3.643E-04
3.21162E-03,2.036E-03
3.21170E-03,-3.643E-04
3.21170E-03,1.236E-03
3.21179E-03,-1.164E-03
3.21179E-03,4.357E-04
3.21188E-03,-1.964E-03
3.21188E-03,4.357E-04
3.21197E-03,-2.764E-03
3.21197E-03,-1.164E-03
3.21206E-03,-3.564E-03
3.21206E-03,-1.164E-03
3.21214E-03,-3.564E-03
3.21214E-03,-2.764E-03
3.21223E-03,-4.364E-03
3.21223E-03,-2.764E-03
3.21232E-03,-4.364E-03
3.21232E-03,-2.764E-03
3.21241E-03,-4.364E-03
3.21241E-03,-2.764E-03
3.21250E-03,-3.564E-03
3.21250E-03,-1.964E-03
3.21258E-03,-2.764E-03
3.21258E-03,-1.164E-03
3.21267E-03,-1.964E-03
3.21267E-03,4.357E-04
3.21276E-03,-1.164E-03
3.21276E-03,1.236E-03
3.21285E-03,4.357E-04
3.21285E-03,2.036E-03
3.21294E-03,1.236E-03
3.21294E-03,3.636E-03
3.21302E-03,2.036E-03
3.21302E-03,3.636E-03
3.21311E-03,2.836E-03
3.21311E-03,3.636E-03
3.21320E-03,2.036E-03
3.21320E-03,4.436E-03
3.21329E-03,1.236E-03
3.21329E-03,2.836E-03
3.21338E-03,-3.643E-04
3.21338E-03,2.036E-03
3.21346E-03,-2.764E-03
3.21346E-03,4.357E-04
3.21355E-03,-4.364E-03
3.21355E-03,-1.164E-03
3.21364E-03,-5.964E-03
3.21364E-03,-3.564E-03
3.21373E-03,-7.564E-03
3.21373E-03,-5.164E-03
3.21382E-03,-8.364E-03
3.21382E-03,-6.764E-03
3.21390E-03,-9.164E-03
3.21390E-03,-7.564E-03
3.21399E-03,-9.164E-03
3.21399E-03,-6.764E-03
3.21408E-03,-7.564E-03
3.21408E-03,-5.164E-03
3.21417E-03,-5.964E-03
3.21417E-03,-2.764E-03
3.21426E-03,-3.564E-03
3.21426E-03,4.357E-04
3.21434E-03,-3.643E-04
3.21434E-03,3.636E-03
3.21443E-03,2.036E-03
3.21443E-03,6.036E-03
3.21452E-03,5.236E-03
3.21452E-03,9.236E-03
3.21461E-03,7.636E-03
3.21461E-03,1.084E-02
3.21470E-03,9.236E-03
3.21470E-03,1.084E-02
3.21478E-03,8.436E-03
3.21478E-03,1.004E-02
3.21487E-03,6.036E-03
3.21487E-03,9.236E-03
3.21496E-03,2.036E-03
3.21496E-03,6.036E-03
3.21505E-03,-2.764E-03
3.21505E-03,2.836E-03
3.21514E-03,-6.764E-03
3.21514E-03,-1.964E-03
3.21522E-03,-1.156E-02
3.21522E-03,-5.964E-03
3.21531E-03,-1.476E-02
3.21531E-03,-9.964E-03
3.21540E-03,-1.716E-02
3.21540E-03,-1.396E-02
3.21549E-03,-1.796E-02
3.21549E-03,-1.556E-02
3.21558E-03,-1.716E-02
3.21558E-03,-1.396E-02
3.21566E-03,-1.556E-02
3.21566E-03,-9.964E-03
3.21575E-03,-1.236E-02
3.21575E-03,-4.364E-03
3.21584E-03,-6.764E-03
3.21584E-03,-3.643E-04
3.21593E-03,-1.964E-03
3.21593E-03,6.836E-03
3.21602E-03,6.036E-03
3.21602E-03,1.244E-02
3.21610E-03,1.164E-02
3.21610E-03,1.724E-02
3.21619E-03,1.644E-02
3.21619E-03,1.964E-02
3.21628E-03,1.884E-02
3.21628E-03,2.124E-02
3.21637E-03,1.724E-02
3.21637E-03,2.044E-02
3.21646E-03,1.244E-02
3.21646E-03,1.804E-02
3.21654E-03,6.836E-03
3.21654E-03,1.324E-02
3.21663E-03,-1.164E-03
3.21663E-03,6.836E-03
3.21672E-03,-9.964E-03
3.21672E-03,-1.164E-03
3.21681E-03,-1.796E-02
3.21681E-03,-9.164E-03
3.21690E-03,-2.356E-02
3.21690E-03,-1.716E-02
3.21698E-03,-2.756E-02
3.21698E-03,-2.276E-02
3.21707E-03,-2.836E-02
3.21707E-03,-2.676E-02
3.21716E-03,-2.836E-02
3.21716E-03,-2.436E-02
3.21725E-03,-2.516E-02
3.21725E-03,-1.876E-02
3.21734E-03,-1.956E-02
3.21734E-03,-1.076E-02
3.21742E-03,-1.156E-02
3.21742E-03,-1.164E-03
3.21751E-03,-1.964E-03
3.21751E-03,8.436E-03
3.21760E-03,8.436E-03
3.21760E-03,1.804E-02
3.21769E-03,1.804E-02
3.21769E-03,2.604E-02
3.21778E-03,2.524E-02
3.21778E-03,3.004E-02
3.21786E-03,2.924E-02
3.21786E-03,3.164E-02
3.21795E-03,2.764E-02
3.21795E-03,3.164E-02
3.21804E-03,2.124E-02
3.21804E-03,2.844E-02
3.21813E-03,1.164E-02
3.21813E-03,2.124E-02
3.21822E-03,4.357E-04
3.21822E-03,1.244E-02
3.21830E-03,-1.156E-02
3.21830E-03,4.357E-04
3.21839E-03,-2.196E-02
3.21839E-03,-1.076E-02
3.21848E-03,-3.156E-02
3.21848E-03,-2.196E-02
3.21857E-03,-3.716E-02
3.21857E-03,-3.076E-02
3.21866E-03,-3.876E-02
3.21866E-03,-3.636E-02
3.21874E-03,-3.796E-02
3.21874E-03,-3.476E-02
3.21883E-03,-3.556E-02
3.21883E-03,-2.676E-02
3.21892E-03,-2.836E-02
3.21892E-03,-1.716E-02
3.21901E-03,-1.796E-02
3.21901E-03,-4.364E-03
3.21910E-03,-4.364E-03
3.21910E-03,1.004E-02
3.21918E-03,8.436E-03
3.21918E-03,2.204E-02
3.21927E-03,2.124E-02
3.21927E-03,3.244E-02
3.21936E-03,3.164E-02
3.21936E-03,3.884E-02
3.21945E-03,3.804E-02
3.21945E-03,4.044E-02
3.21954E-03,3.644E-02
3.21954E-03,4.044E-02
3.21962E-03,2.924E-02
3.21962E-03,3.724E-02
3.21971E-03,1.724E-02
3.21971E-03,2.924E-02
3.21980E-03,2.836E-03
3.21980E-03,1.804E-02
3.21989E-03,-1.156E-02
3.21989E-03,3.636E-03
3.21998E-03,-2.516E-02
3.21998E-03,-1.076E-02
3.22006E-03,-3.636E-02
3.22006E-03,-2.436E-02
3.22015E-03,-4.356E-02
3.22015E-03,-3.636E-02
3.22024E-03,-4.596E-02
3.22024E-03,-4.276E-02
3.22033E-03,-4.596E-02
3.22033E-03,-4.196E-02
3.22042E-03,-4.276E-02
3.22042E-03,-3.396E-02
3.22050E-03,-3.476E-02
3.22050E-03,-2.196E-02
3.22059E-03,-2.276E-02
3.22059E-03,-7.564E-03
3.22068E-03,-8.364E-03
3.22068E-03,9.236E-03
3.22077E-03,6.836E-03
3.22077E-03,2.204E-02
3.22086E-03,2.204E-02
3.22086E-03,3.564E-02
3.22094E-03,3.484E-02
3.22094E-03,4.204E-02
3.22103E-03,4.204E-02
3.22103E-03,4.524E-02
3.22112E-03,4.204E-02
3.22112E-03,4.524E-02
3.22121E-03,3.324E-02
3.22121E-03,4.204E-02
3.22130E-03,2.124E-02
3.22130E-03,3.484E-02
3.22138E-03,6.836E-03
3.22138E-03,2.204E-02
3.22147E-03,-9.164E-03
3.22147E-03,6.836E-03
3.22156E-03,-2.516E-02
3.22156E-03,-9.164E-03
3.22165E-03,-3.716E-02
3.22165E-03,-2.436E-02
3.22174E-03,-4.516E-02
3.22174E-03,-3.636E-02
3.22182E-03,-4.836E-02
3.22182E-03,-4.436E-02
3.22191E-03,-4.836E-02
3.22191E-03,-4.516E-02
3.22200E-03,-4.596E-02
3.22200E-03,-3.716E-02
3.22209E-03,-3.796E-02
3.22209E-03,-2.516E-02
3.22218E-03,-2.596E-02
3.22218E-03,-9.964E-03
3.22226E-03,-1.076E-02
3.22226E-03,6.036E-03
3.22235E-03,5.236E-03
3.22235E-03,2.124E-02
3.22244E-03,2.044E-02
3.22244E-03,3.324E-02
3.22253E-03,3.244E-02
3.22253E-03,4.124E-02
3.22262E-03,4.044E-02
3.22262E-03,4.444E-02
3.22270E-03,4.204E-02
3.22270E-03,4.524E-02
3.22279E-03,3.564E-02
3.22279E-03,4.284E-02
3.22288E-03,2.364E-02
3.22288E-03,3.564E-02
3.22297E-03,9.236E-03
3.22297E-03,2.444E-02
3.22306E-03,-5.964E-03
3.22306E-03,1.004E-02
3.22314E-03,-2.116E-02
3.22314E-03,-5.164E-03
3.22323E-03,-3.316E-02
3.22323E-03,-2.036E-02
3.22332E-03,-4.116E-02
3.22332E-03,-3.236E-02
3.22341E-03,-4.516E-02
3.22341E-03,-4.036E-02
3.22350E-03,-4.516E-02
3.22350E-03,-4.276E-02
3.22358E-03,-4.356E-02
3.22358E-03,-3.556E-02
3.22367E-03,-3.636E-02
3.22367E-03,-2.516E-02
3.22376E-03,-2.596E-02
3.22376E-03,-1.156E-02
3.22385E-03,-1.236E-02
3.22385E-03,2.836E-03
3.22394E-03,2.036E-03
3.22394E-03,1.564E-02
3.22402E-03,1.564E-02
3.22402E-03,2.764E-02
3.22411E-03,2.684E-02
3.22411E-03,3.564E-02
3.22420E-03,3.484E-02
3.22420E-03,3.964E-02
3.22429E-03,3.724E-02
3.22429E-03,3.964E-02
3.22438E-03,3.164E-02
3.22438E-03,3.804E-02
3.22446E-03,2.204E-02
3.22446E-03,3.164E-02
3.22455E-03,9.236E-03
3.22455E-03,2.284E-02
3.22464E-03,-2.764E-03
3.22464E-03,1.004E-02
3.22473E-03,-1.556E-02
3.22473E-03,-2.764E-03
3.22482E-03,-2.596E-02
3.22482E-03,-1.476E-02
3.22490E-03,-3.396E-02
3.22490E-03,-2.596E-02
3.22499E-03,-3.716E-02
3.22499E-03,-3.316E-02
3.22508E-03,-3.796E-02
3.22508E-03,-3.556E-02
3.22517E-03,-3.636E-02
3.22517E-03,-3.076E-02
3.22526E-03,-3.156E-02
3.22526E-03,-2.276E-02
3.22534E-03,-2.276E-02
3.22534E-03,-1.236E-02
3.22543E-03,-1.236E-02
3.22543E-03,-3.643E-04
3.22552E-03,-1.164E-03
3.22552E-03,1.084E-02
3.22561E-03,1.004E-02
3.22561E-03,1.964E-02
3.22570E-03,1.964E-02
3.22570E-03,2.684E-02
3.22578E-03,2.444E-02
3.22578E-03,3.004E-02
3.22587E-03,2.844E-02
3.22587E-03,3.084E-02
3.22596E-03,2.444E-02
3.22596E-03,2.924E-02
3.22605E-03,1.724E-02
3.22605E-03,2.524E-02
3.22614E-03,8.436E-03
3.22614E-03,1.804E-02
3.22622E-03,-1.164E-03
3.22622E-03,9.236E-03
3.22631E-03,-1.076E-02
3.22631E-03,-3.643E-04
3.22640E-03,-1.796E-02
3.22640E-03,-9.964E-03
3.22649E-03,-2.356E-02
3.22649E-03,-1.716E-02
3.22658E-03,-2.676E-02
3.22658E-03,-2.276E-02
3.22666E-03,-2.676E-02
3.22666E-03,-2.516E-02
3.22675E-03,-2.596E-02
3.22675E-03,-2.276E-02
3.22684E-03,-2.276E-02
3.22684E-03,-1.716E-02
3.22693E-03,-1.716E-02
3.22693E-03,-9.964E-03
3.22702E-03,-9.964E-03
3.22702E-03,-1.964E-03
3.22710E-03,-2.764E-03
3.22710E-03,5.236E-03
3.22719E-03,4.436E-03
3.22719E-03,1.164E-02
3.22728E-03,1.164E-02
3.22728E-03,1.644E-02
3.22737E-03,1.564E-02
3.22737E-03,1.884E-02
3.22746E-03,1.724E-02
3.22746E-03,1.964E-02
3.22754E-03,1.564E-02
3.22754E-03,1.884E-02
3.22763E-03,1.164E-02
3.22763E-03,1.644E-02
3.22772E-03,6.036E-03
3.22772E-03,1.244E-02
3.22781E-03,-3.643E-04
3.22781E-03,6.836E-03
3.22790E-03,-5.164E-03
3.22790E-03,1.236E-03
3.22798E-03,-1.076E-02
3.22798E-03,-5.164E-03
3.22807E-03,-1.396E-02
3.22807E-03,-9.964E-03
3.22816E-03,-1.636E-02
3.22816E-03,-1.316E-02
3.22825E-03,-1.636E-02
3.22825E-03,-1.396E-02
3.22834E-03,-1.636E-02
3.22834E-03,-1.316E-02
3.22842E-03,-1.396E-02
3.22842E-03,-1.076E-02
3.22851E-03,-1.076E-02
3.22851E-03,-6.764E-03
3.22860E-03,-6.764E-03
3.22860E-03,-1.964E-03
3.22869E-03,-2.764E-03
3.22869E-03,1.236E-03
3.22878E-03,1.236E-03
3.22878E-03,5.236E-03
3.22886E-03,4.436E-03
3.22886E-03,7.636E-03
3.22895E-03,6.836E-03
3.22895E-03,9.236E-03
3.22904E-03,7.636E-03
3.22904E-03,9.236E-03
3.22913E-03,6.836E-03
3.22913E-03,9.236E-03
3.22922E-03,5.236E-03
3.22922E-03,7.636E-03
3.22930E-03,2.036E-03
3.22930E-03,6.036E-03
3.22939E-03,-3.643E-04
3.22939E-03,3.636E-03
3.22948E-03,-2.764E-03
3.22948E-03,4.357E-04
3.22957E-03,-5.164E-03
3.22957E-03,-1.164E-03
3.22966E-03,-6.764E-03
3.22966E-03,-4.364E-03
3.22974E-03,-8.364E-03
3.22974E-03,-5.964E-03
3.22983E-03,-8.364E-03
3.22983E-03,-6.764E-03
3.22992E-03,-8.364E-03
3.22992E-03,-5.964E-03
3.23001E-03,-6.764E-03
3.23001E-03,-5.164E-03
3.23010E-03,-5.964E-03
3.23010E-03,-2.764E-03
3.23018E-03,-4.364E-03
3.23018E-03,-1.164E-03
3.23027E-03,-2.764E-03
3.23027E-03,4.357E-04
3.23036E-03,-1.164E-03
3.23036E-03,1.236E-03
3.23045E-03,4.357E-04
3.23045E-03,2.836E-03
3.23054E-03,1.236E-03
3.23054E-03,2.836E-03
3.23062E-03,1.236E-03
3.23062E-03,3.636E-03
3.23071E-03,-3.643E-04
3.23071E-03,4.436E-03
3.23080E-03,4.357E-04
3.23080E-03,3.636E-03
3.23089E-03,-3.643E-04
3.23089E-03,2.836E-03
3.23098E-03,-1.164E-03
3.23098E-03,1.236E-03
3.23106E-03,-1.964E-03
3.23106E-03,4.357E-04
3.23115E-03,-2.764E-03
3.23115E-03,-3.643E-04
3.23124E-03,-3.564E-03
3.23124E-03,-1.164E-03
3.23133E-03,-4.364E-03
3.23133E-03,-1.964E-03
3.23142E-03,-4.364E-03
3.23142E-03,-2.764E-03
3.23150E-03,-4.364E-03
3.23150E-03,-1.964E-03
3.23159E-03,-3.564E-03
3.23159E-03,-1.964E-03
3.23168E-03,-3.564E-03
3.23168E-03,-1.964E-03
3.23177E-03,-2.764E-03
3.23177E-03,-1.164E-03
3.23186E-03,-1.964E-03
3.23186E-03,-3.643E-04
3.23194E-03,-1.164E-03
3.23194E-03,4.357E-04
3.23203E-03,-3.643E-04
3.23203E-03,1.236E-03
3.23212E-03,4.357E-04
3.23212E-03,2.036E-03
3.23221E-03,4.357E-04
3.23221E-03,2.836E-03
3.23230E-03,4.357E-04
3.23230E-03,2.836E-03
3.23238E-03,4.357E-04
3.23238E-03,2.836E-03
3.23247E-03,-3.643E-04
3.23247E-03,2.036E-03
3.23256E-03,-3.643E-04
3.23256E-03,1.236E-03
3.23265E-03,-1.964E-03
3.23265E-03,4.357E-04
3.23274E-03,-3.564E-03
3.23274E-03,-3.643E-04
3.23282E-03,-4.364E-03
3.23282E-03,-1.964E-03
3.23291E-03,-5.164E-03
3.23291E-03,-2.764E-03
3.23300E-03,-5.164E-03
3.23300E-03,-3.564E-03
3.23309E-03,-5.964E-03
3.23309E-03,-4.364E-03
3.23318E-03,-5.964E-03
3.23318E-03,-4.364E-03
3.23326E-03,-5.164E-03
3.23326E-03,-3.564E-03
3.23335E-03,-4.364E-03
3.23335E-03,-1.964E-03
3.23344E-03,-2.764E-03
3.23344E-03,-3.643E-04
3.23353E-03,-1.164E-03
3.23353E-03,2.036E-03
3.23362E-03,4.357E-04
3.23362E-03,3.636E-03
3.23370E-03,2.836E-03
3.23370E-03,5.236E-03
3.23379E-03,4.436E-03
3.23379E-03,6.036E-03
3.23388E-03,5.236E-03
3.23388E-03,6.836E-03
3.23397E-03,5.236E-03
3.23397E-03,6.836E-03
3.23406E-03,3.636E-03
3.23406E-03,6.836E-03
3.23414E-03,1.236E-03
3.23414E-03,4.436E-03
3.23423E-03,-1.164E-03
3.23423E-03,2.036E-03
3.23432E-03,-4.364E-03
3.23432E-03,-3.643E-04
3.23441E-03,-7.564E-03
3.23441E-03,-3.564E-03
3.23450E-03,-9.964E-03
3.23450E-03,-6.764E-03
3.23458E-03,-1.236E-02
3.23458E-03,-9.164E-03
3.23467E-03,-1.236E-02
3.23467E-03,-1.076E-02
3.23476E-03,-1.236E-02
3.23476E-03,-1.076E-02
3.23485E-03,-1.156E-02
3.23485E-03,-9.164E-03
3.23494E-03,-9.164E-03
3.23494E-03,-5.164E-03
3.23502E-03,-5.964E-03
3.23502E-03,-1.164E-03
3.23511E-03,-1.964E-03
3.23511E-03,3.636E-03
3.23520E-03,2.836E-03
3.23520E-03,8.436E-03
3.23529E-03,7.636E-03
3.23529E-03,1.244E-02
3.23538E-03,1.084E-02
3.23538E-03,1.484E-02
3.23546E-03,1.324E-02
3.23546E-03,1.564E-02
3.23555E-03,1.324E-02
3.23555E-03,1.484E-02
3.23564E-03,8.436E-03
3.23564E-03,1.404E-02
3.23573E-03,5.236E-03
3.23573E-03,1.164E-02
3.23582E-03,-1.164E-03
3.23582E-03,6.836E-03
3.23590E-03,-6.764E-03
3.23590E-03,-3.643E-04
3.23599E-03,-1.316E-02
3.23599E-03,-5.964E-03
3.23608E-03,-1.796E-02
3.23608E-03,-1.236E-02
3.23617E-03,-2.196E-02
3.23617E-03,-1.716E-02
3.23626E-03,-2.276E-02
3.23626E-03,-2.036E-02
3.23634E-03,-2.276E-02
3.23634E-03,-2.036E-02
3.23643E-03,-2.116E-02
3.23643E-03,-1.636E-02
3.23652E-03,-1.716E-02
3.23652E-03,-9.964E-03
3.23661E-03,-1.076E-02
3.23661E-03,-2.764E-03
3.23670E-03,-2.764E-03
3.23670E-03,5.236E-03
3.23678E-03,5.236E-03
3.23678E-03,1.324E-02
3.23687E-03,1.244E-02
3.23687E-03,1.964E-02
3.23696E-03,1.964E-02
3.23696E-03,2.444E-02
3.23705E-03,2.364E-02
3.23705E-03,2.604E-02
3.23714E-03,2.364E-02
3.23714E-03,2.604E-02
3.23722E-03,1.884E-02
3.23722E-03,2.364E-02
3.23731E-03,1.164E-02
3.23731E-03,1.884E-02
3.23740E-03,1.236E-03
3.23740E-03,1.164E-02
3.23749E-03,-7.564E-03
3.23749E-03,2.036E-03
3.23758E-03,-1.796E-02
3.23758E-03,-7.564E-03
3.23766E-03,-2.596E-02
3.23766E-03,-1.716E-02
3.23775E-03,-3.236E-02
3.23775E-03,-2.516E-02
3.23784E-03,-3.396E-02
3.23784E-03,-3.076E-02
3.23793E-03,-3.396E-02
3.23793E-03,-3.076E-02
3.23802E-03,-3.156E-02
3.23802E-03,-2.596E-02
3.23810E-03,-2.596E-02
3.23810E-03,-1.716E-02
3.23819E-03,-1.716E-02
3.23819E-03,-5.164E-03
3.23828E-03,-5.964E-03
3.23828E-03,6.836E-03
3.23837E-03,5.236E-03
3.23837E-03,1.804E-02
3.23846E-03,1.724E-02
3.23846E-03,2.684E-02
3.23854E-03,2.604E-02
3.23854E-03,3.404E-02
3.23863E-03,3.244E-02
3.23863E-03,3.644E-02
3.23872E-03,3.324E-02
3.23872E-03,3.644E-02
3.23881E-03,2.764E-02
3.23881E-03,3.404E-02
3.23890E-03,1.804E-02
3.23890E-03,2.844E-02
3.23898E-03,5.236E-03
3.23898E-03,1.804E-02
3.23907E-03,-8.364E-03
3.23907E-03,6.036E-03
3.23916E-03,-2.116E-02
3.23916E-03,-8.364E-03
3.23925E-03,-3.236E-02
3.23925E-03,-2.116E-02
3.23934E-03,-3.956E-02
3.23934E-03,-3.156E-02
3.23942E-03,-4.276E-02
3.23942E-03,-3.876E-02
3.23951E-03,-4.356E-02
3.23951E-03,-4.036E-02
3.23960E-03,-4.116E-02
3.23960E-03,-3.396E-02
3.23969E-03,-3.396E-02
3.23969E-03,-2.356E-02
3.23978E-03,-2.356E-02
3.23978E-03,-9.164E-03
3.23986E-03,-9.964E-03
3.23986E-03,5.236E-03
3.23995E-03,4.436E-03
3.23995E-03,1.964E-02
3.24004E-03,1.884E-02
3.24004E-03,3.084E-02
3.24013E-03,3.084E-02
3.24013E-03,3.964E-02
3.24022E-03,3.884E-02
3.24022E-03,4.364E-02
3.24030E-03,4.124E-02
3.24030E-03,4.364E-02
3.24039E-03,3.484E-02
3.24039E-03,4.204E-02
3.24048E-03,2.364E-02
3.24048E-03,3.484E-02
3.24057E-03,9.236E-03
3.24057E-03,2.444E-02
3.24066E-03,-5.964E-03
3.24066E-03,1.004E-02
3.24074E-03,-2.116E-02
3.24074E-03,-4.364E-03
3.24083E-03,-3.476E-02
3.24083E-03,-2.116E-02
3.24092E-03,-4.356E-02
3.24092E-03,-3.396E-02
3.24101E-03,-4.756E-02
3.24101E-03,-4.276E-02
3.24110E-03,-4.756E-02
3.24110E-03,-4.516E-02
3.24118E-03,-4.596E-02
3.24118E-03,-3.876E-02
3.24127E-03,-3.956E-02
3.24127E-03,-2.756E-02
3.24136E-03,-2.836E-02
3.24136E-03,-1.316E-02
3.24145E-03,-1.316E-02
3.24145E-03,2.836E-03
3.24154E-03,2.036E-03
3.24154E-03,1.804E-02
3.24162E-03,1.804E-02
3.24162E-03,3.164E-02
3.24171E-03,3.084E-02
3.24171E-03,4.124E-02
3.24180E-03,4.044E-02
3.24180E-03,4.604E-02
3.24189E-03,4.364E-02
3.24189E-03,4.604E-02
3.24198E-03,3.804E-02
3.24198E-03,4.444E-02
3.24206E-03,2.684E-02
3.24206E-03,3.884E-02
3.24215E-03,1.244E-02
3.24215E-03,2.684E-02
3.24224E-03,-3.564E-03
3.24224E-03,1.324E-02
3.24233E-03,-1.876E-02
3.24233E-03,-2.764E-03
3.24242E-03,-3.236E-02
3.24242E-03,-1.876E-02
3.24250E-03,-4.196E-02
3.24250E-03,-3.156E-02
3.24259E-03,-4.676E-02
3.24259E-03,-4.116E-02
3.24268E-03,-4.756E-02
3.24268E-03,-4.516E-02
3.24277E-03,-4.596E-02
3.24277E-03,-3.956E-02
3.24286E-03,-4.036E-02
3.24286E-03,-2.916E-02
3.24294E-03,-2.996E-02
3.24294E-03,-1.556E-02
3.24303E-03,-1.636E-02
3.24303E-03,-1.164E-03
3.24312E-03,-1.164E-03
3.24312E-03,1.484E-02
3.24321E-03,1.404E-02
3.24321E-03,2.844E-02
3.24330E-03,2.764E-02
3.24330E-03,3.724E-02
3.24338E-03,3.644E-02
3.24338E-03,4.204E-02
3.24347E-03,4.124E-02
3.24347E-03,4.284E-02
3.24356E-03,3.564E-02
3.24356E-03,4.204E-02
3.24365E-03,2.684E-02
3.24365E-03,3.644E-02
3.24374E-03,1.324E-02
3.24374E-03,2.764E-02
3.24382E-03,-3.643E-04
3.24382E-03,1.404E-02
3.24391E-03,-1.476E-02
3.24391E-03,4.357E-04
3.24400E-03,-2.676E-02
3.24400E-03,-1.476E-02
3.24409E-03,-3.636E-02
3.24409E-03,-2.676E-02
3.24418E-03,-4.116E-02
3.24418E-03,-3.556E-02
3.24426E-03,-4.276E-02
3.24426E-03,-4.036E-02
3.24435E-03,-4.116E-02
3.24435E-03,-3.556E-02
3.24444E-03,-3.636E-02
3.24444E-03,-2.756E-02
3.24453E-03,-2.756E-02
3.24453E-03,-1.556E-02
3.24462E-03,-1.636E-02
3.24462E-03,-2.764E-03
3.24470E-03,-3.564E-03
3.24470E-03,1.084E-02
3.24479E-03,1.004E-02
3.24479E-03,2.124E-02
3.24488E-03,2.044E-02
3.24488E-03,3.004E-02
3.24497E-03,2.924E-02
3.24497E-03,3.484E-02
3.24506E-03,3.324E-02
3.24506E-03,3.564E-02
3.24514E-03,3.004E-02
3.24514E-03,3.484E-02
3.24523E-03,2.284E-02
3.24523E-03,3.004E-02
3.24532E-03,1.244E-02
3.24532E-03,2.284E-02
3.24541E-03,1.236E-03
3.24541E-03,1.324E-02
3.24550E-03,-9.964E-03
3.24550E-03,2.036E-03
3.24558E-03,-2.116E-02
3.24558E-03,-9.164E-03
3.24567E-03,-2.756E-02
3.24567E-03,-1.876E-02
3.24576E-03,-3.156E-02
3.24576E-03,-2.676E-02
3.24585E-03,-3.316E-02
3.24585E-03,-2.996E-02
3.24594E-03,-3.156E-02
3.24594E-03,-2.756E-02
3.24602E-03,-2.836E-02
3.24602E-03,-2.196E-02
3.24611E-03,-2.276E-02
3.24611E-03,-1.316E-02
3.24620E-03,-1.396E-02
3.24620E-03,-3.564E-03
3.24629E-03,-5.164E-03
3.24629E-03,5.236E-03
3.24638E-03,5.236E-03
3.24638E-03,1.404E-02
3.24646E-03,1.324E-02
3.24646E-03,1.964E-02
3.24655E-03,1.964E-02
3.24655E-03,2.364E-02
3.24664E-03,2.284E-02
3.24664E-03,2.524E-02
3.24673E-03,2.124E-02
3.24673E-03,2.444E-02
3.24682E-03,1.644E-02
3.24682E-03,2.124E-02
3.24690E-03,1.004E-02
3.24690E-03,1.804E-02
3.24699E-03,2.036E-03
3.24699E-03,1.004E-02
3.24708E-03,-6.764E-03
3.24708E-03,2.836E-03
3.24717E-03,-1.236E-02
3.24717E-03,-5.164E-03
3.24726E-03,-1.716E-02
3.24726E-03,-1.156E-02
3.24734E-03,-2.116E-02
3.24734E-03,-1.636E-02
3.24743E-03,-2.116E-02
3.24743E-03,-1.956E-02
3.24752E-03,-2.116E-02
3.24752E-03,-1.796E-02
3.24761E-03,-1.956E-02
3.24761E-03,-1.476E-02
3.24770E-03,-1.556E-02
3.24770E-03,-9.164E-03
3.24778E-03,-9.964E-03
3.24778E-03,-3.564E-03
3.24787E-03,-4.364E-03
3.24787E-03,2.036E-03
3.24796E-03,1.236E-03
3.24796E-03,6.836E-03
3.24805E-03,6.836E-03
3.24805E-03,1.164E-02
3.24814E-03,1.084E-02
3.24814E-03,1.404E-02
3.24822E-03,1.244E-02
3.24822E-03,1.404E-02
3.24831E-03,1.164E-02
3.24831E-03,1.404E-02
3.24840E-03,9.236E-03
3.24840E-03,1.324E-02
3.24849E-03,5.236E-03
3.24849E-03,1.004E-02
3.24858E-03,1.236E-03
3.24858E-03,6.036E-03
3.24866E-03,-2.764E-03
3.24866E-03,2.036E-03
3.24875E-03,-6.764E-03
3.24875E-03,-1.964E-03
3.24884E-03,-9.164E-03
3.24884E-03,-5.964E-03
3.24893E-03,-1.156E-02
3.24893E-03,-8.364E-03
3.24902E-03,-1.156E-02
3.24902E-03,-9.964E-03
3.24910E-03,-1.156E-02
3.24910E-03,-9.964E-03
3.24919E-03,-1.076E-02
3.24919E-03,-7.564E-03
3.24928E-03,-8.364E-03
3.24928E-03,-5.164E-03
3.24937E-03,-6.764E-03
3.24937E-03,-2.764E-03
3.24946E-03,-3.564E-03
3.24946E-03,4.357E-04
3.24954E-03,-1.164E-03
3.24954E-03,2.836E-03
3.24963E-03,1.236E-03
3.24963E-03,4.436E-03
3.24972E-03,3.636E-03
3.24972E-03,5.236E-03
3.24981E-03,3.636E-03
3.24981E-03,6.036E-03
3.24990E-03,3.636E-03
3.24990E-03,6.036E-03
3.24998E-03,2.836E-03
3.24998E-03,5.236E-03
3.25007E-03,1.236E-03
3.25007E-03,4.436E-03
3.25016E-03,-3.643E-04
3.25016E-03,2.836E-03
3.25025E-03,-1.964E-03
3.25025E-03,1.236E-03
3.25034E-03,-3.564E-03
3.25034E-03,-3.643E-04
3.25042E-03,-4.364E-03
3.25042E-03,-1.964E-03
3.25051E-03,-5.164E-03
3.25051E-03,-3.564E-03
3.25060E-03,-6.764E-03
3.25060E-03,-2.764E-03
3.25069E-03,-6.764E-03
3.25069E-03,-2.764E-03
3.25078E-03,-5.164E-03
3.25078E-03,-2.764E-03
3.25086E-03,-4.364E-03
3.25086E-03,-1.964E-03
3.25095E-03,-3.564E-03
3.25095E-03,-1.164E-03
3.25104E-03,-2.764E-03
3.25104E-03,-3.643E-04
3.25113E-03,-1.964E-03
3.25113E-03,4.357E-04
3.25122E-03,-3.643E-04
3.25122E-03,1.236E-03
3.25130E-03,-3.643E-04
3.25130E-03,2.036E-03
3.25139E-03,4.357E-04
3.25139E-03,2.036E-03
3.25148E-03,4.357E-04
3.25148E-03,2.036E-03
3.25157E-03,4.357E-04
3.25157E-03,2.036E-03
3.25166E-03,-3.643E-04
3.25166E-03,1.236E-03
3.25174E-03,-3.643E-04
3.25174E-03,1.236E-03
3.25183E-03,-1.964E-03
3.25183E-03,4.357E-04
3.25192E-03,-1.964E-03
3.25192E-03,-3.643E-04
3.25201E-03,-3.564E-03
3.25201E-03,-1.164E-03
3.25210E-03,-3.564E-03
3.25210E-03,-1.964E-03
3.25218E-03,-4.364E-03
3.25218E-03,-2.764E-03
3.25227E-03,-4.364E-03
3.25227E-03,-2.764E-03
3.25236E-03,-4.364E-03
3.25236E-03,-2.764E-03
3.25245E-03,-4.364E-03
3.25245E-03,-1.964E-03
3.25254E-03,-3.564E-03
3.25254E-03,-1.164E-03
3.25262E-03,-2.764E-03
3.25262E-03,-3.643E-04
3.25271E-03,-1.964E-03
3.25271E-03,1.236E-03
3.25280E-03,-3.643E-04
3.25280E-03,2.036E-03
3.25289E-03,4.357E-04
3.25289E-03,2.836E-03
3.25298E-03,1.236E-03
3.25298E-03,3.636E-03
3.25306E-03,2.036E-03
3.25306E-03,3.636E-03
3.25315E-03,2.036E-03
3.25315E-03,3.636E-03
3.25324E-03,1.236E-03
3.25324E-03,3.636E-03
3.25333E-03,4.357E-04
3.25333E-03,2.836E-03
3.25342E-03,-1.964E-03
3.25342E-03,1.236E-03
3.25350E-03,-2.764E-03
3.25350E-03,-3.643E-04
3.25359E-03,-5.164E-03
3.25359E-03,-1.964E-03
3.25368E-03,-6.764E-03
3.25368E-03,-4.364E-03
3.25377E-03,-8.364E-03
3.25377E-03,-5.964E-03
3.25386E-03,-9.164E-03
3.25386E-03,-6.764E-03
3.25394E-03,-9.164E-03
3.25394E-03,-7.564E-03
3.25403E-03,-8.364E-03
3.25403E-03,-5.964E-03
3.25412E-03,-7.564E-03
3.25412E-03,-4.364E-03
3.25421E-03,-5.164E-03
3.25421E-03,-1.164E-03
3.25430E-03,-2.764E-03
3.25430E-03,1.236E-03
3.25438E-03,4.357E-04
3.25438E-03,4.436E-03
3.25447E-03,3.636E-03
3.25447E-03,7.636E-03
3.25456E-03,6.836E-03
3.25456E-03,1.004E-02
3.25465E-03,8.436E-03
3.25465E-03,1.084E-02
3.25474E-03,8.436E-03
3.25474E-03,1.084E-02
3.25482E-03,6.836E-03
3.25482E-03,1.004E-02
3.25491E-03,3.636E-03
3.25491E-03,8.436E-03
3.25500E-03,-3.643E-04
3.25500E-03,4.436E-03
3.25509E-03,-4.364E-03
3.25509E-03,4.357E-04
3.25518E-03,-9.164E-03
3.25518E-03,-3.564E-03
3.25526E-03,-1.316E-02
3.25526E-03,-8.364E-03
3.25535E-03,-1.636E-02
3.25535E-03,-1.236E-02
3.25544E-03,-1.796E-02
3.25544E-03,-1.476E-02
3.25553E-03,-1.796E-02
3.25553E-03,-1.556E-02
3.25562E-03,-1.796E-02
3.25562E-03,-1.236E-02
3.25570E-03,-1.476E-02
3.25570E-03,-8.364E-03
3.25579E-03,-9.964E-03
3.25579E-03,-3.564E-03
3.25588E-03,-4.364E-03
3.25588E-03,2.836E-03
3.25597E-03,2.036E-03
3.25597E-03,9.236E-03
3.25606E-03,8.436E-03
3.25606E-03,1.484E-02
3.25614E-03,1.324E-02
3.25614E-03,1.884E-02
3.25623E-03,1.724E-02
3.25623E-03,2.044E-02
3.25632E-03,1.884E-02
3.25632E-03,2.044E-02
3.25641E-03,1.564E-02
3.25641E-03,1.884E-02
3.25650E-03,1.004E-02
3.25650E-03,1.644E-02
3.25658E-03,2.036E-03
3.25658E-03,1.084E-02
3.25667E-03,-5.164E-03
3.25667E-03,2.836E-03
3.25676E-03,-1.396E-02
3.25676E-03,-5.164E-03
3.25685E-03,-2.116E-02
3.25685E-03,-1.316E-02
3.25694E-03,-2.596E-02
3.25694E-03,-2.036E-02
3.25702E-03,-2.836E-02
3.25702E-03,-2.516E-02
3.25711E-03,-2.836E-02
3.25711E-03,-2.676E-02
3.25720E-03,-2.756E-02
3.25720E-03,-2.276E-02
3.25729E-03,-2.276E-02
3.25729E-03,-1.556E-02
3.25738E-03,-1.636E-02
3.25738E-03,-6.764E-03
3.25746E-03,-7.564E-03
3.25746E-03,2.836E-03
3.25755E-03,2.836E-03
3.25755E-03,1.244E-02
3.25764E-03,1.244E-02
3.25764E-03,2.124E-02
3.25773E-03,2.124E-02
3.25773E-03,2.764E-02
3.25782E-03,2.684E-02
3.25782E-03,3.084E-02
3.25790E-03,2.924E-02
3.25790E-03,3.164E-02
3.25799E-03,2.524E-02
3.25799E-03,3.084E-02
3.25808E-03,1.644E-02
3.25808E-03,2.524E-02
3.25817E-03,6.036E-03
3.25817E-03,1.804E-02
3.25826E-03,-5.164E-03
3.25826E-03,6.836E-03
3.25834E-03,-1.716E-02
3.25834E-03,-5.164E-03
3.25843E-03,-2.676E-02
3.25843E-03,-1.636E-02
3.25852E-03,-3.476E-02
3.25852E-03,-2.676E-02
3.25861E-03,-3.876E-02
3.25861E-03,-3.396E-02
3.25870E-03,-3.956E-02
3.25870E-03,-3.716E-02
3.25878E-03,-3.796E-02
3.25878E-03,-3.156E-02
3.25887E-03,-3.236E-02
3.25887E-03,-2.356E-02
3.25896E-03,-2.356E-02
3.25896E-03,-1.076E-02
3.25905E-03,-1.156E-02
3.25905E-03,2.036E-03
3.25914E-03,1.236E-03
3.25914E-03,1.564E-02
3.25922E-03,1.484E-02
3.25922E-03,2.684E-02
3.25931E-03,2.604E-02
3.25931E-03,3.564E-02
3.25940E-03,3.484E-02
3.25940E-03,3.964E-02
3.25949E-03,3.804E-02
3.25949E-03,4.044E-02
3.25958E-03,3.324E-02
3.25958E-03,3.964E-02
3.25966E-03,2.444E-02
3.25966E-03,3.404E-02
3.25975E-03,1.164E-02
3.25975E-03,2.524E-02
3.25984E-03,-3.564E-03
3.25984E-03,1.164E-02
3.25993E-03,-1.796E-02
3.25993E-03,-2.764E-03
3.26002E-03,-3.076E-02
3.26002E-03,-1.796E-02
3.26010E-03,-4.036E-02
3.26010E-03,-2.996E-02
3.26019E-03,-4.516E-02
3.26019E-03,-3.956E-02
3.26028E-03,-4.676E-02
3.26028E-03,-4.436E-02
3.26037E-03,-4.516E-02
3.26037E-03,-3.876E-02
3.26046E-03,-3.956E-02
3.26046E-03,-2.836E-02
3.26054E-03,-2.916E-02
3.26054E-03,-1.476E-02
3.26063E-03,-1.796E-02
3.26063E-03,4.357E-04
3.26072E-03,4.357E-04
3.26072E-03,1.564E-02
3.26081E-03,1.484E-02
3.26081E-03,2.924E-02
3.26090E-03,2.844E-02
3.26090E-03,3.884E-02
3.26098E-03,3.804E-02
3.26098E-03,4.444E-02
3.26107E-03,4.364E-02
3.26107E-03,4.524E-02
3.26116E-03,3.804E-02
3.26116E-03,4.444E-02
3.26125E-03,2.844E-02
3.26125E-03,3.884E-02
3.26134E-03,1.564E-02
3.26134E-03,2.924E-02
3.26142E-03,-1.164E-03
3.26142E-03,1.564E-02
3.26151E-03,-1.636E-02
3.26151E-03,-3.643E-04
3.26160E-03,-3.076E-02
3.26160E-03,-1.556E-02
3.26169E-03,-4.116E-02
3.26169E-03,-2.996E-02
3.26178E-03,-4.756E-02
3.26178E-03,-4.036E-02
3.26186E-03,-4.836E-02
3.26186E-03,-4.596E-02
3.26195E-03,-4.836E-02
3.26195E-03,-4.196E-02
3.26204E-03,-4.276E-02
3.26204E-03,-3.236E-02
3.26213E-03,-3.316E-02
3.26213E-03,-1.876E-02
3.26222E-03,-1.876E-02
3.26222E-03,-3.564E-03
3.26230E-03,-3.564E-03
3.26230E-03,1.244E-02
3.26239E-03,1.244E-02
3.26239E-03,2.684E-02
3.26248E-03,2.604E-02
3.26248E-03,3.724E-02
3.26257E-03,3.724E-02
3.26257E-03,4.364E-02
3.26266E-03,4.284E-02
3.26266E-03,4.524E-02
3.26274E-03,3.884E-02
3.26274E-03,4.444E-02
3.26283E-03,3.004E-02
3.26283E-03,3.964E-02
3.26292E-03,1.724E-02
3.26292E-03,3.084E-02
3.26301E-03,2.036E-03
3.26301E-03,1.724E-02
3.26310E-03,-1.316E-02
3.26310E-03,2.836E-03
3.26318E-03,-2.676E-02
3.26318E-03,-1.236E-02
3.26327E-03,-3.796E-02
3.26327E-03,-2.676E-02
3.26336E-03,-4.436E-02
3.26336E-03,-3.636E-02
3.26345E-03,-4.596E-02
3.26345E-03,-4.356E-02
3.26354E-03,-4.516E-02
3.26354E-03,-3.956E-02
3.26362E-03,-4.036E-02
3.26362E-03,-3.156E-02
3.26371E-03,-3.236E-02
3.26371E-03,-1.956E-02
3.26380E-03,-2.036E-02
3.26380E-03,-5.964E-03
3.26389E-03,-5.964E-03
3.26389E-03,9.236E-03
3.26398E-03,8.436E-03
3.26398E-03,2.204E-02
3.26406E-03,2.124E-02
3.26406E-03,3.164E-02
3.26415E-03,3.164E-02
3.26415E-03,3.804E-02
3.26424E-03,3.724E-02
3.26424E-03,3.964E-02
3.26433E-03,3.484E-02
3.26433E-03,3.884E-02
3.26442E-03,2.764E-02
3.26442E-03,3.564E-02
3.26450E-03,1.644E-02
3.26450E-03,2.844E-02
3.26459E-03,3.636E-03
3.26459E-03,1.724E-02
3.26468E-03,-9.164E-03
3.26468E-03,4.436E-03
3.26477E-03,-2.116E-02
3.26477E-03,-8.364E-03
3.26486E-03,-2.996E-02
3.26486E-03,-2.036E-02
3.26494E-03,-3.556E-02
3.26494E-03,-2.996E-02
3.26503E-03,-3.796E-02
3.26503E-03,-3.556E-02
3.26512E-03,-3.716E-02
3.26512E-03,-3.396E-02
3.26521E-03,-3.476E-02
3.26521E-03,-2.756E-02
3.26530E-03,-2.756E-02
3.26530E-03,-1.796E-02
3.26538E-03,-1.876E-02
3.26538E-03,-6.764E-03
3.26547E-03,-7.564E-03
3.26547E-03,4.436E-03
3.26556E-03,3.636E-03
3.26556E-03,1.644E-02
3.26565E-03,1.484E-02
3.26565E-03,2.364E-02
3.26574E-03,2.284E-02
3.26574E-03,2.844E-02
3.26582E-03,2.764E-02
3.26582E-03,3.004E-02
3.26591E-03,2.684E-02
3.26591E-03,3.004E-02
3.26600E-03,2.124E-02
3.26600E-03,2.764E-02
3.26609E-03,1.324E-02
3.26609E-03,2.204E-02
3.26618E-03,4.436E-03
3.26618E-03,1.484E-02
3.26626E-03,-5.164E-03
3.26626E-03,5.236E-03
3.26635E-03,-1.396E-02
3.26635E-03,-4.364E-03
3.26644E-03,-2.116E-02
3.26644E-03,-1.316E-02
3.26653E-03,-2.516E-02
3.26653E-03,-2.036E-02
3.26662E-03,-2.676E-02
3.26662E-03,-2.436E-02
3.26670E-03,-2.676E-02
3.26670E-03,-2.436E-02
3.26679E-03,-2.516E-02
3.26679E-03,-2.036E-02
3.26688E-03,-2.036E-02
3.26688E-03,-1.316E-02
3.26697E-03,-1.396E-02
3.26697E-03,-5.964E-03
3.26706E-03,-6.764E-03
3.26706E-03,1.236E-03
3.26714E-03,4.357E-04
3.26714E-03,8.436E-03
3.26723E-03,8.436E-03
3.26723E-03,1.404E-02
3.26732E-03,1.404E-02
3.26732E-03,1.804E-02
3.26741E-03,1.724E-02
3.26741E-03,1.964E-02
3.26750E-03,1.724E-02
3.26750E-03,1.964E-02
3.26758E-03,1.404E-02
3.26758E-03,1.804E-02
3.26767E-03,9.236E-03
3.26767E-03,1.484E-02
3.26776E-03,2.836E-03
3.26776E-03,1.004E-02
3.26785E-03,-2.764E-03
3.26785E-03,3.636E-03
3.26794E-03,-7.564E-03
3.26794E-03,-1.164E-03
3.26802E-03,-1.236E-02
3.26802E-03,-7.564E-03
3.26811E-03,-1.556E-02
3.26811E-03,-1.156E-02
3.26820E-03,-1.636E-02
3.26820E-03,-1.396E-02
3.26829E-03,-1.556E-02
3.26829E-03,-1.396E-02
3.26838E-03,-1.476E-02
3.26838E-03,-1.236E-02
3.26846E-03,-1.236E-02
3.26846E-03,-8.364E-03
3.26855E-03,-9.164E-03
3.26855E-03,-4.364E-03
3.26864E-03,-5.164E-03
3.26864E-03,-3.643E-04
3.26873E-03,-1.164E-03
3.26873E-03,3.636E-03
3.26882E-03,2.836E-03
3.26882E-03,6.836E-03
3.26890E-03,6.036E-03
3.26890E-03,8.436E-03
3.26899E-03,7.636E-03
3.26899E-03,1.004E-02
3.26908E-03,7.636E-03
3.26908E-03,1.004E-02
3.26917E-03,6.036E-03
3.26917E-03,8.436E-03
3.26926E-03,3.636E-03
3.26926E-03,7.636E-03
3.26934E-03,1.236E-03
3.26934E-03,5.236E-03
3.26943E-03,-1.964E-03
3.26943E-03,2.036E-03
3.26952E-03,-4.364E-03
3.26952E-03,-3.643E-04
3.26961E-03,-5.964E-03
3.26961E-03,-3.564E-03
3.26970E-03,-7.564E-03
3.26970E-03,-5.164E-03
3.26978E-03,-7.564E-03
3.26978E-03,-5.964E-03
3.26987E-03,-8.364E-03
3.26987E-03,-5.964E-03
3.26996E-03,-7.564E-03
3.26996E-03,-5.164E-03
3.27005E-03,-6.764E-03
3.27005E-03,-4.364E-03
3.27014E-03,-5.164E-03
3.27014E-03,-2.764E-03
3.27022E-03,-3.564E-03
3.27022E-03,-1.164E-03
3.27031E-03,-1.964E-03
3.27031E-03,4.357E-04
3.27040E-03,-3.643E-04
3.27040E-03,2.036E-03
3.27049E-03,4.357E-04
3.27049E-03,3.636E-03
3.27058E-03,4.357E-04
3.27058E-03,4.436E-03
3.27066E-03,1.236E-03
3.27066E-03,3.636E-03
3.27075E-03,1.236E-03
3.27075E-03,3.636E-03
3.27084E-03,4.357E-04
3.27084E-03,2.836E-03
3.27093E-03,-3.643E-04
3.27093E-03,1.236E-03
3.27102E-03,-1.964E-03
3.27102E-03,4.357E-04
3.27110E-03,-2.764E-03
3.27110E-03,-3.643E-04
3.27119E-03,-3.564E-03
3.27119E-03,-1.164E-03
3.27128E-03,-4.364E-03
3.27128E-03,-1.964E-03
3.27137E-03,-4.364E-03
3.27137E-03,-2.764E-03
3.27146E-03,-4.364E-03
3.27146E-03,-2.764E-03
3.27154E-03,-4.364E-03
3.27154E-03,-2.764E-03
3.27163E-03,-4.364E-03
3.27163E-03,-1.964E-03
3.27172E-03,-3.564E-03
3.27172E-03,-1.164E-03
3.27181E-03,-2.764E-03
3.27181E-03,-1.164E-03
3.27190E-03,-1.964E-03
3.27190E-03,-3.643E-04
3.27198E-03,-1.164E-03
3.27198E-03,1.236E-03
3.27207E-03,-3.643E-04
3.27207E-03,1.236E-03
3.27216E-03,4.357E-04
3.27216E-03,2.036E-03
3.27225E-03,4.357E-04
3.27225E-03,2.036E-03
3.27234E-03,4.357E-04
3.27234E-03,2.036E-03
3.27242E-03,4.357E-04
3.27242E-03,2.036E-03
3.27251E-03,-3.643E-04
3.27251E-03,2.036E-03
3.27260E-03,-1.164E-03
3.27260E-03,4.357E-04
3.27269E-03,-2.764E-03
3.27269E-03,-3.643E-04
3.27278E-03,-3.564E-03
3.27278E-03,-1.164E-03
3.27286E-03,-5.164E-03
3.27286E-03,-2.764E-03
3.27295E-03,-5.964E-03
3.27295E-03,-3.564E-03
3.27304E-03,-5.964E-03
3.27304E-03,-4.364E-03
3.27313E-03,-5.964E-03
3.27313E-03,-4.364E-03
3.27322E-03,-5.964E-03
3.27322E-03,-4.364E-03
3.27330E-03,-5.164E-03
3.27330E-03,-2.764E-03
3.27339E-03,-4.364E-03
3.27339E-03,-1.964E-03
3.27348E-03,-2.764E-03
3.27348E-03,4.357E-04
3.27357E-03,-1.164E-03
3.27357E-03,2.836E-03
3.27366E-03,1.236E-03
3.27366E-03,3.636E-03
3.27374E-03,2.836E-03
3.27374E-03,5.236E-03
3.27383E-03,4.436E-03
3.27383E-03,6.036E-03
3.27392E-03,4.436E-03
3.27392E-03,6.836E-03
3.27401E-03,3.636E-03
3.27401E-03,6.036E-03
3.27410E-03,2.836E-03
3.27410E-03,5.236E-03
3.27418E-03,-3.643E-04
3.27418E-03,2.836E-03
3.27427E-03,-3.564E-03
3.27427E-03,4.357E-04
3.27436E-03,-6.764E-03
3.27436E-03,-2.764E-03
3.27445E-03,-9.164E-03
3.27445E-03,-5.964E-03
3.27454E-03,-1.156E-02
3.27454E-03,-8.364E-03
3.27462E-03,-1.316E-02
3.27462E-03,-1.076E-02
3.27471E-03,-1.316E-02
3.27471E-03,-1.156E-02
3.27480E-03,-1.236E-02
3.27480E-03,-9.964E-03
3.27489E-03,-1.076E-02
3.27489E-03,-7.564E-03
3.27498E-03,-8.364E-03
3.27498E-03,-3.564E-03
3.27506E-03,-4.364E-03
3.27506E-03,4.357E-04
3.27515E-03,4.357E-04
3.27515E-03,6.036E-03
3.27524E-03,4.436E-03
3.27524E-03,9.236E-03
3.27533E-03,8.436E-03
3.27533E-03,1.324E-02
3.27542E-03,1.244E-02
3.27542E-03,1.564E-02
3.27550E-03,1.244E-02
3.27550E-03,1.644E-02
3.27559E-03,1.084E-02
3.27559E-03,1.564E-02
3.27568E-03,7.636E-03
3.27568E-03,1.244E-02
3.27577E-03,2.836E-03
3.27577E-03,9.236E-03
3.27586E-03,-3.564E-03
3.27586E-03,2.836E-03
3.27594E-03,-9.964E-03
3.27594E-03,-2.764E-03
3.27603E-03,-1.556E-02
3.27603E-03,-9.164E-03
3.27612E-03,-2.036E-02
3.27612E-03,-1.476E-02
3.27621E-03,-2.276E-02
3.27621E-03,-1.956E-02
3.27630E-03,-2.356E-02
3.27630E-03,-2.116E-02
3.27638E-03,-2.276E-02
3.27638E-03,-1.876E-02
3.27647E-03,-1.956E-02
3.27647E-03,-1.396E-02
3.27656E-03,-1.476E-02
3.27656E-03,-7.564E-03
3.27665E-03,-7.564E-03
3.27665E-03,4.357E-04
3.27674E-03,4.357E-04
3.27674E-03,9.236E-03
3.27682E-03,8.436E-03
3.27682E-03,1.644E-02
3.27691E-03,1.564E-02
3.27691E-03,2.204E-02
3.27700E-03,2.124E-02
3.27700E-03,2.524E-02
3.27709E-03,2.364E-02
3.27709E-03,2.604E-02
3.27718E-03,2.124E-02
3.27718E-03,2.524E-02
3.27726E-03,1.484E-02
3.27726E-03,2.204E-02
3.27735E-03,6.836E-03
3.27735E-03,1.564E-02
3.27744E-03,-2.764E-03
3.27744E-03,6.836E-03
3.27753E-03,-1.236E-02
3.27753E-03,-2.764E-03
3.27762E-03,-2.196E-02
3.27762E-03,-1.236E-02
3.27770E-03,-2.916E-02
3.27770E-03,-2.116E-02
3.27779E-03,-3.316E-02
3.27779E-03,-2.916E-02
3.27788E-03,-3.396E-02
3.27788E-03,-3.236E-02
3.27797E-03,-3.316E-02
3.27797E-03,-2.916E-02
3.27806E-03,-2.996E-02
3.27806E-03,-2.196E-02
3.27814E-03,-2.196E-02
3.27814E-03,-1.156E-02
3.27823E-03,-1.236E-02
3.27823E-03,-3.643E-04
3.27832E-03,-1.164E-03
3.27832E-03,1.164E-02
3.27841E-03,1.084E-02
3.27841E-03,2.204E-02
3.27850E-03,2.204E-02
3.27850E-03,3.084E-02
3.27858E-03,3.004E-02
3.27858E-03,3.564E-02
3.27867E-03,3.404E-02
3.27867E-03,3.644E-02
3.27876E-03,3.164E-02
3.27876E-03,3.644E-02
3.27885E-03,2.284E-02
3.27885E-03,3.244E-02
3.27894E-03,1.244E-02
3.27894E-03,2.364E-02
3.27902E-03,-3.643E-04
3.27902E-03,1.244E-02
3.27911E-03,-1.476E-02
3.27911E-03,-3.643E-04
3.27920E-03,-2.676E-02
3.27920E-03,-1.396E-02
3.27929E-03,-3.556E-02
3.27929E-03,-2.596E-02
3.27938E-03,-4.196E-02
3.27938E-03,-3.556E-02
3.27946E-03,-4.356E-02
3.27946E-03,-4.116E-02
3.27955E-03,-4.276E-02
3.27955E-03,-3.796E-02
3.27964E-03,-3.796E-02
3.27964E-03,-2.916E-02
3.27973E-03,-2.996E-02
3.27973E-03,-1.716E-02
3.27982E-03,-1.716E-02
3.27982E-03,-2.764E-03
3.27990E-03,-3.564E-03
3.27990E-03,1.164E-02
3.27999E-03,1.164E-02
3.27999E-03,2.524E-02
3.28008E-03,2.524E-02
3.28008E-03,3.564E-02
3.28017E-03,3.484E-02
3.28017E-03,4.204E-02
3.28026E-03,4.124E-02
3.28026E-03,4.364E-02
3.28034E-03,3.804E-02
3.28034E-03,4.284E-02
3.28043E-03,2.924E-02
3.28043E-03,3.884E-02
3.28052E-03,1.564E-02
3.28052E-03,3.084E-02
3.28061E-03,2.036E-03
3.28061E-03,1.724E-02
3.28070E-03,-1.316E-02
3.28070E-03,2.836E-03
3.28078E-03,-2.756E-02
3.28078E-03,-1.316E-02
3.28087E-03,-3.876E-02
3.28087E-03,-2.756E-02
3.28096E-03,-4.676E-02
3.28096E-03,-3.876E-02
3.28105E-03,-4.836E-02
3.28105E-03,-4.516E-02
3.28114E-03,-4.756E-02
3.28114E-03,-4.276E-02
3.28122E-03,-4.436E-02
3.28122E-03,-3.396E-02
3.28131E-03,-3.476E-02
3.28131E-03,-2.116E-02
3.28140E-03,-2.196E-02
3.28140E-03,-5.964E-03
3.28149E-03,-5.964E-03
3.28149E-03,1.004E-02
3.28158E-03,9.236E-03
3.28158E-03,2.444E-02
3.28166E-03,2.364E-02
3.28166E-03,3.644E-02
3.28175E-03,3.644E-02
3.28175E-03,4.364E-02
3.28184E-03,4.284E-02
3.28184E-03,4.604E-02
3.28193E-03,4.124E-02
3.28193E-03,4.524E-02
3.28202E-03,3.324E-02
3.28202E-03,4.204E-02
3.28210E-03,2.044E-02
3.28210E-03,3.324E-02
3.28219E-03,5.236E-03
3.28219E-03,2.124E-02
3.28228E-03,-1.076E-02
3.28228E-03,5.236E-03
3.28237E-03,-2.596E-02
3.28237E-03,-1.076E-02
3.28246E-03,-3.716E-02
3.28246E-03,-2.516E-02
3.28254E-03,-4.516E-02
3.28254E-03,-3.636E-02
3.28263E-03,-4.756E-02
3.28263E-03,-4.436E-02
3.28272E-03,-4.756E-02
3.28272E-03,-4.276E-02
3.28281E-03,-4.436E-02
3.28281E-03,-3.476E-02
3.28290E-03,-3.556E-02
3.28290E-03,-2.356E-02
3.28298E-03,-2.356E-02
3.28298E-03,-9.164E-03
3.28307E-03,-9.164E-03
3.28307E-03,6.836E-03
3.28316E-03,6.036E-03
3.28316E-03,2.124E-02
3.28325E-03,2.044E-02
3.28325E-03,3.244E-02
3.28334E-03,3.244E-02
3.28334E-03,4.044E-02
3.28342E-03,3.964E-02
3.28342E-03,4.284E-02
3.28351E-03,3.964E-02
3.28351E-03,4.284E-02
3.28360E-03,3.164E-02
3.28360E-03,4.044E-02
3.28369E-03,2.124E-02
3.28369E-03,3.244E-02
3.28378E-03,6.836E-03
3.28378E-03,2.124E-02
3.28386E-03,-6.764E-03
3.28386E-03,8.436E-03
3.28395E-03,-2.036E-02
3.28395E-03,-5.964E-03
3.28404E-03,-3.236E-02
3.28404E-03,-2.036E-02
3.28413E-03,-3.876E-02
3.28413E-03,-3.076E-02
3.28422E-03,-4.196E-02
3.28422E-03,-3.796E-02
3.28430E-03,-4.196E-02
3.28430E-03,-3.876E-02
3.28439E-03,-3.956E-02
3.28439E-03,-3.236E-02
3.28448E-03,-3.316E-02
3.28448E-03,-2.196E-02
3.28457E-03,-2.276E-02
3.28457E-03,-9.164E-03
3.28466E-03,-9.964E-03
3.28466E-03,3.636E-03
3.28474E-03,2.836E-03
3.28474E-03,1.564E-02
3.28483E-03,1.484E-02
3.28483E-03,2.524E-02
3.28492E-03,2.524E-02
3.28492E-03,3.244E-02
3.28501E-03,3.164E-02
3.28501E-03,3.564E-02
3.28510E-03,3.244E-02
3.28510E-03,3.564E-02
3.28518E-03,2.684E-02
3.28518E-03,3.324E-02
3.28527E-03,1.884E-02
3.28527E-03,2.764E-02
3.28536E-03,7.636E-03
3.28536E-03,1.884E-02
3.28545E-03,-5.164E-03
3.28545E-03,8.436E-03
3.28554E-03,-1.556E-02
3.28554E-03,-4.364E-03
3.28562E-03,-2.276E-02
3.28562E-03,-1.396E-02
3.28571E-03,-2.996E-02
3.28571E-03,-2.276E-02
3.28580E-03,-3.236E-02
3.28580E-03,-2.916E-02
3.28589E-03,-3.236E-02
3.28589E-03,-2.996E-02
3.28598E-03,-3.076E-02
3.28598E-03,-2.516E-02
3.28606E-03,-2.596E-02
3.28606E-03,-1.796E-02
3.28615E-03,-1.876E-02
3.28615E-03,-9.164E-03
3.28624E-03,-9.964E-03
3.28624E-03,4.357E-04
3.28633E-03,-3.643E-04
3.28633E-03,1.004E-02
3.28642E-03,8.436E-03
3.28642E-03,1.724E-02
3.28650E-03,1.644E-02
3.28650E-03,2.204E-02
3.28659E-03,2.124E-02
3.28659E-03,2.444E-02
3.28668E-03,2.284E-02
3.28668E-03,2.444E-02
3.28677E-03,1.964E-02
3.28677E-03,2.364E-02
3.28686E-03,1.324E-02
3.28686E-03,2.044E-02
3.28694E-03,6.036E-03
3.28694E-03,1.404E-02
3.28703E-03,-1.964E-03
3.28703E-03,6.836E-03
3.28712E-03,-9.164E-03
3.28712E-03,-1.164E-03
3.28721E-03,-1.556E-02
3.28721E-03,-8.364E-03
3.28730E-03,-1.956E-02
3.28730E-03,-1.396E-02
3.28738E-03,-2.116E-02
3.28738E-03,-1.876E-02
3.28747E-03,-2.196E-02
3.28747E-03,-1.956E-02
3.28756E-03,-2.036E-02
3.28756E-03,-1.716E-02
3.28765E-03,-1.796E-02
3.28765E-03,-1.236E-02
3.28774E-03,-1.236E-02
3.28774E-03,-6.764E-03
3.28782E-03,-7.564E-03
3.28782E-03,-3.643E-04
3.28791E-03,-1.964E-03
3.28791E-03,4.436E-03
3.28800E-03,3.636E-03
3.28800E-03,9.236E-03
3.28809E-03,8.436E-03
3.28809E-03,1.244E-02
3.28818E-03,1.164E-02
3.28818E-03,1.404E-02
3.28826E-03,1.244E-02
3.28826E-03,1.404E-02
3.28835E-03,1.084E-02
3.28835E-03,1.324E-02
3.28844E-03,7.636E-03
3.28844E-03,1.164E-02
3.28853E-03,3.636E-03
3.28853E-03,8.436E-03
3.28862E-03,-3.643E-04
3.28862E-03,4.436E-03
3.28870E-03,-4.364E-03
3.28870E-03,-3.643E-04
3.28879E-03,-8.364E-03
3.28879E-03,-3.564E-03
3.28888E-03,-9.964E-03
3.28888E-03,-6.764E-03
3.28897E-03,-1.156E-02
3.28897E-03,-9.164E-03
3.28906E-03,-1.156E-02
3.28906E-03,-9.964E-03
3.28914E-03,-1.076E-02
3.28914E-03,-9.164E-03
3.28923E-03,-9.964E-03
3.28923E-03,-6.764E-03
3.28932E-03,-7.564E-03
3.28932E-03,-4.364E-03
3.28941E-03,-5.164E-03
3.28941E-03,-1.164E-03
3.28950E-03,-1.964E-03
3.28950E-03,1.236E-03
3.28958E-03,4.357E-04
3.28958E-03,2.836E-03
3.28967E-03,2.036E-03
3.28967E-03,5.236E-03
3.28976E-03,3.636E-03
3.28976E-03,6.036E-03
3.28985E-03,4.436E-03
3.28985E-03,6.036E-03
3.28994E-03,3.636E-03
3.28994E-03,6.036E-03
3.29002E-03,2.036E-03
3.29002E-03,4.436E-03
3.29011E-03,4.357E-04
3.29011E-03,3.636E-03
3.29020E-03,-1.164E-03
3.29020E-03,2.036E-03
3.29029E-03,-2.764E-03
3.29029E-03,4.357E-04
3.29038E-03,-4.364E-03
3.29038E-03,-1.964E-03
3.29046E-03,-6.764E-03
3.29046E-03,-1.964E-03
3.29055E-03,-5.964E-03
3.29055E-03,-1.964E-03
3.29064E-03,-5.964E-03
3.29064E-03,-3.564E-03
3.29073E-03,-5.164E-03
3.29073E-03,-3.564E-03
3.29082E-03,-5.164E-03
3.29082E-03,-2.764E-03
3.29090E-03,-4.364E-03
3.29090E-03,-1.964E-03
3.29099E-03,-3.564E-03
3.29099E-03,-1.164E-03
3.29108E-03,-2.764E-03
3.29108E-03,-3.643E-04
3.29117E-03,-1.164E-03
3.29117E-03,1.236E-03
3.29126E-03,-3.643E-04
3.29126E-03,1.236E-03
3.29134E-03,-3.643E-04
3.29134E-03,2.036E-03
3.29143E-03,-3.643E-04
3.29143E-03,2.036E-03
3.29152E-03,4.357E-04
3.29152E-03,2.036E-03
3.29161E-03,-3.643E-04
3.29161E-03,2.036E-03
3.29170E-03,-3.643E-04
3.29170E-03,1.236E-03
3.29178E-03,-1.164E-03
3.29178E-03,4.357E-04
3.29187E-03,-1.964E-03
3.29187E-03,-3.643E-04
3.29196E-03,-2.764E-03
3.29196E-03,-1.164E-03
3.29205E-03,-3.564E-03
3.29205E-03,-1.964E-03
3.29214E-03,-4.364E-03
3.29214E-03,-2.764E-03
3.29222E-03,-4.364E-03
3.29222E-03,-2.764E-03
3.29231E-03,-5.164E-03
3.29231E-03,-2.764E-03
3.29240E-03,-4.364E-03
3.29240E-03,-2.764E-03
3.29249E-03,-4.364E-03
3.29249E-03,-1.964E-03
3.29258E-03,-3.564E-03
3.29258E-03,-1.164E-03
3.29266E-03,-2.764E-03
3.29266E-03,-3.643E-04
3.29275E-03,-1.964E-03
3.29275E-03,1.236E-03
3.29284E-03,-3.643E-04
3.29284E-03,2.036E-03
3.29293E-03,1.236E-03
3.29293E-03,2.836E-03
3.29302E-03,2.036E-03
3.29302E-03,3.636E-03
3.29310E-03,2.036E-03
3.29310E-03,3.636E-03
3.29319E-03,2.036E-03
3.29319E-03,3.636E-03
3.29328E-03,4.357E-04
3.29328E-03,2.836E-03
3.29337E-03,-3.643E-04
3.29337E-03,2.036E-03
3.29346E-03,-1.964E-03
3.29346E-03,4.357E-04
3.29354E-03,-4.364E-03
3.29354E-03,-1.164E-03
3.29363E-03,-6.764E-03
3.29363E-03,-3.564E-03
3.29372E-03,-8.364E-03
3.29372E-03,-5.164E-03
3.29381E-03,-8.364E-03
3.29381E-03,-6.764E-03
3.29390E-03,-9.164E-03
3.29390E-03,-7.564E-03
3.29398E-03,-9.164E-03
3.29398E-03,-6.764E-03
3.29407E-03,-8.364E-03
3.29407E-03,-5.164E-03
3.29416E-03,-5.964E-03
3.29416E-03,-2.764E-03
3.29425E-03,-4.364E-03
3.29425E-03,-3.643E-04
3.29434E-03,-1.164E-03
3.29434E-03,2.836E-03
3.29442E-03,2.036E-03
3.29442E-03,6.036E-03
3.29451E-03,5.236E-03
3.29451E-03,8.436E-03
3.29460E-03,7.636E-03
3.29460E-03,1.004E-02
3.29469E-03,9.236E-03
3.29469E-03,1.084E-02
3.29478E-03,8.436E-03
3.29478E-03,1.084E-02
3.29486E-03,5.236E-03
3.29486E-03,9.236E-03
3.29495E-03,2.836E-03
3.29495E-03,6.836E-03
3.29504E-03,-2.764E-03
3.29504E-03,2.836E-03
3.29513E-03,-6.764E-03
3.29513E-03,-1.164E-03
3.29522E-03,-1.076E-02
3.29522E-03,-5.964E-03
3.29530E-03,-1.476E-02
3.29530E-03,-1.076E-02
3.29539E-03,-1.716E-02
3.29539E-03,-1.396E-02
3.29548E-03,-1.956E-02
3.29548E-03,-1.476E-02
3.29557E-03,-1.796E-02
3.29557E-03,-1.396E-02
3.29566E-03,-1.636E-02
3.29566E-03,-1.156E-02
3.29574E-03,-1.236E-02
3.29574E-03,-5.964E-03
3.29583E-03,-6.764E-03
3.29583E-03,-1.164E-03
3.29592E-03,-1.964E-03
3.29592E-03,6.036E-03
3.29601E-03,5.236E-03
3.29601E-03,1.164E-02
3.29610E-03,1.164E-02
3.29610E-03,1.644E-02
3.29618E-03,1.564E-02
3.29618E-03,1.964E-02
3.29627E-03,1.884E-02
3.29627E-03,2.044E-02
3.29636E-03,1.724E-02
3.29636E-03,2.044E-02
3.29645E-03,1.324E-02
3.29645E-03,1.804E-02
3.29654E-03,6.836E-03
3.29654E-03,1.404E-02
3.29662E-03,-1.164E-03
3.29662E-03,6.836E-03
3.29671E-03,-9.164E-03
3.29671E-03,-3.643E-04
3.29680E-03,-1.716E-02
3.29680E-03,-8.364E-03
3.29689E-03,-2.356E-02
3.29689E-03,-1.636E-02
3.29698E-03,-2.756E-02
3.29698E-03,-2.276E-02
3.29706E-03,-2.836E-02
3.29706E-03,-2.596E-02
3.29715E-03,-2.836E-02
3.29715E-03,-2.516E-02
3.29724E-03,-2.596E-02
3.29724E-03,-1.956E-02
3.29733E-03,-2.036E-02
3.29733E-03,-1.156E-02
3.29742E-03,-1.236E-02
3.29742E-03,-1.964E-03
3.29750E-03,-2.764E-03
3.29750E-03,7.636E-03
3.29759E-03,7.636E-03
3.29759E-03,1.724E-02
3.29768E-03,1.644E-02
3.29768E-03,2.524E-02
3.29777E-03,2.364E-02
3.29777E-03,3.004E-02
3.29786E-03,2.924E-02
3.29786E-03,3.164E-02
3.29794E-03,2.764E-02
3.29794E-03,3.164E-02
3.29803E-03,2.124E-02
3.29803E-03,2.844E-02
3.29812E-03,1.244E-02
3.29812E-03,2.204E-02
3.29821E-03,1.236E-03
3.29821E-03,1.244E-02
3.29830E-03,-1.076E-02
3.29830E-03,1.236E-03
3.29838E-03,-2.196E-02
3.29838E-03,-1.076E-02
3.29847E-03,-3.076E-02
3.29847E-03,-2.116E-02
3.29856E-03,-3.636E-02
3.29856E-03,-2.996E-02
3.29865E-03,-3.876E-02
3.29865E-03,-3.556E-02
3.29874E-03,-3.876E-02
3.29874E-03,-3.476E-02
3.29882E-03,-3.556E-02
3.29882E-03,-2.756E-02
3.29891E-03,-2.836E-02
3.29891E-03,-1.796E-02
3.29900E-03,-1.796E-02
3.29900E-03,-5.164E-03
3.29909E-03,-5.964E-03
3.29909E-03,8.436E-03
3.29918E-03,7.636E-03
3.29918E-03,2.124E-02
3.29926E-03,2.044E-02
3.29926E-03,3.084E-02
3.29935E-03,3.084E-02
3.29935E-03,3.804E-02
3.29944E-03,3.804E-02
3.29944E-03,4.044E-02
3.29953E-03,3.724E-02
3.29953E-03,4.044E-02
3.29962E-03,2.924E-02
3.29962E-03,3.804E-02
3.29970E-03,1.884E-02
3.29970E-03,3.004E-02
3.29979E-03,4.436E-03
3.29979E-03,1.884E-02
3.29988E-03,-9.964E-03
3.29988E-03,5.236E-03
3.29997E-03,-2.356E-02
3.29997E-03,-9.964E-03
3.30006E-03,-3.556E-02
3.30006E-03,-2.356E-02
3.30014E-03,-4.276E-02
3.30014E-03,-3.556E-02
3.30023E-03,-4.596E-02
3.30023E-03,-4.276E-02
3.30032E-03,-4.596E-02
3.30032E-03,-4.196E-02
3.30041E-03,-4.276E-02
3.30041E-03,-3.476E-02
3.30050E-03,-3.556E-02
3.30050E-03,-2.276E-02
3.30058E-03,-2.276E-02
3.30058E-03,-9.164E-03
3.30067E-03,-9.164E-03
3.30067E-03,6.836E-03
3.30076E-03,6.836E-03
3.30076E-03,2.204E-02
3.30085E-03,2.124E-02
3.30085E-03,3.404E-02
3.30094E-03,3.404E-02
3.30094E-03,4.204E-02
3.30102E-03,4.204E-02
3.30102E-03,4.604E-02
3.30111E-03,4.204E-02
3.30111E-03,4.524E-02
3.30120E-03,3.484E-02
3.30120E-03,4.284E-02
3.30129E-03,2.284E-02
3.30129E-03,3.564E-02
3.30138E-03,8.436E-03
3.30138E-03,2.364E-02
3.30146E-03,-7.564E-03
3.30146E-03,8.436E-03
3.30155E-03,-2.276E-02
3.30155E-03,-7.564E-03
3.30164E-03,-3.636E-02
3.30164E-03,-2.276E-02
3.30173E-03,-4.436E-02
3.30173E-03,-3.556E-02
3.30182E-03,-4.836E-02
3.30182E-03,-4.356E-02
3.30190E-03,-4.836E-02
3.30190E-03,-4.516E-02
3.30199E-03,-4.596E-02
3.30199E-03,-3.796E-02
3.30208E-03,-3.876E-02
3.30208E-03,-2.596E-02
3.30217E-03,-2.676E-02
3.30217E-03,-1.156E-02
3.30226E-03,-1.156E-02
3.30226E-03,4.436E-03
3.30234E-03,3.636E-03
3.30234E-03,1.964E-02
3.30243E-03,1.884E-02
3.30243E-03,3.244E-02
3.30252E-03,3.164E-02
3.30252E-03,4.124E-02
3.30261E-03,4.044E-02
3.30261E-03,4.524E-02
3.30270E-03,4.284E-02
3.30270E-03,4.524E-02
3.30278E-03,3.564E-02
3.30278E-03,4.364E-02
3.30287E-03,2.524E-02
3.30287E-03,3.644E-02
3.30296E-03,1.084E-02
3.30296E-03,2.524E-02
3.30305E-03,-4.364E-03
3.30305E-03,1.164E-02
3.30314E-03,-1.956E-02
3.30314E-03,-4.364E-03
3.30322E-03,-3.156E-02
3.30322E-03,-1.876E-02
3.30331E-03,-4.036E-02
3.30331E-03,-3.156E-02
3.30340E-03,-4.516E-02
3.30340E-03,-4.036E-02
3.30349E-03,-4.516E-02
3.30349E-03,-4.276E-02
3.30358E-03,-4.356E-02
3.30358E-03,-3.636E-02
3.30366E-03,-3.716E-02
3.30366E-03,-2.676E-02
3.30375E-03,-2.676E-02
3.30375E-03,-1.316E-02
3.30384E-03,-1.316E-02
3.30384E-03,1.236E-03
3.30393E-03,1.236E-03
3.30393E-03,1.564E-02
3.30402E-03,1.484E-02
3.30402E-03,2.684E-02
3.30410E-03,2.684E-02
3.30410E-03,3.564E-02
3.30419E-03,3.484E-02
3.30419E-03,3.964E-02
3.30428E-03,3.724E-02
3.30428E-03,3.964E-02
3.30437E-03,3.244E-02
3.30437E-03,3.884E-02
3.30446E-03,2.364E-02
3.30446E-03,3.244E-02
3.30454E-03,1.164E-02
3.30454E-03,2.364E-02
3.30463E-03,-1.964E-03
3.30463E-03,1.164E-02
3.30472E-03,-1.476E-02
3.30472E-03,-1.164E-03
3.30481E-03,-2.596E-02
3.30481E-03,-1.396E-02
3.30490E-03,-3.316E-02
3.30490E-03,-2.436E-02
3.30498E-03,-3.716E-02
3.30498E-03,-3.236E-02
3.30507E-03,-3.796E-02
3.30507E-03,-3.556E-02
3.30516E-03,-3.636E-02
3.30516E-03,-3.156E-02
3.30525E-03,-3.236E-02
3.30525E-03,-2.276E-02
3.30534E-03,-2.356E-02
3.30534E-03,-1.236E-02
3.30542E-03,-1.396E-02
3.30542E-03,4.357E-04
3.30551E-03,-1.964E-03
3.30551E-03,1.004E-02
3.30560E-03,9.236E-03
3.30560E-03,1.964E-02
3.30569E-03,1.884E-02
3.30569E-03,2.604E-02
3.30578E-03,2.524E-02
3.30578E-03,3.004E-02
3.30586E-03,2.844E-02
3.30586E-03,3.004E-02
3.30595E-03,2.524E-02
3.30595E-03,2.924E-02
3.30604E-03,1.884E-02
3.30604E-03,2.604E-02
3.30613E-03,9.236E-03
3.30613E-03,1.884E-02
3.30622E-03,-3.643E-04
3.30622E-03,1.004E-02
3.30630E-03,-9.164E-03
3.30630E-03,4.357E-04
3.30639E-03,-1.796E-02
3.30639E-03,-9.164E-03
3.30648E-03,-2.356E-02
3.30648E-03,-1.716E-02
3.30657E-03,-2.676E-02
3.30657E-03,-2.276E-02
3.30666E-03,-2.756E-02
3.30666E-03,-2.516E-02
3.30674E-03,-2.676E-02
3.30674E-03,-2.276E-02
3.30683E-03,-2.356E-02
3.30683E-03,-1.716E-02
3.30692E-03,-1.716E-02
3.30692E-03,-1.076E-02
3.30701E-03,-1.156E-02
3.30701E-03,-1.964E-03
3.30710E-03,-2.764E-03
3.30710E-03,5.236E-03
3.30718E-03,4.436E-03
3.30718E-03,1.164E-02
3.30727E-03,1.084E-02
3.30727E-03,1.644E-02
3.30736E-03,1.564E-02
3.30736E-03,1.884E-02
3.30745E-03,1.724E-02
3.30745E-03,1.964E-02
3.30754E-03,1.564E-02
3.30754E-03,1.884E-02
3.30762E-03,1.164E-02
3.30762E-03,1.644E-02
3.30771E-03,6.836E-03
3.30771E-03,1.324E-02
3.30780E-03,4.357E-04
3.30780E-03,6.836E-03
3.30789E-03,-5.164E-03
3.30789E-03,1.236E-03
3.30798E-03,-9.964E-03
3.30798E-03,-4.364E-03
3.30806E-03,-1.396E-02
3.30806E-03,-9.964E-03
3.30815E-03,-1.556E-02
3.30815E-03,-1.316E-02
3.30824E-03,-1.636E-02
3.30824E-03,-1.476E-02
3.30833E-03,-1.556E-02
3.30833E-03,-1.396E-02
3.30842E-03,-1.396E-02
3.30842E-03,-1.076E-02
3.30850E-03,-1.156E-02
3.30850E-03,-6.764E-03
3.30859E-03,-7.564E-03
3.30859E-03,-2.764E-03
3.30868E-03,-2.764E-03
3.30868E-03,1.236E-03
3.30877E-03,-3.643E-04
3.30877E-03,5.236E-03
3.30886E-03,4.436E-03
3.30886E-03,7.636E-03
3.30894E-03,6.036E-03
3.30894E-03,9.236E-03
3.30903E-03,7.636E-03
3.30903E-03,9.236E-03
3.30912E-03,6.836E-03
3.30912E-03,9.236E-03
3.30921E-03,5.236E-03
3.30921E-03,8.436E-03
3.30930E-03,2.836E-03
3.30930E-03,6.036E-03
3.30938E-03,-3.643E-04
3.30938E-03,3.636E-03
3.30947E-03,-3.564E-03
3.30947E-03,4.357E-04
3.30956E-03,-5.164E-03
3.30956E-03,-1.964E-03
3.30965E-03,-7.564E-03
3.30965E-03,-4.364E-03
3.30974E-03,-8.364E-03
3.30974E-03,-5.964E-03
3.30982E-03,-8.364E-03
3.30982E-03,-6.764E-03
3.30991E-03,-8.364E-03
3.30991E-03,-6.764E-03
3.31000E-03,-7.564E-03
3.31000E-03,-5.164E-03
3.31009E-03,-5.964E-03
3.31009E-03,-3.564E-03
3.31018E-03,-4.364E-03
3.31018E-03,-1.964E-03
3.31026E-03,-2.764E-03
3.31026E-03,-3.643E-04
3.31035E-03,-1.164E-03
3.31035E-03,2.036E-03
3.31044E-03,-1.164E-03
3.31044E-03,2.836E-03
3.31053E-03,4.357E-04
3.31053E-03,3.636E-03
3.31062E-03,1.236E-03
3.31062E-03,3.636E-03
3.31070E-03,1.236E-03
3.31070E-03,3.636E-03
3.31079E-03,4.357E-04
3.31079E-03,2.836E-03
3.31088E-03,-3.643E-04
3.31088E-03,2.036E-03
3.31097E-03,-1.164E-03
3.31097E-03,1.236E-03
3.31106E-03,-1.964E-03
3.31106E-03,4.357E-04
3.31114E-03,-2.764E-03
3.31114E-03,-1.164E-03
3.31123E-03,-4.364E-03
3.31123E-03,-1.964E-03
3.31132E-03,-4.364E-03
3.31132E-03,-2.764E-03
3.31141E-03,-5.164E-03
3.31141E-03,-2.764E-03
3.31150E-03,-4.364E-03
3.31150E-03,-2.764E-03
3.31158E-03,-4.364E-03
3.31158E-03,-2.764E-03
3.31167E-03,-4.364E-03
3.31167E-03,-1.964E-03
3.31176E-03,-3.564E-03
3.31176E-03,-1.164E-03
3.31185E-03,-2.764E-03
3.31185E-03,-3.643E-04
3.31194E-03,-1.964E-03
3.31194E-03,4.357E-04
3.31202E-03,-1.164E-03
3.31202E-03,1.236E-03
3.31211E-03,-3.643E-04
3.31211E-03,2.036E-03
3.31220E-03,4.357E-04
3.31220E-03,2.036E-03
3.31229E-03,4.357E-04
3.31229E-03,2.836E-03
3.31238E-03,4.357E-04
3.31238E-03,2.036E-03
3.31246E-03,4.357E-04
3.31246E-03,2.036E-03
3.31255E-03,-1.164E-03
3.31255E-03,1.236E-03
3.31264E-03,-1.964E-03
3.31264E-03,4.357E-04
3.31273E-03,-3.564E-03
3.31273E-03,-3.643E-04
3.31282E-03,-4.364E-03
3.31282E-03,-1.964E-03
3.31290E-03,-5.164E-03
3.31290E-03,-2.764E-03
3.31299E-03,-5.964E-03
3.31299E-03,-3.564E-03
3.31308E-03,-6.764E-03
3.31308E-03,-4.364E-03
3.31317E-03,-5.964E-03
3.31317E-03,-4.364E-03
3.31326E-03,-5.964E-03
3.31326E-03,-2.764E-03
3.31334E-03,-5.164E-03
3.31334E-03,-1.964E-03
3.31343E-03,-3.564E-03
3.31343E-03,-3.643E-04
3.31352E-03,-1.964E-03
3.31352E-03,1.236E-03
3.31361E-03,4.357E-04
3.31361E-03,3.636E-03
3.31370E-03,2.036E-03
3.31370E-03,5.236E-03
3.31378E-03,3.636E-03
3.31378E-03,6.036E-03
3.31387E-03,5.236E-03
3.31387E-03,6.036E-03
3.31396E-03,4.436E-03
3.31396E-03,6.836E-03
3.31405E-03,3.636E-03
3.31405E-03,6.036E-03
3.31414E-03,1.236E-03
3.31414E-03,4.436E-03
3.31422E-03,-1.164E-03
3.31422E-03,2.836E-03
3.31431E-03,-4.364E-03
3.31431E-03,-1.164E-03
3.31440E-03,-7.564E-03
3.31440E-03,-3.564E-03
3.31449E-03,-9.964E-03
3.31449E-03,-6.764E-03
3.31458E-03,-1.236E-02
3.31458E-03,-9.164E-03
3.31466E-03,-1.316E-02
3.31466E-03,-1.076E-02
3.31475E-03,-1.316E-02
3.31475E-03,-1.076E-02
3.31484E-03,-1.156E-02
3.31484E-03,-9.164E-03
3.31493E-03,-9.964E-03
3.31493E-03,-5.964E-03
3.31502E-03,-5.964E-03
3.31502E-03,-1.164E-03
3.31510E-03,-1.964E-03
3.31510E-03,2.836E-03
3.31519E-03,2.836E-03
3.31519E-03,8.436E-03
3.31528E-03,6.836E-03
3.31528E-03,1.164E-02
3.31537E-03,1.004E-02
3.31537E-03,1.564E-02
3.31546E-03,1.164E-02
3.31546E-03,1.644E-02
3.31554E-03,1.244E-02
3.31554E-03,1.564E-02
3.31563E-03,1.004E-02
3.31563E-03,1.484E-02
3.31572E-03,5.236E-03
3.31572E-03,1.084E-02
3.31581E-03,4.357E-04
3.31581E-03,6.036E-03
3.31590E-03,-6.764E-03
3.31590E-03,4.357E-04
3.31598E-03,-1.316E-02
3.31598E-03,-5.164E-03
3.31607E-03,-1.796E-02
3.31607E-03,-1.156E-02
3.31616E-03,-2.116E-02
3.31616E-03,-1.716E-02
3.31625E-03,-2.276E-02
3.31625E-03,-2.036E-02
3.31634E-03,-2.276E-02
3.31634E-03,-2.036E-02
3.31642E-03,-2.116E-02
3.31642E-03,-1.716E-02
3.31651E-03,-1.716E-02
3.31651E-03,-1.076E-02
3.31660E-03,-1.156E-02
3.31660E-03,-3.564E-03
3.31669E-03,-3.564E-03
3.31669E-03,4.436E-03
3.31678E-03,4.436E-03
3.31678E-03,1.244E-02
3.31686E-03,1.164E-02
3.31686E-03,1.964E-02
3.31695E-03,1.884E-02
3.31695E-03,2.364E-02
3.31704E-03,2.284E-02
3.31704E-03,2.604E-02
3.31713E-03,2.364E-02
3.31713E-03,2.604E-02
3.31722E-03,1.884E-02
3.31722E-03,2.444E-02
3.31730E-03,1.164E-02
3.31730E-03,1.964E-02
3.31739E-03,2.836E-03
3.31739E-03,1.244E-02
3.31748E-03,-7.564E-03
3.31748E-03,3.636E-03
3.31757E-03,-1.716E-02
3.31757E-03,-6.764E-03
3.31766E-03,-2.516E-02
3.31766E-03,-1.636E-02
3.31774E-03,-3.076E-02
3.31774E-03,-2.436E-02
3.31783E-03,-3.396E-02
3.31783E-03,-2.996E-02
3.31792E-03,-3.396E-02
3.31792E-03,-3.156E-02
3.31801E-03,-3.156E-02
3.31801E-03,-2.676E-02
3.31810E-03,-2.676E-02
3.31810E-03,-1.796E-02
3.31818E-03,-1.796E-02
3.31818E-03,-6.764E-03
3.31827E-03,-7.564E-03
3.31827E-03,5.236E-03
3.31836E-03,5.236E-03
3.31836E-03,1.644E-02
3.31845E-03,1.644E-02
3.31845E-03,2.684E-02
3.31854E-03,2.524E-02
3.31854E-03,3.404E-02
3.31862E-03,3.244E-02
3.31862E-03,3.644E-02
3.31871E-03,3.404E-02
3.31871E-03,3.644E-02
3.31880E-03,2.844E-02
3.31880E-03,3.484E-02
3.31889E-03,1.884E-02
3.31889E-03,2.924E-02
3.31898E-03,6.036E-03
3.31898E-03,1.884E-02
3.31906E-03,-6.764E-03
3.31906E-03,6.836E-03
3.31915E-03,-2.036E-02
3.31915E-03,-6.764E-03
3.31924E-03,-3.076E-02
3.31924E-03,-2.036E-02
3.31933E-03,-3.956E-02
3.31933E-03,-3.076E-02
3.31942E-03,-4.196E-02
3.31942E-03,-3.796E-02
3.31950E-03,-4.276E-02
3.31950E-03,-3.956E-02
3.31959E-03,-4.116E-02
3.31959E-03,-3.396E-02
3.31968E-03,-3.476E-02
3.31968E-03,-2.356E-02
3.31977E-03,-2.436E-02
3.31977E-03,-1.076E-02
3.31986E-03,-1.156E-02
3.31986E-03,4.436E-03
3.31994E-03,3.636E-03
3.31994E-03,1.804E-02
3.32003E-03,1.724E-02
3.32003E-03,3.084E-02
3.32012E-03,3.004E-02
3.32012E-03,3.884E-02
3.32021E-03,3.804E-02
3.32021E-03,4.364E-02
3.32030E-03,4.044E-02
3.32030E-03,4.364E-02
3.32038E-03,3.404E-02
3.32038E-03,4.284E-02
3.32047E-03,2.444E-02
3.32047E-03,3.564E-02
3.32056E-03,1.084E-02
3.32056E-03,2.524E-02
3.32065E-03,-4.364E-03
3.32065E-03,1.164E-02
3.32074E-03,-1.956E-02
3.32074E-03,-3.564E-03
3.32082E-03,-3.316E-02
3.32082E-03,-1.956E-02
3.32091E-03,-4.276E-02
3.32091E-03,-3.236E-02
3.32100E-03,-4.756E-02
3.32100E-03,-4.196E-02
3.32109E-03,-4.756E-02
3.32109E-03,-4.516E-02
3.32118E-03,-4.596E-02
3.32118E-03,-3.956E-02
3.32126E-03,-3.956E-02
3.32126E-03,-2.836E-02
3.32135E-03,-2.916E-02
3.32135E-03,-1.476E-02
3.32144E-03,-1.476E-02
3.32144E-03,2.036E-03
3.32153E-03,1.236E-03
3.32153E-03,1.724E-02
3.32162E-03,1.644E-02
3.32162E-03,3.084E-02
3.32170E-03,3.004E-02
3.32170E-03,4.044E-02
3.32179E-03,3.964E-02
3.32179E-03,4.604E-02
3.32188E-03,4.444E-02
3.32188E-03,4.684E-02
3.32197E-03,3.804E-02
3.32197E-03,4.524E-02
3.32206E-03,2.764E-02
3.32206E-03,3.884E-02
3.32214E-03,1.404E-02
3.32214E-03,2.844E-02
3.32223E-03,-1.964E-03
3.32223E-03,1.484E-02
3.32232E-03,-1.796E-02
3.32232E-03,-1.964E-03
3.32241E-03,-3.156E-02
3.32241E-03,-1.716E-02
3.32250E-03,-4.116E-02
3.32250E-03,-3.076E-02
3.32258E-03,-4.676E-02
3.32258E-03,-4.036E-02
3.32267E-03,-4.756E-02
3.32267E-03,-4.516E-02
3.32276E-03,-4.596E-02
3.32276E-03,-4.036E-02
3.32285E-03,-4.036E-02
3.32285E-03,-2.996E-02
3.32294E-03,-3.076E-02
3.32294E-03,-1.636E-02
3.32302E-03,-1.796E-02
3.32302E-03,-1.164E-03
3.32311E-03,-1.964E-03
3.32311E-03,1.324E-02
3.32320E-03,1.324E-02
3.32320E-03,2.684E-02
3.32329E-03,2.684E-02
3.32329E-03,3.724E-02
3.32338E-03,3.644E-02
3.32338E-03,4.204E-02
3.32346E-03,4.124E-02
3.32346E-03,4.364E-02
3.32355E-03,3.724E-02
3.32355E-03,4.204E-02
3.32364E-03,2.764E-02
3.32364E-03,3.724E-02
3.32373E-03,1.564E-02
3.32373E-03,2.844E-02
3.32382E-03,1.236E-03
3.32382E-03,1.564E-02
3.32390E-03,-1.316E-02
3.32390E-03,1.236E-03
3.32399E-03,-2.596E-02
3.32399E-03,-1.316E-02
3.32408E-03,-3.556E-02
3.32408E-03,-2.596E-02
3.32417E-03,-4.116E-02
3.32417E-03,-3.556E-02
3.32426E-03,-4.196E-02
3.32426E-03,-3.956E-02
3.32434E-03,-4.116E-02
3.32434E-03,-3.636E-02
3.32443E-03,-3.716E-02
3.32443E-03,-2.756E-02
3.32452E-03,-2.836E-02
3.32452E-03,-1.636E-02
3.32461E-03,-1.716E-02
3.32461E-03,-3.564E-03
3.32470E-03,-4.364E-03
3.32470E-03,9.236E-03
3.32478E-03,8.436E-03
3.32478E-03,2.044E-02
3.32487E-03,1.964E-02
3.32487E-03,2.924E-02
3.32496E-03,2.844E-02
3.32496E-03,3.404E-02
3.32505E-03,3.324E-02
3.32505E-03,3.564E-02
3.32514E-03,3.004E-02
3.32514E-03,3.484E-02
3.32522E-03,2.284E-02
3.32522E-03,3.084E-02
3.32531E-03,1.244E-02
3.32531E-03,2.364E-02
3.32540E-03,2.036E-03
3.32540E-03,1.404E-02
3.32549E-03,-8.364E-03
3.32549E-03,2.836E-03
3.32558E-03,-1.956E-02
3.32558E-03,-8.364E-03
3.32566E-03,-2.676E-02
3.32566E-03,-1.876E-02
3.32575E-03,-3.156E-02
3.32575E-03,-2.596E-02
3.32584E-03,-3.316E-02
3.32584E-03,-3.076E-02
3.32593E-03,-3.236E-02
3.32593E-03,-2.916E-02
3.32602E-03,-2.916E-02
3.32602E-03,-2.276E-02
3.32610E-03,-2.356E-02
3.32610E-03,-1.396E-02
3.32619E-03,-1.556E-02
3.32619E-03,-5.164E-03
3.32628E-03,-5.164E-03
3.32628E-03,4.436E-03
3.32637E-03,4.436E-03
3.32637E-03,1.324E-02
3.32646E-03,1.244E-02
3.32646E-03,1.964E-02
3.32654E-03,1.884E-02
3.32654E-03,2.364E-02
3.32663E-03,2.284E-02
3.32663E-03,2.444E-02
3.32672E-03,2.124E-02
3.32672E-03,2.444E-02
3.32681E-03,1.644E-02
3.32681E-03,2.204E-02
3.32690E-03,1.004E-02
3.32690E-03,1.724E-02
3.32698E-03,2.036E-03
3.32698E-03,1.084E-02
3.32707E-03,-5.164E-03
3.32707E-03,2.836E-03
3.32716E-03,-1.236E-02
3.32716E-03,-5.164E-03
3.32725E-03,-1.716E-02
3.32725E-03,-1.076E-02
3.32734E-03,-2.036E-02
3.32734E-03,-1.636E-02
3.32742E-03,-2.196E-02
3.32742E-03,-1.956E-02
3.32751E-03,-2.116E-02
3.32751E-03,-1.876E-02
3.32760E-03,-1.956E-02
3.32760E-03,-1.476E-02
3.32769E-03,-1.636E-02
3.32769E-03,-9.964E-03
3.32778E-03,-1.076E-02
3.32778E-03,-4.364E-03
3.32786E-03,-5.164E-03
3.32786E-03,1.236E-03
3.32795E-03,4.357E-04
3.32795E-03,6.836E-03
3.32804E-03,6.036E-03
3.32804E-03,1.084E-02
3.32813E-03,9.236E-03
3.32813E-03,1.324E-02
3.32822E-03,1.164E-02
3.32822E-03,1.404E-02
3.32830E-03,1.164E-02
3.32830E-03,1.404E-02
3.32839E-03,9.236E-03
3.32839E-03,1.244E-02
3.32848E-03,5.236E-03
3.32848E-03,1.004E-02
3.32857E-03,1.236E-03
3.32857E-03,6.036E-03
3.32866E-03,-3.564E-03
3.32866E-03,2.036E-03
3.32874E-03,-6.764E-03
3.32874E-03,-1.964E-03
3.32883E-03,-9.964E-03
3.32883E-03,-5.964E-03
3.32892E-03,-1.156E-02
3.32892E-03,-8.364E-03
3.32901E-03,-1.236E-02
3.32901E-03,-9.964E-03
3.32910E-03,-1.156E-02
3.32910E-03,-9.964E-03
3.32918E-03,-1.076E-02
3.32918E-03,-8.364E-03
3.32927E-03,-9.164E-03
3.32927E-03,-5.964E-03
3.32936E-03,-6.764E-03
3.32936E-03,-2.764E-03
3.32945E-03,-4.364E-03
3.32945E-03,-3.643E-04
3.32954E-03,-1.164E-03
3.32954E-03,2.036E-03
3.32962E-03,4.357E-04
3.32962E-03,4.436E-03
3.32971E-03,2.836E-03
3.32971E-03,5.236E-03
3.32980E-03,3.636E-03
3.32980E-03,6.036E-03
3.32989E-03,3.636E-03
3.32989E-03,6.036E-03
3.32998E-03,2.836E-03
3.32998E-03,5.236E-03
3.33006E-03,1.236E-03
3.33006E-03,4.436E-03
3.33015E-03,-3.643E-04
3.33015E-03,2.836E-03
3.33024E-03,-1.964E-03
3.33024E-03,4.357E-04
3.33033E-03,-5.164E-03
3.33033E-03,-3.643E-04
3.33042E-03,-5.164E-03
3.33042E-03,-1.164E-03
3.33050E-03,-5.964E-03
3.33050E-03,-2.764E-03
3.33059E-03,-5.964E-03
3.33059E-03,-4.364E-03
3.33068E-03,-5.964E-03
3.33068E-03,-4.364E-03
3.33077E-03,-5.164E-03
3.33077E-03,-3.564E-03
3.33086E-03,-4.364E-03
3.33086E-03,-2.764E-03
3.33094E-03,-3.564E-03
3.33094E-03,-1.164E-03
3.33103E-03,-2.764E-03
3.33103E-03,-3.643E-04
3.33112E-03,-1.964E-03
3.33112E-03,4.357E-04
3.33121E-03,-1.164E-03
3.33121E-03,1.236E-03
3.33130E-03,-3.643E-04
3.33130E-03,1.236E-03
3.33138E-03,4.357E-04
3.33138E-03,2.036E-03
3.33147E-03,4.357E-04
3.33147E-03,2.036E-03
3.33156E-03,-3.643E-04
3.33156E-03,2.036E-03
3.33165E-03,-3.643E-04
3.33165E-03,2.036E-03
3.33174E-03,-1.164E-03
3.33174E-03,1.236E-03
3.33182E-03,-1.964E-03
3.33182E-03,4.357E-04
3.33191E-03,-2.764E-03
3.33191E-03,-3.643E-04
3.33200E-03,-2.764E-03
3.33200E-03,-1.164E-03
3.33209E-03,-4.364E-03
3.33209E-03,-1.964E-03
3.33218E-03,-4.364E-03
3.33218E-03,-2.764E-03
3.33226E-03,-4.364E-03
3.33226E-03,-2.764E-03
3.33235E-03,-4.364E-03
3.33235E-03,-2.764E-03
3.33244E-03,-4.364E-03
3.33244E-03,-2.764E-03
3.33253E-03,-3.564E-03
3.33253E-03,-1.964E-03
3.33262E-03,-2.764E-03
3.33262E-03,-3.643E-04
3.33270E-03,-1.964E-03
3.33270E-03,4.357E-04
3.33279E-03,-1.164E-03
3.33279E-03,1.236E-03
3.33288E-03,4.357E-04
3.33288E-03,2.836E-03
3.33297E-03,1.236E-03
3.33297E-03,3.636E-03
3.33306E-03,2.036E-03
3.33306E-03,3.636E-03
3.33314E-03,2.036E-03
3.33314E-03,3.636E-03
3.33323E-03,1.236E-03
3.33323E-03,3.636E-03
3.33332E-03,4.357E-04
3.33332E-03,2.036E-03
3.33341E-03,-1.164E-03
3.33341E-03,1.236E-03
3.33350E-03,-2.764E-03
3.33350E-03,-3.643E-04
3.33358E-03,-5.164E-03
3.33358E-03,-1.964E-03
3.33367E-03,-6.764E-03
3.33367E-03,-4.364E-03
3.33376E-03,-8.364E-03
3.33376E-03,-5.964E-03
3.33385E-03,-9.164E-03
3.33385E-03,-6.764E-03
3.33394E-03,-9.164E-03
3.33394E-03,-6.764E-03
3.33402E-03,-9.164E-03
3.33402E-03,-5.964E-03
3.33411E-03,-7.564E-03
3.33411E-03,-4.364E-03
3.33420E-03,-5.164E-03
3.33420E-03,-1.964E-03
3.33429E-03,-2.764E-03
3.33429E-03,1.236E-03
3.33438E-03,4.357E-04
3.33438E-03,4.436E-03
3.33446E-03,3.636E-03
3.33446E-03,7.636E-03
3.33455E-03,6.036E-03
3.33455E-03,9.236E-03
3.33464E-03,8.436E-03
3.33464E-03,1.084E-02
3.33473E-03,9.236E-03
3.33473E-03,1.084E-02
3.33482E-03,6.836E-03
3.33482E-03,1.004E-02
3.33490E-03,4.436E-03
3.33490E-03,8.436E-03
3.33499E-03,4.357E-04
3.33499E-03,5.236E-03
3.33508E-03,-4.364E-03
3.33508E-03,1.236E-03
3.33517E-03,-9.164E-03
3.33517E-03,-3.564E-03
3.33526E-03,-1.316E-02
3.33526E-03,-7.564E-03
3.33534E-03,-1.716E-02
3.33534E-03,-1.076E-02
3.33543E-03,-1.796E-02
3.33543E-03,-1.396E-02
3.33552E-03,-1.796E-02
3.33552E-03,-1.556E-02
3.33561E-03,-1.636E-02
3.33561E-03,-1.316E-02
3.33570E-03,-1.476E-02
3.33570E-03,-9.164E-03
3.33578E-03,-9.964E-03
3.33578E-03,-2.764E-03
3.33587E-03,-4.364E-03
3.33587E-03,2.036E-03
3.33596E-03,2.036E-03
3.33596E-03,8.436E-03
3.33605E-03,8.436E-03
3.33605E-03,1.404E-02
3.33614E-03,1.324E-02
3.33614E-03,1.884E-02
3.33622E-03,1.724E-02
3.33622E-03,2.044E-02
3.33631E-03,1.884E-02
3.33631E-03,2.044E-02
3.33640E-03,1.564E-02
3.33640E-03,1.964E-02
3.33649E-03,1.084E-02
3.33649E-03,1.644E-02
3.33658E-03,3.636E-03
3.33658E-03,1.164E-02
3.33666E-03,-4.364E-03
3.33666E-03,4.436E-03
3.33675E-03,-1.316E-02
3.33675E-03,-4.364E-03
3.33684E-03,-2.036E-02
3.33684E-03,-1.236E-02
3.33693E-03,-2.596E-02
3.33693E-03,-1.956E-02
3.33702E-03,-2.836E-02
3.33702E-03,-2.436E-02
3.33710E-03,-2.836E-02
3.33710E-03,-2.676E-02
3.33719E-03,-2.756E-02
3.33719E-03,-2.276E-02
3.33728E-03,-2.356E-02
3.33728E-03,-1.556E-02
3.33737E-03,-1.716E-02
3.33737E-03,-7.564E-03
3.33746E-03,-8.364E-03
3.33746E-03,2.836E-03
3.33754E-03,2.036E-03
3.33754E-03,1.244E-02
3.33763E-03,1.244E-02
3.33763E-03,2.124E-02
3.33772E-03,2.044E-02
3.33772E-03,2.844E-02
3.33781E-03,2.684E-02
3.33781E-03,3.084E-02
3.33790E-03,3.004E-02
3.33790E-03,3.164E-02
3.33798E-03,2.524E-02
3.33798E-03,3.084E-02
3.33807E-03,1.804E-02
3.33807E-03,2.604E-02
3.33816E-03,7.636E-03
3.33816E-03,1.804E-02
3.33825E-03,-4.364E-03
3.33825E-03,8.436E-03
3.33834E-03,-1.556E-02
3.33834E-03,-3.564E-03
3.33842E-03,-2.596E-02
3.33842E-03,-1.556E-02
3.33851E-03,-3.396E-02
3.33851E-03,-2.516E-02
3.33860E-03,-3.876E-02
3.33860E-03,-3.316E-02
3.33869E-03,-3.876E-02
3.33869E-03,-3.636E-02
3.33878E-03,-3.796E-02
3.33878E-03,-3.236E-02
3.33886E-03,-3.316E-02
3.33886E-03,-2.356E-02
3.33895E-03,-2.436E-02
3.33895E-03,-1.156E-02
3.33904E-03,-1.236E-02
3.33904E-03,1.236E-03
3.33913E-03,4.357E-04
3.33913E-03,1.404E-02
3.33922E-03,1.404E-02
3.33922E-03,2.684E-02
3.33930E-03,2.604E-02
3.33930E-03,3.484E-02
3.33939E-03,3.484E-02
3.33939E-03,3.964E-02
3.33948E-03,3.884E-02
3.33948E-03,4.044E-02
3.33957E-03,3.404E-02
3.33957E-03,3.964E-02
3.33966E-03,2.524E-02
3.33966E-03,3.484E-02
3.33974E-03,1.244E-02
3.33974E-03,2.524E-02
3.33983E-03,-2.764E-03
3.33983E-03,1.324E-02
3.33992E-03,-1.716E-02
3.33992E-03,-1.964E-03
3.34001E-03,-2.996E-02
3.34001E-03,-1.636E-02
3.34010E-03,-3.956E-02
3.34010E-03,-2.916E-02
3.34018E-03,-4.516E-02
3.34018E-03,-3.876E-02
3.34027E-03,-4.756E-02
3.34027E-03,-4.276E-02
3.34036E-03,-4.676E-02
3.34036E-03,-3.876E-02
3.34045E-03,-4.036E-02
3.34045E-03,-2.996E-02
3.34054E-03,-3.076E-02
3.34054E-03,-1.716E-02
3.34062E-03,-1.716E-02
3.34062E-03,-1.164E-03
3.34071E-03,-1.964E-03
3.34071E-03,1.404E-02
3.34080E-03,1.404E-02
3.34080E-03,2.844E-02
3.34089E-03,2.764E-02
3.34089E-03,3.804E-02
3.34098E-03,3.804E-02
3.34098E-03,4.444E-02
3.34106E-03,4.364E-02
3.34106E-03,4.524E-02
3.34115E-03,3.964E-02
3.34115E-03,4.444E-02
3.34124E-03,3.004E-02
3.34124E-03,3.964E-02
3.34133E-03,1.644E-02
3.34133E-03,3.004E-02
3.34142E-03,4.357E-04
3.34142E-03,1.724E-02
3.34150E-03,-1.556E-02
3.34150E-03,1.236E-03
3.34159E-03,-2.996E-02
3.34159E-03,-1.396E-02
3.34168E-03,-4.036E-02
3.34168E-03,-2.916E-02
3.34177E-03,-4.676E-02
3.34177E-03,-3.956E-02
3.34186E-03,-4.836E-02
3.34186E-03,-4.516E-02
3.34194E-03,-4.836E-02
3.34194E-03,-4.276E-02
3.34203E-03,-4.356E-02
3.34203E-03,-3.316E-02
3.34212E-03,-3.316E-02
3.34212E-03,-2.036E-02
3.34221E-03,-2.036E-02
3.34221E-03,-4.364E-03
3.34230E-03,-4.364E-03
3.34230E-03,1.164E-02
3.34238E-03,1.084E-02
3.34238E-03,2.604E-02
3.34247E-03,2.524E-02
3.34247E-03,3.644E-02
3.34256E-03,3.644E-02
3.34256E-03,4.364E-02
3.34265E-03,4.284E-02
3.34265E-03,4.524E-02
3.34274E-03,3.964E-02
3.34274E-03,4.444E-02
3.34282E-03,3.084E-02
3.34282E-03,4.044E-02
3.34291E-03,1.804E-02
3.34291E-03,3.084E-02
3.34300E-03,3.636E-03
3.34300E-03,1.884E-02
3.34309E-03,-1.156E-02
3.34309E-03,4.436E-03
3.34318E-03,-2.596E-02
3.34318E-03,-1.156E-02
3.34326E-03,-3.636E-02
3.34326E-03,-2.516E-02
3.34335E-03,-4.356E-02
3.34335E-03,-3.636E-02
3.34344E-03,-4.516E-02
3.34344E-03,-4.276E-02
3.34353E-03,-4.516E-02
3.34353E-03,-4.036E-02
3.34362E-03,-4.116E-02
3.34362E-03,-3.236E-02
3.34370E-03,-3.316E-02
3.34370E-03,-2.116E-02
3.34379E-03,-2.116E-02
3.34379E-03,-6.764E-03
3.34388E-03,-7.564E-03
3.34388E-03,7.636E-03
3.34397E-03,6.836E-03
3.34397E-03,2.044E-02
3.34406E-03,1.964E-02
3.34406E-03,3.084E-02
3.34414E-03,3.004E-02
3.34414E-03,3.804E-02
3.34423E-03,3.644E-02
3.34423E-03,3.964E-02
3.34432E-03,3.484E-02
3.34432E-03,3.884E-02
3.34441E-03,2.844E-02
3.34441E-03,3.644E-02
3.34450E-03,1.724E-02
3.34450E-03,2.844E-02
3.34458E-03,4.436E-03
3.34458E-03,1.804E-02
3.34467E-03,-8.364E-03
3.34467E-03,6.036E-03
3.34476E-03,-2.036E-02
3.34476E-03,-7.564E-03
3.34485E-03,-2.996E-02
3.34485E-03,-1.956E-02
3.34494E-03,-3.556E-02
3.34494E-03,-2.916E-02
3.34502E-03,-3.796E-02
3.34502E-03,-3.476E-02
3.34511E-03,-3.796E-02
3.34511E-03,-3.396E-02
3.34520E-03,-3.476E-02
3.34520E-03,-2.756E-02
3.34529E-03,-2.916E-02
3.34529E-03,-1.716E-02
3.34538E-03,-1.956E-02
3.34538E-03,-7.564E-03
3.34546E-03,-8.364E-03
3.34546E-03,3.636E-03
3.34555E-03,2.836E-03
3.34555E-03,1.484E-02
3.34564E-03,1.404E-02
3.34564E-03,2.284E-02
3.34573E-03,2.204E-02
3.34573E-03,2.844E-02
3.34582E-03,2.764E-02
3.34582E-03,3.004E-02
3.34590E-03,2.684E-02
3.34590E-03,3.004E-02
3.34599E-03,2.204E-02
3.34599E-03,2.764E-02
3.34608E-03,1.484E-02
3.34608E-03,2.204E-02
3.34617E-03,5.236E-03
3.34617E-03,1.484E-02
3.34626E-03,-4.364E-03
3.34626E-03,5.236E-03
3.34634E-03,-1.316E-02
3.34634E-03,-4.364E-03
3.34643E-03,-2.116E-02
3.34643E-03,-1.236E-02
3.34652E-03,-2.516E-02
3.34652E-03,-2.036E-02
3.34661E-03,-2.676E-02
3.34661E-03,-2.436E-02
3.34670E-03,-2.756E-02
3.34670E-03,-2.516E-02
3.34678E-03,-2.516E-02
3.34678E-03,-2.036E-02
3.34687E-03,-2.116E-02
3.34687E-03,-1.396E-02
3.34696E-03,-1.476E-02
3.34696E-03,-6.764E-03
3.34705E-03,-7.564E-03
3.34705E-03,1.236E-03
3.34714E-03,4.357E-04
3.34714E-03,8.436E-03
3.34722E-03,7.636E-03
3.34722E-03,1.404E-02
3.34731E-03,1.244E-02
3.34731E-03,1.724E-02
3.34740E-03,1.644E-02
3.34740E-03,1.884E-02
3.34749E-03,1.724E-02
3.34749E-03,1.884E-02
3.34758E-03,1.404E-02
3.34758E-03,1.804E-02
3.34766E-03,9.236E-03
3.34766E-03,1.484E-02
3.34775E-03,3.636E-03
3.34775E-03,1.004E-02
3.34784E-03,-2.764E-03
3.34784E-03,3.636E-03
3.34793E-03,-7.564E-03
3.34793E-03,-1.964E-03
3.34802E-03,-1.236E-02
3.34802E-03,-7.564E-03
3.34810E-03,-1.476E-02
3.34810E-03,-1.156E-02
3.34819E-03,-1.636E-02
3.34819E-03,-1.396E-02
3.34828E-03,-1.636E-02
3.34828E-03,-1.396E-02
3.34837E-03,-1.556E-02
3.34837E-03,-1.236E-02
3.34846E-03,-1.236E-02
3.34846E-03,-8.364E-03
3.34854E-03,-9.964E-03
3.34854E-03,-5.164E-03
3.34863E-03,-5.964E-03
3.34863E-03,-3.643E-04
3.34872E-03,-1.964E-03
3.34872E-03,3.636E-03
3.34881E-03,2.036E-03
3.34881E-03,6.836E-03
3.34890E-03,6.036E-03
3.34890E-03,8.436E-03
3.34898E-03,7.636E-03
3.34898E-03,1.004E-02
3.34907E-03,7.636E-03
3.34907E-03,1.004E-02
3.34916E-03,6.036E-03
3.34916E-03,8.436E-03
3.34925E-03,4.436E-03
3.34925E-03,7.636E-03
3.34934E-03,1.236E-03
3.34934E-03,5.236E-03
3.34942E-03,-1.164E-03
3.34942E-03,2.036E-03
3.34951E-03,-4.364E-03
3.34951E-03,-3.643E-04
3.34960E-03,-5.964E-03
3.34960E-03,-3.564E-03
3.34969E-03,-7.564E-03
3.34969E-03,-5.164E-03
3.34978E-03,-8.364E-03
3.34978E-03,-5.964E-03
3.34986E-03,-8.364E-03
3.34986E-03,-6.764E-03
3.34995E-03,-7.564E-03
3.34995E-03,-5.964E-03
3.35004E-03,-6.764E-03
3.35004E-03,-4.364E-03
3.35013E-03,-5.164E-03
3.35013E-03,-2.764E-03
3.35022E-03,-3.564E-03
3.35022E-03,-3.643E-04
3.35030E-03,-3.564E-03
3.35030E-03,1.236E-03
3.35039E-03,-1.164E-03
3.35039E-03,2.036E-03
3.35048E-03,-3.643E-04
3.35048E-03,2.836E-03
3.35057E-03,1.236E-03
3.35057E-03,2.836E-03
3.35066E-03,2.036E-03
3.35066E-03,3.636E-03
3.35074E-03,1.236E-03
3.35074E-03,2.836E-03
3.35083E-03,4.357E-04
3.35083E-03,2.836E-03
3.35092E-03,-3.643E-04
3.35092E-03,2.036E-03
3.35101E-03,-1.164E-03
3.35101E-03,1.236E-03
3.35110E-03,-2.764E-03
3.35110E-03,-3.643E-04
3.35118E-03,-3.564E-03
3.35118E-03,-1.164E-03
3.35127E-03,-3.564E-03
3.35127E-03,-1.964E-03
3.35136E-03,-4.364E-03
3.35136E-03,-2.764E-03
3.35145E-03,-4.364E-03
3.35145E-03,-2.764E-03
3.35154E-03,-4.364E-03
3.35154E-03,-2.764E-03
3.35162E-03,-4.364E-03
3.35162E-03,-1.964E-03
3.35171E-03,-3.564E-03
3.35171E-03,-1.164E-03
3.35180E-03,-2.764E-03
3.35180E-03,-1.164E-03
3.35189E-03,-1.964E-03
3.35189E-03,4.357E-04
3.35198E-03,-1.164E-03
3.35198E-03,1.236E-03
3.35206E-03,-3.643E-04
3.35206E-03,2.036E-03
3.35215E-03,4.357E-04
3.35215E-03,2.036E-03
3.35224E-03,4.357E-04
3.35224E-03,2.036E-03
3.35233E-03,1.236E-03
3.35233E-03,2.836E-03
3.35242E-03,4.357E-04
3.35242E-03,2.036E-03
3.35250E-03,-3.643E-04
3.35250E-03,1.236E-03
3.35259E-03,-1.164E-03
3.35259E-03,1.236E-03
3.35268E-03,-1.964E-03
3.35268E-03,4.357E-04
3.35277E-03,-3.564E-03
3.35277E-03,-1.164E-03
3.35286E-03,-4.364E-03
3.35286E-03,-1.964E-03
3.35294E-03,-5.164E-03
3.35294E-03,-3.564E-03
3.35303E-03,-5.964E-03
3.35303E-03,-4.364E-03
3.35312E-03,-5.964E-03
3.35312E-03,-4.364E-03
3.35321E-03,-5.964E-03
3.35321E-03,-4.364E-03
3.35330E-03,-5.164E-03
3.35330E-03,-2.764E-03
3.35338E-03,-4.364E-03
3.35338E-03,-1.164E-03
3.35347E-03,-2.764E-03
3.35347E-03,4.357E-04
3.35356E-03,-1.164E-03
3.35356E-03,2.836E-03
3.35365E-03,1.236E-03
3.35365E-03,4.436E-03
3.35374E-03,2.836E-03
3.35374E-03,6.036E-03
3.35382E-03,4.436E-03
3.35382E-03,6.036E-03
3.35391E-03,5.236E-03
3.35391E-03,6.836E-03
3.35400E-03,4.436E-03
3.35400E-03,6.036E-03
3.35409E-03,2.836E-03
3.35409E-03,6.036E-03
3.35418E-03,4.357E-04
3.35418E-03,3.636E-03
3.35426E-03,-2.764E-03
3.35426E-03,1.236E-03
3.35435E-03,-5.964E-03
3.35435E-03,-1.964E-03
3.35444E-03,-9.164E-03
3.35444E-03,-5.164E-03
3.35453E-03,-1.076E-02
3.35453E-03,-8.364E-03
3.35462E-03,-1.236E-02
3.35462E-03,-9.964E-03
3.35470E-03,-1.236E-02
3.35470E-03,-1.076E-02
3.35479E-03,-1.236E-02
3.35479E-03,-9.964E-03
3.35488E-03,-1.076E-02
3.35488E-03,-7.564E-03
3.35497E-03,-8.364E-03
3.35497E-03,-4.364E-03
3.35506E-03,-4.364E-03
3.35506E-03,4.357E-04
3.35514E-03,-3.643E-04
3.35514E-03,5.236E-03
3.35523E-03,4.436E-03
3.35523E-03,1.084E-02
3.35532E-03,7.636E-03
3.35532E-03,1.324E-02
3.35541E-03,1.164E-02
3.35541E-03,1.484E-02
3.35550E-03,1.404E-02
3.35550E-03,1.564E-02
3.35558E-03,1.164E-02
3.35558E-03,1.564E-02
3.35567E-03,8.436E-03
3.35567E-03,1.324E-02
3.35576E-03,3.636E-03
3.35576E-03,1.004E-02
3.35585E-03,-2.764E-03
3.35585E-03,3.636E-03
3.35594E-03,-9.164E-03
3.35594E-03,-1.164E-03
3.35602E-03,-1.556E-02
3.35602E-03,-8.364E-03
3.35611E-03,-1.956E-02
3.35611E-03,-1.396E-02
3.35620E-03,-2.276E-02
3.35620E-03,-1.876E-02
3.35629E-03,-2.276E-02
3.35629E-03,-2.036E-02
3.35638E-03,-2.196E-02
3.35638E-03,-1.876E-02
3.35646E-03,-1.956E-02
3.35646E-03,-1.396E-02
3.35655E-03,-1.476E-02
3.35655E-03,-7.564E-03
3.35664E-03,-8.364E-03
3.35664E-03,4.357E-04
3.35673E-03,-3.643E-04
3.35673E-03,9.236E-03
3.35682E-03,8.436E-03
3.35682E-03,1.644E-02
3.35690E-03,1.564E-02
3.35690E-03,2.284E-02
3.35699E-03,2.124E-02
3.35699E-03,2.524E-02
3.35708E-03,2.444E-02
3.35708E-03,2.604E-02
3.35717E-03,2.204E-02
3.35717E-03,2.604E-02
3.35726E-03,1.644E-02
3.35726E-03,2.284E-02
3.35734E-03,7.636E-03
3.35734E-03,1.724E-02
3.35743E-03,-1.964E-03
3.35743E-03,8.436E-03
3.35752E-03,-1.156E-02
3.35752E-03,-1.164E-03
3.35761E-03,-2.116E-02
3.35761E-03,-1.156E-02
3.35770E-03,-2.836E-02
3.35770E-03,-2.036E-02
3.35778E-03,-3.236E-02
3.35778E-03,-2.756E-02
3.35787E-03,-3.396E-02
3.35787E-03,-3.156E-02
3.35796E-03,-3.396E-02
3.35796E-03,-2.916E-02
3.35805E-03,-2.996E-02
3.35805E-03,-2.196E-02
3.35814E-03,-2.276E-02
3.35814E-03,-1.236E-02
3.35822E-03,-1.316E-02
3.35822E-03,-1.164E-03
3.35831E-03,-1.964E-03
3.35831E-03,1.084E-02
3.35840E-03,1.004E-02
3.35840E-03,2.124E-02
3.35849E-03,2.124E-02
3.35849E-03,3.004E-02
3.35858E-03,2.924E-02
3.35858E-03,3.484E-02
3.35866E-03,3.404E-02
3.35866E-03,3.644E-02
3.35875E-03,3.164E-02
3.35875E-03,3.564E-02
3.35884E-03,2.444E-02
3.35884E-03,3.324E-02
3.35893E-03,1.324E-02
3.35893E-03,2.524E-02
3.35902E-03,1.236E-03
3.35902E-03,1.484E-02
3.35910E-03,-1.236E-02
3.35910E-03,1.236E-03
3.35919E-03,-2.516E-02
3.35919E-03,-1.236E-02
3.35928E-03,-3.476E-02
3.35928E-03,-2.516E-02
3.35937E-03,-4.116E-02
3.35937E-03,-3.476E-02
3.35946E-03,-4.276E-02
3.35946E-03,-4.036E-02
3.35954E-03,-4.276E-02
3.35954E-03,-3.796E-02
3.35963E-03,-3.876E-02
3.35963E-03,-2.996E-02
3.35972E-03,-3.076E-02
3.35972E-03,-1.876E-02
3.35981E-03,-1.876E-02
3.35981E-03,-4.364E-03
3.35990E-03,-4.364E-03
3.35990E-03,1.084E-02
3.35998E-03,1.084E-02
3.35998E-03,2.444E-02
3.36007E-03,2.364E-02
3.36007E-03,3.484E-02
3.36016E-03,3.484E-02
3.36016E-03,4.124E-02
3.36025E-03,4.044E-02
3.36025E-03,4.524E-02
3.36034E-03,3.804E-02
3.36034E-03,4.364E-02
3.36042E-03,3.084E-02
3.36042E-03,3.884E-02
3.36051E-03,1.804E-02
3.36051E-03,3.164E-02
3.36060E-03,3.636E-03
3.36060E-03,1.884E-02
3.36069E-03,-1.156E-02
3.36069E-03,3.636E-03
3.36078E-03,-2.676E-02
3.36078E-03,-1.156E-02
3.36086E-03,-3.796E-02
3.36086E-03,-2.596E-02
3.36095E-03,-4.596E-02
3.36095E-03,-3.716E-02
3.36104E-03,-4.756E-02
3.36104E-03,-4.436E-02
3.36113E-03,-4.756E-02
3.36113E-03,-4.356E-02
3.36122E-03,-4.436E-02
3.36122E-03,-3.556E-02
3.36130E-03,-3.556E-02
3.36130E-03,-2.276E-02
3.36139E-03,-2.356E-02
3.36139E-03,-7.564E-03
3.36148E-03,-7.564E-03
3.36148E-03,8.436E-03
3.36157E-03,7.636E-03
3.36157E-03,2.364E-02
3.36166E-03,2.284E-02
3.36166E-03,3.564E-02
3.36174E-03,3.484E-02
3.36174E-03,4.284E-02
3.36183E-03,4.284E-02
3.36183E-03,4.604E-02
3.36192E-03,4.204E-02
3.36192E-03,4.604E-02
3.36201E-03,3.404E-02
3.36201E-03,4.284E-02
3.36210E-03,2.124E-02
3.36210E-03,3.404E-02
3.36218E-03,6.836E-03
3.36218E-03,2.204E-02
3.36227E-03,-9.164E-03
3.36227E-03,6.836E-03
3.36236E-03,-2.436E-02
3.36236E-03,-9.164E-03
3.36245E-03,-3.716E-02
3.36245E-03,-2.436E-02
3.36254E-03,-4.436E-02
3.36254E-03,-3.636E-02
3.36262E-03,-4.836E-02
3.36262E-03,-4.436E-02
3.36271E-03,-4.756E-02
3.36271E-03,-4.356E-02
3.36280E-03,-4.516E-02
3.36280E-03,-3.636E-02
3.36289E-03,-3.716E-02
3.36289E-03,-2.436E-02
3.36298E-03,-2.516E-02
3.36298E-03,-9.964E-03
3.36306E-03,-1.076E-02
3.36306E-03,5.236E-03
3.36315E-03,5.236E-03
3.36315E-03,2.044E-02
3.36324E-03,1.964E-02
3.36324E-03,3.084E-02
3.36333E-03,3.084E-02
3.36333E-03,3.964E-02
3.36342E-03,3.884E-02
3.36342E-03,4.284E-02
3.36350E-03,3.964E-02
3.36350E-03,4.284E-02
3.36359E-03,3.244E-02
3.36359E-03,4.044E-02
3.36368E-03,2.204E-02
3.36368E-03,3.324E-02
3.36377E-03,8.436E-03
3.36377E-03,2.204E-02
3.36386E-03,-5.964E-03
3.36386E-03,8.436E-03
3.36394E-03,-1.956E-02
3.36394E-03,-5.964E-03
3.36403E-03,-3.156E-02
3.36403E-03,-1.956E-02
3.36412E-03,-3.876E-02
3.36412E-03,-3.076E-02
3.36421E-03,-4.196E-02
3.36421E-03,-3.796E-02
3.36430E-03,-4.196E-02
3.36430E-03,-3.956E-02
3.36438E-03,-4.036E-02
3.36438E-03,-3.316E-02
3.36447E-03,-3.396E-02
3.36447E-03,-2.356E-02
3.36456E-03,-2.436E-02
3.36456E-03,-1.076E-02
3.36465E-03,-1.156E-02
3.36465E-03,1.236E-03
3.36474E-03,1.236E-03
3.36474E-03,1.404E-02
3.36482E-03,1.404E-02
3.36482E-03,2.444E-02
3.36491E-03,2.364E-02
3.36491E-03,3.164E-02
3.36500E-03,3.084E-02
3.36500E-03,3.484E-02
3.36509E-03,3.244E-02
3.36509E-03,3.484E-02
3.36518E-03,2.684E-02
3.36518E-03,3.324E-02
3.36526E-03,1.884E-02
3.36526E-03,2.924E-02
3.36535E-03,7.636E-03
3.36535E-03,1.884E-02
3.36544E-03,-3.564E-03
3.36544E-03,8.436E-03
3.36553E-03,-1.396E-02
3.36553E-03,-2.764E-03
3.36562E-03,-2.356E-02
3.36562E-03,-1.316E-02
3.36570E-03,-2.916E-02
3.36570E-03,-2.276E-02
3.36579E-03,-3.236E-02
3.36579E-03,-2.916E-02
3.36588E-03,-3.316E-02
3.36588E-03,-2.996E-02
3.36597E-03,-3.156E-02
3.36597E-03,-2.676E-02
3.36606E-03,-2.676E-02
3.36606E-03,-1.876E-02
3.36614E-03,-1.956E-02
3.36614E-03,-9.964E-03
3.36623E-03,-1.076E-02
3.36623E-03,4.357E-04
3.36632E-03,-1.164E-03
3.36632E-03,8.436E-03
3.36641E-03,8.436E-03
3.36641E-03,1.644E-02
3.36650E-03,1.644E-02
3.36650E-03,2.204E-02
3.36658E-03,2.124E-02
3.36658E-03,2.444E-02
3.36667E-03,2.284E-02
3.36667E-03,2.444E-02
3.36676E-03,1.964E-02
3.36676E-03,2.364E-02
3.36685E-03,1.404E-02
3.36685E-03,2.044E-02
3.36694E-03,6.836E-03
3.36694E-03,1.484E-02
3.36702E-03,-1.164E-03
3.36702E-03,6.836E-03
3.36711E-03,-8.364E-03
3.36711E-03,-3.643E-04
3.36720E-03,-1.476E-02
3.36720E-03,-7.564E-03
3.36729E-03,-1.876E-02
3.36729E-03,-1.396E-02
3.36738E-03,-2.116E-02
3.36738E-03,-1.796E-02
3.36746E-03,-2.116E-02
3.36746E-03,-1.956E-02
3.36755E-03,-2.116E-02
3.36755E-03,-1.716E-02
3.36764E-03,-1.796E-02
3.36764E-03,-1.316E-02
3.36773E-03,-1.316E-02
3.36773E-03,-6.764E-03
3.36782E-03,-7.564E-03
3.36782E-03,-1.964E-03
3.36790E-03,-1.964E-03
3.36790E-03,4.436E-03
3.36799E-03,3.636E-03
3.36799E-03,8.436E-03
3.36808E-03,8.436E-03
3.36808E-03,1.244E-02
3.36817E-03,1.084E-02
3.36817E-03,1.404E-02
3.36826E-03,1.244E-02
3.36826E-03,1.404E-02
3.36834E-03,1.084E-02
3.36834E-03,1.324E-02
3.36843E-03,7.636E-03
3.36843E-03,1.164E-02
3.36852E-03,3.636E-03
3.36852E-03,8.436E-03
3.36861E-03,-3.643E-04
3.36861E-03,4.436E-03
3.36870E-03,-4.364E-03
3.36870E-03,4.357E-04
3.36878E-03,-8.364E-03
3.36878E-03,-3.564E-03
3.36887E-03,-9.964E-03
3.36887E-03,-6.764E-03
3.36896E-03,-1.156E-02
3.36896E-03,-9.164E-03
3.36905E-03,-1.156E-02
3.36905E-03,-9.964E-03
3.36914E-03,-1.156E-02
3.36914E-03,-9.164E-03
3.36922E-03,-9.964E-03
3.36922E-03,-6.764E-03
3.36931E-03,-8.364E-03
3.36931E-03,-4.364E-03
3.36940E-03,-5.164E-03
3.36940E-03,-1.964E-03
3.36949E-03,-2.764E-03
3.36949E-03,2.036E-03
3.36958E-03,4.357E-04
3.36958E-03,3.636E-03
3.36966E-03,2.836E-03
3.36966E-03,4.436E-03
3.36975E-03,4.436E-03
3.36975E-03,6.036E-03
3.36984E-03,4.436E-03
3.36984E-03,6.036E-03
3.36993E-03,3.636E-03
3.36993E-03,5.236E-03
3.37002E-03,2.036E-03
3.37002E-03,4.436E-03
3.37010E-03,4.357E-04
3.37010E-03,3.636E-03
3.37019E-03,-1.964E-03
3.37019E-03,2.036E-03
3.37028E-03,-3.564E-03
3.37028E-03,1.236E-03
3.37037E-03,-4.364E-03
3.37037E-03,-1.164E-03
3.37046E-03,-5.164E-03
3.37046E-03,-1.964E-03
3.37054E-03,-5.164E-03
3.37054E-03,-3.564E-03
3.37063E-03,-5.964E-03
3.37063E-03,-3.564E-03
3.37072E-03,-5.964E-03
3.37072E-03,-3.564E-03
3.37081E-03,-5.164E-03
3.37081E-03,-3.564E-03
3.37090E-03,-4.364E-03
3.37090E-03,-1.964E-03
3.37098E-03,-3.564E-03
3.37098E-03,-1.164E-03
3.37107E-03,-1.964E-03
3.37107E-03,4.357E-04
3.37116E-03,-1.964E-03
3.37116E-03,1.236E-03
3.37125E-03,-3.643E-04
3.37125E-03,1.236E-03
3.37134E-03,4.357E-04
3.37134E-03,2.036E-03
3.37142E-03,4.357E-04
3.37142E-03,2.036E-03
3.37151E-03,4.357E-04
3.37151E-03,2.036E-03
3.37160E-03,-3.643E-04
3.37160E-03,2.036E-03
3.37169E-03,-3.643E-04
3.37169E-03,1.236E-03
3.37178E-03,-1.164E-03
3.37178E-03,1.236E-03
3.37186E-03,-1.964E-03
3.37186E-03,4.357E-04
3.37195E-03,-2.764E-03
3.37195E-03,-1.164E-03
3.37204E-03,-3.564E-03
3.37204E-03,-1.964E-03
3.37213E-03,-4.364E-03
3.37213E-03,-1.964E-03
3.37222E-03,-4.364E-03
3.37222E-03,-2.764E-03
3.37230E-03,-4.364E-03
3.37230E-03,-2.764E-03
3.37239E-03,-4.364E-03
3.37239E-03,-2.764E-03
3.37248E-03,-4.364E-03
3.37248E-03,-1.964E-03
3.37257E-03,-3.564E-03
3.37257E-03,-1.164E-03
3.37266E-03,-2.764E-03
3.37266E-03,-3.643E-04
3.37274E-03,-1.164E-03
3.37274E-03,1.236E-03
3.37283E-03,-3.643E-04
3.37283E-03,2.036E-03
3.37292E-03,4.357E-04
3.37292E-03,2.836E-03
3.37301E-03,1.236E-03
3.37301E-03,3.636E-03
3.37310E-03,2.036E-03
3.37310E-03,4.436E-03
3.37318E-03,2.036E-03
3.37318E-03,3.636E-03
3.37327E-03,1.236E-03
3.37327E-03,3.636E-03
3.37336E-03,-3.643E-04
3.37336E-03,2.836E-03
3.37345E-03,-1.964E-03
3.37345E-03,1.236E-03
3.37354E-03,-4.364E-03
3.37354E-03,-1.164E-03
3.37362E-03,-5.964E-03
3.37362E-03,-2.764E-03
3.37371E-03,-7.564E-03
3.37371E-03,-5.164E-03
3.37380E-03,-8.364E-03
3.37380E-03,-5.964E-03
3.37389E-03,-9.164E-03
3.37389E-03,-7.564E-03
3.37398E-03,-8.364E-03
3.37398E-03,-6.764E-03
3.37406E-03,-8.364E-03
3.37406E-03,-5.164E-03
3.37415E-03,-6.764E-03
3.37415E-03,-3.564E-03
3.37424E-03,-4.364E-03
3.37424E-03,-3.643E-04
3.37433E-03,-1.164E-03
3.37433E-03,2.836E-03
3.37442E-03,2.036E-03
3.37442E-03,6.036E-03
3.37450E-03,5.236E-03
3.37450E-03,8.436E-03
3.37459E-03,7.636E-03
3.37459E-03,1.004E-02
3.37468E-03,9.236E-03
3.37468E-03,1.084E-02
3.37477E-03,8.436E-03
3.37477E-03,1.084E-02
3.37486E-03,6.036E-03
3.37486E-03,9.236E-03
3.37494E-03,2.836E-03
3.37494E-03,6.836E-03
3.37503E-03,-1.964E-03
3.37503E-03,2.836E-03
3.37512E-03,-6.764E-03
3.37512E-03,-1.164E-03
3.37521E-03,-1.156E-02
3.37521E-03,-5.164E-03
3.37530E-03,-1.476E-02
3.37530E-03,-9.964E-03
3.37538E-03,-1.716E-02
3.37538E-03,-1.316E-02
3.37547E-03,-1.796E-02
3.37547E-03,-1.556E-02
3.37556E-03,-1.796E-02
3.37556E-03,-1.476E-02
3.37565E-03,-1.556E-02
3.37565E-03,-1.156E-02
3.37574E-03,-1.316E-02
3.37574E-03,-7.564E-03
3.37582E-03,-7.564E-03
3.37582E-03,-3.643E-04
3.37591E-03,-1.964E-03
3.37591E-03,5.236E-03
3.37600E-03,4.436E-03
3.37600E-03,1.164E-02
3.37609E-03,1.084E-02
3.37609E-03,1.644E-02
3.37618E-03,1.564E-02
3.37618E-03,1.964E-02
3.37626E-03,1.884E-02
3.37626E-03,2.044E-02
3.37635E-03,1.724E-02
3.37635E-03,2.044E-02
3.37644E-03,1.404E-02
3.37644E-03,1.884E-02
3.37653E-03,7.636E-03
3.37653E-03,1.484E-02
3.37662E-03,-3.643E-04
3.37662E-03,8.436E-03
3.37670E-03,-8.364E-03
3.37670E-03,4.357E-04
3.37679E-03,-1.636E-02
3.37679E-03,-8.364E-03
3.37688E-03,-2.276E-02
3.37688E-03,-1.636E-02
3.37697E-03,-2.676E-02
3.37697E-03,-2.196E-02
3.37706E-03,-2.836E-02
3.37706E-03,-2.596E-02
3.37714E-03,-2.836E-02
3.37714E-03,-2.516E-02
3.37723E-03,-2.596E-02
3.37723E-03,-2.036E-02
3.37732E-03,-2.116E-02
3.37732E-03,-1.236E-02
3.37741E-03,-1.316E-02
3.37741E-03,-3.564E-03
3.37750E-03,-3.564E-03
3.37750E-03,7.636E-03
3.37758E-03,6.036E-03
3.37758E-03,1.644E-02
3.37767E-03,1.564E-02
3.37767E-03,2.444E-02
3.37776E-03,2.364E-02
3.37776E-03,3.004E-02
3.37785E-03,2.924E-02
3.37785E-03,3.164E-02
3.37794E-03,2.844E-02
3.37794E-03,3.164E-02
3.37802E-03,2.204E-02
3.37802E-03,2.924E-02
3.37811E-03,1.324E-02
3.37811E-03,2.364E-02
3.37820E-03,2.036E-03
3.37820E-03,1.404E-02
3.37829E-03,-9.964E-03
3.37829E-03,2.836E-03
3.37838E-03,-2.116E-02
3.37838E-03,-9.164E-03
3.37846E-03,-3.076E-02
3.37846E-03,-2.036E-02
3.37855E-03,-3.636E-02
3.37855E-03,-2.996E-02
3.37864E-03,-3.876E-02
3.37864E-03,-3.556E-02
3.37873E-03,-3.876E-02
3.37873E-03,-3.556E-02
3.37882E-03,-3.556E-02
3.37882E-03,-2.916E-02
3.37890E-03,-2.916E-02
3.37890E-03,-1.876E-02
3.37899E-03,-1.956E-02
3.37899E-03,-5.964E-03
3.37908E-03,-6.764E-03
3.37908E-03,7.636E-03
3.37917E-03,6.836E-03
3.37917E-03,1.964E-02
3.37926E-03,1.964E-02
3.37926E-03,3.084E-02
3.37934E-03,3.004E-02
3.37934E-03,3.724E-02
3.37943E-03,3.724E-02
3.37943E-03,4.044E-02
3.37952E-03,3.724E-02
3.37952E-03,4.044E-02
3.37961E-03,3.004E-02
3.37961E-03,3.804E-02
3.37970E-03,1.964E-02
3.37970E-03,3.084E-02
3.37978E-03,6.036E-03
3.37978E-03,1.964E-02
3.37987E-03,-9.164E-03
3.37987E-03,6.036E-03
3.37996E-03,-2.276E-02
3.37996E-03,-9.164E-03
3.38005E-03,-3.476E-02
3.38005E-03,-2.276E-02
3.38014E-03,-4.276E-02
3.38014E-03,-3.396E-02
3.38022E-03,-4.676E-02
3.38022E-03,-4.036E-02
3.38031E-03,-4.676E-02
3.38031E-03,-4.276E-02
3.38040E-03,-4.356E-02
3.38040E-03,-3.556E-02
3.38049E-03,-3.636E-02
3.38049E-03,-2.436E-02
3.38058E-03,-2.516E-02
3.38058E-03,-9.964E-03
3.38066E-03,-1.076E-02
3.38066E-03,5.236E-03
3.38075E-03,5.236E-03
3.38075E-03,2.044E-02
3.38084E-03,2.044E-02
3.38084E-03,3.324E-02
3.38093E-03,3.244E-02
3.38093E-03,4.124E-02
3.38102E-03,4.044E-02
3.38102E-03,4.524E-02
3.38110E-03,4.284E-02
3.38110E-03,4.524E-02
3.38119E-03,3.484E-02
3.38119E-03,4.364E-02
3.38128E-03,2.364E-02
3.38128E-03,3.564E-02
3.38137E-03,9.236E-03
3.38137E-03,2.444E-02
3.38146E-03,-5.964E-03
3.38146E-03,1.004E-02
3.38154E-03,-2.196E-02
3.38154E-03,-5.964E-03
3.38163E-03,-3.556E-02
3.38163E-03,-2.196E-02
3.38172E-03,-4.436E-02
3.38172E-03,-3.476E-02
3.38181E-03,-4.836E-02
3.38181E-03,-4.356E-02
3.38190E-03,-4.836E-02
3.38190E-03,-4.596E-02
3.38198E-03,-4.676E-02
3.38198E-03,-3.876E-02
3.38207E-03,-3.956E-02
3.38207E-03,-2.756E-02
3.38216E-03,-2.836E-02
3.38216E-03,-1.316E-02
3.38225E-03,-1.396E-02
3.38225E-03,2.836E-03
3.38234E-03,2.836E-03
3.38234E-03,1.804E-02
3.38242E-03,1.804E-02
3.38242E-03,3.164E-02
3.38251E-03,3.004E-02
3.38251E-03,4.044E-02
3.38260E-03,3.964E-02
3.38260E-03,4.444E-02
3.38269E-03,4.284E-02
3.38269E-03,4.524E-02
3.38278E-03,3.644E-02
3.38278E-03,4.364E-02
3.38286E-03,2.524E-02
3.38286E-03,3.644E-02
3.38295E-03,1.164E-02
3.38295E-03,2.604E-02
3.38304E-03,-3.564E-03
3.38304E-03,1.244E-02
3.38313E-03,-1.876E-02
3.38313E-03,-3.564E-03
3.38322E-03,-3.156E-02
3.38322E-03,-1.796E-02
3.38330E-03,-4.116E-02
3.38330E-03,-3.076E-02
3.38339E-03,-4.516E-02
3.38339E-03,-3.956E-02
3.38348E-03,-4.516E-02
3.38348E-03,-4.276E-02
3.38357E-03,-4.436E-02
3.38357E-03,-3.796E-02
3.38366E-03,-3.796E-02
3.38366E-03,-2.756E-02
3.38374E-03,-2.756E-02
3.38374E-03,-1.396E-02
3.38383E-03,-1.476E-02
3.38383E-03,-3.643E-04
3.38392E-03,-1.164E-03
3.38392E-03,1.324E-02
3.38401E-03,1.324E-02
3.38401E-03,2.524E-02
3.38410E-03,2.524E-02
3.38410E-03,3.404E-02
3.38418E-03,3.324E-02
3.38418E-03,3.884E-02
3.38427E-03,3.724E-02
3.38427E-03,3.964E-02
3.38436E-03,3.244E-02
3.38436E-03,3.884E-02
3.38445E-03,2.364E-02
3.38445E-03,3.324E-02
3.38454E-03,1.164E-02
3.38454E-03,2.444E-02
3.38462E-03,-1.164E-03
3.38462E-03,1.244E-02
3.38471E-03,-1.316E-02
3.38471E-03,-3.643E-04
3.38480E-03,-2.516E-02
3.38480E-03,-1.316E-02
3.38489E-03,-3.316E-02
3.38489E-03,-2.436E-02
3.38498E-03,-3.716E-02
3.38498E-03,-3.156E-02
3.38506E-03,-3.796E-02
3.38506E-03,-3.556E-02
3.38515E-03,-3.716E-02
3.38515E-03,-3.076E-02
3.38524E-03,-3.396E-02
3.38524E-03,-2.436E-02
3.38533E-03,-2.436E-02
3.38533E-03,-1.316E-02
3.38542E-03,-1.396E-02
3.38542E-03,-2.764E-03
3.38550E-03,-2.764E-03
3.38550E-03,9.236E-03
3.38559E-03,8.436E-03
3.38559E-03,1.804E-02
3.38568E-03,1.724E-02
3.38568E-03,2.524E-02
3.38577E-03,2.444E-02
3.38577E-03,2.924E-02
3.38586E-03,2.844E-02
3.38586E-03,3.004E-02
3.38594E-03,2.524E-02
3.38594E-03,2.924E-02
3.38603E-03,1.884E-02
3.38603E-03,2.604E-02
3.38612E-03,1.004E-02
3.38612E-03,1.964E-02
3.38621E-03,4.357E-04
3.38621E-03,1.084E-02
3.38630E-03,-8.364E-03
3.38630E-03,1.236E-03
3.38638E-03,-1.716E-02
3.38638E-03,-8.364E-03
3.38647E-03,-2.356E-02
3.38647E-03,-1.636E-02
3.38656E-03,-2.676E-02
3.38656E-03,-2.276E-02
3.38665E-03,-2.756E-02
3.38665E-03,-2.516E-02
3.38674E-03,-2.756E-02
3.38674E-03,-2.276E-02
3.38682E-03,-2.436E-02
3.38682E-03,-1.796E-02
3.38691E-03,-1.876E-02
3.38691E-03,-1.076E-02
3.38700E-03,-1.156E-02
3.38700E-03,-3.564E-03
3.38709E-03,-4.364E-03
3.38709E-03,4.436E-03
3.38718E-03,3.636E-03
3.38718E-03,1.084E-02
3.38726E-03,1.004E-02
3.38726E-03,1.564E-02
3.38735E-03,1.484E-02
3.38735E-03,1.804E-02
3.38744E-03,1.724E-02
3.38744E-03,1.884E-02
3.38753E-03,1.644E-02
3.38753E-03,1.884E-02
3.38762E-03,1.244E-02
3.38762E-03,1.724E-02
3.38770E-03,6.836E-03
3.38770E-03,1.244E-02
3.38779E-03,1.236E-03
3.38779E-03,7.636E-03
3.38788E-03,-4.364E-03
3.38788E-03,1.236E-03
3.38797E-03,-9.964E-03
3.38797E-03,-4.364E-03
3.38806E-03,-1.396E-02
3.38806E-03,-9.164E-03
3.38814E-03,-1.636E-02
3.38814E-03,-1.316E-02
3.38823E-03,-1.636E-02
3.38823E-03,-1.476E-02
3.38832E-03,-1.636E-02
3.38832E-03,-1.316E-02
3.38841E-03,-1.476E-02
3.38841E-03,-1.076E-02
3.38850E-03,-1.156E-02
3.38850E-03,-6.764E-03
3.38858E-03,-7.564E-03
3.38858E-03,-2.764E-03
3.38867E-03,-3.564E-03
3.38867E-03,1.236E-03
3.38876E-03,4.357E-04
3.38876E-03,4.436E-03
3.38885E-03,3.636E-03
3.38885E-03,7.636E-03
3.38894E-03,6.836E-03
3.38894E-03,9.236E-03
3.38902E-03,7.636E-03
3.38902E-03,1.004E-02
3.38911E-03,6.836E-03
3.38911E-03,9.236E-03
3.38920E-03,5.236E-03
3.38920E-03,8.436E-03
3.38929E-03,2.836E-03
3.38929E-03,6.036E-03
3.38938E-03,4.357E-04
3.38938E-03,3.636E-03
3.38946E-03,-2.764E-03
3.38946E-03,1.236E-03
3.38955E-03,-4.364E-03
3.38955E-03,-1.964E-03
3.38964E-03,-6.764E-03
3.38964E-03,-4.364E-03
3.38973E-03,-7.564E-03
3.38973E-03,-5.164E-03
3.38982E-03,-8.364E-03
3.38982E-03,-6.764E-03
3.38990E-03,-8.364E-03
3.38990E-03,-5.964E-03
3.38999E-03,-7.564E-03
3.38999E-03,-5.164E-03
3.39008E-03,-5.964E-03
3.39008E-03,-2.764E-03
3.39017E-03,-5.164E-03
3.39017E-03,-3.643E-04
3.39026E-03,-3.564E-03
3.39026E-03,4.357E-04
3.39034E-03,-1.164E-03
3.39034E-03,1.236E-03
3.39043E-03,-3.643E-04
3.39043E-03,2.836E-03
3.39052E-03,1.236E-03
3.39052E-03,3.636E-03
3.39061E-03,1.236E-03
3.39061E-03,2.836E-03
3.39070E-03,2.036E-03
3.39070E-03,3.636E-03
3.39078E-03,4.357E-04
3.39078E-03,2.836E-03
3.39087E-03,4.357E-04
3.39087E-03,2.036E-03
3.39096E-03,-1.164E-03
3.39096E-03,1.236E-03
3.39105E-03,-1.964E-03
3.39105E-03,4.357E-04
3.39114E-03,-2.764E-03
3.39114E-03,-3.643E-04
3.39122E-03,-3.564E-03
3.39122E-03,-1.964E-03
3.39131E-03,-4.364E-03
3.39131E-03,-1.964E-03
3.39140E-03,-4.364E-03
3.39140E-03,-2.764E-03
3.39149E-03,-4.364E-03
3.39149E-03,-2.764E-03
3.39158E-03,-4.364E-03
3.39158E-03,-1.964E-03
3.39166E-03,-3.564E-03
3.39166E-03,-1.964E-03
3.39175E-03,-3.564E-03
3.39175E-03,-1.164E-03
3.39184E-03,-2.764E-03
3.39184E-03,-3.643E-04
3.39193E-03,-1.164E-03
3.39193E-03,1.236E-03
3.39202E-03,-1.164E-03
3.39202E-03,1.236E-03
3.39210E-03,-3.643E-04
3.39210E-03,2.036E-03
3.39219E-03,4.357E-04
3.39219E-03,2.036E-03
3.39228E-03,4.357E-04
3.39228E-03,2.836E-03
3.39237E-03,4.357E-04
3.39237E-03,2.036E-03
3.39246E-03,4.357E-04
3.39246E-03,2.036E-03
3.39254E-03,-1.164E-03
3.39254E-03,2.036E-03
3.39263E-03,-1.964E-03
3.39263E-03,4.357E-04
3.39272E-03,-2.764E-03
3.39272E-03,-3.643E-04
3.39281E-03,-4.364E-03
3.39281E-03,-1.964E-03
3.39290E-03,-5.164E-03
3.39290E-03,-2.764E-03
3.39298E-03,-5.964E-03
3.39298E-03,-3.564E-03
3.39307E-03,-5.964E-03
3.39307E-03,-4.364E-03
3.39316E-03,-6.764E-03
3.39316E-03,-4.364E-03
3.39325E-03,-5.964E-03
3.39325E-03,-3.564E-03
3.39334E-03,-4.364E-03
3.39334E-03,-1.964E-03
3.39342E-03,-3.564E-03
3.39342E-03,-3.643E-04
3.39351E-03,-1.964E-03
3.39351E-03,1.236E-03
3.39360E-03,4.357E-04
3.39360E-03,2.836E-03
3.39369E-03,2.036E-03
3.39369E-03,5.236E-03
3.39378E-03,3.636E-03
3.39378E-03,6.036E-03
3.39386E-03,4.436E-03
3.39386E-03,6.836E-03
3.39395E-03,5.236E-03
3.39395E-03,6.836E-03
3.39404E-03,3.636E-03
3.39404E-03,6.036E-03
3.39413E-03,2.036E-03
3.39413E-03,5.236E-03
3.39422E-03,-1.964E-03
3.39422E-03,2.836E-03
3.39430E-03,-4.364E-03
3.39430E-03,-3.643E-04
3.39439E-03,-7.564E-03
3.39439E-03,-3.564E-03
3.39448E-03,-9.964E-03
3.39448E-03,-6.764E-03
3.39457E-03,-1.236E-02
3.39457E-03,-9.164E-03
3.39466E-03,-1.316E-02
3.39466E-03,-1.076E-02
3.39474E-03,-1.316E-02
3.39474E-03,-1.076E-02
3.39483E-03,-1.236E-02
3.39483E-03,-9.164E-03
3.39492E-03,-9.964E-03
3.39492E-03,-5.964E-03
3.39501E-03,-6.764E-03
3.39501E-03,-1.964E-03
3.39510E-03,-2.764E-03
3.39510E-03,3.636E-03
3.39518E-03,4.357E-04
3.39518E-03,7.636E-03
3.39527E-03,6.036E-03
3.39527E-03,1.084E-02
3.39536E-03,1.084E-02
3.39536E-03,1.404E-02
3.39545E-03,1.324E-02
3.39545E-03,1.484E-02
3.39554E-03,1.324E-02
3.39554E-03,1.484E-02
3.39562E-03,1.084E-02
3.39562E-03,1.404E-02
3.39571E-03,6.036E-03
3.39571E-03,1.164E-02
3.39580E-03,4.357E-04
3.39580E-03,6.836E-03
3.39589E-03,-5.964E-03
3.39589E-03,1.236E-03
3.39598E-03,-1.236E-02
3.39598E-03,-5.164E-03
3.39606E-03,-1.796E-02
3.39606E-03,-1.156E-02
3.39615E-03,-2.116E-02
3.39615E-03,-1.716E-02
3.39624E-03,-2.276E-02
3.39624E-03,-2.036E-02
3.39633E-03,-2.276E-02
3.39633E-03,-2.036E-02
3.39642E-03,-2.116E-02
3.39642E-03,-1.716E-02
3.39650E-03,-1.796E-02
3.39650E-03,-1.156E-02
3.39659E-03,-1.236E-02
3.39659E-03,-4.364E-03
3.39668E-03,-5.164E-03
3.39668E-03,3.636E-03
3.39677E-03,2.836E-03
3.39677E-03,1.244E-02
3.39686E-03,1.164E-02
3.39686E-03,1.884E-02
3.39694E-03,1.804E-02
3.39694E-03,2.364E-02
3.39703E-03,2.284E-02
3.39703E-03,2.524E-02
3.39712E-03,2.364E-02
3.39712E-03,2.604E-02
3.39721E-03,1.964E-02
3.39721E-03,2.524E-02
3.39730E-03,1.244E-02
3.39730E-03,2.044E-02
3.39738E-03,3.636E-03
3.39738E-03,1.324E-02
3.39747E-03,-5.964E-03
3.39747E-03,3.636E-03
3.39756E-03,-1.716E-02
3.39756E-03,-5.964E-03
3.39765E-03,-2.516E-02
3.39765E-03,-1.556E-02
3.39774E-03,-3.156E-02
3.39774E-03,-2.436E-02
3.39782E-03,-3.396E-02
3.39782E-03,-3.076E-02
3.39791E-03,-3.396E-02
3.39791E-03,-3.156E-02
3.39800E-03,-3.236E-02
3.39800E-03,-2.596E-02
3.39809E-03,-2.676E-02
3.39809E-03,-1.876E-02
3.39818E-03,-1.956E-02
3.39818E-03,-8.364E-03
3.39826E-03,-8.364E-03
3.39826E-03,4.436E-03
3.39835E-03,3.636E-03
3.39835E-03,1.564E-02
3.39844E-03,1.484E-02
3.39844E-03,2.524E-02
3.39853E-03,2.524E-02
3.39853E-03,3.244E-02
3.39862E-03,3.164E-02
3.39862E-03,3.644E-02
3.39870E-03,3.404E-02
3.39870E-03,3.644E-02
3.39879E-03,2.844E-02
3.39879E-03,3.484E-02
3.39888E-03,1.964E-02
3.39888E-03,2.924E-02
3.39897E-03,7.636E-03
3.39897E-03,1.964E-02
3.39906E-03,-5.164E-03
3.39906E-03,7.636E-03
3.39914E-03,-1.876E-02
3.39914E-03,-5.164E-03
3.39923E-03,-3.076E-02
3.39923E-03,-1.876E-02
3.39932E-03,-3.796E-02
3.39932E-03,-2.996E-02
3.39941E-03,-4.276E-02
3.39941E-03,-3.796E-02
3.39950E-03,-4.356E-02
3.39950E-03,-4.116E-02
3.39958E-03,-4.116E-02
3.39958E-03,-3.556E-02
3.39967E-03,-3.556E-02
3.39967E-03,-2.516E-02
3.39976E-03,-2.596E-02
3.39976E-03,-1.156E-02
3.39985E-03,-1.236E-02
3.39985E-03,2.036E-03
3.39994E-03,2.036E-03
3.39994E-03,1.644E-02
3.40002E-03,1.644E-02
3.40002E-03,2.844E-02
3.40011E-03,2.844E-02
3.40011E-03,3.964E-02
3.40020E-03,3.644E-02
3.40020E-03,4.284E-02
3.40029E-03,4.124E-02
3.40029E-03,4.444E-02
3.40038E-03,3.564E-02
3.40038E-03,4.204E-02
3.40046E-03,2.604E-02
3.40046E-03,3.644E-02
3.40055E-03,1.164E-02
3.40055E-03,2.604E-02
3.40064E-03,-4.364E-03
3.40064E-03,1.244E-02
3.40073E-03,-1.876E-02
3.40073E-03,-4.364E-03
3.40082E-03,-3.316E-02
3.40082E-03,-1.876E-02
3.40090E-03,-4.196E-02
3.40090E-03,-3.236E-02
3.40099E-03,-4.756E-02
3.40099E-03,-4.116E-02
3.40108E-03,-4.836E-02
3.40108E-03,-4.596E-02
3.40117E-03,-4.676E-02
3.40117E-03,-4.036E-02
3.40126E-03,-4.116E-02
3.40126E-03,-2.996E-02
3.40134E-03,-3.076E-02
3.40134E-03,-1.556E-02
3.40143E-03,-1.636E-02
3.40143E-03,-3.643E-04
3.40152E-03,-1.164E-03
3.40152E-03,1.564E-02
3.40161E-03,1.564E-02
3.40161E-03,2.924E-02
3.40170E-03,2.924E-02
3.40170E-03,3.964E-02
3.40178E-03,3.884E-02
3.40178E-03,4.524E-02
3.40187E-03,4.444E-02
3.40187E-03,4.604E-02
3.40196E-03,3.884E-02
3.40196E-03,4.524E-02
3.40205E-03,2.844E-02
3.40205E-03,3.964E-02
3.40214E-03,1.484E-02
3.40214E-03,2.924E-02
3.40222E-03,-1.164E-03
3.40222E-03,1.564E-02
3.40231E-03,-1.636E-02
3.40231E-03,-3.643E-04
3.40240E-03,-3.076E-02
3.40240E-03,-1.556E-02
3.40249E-03,-4.036E-02
3.40249E-03,-2.996E-02
3.40258E-03,-4.676E-02
3.40258E-03,-4.036E-02
3.40266E-03,-4.756E-02
3.40266E-03,-4.516E-02
3.40275E-03,-4.676E-02
3.40275E-03,-4.116E-02
3.40284E-03,-4.196E-02
3.40284E-03,-3.156E-02
3.40293E-03,-3.236E-02
3.40293E-03,-1.796E-02
3.40302E-03,-1.876E-02
3.40302E-03,-2.764E-03
3.40310E-03,-3.564E-03
3.40310E-03,1.244E-02
3.40319E-03,1.164E-02
3.40319E-03,2.524E-02
3.40328E-03,2.524E-02
3.40328E-03,3.644E-02
3.40337E-03,3.564E-02
3.40337E-03,4.204E-02
3.40346E-03,4.044E-02
3.40346E-03,4.284E-02
3.40354E-03,3.724E-02
3.40354E-03,4.204E-02
3.40363E-03,2.844E-02
3.40363E-03,3.804E-02
3.40372E-03,1.564E-02
3.40372E-03,2.924E-02
3.40381E-03,1.236E-03
3.40381E-03,1.644E-02
3.40390E-03,-1.236E-02
3.40390E-03,2.036E-03
3.40398E-03,-2.596E-02
3.40398E-03,-1.156E-02
3.40407E-03,-3.476E-02
3.40407E-03,-2.516E-02
3.40416E-03,-4.036E-02
3.40416E-03,-3.476E-02
3.40425E-03,-4.196E-02
3.40425E-03,-3.956E-02
3.40434E-03,-4.116E-02
3.40434E-03,-3.716E-02
3.40442E-03,-3.796E-02
3.40442E-03,-2.916E-02
3.40451E-03,-2.996E-02
3.40451E-03,-1.796E-02
3.40460E-03,-1.876E-02
3.40460E-03,-5.164E-03
3.40469E-03,-5.964E-03
3.40469E-03,7.636E-03
3.40478E-03,7.636E-03
3.40478E-03,1.964E-02
3.40486E-03,1.884E-02
3.40486E-03,2.844E-02
3.40495E-03,2.764E-02
3.40495E-03,3.404E-02
3.40504E-03,3.244E-02
3.40504E-03,3.564E-02
