[s],CH1[V]
2.8778005E-03,-4.996E-02
2.8778010E-03,-4.996E-02
2.8778015E-03,-5.076E-02
2.8778020E-03,-4.996E-02
2.8778025E-03,-5.076E-02
2.8778030E-03,-4.996E-02
2.8778035E-03,-5.076E-02
2.8778040E-03,-4.996E-02
2.8778045E-03,-5.076E-02
2.8778050E-03,-4.996E-02
2.8778055E-03,-5.076E-02
2.8778060E-03,-4.916E-02
2.8778065E-03,-5.076E-02
2.8778070E-03,-4.996E-02
2.8778075E-03,-5.076E-02
2.8778080E-03,-4.996E-02
2.8778085E-03,-5.076E-02
2.8778090E-03,-4.996E-02
2.8778095E-03,-4.996E-02
2.8778100E-03,-4.996E-02
2.8778105E-03,-4.996E-02
2.8778110E-03,-4.996E-02
2.8778115E-03,-4.996E-02
2.8778120E-03,-4.916E-02
2.8778125E-03,-4.996E-02
2.8778130E-03,-4.916E-02
2.8778135E-03,-5.076E-02
2.8778140E-03,-4.996E-02
2.8778145E-03,-5.076E-02
2.8778150E-03,-4.996E-02
2.8778155E-03,-5.076E-02
2.8778160E-03,-4.996E-02
2.8778165E-03,-5.076E-02
2.8778170E-03,-4.996E-02
2.8778175E-03,-5.076E-02
2.8778180E-03,-4.996E-02
2.8778185E-03,-5.076E-02
2.8778190E-03,-4.996E-02
2.8778195E-03,-4.996E-02
2.8778200E-03,-4.996E-02
2.8778205E-03,-5.076E-02
2.8778210E-03,-4.996E-02
2.8778215E-03,-5.076E-02
2.8778220E-03,-4.996E-02
2.8778225E-03,-4.996E-02
2.8778230E-03,-4.916E-02
2.8778235E-03,-4.996E-02
2.8778240E-03,-4.996E-02
2.8778245E-03,-4.996E-02
2.8778250E-03,-4.916E-02
2.8778255E-03,-4.916E-02
2.8778260E-03,-4.916E-02
2.8778265E-03,-4.996E-02
2.8778270E-03,-4.996E-02
2.8778275E-03,-4.996E-02
2.8778280E-03,-4.996E-02
2.8778285E-03,-4.996E-02
2.8778290E-03,-4.996E-02
2.8778295E-03,-4.996E-02
2.8778300E-03,-4.996E-02
2.8778305E-03,-4.996E-02
2.8778310E-03,-4.996E-02
2.8778315E-03,-4.996E-02
2.8778320E-03,-4.916E-02
2.8778325E-03,-4.996E-02
2.8778330E-03,-4.916E-02
2.8778335E-03,-4.996E-02
2.8778340E-03,-4.996E-02
2.8778345E-03,-4.996E-02
2.8778350E-03,-4.996E-02
2.8778355E-03,-4.996E-02
2.8778360E-03,-4.916E-02
2.8778365E-03,-4.916E-02
2.8778370E-03,-4.836E-02
2.8778375E-03,-4.916E-02
2.8778380E-03,-4.916E-02
2.8778385E-03,-4.996E-02
2.8778390E-03,-4.916E-02
2.8778395E-03,-4.996E-02
2.8778400E-03,-4.916E-02
2.8778405E-03,-4.996E-02
2.8778410E-03,-4.916E-02
2.8778415E-03,-4.996E-02
2.8778420E-03,-4.996E-02
2.8778425E-03,-4.996E-02
2.8778430E-03,-4.916E-02
2.8778435E-03,-4.916E-02
2.8778440E-03,-4.916E-02
2.8778445E-03,-4.916E-02
2.8778450E-03,-4.916E-02
2.8778455E-03,-4.996E-02
2.8778460E-03,-4.916E-02
2.8778465E-03,-4.996E-02
2.8778470E-03,-4.916E-02
2.8778475E-03,-4.996E-02
2.8778480E-03,-4.836E-02
2.8778485E-03,-4.916E-02
2.8778490E-03,-4.836E-02
2.8778495E-03,-4.916E-02
2.8778500E-03,-4.916E-02
2.8778505E-03,-4.916E-02
2.8778510E-03,-4.916E-02
2.8778515E-03,-4.916E-02
2.8778520E-03,-4.916E-02
2.8778525E-03,-4.916E-02
2.8778530E-03,-4.916E-02
2.8778535E-03,-4.916E-02
2.8778540E-03,-4.916E-02
2.8778545E-03,-4.916E-02
2.8778550E-03,-4.836E-02
2.8778555E-03,-4.836E-02
2.8778560E-03,-4.836E-02
2.8778565E-03,-4.836E-02
2.8778570E-03,-4.756E-02
2.8778575E-03,-4.836E-02
2.8778580E-03,-4.756E-02
2.8778585E-03,-4.836E-02
2.8778590E-03,-4.836E-02
2.8778595E-03,-4.836E-02
2.8778600E-03,-4.756E-02
2.8778605E-03,-4.836E-02
2.8778610E-03,-4.756E-02
2.8778615E-03,-4.836E-02
2.8778620E-03,-4.836E-02
2.8778625E-03,-4.916E-02
2.8778630E-03,-4.836E-02
2.8778635E-03,-4.836E-02
2.8778640E-03,-4.836E-02
2.8778645E-03,-4.836E-02
2.8778650E-03,-4.836E-02
2.8778655E-03,-4.836E-02
2.8778660E-03,-4.756E-02
2.8778665E-03,-4.836E-02
2.8778670E-03,-4.756E-02
2.8778675E-03,-4.836E-02
2.8778680E-03,-4.756E-02
2.8778685E-03,-4.836E-02
2.8778690E-03,-4.756E-02
2.8778695E-03,-4.756E-02
2.8778700E-03,-4.756E-02
2.8778705E-03,-4.756E-02
2.8778710E-03,-4.756E-02
2.8778715E-03,-4.756E-02
2.8778720E-03,-4.676E-02
2.8778725E-03,-4.756E-02
2.8778730E-03,-4.756E-02
2.8778735E-03,-4.756E-02
2.8778740E-03,-4.676E-02
2.8778745E-03,-4.756E-02
2.8778750E-03,-4.756E-02
2.8778755E-03,-4.756E-02
2.8778760E-03,-4.756E-02
2.8778765E-03,-4.756E-02
2.8778770E-03,-4.676E-02
2.8778775E-03,-4.756E-02
2.8778780E-03,-4.676E-02
2.8778785E-03,-4.836E-02
2.8778790E-03,-4.676E-02
2.8778795E-03,-4.756E-02
2.8778800E-03,-4.756E-02
2.8778805E-03,-4.756E-02
2.8778810E-03,-4.676E-02
2.8778815E-03,-4.756E-02
2.8778820E-03,-4.676E-02
2.8778825E-03,-4.756E-02
2.8778830E-03,-4.756E-02
2.8778835E-03,-4.756E-02
2.8778840E-03,-4.676E-02
2.8778845E-03,-4.756E-02
2.8778850E-03,-4.756E-02
2.8778855E-03,-4.756E-02
2.8778860E-03,-4.676E-02
2.8778865E-03,-4.676E-02
2.8778870E-03,-4.676E-02
2.8778875E-03,-4.676E-02
2.8778880E-03,-4.676E-02
2.8778885E-03,-4.676E-02
2.8778890E-03,-4.596E-02
2.8778895E-03,-4.596E-02
2.8778900E-03,-4.596E-02
2.8778905E-03,-4.676E-02
2.8778910E-03,-4.596E-02
2.8778915E-03,-4.596E-02
2.8778920E-03,-4.596E-02
2.8778925E-03,-4.596E-02
2.8778930E-03,-4.596E-02
2.8778935E-03,-4.596E-02
2.8778940E-03,-4.596E-02
2.8778945E-03,-4.676E-02
2.8778950E-03,-4.596E-02
2.8778955E-03,-4.596E-02
2.8778960E-03,-4.596E-02
2.8778965E-03,-4.596E-02
2.8778970E-03,-4.676E-02
2.8778975E-03,-4.596E-02
2.8778980E-03,-4.596E-02
2.8778985E-03,-4.596E-02
2.8778990E-03,-4.516E-02
2.8778995E-03,-4.596E-02
2.8779000E-03,-4.596E-02
2.8779005E-03,-4.596E-02
2.8779010E-03,-4.596E-02
2.8779015E-03,-4.596E-02
2.8779020E-03,-4.516E-02
2.8779025E-03,-4.516E-02
2.8779030E-03,-4.436E-02
2.8779035E-03,-4.516E-02
2.8779040E-03,-4.436E-02
2.8779045E-03,-4.436E-02
2.8779050E-03,-4.436E-02
2.8779055E-03,-4.436E-02
2.8779060E-03,-4.436E-02
2.8779065E-03,-4.516E-02
2.8779070E-03,-4.436E-02
2.8779075E-03,-4.516E-02
2.8779080E-03,-4.516E-02
2.8779085E-03,-4.516E-02
2.8779090E-03,-4.436E-02
2.8779095E-03,-4.516E-02
2.8779100E-03,-4.436E-02
2.8779105E-03,-4.516E-02
2.8779110E-03,-4.516E-02
2.8779115E-03,-4.516E-02
2.8779120E-03,-4.516E-02
2.8779125E-03,-4.516E-02
2.8779130E-03,-4.516E-02
2.8779135E-03,-4.516E-02
2.8779140E-03,-4.516E-02
2.8779145E-03,-4.516E-02
2.8779150E-03,-4.436E-02
2.8779155E-03,-4.516E-02
2.8779160E-03,-4.436E-02
2.8779165E-03,-4.516E-02
2.8779170E-03,-4.436E-02
2.8779175E-03,-4.436E-02
2.8779180E-03,-4.436E-02
2.8779185E-03,-4.436E-02
2.8779190E-03,-4.356E-02
2.8779195E-03,-4.356E-02
2.8779200E-03,-4.356E-02
2.8779205E-03,-4.276E-02
2.8779210E-03,-4.276E-02
2.8779215E-03,-4.276E-02
2.8779220E-03,-4.276E-02
2.8779225E-03,-4.276E-02
2.8779230E-03,-4.276E-02
2.8779235E-03,-4.276E-02
2.8779240E-03,-4.276E-02
2.8779245E-03,-4.356E-02
2.8779250E-03,-4.276E-02
2.8779255E-03,-4.276E-02
2.8779260E-03,-4.276E-02
2.8779265E-03,-4.276E-02
2.8779270E-03,-4.356E-02
2.8779275E-03,-4.356E-02
2.8779280E-03,-4.356E-02
2.8779285E-03,-4.436E-02
2.8779290E-03,-4.356E-02
2.8779295E-03,-4.356E-02
2.8779300E-03,-4.276E-02
2.8779305E-03,-4.356E-02
2.8779310E-03,-4.276E-02
2.8779315E-03,-4.356E-02
2.8779320E-03,-4.276E-02
2.8779325E-03,-4.276E-02
2.8779330E-03,-4.196E-02
2.8779335E-03,-4.276E-02
2.8779340E-03,-4.196E-02
2.8779345E-03,-4.196E-02
2.8779350E-03,-4.116E-02
2.8779355E-03,-4.196E-02
2.8779360E-03,-4.196E-02
2.8779365E-03,-4.116E-02
2.8779370E-03,-4.116E-02
2.8779375E-03,-4.116E-02
2.8779380E-03,-4.116E-02
2.8779385E-03,-4.116E-02
2.8779390E-03,-4.116E-02
2.8779395E-03,-4.116E-02
2.8779400E-03,-4.116E-02
2.8779405E-03,-4.116E-02
2.8779410E-03,-4.116E-02
2.8779415E-03,-4.116E-02
2.8779420E-03,-4.116E-02
2.8779425E-03,-4.116E-02
2.8779430E-03,-4.116E-02
2.8779435E-03,-4.196E-02
2.8779440E-03,-4.116E-02
2.8779445E-03,-4.196E-02
2.8779450E-03,-4.196E-02
2.8779455E-03,-4.196E-02
2.8779460E-03,-4.196E-02
2.8779465E-03,-4.196E-02
2.8779470E-03,-4.116E-02
2.8779475E-03,-4.196E-02
2.8779480E-03,-4.116E-02
2.8779485E-03,-4.116E-02
2.8779490E-03,-4.116E-02
2.8779495E-03,-4.116E-02
2.8779500E-03,-4.116E-02
2.8779505E-03,-4.116E-02
2.8779510E-03,-3.956E-02
2.8779515E-03,-4.036E-02
2.8779520E-03,-4.036E-02
2.8779525E-03,-3.956E-02
2.8779530E-03,-3.956E-02
2.8779535E-03,-3.956E-02
2.8779540E-03,-3.956E-02
2.8779545E-03,-3.956E-02
2.8779550E-03,-3.956E-02
2.8779555E-03,-3.956E-02
2.8779560E-03,-3.876E-02
2.8779565E-03,-3.956E-02
2.8779570E-03,-3.876E-02
2.8779575E-03,-3.956E-02
2.8779580E-03,-3.876E-02
2.8779585E-03,-3.956E-02
2.8779590E-03,-3.876E-02
2.8779595E-03,-3.956E-02
2.8779600E-03,-3.956E-02
2.8779605E-03,-3.956E-02
2.8779610E-03,-4.036E-02
2.8779615E-03,-3.956E-02
2.8779620E-03,-3.956E-02
2.8779625E-03,-3.956E-02
2.8779630E-03,-3.956E-02
2.8779635E-03,-3.956E-02
2.8779640E-03,-3.876E-02
2.8779645E-03,-3.876E-02
2.8779650E-03,-3.796E-02
2.8779655E-03,-3.876E-02
2.8779660E-03,-3.796E-02
2.8779665E-03,-3.876E-02
2.8779670E-03,-3.796E-02
2.8779675E-03,-3.796E-02
2.8779680E-03,-3.796E-02
2.8779685E-03,-3.796E-02
2.8779690E-03,-3.716E-02
2.8779695E-03,-3.716E-02
2.8779700E-03,-3.716E-02
2.8779705E-03,-3.716E-02
2.8779710E-03,-3.716E-02
2.8779715E-03,-3.716E-02
2.8779720E-03,-3.636E-02
2.8779725E-03,-3.716E-02
2.8779730E-03,-3.636E-02
2.8779735E-03,-3.636E-02
2.8779740E-03,-3.716E-02
2.8779745E-03,-3.716E-02
2.8779750E-03,-3.716E-02
2.8779755E-03,-3.716E-02
2.8779760E-03,-3.716E-02
2.8779765E-03,-3.716E-02
2.8779770E-03,-3.716E-02
2.8779775E-03,-3.796E-02
2.8779780E-03,-3.716E-02
2.8779785E-03,-3.716E-02
2.8779790E-03,-3.716E-02
2.8779795E-03,-3.796E-02
2.8779800E-03,-3.716E-02
2.8779805E-03,-3.716E-02
2.8779810E-03,-3.636E-02
2.8779815E-03,-3.636E-02
2.8779820E-03,-3.636E-02
2.8779825E-03,-3.636E-02
2.8779830E-03,-3.636E-02
2.8779835E-03,-3.556E-02
2.8779840E-03,-3.556E-02
2.8779845E-03,-3.476E-02
2.8779850E-03,-3.476E-02
2.8779855E-03,-3.476E-02
2.8779860E-03,-3.476E-02
2.8779865E-03,-3.476E-02
2.8779870E-03,-3.476E-02
2.8779875E-03,-3.396E-02
2.8779880E-03,-3.476E-02
2.8779885E-03,-3.476E-02
2.8779890E-03,-3.476E-02
2.8779895E-03,-3.476E-02
2.8779900E-03,-3.476E-02
2.8779905E-03,-3.476E-02
2.8779910E-03,-3.476E-02
2.8779915E-03,-3.556E-02
2.8779920E-03,-3.556E-02
2.8779925E-03,-3.556E-02
2.8779930E-03,-3.556E-02
2.8779935E-03,-3.556E-02
2.8779940E-03,-3.476E-02
2.8779945E-03,-3.476E-02
2.8779950E-03,-3.396E-02
2.8779955E-03,-3.476E-02
2.8779960E-03,-3.396E-02
2.8779965E-03,-3.396E-02
2.8779970E-03,-3.396E-02
2.8779975E-03,-3.396E-02
2.8779980E-03,-3.396E-02
2.8779985E-03,-3.396E-02
2.8779990E-03,-3.316E-02
2.8779995E-03,-3.396E-02
2.8780000E-03,-3.316E-02
2.8780005E-03,-3.316E-02
2.8780010E-03,-3.316E-02
2.8780015E-03,-3.316E-02
2.8780020E-03,-3.236E-02
2.8780025E-03,-3.236E-02
2.8780030E-03,-3.236E-02
2.8780035E-03,-3.236E-02
2.8780040E-03,-3.236E-02
2.8780045E-03,-3.236E-02
2.8780050E-03,-3.236E-02
2.8780055E-03,-3.236E-02
2.8780060E-03,-3.236E-02
2.8780065E-03,-3.236E-02
2.8780070E-03,-3.236E-02
2.8780075E-03,-3.316E-02
2.8780080E-03,-3.236E-02
2.8780085E-03,-3.316E-02
2.8780090E-03,-3.316E-02
2.8780095E-03,-3.316E-02
2.8780100E-03,-3.236E-02
2.8780105E-03,-3.236E-02
2.8780110E-03,-3.236E-02
2.8780115E-03,-3.236E-02
2.8780120E-03,-3.236E-02
2.8780125E-03,-3.236E-02
2.8780130E-03,-3.156E-02
2.8780135E-03,-3.236E-02
2.8780140E-03,-3.156E-02
2.8780145E-03,-3.156E-02
2.8780150E-03,-3.076E-02
2.8780155E-03,-3.076E-02
2.8780160E-03,-2.996E-02
2.8780165E-03,-3.076E-02
2.8780170E-03,-2.996E-02
2.8780175E-03,-2.996E-02
2.8780180E-03,-2.996E-02
2.8780185E-03,-2.996E-02
2.8780190E-03,-2.996E-02
2.8780195E-03,-2.996E-02
2.8780200E-03,-2.996E-02
2.8780205E-03,-2.996E-02
2.8780210E-03,-2.996E-02
2.8780215E-03,-2.996E-02
2.8780220E-03,-2.996E-02
2.8780225E-03,-2.996E-02
2.8780230E-03,-2.996E-02
2.8780235E-03,-3.076E-02
2.8780240E-03,-2.996E-02
2.8780245E-03,-2.996E-02
2.8780250E-03,-3.076E-02
2.8780255E-03,-3.076E-02
2.8780260E-03,-2.996E-02
2.8780265E-03,-2.996E-02
2.8780270E-03,-2.916E-02
2.8780275E-03,-2.916E-02
2.8780280E-03,-2.916E-02
2.8780285E-03,-2.996E-02
2.8780290E-03,-2.916E-02
2.8780295E-03,-2.836E-02
2.8780300E-03,-2.756E-02
2.8780305E-03,-2.756E-02
2.8780310E-03,-2.756E-02
2.8780315E-03,-2.756E-02
2.8780320E-03,-2.756E-02
2.8780325E-03,-2.756E-02
2.8780330E-03,-2.756E-02
2.8780335E-03,-2.756E-02
2.8780340E-03,-2.756E-02
2.8780345E-03,-2.836E-02
2.8780350E-03,-2.756E-02
2.8780355E-03,-2.836E-02
2.8780360E-03,-2.756E-02
2.8780365E-03,-2.756E-02
2.8780370E-03,-2.676E-02
2.8780375E-03,-2.756E-02
2.8780380E-03,-2.676E-02
2.8780385E-03,-2.756E-02
2.8780390E-03,-2.676E-02
2.8780395E-03,-2.756E-02
2.8780400E-03,-2.756E-02
2.8780405E-03,-2.756E-02
2.8780410E-03,-2.756E-02
2.8780415E-03,-2.756E-02
2.8780420E-03,-2.756E-02
2.8780425E-03,-2.676E-02
2.8780430E-03,-2.756E-02
2.8780435E-03,-2.756E-02
2.8780440E-03,-2.756E-02
2.8780445E-03,-2.756E-02
2.8780450E-03,-2.676E-02
2.8780455E-03,-2.676E-02
2.8780460E-03,-2.596E-02
2.8780465E-03,-2.596E-02
2.8780470E-03,-2.596E-02
2.8780475E-03,-2.596E-02
2.8780480E-03,-2.516E-02
2.8780485E-03,-2.516E-02
2.8780490E-03,-2.516E-02
2.8780495E-03,-2.436E-02
2.8780500E-03,-2.516E-02
2.8780505E-03,-2.436E-02
2.8780510E-03,-2.436E-02
2.8780515E-03,-2.436E-02
2.8780520E-03,-2.436E-02
2.8780525E-03,-2.356E-02
2.8780530E-03,-2.356E-02
2.8780535E-03,-2.436E-02
2.8780540E-03,-2.436E-02
2.8780545E-03,-2.516E-02
2.8780550E-03,-2.516E-02
2.8780555E-03,-2.436E-02
2.8780560E-03,-2.436E-02
2.8780565E-03,-2.516E-02
2.8780570E-03,-2.436E-02
2.8780575E-03,-2.436E-02
2.8780580E-03,-2.436E-02
2.8780585E-03,-2.356E-02
2.8780590E-03,-2.356E-02
2.8780595E-03,-2.356E-02
2.8780600E-03,-2.436E-02
2.8780605E-03,-2.356E-02
2.8780610E-03,-2.356E-02
2.8780615E-03,-2.276E-02
2.8780620E-03,-2.276E-02
2.8780625E-03,-2.276E-02
2.8780630E-03,-2.196E-02
2.8780635E-03,-2.196E-02
2.8780640E-03,-2.196E-02
2.8780645E-03,-2.196E-02
2.8780650E-03,-2.196E-02
2.8780655E-03,-2.116E-02
2.8780660E-03,-2.116E-02
2.8780665E-03,-2.196E-02
2.8780670E-03,-2.116E-02
2.8780675E-03,-2.196E-02
2.8780680E-03,-2.196E-02
2.8780685E-03,-2.116E-02
2.8780690E-03,-2.116E-02
2.8780695E-03,-2.116E-02
2.8780700E-03,-2.116E-02
2.8780705E-03,-2.116E-02
2.8780710E-03,-2.116E-02
2.8780715E-03,-2.196E-02
2.8780720E-03,-2.196E-02
2.8780725E-03,-2.196E-02
2.8780730E-03,-2.196E-02
2.8780735E-03,-2.196E-02
2.8780740E-03,-2.196E-02
2.8780745E-03,-2.116E-02
2.8780750E-03,-2.196E-02
2.8780755E-03,-2.196E-02
2.8780760E-03,-2.116E-02
2.8780765E-03,-2.116E-02
2.8780770E-03,-2.116E-02
2.8780775E-03,-2.036E-02
2.8780780E-03,-2.036E-02
2.8780785E-03,-2.036E-02
2.8780790E-03,-1.956E-02
2.8780795E-03,-1.956E-02
2.8780800E-03,-1.956E-02
2.8780805E-03,-1.876E-02
2.8780810E-03,-1.876E-02
2.8780815E-03,-1.876E-02
2.8780820E-03,-1.796E-02
2.8780825E-03,-1.796E-02
2.8780830E-03,-1.876E-02
2.8780835E-03,-1.876E-02
2.8780840E-03,-1.876E-02
2.8780845E-03,-1.796E-02
2.8780850E-03,-1.876E-02
2.8780855E-03,-1.876E-02
2.8780860E-03,-1.876E-02
2.8780865E-03,-1.876E-02
2.8780870E-03,-1.876E-02
2.8780875E-03,-1.956E-02
2.8780880E-03,-1.956E-02
2.8780885E-03,-1.956E-02
2.8780890E-03,-1.956E-02
2.8780895E-03,-1.876E-02
2.8780900E-03,-1.876E-02
2.8780905E-03,-1.876E-02
2.8780910E-03,-1.876E-02
2.8780915E-03,-1.876E-02
2.8780920E-03,-1.796E-02
2.8780925E-03,-1.796E-02
2.8780930E-03,-1.796E-02
2.8780935E-03,-1.716E-02
2.8780940E-03,-1.716E-02
2.8780945E-03,-1.636E-02
2.8780950E-03,-1.636E-02
2.8780955E-03,-1.556E-02
2.8780960E-03,-1.556E-02
2.8780965E-03,-1.556E-02
2.8780970E-03,-1.556E-02
2.8780975E-03,-1.556E-02
2.8780980E-03,-1.556E-02
2.8780985E-03,-1.556E-02
2.8780990E-03,-1.556E-02
2.8780995E-03,-1.476E-02
2.8781000E-03,-1.476E-02
2.8781005E-03,-1.476E-02
2.8781010E-03,-1.556E-02
2.8781015E-03,-1.476E-02
2.8781020E-03,-1.476E-02
2.8781025E-03,-1.556E-02
2.8781030E-03,-1.476E-02
2.8781035E-03,-1.476E-02
2.8781040E-03,-1.556E-02
2.8781045E-03,-1.476E-02
2.8781050E-03,-1.556E-02
2.8781055E-03,-1.476E-02
2.8781060E-03,-1.636E-02
2.8781065E-03,-1.636E-02
2.8781070E-03,-1.636E-02
2.8781075E-03,-1.556E-02
2.8781080E-03,-1.556E-02
2.8781085E-03,-1.476E-02
2.8781090E-03,-1.476E-02
2.8781095E-03,-1.476E-02
2.8781100E-03,-1.476E-02
2.8781105E-03,-1.396E-02
2.8781110E-03,-1.316E-02
2.8781115E-03,-1.236E-02
2.8781120E-03,-1.236E-02
2.8781125E-03,-1.156E-02
2.8781130E-03,-1.156E-02
2.8781135E-03,-1.236E-02
2.8781140E-03,-1.236E-02
2.8781145E-03,-1.236E-02
2.8781150E-03,-1.236E-02
2.8781155E-03,-1.156E-02
2.8781160E-03,-1.156E-02
2.8781165E-03,-1.156E-02
2.8781170E-03,-1.156E-02
2.8781175E-03,-1.236E-02
2.8781180E-03,-1.236E-02
2.8781185E-03,-1.236E-02
2.8781190E-03,-1.316E-02
2.8781195E-03,-1.236E-02
2.8781200E-03,-1.236E-02
2.8781205E-03,-1.236E-02
2.8781210E-03,-1.236E-02
2.8781215E-03,-1.236E-02
2.8781220E-03,-1.236E-02
2.8781225E-03,-1.156E-02
2.8781230E-03,-1.156E-02
2.8781235E-03,-1.156E-02
2.8781240E-03,-1.156E-02
2.8781245E-03,-1.156E-02
2.8781250E-03,-1.076E-02
2.8781255E-03,-1.076E-02
2.8781260E-03,-1.076E-02
2.8781265E-03,-1.076E-02
2.8781270E-03,-9.964E-03
2.8781275E-03,-9.964E-03
2.8781280E-03,-9.164E-03
2.8781285E-03,-9.164E-03
2.8781290E-03,-9.964E-03
2.8781295E-03,-9.164E-03
2.8781300E-03,-9.164E-03
2.8781305E-03,-9.164E-03
2.8781310E-03,-9.164E-03
2.8781315E-03,-9.164E-03
2.8781320E-03,-9.164E-03
2.8781325E-03,-8.364E-03
2.8781330E-03,-8.364E-03
2.8781335E-03,-8.364E-03
2.8781340E-03,-8.364E-03
2.8781345E-03,-9.164E-03
2.8781350E-03,-8.364E-03
2.8781355E-03,-9.164E-03
2.8781360E-03,-9.164E-03
2.8781365E-03,-9.164E-03
2.8781370E-03,-9.164E-03
2.8781375E-03,-9.164E-03
2.8781380E-03,-9.164E-03
2.8781385E-03,-9.164E-03
2.8781390E-03,-9.164E-03
2.8781395E-03,-9.164E-03
2.8781400E-03,-8.364E-03
2.8781405E-03,-9.164E-03
2.8781410E-03,-8.364E-03
2.8781415E-03,-8.364E-03
2.8781420E-03,-8.364E-03
2.8781425E-03,-7.564E-03
2.8781430E-03,-6.764E-03
2.8781435E-03,-6.764E-03
2.8781440E-03,-6.764E-03
2.8781445E-03,-6.764E-03
2.8781450E-03,-5.964E-03
2.8781455E-03,-5.964E-03
2.8781460E-03,-5.164E-03
2.8781465E-03,-5.164E-03
2.8781470E-03,-5.964E-03
2.8781475E-03,-5.164E-03
2.8781480E-03,-5.164E-03
2.8781485E-03,-5.164E-03
2.8781490E-03,-5.164E-03
2.8781495E-03,-5.164E-03
2.8781500E-03,-5.964E-03
2.8781505E-03,-5.964E-03
2.8781510E-03,-5.964E-03
2.8781515E-03,-5.964E-03
2.8781520E-03,-5.964E-03
2.8781525E-03,-5.964E-03
2.8781530E-03,-5.964E-03
2.8781535E-03,-5.164E-03
2.8781540E-03,-5.964E-03
2.8781545E-03,-5.164E-03
2.8781550E-03,-5.164E-03
2.8781555E-03,-5.164E-03
2.8781560E-03,-4.364E-03
2.8781565E-03,-4.364E-03
2.8781570E-03,-4.364E-03
2.8781575E-03,-3.564E-03
2.8781580E-03,-3.564E-03
2.8781585E-03,-3.564E-03
2.8781590E-03,-2.764E-03
2.8781595E-03,-3.564E-03
2.8781600E-03,-2.764E-03
2.8781605E-03,-3.564E-03
2.8781610E-03,-2.764E-03
2.8781615E-03,-3.564E-03
2.8781620E-03,-2.764E-03
2.8781625E-03,-2.764E-03
2.8781630E-03,-2.764E-03
2.8781635E-03,-2.764E-03
2.8781640E-03,-1.964E-03
2.8781645E-03,-1.964E-03
2.8781650E-03,-1.964E-03
2.8781655E-03,-1.964E-03
2.8781660E-03,-2.764E-03
2.8781665E-03,-2.764E-03
2.8781670E-03,-2.764E-03
2.8781675E-03,-2.764E-03
2.8781680E-03,-2.764E-03
2.8781685E-03,-2.764E-03
2.8781690E-03,-2.764E-03
2.8781695E-03,-2.764E-03
2.8781700E-03,-2.764E-03
2.8781705E-03,-2.764E-03
2.8781710E-03,-1.964E-03
2.8781715E-03,-2.764E-03
2.8781720E-03,-1.964E-03
2.8781725E-03,-1.964E-03
2.8781730E-03,-1.964E-03
2.8781735E-03,-1.964E-03
2.8781740E-03,-1.164E-03
2.8781745E-03,-1.964E-03
2.8781750E-03,-3.643E-04
2.8781755E-03,-3.643E-04
2.8781760E-03,4.357E-04
2.8781765E-03,4.357E-04
2.8781770E-03,1.236E-03
2.8781775E-03,4.357E-04
2.8781780E-03,1.236E-03
2.8781785E-03,4.357E-04
2.8781790E-03,1.236E-03
2.8781795E-03,1.236E-03
2.8781800E-03,1.236E-03
2.8781805E-03,4.357E-04
2.8781810E-03,1.236E-03
2.8781815E-03,4.357E-04
2.8781820E-03,4.357E-04
2.8781825E-03,-3.643E-04
2.8781830E-03,1.236E-03
2.8781835E-03,-3.643E-04
2.8781840E-03,4.357E-04
2.8781845E-03,-3.643E-04
2.8781850E-03,4.357E-04
2.8781855E-03,-3.643E-04
2.8781860E-03,4.357E-04
2.8781865E-03,1.236E-03
2.8781870E-03,1.236E-03
2.8781875E-03,1.236E-03
2.8781880E-03,1.236E-03
2.8781885E-03,1.236E-03
2.8781890E-03,2.036E-03
2.8781895E-03,2.836E-03
2.8781900E-03,2.836E-03
2.8781905E-03,2.836E-03
2.8781910E-03,2.836E-03
2.8781915E-03,3.636E-03
2.8781920E-03,3.636E-03
2.8781925E-03,3.636E-03
2.8781930E-03,4.436E-03
2.8781935E-03,3.636E-03
2.8781940E-03,3.636E-03
2.8781945E-03,3.636E-03
2.8781950E-03,3.636E-03
2.8781955E-03,3.636E-03
2.8781960E-03,4.436E-03
2.8781965E-03,3.636E-03
2.8781970E-03,4.436E-03
2.8781975E-03,4.436E-03
2.8781980E-03,4.436E-03
2.8781985E-03,4.436E-03
2.8781990E-03,4.436E-03
2.8781995E-03,3.636E-03
2.8782000E-03,3.636E-03
2.8782005E-03,3.636E-03
2.8782010E-03,3.636E-03
2.8782015E-03,2.836E-03
2.8782020E-03,3.636E-03
2.8782025E-03,3.636E-03
2.8782030E-03,3.636E-03
2.8782035E-03,3.636E-03
2.8782040E-03,4.436E-03
2.8782045E-03,3.636E-03
2.8782050E-03,4.436E-03
2.8782055E-03,4.436E-03
2.8782060E-03,4.436E-03
2.8782065E-03,5.236E-03
2.8782070E-03,6.036E-03
2.8782075E-03,6.036E-03
2.8782080E-03,6.036E-03
2.8782085E-03,6.836E-03
2.8782090E-03,6.836E-03
2.8782095E-03,6.836E-03
2.8782100E-03,7.636E-03
2.8782105E-03,7.636E-03
2.8782110E-03,7.636E-03
2.8782115E-03,7.636E-03
2.8782120E-03,7.636E-03
2.8782125E-03,7.636E-03
2.8782130E-03,6.836E-03
2.8782135E-03,6.836E-03
2.8782140E-03,6.836E-03
2.8782145E-03,6.836E-03
2.8782150E-03,6.836E-03
2.8782155E-03,6.836E-03
2.8782160E-03,6.836E-03
2.8782165E-03,6.836E-03
2.8782170E-03,6.836E-03
2.8782175E-03,6.836E-03
2.8782180E-03,7.636E-03
2.8782185E-03,7.636E-03
2.8782190E-03,7.636E-03
2.8782195E-03,7.636E-03
2.8782200E-03,7.636E-03
2.8782205E-03,8.436E-03
2.8782210E-03,8.436E-03
2.8782215E-03,8.436E-03
2.8782220E-03,9.236E-03
2.8782225E-03,9.236E-03
2.8782230E-03,9.236E-03
2.8782235E-03,1.004E-02
2.8782240E-03,1.004E-02
2.8782245E-03,1.004E-02
2.8782250E-03,1.084E-02
2.8782255E-03,1.004E-02
2.8782260E-03,1.004E-02
2.8782265E-03,1.004E-02
2.8782270E-03,1.004E-02
2.8782275E-03,1.004E-02
2.8782280E-03,1.004E-02
2.8782285E-03,1.084E-02
2.8782290E-03,1.084E-02
2.8782295E-03,1.084E-02
2.8782300E-03,1.084E-02
2.8782305E-03,1.084E-02
2.8782310E-03,1.004E-02
2.8782315E-03,1.084E-02
2.8782320E-03,1.004E-02
2.8782325E-03,1.084E-02
2.8782330E-03,1.084E-02
2.8782335E-03,1.084E-02
2.8782340E-03,1.004E-02
2.8782345E-03,1.004E-02
2.8782350E-03,1.004E-02
2.8782355E-03,1.004E-02
2.8782360E-03,1.004E-02
2.8782365E-03,1.084E-02
2.8782370E-03,1.084E-02
2.8782375E-03,1.084E-02
2.8782380E-03,1.164E-02
2.8782385E-03,1.164E-02
2.8782390E-03,1.164E-02
2.8782395E-03,1.244E-02
2.8782400E-03,1.244E-02
2.8782405E-03,1.324E-02
2.8782410E-03,1.244E-02
2.8782415E-03,1.404E-02
2.8782420E-03,1.324E-02
2.8782425E-03,1.404E-02
2.8782430E-03,1.404E-02
2.8782435E-03,1.404E-02
2.8782440E-03,1.324E-02
2.8782445E-03,1.404E-02
2.8782450E-03,1.404E-02
2.8782455E-03,1.404E-02
2.8782460E-03,1.404E-02
2.8782465E-03,1.324E-02
2.8782470E-03,1.324E-02
2.8782475E-03,1.324E-02
2.8782480E-03,1.324E-02
2.8782485E-03,1.244E-02
2.8782490E-03,1.244E-02
2.8782495E-03,1.244E-02
2.8782500E-03,1.324E-02
2.8782505E-03,1.324E-02
2.8782510E-03,1.404E-02
2.8782515E-03,1.404E-02
2.8782520E-03,1.484E-02
2.8782525E-03,1.404E-02
2.8782530E-03,1.484E-02
2.8782535E-03,1.484E-02
2.8782540E-03,1.564E-02
2.8782545E-03,1.564E-02
2.8782550E-03,1.564E-02
2.8782555E-03,1.644E-02
2.8782560E-03,1.644E-02
2.8782565E-03,1.724E-02
2.8782570E-03,1.644E-02
2.8782575E-03,1.724E-02
2.8782580E-03,1.644E-02
2.8782585E-03,1.644E-02
2.8782590E-03,1.644E-02
2.8782595E-03,1.724E-02
2.8782600E-03,1.724E-02
2.8782605E-03,1.724E-02
2.8782610E-03,1.724E-02
2.8782615E-03,1.724E-02
2.8782620E-03,1.644E-02
2.8782625E-03,1.724E-02
2.8782630E-03,1.724E-02
2.8782635E-03,1.724E-02
2.8782640E-03,1.724E-02
2.8782645E-03,1.644E-02
2.8782650E-03,1.644E-02
2.8782655E-03,1.644E-02
2.8782660E-03,1.644E-02
2.8782665E-03,1.644E-02
2.8782670E-03,1.644E-02
2.8782675E-03,1.644E-02
2.8782680E-03,1.644E-02
2.8782685E-03,1.644E-02
2.8782690E-03,1.724E-02
2.8782695E-03,1.724E-02
2.8782700E-03,1.724E-02
2.8782705E-03,1.724E-02
2.8782710E-03,1.804E-02
2.8782715E-03,1.884E-02
2.8782720E-03,1.884E-02
2.8782725E-03,1.964E-02
2.8782730E-03,1.964E-02
2.8782735E-03,1.964E-02
2.8782740E-03,1.964E-02
2.8782745E-03,1.964E-02
2.8782750E-03,1.964E-02
2.8782755E-03,1.964E-02
2.8782760E-03,1.964E-02
2.8782765E-03,1.964E-02
2.8782770E-03,1.964E-02
2.8782775E-03,1.964E-02
2.8782780E-03,1.964E-02
2.8782785E-03,1.884E-02
2.8782790E-03,1.884E-02
2.8782795E-03,1.884E-02
2.8782800E-03,1.884E-02
2.8782805E-03,1.884E-02
2.8782810E-03,1.884E-02
2.8782815E-03,1.964E-02
2.8782820E-03,1.964E-02
2.8782825E-03,1.964E-02
2.8782830E-03,1.964E-02
2.8782835E-03,2.044E-02
2.8782840E-03,2.044E-02
2.8782845E-03,2.044E-02
2.8782850E-03,2.044E-02
2.8782855E-03,2.124E-02
2.8782860E-03,2.044E-02
2.8782865E-03,2.124E-02
2.8782870E-03,2.204E-02
2.8782875E-03,2.204E-02
2.8782880E-03,2.124E-02
2.8782885E-03,2.204E-02
2.8782890E-03,2.204E-02
2.8782895E-03,2.204E-02
2.8782900E-03,2.284E-02
2.8782905E-03,2.204E-02
2.8782910E-03,2.284E-02
2.8782915E-03,2.204E-02
2.8782920E-03,2.204E-02
2.8782925E-03,2.284E-02
2.8782930E-03,2.284E-02
2.8782935E-03,2.284E-02
2.8782940E-03,2.284E-02
2.8782945E-03,2.204E-02
2.8782950E-03,2.204E-02
2.8782955E-03,2.204E-02
2.8782960E-03,2.204E-02
2.8782965E-03,2.204E-02
2.8782970E-03,2.204E-02
2.8782975E-03,2.204E-02
2.8782980E-03,2.204E-02
2.8782985E-03,2.204E-02
2.8782990E-03,2.204E-02
2.8782995E-03,2.204E-02
2.8783000E-03,2.204E-02
2.8783005E-03,2.284E-02
2.8783010E-03,2.204E-02
2.8783015E-03,2.284E-02
2.8783020E-03,2.284E-02
2.8783025E-03,2.284E-02
2.8783030E-03,2.364E-02
2.8783035E-03,2.364E-02
2.8783040E-03,2.444E-02
2.8783045E-03,2.444E-02
2.8783050E-03,2.524E-02
2.8783055E-03,2.524E-02
2.8783060E-03,2.604E-02
2.8783065E-03,2.604E-02
2.8783070E-03,2.604E-02
2.8783075E-03,2.604E-02
2.8783080E-03,2.604E-02
2.8783085E-03,2.524E-02
2.8783090E-03,2.524E-02
2.8783095E-03,2.524E-02
2.8783100E-03,2.524E-02
2.8783105E-03,2.524E-02
2.8783110E-03,2.444E-02
2.8783115E-03,2.444E-02
2.8783120E-03,2.444E-02
2.8783125E-03,2.444E-02
2.8783130E-03,2.444E-02
2.8783135E-03,2.444E-02
2.8783140E-03,2.444E-02
2.8783145E-03,2.524E-02
2.8783150E-03,2.524E-02
2.8783155E-03,2.604E-02
2.8783160E-03,2.604E-02
2.8783165E-03,2.604E-02
2.8783170E-03,2.604E-02
2.8783175E-03,2.684E-02
2.8783180E-03,2.684E-02
2.8783185E-03,2.764E-02
2.8783190E-03,2.684E-02
2.8783195E-03,2.684E-02
2.8783200E-03,2.764E-02
2.8783205E-03,2.764E-02
2.8783210E-03,2.844E-02
2.8783215E-03,2.764E-02
2.8783220E-03,2.764E-02
2.8783225E-03,2.764E-02
2.8783230E-03,2.764E-02
2.8783235E-03,2.764E-02
2.8783240E-03,2.764E-02
2.8783245E-03,2.844E-02
2.8783250E-03,2.844E-02
2.8783255E-03,2.844E-02
2.8783260E-03,2.844E-02
2.8783265E-03,2.844E-02
2.8783270E-03,2.764E-02
2.8783275E-03,2.844E-02
2.8783280E-03,2.764E-02
2.8783285E-03,2.764E-02
2.8783290E-03,2.844E-02
2.8783295E-03,2.764E-02
2.8783300E-03,2.764E-02
2.8783305E-03,2.844E-02
2.8783310E-03,2.764E-02
2.8783315E-03,2.764E-02
2.8783320E-03,2.844E-02
2.8783325E-03,2.764E-02
2.8783330E-03,2.844E-02
2.8783335E-03,2.844E-02
2.8783340E-03,2.844E-02
2.8783345E-03,2.924E-02
2.8783350E-03,2.924E-02
2.8783355E-03,2.924E-02
2.8783360E-03,2.924E-02
2.8783365E-03,3.004E-02
2.8783370E-03,3.004E-02
2.8783375E-03,3.004E-02
2.8783380E-03,3.004E-02
2.8783385E-03,3.084E-02
2.8783390E-03,3.084E-02
2.8783395E-03,3.004E-02
2.8783400E-03,3.084E-02
2.8783405E-03,3.084E-02
2.8783410E-03,3.084E-02
2.8783415E-03,3.084E-02
2.8783420E-03,3.084E-02
2.8783425E-03,3.084E-02
2.8783430E-03,3.004E-02
2.8783435E-03,3.004E-02
2.8783440E-03,3.004E-02
2.8783445E-03,3.004E-02
2.8783450E-03,3.004E-02
2.8783455E-03,3.004E-02
2.8783460E-03,3.004E-02
2.8783465E-03,3.004E-02
2.8783470E-03,3.084E-02
2.8783475E-03,3.084E-02
2.8783480E-03,3.084E-02
2.8783485E-03,3.164E-02
2.8783490E-03,3.164E-02
2.8783495E-03,3.164E-02
2.8783500E-03,3.164E-02
2.8783505E-03,3.244E-02
2.8783510E-03,3.244E-02
2.8783515E-03,3.244E-02
2.8783520E-03,3.164E-02
2.8783525E-03,3.244E-02
2.8783530E-03,3.244E-02
2.8783535E-03,3.244E-02
2.8783540E-03,3.244E-02
2.8783545E-03,3.244E-02
2.8783550E-03,3.244E-02
2.8783555E-03,3.244E-02
2.8783560E-03,3.244E-02
2.8783565E-03,3.324E-02
2.8783570E-03,3.244E-02
2.8783575E-03,3.324E-02
2.8783580E-03,3.324E-02
2.8783585E-03,3.324E-02
2.8783590E-03,3.324E-02
2.8783595E-03,3.244E-02
2.8783600E-03,3.244E-02
2.8783605E-03,3.244E-02
2.8783610E-03,3.244E-02
2.8783615E-03,3.324E-02
2.8783620E-03,3.244E-02
2.8783625E-03,3.244E-02
2.8783630E-03,3.244E-02
2.8783635E-03,3.324E-02
2.8783640E-03,3.244E-02
2.8783645E-03,3.324E-02
2.8783650E-03,3.324E-02
2.8783655E-03,3.404E-02
2.8783660E-03,3.404E-02
2.8783665E-03,3.404E-02
2.8783670E-03,3.484E-02
2.8783675E-03,3.484E-02
2.8783680E-03,3.484E-02
2.8783685E-03,3.484E-02
2.8783690E-03,3.484E-02
2.8783695E-03,3.564E-02
2.8783700E-03,3.484E-02
2.8783705E-03,3.564E-02
2.8783710E-03,3.564E-02
2.8783715E-03,3.484E-02
2.8783720E-03,3.564E-02
2.8783725E-03,3.564E-02
2.8783730E-03,3.564E-02
2.8783735E-03,3.564E-02
2.8783740E-03,3.484E-02
2.8783745E-03,3.564E-02
2.8783750E-03,3.484E-02
2.8783755E-03,3.484E-02
2.8783760E-03,3.484E-02
2.8783765E-03,3.404E-02
2.8783770E-03,3.484E-02
2.8783775E-03,3.484E-02
2.8783780E-03,3.484E-02
2.8783785E-03,3.564E-02
2.8783790E-03,3.564E-02
2.8783795E-03,3.564E-02
2.8783800E-03,3.564E-02
2.8783805E-03,3.484E-02
2.8783810E-03,3.564E-02
2.8783815E-03,3.564E-02
2.8783820E-03,3.644E-02
2.8783825E-03,3.644E-02
2.8783830E-03,3.644E-02
2.8783835E-03,3.724E-02
2.8783840E-03,3.724E-02
2.8783845E-03,3.724E-02
2.8783850E-03,3.724E-02
2.8783855E-03,3.724E-02
2.8783860E-03,3.724E-02
2.8783865E-03,3.724E-02
2.8783870E-03,3.644E-02
2.8783875E-03,3.724E-02
2.8783880E-03,3.724E-02
2.8783885E-03,3.724E-02
2.8783890E-03,3.804E-02
2.8783895E-03,3.804E-02
2.8783900E-03,3.804E-02
2.8783905E-03,3.804E-02
2.8783910E-03,3.804E-02
2.8783915E-03,3.724E-02
2.8783920E-03,3.724E-02
2.8783925E-03,3.724E-02
2.8783930E-03,3.644E-02
2.8783935E-03,3.724E-02
2.8783940E-03,3.724E-02
2.8783945E-03,3.644E-02
2.8783950E-03,3.724E-02
2.8783955E-03,3.724E-02
2.8783960E-03,3.804E-02
2.8783965E-03,3.724E-02
2.8783970E-03,3.724E-02
2.8783975E-03,3.804E-02
2.8783980E-03,3.804E-02
2.8783985E-03,3.804E-02
2.8783990E-03,3.724E-02
2.8783995E-03,3.804E-02
2.8784000E-03,3.884E-02
2.8784005E-03,3.884E-02
2.8784010E-03,3.884E-02
2.8784015E-03,3.884E-02
2.8784020E-03,3.884E-02
2.8784025E-03,3.964E-02
2.8784030E-03,3.964E-02
2.8784035E-03,3.964E-02
2.8784040E-03,3.884E-02
2.8784045E-03,3.964E-02
2.8784050E-03,3.964E-02
2.8784055E-03,3.884E-02
2.8784060E-03,3.884E-02
2.8784065E-03,3.884E-02
2.8784070E-03,3.884E-02
2.8784075E-03,3.884E-02
2.8784080E-03,3.884E-02
2.8784085E-03,3.804E-02
2.8784090E-03,3.804E-02
2.8784095E-03,3.884E-02
2.8784100E-03,3.884E-02
2.8784105E-03,3.964E-02
2.8784110E-03,3.884E-02
2.8784115E-03,3.964E-02
2.8784120E-03,3.964E-02
2.8784125E-03,3.964E-02
2.8784130E-03,3.964E-02
2.8784135E-03,3.964E-02
2.8784140E-03,4.044E-02
2.8784145E-03,4.044E-02
2.8784150E-03,4.124E-02
2.8784155E-03,3.964E-02
2.8784160E-03,4.044E-02
2.8784165E-03,3.964E-02
2.8784170E-03,4.044E-02
2.8784175E-03,4.044E-02
2.8784180E-03,4.044E-02
2.8784185E-03,4.044E-02
2.8784190E-03,4.124E-02
2.8784195E-03,4.044E-02
2.8784200E-03,4.124E-02
2.8784205E-03,4.124E-02
2.8784210E-03,4.124E-02
2.8784215E-03,4.044E-02
2.8784220E-03,4.044E-02
2.8784225E-03,4.044E-02
2.8784230E-03,4.044E-02
2.8784235E-03,4.044E-02
2.8784240E-03,4.124E-02
2.8784245E-03,4.124E-02
2.8784250E-03,4.124E-02
2.8784255E-03,4.124E-02
2.8784260E-03,4.124E-02
2.8784265E-03,4.124E-02
2.8784270E-03,4.124E-02
2.8784275E-03,4.124E-02
2.8784280E-03,4.124E-02
2.8784285E-03,4.124E-02
2.8784290E-03,4.124E-02
2.8784295E-03,4.044E-02
2.8784300E-03,4.204E-02
2.8784305E-03,4.124E-02
2.8784310E-03,4.204E-02
2.8784315E-03,4.204E-02
2.8784320E-03,4.204E-02
2.8784325E-03,4.204E-02
2.8784330E-03,4.284E-02
2.8784335E-03,4.284E-02
2.8784340E-03,4.204E-02
2.8784345E-03,4.284E-02
2.8784350E-03,4.204E-02
2.8784355E-03,4.284E-02
2.8784360E-03,4.284E-02
2.8784365E-03,4.284E-02
2.8784370E-03,4.284E-02
2.8784375E-03,4.284E-02
2.8784380E-03,4.204E-02
2.8784385E-03,4.284E-02
2.8784390E-03,4.204E-02
2.8784395E-03,4.204E-02
2.8784400E-03,4.204E-02
2.8784405E-03,4.204E-02
2.8784410E-03,4.204E-02
2.8784415E-03,4.204E-02
2.8784420E-03,4.204E-02
2.8784425E-03,4.284E-02
2.8784430E-03,4.364E-02
2.8784435E-03,4.284E-02
2.8784440E-03,4.364E-02
2.8784445E-03,4.364E-02
2.8784450E-03,4.364E-02
2.8784455E-03,4.364E-02
2.8784460E-03,4.364E-02
2.8784465E-03,4.364E-02
2.8784470E-03,4.364E-02
2.8784475E-03,4.364E-02
2.8784480E-03,4.364E-02
2.8784485E-03,4.364E-02
2.8784490E-03,4.364E-02
2.8784495E-03,4.364E-02
2.8784500E-03,4.364E-02
2.8784505E-03,4.364E-02
2.8784510E-03,4.364E-02
2.8784515E-03,4.364E-02
2.8784520E-03,4.364E-02
2.8784525E-03,4.444E-02
2.8784530E-03,4.444E-02
2.8784535E-03,4.444E-02
2.8784540E-03,4.444E-02
2.8784545E-03,4.364E-02
2.8784550E-03,4.364E-02
2.8784555E-03,4.364E-02
2.8784560E-03,4.364E-02
2.8784565E-03,4.364E-02
2.8784570E-03,4.444E-02
2.8784575E-03,4.364E-02
2.8784580E-03,4.364E-02
2.8784585E-03,4.364E-02
2.8784590E-03,4.444E-02
2.8784595E-03,4.364E-02
2.8784600E-03,4.364E-02
2.8784605E-03,4.444E-02
2.8784610E-03,4.364E-02
2.8784615E-03,4.364E-02
2.8784620E-03,4.444E-02
2.8784625E-03,4.364E-02
2.8784630E-03,4.364E-02
2.8784635E-03,4.444E-02
2.8784640E-03,4.444E-02
2.8784645E-03,4.524E-02
2.8784650E-03,4.524E-02
2.8784655E-03,4.524E-02
2.8784660E-03,4.524E-02
2.8784665E-03,4.524E-02
2.8784670E-03,4.444E-02
2.8784675E-03,4.444E-02
2.8784680E-03,4.524E-02
2.8784685E-03,4.524E-02
2.8784690E-03,4.524E-02
2.8784695E-03,4.444E-02
2.8784700E-03,4.444E-02
2.8784705E-03,4.444E-02
2.8784710E-03,4.524E-02
2.8784715E-03,4.444E-02
2.8784720E-03,4.444E-02
2.8784725E-03,4.444E-02
2.8784730E-03,4.444E-02
2.8784735E-03,4.444E-02
2.8784740E-03,4.444E-02
2.8784745E-03,4.524E-02
2.8784750E-03,4.524E-02
2.8784755E-03,4.444E-02
2.8784760E-03,4.524E-02
2.8784765E-03,4.524E-02
2.8784770E-03,4.524E-02
2.8784775E-03,4.524E-02
2.8784780E-03,4.524E-02
2.8784785E-03,4.524E-02
2.8784790E-03,4.604E-02
2.8784795E-03,4.604E-02
2.8784800E-03,4.604E-02
2.8784805E-03,4.524E-02
2.8784810E-03,4.604E-02
2.8784815E-03,4.604E-02
2.8784820E-03,4.604E-02
2.8784825E-03,4.524E-02
2.8784830E-03,4.524E-02
2.8784835E-03,4.604E-02
2.8784840E-03,4.604E-02
2.8784845E-03,4.604E-02
2.8784850E-03,4.604E-02
2.8784855E-03,4.604E-02
2.8784860E-03,4.604E-02
2.8784865E-03,4.604E-02
2.8784870E-03,4.604E-02
2.8784875E-03,4.604E-02
2.8784880E-03,4.604E-02
2.8784885E-03,4.604E-02
2.8784890E-03,4.604E-02
2.8784895E-03,4.604E-02
2.8784900E-03,4.604E-02
2.8784905E-03,4.684E-02
2.8784910E-03,4.524E-02
2.8784915E-03,4.604E-02
2.8784920E-03,4.524E-02
2.8784925E-03,4.604E-02
2.8784930E-03,4.604E-02
2.8784935E-03,4.604E-02
2.8784940E-03,4.604E-02
2.8784945E-03,4.604E-02
2.8784950E-03,4.604E-02
2.8784955E-03,4.684E-02
2.8784960E-03,4.604E-02
2.8784965E-03,4.684E-02
2.8784970E-03,4.604E-02
2.8784975E-03,4.604E-02
2.8784980E-03,4.684E-02
2.8784985E-03,4.684E-02
2.8784990E-03,4.684E-02
2.8784995E-03,4.684E-02
2.8785000E-03,4.764E-02
2.8785005E-03,4.684E-02
2.8785010E-03,4.684E-02
2.8785015E-03,4.684E-02
2.8785020E-03,4.604E-02
2.8785025E-03,4.604E-02
2.8785030E-03,4.684E-02
2.8785035E-03,4.684E-02
2.8785040E-03,4.684E-02
2.8785045E-03,4.684E-02
2.8785050E-03,4.684E-02
2.8785055E-03,4.684E-02
2.8785060E-03,4.684E-02
2.8785065E-03,4.684E-02
2.8785070E-03,4.684E-02
2.8785075E-03,4.684E-02
2.8785080E-03,4.684E-02
2.8785085E-03,4.684E-02
2.8785090E-03,4.764E-02
2.8785095E-03,4.764E-02
2.8785100E-03,4.684E-02
2.8785105E-03,4.764E-02
2.8785110E-03,4.764E-02
2.8785115E-03,4.844E-02
2.8785120E-03,4.764E-02
2.8785125E-03,4.764E-02
2.8785130E-03,4.764E-02
2.8785135E-03,4.684E-02
2.8785140E-03,4.684E-02
2.8785145E-03,4.764E-02
2.8785150E-03,4.684E-02
2.8785155E-03,4.684E-02
2.8785160E-03,4.684E-02
2.8785165E-03,4.684E-02
2.8785170E-03,4.764E-02
2.8785175E-03,4.764E-02
2.8785180E-03,4.684E-02
2.8785185E-03,4.684E-02
2.8785190E-03,4.764E-02
2.8785195E-03,4.684E-02
2.8785200E-03,4.684E-02
2.8785205E-03,4.764E-02
2.8785210E-03,4.684E-02
2.8785215E-03,4.764E-02
2.8785220E-03,4.684E-02
2.8785225E-03,4.764E-02
2.8785230E-03,4.764E-02
2.8785235E-03,4.684E-02
2.8785240E-03,4.684E-02
2.8785245E-03,4.764E-02
2.8785250E-03,4.684E-02
2.8785255E-03,4.764E-02
2.8785260E-03,4.764E-02
2.8785265E-03,4.764E-02
2.8785270E-03,4.764E-02
2.8785275E-03,4.764E-02
2.8785280E-03,4.764E-02
2.8785285E-03,4.764E-02
2.8785290E-03,4.764E-02
2.8785295E-03,4.764E-02
2.8785300E-03,4.684E-02
2.8785305E-03,4.764E-02
2.8785310E-03,4.764E-02
2.8785315E-03,4.764E-02
2.8785320E-03,4.764E-02
2.8785325E-03,4.764E-02
2.8785330E-03,4.764E-02
2.8785335E-03,4.764E-02
2.8785340E-03,4.764E-02
2.8785345E-03,4.764E-02
2.8785350E-03,4.764E-02
2.8785355E-03,4.764E-02
2.8785360E-03,4.764E-02
2.8785365E-03,4.764E-02
2.8785370E-03,4.764E-02
2.8785375E-03,4.764E-02
2.8785380E-03,4.764E-02
2.8785385E-03,4.764E-02
2.8785390E-03,4.764E-02
2.8785395E-03,4.764E-02
2.8785400E-03,4.764E-02
2.8785405E-03,4.764E-02
2.8785410E-03,4.764E-02
2.8785415E-03,4.764E-02
2.8785420E-03,4.844E-02
2.8785425E-03,4.764E-02
2.8785430E-03,4.844E-02
2.8785435E-03,4.764E-02
2.8785440E-03,4.764E-02
2.8785445E-03,4.844E-02
2.8785450E-03,4.764E-02
2.8785455E-03,4.764E-02
2.8785460E-03,4.764E-02
2.8785465E-03,4.764E-02
2.8785470E-03,4.764E-02
2.8785475E-03,4.844E-02
2.8785480E-03,4.764E-02
2.8785485E-03,4.764E-02
2.8785490E-03,4.764E-02
2.8785495E-03,4.764E-02
2.8785500E-03,4.844E-02
2.8785505E-03,4.844E-02
2.8785510E-03,4.764E-02
2.8785515E-03,4.764E-02
2.8785520E-03,4.764E-02
2.8785525E-03,4.764E-02
2.8785530E-03,4.764E-02
2.8785535E-03,4.764E-02
2.8785540E-03,4.764E-02
2.8785545E-03,4.764E-02
2.8785550E-03,4.844E-02
2.8785555E-03,4.764E-02
2.8785560E-03,4.764E-02
2.8785565E-03,4.764E-02
2.8785570E-03,4.764E-02
2.8785575E-03,4.844E-02
2.8785580E-03,4.764E-02
2.8785585E-03,4.764E-02
2.8785590E-03,4.844E-02
2.8785595E-03,4.764E-02
2.8785600E-03,4.764E-02
2.8785605E-03,4.764E-02
2.8785610E-03,4.764E-02
2.8785615E-03,4.764E-02
2.8785620E-03,4.764E-02
2.8785625E-03,4.764E-02
2.8785630E-03,4.844E-02
2.8785635E-03,4.764E-02
2.8785640E-03,4.844E-02
2.8785645E-03,4.844E-02
2.8785650E-03,4.844E-02
2.8785655E-03,4.844E-02
2.8785660E-03,4.764E-02
2.8785665E-03,4.764E-02
2.8785670E-03,4.844E-02
2.8785675E-03,4.764E-02
2.8785680E-03,4.764E-02
2.8785685E-03,4.764E-02
2.8785690E-03,4.764E-02
2.8785695E-03,4.764E-02
2.8785700E-03,4.764E-02
2.8785705E-03,4.764E-02
2.8785710E-03,4.764E-02
2.8785715E-03,4.764E-02
2.8785720E-03,4.764E-02
2.8785725E-03,4.764E-02
2.8785730E-03,4.844E-02
2.8785735E-03,4.764E-02
2.8785740E-03,4.764E-02
2.8785745E-03,4.764E-02
2.8785750E-03,4.764E-02
2.8785755E-03,4.764E-02
2.8785760E-03,4.764E-02
2.8785765E-03,4.764E-02
2.8785770E-03,4.764E-02
2.8785775E-03,4.764E-02
2.8785780E-03,4.684E-02
2.8785785E-03,4.684E-02
2.8785790E-03,4.764E-02
2.8785795E-03,4.684E-02
2.8785800E-03,4.684E-02
2.8785805E-03,4.844E-02
2.8785810E-03,4.764E-02
2.8785815E-03,4.764E-02
2.8785820E-03,4.844E-02
2.8785825E-03,4.764E-02
2.8785830E-03,4.764E-02
2.8785835E-03,4.764E-02
2.8785840E-03,4.764E-02
2.8785845E-03,4.764E-02
2.8785850E-03,4.764E-02
2.8785855E-03,4.764E-02
2.8785860E-03,4.764E-02
2.8785865E-03,4.764E-02
2.8785870E-03,4.684E-02
2.8785875E-03,4.764E-02
2.8785880E-03,4.684E-02
2.8785885E-03,4.764E-02
2.8785890E-03,4.764E-02
2.8785895E-03,4.764E-02
2.8785900E-03,4.764E-02
2.8785905E-03,4.764E-02
2.8785910E-03,4.684E-02
2.8785915E-03,4.764E-02
2.8785920E-03,4.764E-02
2.8785925E-03,4.684E-02
2.8785930E-03,4.684E-02
2.8785935E-03,4.684E-02
2.8785940E-03,4.764E-02
2.8785945E-03,4.764E-02
2.8785950E-03,4.684E-02
2.8785955E-03,4.764E-02
2.8785960E-03,4.764E-02
2.8785965E-03,4.684E-02
2.8785970E-03,4.684E-02
2.8785975E-03,4.764E-02
2.8785980E-03,4.684E-02
2.8785985E-03,4.684E-02
2.8785990E-03,4.684E-02
2.8785995E-03,4.684E-02
2.8786000E-03,4.684E-02
2.8786005E-03,4.684E-02
2.8786010E-03,4.684E-02
2.8786015E-03,4.684E-02
2.8786020E-03,4.684E-02
2.8786025E-03,4.684E-02
2.8786030E-03,4.684E-02
2.8786035E-03,4.684E-02
2.8786040E-03,4.684E-02
2.8786045E-03,4.684E-02
2.8786050E-03,4.764E-02
2.8786055E-03,4.764E-02
2.8786060E-03,4.684E-02
2.8786065E-03,4.684E-02
2.8786070E-03,4.604E-02
2.8786075E-03,4.684E-02
2.8786080E-03,4.684E-02
2.8786085E-03,4.604E-02
2.8786090E-03,4.604E-02
2.8786095E-03,4.604E-02
2.8786100E-03,4.604E-02
2.8786105E-03,4.604E-02
2.8786110E-03,4.604E-02
2.8786115E-03,4.604E-02
2.8786120E-03,4.684E-02
2.8786125E-03,4.604E-02
2.8786130E-03,4.604E-02
2.8786135E-03,4.604E-02
2.8786140E-03,4.604E-02
2.8786145E-03,4.604E-02
2.8786150E-03,4.604E-02
2.8786155E-03,4.684E-02
2.8786160E-03,4.684E-02
2.8786165E-03,4.604E-02
2.8786170E-03,4.604E-02
2.8786175E-03,4.684E-02
2.8786180E-03,4.684E-02
2.8786185E-03,4.684E-02
2.8786190E-03,4.684E-02
2.8786195E-03,4.684E-02
2.8786200E-03,4.684E-02
2.8786205E-03,4.604E-02
2.8786210E-03,4.684E-02
2.8786215E-03,4.604E-02
2.8786220E-03,4.604E-02
2.8786225E-03,4.604E-02
2.8786230E-03,4.604E-02
2.8786235E-03,4.604E-02
2.8786240E-03,4.524E-02
2.8786245E-03,4.524E-02
2.8786250E-03,4.524E-02
2.8786255E-03,4.524E-02
2.8786260E-03,4.524E-02
2.8786265E-03,4.524E-02
2.8786270E-03,4.524E-02
2.8786275E-03,4.524E-02
2.8786280E-03,4.444E-02
2.8786285E-03,4.524E-02
2.8786290E-03,4.524E-02
2.8786295E-03,4.524E-02
2.8786300E-03,4.524E-02
2.8786305E-03,4.524E-02
2.8786310E-03,4.524E-02
2.8786315E-03,4.604E-02
2.8786320E-03,4.524E-02
2.8786325E-03,4.524E-02
2.8786330E-03,4.604E-02
2.8786335E-03,4.524E-02
2.8786340E-03,4.524E-02
2.8786345E-03,4.524E-02
2.8786350E-03,4.524E-02
2.8786355E-03,4.524E-02
2.8786360E-03,4.524E-02
2.8786365E-03,4.524E-02
2.8786370E-03,4.524E-02
2.8786375E-03,4.524E-02
2.8786380E-03,4.524E-02
2.8786385E-03,4.444E-02
2.8786390E-03,4.444E-02
2.8786395E-03,4.444E-02
2.8786400E-03,4.444E-02
2.8786405E-03,4.524E-02
2.8786410E-03,4.444E-02
2.8786415E-03,4.524E-02
2.8786420E-03,4.444E-02
2.8786425E-03,4.444E-02
2.8786430E-03,4.524E-02
2.8786435E-03,4.524E-02
2.8786440E-03,4.444E-02
2.8786445E-03,4.444E-02
2.8786450E-03,4.364E-02
2.8786455E-03,4.444E-02
2.8786460E-03,4.444E-02
2.8786465E-03,4.444E-02
2.8786470E-03,4.444E-02
2.8786475E-03,4.444E-02
2.8786480E-03,4.444E-02
2.8786485E-03,4.444E-02
2.8786490E-03,4.444E-02
2.8786495E-03,4.524E-02
2.8786500E-03,4.444E-02
2.8786505E-03,4.444E-02
2.8786510E-03,4.444E-02
2.8786515E-03,4.364E-02
2.8786520E-03,4.444E-02
2.8786525E-03,4.444E-02
2.8786530E-03,4.444E-02
2.8786535E-03,4.444E-02
2.8786540E-03,4.364E-02
2.8786545E-03,4.364E-02
2.8786550E-03,4.364E-02
2.8786555E-03,4.284E-02
2.8786560E-03,4.284E-02
2.8786565E-03,4.284E-02
2.8786570E-03,4.284E-02
2.8786575E-03,4.284E-02
2.8786580E-03,4.284E-02
2.8786585E-03,4.204E-02
2.8786590E-03,4.284E-02
2.8786595E-03,4.284E-02
2.8786600E-03,4.284E-02
2.8786605E-03,4.284E-02
2.8786610E-03,4.284E-02
2.8786615E-03,4.364E-02
2.8786620E-03,4.284E-02
2.8786625E-03,4.364E-02
2.8786630E-03,4.364E-02
2.8786635E-03,4.364E-02
2.8786640E-03,4.364E-02
2.8786645E-03,4.364E-02
2.8786650E-03,4.364E-02
2.8786655E-03,4.284E-02
2.8786660E-03,4.284E-02
2.8786665E-03,4.284E-02
2.8786670E-03,4.284E-02
2.8786675E-03,4.284E-02
2.8786680E-03,4.284E-02
2.8786685E-03,4.284E-02
2.8786690E-03,4.284E-02
2.8786695E-03,4.204E-02
2.8786700E-03,4.284E-02
2.8786705E-03,4.204E-02
2.8786710E-03,4.204E-02
2.8786715E-03,4.124E-02
2.8786720E-03,4.124E-02
2.8786725E-03,4.124E-02
2.8786730E-03,4.124E-02
2.8786735E-03,4.124E-02
2.8786740E-03,4.204E-02
2.8786745E-03,4.204E-02
2.8786750E-03,4.204E-02
2.8786755E-03,4.204E-02
2.8786760E-03,4.124E-02
2.8786765E-03,4.124E-02
2.8786770E-03,4.204E-02
2.8786775E-03,4.124E-02
2.8786780E-03,4.204E-02
2.8786785E-03,4.204E-02
2.8786790E-03,4.204E-02
2.8786795E-03,4.204E-02
2.8786800E-03,4.204E-02
2.8786805E-03,4.204E-02
2.8786810E-03,4.204E-02
2.8786815E-03,4.124E-02
2.8786820E-03,4.124E-02
2.8786825E-03,4.124E-02
2.8786830E-03,4.124E-02
2.8786835E-03,4.124E-02
2.8786840E-03,4.124E-02
2.8786845E-03,4.124E-02
2.8786850E-03,4.124E-02
2.8786855E-03,4.124E-02
2.8786860E-03,4.044E-02
2.8786865E-03,4.124E-02
2.8786870E-03,4.124E-02
2.8786875E-03,4.124E-02
2.8786880E-03,3.964E-02
2.8786885E-03,4.044E-02
2.8786890E-03,3.964E-02
2.8786895E-03,3.964E-02
2.8786900E-03,4.044E-02
2.8786905E-03,3.964E-02
2.8786910E-03,3.964E-02
2.8786915E-03,3.964E-02
2.8786920E-03,3.964E-02
2.8786925E-03,3.964E-02
2.8786930E-03,4.044E-02
2.8786935E-03,3.964E-02
2.8786940E-03,3.964E-02
2.8786945E-03,3.964E-02
2.8786950E-03,4.044E-02
2.8786955E-03,4.044E-02
2.8786960E-03,3.964E-02
2.8786965E-03,3.964E-02
2.8786970E-03,3.964E-02
2.8786975E-03,3.964E-02
2.8786980E-03,3.964E-02
2.8786985E-03,3.964E-02
2.8786990E-03,3.964E-02
2.8786995E-03,3.884E-02
2.8787000E-03,3.964E-02
2.8787005E-03,3.884E-02
2.8787010E-03,3.964E-02
2.8787015E-03,3.884E-02
2.8787020E-03,3.804E-02
2.8787025E-03,3.804E-02
2.8787030E-03,3.804E-02
2.8787035E-03,3.804E-02
2.8787040E-03,3.804E-02
2.8787045E-03,3.884E-02
2.8787050E-03,3.884E-02
2.8787055E-03,3.884E-02
2.8787060E-03,3.884E-02
2.8787065E-03,3.804E-02
2.8787070E-03,3.804E-02
2.8787075E-03,3.724E-02
2.8787080E-03,3.724E-02
2.8787085E-03,3.724E-02
2.8787090E-03,3.724E-02
2.8787095E-03,3.724E-02
2.8787100E-03,3.724E-02
2.8787105E-03,3.804E-02
2.8787110E-03,3.804E-02
2.8787115E-03,3.884E-02
2.8787120E-03,3.804E-02
2.8787125E-03,3.804E-02
2.8787130E-03,3.804E-02
2.8787135E-03,3.804E-02
2.8787140E-03,3.804E-02
2.8787145E-03,3.804E-02
2.8787150E-03,3.804E-02
2.8787155E-03,3.724E-02
2.8787160E-03,3.804E-02
2.8787165E-03,3.804E-02
2.8787170E-03,3.804E-02
2.8787175E-03,3.804E-02
2.8787180E-03,3.724E-02
2.8787185E-03,3.724E-02
2.8787190E-03,3.724E-02
2.8787195E-03,3.724E-02
2.8787200E-03,3.644E-02
2.8787205E-03,3.644E-02
2.8787210E-03,3.644E-02
2.8787215E-03,3.564E-02
2.8787220E-03,3.644E-02
2.8787225E-03,3.564E-02
2.8787230E-03,3.564E-02
2.8787235E-03,3.644E-02
2.8787240E-03,3.564E-02
2.8787245E-03,3.564E-02
2.8787250E-03,3.644E-02
2.8787255E-03,3.644E-02
2.8787260E-03,3.564E-02
2.8787265E-03,3.644E-02
2.8787270E-03,3.644E-02
2.8787275E-03,3.644E-02
2.8787280E-03,3.644E-02
2.8787285E-03,3.644E-02
2.8787290E-03,3.644E-02
2.8787295E-03,3.644E-02
2.8787300E-03,3.564E-02
2.8787305E-03,3.564E-02
2.8787310E-03,3.564E-02
2.8787315E-03,3.564E-02
2.8787320E-03,3.564E-02
2.8787325E-03,3.484E-02
2.8787330E-03,3.484E-02
2.8787335E-03,3.564E-02
2.8787340E-03,3.484E-02
2.8787345E-03,3.484E-02
2.8787350E-03,3.484E-02
2.8787355E-03,3.404E-02
2.8787360E-03,3.404E-02
2.8787365E-03,3.404E-02
2.8787370E-03,3.404E-02
2.8787375E-03,3.404E-02
2.8787380E-03,3.324E-02
2.8787385E-03,3.324E-02
2.8787390E-03,3.324E-02
2.8787395E-03,3.404E-02
2.8787400E-03,3.324E-02
2.8787405E-03,3.324E-02
2.8787410E-03,3.324E-02
2.8787415E-03,3.404E-02
2.8787420E-03,3.324E-02
2.8787425E-03,3.404E-02
2.8787430E-03,3.324E-02
2.8787435E-03,3.404E-02
2.8787440E-03,3.404E-02
2.8787445E-03,3.404E-02
2.8787450E-03,3.404E-02
2.8787455E-03,3.404E-02
2.8787460E-03,3.404E-02
2.8787465E-03,3.404E-02
2.8787470E-03,3.404E-02
2.8787475E-03,3.404E-02
2.8787480E-03,3.324E-02
2.8787485E-03,3.404E-02
2.8787490E-03,3.324E-02
2.8787495E-03,3.324E-02
2.8787500E-03,3.244E-02
2.8787505E-03,3.324E-02
2.8787510E-03,3.244E-02
2.8787515E-03,3.244E-02
2.8787520E-03,3.164E-02
2.8787525E-03,3.084E-02
2.8787530E-03,3.084E-02
2.8787535E-03,3.084E-02
2.8787540E-03,3.164E-02
2.8787545E-03,3.084E-02
2.8787550E-03,3.084E-02
2.8787555E-03,3.084E-02
2.8787560E-03,3.084E-02
2.8787565E-03,3.084E-02
2.8787570E-03,3.164E-02
2.8787575E-03,3.164E-02
2.8787580E-03,3.164E-02
2.8787585E-03,3.164E-02
2.8787590E-03,3.164E-02
2.8787595E-03,3.164E-02
2.8787600E-03,3.164E-02
2.8787605E-03,3.164E-02
2.8787610E-03,3.164E-02
2.8787615E-03,3.164E-02
2.8787620E-03,3.164E-02
2.8787625E-03,3.164E-02
2.8787630E-03,3.164E-02
2.8787635E-03,3.164E-02
2.8787640E-03,3.084E-02
2.8787645E-03,3.084E-02
2.8787650E-03,3.084E-02
2.8787655E-03,3.004E-02
2.8787660E-03,3.004E-02
2.8787665E-03,3.004E-02
2.8787670E-03,3.004E-02
2.8787675E-03,3.004E-02
2.8787680E-03,2.924E-02
2.8787685E-03,2.924E-02
2.8787690E-03,2.924E-02
2.8787695E-03,2.924E-02
2.8787700E-03,2.844E-02
2.8787705E-03,2.924E-02
2.8787710E-03,2.844E-02
2.8787715E-03,2.924E-02
2.8787720E-03,2.924E-02
2.8787725E-03,2.924E-02
2.8787730E-03,2.844E-02
2.8787735E-03,2.924E-02
2.8787740E-03,2.844E-02
2.8787745E-03,2.924E-02
2.8787750E-03,2.924E-02
2.8787755E-03,2.844E-02
2.8787760E-03,2.924E-02
2.8787765E-03,2.924E-02
2.8787770E-03,2.924E-02
2.8787775E-03,2.924E-02
2.8787780E-03,2.924E-02
2.8787785E-03,2.924E-02
2.8787790E-03,2.924E-02
2.8787795E-03,2.924E-02
2.8787800E-03,2.924E-02
2.8787805E-03,2.924E-02
2.8787810E-03,2.844E-02
2.8787815E-03,2.844E-02
2.8787820E-03,2.764E-02
2.8787825E-03,2.764E-02
2.8787830E-03,2.684E-02
2.8787835E-03,2.764E-02
2.8787840E-03,2.684E-02
2.8787845E-03,2.684E-02
2.8787850E-03,2.604E-02
2.8787855E-03,2.604E-02
2.8787860E-03,2.684E-02
2.8787865E-03,2.604E-02
2.8787870E-03,2.604E-02
2.8787875E-03,2.604E-02
2.8787880E-03,2.604E-02
2.8787885E-03,2.604E-02
2.8787890E-03,2.604E-02
2.8787895E-03,2.604E-02
2.8787900E-03,2.604E-02
2.8787905E-03,2.684E-02
2.8787910E-03,2.684E-02
2.8787915E-03,2.604E-02
2.8787920E-03,2.684E-02
2.8787925E-03,2.684E-02
2.8787930E-03,2.684E-02
2.8787935E-03,2.684E-02
2.8787940E-03,2.684E-02
2.8787945E-03,2.604E-02
2.8787950E-03,2.684E-02
2.8787955E-03,2.604E-02
2.8787960E-03,2.604E-02
2.8787965E-03,2.524E-02
2.8787970E-03,2.524E-02
2.8787975E-03,2.524E-02
2.8787980E-03,2.524E-02
2.8787985E-03,2.444E-02
2.8787990E-03,2.444E-02
2.8787995E-03,2.444E-02
2.8788000E-03,2.364E-02
2.8788005E-03,2.364E-02
2.8788010E-03,2.364E-02
2.8788015E-03,2.364E-02
2.8788020E-03,2.444E-02
2.8788025E-03,2.364E-02
2.8788030E-03,2.364E-02
2.8788035E-03,2.364E-02
2.8788040E-03,2.364E-02
2.8788045E-03,2.364E-02
2.8788050E-03,2.364E-02
2.8788055E-03,2.364E-02
2.8788060E-03,2.364E-02
2.8788065E-03,2.364E-02
2.8788070E-03,2.364E-02
2.8788075E-03,2.364E-02
2.8788080E-03,2.364E-02
2.8788085E-03,2.364E-02
2.8788090E-03,2.364E-02
2.8788095E-03,2.364E-02
2.8788100E-03,2.444E-02
2.8788105E-03,2.364E-02
2.8788110E-03,2.364E-02
2.8788115E-03,2.364E-02
2.8788120E-03,2.364E-02
2.8788125E-03,2.364E-02
2.8788130E-03,2.364E-02
2.8788135E-03,2.364E-02
2.8788140E-03,2.364E-02
2.8788145E-03,2.204E-02
2.8788150E-03,2.204E-02
2.8788155E-03,2.204E-02
2.8788160E-03,2.124E-02
2.8788165E-03,2.124E-02
2.8788170E-03,2.044E-02
2.8788175E-03,2.044E-02
2.8788180E-03,2.044E-02
2.8788185E-03,2.044E-02
2.8788190E-03,2.044E-02
2.8788195E-03,2.044E-02
2.8788200E-03,2.044E-02
2.8788205E-03,2.044E-02
2.8788210E-03,2.044E-02
2.8788215E-03,2.124E-02
2.8788220E-03,2.124E-02
2.8788225E-03,2.124E-02
2.8788230E-03,2.044E-02
2.8788235E-03,2.124E-02
2.8788240E-03,2.124E-02
2.8788245E-03,2.124E-02
2.8788250E-03,2.124E-02
2.8788255E-03,2.124E-02
2.8788260E-03,2.044E-02
2.8788265E-03,2.044E-02
2.8788270E-03,2.044E-02
2.8788275E-03,2.044E-02
2.8788280E-03,2.044E-02
2.8788285E-03,2.044E-02
2.8788290E-03,1.964E-02
2.8788295E-03,1.964E-02
2.8788300E-03,1.964E-02
2.8788305E-03,1.884E-02
2.8788310E-03,1.884E-02
2.8788315E-03,1.884E-02
2.8788320E-03,1.804E-02
2.8788325E-03,1.884E-02
2.8788330E-03,1.804E-02
2.8788335E-03,1.884E-02
2.8788340E-03,1.804E-02
2.8788345E-03,1.884E-02
2.8788350E-03,1.804E-02
2.8788355E-03,1.804E-02
2.8788360E-03,1.724E-02
2.8788365E-03,1.804E-02
2.8788370E-03,1.804E-02
2.8788375E-03,1.724E-02
2.8788380E-03,1.804E-02
2.8788385E-03,1.724E-02
2.8788390E-03,1.724E-02
2.8788395E-03,1.804E-02
2.8788400E-03,1.724E-02
2.8788405E-03,1.804E-02
2.8788410E-03,1.804E-02
2.8788415E-03,1.884E-02
2.8788420E-03,1.884E-02
2.8788425E-03,1.804E-02
2.8788430E-03,1.884E-02
2.8788435E-03,1.884E-02
2.8788440E-03,1.804E-02
2.8788445E-03,1.804E-02
2.8788450E-03,1.724E-02
2.8788455E-03,1.804E-02
2.8788460E-03,1.724E-02
2.8788465E-03,1.724E-02
2.8788470E-03,1.644E-02
2.8788475E-03,1.644E-02
2.8788480E-03,1.564E-02
2.8788485E-03,1.564E-02
2.8788490E-03,1.484E-02
2.8788495E-03,1.484E-02
2.8788500E-03,1.484E-02
2.8788505E-03,1.484E-02
2.8788510E-03,1.484E-02
2.8788515E-03,1.484E-02
2.8788520E-03,1.484E-02
2.8788525E-03,1.484E-02
2.8788530E-03,1.484E-02
2.8788535E-03,1.484E-02
2.8788540E-03,1.564E-02
2.8788545E-03,1.564E-02
2.8788550E-03,1.564E-02
2.8788555E-03,1.564E-02
2.8788560E-03,1.564E-02
2.8788565E-03,1.564E-02
2.8788570E-03,1.564E-02
2.8788575E-03,1.564E-02
2.8788580E-03,1.564E-02
2.8788585E-03,1.484E-02
2.8788590E-03,1.484E-02
2.8788595E-03,1.404E-02
2.8788600E-03,1.324E-02
2.8788605E-03,1.404E-02
2.8788610E-03,1.324E-02
2.8788615E-03,1.324E-02
2.8788620E-03,1.324E-02
2.8788625E-03,1.324E-02
2.8788630E-03,1.244E-02
2.8788635E-03,1.244E-02
2.8788640E-03,1.244E-02
2.8788645E-03,1.244E-02
2.8788650E-03,1.244E-02
2.8788655E-03,1.244E-02
2.8788660E-03,1.244E-02
2.8788665E-03,1.244E-02
2.8788670E-03,1.244E-02
2.8788675E-03,1.164E-02
2.8788680E-03,1.164E-02
2.8788685E-03,1.164E-02
2.8788690E-03,1.164E-02
2.8788695E-03,1.164E-02
2.8788700E-03,1.164E-02
2.8788705E-03,1.164E-02
2.8788710E-03,1.164E-02
2.8788715E-03,1.164E-02
2.8788720E-03,1.164E-02
2.8788725E-03,1.244E-02
2.8788730E-03,1.244E-02
2.8788735E-03,1.244E-02
2.8788740E-03,1.244E-02
2.8788745E-03,1.244E-02
2.8788750E-03,1.244E-02
2.8788755E-03,1.244E-02
2.8788760E-03,1.244E-02
2.8788765E-03,1.164E-02
2.8788770E-03,1.164E-02
2.8788775E-03,1.164E-02
2.8788780E-03,1.084E-02
2.8788785E-03,1.084E-02
2.8788790E-03,1.084E-02
2.8788795E-03,1.004E-02
2.8788800E-03,1.004E-02
2.8788805E-03,9.236E-03
2.8788810E-03,9.236E-03
2.8788815E-03,9.236E-03
2.8788820E-03,8.436E-03
2.8788825E-03,7.636E-03
2.8788830E-03,8.436E-03
2.8788835E-03,8.436E-03
2.8788840E-03,8.436E-03
2.8788845E-03,8.436E-03
2.8788850E-03,8.436E-03
2.8788855E-03,9.236E-03
2.8788860E-03,9.236E-03
2.8788865E-03,1.004E-02
2.8788870E-03,9.236E-03
2.8788875E-03,9.236E-03
2.8788880E-03,9.236E-03
2.8788885E-03,9.236E-03
2.8788890E-03,9.236E-03
2.8788895E-03,9.236E-03
2.8788900E-03,9.236E-03
2.8788905E-03,9.236E-03
2.8788910E-03,8.436E-03
2.8788915E-03,8.436E-03
2.8788920E-03,8.436E-03
2.8788925E-03,8.436E-03
2.8788930E-03,8.436E-03
2.8788935E-03,7.636E-03
2.8788940E-03,6.836E-03
2.8788945E-03,6.836E-03
2.8788950E-03,6.836E-03
2.8788955E-03,6.036E-03
2.8788960E-03,6.036E-03
2.8788965E-03,6.036E-03
2.8788970E-03,6.036E-03
2.8788975E-03,6.036E-03
2.8788980E-03,6.836E-03
2.8788985E-03,6.036E-03
2.8788990E-03,5.236E-03
2.8788995E-03,5.236E-03
2.8789000E-03,4.436E-03
2.8789005E-03,5.236E-03
2.8789010E-03,5.236E-03
2.8789015E-03,5.236E-03
2.8789020E-03,5.236E-03
2.8789025E-03,5.236E-03
2.8789030E-03,5.236E-03
2.8789035E-03,5.236E-03
2.8789040E-03,6.036E-03
2.8789045E-03,6.036E-03
2.8789050E-03,6.836E-03
2.8789055E-03,6.036E-03
2.8789060E-03,6.036E-03
2.8789065E-03,6.036E-03
2.8789070E-03,6.036E-03
2.8789075E-03,5.236E-03
2.8789080E-03,6.036E-03
2.8789085E-03,5.236E-03
2.8789090E-03,5.236E-03
2.8789095E-03,5.236E-03
2.8789100E-03,5.236E-03
2.8789105E-03,4.436E-03
2.8789110E-03,4.436E-03
2.8789115E-03,3.636E-03
2.8789120E-03,2.836E-03
2.8789125E-03,2.036E-03
2.8789130E-03,2.836E-03
2.8789135E-03,2.036E-03
2.8789140E-03,1.236E-03
2.8789145E-03,1.236E-03
2.8789150E-03,1.236E-03
2.8789155E-03,2.036E-03
2.8789160E-03,2.036E-03
2.8789165E-03,1.236E-03
2.8789170E-03,2.836E-03
2.8789175E-03,2.836E-03
2.8789180E-03,2.836E-03
2.8789185E-03,2.836E-03
2.8789190E-03,2.836E-03
2.8789195E-03,2.836E-03
2.8789200E-03,2.836E-03
2.8789205E-03,2.836E-03
2.8789210E-03,2.836E-03
2.8789215E-03,2.036E-03
2.8789220E-03,2.836E-03
2.8789225E-03,2.036E-03
2.8789230E-03,2.036E-03
2.8789235E-03,2.036E-03
2.8789240E-03,2.036E-03
2.8789245E-03,4.357E-04
2.8789250E-03,1.236E-03
2.8789255E-03,4.357E-04
2.8789260E-03,4.357E-04
2.8789265E-03,-3.643E-04
2.8789270E-03,4.357E-04
2.8789275E-03,-3.643E-04
2.8789280E-03,-3.643E-04
2.8789285E-03,-3.643E-04
2.8789290E-03,4.357E-04
2.8789295E-03,-3.643E-04
2.8789300E-03,-3.643E-04
2.8789305E-03,-3.643E-04
2.8789310E-03,-3.643E-04
2.8789315E-03,-1.164E-03
2.8789320E-03,-1.164E-03
2.8789325E-03,-1.964E-03
2.8789330E-03,-3.643E-04
2.8789335E-03,-3.643E-04
2.8789340E-03,-3.643E-04
2.8789345E-03,-1.964E-03
2.8789350E-03,-1.164E-03
2.8789355E-03,-3.643E-04
2.8789360E-03,-3.643E-04
2.8789365E-03,-3.643E-04
2.8789370E-03,-1.164E-03
2.8789375E-03,-3.643E-04
2.8789380E-03,4.357E-04
2.8789385E-03,-1.164E-03
2.8789390E-03,-3.643E-04
2.8789395E-03,-1.164E-03
2.8789400E-03,-1.164E-03
2.8789405E-03,-1.164E-03
2.8789410E-03,-1.164E-03
2.8789415E-03,-1.964E-03
2.8789420E-03,-1.164E-03
2.8789425E-03,-2.764E-03
2.8789430E-03,-2.764E-03
2.8789435E-03,-3.564E-03
2.8789440E-03,-2.764E-03
2.8789445E-03,-3.564E-03
2.8789450E-03,-3.564E-03
2.8789455E-03,-4.364E-03
2.8789460E-03,-4.364E-03
2.8789465E-03,-4.364E-03
2.8789470E-03,-4.364E-03
2.8789475E-03,-4.364E-03
2.8789480E-03,-3.564E-03
2.8789485E-03,-3.564E-03
2.8789490E-03,-4.364E-03
2.8789495E-03,-3.564E-03
2.8789500E-03,-3.564E-03
2.8789505E-03,-3.564E-03
2.8789510E-03,-3.564E-03
2.8789515E-03,-3.564E-03
2.8789520E-03,-3.564E-03
2.8789525E-03,-3.564E-03
2.8789530E-03,-3.564E-03
2.8789535E-03,-3.564E-03
2.8789540E-03,-4.364E-03
2.8789545E-03,-4.364E-03
2.8789550E-03,-4.364E-03
2.8789555E-03,-4.364E-03
2.8789560E-03,-4.364E-03
2.8789565E-03,-5.164E-03
2.8789570E-03,-5.164E-03
2.8789575E-03,-5.964E-03
2.8789580E-03,-5.164E-03
2.8789585E-03,-5.964E-03
2.8789590E-03,-5.964E-03
2.8789595E-03,-6.764E-03
2.8789600E-03,-6.764E-03
2.8789605E-03,-6.764E-03
2.8789610E-03,-6.764E-03
2.8789615E-03,-7.564E-03
2.8789620E-03,-6.764E-03
2.8789625E-03,-6.764E-03
2.8789630E-03,-7.564E-03
2.8789635E-03,-7.564E-03
2.8789640E-03,-7.564E-03
2.8789645E-03,-7.564E-03
2.8789650E-03,-7.564E-03
2.8789655E-03,-7.564E-03
2.8789660E-03,-7.564E-03
2.8789665E-03,-7.564E-03
2.8789670E-03,-6.764E-03
2.8789675E-03,-6.764E-03
2.8789680E-03,-6.764E-03
2.8789685E-03,-7.564E-03
2.8789690E-03,-6.764E-03
2.8789695E-03,-6.764E-03
2.8789700E-03,-6.764E-03
2.8789705E-03,-7.564E-03
2.8789710E-03,-7.564E-03
2.8789715E-03,-7.564E-03
2.8789720E-03,-7.564E-03
2.8789725E-03,-7.564E-03
2.8789730E-03,-7.564E-03
2.8789735E-03,-7.564E-03
2.8789740E-03,-7.564E-03
2.8789745E-03,-8.364E-03
2.8789750E-03,-9.164E-03
2.8789755E-03,-9.164E-03
2.8789760E-03,-9.964E-03
2.8789765E-03,-1.076E-02
2.8789770E-03,-1.076E-02
2.8789775E-03,-1.076E-02
2.8789780E-03,-1.076E-02
2.8789785E-03,-1.076E-02
2.8789790E-03,-1.076E-02
2.8789795E-03,-1.076E-02
2.8789800E-03,-1.076E-02
2.8789805E-03,-1.076E-02
2.8789810E-03,-9.964E-03
2.8789815E-03,-1.076E-02
2.8789820E-03,-1.076E-02
2.8789825E-03,-1.076E-02
2.8789830E-03,-9.964E-03
2.8789835E-03,-9.964E-03
2.8789840E-03,-9.964E-03
2.8789845E-03,-9.964E-03
2.8789850E-03,-9.964E-03
2.8789855E-03,-9.964E-03
2.8789860E-03,-9.964E-03
2.8789865E-03,-9.964E-03
2.8789870E-03,-1.076E-02
2.8789875E-03,-1.076E-02
2.8789880E-03,-1.076E-02
2.8789885E-03,-1.156E-02
2.8789890E-03,-1.156E-02
2.8789895E-03,-1.156E-02
2.8789900E-03,-1.156E-02
2.8789905E-03,-1.236E-02
2.8789910E-03,-1.316E-02
2.8789915E-03,-1.316E-02
2.8789920E-03,-1.316E-02
2.8789925E-03,-1.316E-02
2.8789930E-03,-1.316E-02
2.8789935E-03,-1.316E-02
2.8789940E-03,-1.316E-02
2.8789945E-03,-1.316E-02
2.8789950E-03,-1.316E-02
2.8789955E-03,-1.396E-02
2.8789960E-03,-1.396E-02
2.8789965E-03,-1.396E-02
2.8789970E-03,-1.396E-02
2.8789975E-03,-1.396E-02
2.8789980E-03,-1.396E-02
2.8789985E-03,-1.396E-02
2.8789990E-03,-1.396E-02
2.8789995E-03,-1.316E-02
2.8790000E-03,-1.396E-02
2.8790005E-03,-1.316E-02
2.8790010E-03,-1.316E-02
2.8790015E-03,-1.316E-02
2.8790020E-03,-1.396E-02
2.8790025E-03,-1.316E-02
2.8790030E-03,-1.316E-02
2.8790035E-03,-1.396E-02
2.8790040E-03,-1.396E-02
2.8790045E-03,-1.396E-02
2.8790050E-03,-1.396E-02
2.8790055E-03,-1.396E-02
2.8790060E-03,-1.476E-02
2.8790065E-03,-1.476E-02
2.8790070E-03,-1.476E-02
2.8790075E-03,-1.476E-02
2.8790080E-03,-1.636E-02
2.8790085E-03,-1.636E-02
2.8790090E-03,-1.636E-02
2.8790095E-03,-1.716E-02
2.8790100E-03,-1.716E-02
2.8790105E-03,-1.716E-02
2.8790110E-03,-1.716E-02
2.8790115E-03,-1.796E-02
2.8790120E-03,-1.716E-02
2.8790125E-03,-1.716E-02
2.8790130E-03,-1.716E-02
2.8790135E-03,-1.636E-02
2.8790140E-03,-1.636E-02
2.8790145E-03,-1.636E-02
2.8790150E-03,-1.636E-02
2.8790155E-03,-1.636E-02
2.8790160E-03,-1.636E-02
2.8790165E-03,-1.636E-02
2.8790170E-03,-1.636E-02
2.8790175E-03,-1.636E-02
2.8790180E-03,-1.636E-02
2.8790185E-03,-1.636E-02
2.8790190E-03,-1.636E-02
2.8790195E-03,-1.636E-02
2.8790200E-03,-1.636E-02
2.8790205E-03,-1.716E-02
2.8790210E-03,-1.796E-02
2.8790215E-03,-1.876E-02
2.8790220E-03,-1.876E-02
2.8790225E-03,-1.876E-02
2.8790230E-03,-1.876E-02
2.8790235E-03,-1.956E-02
2.8790240E-03,-1.956E-02
2.8790245E-03,-1.876E-02
2.8790250E-03,-1.956E-02
2.8790255E-03,-1.876E-02
2.8790260E-03,-1.876E-02
2.8790265E-03,-1.956E-02
2.8790270E-03,-1.956E-02
2.8790275E-03,-1.876E-02
2.8790280E-03,-1.956E-02
2.8790285E-03,-1.956E-02
2.8790290E-03,-2.036E-02
2.8790295E-03,-1.956E-02
2.8790300E-03,-2.036E-02
2.8790305E-03,-1.956E-02
2.8790310E-03,-1.956E-02
2.8790315E-03,-1.876E-02
2.8790320E-03,-1.956E-02
2.8790325E-03,-1.956E-02
2.8790330E-03,-1.956E-02
2.8790335E-03,-1.956E-02
2.8790340E-03,-1.956E-02
2.8790345E-03,-2.036E-02
2.8790350E-03,-2.036E-02
2.8790355E-03,-2.036E-02
2.8790360E-03,-2.036E-02
2.8790365E-03,-2.036E-02
2.8790370E-03,-2.036E-02
2.8790375E-03,-2.036E-02
2.8790380E-03,-2.036E-02
2.8790385E-03,-2.116E-02
2.8790390E-03,-2.116E-02
2.8790395E-03,-2.196E-02
2.8790400E-03,-2.196E-02
2.8790405E-03,-2.276E-02
2.8790410E-03,-2.276E-02
2.8790415E-03,-2.356E-02
2.8790420E-03,-2.276E-02
2.8790425E-03,-2.276E-02
2.8790430E-03,-2.276E-02
2.8790435E-03,-2.276E-02
2.8790440E-03,-2.276E-02
2.8790445E-03,-2.276E-02
2.8790450E-03,-2.196E-02
2.8790455E-03,-2.196E-02
2.8790460E-03,-2.276E-02
2.8790465E-03,-2.196E-02
2.8790470E-03,-2.276E-02
2.8790475E-03,-2.196E-02
2.8790480E-03,-2.196E-02
2.8790485E-03,-2.196E-02
2.8790490E-03,-2.196E-02
2.8790495E-03,-2.196E-02
2.8790500E-03,-2.276E-02
2.8790505E-03,-2.276E-02
2.8790510E-03,-2.356E-02
2.8790515E-03,-2.276E-02
2.8790520E-03,-2.356E-02
2.8790525E-03,-2.436E-02
2.8790530E-03,-2.436E-02
2.8790535E-03,-2.436E-02
2.8790540E-03,-2.516E-02
2.8790545E-03,-2.516E-02
2.8790550E-03,-2.516E-02
2.8790555E-03,-2.516E-02
2.8790560E-03,-2.516E-02
2.8790565E-03,-2.596E-02
2.8790570E-03,-2.516E-02
2.8790575E-03,-2.516E-02
2.8790580E-03,-2.596E-02
2.8790585E-03,-2.516E-02
2.8790590E-03,-2.516E-02
2.8790595E-03,-2.596E-02
2.8790600E-03,-2.596E-02
2.8790605E-03,-2.596E-02
2.8790610E-03,-2.596E-02
2.8790615E-03,-2.596E-02
2.8790620E-03,-2.596E-02
2.8790625E-03,-2.596E-02
2.8790630E-03,-2.516E-02
2.8790635E-03,-2.596E-02
2.8790640E-03,-2.596E-02
2.8790645E-03,-2.596E-02
2.8790650E-03,-2.596E-02
2.8790655E-03,-2.596E-02
2.8790660E-03,-2.516E-02
2.8790665E-03,-2.596E-02
2.8790670E-03,-2.516E-02
2.8790675E-03,-2.516E-02
2.8790680E-03,-2.516E-02
2.8790685E-03,-2.596E-02
2.8790690E-03,-2.596E-02
2.8790695E-03,-2.676E-02
2.8790700E-03,-2.676E-02
2.8790705E-03,-2.756E-02
2.8790710E-03,-2.676E-02
2.8790715E-03,-2.756E-02
2.8790720E-03,-2.756E-02
2.8790725E-03,-2.836E-02
2.8790730E-03,-2.836E-02
2.8790735E-03,-2.836E-02
2.8790740E-03,-2.916E-02
2.8790745E-03,-2.836E-02
2.8790750E-03,-2.916E-02
2.8790755E-03,-2.916E-02
2.8790760E-03,-2.916E-02
2.8790765E-03,-2.916E-02
2.8790770E-03,-2.836E-02
2.8790775E-03,-2.916E-02
2.8790780E-03,-2.836E-02
2.8790785E-03,-2.836E-02
2.8790790E-03,-2.836E-02
2.8790795E-03,-2.836E-02
2.8790800E-03,-2.756E-02
2.8790805E-03,-2.756E-02
2.8790810E-03,-2.756E-02
2.8790815E-03,-2.836E-02
2.8790820E-03,-2.836E-02
2.8790825E-03,-2.836E-02
2.8790830E-03,-2.916E-02
2.8790835E-03,-2.916E-02
2.8790840E-03,-2.916E-02
2.8790845E-03,-2.916E-02
2.8790850E-03,-2.916E-02
2.8790855E-03,-2.996E-02
2.8790860E-03,-2.916E-02
2.8790865E-03,-2.996E-02
2.8790870E-03,-2.996E-02
2.8790875E-03,-3.076E-02
2.8790880E-03,-2.996E-02
2.8790885E-03,-3.076E-02
2.8790890E-03,-3.076E-02
2.8790895E-03,-2.996E-02
2.8790900E-03,-2.996E-02
2.8790905E-03,-3.076E-02
2.8790910E-03,-3.076E-02
2.8790915E-03,-3.076E-02
2.8790920E-03,-3.076E-02
2.8790925E-03,-3.156E-02
2.8790930E-03,-3.076E-02
2.8790935E-03,-3.076E-02
2.8790940E-03,-3.156E-02
2.8790945E-03,-3.156E-02
2.8790950E-03,-3.156E-02
2.8790955E-03,-3.156E-02
2.8790960E-03,-3.076E-02
2.8790965E-03,-3.156E-02
2.8790970E-03,-3.076E-02
2.8790975E-03,-3.076E-02
2.8790980E-03,-3.156E-02
2.8790985E-03,-3.156E-02
2.8790990E-03,-3.076E-02
2.8790995E-03,-3.076E-02
2.8791000E-03,-3.076E-02
2.8791005E-03,-3.076E-02
2.8791010E-03,-3.076E-02
2.8791015E-03,-3.156E-02
2.8791020E-03,-3.156E-02
2.8791025E-03,-3.236E-02
2.8791030E-03,-3.156E-02
2.8791035E-03,-3.316E-02
2.8791040E-03,-3.316E-02
2.8791045E-03,-3.316E-02
2.8791050E-03,-3.316E-02
2.8791055E-03,-3.396E-02
2.8791060E-03,-3.316E-02
2.8791065E-03,-3.396E-02
2.8791070E-03,-3.316E-02
2.8791075E-03,-3.396E-02
2.8791080E-03,-3.316E-02
2.8791085E-03,-3.316E-02
2.8791090E-03,-3.316E-02
2.8791095E-03,-3.316E-02
2.8791100E-03,-3.316E-02
2.8791105E-03,-3.316E-02
2.8791110E-03,-3.316E-02
2.8791115E-03,-3.316E-02
2.8791120E-03,-3.316E-02
2.8791125E-03,-3.236E-02
2.8791130E-03,-3.236E-02
2.8791135E-03,-3.316E-02
2.8791140E-03,-3.316E-02
2.8791145E-03,-3.316E-02
2.8791150E-03,-3.316E-02
2.8791155E-03,-3.396E-02
2.8791160E-03,-3.396E-02
2.8791165E-03,-3.396E-02
2.8791170E-03,-3.476E-02
2.8791175E-03,-3.396E-02
2.8791180E-03,-3.476E-02
2.8791185E-03,-3.556E-02
2.8791190E-03,-3.556E-02
2.8791195E-03,-3.556E-02
2.8791200E-03,-3.556E-02
2.8791205E-03,-3.556E-02
2.8791210E-03,-3.556E-02
2.8791215E-03,-3.556E-02
2.8791220E-03,-3.556E-02
2.8791225E-03,-3.556E-02
2.8791230E-03,-3.636E-02
2.8791235E-03,-3.636E-02
2.8791240E-03,-3.636E-02
2.8791245E-03,-3.636E-02
2.8791250E-03,-3.556E-02
2.8791255E-03,-3.556E-02
2.8791260E-03,-3.556E-02
2.8791265E-03,-3.636E-02
2.8791270E-03,-3.556E-02
2.8791275E-03,-3.556E-02
2.8791280E-03,-3.556E-02
2.8791285E-03,-3.556E-02
2.8791290E-03,-3.636E-02
2.8791295E-03,-3.556E-02
2.8791300E-03,-3.556E-02
2.8791305E-03,-3.556E-02
2.8791310E-03,-3.476E-02
2.8791315E-03,-3.556E-02
2.8791320E-03,-3.556E-02
2.8791325E-03,-3.556E-02
2.8791330E-03,-3.556E-02
2.8791335E-03,-3.636E-02
2.8791340E-03,-3.556E-02
2.8791345E-03,-3.716E-02
2.8791350E-03,-3.636E-02
2.8791355E-03,-3.716E-02
2.8791360E-03,-3.716E-02
2.8791365E-03,-3.796E-02
2.8791370E-03,-3.716E-02
2.8791375E-03,-3.796E-02
2.8791380E-03,-3.796E-02
2.8791385E-03,-3.876E-02
2.8791390E-03,-3.796E-02
2.8791395E-03,-3.876E-02
2.8791400E-03,-3.876E-02
2.8791405E-03,-3.876E-02
2.8791410E-03,-3.796E-02
2.8791415E-03,-3.796E-02
2.8791420E-03,-3.796E-02
2.8791425E-03,-3.796E-02
2.8791430E-03,-3.716E-02
2.8791435E-03,-3.716E-02
2.8791440E-03,-3.716E-02
2.8791445E-03,-3.716E-02
2.8791450E-03,-3.716E-02
2.8791455E-03,-3.716E-02
2.8791460E-03,-3.716E-02
2.8791465E-03,-3.796E-02
2.8791470E-03,-3.716E-02
2.8791475E-03,-3.796E-02
2.8791480E-03,-3.796E-02
2.8791485E-03,-3.796E-02
2.8791490E-03,-3.876E-02
2.8791495E-03,-3.956E-02
2.8791500E-03,-3.876E-02
2.8791505E-03,-3.956E-02
2.8791510E-03,-3.876E-02
2.8791515E-03,-3.956E-02
2.8791520E-03,-3.956E-02
2.8791525E-03,-3.956E-02
2.8791530E-03,-3.956E-02
2.8791535E-03,-4.036E-02
2.8791540E-03,-3.956E-02
2.8791545E-03,-4.036E-02
2.8791550E-03,-4.036E-02
2.8791555E-03,-4.036E-02
2.8791560E-03,-3.956E-02
2.8791565E-03,-3.956E-02
2.8791570E-03,-4.036E-02
2.8791575E-03,-4.036E-02
2.8791580E-03,-4.036E-02
2.8791585E-03,-4.036E-02
2.8791590E-03,-4.036E-02
2.8791595E-03,-4.036E-02
2.8791600E-03,-4.036E-02
2.8791605E-03,-4.036E-02
2.8791610E-03,-4.036E-02
2.8791615E-03,-4.036E-02
2.8791620E-03,-4.036E-02
2.8791625E-03,-4.036E-02
2.8791630E-03,-3.956E-02
2.8791635E-03,-3.956E-02
2.8791640E-03,-3.956E-02
2.8791645E-03,-4.036E-02
2.8791650E-03,-3.956E-02
2.8791655E-03,-4.036E-02
2.8791660E-03,-4.036E-02
2.8791665E-03,-4.036E-02
2.8791670E-03,-4.116E-02
2.8791675E-03,-4.116E-02
2.8791680E-03,-4.196E-02
2.8791685E-03,-4.116E-02
2.8791690E-03,-4.196E-02
2.8791695E-03,-4.196E-02
2.8791700E-03,-4.196E-02
2.8791705E-03,-4.276E-02
2.8791710E-03,-4.196E-02
2.8791715E-03,-4.196E-02
2.8791720E-03,-4.196E-02
2.8791725E-03,-4.196E-02
2.8791730E-03,-4.196E-02
2.8791735E-03,-4.276E-02
2.8791740E-03,-4.196E-02
2.8791745E-03,-4.196E-02
2.8791750E-03,-4.196E-02
2.8791755E-03,-4.276E-02
2.8791760E-03,-4.116E-02
2.8791765E-03,-4.196E-02
2.8791770E-03,-4.196E-02
2.8791775E-03,-4.196E-02
2.8791780E-03,-4.196E-02
2.8791785E-03,-4.116E-02
2.8791790E-03,-4.116E-02
2.8791795E-03,-4.196E-02
2.8791800E-03,-4.196E-02
2.8791805E-03,-4.196E-02
2.8791810E-03,-4.276E-02
2.8791815E-03,-4.276E-02
2.8791820E-03,-4.276E-02
2.8791825E-03,-4.276E-02
2.8791830E-03,-4.276E-02
2.8791835E-03,-4.356E-02
2.8791840E-03,-4.356E-02
2.8791845E-03,-4.276E-02
2.8791850E-03,-4.276E-02
2.8791855E-03,-4.356E-02
2.8791860E-03,-4.356E-02
2.8791865E-03,-4.356E-02
2.8791870E-03,-4.356E-02
2.8791875E-03,-4.436E-02
2.8791880E-03,-4.356E-02
2.8791885E-03,-4.356E-02
2.8791890E-03,-4.276E-02
2.8791895E-03,-4.436E-02
2.8791900E-03,-4.276E-02
2.8791905E-03,-4.356E-02
2.8791910E-03,-4.356E-02
2.8791915E-03,-4.356E-02
2.8791920E-03,-4.276E-02
2.8791925E-03,-4.436E-02
2.8791930E-03,-4.276E-02
2.8791935E-03,-4.436E-02
2.8791940E-03,-4.356E-02
2.8791945E-03,-4.356E-02
2.8791950E-03,-4.356E-02
2.8791955E-03,-4.356E-02
2.8791960E-03,-4.356E-02
2.8791965E-03,-4.356E-02
2.8791970E-03,-4.356E-02
2.8791975E-03,-4.436E-02
2.8791980E-03,-4.356E-02
2.8791985E-03,-4.436E-02
2.8791990E-03,-4.356E-02
2.8791995E-03,-4.436E-02
2.8792000E-03,-4.436E-02
2.8792005E-03,-4.516E-02
2.8792010E-03,-4.436E-02
2.8792015E-03,-4.516E-02
2.8792020E-03,-4.516E-02
2.8792025E-03,-4.516E-02
2.8792030E-03,-4.516E-02
2.8792035E-03,-4.596E-02
2.8792040E-03,-4.516E-02
2.8792045E-03,-4.596E-02
2.8792050E-03,-4.516E-02
2.8792055E-03,-4.516E-02
2.8792060E-03,-4.436E-02
2.8792065E-03,-4.516E-02
2.8792070E-03,-4.436E-02
2.8792075E-03,-4.436E-02
2.8792080E-03,-4.436E-02
2.8792085E-03,-4.516E-02
2.8792090E-03,-4.516E-02
2.8792095E-03,-4.516E-02
2.8792100E-03,-4.516E-02
2.8792105E-03,-4.516E-02
2.8792110E-03,-4.516E-02
2.8792115E-03,-4.516E-02
2.8792120E-03,-4.516E-02
2.8792125E-03,-4.516E-02
2.8792130E-03,-4.516E-02
2.8792135E-03,-4.516E-02
2.8792140E-03,-4.516E-02
2.8792145E-03,-4.596E-02
2.8792150E-03,-4.596E-02
2.8792155E-03,-4.676E-02
2.8792160E-03,-4.596E-02
2.8792165E-03,-4.676E-02
2.8792170E-03,-4.596E-02
2.8792175E-03,-4.676E-02
2.8792180E-03,-4.596E-02
2.8792185E-03,-4.596E-02
2.8792190E-03,-4.596E-02
2.8792195E-03,-4.596E-02
2.8792200E-03,-4.516E-02
2.8792205E-03,-4.676E-02
2.8792210E-03,-4.596E-02
2.8792215E-03,-4.676E-02
2.8792220E-03,-4.596E-02
2.8792225E-03,-4.676E-02
2.8792230E-03,-4.676E-02
2.8792235E-03,-4.756E-02
2.8792240E-03,-4.596E-02
2.8792245E-03,-4.676E-02
2.8792250E-03,-4.596E-02
2.8792255E-03,-4.676E-02
2.8792260E-03,-4.596E-02
2.8792265E-03,-4.676E-02
2.8792270E-03,-4.676E-02
2.8792275E-03,-4.676E-02
2.8792280E-03,-4.596E-02
2.8792285E-03,-4.676E-02
2.8792290E-03,-4.676E-02
2.8792295E-03,-4.676E-02
2.8792300E-03,-4.676E-02
2.8792305E-03,-4.676E-02
2.8792310E-03,-4.676E-02
2.8792315E-03,-4.756E-02
2.8792320E-03,-4.676E-02
2.8792325E-03,-4.836E-02
2.8792330E-03,-4.756E-02
2.8792335E-03,-4.836E-02
2.8792340E-03,-4.756E-02
2.8792345E-03,-4.836E-02
2.8792350E-03,-4.756E-02
2.8792355E-03,-4.836E-02
2.8792360E-03,-4.756E-02
2.8792365E-03,-4.756E-02
2.8792370E-03,-4.756E-02
2.8792375E-03,-4.756E-02
2.8792380E-03,-4.676E-02
2.8792385E-03,-4.836E-02
2.8792390E-03,-4.676E-02
2.8792395E-03,-4.756E-02
2.8792400E-03,-4.676E-02
2.8792405E-03,-4.756E-02
2.8792410E-03,-4.756E-02
2.8792415E-03,-4.756E-02
2.8792420E-03,-4.676E-02
2.8792425E-03,-4.756E-02
2.8792430E-03,-4.756E-02
2.8792435E-03,-4.756E-02
2.8792440E-03,-4.756E-02
2.8792445E-03,-4.756E-02
2.8792450E-03,-4.836E-02
2.8792455E-03,-4.836E-02
2.8792460E-03,-4.836E-02
2.8792465E-03,-4.836E-02
2.8792470E-03,-4.836E-02
2.8792475E-03,-4.916E-02
2.8792480E-03,-4.756E-02
2.8792485E-03,-4.916E-02
2.8792490E-03,-4.836E-02
2.8792495E-03,-4.916E-02
2.8792500E-03,-4.836E-02
2.8792505E-03,-4.836E-02
2.8792510E-03,-4.836E-02
2.8792515E-03,-4.836E-02
2.8792520E-03,-4.836E-02
2.8792525E-03,-4.836E-02
2.8792530E-03,-4.836E-02
2.8792535E-03,-4.836E-02
2.8792540E-03,-4.836E-02
2.8792545E-03,-4.836E-02
2.8792550E-03,-4.836E-02
2.8792555E-03,-4.916E-02
2.8792560E-03,-4.836E-02
2.8792565E-03,-4.836E-02
2.8792570E-03,-4.836E-02
2.8792575E-03,-4.836E-02
2.8792580E-03,-4.836E-02
2.8792585E-03,-4.836E-02
2.8792590E-03,-4.836E-02
2.8792595E-03,-4.916E-02
2.8792600E-03,-4.836E-02
2.8792605E-03,-4.836E-02
2.8792610E-03,-4.836E-02
2.8792615E-03,-4.836E-02
2.8792620E-03,-4.836E-02
2.8792625E-03,-4.916E-02
2.8792630E-03,-4.836E-02
2.8792635E-03,-4.916E-02
2.8792640E-03,-4.836E-02
2.8792645E-03,-4.996E-02
2.8792650E-03,-4.836E-02
2.8792655E-03,-4.916E-02
2.8792660E-03,-4.916E-02
2.8792665E-03,-4.916E-02
2.8792670E-03,-4.916E-02
2.8792675E-03,-4.996E-02
2.8792680E-03,-4.916E-02
2.8792685E-03,-4.996E-02
2.8792690E-03,-4.916E-02
2.8792695E-03,-4.916E-02
2.8792700E-03,-4.916E-02
2.8792705E-03,-4.996E-02
2.8792710E-03,-4.836E-02
2.8792715E-03,-4.916E-02
2.8792720E-03,-4.916E-02
2.8792725E-03,-4.996E-02
2.8792730E-03,-4.836E-02
2.8792735E-03,-4.916E-02
2.8792740E-03,-4.836E-02
2.8792745E-03,-4.996E-02
2.8792750E-03,-4.916E-02
2.8792755E-03,-4.996E-02
2.8792760E-03,-4.916E-02
2.8792765E-03,-4.916E-02
2.8792770E-03,-4.916E-02
2.8792775E-03,-4.996E-02
2.8792780E-03,-4.996E-02
2.8792785E-03,-4.996E-02
2.8792790E-03,-4.996E-02
2.8792795E-03,-4.996E-02
2.8792800E-03,-4.916E-02
2.8792805E-03,-4.996E-02
2.8792810E-03,-4.916E-02
2.8792815E-03,-5.076E-02
2.8792820E-03,-4.996E-02
2.8792825E-03,-5.076E-02
2.8792830E-03,-4.996E-02
2.8792835E-03,-5.076E-02
2.8792840E-03,-4.996E-02
2.8792845E-03,-5.076E-02
2.8792850E-03,-4.916E-02
2.8792855E-03,-4.996E-02
2.8792860E-03,-4.916E-02
2.8792865E-03,-5.076E-02
2.8792870E-03,-4.916E-02
2.8792875E-03,-5.076E-02
2.8792880E-03,-4.996E-02
2.8792885E-03,-4.996E-02
2.8792890E-03,-4.916E-02
2.8792895E-03,-4.996E-02
2.8792900E-03,-4.996E-02
2.8792905E-03,-5.076E-02
2.8792910E-03,-4.996E-02
2.8792915E-03,-4.996E-02
2.8792920E-03,-4.996E-02
2.8792925E-03,-4.996E-02
2.8792930E-03,-4.996E-02
2.8792935E-03,-4.996E-02
2.8792940E-03,-4.916E-02
2.8792945E-03,-4.996E-02
2.8792950E-03,-4.916E-02
2.8792955E-03,-5.076E-02
2.8792960E-03,-4.996E-02
2.8792965E-03,-5.076E-02
2.8792970E-03,-4.996E-02
2.8792975E-03,-5.076E-02
2.8792980E-03,-4.996E-02
2.8792985E-03,-4.996E-02
2.8792990E-03,-5.076E-02
2.8792995E-03,-5.076E-02
2.8793000E-03,-5.076E-02
2.8793005E-03,-4.996E-02
2.8793010E-03,-4.916E-02
2.8793015E-03,-4.996E-02
2.8793020E-03,-4.996E-02
2.8793025E-03,-5.076E-02
2.8793030E-03,-4.996E-02
2.8793035E-03,-5.076E-02
2.8793040E-03,-4.996E-02
2.8793045E-03,-4.996E-02
2.8793050E-03,-4.916E-02
2.8793055E-03,-4.996E-02
2.8793060E-03,-4.996E-02
2.8793065E-03,-5.076E-02
2.8793070E-03,-4.996E-02
2.8793075E-03,-5.076E-02
2.8793080E-03,-4.996E-02
2.8793085E-03,-5.156E-02
2.8793090E-03,-4.996E-02
2.8793095E-03,-5.076E-02
2.8793100E-03,-4.996E-02
2.8793105E-03,-5.076E-02
2.8793110E-03,-4.996E-02
2.8793115E-03,-5.076E-02
2.8793120E-03,-4.916E-02
2.8793125E-03,-5.076E-02
2.8793130E-03,-4.996E-02
2.8793135E-03,-5.076E-02
2.8793140E-03,-4.996E-02
2.8793145E-03,-5.076E-02
2.8793150E-03,-4.996E-02
2.8793155E-03,-5.156E-02
2.8793160E-03,-4.996E-02
2.8793165E-03,-5.076E-02
2.8793170E-03,-4.996E-02
2.8793175E-03,-5.076E-02
2.8793180E-03,-4.996E-02
2.8793185E-03,-5.076E-02
2.8793190E-03,-4.996E-02
2.8793195E-03,-5.076E-02
2.8793200E-03,-5.076E-02
2.8793205E-03,-5.076E-02
2.8793210E-03,-4.996E-02
2.8793215E-03,-5.076E-02
2.8793220E-03,-4.996E-02
2.8793225E-03,-5.076E-02
2.8793230E-03,-4.996E-02
2.8793235E-03,-5.076E-02
2.8793240E-03,-4.996E-02
2.8793245E-03,-5.076E-02
2.8793250E-03,-5.076E-02
2.8793255E-03,-5.076E-02
2.8793260E-03,-4.996E-02
2.8793265E-03,-5.076E-02
2.8793270E-03,-5.076E-02
2.8793275E-03,-5.076E-02
2.8793280E-03,-4.996E-02
2.8793285E-03,-5.076E-02
2.8793290E-03,-4.996E-02
2.8793295E-03,-5.076E-02
2.8793300E-03,-4.996E-02
2.8793305E-03,-5.076E-02
2.8793310E-03,-4.996E-02
2.8793315E-03,-5.076E-02
2.8793320E-03,-4.996E-02
2.8793325E-03,-4.996E-02
2.8793330E-03,-4.996E-02
2.8793335E-03,-5.076E-02
2.8793340E-03,-4.996E-02
2.8793345E-03,-5.076E-02
2.8793350E-03,-4.996E-02
2.8793355E-03,-5.156E-02
2.8793360E-03,-4.996E-02
2.8793365E-03,-5.076E-02
2.8793370E-03,-4.996E-02
2.8793375E-03,-5.076E-02
2.8793380E-03,-4.996E-02
2.8793385E-03,-5.076E-02
2.8793390E-03,-4.996E-02
2.8793395E-03,-5.076E-02
2.8793400E-03,-4.996E-02
2.8793405E-03,-4.996E-02
2.8793410E-03,-4.996E-02
2.8793415E-03,-5.076E-02
2.8793420E-03,-4.996E-02
2.8793425E-03,-4.996E-02
2.8793430E-03,-4.996E-02
2.8793435E-03,-5.076E-02
2.8793440E-03,-4.996E-02
2.8793445E-03,-5.076E-02
2.8793450E-03,-4.996E-02
2.8793455E-03,-5.076E-02
2.8793460E-03,-4.996E-02
2.8793465E-03,-5.076E-02
2.8793470E-03,-4.996E-02
2.8793475E-03,-5.076E-02
2.8793480E-03,-4.996E-02
2.8793485E-03,-5.076E-02
2.8793490E-03,-4.996E-02
2.8793495E-03,-4.996E-02
2.8793500E-03,-4.996E-02
2.8793505E-03,-5.076E-02
2.8793510E-03,-4.996E-02
2.8793515E-03,-5.076E-02
2.8793520E-03,-5.076E-02
2.8793525E-03,-4.996E-02
2.8793530E-03,-4.996E-02
2.8793535E-03,-5.076E-02
2.8793540E-03,-4.996E-02
2.8793545E-03,-5.076E-02
2.8793550E-03,-5.076E-02
2.8793555E-03,-5.076E-02
2.8793560E-03,-4.996E-02
2.8793565E-03,-5.076E-02
2.8793570E-03,-4.996E-02
2.8793575E-03,-5.076E-02
2.8793580E-03,-4.916E-02
2.8793585E-03,-4.996E-02
2.8793590E-03,-4.916E-02
2.8793595E-03,-4.996E-02
2.8793600E-03,-4.996E-02
2.8793605E-03,-5.076E-02
2.8793610E-03,-4.916E-02
2.8793615E-03,-4.996E-02
2.8793620E-03,-4.916E-02
2.8793625E-03,-5.076E-02
2.8793630E-03,-4.996E-02
2.8793635E-03,-4.996E-02
2.8793640E-03,-4.916E-02
2.8793645E-03,-4.996E-02
2.8793650E-03,-4.996E-02
2.8793655E-03,-4.996E-02
2.8793660E-03,-4.916E-02
2.8793665E-03,-4.996E-02
2.8793670E-03,-4.916E-02
2.8793675E-03,-4.916E-02
2.8793680E-03,-4.996E-02
2.8793685E-03,-4.916E-02
2.8793690E-03,-4.916E-02
2.8793695E-03,-4.916E-02
2.8793700E-03,-4.916E-02
2.8793705E-03,-4.916E-02
2.8793710E-03,-4.916E-02
2.8793715E-03,-4.916E-02
2.8793720E-03,-4.916E-02
2.8793725E-03,-4.916E-02
2.8793730E-03,-4.916E-02
2.8793735E-03,-4.916E-02
2.8793740E-03,-4.916E-02
2.8793745E-03,-4.916E-02
2.8793750E-03,-4.916E-02
2.8793755E-03,-4.996E-02
2.8793760E-03,-4.916E-02
2.8793765E-03,-4.916E-02
2.8793770E-03,-4.916E-02
2.8793775E-03,-4.996E-02
2.8793780E-03,-4.916E-02
2.8793785E-03,-4.916E-02
2.8793790E-03,-4.836E-02
2.8793795E-03,-4.916E-02
2.8793800E-03,-4.916E-02
2.8793805E-03,-4.916E-02
2.8793810E-03,-4.836E-02
2.8793815E-03,-4.916E-02
2.8793820E-03,-4.836E-02
2.8793825E-03,-4.916E-02
2.8793830E-03,-4.836E-02
2.8793835E-03,-4.916E-02
2.8793840E-03,-4.836E-02
2.8793845E-03,-4.916E-02
2.8793850E-03,-4.836E-02
2.8793855E-03,-4.916E-02
2.8793860E-03,-4.916E-02
2.8793865E-03,-4.836E-02
2.8793870E-03,-4.916E-02
2.8793875E-03,-4.916E-02
2.8793880E-03,-4.836E-02
2.8793885E-03,-4.836E-02
2.8793890E-03,-4.836E-02
2.8793895E-03,-4.916E-02
2.8793900E-03,-4.836E-02
2.8793905E-03,-4.836E-02
2.8793910E-03,-4.836E-02
2.8793915E-03,-4.836E-02
2.8793920E-03,-4.756E-02
2.8793925E-03,-4.836E-02
2.8793930E-03,-4.836E-02
2.8793935E-03,-4.836E-02
2.8793940E-03,-4.756E-02
2.8793945E-03,-4.836E-02
2.8793950E-03,-4.756E-02
2.8793955E-03,-4.836E-02
2.8793960E-03,-4.756E-02
2.8793965E-03,-4.836E-02
2.8793970E-03,-4.756E-02
2.8793975E-03,-4.836E-02
2.8793980E-03,-4.836E-02
2.8793985E-03,-4.836E-02
2.8793990E-03,-4.756E-02
2.8793995E-03,-4.836E-02
2.8794000E-03,-4.756E-02
2.8794005E-03,-4.836E-02
2.8794010E-03,-4.756E-02
2.8794015E-03,-4.836E-02
2.8794020E-03,-4.756E-02
2.8794025E-03,-4.836E-02
2.8794030E-03,-4.756E-02
2.8794035E-03,-4.836E-02
2.8794040E-03,-4.676E-02
2.8794045E-03,-4.756E-02
2.8794050E-03,-4.676E-02
2.8794055E-03,-4.756E-02
2.8794060E-03,-4.676E-02
2.8794065E-03,-4.756E-02
2.8794070E-03,-4.676E-02
2.8794075E-03,-4.756E-02
2.8794080E-03,-4.676E-02
2.8794085E-03,-4.756E-02
2.8794090E-03,-4.676E-02
2.8794095E-03,-4.756E-02
2.8794100E-03,-4.676E-02
2.8794105E-03,-4.756E-02
2.8794110E-03,-4.676E-02
2.8794115E-03,-4.676E-02
2.8794120E-03,-4.676E-02
2.8794125E-03,-4.676E-02
2.8794130E-03,-4.596E-02
2.8794135E-03,-4.756E-02
2.8794140E-03,-4.676E-02
2.8794145E-03,-4.756E-02
2.8794150E-03,-4.756E-02
2.8794155E-03,-4.756E-02
2.8794160E-03,-4.676E-02
2.8794165E-03,-4.756E-02
2.8794170E-03,-4.676E-02
2.8794175E-03,-4.756E-02
2.8794180E-03,-4.676E-02
2.8794185E-03,-4.676E-02
2.8794190E-03,-4.676E-02
2.8794195E-03,-4.756E-02
2.8794200E-03,-4.676E-02
2.8794205E-03,-4.756E-02
2.8794210E-03,-4.676E-02
2.8794215E-03,-4.676E-02
2.8794220E-03,-4.596E-02
2.8794225E-03,-4.596E-02
2.8794230E-03,-4.596E-02
2.8794235E-03,-4.596E-02
2.8794240E-03,-4.516E-02
2.8794245E-03,-4.516E-02
2.8794250E-03,-4.516E-02
2.8794255E-03,-4.596E-02
2.8794260E-03,-4.516E-02
2.8794265E-03,-4.596E-02
2.8794270E-03,-4.596E-02
2.8794275E-03,-4.596E-02
2.8794280E-03,-4.596E-02
2.8794285E-03,-4.596E-02
2.8794290E-03,-4.516E-02
2.8794295E-03,-4.516E-02
2.8794300E-03,-4.516E-02
2.8794305E-03,-4.596E-02
2.8794310E-03,-4.516E-02
2.8794315E-03,-4.596E-02
2.8794320E-03,-4.596E-02
2.8794325E-03,-4.596E-02
2.8794330E-03,-4.596E-02
2.8794335E-03,-4.676E-02
2.8794340E-03,-4.516E-02
2.8794345E-03,-4.596E-02
2.8794350E-03,-4.516E-02
2.8794355E-03,-4.596E-02
2.8794360E-03,-4.516E-02
2.8794365E-03,-4.516E-02
2.8794370E-03,-4.516E-02
2.8794375E-03,-4.516E-02
2.8794380E-03,-4.516E-02
2.8794385E-03,-4.516E-02
2.8794390E-03,-4.436E-02
2.8794395E-03,-4.516E-02
2.8794400E-03,-4.436E-02
2.8794405E-03,-4.436E-02
2.8794410E-03,-4.436E-02
2.8794415E-03,-4.436E-02
2.8794420E-03,-4.436E-02
2.8794425E-03,-4.436E-02
2.8794430E-03,-4.436E-02
2.8794435E-03,-4.436E-02
2.8794440E-03,-4.436E-02
2.8794445E-03,-4.516E-02
2.8794450E-03,-4.436E-02
2.8794455E-03,-4.436E-02
2.8794460E-03,-4.356E-02
2.8794465E-03,-4.436E-02
2.8794470E-03,-4.436E-02
2.8794475E-03,-4.436E-02
2.8794480E-03,-4.436E-02
2.8794485E-03,-4.436E-02
2.8794490E-03,-4.436E-02
2.8794495E-03,-4.436E-02
2.8794500E-03,-4.436E-02
2.8794505E-03,-4.436E-02
2.8794510E-03,-4.436E-02
2.8794515E-03,-4.436E-02
2.8794520E-03,-4.436E-02
2.8794525E-03,-4.436E-02
2.8794530E-03,-4.356E-02
2.8794535E-03,-4.356E-02
2.8794540E-03,-4.356E-02
2.8794545E-03,-4.356E-02
2.8794550E-03,-4.276E-02
2.8794555E-03,-4.356E-02
2.8794560E-03,-4.276E-02
2.8794565E-03,-4.356E-02
2.8794570E-03,-4.276E-02
2.8794575E-03,-4.276E-02
2.8794580E-03,-4.276E-02
2.8794585E-03,-4.276E-02
2.8794590E-03,-4.276E-02
2.8794595E-03,-4.196E-02
2.8794600E-03,-4.196E-02
2.8794605E-03,-4.196E-02
2.8794610E-03,-4.196E-02
2.8794615E-03,-4.276E-02
2.8794620E-03,-4.276E-02
2.8794625E-03,-4.276E-02
2.8794630E-03,-4.276E-02
2.8794635E-03,-4.356E-02
2.8794640E-03,-4.356E-02
2.8794645E-03,-4.276E-02
2.8794650E-03,-4.276E-02
2.8794655E-03,-4.276E-02
2.8794660E-03,-4.276E-02
2.8794665E-03,-4.276E-02
2.8794670E-03,-4.196E-02
2.8794675E-03,-4.356E-02
2.8794680E-03,-4.276E-02
2.8794685E-03,-4.276E-02
2.8794690E-03,-4.196E-02
2.8794695E-03,-4.196E-02
2.8794700E-03,-4.196E-02
2.8794705E-03,-4.196E-02
2.8794710E-03,-4.116E-02
2.8794715E-03,-4.116E-02
2.8794720E-03,-4.116E-02
2.8794725E-03,-4.116E-02
2.8794730E-03,-4.116E-02
2.8794735E-03,-4.116E-02
2.8794740E-03,-4.116E-02
2.8794745E-03,-4.116E-02
2.8794750E-03,-4.116E-02
2.8794755E-03,-4.116E-02
2.8794760E-03,-4.036E-02
2.8794765E-03,-4.116E-02
2.8794770E-03,-4.036E-02
2.8794775E-03,-4.036E-02
2.8794780E-03,-4.036E-02
2.8794785E-03,-4.116E-02
2.8794790E-03,-4.036E-02
2.8794795E-03,-4.116E-02
2.8794800E-03,-4.116E-02
2.8794805E-03,-4.196E-02
2.8794810E-03,-4.116E-02
2.8794815E-03,-4.116E-02
2.8794820E-03,-4.116E-02
2.8794825E-03,-4.116E-02
2.8794830E-03,-4.036E-02
2.8794835E-03,-4.036E-02
2.8794840E-03,-4.036E-02
2.8794845E-03,-4.036E-02
2.8794850E-03,-4.036E-02
2.8794855E-03,-3.956E-02
2.8794860E-03,-4.036E-02
2.8794865E-03,-4.036E-02
2.8794870E-03,-3.956E-02
2.8794875E-03,-3.956E-02
2.8794880E-03,-3.876E-02
2.8794885E-03,-3.956E-02
2.8794890E-03,-3.876E-02
2.8794895E-03,-3.956E-02
2.8794900E-03,-3.876E-02
2.8794905E-03,-3.956E-02
2.8794910E-03,-3.876E-02
2.8794915E-03,-3.876E-02
2.8794920E-03,-3.876E-02
2.8794925E-03,-3.876E-02
2.8794930E-03,-3.796E-02
2.8794935E-03,-3.956E-02
2.8794940E-03,-3.876E-02
2.8794945E-03,-3.956E-02
2.8794950E-03,-3.876E-02
2.8794955E-03,-3.956E-02
2.8794960E-03,-3.956E-02
2.8794965E-03,-3.956E-02
2.8794970E-03,-3.876E-02
2.8794975E-03,-3.876E-02
2.8794980E-03,-3.796E-02
2.8794985E-03,-3.956E-02
2.8794990E-03,-3.796E-02
2.8794995E-03,-3.876E-02
2.8795000E-03,-3.796E-02
2.8795005E-03,-3.796E-02
2.8795010E-03,-3.796E-02
2.8795015E-03,-3.796E-02
2.8795020E-03,-3.796E-02
2.8795025E-03,-3.796E-02
2.8795030E-03,-3.716E-02
2.8795035E-03,-3.716E-02
2.8795040E-03,-3.796E-02
2.8795045E-03,-3.716E-02
2.8795050E-03,-3.716E-02
2.8795055E-03,-3.716E-02
2.8795060E-03,-3.716E-02
2.8795065E-03,-3.716E-02
2.8795070E-03,-3.636E-02
2.8795075E-03,-3.716E-02
2.8795080E-03,-3.716E-02
2.8795085E-03,-3.716E-02
2.8795090E-03,-3.716E-02
2.8795095E-03,-3.636E-02
2.8795100E-03,-3.716E-02
2.8795105E-03,-3.716E-02
2.8795110E-03,-3.716E-02
2.8795115E-03,-3.716E-02
2.8795120E-03,-3.796E-02
2.8795125E-03,-3.796E-02
2.8795130E-03,-3.716E-02
2.8795135E-03,-3.716E-02
2.8795140E-03,-3.796E-02
2.8795145E-03,-3.716E-02
2.8795150E-03,-3.716E-02
2.8795155E-03,-3.716E-02
2.8795160E-03,-3.716E-02
2.8795165E-03,-3.716E-02
2.8795170E-03,-3.636E-02
2.8795175E-03,-3.636E-02
2.8795180E-03,-3.636E-02
2.8795185E-03,-3.556E-02
2.8795190E-03,-3.556E-02
2.8795195E-03,-3.476E-02
2.8795200E-03,-3.476E-02
2.8795205E-03,-3.476E-02
2.8795210E-03,-3.396E-02
2.8795215E-03,-3.476E-02
2.8795220E-03,-3.396E-02
2.8795225E-03,-3.476E-02
2.8795230E-03,-3.476E-02
2.8795235E-03,-3.476E-02
2.8795240E-03,-3.396E-02
2.8795245E-03,-3.476E-02
2.8795250E-03,-3.396E-02
2.8795255E-03,-3.476E-02
2.8795260E-03,-3.476E-02
2.8795265E-03,-3.556E-02
2.8795270E-03,-3.476E-02
2.8795275E-03,-3.476E-02
2.8795280E-03,-3.476E-02
2.8795285E-03,-3.476E-02
2.8795290E-03,-3.476E-02
2.8795295E-03,-3.476E-02
2.8795300E-03,-3.476E-02
2.8795305E-03,-3.476E-02
2.8795310E-03,-3.476E-02
2.8795315E-03,-3.476E-02
2.8795320E-03,-3.396E-02
2.8795325E-03,-3.396E-02
2.8795330E-03,-3.316E-02
2.8795335E-03,-3.396E-02
2.8795340E-03,-3.316E-02
2.8795345E-03,-3.396E-02
2.8795350E-03,-3.316E-02
2.8795355E-03,-3.396E-02
2.8795360E-03,-3.316E-02
2.8795365E-03,-3.316E-02
2.8795370E-03,-3.236E-02
2.8795375E-03,-3.316E-02
2.8795380E-03,-3.236E-02
2.8795385E-03,-3.236E-02
2.8795390E-03,-3.236E-02
2.8795395E-03,-3.236E-02
2.8795400E-03,-3.236E-02
2.8795405E-03,-3.236E-02
2.8795410E-03,-3.156E-02
2.8795415E-03,-3.156E-02
2.8795420E-03,-3.156E-02
2.8795425E-03,-3.236E-02
2.8795430E-03,-3.236E-02
2.8795435E-03,-3.156E-02
2.8795440E-03,-3.236E-02
2.8795445E-03,-3.236E-02
2.8795450E-03,-3.236E-02
2.8795455E-03,-3.236E-02
2.8795460E-03,-3.236E-02
2.8795465E-03,-3.236E-02
2.8795470E-03,-3.236E-02
2.8795475E-03,-3.316E-02
2.8795480E-03,-3.156E-02
2.8795485E-03,-3.236E-02
2.8795490E-03,-3.236E-02
2.8795495E-03,-3.156E-02
2.8795500E-03,-3.156E-02
2.8795505E-03,-3.076E-02
2.8795510E-03,-2.996E-02
2.8795515E-03,-3.076E-02
2.8795520E-03,-2.996E-02
2.8795525E-03,-2.996E-02
2.8795530E-03,-2.996E-02
2.8795535E-03,-2.996E-02
2.8795540E-03,-2.916E-02
2.8795545E-03,-2.916E-02
2.8795550E-03,-2.916E-02
2.8795555E-03,-2.916E-02
2.8795560E-03,-2.916E-02
2.8795565E-03,-2.916E-02
2.8795570E-03,-2.916E-02
2.8795575E-03,-2.916E-02
2.8795580E-03,-2.916E-02
2.8795585E-03,-2.916E-02
2.8795590E-03,-2.996E-02
2.8795595E-03,-3.076E-02
2.8795600E-03,-2.996E-02
2.8795605E-03,-2.996E-02
2.8795610E-03,-2.996E-02
2.8795615E-03,-2.996E-02
2.8795620E-03,-2.996E-02
2.8795625E-03,-2.996E-02
2.8795630E-03,-2.996E-02
2.8795635E-03,-2.996E-02
2.8795640E-03,-2.916E-02
2.8795645E-03,-2.916E-02
2.8795650E-03,-2.916E-02
2.8795655E-03,-2.916E-02
2.8795660E-03,-2.916E-02
2.8795665E-03,-2.836E-02
2.8795670E-03,-2.836E-02
2.8795675E-03,-2.836E-02
2.8795680E-03,-2.836E-02
2.8795685E-03,-2.756E-02
2.8795690E-03,-2.756E-02
2.8795695E-03,-2.756E-02
2.8795700E-03,-2.756E-02
2.8795705E-03,-2.756E-02
2.8795710E-03,-2.756E-02
2.8795715E-03,-2.676E-02
2.8795720E-03,-2.676E-02
2.8795725E-03,-2.676E-02
2.8795730E-03,-2.676E-02
2.8795735E-03,-2.676E-02
2.8795740E-03,-2.676E-02
2.8795745E-03,-2.596E-02
2.8795750E-03,-2.676E-02
2.8795755E-03,-2.676E-02
2.8795760E-03,-2.676E-02
2.8795765E-03,-2.756E-02
2.8795770E-03,-2.676E-02
2.8795775E-03,-2.756E-02
2.8795780E-03,-2.756E-02
2.8795785E-03,-2.756E-02
2.8795790E-03,-2.676E-02
2.8795795E-03,-2.756E-02
2.8795800E-03,-2.676E-02
2.8795805E-03,-2.756E-02
2.8795810E-03,-2.676E-02
2.8795815E-03,-2.676E-02
2.8795820E-03,-2.516E-02
2.8795825E-03,-2.596E-02
2.8795830E-03,-2.596E-02
2.8795835E-03,-2.516E-02
2.8795840E-03,-2.516E-02
2.8795845E-03,-2.436E-02
2.8795850E-03,-2.436E-02
2.8795855E-03,-2.436E-02
2.8795860E-03,-2.436E-02
2.8795865E-03,-2.436E-02
2.8795870E-03,-2.436E-02
2.8795875E-03,-2.436E-02
2.8795880E-03,-2.436E-02
2.8795885E-03,-2.356E-02
2.8795890E-03,-2.436E-02
2.8795895E-03,-2.436E-02
2.8795900E-03,-2.436E-02
2.8795905E-03,-2.436E-02
2.8795910E-03,-2.436E-02
2.8795915E-03,-2.516E-02
2.8795920E-03,-2.436E-02
2.8795925E-03,-2.516E-02
2.8795930E-03,-2.516E-02
2.8795935E-03,-2.516E-02
2.8795940E-03,-2.436E-02
2.8795945E-03,-2.516E-02
2.8795950E-03,-2.356E-02
2.8795955E-03,-2.436E-02
2.8795960E-03,-2.356E-02
2.8795965E-03,-2.276E-02
2.8795970E-03,-2.276E-02
2.8795975E-03,-2.276E-02
2.8795980E-03,-2.276E-02
2.8795985E-03,-2.196E-02
2.8795990E-03,-2.196E-02
2.8795995E-03,-2.196E-02
2.8796000E-03,-2.196E-02
2.8796005E-03,-2.196E-02
2.8796010E-03,-2.116E-02
2.8796015E-03,-2.116E-02
2.8796020E-03,-2.116E-02
2.8796025E-03,-2.196E-02
2.8796030E-03,-2.116E-02
2.8796035E-03,-2.196E-02
2.8796040E-03,-2.116E-02
2.8796045E-03,-2.116E-02
2.8796050E-03,-2.116E-02
2.8796055E-03,-2.116E-02
2.8796060E-03,-2.116E-02
2.8796065E-03,-2.196E-02
2.8796070E-03,-2.196E-02
2.8796075E-03,-2.196E-02
2.8796080E-03,-2.196E-02
2.8796085E-03,-2.276E-02
2.8796090E-03,-2.276E-02
2.8796095E-03,-2.196E-02
2.8796100E-03,-2.276E-02
2.8796105E-03,-2.196E-02
2.8796110E-03,-2.196E-02
2.8796115E-03,-2.196E-02
2.8796120E-03,-2.196E-02
2.8796125E-03,-2.196E-02
2.8796130E-03,-2.116E-02
2.8796135E-03,-2.036E-02
2.8796140E-03,-2.036E-02
2.8796145E-03,-2.036E-02
2.8796150E-03,-2.036E-02
2.8796155E-03,-1.956E-02
2.8796160E-03,-1.876E-02
2.8796165E-03,-1.876E-02
2.8796170E-03,-1.796E-02
2.8796175E-03,-1.796E-02
2.8796180E-03,-1.796E-02
2.8796185E-03,-1.796E-02
2.8796190E-03,-1.796E-02
2.8796195E-03,-1.796E-02
2.8796200E-03,-1.796E-02
2.8796205E-03,-1.796E-02
2.8796210E-03,-1.796E-02
2.8796215E-03,-1.796E-02
2.8796220E-03,-1.876E-02
2.8796225E-03,-1.876E-02
2.8796230E-03,-1.956E-02
2.8796235E-03,-1.956E-02
2.8796240E-03,-1.956E-02
2.8796245E-03,-1.956E-02
2.8796250E-03,-1.956E-02
2.8796255E-03,-1.876E-02
2.8796260E-03,-1.876E-02
2.8796265E-03,-1.876E-02
2.8796270E-03,-1.796E-02
2.8796275E-03,-1.876E-02
2.8796280E-03,-1.796E-02
2.8796285E-03,-1.716E-02
2.8796290E-03,-1.796E-02
2.8796295E-03,-1.716E-02
2.8796300E-03,-1.716E-02
2.8796305E-03,-1.636E-02
2.8796310E-03,-1.716E-02
2.8796315E-03,-1.636E-02
2.8796320E-03,-1.636E-02
2.8796325E-03,-1.556E-02
2.8796330E-03,-1.556E-02
2.8796335E-03,-1.476E-02
2.8796340E-03,-1.556E-02
2.8796345E-03,-1.556E-02
2.8796350E-03,-1.636E-02
2.8796355E-03,-1.556E-02
2.8796360E-03,-1.556E-02
2.8796365E-03,-1.556E-02
2.8796370E-03,-1.556E-02
2.8796375E-03,-1.556E-02
2.8796380E-03,-1.556E-02
2.8796385E-03,-1.556E-02
2.8796390E-03,-1.556E-02
2.8796395E-03,-1.556E-02
2.8796400E-03,-1.556E-02
2.8796405E-03,-1.556E-02
2.8796410E-03,-1.556E-02
2.8796415E-03,-1.556E-02
2.8796420E-03,-1.556E-02
2.8796425E-03,-1.556E-02
2.8796430E-03,-1.556E-02
2.8796435E-03,-1.556E-02
2.8796440E-03,-1.636E-02
2.8796445E-03,-1.556E-02
2.8796450E-03,-1.556E-02
2.8796455E-03,-1.476E-02
2.8796460E-03,-1.476E-02
2.8796465E-03,-1.396E-02
2.8796470E-03,-1.396E-02
2.8796475E-03,-1.316E-02
2.8796480E-03,-1.236E-02
2.8796485E-03,-1.316E-02
2.8796490E-03,-1.236E-02
2.8796495E-03,-1.236E-02
2.8796500E-03,-1.236E-02
2.8796505E-03,-1.156E-02
2.8796510E-03,-1.236E-02
2.8796515E-03,-1.236E-02
2.8796520E-03,-1.236E-02
2.8796525E-03,-1.236E-02
2.8796530E-03,-1.236E-02
2.8796535E-03,-1.236E-02
2.8796540E-03,-1.236E-02
2.8796545E-03,-1.236E-02
2.8796550E-03,-1.236E-02
2.8796555E-03,-1.316E-02
2.8796560E-03,-1.316E-02
2.8796565E-03,-1.236E-02
2.8796570E-03,-1.316E-02
2.8796575E-03,-1.236E-02
2.8796580E-03,-1.236E-02
2.8796585E-03,-1.236E-02
2.8796590E-03,-1.316E-02
2.8796595E-03,-1.236E-02
2.8796600E-03,-1.236E-02
2.8796605E-03,-1.236E-02
2.8796610E-03,-1.236E-02
2.8796615E-03,-1.156E-02
2.8796620E-03,-1.156E-02
2.8796625E-03,-1.076E-02
2.8796630E-03,-1.076E-02
2.8796635E-03,-1.076E-02
2.8796640E-03,-1.076E-02
2.8796645E-03,-9.964E-03
2.8796650E-03,-1.076E-02
2.8796655E-03,-9.964E-03
2.8796660E-03,-9.164E-03
2.8796665E-03,-9.964E-03
2.8796670E-03,-9.964E-03
2.8796675E-03,-9.164E-03
2.8796680E-03,-9.164E-03
2.8796685E-03,-9.164E-03
2.8796690E-03,-8.364E-03
2.8796695E-03,-9.164E-03
2.8796700E-03,-8.364E-03
2.8796705E-03,-9.964E-03
2.8796710E-03,-9.164E-03
2.8796715E-03,-9.964E-03
2.8796720E-03,-9.164E-03
2.8796725E-03,-9.164E-03
2.8796730E-03,-9.164E-03
2.8796735E-03,-9.164E-03
2.8796740E-03,-9.164E-03
2.8796745E-03,-9.164E-03
2.8796750E-03,-9.164E-03
2.8796755E-03,-9.164E-03
2.8796760E-03,-9.164E-03
2.8796765E-03,-9.164E-03
2.8796770E-03,-8.364E-03
2.8796775E-03,-8.364E-03
2.8796780E-03,-8.364E-03
2.8796785E-03,-8.364E-03
2.8796790E-03,-7.564E-03
2.8796795E-03,-6.764E-03
2.8796800E-03,-6.764E-03
2.8796805E-03,-6.764E-03
2.8796810E-03,-5.964E-03
2.8796815E-03,-6.764E-03
2.8796820E-03,-6.764E-03
2.8796825E-03,-6.764E-03
2.8796830E-03,-5.964E-03
2.8796835E-03,-5.964E-03
2.8796840E-03,-6.764E-03
2.8796845E-03,-6.764E-03
2.8796850E-03,-6.764E-03
2.8796855E-03,-6.764E-03
2.8796860E-03,-6.764E-03
2.8796865E-03,-7.564E-03
2.8796870E-03,-7.564E-03
2.8796875E-03,-7.564E-03
2.8796880E-03,-7.564E-03
2.8796885E-03,-7.564E-03
2.8796890E-03,-6.764E-03
2.8796895E-03,-6.764E-03
2.8796900E-03,-6.764E-03
2.8796905E-03,-5.964E-03
2.8796910E-03,-5.964E-03
2.8796915E-03,-5.964E-03
2.8796920E-03,-5.964E-03
2.8796925E-03,-5.164E-03
2.8796930E-03,-5.164E-03
2.8796935E-03,-4.364E-03
2.8796940E-03,-4.364E-03
2.8796945E-03,-4.364E-03
2.8796950E-03,-2.764E-03
2.8796955E-03,-3.564E-03
2.8796960E-03,-2.764E-03
2.8796965E-03,-2.764E-03
2.8796970E-03,-1.964E-03
2.8796975E-03,-2.764E-03
2.8796980E-03,-1.964E-03
2.8796985E-03,-2.764E-03
2.8796990E-03,-2.764E-03
2.8796995E-03,-2.764E-03
2.8797000E-03,-2.764E-03
2.8797005E-03,-2.764E-03
2.8797010E-03,-1.964E-03
2.8797015E-03,-1.964E-03
2.8797020E-03,-1.964E-03
2.8797025E-03,-2.764E-03
2.8797030E-03,-2.764E-03
2.8797035E-03,-3.564E-03
2.8797040E-03,-2.764E-03
2.8797045E-03,-3.564E-03
2.8797050E-03,-3.564E-03
2.8797055E-03,-3.564E-03
2.8797060E-03,-3.564E-03
2.8797065E-03,-4.364E-03
2.8797070E-03,-4.364E-03
2.8797075E-03,-3.564E-03
2.8797080E-03,-3.564E-03
2.8797085E-03,-4.364E-03
2.8797090E-03,-3.564E-03
2.8797095E-03,-3.564E-03
2.8797100E-03,-3.564E-03
2.8797105E-03,-3.564E-03
2.8797110E-03,-1.964E-03
2.8797115E-03,-1.964E-03
2.8797120E-03,-1.164E-03
2.8797125E-03,-1.164E-03
2.8797130E-03,-1.164E-03
2.8797135E-03,-1.164E-03
2.8797140E-03,-3.643E-04
2.8797145E-03,-1.164E-03
2.8797150E-03,-3.643E-04
2.8797155E-03,-3.643E-04
2.8797160E-03,4.357E-04
2.8797165E-03,4.357E-04
2.8797170E-03,4.357E-04
2.8797175E-03,4.357E-04
2.8797180E-03,4.357E-04
2.8797185E-03,-3.643E-04
2.8797190E-03,4.357E-04
2.8797195E-03,4.357E-04
2.8797200E-03,1.236E-03
2.8797205E-03,1.236E-03
2.8797210E-03,1.236E-03
2.8797215E-03,1.236E-03
2.8797220E-03,2.036E-03
2.8797225E-03,2.036E-03
2.8797230E-03,2.836E-03
2.8797235E-03,2.036E-03
2.8797240E-03,2.836E-03
2.8797245E-03,2.836E-03
2.8797250E-03,2.836E-03
2.8797255E-03,2.836E-03
2.8797260E-03,2.836E-03
2.8797265E-03,2.836E-03
2.8797270E-03,2.836E-03
2.8797275E-03,2.036E-03
2.8797280E-03,2.836E-03
2.8797285E-03,2.036E-03
2.8797290E-03,2.036E-03
2.8797295E-03,1.236E-03
2.8797300E-03,1.236E-03
2.8797305E-03,4.357E-04
2.8797310E-03,1.236E-03
2.8797315E-03,4.357E-04
2.8797320E-03,1.236E-03
2.8797325E-03,1.236E-03
2.8797330E-03,1.236E-03
2.8797335E-03,1.236E-03
2.8797340E-03,1.236E-03
2.8797345E-03,1.236E-03
2.8797350E-03,2.036E-03
2.8797355E-03,2.036E-03
2.8797360E-03,2.036E-03
2.8797365E-03,2.036E-03
2.8797370E-03,2.836E-03
2.8797375E-03,2.836E-03
2.8797380E-03,3.636E-03
2.8797385E-03,2.836E-03
2.8797390E-03,3.636E-03
2.8797395E-03,3.636E-03
2.8797400E-03,4.436E-03
2.8797405E-03,3.636E-03
2.8797410E-03,5.236E-03
2.8797415E-03,4.436E-03
2.8797420E-03,6.036E-03
2.8797425E-03,5.236E-03
2.8797430E-03,6.836E-03
2.8797435E-03,6.836E-03
2.8797440E-03,7.636E-03
2.8797445E-03,6.836E-03
2.8797450E-03,8.436E-03
2.8797455E-03,7.636E-03
2.8797460E-03,7.636E-03
2.8797465E-03,7.636E-03
2.8797470E-03,8.436E-03
2.8797475E-03,8.436E-03
2.8797480E-03,7.636E-03
2.8797485E-03,7.636E-03
2.8797490E-03,7.636E-03
2.8797495E-03,7.636E-03
2.8797500E-03,6.836E-03
2.8797505E-03,6.836E-03
2.8797510E-03,6.836E-03
2.8797515E-03,6.036E-03
2.8797520E-03,6.036E-03
2.8797525E-03,5.236E-03
2.8797530E-03,5.236E-03
2.8797535E-03,6.036E-03
2.8797540E-03,6.036E-03
2.8797545E-03,5.236E-03
2.8797550E-03,5.236E-03
2.8797555E-03,5.236E-03
2.8797560E-03,6.036E-03
2.8797565E-03,5.236E-03
2.8797570E-03,6.036E-03
2.8797575E-03,6.036E-03
2.8797580E-03,6.836E-03
2.8797585E-03,6.036E-03
2.8797590E-03,6.836E-03
2.8797595E-03,6.836E-03
2.8797600E-03,6.836E-03
2.8797605E-03,7.636E-03
2.8797610E-03,7.636E-03
2.8797615E-03,7.636E-03
2.8797620E-03,8.436E-03
2.8797625E-03,8.436E-03
2.8797630E-03,8.436E-03
2.8797635E-03,9.236E-03
2.8797640E-03,1.004E-02
2.8797645E-03,1.004E-02
2.8797650E-03,1.004E-02
2.8797655E-03,1.084E-02
2.8797660E-03,1.084E-02
2.8797665E-03,1.084E-02
2.8797670E-03,1.084E-02
2.8797675E-03,1.084E-02
2.8797680E-03,1.084E-02
2.8797685E-03,1.084E-02
2.8797690E-03,1.084E-02
2.8797695E-03,1.164E-02
2.8797700E-03,1.084E-02
2.8797705E-03,1.084E-02
2.8797710E-03,1.084E-02
2.8797715E-03,1.084E-02
2.8797720E-03,1.084E-02
2.8797725E-03,1.084E-02
2.8797730E-03,1.084E-02
2.8797735E-03,1.164E-02
2.8797740E-03,1.084E-02
2.8797745E-03,1.164E-02
2.8797750E-03,1.244E-02
2.8797755E-03,1.244E-02
2.8797760E-03,1.244E-02
2.8797765E-03,1.244E-02
2.8797770E-03,1.164E-02
2.8797775E-03,1.244E-02
2.8797780E-03,1.244E-02
2.8797785E-03,1.244E-02
2.8797790E-03,1.244E-02
2.8797795E-03,1.244E-02
2.8797800E-03,1.244E-02
2.8797805E-03,1.244E-02
2.8797810E-03,1.244E-02
2.8797815E-03,1.164E-02
2.8797820E-03,1.084E-02
2.8797825E-03,1.084E-02
2.8797830E-03,1.084E-02
2.8797835E-03,1.084E-02
2.8797840E-03,1.084E-02
2.8797845E-03,1.084E-02
2.8797850E-03,1.004E-02
2.8797855E-03,1.084E-02
2.8797860E-03,1.084E-02
2.8797865E-03,1.164E-02
2.8797870E-03,1.164E-02
2.8797875E-03,1.164E-02
2.8797880E-03,1.244E-02
2.8797885E-03,1.244E-02
2.8797890E-03,1.324E-02
2.8797895E-03,1.404E-02
2.8797900E-03,1.484E-02
2.8797905E-03,1.484E-02
2.8797910E-03,1.564E-02
2.8797915E-03,1.564E-02
2.8797920E-03,1.564E-02
2.8797925E-03,1.564E-02
2.8797930E-03,1.564E-02
2.8797935E-03,1.644E-02
2.8797940E-03,1.564E-02
2.8797945E-03,1.644E-02
2.8797950E-03,1.644E-02
2.8797955E-03,1.724E-02
2.8797960E-03,1.724E-02
2.8797965E-03,1.724E-02
2.8797970E-03,1.724E-02
2.8797975E-03,1.724E-02
2.8797980E-03,1.724E-02
2.8797985E-03,1.644E-02
2.8797990E-03,1.644E-02
2.8797995E-03,1.644E-02
2.8798000E-03,1.564E-02
2.8798005E-03,1.644E-02
2.8798010E-03,1.564E-02
2.8798015E-03,1.564E-02
2.8798020E-03,1.564E-02
2.8798025E-03,1.564E-02
2.8798030E-03,1.564E-02
2.8798035E-03,1.564E-02
2.8798040E-03,1.484E-02
2.8798045E-03,1.564E-02
2.8798050E-03,1.564E-02
2.8798055E-03,1.564E-02
2.8798060E-03,1.564E-02
2.8798065E-03,1.564E-02
2.8798070E-03,1.564E-02
2.8798075E-03,1.644E-02
2.8798080E-03,1.644E-02
2.8798085E-03,1.724E-02
2.8798090E-03,1.724E-02
2.8798095E-03,1.724E-02
2.8798100E-03,1.724E-02
2.8798105E-03,1.804E-02
2.8798110E-03,1.724E-02
2.8798115E-03,1.804E-02
2.8798120E-03,1.724E-02
2.8798125E-03,1.804E-02
2.8798130E-03,1.804E-02
2.8798135E-03,1.724E-02
2.8798140E-03,1.724E-02
2.8798145E-03,1.724E-02
2.8798150E-03,1.724E-02
2.8798155E-03,1.724E-02
2.8798160E-03,1.724E-02
2.8798165E-03,1.724E-02
2.8798170E-03,1.804E-02
2.8798175E-03,1.804E-02
2.8798180E-03,1.804E-02
2.8798185E-03,1.884E-02
2.8798190E-03,1.884E-02
2.8798195E-03,1.964E-02
2.8798200E-03,1.964E-02
2.8798205E-03,2.044E-02
2.8798210E-03,2.044E-02
2.8798215E-03,2.044E-02
2.8798220E-03,2.044E-02
2.8798225E-03,2.124E-02
2.8798230E-03,2.124E-02
2.8798235E-03,2.204E-02
2.8798240E-03,2.124E-02
2.8798245E-03,2.284E-02
2.8798250E-03,2.204E-02
2.8798255E-03,2.204E-02
2.8798260E-03,2.204E-02
2.8798265E-03,2.204E-02
2.8798270E-03,2.204E-02
2.8798275E-03,2.204E-02
2.8798280E-03,2.204E-02
2.8798285E-03,2.204E-02
2.8798290E-03,2.124E-02
2.8798295E-03,2.204E-02
2.8798300E-03,2.124E-02
2.8798305E-03,2.124E-02
2.8798310E-03,2.124E-02
2.8798315E-03,2.124E-02
2.8798320E-03,2.044E-02
2.8798325E-03,2.044E-02
2.8798330E-03,1.964E-02
2.8798335E-03,2.044E-02
2.8798340E-03,1.964E-02
2.8798345E-03,2.044E-02
2.8798350E-03,1.964E-02
2.8798355E-03,2.044E-02
2.8798360E-03,1.964E-02
2.8798365E-03,2.124E-02
2.8798370E-03,2.044E-02
2.8798375E-03,2.044E-02
2.8798380E-03,2.204E-02
2.8798385E-03,2.124E-02
2.8798390E-03,2.204E-02
2.8798395E-03,2.204E-02
2.8798400E-03,2.284E-02
2.8798405E-03,2.284E-02
2.8798410E-03,2.284E-02
2.8798415E-03,2.284E-02
2.8798420E-03,2.444E-02
2.8798425E-03,2.364E-02
2.8798430E-03,2.444E-02
2.8798435E-03,2.444E-02
2.8798440E-03,2.524E-02
2.8798445E-03,2.444E-02
2.8798450E-03,2.444E-02
2.8798455E-03,2.364E-02
2.8798460E-03,2.364E-02
2.8798465E-03,2.364E-02
2.8798470E-03,2.364E-02
2.8798475E-03,2.364E-02
2.8798480E-03,2.364E-02
2.8798485E-03,2.364E-02
2.8798490E-03,2.444E-02
2.8798495E-03,2.444E-02
2.8798500E-03,2.444E-02
2.8798505E-03,2.524E-02
2.8798510E-03,2.524E-02
2.8798515E-03,2.524E-02
2.8798520E-03,2.604E-02
2.8798525E-03,2.524E-02
2.8798530E-03,2.524E-02
2.8798535E-03,2.604E-02
2.8798540E-03,2.604E-02
2.8798545E-03,2.604E-02
2.8798550E-03,2.604E-02
2.8798555E-03,2.604E-02
2.8798560E-03,2.604E-02
2.8798565E-03,2.684E-02
2.8798570E-03,2.684E-02
2.8798575E-03,2.604E-02
2.8798580E-03,2.684E-02
2.8798585E-03,2.604E-02
2.8798590E-03,2.604E-02
2.8798595E-03,2.604E-02
2.8798600E-03,2.604E-02
2.8798605E-03,2.524E-02
2.8798610E-03,2.604E-02
2.8798615E-03,2.604E-02
2.8798620E-03,2.604E-02
2.8798625E-03,2.524E-02
2.8798630E-03,2.524E-02
2.8798635E-03,2.524E-02
2.8798640E-03,2.524E-02
2.8798645E-03,2.524E-02
2.8798650E-03,2.604E-02
2.8798655E-03,2.524E-02
2.8798660E-03,2.524E-02
2.8798665E-03,2.604E-02
2.8798670E-03,2.604E-02
2.8798675E-03,2.604E-02
2.8798680E-03,2.604E-02
2.8798685E-03,2.604E-02
2.8798690E-03,2.604E-02
2.8798695E-03,2.684E-02
2.8798700E-03,2.684E-02
2.8798705E-03,2.764E-02
2.8798710E-03,2.844E-02
2.8798715E-03,2.924E-02
2.8798720E-03,2.924E-02
2.8798725E-03,3.004E-02
2.8798730E-03,3.004E-02
2.8798735E-03,3.084E-02
2.8798740E-03,3.084E-02
2.8798745E-03,3.004E-02
2.8798750E-03,3.004E-02
2.8798755E-03,3.004E-02
2.8798760E-03,3.004E-02
2.8798765E-03,3.004E-02
2.8798770E-03,3.004E-02
2.8798775E-03,3.004E-02
2.8798780E-03,3.004E-02
2.8798785E-03,2.924E-02
2.8798790E-03,2.924E-02
2.8798795E-03,2.844E-02
2.8798800E-03,2.844E-02
2.8798805E-03,2.844E-02
2.8798810E-03,2.844E-02
2.8798815E-03,2.844E-02
2.8798820E-03,2.924E-02
2.8798825E-03,2.924E-02
2.8798830E-03,2.924E-02
2.8798835E-03,2.924E-02
2.8798840E-03,2.924E-02
2.8798845E-03,2.924E-02
2.8798850E-03,2.924E-02
2.8798855E-03,3.004E-02
2.8798860E-03,3.004E-02
2.8798865E-03,3.084E-02
2.8798870E-03,3.084E-02
2.8798875E-03,3.004E-02
2.8798880E-03,3.004E-02
2.8798885E-03,3.084E-02
2.8798890E-03,3.084E-02
2.8798895E-03,3.084E-02
2.8798900E-03,3.084E-02
2.8798905E-03,3.084E-02
2.8798910E-03,3.084E-02
2.8798915E-03,3.084E-02
2.8798920E-03,3.084E-02
2.8798925E-03,3.084E-02
2.8798930E-03,3.164E-02
2.8798935E-03,3.164E-02
2.8798940E-03,3.084E-02
2.8798945E-03,3.164E-02
2.8798950E-03,3.164E-02
2.8798955E-03,3.164E-02
2.8798960E-03,3.164E-02
2.8798965E-03,3.164E-02
2.8798970E-03,3.164E-02
2.8798975E-03,3.164E-02
2.8798980E-03,3.084E-02
2.8798985E-03,3.164E-02
2.8798990E-03,3.164E-02
2.8798995E-03,3.244E-02
2.8799000E-03,3.164E-02
2.8799005E-03,3.244E-02
2.8799010E-03,3.244E-02
2.8799015E-03,3.244E-02
2.8799020E-03,3.324E-02
2.8799025E-03,3.324E-02
2.8799030E-03,3.324E-02
2.8799035E-03,3.404E-02
2.8799040E-03,3.404E-02
2.8799045E-03,3.404E-02
2.8799050E-03,3.484E-02
2.8799055E-03,3.404E-02
2.8799060E-03,3.484E-02
2.8799065E-03,3.484E-02
2.8799070E-03,3.484E-02
2.8799075E-03,3.404E-02
2.8799080E-03,3.484E-02
2.8799085E-03,3.404E-02
2.8799090E-03,3.404E-02
2.8799095E-03,3.404E-02
2.8799100E-03,3.324E-02
2.8799105E-03,3.324E-02
2.8799110E-03,3.324E-02
2.8799115E-03,3.324E-02
2.8799120E-03,3.324E-02
2.8799125E-03,3.324E-02
2.8799130E-03,3.324E-02
2.8799135E-03,3.324E-02
2.8799140E-03,3.244E-02
2.8799145E-03,3.244E-02
2.8799150E-03,3.324E-02
2.8799155E-03,3.404E-02
2.8799160E-03,3.324E-02
2.8799165E-03,3.404E-02
2.8799170E-03,3.484E-02
2.8799175E-03,3.404E-02
2.8799180E-03,3.484E-02
2.8799185E-03,3.484E-02
2.8799190E-03,3.484E-02
2.8799195E-03,3.564E-02
2.8799200E-03,3.644E-02
2.8799205E-03,3.564E-02
2.8799210E-03,3.564E-02
2.8799215E-03,3.564E-02
2.8799220E-03,3.564E-02
2.8799225E-03,3.564E-02
2.8799230E-03,3.644E-02
2.8799235E-03,3.564E-02
2.8799240E-03,3.644E-02
2.8799245E-03,3.644E-02
2.8799250E-03,3.644E-02
2.8799255E-03,3.644E-02
2.8799260E-03,3.644E-02
2.8799265E-03,3.644E-02
2.8799270E-03,3.644E-02
2.8799275E-03,3.724E-02
2.8799280E-03,3.644E-02
2.8799285E-03,3.644E-02
2.8799290E-03,3.644E-02
2.8799295E-03,3.564E-02
2.8799300E-03,3.564E-02
2.8799305E-03,3.564E-02
2.8799310E-03,3.564E-02
2.8799315E-03,3.644E-02
2.8799320E-03,3.564E-02
2.8799325E-03,3.644E-02
2.8799330E-03,3.644E-02
2.8799335E-03,3.564E-02
2.8799340E-03,3.644E-02
2.8799345E-03,3.644E-02
2.8799350E-03,3.644E-02
2.8799355E-03,3.724E-02
2.8799360E-03,3.724E-02
2.8799365E-03,3.804E-02
2.8799370E-03,3.804E-02
2.8799375E-03,3.804E-02
2.8799380E-03,3.804E-02
2.8799385E-03,3.724E-02
2.8799390E-03,3.804E-02
2.8799395E-03,3.724E-02
2.8799400E-03,3.804E-02
2.8799405E-03,3.724E-02
2.8799410E-03,3.724E-02
2.8799415E-03,3.804E-02
2.8799420E-03,3.724E-02
2.8799425E-03,3.724E-02
2.8799430E-03,3.724E-02
2.8799435E-03,3.724E-02
2.8799440E-03,3.644E-02
2.8799445E-03,3.724E-02
2.8799450E-03,3.724E-02
2.8799455E-03,3.724E-02
2.8799460E-03,3.724E-02
2.8799465E-03,3.724E-02
2.8799470E-03,3.724E-02
2.8799475E-03,3.724E-02
2.8799480E-03,3.804E-02
2.8799485E-03,3.804E-02
2.8799490E-03,3.884E-02
2.8799495E-03,3.884E-02
2.8799500E-03,3.884E-02
2.8799505E-03,3.964E-02
2.8799510E-03,3.964E-02
2.8799515E-03,3.964E-02
2.8799520E-03,3.964E-02
2.8799525E-03,3.964E-02
2.8799530E-03,3.884E-02
2.8799535E-03,3.884E-02
2.8799540E-03,3.884E-02
2.8799545E-03,3.884E-02
2.8799550E-03,3.884E-02
2.8799555E-03,3.884E-02
2.8799560E-03,3.884E-02
2.8799565E-03,3.964E-02
2.8799570E-03,3.964E-02
2.8799575E-03,4.044E-02
2.8799580E-03,4.044E-02
2.8799585E-03,3.964E-02
2.8799590E-03,4.044E-02
2.8799595E-03,3.964E-02
2.8799600E-03,3.884E-02
2.8799605E-03,3.884E-02
2.8799610E-03,3.964E-02
2.8799615E-03,3.964E-02
2.8799620E-03,3.964E-02
2.8799625E-03,3.964E-02
2.8799630E-03,3.964E-02
2.8799635E-03,3.964E-02
2.8799640E-03,4.044E-02
2.8799645E-03,3.964E-02
2.8799650E-03,3.964E-02
2.8799655E-03,4.044E-02
2.8799660E-03,3.964E-02
2.8799665E-03,3.964E-02
2.8799670E-03,3.964E-02
2.8799675E-03,4.044E-02
2.8799680E-03,4.044E-02
2.8799685E-03,4.124E-02
2.8799690E-03,4.124E-02
2.8799695E-03,4.204E-02
2.8799700E-03,4.124E-02
2.8799705E-03,4.124E-02
2.8799710E-03,4.204E-02
2.8799715E-03,4.124E-02
2.8799720E-03,4.124E-02
2.8799725E-03,4.124E-02
2.8799730E-03,4.124E-02
2.8799735E-03,4.124E-02
2.8799740E-03,4.124E-02
2.8799745E-03,4.124E-02
2.8799750E-03,4.044E-02
2.8799755E-03,4.124E-02
2.8799760E-03,4.124E-02
2.8799765E-03,4.124E-02
2.8799770E-03,4.124E-02
2.8799775E-03,4.124E-02
2.8799780E-03,4.124E-02
2.8799785E-03,4.204E-02
2.8799790E-03,4.204E-02
2.8799795E-03,4.124E-02
2.8799800E-03,4.204E-02
2.8799805E-03,4.124E-02
2.8799810E-03,4.124E-02
2.8799815E-03,4.204E-02
2.8799820E-03,4.204E-02
2.8799825E-03,4.204E-02
2.8799830E-03,4.284E-02
2.8799835E-03,4.284E-02
2.8799840E-03,4.284E-02
2.8799845E-03,4.204E-02
2.8799850E-03,4.284E-02
2.8799855E-03,4.204E-02
2.8799860E-03,4.284E-02
2.8799865E-03,4.284E-02
2.8799870E-03,4.284E-02
2.8799875E-03,4.284E-02
2.8799880E-03,4.284E-02
2.8799885E-03,4.284E-02
2.8799890E-03,4.284E-02
2.8799895E-03,4.284E-02
2.8799900E-03,4.284E-02
2.8799905E-03,4.284E-02
2.8799910E-03,4.204E-02
2.8799915E-03,4.204E-02
2.8799920E-03,4.284E-02
2.8799925E-03,4.204E-02
2.8799930E-03,4.204E-02
2.8799935E-03,4.284E-02
2.8799940E-03,4.284E-02
2.8799945E-03,4.284E-02
2.8799950E-03,4.364E-02
2.8799955E-03,4.284E-02
2.8799960E-03,4.204E-02
2.8799965E-03,4.284E-02
2.8799970E-03,4.284E-02
2.8799975E-03,4.284E-02
2.8799980E-03,4.284E-02
2.8799985E-03,4.364E-02
2.8799990E-03,4.364E-02
2.8799995E-03,4.364E-02
2.8800000E-03,4.364E-02
2.8800005E-03,4.364E-02
2.8800010E-03,4.444E-02
2.8800015E-03,4.364E-02
2.8800020E-03,4.364E-02
2.8800025E-03,4.364E-02
2.8800030E-03,4.364E-02
2.8800035E-03,4.364E-02
2.8800040E-03,4.364E-02
2.8800045E-03,4.444E-02
2.8800050E-03,4.444E-02
2.8800055E-03,4.444E-02
2.8800060E-03,4.444E-02
2.8800065E-03,4.364E-02
2.8800070E-03,4.444E-02
2.8800075E-03,4.364E-02
2.8800080E-03,4.364E-02
2.8800085E-03,4.364E-02
2.8800090E-03,4.284E-02
2.8800095E-03,4.364E-02
2.8800100E-03,4.364E-02
2.8800105E-03,4.364E-02
2.8800110E-03,4.444E-02
2.8800115E-03,4.444E-02
2.8800120E-03,4.364E-02
2.8800125E-03,4.444E-02
2.8800130E-03,4.444E-02
2.8800135E-03,4.444E-02
2.8800140E-03,4.444E-02
2.8800145E-03,4.444E-02
2.8800150E-03,4.524E-02
2.8800155E-03,4.524E-02
2.8800160E-03,4.524E-02
2.8800165E-03,4.524E-02
2.8800170E-03,4.444E-02
2.8800175E-03,4.524E-02
2.8800180E-03,4.524E-02
2.8800185E-03,4.444E-02
2.8800190E-03,4.524E-02
2.8800195E-03,4.444E-02
2.8800200E-03,4.524E-02
2.8800205E-03,4.524E-02
2.8800210E-03,4.524E-02
2.8800215E-03,4.524E-02
2.8800220E-03,4.524E-02
2.8800225E-03,4.444E-02
2.8800230E-03,4.524E-02
2.8800235E-03,4.444E-02
2.8800240E-03,4.524E-02
2.8800245E-03,4.524E-02
2.8800250E-03,4.444E-02
2.8800255E-03,4.524E-02
2.8800260E-03,4.524E-02
2.8800265E-03,4.524E-02
2.8800270E-03,4.524E-02
2.8800275E-03,4.524E-02
2.8800280E-03,4.524E-02
2.8800285E-03,4.524E-02
2.8800290E-03,4.524E-02
2.8800295E-03,4.604E-02
2.8800300E-03,4.524E-02
2.8800305E-03,4.524E-02
2.8800310E-03,4.604E-02
2.8800315E-03,4.604E-02
2.8800320E-03,4.604E-02
2.8800325E-03,4.604E-02
2.8800330E-03,4.604E-02
2.8800335E-03,4.684E-02
2.8800340E-03,4.604E-02
2.8800345E-03,4.604E-02
2.8800350E-03,4.604E-02
2.8800355E-03,4.604E-02
2.8800360E-03,4.684E-02
2.8800365E-03,4.604E-02
2.8800370E-03,4.604E-02
2.8800375E-03,4.604E-02
2.8800380E-03,4.604E-02
2.8800385E-03,4.604E-02
2.8800390E-03,4.604E-02
2.8800395E-03,4.524E-02
2.8800400E-03,4.524E-02
2.8800405E-03,4.524E-02
2.8800410E-03,4.524E-02
2.8800415E-03,4.604E-02
2.8800420E-03,4.604E-02
2.8800425E-03,4.604E-02
2.8800430E-03,4.604E-02
2.8800435E-03,4.604E-02
2.8800440E-03,4.684E-02
2.8800445E-03,4.604E-02
2.8800450E-03,4.604E-02
2.8800455E-03,4.684E-02
2.8800460E-03,4.604E-02
2.8800465E-03,4.684E-02
2.8800470E-03,4.684E-02
2.8800475E-03,4.764E-02
2.8800480E-03,4.684E-02
2.8800485E-03,4.684E-02
2.8800490E-03,4.684E-02
2.8800495E-03,4.684E-02
2.8800500E-03,4.684E-02
2.8800505E-03,4.684E-02
2.8800510E-03,4.684E-02
2.8800515E-03,4.684E-02
2.8800520E-03,4.764E-02
2.8800525E-03,4.764E-02
2.8800530E-03,4.764E-02
2.8800535E-03,4.684E-02
2.8800540E-03,4.684E-02
2.8800545E-03,4.684E-02
2.8800550E-03,4.684E-02
2.8800555E-03,4.684E-02
2.8800560E-03,4.684E-02
2.8800565E-03,4.684E-02
2.8800570E-03,4.684E-02
2.8800575E-03,4.684E-02
2.8800580E-03,4.684E-02
2.8800585E-03,4.684E-02
2.8800590E-03,4.684E-02
2.8800595E-03,4.684E-02
2.8800600E-03,4.604E-02
2.8800605E-03,4.684E-02
2.8800610E-03,4.684E-02
2.8800615E-03,4.684E-02
2.8800620E-03,4.684E-02
2.8800625E-03,4.764E-02
2.8800630E-03,4.684E-02
2.8800635E-03,4.684E-02
2.8800640E-03,4.684E-02
2.8800645E-03,4.684E-02
2.8800650E-03,4.764E-02
2.8800655E-03,4.684E-02
2.8800660E-03,4.684E-02
2.8800665E-03,4.604E-02
2.8800670E-03,4.764E-02
2.8800675E-03,4.684E-02
2.8800680E-03,4.764E-02
2.8800685E-03,4.764E-02
2.8800690E-03,4.684E-02
2.8800695E-03,4.764E-02
2.8800700E-03,4.764E-02
2.8800705E-03,4.764E-02
2.8800710E-03,4.684E-02
2.8800715E-03,4.684E-02
2.8800720E-03,4.684E-02
2.8800725E-03,4.684E-02
2.8800730E-03,4.684E-02
2.8800735E-03,4.764E-02
2.8800740E-03,4.764E-02
2.8800745E-03,4.764E-02
2.8800750E-03,4.764E-02
2.8800755E-03,4.764E-02
2.8800760E-03,4.764E-02
2.8800765E-03,4.764E-02
2.8800770E-03,4.764E-02
2.8800775E-03,4.764E-02
2.8800780E-03,4.764E-02
2.8800785E-03,4.764E-02
2.8800790E-03,4.684E-02
2.8800795E-03,4.764E-02
2.8800800E-03,4.764E-02
2.8800805E-03,4.684E-02
2.8800810E-03,4.684E-02
2.8800815E-03,4.764E-02
2.8800820E-03,4.684E-02
2.8800825E-03,4.764E-02
2.8800830E-03,4.684E-02
2.8800835E-03,4.764E-02
2.8800840E-03,4.764E-02
2.8800845E-03,4.764E-02
2.8800850E-03,4.764E-02
2.8800855E-03,4.764E-02
2.8800860E-03,4.764E-02
2.8800865E-03,4.764E-02
2.8800870E-03,4.764E-02
2.8800875E-03,4.764E-02
2.8800880E-03,4.764E-02
2.8800885E-03,4.764E-02
2.8800890E-03,4.764E-02
2.8800895E-03,4.764E-02
2.8800900E-03,4.684E-02
2.8800905E-03,4.764E-02
2.8800910E-03,4.684E-02
2.8800915E-03,4.684E-02
2.8800920E-03,4.684E-02
2.8800925E-03,4.684E-02
2.8800930E-03,4.684E-02
2.8800935E-03,4.764E-02
2.8800940E-03,4.684E-02
2.8800945E-03,4.764E-02
2.8800950E-03,4.764E-02
2.8800955E-03,4.764E-02
2.8800960E-03,4.764E-02
2.8800965E-03,4.764E-02
2.8800970E-03,4.764E-02
2.8800975E-03,4.764E-02
2.8800980E-03,4.764E-02
2.8800985E-03,4.764E-02
2.8800990E-03,4.764E-02
2.8800995E-03,4.764E-02
2.8801000E-03,4.764E-02
2.8801005E-03,4.844E-02
2.8801010E-03,4.764E-02
2.8801015E-03,4.844E-02
2.8801020E-03,4.764E-02
2.8801025E-03,4.764E-02
2.8801030E-03,4.764E-02
2.8801035E-03,4.764E-02
2.8801040E-03,4.764E-02
2.8801045E-03,4.764E-02
2.8801050E-03,4.764E-02
2.8801055E-03,4.764E-02
2.8801060E-03,4.764E-02
2.8801065E-03,4.844E-02
2.8801070E-03,4.764E-02
2.8801075E-03,4.764E-02
2.8801080E-03,4.684E-02
2.8801085E-03,4.764E-02
2.8801090E-03,4.764E-02
2.8801095E-03,4.764E-02
2.8801100E-03,4.764E-02
2.8801105E-03,4.844E-02
2.8801110E-03,4.764E-02
2.8801115E-03,4.844E-02
2.8801120E-03,4.844E-02
2.8801125E-03,4.764E-02
2.8801130E-03,4.764E-02
2.8801135E-03,4.764E-02
2.8801140E-03,4.764E-02
2.8801145E-03,4.764E-02
2.8801150E-03,4.764E-02
2.8801155E-03,4.764E-02
2.8801160E-03,4.764E-02
2.8801165E-03,4.764E-02
2.8801170E-03,4.764E-02
2.8801175E-03,4.684E-02
2.8801180E-03,4.764E-02
2.8801185E-03,4.764E-02
2.8801190E-03,4.764E-02
2.8801195E-03,4.764E-02
2.8801200E-03,4.764E-02
2.8801205E-03,4.764E-02
2.8801210E-03,4.764E-02
2.8801215E-03,4.844E-02
2.8801220E-03,4.764E-02
2.8801225E-03,4.764E-02
2.8801230E-03,4.764E-02
2.8801235E-03,4.764E-02
2.8801240E-03,4.764E-02
2.8801245E-03,4.764E-02
2.8801250E-03,4.764E-02
2.8801255E-03,4.764E-02
2.8801260E-03,4.764E-02
2.8801265E-03,4.764E-02
2.8801270E-03,4.844E-02
2.8801275E-03,4.764E-02
2.8801280E-03,4.764E-02
2.8801285E-03,4.764E-02
2.8801290E-03,4.764E-02
2.8801295E-03,4.764E-02
2.8801300E-03,4.764E-02
2.8801305E-03,4.764E-02
2.8801310E-03,4.764E-02
2.8801315E-03,4.844E-02
2.8801320E-03,4.684E-02
2.8801325E-03,4.764E-02
2.8801330E-03,4.764E-02
2.8801335E-03,4.764E-02
2.8801340E-03,4.764E-02
2.8801345E-03,4.764E-02
2.8801350E-03,4.684E-02
2.8801355E-03,4.684E-02
2.8801360E-03,4.684E-02
2.8801365E-03,4.684E-02
2.8801370E-03,4.764E-02
2.8801375E-03,4.764E-02
2.8801380E-03,4.684E-02
2.8801385E-03,4.684E-02
2.8801390E-03,4.684E-02
2.8801395E-03,4.764E-02
2.8801400E-03,4.684E-02
2.8801405E-03,4.684E-02
2.8801410E-03,4.684E-02
2.8801415E-03,4.764E-02
2.8801420E-03,4.764E-02
2.8801425E-03,4.684E-02
2.8801430E-03,4.684E-02
2.8801435E-03,4.684E-02
2.8801440E-03,4.684E-02
2.8801445E-03,4.764E-02
2.8801450E-03,4.684E-02
2.8801455E-03,4.684E-02
2.8801460E-03,4.684E-02
2.8801465E-03,4.764E-02
2.8801470E-03,4.684E-02
2.8801475E-03,4.684E-02
2.8801480E-03,4.684E-02
2.8801485E-03,4.684E-02
2.8801490E-03,4.684E-02
2.8801495E-03,4.684E-02
2.8801500E-03,4.684E-02
2.8801505E-03,4.684E-02
2.8801510E-03,4.684E-02
2.8801515E-03,4.684E-02
2.8801520E-03,4.684E-02
2.8801525E-03,4.764E-02
2.8801530E-03,4.684E-02
2.8801535E-03,4.684E-02
2.8801540E-03,4.684E-02
2.8801545E-03,4.684E-02
2.8801550E-03,4.604E-02
2.8801555E-03,4.604E-02
2.8801560E-03,4.684E-02
2.8801565E-03,4.684E-02
2.8801570E-03,4.684E-02
2.8801575E-03,4.684E-02
2.8801580E-03,4.684E-02
2.8801585E-03,4.684E-02
2.8801590E-03,4.684E-02
2.8801595E-03,4.684E-02
2.8801600E-03,4.684E-02
2.8801605E-03,4.684E-02
2.8801610E-03,4.684E-02
2.8801615E-03,4.684E-02
2.8801620E-03,4.604E-02
2.8801625E-03,4.604E-02
2.8801630E-03,4.604E-02
2.8801635E-03,4.604E-02
2.8801640E-03,4.684E-02
2.8801645E-03,4.684E-02
2.8801650E-03,4.684E-02
2.8801655E-03,4.684E-02
2.8801660E-03,4.684E-02
2.8801665E-03,4.604E-02
2.8801670E-03,4.604E-02
2.8801675E-03,4.604E-02
2.8801680E-03,4.604E-02
2.8801685E-03,4.684E-02
2.8801690E-03,4.604E-02
2.8801695E-03,4.604E-02
2.8801700E-03,4.604E-02
2.8801705E-03,4.604E-02
2.8801710E-03,4.604E-02
2.8801715E-03,4.604E-02
2.8801720E-03,4.604E-02
2.8801725E-03,4.604E-02
2.8801730E-03,4.604E-02
2.8801735E-03,4.604E-02
2.8801740E-03,4.524E-02
2.8801745E-03,4.604E-02
2.8801750E-03,4.604E-02
2.8801755E-03,4.524E-02
2.8801760E-03,4.524E-02
2.8801765E-03,4.604E-02
2.8801770E-03,4.524E-02
2.8801775E-03,4.524E-02
2.8801780E-03,4.444E-02
2.8801785E-03,4.524E-02
2.8801790E-03,4.524E-02
2.8801795E-03,4.524E-02
2.8801800E-03,4.524E-02
2.8801805E-03,4.524E-02
2.8801810E-03,4.524E-02
2.8801815E-03,4.524E-02
2.8801820E-03,4.524E-02
2.8801825E-03,4.604E-02
2.8801830E-03,4.524E-02
2.8801835E-03,4.604E-02
2.8801840E-03,4.604E-02
2.8801845E-03,4.524E-02
2.8801850E-03,4.604E-02
2.8801855E-03,4.524E-02
2.8801860E-03,4.524E-02
2.8801865E-03,4.604E-02
2.8801870E-03,4.524E-02
2.8801875E-03,4.604E-02
2.8801880E-03,4.604E-02
2.8801885E-03,4.524E-02
2.8801890E-03,4.524E-02
2.8801895E-03,4.604E-02
2.8801900E-03,4.524E-02
2.8801905E-03,4.524E-02
2.8801910E-03,4.524E-02
2.8801915E-03,4.524E-02
2.8801920E-03,4.444E-02
2.8801925E-03,4.444E-02
2.8801930E-03,4.364E-02
2.8801935E-03,4.444E-02
2.8801940E-03,4.444E-02
2.8801945E-03,4.444E-02
2.8801950E-03,4.444E-02
2.8801955E-03,4.524E-02
2.8801960E-03,4.444E-02
2.8801965E-03,4.444E-02
2.8801970E-03,4.524E-02
2.8801975E-03,4.444E-02
2.8801980E-03,4.444E-02
2.8801985E-03,4.444E-02
2.8801990E-03,4.444E-02
2.8801995E-03,4.444E-02
2.8802000E-03,4.524E-02
2.8802005E-03,4.444E-02
2.8802010E-03,4.444E-02
2.8802015E-03,4.444E-02
2.8802020E-03,4.444E-02
2.8802025E-03,4.444E-02
2.8802030E-03,4.444E-02
2.8802035E-03,4.444E-02
2.8802040E-03,4.444E-02
2.8802045E-03,4.444E-02
2.8802050E-03,4.444E-02
2.8802055E-03,4.444E-02
2.8802060E-03,4.364E-02
2.8802065E-03,4.364E-02
2.8802070E-03,4.364E-02
2.8802075E-03,4.364E-02
2.8802080E-03,4.284E-02
2.8802085E-03,4.364E-02
2.8802090E-03,4.284E-02
2.8802095E-03,4.284E-02
2.8802100E-03,4.364E-02
2.8802105E-03,4.364E-02
2.8802110E-03,4.364E-02
2.8802115E-03,4.364E-02
2.8802120E-03,4.364E-02
2.8802125E-03,4.364E-02
2.8802130E-03,4.284E-02
2.8802135E-03,4.364E-02
2.8802140E-03,4.284E-02
2.8802145E-03,4.284E-02
2.8802150E-03,4.364E-02
2.8802155E-03,4.284E-02
2.8802160E-03,4.364E-02
2.8802165E-03,4.284E-02
2.8802170E-03,4.364E-02
2.8802175E-03,4.364E-02
2.8802180E-03,4.364E-02
2.8802185E-03,4.284E-02
2.8802190E-03,4.284E-02
2.8802195E-03,4.284E-02
2.8802200E-03,4.284E-02
2.8802205E-03,4.284E-02
2.8802210E-03,4.364E-02
2.8802215E-03,4.364E-02
2.8802220E-03,4.364E-02
2.8802225E-03,4.204E-02
2.8802230E-03,4.204E-02
2.8802235E-03,4.204E-02
2.8802240E-03,4.204E-02
2.8802245E-03,4.124E-02
2.8802250E-03,4.204E-02
2.8802255E-03,4.124E-02
2.8802260E-03,4.204E-02
2.8802265E-03,4.124E-02
2.8802270E-03,4.204E-02
2.8802275E-03,4.124E-02
2.8802280E-03,4.204E-02
2.8802285E-03,4.204E-02
2.8802290E-03,4.204E-02
2.8802295E-03,4.124E-02
2.8802300E-03,4.204E-02
2.8802305E-03,4.204E-02
2.8802310E-03,4.204E-02
2.8802315E-03,4.204E-02
2.8802320E-03,4.204E-02
2.8802325E-03,4.204E-02
2.8802330E-03,4.204E-02
2.8802335E-03,4.204E-02
2.8802340E-03,4.204E-02
2.8802345E-03,4.204E-02
2.8802350E-03,4.124E-02
2.8802355E-03,4.124E-02
2.8802360E-03,4.204E-02
2.8802365E-03,4.124E-02
2.8802370E-03,4.124E-02
2.8802375E-03,4.124E-02
2.8802380E-03,4.044E-02
2.8802385E-03,4.044E-02
2.8802390E-03,4.044E-02
2.8802395E-03,4.124E-02
2.8802400E-03,4.124E-02
2.8802405E-03,4.044E-02
2.8802410E-03,4.044E-02
2.8802415E-03,4.044E-02
2.8802420E-03,4.044E-02
2.8802425E-03,3.964E-02
2.8802430E-03,3.964E-02
2.8802435E-03,3.964E-02
2.8802440E-03,3.964E-02
2.8802445E-03,3.964E-02
2.8802450E-03,3.964E-02
2.8802455E-03,4.044E-02
2.8802460E-03,3.964E-02
2.8802465E-03,4.044E-02
2.8802470E-03,4.124E-02
2.8802475E-03,4.044E-02
2.8802480E-03,4.044E-02
2.8802485E-03,4.044E-02
2.8802490E-03,4.044E-02
2.8802495E-03,3.964E-02
2.8802500E-03,4.044E-02
2.8802505E-03,4.044E-02
2.8802510E-03,4.044E-02
2.8802515E-03,4.044E-02
2.8802520E-03,4.044E-02
2.8802525E-03,4.044E-02
2.8802530E-03,4.044E-02
2.8802535E-03,3.964E-02
2.8802540E-03,3.964E-02
2.8802545E-03,3.964E-02
2.8802550E-03,3.964E-02
2.8802555E-03,3.884E-02
2.8802560E-03,3.964E-02
2.8802565E-03,3.884E-02
2.8802570E-03,3.884E-02
2.8802575E-03,3.884E-02
2.8802580E-03,3.884E-02
2.8802585E-03,3.884E-02
2.8802590E-03,3.804E-02
2.8802595E-03,3.804E-02
2.8802600E-03,3.804E-02
2.8802605E-03,3.804E-02
2.8802610E-03,3.884E-02
2.8802615E-03,3.804E-02
2.8802620E-03,3.804E-02
2.8802625E-03,3.884E-02
2.8802630E-03,3.884E-02
2.8802635E-03,3.884E-02
2.8802640E-03,3.884E-02
2.8802645E-03,3.884E-02
2.8802650E-03,3.884E-02
2.8802655E-03,3.884E-02
2.8802660E-03,3.804E-02
2.8802665E-03,3.804E-02
2.8802670E-03,3.884E-02
2.8802675E-03,3.804E-02
2.8802680E-03,3.804E-02
2.8802685E-03,3.804E-02
2.8802690E-03,3.804E-02
2.8802695E-03,3.724E-02
2.8802700E-03,3.724E-02
2.8802705E-03,3.724E-02
2.8802710E-03,3.724E-02
2.8802715E-03,3.644E-02
2.8802720E-03,3.644E-02
2.8802725E-03,3.724E-02
2.8802730E-03,3.644E-02
2.8802735E-03,3.724E-02
2.8802740E-03,3.724E-02
2.8802745E-03,3.644E-02
2.8802750E-03,3.644E-02
2.8802755E-03,3.724E-02
2.8802760E-03,3.724E-02
2.8802765E-03,3.644E-02
2.8802770E-03,3.644E-02
2.8802775E-03,3.724E-02
2.8802780E-03,3.724E-02
2.8802785E-03,3.724E-02
2.8802790E-03,3.644E-02
2.8802795E-03,3.644E-02
2.8802800E-03,3.724E-02
2.8802805E-03,3.724E-02
2.8802810E-03,3.724E-02
2.8802815E-03,3.644E-02
2.8802820E-03,3.644E-02
2.8802825E-03,3.724E-02
2.8802830E-03,3.644E-02
2.8802835E-03,3.644E-02
2.8802840E-03,3.644E-02
2.8802845E-03,3.644E-02
2.8802850E-03,3.644E-02
2.8802855E-03,3.564E-02
2.8802860E-03,3.644E-02
2.8802865E-03,3.564E-02
2.8802870E-03,3.564E-02
2.8802875E-03,3.484E-02
2.8802880E-03,3.484E-02
2.8802885E-03,3.484E-02
2.8802890E-03,3.404E-02
2.8802895E-03,3.404E-02
2.8802900E-03,3.404E-02
2.8802905E-03,3.484E-02
2.8802910E-03,3.404E-02
2.8802915E-03,3.484E-02
2.8802920E-03,3.484E-02
2.8802925E-03,3.484E-02
2.8802930E-03,3.484E-02
2.8802935E-03,3.484E-02
2.8802940E-03,3.484E-02
2.8802945E-03,3.484E-02
2.8802950E-03,3.484E-02
2.8802955E-03,3.484E-02
2.8802960E-03,3.484E-02
2.8802965E-03,3.564E-02
2.8802970E-03,3.564E-02
2.8802975E-03,3.484E-02
2.8802980E-03,3.564E-02
2.8802985E-03,3.404E-02
2.8802990E-03,3.404E-02
2.8802995E-03,3.404E-02
2.8803000E-03,3.404E-02
2.8803005E-03,3.404E-02
2.8803010E-03,3.404E-02
2.8803015E-03,3.324E-02
2.8803020E-03,3.324E-02
2.8803025E-03,3.324E-02
2.8803030E-03,3.324E-02
2.8803035E-03,3.244E-02
2.8803040E-03,3.324E-02
2.8803045E-03,3.324E-02
2.8803050E-03,3.324E-02
2.8803055E-03,3.244E-02
2.8803060E-03,3.244E-02
2.8803065E-03,3.324E-02
2.8803070E-03,3.244E-02
2.8803075E-03,3.244E-02
2.8803080E-03,3.244E-02
2.8803085E-03,3.244E-02
2.8803090E-03,3.244E-02
2.8803095E-03,3.244E-02
2.8803100E-03,3.244E-02
2.8803105E-03,3.164E-02
2.8803110E-03,3.164E-02
2.8803115E-03,3.244E-02
2.8803120E-03,3.244E-02
2.8803125E-03,3.324E-02
2.8803130E-03,3.244E-02
2.8803135E-03,3.244E-02
2.8803140E-03,3.244E-02
2.8803145E-03,3.244E-02
2.8803150E-03,3.164E-02
2.8803155E-03,3.164E-02
2.8803160E-03,3.164E-02
2.8803165E-03,3.164E-02
2.8803170E-03,3.244E-02
2.8803175E-03,3.244E-02
2.8803180E-03,3.164E-02
2.8803185E-03,3.164E-02
2.8803190E-03,3.084E-02
2.8803195E-03,3.004E-02
2.8803200E-03,3.004E-02
2.8803205E-03,3.004E-02
2.8803210E-03,3.004E-02
2.8803215E-03,3.004E-02
2.8803220E-03,2.924E-02
2.8803225E-03,2.924E-02
2.8803230E-03,2.924E-02
2.8803235E-03,2.924E-02
2.8803240E-03,2.924E-02
2.8803245E-03,2.924E-02
2.8803250E-03,3.004E-02
2.8803255E-03,3.004E-02
2.8803260E-03,3.004E-02
2.8803265E-03,3.004E-02
2.8803270E-03,3.084E-02
2.8803275E-03,3.084E-02
2.8803280E-03,3.084E-02
2.8803285E-03,3.004E-02
2.8803290E-03,3.084E-02
2.8803295E-03,3.004E-02
2.8803300E-03,3.004E-02
2.8803305E-03,3.004E-02
2.8803310E-03,2.924E-02
2.8803315E-03,3.004E-02
2.8803320E-03,3.004E-02
2.8803325E-03,2.924E-02
2.8803330E-03,2.924E-02
2.8803335E-03,2.844E-02
2.8803340E-03,2.844E-02
2.8803345E-03,2.844E-02
2.8803350E-03,2.844E-02
2.8803355E-03,2.844E-02
2.8803360E-03,2.764E-02
2.8803365E-03,2.844E-02
2.8803370E-03,2.764E-02
2.8803375E-03,2.764E-02
2.8803380E-03,2.764E-02
2.8803385E-03,2.764E-02
2.8803390E-03,2.764E-02
2.8803395E-03,2.764E-02
2.8803400E-03,2.764E-02
2.8803405E-03,2.764E-02
2.8803410E-03,2.684E-02
2.8803415E-03,2.684E-02
2.8803420E-03,2.764E-02
2.8803425E-03,2.684E-02
2.8803430E-03,2.684E-02
2.8803435E-03,2.764E-02
2.8803440E-03,2.764E-02
2.8803445E-03,2.764E-02
2.8803450E-03,2.764E-02
2.8803455E-03,2.764E-02
2.8803460E-03,2.844E-02
2.8803465E-03,2.764E-02
2.8803470E-03,2.684E-02
2.8803475E-03,2.764E-02
2.8803480E-03,2.764E-02
2.8803485E-03,2.684E-02
2.8803490E-03,2.684E-02
2.8803495E-03,2.684E-02
2.8803500E-03,2.684E-02
2.8803505E-03,2.684E-02
2.8803510E-03,2.684E-02
2.8803515E-03,2.604E-02
2.8803520E-03,2.604E-02
2.8803525E-03,2.444E-02
2.8803530E-03,2.524E-02
2.8803535E-03,2.444E-02
2.8803540E-03,2.444E-02
2.8803545E-03,2.364E-02
2.8803550E-03,2.444E-02
2.8803555E-03,2.444E-02
2.8803560E-03,2.524E-02
2.8803565E-03,2.444E-02
2.8803570E-03,2.524E-02
2.8803575E-03,2.524E-02
2.8803580E-03,2.524E-02
2.8803585E-03,2.524E-02
2.8803590E-03,2.524E-02
2.8803595E-03,2.524E-02
2.8803600E-03,2.524E-02
2.8803605E-03,2.524E-02
2.8803610E-03,2.524E-02
2.8803615E-03,2.444E-02
2.8803620E-03,2.444E-02
2.8803625E-03,2.444E-02
2.8803630E-03,2.444E-02
2.8803635E-03,2.444E-02
2.8803640E-03,2.444E-02
2.8803645E-03,2.444E-02
2.8803650E-03,2.444E-02
2.8803655E-03,2.364E-02
2.8803660E-03,2.444E-02
2.8803665E-03,2.364E-02
2.8803670E-03,2.284E-02
2.8803675E-03,2.284E-02
2.8803680E-03,2.284E-02
2.8803685E-03,2.284E-02
2.8803690E-03,2.284E-02
2.8803695E-03,2.284E-02
2.8803700E-03,2.284E-02
2.8803705E-03,2.284E-02
2.8803710E-03,2.284E-02
2.8803715E-03,2.284E-02
2.8803720E-03,2.204E-02
2.8803725E-03,2.204E-02
2.8803730E-03,2.124E-02
2.8803735E-03,2.204E-02
2.8803740E-03,2.204E-02
2.8803745E-03,2.204E-02
2.8803750E-03,2.204E-02
2.8803755E-03,2.204E-02
2.8803760E-03,2.284E-02
2.8803765E-03,2.204E-02
2.8803770E-03,2.284E-02
2.8803775E-03,2.204E-02
2.8803780E-03,2.204E-02
2.8803785E-03,2.204E-02
2.8803790E-03,2.204E-02
2.8803795E-03,2.204E-02
2.8803800E-03,2.204E-02
2.8803805E-03,2.204E-02
2.8803810E-03,2.124E-02
2.8803815E-03,2.204E-02
2.8803820E-03,2.124E-02
2.8803825E-03,2.124E-02
2.8803830E-03,2.044E-02
2.8803835E-03,2.044E-02
2.8803840E-03,1.964E-02
2.8803845E-03,1.964E-02
2.8803850E-03,1.964E-02
2.8803855E-03,1.964E-02
2.8803860E-03,1.964E-02
2.8803865E-03,1.964E-02
2.8803870E-03,1.964E-02
2.8803875E-03,1.964E-02
2.8803880E-03,1.964E-02
2.8803885E-03,2.044E-02
2.8803890E-03,1.964E-02
2.8803895E-03,2.044E-02
2.8803900E-03,2.044E-02
2.8803905E-03,1.964E-02
2.8803910E-03,2.044E-02
2.8803915E-03,2.044E-02
2.8803920E-03,2.044E-02
2.8803925E-03,2.044E-02
2.8803930E-03,1.964E-02
2.8803935E-03,2.044E-02
2.8803940E-03,1.964E-02
2.8803945E-03,1.964E-02
2.8803950E-03,1.884E-02
2.8803955E-03,1.964E-02
2.8803960E-03,1.884E-02
2.8803965E-03,1.884E-02
2.8803970E-03,1.804E-02
2.8803975E-03,1.804E-02
2.8803980E-03,1.804E-02
2.8803985E-03,1.804E-02
2.8803990E-03,1.724E-02
2.8803995E-03,1.804E-02
2.8804000E-03,1.724E-02
2.8804005E-03,1.724E-02
2.8804010E-03,1.724E-02
2.8804015E-03,1.724E-02
2.8804020E-03,1.644E-02
2.8804025E-03,1.724E-02
2.8804030E-03,1.644E-02
2.8804035E-03,1.724E-02
2.8804040E-03,1.724E-02
2.8804045E-03,1.724E-02
2.8804050E-03,1.644E-02
2.8804055E-03,1.724E-02
2.8804060E-03,1.644E-02
2.8804065E-03,1.724E-02
2.8804070E-03,1.644E-02
2.8804075E-03,1.724E-02
2.8804080E-03,1.724E-02
2.8804085E-03,1.724E-02
2.8804090E-03,1.724E-02
2.8804095E-03,1.724E-02
2.8804100E-03,1.644E-02
2.8804105E-03,1.724E-02
2.8804110E-03,1.724E-02
2.8804115E-03,1.724E-02
2.8804120E-03,1.644E-02
2.8804125E-03,1.644E-02
2.8804130E-03,1.644E-02
2.8804135E-03,1.644E-02
2.8804140E-03,1.644E-02
2.8804145E-03,1.644E-02
2.8804150E-03,1.564E-02
2.8804155E-03,1.484E-02
2.8804160E-03,1.404E-02
2.8804165E-03,1.404E-02
2.8804170E-03,1.404E-02
2.8804175E-03,1.324E-02
2.8804180E-03,1.324E-02
2.8804185E-03,1.324E-02
2.8804190E-03,1.404E-02
2.8804195E-03,1.404E-02
2.8804200E-03,1.324E-02
2.8804205E-03,1.404E-02
2.8804210E-03,1.324E-02
2.8804215E-03,1.404E-02
2.8804220E-03,1.404E-02
2.8804225E-03,1.404E-02
2.8804230E-03,1.404E-02
2.8804235E-03,1.404E-02
2.8804240E-03,1.484E-02
2.8804245E-03,1.404E-02
2.8804250E-03,1.404E-02
2.8804255E-03,1.484E-02
2.8804260E-03,1.404E-02
2.8804265E-03,1.404E-02
2.8804270E-03,1.404E-02
2.8804275E-03,1.404E-02
2.8804280E-03,1.324E-02
2.8804285E-03,1.324E-02
2.8804290E-03,1.324E-02
2.8804295E-03,1.244E-02
2.8804300E-03,1.244E-02
2.8804305E-03,1.244E-02
2.8804310E-03,1.164E-02
2.8804315E-03,1.244E-02
2.8804320E-03,1.164E-02
2.8804325E-03,1.164E-02
2.8804330E-03,1.164E-02
2.8804335E-03,1.164E-02
2.8804340E-03,1.164E-02
2.8804345E-03,1.164E-02
2.8804350E-03,1.084E-02
2.8804355E-03,1.084E-02
2.8804360E-03,1.084E-02
2.8804365E-03,1.084E-02
2.8804370E-03,1.004E-02
2.8804375E-03,1.084E-02
2.8804380E-03,1.084E-02
2.8804385E-03,1.084E-02
2.8804390E-03,1.084E-02
2.8804395E-03,1.084E-02
2.8804400E-03,1.084E-02
2.8804405E-03,1.084E-02
2.8804410E-03,1.084E-02
2.8804415E-03,1.084E-02
2.8804420E-03,1.084E-02
2.8804425E-03,1.084E-02
2.8804430E-03,1.084E-02
2.8804435E-03,1.164E-02
2.8804440E-03,1.004E-02
2.8804445E-03,1.084E-02
2.8804450E-03,1.084E-02
2.8804455E-03,1.084E-02
2.8804460E-03,1.004E-02
2.8804465E-03,1.004E-02
2.8804470E-03,9.236E-03
2.8804475E-03,9.236E-03
2.8804480E-03,8.436E-03
2.8804485E-03,8.436E-03
2.8804490E-03,7.636E-03
2.8804495E-03,7.636E-03
2.8804500E-03,8.436E-03
2.8804505E-03,7.636E-03
2.8804510E-03,7.636E-03
2.8804515E-03,7.636E-03
2.8804520E-03,8.436E-03
2.8804525E-03,8.436E-03
2.8804530E-03,8.436E-03
2.8804535E-03,8.436E-03
2.8804540E-03,8.436E-03
2.8804545E-03,8.436E-03
2.8804550E-03,8.436E-03
2.8804555E-03,8.436E-03
2.8804560E-03,8.436E-03
2.8804565E-03,9.236E-03
2.8804570E-03,8.436E-03
2.8804575E-03,8.436E-03
2.8804580E-03,8.436E-03
2.8804585E-03,7.636E-03
2.8804590E-03,6.836E-03
2.8804595E-03,6.836E-03
2.8804600E-03,6.836E-03
2.8804605E-03,6.036E-03
2.8804610E-03,6.036E-03
2.8804615E-03,5.236E-03
2.8804620E-03,6.036E-03
2.8804625E-03,6.036E-03
2.8804630E-03,6.036E-03
2.8804635E-03,5.236E-03
2.8804640E-03,5.236E-03
2.8804645E-03,4.436E-03
2.8804650E-03,4.436E-03
2.8804655E-03,4.436E-03
2.8804660E-03,5.236E-03
2.8804665E-03,4.436E-03
2.8804670E-03,5.236E-03
2.8804675E-03,5.236E-03
2.8804680E-03,4.436E-03
2.8804685E-03,4.436E-03
2.8804690E-03,4.436E-03
2.8804695E-03,4.436E-03
2.8804700E-03,5.236E-03
2.8804705E-03,4.436E-03
2.8804710E-03,5.236E-03
2.8804715E-03,5.236E-03
2.8804720E-03,6.036E-03
2.8804725E-03,5.236E-03
2.8804730E-03,5.236E-03
2.8804735E-03,5.236E-03
2.8804740E-03,6.036E-03
2.8804745E-03,5.236E-03
2.8804750E-03,4.436E-03
2.8804755E-03,4.436E-03
2.8804760E-03,5.236E-03
2.8804765E-03,4.436E-03
2.8804770E-03,4.436E-03
2.8804775E-03,4.436E-03
2.8804780E-03,3.636E-03
2.8804785E-03,3.636E-03
2.8804790E-03,3.636E-03
2.8804795E-03,2.836E-03
2.8804800E-03,2.036E-03
2.8804805E-03,2.036E-03
2.8804810E-03,1.236E-03
2.8804815E-03,1.236E-03
2.8804820E-03,1.236E-03
2.8804825E-03,1.236E-03
2.8804830E-03,1.236E-03
2.8804835E-03,1.236E-03
2.8804840E-03,1.236E-03
2.8804845E-03,1.236E-03
2.8804850E-03,2.036E-03
2.8804855E-03,1.236E-03
2.8804860E-03,1.236E-03
2.8804865E-03,2.036E-03
2.8804870E-03,2.036E-03
2.8804875E-03,2.036E-03
2.8804880E-03,2.836E-03
2.8804885E-03,1.236E-03
2.8804890E-03,2.836E-03
2.8804895E-03,2.036E-03
2.8804900E-03,2.836E-03
2.8804905E-03,2.036E-03
2.8804910E-03,1.236E-03
2.8804915E-03,1.236E-03
2.8804920E-03,1.236E-03
2.8804925E-03,4.357E-04
2.8804930E-03,4.357E-04
2.8804935E-03,4.357E-04
2.8804940E-03,-3.643E-04
2.8804945E-03,-3.643E-04
2.8804950E-03,-3.643E-04
2.8804955E-03,-3.643E-04
2.8804960E-03,-3.643E-04
2.8804965E-03,-3.643E-04
2.8804970E-03,-3.643E-04
2.8804975E-03,-1.164E-03
2.8804980E-03,-3.643E-04
2.8804985E-03,-1.164E-03
2.8804990E-03,-1.164E-03
2.8804995E-03,-1.164E-03
2.8805000E-03,-1.164E-03
2.8805005E-03,-1.964E-03
2.8805010E-03,-1.164E-03
2.8805015E-03,-1.964E-03
2.8805020E-03,-1.164E-03
2.8805025E-03,-1.164E-03
2.8805030E-03,-1.164E-03
2.8805035E-03,-3.643E-04
2.8805040E-03,-3.643E-04
2.8805045E-03,-1.164E-03
2.8805050E-03,-3.643E-04
2.8805055E-03,-1.164E-03
2.8805060E-03,-1.164E-03
2.8805065E-03,-1.964E-03
2.8805070E-03,-1.164E-03
2.8805075E-03,-1.964E-03
2.8805080E-03,-1.964E-03
2.8805085E-03,-1.964E-03
2.8805090E-03,-1.164E-03
2.8805095E-03,-2.764E-03
2.8805100E-03,-2.764E-03
2.8805105E-03,-2.764E-03
2.8805110E-03,-2.764E-03
2.8805115E-03,-4.364E-03
2.8805120E-03,-4.364E-03
2.8805125E-03,-4.364E-03
2.8805130E-03,-5.164E-03
2.8805135E-03,-5.164E-03
2.8805140E-03,-5.164E-03
2.8805145E-03,-5.164E-03
2.8805150E-03,-4.364E-03
2.8805155E-03,-5.164E-03
2.8805160E-03,-5.164E-03
2.8805165E-03,-4.364E-03
2.8805170E-03,-4.364E-03
2.8805175E-03,-4.364E-03
2.8805180E-03,-4.364E-03
2.8805185E-03,-4.364E-03
2.8805190E-03,-4.364E-03
2.8805195E-03,-3.564E-03
2.8805200E-03,-3.564E-03
2.8805205E-03,-3.564E-03
2.8805210E-03,-3.564E-03
2.8805215E-03,-3.564E-03
2.8805220E-03,-4.364E-03
2.8805225E-03,-4.364E-03
2.8805230E-03,-4.364E-03
2.8805235E-03,-5.164E-03
2.8805240E-03,-5.164E-03
2.8805245E-03,-5.164E-03
2.8805250E-03,-5.164E-03
2.8805255E-03,-5.964E-03
2.8805260E-03,-6.764E-03
2.8805265E-03,-6.764E-03
2.8805270E-03,-6.764E-03
2.8805275E-03,-7.564E-03
2.8805280E-03,-6.764E-03
2.8805285E-03,-7.564E-03
2.8805290E-03,-7.564E-03
2.8805295E-03,-7.564E-03
2.8805300E-03,-7.564E-03
2.8805305E-03,-8.364E-03
2.8805310E-03,-7.564E-03
2.8805315E-03,-8.364E-03
2.8805320E-03,-8.364E-03
2.8805325E-03,-8.364E-03
2.8805330E-03,-7.564E-03
2.8805335E-03,-8.364E-03
2.8805340E-03,-7.564E-03
2.8805345E-03,-7.564E-03
2.8805350E-03,-7.564E-03
2.8805355E-03,-7.564E-03
2.8805360E-03,-7.564E-03
2.8805365E-03,-7.564E-03
2.8805370E-03,-7.564E-03
2.8805375E-03,-6.764E-03
2.8805380E-03,-7.564E-03
2.8805385E-03,-7.564E-03
2.8805390E-03,-6.764E-03
2.8805395E-03,-7.564E-03
2.8805400E-03,-7.564E-03
2.8805405E-03,-7.564E-03
2.8805410E-03,-8.364E-03
2.8805415E-03,-7.564E-03
2.8805420E-03,-8.364E-03
2.8805425E-03,-9.164E-03
2.8805430E-03,-9.164E-03
2.8805435E-03,-9.164E-03
2.8805440E-03,-9.964E-03
2.8805445E-03,-1.076E-02
2.8805450E-03,-1.076E-02
2.8805455E-03,-1.076E-02
2.8805460E-03,-1.076E-02
2.8805465E-03,-1.076E-02
2.8805470E-03,-1.076E-02
2.8805475E-03,-1.076E-02
2.8805480E-03,-1.076E-02
2.8805485E-03,-1.076E-02
2.8805490E-03,-1.076E-02
2.8805495E-03,-1.076E-02
2.8805500E-03,-9.964E-03
2.8805505E-03,-9.964E-03
2.8805510E-03,-9.964E-03
2.8805515E-03,-9.164E-03
2.8805520E-03,-9.964E-03
2.8805525E-03,-9.964E-03
2.8805530E-03,-9.964E-03
2.8805535E-03,-9.964E-03
2.8805540E-03,-1.076E-02
2.8805545E-03,-1.076E-02
2.8805550E-03,-1.156E-02
2.8805555E-03,-1.076E-02
2.8805560E-03,-1.156E-02
2.8805565E-03,-1.156E-02
2.8805570E-03,-1.236E-02
2.8805575E-03,-1.236E-02
2.8805580E-03,-1.236E-02
2.8805585E-03,-1.236E-02
2.8805590E-03,-1.316E-02
2.8805595E-03,-1.316E-02
2.8805600E-03,-1.396E-02
2.8805605E-03,-1.316E-02
2.8805610E-03,-1.396E-02
2.8805615E-03,-1.396E-02
2.8805620E-03,-1.316E-02
2.8805625E-03,-1.396E-02
2.8805630E-03,-1.396E-02
2.8805635E-03,-1.396E-02
2.8805640E-03,-1.396E-02
2.8805645E-03,-1.396E-02
2.8805650E-03,-1.396E-02
2.8805655E-03,-1.316E-02
2.8805660E-03,-1.476E-02
2.8805665E-03,-1.396E-02
2.8805670E-03,-1.396E-02
2.8805675E-03,-1.396E-02
2.8805680E-03,-1.316E-02
2.8805685E-03,-1.316E-02
2.8805690E-03,-1.396E-02
2.8805695E-03,-1.316E-02
2.8805700E-03,-1.316E-02
2.8805705E-03,-1.396E-02
2.8805710E-03,-1.396E-02
2.8805715E-03,-1.396E-02
2.8805720E-03,-1.396E-02
2.8805725E-03,-1.396E-02
2.8805730E-03,-1.476E-02
2.8805735E-03,-1.396E-02
2.8805740E-03,-1.476E-02
2.8805745E-03,-1.476E-02
2.8805750E-03,-1.556E-02
2.8805755E-03,-1.476E-02
2.8805760E-03,-1.636E-02
2.8805765E-03,-1.636E-02
2.8805770E-03,-1.636E-02
2.8805775E-03,-1.716E-02
2.8805780E-03,-1.716E-02
2.8805785E-03,-1.716E-02
2.8805790E-03,-1.716E-02
2.8805795E-03,-1.716E-02
2.8805800E-03,-1.716E-02
2.8805805E-03,-1.636E-02
2.8805810E-03,-1.716E-02
2.8805815E-03,-1.636E-02
2.8805820E-03,-1.636E-02
2.8805825E-03,-1.636E-02
2.8805830E-03,-1.636E-02
2.8805835E-03,-1.556E-02
2.8805840E-03,-1.556E-02
2.8805845E-03,-1.636E-02
2.8805850E-03,-1.636E-02
2.8805855E-03,-1.556E-02
2.8805860E-03,-1.636E-02
2.8805865E-03,-1.556E-02
2.8805870E-03,-1.636E-02
2.8805875E-03,-1.636E-02
2.8805880E-03,-1.636E-02
2.8805885E-03,-1.716E-02
2.8805890E-03,-1.716E-02
2.8805895E-03,-1.796E-02
2.8805900E-03,-1.796E-02
2.8805905E-03,-1.876E-02
2.8805910E-03,-1.876E-02
2.8805915E-03,-1.876E-02
2.8805920E-03,-1.876E-02
2.8805925E-03,-1.876E-02
2.8805930E-03,-1.956E-02
2.8805935E-03,-1.956E-02
2.8805940E-03,-1.956E-02
2.8805945E-03,-1.956E-02
2.8805950E-03,-1.956E-02
2.8805955E-03,-2.036E-02
2.8805960E-03,-1.956E-02
2.8805965E-03,-1.956E-02
2.8805970E-03,-1.956E-02
2.8805975E-03,-1.956E-02
2.8805980E-03,-1.956E-02
2.8805985E-03,-1.956E-02
2.8805990E-03,-1.956E-02
2.8805995E-03,-1.956E-02
2.8806000E-03,-1.956E-02
2.8806005E-03,-1.956E-02
2.8806010E-03,-1.956E-02
2.8806015E-03,-1.956E-02
2.8806020E-03,-1.956E-02
2.8806025E-03,-1.956E-02
2.8806030E-03,-1.956E-02
2.8806035E-03,-2.036E-02
2.8806040E-03,-1.956E-02
2.8806045E-03,-1.956E-02
2.8806050E-03,-2.036E-02
2.8806055E-03,-2.036E-02
2.8806060E-03,-1.956E-02
2.8806065E-03,-2.116E-02
2.8806070E-03,-2.116E-02
2.8806075E-03,-2.196E-02
2.8806080E-03,-2.196E-02
2.8806085E-03,-2.276E-02
2.8806090E-03,-2.276E-02
2.8806095E-03,-2.276E-02
2.8806100E-03,-2.276E-02
2.8806105E-03,-2.276E-02
2.8806110E-03,-2.196E-02
2.8806115E-03,-2.276E-02
2.8806120E-03,-2.196E-02
2.8806125E-03,-2.196E-02
2.8806130E-03,-2.196E-02
2.8806135E-03,-2.196E-02
2.8806140E-03,-2.196E-02
2.8806145E-03,-2.196E-02
2.8806150E-03,-2.196E-02
2.8806155E-03,-2.196E-02
2.8806160E-03,-2.196E-02
2.8806165E-03,-2.196E-02
2.8806170E-03,-2.196E-02
2.8806175E-03,-2.116E-02
2.8806180E-03,-2.276E-02
2.8806185E-03,-2.196E-02
2.8806190E-03,-2.276E-02
2.8806195E-03,-2.276E-02
2.8806200E-03,-2.356E-02
2.8806205E-03,-2.356E-02
2.8806210E-03,-2.356E-02
2.8806215E-03,-2.356E-02
2.8806220E-03,-2.436E-02
2.8806225E-03,-2.436E-02
2.8806230E-03,-2.436E-02
2.8806235E-03,-2.516E-02
2.8806240E-03,-2.436E-02
2.8806245E-03,-2.436E-02
2.8806250E-03,-2.436E-02
2.8806255E-03,-2.436E-02
2.8806260E-03,-2.516E-02
2.8806265E-03,-2.436E-02
2.8806270E-03,-2.436E-02
2.8806275E-03,-2.516E-02
2.8806280E-03,-2.516E-02
2.8806285E-03,-2.596E-02
2.8806290E-03,-2.516E-02
2.8806295E-03,-2.596E-02
2.8806300E-03,-2.596E-02
2.8806305E-03,-2.596E-02
2.8806310E-03,-2.516E-02
2.8806315E-03,-2.516E-02
2.8806320E-03,-2.516E-02
2.8806325E-03,-2.436E-02
2.8806330E-03,-2.436E-02
2.8806335E-03,-2.516E-02
2.8806340E-03,-2.516E-02
2.8806345E-03,-2.516E-02
2.8806350E-03,-2.516E-02
2.8806355E-03,-2.596E-02
2.8806360E-03,-2.596E-02
2.8806365E-03,-2.516E-02
2.8806370E-03,-2.516E-02
2.8806375E-03,-2.596E-02
2.8806380E-03,-2.596E-02
2.8806385E-03,-2.676E-02
2.8806390E-03,-2.676E-02
2.8806395E-03,-2.676E-02
2.8806400E-03,-2.836E-02
2.8806405E-03,-2.756E-02
2.8806410E-03,-2.836E-02
2.8806415E-03,-2.836E-02
2.8806420E-03,-2.836E-02
2.8806425E-03,-2.836E-02
2.8806430E-03,-2.836E-02
2.8806435E-03,-2.836E-02
2.8806440E-03,-2.756E-02
2.8806445E-03,-2.836E-02
2.8806450E-03,-2.836E-02
2.8806455E-03,-2.836E-02
2.8806460E-03,-2.756E-02
2.8806465E-03,-2.756E-02
2.8806470E-03,-2.756E-02
2.8806475E-03,-2.756E-02
2.8806480E-03,-2.676E-02
2.8806485E-03,-2.756E-02
2.8806490E-03,-2.676E-02
2.8806495E-03,-2.756E-02
2.8806500E-03,-2.676E-02
2.8806505E-03,-2.756E-02
2.8806510E-03,-2.756E-02
2.8806515E-03,-2.836E-02
2.8806520E-03,-2.836E-02
2.8806525E-03,-2.916E-02
2.8806530E-03,-2.836E-02
2.8806535E-03,-2.836E-02
2.8806540E-03,-2.916E-02
2.8806545E-03,-2.996E-02
2.8806550E-03,-2.996E-02
2.8806555E-03,-2.996E-02
2.8806560E-03,-2.996E-02
2.8806565E-03,-2.996E-02
2.8806570E-03,-2.996E-02
2.8806575E-03,-2.996E-02
2.8806580E-03,-3.076E-02
2.8806585E-03,-2.996E-02
2.8806590E-03,-2.996E-02
2.8806595E-03,-3.076E-02
2.8806600E-03,-3.076E-02
2.8806605E-03,-3.076E-02
2.8806610E-03,-2.996E-02
2.8806615E-03,-3.076E-02
2.8806620E-03,-3.076E-02
2.8806625E-03,-3.076E-02
2.8806630E-03,-2.996E-02
2.8806635E-03,-2.996E-02
2.8806640E-03,-2.996E-02
2.8806645E-03,-3.076E-02
2.8806650E-03,-2.996E-02
2.8806655E-03,-2.996E-02
2.8806660E-03,-2.996E-02
2.8806665E-03,-3.076E-02
2.8806670E-03,-2.996E-02
2.8806675E-03,-3.076E-02
2.8806680E-03,-3.076E-02
2.8806685E-03,-3.076E-02
2.8806690E-03,-3.076E-02
2.8806695E-03,-3.076E-02
2.8806700E-03,-3.076E-02
2.8806705E-03,-3.156E-02
2.8806710E-03,-3.156E-02
2.8806715E-03,-3.236E-02
2.8806720E-03,-3.236E-02
2.8806725E-03,-3.316E-02
2.8806730E-03,-3.236E-02
2.8806735E-03,-3.316E-02
2.8806740E-03,-3.396E-02
2.8806745E-03,-3.396E-02
2.8806750E-03,-3.396E-02
2.8806755E-03,-3.316E-02
2.8806760E-03,-3.316E-02
2.8806765E-03,-3.316E-02
2.8806770E-03,-3.236E-02
2.8806775E-03,-3.316E-02
2.8806780E-03,-3.236E-02
2.8806785E-03,-3.236E-02
2.8806790E-03,-3.236E-02
2.8806795E-03,-3.236E-02
2.8806800E-03,-3.156E-02
2.8806805E-03,-3.236E-02
2.8806810E-03,-3.156E-02
2.8806815E-03,-3.236E-02
2.8806820E-03,-3.236E-02
2.8806825E-03,-3.316E-02
2.8806830E-03,-3.316E-02
2.8806835E-03,-3.316E-02
2.8806840E-03,-3.316E-02
2.8806845E-03,-3.396E-02
2.8806850E-03,-3.396E-02
2.8806855E-03,-3.396E-02
2.8806860E-03,-3.396E-02
2.8806865E-03,-3.476E-02
2.8806870E-03,-3.476E-02
2.8806875E-03,-3.476E-02
2.8806880E-03,-3.476E-02
2.8806885E-03,-3.556E-02
2.8806890E-03,-3.556E-02
2.8806895E-03,-3.476E-02
2.8806900E-03,-3.476E-02
2.8806905E-03,-3.476E-02
2.8806910E-03,-3.476E-02
2.8806915E-03,-3.476E-02
2.8806920E-03,-3.476E-02
2.8806925E-03,-3.556E-02
2.8806930E-03,-3.556E-02
2.8806935E-03,-3.556E-02
2.8806940E-03,-3.556E-02
2.8806945E-03,-3.556E-02
2.8806950E-03,-3.556E-02
2.8806955E-03,-3.476E-02
2.8806960E-03,-3.556E-02
2.8806965E-03,-3.476E-02
2.8806970E-03,-3.476E-02
2.8806975E-03,-3.556E-02
2.8806980E-03,-3.556E-02
2.8806985E-03,-3.556E-02
2.8806990E-03,-3.476E-02
2.8806995E-03,-3.556E-02
2.8807000E-03,-3.556E-02
2.8807005E-03,-3.556E-02
2.8807010E-03,-3.556E-02
2.8807015E-03,-3.556E-02
2.8807020E-03,-3.556E-02
2.8807025E-03,-3.636E-02
2.8807030E-03,-3.636E-02
2.8807035E-03,-3.636E-02
2.8807040E-03,-3.636E-02
2.8807045E-03,-3.716E-02
2.8807050E-03,-3.716E-02
2.8807055E-03,-3.716E-02
2.8807060E-03,-3.716E-02
2.8807065E-03,-3.796E-02
2.8807070E-03,-3.796E-02
2.8807075E-03,-3.796E-02
2.8807080E-03,-3.796E-02
2.8807085E-03,-3.716E-02
2.8807090E-03,-3.716E-02
2.8807095E-03,-3.716E-02
2.8807100E-03,-3.716E-02
2.8807105E-03,-3.796E-02
2.8807110E-03,-3.716E-02
2.8807115E-03,-3.716E-02
2.8807120E-03,-3.636E-02
2.8807125E-03,-3.636E-02
2.8807130E-03,-3.716E-02
2.8807135E-03,-3.716E-02
2.8807140E-03,-3.636E-02
2.8807145E-03,-3.716E-02
2.8807150E-03,-3.716E-02
2.8807155E-03,-3.796E-02
2.8807160E-03,-3.796E-02
2.8807165E-03,-3.796E-02
2.8807170E-03,-3.796E-02
2.8807175E-03,-3.876E-02
2.8807180E-03,-3.796E-02
2.8807185E-03,-3.876E-02
2.8807190E-03,-3.876E-02
2.8807195E-03,-3.956E-02
2.8807200E-03,-3.876E-02
2.8807205E-03,-3.956E-02
2.8807210E-03,-3.876E-02
2.8807215E-03,-3.956E-02
2.8807220E-03,-3.876E-02
2.8807225E-03,-3.876E-02
2.8807230E-03,-3.956E-02
2.8807235E-03,-3.956E-02
2.8807240E-03,-3.956E-02
2.8807245E-03,-3.956E-02
2.8807250E-03,-3.876E-02
2.8807255E-03,-3.956E-02
2.8807260E-03,-3.876E-02
2.8807265E-03,-3.876E-02
2.8807270E-03,-3.876E-02
2.8807275E-03,-3.876E-02
2.8807280E-03,-3.876E-02
2.8807285E-03,-3.876E-02
2.8807290E-03,-3.956E-02
2.8807295E-03,-3.956E-02
2.8807300E-03,-3.876E-02
2.8807305E-03,-3.956E-02
2.8807310E-03,-3.956E-02
2.8807315E-03,-3.956E-02
2.8807320E-03,-3.956E-02
2.8807325E-03,-3.956E-02
2.8807330E-03,-3.956E-02
2.8807335E-03,-3.956E-02
2.8807340E-03,-4.036E-02
2.8807345E-03,-4.036E-02
2.8807350E-03,-3.956E-02
2.8807355E-03,-4.036E-02
2.8807360E-03,-4.036E-02
2.8807365E-03,-4.116E-02
2.8807370E-03,-4.116E-02
2.8807375E-03,-4.196E-02
2.8807380E-03,-4.116E-02
2.8807385E-03,-4.116E-02
2.8807390E-03,-4.116E-02
2.8807395E-03,-4.196E-02
2.8807400E-03,-4.116E-02
2.8807405E-03,-4.116E-02
2.8807410E-03,-4.116E-02
2.8807415E-03,-4.116E-02
2.8807420E-03,-4.036E-02
2.8807425E-03,-4.116E-02
2.8807430E-03,-4.116E-02
2.8807435E-03,-4.116E-02
2.8807440E-03,-4.116E-02
2.8807445E-03,-4.116E-02
2.8807450E-03,-4.036E-02
2.8807455E-03,-4.116E-02
2.8807460E-03,-4.116E-02
2.8807465E-03,-4.116E-02
2.8807470E-03,-4.116E-02
2.8807475E-03,-4.116E-02
2.8807480E-03,-4.116E-02
2.8807485E-03,-4.196E-02
2.8807490E-03,-4.196E-02
2.8807495E-03,-4.276E-02
2.8807500E-03,-4.196E-02
2.8807505E-03,-4.276E-02
2.8807510E-03,-4.276E-02
2.8807515E-03,-4.276E-02
2.8807520E-03,-4.276E-02
2.8807525E-03,-4.276E-02
2.8807530E-03,-4.276E-02
2.8807535E-03,-4.276E-02
2.8807540E-03,-4.276E-02
2.8807545E-03,-4.276E-02
2.8807550E-03,-4.276E-02
2.8807555E-03,-4.276E-02
2.8807560E-03,-4.276E-02
2.8807565E-03,-4.356E-02
2.8807570E-03,-4.276E-02
2.8807575E-03,-4.356E-02
2.8807580E-03,-4.276E-02
2.8807585E-03,-4.356E-02
2.8807590E-03,-4.196E-02
2.8807595E-03,-4.276E-02
2.8807600E-03,-4.196E-02
2.8807605E-03,-4.356E-02
2.8807610E-03,-4.356E-02
2.8807615E-03,-4.276E-02
2.8807620E-03,-4.356E-02
2.8807625E-03,-4.356E-02
2.8807630E-03,-4.276E-02
2.8807635E-03,-4.356E-02
2.8807640E-03,-4.276E-02
2.8807645E-03,-4.356E-02
2.8807650E-03,-4.276E-02
2.8807655E-03,-4.276E-02
2.8807660E-03,-4.356E-02
2.8807665E-03,-4.356E-02
2.8807670E-03,-4.356E-02
2.8807675E-03,-4.436E-02
2.8807680E-03,-4.436E-02
2.8807685E-03,-4.516E-02
2.8807690E-03,-4.436E-02
2.8807695E-03,-4.516E-02
2.8807700E-03,-4.516E-02
2.8807705E-03,-4.436E-02
2.8807710E-03,-4.516E-02
2.8807715E-03,-4.516E-02
2.8807720E-03,-4.436E-02
2.8807725E-03,-4.516E-02
2.8807730E-03,-4.436E-02
2.8807735E-03,-4.436E-02
2.8807740E-03,-4.436E-02
2.8807745E-03,-4.436E-02
2.8807750E-03,-4.436E-02
2.8807755E-03,-4.436E-02
2.8807760E-03,-4.356E-02
2.8807765E-03,-4.436E-02
2.8807770E-03,-4.356E-02
2.8807775E-03,-4.436E-02
2.8807780E-03,-4.356E-02
2.8807785E-03,-4.436E-02
2.8807790E-03,-4.436E-02
2.8807795E-03,-4.436E-02
2.8807800E-03,-4.436E-02
2.8807805E-03,-4.516E-02
2.8807810E-03,-4.436E-02
2.8807815E-03,-4.516E-02
2.8807820E-03,-4.516E-02
2.8807825E-03,-4.516E-02
2.8807830E-03,-4.516E-02
2.8807835E-03,-4.516E-02
2.8807840E-03,-4.596E-02
2.8807845E-03,-4.596E-02
2.8807850E-03,-4.516E-02
2.8807855E-03,-4.516E-02
2.8807860E-03,-4.516E-02
2.8807865E-03,-4.516E-02
2.8807870E-03,-4.596E-02
2.8807875E-03,-4.596E-02
2.8807880E-03,-4.516E-02
2.8807885E-03,-4.676E-02
2.8807890E-03,-4.516E-02
2.8807895E-03,-4.596E-02
2.8807900E-03,-4.516E-02
2.8807905E-03,-4.596E-02
2.8807910E-03,-4.596E-02
2.8807915E-03,-4.596E-02
2.8807920E-03,-4.596E-02
2.8807925E-03,-4.676E-02
2.8807930E-03,-4.596E-02
2.8807935E-03,-4.596E-02
2.8807940E-03,-4.596E-02
2.8807945E-03,-4.676E-02
2.8807950E-03,-4.596E-02
2.8807955E-03,-4.596E-02
2.8807960E-03,-4.516E-02
2.8807965E-03,-4.596E-02
2.8807970E-03,-4.596E-02
2.8807975E-03,-4.596E-02
2.8807980E-03,-4.596E-02
2.8807985E-03,-4.676E-02
2.8807990E-03,-4.676E-02
2.8807995E-03,-4.676E-02
2.8808000E-03,-4.596E-02
2.8808005E-03,-4.676E-02
2.8808010E-03,-4.676E-02
2.8808015E-03,-4.676E-02
2.8808020E-03,-4.676E-02
2.8808025E-03,-4.756E-02
2.8808030E-03,-4.676E-02
2.8808035E-03,-4.756E-02
2.8808040E-03,-4.676E-02
2.8808045E-03,-4.756E-02
2.8808050E-03,-4.676E-02
2.8808055E-03,-4.676E-02
2.8808060E-03,-4.676E-02
2.8808065E-03,-4.676E-02
2.8808070E-03,-4.676E-02
2.8808075E-03,-4.756E-02
2.8808080E-03,-4.676E-02
2.8808085E-03,-4.756E-02
2.8808090E-03,-4.676E-02
2.8808095E-03,-4.756E-02
2.8808100E-03,-4.676E-02
2.8808105E-03,-4.756E-02
2.8808110E-03,-4.676E-02
2.8808115E-03,-4.756E-02
2.8808120E-03,-4.676E-02
2.8808125E-03,-4.756E-02
2.8808130E-03,-4.756E-02
2.8808135E-03,-4.756E-02
2.8808140E-03,-4.676E-02
2.8808145E-03,-4.836E-02
2.8808150E-03,-4.756E-02
2.8808155E-03,-4.836E-02
2.8808160E-03,-4.756E-02
2.8808165E-03,-4.836E-02
2.8808170E-03,-4.756E-02
2.8808175E-03,-4.836E-02
2.8808180E-03,-4.836E-02
2.8808185E-03,-4.836E-02
2.8808190E-03,-4.836E-02
2.8808195E-03,-4.836E-02
2.8808200E-03,-4.756E-02
2.8808205E-03,-4.836E-02
2.8808210E-03,-4.756E-02
2.8808215E-03,-4.836E-02
2.8808220E-03,-4.676E-02
2.8808225E-03,-4.836E-02
2.8808230E-03,-4.756E-02
2.8808235E-03,-4.836E-02
2.8808240E-03,-4.756E-02
2.8808245E-03,-4.836E-02
2.8808250E-03,-4.836E-02
2.8808255E-03,-4.836E-02
2.8808260E-03,-4.756E-02
2.8808265E-03,-4.836E-02
2.8808270E-03,-4.756E-02
2.8808275E-03,-4.836E-02
2.8808280E-03,-4.756E-02
2.8808285E-03,-4.836E-02
2.8808290E-03,-4.756E-02
2.8808295E-03,-4.836E-02
2.8808300E-03,-4.756E-02
2.8808305E-03,-4.836E-02
2.8808310E-03,-4.756E-02
2.8808315E-03,-4.836E-02
2.8808320E-03,-4.836E-02
2.8808325E-03,-4.916E-02
2.8808330E-03,-4.836E-02
2.8808335E-03,-4.916E-02
2.8808340E-03,-4.836E-02
2.8808345E-03,-4.916E-02
2.8808350E-03,-4.836E-02
2.8808355E-03,-4.916E-02
2.8808360E-03,-4.836E-02
2.8808365E-03,-4.916E-02
2.8808370E-03,-4.836E-02
2.8808375E-03,-4.916E-02
2.8808380E-03,-4.836E-02
2.8808385E-03,-4.916E-02
2.8808390E-03,-4.836E-02
2.8808395E-03,-4.916E-02
2.8808400E-03,-4.916E-02
2.8808405E-03,-4.836E-02
2.8808410E-03,-4.836E-02
2.8808415E-03,-4.916E-02
2.8808420E-03,-4.836E-02
2.8808425E-03,-4.916E-02
2.8808430E-03,-4.836E-02
2.8808435E-03,-4.916E-02
2.8808440E-03,-4.836E-02
2.8808445E-03,-4.996E-02
2.8808450E-03,-4.916E-02
2.8808455E-03,-4.996E-02
2.8808460E-03,-4.916E-02
2.8808465E-03,-4.916E-02
2.8808470E-03,-4.836E-02
2.8808475E-03,-4.996E-02
2.8808480E-03,-4.916E-02
2.8808485E-03,-4.996E-02
2.8808490E-03,-4.996E-02
2.8808495E-03,-4.996E-02
2.8808500E-03,-4.916E-02
2.8808505E-03,-4.996E-02
2.8808510E-03,-4.916E-02
2.8808515E-03,-4.916E-02
2.8808520E-03,-4.836E-02
2.8808525E-03,-4.916E-02
2.8808530E-03,-4.916E-02
2.8808535E-03,-4.996E-02
2.8808540E-03,-4.916E-02
2.8808545E-03,-4.996E-02
2.8808550E-03,-4.916E-02
2.8808555E-03,-4.916E-02
2.8808560E-03,-4.916E-02
2.8808565E-03,-4.996E-02
2.8808570E-03,-4.916E-02
2.8808575E-03,-4.916E-02
2.8808580E-03,-4.916E-02
2.8808585E-03,-4.996E-02
2.8808590E-03,-4.916E-02
2.8808595E-03,-4.996E-02
2.8808600E-03,-4.916E-02
2.8808605E-03,-5.076E-02
2.8808610E-03,-4.996E-02
2.8808615E-03,-4.996E-02
2.8808620E-03,-4.996E-02
2.8808625E-03,-5.076E-02
2.8808630E-03,-4.996E-02
2.8808635E-03,-5.076E-02
2.8808640E-03,-4.996E-02
2.8808645E-03,-4.996E-02
2.8808650E-03,-4.996E-02
2.8808655E-03,-5.076E-02
2.8808660E-03,-4.996E-02
2.8808665E-03,-4.996E-02
2.8808670E-03,-4.996E-02
2.8808675E-03,-5.076E-02
2.8808680E-03,-4.996E-02
2.8808685E-03,-4.996E-02
2.8808690E-03,-4.996E-02
2.8808695E-03,-4.996E-02
2.8808700E-03,-4.996E-02
2.8808705E-03,-5.076E-02
2.8808710E-03,-4.916E-02
2.8808715E-03,-4.996E-02
2.8808720E-03,-4.916E-02
2.8808725E-03,-4.996E-02
2.8808730E-03,-4.916E-02
2.8808735E-03,-4.996E-02
2.8808740E-03,-4.916E-02
2.8808745E-03,-4.996E-02
2.8808750E-03,-4.916E-02
2.8808755E-03,-4.996E-02
2.8808760E-03,-4.916E-02
2.8808765E-03,-5.076E-02
2.8808770E-03,-4.996E-02
2.8808775E-03,-5.076E-02
2.8808780E-03,-4.996E-02
2.8808785E-03,-5.076E-02
2.8808790E-03,-4.996E-02
2.8808795E-03,-5.076E-02
2.8808800E-03,-4.996E-02
2.8808805E-03,-5.076E-02
2.8808810E-03,-4.996E-02
2.8808815E-03,-5.076E-02
2.8808820E-03,-4.996E-02
2.8808825E-03,-5.076E-02
2.8808830E-03,-4.996E-02
2.8808835E-03,-4.996E-02
2.8808840E-03,-4.996E-02
2.8808845E-03,-4.996E-02
2.8808850E-03,-4.996E-02
2.8808855E-03,-4.996E-02
2.8808860E-03,-5.076E-02
2.8808865E-03,-5.076E-02
2.8808870E-03,-4.996E-02
2.8808875E-03,-5.076E-02
2.8808880E-03,-4.996E-02
2.8808885E-03,-5.076E-02
2.8808890E-03,-4.996E-02
2.8808895E-03,-5.076E-02
2.8808900E-03,-4.996E-02
2.8808905E-03,-5.076E-02
2.8808910E-03,-4.996E-02
2.8808915E-03,-5.076E-02
2.8808920E-03,-5.076E-02
2.8808925E-03,-5.076E-02
2.8808930E-03,-5.076E-02
2.8808935E-03,-5.076E-02
2.8808940E-03,-4.996E-02
2.8808945E-03,-5.076E-02
2.8808950E-03,-4.916E-02
2.8808955E-03,-4.996E-02
2.8808960E-03,-4.996E-02
2.8808965E-03,-4.996E-02
2.8808970E-03,-4.996E-02
2.8808975E-03,-4.996E-02
2.8808980E-03,-4.996E-02
2.8808985E-03,-5.156E-02
2.8808990E-03,-4.996E-02
2.8808995E-03,-5.076E-02
2.8809000E-03,-4.996E-02
2.8809005E-03,-5.076E-02
2.8809010E-03,-4.916E-02
2.8809015E-03,-4.996E-02
2.8809020E-03,-4.996E-02
2.8809025E-03,-5.076E-02
2.8809030E-03,-4.996E-02
2.8809035E-03,-5.076E-02
2.8809040E-03,-4.996E-02
2.8809045E-03,-5.076E-02
2.8809050E-03,-4.996E-02
2.8809055E-03,-5.076E-02
2.8809060E-03,-4.996E-02
2.8809065E-03,-5.076E-02
2.8809070E-03,-5.076E-02
2.8809075E-03,-5.076E-02
2.8809080E-03,-5.076E-02
2.8809085E-03,-5.076E-02
2.8809090E-03,-4.996E-02
2.8809095E-03,-5.156E-02
2.8809100E-03,-4.996E-02
2.8809105E-03,-5.076E-02
2.8809110E-03,-4.996E-02
2.8809115E-03,-5.076E-02
2.8809120E-03,-4.996E-02
2.8809125E-03,-5.076E-02
2.8809130E-03,-4.996E-02
2.8809135E-03,-4.996E-02
2.8809140E-03,-4.996E-02
2.8809145E-03,-5.076E-02
2.8809150E-03,-4.996E-02
2.8809155E-03,-5.076E-02
2.8809160E-03,-4.996E-02
2.8809165E-03,-4.996E-02
2.8809170E-03,-4.996E-02
2.8809175E-03,-4.996E-02
2.8809180E-03,-4.996E-02
2.8809185E-03,-5.076E-02
2.8809190E-03,-4.996E-02
2.8809195E-03,-4.996E-02
2.8809200E-03,-4.996E-02
2.8809205E-03,-5.076E-02
2.8809210E-03,-4.996E-02
2.8809215E-03,-5.076E-02
2.8809220E-03,-4.996E-02
2.8809225E-03,-5.076E-02
2.8809230E-03,-4.996E-02
2.8809235E-03,-5.076E-02
2.8809240E-03,-4.916E-02
2.8809245E-03,-4.996E-02
2.8809250E-03,-4.996E-02
2.8809255E-03,-4.996E-02
2.8809260E-03,-4.996E-02
2.8809265E-03,-4.996E-02
2.8809270E-03,-4.996E-02
2.8809275E-03,-5.076E-02
2.8809280E-03,-4.996E-02
2.8809285E-03,-5.076E-02
2.8809290E-03,-4.996E-02
2.8809295E-03,-5.076E-02
2.8809300E-03,-4.916E-02
2.8809305E-03,-5.076E-02
2.8809310E-03,-4.996E-02
2.8809315E-03,-5.076E-02
2.8809320E-03,-4.916E-02
2.8809325E-03,-5.076E-02
2.8809330E-03,-4.996E-02
2.8809335E-03,-5.076E-02
2.8809340E-03,-4.996E-02
2.8809345E-03,-5.076E-02
2.8809350E-03,-4.996E-02
2.8809355E-03,-5.076E-02
2.8809360E-03,-4.916E-02
2.8809365E-03,-4.996E-02
2.8809370E-03,-4.996E-02
2.8809375E-03,-5.076E-02
2.8809380E-03,-4.916E-02
2.8809385E-03,-4.996E-02
2.8809390E-03,-4.916E-02
2.8809395E-03,-4.996E-02
2.8809400E-03,-4.916E-02
2.8809405E-03,-4.916E-02
2.8809410E-03,-4.916E-02
2.8809415E-03,-4.916E-02
2.8809420E-03,-4.836E-02
2.8809425E-03,-4.996E-02
2.8809430E-03,-4.836E-02
2.8809435E-03,-4.916E-02
2.8809440E-03,-4.996E-02
2.8809445E-03,-4.916E-02
2.8809450E-03,-4.916E-02
2.8809455E-03,-4.996E-02
2.8809460E-03,-4.916E-02
2.8809465E-03,-4.916E-02
2.8809470E-03,-4.916E-02
2.8809475E-03,-4.916E-02
2.8809480E-03,-4.916E-02
2.8809485E-03,-4.996E-02
2.8809490E-03,-4.836E-02
2.8809495E-03,-4.916E-02
2.8809500E-03,-4.916E-02
2.8809505E-03,-4.996E-02
2.8809510E-03,-4.916E-02
2.8809515E-03,-4.996E-02
2.8809520E-03,-4.916E-02
2.8809525E-03,-4.996E-02
2.8809530E-03,-4.996E-02
2.8809535E-03,-4.996E-02
2.8809540E-03,-4.916E-02
2.8809545E-03,-4.996E-02
2.8809550E-03,-4.916E-02
2.8809555E-03,-4.996E-02
2.8809560E-03,-4.916E-02
2.8809565E-03,-4.996E-02
2.8809570E-03,-4.916E-02
2.8809575E-03,-4.996E-02
2.8809580E-03,-4.836E-02
2.8809585E-03,-4.916E-02
2.8809590E-03,-4.836E-02
2.8809595E-03,-4.916E-02
2.8809600E-03,-4.916E-02
2.8809605E-03,-4.916E-02
2.8809610E-03,-4.836E-02
2.8809615E-03,-4.916E-02
2.8809620E-03,-4.836E-02
2.8809625E-03,-4.916E-02
2.8809630E-03,-4.836E-02
2.8809635E-03,-4.836E-02
2.8809640E-03,-4.836E-02
2.8809645E-03,-4.836E-02
2.8809650E-03,-4.836E-02
2.8809655E-03,-4.916E-02
2.8809660E-03,-4.836E-02
2.8809665E-03,-4.916E-02
2.8809670E-03,-4.836E-02
2.8809675E-03,-4.916E-02
2.8809680E-03,-4.836E-02
2.8809685E-03,-4.916E-02
2.8809690E-03,-4.836E-02
2.8809695E-03,-4.916E-02
2.8809700E-03,-4.836E-02
2.8809705E-03,-4.916E-02
2.8809710E-03,-4.836E-02
2.8809715E-03,-4.916E-02
2.8809720E-03,-4.836E-02
2.8809725E-03,-4.916E-02
2.8809730E-03,-4.836E-02
2.8809735E-03,-4.916E-02
2.8809740E-03,-4.836E-02
2.8809745E-03,-4.836E-02
2.8809750E-03,-4.756E-02
2.8809755E-03,-4.836E-02
2.8809760E-03,-4.836E-02
2.8809765E-03,-4.836E-02
2.8809770E-03,-4.756E-02
2.8809775E-03,-4.836E-02
2.8809780E-03,-4.756E-02
2.8809785E-03,-4.756E-02
2.8809790E-03,-4.756E-02
2.8809795E-03,-4.756E-02
2.8809800E-03,-4.756E-02
2.8809805E-03,-4.756E-02
2.8809810E-03,-4.756E-02
2.8809815E-03,-4.836E-02
2.8809820E-03,-4.756E-02
2.8809825E-03,-4.756E-02
2.8809830E-03,-4.756E-02
2.8809835E-03,-4.836E-02
2.8809840E-03,-4.756E-02
2.8809845E-03,-4.836E-02
2.8809850E-03,-4.756E-02
2.8809855E-03,-4.836E-02
2.8809860E-03,-4.756E-02
2.8809865E-03,-4.836E-02
2.8809870E-03,-4.756E-02
2.8809875E-03,-4.836E-02
2.8809880E-03,-4.836E-02
2.8809885E-03,-4.836E-02
2.8809890E-03,-4.756E-02
2.8809895E-03,-4.756E-02
2.8809900E-03,-4.756E-02
2.8809905E-03,-4.756E-02
2.8809910E-03,-4.676E-02
2.8809915E-03,-4.756E-02
2.8809920E-03,-4.676E-02
2.8809925E-03,-4.756E-02
2.8809930E-03,-4.676E-02
2.8809935E-03,-4.756E-02
2.8809940E-03,-4.676E-02
2.8809945E-03,-4.676E-02
2.8809950E-03,-4.676E-02
2.8809955E-03,-4.756E-02
2.8809960E-03,-4.676E-02
2.8809965E-03,-4.756E-02
2.8809970E-03,-4.676E-02
2.8809975E-03,-4.756E-02
2.8809980E-03,-4.676E-02
2.8809985E-03,-4.756E-02
2.8809990E-03,-4.676E-02
2.8809995E-03,-4.756E-02
2.8810000E-03,-4.676E-02
2.8810005E-03,-4.756E-02
2.8810010E-03,-4.676E-02
2.8810015E-03,-4.756E-02
2.8810020E-03,-4.756E-02
2.8810025E-03,-4.756E-02
2.8810030E-03,-4.676E-02
2.8810035E-03,-4.676E-02
2.8810040E-03,-4.596E-02
2.8810045E-03,-4.676E-02
2.8810050E-03,-4.676E-02
2.8810055E-03,-4.676E-02
2.8810060E-03,-4.676E-02
2.8810065E-03,-4.676E-02
2.8810070E-03,-4.596E-02
2.8810075E-03,-4.676E-02
2.8810080E-03,-4.596E-02
2.8810085E-03,-4.596E-02
2.8810090E-03,-4.596E-02
2.8810095E-03,-4.596E-02
2.8810100E-03,-4.516E-02
2.8810105E-03,-4.596E-02
2.8810110E-03,-4.516E-02
2.8810115E-03,-4.596E-02
2.8810120E-03,-4.596E-02
2.8810125E-03,-4.596E-02
2.8810130E-03,-4.516E-02
2.8810135E-03,-4.516E-02
2.8810140E-03,-4.516E-02
2.8810145E-03,-4.596E-02
2.8810150E-03,-4.516E-02
2.8810155E-03,-4.596E-02
2.8810160E-03,-4.596E-02
2.8810165E-03,-4.676E-02
2.8810170E-03,-4.516E-02
2.8810175E-03,-4.596E-02
2.8810180E-03,-4.596E-02
2.8810185E-03,-4.596E-02
2.8810190E-03,-4.596E-02
2.8810195E-03,-4.596E-02
2.8810200E-03,-4.596E-02
2.8810205E-03,-4.676E-02
2.8810210E-03,-4.516E-02
2.8810215E-03,-4.516E-02
2.8810220E-03,-4.516E-02
2.8810225E-03,-4.516E-02
2.8810230E-03,-4.436E-02
2.8810235E-03,-4.436E-02
2.8810240E-03,-4.436E-02
2.8810245E-03,-4.436E-02
2.8810250E-03,-4.436E-02
2.8810255E-03,-4.436E-02
2.8810260E-03,-4.436E-02
2.8810265E-03,-4.516E-02
2.8810270E-03,-4.436E-02
2.8810275E-03,-4.516E-02
2.8810280E-03,-4.436E-02
2.8810285E-03,-4.436E-02
2.8810290E-03,-4.436E-02
2.8810295E-03,-4.516E-02
2.8810300E-03,-4.436E-02
2.8810305E-03,-4.516E-02
2.8810310E-03,-4.516E-02
2.8810315E-03,-4.516E-02
2.8810320E-03,-4.516E-02
2.8810325E-03,-4.516E-02
2.8810330E-03,-4.436E-02
2.8810335E-03,-4.516E-02
2.8810340E-03,-4.436E-02
2.8810345E-03,-4.516E-02
2.8810350E-03,-4.436E-02
2.8810355E-03,-4.436E-02
2.8810360E-03,-4.436E-02
2.8810365E-03,-4.436E-02
2.8810370E-03,-4.356E-02
2.8810375E-03,-4.436E-02
2.8810380E-03,-4.356E-02
2.8810385E-03,-4.356E-02
2.8810390E-03,-4.276E-02
2.8810395E-03,-4.276E-02
2.8810400E-03,-4.276E-02
2.8810405E-03,-4.356E-02
2.8810410E-03,-4.356E-02
2.8810415E-03,-4.276E-02
2.8810420E-03,-4.276E-02
2.8810425E-03,-4.276E-02
2.8810430E-03,-4.276E-02
2.8810435E-03,-4.276E-02
2.8810440E-03,-4.276E-02
2.8810445E-03,-4.356E-02
2.8810450E-03,-4.196E-02
2.8810455E-03,-4.276E-02
2.8810460E-03,-4.276E-02
2.8810465E-03,-4.356E-02
2.8810470E-03,-4.276E-02
2.8810475E-03,-4.276E-02
2.8810480E-03,-4.276E-02
2.8810485E-03,-4.356E-02
2.8810490E-03,-4.276E-02
2.8810495E-03,-4.356E-02
2.8810500E-03,-4.276E-02
2.8810505E-03,-4.276E-02
2.8810510E-03,-4.276E-02
2.8810515E-03,-4.276E-02
2.8810520E-03,-4.276E-02
2.8810525E-03,-4.276E-02
2.8810530E-03,-4.276E-02
2.8810535E-03,-4.276E-02
2.8810540E-03,-4.276E-02
2.8810545E-03,-4.276E-02
2.8810550E-03,-4.196E-02
2.8810555E-03,-4.116E-02
2.8810560E-03,-4.196E-02
2.8810565E-03,-4.196E-02
2.8810570E-03,-4.036E-02
2.8810575E-03,-4.116E-02
2.8810580E-03,-4.036E-02
2.8810585E-03,-4.116E-02
2.8810590E-03,-4.116E-02
2.8810595E-03,-4.116E-02
2.8810600E-03,-4.116E-02
2.8810605E-03,-4.196E-02
2.8810610E-03,-4.116E-02
2.8810615E-03,-4.116E-02
2.8810620E-03,-4.116E-02
2.8810625E-03,-4.116E-02
2.8810630E-03,-4.116E-02
2.8810635E-03,-4.116E-02
2.8810640E-03,-4.116E-02
2.8810645E-03,-4.116E-02
2.8810650E-03,-4.116E-02
2.8810655E-03,-4.116E-02
2.8810660E-03,-4.116E-02
2.8810665E-03,-4.116E-02
2.8810670E-03,-4.116E-02
2.8810675E-03,-4.116E-02
2.8810680E-03,-4.036E-02
2.8810685E-03,-4.036E-02
2.8810690E-03,-4.036E-02
2.8810695E-03,-4.036E-02
2.8810700E-03,-3.956E-02
2.8810705E-03,-4.036E-02
2.8810710E-03,-3.956E-02
2.8810715E-03,-4.036E-02
2.8810720E-03,-3.956E-02
2.8810725E-03,-4.036E-02
2.8810730E-03,-3.956E-02
2.8810735E-03,-3.956E-02
2.8810740E-03,-3.876E-02
2.8810745E-03,-3.876E-02
2.8810750E-03,-3.876E-02
2.8810755E-03,-3.956E-02
2.8810760E-03,-3.876E-02
2.8810765E-03,-3.956E-02
2.8810770E-03,-3.876E-02
2.8810775E-03,-3.956E-02
2.8810780E-03,-3.876E-02
2.8810785E-03,-3.956E-02
2.8810790E-03,-3.956E-02
2.8810795E-03,-3.956E-02
2.8810800E-03,-3.876E-02
2.8810805E-03,-3.956E-02
2.8810810E-03,-3.956E-02
2.8810815E-03,-3.956E-02
2.8810820E-03,-3.956E-02
2.8810825E-03,-3.956E-02
2.8810830E-03,-3.956E-02
2.8810835E-03,-3.876E-02
2.8810840E-03,-3.956E-02
2.8810845E-03,-3.956E-02
2.8810850E-03,-3.956E-02
2.8810855E-03,-3.956E-02
2.8810860E-03,-3.876E-02
2.8810865E-03,-3.876E-02
2.8810870E-03,-3.876E-02
2.8810875E-03,-3.876E-02
2.8810880E-03,-3.796E-02
2.8810885E-03,-3.796E-02
2.8810890E-03,-3.716E-02
2.8810895E-03,-3.716E-02
2.8810900E-03,-3.716E-02
2.8810905E-03,-3.716E-02
2.8810910E-03,-3.716E-02
2.8810915E-03,-3.716E-02
2.8810920E-03,-3.716E-02
2.8810925E-03,-3.716E-02
2.8810930E-03,-3.716E-02
2.8810935E-03,-3.716E-02
2.8810940E-03,-3.716E-02
2.8810945E-03,-3.716E-02
2.8810950E-03,-3.796E-02
2.8810955E-03,-3.796E-02
2.8810960E-03,-3.796E-02
2.8810965E-03,-3.796E-02
2.8810970E-03,-3.716E-02
2.8810975E-03,-3.796E-02
2.8810980E-03,-3.796E-02
2.8810985E-03,-3.716E-02
2.8810990E-03,-3.636E-02
2.8810995E-03,-3.716E-02
2.8811000E-03,-3.636E-02
2.8811005E-03,-3.716E-02
2.8811010E-03,-3.556E-02
2.8811015E-03,-3.636E-02
2.8811020E-03,-3.636E-02
2.8811025E-03,-3.636E-02
2.8811030E-03,-3.636E-02
2.8811035E-03,-3.556E-02
2.8811040E-03,-3.556E-02
2.8811045E-03,-3.556E-02
2.8811050E-03,-3.556E-02
2.8811055E-03,-3.556E-02
2.8811060E-03,-3.556E-02
2.8811065E-03,-3.556E-02
2.8811070E-03,-3.556E-02
2.8811075E-03,-3.556E-02
2.8811080E-03,-3.556E-02
2.8811085E-03,-3.556E-02
2.8811090E-03,-3.476E-02
2.8811095E-03,-3.476E-02
2.8811100E-03,-3.476E-02
2.8811105E-03,-3.556E-02
2.8811110E-03,-3.556E-02
2.8811115E-03,-3.556E-02
2.8811120E-03,-3.556E-02
2.8811125E-03,-3.636E-02
2.8811130E-03,-3.556E-02
2.8811135E-03,-3.556E-02
2.8811140E-03,-3.556E-02
2.8811145E-03,-3.556E-02
2.8811150E-03,-3.556E-02
2.8811155E-03,-3.476E-02
2.8811160E-03,-3.556E-02
2.8811165E-03,-3.556E-02
2.8811170E-03,-3.556E-02
2.8811175E-03,-3.476E-02
2.8811180E-03,-3.476E-02
2.8811185E-03,-3.476E-02
2.8811190E-03,-3.396E-02
2.8811195E-03,-3.316E-02
2.8811200E-03,-3.316E-02
2.8811205E-03,-3.316E-02
2.8811210E-03,-3.316E-02
2.8811215E-03,-3.316E-02
2.8811220E-03,-3.316E-02
2.8811225E-03,-3.316E-02
2.8811230E-03,-3.316E-02
2.8811235E-03,-3.316E-02
2.8811240E-03,-3.316E-02
2.8811245E-03,-3.316E-02
2.8811250E-03,-3.316E-02
2.8811255E-03,-3.236E-02
2.8811260E-03,-3.316E-02
2.8811265E-03,-3.316E-02
2.8811270E-03,-3.236E-02
2.8811275E-03,-3.316E-02
2.8811280E-03,-3.316E-02
2.8811285E-03,-3.316E-02
2.8811290E-03,-3.316E-02
2.8811295E-03,-3.316E-02
2.8811300E-03,-3.316E-02
2.8811305E-03,-3.316E-02
2.8811310E-03,-3.236E-02
2.8811315E-03,-3.236E-02
2.8811320E-03,-3.236E-02
2.8811325E-03,-3.236E-02
2.8811330E-03,-3.156E-02
2.8811335E-03,-3.236E-02
2.8811340E-03,-3.156E-02
2.8811345E-03,-3.236E-02
2.8811350E-03,-3.156E-02
2.8811355E-03,-3.156E-02
2.8811360E-03,-3.156E-02
2.8811365E-03,-3.156E-02
2.8811370E-03,-3.076E-02
2.8811375E-03,-2.996E-02
2.8811380E-03,-3.076E-02
2.8811385E-03,-3.076E-02
2.8811390E-03,-3.076E-02
2.8811395E-03,-3.076E-02
2.8811400E-03,-3.076E-02
2.8811405E-03,-3.076E-02
2.8811410E-03,-3.076E-02
2.8811415E-03,-2.996E-02
2.8811420E-03,-2.996E-02
2.8811425E-03,-2.996E-02
2.8811430E-03,-2.996E-02
2.8811435E-03,-2.996E-02
2.8811440E-03,-3.076E-02
2.8811445E-03,-3.076E-02
2.8811450E-03,-3.076E-02
2.8811455E-03,-3.076E-02
2.8811460E-03,-3.076E-02
2.8811465E-03,-3.076E-02
2.8811470E-03,-3.076E-02
2.8811475E-03,-3.076E-02
2.8811480E-03,-3.076E-02
2.8811485E-03,-2.996E-02
2.8811490E-03,-2.996E-02
2.8811495E-03,-2.996E-02
2.8811500E-03,-2.996E-02
2.8811505E-03,-2.916E-02
2.8811510E-03,-2.916E-02
2.8811515E-03,-2.836E-02
2.8811520E-03,-2.836E-02
2.8811525E-03,-2.836E-02
2.8811530E-03,-2.836E-02
2.8811535E-03,-2.756E-02
2.8811540E-03,-2.756E-02
2.8811545E-03,-2.756E-02
2.8811550E-03,-2.756E-02
2.8811555E-03,-2.836E-02
2.8811560E-03,-2.756E-02
2.8811565E-03,-2.836E-02
2.8811570E-03,-2.836E-02
2.8811575E-03,-2.756E-02
2.8811580E-03,-2.756E-02
2.8811585E-03,-2.836E-02
2.8811590E-03,-2.756E-02
2.8811595E-03,-2.916E-02
2.8811600E-03,-2.836E-02
2.8811605E-03,-2.836E-02
2.8811610E-03,-2.836E-02
2.8811615E-03,-2.836E-02
2.8811620E-03,-2.836E-02
2.8811625E-03,-2.836E-02
2.8811630E-03,-2.756E-02
2.8811635E-03,-2.756E-02
2.8811640E-03,-2.756E-02
2.8811645E-03,-2.756E-02
2.8811650E-03,-2.676E-02
2.8811655E-03,-2.676E-02
2.8811660E-03,-2.596E-02
2.8811665E-03,-2.596E-02
2.8811670E-03,-2.596E-02
2.8811675E-03,-2.596E-02
2.8811680E-03,-2.596E-02
2.8811685E-03,-2.596E-02
2.8811690E-03,-2.596E-02
2.8811695E-03,-2.516E-02
2.8811700E-03,-2.516E-02
2.8811705E-03,-2.596E-02
2.8811710E-03,-2.516E-02
2.8811715E-03,-2.596E-02
2.8811720E-03,-2.516E-02
2.8811725E-03,-2.516E-02
2.8811730E-03,-2.516E-02
2.8811735E-03,-2.516E-02
2.8811740E-03,-2.516E-02
2.8811745E-03,-2.516E-02
2.8811750E-03,-2.516E-02
2.8811755E-03,-2.596E-02
2.8811760E-03,-2.596E-02
2.8811765E-03,-2.676E-02
2.8811770E-03,-2.596E-02
2.8811775E-03,-2.596E-02
2.8811780E-03,-2.516E-02
2.8811785E-03,-2.596E-02
2.8811790E-03,-2.516E-02
2.8811795E-03,-2.596E-02
2.8811800E-03,-2.516E-02
2.8811805E-03,-2.516E-02
2.8811810E-03,-2.596E-02
2.8811815E-03,-2.516E-02
2.8811820E-03,-2.516E-02
2.8811825E-03,-2.516E-02
2.8811830E-03,-2.436E-02
2.8811835E-03,-2.356E-02
2.8811840E-03,-2.356E-02
2.8811845E-03,-2.276E-02
2.8811850E-03,-2.276E-02
2.8811855E-03,-2.276E-02
2.8811860E-03,-2.276E-02
2.8811865E-03,-2.276E-02
2.8811870E-03,-2.276E-02
2.8811875E-03,-2.276E-02
2.8811880E-03,-2.276E-02
2.8811885E-03,-2.276E-02
2.8811890E-03,-2.276E-02
2.8811895E-03,-2.276E-02
2.8811900E-03,-2.196E-02
2.8811905E-03,-2.276E-02
2.8811910E-03,-2.356E-02
2.8811915E-03,-2.276E-02
2.8811920E-03,-2.276E-02
2.8811925E-03,-2.356E-02
2.8811930E-03,-2.276E-02
2.8811935E-03,-2.356E-02
2.8811940E-03,-2.276E-02
2.8811945E-03,-2.276E-02
2.8811950E-03,-2.196E-02
2.8811955E-03,-2.196E-02
2.8811960E-03,-2.116E-02
2.8811965E-03,-2.116E-02
2.8811970E-03,-2.116E-02
2.8811975E-03,-2.116E-02
2.8811980E-03,-2.116E-02
2.8811985E-03,-2.116E-02
2.8811990E-03,-2.116E-02
2.8811995E-03,-2.116E-02
2.8812000E-03,-1.956E-02
2.8812005E-03,-2.036E-02
2.8812010E-03,-2.036E-02
2.8812015E-03,-2.036E-02
2.8812020E-03,-2.036E-02
2.8812025E-03,-2.036E-02
2.8812030E-03,-2.036E-02
2.8812035E-03,-1.876E-02
2.8812040E-03,-1.956E-02
2.8812045E-03,-1.956E-02
2.8812050E-03,-2.036E-02
2.8812055E-03,-1.956E-02
2.8812060E-03,-1.956E-02
2.8812065E-03,-1.956E-02
2.8812070E-03,-1.956E-02
2.8812075E-03,-2.036E-02
2.8812080E-03,-1.956E-02
2.8812085E-03,-2.036E-02
2.8812090E-03,-2.036E-02
2.8812095E-03,-2.036E-02
2.8812100E-03,-2.036E-02
2.8812105E-03,-2.036E-02
2.8812110E-03,-2.036E-02
2.8812115E-03,-2.036E-02
2.8812120E-03,-2.036E-02
2.8812125E-03,-1.956E-02
2.8812130E-03,-1.956E-02
2.8812135E-03,-1.876E-02
2.8812140E-03,-1.876E-02
2.8812145E-03,-1.876E-02
2.8812150E-03,-1.876E-02
2.8812155E-03,-1.796E-02
2.8812160E-03,-1.796E-02
2.8812165E-03,-1.716E-02
2.8812170E-03,-1.716E-02
2.8812175E-03,-1.716E-02
2.8812180E-03,-1.716E-02
2.8812185E-03,-1.636E-02
2.8812190E-03,-1.636E-02
2.8812195E-03,-1.636E-02
2.8812200E-03,-1.636E-02
2.8812205E-03,-1.636E-02
2.8812210E-03,-1.716E-02
2.8812215E-03,-1.716E-02
2.8812220E-03,-1.716E-02
2.8812225E-03,-1.716E-02
2.8812230E-03,-1.796E-02
2.8812235E-03,-1.796E-02
2.8812240E-03,-1.796E-02
2.8812245E-03,-1.796E-02
2.8812250E-03,-1.716E-02
2.8812255E-03,-1.716E-02
2.8812260E-03,-1.796E-02
2.8812265E-03,-1.636E-02
2.8812270E-03,-1.716E-02
2.8812275E-03,-1.636E-02
2.8812280E-03,-1.636E-02
2.8812285E-03,-1.636E-02
2.8812290E-03,-1.636E-02
2.8812295E-03,-1.556E-02
2.8812300E-03,-1.556E-02
2.8812305E-03,-1.476E-02
2.8812310E-03,-1.476E-02
2.8812315E-03,-1.476E-02
2.8812320E-03,-1.476E-02
2.8812325E-03,-1.396E-02
2.8812330E-03,-1.476E-02
2.8812335E-03,-1.396E-02
2.8812340E-03,-1.396E-02
2.8812345E-03,-1.396E-02
2.8812350E-03,-1.476E-02
2.8812355E-03,-1.396E-02
2.8812360E-03,-1.396E-02
2.8812365E-03,-1.316E-02
2.8812370E-03,-1.396E-02
2.8812375E-03,-1.316E-02
2.8812380E-03,-1.396E-02
2.8812385E-03,-1.396E-02
2.8812390E-03,-1.396E-02
2.8812395E-03,-1.396E-02
2.8812400E-03,-1.476E-02
2.8812405E-03,-1.396E-02
2.8812410E-03,-1.396E-02
2.8812415E-03,-1.396E-02
2.8812420E-03,-1.396E-02
2.8812425E-03,-1.396E-02
2.8812430E-03,-1.476E-02
2.8812435E-03,-1.396E-02
2.8812440E-03,-1.476E-02
2.8812445E-03,-1.396E-02
2.8812450E-03,-1.476E-02
2.8812455E-03,-1.316E-02
2.8812460E-03,-1.396E-02
2.8812465E-03,-1.236E-02
2.8812470E-03,-1.316E-02
2.8812475E-03,-1.236E-02
2.8812480E-03,-1.156E-02
2.8812485E-03,-1.156E-02
2.8812490E-03,-1.076E-02
2.8812495E-03,-1.076E-02
2.8812500E-03,-1.076E-02
2.8812505E-03,-1.076E-02
2.8812510E-03,-1.156E-02
2.8812515E-03,-1.076E-02
2.8812520E-03,-1.076E-02
2.8812525E-03,-1.076E-02
2.8812530E-03,-1.076E-02
2.8812535E-03,-1.076E-02
2.8812540E-03,-1.156E-02
2.8812545E-03,-1.156E-02
2.8812550E-03,-1.156E-02
2.8812555E-03,-1.076E-02
2.8812560E-03,-1.156E-02
2.8812565E-03,-1.236E-02
2.8812570E-03,-1.236E-02
2.8812575E-03,-1.156E-02
2.8812580E-03,-1.076E-02
2.8812585E-03,-1.156E-02
2.8812590E-03,-1.076E-02
2.8812595E-03,-9.964E-03
2.8812600E-03,-1.076E-02
2.8812605E-03,-9.964E-03
2.8812610E-03,-9.964E-03
2.8812615E-03,-9.964E-03
2.8812620E-03,-9.164E-03
2.8812625E-03,-9.164E-03
2.8812630E-03,-9.164E-03
2.8812635E-03,-8.364E-03
2.8812640E-03,-8.364E-03
2.8812645E-03,-9.164E-03
2.8812650E-03,-8.364E-03
2.8812655E-03,-8.364E-03
2.8812660E-03,-8.364E-03
2.8812665E-03,-8.364E-03
2.8812670E-03,-8.364E-03
2.8812675E-03,-8.364E-03
2.8812680E-03,-8.364E-03
2.8812685E-03,-8.364E-03
2.8812690E-03,-7.564E-03
2.8812695E-03,-7.564E-03
2.8812700E-03,-7.564E-03
2.8812705E-03,-8.364E-03
2.8812710E-03,-7.564E-03
2.8812715E-03,-7.564E-03
2.8812720E-03,-7.564E-03
2.8812725E-03,-8.364E-03
2.8812730E-03,-7.564E-03
2.8812735E-03,-8.364E-03
2.8812740E-03,-8.364E-03
2.8812745E-03,-8.364E-03
2.8812750E-03,-8.364E-03
2.8812755E-03,-8.364E-03
2.8812760E-03,-8.364E-03
2.8812765E-03,-8.364E-03
2.8812770E-03,-8.364E-03
2.8812775E-03,-7.564E-03
2.8812780E-03,-7.564E-03
2.8812785E-03,-7.564E-03
2.8812790E-03,-6.764E-03
2.8812795E-03,-6.764E-03
2.8812800E-03,-5.964E-03
2.8812805E-03,-5.964E-03
2.8812810E-03,-5.164E-03
2.8812815E-03,-5.964E-03
2.8812820E-03,-5.164E-03
2.8812825E-03,-5.164E-03
2.8812830E-03,-5.164E-03
2.8812835E-03,-4.364E-03
2.8812840E-03,-5.164E-03
2.8812845E-03,-5.164E-03
2.8812850E-03,-4.364E-03
2.8812855E-03,-5.164E-03
2.8812860E-03,-5.164E-03
2.8812865E-03,-5.964E-03
2.8812870E-03,-5.964E-03
2.8812875E-03,-5.964E-03
2.8812880E-03,-5.164E-03
2.8812885E-03,-5.964E-03
2.8812890E-03,-5.164E-03
2.8812895E-03,-5.164E-03
2.8812900E-03,-5.164E-03
2.8812905E-03,-5.164E-03
2.8812910E-03,-4.364E-03
2.8812915E-03,-5.164E-03
2.8812920E-03,-4.364E-03
2.8812925E-03,-4.364E-03
2.8812930E-03,-4.364E-03
2.8812935E-03,-3.564E-03
2.8812940E-03,-2.764E-03
2.8812945E-03,-3.564E-03
2.8812950E-03,-2.764E-03
2.8812955E-03,-2.764E-03
2.8812960E-03,-1.964E-03
2.8812965E-03,-2.764E-03
2.8812970E-03,-1.964E-03
2.8812975E-03,-1.964E-03
2.8812980E-03,-1.964E-03
2.8812985E-03,-1.964E-03
2.8812990E-03,-2.764E-03
2.8812995E-03,-2.764E-03
2.8813000E-03,-2.764E-03
2.8813005E-03,-2.764E-03
2.8813010E-03,-2.764E-03
2.8813015E-03,-1.964E-03
2.8813020E-03,-1.964E-03
2.8813025E-03,-1.964E-03
2.8813030E-03,-1.964E-03
2.8813035E-03,-1.964E-03
2.8813040E-03,-1.964E-03
2.8813045E-03,-2.764E-03
2.8813050E-03,-1.964E-03
2.8813055E-03,-2.764E-03
2.8813060E-03,-2.764E-03
2.8813065E-03,-2.764E-03
2.8813070E-03,-2.764E-03
2.8813075E-03,-2.764E-03
2.8813080E-03,-1.964E-03
2.8813085E-03,-2.764E-03
2.8813090E-03,-1.964E-03
2.8813095E-03,-1.164E-03
2.8813100E-03,-1.164E-03
2.8813105E-03,-1.164E-03
2.8813110E-03,-3.643E-04
2.8813115E-03,-3.643E-04
2.8813120E-03,-3.643E-04
2.8813125E-03,4.357E-04
2.8813130E-03,4.357E-04
2.8813135E-03,4.357E-04
2.8813140E-03,1.236E-03
2.8813145E-03,1.236E-03
2.8813150E-03,1.236E-03
2.8813155E-03,1.236E-03
2.8813160E-03,1.236E-03
2.8813165E-03,1.236E-03
2.8813170E-03,1.236E-03
2.8813175E-03,4.357E-04
2.8813180E-03,1.236E-03
2.8813185E-03,4.357E-04
2.8813190E-03,4.357E-04
2.8813195E-03,4.357E-04
2.8813200E-03,1.236E-03
2.8813205E-03,4.357E-04
2.8813210E-03,1.236E-03
2.8813215E-03,4.357E-04
2.8813220E-03,1.236E-03
2.8813225E-03,4.357E-04
2.8813230E-03,1.236E-03
2.8813235E-03,4.357E-04
2.8813240E-03,1.236E-03
2.8813245E-03,2.036E-03
2.8813250E-03,2.036E-03
2.8813255E-03,2.036E-03
2.8813260E-03,2.836E-03
2.8813265E-03,2.836E-03
2.8813270E-03,3.636E-03
2.8813275E-03,2.836E-03
2.8813280E-03,3.636E-03
2.8813285E-03,2.836E-03
2.8813290E-03,3.636E-03
2.8813295E-03,2.836E-03
2.8813300E-03,3.636E-03
2.8813305E-03,3.636E-03
2.8813310E-03,3.636E-03
2.8813315E-03,3.636E-03
2.8813320E-03,3.636E-03
2.8813325E-03,3.636E-03
2.8813330E-03,3.636E-03
2.8813335E-03,4.436E-03
2.8813340E-03,3.636E-03
2.8813345E-03,4.436E-03
2.8813350E-03,4.436E-03
2.8813355E-03,3.636E-03
2.8813360E-03,3.636E-03
2.8813365E-03,3.636E-03
2.8813370E-03,3.636E-03
2.8813375E-03,3.636E-03
2.8813380E-03,3.636E-03
2.8813385E-03,3.636E-03
2.8813390E-03,3.636E-03
2.8813395E-03,3.636E-03
2.8813400E-03,3.636E-03
2.8813405E-03,3.636E-03
2.8813410E-03,4.436E-03
2.8813415E-03,4.436E-03
2.8813420E-03,5.236E-03
2.8813425E-03,5.236E-03
2.8813430E-03,6.036E-03
2.8813435E-03,6.036E-03
2.8813440E-03,6.836E-03
2.8813445E-03,6.036E-03
2.8813450E-03,6.836E-03
2.8813455E-03,6.836E-03
2.8813460E-03,6.836E-03
2.8813465E-03,6.836E-03
2.8813470E-03,6.836E-03
2.8813475E-03,6.836E-03
2.8813480E-03,6.836E-03
2.8813485E-03,6.836E-03
2.8813490E-03,6.836E-03
2.8813495E-03,6.836E-03
2.8813500E-03,6.836E-03
2.8813505E-03,6.036E-03
2.8813510E-03,6.836E-03
2.8813515E-03,6.036E-03
2.8813520E-03,6.036E-03
2.8813525E-03,6.036E-03
2.8813530E-03,6.036E-03
2.8813535E-03,6.036E-03
2.8813540E-03,6.836E-03
2.8813545E-03,6.836E-03
2.8813550E-03,6.836E-03
2.8813555E-03,6.836E-03
2.8813560E-03,7.636E-03
2.8813565E-03,7.636E-03
2.8813570E-03,8.436E-03
2.8813575E-03,8.436E-03
2.8813580E-03,8.436E-03
2.8813585E-03,9.236E-03
2.8813590E-03,9.236E-03
2.8813595E-03,9.236E-03
2.8813600E-03,9.236E-03
2.8813605E-03,1.004E-02
2.8813610E-03,1.004E-02
2.8813615E-03,1.004E-02
2.8813620E-03,1.004E-02
2.8813625E-03,1.004E-02
2.8813630E-03,1.004E-02
2.8813635E-03,1.004E-02
2.8813640E-03,1.004E-02
2.8813645E-03,1.004E-02
2.8813650E-03,1.004E-02
2.8813655E-03,1.004E-02
2.8813660E-03,1.004E-02
2.8813665E-03,1.004E-02
2.8813670E-03,1.004E-02
2.8813675E-03,1.004E-02
2.8813680E-03,9.236E-03
2.8813685E-03,9.236E-03
2.8813690E-03,1.004E-02
2.8813695E-03,9.236E-03
2.8813700E-03,1.004E-02
2.8813705E-03,1.004E-02
2.8813710E-03,1.004E-02
2.8813715E-03,1.004E-02
2.8813720E-03,1.004E-02
2.8813725E-03,1.004E-02
2.8813730E-03,1.004E-02
2.8813735E-03,1.004E-02
2.8813740E-03,1.004E-02
2.8813745E-03,1.084E-02
2.8813750E-03,1.084E-02
2.8813755E-03,1.164E-02
2.8813760E-03,1.244E-02
2.8813765E-03,1.244E-02
2.8813770E-03,1.244E-02
2.8813775E-03,1.324E-02
2.8813780E-03,1.324E-02
2.8813785E-03,1.324E-02
2.8813790E-03,1.324E-02
2.8813795E-03,1.324E-02
2.8813800E-03,1.324E-02
2.8813805E-03,1.404E-02
2.8813810E-03,1.324E-02
2.8813815E-03,1.324E-02
2.8813820E-03,1.244E-02
2.8813825E-03,1.244E-02
2.8813830E-03,1.244E-02
2.8813835E-03,1.244E-02
2.8813840E-03,1.244E-02
2.8813845E-03,1.244E-02
2.8813850E-03,1.244E-02
2.8813855E-03,1.324E-02
2.8813860E-03,1.244E-02
2.8813865E-03,1.324E-02
2.8813870E-03,1.324E-02
2.8813875E-03,1.324E-02
2.8813880E-03,1.324E-02
2.8813885E-03,1.404E-02
2.8813890E-03,1.404E-02
2.8813895E-03,1.484E-02
2.8813900E-03,1.484E-02
2.8813905E-03,1.564E-02
2.8813910E-03,1.564E-02
2.8813915E-03,1.564E-02
2.8813920E-03,1.564E-02
2.8813925E-03,1.484E-02
2.8813930E-03,1.564E-02
2.8813935E-03,1.484E-02
2.8813940E-03,1.564E-02
2.8813945E-03,1.564E-02
2.8813950E-03,1.564E-02
2.8813955E-03,1.564E-02
2.8813960E-03,1.644E-02
2.8813965E-03,1.644E-02
2.8813970E-03,1.564E-02
2.8813975E-03,1.644E-02
2.8813980E-03,1.564E-02
2.8813985E-03,1.564E-02
2.8813990E-03,1.564E-02
2.8813995E-03,1.564E-02
2.8814000E-03,1.564E-02
2.8814005E-03,1.564E-02
2.8814010E-03,1.564E-02
2.8814015E-03,1.484E-02
2.8814020E-03,1.564E-02
2.8814025E-03,1.564E-02
2.8814030E-03,1.564E-02
2.8814035E-03,1.564E-02
2.8814040E-03,1.564E-02
2.8814045E-03,1.564E-02
2.8814050E-03,1.644E-02
2.8814055E-03,1.644E-02
2.8814060E-03,1.644E-02
2.8814065E-03,1.724E-02
2.8814070E-03,1.724E-02
2.8814075E-03,1.724E-02
2.8814080E-03,1.804E-02
2.8814085E-03,1.804E-02
2.8814090E-03,1.804E-02
2.8814095E-03,1.804E-02
2.8814100E-03,1.884E-02
2.8814105E-03,1.884E-02
2.8814110E-03,1.884E-02
2.8814115E-03,1.884E-02
2.8814120E-03,1.884E-02
2.8814125E-03,1.964E-02
2.8814130E-03,1.964E-02
2.8814135E-03,1.884E-02
2.8814140E-03,1.884E-02
2.8814145E-03,1.884E-02
2.8814150E-03,1.804E-02
2.8814155E-03,1.804E-02
2.8814160E-03,1.724E-02
2.8814165E-03,1.724E-02
2.8814170E-03,1.804E-02
2.8814175E-03,1.804E-02
2.8814180E-03,1.804E-02
2.8814185E-03,1.884E-02
2.8814190E-03,1.884E-02
2.8814195E-03,1.884E-02
2.8814200E-03,1.964E-02
2.8814205E-03,1.964E-02
2.8814210E-03,1.964E-02
2.8814215E-03,2.044E-02
2.8814220E-03,1.964E-02
2.8814225E-03,1.964E-02
2.8814230E-03,1.964E-02
2.8814235E-03,2.044E-02
2.8814240E-03,2.044E-02
2.8814245E-03,2.044E-02
2.8814250E-03,2.044E-02
2.8814255E-03,2.124E-02
2.8814260E-03,2.124E-02
2.8814265E-03,2.044E-02
2.8814270E-03,2.124E-02
2.8814275E-03,2.124E-02
2.8814280E-03,2.124E-02
2.8814285E-03,2.124E-02
2.8814290E-03,2.124E-02
2.8814295E-03,2.124E-02
2.8814300E-03,2.124E-02
2.8814305E-03,2.124E-02
2.8814310E-03,2.124E-02
2.8814315E-03,2.124E-02
2.8814320E-03,2.124E-02
2.8814325E-03,2.124E-02
2.8814330E-03,2.124E-02
2.8814335E-03,2.124E-02
2.8814340E-03,2.044E-02
2.8814345E-03,2.044E-02
2.8814350E-03,2.044E-02
2.8814355E-03,2.044E-02
2.8814360E-03,2.124E-02
2.8814365E-03,2.204E-02
2.8814370E-03,2.124E-02
2.8814375E-03,2.204E-02
2.8814380E-03,2.204E-02
2.8814385E-03,2.204E-02
2.8814390E-03,2.204E-02
2.8814395E-03,2.284E-02
2.8814400E-03,2.284E-02
2.8814405E-03,2.284E-02
2.8814410E-03,2.364E-02
2.8814415E-03,2.364E-02
2.8814420E-03,2.444E-02
2.8814425E-03,2.444E-02
2.8814430E-03,2.364E-02
2.8814435E-03,2.444E-02
2.8814440E-03,2.444E-02
2.8814445E-03,2.444E-02
2.8814450E-03,2.444E-02
2.8814455E-03,2.444E-02
2.8814460E-03,2.444E-02
2.8814465E-03,2.364E-02
2.8814470E-03,2.364E-02
2.8814475E-03,2.284E-02
2.8814480E-03,2.284E-02
2.8814485E-03,2.364E-02
2.8814490E-03,2.364E-02
2.8814495E-03,2.364E-02
2.8814500E-03,2.444E-02
2.8814505E-03,2.444E-02
2.8814510E-03,2.444E-02
2.8814515E-03,2.444E-02
2.8814520E-03,2.444E-02
2.8814525E-03,2.444E-02
2.8814530E-03,2.524E-02
2.8814535E-03,2.444E-02
2.8814540E-03,2.524E-02
2.8814545E-03,2.524E-02
2.8814550E-03,2.524E-02
2.8814555E-03,2.524E-02
2.8814560E-03,2.604E-02
2.8814565E-03,2.604E-02
2.8814570E-03,2.604E-02
2.8814575E-03,2.684E-02
2.8814580E-03,2.604E-02
2.8814585E-03,2.604E-02
2.8814590E-03,2.684E-02
2.8814595E-03,2.684E-02
2.8814600E-03,2.684E-02
2.8814605E-03,2.684E-02
2.8814610E-03,2.684E-02
2.8814615E-03,2.604E-02
2.8814620E-03,2.684E-02
2.8814625E-03,2.604E-02
2.8814630E-03,2.604E-02
2.8814635E-03,2.604E-02
2.8814640E-03,2.604E-02
2.8814645E-03,2.604E-02
2.8814650E-03,2.684E-02
2.8814655E-03,2.684E-02
2.8814660E-03,2.684E-02
2.8814665E-03,2.604E-02
2.8814670E-03,2.684E-02
2.8814675E-03,2.604E-02
2.8814680E-03,2.684E-02
2.8814685E-03,2.684E-02
2.8814690E-03,2.604E-02
2.8814695E-03,2.764E-02
2.8814700E-03,2.684E-02
2.8814705E-03,2.764E-02
2.8814710E-03,2.844E-02
2.8814715E-03,2.764E-02
2.8814720E-03,2.844E-02
2.8814725E-03,2.924E-02
2.8814730E-03,2.924E-02
2.8814735E-03,2.924E-02
2.8814740E-03,2.924E-02
2.8814745E-03,2.924E-02
2.8814750E-03,2.924E-02
2.8814755E-03,2.924E-02
2.8814760E-03,2.924E-02
2.8814765E-03,2.924E-02
2.8814770E-03,2.924E-02
2.8814775E-03,2.924E-02
2.8814780E-03,2.924E-02
2.8814785E-03,2.844E-02
2.8814790E-03,2.844E-02
2.8814795E-03,2.844E-02
2.8814800E-03,2.844E-02
2.8814805E-03,2.844E-02
2.8814810E-03,2.844E-02
2.8814815E-03,2.844E-02
2.8814820E-03,2.844E-02
2.8814825E-03,2.844E-02
2.8814830E-03,2.924E-02
2.8814835E-03,2.924E-02
2.8814840E-03,2.924E-02
2.8814845E-03,3.004E-02
2.8814850E-03,3.004E-02
2.8814855E-03,3.004E-02
2.8814860E-03,3.084E-02
2.8814865E-03,3.004E-02
2.8814870E-03,3.084E-02
2.8814875E-03,3.004E-02
2.8814880E-03,3.004E-02
2.8814885E-03,3.084E-02
2.8814890E-03,3.084E-02
2.8814895E-03,3.084E-02
2.8814900E-03,3.084E-02
2.8814905E-03,3.084E-02
2.8814910E-03,3.084E-02
2.8814915E-03,3.084E-02
2.8814920E-03,3.164E-02
2.8814925E-03,3.084E-02
2.8814930E-03,3.164E-02
2.8814935E-03,3.164E-02
2.8814940E-03,3.084E-02
2.8814945E-03,3.164E-02
2.8814950E-03,3.084E-02
2.8814955E-03,3.084E-02
2.8814960E-03,3.084E-02
2.8814965E-03,3.164E-02
2.8814970E-03,3.084E-02
2.8814975E-03,3.084E-02
2.8814980E-03,3.084E-02
2.8814985E-03,3.084E-02
2.8814990E-03,3.084E-02
2.8814995E-03,3.164E-02
2.8815000E-03,3.164E-02
2.8815005E-03,3.164E-02
2.8815010E-03,3.164E-02
2.8815015E-03,3.164E-02
2.8815020E-03,3.164E-02
2.8815025E-03,3.164E-02
2.8815030E-03,3.164E-02
2.8815035E-03,3.244E-02
2.8815040E-03,3.244E-02
2.8815045E-03,3.324E-02
2.8815050E-03,3.324E-02
2.8815055E-03,3.404E-02
2.8815060E-03,3.404E-02
2.8815065E-03,3.324E-02
2.8815070E-03,3.324E-02
2.8815075E-03,3.404E-02
2.8815080E-03,3.324E-02
2.8815085E-03,3.404E-02
2.8815090E-03,3.324E-02
2.8815095E-03,3.324E-02
2.8815100E-03,3.324E-02
2.8815105E-03,3.324E-02
2.8815110E-03,3.244E-02
2.8815115E-03,3.324E-02
2.8815120E-03,3.324E-02
2.8815125E-03,3.244E-02
2.8815130E-03,3.324E-02
2.8815135E-03,3.244E-02
2.8815140E-03,3.324E-02
2.8815145E-03,3.324E-02
2.8815150E-03,3.324E-02
2.8815155E-03,3.404E-02
2.8815160E-03,3.404E-02
2.8815165E-03,3.404E-02
2.8815170E-03,3.404E-02
2.8815175E-03,3.484E-02
2.8815180E-03,3.484E-02
2.8815185E-03,3.564E-02
2.8815190E-03,3.484E-02
2.8815195E-03,3.484E-02
2.8815200E-03,3.484E-02
2.8815205E-03,3.564E-02
2.8815210E-03,3.484E-02
2.8815215E-03,3.484E-02
2.8815220E-03,3.484E-02
2.8815225E-03,3.484E-02
2.8815230E-03,3.564E-02
2.8815235E-03,3.564E-02
2.8815240E-03,3.564E-02
2.8815245E-03,3.564E-02
2.8815250E-03,3.564E-02
2.8815255E-03,3.564E-02
2.8815260E-03,3.564E-02
2.8815265E-03,3.564E-02
2.8815270E-03,3.564E-02
2.8815275E-03,3.564E-02
2.8815280E-03,3.564E-02
2.8815285E-03,3.484E-02
2.8815290E-03,3.484E-02
2.8815295E-03,3.564E-02
2.8815300E-03,3.564E-02
2.8815305E-03,3.564E-02
2.8815310E-03,3.564E-02
2.8815315E-03,3.564E-02
2.8815320E-03,3.564E-02
2.8815325E-03,3.564E-02
2.8815330E-03,3.644E-02
2.8815335E-03,3.644E-02
2.8815340E-03,3.564E-02
2.8815345E-03,3.564E-02
2.8815350E-03,3.644E-02
2.8815355E-03,3.644E-02
2.8815360E-03,3.644E-02
2.8815365E-03,3.724E-02
2.8815370E-03,3.724E-02
2.8815375E-03,3.804E-02
2.8815380E-03,3.724E-02
2.8815385E-03,3.724E-02
2.8815390E-03,3.724E-02
2.8815395E-03,3.724E-02
2.8815400E-03,3.724E-02
2.8815405E-03,3.724E-02
2.8815410E-03,3.724E-02
2.8815415E-03,3.724E-02
2.8815420E-03,3.724E-02
2.8815425E-03,3.724E-02
2.8815430E-03,3.644E-02
2.8815435E-03,3.724E-02
2.8815440E-03,3.644E-02
2.8815445E-03,3.724E-02
2.8815450E-03,3.644E-02
2.8815455E-03,3.724E-02
2.8815460E-03,3.724E-02
2.8815465E-03,3.724E-02
2.8815470E-03,3.724E-02
2.8815475E-03,3.804E-02
2.8815480E-03,3.804E-02
2.8815485E-03,3.804E-02
2.8815490E-03,3.804E-02
2.8815495E-03,3.884E-02
2.8815500E-03,3.884E-02
2.8815505E-03,3.884E-02
2.8815510E-03,3.884E-02
2.8815515E-03,3.884E-02
2.8815520E-03,3.884E-02
2.8815525E-03,3.884E-02
2.8815530E-03,3.884E-02
2.8815535E-03,3.884E-02
2.8815540E-03,3.884E-02
2.8815545E-03,3.884E-02
2.8815550E-03,3.884E-02
2.8815555E-03,3.884E-02
2.8815560E-03,3.964E-02
2.8815565E-03,3.964E-02
2.8815570E-03,3.964E-02
2.8815575E-03,3.964E-02
2.8815580E-03,3.964E-02
2.8815585E-03,3.964E-02
2.8815590E-03,3.964E-02
2.8815595E-03,3.964E-02
2.8815600E-03,3.964E-02
2.8815605E-03,3.884E-02
2.8815610E-03,3.884E-02
2.8815615E-03,3.884E-02
2.8815620E-03,3.884E-02
2.8815625E-03,3.884E-02
2.8815630E-03,3.884E-02
2.8815635E-03,3.884E-02
2.8815640E-03,3.884E-02
2.8815645E-03,3.964E-02
2.8815650E-03,3.884E-02
2.8815655E-03,3.964E-02
2.8815660E-03,3.964E-02
2.8815665E-03,3.964E-02
2.8815670E-03,4.044E-02
2.8815675E-03,3.964E-02
2.8815680E-03,3.964E-02
2.8815685E-03,4.044E-02
2.8815690E-03,4.044E-02
2.8815695E-03,3.964E-02
2.8815700E-03,4.044E-02
2.8815705E-03,4.124E-02
2.8815710E-03,4.124E-02
2.8815715E-03,4.124E-02
2.8815720E-03,4.124E-02
2.8815725E-03,4.124E-02
2.8815730E-03,4.124E-02
2.8815735E-03,4.124E-02
2.8815740E-03,4.044E-02
2.8815745E-03,4.044E-02
2.8815750E-03,4.044E-02
2.8815755E-03,4.044E-02
2.8815760E-03,4.044E-02
2.8815765E-03,4.044E-02
2.8815770E-03,4.044E-02
2.8815775E-03,4.124E-02
2.8815780E-03,4.124E-02
2.8815785E-03,4.124E-02
2.8815790E-03,4.124E-02
2.8815795E-03,4.124E-02
2.8815800E-03,4.124E-02
2.8815805E-03,4.124E-02
2.8815810E-03,4.124E-02
2.8815815E-03,4.124E-02
2.8815820E-03,4.124E-02
2.8815825E-03,4.124E-02
2.8815830E-03,4.124E-02
2.8815835E-03,4.204E-02
2.8815840E-03,4.124E-02
2.8815845E-03,4.204E-02
2.8815850E-03,4.204E-02
2.8815855E-03,4.204E-02
2.8815860E-03,4.204E-02
2.8815865E-03,4.204E-02
2.8815870E-03,4.204E-02
2.8815875E-03,4.204E-02
2.8815880E-03,4.204E-02
2.8815885E-03,4.204E-02
2.8815890E-03,4.284E-02
2.8815895E-03,4.204E-02
2.8815900E-03,4.204E-02
2.8815905E-03,4.284E-02
2.8815910E-03,4.284E-02
2.8815915E-03,4.284E-02
2.8815920E-03,4.284E-02
2.8815925E-03,4.204E-02
2.8815930E-03,4.284E-02
2.8815935E-03,4.204E-02
2.8815940E-03,4.204E-02
2.8815945E-03,4.284E-02
2.8815950E-03,4.284E-02
2.8815955E-03,4.284E-02
2.8815960E-03,4.284E-02
2.8815965E-03,4.284E-02
2.8815970E-03,4.284E-02
2.8815975E-03,4.284E-02
2.8815980E-03,4.284E-02
2.8815985E-03,4.284E-02
2.8815990E-03,4.284E-02
2.8815995E-03,4.284E-02
2.8816000E-03,4.284E-02
2.8816005E-03,4.364E-02
2.8816010E-03,4.284E-02
2.8816015E-03,4.364E-02
2.8816020E-03,4.364E-02
2.8816025E-03,4.364E-02
2.8816030E-03,4.364E-02
2.8816035E-03,4.444E-02
2.8816040E-03,4.364E-02
2.8816045E-03,4.364E-02
2.8816050E-03,4.364E-02
2.8816055E-03,4.364E-02
2.8816060E-03,4.284E-02
2.8816065E-03,4.364E-02
2.8816070E-03,4.284E-02
2.8816075E-03,4.284E-02
2.8816080E-03,4.284E-02
2.8816085E-03,4.284E-02
2.8816090E-03,4.284E-02
2.8816095E-03,4.284E-02
2.8816100E-03,4.364E-02
2.8816105E-03,4.364E-02
2.8816110E-03,4.364E-02
2.8816115E-03,4.364E-02
2.8816120E-03,4.444E-02
2.8816125E-03,4.444E-02
2.8816130E-03,4.364E-02
2.8816135E-03,4.444E-02
2.8816140E-03,4.444E-02
2.8816145E-03,4.524E-02
2.8816150E-03,4.444E-02
2.8816155E-03,4.444E-02
2.8816160E-03,4.444E-02
2.8816165E-03,4.524E-02
2.8816170E-03,4.524E-02
2.8816175E-03,4.444E-02
2.8816180E-03,4.524E-02
2.8816185E-03,4.524E-02
2.8816190E-03,4.444E-02
2.8816195E-03,4.444E-02
2.8816200E-03,4.524E-02
2.8816205E-03,4.524E-02
2.8816210E-03,4.444E-02
2.8816215E-03,4.444E-02
2.8816220E-03,4.444E-02
2.8816225E-03,4.444E-02
2.8816230E-03,4.444E-02
2.8816235E-03,4.444E-02
2.8816240E-03,4.444E-02
2.8816245E-03,4.444E-02
2.8816250E-03,4.444E-02
2.8816255E-03,4.444E-02
2.8816260E-03,4.444E-02
2.8816265E-03,4.524E-02
2.8816270E-03,4.444E-02
2.8816275E-03,4.444E-02
2.8816280E-03,4.444E-02
2.8816285E-03,4.444E-02
2.8816290E-03,4.524E-02
2.8816295E-03,4.524E-02
2.8816300E-03,4.444E-02
2.8816305E-03,4.524E-02
2.8816310E-03,4.524E-02
2.8816315E-03,4.524E-02
2.8816320E-03,4.524E-02
2.8816325E-03,4.604E-02
2.8816330E-03,4.604E-02
2.8816335E-03,4.604E-02
2.8816340E-03,4.604E-02
2.8816345E-03,4.604E-02
2.8816350E-03,4.604E-02
2.8816355E-03,4.604E-02
2.8816360E-03,4.604E-02
2.8816365E-03,4.524E-02
2.8816370E-03,4.604E-02
2.8816375E-03,4.604E-02
2.8816380E-03,4.604E-02
2.8816385E-03,4.524E-02
2.8816390E-03,4.524E-02
2.8816395E-03,4.524E-02
2.8816400E-03,4.524E-02
2.8816405E-03,4.524E-02
2.8816410E-03,4.604E-02
2.8816415E-03,4.524E-02
2.8816420E-03,4.524E-02
2.8816425E-03,4.524E-02
2.8816430E-03,4.604E-02
2.8816435E-03,4.524E-02
2.8816440E-03,4.604E-02
2.8816445E-03,4.604E-02
2.8816450E-03,4.604E-02
2.8816455E-03,4.604E-02
2.8816460E-03,4.604E-02
2.8816465E-03,4.604E-02
2.8816470E-03,4.604E-02
2.8816475E-03,4.604E-02
2.8816480E-03,4.604E-02
2.8816485E-03,4.684E-02
2.8816490E-03,4.604E-02
2.8816495E-03,4.604E-02
2.8816500E-03,4.684E-02
2.8816505E-03,4.604E-02
2.8816510E-03,4.684E-02
2.8816515E-03,4.684E-02
2.8816520E-03,4.684E-02
2.8816525E-03,4.684E-02
2.8816530E-03,4.684E-02
2.8816535E-03,4.684E-02
2.8816540E-03,4.684E-02
2.8816545E-03,4.684E-02
2.8816550E-03,4.604E-02
2.8816555E-03,4.684E-02
2.8816560E-03,4.684E-02
2.8816565E-03,4.684E-02
2.8816570E-03,4.684E-02
2.8816575E-03,4.684E-02
2.8816580E-03,4.684E-02
2.8816585E-03,4.684E-02
2.8816590E-03,4.684E-02
2.8816595E-03,4.684E-02
2.8816600E-03,4.604E-02
2.8816605E-03,4.604E-02
2.8816610E-03,4.684E-02
2.8816615E-03,4.684E-02
2.8816620E-03,4.684E-02
2.8816625E-03,4.684E-02
2.8816630E-03,4.684E-02
2.8816635E-03,4.684E-02
2.8816640E-03,4.684E-02
2.8816645E-03,4.684E-02
2.8816650E-03,4.764E-02
2.8816655E-03,4.604E-02
2.8816660E-03,4.684E-02
2.8816665E-03,4.684E-02
2.8816670E-03,4.684E-02
2.8816675E-03,4.764E-02
2.8816680E-03,4.684E-02
2.8816685E-03,4.764E-02
2.8816690E-03,4.684E-02
2.8816695E-03,4.764E-02
2.8816700E-03,4.684E-02
2.8816705E-03,4.684E-02
2.8816710E-03,4.684E-02
2.8816715E-03,4.684E-02
2.8816720E-03,4.684E-02
2.8816725E-03,4.684E-02
2.8816730E-03,4.684E-02
2.8816735E-03,4.684E-02
2.8816740E-03,4.684E-02
2.8816745E-03,4.684E-02
2.8816750E-03,4.764E-02
2.8816755E-03,4.684E-02
2.8816760E-03,4.684E-02
2.8816765E-03,4.764E-02
2.8816770E-03,4.684E-02
2.8816775E-03,4.764E-02
2.8816780E-03,4.684E-02
2.8816785E-03,4.764E-02
2.8816790E-03,4.684E-02
2.8816795E-03,4.764E-02
2.8816800E-03,4.764E-02
2.8816805E-03,4.764E-02
2.8816810E-03,4.684E-02
2.8816815E-03,4.764E-02
2.8816820E-03,4.764E-02
2.8816825E-03,4.684E-02
2.8816830E-03,4.764E-02
2.8816835E-03,4.764E-02
2.8816840E-03,4.684E-02
2.8816845E-03,4.764E-02
2.8816850E-03,4.764E-02
2.8816855E-03,4.764E-02
2.8816860E-03,4.764E-02
2.8816865E-03,4.764E-02
2.8816870E-03,4.764E-02
2.8816875E-03,4.764E-02
2.8816880E-03,4.764E-02
2.8816885E-03,4.764E-02
2.8816890E-03,4.764E-02
2.8816895E-03,4.764E-02
2.8816900E-03,4.764E-02
2.8816905E-03,4.764E-02
2.8816910E-03,4.764E-02
2.8816915E-03,4.764E-02
2.8816920E-03,4.684E-02
2.8816925E-03,4.764E-02
2.8816930E-03,4.684E-02
2.8816935E-03,4.764E-02
2.8816940E-03,4.684E-02
2.8816945E-03,4.764E-02
2.8816950E-03,4.684E-02
2.8816955E-03,4.684E-02
2.8816960E-03,4.684E-02
2.8816965E-03,4.764E-02
2.8816970E-03,4.764E-02
2.8816975E-03,4.764E-02
2.8816980E-03,4.764E-02
2.8816985E-03,4.764E-02
2.8816990E-03,4.764E-02
2.8816995E-03,4.764E-02
2.8817000E-03,4.844E-02
2.8817005E-03,4.764E-02
2.8817010E-03,4.844E-02
2.8817015E-03,4.844E-02
2.8817020E-03,4.844E-02
2.8817025E-03,4.844E-02
2.8817030E-03,4.764E-02
2.8817035E-03,4.764E-02
2.8817040E-03,4.764E-02
2.8817045E-03,4.844E-02
2.8817050E-03,4.764E-02
2.8817055E-03,4.844E-02
2.8817060E-03,4.764E-02
2.8817065E-03,4.764E-02
2.8817070E-03,4.764E-02
2.8817075E-03,4.764E-02
2.8817080E-03,4.844E-02
2.8817085E-03,4.764E-02
2.8817090E-03,4.764E-02
2.8817095E-03,4.764E-02
2.8817100E-03,4.764E-02
2.8817105E-03,4.844E-02
2.8817110E-03,4.764E-02
2.8817115E-03,4.844E-02
2.8817120E-03,4.764E-02
2.8817125E-03,4.764E-02
2.8817130E-03,4.764E-02
2.8817135E-03,4.764E-02
2.8817140E-03,4.764E-02
2.8817145E-03,4.764E-02
2.8817150E-03,4.764E-02
2.8817155E-03,4.764E-02
2.8817160E-03,4.764E-02
2.8817165E-03,4.764E-02
2.8817170E-03,4.764E-02
2.8817175E-03,4.844E-02
2.8817180E-03,4.764E-02
2.8817185E-03,4.764E-02
2.8817190E-03,4.764E-02
2.8817195E-03,4.764E-02
2.8817200E-03,4.764E-02
2.8817205E-03,4.844E-02
2.8817210E-03,4.844E-02
2.8817215E-03,4.844E-02
2.8817220E-03,4.764E-02
2.8817225E-03,4.844E-02
2.8817230E-03,4.764E-02
2.8817235E-03,4.764E-02
2.8817240E-03,4.764E-02
2.8817245E-03,4.764E-02
2.8817250E-03,4.764E-02
2.8817255E-03,4.764E-02
2.8817260E-03,4.764E-02
2.8817265E-03,4.764E-02
2.8817270E-03,4.764E-02
2.8817275E-03,4.764E-02
2.8817280E-03,4.764E-02
2.8817285E-03,4.764E-02
2.8817290E-03,4.764E-02
2.8817295E-03,4.764E-02
2.8817300E-03,4.684E-02
2.8817305E-03,4.764E-02
2.8817310E-03,4.684E-02
2.8817315E-03,4.764E-02
2.8817320E-03,4.684E-02
2.8817325E-03,4.764E-02
2.8817330E-03,4.764E-02
2.8817335E-03,4.844E-02
2.8817340E-03,4.844E-02
2.8817345E-03,4.764E-02
2.8817350E-03,4.764E-02
2.8817355E-03,4.764E-02
2.8817360E-03,4.764E-02
2.8817365E-03,4.764E-02
2.8817370E-03,4.764E-02
2.8817375E-03,4.764E-02
2.8817380E-03,4.764E-02
2.8817385E-03,4.764E-02
2.8817390E-03,4.684E-02
2.8817395E-03,4.764E-02
2.8817400E-03,4.764E-02
2.8817405E-03,4.764E-02
2.8817410E-03,4.764E-02
2.8817415E-03,4.764E-02
2.8817420E-03,4.764E-02
2.8817425E-03,4.764E-02
2.8817430E-03,4.764E-02
2.8817435E-03,4.764E-02
2.8817440E-03,4.764E-02
2.8817445E-03,4.764E-02
2.8817450E-03,4.684E-02
2.8817455E-03,4.764E-02
2.8817460E-03,4.764E-02
2.8817465E-03,4.684E-02
2.8817470E-03,4.684E-02
2.8817475E-03,4.764E-02
2.8817480E-03,4.764E-02
2.8817485E-03,4.844E-02
2.8817490E-03,4.764E-02
2.8817495E-03,4.684E-02
2.8817500E-03,4.684E-02
2.8817505E-03,4.684E-02
2.8817510E-03,4.684E-02
2.8817515E-03,4.684E-02
2.8817520E-03,4.764E-02
2.8817525E-03,4.764E-02
2.8817530E-03,4.764E-02
2.8817535E-03,4.764E-02
2.8817540E-03,4.764E-02
2.8817545E-03,4.764E-02
2.8817550E-03,4.764E-02
2.8817555E-03,4.684E-02
2.8817560E-03,4.764E-02
2.8817565E-03,4.764E-02
2.8817570E-03,4.764E-02
2.8817575E-03,4.684E-02
2.8817580E-03,4.684E-02
2.8817585E-03,4.764E-02
2.8817590E-03,4.684E-02
2.8817595E-03,4.684E-02
2.8817600E-03,4.684E-02
2.8817605E-03,4.684E-02
2.8817610E-03,4.604E-02
2.8817615E-03,4.604E-02
2.8817620E-03,4.604E-02
2.8817625E-03,4.604E-02
2.8817630E-03,4.684E-02
2.8817635E-03,4.684E-02
2.8817640E-03,4.684E-02
2.8817645E-03,4.684E-02
2.8817650E-03,4.684E-02
2.8817655E-03,4.684E-02
2.8817660E-03,4.764E-02
2.8817665E-03,4.684E-02
2.8817670E-03,4.764E-02
2.8817675E-03,4.764E-02
2.8817680E-03,4.684E-02
2.8817685E-03,4.684E-02
2.8817690E-03,4.684E-02
2.8817695E-03,4.764E-02
2.8817700E-03,4.684E-02
2.8817705E-03,4.764E-02
2.8817710E-03,4.684E-02
2.8817715E-03,4.684E-02
2.8817720E-03,4.684E-02
2.8817725E-03,4.684E-02
2.8817730E-03,4.684E-02
2.8817735E-03,4.684E-02
2.8817740E-03,4.684E-02
2.8817745E-03,4.684E-02
2.8817750E-03,4.684E-02
2.8817755E-03,4.604E-02
2.8817760E-03,4.684E-02
2.8817765E-03,4.604E-02
2.8817770E-03,4.684E-02
2.8817775E-03,4.684E-02
2.8817780E-03,4.604E-02
2.8817785E-03,4.604E-02
2.8817790E-03,4.604E-02
2.8817795E-03,4.604E-02
2.8817800E-03,4.604E-02
2.8817805E-03,4.604E-02
2.8817810E-03,4.684E-02
2.8817815E-03,4.604E-02
2.8817820E-03,4.604E-02
2.8817825E-03,4.604E-02
2.8817830E-03,4.604E-02
2.8817835E-03,4.604E-02
2.8817840E-03,4.604E-02
2.8817845E-03,4.604E-02
2.8817850E-03,4.604E-02
2.8817855E-03,4.684E-02
2.8817860E-03,4.604E-02
2.8817865E-03,4.684E-02
2.8817870E-03,4.604E-02
2.8817875E-03,4.604E-02
2.8817880E-03,4.604E-02
2.8817885E-03,4.604E-02
2.8817890E-03,4.604E-02
2.8817895E-03,4.684E-02
2.8817900E-03,4.604E-02
2.8817905E-03,4.604E-02
2.8817910E-03,4.604E-02
2.8817915E-03,4.604E-02
2.8817920E-03,4.604E-02
2.8817925E-03,4.524E-02
2.8817930E-03,4.524E-02
2.8817935E-03,4.524E-02
2.8817940E-03,4.524E-02
2.8817945E-03,4.524E-02
2.8817950E-03,4.524E-02
2.8817955E-03,4.524E-02
2.8817960E-03,4.524E-02
2.8817965E-03,4.524E-02
2.8817970E-03,4.604E-02
2.8817975E-03,4.604E-02
2.8817980E-03,4.524E-02
2.8817985E-03,4.524E-02
2.8817990E-03,4.604E-02
2.8817995E-03,4.524E-02
2.8818000E-03,4.524E-02
2.8818005E-03,4.524E-02
2.8818010E-03,4.524E-02
2.8818015E-03,4.524E-02
2.8818020E-03,4.524E-02
2.8818025E-03,4.524E-02
2.8818030E-03,4.524E-02
2.8818035E-03,4.604E-02
2.8818040E-03,4.524E-02
2.8818045E-03,4.524E-02
2.8818050E-03,4.524E-02
2.8818055E-03,4.524E-02
2.8818060E-03,4.524E-02
2.8818065E-03,4.444E-02
2.8818070E-03,4.444E-02
2.8818075E-03,4.444E-02
2.8818080E-03,4.444E-02
2.8818085E-03,4.444E-02
2.8818090E-03,4.444E-02
2.8818095E-03,4.444E-02
2.8818100E-03,4.444E-02
2.8818105E-03,4.444E-02
2.8818110E-03,4.364E-02
2.8818115E-03,4.444E-02
2.8818120E-03,4.444E-02
2.8818125E-03,4.444E-02
2.8818130E-03,4.444E-02
2.8818135E-03,4.444E-02
2.8818140E-03,4.364E-02
2.8818145E-03,4.444E-02
2.8818150E-03,4.444E-02
2.8818155E-03,4.444E-02
2.8818160E-03,4.444E-02
2.8818165E-03,4.524E-02
2.8818170E-03,4.524E-02
2.8818175E-03,4.524E-02
2.8818180E-03,4.444E-02
2.8818185E-03,4.524E-02
2.8818190E-03,4.444E-02
2.8818195E-03,4.444E-02
2.8818200E-03,4.444E-02
2.8818205E-03,4.444E-02
2.8818210E-03,4.444E-02
2.8818215E-03,4.444E-02
2.8818220E-03,4.444E-02
2.8818225E-03,4.444E-02
2.8818230E-03,4.364E-02
2.8818235E-03,4.364E-02
2.8818240E-03,4.284E-02
2.8818245E-03,4.284E-02
2.8818250E-03,4.284E-02
2.8818255E-03,4.284E-02
2.8818260E-03,4.364E-02
2.8818265E-03,4.284E-02
2.8818270E-03,4.284E-02
2.8818275E-03,4.364E-02
2.8818280E-03,4.284E-02
2.8818285E-03,4.284E-02
2.8818290E-03,4.284E-02
2.8818295E-03,4.284E-02
2.8818300E-03,4.284E-02
2.8818305E-03,4.284E-02
2.8818310E-03,4.364E-02
2.8818315E-03,4.284E-02
2.8818320E-03,4.364E-02
2.8818325E-03,4.364E-02
2.8818330E-03,4.364E-02
2.8818335E-03,4.364E-02
2.8818340E-03,4.364E-02
2.8818345E-03,4.284E-02
2.8818350E-03,4.284E-02
2.8818355E-03,4.284E-02
2.8818360E-03,4.284E-02
2.8818365E-03,4.284E-02
2.8818370E-03,4.284E-02
2.8818375E-03,4.284E-02
2.8818380E-03,4.284E-02
2.8818385E-03,4.284E-02
2.8818390E-03,4.284E-02
2.8818395E-03,4.284E-02
2.8818400E-03,4.204E-02
2.8818405E-03,4.204E-02
2.8818410E-03,4.204E-02
2.8818415E-03,4.284E-02
2.8818420E-03,4.204E-02
2.8818425E-03,4.204E-02
2.8818430E-03,4.204E-02
2.8818435E-03,4.204E-02
2.8818440E-03,4.204E-02
2.8818445E-03,4.204E-02
2.8818450E-03,4.204E-02
2.8818455E-03,4.204E-02
2.8818460E-03,4.204E-02
2.8818465E-03,4.204E-02
2.8818470E-03,4.204E-02
2.8818475E-03,4.204E-02
2.8818480E-03,4.284E-02
2.8818485E-03,4.204E-02
2.8818490E-03,4.204E-02
2.8818495E-03,4.204E-02
2.8818500E-03,4.204E-02
2.8818505E-03,4.204E-02
2.8818510E-03,4.204E-02
2.8818515E-03,4.204E-02
2.8818520E-03,4.204E-02
2.8818525E-03,4.204E-02
2.8818530E-03,4.204E-02
2.8818535E-03,4.204E-02
2.8818540E-03,4.204E-02
2.8818545E-03,4.124E-02
2.8818550E-03,4.124E-02
2.8818555E-03,4.044E-02
2.8818560E-03,4.124E-02
2.8818565E-03,4.124E-02
2.8818570E-03,4.044E-02
2.8818575E-03,3.964E-02
2.8818580E-03,4.124E-02
2.8818585E-03,4.044E-02
2.8818590E-03,4.044E-02
2.8818595E-03,4.044E-02
2.8818600E-03,4.044E-02
2.8818605E-03,4.044E-02
2.8818610E-03,4.124E-02
2.8818615E-03,4.044E-02
2.8818620E-03,4.124E-02
2.8818625E-03,4.044E-02
2.8818630E-03,4.124E-02
2.8818635E-03,4.044E-02
2.8818640E-03,4.044E-02
2.8818645E-03,4.124E-02
2.8818650E-03,4.124E-02
2.8818655E-03,4.124E-02
2.8818660E-03,4.044E-02
2.8818665E-03,4.044E-02
2.8818670E-03,4.044E-02
2.8818675E-03,4.044E-02
2.8818680E-03,4.044E-02
2.8818685E-03,3.964E-02
2.8818690E-03,4.044E-02
2.8818695E-03,3.964E-02
2.8818700E-03,3.964E-02
2.8818705E-03,3.884E-02
2.8818710E-03,3.884E-02
2.8818715E-03,3.884E-02
2.8818720E-03,3.964E-02
2.8818725E-03,3.884E-02
2.8818730E-03,3.884E-02
2.8818735E-03,3.884E-02
2.8818740E-03,3.884E-02
2.8818745E-03,3.884E-02
2.8818750E-03,3.884E-02
2.8818755E-03,3.884E-02
2.8818760E-03,3.884E-02
2.8818765E-03,3.884E-02
2.8818770E-03,3.884E-02
2.8818775E-03,3.804E-02
2.8818780E-03,3.884E-02
2.8818785E-03,3.884E-02
2.8818790E-03,3.804E-02
2.8818795E-03,3.884E-02
2.8818800E-03,3.884E-02
2.8818805E-03,3.884E-02
2.8818810E-03,3.884E-02
2.8818815E-03,3.884E-02
2.8818820E-03,3.964E-02
2.8818825E-03,3.964E-02
2.8818830E-03,3.884E-02
2.8818835E-03,3.884E-02
2.8818840E-03,3.884E-02
2.8818845E-03,3.884E-02
2.8818850E-03,3.884E-02
2.8818855E-03,3.884E-02
2.8818860E-03,3.804E-02
2.8818865E-03,3.804E-02
2.8818870E-03,3.804E-02
2.8818875E-03,3.804E-02
2.8818880E-03,3.724E-02
2.8818885E-03,3.724E-02
2.8818890E-03,3.644E-02
2.8818895E-03,3.724E-02
2.8818900E-03,3.644E-02
2.8818905E-03,3.724E-02
2.8818910E-03,3.724E-02
2.8818915E-03,3.724E-02
2.8818920E-03,3.644E-02
2.8818925E-03,3.724E-02
2.8818930E-03,3.724E-02
2.8818935E-03,3.724E-02
2.8818940E-03,3.724E-02
2.8818945E-03,3.724E-02
2.8818950E-03,3.724E-02
2.8818955E-03,3.724E-02
2.8818960E-03,3.724E-02
2.8818965E-03,3.804E-02
2.8818970E-03,3.724E-02
2.8818975E-03,3.724E-02
2.8818980E-03,3.724E-02
2.8818985E-03,3.724E-02
2.8818990E-03,3.724E-02
2.8818995E-03,3.724E-02
2.8819000E-03,3.644E-02
2.8819005E-03,3.644E-02
2.8819010E-03,3.644E-02
2.8819015E-03,3.564E-02
2.8819020E-03,3.564E-02
2.8819025E-03,3.564E-02
2.8819030E-03,3.564E-02
2.8819035E-03,3.564E-02
2.8819040E-03,3.564E-02
2.8819045E-03,3.564E-02
2.8819050E-03,3.564E-02
2.8819055E-03,3.564E-02
2.8819060E-03,3.484E-02
2.8819065E-03,3.484E-02
2.8819070E-03,3.484E-02
2.8819075E-03,3.404E-02
2.8819080E-03,3.484E-02
2.8819085E-03,3.484E-02
2.8819090E-03,3.484E-02
2.8819095E-03,3.484E-02
2.8819100E-03,3.484E-02
2.8819105E-03,3.484E-02
2.8819110E-03,3.564E-02
2.8819115E-03,3.564E-02
2.8819120E-03,3.564E-02
2.8819125E-03,3.564E-02
2.8819130E-03,3.564E-02
2.8819135E-03,3.564E-02
2.8819140E-03,3.564E-02
2.8819145E-03,3.564E-02
2.8819150E-03,3.484E-02
2.8819155E-03,3.484E-02
2.8819160E-03,3.564E-02
2.8819165E-03,3.484E-02
2.8819170E-03,3.484E-02
2.8819175E-03,3.484E-02
2.8819180E-03,3.484E-02
2.8819185E-03,3.484E-02
2.8819190E-03,3.324E-02
2.8819195E-03,3.324E-02
2.8819200E-03,3.324E-02
2.8819205E-03,3.244E-02
2.8819210E-03,3.244E-02
2.8819215E-03,3.244E-02
2.8819220E-03,3.244E-02
2.8819225E-03,3.244E-02
2.8819230E-03,3.244E-02
2.8819235E-03,3.244E-02
2.8819240E-03,3.324E-02
2.8819245E-03,3.244E-02
2.8819250E-03,3.324E-02
2.8819255E-03,3.324E-02
2.8819260E-03,3.324E-02
2.8819265E-03,3.324E-02
2.8819270E-03,3.324E-02
2.8819275E-03,3.324E-02
2.8819280E-03,3.324E-02
2.8819285E-03,3.324E-02
2.8819290E-03,3.244E-02
2.8819295E-03,3.324E-02
2.8819300E-03,3.324E-02
2.8819305E-03,3.324E-02
2.8819310E-03,3.244E-02
2.8819315E-03,3.244E-02
2.8819320E-03,3.244E-02
2.8819325E-03,3.244E-02
2.8819330E-03,3.164E-02
2.8819335E-03,3.164E-02
2.8819340E-03,3.164E-02
2.8819345E-03,3.084E-02
2.8819350E-03,3.164E-02
2.8819355E-03,3.164E-02
2.8819360E-03,3.164E-02
2.8819365E-03,3.164E-02
2.8819370E-03,3.164E-02
2.8819375E-03,3.164E-02
2.8819380E-03,3.164E-02
2.8819385E-03,3.164E-02
2.8819390E-03,3.084E-02
2.8819395E-03,3.084E-02
2.8819400E-03,3.004E-02
2.8819405E-03,3.084E-02
2.8819410E-03,3.004E-02
2.8819415E-03,3.084E-02
2.8819420E-03,3.084E-02
2.8819425E-03,3.084E-02
2.8819430E-03,3.084E-02
2.8819435E-03,3.164E-02
2.8819440E-03,3.084E-02
2.8819445E-03,3.084E-02
2.8819450E-03,3.084E-02
2.8819455E-03,3.084E-02
2.8819460E-03,3.084E-02
2.8819465E-03,3.084E-02
2.8819470E-03,3.004E-02
2.8819475E-03,3.084E-02
2.8819480E-03,3.084E-02
2.8819485E-03,3.084E-02
2.8819490E-03,3.084E-02
2.8819495E-03,3.004E-02
2.8819500E-03,2.924E-02
2.8819505E-03,3.004E-02
2.8819510E-03,2.924E-02
2.8819515E-03,2.924E-02
2.8819520E-03,2.844E-02
2.8819525E-03,2.844E-02
2.8819530E-03,2.844E-02
2.8819535E-03,2.844E-02
2.8819540E-03,2.844E-02
2.8819545E-03,2.844E-02
2.8819550E-03,2.764E-02
2.8819555E-03,2.844E-02
2.8819560E-03,2.844E-02
2.8819565E-03,2.844E-02
2.8819570E-03,2.924E-02
2.8819575E-03,2.924E-02
2.8819580E-03,2.844E-02
2.8819585E-03,2.924E-02
2.8819590E-03,2.924E-02
2.8819595E-03,2.924E-02
2.8819600E-03,2.924E-02
2.8819605E-03,2.924E-02
2.8819610E-03,2.924E-02
2.8819615E-03,2.924E-02
2.8819620E-03,2.764E-02
2.8819625E-03,2.924E-02
2.8819630E-03,2.844E-02
2.8819635E-03,2.844E-02
2.8819640E-03,2.844E-02
2.8819645E-03,2.764E-02
2.8819650E-03,2.844E-02
2.8819655E-03,2.764E-02
2.8819660E-03,2.764E-02
2.8819665E-03,2.684E-02
2.8819670E-03,2.684E-02
2.8819675E-03,2.604E-02
2.8819680E-03,2.604E-02
2.8819685E-03,2.604E-02
2.8819690E-03,2.604E-02
2.8819695E-03,2.604E-02
2.8819700E-03,2.604E-02
2.8819705E-03,2.524E-02
2.8819710E-03,2.604E-02
2.8819715E-03,2.524E-02
2.8819720E-03,2.604E-02
2.8819725E-03,2.604E-02
2.8819730E-03,2.604E-02
2.8819735E-03,2.604E-02
2.8819740E-03,2.604E-02
2.8819745E-03,2.524E-02
2.8819750E-03,2.604E-02
2.8819755E-03,2.604E-02
2.8819760E-03,2.604E-02
2.8819765E-03,2.684E-02
2.8819770E-03,2.604E-02
2.8819775E-03,2.604E-02
2.8819780E-03,2.684E-02
2.8819785E-03,2.604E-02
2.8819790E-03,2.684E-02
2.8819795E-03,2.684E-02
2.8819800E-03,2.604E-02
2.8819805E-03,2.604E-02
2.8819810E-03,2.604E-02
2.8819815E-03,2.604E-02
2.8819820E-03,2.524E-02
2.8819825E-03,2.524E-02
2.8819830E-03,2.444E-02
2.8819835E-03,2.444E-02
2.8819840E-03,2.364E-02
2.8819845E-03,2.444E-02
2.8819850E-03,2.284E-02
2.8819855E-03,2.364E-02
2.8819860E-03,2.364E-02
2.8819865E-03,2.364E-02
2.8819870E-03,2.284E-02
2.8819875E-03,2.284E-02
2.8819880E-03,2.284E-02
2.8819885E-03,2.364E-02
2.8819890E-03,2.364E-02
2.8819895E-03,2.364E-02
2.8819900E-03,2.364E-02
2.8819905E-03,2.364E-02
2.8819910E-03,2.364E-02
2.8819915E-03,2.444E-02
2.8819920E-03,2.444E-02
2.8819925E-03,2.364E-02
2.8819930E-03,2.364E-02
2.8819935E-03,2.364E-02
2.8819940E-03,2.364E-02
2.8819945E-03,2.284E-02
2.8819950E-03,2.284E-02
2.8819955E-03,2.364E-02
2.8819960E-03,2.284E-02
2.8819965E-03,2.284E-02
2.8819970E-03,2.204E-02
2.8819975E-03,2.204E-02
2.8819980E-03,2.204E-02
2.8819985E-03,2.204E-02
2.8819990E-03,2.204E-02
2.8819995E-03,2.204E-02
2.8820000E-03,2.124E-02
2.8820005E-03,2.124E-02
2.8820010E-03,2.124E-02
2.8820015E-03,2.124E-02
2.8820020E-03,2.044E-02
2.8820025E-03,2.124E-02
2.8820030E-03,2.044E-02
2.8820035E-03,2.124E-02
2.8820040E-03,2.124E-02
2.8820045E-03,2.124E-02
2.8820050E-03,2.044E-02
2.8820055E-03,2.124E-02
2.8820060E-03,2.044E-02
2.8820065E-03,2.124E-02
2.8820070E-03,2.044E-02
2.8820075E-03,2.044E-02
2.8820080E-03,2.124E-02
2.8820085E-03,2.124E-02
2.8820090E-03,2.124E-02
2.8820095E-03,2.124E-02
2.8820100E-03,2.124E-02
2.8820105E-03,2.124E-02
2.8820110E-03,2.124E-02
2.8820115E-03,2.124E-02
2.8820120E-03,2.124E-02
2.8820125E-03,2.044E-02
2.8820130E-03,2.044E-02
2.8820135E-03,2.044E-02
2.8820140E-03,2.044E-02
2.8820145E-03,1.964E-02
2.8820150E-03,1.964E-02
2.8820155E-03,1.884E-02
2.8820160E-03,1.884E-02
2.8820165E-03,1.884E-02
2.8820170E-03,1.804E-02
2.8820175E-03,1.804E-02
2.8820180E-03,1.804E-02
2.8820185E-03,1.804E-02
2.8820190E-03,1.804E-02
2.8820195E-03,1.804E-02
2.8820200E-03,1.804E-02
2.8820205E-03,1.804E-02
2.8820210E-03,1.804E-02
2.8820215E-03,1.804E-02
2.8820220E-03,1.804E-02
2.8820225E-03,1.884E-02
2.8820230E-03,1.884E-02
2.8820235E-03,1.804E-02
2.8820240E-03,1.884E-02
2.8820245E-03,1.884E-02
2.8820250E-03,1.884E-02
2.8820255E-03,1.884E-02
2.8820260E-03,1.804E-02
2.8820265E-03,1.884E-02
2.8820270E-03,1.884E-02
2.8820275E-03,1.804E-02
2.8820280E-03,1.804E-02
2.8820285E-03,1.804E-02
2.8820290E-03,1.724E-02
2.8820295E-03,1.724E-02
2.8820300E-03,1.644E-02
2.8820305E-03,1.724E-02
2.8820310E-03,1.644E-02
2.8820315E-03,1.644E-02
2.8820320E-03,1.564E-02
2.8820325E-03,1.644E-02
2.8820330E-03,1.564E-02
2.8820335E-03,1.644E-02
2.8820340E-03,1.564E-02
2.8820345E-03,1.564E-02
2.8820350E-03,1.564E-02
2.8820355E-03,1.484E-02
2.8820360E-03,1.564E-02
2.8820365E-03,1.564E-02
2.8820370E-03,1.564E-02
2.8820375E-03,1.564E-02
2.8820380E-03,1.564E-02
2.8820385E-03,1.564E-02
2.8820390E-03,1.564E-02
2.8820395E-03,1.564E-02
2.8820400E-03,1.564E-02
2.8820405E-03,1.564E-02
2.8820410E-03,1.564E-02
2.8820415E-03,1.564E-02
2.8820420E-03,1.564E-02
2.8820425E-03,1.564E-02
2.8820430E-03,1.564E-02
2.8820435E-03,1.564E-02
2.8820440E-03,1.564E-02
2.8820445E-03,1.564E-02
2.8820450E-03,1.564E-02
2.8820455E-03,1.484E-02
2.8820460E-03,1.404E-02
2.8820465E-03,1.404E-02
2.8820470E-03,1.404E-02
2.8820475E-03,1.324E-02
2.8820480E-03,1.324E-02
2.8820485E-03,1.324E-02
2.8820490E-03,1.324E-02
2.8820495E-03,1.244E-02
2.8820500E-03,1.164E-02
2.8820505E-03,1.164E-02
2.8820510E-03,1.244E-02
2.8820515E-03,1.244E-02
2.8820520E-03,1.244E-02
2.8820525E-03,1.244E-02
2.8820530E-03,1.324E-02
2.8820535E-03,1.324E-02
2.8820540E-03,1.244E-02
2.8820545E-03,1.324E-02
2.8820550E-03,1.324E-02
2.8820555E-03,1.324E-02
2.8820560E-03,1.324E-02
2.8820565E-03,1.324E-02
2.8820570E-03,1.324E-02
2.8820575E-03,1.324E-02
2.8820580E-03,1.244E-02
2.8820585E-03,1.324E-02
2.8820590E-03,1.244E-02
2.8820595E-03,1.244E-02
2.8820600E-03,1.164E-02
2.8820605E-03,1.164E-02
2.8820610E-03,1.164E-02
2.8820615E-03,1.164E-02
2.8820620E-03,1.084E-02
2.8820625E-03,1.084E-02
2.8820630E-03,1.004E-02
2.8820635E-03,1.084E-02
2.8820640E-03,1.004E-02
2.8820645E-03,1.004E-02
2.8820650E-03,1.004E-02
2.8820655E-03,1.004E-02
2.8820660E-03,1.004E-02
2.8820665E-03,1.004E-02
2.8820670E-03,1.004E-02
2.8820675E-03,1.004E-02
2.8820680E-03,1.004E-02
2.8820685E-03,9.236E-03
2.8820690E-03,1.004E-02
2.8820695E-03,9.236E-03
2.8820700E-03,9.236E-03
2.8820705E-03,1.004E-02
2.8820710E-03,9.236E-03
2.8820715E-03,9.236E-03
2.8820720E-03,1.004E-02
2.8820725E-03,1.004E-02
2.8820730E-03,1.004E-02
2.8820735E-03,1.004E-02
2.8820740E-03,1.004E-02
2.8820745E-03,1.004E-02
2.8820750E-03,1.004E-02
2.8820755E-03,1.004E-02
2.8820760E-03,9.236E-03
2.8820765E-03,1.004E-02
2.8820770E-03,1.004E-02
2.8820775E-03,1.004E-02
2.8820780E-03,9.236E-03
2.8820785E-03,9.236E-03
2.8820790E-03,8.436E-03
2.8820795E-03,7.636E-03
2.8820800E-03,7.636E-03
2.8820805E-03,6.836E-03
2.8820810E-03,6.836E-03
2.8820815E-03,6.836E-03
2.8820820E-03,6.836E-03
2.8820825E-03,6.836E-03
2.8820830E-03,6.836E-03
2.8820835E-03,6.036E-03
2.8820840E-03,6.836E-03
2.8820845E-03,6.836E-03
2.8820850E-03,6.836E-03
2.8820855E-03,6.836E-03
2.8820860E-03,6.836E-03
2.8820865E-03,6.836E-03
2.8820870E-03,7.636E-03
2.8820875E-03,6.836E-03
2.8820880E-03,6.836E-03
2.8820885E-03,7.636E-03
2.8820890E-03,7.636E-03
2.8820895E-03,6.836E-03
2.8820900E-03,7.636E-03
2.8820905E-03,6.836E-03
2.8820910E-03,6.836E-03
2.8820915E-03,6.036E-03
2.8820920E-03,6.036E-03
2.8820925E-03,6.036E-03
2.8820930E-03,6.036E-03
2.8820935E-03,5.236E-03
2.8820940E-03,6.036E-03
2.8820945E-03,4.436E-03
2.8820950E-03,5.236E-03
2.8820955E-03,5.236E-03
2.8820960E-03,5.236E-03
2.8820965E-03,3.636E-03
2.8820970E-03,4.436E-03
2.8820975E-03,4.436E-03
2.8820980E-03,4.436E-03
2.8820985E-03,3.636E-03
2.8820990E-03,4.436E-03
2.8820995E-03,3.636E-03
2.8821000E-03,3.636E-03
2.8821005E-03,3.636E-03
2.8821010E-03,3.636E-03
2.8821015E-03,3.636E-03
2.8821020E-03,3.636E-03
2.8821025E-03,3.636E-03
2.8821030E-03,3.636E-03
2.8821035E-03,3.636E-03
2.8821040E-03,4.436E-03
2.8821045E-03,3.636E-03
2.8821050E-03,4.436E-03
2.8821055E-03,4.436E-03
2.8821060E-03,4.436E-03
2.8821065E-03,4.436E-03
2.8821070E-03,4.436E-03
2.8821075E-03,3.636E-03
2.8821080E-03,3.636E-03
2.8821085E-03,3.636E-03
2.8821090E-03,3.636E-03
2.8821095E-03,3.636E-03
2.8821100E-03,2.036E-03
2.8821105E-03,2.836E-03
2.8821110E-03,2.036E-03
2.8821115E-03,1.236E-03
2.8821120E-03,1.236E-03
2.8821125E-03,1.236E-03
2.8821130E-03,4.357E-04
2.8821135E-03,4.357E-04
2.8821140E-03,1.236E-03
2.8821145E-03,-3.643E-04
2.8821150E-03,1.236E-03
2.8821155E-03,4.357E-04
2.8821160E-03,4.357E-04
2.8821165E-03,4.357E-04
2.8821170E-03,1.236E-03
2.8821175E-03,1.236E-03
2.8821180E-03,2.036E-03
2.8821185E-03,1.236E-03
2.8821190E-03,1.236E-03
2.8821195E-03,2.036E-03
2.8821200E-03,2.036E-03
2.8821205E-03,1.236E-03
2.8821210E-03,1.236E-03
2.8821215E-03,4.357E-04
2.8821220E-03,1.236E-03
2.8821225E-03,4.357E-04
2.8821230E-03,4.357E-04
2.8821235E-03,-3.643E-04
2.8821240E-03,-3.643E-04
2.8821245E-03,-3.643E-04
2.8821250E-03,-3.643E-04
2.8821255E-03,-3.643E-04
2.8821260E-03,-3.643E-04
2.8821265E-03,-1.164E-03
2.8821270E-03,-1.164E-03
2.8821275E-03,-1.964E-03
2.8821280E-03,-1.964E-03
2.8821285E-03,-1.164E-03
2.8821290E-03,-1.964E-03
2.8821295E-03,-1.964E-03
2.8821300E-03,-1.964E-03
2.8821305E-03,-2.764E-03
2.8821310E-03,-1.164E-03
2.8821315E-03,-1.964E-03
2.8821320E-03,-1.964E-03
2.8821325E-03,-1.964E-03
2.8821330E-03,-1.164E-03
2.8821335E-03,-1.964E-03
2.8821340E-03,-1.964E-03
2.8821345E-03,-1.964E-03
2.8821350E-03,-1.964E-03
2.8821355E-03,-1.964E-03
2.8821360E-03,-1.164E-03
2.8821365E-03,-1.964E-03
2.8821370E-03,-1.164E-03
2.8821375E-03,-1.964E-03
2.8821380E-03,-1.164E-03
2.8821385E-03,-1.964E-03
2.8821390E-03,-1.964E-03
2.8821395E-03,-2.764E-03
2.8821400E-03,-1.964E-03
2.8821405E-03,-2.764E-03
2.8821410E-03,-1.964E-03
2.8821415E-03,-2.764E-03
2.8821420E-03,-2.764E-03
2.8821425E-03,-3.564E-03
2.8821430E-03,-2.764E-03
2.8821435E-03,-3.564E-03
2.8821440E-03,-4.364E-03
2.8821445E-03,-4.364E-03
2.8821450E-03,-5.164E-03
2.8821455E-03,-5.164E-03
2.8821460E-03,-5.164E-03
2.8821465E-03,-5.964E-03
2.8821470E-03,-5.964E-03
2.8821475E-03,-5.964E-03
2.8821480E-03,-5.164E-03
2.8821485E-03,-5.164E-03
2.8821490E-03,-5.164E-03
2.8821495E-03,-5.164E-03
2.8821500E-03,-5.164E-03
2.8821505E-03,-4.364E-03
2.8821510E-03,-4.364E-03
2.8821515E-03,-4.364E-03
2.8821520E-03,-4.364E-03
2.8821525E-03,-4.364E-03
2.8821530E-03,-4.364E-03
2.8821535E-03,-4.364E-03
2.8821540E-03,-5.164E-03
2.8821545E-03,-5.964E-03
2.8821550E-03,-5.164E-03
2.8821555E-03,-5.964E-03
2.8821560E-03,-5.964E-03
2.8821565E-03,-5.964E-03
2.8821570E-03,-5.964E-03
2.8821575E-03,-6.764E-03
2.8821580E-03,-6.764E-03
2.8821585E-03,-7.564E-03
2.8821590E-03,-7.564E-03
2.8821595E-03,-8.364E-03
2.8821600E-03,-8.364E-03
2.8821605E-03,-8.364E-03
2.8821610E-03,-8.364E-03
2.8821615E-03,-8.364E-03
2.8821620E-03,-8.364E-03
2.8821625E-03,-8.364E-03
2.8821630E-03,-8.364E-03
2.8821635E-03,-9.164E-03
2.8821640E-03,-7.564E-03
2.8821645E-03,-8.364E-03
2.8821650E-03,-7.564E-03
2.8821655E-03,-8.364E-03
2.8821660E-03,-8.364E-03
2.8821665E-03,-8.364E-03
2.8821670E-03,-8.364E-03
2.8821675E-03,-7.564E-03
2.8821680E-03,-7.564E-03
2.8821685E-03,-7.564E-03
2.8821690E-03,-7.564E-03
2.8821695E-03,-7.564E-03
2.8821700E-03,-7.564E-03
2.8821705E-03,-7.564E-03
2.8821710E-03,-7.564E-03
2.8821715E-03,-8.364E-03
2.8821720E-03,-8.364E-03
2.8821725E-03,-8.364E-03
2.8821730E-03,-8.364E-03
2.8821735E-03,-8.364E-03
2.8821740E-03,-9.164E-03
2.8821745E-03,-9.164E-03
2.8821750E-03,-9.164E-03
2.8821755E-03,-9.964E-03
2.8821760E-03,-9.964E-03
2.8821765E-03,-1.076E-02
2.8821770E-03,-1.076E-02
2.8821775E-03,-1.156E-02
2.8821780E-03,-1.156E-02
2.8821785E-03,-1.156E-02
2.8821790E-03,-1.156E-02
2.8821795E-03,-1.156E-02
2.8821800E-03,-1.156E-02
2.8821805E-03,-1.156E-02
2.8821810E-03,-1.076E-02
2.8821815E-03,-1.156E-02
2.8821820E-03,-1.076E-02
2.8821825E-03,-1.076E-02
2.8821830E-03,-9.964E-03
2.8821835E-03,-9.964E-03
2.8821840E-03,-9.964E-03
2.8821845E-03,-1.076E-02
2.8821850E-03,-9.964E-03
2.8821855E-03,-1.076E-02
2.8821860E-03,-1.076E-02
2.8821865E-03,-1.076E-02
2.8821870E-03,-1.156E-02
2.8821875E-03,-1.156E-02
2.8821880E-03,-1.156E-02
2.8821885E-03,-1.156E-02
2.8821890E-03,-1.156E-02
2.8821895E-03,-1.236E-02
2.8821900E-03,-1.156E-02
2.8821905E-03,-1.236E-02
2.8821910E-03,-1.236E-02
2.8821915E-03,-1.316E-02
2.8821920E-03,-1.316E-02
2.8821925E-03,-1.316E-02
2.8821930E-03,-1.316E-02
2.8821935E-03,-1.396E-02
2.8821940E-03,-1.316E-02
2.8821945E-03,-1.316E-02
2.8821950E-03,-1.316E-02
2.8821955E-03,-1.396E-02
2.8821960E-03,-1.396E-02
2.8821965E-03,-1.396E-02
2.8821970E-03,-1.396E-02
2.8821975E-03,-1.396E-02
2.8821980E-03,-1.396E-02
2.8821985E-03,-1.396E-02
2.8821990E-03,-1.396E-02
2.8821995E-03,-1.316E-02
2.8822000E-03,-1.396E-02
2.8822005E-03,-1.396E-02
2.8822010E-03,-1.396E-02
2.8822015E-03,-1.316E-02
2.8822020E-03,-1.396E-02
2.8822025E-03,-1.396E-02
2.8822030E-03,-1.396E-02
2.8822035E-03,-1.396E-02
2.8822040E-03,-1.396E-02
2.8822045E-03,-1.396E-02
2.8822050E-03,-1.396E-02
2.8822055E-03,-1.396E-02
2.8822060E-03,-1.396E-02
2.8822065E-03,-1.476E-02
2.8822070E-03,-1.556E-02
2.8822075E-03,-1.556E-02
2.8822080E-03,-1.556E-02
2.8822085E-03,-1.636E-02
2.8822090E-03,-1.636E-02
2.8822095E-03,-1.636E-02
2.8822100E-03,-1.716E-02
2.8822105E-03,-1.716E-02
2.8822110E-03,-1.716E-02
2.8822115E-03,-1.636E-02
2.8822120E-03,-1.716E-02
2.8822125E-03,-1.636E-02
2.8822130E-03,-1.636E-02
2.8822135E-03,-1.716E-02
2.8822140E-03,-1.636E-02
2.8822145E-03,-1.716E-02
2.8822150E-03,-1.716E-02
2.8822155E-03,-1.636E-02
2.8822160E-03,-1.636E-02
2.8822165E-03,-1.636E-02
2.8822170E-03,-1.636E-02
2.8822175E-03,-1.636E-02
2.8822180E-03,-1.636E-02
2.8822185E-03,-1.636E-02
2.8822190E-03,-1.636E-02
2.8822195E-03,-1.716E-02
2.8822200E-03,-1.796E-02
2.8822205E-03,-1.716E-02
2.8822210E-03,-1.796E-02
2.8822215E-03,-1.796E-02
2.8822220E-03,-1.796E-02
2.8822225E-03,-1.876E-02
2.8822230E-03,-1.876E-02
2.8822235E-03,-1.876E-02
2.8822240E-03,-1.876E-02
2.8822245E-03,-1.956E-02
2.8822250E-03,-1.956E-02
2.8822255E-03,-1.876E-02
2.8822260E-03,-1.956E-02
2.8822265E-03,-1.876E-02
2.8822270E-03,-1.956E-02
2.8822275E-03,-1.956E-02
2.8822280E-03,-2.036E-02
2.8822285E-03,-1.956E-02
2.8822290E-03,-1.956E-02
2.8822295E-03,-2.036E-02
2.8822300E-03,-1.956E-02
2.8822305E-03,-1.956E-02
2.8822310E-03,-1.956E-02
2.8822315E-03,-2.036E-02
2.8822320E-03,-1.956E-02
2.8822325E-03,-1.956E-02
2.8822330E-03,-1.956E-02
2.8822335E-03,-1.956E-02
2.8822340E-03,-1.956E-02
2.8822345E-03,-1.956E-02
2.8822350E-03,-1.956E-02
2.8822355E-03,-1.956E-02
2.8822360E-03,-1.956E-02
2.8822365E-03,-1.956E-02
2.8822370E-03,-1.956E-02
2.8822375E-03,-1.956E-02
2.8822380E-03,-2.036E-02
2.8822385E-03,-2.036E-02
2.8822390E-03,-2.116E-02
2.8822395E-03,-2.116E-02
2.8822400E-03,-2.196E-02
2.8822405E-03,-2.196E-02
2.8822410E-03,-2.276E-02
2.8822415E-03,-2.276E-02
2.8822420E-03,-2.196E-02
2.8822425E-03,-2.276E-02
2.8822430E-03,-2.276E-02
2.8822435E-03,-2.276E-02
2.8822440E-03,-2.196E-02
2.8822445E-03,-2.276E-02
2.8822450E-03,-2.196E-02
2.8822455E-03,-2.276E-02
2.8822460E-03,-2.196E-02
2.8822465E-03,-2.196E-02
2.8822470E-03,-2.196E-02
2.8822475E-03,-2.196E-02
2.8822480E-03,-2.196E-02
2.8822485E-03,-2.116E-02
2.8822490E-03,-2.196E-02
2.8822495E-03,-2.196E-02
2.8822500E-03,-2.196E-02
2.8822505E-03,-2.196E-02
2.8822510E-03,-2.196E-02
2.8822515E-03,-2.196E-02
2.8822520E-03,-2.196E-02
2.8822525E-03,-2.276E-02
2.8822530E-03,-2.356E-02
2.8822535E-03,-2.356E-02
2.8822540E-03,-2.356E-02
2.8822545E-03,-2.436E-02
2.8822550E-03,-2.436E-02
2.8822555E-03,-2.516E-02
2.8822560E-03,-2.436E-02
2.8822565E-03,-2.516E-02
2.8822570E-03,-2.436E-02
2.8822575E-03,-2.436E-02
2.8822580E-03,-2.436E-02
2.8822585E-03,-2.436E-02
2.8822590E-03,-2.436E-02
2.8822595E-03,-2.436E-02
2.8822600E-03,-2.436E-02
2.8822605E-03,-2.516E-02
2.8822610E-03,-2.436E-02
2.8822615E-03,-2.596E-02
2.8822620E-03,-2.516E-02
2.8822625E-03,-2.516E-02
2.8822630E-03,-2.516E-02
2.8822635E-03,-2.516E-02
2.8822640E-03,-2.436E-02
2.8822645E-03,-2.436E-02
2.8822650E-03,-2.436E-02
2.8822655E-03,-2.436E-02
2.8822660E-03,-2.436E-02
2.8822665E-03,-2.436E-02
2.8822670E-03,-2.436E-02
2.8822675E-03,-2.516E-02
2.8822680E-03,-2.436E-02
2.8822685E-03,-2.516E-02
2.8822690E-03,-2.516E-02
2.8822695E-03,-2.596E-02
2.8822700E-03,-2.516E-02
2.8822705E-03,-2.676E-02
2.8822710E-03,-2.596E-02
2.8822715E-03,-2.676E-02
2.8822720E-03,-2.676E-02
2.8822725E-03,-2.756E-02
2.8822730E-03,-2.756E-02
2.8822735E-03,-2.756E-02
2.8822740E-03,-2.676E-02
2.8822745E-03,-2.756E-02
2.8822750E-03,-2.756E-02
2.8822755E-03,-2.836E-02
2.8822760E-03,-2.756E-02
2.8822765E-03,-2.836E-02
2.8822770E-03,-2.756E-02
2.8822775E-03,-2.756E-02
2.8822780E-03,-2.676E-02
2.8822785E-03,-2.756E-02
2.8822790E-03,-2.676E-02
2.8822795E-03,-2.756E-02
2.8822800E-03,-2.676E-02
2.8822805E-03,-2.676E-02
2.8822810E-03,-2.676E-02
2.8822815E-03,-2.676E-02
2.8822820E-03,-2.676E-02
2.8822825E-03,-2.756E-02
2.8822830E-03,-2.756E-02
2.8822835E-03,-2.756E-02
2.8822840E-03,-2.756E-02
2.8822845E-03,-2.836E-02
2.8822850E-03,-2.836E-02
2.8822855E-03,-2.916E-02
2.8822860E-03,-2.916E-02
2.8822865E-03,-2.916E-02
2.8822870E-03,-2.916E-02
2.8822875E-03,-2.916E-02
2.8822880E-03,-2.996E-02
2.8822885E-03,-2.996E-02
2.8822890E-03,-2.916E-02
2.8822895E-03,-2.916E-02
2.8822900E-03,-2.916E-02
2.8822905E-03,-2.996E-02
2.8822910E-03,-2.996E-02
2.8822915E-03,-2.996E-02
2.8822920E-03,-2.996E-02
2.8822925E-03,-3.076E-02
2.8822930E-03,-2.996E-02
2.8822935E-03,-2.996E-02
2.8822940E-03,-2.996E-02
2.8822945E-03,-3.076E-02
2.8822950E-03,-2.916E-02
2.8822955E-03,-2.916E-02
2.8822960E-03,-2.996E-02
2.8822965E-03,-2.916E-02
2.8822970E-03,-2.996E-02
2.8822975E-03,-2.996E-02
2.8822980E-03,-2.916E-02
2.8822985E-03,-2.996E-02
2.8822990E-03,-2.996E-02
2.8822995E-03,-3.076E-02
2.8823000E-03,-2.996E-02
2.8823005E-03,-2.996E-02
2.8823010E-03,-2.996E-02
2.8823015E-03,-3.076E-02
2.8823020E-03,-2.996E-02
2.8823025E-03,-3.076E-02
2.8823030E-03,-3.076E-02
2.8823035E-03,-3.156E-02
2.8823040E-03,-3.156E-02
2.8823045E-03,-3.156E-02
2.8823050E-03,-3.156E-02
2.8823055E-03,-3.236E-02
2.8823060E-03,-3.236E-02
2.8823065E-03,-3.236E-02
2.8823070E-03,-3.236E-02
2.8823075E-03,-3.316E-02
2.8823080E-03,-3.316E-02
2.8823085E-03,-3.236E-02
2.8823090E-03,-3.236E-02
2.8823095E-03,-3.316E-02
2.8823100E-03,-3.236E-02
2.8823105E-03,-3.316E-02
2.8823110E-03,-3.236E-02
2.8823115E-03,-3.236E-02
2.8823120E-03,-3.156E-02
2.8823125E-03,-3.156E-02
2.8823130E-03,-3.156E-02
2.8823135E-03,-3.156E-02
2.8823140E-03,-3.156E-02
2.8823145E-03,-3.236E-02
2.8823150E-03,-3.236E-02
2.8823155E-03,-3.316E-02
2.8823160E-03,-3.236E-02
2.8823165E-03,-3.396E-02
2.8823170E-03,-3.316E-02
2.8823175E-03,-3.396E-02
2.8823180E-03,-3.316E-02
2.8823185E-03,-3.396E-02
2.8823190E-03,-3.396E-02
2.8823195E-03,-3.396E-02
2.8823200E-03,-3.396E-02
2.8823205E-03,-3.396E-02
2.8823210E-03,-3.396E-02
2.8823215E-03,-3.396E-02
2.8823220E-03,-3.316E-02
2.8823225E-03,-3.396E-02
2.8823230E-03,-3.396E-02
2.8823235E-03,-3.396E-02
2.8823240E-03,-3.476E-02
2.8823245E-03,-3.476E-02
2.8823250E-03,-3.476E-02
2.8823255E-03,-3.476E-02
2.8823260E-03,-3.476E-02
2.8823265E-03,-3.476E-02
2.8823270E-03,-3.476E-02
2.8823275E-03,-3.476E-02
2.8823280E-03,-3.396E-02
2.8823285E-03,-3.396E-02
2.8823290E-03,-3.396E-02
2.8823295E-03,-3.476E-02
2.8823300E-03,-3.476E-02
2.8823305E-03,-3.476E-02
2.8823310E-03,-3.476E-02
2.8823315E-03,-3.476E-02
2.8823320E-03,-3.476E-02
2.8823325E-03,-3.556E-02
2.8823330E-03,-3.476E-02
2.8823335E-03,-3.476E-02
2.8823340E-03,-3.476E-02
2.8823345E-03,-3.556E-02
2.8823350E-03,-3.556E-02
2.8823355E-03,-3.556E-02
2.8823360E-03,-3.636E-02
2.8823365E-03,-3.716E-02
2.8823370E-03,-3.716E-02
2.8823375E-03,-3.716E-02
2.8823380E-03,-3.636E-02
2.8823385E-03,-3.716E-02
2.8823390E-03,-3.716E-02
2.8823395E-03,-3.716E-02
2.8823400E-03,-3.636E-02
2.8823405E-03,-3.636E-02
2.8823410E-03,-3.636E-02
2.8823415E-03,-3.636E-02
2.8823420E-03,-3.636E-02
2.8823425E-03,-3.636E-02
2.8823430E-03,-3.636E-02
2.8823435E-03,-3.556E-02
2.8823440E-03,-3.556E-02
2.8823445E-03,-3.636E-02
2.8823450E-03,-3.636E-02
2.8823455E-03,-3.716E-02
2.8823460E-03,-3.636E-02
2.8823465E-03,-3.636E-02
2.8823470E-03,-3.716E-02
2.8823475E-03,-3.716E-02
2.8823480E-03,-3.716E-02
2.8823485E-03,-3.796E-02
2.8823490E-03,-3.716E-02
2.8823495E-03,-3.796E-02
2.8823500E-03,-3.796E-02
2.8823505E-03,-3.876E-02
2.8823510E-03,-3.796E-02
2.8823515E-03,-3.876E-02
2.8823520E-03,-3.796E-02
2.8823525E-03,-3.796E-02
2.8823530E-03,-3.796E-02
2.8823535E-03,-3.876E-02
2.8823540E-03,-3.876E-02
2.8823545E-03,-3.876E-02
2.8823550E-03,-3.876E-02
2.8823555E-03,-3.876E-02
2.8823560E-03,-3.876E-02
2.8823565E-03,-3.876E-02
2.8823570E-03,-3.876E-02
2.8823575E-03,-3.876E-02
2.8823580E-03,-3.796E-02
2.8823585E-03,-3.876E-02
2.8823590E-03,-3.796E-02
2.8823595E-03,-3.876E-02
2.8823600E-03,-3.876E-02
2.8823605E-03,-3.876E-02
2.8823610E-03,-3.796E-02
2.8823615E-03,-3.876E-02
2.8823620E-03,-3.876E-02
2.8823625E-03,-3.876E-02
2.8823630E-03,-3.876E-02
2.8823635E-03,-3.876E-02
2.8823640E-03,-3.796E-02
2.8823645E-03,-3.876E-02
2.8823650E-03,-3.876E-02
2.8823655E-03,-3.876E-02
2.8823660E-03,-3.956E-02
2.8823665E-03,-3.956E-02
2.8823670E-03,-3.956E-02
2.8823675E-03,-3.956E-02
2.8823680E-03,-3.956E-02
2.8823685E-03,-4.036E-02
2.8823690E-03,-4.036E-02
2.8823695E-03,-4.036E-02
2.8823700E-03,-4.036E-02
2.8823705E-03,-4.116E-02
2.8823710E-03,-4.036E-02
2.8823715E-03,-4.116E-02
2.8823720E-03,-4.036E-02
2.8823725E-03,-4.036E-02
2.8823730E-03,-4.036E-02
2.8823735E-03,-4.036E-02
2.8823740E-03,-4.036E-02
2.8823745E-03,-4.036E-02
2.8823750E-03,-4.036E-02
2.8823755E-03,-4.036E-02
2.8823760E-03,-4.036E-02
2.8823765E-03,-4.036E-02
2.8823770E-03,-4.036E-02
2.8823775E-03,-4.036E-02
2.8823780E-03,-4.036E-02
2.8823785E-03,-4.036E-02
2.8823790E-03,-4.036E-02
2.8823795E-03,-4.116E-02
2.8823800E-03,-4.116E-02
2.8823805E-03,-4.116E-02
2.8823810E-03,-4.116E-02
2.8823815E-03,-4.116E-02
2.8823820E-03,-4.116E-02
2.8823825E-03,-4.116E-02
2.8823830E-03,-4.116E-02
2.8823835E-03,-4.196E-02
2.8823840E-03,-4.196E-02
2.8823845E-03,-4.196E-02
2.8823850E-03,-4.196E-02
2.8823855E-03,-4.196E-02
2.8823860E-03,-4.116E-02
2.8823865E-03,-4.276E-02
2.8823870E-03,-4.196E-02
2.8823875E-03,-4.276E-02
2.8823880E-03,-4.196E-02
2.8823885E-03,-4.276E-02
2.8823890E-03,-4.196E-02
2.8823895E-03,-4.196E-02
2.8823900E-03,-4.116E-02
2.8823905E-03,-4.276E-02
2.8823910E-03,-4.196E-02
2.8823915E-03,-4.276E-02
2.8823920E-03,-4.196E-02
2.8823925E-03,-4.276E-02
2.8823930E-03,-4.196E-02
2.8823935E-03,-4.276E-02
2.8823940E-03,-4.196E-02
2.8823945E-03,-4.276E-02
2.8823950E-03,-4.196E-02
2.8823955E-03,-4.196E-02
2.8823960E-03,-4.196E-02
2.8823965E-03,-4.276E-02
2.8823970E-03,-4.196E-02
2.8823975E-03,-4.276E-02
2.8823980E-03,-4.196E-02
2.8823985E-03,-4.276E-02
2.8823990E-03,-4.276E-02
2.8823995E-03,-4.276E-02
2.8824000E-03,-4.356E-02
2.8824005E-03,-4.356E-02
2.8824010E-03,-4.356E-02
2.8824015E-03,-4.436E-02
2.8824020E-03,-4.436E-02
2.8824025E-03,-4.436E-02
2.8824030E-03,-4.436E-02
2.8824035E-03,-4.436E-02
2.8824040E-03,-4.356E-02
2.8824045E-03,-4.356E-02
2.8824050E-03,-4.356E-02
2.8824055E-03,-4.356E-02
2.8824060E-03,-4.356E-02
2.8824065E-03,-4.356E-02
2.8824070E-03,-4.356E-02
2.8824075E-03,-4.356E-02
2.8824080E-03,-4.356E-02
2.8824085E-03,-4.436E-02
2.8824090E-03,-4.356E-02
2.8824095E-03,-4.356E-02
2.8824100E-03,-4.356E-02
2.8824105E-03,-4.356E-02
2.8824110E-03,-4.356E-02
2.8824115E-03,-4.436E-02
2.8824120E-03,-4.356E-02
2.8824125E-03,-4.436E-02
2.8824130E-03,-4.436E-02
2.8824135E-03,-4.436E-02
2.8824140E-03,-4.436E-02
2.8824145E-03,-4.436E-02
2.8824150E-03,-4.436E-02
2.8824155E-03,-4.516E-02
2.8824160E-03,-4.516E-02
2.8824165E-03,-4.596E-02
2.8824170E-03,-4.436E-02
2.8824175E-03,-4.516E-02
2.8824180E-03,-4.436E-02
2.8824185E-03,-4.516E-02
2.8824190E-03,-4.436E-02
2.8824195E-03,-4.516E-02
2.8824200E-03,-4.436E-02
2.8824205E-03,-4.516E-02
2.8824210E-03,-4.516E-02
2.8824215E-03,-4.516E-02
2.8824220E-03,-4.516E-02
2.8824225E-03,-4.516E-02
2.8824230E-03,-4.516E-02
2.8824235E-03,-4.516E-02
2.8824240E-03,-4.436E-02
2.8824245E-03,-4.516E-02
2.8824250E-03,-4.516E-02
2.8824255E-03,-4.516E-02
2.8824260E-03,-4.516E-02
2.8824265E-03,-4.516E-02
2.8824270E-03,-4.516E-02
2.8824275E-03,-4.516E-02
2.8824280E-03,-4.516E-02
2.8824285E-03,-4.516E-02
2.8824290E-03,-4.516E-02
2.8824295E-03,-4.516E-02
2.8824300E-03,-4.596E-02
2.8824305E-03,-4.596E-02
2.8824310E-03,-4.596E-02
2.8824315E-03,-4.676E-02
2.8824320E-03,-4.596E-02
2.8824325E-03,-4.676E-02
2.8824330E-03,-4.676E-02
2.8824335E-03,-4.676E-02
2.8824340E-03,-4.596E-02
2.8824345E-03,-4.756E-02
2.8824350E-03,-4.676E-02
2.8824355E-03,-4.756E-02
2.8824360E-03,-4.596E-02
2.8824365E-03,-4.596E-02
2.8824370E-03,-4.596E-02
2.8824375E-03,-4.596E-02
2.8824380E-03,-4.596E-02
2.8824385E-03,-4.676E-02
2.8824390E-03,-4.596E-02
2.8824395E-03,-4.676E-02
2.8824400E-03,-4.596E-02
2.8824405E-03,-4.676E-02
2.8824410E-03,-4.596E-02
2.8824415E-03,-4.676E-02
2.8824420E-03,-4.596E-02
2.8824425E-03,-4.596E-02
2.8824430E-03,-4.596E-02
2.8824435E-03,-4.676E-02
2.8824440E-03,-4.596E-02
2.8824445E-03,-4.676E-02
2.8824450E-03,-4.756E-02
2.8824455E-03,-4.756E-02
2.8824460E-03,-4.676E-02
2.8824465E-03,-4.756E-02
2.8824470E-03,-4.676E-02
2.8824475E-03,-4.756E-02
2.8824480E-03,-4.676E-02
2.8824485E-03,-4.756E-02
2.8824490E-03,-4.756E-02
2.8824495E-03,-4.756E-02
2.8824500E-03,-4.676E-02
2.8824505E-03,-4.756E-02
2.8824510E-03,-4.676E-02
2.8824515E-03,-4.676E-02
2.8824520E-03,-4.676E-02
2.8824525E-03,-4.756E-02
2.8824530E-03,-4.676E-02
2.8824535E-03,-4.756E-02
2.8824540E-03,-4.756E-02
2.8824545E-03,-4.756E-02
2.8824550E-03,-4.756E-02
2.8824555E-03,-4.756E-02
2.8824560E-03,-4.756E-02
2.8824565E-03,-4.756E-02
2.8824570E-03,-4.756E-02
2.8824575E-03,-4.756E-02
2.8824580E-03,-4.676E-02
2.8824585E-03,-4.756E-02
2.8824590E-03,-4.676E-02
2.8824595E-03,-4.756E-02
2.8824600E-03,-4.756E-02
2.8824605E-03,-4.756E-02
2.8824610E-03,-4.756E-02
2.8824615E-03,-4.836E-02
2.8824620E-03,-4.676E-02
2.8824625E-03,-4.836E-02
2.8824630E-03,-4.756E-02
2.8824635E-03,-4.756E-02
2.8824640E-03,-4.756E-02
2.8824645E-03,-4.756E-02
2.8824650E-03,-4.756E-02
2.8824655E-03,-4.836E-02
2.8824660E-03,-4.756E-02
2.8824665E-03,-4.836E-02
2.8824670E-03,-4.836E-02
2.8824675E-03,-4.836E-02
2.8824680E-03,-4.836E-02
2.8824685E-03,-4.916E-02
2.8824690E-03,-4.836E-02
2.8824695E-03,-4.836E-02
2.8824700E-03,-4.836E-02
2.8824705E-03,-4.836E-02
2.8824710E-03,-4.756E-02
2.8824715E-03,-4.836E-02
2.8824720E-03,-4.756E-02
2.8824725E-03,-4.756E-02
2.8824730E-03,-4.756E-02
2.8824735E-03,-4.836E-02
2.8824740E-03,-4.756E-02
2.8824745E-03,-4.836E-02
2.8824750E-03,-4.836E-02
2.8824755E-03,-4.836E-02
2.8824760E-03,-4.836E-02
2.8824765E-03,-4.916E-02
2.8824770E-03,-4.836E-02
2.8824775E-03,-4.916E-02
2.8824780E-03,-4.836E-02
2.8824785E-03,-4.916E-02
2.8824790E-03,-4.916E-02
2.8824795E-03,-4.916E-02
2.8824800E-03,-4.916E-02
2.8824805E-03,-4.916E-02
2.8824810E-03,-4.836E-02
2.8824815E-03,-4.916E-02
2.8824820E-03,-4.916E-02
2.8824825E-03,-4.916E-02
2.8824830E-03,-4.916E-02
2.8824835E-03,-4.996E-02
2.8824840E-03,-4.836E-02
2.8824845E-03,-4.916E-02
2.8824850E-03,-4.836E-02
2.8824855E-03,-4.916E-02
2.8824860E-03,-4.836E-02
2.8824865E-03,-4.916E-02
2.8824870E-03,-4.836E-02
2.8824875E-03,-4.916E-02
2.8824880E-03,-4.916E-02
2.8824885E-03,-4.916E-02
2.8824890E-03,-4.836E-02
2.8824895E-03,-4.916E-02
2.8824900E-03,-4.916E-02
2.8824905E-03,-4.916E-02
2.8824910E-03,-4.836E-02
2.8824915E-03,-4.916E-02
2.8824920E-03,-4.916E-02
2.8824925E-03,-4.916E-02
2.8824930E-03,-4.836E-02
2.8824935E-03,-4.916E-02
2.8824940E-03,-4.836E-02
2.8824945E-03,-4.916E-02
2.8824950E-03,-4.916E-02
2.8824955E-03,-4.916E-02
2.8824960E-03,-4.916E-02
2.8824965E-03,-4.996E-02
2.8824970E-03,-4.996E-02
2.8824975E-03,-4.916E-02
2.8824980E-03,-4.916E-02
2.8824985E-03,-4.996E-02
2.8824990E-03,-4.916E-02
2.8824995E-03,-4.996E-02
2.8825000E-03,-4.916E-02
2.8825005E-03,-4.996E-02
2.8825010E-03,-4.996E-02
2.8825015E-03,-5.076E-02
2.8825020E-03,-4.996E-02
2.8825025E-03,-4.996E-02
2.8825030E-03,-4.916E-02
2.8825035E-03,-4.916E-02
2.8825040E-03,-4.916E-02
2.8825045E-03,-4.916E-02
2.8825050E-03,-4.916E-02
2.8825055E-03,-4.916E-02
2.8825060E-03,-4.916E-02
2.8825065E-03,-4.996E-02
2.8825070E-03,-4.996E-02
2.8825075E-03,-4.996E-02
2.8825080E-03,-4.916E-02
2.8825085E-03,-4.996E-02
2.8825090E-03,-4.916E-02
2.8825095E-03,-4.996E-02
2.8825100E-03,-4.916E-02
2.8825105E-03,-4.996E-02
2.8825110E-03,-4.916E-02
2.8825115E-03,-4.996E-02
2.8825120E-03,-4.916E-02
2.8825125E-03,-4.996E-02
2.8825130E-03,-4.996E-02
2.8825135E-03,-5.076E-02
2.8825140E-03,-4.996E-02
2.8825145E-03,-5.076E-02
2.8825150E-03,-4.996E-02
2.8825155E-03,-4.996E-02
2.8825160E-03,-4.916E-02
2.8825165E-03,-5.076E-02
2.8825170E-03,-4.916E-02
2.8825175E-03,-4.996E-02
2.8825180E-03,-4.996E-02
2.8825185E-03,-5.076E-02
2.8825190E-03,-4.996E-02
2.8825195E-03,-5.076E-02
2.8825200E-03,-4.996E-02
2.8825205E-03,-5.076E-02
2.8825210E-03,-5.076E-02
2.8825215E-03,-5.076E-02
2.8825220E-03,-4.996E-02
2.8825225E-03,-5.076E-02
2.8825230E-03,-4.996E-02
2.8825235E-03,-4.996E-02
2.8825240E-03,-4.996E-02
2.8825245E-03,-5.076E-02
2.8825250E-03,-4.996E-02
2.8825255E-03,-4.996E-02
2.8825260E-03,-4.996E-02
2.8825265E-03,-4.996E-02
2.8825270E-03,-4.916E-02
2.8825275E-03,-4.996E-02
2.8825280E-03,-4.916E-02
2.8825285E-03,-4.996E-02
2.8825290E-03,-4.996E-02
2.8825295E-03,-4.996E-02
2.8825300E-03,-4.916E-02
2.8825305E-03,-4.996E-02
2.8825310E-03,-4.996E-02
2.8825315E-03,-5.076E-02
2.8825320E-03,-4.996E-02
2.8825325E-03,-5.076E-02
2.8825330E-03,-4.996E-02
2.8825335E-03,-5.076E-02
2.8825340E-03,-4.996E-02
2.8825345E-03,-5.076E-02
2.8825350E-03,-4.916E-02
2.8825355E-03,-4.996E-02
2.8825360E-03,-4.916E-02
2.8825365E-03,-5.076E-02
2.8825370E-03,-4.916E-02
2.8825375E-03,-4.996E-02
2.8825380E-03,-4.996E-02
2.8825385E-03,-5.076E-02
2.8825390E-03,-4.996E-02
2.8825395E-03,-5.076E-02
2.8825400E-03,-4.996E-02
2.8825405E-03,-5.076E-02
2.8825410E-03,-4.996E-02
2.8825415E-03,-5.076E-02
2.8825420E-03,-5.076E-02
2.8825425E-03,-5.076E-02
2.8825430E-03,-4.996E-02
2.8825435E-03,-5.076E-02
2.8825440E-03,-4.996E-02
2.8825445E-03,-5.076E-02
2.8825450E-03,-4.996E-02
2.8825455E-03,-5.076E-02
2.8825460E-03,-4.996E-02
2.8825465E-03,-5.076E-02
2.8825470E-03,-4.996E-02
2.8825475E-03,-5.076E-02
2.8825480E-03,-4.996E-02
2.8825485E-03,-5.076E-02
2.8825490E-03,-4.916E-02
2.8825495E-03,-4.996E-02
2.8825500E-03,-4.916E-02
2.8825505E-03,-5.076E-02
2.8825510E-03,-4.996E-02
2.8825515E-03,-5.076E-02
2.8825520E-03,-4.996E-02
2.8825525E-03,-5.076E-02
2.8825530E-03,-4.996E-02
2.8825535E-03,-5.156E-02
2.8825540E-03,-4.996E-02
2.8825545E-03,-5.076E-02
2.8825550E-03,-4.996E-02
2.8825555E-03,-5.076E-02
2.8825560E-03,-4.996E-02
2.8825565E-03,-4.996E-02
2.8825570E-03,-4.996E-02
2.8825575E-03,-4.996E-02
2.8825580E-03,-4.916E-02
2.8825585E-03,-4.996E-02
2.8825590E-03,-4.996E-02
2.8825595E-03,-4.996E-02
2.8825600E-03,-4.996E-02
2.8825605E-03,-5.076E-02
2.8825610E-03,-4.996E-02
2.8825615E-03,-4.996E-02
2.8825620E-03,-4.996E-02
2.8825625E-03,-5.076E-02
2.8825630E-03,-4.916E-02
2.8825635E-03,-5.076E-02
2.8825640E-03,-4.996E-02
2.8825645E-03,-5.076E-02
2.8825650E-03,-4.996E-02
2.8825655E-03,-4.996E-02
2.8825660E-03,-4.996E-02
2.8825665E-03,-5.076E-02
2.8825670E-03,-4.996E-02
2.8825675E-03,-5.076E-02
2.8825680E-03,-4.996E-02
2.8825685E-03,-5.076E-02
2.8825690E-03,-4.996E-02
2.8825695E-03,-5.076E-02
2.8825700E-03,-4.996E-02
2.8825705E-03,-4.996E-02
2.8825710E-03,-4.996E-02
2.8825715E-03,-4.996E-02
2.8825720E-03,-4.996E-02
2.8825725E-03,-4.996E-02
2.8825730E-03,-4.996E-02
2.8825735E-03,-4.996E-02
2.8825740E-03,-4.996E-02
2.8825745E-03,-4.996E-02
2.8825750E-03,-4.996E-02
2.8825755E-03,-5.076E-02
2.8825760E-03,-4.916E-02
2.8825765E-03,-4.996E-02
2.8825770E-03,-4.996E-02
2.8825775E-03,-4.996E-02
2.8825780E-03,-4.916E-02
2.8825785E-03,-4.996E-02
2.8825790E-03,-4.996E-02
2.8825795E-03,-5.076E-02
2.8825800E-03,-4.996E-02
2.8825805E-03,-4.996E-02
2.8825810E-03,-4.916E-02
2.8825815E-03,-4.996E-02
2.8825820E-03,-4.916E-02
2.8825825E-03,-4.996E-02
2.8825830E-03,-4.996E-02
2.8825835E-03,-5.076E-02
2.8825840E-03,-4.916E-02
2.8825845E-03,-4.996E-02
2.8825850E-03,-4.996E-02
2.8825855E-03,-4.996E-02
2.8825860E-03,-4.996E-02
2.8825865E-03,-4.996E-02
2.8825870E-03,-4.996E-02
2.8825875E-03,-5.076E-02
2.8825880E-03,-4.996E-02
2.8825885E-03,-5.076E-02
2.8825890E-03,-4.996E-02
2.8825895E-03,-4.996E-02
2.8825900E-03,-4.916E-02
2.8825905E-03,-4.996E-02
2.8825910E-03,-4.916E-02
2.8825915E-03,-4.996E-02
2.8825920E-03,-4.836E-02
2.8825925E-03,-4.996E-02
2.8825930E-03,-4.916E-02
2.8825935E-03,-4.916E-02
2.8825940E-03,-4.916E-02
2.8825945E-03,-4.996E-02
2.8825950E-03,-4.916E-02
2.8825955E-03,-4.916E-02
2.8825960E-03,-4.916E-02
2.8825965E-03,-4.916E-02
2.8825970E-03,-4.836E-02
2.8825975E-03,-4.916E-02
2.8825980E-03,-4.916E-02
2.8825985E-03,-4.996E-02
2.8825990E-03,-4.916E-02
2.8825995E-03,-4.996E-02
2.8826000E-03,-4.916E-02
2.8826005E-03,-4.996E-02
2.8826010E-03,-4.916E-02
2.8826015E-03,-4.996E-02
2.8826020E-03,-4.916E-02
2.8826025E-03,-4.916E-02
2.8826030E-03,-4.916E-02
2.8826035E-03,-4.996E-02
2.8826040E-03,-4.916E-02
2.8826045E-03,-4.996E-02
2.8826050E-03,-4.916E-02
2.8826055E-03,-4.916E-02
2.8826060E-03,-4.916E-02
2.8826065E-03,-4.916E-02
2.8826070E-03,-4.916E-02
2.8826075E-03,-4.916E-02
2.8826080E-03,-4.836E-02
2.8826085E-03,-4.916E-02
2.8826090E-03,-4.836E-02
2.8826095E-03,-4.916E-02
2.8826100E-03,-4.836E-02
2.8826105E-03,-4.916E-02
2.8826110E-03,-4.836E-02
2.8826115E-03,-4.836E-02
2.8826120E-03,-4.836E-02
2.8826125E-03,-4.836E-02
2.8826130E-03,-4.836E-02
2.8826135E-03,-4.836E-02
2.8826140E-03,-4.836E-02
2.8826145E-03,-4.916E-02
2.8826150E-03,-4.836E-02
2.8826155E-03,-4.916E-02
2.8826160E-03,-4.836E-02
2.8826165E-03,-4.916E-02
2.8826170E-03,-4.836E-02
2.8826175E-03,-4.916E-02
2.8826180E-03,-4.916E-02
2.8826185E-03,-4.996E-02
2.8826190E-03,-4.836E-02
2.8826195E-03,-4.916E-02
2.8826200E-03,-4.836E-02
2.8826205E-03,-4.916E-02
2.8826210E-03,-4.836E-02
2.8826215E-03,-4.916E-02
2.8826220E-03,-4.836E-02
2.8826225E-03,-4.836E-02
2.8826230E-03,-4.836E-02
2.8826235E-03,-4.836E-02
2.8826240E-03,-4.756E-02
2.8826245E-03,-4.756E-02
2.8826250E-03,-4.756E-02
2.8826255E-03,-4.756E-02
2.8826260E-03,-4.756E-02
2.8826265E-03,-4.756E-02
2.8826270E-03,-4.756E-02
2.8826275E-03,-4.756E-02
2.8826280E-03,-4.676E-02
2.8826285E-03,-4.836E-02
2.8826290E-03,-4.756E-02
2.8826295E-03,-4.836E-02
2.8826300E-03,-4.836E-02
2.8826305E-03,-4.756E-02
2.8826310E-03,-4.836E-02
2.8826315E-03,-4.836E-02
2.8826320E-03,-4.756E-02
2.8826325E-03,-4.836E-02
2.8826330E-03,-4.836E-02
2.8826335E-03,-4.836E-02
2.8826340E-03,-4.756E-02
2.8826345E-03,-4.836E-02
2.8826350E-03,-4.756E-02
2.8826355E-03,-4.836E-02
2.8826360E-03,-4.756E-02
2.8826365E-03,-4.836E-02
2.8826370E-03,-4.756E-02
2.8826375E-03,-4.756E-02
2.8826380E-03,-4.676E-02
2.8826385E-03,-4.756E-02
2.8826390E-03,-4.676E-02
2.8826395E-03,-4.676E-02
2.8826400E-03,-4.676E-02
2.8826405E-03,-4.756E-02
2.8826410E-03,-4.676E-02
2.8826415E-03,-4.756E-02
2.8826420E-03,-4.676E-02
2.8826425E-03,-4.756E-02
2.8826430E-03,-4.676E-02
2.8826435E-03,-4.676E-02
2.8826440E-03,-4.676E-02
2.8826445E-03,-4.676E-02
2.8826450E-03,-4.676E-02
2.8826455E-03,-4.676E-02
2.8826460E-03,-4.676E-02
2.8826465E-03,-4.676E-02
2.8826470E-03,-4.676E-02
2.8826475E-03,-4.756E-02
2.8826480E-03,-4.676E-02
2.8826485E-03,-4.676E-02
2.8826490E-03,-4.676E-02
2.8826495E-03,-4.756E-02
2.8826500E-03,-4.676E-02
2.8826505E-03,-4.756E-02
2.8826510E-03,-4.676E-02
2.8826515E-03,-4.676E-02
2.8826520E-03,-4.676E-02
2.8826525E-03,-4.676E-02
2.8826530E-03,-4.596E-02
2.8826535E-03,-4.756E-02
2.8826540E-03,-4.676E-02
2.8826545E-03,-4.676E-02
2.8826550E-03,-4.596E-02
2.8826555E-03,-4.676E-02
2.8826560E-03,-4.596E-02
2.8826565E-03,-4.596E-02
2.8826570E-03,-4.516E-02
2.8826575E-03,-4.596E-02
2.8826580E-03,-4.516E-02
2.8826585E-03,-4.596E-02
2.8826590E-03,-4.516E-02
2.8826595E-03,-4.516E-02
2.8826600E-03,-4.516E-02
2.8826605E-03,-4.596E-02
2.8826610E-03,-4.516E-02
2.8826615E-03,-4.596E-02
2.8826620E-03,-4.516E-02
2.8826625E-03,-4.596E-02
2.8826630E-03,-4.516E-02
2.8826635E-03,-4.596E-02
2.8826640E-03,-4.516E-02
2.8826645E-03,-4.596E-02
2.8826650E-03,-4.596E-02
2.8826655E-03,-4.596E-02
2.8826660E-03,-4.596E-02
2.8826665E-03,-4.516E-02
2.8826670E-03,-4.596E-02
2.8826675E-03,-4.596E-02
2.8826680E-03,-4.596E-02
2.8826685E-03,-4.516E-02
2.8826690E-03,-4.516E-02
2.8826695E-03,-4.516E-02
2.8826700E-03,-4.516E-02
2.8826705E-03,-4.516E-02
2.8826710E-03,-4.516E-02
2.8826715E-03,-4.516E-02
2.8826720E-03,-4.436E-02
2.8826725E-03,-4.516E-02
2.8826730E-03,-4.516E-02
2.8826735E-03,-4.516E-02
2.8826740E-03,-4.516E-02
2.8826745E-03,-4.436E-02
2.8826750E-03,-4.436E-02
2.8826755E-03,-4.436E-02
2.8826760E-03,-4.436E-02
2.8826765E-03,-4.436E-02
2.8826770E-03,-4.436E-02
2.8826775E-03,-4.436E-02
2.8826780E-03,-4.436E-02
2.8826785E-03,-4.516E-02
2.8826790E-03,-4.436E-02
2.8826795E-03,-4.516E-02
2.8826800E-03,-4.436E-02
2.8826805E-03,-4.516E-02
2.8826810E-03,-4.436E-02
2.8826815E-03,-4.436E-02
2.8826820E-03,-4.436E-02
2.8826825E-03,-4.516E-02
2.8826830E-03,-4.436E-02
2.8826835E-03,-4.516E-02
2.8826840E-03,-4.436E-02
2.8826845E-03,-4.436E-02
2.8826850E-03,-4.356E-02
2.8826855E-03,-4.436E-02
2.8826860E-03,-4.356E-02
2.8826865E-03,-4.436E-02
2.8826870E-03,-4.356E-02
2.8826875E-03,-4.356E-02
2.8826880E-03,-4.276E-02
2.8826885E-03,-4.356E-02
2.8826890E-03,-4.276E-02
2.8826895E-03,-4.356E-02
2.8826900E-03,-4.276E-02
2.8826905E-03,-4.276E-02
2.8826910E-03,-4.276E-02
2.8826915E-03,-4.276E-02
2.8826920E-03,-4.276E-02
2.8826925E-03,-4.276E-02
2.8826930E-03,-4.276E-02
2.8826935E-03,-4.356E-02
2.8826940E-03,-4.356E-02
2.8826945E-03,-4.356E-02
2.8826950E-03,-4.356E-02
2.8826955E-03,-4.356E-02
2.8826960E-03,-4.356E-02
2.8826965E-03,-4.356E-02
2.8826970E-03,-4.356E-02
2.8826975E-03,-4.276E-02
2.8826980E-03,-4.276E-02
2.8826985E-03,-4.356E-02
2.8826990E-03,-4.276E-02
2.8826995E-03,-4.356E-02
2.8827000E-03,-4.276E-02
2.8827005E-03,-4.276E-02
2.8827010E-03,-4.276E-02
2.8827015E-03,-4.276E-02
2.8827020E-03,-4.196E-02
2.8827025E-03,-4.196E-02
2.8827030E-03,-4.196E-02
2.8827035E-03,-4.196E-02
2.8827040E-03,-4.196E-02
2.8827045E-03,-4.196E-02
2.8827050E-03,-4.116E-02
2.8827055E-03,-4.116E-02
2.8827060E-03,-4.116E-02
2.8827065E-03,-4.196E-02
2.8827070E-03,-4.116E-02
2.8827075E-03,-4.116E-02
2.8827080E-03,-4.116E-02
2.8827085E-03,-4.116E-02
2.8827090E-03,-4.116E-02
2.8827095E-03,-4.116E-02
2.8827100E-03,-4.116E-02
2.8827105E-03,-4.196E-02
2.8827110E-03,-4.116E-02
2.8827115E-03,-4.196E-02
2.8827120E-03,-4.116E-02
2.8827125E-03,-4.196E-02
2.8827130E-03,-4.116E-02
2.8827135E-03,-4.116E-02
2.8827140E-03,-4.116E-02
2.8827145E-03,-4.196E-02
2.8827150E-03,-4.196E-02
2.8827155E-03,-4.116E-02
2.8827160E-03,-4.116E-02
2.8827165E-03,-4.116E-02
2.8827170E-03,-4.116E-02
2.8827175E-03,-4.116E-02
2.8827180E-03,-4.116E-02
2.8827185E-03,-4.116E-02
2.8827190E-03,-4.036E-02
2.8827195E-03,-4.036E-02
2.8827200E-03,-4.036E-02
2.8827205E-03,-3.956E-02
2.8827210E-03,-3.956E-02
2.8827215E-03,-3.956E-02
2.8827220E-03,-3.956E-02
2.8827225E-03,-3.956E-02
2.8827230E-03,-3.956E-02
2.8827235E-03,-4.036E-02
2.8827240E-03,-3.956E-02
2.8827245E-03,-3.956E-02
2.8827250E-03,-3.956E-02
2.8827255E-03,-3.956E-02
2.8827260E-03,-3.956E-02
2.8827265E-03,-4.036E-02
2.8827270E-03,-3.956E-02
2.8827275E-03,-4.036E-02
2.8827280E-03,-3.956E-02
2.8827285E-03,-3.956E-02
2.8827290E-03,-4.036E-02
2.8827295E-03,-4.036E-02
2.8827300E-03,-3.956E-02
2.8827305E-03,-3.956E-02
2.8827310E-03,-3.956E-02
2.8827315E-03,-3.956E-02
2.8827320E-03,-3.876E-02
2.8827325E-03,-3.956E-02
2.8827330E-03,-3.876E-02
2.8827335E-03,-3.876E-02
2.8827340E-03,-3.796E-02
2.8827345E-03,-3.876E-02
2.8827350E-03,-3.796E-02
2.8827355E-03,-3.796E-02
2.8827360E-03,-3.796E-02
2.8827365E-03,-3.876E-02
2.8827370E-03,-3.796E-02
2.8827375E-03,-3.796E-02
2.8827380E-03,-3.796E-02
2.8827385E-03,-3.796E-02
2.8827390E-03,-3.796E-02
2.8827395E-03,-3.876E-02
2.8827400E-03,-3.796E-02
2.8827405E-03,-3.796E-02
2.8827410E-03,-3.716E-02
2.8827415E-03,-3.796E-02
2.8827420E-03,-3.716E-02
2.8827425E-03,-3.796E-02
2.8827430E-03,-3.796E-02
2.8827435E-03,-3.796E-02
2.8827440E-03,-3.876E-02
2.8827445E-03,-3.796E-02
2.8827450E-03,-3.876E-02
2.8827455E-03,-3.796E-02
2.8827460E-03,-3.796E-02
2.8827465E-03,-3.796E-02
2.8827470E-03,-3.796E-02
2.8827475E-03,-3.796E-02
2.8827480E-03,-3.716E-02
2.8827485E-03,-3.796E-02
2.8827490E-03,-3.716E-02
2.8827495E-03,-3.796E-02
2.8827500E-03,-3.716E-02
2.8827505E-03,-3.716E-02
2.8827510E-03,-3.636E-02
2.8827515E-03,-3.716E-02
2.8827520E-03,-3.556E-02
2.8827525E-03,-3.636E-02
2.8827530E-03,-3.556E-02
2.8827535E-03,-3.636E-02
2.8827540E-03,-3.556E-02
2.8827545E-03,-3.636E-02
2.8827550E-03,-3.556E-02
2.8827555E-03,-3.636E-02
2.8827560E-03,-3.636E-02
2.8827565E-03,-3.636E-02
2.8827570E-03,-3.556E-02
2.8827575E-03,-3.636E-02
2.8827580E-03,-3.636E-02
2.8827585E-03,-3.636E-02
2.8827590E-03,-3.636E-02
2.8827595E-03,-3.636E-02
2.8827600E-03,-3.636E-02
2.8827605E-03,-3.636E-02
2.8827610E-03,-3.636E-02
2.8827615E-03,-3.636E-02
2.8827620E-03,-3.556E-02
2.8827625E-03,-3.556E-02
2.8827630E-03,-3.556E-02
2.8827635E-03,-3.556E-02
2.8827640E-03,-3.556E-02
2.8827645E-03,-3.476E-02
2.8827650E-03,-3.476E-02
2.8827655E-03,-3.476E-02
2.8827660E-03,-3.476E-02
2.8827665E-03,-3.476E-02
2.8827670E-03,-3.476E-02
2.8827675E-03,-3.476E-02
2.8827680E-03,-3.396E-02
2.8827685E-03,-3.396E-02
2.8827690E-03,-3.396E-02
2.8827695E-03,-3.396E-02
2.8827700E-03,-3.396E-02
2.8827705E-03,-3.396E-02
2.8827710E-03,-3.396E-02
2.8827715E-03,-3.396E-02
2.8827720E-03,-3.396E-02
2.8827725E-03,-3.396E-02
2.8827730E-03,-3.316E-02
2.8827735E-03,-3.316E-02
2.8827740E-03,-3.396E-02
2.8827745E-03,-3.396E-02
2.8827750E-03,-3.476E-02
2.8827755E-03,-3.396E-02
2.8827760E-03,-3.476E-02
2.8827765E-03,-3.396E-02
2.8827770E-03,-3.476E-02
2.8827775E-03,-3.476E-02
2.8827780E-03,-3.396E-02
2.8827785E-03,-3.396E-02
2.8827790E-03,-3.396E-02
2.8827795E-03,-3.396E-02
2.8827800E-03,-3.316E-02
2.8827805E-03,-3.396E-02
2.8827810E-03,-3.316E-02
2.8827815E-03,-3.316E-02
2.8827820E-03,-3.316E-02
2.8827825E-03,-3.236E-02
2.8827830E-03,-3.236E-02
2.8827835E-03,-3.236E-02
2.8827840E-03,-3.156E-02
2.8827845E-03,-3.156E-02
2.8827850E-03,-3.156E-02
2.8827855E-03,-3.156E-02
2.8827860E-03,-3.156E-02
2.8827865E-03,-3.156E-02
2.8827870E-03,-3.156E-02
2.8827875E-03,-3.156E-02
2.8827880E-03,-3.156E-02
2.8827885E-03,-3.156E-02
2.8827890E-03,-3.156E-02
2.8827895E-03,-3.156E-02
2.8827900E-03,-3.156E-02
2.8827905E-03,-3.236E-02
2.8827910E-03,-3.156E-02
2.8827915E-03,-3.236E-02
2.8827920E-03,-3.236E-02
2.8827925E-03,-3.236E-02
2.8827930E-03,-3.236E-02
2.8827935E-03,-3.156E-02
2.8827940E-03,-3.156E-02
2.8827945E-03,-3.156E-02
2.8827950E-03,-3.076E-02
2.8827955E-03,-3.076E-02
2.8827960E-03,-3.076E-02
2.8827965E-03,-2.996E-02
2.8827970E-03,-3.076E-02
2.8827975E-03,-3.076E-02
2.8827980E-03,-2.996E-02
2.8827985E-03,-2.996E-02
2.8827990E-03,-2.996E-02
2.8827995E-03,-2.916E-02
2.8828000E-03,-2.916E-02
2.8828005E-03,-2.916E-02
2.8828010E-03,-2.916E-02
2.8828015E-03,-2.916E-02
2.8828020E-03,-2.916E-02
2.8828025E-03,-2.996E-02
2.8828030E-03,-2.996E-02
2.8828035E-03,-2.916E-02
2.8828040E-03,-2.916E-02
2.8828045E-03,-2.916E-02
2.8828050E-03,-2.836E-02
2.8828055E-03,-2.916E-02
2.8828060E-03,-2.916E-02
2.8828065E-03,-2.916E-02
2.8828070E-03,-2.916E-02
2.8828075E-03,-2.996E-02
2.8828080E-03,-2.996E-02
2.8828085E-03,-2.996E-02
2.8828090E-03,-2.996E-02
2.8828095E-03,-2.996E-02
2.8828100E-03,-2.996E-02
2.8828105E-03,-2.916E-02
2.8828110E-03,-2.996E-02
2.8828115E-03,-2.916E-02
2.8828120E-03,-2.916E-02
2.8828125E-03,-2.916E-02
2.8828130E-03,-2.836E-02
2.8828135E-03,-2.836E-02
2.8828140E-03,-2.756E-02
2.8828145E-03,-2.756E-02
2.8828150E-03,-2.756E-02
2.8828155E-03,-2.756E-02
2.8828160E-03,-2.676E-02
2.8828165E-03,-2.676E-02
2.8828170E-03,-2.676E-02
2.8828175E-03,-2.596E-02
2.8828180E-03,-2.596E-02
2.8828185E-03,-2.596E-02
2.8828190E-03,-2.596E-02
2.8828195E-03,-2.676E-02
2.8828200E-03,-2.596E-02
2.8828205E-03,-2.676E-02
2.8828210E-03,-2.676E-02
2.8828215E-03,-2.676E-02
2.8828220E-03,-2.676E-02
2.8828225E-03,-2.756E-02
2.8828230E-03,-2.756E-02
2.8828235E-03,-2.756E-02
2.8828240E-03,-2.756E-02
2.8828245E-03,-2.756E-02
2.8828250E-03,-2.756E-02
2.8828255E-03,-2.676E-02
2.8828260E-03,-2.676E-02
2.8828265E-03,-2.596E-02
2.8828270E-03,-2.676E-02
2.8828275E-03,-2.596E-02
2.8828280E-03,-2.596E-02
2.8828285E-03,-2.516E-02
2.8828290E-03,-2.596E-02
2.8828295E-03,-2.516E-02
2.8828300E-03,-2.516E-02
2.8828305E-03,-2.516E-02
2.8828310E-03,-2.516E-02
2.8828315E-03,-2.436E-02
2.8828320E-03,-2.436E-02
2.8828325E-03,-2.436E-02
2.8828330E-03,-2.436E-02
2.8828335E-03,-2.436E-02
2.8828340E-03,-2.436E-02
2.8828345E-03,-2.436E-02
2.8828350E-03,-2.436E-02
2.8828355E-03,-2.436E-02
2.8828360E-03,-2.436E-02
2.8828365E-03,-2.356E-02
2.8828370E-03,-2.276E-02
2.8828375E-03,-2.356E-02
2.8828380E-03,-2.356E-02
2.8828385E-03,-2.436E-02
2.8828390E-03,-2.436E-02
2.8828395E-03,-2.436E-02
2.8828400E-03,-2.436E-02
2.8828405E-03,-2.516E-02
2.8828410E-03,-2.436E-02
2.8828415E-03,-2.436E-02
2.8828420E-03,-2.356E-02
2.8828425E-03,-2.356E-02
2.8828430E-03,-2.356E-02
2.8828435E-03,-2.436E-02
2.8828440E-03,-2.436E-02
2.8828445E-03,-2.356E-02
2.8828450E-03,-2.436E-02
2.8828455E-03,-2.356E-02
2.8828460E-03,-2.356E-02
2.8828465E-03,-2.356E-02
2.8828470E-03,-2.276E-02
2.8828475E-03,-2.196E-02
2.8828480E-03,-2.116E-02
2.8828485E-03,-2.196E-02
2.8828490E-03,-2.116E-02
2.8828495E-03,-2.116E-02
2.8828500E-03,-2.196E-02
2.8828505E-03,-2.116E-02
2.8828510E-03,-2.116E-02
2.8828515E-03,-2.116E-02
2.8828520E-03,-2.116E-02
2.8828525E-03,-2.116E-02
2.8828530E-03,-2.116E-02
2.8828535E-03,-2.116E-02
2.8828540E-03,-2.116E-02
2.8828545E-03,-2.116E-02
2.8828550E-03,-2.196E-02
2.8828555E-03,-2.196E-02
2.8828560E-03,-2.196E-02
2.8828565E-03,-2.196E-02
2.8828570E-03,-2.196E-02
2.8828575E-03,-2.196E-02
2.8828580E-03,-2.196E-02
2.8828585E-03,-2.196E-02
2.8828590E-03,-2.116E-02
2.8828595E-03,-2.196E-02
2.8828600E-03,-2.116E-02
2.8828605E-03,-2.036E-02
2.8828610E-03,-2.036E-02
2.8828615E-03,-1.956E-02
2.8828620E-03,-1.956E-02
2.8828625E-03,-1.956E-02
2.8828630E-03,-1.956E-02
2.8828635E-03,-1.956E-02
2.8828640E-03,-1.956E-02
2.8828645E-03,-1.956E-02
2.8828650E-03,-1.876E-02
2.8828655E-03,-1.956E-02
2.8828660E-03,-1.876E-02
2.8828665E-03,-1.876E-02
2.8828670E-03,-1.956E-02
2.8828675E-03,-1.876E-02
2.8828680E-03,-1.876E-02
2.8828685E-03,-1.876E-02
2.8828690E-03,-1.876E-02
2.8828695E-03,-1.876E-02
2.8828700E-03,-1.876E-02
2.8828705E-03,-1.876E-02
2.8828710E-03,-1.876E-02
2.8828715E-03,-1.956E-02
2.8828720E-03,-1.956E-02
2.8828725E-03,-1.956E-02
2.8828730E-03,-1.956E-02
2.8828735E-03,-1.956E-02
2.8828740E-03,-1.956E-02
2.8828745E-03,-1.956E-02
2.8828750E-03,-1.956E-02
2.8828755E-03,-1.876E-02
2.8828760E-03,-1.956E-02
2.8828765E-03,-1.876E-02
2.8828770E-03,-1.876E-02
2.8828775E-03,-1.796E-02
2.8828780E-03,-1.796E-02
2.8828785E-03,-1.796E-02
2.8828790E-03,-1.796E-02
2.8828795E-03,-1.716E-02
2.8828800E-03,-1.716E-02
2.8828805E-03,-1.636E-02
2.8828810E-03,-1.636E-02
2.8828815E-03,-1.556E-02
2.8828820E-03,-1.636E-02
2.8828825E-03,-1.556E-02
2.8828830E-03,-1.556E-02
2.8828835E-03,-1.476E-02
2.8828840E-03,-1.556E-02
2.8828845E-03,-1.476E-02
2.8828850E-03,-1.636E-02
2.8828855E-03,-1.556E-02
2.8828860E-03,-1.636E-02
2.8828865E-03,-1.636E-02
2.8828870E-03,-1.636E-02
2.8828875E-03,-1.636E-02
2.8828880E-03,-1.636E-02
2.8828885E-03,-1.636E-02
2.8828890E-03,-1.636E-02
2.8828895E-03,-1.556E-02
2.8828900E-03,-1.636E-02
2.8828905E-03,-1.556E-02
2.8828910E-03,-1.556E-02
2.8828915E-03,-1.556E-02
2.8828920E-03,-1.556E-02
2.8828925E-03,-1.556E-02
2.8828930E-03,-1.556E-02
2.8828935E-03,-1.476E-02
2.8828940E-03,-1.476E-02
2.8828945E-03,-1.396E-02
2.8828950E-03,-1.396E-02
2.8828955E-03,-1.396E-02
2.8828960E-03,-1.396E-02
2.8828965E-03,-1.316E-02
2.8828970E-03,-1.396E-02
2.8828975E-03,-1.316E-02
2.8828980E-03,-1.316E-02
2.8828985E-03,-1.396E-02
2.8828990E-03,-1.396E-02
2.8828995E-03,-1.316E-02
2.8829000E-03,-1.316E-02
2.8829005E-03,-1.316E-02
2.8829010E-03,-1.316E-02
2.8829015E-03,-1.236E-02
2.8829020E-03,-1.236E-02
2.8829025E-03,-1.236E-02
2.8829030E-03,-1.236E-02
2.8829035E-03,-1.316E-02
2.8829040E-03,-1.316E-02
2.8829045E-03,-1.316E-02
2.8829050E-03,-1.316E-02
2.8829055E-03,-1.316E-02
2.8829060E-03,-1.396E-02
2.8829065E-03,-1.316E-02
2.8829070E-03,-1.316E-02
2.8829075E-03,-1.316E-02
2.8829080E-03,-1.396E-02
2.8829085E-03,-1.236E-02
2.8829090E-03,-1.316E-02
2.8829095E-03,-1.236E-02
2.8829100E-03,-1.236E-02
2.8829105E-03,-1.156E-02
2.8829110E-03,-1.076E-02
2.8829115E-03,-1.076E-02
2.8829120E-03,-1.076E-02
2.8829125E-03,-9.964E-03
2.8829130E-03,-9.964E-03
2.8829135E-03,-1.076E-02
2.8829140E-03,-9.964E-03
2.8829145E-03,-1.076E-02
2.8829150E-03,-9.964E-03
2.8829155E-03,-1.076E-02
2.8829160E-03,-9.964E-03
2.8829165E-03,-9.964E-03
2.8829170E-03,-9.164E-03
2.8829175E-03,-9.964E-03
2.8829180E-03,-9.964E-03
2.8829185E-03,-1.076E-02
2.8829190E-03,-9.964E-03
2.8829195E-03,-1.076E-02
2.8829200E-03,-1.076E-02
2.8829205E-03,-1.076E-02
2.8829210E-03,-1.076E-02
2.8829215E-03,-1.076E-02
2.8829220E-03,-1.076E-02
2.8829225E-03,-9.964E-03
2.8829230E-03,-1.076E-02
2.8829235E-03,-9.964E-03
2.8829240E-03,-9.964E-03
2.8829245E-03,-9.164E-03
2.8829250E-03,-9.164E-03
2.8829255E-03,-8.364E-03
2.8829260E-03,-8.364E-03
2.8829265E-03,-8.364E-03
2.8829270E-03,-8.364E-03
2.8829275E-03,-8.364E-03
2.8829280E-03,-8.364E-03
2.8829285E-03,-7.564E-03
2.8829290E-03,-7.564E-03
2.8829295E-03,-7.564E-03
2.8829300E-03,-7.564E-03
2.8829305E-03,-7.564E-03
2.8829310E-03,-7.564E-03
2.8829315E-03,-6.764E-03
2.8829320E-03,-6.764E-03
2.8829325E-03,-7.564E-03
2.8829330E-03,-6.764E-03
2.8829335E-03,-6.764E-03
2.8829340E-03,-7.564E-03
2.8829345E-03,-7.564E-03
2.8829350E-03,-7.564E-03
2.8829355E-03,-7.564E-03
2.8829360E-03,-7.564E-03
2.8829365E-03,-7.564E-03
2.8829370E-03,-6.764E-03
2.8829375E-03,-7.564E-03
2.8829380E-03,-6.764E-03
2.8829385E-03,-6.764E-03
2.8829390E-03,-7.564E-03
2.8829395E-03,-7.564E-03
2.8829400E-03,-6.764E-03
2.8829405E-03,-6.764E-03
2.8829410E-03,-6.764E-03
2.8829415E-03,-6.764E-03
2.8829420E-03,-6.764E-03
2.8829425E-03,-5.964E-03
2.8829430E-03,-5.164E-03
2.8829435E-03,-5.164E-03
2.8829440E-03,-5.164E-03
2.8829445E-03,-5.164E-03
2.8829450E-03,-4.364E-03
2.8829455E-03,-4.364E-03
2.8829460E-03,-4.364E-03
2.8829465E-03,-4.364E-03
2.8829470E-03,-4.364E-03
2.8829475E-03,-4.364E-03
2.8829480E-03,-4.364E-03
2.8829485E-03,-4.364E-03
2.8829490E-03,-4.364E-03
2.8829495E-03,-4.364E-03
2.8829500E-03,-4.364E-03
2.8829505E-03,-5.164E-03
2.8829510E-03,-5.164E-03
2.8829515E-03,-5.164E-03
2.8829520E-03,-5.164E-03
2.8829525E-03,-5.164E-03
2.8829530E-03,-4.364E-03
2.8829535E-03,-4.364E-03
2.8829540E-03,-4.364E-03
2.8829545E-03,-4.364E-03
2.8829550E-03,-4.364E-03
2.8829555E-03,-4.364E-03
2.8829560E-03,-3.564E-03
2.8829565E-03,-3.564E-03
2.8829570E-03,-3.564E-03
2.8829575E-03,-3.564E-03
2.8829580E-03,-2.764E-03
2.8829585E-03,-2.764E-03
2.8829590E-03,-1.964E-03
2.8829595E-03,-1.964E-03
2.8829600E-03,-1.964E-03
2.8829605E-03,-1.964E-03
2.8829610E-03,-1.964E-03
2.8829615E-03,-1.964E-03
2.8829620E-03,-1.164E-03
2.8829625E-03,-1.964E-03
2.8829630E-03,-1.164E-03
2.8829635E-03,-1.164E-03
2.8829640E-03,-1.164E-03
2.8829645E-03,-1.164E-03
2.8829650E-03,-3.643E-04
2.8829655E-03,-1.964E-03
2.8829660E-03,-3.643E-04
2.8829665E-03,-1.164E-03
2.8829670E-03,-1.164E-03
2.8829675E-03,-1.964E-03
2.8829680E-03,-1.164E-03
2.8829685E-03,-1.964E-03
2.8829690E-03,-1.164E-03
2.8829695E-03,-1.964E-03
2.8829700E-03,-1.964E-03
2.8829705E-03,-1.964E-03
2.8829710E-03,-1.164E-03
2.8829715E-03,-1.964E-03
2.8829720E-03,-1.164E-03
2.8829725E-03,-1.164E-03
2.8829730E-03,-3.643E-04
2.8829735E-03,-3.643E-04
2.8829740E-03,-1.164E-03
2.8829745E-03,-3.643E-04
2.8829750E-03,4.357E-04
2.8829755E-03,4.357E-04
2.8829760E-03,1.236E-03
2.8829765E-03,1.236E-03
2.8829770E-03,1.236E-03
2.8829775E-03,1.236E-03
2.8829780E-03,1.236E-03
2.8829785E-03,2.036E-03
2.8829790E-03,2.036E-03
2.8829795E-03,2.036E-03
2.8829800E-03,2.036E-03
2.8829805E-03,2.036E-03
2.8829810E-03,2.036E-03
2.8829815E-03,4.357E-04
2.8829820E-03,1.236E-03
2.8829825E-03,1.236E-03
2.8829830E-03,4.357E-04
2.8829835E-03,4.357E-04
2.8829840E-03,4.357E-04
2.8829845E-03,4.357E-04
2.8829850E-03,1.236E-03
2.8829855E-03,1.236E-03
2.8829860E-03,1.236E-03
2.8829865E-03,2.036E-03
2.8829870E-03,2.036E-03
2.8829875E-03,1.236E-03
2.8829880E-03,2.036E-03
2.8829885E-03,2.036E-03
2.8829890E-03,2.836E-03
2.8829895E-03,2.836E-03
2.8829900E-03,3.636E-03
2.8829905E-03,3.636E-03
2.8829910E-03,4.436E-03
2.8829915E-03,3.636E-03
2.8829920E-03,4.436E-03
2.8829925E-03,4.436E-03
2.8829930E-03,3.636E-03
2.8829935E-03,3.636E-03
2.8829940E-03,3.636E-03
2.8829945E-03,3.636E-03
2.8829950E-03,4.436E-03
2.8829955E-03,4.436E-03
2.8829960E-03,4.436E-03
2.8829965E-03,4.436E-03
2.8829970E-03,4.436E-03
2.8829975E-03,3.636E-03
2.8829980E-03,4.436E-03
2.8829985E-03,4.436E-03
2.8829990E-03,4.436E-03
2.8829995E-03,4.436E-03
2.8830000E-03,4.436E-03
2.8830005E-03,4.436E-03
2.8830010E-03,4.436E-03
2.8830015E-03,4.436E-03
2.8830020E-03,3.636E-03
2.8830025E-03,3.636E-03
2.8830030E-03,4.436E-03
2.8830035E-03,4.436E-03
2.8830040E-03,4.436E-03
2.8830045E-03,4.436E-03
2.8830050E-03,5.236E-03
2.8830055E-03,5.236E-03
2.8830060E-03,5.236E-03
2.8830065E-03,5.236E-03
2.8830070E-03,6.036E-03
2.8830075E-03,6.036E-03
2.8830080E-03,6.036E-03
2.8830085E-03,6.836E-03
2.8830090E-03,6.836E-03
2.8830095E-03,6.836E-03
2.8830100E-03,7.636E-03
2.8830105E-03,6.836E-03
2.8830110E-03,7.636E-03
2.8830115E-03,7.636E-03
2.8830120E-03,7.636E-03
2.8830125E-03,8.436E-03
2.8830130E-03,7.636E-03
2.8830135E-03,6.836E-03
2.8830140E-03,6.836E-03
2.8830145E-03,6.836E-03
2.8830150E-03,6.836E-03
2.8830155E-03,6.036E-03
2.8830160E-03,6.836E-03
2.8830165E-03,6.036E-03
2.8830170E-03,6.836E-03
2.8830175E-03,6.836E-03
2.8830180E-03,6.836E-03
2.8830185E-03,7.636E-03
2.8830190E-03,7.636E-03
2.8830195E-03,7.636E-03
2.8830200E-03,7.636E-03
2.8830205E-03,8.436E-03
2.8830210E-03,8.436E-03
2.8830215E-03,9.236E-03
2.8830220E-03,9.236E-03
2.8830225E-03,1.004E-02
2.8830230E-03,9.236E-03
2.8830235E-03,1.004E-02
2.8830240E-03,1.004E-02
2.8830245E-03,1.004E-02
2.8830250E-03,1.004E-02
2.8830255E-03,1.004E-02
2.8830260E-03,1.004E-02
2.8830265E-03,1.004E-02
2.8830270E-03,1.004E-02
2.8830275E-03,1.004E-02
2.8830280E-03,1.004E-02
2.8830285E-03,1.084E-02
2.8830290E-03,1.004E-02
2.8830295E-03,1.004E-02
2.8830300E-03,1.004E-02
2.8830305E-03,1.004E-02
2.8830310E-03,1.004E-02
2.8830315E-03,9.236E-03
2.8830320E-03,1.004E-02
2.8830325E-03,1.004E-02
2.8830330E-03,1.004E-02
2.8830335E-03,1.004E-02
2.8830340E-03,1.004E-02
2.8830345E-03,9.236E-03
2.8830350E-03,1.004E-02
2.8830355E-03,1.004E-02
2.8830360E-03,1.004E-02
2.8830365E-03,1.004E-02
2.8830370E-03,1.084E-02
2.8830375E-03,1.164E-02
2.8830380E-03,1.164E-02
2.8830385E-03,1.164E-02
2.8830390E-03,1.244E-02
2.8830395E-03,1.244E-02
2.8830400E-03,1.244E-02
2.8830405E-03,1.244E-02
2.8830410E-03,1.324E-02
2.8830415E-03,1.244E-02
2.8830420E-03,1.324E-02
2.8830425E-03,1.324E-02
2.8830430E-03,1.244E-02
2.8830435E-03,1.324E-02
2.8830440E-03,1.324E-02
2.8830445E-03,1.404E-02
2.8830450E-03,1.324E-02
2.8830455E-03,1.324E-02
2.8830460E-03,1.244E-02
2.8830465E-03,1.244E-02
2.8830470E-03,1.164E-02
2.8830475E-03,1.244E-02
2.8830480E-03,1.244E-02
2.8830485E-03,1.164E-02
2.8830490E-03,1.244E-02
2.8830495E-03,1.244E-02
2.8830500E-03,1.244E-02
2.8830505E-03,1.324E-02
2.8830510E-03,1.324E-02
2.8830515E-03,1.324E-02
2.8830520E-03,1.404E-02
2.8830525E-03,1.404E-02
2.8830530E-03,1.484E-02
2.8830535E-03,1.484E-02
2.8830540E-03,1.484E-02
2.8830545E-03,1.484E-02
2.8830550E-03,1.484E-02
2.8830555E-03,1.484E-02
2.8830560E-03,1.484E-02
2.8830565E-03,1.564E-02
2.8830570E-03,1.564E-02
2.8830575E-03,1.564E-02
2.8830580E-03,1.564E-02
2.8830585E-03,1.564E-02
2.8830590E-03,1.564E-02
2.8830595E-03,1.484E-02
2.8830600E-03,1.564E-02
2.8830605E-03,1.564E-02
2.8830610E-03,1.644E-02
2.8830615E-03,1.564E-02
2.8830620E-03,1.564E-02
2.8830625E-03,1.564E-02
2.8830630E-03,1.564E-02
2.8830635E-03,1.564E-02
2.8830640E-03,1.564E-02
2.8830645E-03,1.564E-02
2.8830650E-03,1.564E-02
2.8830655E-03,1.484E-02
2.8830660E-03,1.564E-02
2.8830665E-03,1.564E-02
2.8830670E-03,1.564E-02
2.8830675E-03,1.644E-02
2.8830680E-03,1.644E-02
2.8830685E-03,1.644E-02
2.8830690E-03,1.644E-02
2.8830695E-03,1.644E-02
2.8830700E-03,1.644E-02
2.8830705E-03,1.724E-02
2.8830710E-03,1.724E-02
2.8830715E-03,1.804E-02
2.8830720E-03,1.724E-02
2.8830725E-03,1.804E-02
2.8830730E-03,1.804E-02
2.8830735E-03,1.804E-02
2.8830740E-03,1.884E-02
2.8830745E-03,1.884E-02
2.8830750E-03,1.884E-02
2.8830755E-03,1.964E-02
2.8830760E-03,1.884E-02
2.8830765E-03,1.884E-02
2.8830770E-03,1.884E-02
2.8830775E-03,1.884E-02
2.8830780E-03,1.724E-02
2.8830785E-03,1.804E-02
2.8830790E-03,1.724E-02
2.8830795E-03,1.804E-02
2.8830800E-03,1.804E-02
2.8830805E-03,1.804E-02
2.8830810E-03,1.804E-02
2.8830815E-03,1.884E-02
2.8830820E-03,1.884E-02
2.8830825E-03,1.884E-02
2.8830830E-03,1.884E-02
2.8830835E-03,1.884E-02
2.8830840E-03,1.884E-02
2.8830845E-03,1.884E-02
2.8830850E-03,1.964E-02
2.8830855E-03,2.044E-02
2.8830860E-03,1.964E-02
2.8830865E-03,2.044E-02
2.8830870E-03,2.044E-02
2.8830875E-03,2.124E-02
2.8830880E-03,2.044E-02
2.8830885E-03,2.124E-02
2.8830890E-03,2.044E-02
2.8830895E-03,2.124E-02
2.8830900E-03,2.124E-02
2.8830905E-03,2.124E-02
2.8830910E-03,2.124E-02
2.8830915E-03,2.124E-02
2.8830920E-03,2.124E-02
2.8830925E-03,2.124E-02
2.8830930E-03,2.124E-02
2.8830935E-03,2.124E-02
2.8830940E-03,2.124E-02
2.8830945E-03,2.124E-02
2.8830950E-03,2.044E-02
2.8830955E-03,2.044E-02
2.8830960E-03,2.044E-02
2.8830965E-03,2.124E-02
2.8830970E-03,2.044E-02
2.8830975E-03,2.044E-02
2.8830980E-03,2.124E-02
2.8830985E-03,2.044E-02
2.8830990E-03,2.124E-02
2.8830995E-03,2.124E-02
2.8831000E-03,2.124E-02
2.8831005E-03,2.124E-02
2.8831010E-03,2.124E-02
2.8831015E-03,2.124E-02
2.8831020E-03,2.124E-02
2.8831025E-03,2.204E-02
2.8831030E-03,2.284E-02
2.8831035E-03,2.284E-02
2.8831040E-03,2.284E-02
2.8831045E-03,2.364E-02
2.8831050E-03,2.364E-02
2.8831055E-03,2.364E-02
2.8831060E-03,2.444E-02
2.8831065E-03,2.364E-02
2.8831070E-03,2.364E-02
2.8831075E-03,2.364E-02
2.8831080E-03,2.364E-02
2.8831085E-03,2.444E-02
2.8831090E-03,2.364E-02
2.8831095E-03,2.364E-02
2.8831100E-03,2.364E-02
2.8831105E-03,2.364E-02
2.8831110E-03,2.364E-02
2.8831115E-03,2.284E-02
2.8831120E-03,2.284E-02
2.8831125E-03,2.284E-02
2.8831130E-03,2.204E-02
2.8831135E-03,2.284E-02
2.8831140E-03,2.284E-02
2.8831145E-03,2.364E-02
2.8831150E-03,2.364E-02
2.8831155E-03,2.364E-02
2.8831160E-03,2.364E-02
2.8831165E-03,2.444E-02
2.8831170E-03,2.444E-02
2.8831175E-03,2.524E-02
2.8831180E-03,2.524E-02
2.8831185E-03,2.524E-02
2.8831190E-03,2.604E-02
2.8831195E-03,2.604E-02
2.8831200E-03,2.604E-02
2.8831205E-03,2.604E-02
2.8831210E-03,2.604E-02
2.8831215E-03,2.524E-02
2.8831220E-03,2.524E-02
2.8831225E-03,2.524E-02
2.8831230E-03,2.524E-02
2.8831235E-03,2.604E-02
2.8831240E-03,2.604E-02
2.8831245E-03,2.684E-02
2.8831250E-03,2.684E-02
2.8831255E-03,2.684E-02
2.8831260E-03,2.604E-02
2.8831265E-03,2.684E-02
2.8831270E-03,2.604E-02
2.8831275E-03,2.604E-02
2.8831280E-03,2.604E-02
2.8831285E-03,2.604E-02
2.8831290E-03,2.604E-02
2.8831295E-03,2.604E-02
2.8831300E-03,2.604E-02
2.8831305E-03,2.524E-02
2.8831310E-03,2.604E-02
2.8831315E-03,2.604E-02
2.8831320E-03,2.524E-02
2.8831325E-03,2.604E-02
2.8831330E-03,2.604E-02
2.8831335E-03,2.684E-02
2.8831340E-03,2.684E-02
2.8831345E-03,2.684E-02
2.8831350E-03,2.764E-02
2.8831355E-03,2.764E-02
2.8831360E-03,2.844E-02
2.8831365E-03,2.844E-02
2.8831370E-03,2.844E-02
2.8831375E-03,2.924E-02
2.8831380E-03,2.924E-02
2.8831385E-03,2.924E-02
2.8831390E-03,2.924E-02
2.8831395E-03,2.924E-02
2.8831400E-03,2.924E-02
2.8831405E-03,2.924E-02
2.8831410E-03,2.844E-02
2.8831415E-03,2.924E-02
2.8831420E-03,2.764E-02
2.8831425E-03,2.764E-02
2.8831430E-03,2.764E-02
2.8831435E-03,2.764E-02
2.8831440E-03,2.764E-02
2.8831445E-03,2.764E-02
2.8831450E-03,2.764E-02
2.8831455E-03,2.844E-02
2.8831460E-03,2.844E-02
2.8831465E-03,2.844E-02
2.8831470E-03,2.844E-02
2.8831475E-03,2.844E-02
2.8831480E-03,2.844E-02
2.8831485E-03,2.924E-02
2.8831490E-03,2.924E-02
2.8831495E-03,3.004E-02
2.8831500E-03,3.004E-02
2.8831505E-03,3.004E-02
2.8831510E-03,3.004E-02
2.8831515E-03,3.084E-02
2.8831520E-03,3.084E-02
2.8831525E-03,3.004E-02
2.8831530E-03,3.084E-02
2.8831535E-03,3.004E-02
2.8831540E-03,3.004E-02
2.8831545E-03,3.084E-02
2.8831550E-03,3.004E-02
2.8831555E-03,3.004E-02
2.8831560E-03,3.084E-02
2.8831565E-03,3.084E-02
2.8831570E-03,3.164E-02
2.8831575E-03,3.084E-02
2.8831580E-03,3.084E-02
2.8831585E-03,3.084E-02
2.8831590E-03,3.004E-02
2.8831595E-03,3.084E-02
2.8831600E-03,3.004E-02
2.8831605E-03,3.084E-02
2.8831610E-03,3.004E-02
2.8831615E-03,3.084E-02
2.8831620E-03,3.084E-02
2.8831625E-03,3.004E-02
2.8831630E-03,3.084E-02
2.8831635E-03,3.084E-02
2.8831640E-03,3.084E-02
2.8831645E-03,3.084E-02
2.8831650E-03,3.084E-02
2.8831655E-03,3.164E-02
2.8831660E-03,3.084E-02
2.8831665E-03,3.164E-02
2.8831670E-03,3.164E-02
2.8831675E-03,3.244E-02
2.8831680E-03,3.164E-02
2.8831685E-03,3.244E-02
2.8831690E-03,3.244E-02
2.8831695E-03,3.244E-02
2.8831700E-03,3.324E-02
2.8831705E-03,3.324E-02
2.8831710E-03,3.244E-02
2.8831715E-03,3.244E-02
2.8831720E-03,3.244E-02
2.8831725E-03,3.244E-02
2.8831730E-03,3.244E-02
2.8831735E-03,3.244E-02
2.8831740E-03,3.244E-02
2.8831745E-03,3.244E-02
2.8831750E-03,3.244E-02
2.8831755E-03,3.164E-02
2.8831760E-03,3.244E-02
2.8831765E-03,3.244E-02
2.8831770E-03,3.244E-02
2.8831775E-03,3.244E-02
2.8831780E-03,3.244E-02
2.8831785E-03,3.244E-02
2.8831790E-03,3.244E-02
2.8831795E-03,3.324E-02
2.8831800E-03,3.324E-02
2.8831805E-03,3.404E-02
2.8831810E-03,3.324E-02
2.8831815E-03,3.404E-02
2.8831820E-03,3.404E-02
2.8831825E-03,3.404E-02
2.8831830E-03,3.404E-02
2.8831835E-03,3.484E-02
2.8831840E-03,3.484E-02
2.8831845E-03,3.484E-02
2.8831850E-03,3.484E-02
2.8831855E-03,3.484E-02
2.8831860E-03,3.484E-02
2.8831865E-03,3.484E-02
2.8831870E-03,3.484E-02
2.8831875E-03,3.484E-02
2.8831880E-03,3.484E-02
2.8831885E-03,3.564E-02
2.8831890E-03,3.484E-02
2.8831895E-03,3.564E-02
2.8831900E-03,3.484E-02
2.8831905E-03,3.484E-02
2.8831910E-03,3.564E-02
2.8831915E-03,3.564E-02
2.8831920E-03,3.484E-02
2.8831925E-03,3.484E-02
2.8831930E-03,3.484E-02
2.8831935E-03,3.484E-02
2.8831940E-03,3.484E-02
2.8831945E-03,3.484E-02
2.8831950E-03,3.484E-02
2.8831955E-03,3.484E-02
2.8831960E-03,3.484E-02
2.8831965E-03,3.484E-02
2.8831970E-03,3.564E-02
2.8831975E-03,3.484E-02
2.8831980E-03,3.484E-02
2.8831985E-03,3.564E-02
2.8831990E-03,3.564E-02
2.8831995E-03,3.564E-02
2.8832000E-03,3.644E-02
2.8832005E-03,3.644E-02
2.8832010E-03,3.644E-02
2.8832015E-03,3.644E-02
2.8832020E-03,3.644E-02
2.8832025E-03,3.724E-02
2.8832030E-03,3.724E-02
2.8832035E-03,3.724E-02
2.8832040E-03,3.724E-02
2.8832045E-03,3.724E-02
2.8832050E-03,3.724E-02
2.8832055E-03,3.644E-02
2.8832060E-03,3.644E-02
2.8832065E-03,3.644E-02
2.8832070E-03,3.644E-02
2.8832075E-03,3.564E-02
2.8832080E-03,3.644E-02
2.8832085E-03,3.644E-02
2.8832090E-03,3.564E-02
2.8832095E-03,3.644E-02
2.8832100E-03,3.644E-02
2.8832105E-03,3.724E-02
2.8832110E-03,3.644E-02
2.8832115E-03,3.724E-02
2.8832120E-03,3.724E-02
2.8832125E-03,3.724E-02
2.8832130E-03,3.724E-02
2.8832135E-03,3.804E-02
2.8832140E-03,3.804E-02
2.8832145E-03,3.804E-02
2.8832150E-03,3.804E-02
2.8832155E-03,3.804E-02
2.8832160E-03,3.884E-02
2.8832165E-03,3.884E-02
2.8832170E-03,3.884E-02
2.8832175E-03,3.884E-02
2.8832180E-03,3.884E-02
2.8832185E-03,3.804E-02
2.8832190E-03,3.884E-02
2.8832195E-03,3.884E-02
2.8832200E-03,3.804E-02
2.8832205E-03,3.884E-02
2.8832210E-03,3.884E-02
2.8832215E-03,3.804E-02
2.8832220E-03,3.804E-02
2.8832225E-03,3.884E-02
2.8832230E-03,3.884E-02
2.8832235E-03,3.884E-02
2.8832240E-03,3.804E-02
2.8832245E-03,3.884E-02
2.8832250E-03,3.884E-02
2.8832255E-03,3.804E-02
2.8832260E-03,3.884E-02
2.8832265E-03,3.884E-02
2.8832270E-03,3.884E-02
2.8832275E-03,3.884E-02
2.8832280E-03,3.884E-02
2.8832285E-03,3.884E-02
2.8832290E-03,3.884E-02
2.8832295E-03,3.884E-02
2.8832300E-03,3.964E-02
2.8832305E-03,3.884E-02
2.8832310E-03,3.964E-02
2.8832315E-03,3.964E-02
2.8832320E-03,3.964E-02
2.8832325E-03,3.964E-02
2.8832330E-03,4.044E-02
2.8832335E-03,3.964E-02
2.8832340E-03,4.044E-02
2.8832345E-03,3.964E-02
2.8832350E-03,4.044E-02
2.8832355E-03,4.044E-02
2.8832360E-03,4.044E-02
2.8832365E-03,4.044E-02
2.8832370E-03,4.044E-02
2.8832375E-03,4.044E-02
2.8832380E-03,4.044E-02
2.8832385E-03,3.964E-02
2.8832390E-03,3.964E-02
2.8832395E-03,3.964E-02
2.8832400E-03,3.884E-02
2.8832405E-03,3.964E-02
2.8832410E-03,4.044E-02
2.8832415E-03,3.964E-02
2.8832420E-03,4.044E-02
2.8832425E-03,4.044E-02
2.8832430E-03,4.044E-02
2.8832435E-03,4.044E-02
2.8832440E-03,4.044E-02
2.8832445E-03,4.044E-02
2.8832450E-03,4.044E-02
2.8832455E-03,4.044E-02
2.8832460E-03,4.044E-02
2.8832465E-03,4.044E-02
2.8832470E-03,4.124E-02
2.8832475E-03,4.124E-02
2.8832480E-03,4.124E-02
2.8832485E-03,4.124E-02
2.8832490E-03,4.204E-02
2.8832495E-03,4.204E-02
2.8832500E-03,4.124E-02
2.8832505E-03,4.124E-02
2.8832510E-03,4.124E-02
2.8832515E-03,4.204E-02
2.8832520E-03,4.204E-02
2.8832525E-03,4.204E-02
2.8832530E-03,4.204E-02
2.8832535E-03,4.284E-02
2.8832540E-03,4.204E-02
2.8832545E-03,4.124E-02
2.8832550E-03,4.124E-02
2.8832555E-03,4.124E-02
2.8832560E-03,4.124E-02
2.8832565E-03,4.124E-02
2.8832570E-03,4.204E-02
2.8832575E-03,4.124E-02
2.8832580E-03,4.204E-02
2.8832585E-03,4.204E-02
2.8832590E-03,4.204E-02
2.8832595E-03,4.124E-02
2.8832600E-03,4.204E-02
2.8832605E-03,4.204E-02
2.8832610E-03,4.204E-02
2.8832615E-03,4.204E-02
2.8832620E-03,4.204E-02
2.8832625E-03,4.204E-02
2.8832630E-03,4.204E-02
2.8832635E-03,4.204E-02
2.8832640E-03,4.204E-02
2.8832645E-03,4.284E-02
2.8832650E-03,4.284E-02
2.8832655E-03,4.284E-02
2.8832660E-03,4.284E-02
2.8832665E-03,4.284E-02
2.8832670E-03,4.284E-02
2.8832675E-03,4.284E-02
2.8832680E-03,4.284E-02
2.8832685E-03,4.284E-02
2.8832690E-03,4.364E-02
2.8832695E-03,4.284E-02
2.8832700E-03,4.204E-02
2.8832705E-03,4.284E-02
2.8832710E-03,4.284E-02
2.8832715E-03,4.284E-02
2.8832720E-03,4.284E-02
2.8832725E-03,4.284E-02
2.8832730E-03,4.284E-02
2.8832735E-03,4.364E-02
2.8832740E-03,4.284E-02
2.8832745E-03,4.284E-02
2.8832750E-03,4.284E-02
2.8832755E-03,4.284E-02
2.8832760E-03,4.284E-02
2.8832765E-03,4.284E-02
2.8832770E-03,4.364E-02
2.8832775E-03,4.364E-02
2.8832780E-03,4.364E-02
2.8832785E-03,4.364E-02
2.8832790E-03,4.444E-02
2.8832795E-03,4.444E-02
2.8832800E-03,4.444E-02
2.8832805E-03,4.444E-02
2.8832810E-03,4.364E-02
2.8832815E-03,4.444E-02
2.8832820E-03,4.364E-02
2.8832825E-03,4.364E-02
2.8832830E-03,4.444E-02
2.8832835E-03,4.444E-02
2.8832840E-03,4.444E-02
2.8832845E-03,4.444E-02
2.8832850E-03,4.444E-02
2.8832855E-03,4.524E-02
2.8832860E-03,4.444E-02
2.8832865E-03,4.444E-02
2.8832870E-03,4.444E-02
2.8832875E-03,4.444E-02
2.8832880E-03,4.444E-02
2.8832885E-03,4.364E-02
2.8832890E-03,4.364E-02
2.8832895E-03,4.444E-02
2.8832900E-03,4.444E-02
2.8832905E-03,4.444E-02
2.8832910E-03,4.444E-02
2.8832915E-03,4.444E-02
2.8832920E-03,4.364E-02
2.8832925E-03,4.364E-02
2.8832930E-03,4.364E-02
2.8832935E-03,4.444E-02
2.8832940E-03,4.444E-02
2.8832945E-03,4.444E-02
2.8832950E-03,4.444E-02
2.8832955E-03,4.444E-02
2.8832960E-03,4.524E-02
2.8832965E-03,4.444E-02
2.8832970E-03,4.524E-02
2.8832975E-03,4.524E-02
2.8832980E-03,4.524E-02
2.8832985E-03,4.524E-02
2.8832990E-03,4.524E-02
2.8832995E-03,4.524E-02
2.8833000E-03,4.604E-02
2.8833005E-03,4.524E-02
2.8833010E-03,4.524E-02
2.8833015E-03,4.524E-02
2.8833020E-03,4.524E-02
2.8833025E-03,4.524E-02
2.8833030E-03,4.524E-02
2.8833035E-03,4.524E-02
2.8833040E-03,4.524E-02
2.8833045E-03,4.524E-02
2.8833050E-03,4.524E-02
2.8833055E-03,4.524E-02
2.8833060E-03,4.524E-02
2.8833065E-03,4.444E-02
2.8833070E-03,4.524E-02
2.8833075E-03,4.524E-02
2.8833080E-03,4.524E-02
2.8833085E-03,4.524E-02
2.8833090E-03,4.524E-02
2.8833095E-03,4.524E-02
2.8833100E-03,4.524E-02
2.8833105E-03,4.604E-02
2.8833110E-03,4.604E-02
2.8833115E-03,4.604E-02
2.8833120E-03,4.604E-02
2.8833125E-03,4.604E-02
2.8833130E-03,4.524E-02
2.8833135E-03,4.604E-02
2.8833140E-03,4.524E-02
2.8833145E-03,4.604E-02
2.8833150E-03,4.604E-02
2.8833155E-03,4.604E-02
2.8833160E-03,4.604E-02
2.8833165E-03,4.604E-02
2.8833170E-03,4.604E-02
2.8833175E-03,4.604E-02
2.8833180E-03,4.684E-02
2.8833185E-03,4.604E-02
2.8833190E-03,4.604E-02
2.8833195E-03,4.684E-02
2.8833200E-03,4.684E-02
2.8833205E-03,4.604E-02
2.8833210E-03,4.684E-02
2.8833215E-03,4.684E-02
2.8833220E-03,4.684E-02
2.8833225E-03,4.684E-02
2.8833230E-03,4.684E-02
2.8833235E-03,4.604E-02
2.8833240E-03,4.604E-02
2.8833245E-03,4.604E-02
2.8833250E-03,4.604E-02
2.8833255E-03,4.604E-02
2.8833260E-03,4.604E-02
2.8833265E-03,4.604E-02
2.8833270E-03,4.684E-02
2.8833275E-03,4.604E-02
2.8833280E-03,4.604E-02
2.8833285E-03,4.684E-02
2.8833290E-03,4.684E-02
2.8833295E-03,4.684E-02
2.8833300E-03,4.684E-02
2.8833305E-03,4.604E-02
2.8833310E-03,4.684E-02
2.8833315E-03,4.684E-02
2.8833320E-03,4.684E-02
2.8833325E-03,4.684E-02
2.8833330E-03,4.684E-02
2.8833335E-03,4.684E-02
2.8833340E-03,4.684E-02
2.8833345E-03,4.604E-02
2.8833350E-03,4.684E-02
2.8833355E-03,4.684E-02
2.8833360E-03,4.684E-02
2.8833365E-03,4.684E-02
2.8833370E-03,4.684E-02
2.8833375E-03,4.684E-02
2.8833380E-03,4.604E-02
2.8833385E-03,4.604E-02
2.8833390E-03,4.604E-02
2.8833395E-03,4.684E-02
2.8833400E-03,4.604E-02
2.8833405E-03,4.604E-02
2.8833410E-03,4.684E-02
2.8833415E-03,4.764E-02
2.8833420E-03,4.684E-02
2.8833425E-03,4.684E-02
2.8833430E-03,4.684E-02
2.8833435E-03,4.684E-02
2.8833440E-03,4.684E-02
2.8833445E-03,4.764E-02
2.8833450E-03,4.684E-02
2.8833455E-03,4.764E-02
2.8833460E-03,4.764E-02
2.8833465E-03,4.764E-02
2.8833470E-03,4.764E-02
2.8833475E-03,4.684E-02
2.8833480E-03,4.684E-02
2.8833485E-03,4.764E-02
2.8833490E-03,4.684E-02
2.8833495E-03,4.684E-02
2.8833500E-03,4.764E-02
2.8833505E-03,4.684E-02
2.8833510E-03,4.684E-02
2.8833515E-03,4.684E-02
2.8833520E-03,4.684E-02
2.8833525E-03,4.684E-02
2.8833530E-03,4.684E-02
2.8833535E-03,4.684E-02
2.8833540E-03,4.684E-02
2.8833545E-03,4.684E-02
2.8833550E-03,4.684E-02
2.8833555E-03,4.764E-02
2.8833560E-03,4.764E-02
2.8833565E-03,4.764E-02
2.8833570E-03,4.684E-02
2.8833575E-03,4.764E-02
2.8833580E-03,4.684E-02
2.8833585E-03,4.764E-02
2.8833590E-03,4.764E-02
2.8833595E-03,4.764E-02
2.8833600E-03,4.764E-02
2.8833605E-03,4.764E-02
2.8833610E-03,4.764E-02
2.8833615E-03,4.844E-02
2.8833620E-03,4.684E-02
2.8833625E-03,4.764E-02
2.8833630E-03,4.764E-02
2.8833635E-03,4.764E-02
2.8833640E-03,4.764E-02
2.8833645E-03,4.764E-02
2.8833650E-03,4.764E-02
2.8833655E-03,4.844E-02
2.8833660E-03,4.684E-02
2.8833665E-03,4.764E-02
2.8833670E-03,4.844E-02
2.8833675E-03,4.844E-02
2.8833680E-03,4.764E-02
2.8833685E-03,4.764E-02
2.8833690E-03,4.764E-02
2.8833695E-03,4.764E-02
2.8833700E-03,4.764E-02
2.8833705E-03,4.684E-02
2.8833710E-03,4.764E-02
2.8833715E-03,4.764E-02
2.8833720E-03,4.764E-02
2.8833725E-03,4.764E-02
2.8833730E-03,4.764E-02
2.8833735E-03,4.764E-02
2.8833740E-03,4.764E-02
2.8833745E-03,4.764E-02
2.8833750E-03,4.764E-02
2.8833755E-03,4.764E-02
2.8833760E-03,4.764E-02
2.8833765E-03,4.764E-02
2.8833770E-03,4.764E-02
2.8833775E-03,4.764E-02
2.8833780E-03,4.764E-02
2.8833785E-03,4.764E-02
2.8833790E-03,4.764E-02
2.8833795E-03,4.764E-02
2.8833800E-03,4.764E-02
2.8833805E-03,4.844E-02
2.8833810E-03,4.844E-02
2.8833815E-03,4.764E-02
2.8833820E-03,4.764E-02
2.8833825E-03,4.764E-02
2.8833830E-03,4.764E-02
2.8833835E-03,4.764E-02
2.8833840E-03,4.764E-02
2.8833845E-03,4.764E-02
2.8833850E-03,4.764E-02
2.8833855E-03,4.764E-02
2.8833860E-03,4.764E-02
2.8833865E-03,4.764E-02
2.8833870E-03,4.764E-02
2.8833875E-03,4.764E-02
2.8833880E-03,4.764E-02
2.8833885E-03,4.844E-02
2.8833890E-03,4.764E-02
2.8833895E-03,4.764E-02
2.8833900E-03,4.764E-02
2.8833905E-03,4.844E-02
2.8833910E-03,4.844E-02
2.8833915E-03,4.844E-02
2.8833920E-03,4.764E-02
2.8833925E-03,4.844E-02
2.8833930E-03,4.764E-02
2.8833935E-03,4.764E-02
2.8833940E-03,4.844E-02
2.8833945E-03,4.764E-02
2.8833950E-03,4.764E-02
2.8833955E-03,4.844E-02
2.8833960E-03,4.844E-02
2.8833965E-03,4.764E-02
2.8833970E-03,4.844E-02
2.8833975E-03,4.764E-02
2.8833980E-03,4.844E-02
2.8833985E-03,4.764E-02
2.8833990E-03,4.764E-02
2.8833995E-03,4.764E-02
2.8834000E-03,4.844E-02
2.8834005E-03,4.764E-02
2.8834010E-03,4.764E-02
2.8834015E-03,4.764E-02
2.8834020E-03,4.684E-02
2.8834025E-03,4.764E-02
2.8834030E-03,4.764E-02
2.8834035E-03,4.764E-02
2.8834040E-03,4.764E-02
2.8834045E-03,4.764E-02
2.8834050E-03,4.764E-02
2.8834055E-03,4.764E-02
2.8834060E-03,4.764E-02
2.8834065E-03,4.764E-02
2.8834070E-03,4.764E-02
2.8834075E-03,4.764E-02
2.8834080E-03,4.764E-02
2.8834085E-03,4.764E-02
2.8834090E-03,4.684E-02
2.8834095E-03,4.764E-02
2.8834100E-03,4.764E-02
2.8834105E-03,4.764E-02
2.8834110E-03,4.764E-02
2.8834115E-03,4.764E-02
2.8834120E-03,4.764E-02
2.8834125E-03,4.764E-02
2.8834130E-03,4.764E-02
2.8834135E-03,4.764E-02
2.8834140E-03,4.764E-02
2.8834145E-03,4.764E-02
2.8834150E-03,4.764E-02
2.8834155E-03,4.764E-02
2.8834160E-03,4.764E-02
2.8834165E-03,4.764E-02
2.8834170E-03,4.764E-02
2.8834175E-03,4.764E-02
2.8834180E-03,4.764E-02
2.8834185E-03,4.764E-02
2.8834190E-03,4.684E-02
2.8834195E-03,4.764E-02
2.8834200E-03,4.684E-02
2.8834205E-03,4.764E-02
2.8834210E-03,4.684E-02
2.8834215E-03,4.764E-02
2.8834220E-03,4.764E-02
2.8834225E-03,4.764E-02
2.8834230E-03,4.684E-02
2.8834235E-03,4.684E-02
2.8834240E-03,4.684E-02
2.8834245E-03,4.764E-02
2.8834250E-03,4.684E-02
2.8834255E-03,4.764E-02
2.8834260E-03,4.764E-02
2.8834265E-03,4.764E-02
2.8834270E-03,4.764E-02
2.8834275E-03,4.764E-02
2.8834280E-03,4.764E-02
2.8834285E-03,4.684E-02
2.8834290E-03,4.764E-02
2.8834295E-03,4.764E-02
2.8834300E-03,4.684E-02
2.8834305E-03,4.764E-02
2.8834310E-03,4.764E-02
2.8834315E-03,4.764E-02
2.8834320E-03,4.764E-02
2.8834325E-03,4.764E-02
2.8834330E-03,4.684E-02
2.8834335E-03,4.764E-02
2.8834340E-03,4.684E-02
2.8834345E-03,4.764E-02
2.8834350E-03,4.684E-02
2.8834355E-03,4.684E-02
2.8834360E-03,4.684E-02
2.8834365E-03,4.684E-02
2.8834370E-03,4.684E-02
2.8834375E-03,4.764E-02
2.8834380E-03,4.684E-02
2.8834385E-03,4.684E-02
2.8834390E-03,4.684E-02
2.8834395E-03,4.684E-02
2.8834400E-03,4.684E-02
2.8834405E-03,4.684E-02
2.8834410E-03,4.764E-02
2.8834415E-03,4.684E-02
2.8834420E-03,4.684E-02
2.8834425E-03,4.684E-02
2.8834430E-03,4.684E-02
2.8834435E-03,4.684E-02
2.8834440E-03,4.684E-02
2.8834445E-03,4.684E-02
2.8834450E-03,4.684E-02
2.8834455E-03,4.684E-02
2.8834460E-03,4.684E-02
2.8834465E-03,4.684E-02
2.8834470E-03,4.684E-02
2.8834475E-03,4.684E-02
2.8834480E-03,4.684E-02
2.8834485E-03,4.684E-02
2.8834490E-03,4.684E-02
2.8834495E-03,4.684E-02
2.8834500E-03,4.684E-02
2.8834505E-03,4.684E-02
2.8834510E-03,4.684E-02
2.8834515E-03,4.764E-02
2.8834520E-03,4.684E-02
2.8834525E-03,4.684E-02
2.8834530E-03,4.684E-02
2.8834535E-03,4.684E-02
2.8834540E-03,4.684E-02
2.8834545E-03,4.604E-02
2.8834550E-03,4.604E-02
2.8834555E-03,4.604E-02
2.8834560E-03,4.604E-02
2.8834565E-03,4.524E-02
2.8834570E-03,4.604E-02
2.8834575E-03,4.604E-02
2.8834580E-03,4.524E-02
2.8834585E-03,4.524E-02
2.8834590E-03,4.604E-02
2.8834595E-03,4.604E-02
2.8834600E-03,4.604E-02
2.8834605E-03,4.604E-02
2.8834610E-03,4.684E-02
2.8834615E-03,4.604E-02
2.8834620E-03,4.604E-02
2.8834625E-03,4.604E-02
2.8834630E-03,4.604E-02
2.8834635E-03,4.604E-02
2.8834640E-03,4.604E-02
2.8834645E-03,4.604E-02
2.8834650E-03,4.684E-02
2.8834655E-03,4.684E-02
2.8834660E-03,4.604E-02
2.8834665E-03,4.604E-02
2.8834670E-03,4.604E-02
2.8834675E-03,4.604E-02
2.8834680E-03,4.604E-02
2.8834685E-03,4.604E-02
2.8834690E-03,4.604E-02
2.8834695E-03,4.604E-02
2.8834700E-03,4.604E-02
2.8834705E-03,4.604E-02
2.8834710E-03,4.604E-02
2.8834715E-03,4.524E-02
2.8834720E-03,4.604E-02
2.8834725E-03,4.604E-02
2.8834730E-03,4.524E-02
2.8834735E-03,4.604E-02
2.8834740E-03,4.524E-02
2.8834745E-03,4.524E-02
2.8834750E-03,4.524E-02
2.8834755E-03,4.524E-02
2.8834760E-03,4.524E-02
2.8834765E-03,4.524E-02
2.8834770E-03,4.524E-02
2.8834775E-03,4.524E-02
2.8834780E-03,4.524E-02
2.8834785E-03,4.604E-02
2.8834790E-03,4.524E-02
2.8834795E-03,4.604E-02
2.8834800E-03,4.604E-02
2.8834805E-03,4.524E-02
2.8834810E-03,4.524E-02
2.8834815E-03,4.524E-02
2.8834820E-03,4.524E-02
2.8834825E-03,4.524E-02
2.8834830E-03,4.444E-02
2.8834835E-03,4.524E-02
2.8834840E-03,4.524E-02
2.8834845E-03,4.524E-02
2.8834850E-03,4.524E-02
2.8834855E-03,4.524E-02
2.8834860E-03,4.524E-02
2.8834865E-03,4.524E-02
2.8834870E-03,4.444E-02
2.8834875E-03,4.444E-02
2.8834880E-03,4.524E-02
2.8834885E-03,4.444E-02
2.8834890E-03,4.444E-02
2.8834895E-03,4.444E-02
2.8834900E-03,4.444E-02
2.8834905E-03,4.444E-02
2.8834910E-03,4.444E-02
2.8834915E-03,4.444E-02
2.8834920E-03,4.444E-02
2.8834925E-03,4.444E-02
2.8834930E-03,4.444E-02
2.8834935E-03,4.444E-02
2.8834940E-03,4.444E-02
2.8834945E-03,4.444E-02
2.8834950E-03,4.524E-02
2.8834955E-03,4.444E-02
2.8834960E-03,4.444E-02
2.8834965E-03,4.444E-02
2.8834970E-03,4.444E-02
2.8834975E-03,4.444E-02
2.8834980E-03,4.444E-02
2.8834985E-03,4.364E-02
2.8834990E-03,4.364E-02
2.8834995E-03,4.364E-02
2.8835000E-03,4.444E-02
2.8835005E-03,4.444E-02
2.8835010E-03,4.444E-02
2.8835015E-03,4.444E-02
2.8835020E-03,4.444E-02
2.8835025E-03,4.364E-02
2.8835030E-03,4.364E-02
2.8835035E-03,4.364E-02
2.8835040E-03,4.364E-02
2.8835045E-03,4.364E-02
2.8835050E-03,4.364E-02
2.8835055E-03,4.364E-02
2.8835060E-03,4.364E-02
2.8835065E-03,4.364E-02
2.8835070E-03,4.284E-02
2.8835075E-03,4.284E-02
2.8835080E-03,4.364E-02
2.8835085E-03,4.284E-02
2.8835090E-03,4.364E-02
2.8835095E-03,4.364E-02
2.8835100E-03,4.284E-02
2.8835105E-03,4.364E-02
2.8835110E-03,4.284E-02
2.8835115E-03,4.364E-02
2.8835120E-03,4.364E-02
2.8835125E-03,4.364E-02
2.8835130E-03,4.364E-02
2.8835135E-03,4.284E-02
2.8835140E-03,4.284E-02
2.8835145E-03,4.284E-02
2.8835150E-03,4.364E-02
2.8835155E-03,4.284E-02
2.8835160E-03,4.284E-02
2.8835165E-03,4.284E-02
2.8835170E-03,4.284E-02
2.8835175E-03,4.364E-02
2.8835180E-03,4.284E-02
2.8835185E-03,4.364E-02
2.8835190E-03,4.284E-02
2.8835195E-03,4.284E-02
2.8835200E-03,4.204E-02
2.8835205E-03,4.204E-02
2.8835210E-03,4.204E-02
2.8835215E-03,4.204E-02
2.8835220E-03,4.204E-02
2.8835225E-03,4.204E-02
2.8835230E-03,4.124E-02
2.8835235E-03,4.204E-02
2.8835240E-03,4.204E-02
2.8835245E-03,4.204E-02
2.8835250E-03,4.204E-02
2.8835255E-03,4.204E-02
2.8835260E-03,4.204E-02
2.8835265E-03,4.204E-02
2.8835270E-03,4.204E-02
2.8835275E-03,4.124E-02
2.8835280E-03,4.204E-02
2.8835285E-03,4.204E-02
2.8835290E-03,4.204E-02
2.8835295E-03,4.204E-02
2.8835300E-03,4.204E-02
2.8835305E-03,4.204E-02
2.8835310E-03,4.204E-02
2.8835315E-03,4.204E-02
2.8835320E-03,4.124E-02
2.8835325E-03,4.204E-02
2.8835330E-03,4.204E-02
2.8835335E-03,4.124E-02
2.8835340E-03,4.124E-02
2.8835345E-03,4.124E-02
2.8835350E-03,4.124E-02
2.8835355E-03,4.124E-02
2.8835360E-03,4.124E-02
2.8835365E-03,4.044E-02
2.8835370E-03,4.124E-02
2.8835375E-03,4.044E-02
2.8835380E-03,4.124E-02
2.8835385E-03,4.044E-02
2.8835390E-03,4.044E-02
2.8835395E-03,3.964E-02
2.8835400E-03,3.964E-02
2.8835405E-03,3.964E-02
2.8835410E-03,3.964E-02
2.8835415E-03,4.044E-02
2.8835420E-03,4.044E-02
2.8835425E-03,4.044E-02
2.8835430E-03,4.044E-02
2.8835435E-03,4.044E-02
2.8835440E-03,4.044E-02
2.8835445E-03,4.044E-02
2.8835450E-03,4.044E-02
2.8835455E-03,4.044E-02
2.8835460E-03,4.044E-02
2.8835465E-03,4.044E-02
2.8835470E-03,4.124E-02
2.8835475E-03,4.044E-02
2.8835480E-03,4.044E-02
2.8835485E-03,4.044E-02
2.8835490E-03,4.044E-02
2.8835495E-03,4.044E-02
2.8835500E-03,4.044E-02
2.8835505E-03,4.044E-02
2.8835510E-03,3.964E-02
2.8835515E-03,3.964E-02
2.8835520E-03,3.884E-02
2.8835525E-03,3.884E-02
2.8835530E-03,3.884E-02
2.8835535E-03,3.804E-02
2.8835540E-03,3.804E-02
2.8835545E-03,3.884E-02
2.8835550E-03,3.884E-02
2.8835555E-03,3.804E-02
2.8835560E-03,3.884E-02
2.8835565E-03,3.884E-02
2.8835570E-03,3.884E-02
2.8835575E-03,3.884E-02
2.8835580E-03,3.884E-02
2.8835585E-03,3.884E-02
2.8835590E-03,3.884E-02
2.8835595E-03,3.884E-02
2.8835600E-03,3.884E-02
2.8835605E-03,3.884E-02
2.8835610E-03,3.884E-02
2.8835615E-03,3.884E-02
2.8835620E-03,3.884E-02
2.8835625E-03,3.884E-02
2.8835630E-03,3.884E-02
2.8835635E-03,3.804E-02
2.8835640E-03,3.884E-02
2.8835645E-03,3.804E-02
2.8835650E-03,3.884E-02
2.8835655E-03,3.804E-02
2.8835660E-03,3.804E-02
2.8835665E-03,3.804E-02
2.8835670E-03,3.804E-02
2.8835675E-03,3.724E-02
2.8835680E-03,3.724E-02
2.8835685E-03,3.724E-02
2.8835690E-03,3.724E-02
2.8835695E-03,3.724E-02
2.8835700E-03,3.724E-02
2.8835705E-03,3.724E-02
2.8835710E-03,3.724E-02
2.8835715E-03,3.724E-02
2.8835720E-03,3.724E-02
2.8835725E-03,3.724E-02
2.8835730E-03,3.724E-02
2.8835735E-03,3.724E-02
2.8835740E-03,3.644E-02
2.8835745E-03,3.724E-02
2.8835750E-03,3.724E-02
2.8835755E-03,3.724E-02
2.8835760E-03,3.804E-02
2.8835765E-03,3.724E-02
2.8835770E-03,3.804E-02
2.8835775E-03,3.804E-02
2.8835780E-03,3.724E-02
2.8835785E-03,3.804E-02
2.8835790E-03,3.724E-02
2.8835795E-03,3.724E-02
2.8835800E-03,3.724E-02
2.8835805E-03,3.724E-02
2.8835810E-03,3.724E-02
2.8835815E-03,3.724E-02
2.8835820E-03,3.644E-02
2.8835825E-03,3.644E-02
2.8835830E-03,3.644E-02
2.8835835E-03,3.564E-02
2.8835840E-03,3.564E-02
2.8835845E-03,3.564E-02
2.8835850E-03,3.564E-02
2.8835855E-03,3.564E-02
2.8835860E-03,3.484E-02
2.8835865E-03,3.484E-02
2.8835870E-03,3.564E-02
2.8835875E-03,3.564E-02
2.8835880E-03,3.564E-02
2.8835885E-03,3.564E-02
2.8835890E-03,3.564E-02
2.8835895E-03,3.644E-02
2.8835900E-03,3.564E-02
2.8835905E-03,3.564E-02
2.8835910E-03,3.564E-02
2.8835915E-03,3.564E-02
2.8835920E-03,3.564E-02
2.8835925E-03,3.564E-02
2.8835930E-03,3.564E-02
2.8835935E-03,3.564E-02
2.8835940E-03,3.564E-02
2.8835945E-03,3.564E-02
2.8835950E-03,3.564E-02
2.8835955E-03,3.564E-02
2.8835960E-03,3.484E-02
2.8835965E-03,3.564E-02
2.8835970E-03,3.404E-02
2.8835975E-03,3.404E-02
2.8835980E-03,3.484E-02
2.8835985E-03,3.404E-02
2.8835990E-03,3.404E-02
2.8835995E-03,3.404E-02
2.8836000E-03,3.324E-02
2.8836005E-03,3.404E-02
2.8836010E-03,3.404E-02
2.8836015E-03,3.404E-02
2.8836020E-03,3.404E-02
2.8836025E-03,3.324E-02
2.8836030E-03,3.324E-02
2.8836035E-03,3.244E-02
2.8836040E-03,3.324E-02
2.8836045E-03,3.324E-02
2.8836050E-03,3.324E-02
2.8836055E-03,3.324E-02
2.8836060E-03,3.324E-02
2.8836065E-03,3.404E-02
2.8836070E-03,3.324E-02
2.8836075E-03,3.324E-02
2.8836080E-03,3.404E-02
2.8836085E-03,3.324E-02
2.8836090E-03,3.324E-02
2.8836095E-03,3.404E-02
2.8836100E-03,3.324E-02
2.8836105E-03,3.324E-02
2.8836110E-03,3.404E-02
2.8836115E-03,3.404E-02
2.8836120E-03,3.404E-02
2.8836125E-03,3.404E-02
2.8836130E-03,3.324E-02
2.8836135E-03,3.404E-02
2.8836140E-03,3.244E-02
2.8836145E-03,3.244E-02
2.8836150E-03,3.164E-02
2.8836155E-03,3.164E-02
2.8836160E-03,3.164E-02
2.8836165E-03,3.164E-02
2.8836170E-03,3.084E-02
2.8836175E-03,3.084E-02
2.8836180E-03,3.084E-02
2.8836185E-03,3.084E-02
2.8836190E-03,3.084E-02
2.8836195E-03,3.164E-02
2.8836200E-03,3.164E-02
2.8836205E-03,3.164E-02
2.8836210E-03,3.164E-02
2.8836215E-03,3.164E-02
2.8836220E-03,3.164E-02
2.8836225E-03,3.164E-02
2.8836230E-03,3.164E-02
2.8836235E-03,3.164E-02
2.8836240E-03,3.164E-02
2.8836245E-03,3.164E-02
2.8836250E-03,3.164E-02
2.8836255E-03,3.164E-02
2.8836260E-03,3.164E-02
2.8836265E-03,3.164E-02
2.8836270E-03,3.084E-02
2.8836275E-03,3.084E-02
2.8836280E-03,3.084E-02
2.8836285E-03,3.084E-02
2.8836290E-03,3.004E-02
2.8836295E-03,3.004E-02
2.8836300E-03,3.004E-02
2.8836305E-03,3.004E-02
2.8836310E-03,3.004E-02
2.8836315E-03,3.004E-02
2.8836320E-03,3.004E-02
2.8836325E-03,3.004E-02
2.8836330E-03,3.004E-02
2.8836335E-03,2.924E-02
2.8836340E-03,2.924E-02
2.8836345E-03,2.924E-02
2.8836350E-03,2.924E-02
2.8836355E-03,2.924E-02
2.8836360E-03,2.924E-02
2.8836365E-03,2.924E-02
2.8836370E-03,2.924E-02
2.8836375E-03,2.924E-02
2.8836380E-03,2.924E-02
2.8836385E-03,2.844E-02
2.8836390E-03,2.924E-02
2.8836395E-03,2.924E-02
2.8836400E-03,2.924E-02
2.8836405E-03,2.924E-02
2.8836410E-03,2.924E-02
2.8836415E-03,2.924E-02
2.8836420E-03,2.924E-02
2.8836425E-03,2.924E-02
2.8836430E-03,2.924E-02
2.8836435E-03,2.924E-02
2.8836440E-03,2.924E-02
2.8836445E-03,2.924E-02
2.8836450E-03,2.924E-02
2.8836455E-03,2.924E-02
2.8836460E-03,2.924E-02
2.8836465E-03,2.764E-02
2.8836470E-03,2.764E-02
2.8836475E-03,2.684E-02
2.8836480E-03,2.764E-02
2.8836485E-03,2.764E-02
2.8836490E-03,2.684E-02
2.8836495E-03,2.684E-02
2.8836500E-03,2.684E-02
2.8836505E-03,2.684E-02
2.8836510E-03,2.604E-02
2.8836515E-03,2.764E-02
2.8836520E-03,2.684E-02
2.8836525E-03,2.684E-02
2.8836530E-03,2.684E-02
2.8836535E-03,2.684E-02
2.8836540E-03,2.684E-02
2.8836545E-03,2.684E-02
2.8836550E-03,2.684E-02
2.8836555E-03,2.684E-02
2.8836560E-03,2.684E-02
2.8836565E-03,2.684E-02
2.8836570E-03,2.684E-02
2.8836575E-03,2.764E-02
2.8836580E-03,2.684E-02
2.8836585E-03,2.684E-02
2.8836590E-03,2.684E-02
2.8836595E-03,2.684E-02
2.8836600E-03,2.604E-02
2.8836605E-03,2.604E-02
2.8836610E-03,2.604E-02
2.8836615E-03,2.604E-02
2.8836620E-03,2.524E-02
2.8836625E-03,2.524E-02
2.8836630E-03,2.524E-02
2.8836635E-03,2.524E-02
2.8836640E-03,2.444E-02
2.8836645E-03,2.444E-02
2.8836650E-03,2.524E-02
2.8836655E-03,2.444E-02
2.8836660E-03,2.444E-02
2.8836665E-03,2.444E-02
2.8836670E-03,2.364E-02
2.8836675E-03,2.444E-02
2.8836680E-03,2.364E-02
2.8836685E-03,2.364E-02
2.8836690E-03,2.444E-02
2.8836695E-03,2.444E-02
2.8836700E-03,2.444E-02
2.8836705E-03,2.364E-02
2.8836710E-03,2.444E-02
2.8836715E-03,2.444E-02
2.8836720E-03,2.444E-02
2.8836725E-03,2.444E-02
2.8836730E-03,2.364E-02
2.8836735E-03,2.444E-02
2.8836740E-03,2.444E-02
2.8836745E-03,2.444E-02
2.8836750E-03,2.444E-02
2.8836755E-03,2.444E-02
2.8836760E-03,2.444E-02
2.8836765E-03,2.444E-02
2.8836770E-03,2.444E-02
2.8836775E-03,2.364E-02
2.8836780E-03,2.364E-02
2.8836785E-03,2.284E-02
2.8836790E-03,2.284E-02
2.8836795E-03,2.284E-02
2.8836800E-03,2.284E-02
2.8836805E-03,2.204E-02
2.8836810E-03,2.204E-02
2.8836815E-03,2.204E-02
2.8836820E-03,2.204E-02
2.8836825E-03,2.204E-02
2.8836830E-03,2.124E-02
2.8836835E-03,2.204E-02
2.8836840E-03,2.124E-02
2.8836845E-03,2.204E-02
2.8836850E-03,2.124E-02
2.8836855E-03,2.204E-02
2.8836860E-03,2.204E-02
2.8836865E-03,2.284E-02
2.8836870E-03,2.204E-02
2.8836875E-03,2.284E-02
2.8836880E-03,2.284E-02
2.8836885E-03,2.204E-02
2.8836890E-03,2.284E-02
2.8836895E-03,2.204E-02
2.8836900E-03,2.204E-02
2.8836905E-03,2.204E-02
2.8836910E-03,2.204E-02
2.8836915E-03,2.204E-02
2.8836920E-03,2.124E-02
2.8836925E-03,2.044E-02
2.8836930E-03,2.124E-02
2.8836935E-03,2.124E-02
2.8836940E-03,2.124E-02
2.8836945E-03,2.044E-02
2.8836950E-03,2.044E-02
2.8836955E-03,2.044E-02
2.8836960E-03,1.964E-02
2.8836965E-03,2.044E-02
2.8836970E-03,1.964E-02
2.8836975E-03,1.964E-02
2.8836980E-03,2.044E-02
2.8836985E-03,1.884E-02
2.8836990E-03,1.884E-02
2.8836995E-03,1.964E-02
2.8837000E-03,1.884E-02
2.8837005E-03,1.964E-02
2.8837010E-03,1.884E-02
2.8837015E-03,1.964E-02
2.8837020E-03,1.884E-02
2.8837025E-03,1.964E-02
2.8837030E-03,1.964E-02
2.8837035E-03,1.964E-02
2.8837040E-03,1.964E-02
2.8837045E-03,2.044E-02
2.8837050E-03,1.964E-02
2.8837055E-03,2.044E-02
2.8837060E-03,1.964E-02
2.8837065E-03,1.964E-02
2.8837070E-03,1.964E-02
2.8837075E-03,1.964E-02
2.8837080E-03,1.964E-02
2.8837085E-03,1.964E-02
2.8837090E-03,1.964E-02
2.8837095E-03,1.964E-02
2.8837100E-03,1.884E-02
2.8837105E-03,1.804E-02
2.8837110E-03,1.804E-02
2.8837115E-03,1.804E-02
2.8837120E-03,1.724E-02
2.8837125E-03,1.724E-02
2.8837130E-03,1.724E-02
2.8837135E-03,1.644E-02
2.8837140E-03,1.644E-02
2.8837145E-03,1.644E-02
2.8837150E-03,1.564E-02
2.8837155E-03,1.644E-02
2.8837160E-03,1.644E-02
2.8837165E-03,1.644E-02
2.8837170E-03,1.644E-02
2.8837175E-03,1.644E-02
2.8837180E-03,1.644E-02
2.8837185E-03,1.724E-02
2.8837190E-03,1.644E-02
2.8837195E-03,1.724E-02
2.8837200E-03,1.724E-02
2.8837205E-03,1.724E-02
2.8837210E-03,1.724E-02
2.8837215E-03,1.724E-02
2.8837220E-03,1.724E-02
2.8837225E-03,1.724E-02
2.8837230E-03,1.644E-02
2.8837235E-03,1.644E-02
2.8837240E-03,1.564E-02
2.8837245E-03,1.564E-02
2.8837250E-03,1.564E-02
2.8837255E-03,1.484E-02
2.8837260E-03,1.484E-02
2.8837265E-03,1.484E-02
2.8837270E-03,1.484E-02
2.8837275E-03,1.404E-02
2.8837280E-03,1.404E-02
2.8837285E-03,1.484E-02
2.8837290E-03,1.404E-02
2.8837295E-03,1.404E-02
2.8837300E-03,1.404E-02
2.8837305E-03,1.404E-02
2.8837310E-03,1.404E-02
2.8837315E-03,1.404E-02
2.8837320E-03,1.324E-02
2.8837325E-03,1.404E-02
2.8837330E-03,1.404E-02
2.8837335E-03,1.404E-02
2.8837340E-03,1.324E-02
2.8837345E-03,1.404E-02
2.8837350E-03,1.484E-02
2.8837355E-03,1.404E-02
2.8837360E-03,1.484E-02
2.8837365E-03,1.484E-02
2.8837370E-03,1.484E-02
2.8837375E-03,1.484E-02
2.8837380E-03,1.484E-02
2.8837385E-03,1.404E-02
2.8837390E-03,1.404E-02
2.8837395E-03,1.404E-02
2.8837400E-03,1.404E-02
2.8837405E-03,1.324E-02
2.8837410E-03,1.324E-02
2.8837415E-03,1.324E-02
2.8837420E-03,1.324E-02
2.8837425E-03,1.244E-02
2.8837430E-03,1.244E-02
2.8837435E-03,1.164E-02
2.8837440E-03,1.164E-02
2.8837445E-03,1.164E-02
2.8837450E-03,1.084E-02
2.8837455E-03,1.084E-02
2.8837460E-03,1.084E-02
2.8837465E-03,1.084E-02
2.8837470E-03,1.004E-02
2.8837475E-03,1.084E-02
2.8837480E-03,1.084E-02
2.8837485E-03,1.084E-02
2.8837490E-03,1.084E-02
2.8837495E-03,1.164E-02
2.8837500E-03,1.084E-02
2.8837505E-03,1.084E-02
2.8837510E-03,1.164E-02
2.8837515E-03,1.164E-02
2.8837520E-03,1.164E-02
2.8837525E-03,1.244E-02
2.8837530E-03,1.164E-02
2.8837535E-03,1.164E-02
2.8837540E-03,1.084E-02
2.8837545E-03,1.084E-02
2.8837550E-03,1.084E-02
2.8837555E-03,1.084E-02
2.8837560E-03,1.084E-02
2.8837565E-03,1.084E-02
2.8837570E-03,1.084E-02
2.8837575E-03,1.004E-02
2.8837580E-03,1.004E-02
2.8837585E-03,1.004E-02
2.8837590E-03,9.236E-03
2.8837595E-03,9.236E-03
2.8837600E-03,9.236E-03
2.8837605E-03,9.236E-03
2.8837610E-03,8.436E-03
2.8837615E-03,8.436E-03
2.8837620E-03,8.436E-03
2.8837625E-03,8.436E-03
2.8837630E-03,8.436E-03
2.8837635E-03,8.436E-03
2.8837640E-03,8.436E-03
2.8837645E-03,8.436E-03
2.8837650E-03,8.436E-03
2.8837655E-03,7.636E-03
2.8837660E-03,8.436E-03
2.8837665E-03,8.436E-03
2.8837670E-03,8.436E-03
2.8837675E-03,8.436E-03
2.8837680E-03,8.436E-03
2.8837685E-03,8.436E-03
2.8837690E-03,8.436E-03
2.8837695E-03,8.436E-03
2.8837700E-03,8.436E-03
2.8837705E-03,8.436E-03
2.8837710E-03,8.436E-03
2.8837715E-03,8.436E-03
2.8837720E-03,8.436E-03
2.8837725E-03,7.636E-03
2.8837730E-03,7.636E-03
2.8837735E-03,7.636E-03
2.8837740E-03,7.636E-03
2.8837745E-03,6.836E-03
2.8837750E-03,6.036E-03
2.8837755E-03,6.036E-03
2.8837760E-03,6.036E-03
2.8837765E-03,6.036E-03
2.8837770E-03,5.236E-03
2.8837775E-03,5.236E-03
2.8837780E-03,5.236E-03
2.8837785E-03,4.436E-03
2.8837790E-03,5.236E-03
2.8837795E-03,5.236E-03
2.8837800E-03,5.236E-03
2.8837805E-03,5.236E-03
2.8837810E-03,5.236E-03
2.8837815E-03,5.236E-03
2.8837820E-03,6.036E-03
2.8837825E-03,5.236E-03
2.8837830E-03,6.036E-03
2.8837835E-03,6.036E-03
2.8837840E-03,6.036E-03
2.8837845E-03,5.236E-03
2.8837850E-03,6.036E-03
2.8837855E-03,5.236E-03
2.8837860E-03,6.036E-03
2.8837865E-03,5.236E-03
2.8837870E-03,5.236E-03
2.8837875E-03,5.236E-03
2.8837880E-03,4.436E-03
2.8837885E-03,4.436E-03
2.8837890E-03,4.436E-03
2.8837895E-03,3.636E-03
2.8837900E-03,3.636E-03
2.8837905E-03,3.636E-03
2.8837910E-03,2.836E-03
2.8837915E-03,3.636E-03
2.8837920E-03,2.836E-03
2.8837925E-03,2.836E-03
2.8837930E-03,2.836E-03
2.8837935E-03,3.636E-03
2.8837940E-03,3.636E-03
2.8837945E-03,2.836E-03
2.8837950E-03,2.836E-03
2.8837955E-03,2.836E-03
2.8837960E-03,3.636E-03
2.8837965E-03,2.036E-03
2.8837970E-03,2.036E-03
2.8837975E-03,2.836E-03
2.8837980E-03,2.036E-03
2.8837985E-03,2.036E-03
2.8837990E-03,2.036E-03
2.8837995E-03,2.836E-03
2.8838000E-03,2.836E-03
