[s],CH1[V]
-1.62390E-05,1.598E+00
-1.62380E-05,1.598E+00
-1.62370E-05,1.598E+00
-1.62360E-05,1.606E+00
-1.62350E-05,1.598E+00
-1.62340E-05,1.598E+00
-1.62330E-05,1.598E+00
-1.62320E-05,1.598E+00
-1.62310E-05,1.598E+00
-1.62300E-05,1.606E+00
-1.62290E-05,1.606E+00
-1.62280E-05,1.598E+00
-1.62270E-05,1.598E+00
-1.62260E-05,1.590E+00
-1.62250E-05,1.598E+00
-1.62240E-05,1.598E+00
-1.62230E-05,1.598E+00
-1.62220E-05,1.606E+00
-1.62210E-05,1.598E+00
-1.62200E-05,1.590E+00
-1.62190E-05,1.590E+00
-1.62180E-05,1.590E+00
-1.62170E-05,1.598E+00
-1.62160E-05,1.606E+00
-1.62150E-05,1.598E+00
-1.62140E-05,1.598E+00
-1.62130E-05,1.598E+00
-1.62120E-05,1.598E+00
-1.62110E-05,1.598E+00
-1.62100E-05,1.598E+00
-1.62090E-05,1.598E+00
-1.62080E-05,1.590E+00
-1.62070E-05,1.606E+00
-1.62060E-05,1.598E+00
-1.62050E-05,1.606E+00
-1.62040E-05,1.598E+00
-1.62030E-05,1.590E+00
-1.62020E-05,1.598E+00
-1.62010E-05,1.598E+00
-1.62000E-05,1.598E+00
-1.61990E-05,1.598E+00
-1.61980E-05,1.598E+00
-1.61970E-05,1.598E+00
-1.61960E-05,1.606E+00
-1.61950E-05,1.598E+00
-1.61940E-05,1.598E+00
-1.61930E-05,1.590E+00
-1.61920E-05,1.590E+00
-1.61910E-05,1.598E+00
-1.61900E-05,1.598E+00
-1.61890E-05,1.606E+00
-1.61880E-05,1.598E+00
-1.61870E-05,1.598E+00
-1.61860E-05,1.598E+00
-1.61850E-05,1.598E+00
-1.61840E-05,1.598E+00
-1.61830E-05,1.598E+00
-1.61820E-05,1.598E+00
-1.61810E-05,1.606E+00
-1.61800E-05,1.606E+00
-1.61790E-05,1.598E+00
-1.61780E-05,1.598E+00
-1.61770E-05,1.598E+00
-1.61760E-05,1.598E+00
-1.61750E-05,1.606E+00
-1.61740E-05,1.598E+00
-1.61730E-05,1.598E+00
-1.61720E-05,1.598E+00
-1.61710E-05,1.598E+00
-1.61700E-05,1.598E+00
-1.61690E-05,1.598E+00
-1.61680E-05,1.598E+00
-1.61670E-05,1.598E+00
-1.61660E-05,1.598E+00
-1.61650E-05,1.606E+00
-1.61640E-05,1.598E+00
-1.61630E-05,1.590E+00
-1.61620E-05,1.590E+00
-1.61610E-05,1.598E+00
-1.61600E-05,1.598E+00
-1.61590E-05,1.590E+00
-1.61580E-05,1.598E+00
-1.61570E-05,1.598E+00
-1.61560E-05,1.598E+00
-1.61550E-05,1.598E+00
-1.61540E-05,1.598E+00
-1.61530E-05,1.598E+00
-1.61520E-05,1.598E+00
-1.61510E-05,1.598E+00
-1.61500E-05,1.598E+00
-1.61490E-05,1.598E+00
-1.61480E-05,1.606E+00
-1.61470E-05,1.598E+00
-1.61460E-05,1.598E+00
-1.61450E-05,1.598E+00
-1.61440E-05,1.598E+00
-1.61430E-05,1.598E+00
-1.61420E-05,1.598E+00
-1.61410E-05,1.598E+00
-1.61400E-05,1.598E+00
-1.61390E-05,1.598E+00
-1.61380E-05,1.598E+00
-1.61370E-05,1.598E+00
-1.61360E-05,1.598E+00
-1.61350E-05,1.598E+00
-1.61340E-05,1.598E+00
-1.61330E-05,1.598E+00
-1.61320E-05,1.598E+00
-1.61310E-05,1.606E+00
-1.61300E-05,1.598E+00
-1.61290E-05,1.598E+00
-1.61280E-05,1.598E+00
-1.61270E-05,1.598E+00
-1.61260E-05,1.598E+00
-1.61250E-05,1.606E+00
-1.61240E-05,1.606E+00
-1.61230E-05,1.606E+00
-1.61220E-05,1.598E+00
-1.61210E-05,1.598E+00
-1.61200E-05,1.590E+00
-1.61190E-05,1.590E+00
-1.61180E-05,1.590E+00
-1.61170E-05,1.606E+00
-1.61160E-05,1.598E+00
-1.61150E-05,1.598E+00
-1.61140E-05,1.598E+00
-1.61130E-05,1.590E+00
-1.61120E-05,1.598E+00
-1.61110E-05,1.598E+00
-1.61100E-05,1.598E+00
-1.61090E-05,1.598E+00
-1.61080E-05,1.598E+00
-1.61070E-05,1.598E+00
-1.61060E-05,1.598E+00
-1.61050E-05,1.606E+00
-1.61040E-05,1.598E+00
-1.61030E-05,1.598E+00
-1.61020E-05,1.598E+00
-1.61010E-05,1.598E+00
-1.61000E-05,1.598E+00
-1.60990E-05,1.598E+00
-1.60980E-05,1.590E+00
-1.60970E-05,1.590E+00
-1.60960E-05,1.598E+00
-1.60950E-05,1.598E+00
-1.60940E-05,1.598E+00
-1.60930E-05,1.598E+00
-1.60920E-05,1.590E+00
-1.60910E-05,1.598E+00
-1.60900E-05,1.598E+00
-1.60890E-05,1.598E+00
-1.60880E-05,1.598E+00
-1.60870E-05,1.598E+00
-1.60860E-05,1.598E+00
-1.60850E-05,1.606E+00
-1.60840E-05,1.598E+00
-1.60830E-05,1.598E+00
-1.60820E-05,1.598E+00
-1.60810E-05,1.598E+00
-1.60800E-05,1.590E+00
-1.60790E-05,1.598E+00
-1.60780E-05,1.598E+00
-1.60770E-05,1.598E+00
-1.60760E-05,1.598E+00
-1.60750E-05,1.590E+00
-1.60740E-05,1.598E+00
-1.60730E-05,1.590E+00
-1.60720E-05,1.598E+00
-1.60710E-05,1.598E+00
-1.60700E-05,1.598E+00
-1.60690E-05,1.598E+00
-1.60680E-05,1.598E+00
-1.60670E-05,1.598E+00
-1.60660E-05,1.606E+00
-1.60650E-05,1.598E+00
-1.60640E-05,1.598E+00
-1.60630E-05,1.590E+00
-1.60620E-05,1.598E+00
-1.60610E-05,1.598E+00
-1.60600E-05,1.598E+00
-1.60590E-05,1.598E+00
-1.60580E-05,1.590E+00
-1.60570E-05,1.590E+00
-1.60560E-05,1.598E+00
-1.60550E-05,1.598E+00
-1.60540E-05,1.598E+00
-1.60530E-05,1.598E+00
-1.60520E-05,1.598E+00
-1.60510E-05,1.598E+00
-1.60500E-05,1.598E+00
-1.60490E-05,1.598E+00
-1.60480E-05,1.598E+00
-1.60470E-05,1.590E+00
-1.60460E-05,1.598E+00
-1.60450E-05,1.598E+00
-1.60440E-05,1.598E+00
-1.60430E-05,1.598E+00
-1.60420E-05,1.598E+00
-1.60410E-05,1.598E+00
-1.60400E-05,1.598E+00
-1.60390E-05,1.598E+00
-1.60380E-05,1.590E+00
-1.60370E-05,1.598E+00
-1.60360E-05,1.606E+00
-1.60350E-05,1.606E+00
-1.60340E-05,1.598E+00
-1.60330E-05,1.590E+00
-1.60320E-05,1.598E+00
-1.60310E-05,1.598E+00
-1.60300E-05,1.598E+00
-1.60290E-05,1.598E+00
-1.60280E-05,1.598E+00
-1.60270E-05,1.590E+00
-1.60260E-05,1.598E+00
-1.60250E-05,1.598E+00
-1.60240E-05,1.590E+00
-1.60230E-05,1.590E+00
-1.60220E-05,1.590E+00
-1.60210E-05,1.598E+00
-1.60200E-05,1.598E+00
-1.60190E-05,1.598E+00
-1.60180E-05,1.598E+00
-1.60170E-05,1.598E+00
-1.60160E-05,1.598E+00
-1.60150E-05,1.598E+00
-1.60140E-05,1.598E+00
-1.60130E-05,1.598E+00
-1.60120E-05,1.598E+00
-1.60110E-05,1.606E+00
-1.60100E-05,1.606E+00
-1.60090E-05,1.590E+00
-1.60080E-05,1.598E+00
-1.60070E-05,1.606E+00
-1.60060E-05,1.606E+00
-1.60050E-05,1.598E+00
-1.60040E-05,1.606E+00
-1.60030E-05,1.598E+00
-1.60020E-05,1.598E+00
-1.60010E-05,1.598E+00
-1.60000E-05,1.598E+00
-1.59990E-05,1.590E+00
-1.59980E-05,1.590E+00
-1.59970E-05,1.598E+00
-1.59960E-05,1.606E+00
-1.59950E-05,1.598E+00
-1.59940E-05,1.598E+00
-1.59930E-05,1.598E+00
-1.59920E-05,1.598E+00
-1.59910E-05,1.606E+00
-1.59900E-05,1.598E+00
-1.59890E-05,1.598E+00
-1.59880E-05,1.598E+00
-1.59870E-05,1.598E+00
-1.59860E-05,1.598E+00
-1.59850E-05,1.598E+00
-1.59840E-05,1.598E+00
-1.59830E-05,1.598E+00
-1.59820E-05,1.598E+00
-1.59810E-05,1.606E+00
-1.59800E-05,1.606E+00
-1.59790E-05,1.606E+00
-1.59780E-05,1.598E+00
-1.59770E-05,1.598E+00
-1.59760E-05,1.606E+00
-1.59750E-05,1.606E+00
-1.59740E-05,1.598E+00
-1.59730E-05,1.598E+00
-1.59720E-05,1.598E+00
-1.59710E-05,1.598E+00
-1.59700E-05,1.598E+00
-1.59690E-05,1.598E+00
-1.59680E-05,1.598E+00
-1.59670E-05,1.598E+00
-1.59660E-05,1.598E+00
-1.59650E-05,1.590E+00
-1.59640E-05,1.590E+00
-1.59630E-05,1.598E+00
-1.59620E-05,1.598E+00
-1.59610E-05,1.598E+00
-1.59600E-05,1.598E+00
-1.59590E-05,1.598E+00
-1.59580E-05,1.598E+00
-1.59570E-05,1.598E+00
-1.59560E-05,1.598E+00
-1.59550E-05,1.598E+00
-1.59540E-05,1.590E+00
-1.59530E-05,1.590E+00
-1.59520E-05,1.590E+00
-1.59510E-05,1.590E+00
-1.59500E-05,1.598E+00
-1.59490E-05,1.598E+00
-1.59480E-05,1.598E+00
-1.59470E-05,1.598E+00
-1.59460E-05,1.598E+00
-1.59450E-05,1.598E+00
-1.59440E-05,1.598E+00
-1.59430E-05,1.606E+00
-1.59420E-05,1.598E+00
-1.59410E-05,1.598E+00
-1.59400E-05,1.598E+00
-1.59390E-05,1.598E+00
-1.59380E-05,1.590E+00
-1.59370E-05,1.598E+00
-1.59360E-05,1.598E+00
-1.59350E-05,1.598E+00
-1.59340E-05,1.598E+00
-1.59330E-05,1.598E+00
-1.59320E-05,1.598E+00
-1.59310E-05,1.606E+00
-1.59300E-05,1.598E+00
-1.59290E-05,1.598E+00
-1.59280E-05,1.590E+00
-1.59270E-05,1.598E+00
-1.59260E-05,1.606E+00
-1.59250E-05,1.598E+00
-1.59240E-05,1.598E+00
-1.59230E-05,1.598E+00
-1.59220E-05,1.598E+00
-1.59210E-05,1.598E+00
-1.59200E-05,1.598E+00
-1.59190E-05,1.598E+00
-1.59180E-05,1.598E+00
-1.59170E-05,1.598E+00
-1.59160E-05,1.598E+00
-1.59150E-05,1.606E+00
-1.59140E-05,1.598E+00
-1.59130E-05,1.598E+00
-1.59120E-05,1.606E+00
-1.59110E-05,1.598E+00
-1.59100E-05,1.598E+00
-1.59090E-05,1.598E+00
-1.59080E-05,1.598E+00
-1.59070E-05,1.590E+00
-1.59060E-05,1.598E+00
-1.59050E-05,1.590E+00
-1.59040E-05,1.598E+00
-1.59030E-05,1.598E+00
-1.59020E-05,1.598E+00
-1.59010E-05,1.598E+00
-1.59000E-05,1.598E+00
-1.58990E-05,1.590E+00
-1.58980E-05,1.598E+00
-1.58970E-05,1.598E+00
-1.58960E-05,1.598E+00
-1.58950E-05,1.598E+00
-1.58940E-05,1.598E+00
-1.58930E-05,1.598E+00
-1.58920E-05,1.598E+00
-1.58910E-05,1.590E+00
-1.58900E-05,1.590E+00
-1.58890E-05,1.598E+00
-1.58880E-05,1.590E+00
-1.58870E-05,1.590E+00
-1.58860E-05,1.598E+00
-1.58850E-05,1.598E+00
-1.58840E-05,1.598E+00
-1.58830E-05,1.598E+00
-1.58820E-05,1.590E+00
-1.58810E-05,1.590E+00
-1.58800E-05,1.590E+00
-1.58790E-05,1.598E+00
-1.58780E-05,1.598E+00
-1.58770E-05,1.598E+00
-1.58760E-05,1.606E+00
-1.58750E-05,1.606E+00
-1.58740E-05,1.606E+00
-1.58730E-05,1.590E+00
-1.58720E-05,1.598E+00
-1.58710E-05,1.598E+00
-1.58700E-05,1.598E+00
-1.58690E-05,1.598E+00
-1.58680E-05,1.598E+00
-1.58670E-05,1.598E+00
-1.58660E-05,1.598E+00
-1.58650E-05,1.598E+00
-1.58640E-05,1.598E+00
-1.58630E-05,1.598E+00
-1.58620E-05,1.598E+00
-1.58610E-05,1.598E+00
-1.58600E-05,1.598E+00
-1.58590E-05,1.598E+00
-1.58580E-05,1.598E+00
-1.58570E-05,1.598E+00
-1.58560E-05,1.598E+00
-1.58550E-05,1.606E+00
-1.58540E-05,1.598E+00
-1.58530E-05,1.598E+00
-1.58520E-05,1.598E+00
-1.58510E-05,1.606E+00
-1.58500E-05,1.606E+00
-1.58490E-05,1.598E+00
-1.58480E-05,1.598E+00
-1.58470E-05,1.598E+00
-1.58460E-05,1.598E+00
-1.58450E-05,1.598E+00
-1.58440E-05,1.598E+00
-1.58430E-05,1.590E+00
-1.58420E-05,1.590E+00
-1.58410E-05,1.598E+00
-1.58400E-05,1.590E+00
-1.58390E-05,1.606E+00
-1.58380E-05,1.606E+00
-1.58370E-05,1.598E+00
-1.58360E-05,1.598E+00
-1.58350E-05,1.598E+00
-1.58340E-05,1.598E+00
-1.58330E-05,1.598E+00
-1.58320E-05,1.598E+00
-1.58310E-05,1.598E+00
-1.58300E-05,1.598E+00
-1.58290E-05,1.598E+00
-1.58280E-05,1.598E+00
-1.58270E-05,1.598E+00
-1.58260E-05,1.598E+00
-1.58250E-05,1.606E+00
-1.58240E-05,1.598E+00
-1.58230E-05,1.598E+00
-1.58220E-05,1.590E+00
-1.58210E-05,1.598E+00
-1.58200E-05,1.598E+00
-1.58190E-05,1.598E+00
-1.58180E-05,1.590E+00
-1.58170E-05,1.598E+00
-1.58160E-05,1.598E+00
-1.58150E-05,1.598E+00
-1.58140E-05,1.598E+00
-1.58130E-05,1.598E+00
-1.58120E-05,1.598E+00
-1.58110E-05,1.598E+00
-1.58100E-05,1.598E+00
-1.58090E-05,1.598E+00
-1.58080E-05,1.598E+00
-1.58070E-05,1.598E+00
-1.58060E-05,1.598E+00
-1.58050E-05,1.598E+00
-1.58040E-05,1.590E+00
-1.58030E-05,1.590E+00
-1.58020E-05,1.598E+00
-1.58010E-05,1.598E+00
-1.58000E-05,1.598E+00
-1.57990E-05,1.598E+00
-1.57980E-05,1.598E+00
-1.57970E-05,1.598E+00
-1.57960E-05,1.598E+00
-1.57950E-05,1.598E+00
-1.57940E-05,1.598E+00
-1.57930E-05,1.598E+00
-1.57920E-05,1.598E+00
-1.57910E-05,1.598E+00
-1.57900E-05,1.598E+00
-1.57890E-05,1.590E+00
-1.57880E-05,1.590E+00
-1.57870E-05,1.598E+00
-1.57860E-05,1.606E+00
-1.57850E-05,1.598E+00
-1.57840E-05,1.598E+00
-1.57830E-05,1.590E+00
-1.57820E-05,1.598E+00
-1.57810E-05,1.598E+00
-1.57800E-05,1.606E+00
-1.57790E-05,1.598E+00
-1.57780E-05,1.598E+00
-1.57770E-05,1.598E+00
-1.57760E-05,1.598E+00
-1.57750E-05,1.598E+00
-1.57740E-05,1.598E+00
-1.57730E-05,1.598E+00
-1.57720E-05,1.598E+00
-1.57710E-05,1.598E+00
-1.57700E-05,1.598E+00
-1.57690E-05,1.598E+00
-1.57680E-05,1.590E+00
-1.57670E-05,1.598E+00
-1.57660E-05,1.598E+00
-1.57650E-05,1.606E+00
-1.57640E-05,1.598E+00
-1.57630E-05,1.598E+00
-1.57620E-05,1.598E+00
-1.57610E-05,1.606E+00
-1.57600E-05,1.606E+00
-1.57590E-05,1.598E+00
-1.57580E-05,1.598E+00
-1.57570E-05,1.598E+00
-1.57560E-05,1.606E+00
-1.57550E-05,1.606E+00
-1.57540E-05,1.598E+00
-1.57530E-05,1.598E+00
-1.57520E-05,1.598E+00
-1.57510E-05,1.598E+00
-1.57500E-05,1.598E+00
-1.57490E-05,1.598E+00
-1.57480E-05,1.598E+00
-1.57470E-05,1.598E+00
-1.57460E-05,1.598E+00
-1.57450E-05,1.598E+00
-1.57440E-05,1.598E+00
-1.57430E-05,1.598E+00
-1.57420E-05,1.598E+00
-1.57410E-05,1.598E+00
-1.57400E-05,1.598E+00
-1.57390E-05,1.590E+00
-1.57380E-05,1.590E+00
-1.57370E-05,1.598E+00
-1.57360E-05,1.598E+00
-1.57350E-05,1.606E+00
-1.57340E-05,1.598E+00
-1.57330E-05,1.598E+00
-1.57320E-05,1.598E+00
-1.57310E-05,1.598E+00
-1.57300E-05,1.598E+00
-1.57290E-05,1.598E+00
-1.57280E-05,1.590E+00
-1.57270E-05,1.598E+00
-1.57260E-05,1.598E+00
-1.57250E-05,1.598E+00
-1.57240E-05,1.598E+00
-1.57230E-05,1.590E+00
-1.57220E-05,1.590E+00
-1.57210E-05,1.598E+00
-1.57200E-05,1.606E+00
-1.57190E-05,1.598E+00
-1.57180E-05,1.598E+00
-1.57170E-05,1.590E+00
-1.57160E-05,1.590E+00
-1.57150E-05,1.598E+00
-1.57140E-05,1.598E+00
-1.57130E-05,1.598E+00
-1.57120E-05,1.598E+00
-1.57110E-05,1.606E+00
-1.57100E-05,1.606E+00
-1.57090E-05,1.606E+00
-1.57080E-05,1.598E+00
-1.57070E-05,1.590E+00
-1.57060E-05,1.598E+00
-1.57050E-05,1.598E+00
-1.57040E-05,1.598E+00
-1.57030E-05,1.598E+00
-1.57020E-05,1.598E+00
-1.57010E-05,1.598E+00
-1.57000E-05,1.598E+00
-1.56990E-05,1.590E+00
-1.56980E-05,1.598E+00
-1.56970E-05,1.598E+00
-1.56960E-05,1.598E+00
-1.56950E-05,1.598E+00
-1.56940E-05,1.598E+00
-1.56930E-05,1.598E+00
-1.56920E-05,1.598E+00
-1.56910E-05,1.598E+00
-1.56900E-05,1.598E+00
-1.56890E-05,1.598E+00
-1.56880E-05,1.598E+00
-1.56870E-05,1.598E+00
-1.56860E-05,1.606E+00
-1.56850E-05,1.606E+00
-1.56840E-05,1.598E+00
-1.56830E-05,1.598E+00
-1.56820E-05,1.598E+00
-1.56810E-05,1.590E+00
-1.56800E-05,1.590E+00
-1.56790E-05,1.598E+00
-1.56780E-05,1.598E+00
-1.56770E-05,1.606E+00
-1.56760E-05,1.606E+00
-1.56750E-05,1.606E+00
-1.56740E-05,1.606E+00
-1.56730E-05,1.590E+00
-1.56720E-05,1.598E+00
-1.56710E-05,1.598E+00
-1.56700E-05,1.598E+00
-1.56690E-05,1.606E+00
-1.56680E-05,1.598E+00
-1.56670E-05,1.598E+00
-1.56660E-05,1.598E+00
-1.56650E-05,1.598E+00
-1.56640E-05,1.598E+00
-1.56630E-05,1.598E+00
-1.56620E-05,1.598E+00
-1.56610E-05,1.598E+00
-1.56600E-05,1.598E+00
-1.56590E-05,1.590E+00
-1.56580E-05,1.590E+00
-1.56570E-05,1.590E+00
-1.56560E-05,1.590E+00
-1.56550E-05,1.598E+00
-1.56540E-05,1.598E+00
-1.56530E-05,1.598E+00
-1.56520E-05,1.598E+00
-1.56510E-05,1.598E+00
-1.56500E-05,1.606E+00
-1.56490E-05,1.590E+00
-1.56480E-05,1.598E+00
-1.56470E-05,1.598E+00
-1.56460E-05,1.606E+00
-1.56450E-05,1.606E+00
-1.56440E-05,1.598E+00
-1.56430E-05,1.598E+00
-1.56420E-05,1.598E+00
-1.56410E-05,1.606E+00
-1.56400E-05,1.598E+00
-1.56390E-05,1.598E+00
-1.56380E-05,1.598E+00
-1.56370E-05,1.598E+00
-1.56360E-05,1.598E+00
-1.56350E-05,1.598E+00
-1.56340E-05,1.598E+00
-1.56330E-05,1.598E+00
-1.56320E-05,1.598E+00
-1.56310E-05,1.598E+00
-1.56300E-05,1.598E+00
-1.56290E-05,1.598E+00
-1.56280E-05,1.590E+00
-1.56270E-05,1.598E+00
-1.56260E-05,1.598E+00
-1.56250E-05,1.590E+00
-1.56240E-05,1.590E+00
-1.56230E-05,1.590E+00
-1.56220E-05,1.598E+00
-1.56210E-05,1.598E+00
-1.56200E-05,1.606E+00
-1.56190E-05,1.598E+00
-1.56180E-05,1.590E+00
-1.56170E-05,1.598E+00
-1.56160E-05,1.598E+00
-1.56150E-05,1.598E+00
-1.56140E-05,1.606E+00
-1.56130E-05,1.606E+00
-1.56120E-05,1.598E+00
-1.56110E-05,1.598E+00
-1.56100E-05,1.598E+00
-1.56090E-05,1.598E+00
-1.56080E-05,1.598E+00
-1.56070E-05,1.598E+00
-1.56060E-05,1.606E+00
-1.56050E-05,1.606E+00
-1.56040E-05,1.598E+00
-1.56030E-05,1.598E+00
-1.56020E-05,1.598E+00
-1.56010E-05,1.606E+00
-1.56000E-05,1.606E+00
-1.55990E-05,1.598E+00
-1.55980E-05,1.598E+00
-1.55970E-05,1.590E+00
-1.55960E-05,1.590E+00
-1.55950E-05,1.598E+00
-1.55940E-05,1.598E+00
-1.55930E-05,1.598E+00
-1.55920E-05,1.606E+00
-1.55910E-05,1.598E+00
-1.55900E-05,1.598E+00
-1.55890E-05,1.590E+00
-1.55880E-05,1.590E+00
-1.55870E-05,1.598E+00
-1.55860E-05,1.598E+00
-1.55850E-05,1.598E+00
-1.55840E-05,1.598E+00
-1.55830E-05,1.598E+00
-1.55820E-05,1.598E+00
-1.55810E-05,1.598E+00
-1.55800E-05,1.598E+00
-1.55790E-05,1.598E+00
-1.55780E-05,1.598E+00
-1.55770E-05,1.598E+00
-1.55760E-05,1.606E+00
-1.55750E-05,1.598E+00
-1.55740E-05,1.598E+00
-1.55730E-05,1.598E+00
-1.55720E-05,1.598E+00
-1.55710E-05,1.606E+00
-1.55700E-05,1.606E+00
-1.55690E-05,1.606E+00
-1.55680E-05,1.598E+00
-1.55670E-05,1.598E+00
-1.55660E-05,1.606E+00
-1.55650E-05,1.598E+00
-1.55640E-05,1.598E+00
-1.55630E-05,1.598E+00
-1.55620E-05,1.598E+00
-1.55610E-05,1.598E+00
-1.55600E-05,1.598E+00
-1.55590E-05,1.598E+00
-1.55580E-05,1.598E+00
-1.55570E-05,1.598E+00
-1.55560E-05,1.598E+00
-1.55550E-05,1.598E+00
-1.55540E-05,1.598E+00
-1.55530E-05,1.598E+00
-1.55520E-05,1.598E+00
-1.55510E-05,1.598E+00
-1.55500E-05,1.598E+00
-1.55490E-05,1.598E+00
-1.55480E-05,1.606E+00
-1.55470E-05,1.606E+00
-1.55460E-05,1.606E+00
-1.55450E-05,1.598E+00
-1.55440E-05,1.606E+00
-1.55430E-05,1.598E+00
-1.55420E-05,1.606E+00
-1.55410E-05,1.598E+00
-1.55400E-05,1.598E+00
-1.55390E-05,1.590E+00
-1.55380E-05,1.590E+00
-1.55370E-05,1.598E+00
-1.55360E-05,1.598E+00
-1.55350E-05,1.606E+00
-1.55340E-05,1.606E+00
-1.55330E-05,1.598E+00
-1.55320E-05,1.598E+00
-1.55310E-05,1.598E+00
-1.55300E-05,1.598E+00
-1.55290E-05,1.598E+00
-1.55280E-05,1.598E+00
-1.55270E-05,1.598E+00
-1.55260E-05,1.606E+00
-1.55250E-05,1.606E+00
-1.55240E-05,1.606E+00
-1.55230E-05,1.606E+00
-1.55220E-05,1.598E+00
-1.55210E-05,1.598E+00
-1.55200E-05,1.598E+00
-1.55190E-05,1.590E+00
-1.55180E-05,1.598E+00
-1.55170E-05,1.598E+00
-1.55160E-05,1.598E+00
-1.55150E-05,1.598E+00
-1.55140E-05,1.598E+00
-1.55130E-05,1.590E+00
-1.55120E-05,1.598E+00
-1.55110E-05,1.598E+00
-1.55100E-05,1.598E+00
-1.55090E-05,1.598E+00
-1.55080E-05,1.590E+00
-1.55070E-05,1.598E+00
-1.55060E-05,1.598E+00
-1.55050E-05,1.598E+00
-1.55040E-05,1.598E+00
-1.55030E-05,1.598E+00
-1.55020E-05,1.598E+00
-1.55010E-05,1.606E+00
-1.55000E-05,1.606E+00
-1.54990E-05,1.598E+00
-1.54980E-05,1.598E+00
-1.54970E-05,1.598E+00
-1.54960E-05,1.606E+00
-1.54950E-05,1.606E+00
-1.54940E-05,1.598E+00
-1.54930E-05,1.598E+00
-1.54920E-05,1.598E+00
-1.54910E-05,1.606E+00
-1.54900E-05,1.598E+00
-1.54890E-05,1.590E+00
-1.54880E-05,1.598E+00
-1.54870E-05,1.598E+00
-1.54860E-05,1.598E+00
-1.54850E-05,1.606E+00
-1.54840E-05,1.606E+00
-1.54830E-05,1.598E+00
-1.54820E-05,1.598E+00
-1.54810E-05,1.598E+00
-1.54800E-05,1.598E+00
-1.54790E-05,1.590E+00
-1.54780E-05,1.590E+00
-1.54770E-05,1.598E+00
-1.54760E-05,1.606E+00
-1.54750E-05,1.606E+00
-1.54740E-05,1.606E+00
-1.54730E-05,1.598E+00
-1.54720E-05,1.598E+00
-1.54710E-05,1.598E+00
-1.54700E-05,1.598E+00
-1.54690E-05,1.590E+00
-1.54680E-05,1.598E+00
-1.54670E-05,1.590E+00
-1.54660E-05,1.598E+00
-1.54650E-05,1.598E+00
-1.54640E-05,1.598E+00
-1.54630E-05,1.598E+00
-1.54620E-05,1.590E+00
-1.54610E-05,1.598E+00
-1.54600E-05,1.598E+00
-1.54590E-05,1.590E+00
-1.54580E-05,1.590E+00
-1.54570E-05,1.598E+00
-1.54560E-05,1.590E+00
-1.54550E-05,1.598E+00
-1.54540E-05,1.598E+00
-1.54530E-05,1.598E+00
-1.54520E-05,1.598E+00
-1.54510E-05,1.598E+00
-1.54500E-05,1.590E+00
-1.54490E-05,1.590E+00
-1.54480E-05,1.598E+00
-1.54470E-05,1.606E+00
-1.54460E-05,1.606E+00
-1.54450E-05,1.606E+00
-1.54440E-05,1.598E+00
-1.54430E-05,1.598E+00
-1.54420E-05,1.590E+00
-1.54410E-05,1.598E+00
-1.54400E-05,1.606E+00
-1.54390E-05,1.606E+00
-1.54380E-05,1.598E+00
-1.54370E-05,1.598E+00
-1.54360E-05,1.598E+00
-1.54350E-05,1.598E+00
-1.54340E-05,1.598E+00
-1.54330E-05,1.598E+00
-1.54320E-05,1.598E+00
-1.54310E-05,1.598E+00
-1.54300E-05,1.598E+00
-1.54290E-05,1.598E+00
-1.54280E-05,1.598E+00
-1.54270E-05,1.598E+00
-1.54260E-05,1.598E+00
-1.54250E-05,1.598E+00
-1.54240E-05,1.598E+00
-1.54230E-05,1.598E+00
-1.54220E-05,1.598E+00
-1.54210E-05,1.598E+00
-1.54200E-05,1.598E+00
-1.54190E-05,1.598E+00
-1.54180E-05,1.590E+00
-1.54170E-05,1.590E+00
-1.54160E-05,1.598E+00
-1.54150E-05,1.598E+00
-1.54140E-05,1.598E+00
-1.54130E-05,1.598E+00
-1.54120E-05,1.606E+00
-1.54110E-05,1.606E+00
-1.54100E-05,1.598E+00
-1.54090E-05,1.598E+00
-1.54080E-05,1.590E+00
-1.54070E-05,1.590E+00
-1.54060E-05,1.598E+00
-1.54050E-05,1.598E+00
-1.54040E-05,1.590E+00
-1.54030E-05,1.590E+00
-1.54020E-05,1.590E+00
-1.54010E-05,1.598E+00
-1.54000E-05,1.598E+00
-1.53990E-05,1.598E+00
-1.53980E-05,1.590E+00
-1.53970E-05,1.598E+00
-1.53960E-05,1.606E+00
-1.53950E-05,1.606E+00
-1.53940E-05,1.606E+00
-1.53930E-05,1.598E+00
-1.53920E-05,1.598E+00
-1.53910E-05,1.598E+00
-1.53900E-05,1.598E+00
-1.53890E-05,1.590E+00
-1.53880E-05,1.590E+00
-1.53870E-05,1.598E+00
-1.53860E-05,1.598E+00
-1.53850E-05,1.598E+00
-1.53840E-05,1.598E+00
-1.53830E-05,1.598E+00
-1.53820E-05,1.598E+00
-1.53810E-05,1.598E+00
-1.53800E-05,1.598E+00
-1.53790E-05,1.598E+00
-1.53780E-05,1.598E+00
-1.53770E-05,1.598E+00
-1.53760E-05,1.606E+00
-1.53750E-05,1.606E+00
-1.53740E-05,1.598E+00
-1.53730E-05,1.598E+00
-1.53720E-05,1.598E+00
-1.53710E-05,1.598E+00
-1.53700E-05,1.598E+00
-1.53690E-05,1.598E+00
-1.53680E-05,1.598E+00
-1.53670E-05,1.598E+00
-1.53660E-05,1.598E+00
-1.53650E-05,1.598E+00
-1.53640E-05,1.598E+00
-1.53630E-05,1.590E+00
-1.53620E-05,1.590E+00
-1.53610E-05,1.590E+00
-1.53600E-05,1.590E+00
-1.53590E-05,1.598E+00
-1.53580E-05,1.598E+00
-1.53570E-05,1.598E+00
-1.53560E-05,1.598E+00
-1.53550E-05,1.598E+00
-1.53540E-05,1.598E+00
-1.53530E-05,1.590E+00
-1.53520E-05,1.598E+00
-1.53510E-05,1.590E+00
-1.53500E-05,1.606E+00
-1.53490E-05,1.598E+00
-1.53480E-05,1.590E+00
-1.53470E-05,1.598E+00
-1.53460E-05,1.590E+00
-1.53450E-05,1.598E+00
-1.53440E-05,1.598E+00
-1.53430E-05,1.590E+00
-1.53420E-05,1.590E+00
-1.53410E-05,1.598E+00
-1.53400E-05,1.598E+00
-1.53390E-05,1.590E+00
-1.53380E-05,1.590E+00
-1.53370E-05,1.590E+00
-1.53360E-05,1.598E+00
-1.53350E-05,1.598E+00
-1.53340E-05,1.590E+00
-1.53330E-05,1.598E+00
-1.53320E-05,1.598E+00
-1.53310E-05,1.598E+00
-1.53300E-05,1.598E+00
-1.53290E-05,1.598E+00
-1.53280E-05,1.598E+00
-1.53270E-05,1.598E+00
-1.53260E-05,1.598E+00
-1.53250E-05,1.606E+00
-1.53240E-05,1.598E+00
-1.53230E-05,1.598E+00
-1.53220E-05,1.598E+00
-1.53210E-05,1.606E+00
-1.53200E-05,1.598E+00
-1.53190E-05,1.598E+00
-1.53180E-05,1.598E+00
-1.53170E-05,1.598E+00
-1.53160E-05,1.598E+00
-1.53150E-05,1.598E+00
-1.53140E-05,1.598E+00
-1.53130E-05,1.598E+00
-1.53120E-05,1.598E+00
-1.53110E-05,1.598E+00
-1.53100E-05,1.598E+00
-1.53090E-05,1.598E+00
-1.53080E-05,1.598E+00
-1.53070E-05,1.598E+00
-1.53060E-05,1.598E+00
-1.53050E-05,1.598E+00
-1.53040E-05,1.598E+00
-1.53030E-05,1.598E+00
-1.53020E-05,1.598E+00
-1.53010E-05,1.590E+00
-1.53000E-05,1.598E+00
-1.52990E-05,1.590E+00
-1.52980E-05,1.590E+00
-1.52970E-05,1.598E+00
-1.52960E-05,1.598E+00
-1.52950E-05,1.598E+00
-1.52940E-05,1.598E+00
-1.52930E-05,1.598E+00
-1.52920E-05,1.598E+00
-1.52910E-05,1.598E+00
-1.52900E-05,1.598E+00
-1.52890E-05,1.598E+00
-1.52880E-05,1.598E+00
-1.52870E-05,1.598E+00
-1.52860E-05,1.598E+00
-1.52850E-05,1.598E+00
-1.52840E-05,1.598E+00
-1.52830E-05,1.598E+00
-1.52820E-05,1.606E+00
-1.52810E-05,1.598E+00
-1.52800E-05,1.606E+00
-1.52790E-05,1.590E+00
-1.52780E-05,1.598E+00
-1.52770E-05,1.598E+00
-1.52760E-05,1.606E+00
-1.52750E-05,1.598E+00
-1.52740E-05,1.590E+00
-1.52730E-05,1.598E+00
-1.52720E-05,1.598E+00
-1.52710E-05,1.598E+00
-1.52700E-05,1.598E+00
-1.52690E-05,1.598E+00
-1.52680E-05,1.590E+00
-1.52670E-05,1.598E+00
-1.52660E-05,1.598E+00
-1.52650E-05,1.598E+00
-1.52640E-05,1.606E+00
-1.52630E-05,1.598E+00
-1.52620E-05,1.598E+00
-1.52610E-05,1.598E+00
-1.52600E-05,1.598E+00
-1.52590E-05,1.598E+00
-1.52580E-05,1.590E+00
-1.52570E-05,1.598E+00
-1.52560E-05,1.598E+00
-1.52550E-05,1.606E+00
-1.52540E-05,1.606E+00
-1.52530E-05,1.598E+00
-1.52520E-05,1.598E+00
-1.52510E-05,1.606E+00
-1.52500E-05,1.598E+00
-1.52490E-05,1.598E+00
-1.52480E-05,1.598E+00
-1.52470E-05,1.598E+00
-1.52460E-05,1.598E+00
-1.52450E-05,1.606E+00
-1.52440E-05,1.598E+00
-1.52430E-05,1.598E+00
-1.52420E-05,1.590E+00
-1.52410E-05,1.598E+00
-1.52400E-05,1.598E+00
-1.52390E-05,1.598E+00
-1.52380E-05,1.598E+00
-1.52370E-05,1.606E+00
-1.52360E-05,1.606E+00
-1.52350E-05,1.598E+00
-1.52340E-05,1.598E+00
-1.52330E-05,1.598E+00
-1.52320E-05,1.598E+00
-1.52310E-05,1.598E+00
-1.52300E-05,1.606E+00
-1.52290E-05,1.598E+00
-1.52280E-05,1.598E+00
-1.52270E-05,1.598E+00
-1.52260E-05,1.598E+00
-1.52250E-05,1.606E+00
-1.52240E-05,1.598E+00
-1.52230E-05,1.598E+00
-1.52220E-05,1.598E+00
-1.52210E-05,1.598E+00
-1.52200E-05,1.598E+00
-1.52190E-05,1.598E+00
-1.52180E-05,1.598E+00
-1.52170E-05,1.598E+00
-1.52160E-05,1.598E+00
-1.52150E-05,1.598E+00
-1.52140E-05,1.598E+00
-1.52130E-05,1.598E+00
-1.52120E-05,1.598E+00
-1.52110E-05,1.598E+00
-1.52100E-05,1.598E+00
-1.52090E-05,1.590E+00
-1.52080E-05,1.590E+00
-1.52070E-05,1.598E+00
-1.52060E-05,1.598E+00
-1.52050E-05,1.598E+00
-1.52040E-05,1.598E+00
-1.52030E-05,1.606E+00
-1.52020E-05,1.598E+00
-1.52010E-05,1.606E+00
-1.52000E-05,1.598E+00
-1.51990E-05,1.598E+00
-1.51980E-05,1.598E+00
-1.51970E-05,1.598E+00
-1.51960E-05,1.598E+00
-1.51950E-05,1.598E+00
-1.51940E-05,1.590E+00
-1.51930E-05,1.598E+00
-1.51920E-05,1.598E+00
-1.51910E-05,1.606E+00
-1.51900E-05,1.598E+00
-1.51890E-05,1.598E+00
-1.51880E-05,1.598E+00
-1.51870E-05,1.598E+00
-1.51860E-05,1.598E+00
-1.51850E-05,1.598E+00
-1.51840E-05,1.598E+00
-1.51830E-05,1.598E+00
-1.51820E-05,1.598E+00
-1.51810E-05,1.598E+00
-1.51800E-05,1.598E+00
-1.51790E-05,1.598E+00
-1.51780E-05,1.598E+00
-1.51770E-05,1.598E+00
-1.51760E-05,1.598E+00
-1.51750E-05,1.598E+00
-1.51740E-05,1.598E+00
-1.51730E-05,1.598E+00
-1.51720E-05,1.606E+00
-1.51710E-05,1.598E+00
-1.51700E-05,1.598E+00
-1.51690E-05,1.598E+00
-1.51680E-05,1.590E+00
-1.51670E-05,1.590E+00
-1.51660E-05,1.598E+00
-1.51650E-05,1.598E+00
-1.51640E-05,1.598E+00
-1.51630E-05,1.598E+00
-1.51620E-05,1.598E+00
-1.51610E-05,1.598E+00
-1.51600E-05,1.598E+00
-1.51590E-05,1.598E+00
-1.51580E-05,1.598E+00
-1.51570E-05,1.598E+00
-1.51560E-05,1.606E+00
-1.51550E-05,1.606E+00
-1.51540E-05,1.598E+00
-1.51530E-05,1.598E+00
-1.51520E-05,1.590E+00
-1.51510E-05,1.606E+00
-1.51500E-05,1.606E+00
-1.51490E-05,1.598E+00
-1.51480E-05,1.598E+00
-1.51470E-05,1.606E+00
-1.51460E-05,1.598E+00
-1.51450E-05,1.598E+00
-1.51440E-05,1.598E+00
-1.51430E-05,1.598E+00
-1.51420E-05,1.598E+00
-1.51410E-05,1.598E+00
-1.51400E-05,1.598E+00
-1.51390E-05,1.598E+00
-1.51380E-05,1.590E+00
-1.51370E-05,1.598E+00
-1.51360E-05,1.598E+00
-1.51350E-05,1.598E+00
-1.51340E-05,1.598E+00
-1.51330E-05,1.598E+00
-1.51320E-05,1.598E+00
-1.51310E-05,1.598E+00
-1.51300E-05,1.598E+00
-1.51290E-05,1.598E+00
-1.51280E-05,1.598E+00
-1.51270E-05,1.598E+00
-1.51260E-05,1.598E+00
-1.51250E-05,1.598E+00
-1.51240E-05,1.598E+00
-1.51230E-05,1.598E+00
-1.51220E-05,1.598E+00
-1.51210E-05,1.598E+00
-1.51200E-05,1.598E+00
-1.51190E-05,1.598E+00
-1.51180E-05,1.598E+00
-1.51170E-05,1.606E+00
-1.51160E-05,1.606E+00
-1.51150E-05,1.598E+00
-1.51140E-05,1.598E+00
-1.51130E-05,1.598E+00
-1.51120E-05,1.598E+00
-1.51110E-05,1.598E+00
-1.51100E-05,1.590E+00
-1.51090E-05,1.598E+00
-1.51080E-05,1.590E+00
-1.51070E-05,1.598E+00
-1.51060E-05,1.598E+00
-1.51050E-05,1.598E+00
-1.51040E-05,1.598E+00
-1.51030E-05,1.598E+00
-1.51020E-05,1.598E+00
-1.51010E-05,1.598E+00
-1.51000E-05,1.598E+00
-1.50990E-05,1.582E+00
-1.50980E-05,1.590E+00
-1.50970E-05,1.598E+00
-1.50960E-05,1.598E+00
-1.50950E-05,1.606E+00
-1.50940E-05,1.606E+00
-1.50930E-05,1.598E+00
-1.50920E-05,1.598E+00
-1.50910E-05,1.598E+00
-1.50900E-05,1.598E+00
-1.50890E-05,1.590E+00
-1.50880E-05,1.590E+00
-1.50870E-05,1.590E+00
-1.50860E-05,1.606E+00
-1.50850E-05,1.598E+00
-1.50840E-05,1.598E+00
-1.50830E-05,1.590E+00
-1.50820E-05,1.590E+00
-1.50810E-05,1.598E+00
-1.50800E-05,1.598E+00
-1.50790E-05,1.598E+00
-1.50780E-05,1.598E+00
-1.50770E-05,1.598E+00
-1.50760E-05,1.598E+00
-1.50750E-05,1.598E+00
-1.50740E-05,1.598E+00
-1.50730E-05,1.598E+00
-1.50720E-05,1.598E+00
-1.50710E-05,1.598E+00
-1.50700E-05,1.606E+00
-1.50690E-05,1.606E+00
-1.50680E-05,1.598E+00
-1.50670E-05,1.598E+00
-1.50660E-05,1.598E+00
-1.50650E-05,1.598E+00
-1.50640E-05,1.598E+00
-1.50630E-05,1.598E+00
-1.50620E-05,1.590E+00
-1.50610E-05,1.598E+00
-1.50600E-05,1.606E+00
-1.50590E-05,1.598E+00
-1.50580E-05,1.598E+00
-1.50570E-05,1.598E+00
-1.50560E-05,1.598E+00
-1.50550E-05,1.598E+00
-1.50540E-05,1.606E+00
-1.50530E-05,1.598E+00
-1.50520E-05,1.598E+00
-1.50510E-05,1.598E+00
-1.50500E-05,1.598E+00
-1.50490E-05,1.590E+00
-1.50480E-05,1.598E+00
-1.50470E-05,1.598E+00
-1.50460E-05,1.598E+00
-1.50450E-05,1.606E+00
-1.50440E-05,1.598E+00
-1.50430E-05,1.598E+00
-1.50420E-05,1.598E+00
-1.50410E-05,1.598E+00
-1.50400E-05,1.598E+00
-1.50390E-05,1.598E+00
-1.50380E-05,1.606E+00
-1.50370E-05,1.598E+00
-1.50360E-05,1.598E+00
-1.50350E-05,1.598E+00
-1.50340E-05,1.598E+00
-1.50330E-05,1.598E+00
-1.50320E-05,1.598E+00
-1.50310E-05,1.598E+00
-1.50300E-05,1.598E+00
-1.50290E-05,1.598E+00
-1.50280E-05,1.598E+00
-1.50270E-05,1.598E+00
-1.50260E-05,1.606E+00
-1.50250E-05,1.606E+00
-1.50240E-05,1.598E+00
-1.50230E-05,1.598E+00
-1.50220E-05,1.606E+00
-1.50210E-05,1.606E+00
-1.50200E-05,1.598E+00
-1.50190E-05,1.598E+00
-1.50180E-05,1.598E+00
-1.50170E-05,1.598E+00
-1.50160E-05,1.598E+00
-1.50150E-05,1.590E+00
-1.50140E-05,1.598E+00
-1.50130E-05,1.598E+00
-1.50120E-05,1.606E+00
-1.50110E-05,1.606E+00
-1.50100E-05,1.606E+00
-1.50090E-05,1.590E+00
-1.50080E-05,1.598E+00
-1.50070E-05,1.590E+00
-1.50060E-05,1.606E+00
-1.50050E-05,1.606E+00
-1.50040E-05,1.598E+00
-1.50030E-05,1.598E+00
-1.50020E-05,1.590E+00
-1.50010E-05,1.598E+00
-1.50000E-05,1.590E+00
-1.49990E-05,1.590E+00
-1.49980E-05,1.598E+00
-1.49970E-05,1.606E+00
-1.49960E-05,1.606E+00
-1.49950E-05,1.598E+00
-1.49940E-05,1.598E+00
-1.49930E-05,1.590E+00
-1.49920E-05,1.598E+00
-1.49910E-05,1.598E+00
-1.49900E-05,1.606E+00
-1.49890E-05,1.598E+00
-1.49880E-05,1.598E+00
-1.49870E-05,1.598E+00
-1.49860E-05,1.598E+00
-1.49850E-05,1.598E+00
-1.49840E-05,1.598E+00
-1.49830E-05,1.598E+00
-1.49820E-05,1.598E+00
-1.49810E-05,1.606E+00
-1.49800E-05,1.606E+00
-1.49790E-05,1.606E+00
-1.49780E-05,1.598E+00
-1.49770E-05,1.598E+00
-1.49760E-05,1.598E+00
-1.49750E-05,1.598E+00
-1.49740E-05,1.598E+00
-1.49730E-05,1.598E+00
-1.49720E-05,1.598E+00
-1.49710E-05,1.598E+00
-1.49700E-05,1.598E+00
-1.49690E-05,1.598E+00
-1.49680E-05,1.598E+00
-1.49670E-05,1.598E+00
-1.49660E-05,1.598E+00
-1.49650E-05,1.590E+00
-1.49640E-05,1.598E+00
-1.49630E-05,1.590E+00
-1.49620E-05,1.598E+00
-1.49610E-05,1.598E+00
-1.49600E-05,1.598E+00
-1.49590E-05,1.598E+00
-1.49580E-05,1.598E+00
-1.49570E-05,1.590E+00
-1.49560E-05,1.598E+00
-1.49550E-05,1.598E+00
-1.49540E-05,1.590E+00
-1.49530E-05,1.590E+00
-1.49520E-05,1.598E+00
-1.49510E-05,1.598E+00
-1.49500E-05,1.598E+00
-1.49490E-05,1.590E+00
-1.49480E-05,1.598E+00
-1.49470E-05,1.590E+00
-1.49460E-05,1.598E+00
-1.49450E-05,1.598E+00
-1.49440E-05,1.598E+00
-1.49430E-05,1.598E+00
-1.49420E-05,1.598E+00
-1.49410E-05,1.606E+00
-1.49400E-05,1.598E+00
-1.49390E-05,1.598E+00
-1.49380E-05,1.590E+00
-1.49370E-05,1.590E+00
-1.49360E-05,1.598E+00
-1.49350E-05,1.606E+00
-1.49340E-05,1.606E+00
-1.49330E-05,1.598E+00
-1.49320E-05,1.598E+00
-1.49310E-05,1.598E+00
-1.49300E-05,1.598E+00
-1.49290E-05,1.598E+00
-1.49280E-05,1.598E+00
-1.49270E-05,1.598E+00
-1.49260E-05,1.598E+00
-1.49250E-05,1.598E+00
-1.49240E-05,1.598E+00
-1.49230E-05,1.598E+00
-1.49220E-05,1.590E+00
-1.49210E-05,1.598E+00
-1.49200E-05,1.590E+00
-1.49190E-05,1.598E+00
-1.49180E-05,1.590E+00
-1.49170E-05,1.598E+00
-1.49160E-05,1.606E+00
-1.49150E-05,1.598E+00
-1.49140E-05,1.590E+00
-1.49130E-05,1.590E+00
-1.49120E-05,1.590E+00
-1.49110E-05,1.590E+00
-1.49100E-05,1.598E+00
-1.49090E-05,1.590E+00
-1.49080E-05,1.590E+00
-1.49070E-05,1.598E+00
-1.49060E-05,1.598E+00
-1.49050E-05,1.606E+00
-1.49040E-05,1.598E+00
-1.49030E-05,1.590E+00
-1.49020E-05,1.598E+00
-1.49010E-05,1.598E+00
-1.49000E-05,1.598E+00
-1.48990E-05,1.598E+00
-1.48980E-05,1.598E+00
-1.48970E-05,1.598E+00
-1.48960E-05,1.598E+00
-1.48950E-05,1.598E+00
-1.48940E-05,1.598E+00
-1.48930E-05,1.598E+00
-1.48920E-05,1.598E+00
-1.48910E-05,1.598E+00
-1.48900E-05,1.598E+00
-1.48890E-05,1.590E+00
-1.48880E-05,1.598E+00
-1.48870E-05,1.598E+00
-1.48860E-05,1.598E+00
-1.48850E-05,1.598E+00
-1.48840E-05,1.598E+00
-1.48830E-05,1.598E+00
-1.48820E-05,1.598E+00
-1.48810E-05,1.598E+00
-1.48800E-05,1.598E+00
-1.48790E-05,1.590E+00
-1.48780E-05,1.598E+00
-1.48770E-05,1.606E+00
-1.48760E-05,1.606E+00
-1.48750E-05,1.606E+00
-1.48740E-05,1.598E+00
-1.48730E-05,1.598E+00
-1.48720E-05,1.598E+00
-1.48710E-05,1.598E+00
-1.48700E-05,1.598E+00
-1.48690E-05,1.598E+00
-1.48680E-05,1.598E+00
-1.48670E-05,1.590E+00
-1.48660E-05,1.590E+00
-1.48650E-05,1.590E+00
-1.48640E-05,1.590E+00
-1.48630E-05,1.598E+00
-1.48620E-05,1.598E+00
-1.48610E-05,1.598E+00
-1.48600E-05,1.598E+00
-1.48590E-05,1.598E+00
-1.48580E-05,1.598E+00
-1.48570E-05,1.598E+00
-1.48560E-05,1.598E+00
-1.48550E-05,1.606E+00
-1.48540E-05,1.598E+00
-1.48530E-05,1.598E+00
-1.48520E-05,1.606E+00
-1.48510E-05,1.598E+00
-1.48500E-05,1.598E+00
-1.48490E-05,1.590E+00
-1.48480E-05,1.590E+00
-1.48470E-05,1.598E+00
-1.48460E-05,1.606E+00
-1.48450E-05,1.606E+00
-1.48440E-05,1.598E+00
-1.48430E-05,1.590E+00
-1.48420E-05,1.598E+00
-1.48410E-05,1.598E+00
-1.48400E-05,1.598E+00
-1.48390E-05,1.590E+00
-1.48380E-05,1.598E+00
-1.48370E-05,1.598E+00
-1.48360E-05,1.598E+00
-1.48350E-05,1.598E+00
-1.48340E-05,1.598E+00
-1.48330E-05,1.598E+00
-1.48320E-05,1.598E+00
-1.48310E-05,1.590E+00
-1.48300E-05,1.590E+00
-1.48290E-05,1.590E+00
-1.48280E-05,1.590E+00
-1.48270E-05,1.598E+00
-1.48260E-05,1.598E+00
-1.48250E-05,1.598E+00
-1.48240E-05,1.598E+00
-1.48230E-05,1.598E+00
-1.48220E-05,1.598E+00
-1.48210E-05,1.598E+00
-1.48200E-05,1.598E+00
-1.48190E-05,1.598E+00
-1.48180E-05,1.598E+00
-1.48170E-05,1.598E+00
-1.48160E-05,1.606E+00
-1.48150E-05,1.606E+00
-1.48140E-05,1.598E+00
-1.48130E-05,1.598E+00
-1.48120E-05,1.598E+00
-1.48110E-05,1.598E+00
-1.48100E-05,1.606E+00
-1.48090E-05,1.598E+00
-1.48080E-05,1.598E+00
-1.48070E-05,1.598E+00
-1.48060E-05,1.598E+00
-1.48050E-05,1.598E+00
-1.48040E-05,1.598E+00
-1.48030E-05,1.598E+00
-1.48020E-05,1.598E+00
-1.48010E-05,1.598E+00
-1.48000E-05,1.606E+00
-1.47990E-05,1.598E+00
-1.47980E-05,1.598E+00
-1.47970E-05,1.598E+00
-1.47960E-05,1.598E+00
-1.47950E-05,1.598E+00
-1.47940E-05,1.598E+00
-1.47930E-05,1.598E+00
-1.47920E-05,1.598E+00
-1.47910E-05,1.598E+00
-1.47900E-05,1.598E+00
-1.47890E-05,1.598E+00
-1.47880E-05,1.590E+00
-1.47870E-05,1.598E+00
-1.47860E-05,1.598E+00
-1.47850E-05,1.590E+00
-1.47840E-05,1.590E+00
-1.47830E-05,1.598E+00
-1.47820E-05,1.606E+00
-1.47810E-05,1.606E+00
-1.47800E-05,1.598E+00
-1.47790E-05,1.598E+00
-1.47780E-05,1.590E+00
-1.47770E-05,1.598E+00
-1.47760E-05,1.598E+00
-1.47750E-05,1.598E+00
-1.47740E-05,1.598E+00
-1.47730E-05,1.598E+00
-1.47720E-05,1.598E+00
-1.47710E-05,1.598E+00
-1.47700E-05,1.590E+00
-1.47690E-05,1.598E+00
-1.47680E-05,1.590E+00
-1.47670E-05,1.598E+00
-1.47660E-05,1.598E+00
-1.47650E-05,1.598E+00
-1.47640E-05,1.598E+00
-1.47630E-05,1.590E+00
-1.47620E-05,1.590E+00
-1.47610E-05,1.590E+00
-1.47600E-05,1.598E+00
-1.47590E-05,1.590E+00
-1.47580E-05,1.598E+00
-1.47570E-05,1.590E+00
-1.47560E-05,1.598E+00
-1.47550E-05,1.598E+00
-1.47540E-05,1.598E+00
-1.47530E-05,1.598E+00
-1.47520E-05,1.598E+00
-1.47510E-05,1.598E+00
-1.47500E-05,1.598E+00
-1.47490E-05,1.606E+00
-1.47480E-05,1.598E+00
-1.47470E-05,1.598E+00
-1.47460E-05,1.598E+00
-1.47450E-05,1.606E+00
-1.47440E-05,1.598E+00
-1.47430E-05,1.598E+00
-1.47420E-05,1.598E+00
-1.47410E-05,1.606E+00
-1.47400E-05,1.606E+00
-1.47390E-05,1.598E+00
-1.47380E-05,1.590E+00
-1.47370E-05,1.598E+00
-1.47360E-05,1.598E+00
-1.47350E-05,1.598E+00
-1.47340E-05,1.598E+00
-1.47330E-05,1.598E+00
-1.47320E-05,1.598E+00
-1.47310E-05,1.598E+00
-1.47300E-05,1.598E+00
-1.47290E-05,1.598E+00
-1.47280E-05,1.598E+00
-1.47270E-05,1.590E+00
-1.47260E-05,1.590E+00
-1.47250E-05,1.598E+00
-1.47240E-05,1.598E+00
-1.47230E-05,1.598E+00
-1.47220E-05,1.598E+00
-1.47210E-05,1.598E+00
-1.47200E-05,1.598E+00
-1.47190E-05,1.598E+00
-1.47180E-05,1.598E+00
-1.47170E-05,1.606E+00
-1.47160E-05,1.606E+00
-1.47150E-05,1.598E+00
-1.47140E-05,1.598E+00
-1.47130E-05,1.598E+00
-1.47120E-05,1.598E+00
-1.47110E-05,1.598E+00
-1.47100E-05,1.598E+00
-1.47090E-05,1.606E+00
-1.47080E-05,1.598E+00
-1.47070E-05,1.598E+00
-1.47060E-05,1.598E+00
-1.47050E-05,1.590E+00
-1.47040E-05,1.598E+00
-1.47030E-05,1.598E+00
-1.47020E-05,1.598E+00
-1.47010E-05,1.606E+00
-1.47000E-05,1.598E+00
-1.46990E-05,1.598E+00
-1.46980E-05,1.598E+00
-1.46970E-05,1.598E+00
-1.46960E-05,1.606E+00
-1.46950E-05,1.606E+00
-1.46940E-05,1.606E+00
-1.46930E-05,1.598E+00
-1.46920E-05,1.598E+00
-1.46910E-05,1.598E+00
-1.46900E-05,1.606E+00
-1.46890E-05,1.598E+00
-1.46880E-05,1.598E+00
-1.46870E-05,1.598E+00
-1.46860E-05,1.598E+00
-1.46850E-05,1.598E+00
-1.46840E-05,1.606E+00
-1.46830E-05,1.598E+00
-1.46820E-05,1.598E+00
-1.46810E-05,1.598E+00
-1.46800E-05,1.598E+00
-1.46790E-05,1.598E+00
-1.46780E-05,1.590E+00
-1.46770E-05,1.598E+00
-1.46760E-05,1.598E+00
-1.46750E-05,1.598E+00
-1.46740E-05,1.598E+00
-1.46730E-05,1.598E+00
-1.46720E-05,1.598E+00
-1.46710E-05,1.598E+00
-1.46700E-05,1.590E+00
-1.46690E-05,1.590E+00
-1.46680E-05,1.590E+00
-1.46670E-05,1.590E+00
-1.46660E-05,1.598E+00
-1.46650E-05,1.598E+00
-1.46640E-05,1.598E+00
-1.46630E-05,1.598E+00
-1.46620E-05,1.598E+00
-1.46610E-05,1.598E+00
-1.46600E-05,1.598E+00
-1.46590E-05,1.598E+00
-1.46580E-05,1.598E+00
-1.46570E-05,1.590E+00
-1.46560E-05,1.590E+00
-1.46550E-05,1.598E+00
-1.46540E-05,1.606E+00
-1.46530E-05,1.598E+00
-1.46520E-05,1.598E+00
-1.46510E-05,1.598E+00
-1.46500E-05,1.590E+00
-1.46490E-05,1.590E+00
-1.46480E-05,1.590E+00
-1.46470E-05,1.598E+00
-1.46460E-05,1.606E+00
-1.46450E-05,1.606E+00
-1.46440E-05,1.606E+00
-1.46430E-05,1.606E+00
-1.46420E-05,1.598E+00
-1.46410E-05,1.598E+00
-1.46400E-05,1.606E+00
-1.46390E-05,1.606E+00
-1.46380E-05,1.598E+00
-1.46370E-05,1.598E+00
-1.46360E-05,1.590E+00
-1.46350E-05,1.598E+00
-1.46340E-05,1.598E+00
-1.46330E-05,1.590E+00
-1.46320E-05,1.598E+00
-1.46310E-05,1.598E+00
-1.46300E-05,1.598E+00
-1.46290E-05,1.590E+00
-1.46280E-05,1.598E+00
-1.46270E-05,1.598E+00
-1.46260E-05,1.606E+00
-1.46250E-05,1.598E+00
-1.46240E-05,1.606E+00
-1.46230E-05,1.598E+00
-1.46220E-05,1.606E+00
-1.46210E-05,1.606E+00
-1.46200E-05,1.598E+00
-1.46190E-05,1.598E+00
-1.46180E-05,1.598E+00
-1.46170E-05,1.598E+00
-1.46160E-05,1.598E+00
-1.46150E-05,1.598E+00
-1.46140E-05,1.598E+00
-1.46130E-05,1.606E+00
-1.46120E-05,1.606E+00
-1.46110E-05,1.598E+00
-1.46100E-05,1.598E+00
-1.46090E-05,1.590E+00
-1.46080E-05,1.590E+00
-1.46070E-05,1.598E+00
-1.46060E-05,1.598E+00
-1.46050E-05,1.598E+00
-1.46040E-05,1.598E+00
-1.46030E-05,1.598E+00
-1.46020E-05,1.598E+00
-1.46010E-05,1.598E+00
-1.46000E-05,1.606E+00
-1.45990E-05,1.598E+00
-1.45980E-05,1.598E+00
-1.45970E-05,1.598E+00
-1.45960E-05,1.598E+00
-1.45950E-05,1.598E+00
-1.45940E-05,1.598E+00
-1.45930E-05,1.598E+00
-1.45920E-05,1.598E+00
-1.45910E-05,1.598E+00
-1.45900E-05,1.598E+00
-1.45890E-05,1.598E+00
-1.45880E-05,1.590E+00
-1.45870E-05,1.590E+00
-1.45860E-05,1.590E+00
-1.45850E-05,1.598E+00
-1.45840E-05,1.598E+00
-1.45830E-05,1.598E+00
-1.45820E-05,1.598E+00
-1.45810E-05,1.598E+00
-1.45800E-05,1.598E+00
-1.45790E-05,1.598E+00
-1.45780E-05,1.598E+00
-1.45770E-05,1.590E+00
-1.45760E-05,1.598E+00
-1.45750E-05,1.598E+00
-1.45740E-05,1.598E+00
-1.45730E-05,1.598E+00
-1.45720E-05,1.598E+00
-1.45710E-05,1.598E+00
-1.45700E-05,1.598E+00
-1.45690E-05,1.598E+00
-1.45680E-05,1.590E+00
-1.45670E-05,1.598E+00
-1.45660E-05,1.590E+00
-1.45650E-05,1.598E+00
-1.45640E-05,1.590E+00
-1.45630E-05,1.590E+00
-1.45620E-05,1.590E+00
-1.45610E-05,1.590E+00
-1.45600E-05,1.598E+00
-1.45590E-05,1.598E+00
-1.45580E-05,1.598E+00
-1.45570E-05,1.598E+00
-1.45560E-05,1.606E+00
-1.45550E-05,1.606E+00
-1.45540E-05,1.598E+00
-1.45530E-05,1.598E+00
-1.45520E-05,1.598E+00
-1.45510E-05,1.598E+00
-1.45500E-05,1.598E+00
-1.45490E-05,1.598E+00
-1.45480E-05,1.590E+00
-1.45470E-05,1.598E+00
-1.45460E-05,1.598E+00
-1.45450E-05,1.598E+00
-1.45440E-05,1.598E+00
-1.45430E-05,1.598E+00
-1.45420E-05,1.598E+00
-1.45410E-05,1.598E+00
-1.45400E-05,1.590E+00
-1.45390E-05,1.598E+00
-1.45380E-05,1.598E+00
-1.45370E-05,1.598E+00
-1.45360E-05,1.598E+00
-1.45350E-05,1.606E+00
-1.45340E-05,1.598E+00
-1.45330E-05,1.598E+00
-1.45320E-05,1.598E+00
-1.45310E-05,1.598E+00
-1.45300E-05,1.598E+00
-1.45290E-05,1.590E+00
-1.45280E-05,1.598E+00
-1.45270E-05,1.598E+00
-1.45260E-05,1.606E+00
-1.45250E-05,1.598E+00
-1.45240E-05,1.598E+00
-1.45230E-05,1.598E+00
-1.45220E-05,1.598E+00
-1.45210E-05,1.598E+00
-1.45200E-05,1.598E+00
-1.45190E-05,1.590E+00
-1.45180E-05,1.598E+00
-1.45170E-05,1.598E+00
-1.45160E-05,1.606E+00
-1.45150E-05,1.598E+00
-1.45140E-05,1.598E+00
-1.45130E-05,1.598E+00
-1.45120E-05,1.598E+00
-1.45110E-05,1.606E+00
-1.45100E-05,1.606E+00
-1.45090E-05,1.598E+00
-1.45080E-05,1.590E+00
-1.45070E-05,1.598E+00
-1.45060E-05,1.590E+00
-1.45050E-05,1.598E+00
-1.45040E-05,1.598E+00
-1.45030E-05,1.590E+00
-1.45020E-05,1.598E+00
-1.45010E-05,1.598E+00
-1.45000E-05,1.606E+00
-1.44990E-05,1.606E+00
-1.44980E-05,1.598E+00
-1.44970E-05,1.590E+00
-1.44960E-05,1.590E+00
-1.44950E-05,1.598E+00
-1.44940E-05,1.598E+00
-1.44930E-05,1.598E+00
-1.44920E-05,1.598E+00
-1.44910E-05,1.598E+00
-1.44900E-05,1.598E+00
-1.44890E-05,1.598E+00
-1.44880E-05,1.598E+00
-1.44870E-05,1.598E+00
-1.44860E-05,1.598E+00
-1.44850E-05,1.606E+00
-1.44840E-05,1.606E+00
-1.44830E-05,1.598E+00
-1.44820E-05,1.598E+00
-1.44810E-05,1.606E+00
-1.44800E-05,1.598E+00
-1.44790E-05,1.598E+00
-1.44780E-05,1.598E+00
-1.44770E-05,1.598E+00
-1.44760E-05,1.598E+00
-1.44750E-05,1.598E+00
-1.44740E-05,1.590E+00
-1.44730E-05,1.598E+00
-1.44720E-05,1.598E+00
-1.44710E-05,1.598E+00
-1.44700E-05,1.590E+00
-1.44690E-05,1.598E+00
-1.44680E-05,1.598E+00
-1.44670E-05,1.598E+00
-1.44660E-05,1.598E+00
-1.44650E-05,1.590E+00
-1.44640E-05,1.590E+00
-1.44630E-05,1.598E+00
-1.44620E-05,1.590E+00
-1.44610E-05,1.598E+00
-1.44600E-05,1.598E+00
-1.44590E-05,1.590E+00
-1.44580E-05,1.598E+00
-1.44570E-05,1.590E+00
-1.44560E-05,1.598E+00
-1.44550E-05,1.598E+00
-1.44540E-05,1.598E+00
-1.44530E-05,1.598E+00
-1.44520E-05,1.598E+00
-1.44510E-05,1.606E+00
-1.44500E-05,1.598E+00
-1.44490E-05,1.598E+00
-1.44480E-05,1.598E+00
-1.44470E-05,1.598E+00
-1.44460E-05,1.598E+00
-1.44450E-05,1.606E+00
-1.44440E-05,1.606E+00
-1.44430E-05,1.598E+00
-1.44420E-05,1.598E+00
-1.44410E-05,1.606E+00
-1.44400E-05,1.598E+00
-1.44390E-05,1.598E+00
-1.44380E-05,1.598E+00
-1.44370E-05,1.598E+00
-1.44360E-05,1.598E+00
-1.44350E-05,1.598E+00
-1.44340E-05,1.598E+00
-1.44330E-05,1.606E+00
-1.44320E-05,1.598E+00
-1.44310E-05,1.598E+00
-1.44300E-05,1.606E+00
-1.44290E-05,1.598E+00
-1.44280E-05,1.598E+00
-1.44270E-05,1.598E+00
-1.44260E-05,1.598E+00
-1.44250E-05,1.590E+00
-1.44240E-05,1.598E+00
-1.44230E-05,1.598E+00
-1.44220E-05,1.598E+00
-1.44210E-05,1.606E+00
-1.44200E-05,1.598E+00
-1.44190E-05,1.598E+00
-1.44180E-05,1.590E+00
-1.44170E-05,1.598E+00
-1.44160E-05,1.606E+00
-1.44150E-05,1.598E+00
-1.44140E-05,1.598E+00
-1.44130E-05,1.590E+00
-1.44120E-05,1.598E+00
-1.44110E-05,1.598E+00
-1.44100E-05,1.598E+00
-1.44090E-05,1.598E+00
-1.44080E-05,1.606E+00
-1.44070E-05,1.598E+00
-1.44060E-05,1.606E+00
-1.44050E-05,1.606E+00
-1.44040E-05,1.598E+00
-1.44030E-05,1.598E+00
-1.44020E-05,1.606E+00
-1.44010E-05,1.598E+00
-1.44000E-05,1.598E+00
-1.43990E-05,1.590E+00
-1.43980E-05,1.590E+00
-1.43970E-05,1.598E+00
-1.43960E-05,1.606E+00
-1.43950E-05,1.606E+00
-1.43940E-05,1.598E+00
-1.43930E-05,1.598E+00
-1.43920E-05,1.590E+00
-1.43910E-05,1.598E+00
-1.43900E-05,1.598E+00
-1.43890E-05,1.598E+00
-1.43880E-05,1.590E+00
-1.43870E-05,1.598E+00
-1.43860E-05,1.598E+00
-1.43850E-05,1.598E+00
-1.43840E-05,1.598E+00
-1.43830E-05,1.606E+00
-1.43820E-05,1.598E+00
-1.43810E-05,1.598E+00
-1.43800E-05,1.598E+00
-1.43790E-05,1.598E+00
-1.43780E-05,1.598E+00
-1.43770E-05,1.590E+00
-1.43760E-05,1.598E+00
-1.43750E-05,1.598E+00
-1.43740E-05,1.606E+00
-1.43730E-05,1.598E+00
-1.43720E-05,1.598E+00
-1.43710E-05,1.598E+00
-1.43700E-05,1.598E+00
-1.43690E-05,1.598E+00
-1.43680E-05,1.598E+00
-1.43670E-05,1.598E+00
-1.43660E-05,1.598E+00
-1.43650E-05,1.598E+00
-1.43640E-05,1.598E+00
-1.43630E-05,1.598E+00
-1.43620E-05,1.598E+00
-1.43610E-05,1.598E+00
-1.43600E-05,1.590E+00
-1.43590E-05,1.590E+00
-1.43580E-05,1.598E+00
-1.43570E-05,1.598E+00
-1.43560E-05,1.598E+00
-1.43550E-05,1.598E+00
-1.43540E-05,1.598E+00
-1.43530E-05,1.598E+00
-1.43520E-05,1.598E+00
-1.43510E-05,1.598E+00
-1.43500E-05,1.590E+00
-1.43490E-05,1.590E+00
-1.43480E-05,1.590E+00
-1.43470E-05,1.590E+00
-1.43460E-05,1.598E+00
-1.43450E-05,1.598E+00
-1.43440E-05,1.598E+00
-1.43430E-05,1.598E+00
-1.43420E-05,1.598E+00
-1.43410E-05,1.606E+00
-1.43400E-05,1.598E+00
-1.43390E-05,1.598E+00
-1.43380E-05,1.598E+00
-1.43370E-05,1.590E+00
-1.43360E-05,1.598E+00
-1.43350E-05,1.598E+00
-1.43340E-05,1.598E+00
-1.43330E-05,1.598E+00
-1.43320E-05,1.598E+00
-1.43310E-05,1.598E+00
-1.43300E-05,1.590E+00
-1.43290E-05,1.590E+00
-1.43280E-05,1.590E+00
-1.43270E-05,1.598E+00
-1.43260E-05,1.598E+00
-1.43250E-05,1.598E+00
-1.43240E-05,1.598E+00
-1.43230E-05,1.598E+00
-1.43220E-05,1.598E+00
-1.43210E-05,1.598E+00
-1.43200E-05,1.606E+00
-1.43190E-05,1.598E+00
-1.43180E-05,1.598E+00
-1.43170E-05,1.598E+00
-1.43160E-05,1.606E+00
-1.43150E-05,1.606E+00
-1.43140E-05,1.606E+00
-1.43130E-05,1.598E+00
-1.43120E-05,1.598E+00
-1.43110E-05,1.598E+00
-1.43100E-05,1.598E+00
-1.43090E-05,1.598E+00
-1.43080E-05,1.598E+00
-1.43070E-05,1.598E+00
-1.43060E-05,1.598E+00
-1.43050E-05,1.598E+00
-1.43040E-05,1.598E+00
-1.43030E-05,1.598E+00
-1.43020E-05,1.606E+00
-1.43010E-05,1.606E+00
-1.43000E-05,1.598E+00
-1.42990E-05,1.598E+00
-1.42980E-05,1.598E+00
-1.42970E-05,1.598E+00
-1.42960E-05,1.598E+00
-1.42950E-05,1.598E+00
-1.42940E-05,1.598E+00
-1.42930E-05,1.598E+00
-1.42920E-05,1.598E+00
-1.42910E-05,1.598E+00
-1.42900E-05,1.598E+00
-1.42890E-05,1.590E+00
-1.42880E-05,1.590E+00
-1.42870E-05,1.598E+00
-1.42860E-05,1.606E+00
-1.42850E-05,1.606E+00
-1.42840E-05,1.598E+00
-1.42830E-05,1.598E+00
-1.42820E-05,1.590E+00
-1.42810E-05,1.606E+00
-1.42800E-05,1.598E+00
-1.42790E-05,1.598E+00
-1.42780E-05,1.590E+00
-1.42770E-05,1.598E+00
-1.42760E-05,1.598E+00
-1.42750E-05,1.598E+00
-1.42740E-05,1.598E+00
-1.42730E-05,1.590E+00
-1.42720E-05,1.598E+00
-1.42710E-05,1.598E+00
-1.42700E-05,1.598E+00
-1.42690E-05,1.598E+00
-1.42680E-05,1.590E+00
-1.42670E-05,1.606E+00
-1.42660E-05,1.606E+00
-1.42650E-05,1.606E+00
-1.42640E-05,1.606E+00
-1.42630E-05,1.598E+00
-1.42620E-05,1.598E+00
-1.42610E-05,1.598E+00
-1.42600E-05,1.598E+00
-1.42590E-05,1.598E+00
-1.42580E-05,1.598E+00
-1.42570E-05,1.598E+00
-1.42560E-05,1.598E+00
-1.42550E-05,1.598E+00
-1.42540E-05,1.598E+00
-1.42530E-05,1.598E+00
-1.42520E-05,1.598E+00
-1.42510E-05,1.598E+00
-1.42500E-05,1.598E+00
-1.42490E-05,1.598E+00
-1.42480E-05,1.598E+00
-1.42470E-05,1.598E+00
-1.42460E-05,1.598E+00
-1.42450E-05,1.598E+00
-1.42440E-05,1.598E+00
-1.42430E-05,1.598E+00
-1.42420E-05,1.598E+00
-1.42410E-05,1.606E+00
-1.42400E-05,1.598E+00
-1.42390E-05,1.590E+00
-1.42380E-05,1.590E+00
-1.42370E-05,1.598E+00
-1.42360E-05,1.598E+00
-1.42350E-05,1.598E+00
-1.42340E-05,1.598E+00
-1.42330E-05,1.598E+00
-1.42320E-05,1.598E+00
-1.42310E-05,1.598E+00
-1.42300E-05,1.590E+00
-1.42290E-05,1.598E+00
-1.42280E-05,1.598E+00
-1.42270E-05,1.598E+00
-1.42260E-05,1.598E+00
-1.42250E-05,1.598E+00
-1.42240E-05,1.598E+00
-1.42230E-05,1.598E+00
-1.42220E-05,1.598E+00
-1.42210E-05,1.598E+00
-1.42200E-05,1.598E+00
-1.42190E-05,1.590E+00
-1.42180E-05,1.598E+00
-1.42170E-05,1.598E+00
-1.42160E-05,1.606E+00
-1.42150E-05,1.606E+00
-1.42140E-05,1.598E+00
-1.42130E-05,1.598E+00
-1.42120E-05,1.598E+00
-1.42110E-05,1.606E+00
-1.42100E-05,1.606E+00
-1.42090E-05,1.598E+00
-1.42080E-05,1.590E+00
-1.42070E-05,1.598E+00
-1.42060E-05,1.598E+00
-1.42050E-05,1.606E+00
-1.42040E-05,1.598E+00
-1.42030E-05,1.598E+00
-1.42020E-05,1.590E+00
-1.42010E-05,1.590E+00
-1.42000E-05,1.598E+00
-1.41990E-05,1.598E+00
-1.41980E-05,1.590E+00
-1.41970E-05,1.590E+00
-1.41960E-05,1.598E+00
-1.41950E-05,1.598E+00
-1.41940E-05,1.598E+00
-1.41930E-05,1.598E+00
-1.41920E-05,1.598E+00
-1.41910E-05,1.598E+00
-1.41900E-05,1.598E+00
-1.41890E-05,1.590E+00
-1.41880E-05,1.590E+00
-1.41870E-05,1.598E+00
-1.41860E-05,1.598E+00
-1.41850E-05,1.590E+00
-1.41840E-05,1.598E+00
-1.41830E-05,1.598E+00
-1.41820E-05,1.598E+00
-1.41810E-05,1.598E+00
-1.41800E-05,1.598E+00
-1.41790E-05,1.598E+00
-1.41780E-05,1.598E+00
-1.41770E-05,1.598E+00
-1.41760E-05,1.598E+00
-1.41750E-05,1.598E+00
-1.41740E-05,1.598E+00
-1.41730E-05,1.598E+00
-1.41720E-05,1.590E+00
-1.41710E-05,1.598E+00
-1.41700E-05,1.590E+00
-1.41690E-05,1.590E+00
-1.41680E-05,1.598E+00
-1.41670E-05,1.598E+00
-1.41660E-05,1.598E+00
-1.41650E-05,1.606E+00
-1.41640E-05,1.598E+00
-1.41630E-05,1.590E+00
-1.41620E-05,1.590E+00
-1.41610E-05,1.590E+00
-1.41600E-05,1.598E+00
-1.41590E-05,1.598E+00
-1.41580E-05,1.598E+00
-1.41570E-05,1.598E+00
-1.41560E-05,1.598E+00
-1.41550E-05,1.598E+00
-1.41540E-05,1.598E+00
-1.41530E-05,1.598E+00
-1.41520E-05,1.598E+00
-1.41510E-05,1.598E+00
-1.41500E-05,1.598E+00
-1.41490E-05,1.598E+00
-1.41480E-05,1.598E+00
-1.41470E-05,1.590E+00
-1.41460E-05,1.598E+00
-1.41450E-05,1.590E+00
-1.41440E-05,1.590E+00
-1.41430E-05,1.598E+00
-1.41420E-05,1.598E+00
-1.41410E-05,1.598E+00
-1.41400E-05,1.598E+00
-1.41390E-05,1.598E+00
-1.41380E-05,1.590E+00
-1.41370E-05,1.590E+00
-1.41360E-05,1.598E+00
-1.41350E-05,1.598E+00
-1.41340E-05,1.598E+00
-1.41330E-05,1.598E+00
-1.41320E-05,1.598E+00
-1.41310E-05,1.606E+00
-1.41300E-05,1.598E+00
-1.41290E-05,1.598E+00
-1.41280E-05,1.598E+00
-1.41270E-05,1.598E+00
-1.41260E-05,1.598E+00
-1.41250E-05,1.598E+00
-1.41240E-05,1.590E+00
-1.41230E-05,1.598E+00
-1.41220E-05,1.598E+00
-1.41210E-05,1.606E+00
-1.41200E-05,1.606E+00
-1.41190E-05,1.598E+00
-1.41180E-05,1.598E+00
-1.41170E-05,1.598E+00
-1.41160E-05,1.598E+00
-1.41150E-05,1.606E+00
-1.41140E-05,1.606E+00
-1.41130E-05,1.606E+00
-1.41120E-05,1.598E+00
-1.41110E-05,1.598E+00
-1.41100E-05,1.598E+00
-1.41090E-05,1.590E+00
-1.41080E-05,1.598E+00
-1.41070E-05,1.590E+00
-1.41060E-05,1.598E+00
-1.41050E-05,1.598E+00
-1.41040E-05,1.598E+00
-1.41030E-05,1.598E+00
-1.41020E-05,1.598E+00
-1.41010E-05,1.598E+00
-1.41000E-05,1.598E+00
-1.40990E-05,1.590E+00
-1.40980E-05,1.590E+00
-1.40970E-05,1.598E+00
-1.40960E-05,1.598E+00
-1.40950E-05,1.606E+00
-1.40940E-05,1.598E+00
-1.40930E-05,1.598E+00
-1.40920E-05,1.598E+00
-1.40910E-05,1.598E+00
-1.40900E-05,1.598E+00
-1.40890E-05,1.598E+00
-1.40880E-05,1.590E+00
-1.40870E-05,1.598E+00
-1.40860E-05,1.598E+00
-1.40850E-05,1.598E+00
-1.40840E-05,1.598E+00
-1.40830E-05,1.598E+00
-1.40820E-05,1.590E+00
-1.40810E-05,1.598E+00
-1.40800E-05,1.598E+00
-1.40790E-05,1.590E+00
-1.40780E-05,1.598E+00
-1.40770E-05,1.598E+00
-1.40760E-05,1.598E+00
-1.40750E-05,1.598E+00
-1.40740E-05,1.598E+00
-1.40730E-05,1.598E+00
-1.40720E-05,1.598E+00
-1.40710E-05,1.598E+00
-1.40700E-05,1.598E+00
-1.40690E-05,1.598E+00
-1.40680E-05,1.590E+00
-1.40670E-05,1.590E+00
-1.40660E-05,1.598E+00
-1.40650E-05,1.598E+00
-1.40640E-05,1.590E+00
-1.40630E-05,1.590E+00
-1.40620E-05,1.598E+00
-1.40610E-05,1.598E+00
-1.40600E-05,1.598E+00
-1.40590E-05,1.598E+00
-1.40580E-05,1.590E+00
-1.40570E-05,1.590E+00
-1.40560E-05,1.598E+00
-1.40550E-05,1.598E+00
-1.40540E-05,1.598E+00
-1.40530E-05,1.598E+00
-1.40520E-05,1.598E+00
-1.40510E-05,1.598E+00
-1.40500E-05,1.598E+00
-1.40490E-05,1.590E+00
-1.40480E-05,1.590E+00
-1.40470E-05,1.598E+00
-1.40460E-05,1.598E+00
-1.40450E-05,1.598E+00
-1.40440E-05,1.606E+00
-1.40430E-05,1.598E+00
-1.40420E-05,1.598E+00
-1.40410E-05,1.598E+00
-1.40400E-05,1.598E+00
-1.40390E-05,1.590E+00
-1.40380E-05,1.598E+00
-1.40370E-05,1.598E+00
-1.40360E-05,1.606E+00
-1.40350E-05,1.598E+00
-1.40340E-05,1.598E+00
-1.40330E-05,1.598E+00
-1.40320E-05,1.598E+00
-1.40310E-05,1.606E+00
-1.40300E-05,1.598E+00
-1.40290E-05,1.590E+00
-1.40280E-05,1.598E+00
-1.40270E-05,1.598E+00
-1.40260E-05,1.598E+00
-1.40250E-05,1.598E+00
-1.40240E-05,1.598E+00
-1.40230E-05,1.598E+00
-1.40220E-05,1.598E+00
-1.40210E-05,1.606E+00
-1.40200E-05,1.606E+00
-1.40190E-05,1.598E+00
-1.40180E-05,1.590E+00
-1.40170E-05,1.598E+00
-1.40160E-05,1.606E+00
-1.40150E-05,1.606E+00
-1.40140E-05,1.606E+00
-1.40130E-05,1.598E+00
-1.40120E-05,1.598E+00
-1.40110E-05,1.598E+00
-1.40100E-05,1.598E+00
-1.40090E-05,1.598E+00
-1.40080E-05,1.590E+00
-1.40070E-05,1.598E+00
-1.40060E-05,1.598E+00
-1.40050E-05,1.598E+00
-1.40040E-05,1.606E+00
-1.40030E-05,1.606E+00
-1.40020E-05,1.598E+00
-1.40010E-05,1.606E+00
-1.40000E-05,1.598E+00
-1.39990E-05,1.598E+00
-1.39980E-05,1.598E+00
-1.39970E-05,1.590E+00
-1.39960E-05,1.598E+00
-1.39950E-05,1.606E+00
-1.39940E-05,1.598E+00
-1.39930E-05,1.598E+00
-1.39920E-05,1.598E+00
-1.39910E-05,1.606E+00
-1.39900E-05,1.598E+00
-1.39890E-05,1.590E+00
-1.39880E-05,1.590E+00
-1.39870E-05,1.598E+00
-1.39860E-05,1.598E+00
-1.39850E-05,1.598E+00
-1.39840E-05,1.598E+00
-1.39830E-05,1.598E+00
-1.39820E-05,1.606E+00
-1.39810E-05,1.606E+00
-1.39800E-05,1.598E+00
-1.39790E-05,1.598E+00
-1.39780E-05,1.590E+00
-1.39770E-05,1.598E+00
-1.39760E-05,1.598E+00
-1.39750E-05,1.598E+00
-1.39740E-05,1.590E+00
-1.39730E-05,1.590E+00
-1.39720E-05,1.598E+00
-1.39710E-05,1.590E+00
-1.39700E-05,1.598E+00
-1.39690E-05,1.590E+00
-1.39680E-05,1.598E+00
-1.39670E-05,1.598E+00
-1.39660E-05,1.606E+00
-1.39650E-05,1.598E+00
-1.39640E-05,1.606E+00
-1.39630E-05,1.598E+00
-1.39620E-05,1.598E+00
-1.39610E-05,1.598E+00
-1.39600E-05,1.606E+00
-1.39590E-05,1.598E+00
-1.39580E-05,1.590E+00
-1.39570E-05,1.590E+00
-1.39560E-05,1.598E+00
-1.39550E-05,1.598E+00
-1.39540E-05,1.598E+00
-1.39530E-05,1.590E+00
-1.39520E-05,1.598E+00
-1.39510E-05,1.598E+00
-1.39500E-05,1.598E+00
-1.39490E-05,1.590E+00
-1.39480E-05,1.590E+00
-1.39470E-05,1.590E+00
-1.39460E-05,1.590E+00
-1.39450E-05,1.598E+00
-1.39440E-05,1.598E+00
-1.39430E-05,1.598E+00
-1.39420E-05,1.598E+00
-1.39410E-05,1.598E+00
-1.39400E-05,1.598E+00
-1.39390E-05,1.598E+00
-1.39380E-05,1.590E+00
-1.39370E-05,1.598E+00
-1.39360E-05,1.598E+00
-1.39350E-05,1.598E+00
-1.39340E-05,1.598E+00
-1.39330E-05,1.598E+00
-1.39320E-05,1.598E+00
-1.39310E-05,1.598E+00
-1.39300E-05,1.598E+00
-1.39290E-05,1.590E+00
-1.39280E-05,1.598E+00
-1.39270E-05,1.590E+00
-1.39260E-05,1.598E+00
-1.39250E-05,1.606E+00
-1.39240E-05,1.598E+00
-1.39230E-05,1.590E+00
-1.39220E-05,1.590E+00
-1.39210E-05,1.598E+00
-1.39200E-05,1.598E+00
-1.39190E-05,1.598E+00
-1.39180E-05,1.598E+00
-1.39170E-05,1.598E+00
-1.39160E-05,1.598E+00
-1.39150E-05,1.598E+00
-1.39140E-05,1.598E+00
-1.39130E-05,1.598E+00
-1.39120E-05,1.598E+00
-1.39110E-05,1.598E+00
-1.39100E-05,1.598E+00
-1.39090E-05,1.598E+00
-1.39080E-05,1.590E+00
-1.39070E-05,1.598E+00
-1.39060E-05,1.598E+00
-1.39050E-05,1.598E+00
-1.39040E-05,1.598E+00
-1.39030E-05,1.606E+00
-1.39020E-05,1.598E+00
-1.39010E-05,1.606E+00
-1.39000E-05,1.606E+00
-1.38990E-05,1.606E+00
-1.38980E-05,1.598E+00
-1.38970E-05,1.598E+00
-1.38960E-05,1.598E+00
-1.38950E-05,1.606E+00
-1.38940E-05,1.606E+00
-1.38930E-05,1.598E+00
-1.38920E-05,1.598E+00
-1.38910E-05,1.598E+00
-1.38900E-05,1.590E+00
-1.38890E-05,1.598E+00
-1.38880E-05,1.598E+00
-1.38870E-05,1.598E+00
-1.38860E-05,1.606E+00
-1.38850E-05,1.606E+00
-1.38840E-05,1.598E+00
-1.38830E-05,1.598E+00
-1.38820E-05,1.598E+00
-1.38810E-05,1.590E+00
-1.38800E-05,1.598E+00
-1.38790E-05,1.598E+00
-1.38780E-05,1.590E+00
-1.38770E-05,1.598E+00
-1.38760E-05,1.598E+00
-1.38750E-05,1.598E+00
-1.38740E-05,1.598E+00
-1.38730E-05,1.590E+00
-1.38720E-05,1.598E+00
-1.38710E-05,1.598E+00
-1.38700E-05,1.606E+00
-1.38690E-05,1.606E+00
-1.38680E-05,1.598E+00
-1.38670E-05,1.598E+00
-1.38660E-05,1.598E+00
-1.38650E-05,1.598E+00
-1.38640E-05,1.598E+00
-1.38630E-05,1.598E+00
-1.38620E-05,1.606E+00
-1.38610E-05,1.606E+00
-1.38600E-05,1.598E+00
-1.38590E-05,1.590E+00
-1.38580E-05,1.590E+00
-1.38570E-05,1.590E+00
-1.38560E-05,1.598E+00
-1.38550E-05,1.598E+00
-1.38540E-05,1.598E+00
-1.38530E-05,1.598E+00
-1.38520E-05,1.598E+00
-1.38510E-05,1.598E+00
-1.38500E-05,1.598E+00
-1.38490E-05,1.598E+00
-1.38480E-05,1.598E+00
-1.38470E-05,1.598E+00
-1.38460E-05,1.606E+00
-1.38450E-05,1.606E+00
-1.38440E-05,1.606E+00
-1.38430E-05,1.598E+00
-1.38420E-05,1.598E+00
-1.38410E-05,1.598E+00
-1.38400E-05,1.598E+00
-1.38390E-05,1.598E+00
-1.38380E-05,1.598E+00
-1.38370E-05,1.598E+00
-1.38360E-05,1.606E+00
-1.38350E-05,1.606E+00
-1.38340E-05,1.606E+00
-1.38330E-05,1.606E+00
-1.38320E-05,1.606E+00
-1.38310E-05,1.598E+00
-1.38300E-05,1.598E+00
-1.38290E-05,1.598E+00
-1.38280E-05,1.598E+00
-1.38270E-05,1.590E+00
-1.38260E-05,1.590E+00
-1.38250E-05,1.598E+00
-1.38240E-05,1.598E+00
-1.38230E-05,1.598E+00
-1.38220E-05,1.590E+00
-1.38210E-05,1.598E+00
-1.38200E-05,1.598E+00
-1.38190E-05,1.598E+00
-1.38180E-05,1.598E+00
-1.38170E-05,1.598E+00
-1.38160E-05,1.598E+00
-1.38150E-05,1.598E+00
-1.38140E-05,1.598E+00
-1.38130E-05,1.598E+00
-1.38120E-05,1.598E+00
-1.38110E-05,1.606E+00
-1.38100E-05,1.598E+00
-1.38090E-05,1.598E+00
-1.38080E-05,1.598E+00
-1.38070E-05,1.590E+00
-1.38060E-05,1.598E+00
-1.38050E-05,1.598E+00
-1.38040E-05,1.598E+00
-1.38030E-05,1.598E+00
-1.38020E-05,1.598E+00
-1.38010E-05,1.598E+00
-1.38000E-05,1.598E+00
-1.37990E-05,1.606E+00
-1.37980E-05,1.598E+00
-1.37970E-05,1.598E+00
-1.37960E-05,1.606E+00
-1.37950E-05,1.598E+00
-1.37940E-05,1.606E+00
-1.37930E-05,1.598E+00
-1.37920E-05,1.598E+00
-1.37910E-05,1.598E+00
-1.37900E-05,1.598E+00
-1.37890E-05,1.598E+00
-1.37880E-05,1.590E+00
-1.37870E-05,1.590E+00
-1.37860E-05,1.598E+00
-1.37850E-05,1.598E+00
-1.37840E-05,1.598E+00
-1.37830E-05,1.598E+00
-1.37820E-05,1.598E+00
-1.37810E-05,1.598E+00
-1.37800E-05,1.598E+00
-1.37790E-05,1.598E+00
-1.37780E-05,1.598E+00
-1.37770E-05,1.598E+00
-1.37760E-05,1.590E+00
-1.37750E-05,1.598E+00
-1.37740E-05,1.598E+00
-1.37730E-05,1.598E+00
-1.37720E-05,1.598E+00
-1.37710E-05,1.598E+00
-1.37700E-05,1.590E+00
-1.37690E-05,1.598E+00
-1.37680E-05,1.598E+00
-1.37670E-05,1.590E+00
-1.37660E-05,1.598E+00
-1.37650E-05,1.598E+00
-1.37640E-05,1.598E+00
-1.37630E-05,1.598E+00
-1.37620E-05,1.590E+00
-1.37610E-05,1.590E+00
-1.37600E-05,1.598E+00
-1.37590E-05,1.590E+00
-1.37580E-05,1.598E+00
-1.37570E-05,1.598E+00
-1.37560E-05,1.590E+00
-1.37550E-05,1.606E+00
-1.37540E-05,1.598E+00
-1.37530E-05,1.598E+00
-1.37520E-05,1.598E+00
-1.37510E-05,1.598E+00
-1.37500E-05,1.590E+00
-1.37490E-05,1.598E+00
-1.37480E-05,1.598E+00
-1.37470E-05,1.598E+00
-1.37460E-05,1.598E+00
-1.37450E-05,1.598E+00
-1.37440E-05,1.598E+00
-1.37430E-05,1.590E+00
-1.37420E-05,1.598E+00
-1.37410E-05,1.598E+00
-1.37400E-05,1.606E+00
-1.37390E-05,1.598E+00
-1.37380E-05,1.598E+00
-1.37370E-05,1.598E+00
-1.37360E-05,1.598E+00
-1.37350E-05,1.598E+00
-1.37340E-05,1.598E+00
-1.37330E-05,1.606E+00
-1.37320E-05,1.598E+00
-1.37310E-05,1.598E+00
-1.37300E-05,1.606E+00
-1.37290E-05,1.598E+00
-1.37280E-05,1.590E+00
-1.37270E-05,1.598E+00
-1.37260E-05,1.606E+00
-1.37250E-05,1.598E+00
-1.37240E-05,1.598E+00
-1.37230E-05,1.590E+00
-1.37220E-05,1.590E+00
-1.37210E-05,1.598E+00
-1.37200E-05,1.598E+00
-1.37190E-05,1.598E+00
-1.37180E-05,1.598E+00
-1.37170E-05,1.598E+00
-1.37160E-05,1.598E+00
-1.37150E-05,1.598E+00
-1.37140E-05,1.598E+00
-1.37130E-05,1.598E+00
-1.37120E-05,1.598E+00
-1.37110E-05,1.598E+00
-1.37100E-05,1.598E+00
-1.37090E-05,1.598E+00
-1.37080E-05,1.590E+00
-1.37070E-05,1.590E+00
-1.37060E-05,1.598E+00
-1.37050E-05,1.598E+00
-1.37040E-05,1.598E+00
-1.37030E-05,1.598E+00
-1.37020E-05,1.598E+00
-1.37010E-05,1.598E+00
-1.37000E-05,1.606E+00
-1.36990E-05,1.598E+00
-1.36980E-05,1.590E+00
-1.36970E-05,1.598E+00
-1.36960E-05,1.598E+00
-1.36950E-05,1.598E+00
-1.36940E-05,1.598E+00
-1.36930E-05,1.598E+00
-1.36920E-05,1.598E+00
-1.36910E-05,1.598E+00
-1.36900E-05,1.598E+00
-1.36890E-05,1.598E+00
-1.36880E-05,1.598E+00
-1.36870E-05,1.598E+00
-1.36860E-05,1.606E+00
-1.36850E-05,1.598E+00
-1.36840E-05,1.598E+00
-1.36830E-05,1.590E+00
-1.36820E-05,1.598E+00
-1.36810E-05,1.598E+00
-1.36800E-05,1.598E+00
-1.36790E-05,1.590E+00
-1.36780E-05,1.590E+00
-1.36770E-05,1.598E+00
-1.36760E-05,1.598E+00
-1.36750E-05,1.598E+00
-1.36740E-05,1.606E+00
-1.36730E-05,1.598E+00
-1.36720E-05,1.598E+00
-1.36710E-05,1.598E+00
-1.36700E-05,1.598E+00
-1.36690E-05,1.598E+00
-1.36680E-05,1.598E+00
-1.36670E-05,1.606E+00
-1.36660E-05,1.598E+00
-1.36650E-05,1.598E+00
-1.36640E-05,1.598E+00
-1.36630E-05,1.598E+00
-1.36620E-05,1.598E+00
-1.36610E-05,1.598E+00
-1.36600E-05,1.598E+00
-1.36590E-05,1.606E+00
-1.36580E-05,1.598E+00
-1.36570E-05,1.598E+00
-1.36560E-05,1.598E+00
-1.36550E-05,1.598E+00
-1.36540E-05,1.598E+00
-1.36530E-05,1.598E+00
-1.36520E-05,1.598E+00
-1.36510E-05,1.598E+00
-1.36500E-05,1.598E+00
-1.36490E-05,1.590E+00
-1.36480E-05,1.590E+00
-1.36470E-05,1.590E+00
-1.36460E-05,1.606E+00
-1.36450E-05,1.606E+00
-1.36440E-05,1.606E+00
-1.36430E-05,1.598E+00
-1.36420E-05,1.598E+00
-1.36410E-05,1.598E+00
-1.36400E-05,1.598E+00
-1.36390E-05,1.606E+00
-1.36380E-05,1.598E+00
-1.36370E-05,1.606E+00
-1.36360E-05,1.606E+00
-1.36350E-05,1.598E+00
-1.36340E-05,1.598E+00
-1.36330E-05,1.590E+00
-1.36320E-05,1.598E+00
-1.36310E-05,1.598E+00
-1.36300E-05,1.598E+00
-1.36290E-05,1.590E+00
-1.36280E-05,1.590E+00
-1.36270E-05,1.590E+00
-1.36260E-05,1.598E+00
-1.36250E-05,1.598E+00
-1.36240E-05,1.606E+00
-1.36230E-05,1.606E+00
-1.36220E-05,1.598E+00
-1.36210E-05,1.598E+00
-1.36200E-05,1.598E+00
-1.36190E-05,1.590E+00
-1.36180E-05,1.598E+00
-1.36170E-05,1.598E+00
-1.36160E-05,1.598E+00
-1.36150E-05,1.598E+00
-1.36140E-05,1.598E+00
-1.36130E-05,1.598E+00
-1.36120E-05,1.598E+00
-1.36110E-05,1.598E+00
-1.36100E-05,1.598E+00
-1.36090E-05,1.598E+00
-1.36080E-05,1.590E+00
-1.36070E-05,1.590E+00
-1.36060E-05,1.590E+00
-1.36050E-05,1.598E+00
-1.36040E-05,1.598E+00
-1.36030E-05,1.590E+00
-1.36020E-05,1.590E+00
-1.36010E-05,1.598E+00
-1.36000E-05,1.598E+00
-1.35990E-05,1.590E+00
-1.35980E-05,1.590E+00
-1.35970E-05,1.590E+00
-1.35960E-05,1.598E+00
-1.35950E-05,1.598E+00
-1.35940E-05,1.598E+00
-1.35930E-05,1.606E+00
-1.35920E-05,1.598E+00
-1.35910E-05,1.598E+00
-1.35900E-05,1.606E+00
-1.35890E-05,1.598E+00
-1.35880E-05,1.598E+00
-1.35870E-05,1.598E+00
-1.35860E-05,1.598E+00
-1.35850E-05,1.590E+00
-1.35840E-05,1.598E+00
-1.35830E-05,1.590E+00
-1.35820E-05,1.590E+00
-1.35810E-05,1.598E+00
-1.35800E-05,1.598E+00
-1.35790E-05,1.598E+00
-1.35780E-05,1.598E+00
-1.35770E-05,1.606E+00
-1.35760E-05,1.598E+00
-1.35750E-05,1.598E+00
-1.35740E-05,1.590E+00
-1.35730E-05,1.598E+00
-1.35720E-05,1.598E+00
-1.35710E-05,1.598E+00
-1.35700E-05,1.598E+00
-1.35690E-05,1.598E+00
-1.35680E-05,1.590E+00
-1.35670E-05,1.590E+00
-1.35660E-05,1.598E+00
-1.35650E-05,1.598E+00
-1.35640E-05,1.606E+00
-1.35630E-05,1.606E+00
-1.35620E-05,1.598E+00
-1.35610E-05,1.598E+00
-1.35600E-05,1.598E+00
-1.35590E-05,1.598E+00
-1.35580E-05,1.598E+00
-1.35570E-05,1.598E+00
-1.35560E-05,1.598E+00
-1.35550E-05,1.598E+00
-1.35540E-05,1.598E+00
-1.35530E-05,1.590E+00
-1.35520E-05,1.590E+00
-1.35510E-05,1.598E+00
-1.35500E-05,1.598E+00
-1.35490E-05,1.598E+00
-1.35480E-05,1.590E+00
-1.35470E-05,1.598E+00
-1.35460E-05,1.606E+00
-1.35450E-05,1.598E+00
-1.35440E-05,1.598E+00
-1.35430E-05,1.590E+00
-1.35420E-05,1.598E+00
-1.35410E-05,1.598E+00
-1.35400E-05,1.598E+00
-1.35390E-05,1.598E+00
-1.35380E-05,1.598E+00
-1.35370E-05,1.598E+00
-1.35360E-05,1.598E+00
-1.35350E-05,1.606E+00
-1.35340E-05,1.598E+00
-1.35330E-05,1.598E+00
-1.35320E-05,1.598E+00
-1.35310E-05,1.598E+00
-1.35300E-05,1.598E+00
-1.35290E-05,1.598E+00
-1.35280E-05,1.590E+00
-1.35270E-05,1.590E+00
-1.35260E-05,1.598E+00
-1.35250E-05,1.598E+00
-1.35240E-05,1.598E+00
-1.35230E-05,1.598E+00
-1.35220E-05,1.590E+00
-1.35210E-05,1.598E+00
-1.35200E-05,1.598E+00
-1.35190E-05,1.598E+00
-1.35180E-05,1.606E+00
-1.35170E-05,1.598E+00
-1.35160E-05,1.598E+00
-1.35150E-05,1.598E+00
-1.35140E-05,1.590E+00
-1.35130E-05,1.590E+00
-1.35120E-05,1.598E+00
-1.35110E-05,1.598E+00
-1.35100E-05,1.598E+00
-1.35090E-05,1.598E+00
-1.35080E-05,1.598E+00
-1.35070E-05,1.598E+00
-1.35060E-05,1.598E+00
-1.35050E-05,1.598E+00
-1.35040E-05,1.598E+00
-1.35030E-05,1.590E+00
-1.35020E-05,1.598E+00
-1.35010E-05,1.598E+00
-1.35000E-05,1.598E+00
-1.34990E-05,1.598E+00
-1.34980E-05,1.598E+00
-1.34970E-05,1.598E+00
-1.34960E-05,1.598E+00
-1.34950E-05,1.598E+00
-1.34940E-05,1.598E+00
-1.34930E-05,1.598E+00
-1.34920E-05,1.598E+00
-1.34910E-05,1.606E+00
-1.34900E-05,1.598E+00
-1.34890E-05,1.606E+00
-1.34880E-05,1.598E+00
-1.34870E-05,1.590E+00
-1.34860E-05,1.598E+00
-1.34850E-05,1.606E+00
-1.34840E-05,1.598E+00
-1.34830E-05,1.598E+00
-1.34820E-05,1.598E+00
-1.34810E-05,1.598E+00
-1.34800E-05,1.590E+00
-1.34790E-05,1.598E+00
-1.34780E-05,1.598E+00
-1.34770E-05,1.598E+00
-1.34760E-05,1.598E+00
-1.34750E-05,1.590E+00
-1.34740E-05,1.598E+00
-1.34730E-05,1.590E+00
-1.34720E-05,1.590E+00
-1.34710E-05,1.598E+00
-1.34700E-05,1.598E+00
-1.34690E-05,1.598E+00
-1.34680E-05,1.598E+00
-1.34670E-05,1.598E+00
-1.34660E-05,1.598E+00
-1.34650E-05,1.598E+00
-1.34640E-05,1.606E+00
-1.34630E-05,1.598E+00
-1.34620E-05,1.590E+00
-1.34610E-05,1.598E+00
-1.34600E-05,1.598E+00
-1.34590E-05,1.598E+00
-1.34580E-05,1.590E+00
-1.34570E-05,1.590E+00
-1.34560E-05,1.598E+00
-1.34550E-05,1.606E+00
-1.34540E-05,1.606E+00
-1.34530E-05,1.598E+00
-1.34520E-05,1.598E+00
-1.34510E-05,1.598E+00
-1.34500E-05,1.598E+00
-1.34490E-05,1.598E+00
-1.34480E-05,1.598E+00
-1.34470E-05,1.590E+00
-1.34460E-05,1.598E+00
-1.34450E-05,1.598E+00
-1.34440E-05,1.598E+00
-1.34430E-05,1.590E+00
-1.34420E-05,1.598E+00
-1.34410E-05,1.598E+00
-1.34400E-05,1.598E+00
-1.34390E-05,1.598E+00
-1.34380E-05,1.598E+00
-1.34370E-05,1.606E+00
-1.34360E-05,1.598E+00
-1.34350E-05,1.598E+00
-1.34340E-05,1.598E+00
-1.34330E-05,1.598E+00
-1.34320E-05,1.598E+00
-1.34310E-05,1.590E+00
-1.34300E-05,1.598E+00
-1.34290E-05,1.590E+00
-1.34280E-05,1.590E+00
-1.34270E-05,1.590E+00
-1.34260E-05,1.590E+00
-1.34250E-05,1.598E+00
-1.34240E-05,1.598E+00
-1.34230E-05,1.598E+00
-1.34220E-05,1.598E+00
-1.34210E-05,1.598E+00
-1.34200E-05,1.598E+00
-1.34190E-05,1.590E+00
-1.34180E-05,1.590E+00
-1.34170E-05,1.598E+00
-1.34160E-05,1.598E+00
-1.34150E-05,1.598E+00
-1.34140E-05,1.598E+00
-1.34130E-05,1.598E+00
-1.34120E-05,1.598E+00
-1.34110E-05,1.598E+00
-1.34100E-05,1.590E+00
-1.34090E-05,1.590E+00
-1.34080E-05,1.598E+00
-1.34070E-05,1.598E+00
-1.34060E-05,1.606E+00
-1.34050E-05,1.606E+00
-1.34040E-05,1.606E+00
-1.34030E-05,1.598E+00
-1.34020E-05,1.598E+00
-1.34010E-05,1.606E+00
-1.34000E-05,1.598E+00
-1.33990E-05,1.598E+00
-1.33980E-05,1.598E+00
-1.33970E-05,1.598E+00
-1.33960E-05,1.606E+00
-1.33950E-05,1.598E+00
-1.33940E-05,1.598E+00
-1.33930E-05,1.598E+00
-1.33920E-05,1.598E+00
-1.33910E-05,1.598E+00
-1.33900E-05,1.598E+00
-1.33890E-05,1.598E+00
-1.33880E-05,1.598E+00
-1.33870E-05,1.598E+00
-1.33860E-05,1.598E+00
-1.33850E-05,1.598E+00
-1.33840E-05,1.598E+00
-1.33830E-05,1.590E+00
-1.33820E-05,1.590E+00
-1.33810E-05,1.590E+00
-1.33800E-05,1.598E+00
-1.33790E-05,1.598E+00
-1.33780E-05,1.598E+00
-1.33770E-05,1.590E+00
-1.33760E-05,1.598E+00
-1.33750E-05,1.598E+00
-1.33740E-05,1.598E+00
-1.33730E-05,1.598E+00
-1.33720E-05,1.598E+00
-1.33710E-05,1.598E+00
-1.33700E-05,1.598E+00
-1.33690E-05,1.598E+00
-1.33680E-05,1.598E+00
-1.33670E-05,1.598E+00
-1.33660E-05,1.598E+00
-1.33650E-05,1.598E+00
-1.33640E-05,1.598E+00
-1.33630E-05,1.598E+00
-1.33620E-05,1.598E+00
-1.33610E-05,1.590E+00
-1.33600E-05,1.598E+00
-1.33590E-05,1.598E+00
-1.33580E-05,1.598E+00
-1.33570E-05,1.598E+00
-1.33560E-05,1.598E+00
-1.33550E-05,1.606E+00
-1.33540E-05,1.598E+00
-1.33530E-05,1.598E+00
-1.33520E-05,1.598E+00
-1.33510E-05,1.598E+00
-1.33500E-05,1.598E+00
-1.33490E-05,1.598E+00
-1.33480E-05,1.598E+00
-1.33470E-05,1.598E+00
-1.33460E-05,1.598E+00
-1.33450E-05,1.598E+00
-1.33440E-05,1.598E+00
-1.33430E-05,1.598E+00
-1.33420E-05,1.598E+00
-1.33410E-05,1.598E+00
-1.33400E-05,1.590E+00
-1.33390E-05,1.598E+00
-1.33380E-05,1.590E+00
-1.33370E-05,1.598E+00
-1.33360E-05,1.598E+00
-1.33350E-05,1.598E+00
-1.33340E-05,1.598E+00
-1.33330E-05,1.598E+00
-1.33320E-05,1.598E+00
-1.33310E-05,1.598E+00
-1.33300E-05,1.598E+00
-1.33290E-05,1.590E+00
-1.33280E-05,1.590E+00
-1.33270E-05,1.598E+00
-1.33260E-05,1.598E+00
-1.33250E-05,1.598E+00
-1.33240E-05,1.598E+00
-1.33230E-05,1.598E+00
-1.33220E-05,1.606E+00
-1.33210E-05,1.598E+00
-1.33200E-05,1.606E+00
-1.33190E-05,1.606E+00
-1.33180E-05,1.598E+00
-1.33170E-05,1.606E+00
-1.33160E-05,1.598E+00
-1.33150E-05,1.598E+00
-1.33140E-05,1.598E+00
-1.33130E-05,1.590E+00
-1.33120E-05,1.598E+00
-1.33110E-05,1.606E+00
-1.33100E-05,1.598E+00
-1.33090E-05,1.598E+00
-1.33080E-05,1.590E+00
-1.33070E-05,1.598E+00
-1.33060E-05,1.598E+00
-1.33050E-05,1.598E+00
-1.33040E-05,1.590E+00
-1.33030E-05,1.598E+00
-1.33020E-05,1.598E+00
-1.33010E-05,1.598E+00
-1.33000E-05,1.598E+00
-1.32990E-05,1.590E+00
-1.32980E-05,1.590E+00
-1.32970E-05,1.598E+00
-1.32960E-05,1.598E+00
-1.32950E-05,1.606E+00
-1.32940E-05,1.606E+00
-1.32930E-05,1.598E+00
-1.32920E-05,1.598E+00
-1.32910E-05,1.598E+00
-1.32900E-05,1.598E+00
-1.32890E-05,1.598E+00
-1.32880E-05,1.590E+00
-1.32870E-05,1.598E+00
-1.32860E-05,1.598E+00
-1.32850E-05,1.598E+00
-1.32840E-05,1.598E+00
-1.32830E-05,1.598E+00
-1.32820E-05,1.598E+00
-1.32810E-05,1.606E+00
-1.32800E-05,1.606E+00
-1.32790E-05,1.606E+00
-1.32780E-05,1.598E+00
-1.32770E-05,1.606E+00
-1.32760E-05,1.598E+00
-1.32750E-05,1.606E+00
-1.32740E-05,1.598E+00
-1.32730E-05,1.598E+00
-1.32720E-05,1.598E+00
-1.32710E-05,1.590E+00
-1.32700E-05,1.590E+00
-1.32690E-05,1.590E+00
-1.32680E-05,1.590E+00
-1.32670E-05,1.598E+00
-1.32660E-05,1.606E+00
-1.32650E-05,1.598E+00
-1.32640E-05,1.598E+00
-1.32630E-05,1.590E+00
-1.32620E-05,1.598E+00
-1.32610E-05,1.598E+00
-1.32600E-05,1.598E+00
-1.32590E-05,1.598E+00
-1.32580E-05,1.598E+00
-1.32570E-05,1.598E+00
-1.32560E-05,1.598E+00
-1.32550E-05,1.606E+00
-1.32540E-05,1.598E+00
-1.32530E-05,1.598E+00
-1.32520E-05,1.606E+00
-1.32510E-05,1.598E+00
-1.32500E-05,1.598E+00
-1.32490E-05,1.590E+00
-1.32480E-05,1.590E+00
-1.32470E-05,1.590E+00
-1.32460E-05,1.590E+00
-1.32450E-05,1.598E+00
-1.32440E-05,1.598E+00
-1.32430E-05,1.590E+00
-1.32420E-05,1.598E+00
-1.32410E-05,1.598E+00
-1.32400E-05,1.598E+00
-1.32390E-05,1.598E+00
-1.32380E-05,1.598E+00
-1.32370E-05,1.598E+00
-1.32360E-05,1.606E+00
-1.32350E-05,1.606E+00
-1.32340E-05,1.598E+00
-1.32330E-05,1.598E+00
-1.32320E-05,1.606E+00
-1.32310E-05,1.598E+00
-1.32300E-05,1.606E+00
-1.32290E-05,1.598E+00
-1.32280E-05,1.598E+00
-1.32270E-05,1.606E+00
-1.32260E-05,1.606E+00
-1.32250E-05,1.606E+00
-1.32240E-05,1.598E+00
-1.32230E-05,1.590E+00
-1.32220E-05,1.598E+00
-1.32210E-05,1.606E+00
-1.32200E-05,1.598E+00
-1.32190E-05,1.598E+00
-1.32180E-05,1.598E+00
-1.32170E-05,1.598E+00
-1.32160E-05,1.598E+00
-1.32150E-05,1.598E+00
-1.32140E-05,1.598E+00
-1.32130E-05,1.598E+00
-1.32120E-05,1.598E+00
-1.32110E-05,1.598E+00
-1.32100E-05,1.606E+00
-1.32090E-05,1.606E+00
-1.32080E-05,1.598E+00
-1.32070E-05,1.598E+00
-1.32060E-05,1.598E+00
-1.32050E-05,1.598E+00
-1.32040E-05,1.606E+00
-1.32030E-05,1.598E+00
-1.32020E-05,1.598E+00
-1.32010E-05,1.598E+00
-1.32000E-05,1.598E+00
-1.31990E-05,1.598E+00
-1.31980E-05,1.598E+00
-1.31970E-05,1.598E+00
-1.31960E-05,1.598E+00
-1.31950E-05,1.598E+00
-1.31940E-05,1.598E+00
-1.31930E-05,1.598E+00
-1.31920E-05,1.606E+00
-1.31910E-05,1.598E+00
-1.31900E-05,1.598E+00
-1.31890E-05,1.598E+00
-1.31880E-05,1.598E+00
-1.31870E-05,1.598E+00
-1.31860E-05,1.598E+00
-1.31850E-05,1.598E+00
-1.31840E-05,1.598E+00
-1.31830E-05,1.590E+00
-1.31820E-05,1.598E+00
-1.31810E-05,1.598E+00
-1.31800E-05,1.598E+00
-1.31790E-05,1.598E+00
-1.31780E-05,1.598E+00
-1.31770E-05,1.598E+00
-1.31760E-05,1.598E+00
-1.31750E-05,1.598E+00
-1.31740E-05,1.590E+00
-1.31730E-05,1.590E+00
-1.31720E-05,1.590E+00
-1.31710E-05,1.598E+00
-1.31700E-05,1.598E+00
-1.31690E-05,1.598E+00
-1.31680E-05,1.598E+00
-1.31670E-05,1.598E+00
-1.31660E-05,1.606E+00
-1.31650E-05,1.598E+00
-1.31640E-05,1.590E+00
-1.31630E-05,1.590E+00
-1.31620E-05,1.598E+00
-1.31610E-05,1.590E+00
-1.31600E-05,1.590E+00
-1.31590E-05,1.598E+00
-1.31580E-05,1.598E+00
-1.31570E-05,1.598E+00
-1.31560E-05,1.606E+00
-1.31550E-05,1.606E+00
-1.31540E-05,1.598E+00
-1.31530E-05,1.606E+00
-1.31520E-05,1.606E+00
-1.31510E-05,1.598E+00
-1.31500E-05,1.598E+00
-1.31490E-05,1.598E+00
-1.31480E-05,1.590E+00
-1.31470E-05,1.598E+00
-1.31460E-05,1.598E+00
-1.31450E-05,1.598E+00
-1.31440E-05,1.590E+00
-1.31430E-05,1.590E+00
-1.31420E-05,1.598E+00
-1.31410E-05,1.590E+00
-1.31400E-05,1.606E+00
-1.31390E-05,1.598E+00
-1.31380E-05,1.590E+00
-1.31370E-05,1.598E+00
-1.31360E-05,1.598E+00
-1.31350E-05,1.598E+00
-1.31340E-05,1.598E+00
-1.31330E-05,1.598E+00
-1.31320E-05,1.606E+00
-1.31310E-05,1.606E+00
-1.31300E-05,1.606E+00
-1.31290E-05,1.598E+00
-1.31280E-05,1.598E+00
-1.31270E-05,1.598E+00
-1.31260E-05,1.606E+00
-1.31250E-05,1.598E+00
-1.31240E-05,1.598E+00
-1.31230E-05,1.598E+00
-1.31220E-05,1.598E+00
-1.31210E-05,1.598E+00
-1.31200E-05,1.598E+00
-1.31190E-05,1.598E+00
-1.31180E-05,1.598E+00
-1.31170E-05,1.598E+00
-1.31160E-05,1.598E+00
-1.31150E-05,1.598E+00
-1.31140E-05,1.598E+00
-1.31130E-05,1.598E+00
-1.31120E-05,1.598E+00
-1.31110E-05,1.598E+00
-1.31100E-05,1.598E+00
-1.31090E-05,1.598E+00
-1.31080E-05,1.598E+00
-1.31070E-05,1.598E+00
-1.31060E-05,1.598E+00
-1.31050E-05,1.598E+00
-1.31040E-05,1.606E+00
-1.31030E-05,1.598E+00
-1.31020E-05,1.590E+00
-1.31010E-05,1.598E+00
-1.31000E-05,1.598E+00
-1.30990E-05,1.590E+00
-1.30980E-05,1.598E+00
-1.30970E-05,1.590E+00
-1.30960E-05,1.598E+00
-1.30950E-05,1.598E+00
-1.30940E-05,1.598E+00
-1.30930E-05,1.598E+00
-1.30920E-05,1.598E+00
-1.30910E-05,1.598E+00
-1.30900E-05,1.598E+00
-1.30890E-05,1.598E+00
-1.30880E-05,1.590E+00
-1.30870E-05,1.598E+00
-1.30860E-05,1.598E+00
-1.30850E-05,1.598E+00
-1.30840E-05,1.598E+00
-1.30830E-05,1.598E+00
-1.30820E-05,1.598E+00
-1.30810E-05,1.598E+00
-1.30800E-05,1.598E+00
-1.30790E-05,1.598E+00
-1.30780E-05,1.590E+00
-1.30770E-05,1.598E+00
-1.30760E-05,1.598E+00
-1.30750E-05,1.598E+00
-1.30740E-05,1.598E+00
-1.30730E-05,1.598E+00
-1.30720E-05,1.590E+00
-1.30710E-05,1.590E+00
-1.30700E-05,1.598E+00
-1.30690E-05,1.598E+00
-1.30680E-05,1.598E+00
-1.30670E-05,1.598E+00
-1.30660E-05,1.606E+00
-1.30650E-05,1.606E+00
-1.30640E-05,1.598E+00
-1.30630E-05,1.606E+00
-1.30620E-05,1.606E+00
-1.30610E-05,1.606E+00
-1.30600E-05,1.606E+00
-1.30590E-05,1.598E+00
-1.30580E-05,1.598E+00
-1.30570E-05,1.598E+00
-1.30560E-05,1.598E+00
-1.30550E-05,1.590E+00
-1.30540E-05,1.590E+00
-1.30530E-05,1.598E+00
-1.30520E-05,1.598E+00
-1.30510E-05,1.598E+00
-1.30500E-05,1.598E+00
-1.30490E-05,1.598E+00
-1.30480E-05,1.598E+00
-1.30470E-05,1.598E+00
-1.30460E-05,1.606E+00
-1.30450E-05,1.598E+00
-1.30440E-05,1.598E+00
-1.30430E-05,1.598E+00
-1.30420E-05,1.598E+00
-1.30410E-05,1.598E+00
-1.30400E-05,1.606E+00
-1.30390E-05,1.598E+00
-1.30380E-05,1.598E+00
-1.30370E-05,1.598E+00
-1.30360E-05,1.606E+00
-1.30350E-05,1.606E+00
-1.30340E-05,1.606E+00
-1.30330E-05,1.606E+00
-1.30320E-05,1.598E+00
-1.30310E-05,1.598E+00
-1.30300E-05,1.590E+00
-1.30290E-05,1.598E+00
-1.30280E-05,1.598E+00
-1.30270E-05,1.590E+00
-1.30260E-05,1.598E+00
-1.30250E-05,1.598E+00
-1.30240E-05,1.598E+00
-1.30230E-05,1.598E+00
-1.30220E-05,1.598E+00
-1.30210E-05,1.598E+00
-1.30200E-05,1.598E+00
-1.30190E-05,1.598E+00
-1.30180E-05,1.598E+00
-1.30170E-05,1.590E+00
-1.30160E-05,1.598E+00
-1.30150E-05,1.606E+00
-1.30140E-05,1.598E+00
-1.30130E-05,1.590E+00
-1.30120E-05,1.590E+00
-1.30110E-05,1.598E+00
-1.30100E-05,1.598E+00
-1.30090E-05,1.590E+00
-1.30080E-05,1.598E+00
-1.30070E-05,1.598E+00
-1.30060E-05,1.598E+00
-1.30050E-05,1.598E+00
-1.30040E-05,1.598E+00
-1.30030E-05,1.590E+00
-1.30020E-05,1.590E+00
-1.30010E-05,1.598E+00
-1.30000E-05,1.606E+00
-1.29990E-05,1.598E+00
-1.29980E-05,1.598E+00
-1.29970E-05,1.598E+00
-1.29960E-05,1.598E+00
-1.29950E-05,1.598E+00
-1.29940E-05,1.598E+00
-1.29930E-05,1.590E+00
-1.29920E-05,1.598E+00
-1.29910E-05,1.598E+00
-1.29900E-05,1.598E+00
-1.29890E-05,1.598E+00
-1.29880E-05,1.598E+00
-1.29870E-05,1.598E+00
-1.29860E-05,1.606E+00
-1.29850E-05,1.598E+00
-1.29840E-05,1.598E+00
-1.29830E-05,1.590E+00
-1.29820E-05,1.590E+00
-1.29810E-05,1.598E+00
-1.29800E-05,1.598E+00
-1.29790E-05,1.598E+00
-1.29780E-05,1.590E+00
-1.29770E-05,1.590E+00
-1.29760E-05,1.590E+00
-1.29750E-05,1.598E+00
-1.29740E-05,1.598E+00
-1.29730E-05,1.590E+00
-1.29720E-05,1.590E+00
-1.29710E-05,1.598E+00
-1.29700E-05,1.598E+00
-1.29690E-05,1.598E+00
-1.29680E-05,1.598E+00
-1.29670E-05,1.590E+00
-1.29660E-05,1.598E+00
-1.29650E-05,1.606E+00
-1.29640E-05,1.606E+00
-1.29630E-05,1.598E+00
-1.29620E-05,1.598E+00
-1.29610E-05,1.598E+00
-1.29600E-05,1.598E+00
-1.29590E-05,1.598E+00
-1.29580E-05,1.598E+00
-1.29570E-05,1.598E+00
-1.29560E-05,1.598E+00
-1.29550E-05,1.606E+00
-1.29540E-05,1.598E+00
-1.29530E-05,1.598E+00
-1.29520E-05,1.598E+00
-1.29510E-05,1.598E+00
-1.29500E-05,1.598E+00
-1.29490E-05,1.606E+00
-1.29480E-05,1.598E+00
-1.29470E-05,1.598E+00
-1.29460E-05,1.598E+00
-1.29450E-05,1.598E+00
-1.29440E-05,1.598E+00
-1.29430E-05,1.598E+00
-1.29420E-05,1.598E+00
-1.29410E-05,1.598E+00
-1.29400E-05,1.598E+00
-1.29390E-05,1.590E+00
-1.29380E-05,1.590E+00
-1.29370E-05,1.590E+00
-1.29360E-05,1.590E+00
-1.29350E-05,1.598E+00
-1.29340E-05,1.590E+00
-1.29330E-05,1.598E+00
-1.29320E-05,1.598E+00
-1.29310E-05,1.598E+00
-1.29300E-05,1.598E+00
-1.29290E-05,1.598E+00
-1.29280E-05,1.598E+00
-1.29270E-05,1.598E+00
-1.29260E-05,1.598E+00
-1.29250E-05,1.598E+00
-1.29240E-05,1.598E+00
-1.29230E-05,1.598E+00
-1.29220E-05,1.606E+00
-1.29210E-05,1.598E+00
-1.29200E-05,1.590E+00
-1.29190E-05,1.590E+00
-1.29180E-05,1.590E+00
-1.29170E-05,1.598E+00
-1.29160E-05,1.598E+00
-1.29150E-05,1.598E+00
-1.29140E-05,1.598E+00
-1.29130E-05,1.598E+00
-1.29120E-05,1.598E+00
-1.29110E-05,1.598E+00
-1.29100E-05,1.598E+00
-1.29090E-05,1.590E+00
-1.29080E-05,1.598E+00
-1.29070E-05,1.598E+00
-1.29060E-05,1.598E+00
-1.29050E-05,1.598E+00
-1.29040E-05,1.598E+00
-1.29030E-05,1.598E+00
-1.29020E-05,1.590E+00
-1.29010E-05,1.598E+00
-1.29000E-05,1.598E+00
-1.28990E-05,1.598E+00
-1.28980E-05,1.598E+00
-1.28970E-05,1.598E+00
-1.28960E-05,1.598E+00
-1.28950E-05,1.606E+00
-1.28940E-05,1.598E+00
-1.28930E-05,1.590E+00
-1.28920E-05,1.590E+00
-1.28910E-05,1.598E+00
-1.28900E-05,1.598E+00
-1.28890E-05,1.598E+00
-1.28880E-05,1.598E+00
-1.28870E-05,1.598E+00
-1.28860E-05,1.598E+00
-1.28850E-05,1.598E+00
-1.28840E-05,1.598E+00
-1.28830E-05,1.598E+00
-1.28820E-05,1.598E+00
-1.28810E-05,1.598E+00
-1.28800E-05,1.598E+00
-1.28790E-05,1.598E+00
-1.28780E-05,1.598E+00
-1.28770E-05,1.606E+00
-1.28760E-05,1.598E+00
-1.28750E-05,1.598E+00
-1.28740E-05,1.590E+00
-1.28730E-05,1.590E+00
-1.28720E-05,1.590E+00
-1.28710E-05,1.590E+00
-1.28700E-05,1.590E+00
-1.28690E-05,1.598E+00
-1.28680E-05,1.590E+00
-1.28670E-05,1.598E+00
-1.28660E-05,1.598E+00
-1.28650E-05,1.598E+00
-1.28640E-05,1.598E+00
-1.28630E-05,1.606E+00
-1.28620E-05,1.598E+00
-1.28610E-05,1.598E+00
-1.28600E-05,1.598E+00
-1.28590E-05,1.598E+00
-1.28580E-05,1.590E+00
-1.28570E-05,1.598E+00
-1.28560E-05,1.598E+00
-1.28550E-05,1.598E+00
-1.28540E-05,1.598E+00
-1.28530E-05,1.598E+00
-1.28520E-05,1.598E+00
-1.28510E-05,1.598E+00
-1.28500E-05,1.598E+00
-1.28490E-05,1.598E+00
-1.28480E-05,1.598E+00
-1.28470E-05,1.598E+00
-1.28460E-05,1.598E+00
-1.28450E-05,1.598E+00
-1.28440E-05,1.598E+00
-1.28430E-05,1.590E+00
-1.28420E-05,1.590E+00
-1.28410E-05,1.606E+00
-1.28400E-05,1.606E+00
-1.28390E-05,1.598E+00
-1.28380E-05,1.598E+00
-1.28370E-05,1.606E+00
-1.28360E-05,1.606E+00
-1.28350E-05,1.606E+00
-1.28340E-05,1.598E+00
-1.28330E-05,1.598E+00
-1.28320E-05,1.590E+00
-1.28310E-05,1.590E+00
-1.28300E-05,1.598E+00
-1.28290E-05,1.598E+00
-1.28280E-05,1.598E+00
-1.28270E-05,1.590E+00
-1.28260E-05,1.606E+00
-1.28250E-05,1.606E+00
-1.28240E-05,1.598E+00
-1.28230E-05,1.598E+00
-1.28220E-05,1.598E+00
-1.28210E-05,1.598E+00
-1.28200E-05,1.598E+00
-1.28190E-05,1.590E+00
-1.28180E-05,1.598E+00
-1.28170E-05,1.590E+00
-1.28160E-05,1.598E+00
-1.28150E-05,1.606E+00
-1.28140E-05,1.598E+00
-1.28130E-05,1.598E+00
-1.28120E-05,1.598E+00
-1.28110E-05,1.598E+00
-1.28100E-05,1.598E+00
-1.28090E-05,1.590E+00
-1.28080E-05,1.598E+00
-1.28070E-05,1.598E+00
-1.28060E-05,1.606E+00
-1.28050E-05,1.606E+00
-1.28040E-05,1.606E+00
-1.28030E-05,1.598E+00
-1.28020E-05,1.606E+00
-1.28010E-05,1.598E+00
-1.28000E-05,1.598E+00
-1.27990E-05,1.598E+00
-1.27980E-05,1.598E+00
-1.27970E-05,1.598E+00
-1.27960E-05,1.606E+00
-1.27950E-05,1.598E+00
-1.27940E-05,1.598E+00
-1.27930E-05,1.598E+00
-1.27920E-05,1.598E+00
-1.27910E-05,1.598E+00
-1.27900E-05,1.598E+00
-1.27890E-05,1.598E+00
-1.27880E-05,1.598E+00
-1.27870E-05,1.590E+00
-1.27860E-05,1.598E+00
-1.27850E-05,1.606E+00
-1.27840E-05,1.606E+00
-1.27830E-05,1.606E+00
-1.27820E-05,1.606E+00
-1.27810E-05,1.598E+00
-1.27800E-05,1.598E+00
-1.27790E-05,1.598E+00
-1.27780E-05,1.598E+00
-1.27770E-05,1.606E+00
-1.27760E-05,1.598E+00
-1.27750E-05,1.606E+00
-1.27740E-05,1.598E+00
-1.27730E-05,1.598E+00
-1.27720E-05,1.590E+00
-1.27710E-05,1.598E+00
-1.27700E-05,1.606E+00
-1.27690E-05,1.598E+00
-1.27680E-05,1.590E+00
-1.27670E-05,1.590E+00
-1.27660E-05,1.598E+00
-1.27650E-05,1.606E+00
-1.27640E-05,1.598E+00
-1.27630E-05,1.598E+00
-1.27620E-05,1.590E+00
-1.27610E-05,1.598E+00
-1.27600E-05,1.598E+00
-1.27590E-05,1.598E+00
-1.27580E-05,1.598E+00
-1.27570E-05,1.598E+00
-1.27560E-05,1.606E+00
-1.27550E-05,1.598E+00
-1.27540E-05,1.598E+00
-1.27530E-05,1.598E+00
-1.27520E-05,1.590E+00
-1.27510E-05,1.598E+00
-1.27500E-05,1.606E+00
-1.27490E-05,1.598E+00
-1.27480E-05,1.598E+00
-1.27470E-05,1.590E+00
-1.27460E-05,1.598E+00
-1.27450E-05,1.590E+00
-1.27440E-05,1.590E+00
-1.27430E-05,1.598E+00
-1.27420E-05,1.598E+00
-1.27410E-05,1.598E+00
-1.27400E-05,1.598E+00
-1.27390E-05,1.590E+00
-1.27380E-05,1.590E+00
-1.27370E-05,1.590E+00
-1.27360E-05,1.598E+00
-1.27350E-05,1.598E+00
-1.27340E-05,1.598E+00
-1.27330E-05,1.590E+00
-1.27320E-05,1.590E+00
-1.27310E-05,1.598E+00
-1.27300E-05,1.590E+00
-1.27290E-05,1.598E+00
-1.27280E-05,1.598E+00
-1.27270E-05,1.598E+00
-1.27260E-05,1.598E+00
-1.27250E-05,1.606E+00
-1.27240E-05,1.598E+00
-1.27230E-05,1.598E+00
-1.27220E-05,1.598E+00
-1.27210E-05,1.598E+00
-1.27200E-05,1.598E+00
-1.27190E-05,1.598E+00
-1.27180E-05,1.598E+00
-1.27170E-05,1.598E+00
-1.27160E-05,1.598E+00
-1.27150E-05,1.598E+00
-1.27140E-05,1.606E+00
-1.27130E-05,1.598E+00
-1.27120E-05,1.598E+00
-1.27110E-05,1.598E+00
-1.27100E-05,1.598E+00
-1.27090E-05,1.598E+00
-1.27080E-05,1.598E+00
-1.27070E-05,1.598E+00
-1.27060E-05,1.598E+00
-1.27050E-05,1.598E+00
-1.27040E-05,1.590E+00
-1.27030E-05,1.590E+00
-1.27020E-05,1.598E+00
-1.27010E-05,1.598E+00
-1.27000E-05,1.606E+00
-1.26990E-05,1.598E+00
-1.26980E-05,1.598E+00
-1.26970E-05,1.598E+00
-1.26960E-05,1.598E+00
-1.26950E-05,1.598E+00
-1.26940E-05,1.598E+00
-1.26930E-05,1.606E+00
-1.26920E-05,1.598E+00
-1.26910E-05,1.598E+00
-1.26900E-05,1.606E+00
-1.26890E-05,1.606E+00
-1.26880E-05,1.598E+00
-1.26870E-05,1.598E+00
-1.26860E-05,1.598E+00
-1.26850E-05,1.598E+00
-1.26840E-05,1.598E+00
-1.26830E-05,1.590E+00
-1.26820E-05,1.598E+00
-1.26810E-05,1.590E+00
-1.26800E-05,1.598E+00
-1.26790E-05,1.598E+00
-1.26780E-05,1.598E+00
-1.26770E-05,1.598E+00
-1.26760E-05,1.598E+00
-1.26750E-05,1.598E+00
-1.26740E-05,1.598E+00
-1.26730E-05,1.598E+00
-1.26720E-05,1.598E+00
-1.26710E-05,1.598E+00
-1.26700E-05,1.598E+00
-1.26690E-05,1.598E+00
-1.26680E-05,1.590E+00
-1.26670E-05,1.590E+00
-1.26660E-05,1.598E+00
-1.26650E-05,1.598E+00
-1.26640E-05,1.598E+00
-1.26630E-05,1.590E+00
-1.26620E-05,1.590E+00
-1.26610E-05,1.606E+00
-1.26600E-05,1.598E+00
-1.26590E-05,1.598E+00
-1.26580E-05,1.598E+00
-1.26570E-05,1.598E+00
-1.26560E-05,1.598E+00
-1.26550E-05,1.606E+00
-1.26540E-05,1.606E+00
-1.26530E-05,1.598E+00
-1.26520E-05,1.598E+00
-1.26510E-05,1.590E+00
-1.26500E-05,1.598E+00
-1.26490E-05,1.598E+00
-1.26480E-05,1.598E+00
-1.26470E-05,1.598E+00
-1.26460E-05,1.598E+00
-1.26450E-05,1.606E+00
-1.26440E-05,1.598E+00
-1.26430E-05,1.598E+00
-1.26420E-05,1.598E+00
-1.26410E-05,1.598E+00
-1.26400E-05,1.598E+00
-1.26390E-05,1.598E+00
-1.26380E-05,1.598E+00
-1.26370E-05,1.598E+00
-1.26360E-05,1.598E+00
-1.26350E-05,1.598E+00
-1.26340E-05,1.598E+00
-1.26330E-05,1.606E+00
-1.26320E-05,1.598E+00
-1.26310E-05,1.598E+00
-1.26300E-05,1.598E+00
-1.26290E-05,1.590E+00
-1.26280E-05,1.598E+00
-1.26270E-05,1.590E+00
-1.26260E-05,1.598E+00
-1.26250E-05,1.606E+00
-1.26240E-05,1.606E+00
-1.26230E-05,1.598E+00
-1.26220E-05,1.606E+00
-1.26210E-05,1.590E+00
-1.26200E-05,1.598E+00
-1.26190E-05,1.590E+00
-1.26180E-05,1.590E+00
-1.26170E-05,1.590E+00
-1.26160E-05,1.590E+00
-1.26150E-05,1.598E+00
-1.26140E-05,1.598E+00
-1.26130E-05,1.598E+00
-1.26120E-05,1.598E+00
-1.26110E-05,1.598E+00
-1.26100E-05,1.590E+00
-1.26090E-05,1.598E+00
-1.26080E-05,1.590E+00
-1.26070E-05,1.598E+00
-1.26060E-05,1.598E+00
-1.26050E-05,1.598E+00
-1.26040E-05,1.598E+00
-1.26030E-05,1.598E+00
-1.26020E-05,1.606E+00
-1.26010E-05,1.598E+00
-1.26000E-05,1.598E+00
-1.25990E-05,1.598E+00
-1.25980E-05,1.598E+00
-1.25970E-05,1.598E+00
-1.25960E-05,1.606E+00
-1.25950E-05,1.606E+00
-1.25940E-05,1.598E+00
-1.25930E-05,1.590E+00
-1.25920E-05,1.590E+00
-1.25910E-05,1.598E+00
-1.25900E-05,1.598E+00
-1.25890E-05,1.598E+00
-1.25880E-05,1.590E+00
-1.25870E-05,1.598E+00
-1.25860E-05,1.590E+00
-1.25850E-05,1.606E+00
-1.25840E-05,1.598E+00
-1.25830E-05,1.590E+00
-1.25820E-05,1.598E+00
-1.25810E-05,1.598E+00
-1.25800E-05,1.598E+00
-1.25790E-05,1.598E+00
-1.25780E-05,1.598E+00
-1.25770E-05,1.598E+00
-1.25760E-05,1.598E+00
-1.25750E-05,1.606E+00
-1.25740E-05,1.598E+00
-1.25730E-05,1.598E+00
-1.25720E-05,1.598E+00
-1.25710E-05,1.598E+00
-1.25700E-05,1.598E+00
-1.25690E-05,1.598E+00
-1.25680E-05,1.598E+00
-1.25670E-05,1.598E+00
-1.25660E-05,1.598E+00
-1.25650E-05,1.606E+00
-1.25640E-05,1.598E+00
-1.25630E-05,1.598E+00
-1.25620E-05,1.598E+00
-1.25610E-05,1.598E+00
-1.25600E-05,1.606E+00
-1.25590E-05,1.598E+00
-1.25580E-05,1.598E+00
-1.25570E-05,1.598E+00
-1.25560E-05,1.590E+00
-1.25550E-05,1.598E+00
-1.25540E-05,1.590E+00
-1.25530E-05,1.590E+00
-1.25520E-05,1.590E+00
-1.25510E-05,1.598E+00
-1.25500E-05,1.598E+00
-1.25490E-05,1.598E+00
-1.25480E-05,1.598E+00
-1.25470E-05,1.598E+00
-1.25460E-05,1.590E+00
-1.25450E-05,1.598E+00
-1.25440E-05,1.598E+00
-1.25430E-05,1.606E+00
-1.25420E-05,1.606E+00
-1.25410E-05,1.598E+00
-1.25400E-05,1.598E+00
-1.25390E-05,1.598E+00
-1.25380E-05,1.590E+00
-1.25370E-05,1.598E+00
-1.25360E-05,1.598E+00
-1.25350E-05,1.598E+00
-1.25340E-05,1.606E+00
-1.25330E-05,1.598E+00
-1.25320E-05,1.598E+00
-1.25310E-05,1.598E+00
-1.25300E-05,1.598E+00
-1.25290E-05,1.598E+00
-1.25280E-05,1.590E+00
-1.25270E-05,1.598E+00
-1.25260E-05,1.606E+00
-1.25250E-05,1.598E+00
-1.25240E-05,1.598E+00
-1.25230E-05,1.590E+00
-1.25220E-05,1.598E+00
-1.25210E-05,1.598E+00
-1.25200E-05,1.590E+00
-1.25190E-05,1.590E+00
-1.25180E-05,1.590E+00
-1.25170E-05,1.598E+00
-1.25160E-05,1.598E+00
-1.25150E-05,1.598E+00
-1.25140E-05,1.598E+00
-1.25130E-05,1.598E+00
-1.25120E-05,1.598E+00
-1.25110E-05,1.598E+00
-1.25100E-05,1.606E+00
-1.25090E-05,1.606E+00
-1.25080E-05,1.598E+00
-1.25070E-05,1.598E+00
-1.25060E-05,1.598E+00
-1.25050E-05,1.606E+00
-1.25040E-05,1.598E+00
-1.25030E-05,1.590E+00
-1.25020E-05,1.598E+00
-1.25010E-05,1.590E+00
-1.25000E-05,1.590E+00
-1.24990E-05,1.598E+00
-1.24980E-05,1.606E+00
-1.24970E-05,1.598E+00
-1.24960E-05,1.598E+00
-1.24950E-05,1.598E+00
-1.24940E-05,1.598E+00
-1.24930E-05,1.590E+00
-1.24920E-05,1.598E+00
-1.24910E-05,1.598E+00
-1.24900E-05,1.598E+00
-1.24890E-05,1.590E+00
-1.24880E-05,1.590E+00
-1.24870E-05,1.590E+00
-1.24860E-05,1.598E+00
-1.24850E-05,1.598E+00
-1.24840E-05,1.598E+00
-1.24830E-05,1.590E+00
-1.24820E-05,1.590E+00
-1.24810E-05,1.590E+00
-1.24800E-05,1.598E+00
-1.24790E-05,1.598E+00
-1.24780E-05,1.590E+00
-1.24770E-05,1.598E+00
-1.24760E-05,1.598E+00
-1.24750E-05,1.598E+00
-1.24740E-05,1.598E+00
-1.24730E-05,1.598E+00
-1.24720E-05,1.598E+00
-1.24710E-05,1.590E+00
-1.24700E-05,1.598E+00
-1.24690E-05,1.590E+00
-1.24680E-05,1.598E+00
-1.24670E-05,1.590E+00
-1.24660E-05,1.598E+00
-1.24650E-05,1.598E+00
-1.24640E-05,1.598E+00
-1.24630E-05,1.598E+00
-1.24620E-05,1.598E+00
-1.24610E-05,1.590E+00
-1.24600E-05,1.598E+00
-1.24590E-05,1.598E+00
-1.24580E-05,1.598E+00
-1.24570E-05,1.590E+00
-1.24560E-05,1.598E+00
-1.24550E-05,1.590E+00
-1.24540E-05,1.590E+00
-1.24530E-05,1.598E+00
-1.24520E-05,1.590E+00
-1.24510E-05,1.598E+00
-1.24500E-05,1.590E+00
-1.24490E-05,1.590E+00
-1.24480E-05,1.598E+00
-1.24470E-05,1.598E+00
-1.24460E-05,1.606E+00
-1.24450E-05,1.598E+00
-1.24440E-05,1.598E+00
-1.24430E-05,1.590E+00
-1.24420E-05,1.598E+00
-1.24410E-05,1.598E+00
-1.24400E-05,1.598E+00
-1.24390E-05,1.598E+00
-1.24380E-05,1.598E+00
-1.24370E-05,1.598E+00
-1.24360E-05,1.598E+00
-1.24350E-05,1.590E+00
-1.24340E-05,1.598E+00
-1.24330E-05,1.598E+00
-1.24320E-05,1.606E+00
-1.24310E-05,1.606E+00
-1.24300E-05,1.598E+00
-1.24290E-05,1.598E+00
-1.24280E-05,1.598E+00
-1.24270E-05,1.598E+00
-1.24260E-05,1.598E+00
-1.24250E-05,1.590E+00
-1.24240E-05,1.598E+00
-1.24230E-05,1.598E+00
-1.24220E-05,1.598E+00
-1.24210E-05,1.598E+00
-1.24200E-05,1.606E+00
-1.24190E-05,1.606E+00
-1.24180E-05,1.598E+00
-1.24170E-05,1.598E+00
-1.24160E-05,1.598E+00
-1.24150E-05,1.606E+00
-1.24140E-05,1.598E+00
-1.24130E-05,1.590E+00
-1.24120E-05,1.590E+00
-1.24110E-05,1.590E+00
-1.24100E-05,1.598E+00
-1.24090E-05,1.598E+00
-1.24080E-05,1.590E+00
-1.24070E-05,1.598E+00
-1.24060E-05,1.598E+00
-1.24050E-05,1.598E+00
-1.24040E-05,1.598E+00
-1.24030E-05,1.598E+00
-1.24020E-05,1.598E+00
-1.24010E-05,1.598E+00
-1.24000E-05,1.606E+00
-1.23990E-05,1.598E+00
-1.23980E-05,1.606E+00
-1.23970E-05,1.598E+00
-1.23960E-05,1.598E+00
-1.23950E-05,1.606E+00
-1.23940E-05,1.598E+00
-1.23930E-05,1.598E+00
-1.23920E-05,1.598E+00
-1.23910E-05,1.598E+00
-1.23900E-05,1.606E+00
-1.23890E-05,1.606E+00
-1.23880E-05,1.598E+00
-1.23870E-05,1.598E+00
-1.23860E-05,1.598E+00
-1.23850E-05,1.606E+00
-1.23840E-05,1.606E+00
-1.23830E-05,1.606E+00
-1.23820E-05,1.598E+00
-1.23810E-05,1.598E+00
-1.23800E-05,1.598E+00
-1.23790E-05,1.598E+00
-1.23780E-05,1.590E+00
-1.23770E-05,1.598E+00
-1.23760E-05,1.598E+00
-1.23750E-05,1.598E+00
-1.23740E-05,1.598E+00
-1.23730E-05,1.598E+00
-1.23720E-05,1.598E+00
-1.23710E-05,1.598E+00
-1.23700E-05,1.598E+00
-1.23690E-05,1.598E+00
-1.23680E-05,1.590E+00
-1.23670E-05,1.590E+00
-1.23660E-05,1.598E+00
-1.23650E-05,1.598E+00
-1.23640E-05,1.598E+00
-1.23630E-05,1.598E+00
-1.23620E-05,1.598E+00
-1.23610E-05,1.598E+00
-1.23600E-05,1.598E+00
-1.23590E-05,1.598E+00
-1.23580E-05,1.598E+00
-1.23570E-05,1.598E+00
-1.23560E-05,1.598E+00
-1.23550E-05,1.598E+00
-1.23540E-05,1.598E+00
-1.23530E-05,1.598E+00
-1.23520E-05,1.598E+00
-1.23510E-05,1.598E+00
-1.23500E-05,1.598E+00
-1.23490E-05,1.598E+00
-1.23480E-05,1.598E+00
-1.23470E-05,1.598E+00
-1.23460E-05,1.598E+00
-1.23450E-05,1.590E+00
-1.23440E-05,1.590E+00
-1.23430E-05,1.598E+00
-1.23420E-05,1.598E+00
-1.23410E-05,1.606E+00
-1.23400E-05,1.606E+00
-1.23390E-05,1.598E+00
-1.23380E-05,1.598E+00
-1.23370E-05,1.598E+00
-1.23360E-05,1.606E+00
-1.23350E-05,1.606E+00
-1.23340E-05,1.606E+00
-1.23330E-05,1.606E+00
-1.23320E-05,1.598E+00
-1.23310E-05,1.598E+00
-1.23300E-05,1.598E+00
-1.23290E-05,1.598E+00
-1.23280E-05,1.590E+00
-1.23270E-05,1.598E+00
-1.23260E-05,1.598E+00
-1.23250E-05,1.598E+00
-1.23240E-05,1.598E+00
-1.23230E-05,1.598E+00
-1.23220E-05,1.598E+00
-1.23210E-05,1.598E+00
-1.23200E-05,1.598E+00
-1.23190E-05,1.598E+00
-1.23180E-05,1.606E+00
-1.23170E-05,1.598E+00
-1.23160E-05,1.606E+00
-1.23150E-05,1.606E+00
-1.23140E-05,1.606E+00
-1.23130E-05,1.598E+00
-1.23120E-05,1.606E+00
-1.23110E-05,1.598E+00
-1.23100E-05,1.598E+00
-1.23090E-05,1.598E+00
-1.23080E-05,1.598E+00
-1.23070E-05,1.598E+00
-1.23060E-05,1.598E+00
-1.23050E-05,1.598E+00
-1.23040E-05,1.598E+00
-1.23030E-05,1.598E+00
-1.23020E-05,1.598E+00
-1.23010E-05,1.606E+00
-1.23000E-05,1.598E+00
-1.22990E-05,1.598E+00
-1.22980E-05,1.598E+00
-1.22970E-05,1.598E+00
-1.22960E-05,1.598E+00
-1.22950E-05,1.598E+00
-1.22940E-05,1.590E+00
-1.22930E-05,1.590E+00
-1.22920E-05,1.590E+00
-1.22910E-05,1.590E+00
-1.22900E-05,1.590E+00
-1.22890E-05,1.598E+00
-1.22880E-05,1.590E+00
-1.22870E-05,1.598E+00
-1.22860E-05,1.606E+00
-1.22850E-05,1.598E+00
-1.22840E-05,1.598E+00
-1.22830E-05,1.590E+00
-1.22820E-05,1.598E+00
-1.22810E-05,1.598E+00
-1.22800E-05,1.606E+00
-1.22790E-05,1.598E+00
-1.22780E-05,1.598E+00
-1.22770E-05,1.598E+00
-1.22760E-05,1.598E+00
-1.22750E-05,1.606E+00
-1.22740E-05,1.598E+00
-1.22730E-05,1.598E+00
-1.22720E-05,1.598E+00
-1.22710E-05,1.606E+00
-1.22700E-05,1.598E+00
-1.22690E-05,1.598E+00
-1.22680E-05,1.590E+00
-1.22670E-05,1.598E+00
-1.22660E-05,1.598E+00
-1.22650E-05,1.606E+00
-1.22640E-05,1.606E+00
-1.22630E-05,1.598E+00
-1.22620E-05,1.598E+00
-1.22610E-05,1.598E+00
-1.22600E-05,1.598E+00
-1.22590E-05,1.598E+00
-1.22580E-05,1.598E+00
-1.22570E-05,1.598E+00
-1.22560E-05,1.598E+00
-1.22550E-05,1.598E+00
-1.22540E-05,1.598E+00
-1.22530E-05,1.598E+00
-1.22520E-05,1.598E+00
-1.22510E-05,1.598E+00
-1.22500E-05,1.598E+00
-1.22490E-05,1.590E+00
-1.22480E-05,1.598E+00
-1.22470E-05,1.598E+00
-1.22460E-05,1.598E+00
-1.22450E-05,1.590E+00
-1.22440E-05,1.590E+00
-1.22430E-05,1.590E+00
-1.22420E-05,1.590E+00
-1.22410E-05,1.598E+00
-1.22400E-05,1.598E+00
-1.22390E-05,1.598E+00
-1.22380E-05,1.598E+00
-1.22370E-05,1.598E+00
-1.22360E-05,1.606E+00
-1.22350E-05,1.598E+00
-1.22340E-05,1.598E+00
-1.22330E-05,1.598E+00
-1.22320E-05,1.598E+00
-1.22310E-05,1.598E+00
-1.22300E-05,1.598E+00
-1.22290E-05,1.598E+00
-1.22280E-05,1.598E+00
-1.22270E-05,1.590E+00
-1.22260E-05,1.598E+00
-1.22250E-05,1.598E+00
-1.22240E-05,1.598E+00
-1.22230E-05,1.590E+00
-1.22220E-05,1.590E+00
-1.22210E-05,1.598E+00
-1.22200E-05,1.598E+00
-1.22190E-05,1.598E+00
-1.22180E-05,1.598E+00
-1.22170E-05,1.590E+00
-1.22160E-05,1.598E+00
-1.22150E-05,1.598E+00
-1.22140E-05,1.598E+00
-1.22130E-05,1.598E+00
-1.22120E-05,1.598E+00
-1.22110E-05,1.598E+00
-1.22100E-05,1.598E+00
-1.22090E-05,1.598E+00
-1.22080E-05,1.598E+00
-1.22070E-05,1.598E+00
-1.22060E-05,1.598E+00
-1.22050E-05,1.598E+00
-1.22040E-05,1.598E+00
-1.22030E-05,1.598E+00
-1.22020E-05,1.590E+00
-1.22010E-05,1.598E+00
-1.22000E-05,1.606E+00
-1.21990E-05,1.598E+00
-1.21980E-05,1.598E+00
-1.21970E-05,1.598E+00
-1.21960E-05,1.598E+00
-1.21950E-05,1.606E+00
-1.21940E-05,1.598E+00
-1.21930E-05,1.598E+00
-1.21920E-05,1.590E+00
-1.21910E-05,1.598E+00
-1.21900E-05,1.598E+00
-1.21890E-05,1.598E+00
-1.21880E-05,1.590E+00
-1.21870E-05,1.598E+00
-1.21860E-05,1.598E+00
-1.21850E-05,1.598E+00
-1.21840E-05,1.598E+00
-1.21830E-05,1.598E+00
-1.21820E-05,1.598E+00
-1.21810E-05,1.606E+00
-1.21800E-05,1.598E+00
-1.21790E-05,1.598E+00
-1.21780E-05,1.598E+00
-1.21770E-05,1.598E+00
-1.21760E-05,1.598E+00
-1.21750E-05,1.598E+00
-1.21740E-05,1.606E+00
-1.21730E-05,1.598E+00
-1.21720E-05,1.598E+00
-1.21710E-05,1.590E+00
-1.21700E-05,1.598E+00
-1.21690E-05,1.598E+00
-1.21680E-05,1.598E+00
-1.21670E-05,1.598E+00
-1.21660E-05,1.598E+00
-1.21650E-05,1.598E+00
-1.21640E-05,1.606E+00
-1.21630E-05,1.598E+00
-1.21620E-05,1.598E+00
-1.21610E-05,1.590E+00
-1.21600E-05,1.590E+00
-1.21590E-05,1.590E+00
-1.21580E-05,1.598E+00
-1.21570E-05,1.598E+00
-1.21560E-05,1.598E+00
-1.21550E-05,1.598E+00
-1.21540E-05,1.598E+00
-1.21530E-05,1.598E+00
-1.21520E-05,1.598E+00
-1.21510E-05,1.590E+00
-1.21500E-05,1.598E+00
-1.21490E-05,1.598E+00
-1.21480E-05,1.598E+00
-1.21470E-05,1.598E+00
-1.21460E-05,1.598E+00
-1.21450E-05,1.606E+00
-1.21440E-05,1.606E+00
-1.21430E-05,1.598E+00
-1.21420E-05,1.598E+00
-1.21410E-05,1.598E+00
-1.21400E-05,1.590E+00
-1.21390E-05,1.590E+00
-1.21380E-05,1.598E+00
-1.21370E-05,1.598E+00
-1.21360E-05,1.598E+00
-1.21350E-05,1.598E+00
-1.21340E-05,1.598E+00
-1.21330E-05,1.598E+00
-1.21320E-05,1.598E+00
-1.21310E-05,1.606E+00
-1.21300E-05,1.590E+00
-1.21290E-05,1.590E+00
-1.21280E-05,1.598E+00
-1.21270E-05,1.598E+00
-1.21260E-05,1.598E+00
-1.21250E-05,1.598E+00
-1.21240E-05,1.606E+00
-1.21230E-05,1.598E+00
-1.21220E-05,1.598E+00
-1.21210E-05,1.598E+00
-1.21200E-05,1.598E+00
-1.21190E-05,1.590E+00
-1.21180E-05,1.598E+00
-1.21170E-05,1.598E+00
-1.21160E-05,1.598E+00
-1.21150E-05,1.598E+00
-1.21140E-05,1.598E+00
-1.21130E-05,1.598E+00
-1.21120E-05,1.590E+00
-1.21110E-05,1.598E+00
-1.21100E-05,1.598E+00
-1.21090E-05,1.590E+00
-1.21080E-05,1.590E+00
-1.21070E-05,1.590E+00
-1.21060E-05,1.598E+00
-1.21050E-05,1.598E+00
-1.21040E-05,1.598E+00
-1.21030E-05,1.598E+00
-1.21020E-05,1.598E+00
-1.21010E-05,1.590E+00
-1.21000E-05,1.598E+00
-1.20990E-05,1.598E+00
-1.20980E-05,1.598E+00
-1.20970E-05,1.606E+00
-1.20960E-05,1.598E+00
-1.20950E-05,1.598E+00
-1.20940E-05,1.598E+00
-1.20930E-05,1.598E+00
-1.20920E-05,1.598E+00
-1.20910E-05,1.598E+00
-1.20900E-05,1.598E+00
-1.20890E-05,1.598E+00
-1.20880E-05,1.590E+00
-1.20870E-05,1.590E+00
-1.20860E-05,1.606E+00
-1.20850E-05,1.590E+00
-1.20840E-05,1.598E+00
-1.20830E-05,1.598E+00
-1.20820E-05,1.598E+00
-1.20810E-05,1.598E+00
-1.20800E-05,1.590E+00
-1.20790E-05,1.590E+00
-1.20780E-05,1.598E+00
-1.20770E-05,1.598E+00
-1.20760E-05,1.598E+00
-1.20750E-05,1.598E+00
-1.20740E-05,1.598E+00
-1.20730E-05,1.598E+00
-1.20720E-05,1.598E+00
-1.20710E-05,1.598E+00
-1.20700E-05,1.598E+00
-1.20690E-05,1.598E+00
-1.20680E-05,1.598E+00
-1.20670E-05,1.598E+00
-1.20660E-05,1.598E+00
-1.20650E-05,1.598E+00
-1.20640E-05,1.598E+00
-1.20630E-05,1.598E+00
-1.20620E-05,1.606E+00
-1.20610E-05,1.598E+00
-1.20600E-05,1.598E+00
-1.20590E-05,1.598E+00
-1.20580E-05,1.590E+00
-1.20570E-05,1.598E+00
-1.20560E-05,1.598E+00
-1.20550E-05,1.598E+00
-1.20540E-05,1.598E+00
-1.20530E-05,1.590E+00
-1.20520E-05,1.590E+00
-1.20510E-05,1.598E+00
-1.20500E-05,1.598E+00
-1.20490E-05,1.598E+00
-1.20480E-05,1.598E+00
-1.20470E-05,1.598E+00
-1.20460E-05,1.598E+00
-1.20450E-05,1.606E+00
-1.20440E-05,1.606E+00
-1.20430E-05,1.598E+00
-1.20420E-05,1.598E+00
-1.20410E-05,1.598E+00
-1.20400E-05,1.598E+00
-1.20390E-05,1.598E+00
-1.20380E-05,1.598E+00
-1.20370E-05,1.598E+00
-1.20360E-05,1.598E+00
-1.20350E-05,1.598E+00
-1.20340E-05,1.598E+00
-1.20330E-05,1.590E+00
-1.20320E-05,1.598E+00
-1.20310E-05,1.606E+00
-1.20300E-05,1.606E+00
-1.20290E-05,1.598E+00
-1.20280E-05,1.590E+00
-1.20270E-05,1.590E+00
-1.20260E-05,1.598E+00
-1.20250E-05,1.598E+00
-1.20240E-05,1.598E+00
-1.20230E-05,1.598E+00
-1.20220E-05,1.598E+00
-1.20210E-05,1.598E+00
-1.20200E-05,1.598E+00
-1.20190E-05,1.598E+00
-1.20180E-05,1.590E+00
-1.20170E-05,1.598E+00
-1.20160E-05,1.598E+00
-1.20150E-05,1.598E+00
-1.20140E-05,1.606E+00
-1.20130E-05,1.598E+00
-1.20120E-05,1.598E+00
-1.20110E-05,1.598E+00
-1.20100E-05,1.606E+00
-1.20090E-05,1.598E+00
-1.20080E-05,1.598E+00
-1.20070E-05,1.598E+00
-1.20060E-05,1.598E+00
-1.20050E-05,1.606E+00
-1.20040E-05,1.598E+00
-1.20030E-05,1.598E+00
-1.20020E-05,1.598E+00
-1.20010E-05,1.598E+00
-1.20000E-05,1.606E+00
-1.19990E-05,1.598E+00
-1.19980E-05,1.598E+00
-1.19970E-05,1.606E+00
-1.19960E-05,1.606E+00
-1.19950E-05,1.598E+00
-1.19940E-05,1.606E+00
-1.19930E-05,1.598E+00
-1.19920E-05,1.590E+00
-1.19910E-05,1.598E+00
-1.19900E-05,1.598E+00
-1.19890E-05,1.598E+00
-1.19880E-05,1.598E+00
-1.19870E-05,1.598E+00
-1.19860E-05,1.598E+00
-1.19850E-05,1.590E+00
-1.19840E-05,1.590E+00
-1.19830E-05,1.590E+00
-1.19820E-05,1.598E+00
-1.19810E-05,1.598E+00
-1.19800E-05,1.590E+00
-1.19790E-05,1.590E+00
-1.19780E-05,1.598E+00
-1.19770E-05,1.598E+00
-1.19760E-05,1.598E+00
-1.19750E-05,1.598E+00
-1.19740E-05,1.598E+00
-1.19730E-05,1.598E+00
-1.19720E-05,1.598E+00
-1.19710E-05,1.598E+00
-1.19700E-05,1.598E+00
-1.19690E-05,1.590E+00
-1.19680E-05,1.590E+00
-1.19670E-05,1.598E+00
-1.19660E-05,1.606E+00
-1.19650E-05,1.606E+00
-1.19640E-05,1.598E+00
-1.19630E-05,1.598E+00
-1.19620E-05,1.590E+00
-1.19610E-05,1.598E+00
-1.19600E-05,1.598E+00
-1.19590E-05,1.606E+00
-1.19580E-05,1.598E+00
-1.19570E-05,1.598E+00
-1.19560E-05,1.606E+00
-1.19550E-05,1.598E+00
-1.19540E-05,1.590E+00
-1.19530E-05,1.598E+00
-1.19520E-05,1.598E+00
-1.19510E-05,1.598E+00
-1.19500E-05,1.606E+00
-1.19490E-05,1.598E+00
-1.19480E-05,1.590E+00
-1.19470E-05,1.590E+00
-1.19460E-05,1.598E+00
-1.19450E-05,1.598E+00
-1.19440E-05,1.598E+00
-1.19430E-05,1.598E+00
-1.19420E-05,1.598E+00
-1.19410E-05,1.598E+00
-1.19400E-05,1.598E+00
-1.19390E-05,1.598E+00
-1.19380E-05,1.598E+00
-1.19370E-05,1.598E+00
-1.19360E-05,1.598E+00
-1.19350E-05,1.598E+00
-1.19340E-05,1.598E+00
-1.19330E-05,1.598E+00
-1.19320E-05,1.598E+00
-1.19310E-05,1.598E+00
-1.19300E-05,1.598E+00
-1.19290E-05,1.598E+00
-1.19280E-05,1.598E+00
-1.19270E-05,1.590E+00
-1.19260E-05,1.598E+00
-1.19250E-05,1.598E+00
-1.19240E-05,1.598E+00
-1.19230E-05,1.598E+00
-1.19220E-05,1.590E+00
-1.19210E-05,1.598E+00
-1.19200E-05,1.598E+00
-1.19190E-05,1.598E+00
-1.19180E-05,1.598E+00
-1.19170E-05,1.598E+00
-1.19160E-05,1.598E+00
-1.19150E-05,1.598E+00
-1.19140E-05,1.598E+00
-1.19130E-05,1.598E+00
-1.19120E-05,1.598E+00
-1.19110E-05,1.598E+00
-1.19100E-05,1.590E+00
-1.19090E-05,1.598E+00
-1.19080E-05,1.590E+00
-1.19070E-05,1.590E+00
-1.19060E-05,1.598E+00
-1.19050E-05,1.598E+00
-1.19040E-05,1.598E+00
-1.19030E-05,1.598E+00
-1.19020E-05,1.598E+00
-1.19010E-05,1.598E+00
-1.19000E-05,1.598E+00
-1.18990E-05,1.598E+00
-1.18980E-05,1.590E+00
-1.18970E-05,1.598E+00
-1.18960E-05,1.590E+00
-1.18950E-05,1.590E+00
-1.18940E-05,1.598E+00
-1.18930E-05,1.598E+00
-1.18920E-05,1.590E+00
-1.18910E-05,1.606E+00
-1.18900E-05,1.606E+00
-1.18890E-05,1.598E+00
-1.18880E-05,1.598E+00
-1.18870E-05,1.598E+00
-1.18860E-05,1.598E+00
-1.18850E-05,1.606E+00
-1.18840E-05,1.598E+00
-1.18830E-05,1.598E+00
-1.18820E-05,1.598E+00
-1.18810E-05,1.598E+00
-1.18800E-05,1.598E+00
-1.18790E-05,1.590E+00
-1.18780E-05,1.598E+00
-1.18770E-05,1.598E+00
-1.18760E-05,1.598E+00
-1.18750E-05,1.598E+00
-1.18740E-05,1.598E+00
-1.18730E-05,1.590E+00
-1.18720E-05,1.590E+00
-1.18710E-05,1.598E+00
-1.18700E-05,1.606E+00
-1.18690E-05,1.598E+00
-1.18680E-05,1.598E+00
-1.18670E-05,1.590E+00
-1.18660E-05,1.606E+00
-1.18650E-05,1.606E+00
-1.18640E-05,1.598E+00
-1.18630E-05,1.598E+00
-1.18620E-05,1.590E+00
-1.18610E-05,1.598E+00
-1.18600E-05,1.606E+00
-1.18590E-05,1.598E+00
-1.18580E-05,1.598E+00
-1.18570E-05,1.598E+00
-1.18560E-05,1.606E+00
-1.18550E-05,1.606E+00
-1.18540E-05,1.598E+00
-1.18530E-05,1.598E+00
-1.18520E-05,1.590E+00
-1.18510E-05,1.598E+00
-1.18500E-05,1.590E+00
-1.18490E-05,1.590E+00
-1.18480E-05,1.590E+00
-1.18470E-05,1.598E+00
-1.18460E-05,1.598E+00
-1.18450E-05,1.598E+00
-1.18440E-05,1.598E+00
-1.18430E-05,1.590E+00
-1.18420E-05,1.598E+00
-1.18410E-05,1.590E+00
-1.18400E-05,1.590E+00
-1.18390E-05,1.598E+00
-1.18380E-05,1.590E+00
-1.18370E-05,1.598E+00
-1.18360E-05,1.598E+00
-1.18350E-05,1.590E+00
-1.18340E-05,1.598E+00
-1.18330E-05,1.598E+00
-1.18320E-05,1.598E+00
-1.18310E-05,1.598E+00
-1.18300E-05,1.598E+00
-1.18290E-05,1.598E+00
-1.18280E-05,1.598E+00
-1.18270E-05,1.598E+00
-1.18260E-05,1.598E+00
-1.18250E-05,1.598E+00
-1.18240E-05,1.598E+00
-1.18230E-05,1.598E+00
-1.18220E-05,1.590E+00
-1.18210E-05,1.598E+00
-1.18200E-05,1.598E+00
-1.18190E-05,1.598E+00
-1.18180E-05,1.598E+00
-1.18170E-05,1.590E+00
-1.18160E-05,1.598E+00
-1.18150E-05,1.606E+00
-1.18140E-05,1.598E+00
-1.18130E-05,1.598E+00
-1.18120E-05,1.598E+00
-1.18110E-05,1.598E+00
-1.18100E-05,1.598E+00
-1.18090E-05,1.598E+00
-1.18080E-05,1.598E+00
-1.18070E-05,1.598E+00
-1.18060E-05,1.598E+00
-1.18050E-05,1.606E+00
-1.18040E-05,1.598E+00
-1.18030E-05,1.598E+00
-1.18020E-05,1.598E+00
-1.18010E-05,1.598E+00
-1.18000E-05,1.598E+00
-1.17990E-05,1.598E+00
-1.17980E-05,1.598E+00
-1.17970E-05,1.598E+00
-1.17960E-05,1.598E+00
-1.17950E-05,1.598E+00
-1.17940E-05,1.598E+00
-1.17930E-05,1.590E+00
-1.17920E-05,1.598E+00
-1.17910E-05,1.598E+00
-1.17900E-05,1.598E+00
-1.17890E-05,1.590E+00
-1.17880E-05,1.590E+00
-1.17870E-05,1.598E+00
-1.17860E-05,1.598E+00
-1.17850E-05,1.598E+00
-1.17840E-05,1.606E+00
-1.17830E-05,1.598E+00
-1.17820E-05,1.598E+00
-1.17810E-05,1.598E+00
-1.17800E-05,1.598E+00
-1.17790E-05,1.598E+00
-1.17780E-05,1.590E+00
-1.17770E-05,1.598E+00
-1.17760E-05,1.598E+00
-1.17750E-05,1.598E+00
-1.17740E-05,1.598E+00
-1.17730E-05,1.598E+00
-1.17720E-05,1.598E+00
-1.17710E-05,1.598E+00
-1.17700E-05,1.598E+00
-1.17690E-05,1.590E+00
-1.17680E-05,1.590E+00
-1.17670E-05,1.598E+00
-1.17660E-05,1.598E+00
-1.17650E-05,1.606E+00
-1.17640E-05,1.598E+00
-1.17630E-05,1.598E+00
-1.17620E-05,1.590E+00
-1.17610E-05,1.598E+00
-1.17600E-05,1.598E+00
-1.17590E-05,1.590E+00
-1.17580E-05,1.598E+00
-1.17570E-05,1.598E+00
-1.17560E-05,1.598E+00
-1.17550E-05,1.606E+00
-1.17540E-05,1.598E+00
-1.17530E-05,1.590E+00
-1.17520E-05,1.598E+00
-1.17510E-05,1.598E+00
-1.17500E-05,1.598E+00
-1.17490E-05,1.590E+00
-1.17480E-05,1.598E+00
-1.17470E-05,1.598E+00
-1.17460E-05,1.598E+00
-1.17450E-05,1.606E+00
-1.17440E-05,1.606E+00
-1.17430E-05,1.598E+00
-1.17420E-05,1.598E+00
-1.17410E-05,1.598E+00
-1.17400E-05,1.598E+00
-1.17390E-05,1.598E+00
-1.17380E-05,1.598E+00
-1.17370E-05,1.598E+00
-1.17360E-05,1.598E+00
-1.17350E-05,1.598E+00
-1.17340E-05,1.598E+00
-1.17330E-05,1.598E+00
-1.17320E-05,1.598E+00
-1.17310E-05,1.598E+00
-1.17300E-05,1.598E+00
-1.17290E-05,1.598E+00
-1.17280E-05,1.598E+00
-1.17270E-05,1.598E+00
-1.17260E-05,1.598E+00
-1.17250E-05,1.598E+00
-1.17240E-05,1.598E+00
-1.17230E-05,1.598E+00
-1.17220E-05,1.598E+00
-1.17210E-05,1.590E+00
-1.17200E-05,1.598E+00
-1.17190E-05,1.590E+00
-1.17180E-05,1.590E+00
-1.17170E-05,1.590E+00
-1.17160E-05,1.598E+00
-1.17150E-05,1.606E+00
-1.17140E-05,1.598E+00
-1.17130E-05,1.590E+00
-1.17120E-05,1.590E+00
-1.17110E-05,1.598E+00
-1.17100E-05,1.598E+00
-1.17090E-05,1.598E+00
-1.17080E-05,1.598E+00
-1.17070E-05,1.598E+00
-1.17060E-05,1.598E+00
-1.17050E-05,1.598E+00
-1.17040E-05,1.606E+00
-1.17030E-05,1.598E+00
-1.17020E-05,1.590E+00
-1.17010E-05,1.598E+00
-1.17000E-05,1.598E+00
-1.16990E-05,1.598E+00
-1.16980E-05,1.590E+00
-1.16970E-05,1.598E+00
-1.16960E-05,1.598E+00
-1.16950E-05,1.598E+00
-1.16940E-05,1.598E+00
-1.16930E-05,1.598E+00
-1.16920E-05,1.598E+00
-1.16910E-05,1.598E+00
-1.16900E-05,1.598E+00
-1.16890E-05,1.598E+00
-1.16880E-05,1.590E+00
-1.16870E-05,1.598E+00
-1.16860E-05,1.598E+00
-1.16850E-05,1.606E+00
-1.16840E-05,1.598E+00
-1.16830E-05,1.598E+00
-1.16820E-05,1.598E+00
-1.16810E-05,1.606E+00
-1.16800E-05,1.598E+00
-1.16790E-05,1.590E+00
-1.16780E-05,1.590E+00
-1.16770E-05,1.590E+00
-1.16760E-05,1.590E+00
-1.16750E-05,1.598E+00
-1.16740E-05,1.590E+00
-1.16730E-05,1.598E+00
-1.16720E-05,1.598E+00
-1.16710E-05,1.598E+00
-1.16700E-05,1.598E+00
-1.16690E-05,1.606E+00
-1.16680E-05,1.598E+00
-1.16670E-05,1.598E+00
-1.16660E-05,1.598E+00
-1.16650E-05,1.598E+00
-1.16640E-05,1.598E+00
-1.16630E-05,1.606E+00
-1.16620E-05,1.606E+00
-1.16610E-05,1.606E+00
-1.16600E-05,1.606E+00
-1.16590E-05,1.598E+00
-1.16580E-05,1.598E+00
-1.16570E-05,1.590E+00
-1.16560E-05,1.598E+00
-1.16550E-05,1.606E+00
-1.16540E-05,1.606E+00
-1.16530E-05,1.598E+00
-1.16520E-05,1.598E+00
-1.16510E-05,1.606E+00
-1.16500E-05,1.598E+00
-1.16490E-05,1.598E+00
-1.16480E-05,1.598E+00
-1.16470E-05,1.598E+00
-1.16460E-05,1.598E+00
-1.16450E-05,1.598E+00
-1.16440E-05,1.598E+00
-1.16430E-05,1.598E+00
-1.16420E-05,1.598E+00
-1.16410E-05,1.598E+00
-1.16400E-05,1.590E+00
-1.16390E-05,1.598E+00
-1.16380E-05,1.598E+00
-1.16370E-05,1.598E+00
-1.16360E-05,1.598E+00
-1.16350E-05,1.598E+00
-1.16340E-05,1.598E+00
-1.16330E-05,1.598E+00
-1.16320E-05,1.606E+00
-1.16310E-05,1.598E+00
-1.16300E-05,1.606E+00
-1.16290E-05,1.598E+00
-1.16280E-05,1.590E+00
-1.16270E-05,1.598E+00
-1.16260E-05,1.598E+00
-1.16250E-05,1.606E+00
-1.16240E-05,1.606E+00
-1.16230E-05,1.598E+00
-1.16220E-05,1.590E+00
-1.16210E-05,1.598E+00
-1.16200E-05,1.598E+00
-1.16190E-05,1.590E+00
-1.16180E-05,1.598E+00
-1.16170E-05,1.598E+00
-1.16160E-05,1.606E+00
-1.16150E-05,1.606E+00
-1.16140E-05,1.606E+00
-1.16130E-05,1.598E+00
-1.16120E-05,1.598E+00
-1.16110E-05,1.590E+00
-1.16100E-05,1.598E+00
-1.16090E-05,1.598E+00
-1.16080E-05,1.598E+00
-1.16070E-05,1.598E+00
-1.16060E-05,1.606E+00
-1.16050E-05,1.606E+00
-1.16040E-05,1.598E+00
-1.16030E-05,1.598E+00
-1.16020E-05,1.598E+00
-1.16010E-05,1.598E+00
-1.16000E-05,1.606E+00
-1.15990E-05,1.598E+00
-1.15980E-05,1.598E+00
-1.15970E-05,1.590E+00
-1.15960E-05,1.606E+00
-1.15950E-05,1.606E+00
-1.15940E-05,1.606E+00
-1.15930E-05,1.606E+00
-1.15920E-05,1.598E+00
-1.15910E-05,1.598E+00
-1.15900E-05,1.598E+00
-1.15890E-05,1.598E+00
-1.15880E-05,1.598E+00
-1.15870E-05,1.598E+00
-1.15860E-05,1.598E+00
-1.15850E-05,1.598E+00
-1.15840E-05,1.598E+00
-1.15830E-05,1.598E+00
-1.15820E-05,1.598E+00
-1.15810E-05,1.606E+00
-1.15800E-05,1.598E+00
-1.15790E-05,1.598E+00
-1.15780E-05,1.590E+00
-1.15770E-05,1.590E+00
-1.15760E-05,1.598E+00
-1.15750E-05,1.606E+00
-1.15740E-05,1.598E+00
-1.15730E-05,1.598E+00
-1.15720E-05,1.598E+00
-1.15710E-05,1.598E+00
-1.15700E-05,1.598E+00
-1.15690E-05,1.598E+00
-1.15680E-05,1.598E+00
-1.15670E-05,1.598E+00
-1.15660E-05,1.606E+00
-1.15650E-05,1.606E+00
-1.15640E-05,1.606E+00
-1.15630E-05,1.598E+00
-1.15620E-05,1.606E+00
-1.15610E-05,1.598E+00
-1.15600E-05,1.598E+00
-1.15590E-05,1.598E+00
-1.15580E-05,1.606E+00
-1.15570E-05,1.598E+00
-1.15560E-05,1.598E+00
-1.15550E-05,1.598E+00
-1.15540E-05,1.598E+00
-1.15530E-05,1.590E+00
-1.15520E-05,1.598E+00
-1.15510E-05,1.598E+00
-1.15500E-05,1.590E+00
-1.15490E-05,1.590E+00
-1.15480E-05,1.590E+00
-1.15470E-05,1.606E+00
-1.15460E-05,1.598E+00
-1.15450E-05,1.598E+00
-1.15440E-05,1.606E+00
-1.15430E-05,1.598E+00
-1.15420E-05,1.598E+00
-1.15410E-05,1.590E+00
-1.15400E-05,1.598E+00
-1.15390E-05,1.598E+00
-1.15380E-05,1.606E+00
-1.15370E-05,1.598E+00
-1.15360E-05,1.606E+00
-1.15350E-05,1.606E+00
-1.15340E-05,1.598E+00
-1.15330E-05,1.598E+00
-1.15320E-05,1.598E+00
-1.15310E-05,1.598E+00
-1.15300E-05,1.598E+00
-1.15290E-05,1.598E+00
-1.15280E-05,1.598E+00
-1.15270E-05,1.598E+00
-1.15260E-05,1.606E+00
-1.15250E-05,1.598E+00
-1.15240E-05,1.598E+00
-1.15230E-05,1.590E+00
-1.15220E-05,1.590E+00
-1.15210E-05,1.598E+00
-1.15200E-05,1.598E+00
-1.15190E-05,1.598E+00
-1.15180E-05,1.598E+00
-1.15170E-05,1.598E+00
-1.15160E-05,1.598E+00
-1.15150E-05,1.598E+00
-1.15140E-05,1.598E+00
-1.15130E-05,1.598E+00
-1.15120E-05,1.598E+00
-1.15110E-05,1.598E+00
-1.15100E-05,1.606E+00
-1.15090E-05,1.598E+00
-1.15080E-05,1.598E+00
-1.15070E-05,1.590E+00
-1.15060E-05,1.590E+00
-1.15050E-05,1.590E+00
-1.15040E-05,1.598E+00
-1.15030E-05,1.590E+00
-1.15020E-05,1.590E+00
-1.15010E-05,1.598E+00
-1.15000E-05,1.598E+00
-1.14990E-05,1.590E+00
-1.14980E-05,1.590E+00
-1.14970E-05,1.590E+00
-1.14960E-05,1.598E+00
-1.14950E-05,1.598E+00
-1.14940E-05,1.598E+00
-1.14930E-05,1.598E+00
-1.14920E-05,1.598E+00
-1.14910E-05,1.598E+00
-1.14900E-05,1.598E+00
-1.14890E-05,1.590E+00
-1.14880E-05,1.590E+00
-1.14870E-05,1.590E+00
-1.14860E-05,1.598E+00
-1.14850E-05,1.606E+00
-1.14840E-05,1.606E+00
-1.14830E-05,1.598E+00
-1.14820E-05,1.598E+00
-1.14810E-05,1.598E+00
-1.14800E-05,1.598E+00
-1.14790E-05,1.598E+00
-1.14780E-05,1.590E+00
-1.14770E-05,1.590E+00
-1.14760E-05,1.598E+00
-1.14750E-05,1.598E+00
-1.14740E-05,1.598E+00
-1.14730E-05,1.598E+00
-1.14720E-05,1.598E+00
-1.14710E-05,1.598E+00
-1.14700E-05,1.590E+00
-1.14690E-05,1.598E+00
-1.14680E-05,1.598E+00
-1.14670E-05,1.598E+00
-1.14660E-05,1.598E+00
-1.14650E-05,1.598E+00
-1.14640E-05,1.598E+00
-1.14630E-05,1.598E+00
-1.14620E-05,1.598E+00
-1.14610E-05,1.598E+00
-1.14600E-05,1.598E+00
-1.14590E-05,1.598E+00
-1.14580E-05,1.598E+00
-1.14570E-05,1.598E+00
-1.14560E-05,1.598E+00
-1.14550E-05,1.606E+00
-1.14540E-05,1.598E+00
-1.14530E-05,1.598E+00
-1.14520E-05,1.598E+00
-1.14510E-05,1.598E+00
-1.14500E-05,1.606E+00
-1.14490E-05,1.598E+00
-1.14480E-05,1.598E+00
-1.14470E-05,1.598E+00
-1.14460E-05,1.598E+00
-1.14450E-05,1.590E+00
-1.14440E-05,1.598E+00
-1.14430E-05,1.590E+00
-1.14420E-05,1.598E+00
-1.14410E-05,1.598E+00
-1.14400E-05,1.598E+00
-1.14390E-05,1.590E+00
-1.14380E-05,1.598E+00
-1.14370E-05,1.598E+00
-1.14360E-05,1.598E+00
-1.14350E-05,1.606E+00
-1.14340E-05,1.598E+00
-1.14330E-05,1.590E+00
-1.14320E-05,1.598E+00
-1.14310E-05,1.598E+00
-1.14300E-05,1.606E+00
-1.14290E-05,1.598E+00
-1.14280E-05,1.598E+00
-1.14270E-05,1.598E+00
-1.14260E-05,1.598E+00
-1.14250E-05,1.598E+00
-1.14240E-05,1.598E+00
-1.14230E-05,1.590E+00
-1.14220E-05,1.598E+00
-1.14210E-05,1.598E+00
-1.14200E-05,1.598E+00
-1.14190E-05,1.598E+00
-1.14180E-05,1.598E+00
-1.14170E-05,1.598E+00
-1.14160E-05,1.606E+00
-1.14150E-05,1.598E+00
-1.14140E-05,1.598E+00
-1.14130E-05,1.598E+00
-1.14120E-05,1.598E+00
-1.14110E-05,1.598E+00
-1.14100E-05,1.598E+00
-1.14090E-05,1.590E+00
-1.14080E-05,1.598E+00
-1.14070E-05,1.598E+00
-1.14060E-05,1.598E+00
-1.14050E-05,1.606E+00
-1.14040E-05,1.598E+00
-1.14030E-05,1.598E+00
-1.14020E-05,1.598E+00
-1.14010E-05,1.606E+00
-1.14000E-05,1.606E+00
-1.13990E-05,1.598E+00
-1.13980E-05,1.590E+00
-1.13970E-05,1.598E+00
-1.13960E-05,1.606E+00
-1.13950E-05,1.606E+00
-1.13940E-05,1.606E+00
-1.13930E-05,1.606E+00
-1.13920E-05,1.606E+00
-1.13910E-05,1.606E+00
-1.13900E-05,1.606E+00
-1.13890E-05,1.598E+00
-1.13880E-05,1.598E+00
-1.13870E-05,1.598E+00
-1.13860E-05,1.598E+00
-1.13850E-05,1.606E+00
-1.13840E-05,1.598E+00
-1.13830E-05,1.598E+00
-1.13820E-05,1.590E+00
-1.13810E-05,1.598E+00
-1.13800E-05,1.598E+00
-1.13790E-05,1.598E+00
-1.13780E-05,1.590E+00
-1.13770E-05,1.590E+00
-1.13760E-05,1.606E+00
-1.13750E-05,1.598E+00
-1.13740E-05,1.598E+00
-1.13730E-05,1.598E+00
-1.13720E-05,1.598E+00
-1.13710E-05,1.598E+00
-1.13700E-05,1.598E+00
-1.13690E-05,1.598E+00
-1.13680E-05,1.590E+00
-1.13670E-05,1.590E+00
-1.13660E-05,1.598E+00
-1.13650E-05,1.598E+00
-1.13640E-05,1.598E+00
-1.13630E-05,1.598E+00
-1.13620E-05,1.606E+00
-1.13610E-05,1.598E+00
-1.13600E-05,1.598E+00
-1.13590E-05,1.598E+00
-1.13580E-05,1.598E+00
-1.13570E-05,1.598E+00
-1.13560E-05,1.606E+00
-1.13550E-05,1.598E+00
-1.13540E-05,1.598E+00
-1.13530E-05,1.598E+00
-1.13520E-05,1.598E+00
-1.13510E-05,1.590E+00
-1.13500E-05,1.598E+00
-1.13490E-05,1.598E+00
-1.13480E-05,1.606E+00
-1.13470E-05,1.598E+00
-1.13460E-05,1.598E+00
-1.13450E-05,1.598E+00
-1.13440E-05,1.598E+00
-1.13430E-05,1.606E+00
-1.13420E-05,1.606E+00
-1.13410E-05,1.606E+00
-1.13400E-05,1.598E+00
-1.13390E-05,1.598E+00
-1.13380E-05,1.590E+00
-1.13370E-05,1.598E+00
-1.13360E-05,1.598E+00
-1.13350E-05,1.598E+00
-1.13340E-05,1.598E+00
-1.13330E-05,1.598E+00
-1.13320E-05,1.590E+00
-1.13310E-05,1.598E+00
-1.13300E-05,1.598E+00
-1.13290E-05,1.598E+00
-1.13280E-05,1.598E+00
-1.13270E-05,1.598E+00
-1.13260E-05,1.598E+00
-1.13250E-05,1.606E+00
-1.13240E-05,1.598E+00
-1.13230E-05,1.598E+00
-1.13220E-05,1.598E+00
-1.13210E-05,1.590E+00
-1.13200E-05,1.590E+00
-1.13190E-05,1.598E+00
-1.13180E-05,1.598E+00
-1.13170E-05,1.598E+00
-1.13160E-05,1.598E+00
-1.13150E-05,1.598E+00
-1.13140E-05,1.598E+00
-1.13130E-05,1.590E+00
-1.13120E-05,1.598E+00
-1.13110E-05,1.606E+00
-1.13100E-05,1.606E+00
-1.13090E-05,1.598E+00
-1.13080E-05,1.598E+00
-1.13070E-05,1.598E+00
-1.13060E-05,1.598E+00
-1.13050E-05,1.598E+00
-1.13040E-05,1.598E+00
-1.13030E-05,1.598E+00
-1.13020E-05,1.598E+00
-1.13010E-05,1.590E+00
-1.13000E-05,1.598E+00
-1.12990E-05,1.598E+00
-1.12980E-05,1.598E+00
-1.12970E-05,1.598E+00
-1.12960E-05,1.606E+00
-1.12950E-05,1.598E+00
-1.12940E-05,1.598E+00
-1.12930E-05,1.598E+00
-1.12920E-05,1.598E+00
-1.12910E-05,1.598E+00
-1.12900E-05,1.598E+00
-1.12890E-05,1.598E+00
-1.12880E-05,1.598E+00
-1.12870E-05,1.598E+00
-1.12860E-05,1.598E+00
-1.12850E-05,1.598E+00
-1.12840E-05,1.598E+00
-1.12830E-05,1.598E+00
-1.12820E-05,1.598E+00
-1.12810E-05,1.598E+00
-1.12800E-05,1.598E+00
-1.12790E-05,1.590E+00
-1.12780E-05,1.598E+00
-1.12770E-05,1.598E+00
-1.12760E-05,1.598E+00
-1.12750E-05,1.598E+00
-1.12740E-05,1.590E+00
-1.12730E-05,1.590E+00
-1.12720E-05,1.598E+00
-1.12710E-05,1.606E+00
-1.12700E-05,1.598E+00
-1.12690E-05,1.598E+00
-1.12680E-05,1.590E+00
-1.12670E-05,1.590E+00
-1.12660E-05,1.590E+00
-1.12650E-05,1.598E+00
-1.12640E-05,1.598E+00
-1.12630E-05,1.598E+00
-1.12620E-05,1.598E+00
-1.12610E-05,1.598E+00
-1.12600E-05,1.598E+00
-1.12590E-05,1.598E+00
-1.12580E-05,1.598E+00
-1.12570E-05,1.598E+00
-1.12560E-05,1.590E+00
-1.12550E-05,1.598E+00
-1.12540E-05,1.598E+00
-1.12530E-05,1.598E+00
-1.12520E-05,1.598E+00
-1.12510E-05,1.590E+00
-1.12500E-05,1.590E+00
-1.12490E-05,1.590E+00
-1.12480E-05,1.590E+00
-1.12470E-05,1.598E+00
-1.12460E-05,1.598E+00
-1.12450E-05,1.598E+00
-1.12440E-05,1.598E+00
-1.12430E-05,1.590E+00
-1.12420E-05,1.598E+00
-1.12410E-05,1.598E+00
-1.12400E-05,1.598E+00
-1.12390E-05,1.598E+00
-1.12380E-05,1.598E+00
-1.12370E-05,1.590E+00
-1.12360E-05,1.598E+00
-1.12350E-05,1.606E+00
-1.12340E-05,1.598E+00
-1.12330E-05,1.598E+00
-1.12320E-05,1.590E+00
-1.12310E-05,1.598E+00
-1.12300E-05,1.598E+00
-1.12290E-05,1.590E+00
-1.12280E-05,1.598E+00
-1.12270E-05,1.590E+00
-1.12260E-05,1.598E+00
-1.12250E-05,1.598E+00
-1.12240E-05,1.598E+00
-1.12230E-05,1.598E+00
-1.12220E-05,1.598E+00
-1.12210E-05,1.598E+00
-1.12200E-05,1.598E+00
-1.12190E-05,1.598E+00
-1.12180E-05,1.590E+00
-1.12170E-05,1.598E+00
-1.12160E-05,1.598E+00
-1.12150E-05,1.598E+00
-1.12140E-05,1.606E+00
-1.12130E-05,1.598E+00
-1.12120E-05,1.606E+00
-1.12110E-05,1.598E+00
-1.12100E-05,1.598E+00
-1.12090E-05,1.590E+00
-1.12080E-05,1.598E+00
-1.12070E-05,1.598E+00
-1.12060E-05,1.606E+00
-1.12050E-05,1.606E+00
-1.12040E-05,1.598E+00
-1.12030E-05,1.598E+00
-1.12020E-05,1.598E+00
-1.12010E-05,1.598E+00
-1.12000E-05,1.598E+00
-1.11990E-05,1.598E+00
-1.11980E-05,1.598E+00
-1.11970E-05,1.590E+00
-1.11960E-05,1.590E+00
-1.11950E-05,1.598E+00
-1.11940E-05,1.598E+00
-1.11930E-05,1.590E+00
-1.11920E-05,1.598E+00
-1.11910E-05,1.598E+00
-1.11900E-05,1.590E+00
-1.11890E-05,1.598E+00
-1.11880E-05,1.598E+00
-1.11870E-05,1.598E+00
-1.11860E-05,1.598E+00
-1.11850E-05,1.590E+00
-1.11840E-05,1.590E+00
-1.11830E-05,1.590E+00
-1.11820E-05,1.590E+00
-1.11810E-05,1.590E+00
-1.11800E-05,1.590E+00
-1.11790E-05,1.598E+00
-1.11780E-05,1.590E+00
-1.11770E-05,1.598E+00
-1.11760E-05,1.598E+00
-1.11750E-05,1.606E+00
-1.11740E-05,1.606E+00
-1.11730E-05,1.598E+00
-1.11720E-05,1.598E+00
-1.11710E-05,1.598E+00
-1.11700E-05,1.598E+00
-1.11690E-05,1.598E+00
-1.11680E-05,1.598E+00
-1.11670E-05,1.598E+00
-1.11660E-05,1.606E+00
-1.11650E-05,1.598E+00
-1.11640E-05,1.598E+00
-1.11630E-05,1.590E+00
-1.11620E-05,1.598E+00
-1.11610E-05,1.598E+00
-1.11600E-05,1.598E+00
-1.11590E-05,1.598E+00
-1.11580E-05,1.590E+00
-1.11570E-05,1.598E+00
-1.11560E-05,1.598E+00
-1.11550E-05,1.606E+00
-1.11540E-05,1.606E+00
-1.11530E-05,1.598E+00
-1.11520E-05,1.598E+00
-1.11510E-05,1.598E+00
-1.11500E-05,1.598E+00
-1.11490E-05,1.606E+00
-1.11480E-05,1.598E+00
-1.11470E-05,1.598E+00
-1.11460E-05,1.598E+00
-1.11450E-05,1.606E+00
-1.11440E-05,1.598E+00
-1.11430E-05,1.598E+00
-1.11420E-05,1.598E+00
-1.11410E-05,1.598E+00
-1.11400E-05,1.598E+00
-1.11390E-05,1.606E+00
-1.11380E-05,1.598E+00
-1.11370E-05,1.598E+00
-1.11360E-05,1.606E+00
-1.11350E-05,1.606E+00
-1.11340E-05,1.598E+00
-1.11330E-05,1.590E+00
-1.11320E-05,1.598E+00
-1.11310E-05,1.598E+00
-1.11300E-05,1.598E+00
-1.11290E-05,1.598E+00
-1.11280E-05,1.598E+00
-1.11270E-05,1.598E+00
-1.11260E-05,1.590E+00
-1.11250E-05,1.598E+00
-1.11240E-05,1.598E+00
-1.11230E-05,1.590E+00
-1.11220E-05,1.598E+00
-1.11210E-05,1.598E+00
-1.11200E-05,1.598E+00
-1.11190E-05,1.590E+00
-1.11180E-05,1.590E+00
-1.11170E-05,1.590E+00
-1.11160E-05,1.590E+00
-1.11150E-05,1.598E+00
-1.11140E-05,1.598E+00
-1.11130E-05,1.598E+00
-1.11120E-05,1.606E+00
-1.11110E-05,1.606E+00
-1.11100E-05,1.598E+00
-1.11090E-05,1.598E+00
-1.11080E-05,1.598E+00
-1.11070E-05,1.598E+00
-1.11060E-05,1.606E+00
-1.11050E-05,1.606E+00
-1.11040E-05,1.598E+00
-1.11030E-05,1.590E+00
-1.11020E-05,1.598E+00
-1.11010E-05,1.598E+00
-1.11000E-05,1.598E+00
-1.10990E-05,1.598E+00
-1.10980E-05,1.598E+00
-1.10970E-05,1.606E+00
-1.10960E-05,1.598E+00
-1.10950E-05,1.606E+00
-1.10940E-05,1.598E+00
-1.10930E-05,1.598E+00
-1.10920E-05,1.598E+00
-1.10910E-05,1.598E+00
-1.10900E-05,1.590E+00
-1.10890E-05,1.598E+00
-1.10880E-05,1.590E+00
-1.10870E-05,1.606E+00
-1.10860E-05,1.606E+00
-1.10850E-05,1.606E+00
-1.10840E-05,1.598E+00
-1.10830E-05,1.590E+00
-1.10820E-05,1.598E+00
-1.10810E-05,1.598E+00
-1.10800E-05,1.598E+00
-1.10790E-05,1.598E+00
-1.10780E-05,1.598E+00
-1.10770E-05,1.606E+00
-1.10760E-05,1.606E+00
-1.10750E-05,1.598E+00
-1.10740E-05,1.598E+00
-1.10730E-05,1.590E+00
-1.10720E-05,1.598E+00
-1.10710E-05,1.598E+00
-1.10700E-05,1.598E+00
-1.10690E-05,1.598E+00
-1.10680E-05,1.598E+00
-1.10670E-05,1.590E+00
-1.10660E-05,1.598E+00
-1.10650E-05,1.598E+00
-1.10640E-05,1.598E+00
-1.10630E-05,1.598E+00
-1.10620E-05,1.598E+00
-1.10610E-05,1.598E+00
-1.10600E-05,1.598E+00
-1.10590E-05,1.590E+00
-1.10580E-05,1.590E+00
-1.10570E-05,1.590E+00
-1.10560E-05,1.590E+00
-1.10550E-05,1.598E+00
-1.10540E-05,1.598E+00
-1.10530E-05,1.598E+00
-1.10520E-05,1.598E+00
-1.10510E-05,1.606E+00
-1.10500E-05,1.606E+00
-1.10490E-05,1.598E+00
-1.10480E-05,1.598E+00
-1.10470E-05,1.606E+00
-1.10460E-05,1.614E+00
-1.10450E-05,1.606E+00
-1.10440E-05,1.606E+00
-1.10430E-05,1.598E+00
-1.10420E-05,1.598E+00
-1.10410E-05,1.598E+00
-1.10400E-05,1.598E+00
-1.10390E-05,1.598E+00
-1.10380E-05,1.598E+00
-1.10370E-05,1.598E+00
-1.10360E-05,1.598E+00
-1.10350E-05,1.598E+00
-1.10340E-05,1.598E+00
-1.10330E-05,1.598E+00
-1.10320E-05,1.598E+00
-1.10310E-05,1.598E+00
-1.10300E-05,1.606E+00
-1.10290E-05,1.598E+00
-1.10280E-05,1.598E+00
-1.10270E-05,1.590E+00
-1.10260E-05,1.598E+00
-1.10250E-05,1.598E+00
-1.10240E-05,1.598E+00
-1.10230E-05,1.598E+00
-1.10220E-05,1.598E+00
-1.10210E-05,1.606E+00
-1.10200E-05,1.598E+00
-1.10190E-05,1.598E+00
-1.10180E-05,1.598E+00
-1.10170E-05,1.598E+00
-1.10160E-05,1.598E+00
-1.10150E-05,1.606E+00
-1.10140E-05,1.598E+00
-1.10130E-05,1.606E+00
-1.10120E-05,1.598E+00
-1.10110E-05,1.598E+00
-1.10100E-05,1.598E+00
-1.10090E-05,1.598E+00
-1.10080E-05,1.598E+00
-1.10070E-05,1.598E+00
-1.10060E-05,1.598E+00
-1.10050E-05,1.598E+00
-1.10040E-05,1.598E+00
-1.10030E-05,1.598E+00
-1.10020E-05,1.598E+00
-1.10010E-05,1.598E+00
-1.10000E-05,1.598E+00
-1.09990E-05,1.598E+00
-1.09980E-05,1.606E+00
-1.09970E-05,1.606E+00
-1.09960E-05,1.606E+00
-1.09950E-05,1.606E+00
-1.09940E-05,1.606E+00
-1.09930E-05,1.606E+00
-1.09920E-05,1.598E+00
-1.09910E-05,1.598E+00
-1.09900E-05,1.598E+00
-1.09890E-05,1.598E+00
-1.09880E-05,1.606E+00
-1.09870E-05,1.598E+00
-1.09860E-05,1.606E+00
-1.09850E-05,1.598E+00
-1.09840E-05,1.598E+00
-1.09830E-05,1.598E+00
-1.09820E-05,1.598E+00
-1.09810E-05,1.598E+00
-1.09800E-05,1.598E+00
-1.09790E-05,1.590E+00
-1.09780E-05,1.590E+00
-1.09770E-05,1.598E+00
-1.09760E-05,1.598E+00
-1.09750E-05,1.598E+00
-1.09740E-05,1.598E+00
-1.09730E-05,1.590E+00
-1.09720E-05,1.598E+00
-1.09710E-05,1.590E+00
-1.09700E-05,1.598E+00
-1.09690E-05,1.598E+00
-1.09680E-05,1.598E+00
-1.09670E-05,1.590E+00
-1.09660E-05,1.598E+00
-1.09650E-05,1.606E+00
-1.09640E-05,1.598E+00
-1.09630E-05,1.598E+00
-1.09620E-05,1.598E+00
-1.09610E-05,1.598E+00
-1.09600E-05,1.598E+00
-1.09590E-05,1.598E+00
-1.09580E-05,1.590E+00
-1.09570E-05,1.598E+00
-1.09560E-05,1.598E+00
-1.09550E-05,1.598E+00
-1.09540E-05,1.598E+00
-1.09530E-05,1.598E+00
-1.09520E-05,1.598E+00
-1.09510E-05,1.606E+00
-1.09500E-05,1.606E+00
-1.09490E-05,1.606E+00
-1.09480E-05,1.598E+00
-1.09470E-05,1.598E+00
-1.09460E-05,1.598E+00
-1.09450E-05,1.598E+00
-1.09440E-05,1.606E+00
-1.09430E-05,1.598E+00
-1.09420E-05,1.606E+00
-1.09410E-05,1.598E+00
-1.09400E-05,1.598E+00
-1.09390E-05,1.598E+00
-1.09380E-05,1.598E+00
-1.09370E-05,1.598E+00
-1.09360E-05,1.606E+00
-1.09350E-05,1.606E+00
-1.09340E-05,1.598E+00
-1.09330E-05,1.598E+00
-1.09320E-05,1.598E+00
-1.09310E-05,1.598E+00
-1.09300E-05,1.598E+00
-1.09290E-05,1.598E+00
-1.09280E-05,1.598E+00
-1.09270E-05,1.598E+00
-1.09260E-05,1.606E+00
-1.09250E-05,1.598E+00
-1.09240E-05,1.598E+00
-1.09230E-05,1.598E+00
-1.09220E-05,1.598E+00
-1.09210E-05,1.598E+00
-1.09200E-05,1.590E+00
-1.09190E-05,1.590E+00
-1.09180E-05,1.590E+00
-1.09170E-05,1.598E+00
-1.09160E-05,1.598E+00
-1.09150E-05,1.606E+00
-1.09140E-05,1.606E+00
-1.09130E-05,1.598E+00
-1.09120E-05,1.590E+00
-1.09110E-05,1.598E+00
-1.09100E-05,1.598E+00
-1.09090E-05,1.606E+00
-1.09080E-05,1.598E+00
-1.09070E-05,1.598E+00
-1.09060E-05,1.598E+00
-1.09050E-05,1.606E+00
-1.09040E-05,1.606E+00
-1.09030E-05,1.606E+00
-1.09020E-05,1.606E+00
-1.09010E-05,1.598E+00
-1.09000E-05,1.598E+00
-1.08990E-05,1.598E+00
-1.08980E-05,1.598E+00
-1.08970E-05,1.590E+00
-1.08960E-05,1.590E+00
-1.08950E-05,1.590E+00
-1.08940E-05,1.598E+00
-1.08930E-05,1.598E+00
-1.08920E-05,1.598E+00
-1.08910E-05,1.598E+00
-1.08900E-05,1.598E+00
-1.08890E-05,1.598E+00
-1.08880E-05,1.590E+00
-1.08870E-05,1.598E+00
-1.08860E-05,1.598E+00
-1.08850E-05,1.606E+00
-1.08840E-05,1.606E+00
-1.08830E-05,1.598E+00
-1.08820E-05,1.598E+00
-1.08810E-05,1.598E+00
-1.08800E-05,1.590E+00
-1.08790E-05,1.598E+00
-1.08780E-05,1.598E+00
-1.08770E-05,1.598E+00
-1.08760E-05,1.598E+00
-1.08750E-05,1.606E+00
-1.08740E-05,1.606E+00
-1.08730E-05,1.598E+00
-1.08720E-05,1.598E+00
-1.08710E-05,1.598E+00
-1.08700E-05,1.598E+00
-1.08690E-05,1.606E+00
-1.08680E-05,1.598E+00
-1.08670E-05,1.598E+00
-1.08660E-05,1.598E+00
-1.08650E-05,1.598E+00
-1.08640E-05,1.598E+00
-1.08630E-05,1.598E+00
-1.08620E-05,1.598E+00
-1.08610E-05,1.598E+00
-1.08600E-05,1.598E+00
-1.08590E-05,1.598E+00
-1.08580E-05,1.590E+00
-1.08570E-05,1.598E+00
-1.08560E-05,1.598E+00
-1.08550E-05,1.598E+00
-1.08540E-05,1.598E+00
-1.08530E-05,1.598E+00
-1.08520E-05,1.590E+00
-1.08510E-05,1.598E+00
-1.08500E-05,1.598E+00
-1.08490E-05,1.590E+00
-1.08480E-05,1.590E+00
-1.08470E-05,1.590E+00
-1.08460E-05,1.598E+00
-1.08450E-05,1.606E+00
-1.08440E-05,1.598E+00
-1.08430E-05,1.590E+00
-1.08420E-05,1.590E+00
-1.08410E-05,1.598E+00
-1.08400E-05,1.598E+00
-1.08390E-05,1.598E+00
-1.08380E-05,1.590E+00
-1.08370E-05,1.598E+00
-1.08360E-05,1.598E+00
-1.08350E-05,1.598E+00
-1.08340E-05,1.598E+00
-1.08330E-05,1.598E+00
-1.08320E-05,1.590E+00
-1.08310E-05,1.598E+00
-1.08300E-05,1.598E+00
-1.08290E-05,1.598E+00
-1.08280E-05,1.598E+00
-1.08270E-05,1.590E+00
-1.08260E-05,1.598E+00
-1.08250E-05,1.598E+00
-1.08240E-05,1.590E+00
-1.08230E-05,1.598E+00
-1.08220E-05,1.598E+00
-1.08210E-05,1.606E+00
-1.08200E-05,1.606E+00
-1.08190E-05,1.598E+00
-1.08180E-05,1.598E+00
-1.08170E-05,1.598E+00
-1.08160E-05,1.598E+00
-1.08150E-05,1.598E+00
-1.08140E-05,1.598E+00
-1.08130E-05,1.590E+00
-1.08120E-05,1.590E+00
-1.08110E-05,1.598E+00
-1.08100E-05,1.598E+00
-1.08090E-05,1.598E+00
-1.08080E-05,1.606E+00
-1.08070E-05,1.606E+00
-1.08060E-05,1.606E+00
-1.08050E-05,1.598E+00
-1.08040E-05,1.598E+00
-1.08030E-05,1.590E+00
-1.08020E-05,1.598E+00
-1.08010E-05,1.598E+00
-1.08000E-05,1.598E+00
-1.07990E-05,1.598E+00
-1.07980E-05,1.606E+00
-1.07970E-05,1.598E+00
-1.07960E-05,1.598E+00
-1.07950E-05,1.598E+00
-1.07940E-05,1.598E+00
-1.07930E-05,1.598E+00
-1.07920E-05,1.598E+00
-1.07910E-05,1.598E+00
-1.07900E-05,1.606E+00
-1.07890E-05,1.598E+00
-1.07880E-05,1.606E+00
-1.07870E-05,1.598E+00
-1.07860E-05,1.606E+00
-1.07850E-05,1.598E+00
-1.07840E-05,1.590E+00
-1.07830E-05,1.598E+00
-1.07820E-05,1.598E+00
-1.07810E-05,1.598E+00
-1.07800E-05,1.598E+00
-1.07790E-05,1.590E+00
-1.07780E-05,1.590E+00
-1.07770E-05,1.598E+00
-1.07760E-05,1.598E+00
-1.07750E-05,1.598E+00
-1.07740E-05,1.598E+00
-1.07730E-05,1.598E+00
-1.07720E-05,1.598E+00
-1.07710E-05,1.598E+00
-1.07700E-05,1.606E+00
-1.07690E-05,1.598E+00
-1.07680E-05,1.598E+00
-1.07670E-05,1.598E+00
-1.07660E-05,1.606E+00
-1.07650E-05,1.606E+00
-1.07640E-05,1.598E+00
-1.07630E-05,1.598E+00
-1.07620E-05,1.598E+00
-1.07610E-05,1.598E+00
-1.07600E-05,1.598E+00
-1.07590E-05,1.606E+00
-1.07580E-05,1.598E+00
-1.07570E-05,1.598E+00
-1.07560E-05,1.598E+00
-1.07550E-05,1.590E+00
-1.07540E-05,1.598E+00
-1.07530E-05,1.598E+00
-1.07520E-05,1.606E+00
-1.07510E-05,1.598E+00
-1.07500E-05,1.606E+00
-1.07490E-05,1.598E+00
-1.07480E-05,1.590E+00
-1.07470E-05,1.598E+00
-1.07460E-05,1.598E+00
-1.07450E-05,1.606E+00
-1.07440E-05,1.598E+00
-1.07430E-05,1.606E+00
-1.07420E-05,1.598E+00
-1.07410E-05,1.590E+00
-1.07400E-05,1.598E+00
-1.07390E-05,1.590E+00
-1.07380E-05,1.590E+00
-1.07370E-05,1.598E+00
-1.07360E-05,1.606E+00
-1.07350E-05,1.598E+00
-1.07340E-05,1.606E+00
-1.07330E-05,1.598E+00
-1.07320E-05,1.598E+00
-1.07310E-05,1.598E+00
-1.07300E-05,1.598E+00
-1.07290E-05,1.598E+00
-1.07280E-05,1.606E+00
-1.07270E-05,1.598E+00
-1.07260E-05,1.598E+00
-1.07250E-05,1.606E+00
-1.07240E-05,1.598E+00
-1.07230E-05,1.598E+00
-1.07220E-05,1.590E+00
-1.07210E-05,1.590E+00
-1.07200E-05,1.590E+00
-1.07190E-05,1.590E+00
-1.07180E-05,1.590E+00
-1.07170E-05,1.598E+00
-1.07160E-05,1.598E+00
-1.07150E-05,1.606E+00
-1.07140E-05,1.590E+00
-1.07130E-05,1.598E+00
-1.07120E-05,1.598E+00
-1.07110E-05,1.590E+00
-1.07100E-05,1.598E+00
-1.07090E-05,1.598E+00
-1.07080E-05,1.598E+00
-1.07070E-05,1.606E+00
-1.07060E-05,1.598E+00
-1.07050E-05,1.590E+00
-1.07040E-05,1.598E+00
-1.07030E-05,1.598E+00
-1.07020E-05,1.598E+00
-1.07010E-05,1.598E+00
-1.07000E-05,1.598E+00
-1.06990E-05,1.598E+00
-1.06980E-05,1.598E+00
-1.06970E-05,1.590E+00
-1.06960E-05,1.598E+00
-1.06950E-05,1.598E+00
-1.06940E-05,1.598E+00
-1.06930E-05,1.598E+00
-1.06920E-05,1.598E+00
-1.06910E-05,1.598E+00
-1.06900E-05,1.606E+00
-1.06890E-05,1.606E+00
-1.06880E-05,1.590E+00
-1.06870E-05,1.598E+00
-1.06860E-05,1.606E+00
-1.06850E-05,1.606E+00
-1.06840E-05,1.598E+00
-1.06830E-05,1.606E+00
-1.06820E-05,1.606E+00
-1.06810E-05,1.598E+00
-1.06800E-05,1.606E+00
-1.06790E-05,1.606E+00
-1.06780E-05,1.598E+00
-1.06770E-05,1.598E+00
-1.06760E-05,1.598E+00
-1.06750E-05,1.598E+00
-1.06740E-05,1.598E+00
-1.06730E-05,1.598E+00
-1.06720E-05,1.598E+00
-1.06710E-05,1.606E+00
-1.06700E-05,1.598E+00
-1.06690E-05,1.598E+00
-1.06680E-05,1.598E+00
-1.06670E-05,1.598E+00
-1.06660E-05,1.606E+00
-1.06650E-05,1.606E+00
-1.06640E-05,1.606E+00
-1.06630E-05,1.598E+00
-1.06620E-05,1.598E+00
-1.06610E-05,1.606E+00
-1.06600E-05,1.606E+00
-1.06590E-05,1.598E+00
-1.06580E-05,1.598E+00
-1.06570E-05,1.598E+00
-1.06560E-05,1.606E+00
-1.06550E-05,1.598E+00
-1.06540E-05,1.606E+00
-1.06530E-05,1.598E+00
-1.06520E-05,1.606E+00
-1.06510E-05,1.598E+00
-1.06500E-05,1.598E+00
-1.06490E-05,1.598E+00
-1.06480E-05,1.598E+00
-1.06470E-05,1.590E+00
-1.06460E-05,1.598E+00
-1.06450E-05,1.598E+00
-1.06440E-05,1.598E+00
-1.06430E-05,1.590E+00
-1.06420E-05,1.590E+00
-1.06410E-05,1.598E+00
-1.06400E-05,1.598E+00
-1.06390E-05,1.590E+00
-1.06380E-05,1.590E+00
-1.06370E-05,1.590E+00
-1.06360E-05,1.590E+00
-1.06350E-05,1.598E+00
-1.06340E-05,1.598E+00
-1.06330E-05,1.598E+00
-1.06320E-05,1.590E+00
-1.06310E-05,1.590E+00
-1.06300E-05,1.598E+00
-1.06290E-05,1.598E+00
-1.06280E-05,1.598E+00
-1.06270E-05,1.598E+00
-1.06260E-05,1.598E+00
-1.06250E-05,1.598E+00
-1.06240E-05,1.598E+00
-1.06230E-05,1.598E+00
-1.06220E-05,1.598E+00
-1.06210E-05,1.598E+00
-1.06200E-05,1.598E+00
-1.06190E-05,1.598E+00
-1.06180E-05,1.590E+00
-1.06170E-05,1.590E+00
-1.06160E-05,1.598E+00
-1.06150E-05,1.598E+00
-1.06140E-05,1.590E+00
-1.06130E-05,1.590E+00
-1.06120E-05,1.590E+00
-1.06110E-05,1.590E+00
-1.06100E-05,1.598E+00
-1.06090E-05,1.598E+00
-1.06080E-05,1.598E+00
-1.06070E-05,1.606E+00
-1.06060E-05,1.606E+00
-1.06050E-05,1.598E+00
-1.06040E-05,1.598E+00
-1.06030E-05,1.598E+00
-1.06020E-05,1.598E+00
-1.06010E-05,1.598E+00
-1.06000E-05,1.598E+00
-1.05990E-05,1.598E+00
-1.05980E-05,1.598E+00
-1.05970E-05,1.598E+00
-1.05960E-05,1.598E+00
-1.05950E-05,1.598E+00
-1.05940E-05,1.598E+00
-1.05930E-05,1.598E+00
-1.05920E-05,1.598E+00
-1.05910E-05,1.598E+00
-1.05900E-05,1.598E+00
-1.05890E-05,1.590E+00
-1.05880E-05,1.590E+00
-1.05870E-05,1.598E+00
-1.05860E-05,1.598E+00
-1.05850E-05,1.598E+00
-1.05840E-05,1.598E+00
-1.05830E-05,1.590E+00
-1.05820E-05,1.598E+00
-1.05810E-05,1.598E+00
-1.05800E-05,1.598E+00
-1.05790E-05,1.598E+00
-1.05780E-05,1.598E+00
-1.05770E-05,1.598E+00
-1.05760E-05,1.598E+00
-1.05750E-05,1.598E+00
-1.05740E-05,1.598E+00
-1.05730E-05,1.598E+00
-1.05720E-05,1.598E+00
-1.05710E-05,1.598E+00
-1.05700E-05,1.598E+00
-1.05690E-05,1.598E+00
-1.05680E-05,1.598E+00
-1.05670E-05,1.598E+00
-1.05660E-05,1.606E+00
-1.05650E-05,1.606E+00
-1.05640E-05,1.598E+00
-1.05630E-05,1.598E+00
-1.05620E-05,1.598E+00
-1.05610E-05,1.598E+00
-1.05600E-05,1.598E+00
-1.05590E-05,1.598E+00
-1.05580E-05,1.598E+00
-1.05570E-05,1.598E+00
-1.05560E-05,1.606E+00
-1.05550E-05,1.598E+00
-1.05540E-05,1.598E+00
-1.05530E-05,1.598E+00
-1.05520E-05,1.598E+00
-1.05510E-05,1.598E+00
-1.05500E-05,1.598E+00
-1.05490E-05,1.598E+00
-1.05480E-05,1.598E+00
-1.05470E-05,1.598E+00
-1.05460E-05,1.598E+00
-1.05450E-05,1.606E+00
-1.05440E-05,1.598E+00
-1.05430E-05,1.598E+00
-1.05420E-05,1.598E+00
-1.05410E-05,1.606E+00
-1.05400E-05,1.598E+00
-1.05390E-05,1.598E+00
-1.05380E-05,1.598E+00
-1.05370E-05,1.598E+00
-1.05360E-05,1.598E+00
-1.05350E-05,1.598E+00
-1.05340E-05,1.590E+00
-1.05330E-05,1.598E+00
-1.05320E-05,1.598E+00
-1.05310E-05,1.598E+00
-1.05300E-05,1.598E+00
-1.05290E-05,1.590E+00
-1.05280E-05,1.590E+00
-1.05270E-05,1.590E+00
-1.05260E-05,1.598E+00
-1.05250E-05,1.598E+00
-1.05240E-05,1.598E+00
-1.05230E-05,1.598E+00
-1.05220E-05,1.590E+00
-1.05210E-05,1.598E+00
-1.05200E-05,1.598E+00
-1.05190E-05,1.598E+00
-1.05180E-05,1.598E+00
-1.05170E-05,1.598E+00
-1.05160E-05,1.598E+00
-1.05150E-05,1.598E+00
-1.05140E-05,1.606E+00
-1.05130E-05,1.598E+00
-1.05120E-05,1.590E+00
-1.05110E-05,1.590E+00
-1.05100E-05,1.590E+00
-1.05090E-05,1.590E+00
-1.05080E-05,1.598E+00
-1.05070E-05,1.598E+00
-1.05060E-05,1.606E+00
-1.05050E-05,1.606E+00
-1.05040E-05,1.598E+00
-1.05030E-05,1.598E+00
-1.05020E-05,1.598E+00
-1.05010E-05,1.598E+00
-1.05000E-05,1.598E+00
-1.04990E-05,1.590E+00
-1.04980E-05,1.598E+00
-1.04970E-05,1.598E+00
-1.04960E-05,1.606E+00
-1.04950E-05,1.606E+00
-1.04940E-05,1.598E+00
-1.04930E-05,1.598E+00
-1.04920E-05,1.598E+00
-1.04910E-05,1.606E+00
-1.04900E-05,1.598E+00
-1.04890E-05,1.598E+00
-1.04880E-05,1.598E+00
-1.04870E-05,1.598E+00
-1.04860E-05,1.598E+00
-1.04850E-05,1.598E+00
-1.04840E-05,1.598E+00
-1.04830E-05,1.590E+00
-1.04820E-05,1.598E+00
-1.04810E-05,1.598E+00
-1.04800E-05,1.598E+00
-1.04790E-05,1.598E+00
-1.04780E-05,1.590E+00
-1.04770E-05,1.590E+00
-1.04760E-05,1.590E+00
-1.04750E-05,1.598E+00
-1.04740E-05,1.598E+00
-1.04730E-05,1.598E+00
-1.04720E-05,1.598E+00
-1.04710E-05,1.606E+00
-1.04700E-05,1.598E+00
-1.04690E-05,1.598E+00
-1.04680E-05,1.606E+00
-1.04670E-05,1.606E+00
-1.04660E-05,1.606E+00
-1.04650E-05,1.598E+00
-1.04640E-05,1.598E+00
-1.04630E-05,1.598E+00
-1.04620E-05,1.598E+00
-1.04610E-05,1.598E+00
-1.04600E-05,1.598E+00
-1.04590E-05,1.598E+00
-1.04580E-05,1.598E+00
-1.04570E-05,1.598E+00
-1.04560E-05,1.598E+00
-1.04550E-05,1.606E+00
-1.04540E-05,1.598E+00
-1.04530E-05,1.598E+00
-1.04520E-05,1.606E+00
-1.04510E-05,1.598E+00
-1.04500E-05,1.598E+00
-1.04490E-05,1.598E+00
-1.04480E-05,1.590E+00
-1.04470E-05,1.598E+00
-1.04460E-05,1.598E+00
-1.04450E-05,1.598E+00
-1.04440E-05,1.598E+00
-1.04430E-05,1.598E+00
-1.04420E-05,1.598E+00
-1.04410E-05,1.598E+00
-1.04400E-05,1.598E+00
-1.04390E-05,1.598E+00
-1.04380E-05,1.590E+00
-1.04370E-05,1.598E+00
-1.04360E-05,1.598E+00
-1.04350E-05,1.598E+00
-1.04340E-05,1.606E+00
-1.04330E-05,1.606E+00
-1.04320E-05,1.598E+00
-1.04310E-05,1.606E+00
-1.04300E-05,1.598E+00
-1.04290E-05,1.598E+00
-1.04280E-05,1.590E+00
-1.04270E-05,1.598E+00
-1.04260E-05,1.598E+00
-1.04250E-05,1.598E+00
-1.04240E-05,1.598E+00
-1.04230E-05,1.598E+00
-1.04220E-05,1.598E+00
-1.04210E-05,1.598E+00
-1.04200E-05,1.598E+00
-1.04190E-05,1.598E+00
-1.04180E-05,1.598E+00
-1.04170E-05,1.598E+00
-1.04160E-05,1.598E+00
-1.04150E-05,1.606E+00
-1.04140E-05,1.598E+00
-1.04130E-05,1.598E+00
-1.04120E-05,1.598E+00
-1.04110E-05,1.598E+00
-1.04100E-05,1.598E+00
-1.04090E-05,1.598E+00
-1.04080E-05,1.598E+00
-1.04070E-05,1.598E+00
-1.04060E-05,1.598E+00
-1.04050E-05,1.598E+00
-1.04040E-05,1.598E+00
-1.04030E-05,1.598E+00
-1.04020E-05,1.598E+00
-1.04010E-05,1.598E+00
-1.04000E-05,1.598E+00
-1.03990E-05,1.598E+00
-1.03980E-05,1.598E+00
-1.03970E-05,1.606E+00
-1.03960E-05,1.598E+00
-1.03950E-05,1.606E+00
-1.03940E-05,1.598E+00
-1.03930E-05,1.598E+00
-1.03920E-05,1.590E+00
-1.03910E-05,1.590E+00
-1.03900E-05,1.598E+00
-1.03890E-05,1.590E+00
-1.03880E-05,1.590E+00
-1.03870E-05,1.598E+00
-1.03860E-05,1.598E+00
-1.03850E-05,1.598E+00
-1.03840E-05,1.598E+00
-1.03830E-05,1.590E+00
-1.03820E-05,1.598E+00
-1.03810E-05,1.598E+00
-1.03800E-05,1.598E+00
-1.03790E-05,1.590E+00
-1.03780E-05,1.590E+00
-1.03770E-05,1.590E+00
-1.03760E-05,1.598E+00
-1.03750E-05,1.598E+00
-1.03740E-05,1.598E+00
-1.03730E-05,1.590E+00
-1.03720E-05,1.590E+00
-1.03710E-05,1.590E+00
-1.03700E-05,1.598E+00
-1.03690E-05,1.590E+00
-1.03680E-05,1.590E+00
-1.03670E-05,1.598E+00
-1.03660E-05,1.598E+00
-1.03650E-05,1.606E+00
-1.03640E-05,1.598E+00
-1.03630E-05,1.598E+00
-1.03620E-05,1.598E+00
-1.03610E-05,1.598E+00
-1.03600E-05,1.606E+00
-1.03590E-05,1.598E+00
-1.03580E-05,1.598E+00
-1.03570E-05,1.598E+00
-1.03560E-05,1.606E+00
-1.03550E-05,1.606E+00
-1.03540E-05,1.598E+00
-1.03530E-05,1.598E+00
-1.03520E-05,1.598E+00
-1.03510E-05,1.598E+00
-1.03500E-05,1.598E+00
-1.03490E-05,1.590E+00
-1.03480E-05,1.598E+00
-1.03470E-05,1.598E+00
-1.03460E-05,1.606E+00
-1.03450E-05,1.598E+00
-1.03440E-05,1.598E+00
-1.03430E-05,1.590E+00
-1.03420E-05,1.590E+00
-1.03410E-05,1.590E+00
-1.03400E-05,1.590E+00
-1.03390E-05,1.590E+00
-1.03380E-05,1.590E+00
-1.03370E-05,1.598E+00
-1.03360E-05,1.598E+00
-1.03350E-05,1.606E+00
-1.03340E-05,1.590E+00
-1.03330E-05,1.598E+00
-1.03320E-05,1.598E+00
-1.03310E-05,1.606E+00
-1.03300E-05,1.606E+00
-1.03290E-05,1.598E+00
-1.03280E-05,1.598E+00
-1.03270E-05,1.598E+00
-1.03260E-05,1.598E+00
-1.03250E-05,1.606E+00
-1.03240E-05,1.598E+00
-1.03230E-05,1.598E+00
-1.03220E-05,1.590E+00
-1.03210E-05,1.590E+00
-1.03200E-05,1.598E+00
-1.03190E-05,1.598E+00
-1.03180E-05,1.598E+00
-1.03170E-05,1.598E+00
-1.03160E-05,1.606E+00
-1.03150E-05,1.598E+00
-1.03140E-05,1.598E+00
-1.03130E-05,1.590E+00
-1.03120E-05,1.598E+00
-1.03110E-05,1.590E+00
-1.03100E-05,1.598E+00
-1.03090E-05,1.598E+00
-1.03080E-05,1.598E+00
-1.03070E-05,1.598E+00
-1.03060E-05,1.598E+00
-1.03050E-05,1.598E+00
-1.03040E-05,1.598E+00
-1.03030E-05,1.598E+00
-1.03020E-05,1.606E+00
-1.03010E-05,1.598E+00
-1.03000E-05,1.598E+00
-1.02990E-05,1.598E+00
-1.02980E-05,1.590E+00
-1.02970E-05,1.598E+00
-1.02960E-05,1.598E+00
-1.02950E-05,1.598E+00
-1.02940E-05,1.606E+00
-1.02930E-05,1.598E+00
-1.02920E-05,1.606E+00
-1.02910E-05,1.598E+00
-1.02900E-05,1.606E+00
-1.02890E-05,1.598E+00
-1.02880E-05,1.590E+00
-1.02870E-05,1.590E+00
-1.02860E-05,1.598E+00
-1.02850E-05,1.606E+00
-1.02840E-05,1.598E+00
-1.02830E-05,1.598E+00
-1.02820E-05,1.590E+00
-1.02810E-05,1.590E+00
-1.02800E-05,1.590E+00
-1.02790E-05,1.598E+00
-1.02780E-05,1.598E+00
-1.02770E-05,1.598E+00
-1.02760E-05,1.606E+00
-1.02750E-05,1.606E+00
-1.02740E-05,1.598E+00
-1.02730E-05,1.598E+00
-1.02720E-05,1.598E+00
-1.02710E-05,1.598E+00
-1.02700E-05,1.598E+00
-1.02690E-05,1.590E+00
-1.02680E-05,1.598E+00
-1.02670E-05,1.598E+00
-1.02660E-05,1.606E+00
-1.02650E-05,1.598E+00
-1.02640E-05,1.598E+00
-1.02630E-05,1.606E+00
-1.02620E-05,1.598E+00
-1.02610E-05,1.598E+00
-1.02600E-05,1.598E+00
-1.02590E-05,1.590E+00
-1.02580E-05,1.590E+00
-1.02570E-05,1.598E+00
-1.02560E-05,1.606E+00
-1.02550E-05,1.598E+00
-1.02540E-05,1.598E+00
-1.02530E-05,1.598E+00
-1.02520E-05,1.598E+00
-1.02510E-05,1.606E+00
-1.02500E-05,1.598E+00
-1.02490E-05,1.598E+00
-1.02480E-05,1.598E+00
-1.02470E-05,1.598E+00
-1.02460E-05,1.598E+00
-1.02450E-05,1.598E+00
-1.02440E-05,1.606E+00
-1.02430E-05,1.598E+00
-1.02420E-05,1.590E+00
-1.02410E-05,1.598E+00
-1.02400E-05,1.598E+00
-1.02390E-05,1.598E+00
-1.02380E-05,1.606E+00
-1.02370E-05,1.598E+00
-1.02360E-05,1.598E+00
-1.02350E-05,1.598E+00
-1.02340E-05,1.598E+00
-1.02330E-05,1.606E+00
-1.02320E-05,1.598E+00
-1.02310E-05,1.590E+00
-1.02300E-05,1.598E+00
-1.02290E-05,1.598E+00
-1.02280E-05,1.598E+00
-1.02270E-05,1.598E+00
-1.02260E-05,1.590E+00
-1.02250E-05,1.598E+00
-1.02240E-05,1.598E+00
-1.02230E-05,1.590E+00
-1.02220E-05,1.598E+00
-1.02210E-05,1.598E+00
-1.02200E-05,1.598E+00
-1.02190E-05,1.590E+00
-1.02180E-05,1.590E+00
-1.02170E-05,1.598E+00
-1.02160E-05,1.598E+00
-1.02150E-05,1.606E+00
-1.02140E-05,1.598E+00
-1.02130E-05,1.598E+00
-1.02120E-05,1.598E+00
-1.02110E-05,1.606E+00
-1.02100E-05,1.606E+00
-1.02090E-05,1.598E+00
-1.02080E-05,1.598E+00
-1.02070E-05,1.598E+00
-1.02060E-05,1.598E+00
-1.02050E-05,1.598E+00
-1.02040E-05,1.598E+00
-1.02030E-05,1.598E+00
-1.02020E-05,1.590E+00
-1.02010E-05,1.598E+00
-1.02000E-05,1.598E+00
-1.01990E-05,1.598E+00
-1.01980E-05,1.598E+00
-1.01970E-05,1.598E+00
-1.01960E-05,1.598E+00
-1.01950E-05,1.598E+00
-1.01940E-05,1.598E+00
-1.01930E-05,1.598E+00
-1.01920E-05,1.590E+00
-1.01910E-05,1.598E+00
-1.01900E-05,1.606E+00
-1.01890E-05,1.598E+00
-1.01880E-05,1.590E+00
-1.01870E-05,1.598E+00
-1.01860E-05,1.598E+00
-1.01850E-05,1.598E+00
-1.01840E-05,1.590E+00
-1.01830E-05,1.598E+00
-1.01820E-05,1.598E+00
-1.01810E-05,1.598E+00
-1.01800E-05,1.606E+00
-1.01790E-05,1.598E+00
-1.01780E-05,1.590E+00
-1.01770E-05,1.598E+00
-1.01760E-05,1.598E+00
-1.01750E-05,1.598E+00
-1.01740E-05,1.598E+00
-1.01730E-05,1.598E+00
-1.01720E-05,1.598E+00
-1.01710E-05,1.598E+00
-1.01700E-05,1.598E+00
-1.01690E-05,1.598E+00
-1.01680E-05,1.598E+00
-1.01670E-05,1.598E+00
-1.01660E-05,1.590E+00
-1.01650E-05,1.598E+00
-1.01640E-05,1.590E+00
-1.01630E-05,1.598E+00
-1.01620E-05,1.598E+00
-1.01610E-05,1.598E+00
-1.01600E-05,1.598E+00
-1.01590E-05,1.598E+00
-1.01580E-05,1.606E+00
-1.01570E-05,1.606E+00
-1.01560E-05,1.598E+00
-1.01550E-05,1.598E+00
-1.01540E-05,1.590E+00
-1.01530E-05,1.598E+00
-1.01520E-05,1.598E+00
-1.01510E-05,1.598E+00
-1.01500E-05,1.598E+00
-1.01490E-05,1.598E+00
-1.01480E-05,1.598E+00
-1.01470E-05,1.598E+00
-1.01460E-05,1.598E+00
-1.01450E-05,1.598E+00
-1.01440E-05,1.598E+00
-1.01430E-05,1.598E+00
-1.01420E-05,1.598E+00
-1.01410E-05,1.598E+00
-1.01400E-05,1.598E+00
-1.01390E-05,1.598E+00
-1.01380E-05,1.590E+00
-1.01370E-05,1.598E+00
-1.01360E-05,1.598E+00
-1.01350E-05,1.606E+00
-1.01340E-05,1.598E+00
-1.01330E-05,1.598E+00
-1.01320E-05,1.598E+00
-1.01310E-05,1.606E+00
-1.01300E-05,1.606E+00
-1.01290E-05,1.606E+00
-1.01280E-05,1.606E+00
-1.01270E-05,1.598E+00
-1.01260E-05,1.598E+00
-1.01250E-05,1.598E+00
-1.01240E-05,1.598E+00
-1.01230E-05,1.598E+00
-1.01220E-05,1.598E+00
-1.01210E-05,1.598E+00
-1.01200E-05,1.598E+00
-1.01190E-05,1.598E+00
-1.01180E-05,1.590E+00
-1.01170E-05,1.598E+00
-1.01160E-05,1.598E+00
-1.01150E-05,1.598E+00
-1.01140E-05,1.598E+00
-1.01130E-05,1.598E+00
-1.01120E-05,1.598E+00
-1.01110E-05,1.598E+00
-1.01100E-05,1.598E+00
-1.01090E-05,1.598E+00
-1.01080E-05,1.598E+00
-1.01070E-05,1.598E+00
-1.01060E-05,1.598E+00
-1.01050E-05,1.598E+00
-1.01040E-05,1.598E+00
-1.01030E-05,1.598E+00
-1.01020E-05,1.598E+00
-1.01010E-05,1.598E+00
-1.01000E-05,1.598E+00
-1.00990E-05,1.598E+00
-1.00980E-05,1.590E+00
-1.00970E-05,1.590E+00
-1.00960E-05,1.590E+00
-1.00950E-05,1.598E+00
-1.00940E-05,1.598E+00
-1.00930E-05,1.598E+00
-1.00920E-05,1.606E+00
-1.00910E-05,1.598E+00
-1.00900E-05,1.598E+00
-1.00890E-05,1.590E+00
-1.00880E-05,1.590E+00
-1.00870E-05,1.598E+00
-1.00860E-05,1.598E+00
-1.00850E-05,1.606E+00
-1.00840E-05,1.598E+00
-1.00830E-05,1.598E+00
-1.00820E-05,1.598E+00
-1.00810E-05,1.598E+00
-1.00800E-05,1.598E+00
-1.00790E-05,1.598E+00
-1.00780E-05,1.598E+00
-1.00770E-05,1.598E+00
-1.00760E-05,1.606E+00
-1.00750E-05,1.606E+00
-1.00740E-05,1.598E+00
-1.00730E-05,1.598E+00
-1.00720E-05,1.598E+00
-1.00710E-05,1.590E+00
-1.00700E-05,1.590E+00
-1.00690E-05,1.590E+00
-1.00680E-05,1.590E+00
-1.00670E-05,1.590E+00
-1.00660E-05,1.590E+00
-1.00650E-05,1.598E+00
-1.00640E-05,1.606E+00
-1.00630E-05,1.598E+00
-1.00620E-05,1.598E+00
-1.00610E-05,1.598E+00
-1.00600E-05,1.598E+00
-1.00590E-05,1.598E+00
-1.00580E-05,1.598E+00
-1.00570E-05,1.598E+00
-1.00560E-05,1.598E+00
-1.00550E-05,1.606E+00
-1.00540E-05,1.606E+00
-1.00530E-05,1.598E+00
-1.00520E-05,1.598E+00
-1.00510E-05,1.598E+00
-1.00500E-05,1.598E+00
-1.00490E-05,1.590E+00
-1.00480E-05,1.590E+00
-1.00470E-05,1.590E+00
-1.00460E-05,1.590E+00
-1.00450E-05,1.598E+00
-1.00440E-05,1.590E+00
-1.00430E-05,1.590E+00
-1.00420E-05,1.598E+00
-1.00410E-05,1.606E+00
-1.00400E-05,1.598E+00
-1.00390E-05,1.598E+00
-1.00380E-05,1.598E+00
-1.00370E-05,1.598E+00
-1.00360E-05,1.598E+00
-1.00350E-05,1.606E+00
-1.00340E-05,1.598E+00
-1.00330E-05,1.598E+00
-1.00320E-05,1.598E+00
-1.00310E-05,1.598E+00
-1.00300E-05,1.598E+00
-1.00290E-05,1.598E+00
-1.00280E-05,1.598E+00
-1.00270E-05,1.598E+00
-1.00260E-05,1.598E+00
-1.00250E-05,1.606E+00
-1.00240E-05,1.598E+00
-1.00230E-05,1.606E+00
-1.00220E-05,1.590E+00
-1.00210E-05,1.598E+00
-1.00200E-05,1.598E+00
-1.00190E-05,1.590E+00
-1.00180E-05,1.590E+00
-1.00170E-05,1.590E+00
-1.00160E-05,1.590E+00
-1.00150E-05,1.590E+00
-1.00140E-05,1.582E+00
-1.00130E-05,1.566E+00
-1.00120E-05,1.558E+00
-1.00110E-05,1.550E+00
-1.00100E-05,1.534E+00
-1.00090E-05,1.518E+00
-1.00080E-05,1.494E+00
-1.00070E-05,1.478E+00
-1.00060E-05,1.462E+00
-1.00050E-05,1.454E+00
-1.00040E-05,1.430E+00
-1.00030E-05,1.406E+00
-1.00020E-05,1.374E+00
-1.00010E-05,1.366E+00
-1.00000E-05,1.342E+00
-9.99900E-06,1.318E+00
-9.99800E-06,1.302E+00
-9.99700E-06,1.278E+00
-9.99600E-06,1.270E+00
-9.99500E-06,1.254E+00
-9.99400E-06,1.238E+00
-9.99300E-06,1.230E+00
-9.99200E-06,1.214E+00
-9.99100E-06,1.214E+00
-9.99000E-06,1.206E+00
-9.98900E-06,1.198E+00
-9.98800E-06,1.198E+00
-9.98700E-06,1.190E+00
-9.98600E-06,1.190E+00
-9.98500E-06,1.190E+00
-9.98400E-06,1.182E+00
-9.98300E-06,1.174E+00
-9.98200E-06,1.174E+00
-9.98100E-06,1.182E+00
-9.98000E-06,1.174E+00
-9.97900E-06,1.166E+00
-9.97800E-06,1.158E+00
-9.97700E-06,1.158E+00
-9.97600E-06,1.158E+00
-9.97500E-06,1.158E+00
-9.97400E-06,1.150E+00
-9.97300E-06,1.142E+00
-9.97200E-06,1.134E+00
-9.97100E-06,1.126E+00
-9.97000E-06,1.126E+00
-9.96900E-06,1.118E+00
-9.96800E-06,1.110E+00
-9.96700E-06,1.118E+00
-9.96600E-06,1.118E+00
-9.96500E-06,1.126E+00
-9.96400E-06,1.126E+00
-9.96300E-06,1.118E+00
-9.96200E-06,1.118E+00
-9.96100E-06,1.118E+00
-9.96000E-06,1.134E+00
-9.95900E-06,1.134E+00
-9.95800E-06,1.142E+00
-9.95700E-06,1.142E+00
-9.95600E-06,1.142E+00
-9.95500E-06,1.142E+00
-9.95400E-06,1.142E+00
-9.95300E-06,1.142E+00
-9.95200E-06,1.142E+00
-9.95100E-06,1.150E+00
-9.95000E-06,1.142E+00
-9.94900E-06,1.142E+00
-9.94800E-06,1.142E+00
-9.94700E-06,1.134E+00
-9.94600E-06,1.134E+00
-9.94500E-06,1.126E+00
-9.94400E-06,1.118E+00
-9.94300E-06,1.126E+00
-9.94200E-06,1.118E+00
-9.94100E-06,1.126E+00
-9.94000E-06,1.126E+00
-9.93900E-06,1.126E+00
-9.93800E-06,1.118E+00
-9.93700E-06,1.118E+00
-9.93600E-06,1.118E+00
-9.93500E-06,1.118E+00
-9.93400E-06,1.126E+00
-9.93300E-06,1.118E+00
-9.93200E-06,1.118E+00
-9.93100E-06,1.126E+00
-9.93000E-06,1.134E+00
-9.92900E-06,1.126E+00
-9.92800E-06,1.126E+00
-9.92700E-06,1.134E+00
-9.92600E-06,1.142E+00
-9.92500E-06,1.142E+00
-9.92400E-06,1.142E+00
-9.92300E-06,1.142E+00
-9.92200E-06,1.126E+00
-9.92100E-06,1.134E+00
-9.92000E-06,1.134E+00
-9.91900E-06,1.126E+00
-9.91800E-06,1.126E+00
-9.91700E-06,1.118E+00
-9.91600E-06,1.118E+00
-9.91500E-06,1.110E+00
-9.91400E-06,1.118E+00
-9.91300E-06,1.110E+00
-9.91200E-06,1.118E+00
-9.91100E-06,1.118E+00
-9.91000E-06,1.118E+00
-9.90900E-06,1.110E+00
-9.90800E-06,1.110E+00
-9.90700E-06,1.118E+00
-9.90600E-06,1.118E+00
-9.90500E-06,1.126E+00
-9.90400E-06,1.118E+00
-9.90300E-06,1.118E+00
-9.90200E-06,1.118E+00
-9.90100E-06,1.126E+00
-9.90000E-06,1.134E+00
-9.89900E-06,1.126E+00
-9.89800E-06,1.134E+00
-9.89700E-06,1.126E+00
-9.89600E-06,1.134E+00
-9.89500E-06,1.126E+00
-9.89400E-06,1.126E+00
-9.89300E-06,1.126E+00
-9.89200E-06,1.134E+00
-9.89100E-06,1.126E+00
-9.89000E-06,1.126E+00
-9.88900E-06,1.126E+00
-9.88800E-06,1.126E+00
-9.88700E-06,1.126E+00
-9.88600E-06,1.126E+00
-9.88500E-06,1.126E+00
-9.88400E-06,1.110E+00
-9.88300E-06,1.110E+00
-9.88200E-06,1.110E+00
-9.88100E-06,1.118E+00
-9.88000E-06,1.118E+00
-9.87900E-06,1.118E+00
-9.87800E-06,1.110E+00
-9.87700E-06,1.110E+00
-9.87600E-06,1.118E+00
-9.87500E-06,1.118E+00
-9.87400E-06,1.126E+00
-9.87300E-06,1.126E+00
-9.87200E-06,1.126E+00
-9.87100E-06,1.126E+00
-9.87000E-06,1.126E+00
-9.86900E-06,1.126E+00
-9.86800E-06,1.126E+00
-9.86700E-06,1.126E+00
-9.86600E-06,1.134E+00
-9.86500E-06,1.134E+00
-9.86400E-06,1.126E+00
-9.86300E-06,1.118E+00
-9.86200E-06,1.126E+00
-9.86100E-06,1.126E+00
-9.86000E-06,1.126E+00
-9.85900E-06,1.118E+00
-9.85800E-06,1.110E+00
-9.85700E-06,1.110E+00
-9.85600E-06,1.118E+00
-9.85500E-06,1.126E+00
-9.85400E-06,1.118E+00
-9.85300E-06,1.126E+00
-9.85200E-06,1.118E+00
-9.85100E-06,1.118E+00
-9.85000E-06,1.118E+00
-9.84900E-06,1.110E+00
-9.84800E-06,1.118E+00
-9.84700E-06,1.118E+00
-9.84600E-06,1.126E+00
-9.84500E-06,1.126E+00
-9.84400E-06,1.126E+00
-9.84300E-06,1.126E+00
-9.84200E-06,1.134E+00
-9.84100E-06,1.126E+00
-9.84000E-06,1.126E+00
-9.83900E-06,1.126E+00
-9.83800E-06,1.118E+00
-9.83700E-06,1.118E+00
-9.83600E-06,1.126E+00
-9.83500E-06,1.126E+00
-9.83400E-06,1.126E+00
-9.83300E-06,1.118E+00
-9.83200E-06,1.118E+00
-9.83100E-06,1.126E+00
-9.83000E-06,1.118E+00
-9.82900E-06,1.118E+00
-9.82800E-06,1.110E+00
-9.82700E-06,1.118E+00
-9.82600E-06,1.126E+00
-9.82500E-06,1.118E+00
-9.82400E-06,1.118E+00
-9.82300E-06,1.118E+00
-9.82200E-06,1.118E+00
-9.82100E-06,1.118E+00
-9.82000E-06,1.118E+00
-9.81900E-06,1.110E+00
-9.81800E-06,1.110E+00
-9.81700E-06,1.118E+00
-9.81600E-06,1.126E+00
-9.81500E-06,1.126E+00
-9.81400E-06,1.126E+00
-9.81300E-06,1.126E+00
-9.81200E-06,1.126E+00
-9.81100E-06,1.126E+00
-9.81000E-06,1.126E+00
-9.80900E-06,1.126E+00
-9.80800E-06,1.118E+00
-9.80700E-06,1.118E+00
-9.80600E-06,1.126E+00
-9.80500E-06,1.126E+00
-9.80400E-06,1.126E+00
-9.80300E-06,1.118E+00
-9.80200E-06,1.118E+00
-9.80100E-06,1.118E+00
-9.80000E-06,1.126E+00
-9.79900E-06,1.126E+00
-9.79800E-06,1.118E+00
-9.79700E-06,1.118E+00
-9.79600E-06,1.118E+00
-9.79500E-06,1.118E+00
-9.79400E-06,1.118E+00
-9.79300E-06,1.118E+00
-9.79200E-06,1.126E+00
-9.79100E-06,1.126E+00
-9.79000E-06,1.126E+00
-9.78900E-06,1.126E+00
-9.78800E-06,1.126E+00
-9.78700E-06,1.118E+00
-9.78600E-06,1.126E+00
-9.78500E-06,1.126E+00
-9.78400E-06,1.126E+00
-9.78300E-06,1.118E+00
-9.78200E-06,1.118E+00
-9.78100E-06,1.126E+00
-9.78000E-06,1.126E+00
-9.77900E-06,1.118E+00
-9.77800E-06,1.118E+00
-9.77700E-06,1.118E+00
-9.77600E-06,1.126E+00
-9.77500E-06,1.126E+00
-9.77400E-06,1.126E+00
-9.77300E-06,1.118E+00
-9.77200E-06,1.118E+00
-9.77100E-06,1.126E+00
-9.77000E-06,1.118E+00
-9.76900E-06,1.118E+00
-9.76800E-06,1.110E+00
-9.76700E-06,1.118E+00
-9.76600E-06,1.126E+00
-9.76500E-06,1.126E+00
-9.76400E-06,1.118E+00
-9.76300E-06,1.118E+00
-9.76200E-06,1.118E+00
-9.76100E-06,1.118E+00
-9.76000E-06,1.126E+00
-9.75900E-06,1.126E+00
-9.75800E-06,1.126E+00
-9.75700E-06,1.126E+00
-9.75600E-06,1.134E+00
-9.75500E-06,1.126E+00
-9.75400E-06,1.126E+00
-9.75300E-06,1.118E+00
-9.75200E-06,1.110E+00
-9.75100E-06,1.118E+00
-9.75000E-06,1.126E+00
-9.74900E-06,1.126E+00
-9.74800E-06,1.118E+00
-9.74700E-06,1.118E+00
-9.74600E-06,1.118E+00
-9.74500E-06,1.126E+00
-9.74400E-06,1.110E+00
-9.74300E-06,1.118E+00
-9.74200E-06,1.118E+00
-9.74100E-06,1.118E+00
-9.74000E-06,1.118E+00
-9.73900E-06,1.118E+00
-9.73800E-06,1.110E+00
-9.73700E-06,1.110E+00
-9.73600E-06,1.118E+00
-9.73500E-06,1.118E+00
-9.73400E-06,1.110E+00
-9.73300E-06,1.118E+00
-9.73200E-06,1.118E+00
-9.73100E-06,1.126E+00
-9.73000E-06,1.126E+00
-9.72900E-06,1.118E+00
-9.72800E-06,1.118E+00
-9.72700E-06,1.118E+00
-9.72600E-06,1.126E+00
-9.72500E-06,1.126E+00
-9.72400E-06,1.126E+00
-9.72300E-06,1.118E+00
-9.72200E-06,1.118E+00
-9.72100E-06,1.126E+00
-9.72000E-06,1.126E+00
-9.71900E-06,1.126E+00
-9.71800E-06,1.118E+00
-9.71700E-06,1.118E+00
-9.71600E-06,1.126E+00
-9.71500E-06,1.126E+00
-9.71400E-06,1.118E+00
-9.71300E-06,1.118E+00
-9.71200E-06,1.118E+00
-9.71100E-06,1.110E+00
-9.71000E-06,1.118E+00
-9.70900E-06,1.118E+00
-9.70800E-06,1.118E+00
-9.70700E-06,1.126E+00
-9.70600E-06,1.126E+00
-9.70500E-06,1.126E+00
-9.70400E-06,1.118E+00
-9.70300E-06,1.118E+00
-9.70200E-06,1.118E+00
-9.70100E-06,1.118E+00
-9.70000E-06,1.134E+00
-9.69900E-06,1.118E+00
-9.69800E-06,1.118E+00
-9.69700E-06,1.118E+00
-9.69600E-06,1.118E+00
-9.69500E-06,1.118E+00
-9.69400E-06,1.118E+00
-9.69300E-06,1.102E+00
-9.69200E-06,1.110E+00
-9.69100E-06,1.110E+00
-9.69000E-06,1.118E+00
-9.68900E-06,1.110E+00
-9.68800E-06,1.102E+00
-9.68700E-06,1.110E+00
-9.68600E-06,1.118E+00
-9.68500E-06,1.118E+00
-9.68400E-06,1.118E+00
-9.68300E-06,1.110E+00
-9.68200E-06,1.118E+00
-9.68100E-06,1.118E+00
-9.68000E-06,1.118E+00
-9.67900E-06,1.110E+00
-9.67800E-06,1.118E+00
-9.67700E-06,1.118E+00
-9.67600E-06,1.118E+00
-9.67500E-06,1.126E+00
-9.67400E-06,1.118E+00
-9.67300E-06,1.118E+00
-9.67200E-06,1.118E+00
-9.67100E-06,1.118E+00
-9.67000E-06,1.110E+00
-9.66900E-06,1.118E+00
-9.66800E-06,1.118E+00
-9.66700E-06,1.118E+00
-9.66600E-06,1.118E+00
-9.66500E-06,1.126E+00
-9.66400E-06,1.118E+00
-9.66300E-06,1.118E+00
-9.66200E-06,1.118E+00
-9.66100E-06,1.126E+00
-9.66000E-06,1.118E+00
-9.65900E-06,1.118E+00
-9.65800E-06,1.110E+00
-9.65700E-06,1.110E+00
-9.65600E-06,1.118E+00
-9.65500E-06,1.126E+00
-9.65400E-06,1.118E+00
-9.65300E-06,1.118E+00
-9.65200E-06,1.118E+00
-9.65100E-06,1.118E+00
-9.65000E-06,1.118E+00
-9.64900E-06,1.118E+00
-9.64800E-06,1.118E+00
-9.64700E-06,1.118E+00
-9.64600E-06,1.126E+00
-9.64500E-06,1.118E+00
-9.64400E-06,1.118E+00
-9.64300E-06,1.110E+00
-9.64200E-06,1.118E+00
-9.64100E-06,1.126E+00
-9.64000E-06,1.118E+00
-9.63900E-06,1.118E+00
-9.63800E-06,1.118E+00
-9.63700E-06,1.118E+00
-9.63600E-06,1.118E+00
-9.63500E-06,1.126E+00
-9.63400E-06,1.118E+00
-9.63300E-06,1.110E+00
-9.63200E-06,1.110E+00
-9.63100E-06,1.118E+00
-9.63000E-06,1.118E+00
-9.62900E-06,1.118E+00
-9.62800E-06,1.110E+00
-9.62700E-06,1.110E+00
-9.62600E-06,1.118E+00
-9.62500E-06,1.118E+00
-9.62400E-06,1.118E+00
-9.62300E-06,1.118E+00
-9.62200E-06,1.126E+00
-9.62100E-06,1.126E+00
-9.62000E-06,1.126E+00
-9.61900E-06,1.118E+00
-9.61800E-06,1.118E+00
-9.61700E-06,1.118E+00
-9.61600E-06,1.126E+00
-9.61500E-06,1.126E+00
-9.61400E-06,1.126E+00
-9.61300E-06,1.118E+00
-9.61200E-06,1.126E+00
-9.61100E-06,1.126E+00
-9.61000E-06,1.126E+00
-9.60900E-06,1.126E+00
-9.60800E-06,1.110E+00
-9.60700E-06,1.118E+00
-9.60600E-06,1.118E+00
-9.60500E-06,1.134E+00
-9.60400E-06,1.118E+00
-9.60300E-06,1.118E+00
-9.60200E-06,1.118E+00
-9.60100E-06,1.118E+00
-9.60000E-06,1.118E+00
-9.59900E-06,1.126E+00
-9.59800E-06,1.118E+00
-9.59700E-06,1.118E+00
-9.59600E-06,1.118E+00
-9.59500E-06,1.118E+00
-9.59400E-06,1.118E+00
-9.59300E-06,1.118E+00
-9.59200E-06,1.118E+00
-9.59100E-06,1.118E+00
-9.59000E-06,1.118E+00
-9.58900E-06,1.118E+00
-9.58800E-06,1.110E+00
-9.58700E-06,1.126E+00
-9.58600E-06,1.126E+00
-9.58500E-06,1.118E+00
-9.58400E-06,1.110E+00
-9.58300E-06,1.110E+00
-9.58200E-06,1.118E+00
-9.58100E-06,1.118E+00
-9.58000E-06,1.126E+00
-9.57900E-06,1.126E+00
-9.57800E-06,1.118E+00
-9.57700E-06,1.118E+00
-9.57600E-06,1.118E+00
-9.57500E-06,1.118E+00
-9.57400E-06,1.126E+00
-9.57300E-06,1.118E+00
-9.57200E-06,1.118E+00
-9.57100E-06,1.126E+00
-9.57000E-06,1.118E+00
-9.56900E-06,1.118E+00
-9.56800E-06,1.118E+00
-9.56700E-06,1.118E+00
-9.56600E-06,1.126E+00
-9.56500E-06,1.126E+00
-9.56400E-06,1.126E+00
-9.56300E-06,1.118E+00
-9.56200E-06,1.118E+00
-9.56100E-06,1.126E+00
-9.56000E-06,1.118E+00
-9.55900E-06,1.118E+00
-9.55800E-06,1.110E+00
-9.55700E-06,1.118E+00
-9.55600E-06,1.118E+00
-9.55500E-06,1.118E+00
-9.55400E-06,1.118E+00
-9.55300E-06,1.110E+00
-9.55200E-06,1.110E+00
-9.55100E-06,1.126E+00
-9.55000E-06,1.126E+00
-9.54900E-06,1.118E+00
-9.54800E-06,1.118E+00
-9.54700E-06,1.118E+00
-9.54600E-06,1.118E+00
-9.54500E-06,1.118E+00
-9.54400E-06,1.118E+00
-9.54300E-06,1.118E+00
-9.54200E-06,1.118E+00
-9.54100E-06,1.118E+00
-9.54000E-06,1.118E+00
-9.53900E-06,1.118E+00
-9.53800E-06,1.118E+00
-9.53700E-06,1.126E+00
-9.53600E-06,1.126E+00
-9.53500E-06,1.126E+00
-9.53400E-06,1.126E+00
-9.53300E-06,1.110E+00
-9.53200E-06,1.118E+00
-9.53100E-06,1.118E+00
-9.53000E-06,1.126E+00
-9.52900E-06,1.118E+00
-9.52800E-06,1.118E+00
-9.52700E-06,1.118E+00
-9.52600E-06,1.134E+00
-9.52500E-06,1.126E+00
-9.52400E-06,1.126E+00
-9.52300E-06,1.110E+00
-9.52200E-06,1.118E+00
-9.52100E-06,1.118E+00
-9.52000E-06,1.126E+00
-9.51900E-06,1.118E+00
-9.51800E-06,1.110E+00
-9.51700E-06,1.118E+00
-9.51600E-06,1.118E+00
-9.51500E-06,1.118E+00
-9.51400E-06,1.118E+00
-9.51300E-06,1.110E+00
-9.51200E-06,1.110E+00
-9.51100E-06,1.118E+00
-9.51000E-06,1.118E+00
-9.50900E-06,1.110E+00
-9.50800E-06,1.110E+00
-9.50700E-06,1.110E+00
-9.50600E-06,1.126E+00
-9.50500E-06,1.118E+00
-9.50400E-06,1.118E+00
-9.50300E-06,1.118E+00
-9.50200E-06,1.110E+00
-9.50100E-06,1.118E+00
-9.50000E-06,1.118E+00
-9.49900E-06,1.110E+00
-9.49800E-06,1.118E+00
-9.49700E-06,1.118E+00
-9.49600E-06,1.118E+00
-9.49500E-06,1.126E+00
-9.49400E-06,1.118E+00
-9.49300E-06,1.118E+00
-9.49200E-06,1.126E+00
-9.49100E-06,1.126E+00
-9.49000E-06,1.126E+00
-9.48900E-06,1.118E+00
-9.48800E-06,1.118E+00
-9.48700E-06,1.118E+00
-9.48600E-06,1.126E+00
-9.48500E-06,1.126E+00
-9.48400E-06,1.118E+00
-9.48300E-06,1.118E+00
-9.48200E-06,1.118E+00
-9.48100E-06,1.126E+00
-9.48000E-06,1.126E+00
-9.47900E-06,1.126E+00
-9.47800E-06,1.118E+00
-9.47700E-06,1.126E+00
-9.47600E-06,1.126E+00
-9.47500E-06,1.126E+00
-9.47400E-06,1.118E+00
-9.47300E-06,1.118E+00
-9.47200E-06,1.126E+00
-9.47100E-06,1.126E+00
-9.47000E-06,1.126E+00
-9.46900E-06,1.118E+00
-9.46800E-06,1.118E+00
-9.46700E-06,1.118E+00
-9.46600E-06,1.126E+00
-9.46500E-06,1.126E+00
-9.46400E-06,1.126E+00
-9.46300E-06,1.126E+00
-9.46200E-06,1.126E+00
-9.46100E-06,1.126E+00
-9.46000E-06,1.126E+00
-9.45900E-06,1.118E+00
-9.45800E-06,1.126E+00
-9.45700E-06,1.126E+00
-9.45600E-06,1.126E+00
-9.45500E-06,1.126E+00
-9.45400E-06,1.118E+00
-9.45300E-06,1.118E+00
-9.45200E-06,1.118E+00
-9.45100E-06,1.126E+00
-9.45000E-06,1.118E+00
-9.44900E-06,1.118E+00
-9.44800E-06,1.118E+00
-9.44700E-06,1.118E+00
-9.44600E-06,1.126E+00
-9.44500E-06,1.118E+00
-9.44400E-06,1.126E+00
-9.44300E-06,1.118E+00
-9.44200E-06,1.110E+00
-9.44100E-06,1.118E+00
-9.44000E-06,1.118E+00
-9.43900E-06,1.118E+00
-9.43800E-06,1.118E+00
-9.43700E-06,1.126E+00
-9.43600E-06,1.118E+00
-9.43500E-06,1.118E+00
-9.43400E-06,1.118E+00
-9.43300E-06,1.110E+00
-9.43200E-06,1.110E+00
-9.43100E-06,1.118E+00
-9.43000E-06,1.110E+00
-9.42900E-06,1.118E+00
-9.42800E-06,1.118E+00
-9.42700E-06,1.118E+00
-9.42600E-06,1.126E+00
-9.42500E-06,1.126E+00
-9.42400E-06,1.118E+00
-9.42300E-06,1.118E+00
-9.42200E-06,1.118E+00
-9.42100E-06,1.118E+00
-9.42000E-06,1.118E+00
-9.41900E-06,1.118E+00
-9.41800E-06,1.110E+00
-9.41700E-06,1.110E+00
-9.41600E-06,1.118E+00
-9.41500E-06,1.126E+00
-9.41400E-06,1.126E+00
-9.41300E-06,1.118E+00
-9.41200E-06,1.118E+00
-9.41100E-06,1.126E+00
-9.41000E-06,1.126E+00
-9.40900E-06,1.118E+00
-9.40800E-06,1.118E+00
-9.40700E-06,1.110E+00
-9.40600E-06,1.118E+00
-9.40500E-06,1.118E+00
-9.40400E-06,1.118E+00
-9.40300E-06,1.110E+00
-9.40200E-06,1.118E+00
-9.40100E-06,1.126E+00
-9.40000E-06,1.126E+00
-9.39900E-06,1.118E+00
-9.39800E-06,1.118E+00
-9.39700E-06,1.118E+00
-9.39600E-06,1.118E+00
-9.39500E-06,1.118E+00
-9.39400E-06,1.126E+00
-9.39300E-06,1.126E+00
-9.39200E-06,1.118E+00
-9.39100E-06,1.118E+00
-9.39000E-06,1.118E+00
-9.38900E-06,1.118E+00
-9.38800E-06,1.118E+00
-9.38700E-06,1.118E+00
-9.38600E-06,1.126E+00
-9.38500E-06,1.126E+00
-9.38400E-06,1.118E+00
-9.38300E-06,1.126E+00
-9.38200E-06,1.118E+00
-9.38100E-06,1.118E+00
-9.38000E-06,1.126E+00
-9.37900E-06,1.126E+00
-9.37800E-06,1.118E+00
-9.37700E-06,1.118E+00
-9.37600E-06,1.118E+00
-9.37500E-06,1.126E+00
-9.37400E-06,1.118E+00
-9.37300E-06,1.110E+00
-9.37200E-06,1.118E+00
-9.37100E-06,1.118E+00
-9.37000E-06,1.110E+00
-9.36900E-06,1.110E+00
-9.36800E-06,1.110E+00
-9.36700E-06,1.118E+00
-9.36600E-06,1.118E+00
-9.36500E-06,1.118E+00
-9.36400E-06,1.118E+00
-9.36300E-06,1.126E+00
-9.36200E-06,1.118E+00
-9.36100E-06,1.118E+00
-9.36000E-06,1.118E+00
-9.35900E-06,1.118E+00
-9.35800E-06,1.118E+00
-9.35700E-06,1.118E+00
-9.35600E-06,1.118E+00
-9.35500E-06,1.118E+00
-9.35400E-06,1.118E+00
-9.35300E-06,1.110E+00
-9.35200E-06,1.118E+00
-9.35100E-06,1.126E+00
-9.35000E-06,1.118E+00
-9.34900E-06,1.118E+00
-9.34800E-06,1.118E+00
-9.34700E-06,1.118E+00
-9.34600E-06,1.118E+00
-9.34500E-06,1.118E+00
-9.34400E-06,1.118E+00
-9.34300E-06,1.118E+00
-9.34200E-06,1.126E+00
-9.34100E-06,1.126E+00
-9.34000E-06,1.126E+00
-9.33900E-06,1.126E+00
-9.33800E-06,1.118E+00
-9.33700E-06,1.118E+00
-9.33600E-06,1.118E+00
-9.33500E-06,1.126E+00
-9.33400E-06,1.126E+00
-9.33300E-06,1.126E+00
-9.33200E-06,1.126E+00
-9.33100E-06,1.126E+00
-9.33000E-06,1.126E+00
-9.32900E-06,1.126E+00
-9.32800E-06,1.118E+00
-9.32700E-06,1.110E+00
-9.32600E-06,1.118E+00
-9.32500E-06,1.118E+00
-9.32400E-06,1.118E+00
-9.32300E-06,1.110E+00
-9.32200E-06,1.118E+00
-9.32100E-06,1.118E+00
-9.32000E-06,1.126E+00
-9.31900E-06,1.126E+00
-9.31800E-06,1.126E+00
-9.31700E-06,1.126E+00
-9.31600E-06,1.126E+00
-9.31500E-06,1.118E+00
-9.31400E-06,1.118E+00
-9.31300E-06,1.118E+00
-9.31200E-06,1.118E+00
-9.31100E-06,1.118E+00
-9.31000E-06,1.118E+00
-9.30900E-06,1.118E+00
-9.30800E-06,1.118E+00
-9.30700E-06,1.126E+00
-9.30600E-06,1.126E+00
-9.30500E-06,1.126E+00
-9.30400E-06,1.118E+00
-9.30300E-06,1.118E+00
-9.30200E-06,1.118E+00
-9.30100E-06,1.126E+00
-9.30000E-06,1.134E+00
-9.29900E-06,1.126E+00
-9.29800E-06,1.118E+00
-9.29700E-06,1.118E+00
-9.29600E-06,1.118E+00
-9.29500E-06,1.118E+00
-9.29400E-06,1.118E+00
-9.29300E-06,1.118E+00
-9.29200E-06,1.118E+00
-9.29100E-06,1.118E+00
-9.29000E-06,1.118E+00
-9.28900E-06,1.118E+00
-9.28800E-06,1.118E+00
-9.28700E-06,1.118E+00
-9.28600E-06,1.126E+00
-9.28500E-06,1.126E+00
-9.28400E-06,1.118E+00
-9.28300E-06,1.110E+00
-9.28200E-06,1.118E+00
-9.28100E-06,1.118E+00
-9.28000E-06,1.118E+00
-9.27900E-06,1.118E+00
-9.27800E-06,1.118E+00
-9.27700E-06,1.118E+00
-9.27600E-06,1.126E+00
-9.27500E-06,1.118E+00
-9.27400E-06,1.126E+00
-9.27300E-06,1.118E+00
-9.27200E-06,1.118E+00
-9.27100E-06,1.118E+00
-9.27000E-06,1.126E+00
-9.26900E-06,1.118E+00
-9.26800E-06,1.118E+00
-9.26700E-06,1.118E+00
-9.26600E-06,1.118E+00
-9.26500E-06,1.126E+00
-9.26400E-06,1.118E+00
-9.26300E-06,1.118E+00
-9.26200E-06,1.118E+00
-9.26100E-06,1.126E+00
-9.26000E-06,1.118E+00
-9.25900E-06,1.118E+00
-9.25800E-06,1.118E+00
-9.25700E-06,1.118E+00
-9.25600E-06,1.134E+00
-9.25500E-06,1.126E+00
-9.25400E-06,1.118E+00
-9.25300E-06,1.118E+00
-9.25200E-06,1.118E+00
-9.25100E-06,1.118E+00
-9.25000E-06,1.118E+00
-9.24900E-06,1.110E+00
-9.24800E-06,1.118E+00
-9.24700E-06,1.118E+00
-9.24600E-06,1.126E+00
-9.24500E-06,1.126E+00
-9.24400E-06,1.126E+00
-9.24300E-06,1.126E+00
-9.24200E-06,1.118E+00
-9.24100E-06,1.118E+00
-9.24000E-06,1.110E+00
-9.23900E-06,1.118E+00
-9.23800E-06,1.118E+00
-9.23700E-06,1.126E+00
-9.23600E-06,1.126E+00
-9.23500E-06,1.126E+00
-9.23400E-06,1.118E+00
-9.23300E-06,1.126E+00
-9.23200E-06,1.118E+00
-9.23100E-06,1.118E+00
-9.23000E-06,1.126E+00
-9.22900E-06,1.118E+00
-9.22800E-06,1.118E+00
-9.22700E-06,1.118E+00
-9.22600E-06,1.118E+00
-9.22500E-06,1.126E+00
-9.22400E-06,1.118E+00
-9.22300E-06,1.118E+00
-9.22200E-06,1.118E+00
-9.22100E-06,1.126E+00
-9.22000E-06,1.118E+00
-9.21900E-06,1.118E+00
-9.21800E-06,1.118E+00
-9.21700E-06,1.126E+00
-9.21600E-06,1.126E+00
-9.21500E-06,1.134E+00
-9.21400E-06,1.126E+00
-9.21300E-06,1.118E+00
-9.21200E-06,1.118E+00
-9.21100E-06,1.118E+00
-9.21000E-06,1.118E+00
-9.20900E-06,1.110E+00
-9.20800E-06,1.110E+00
-9.20700E-06,1.118E+00
-9.20600E-06,1.118E+00
-9.20500E-06,1.126E+00
-9.20400E-06,1.118E+00
-9.20300E-06,1.118E+00
-9.20200E-06,1.118E+00
-9.20100E-06,1.118E+00
-9.20000E-06,1.118E+00
-9.19900E-06,1.118E+00
-9.19800E-06,1.118E+00
-9.19700E-06,1.118E+00
-9.19600E-06,1.126E+00
-9.19500E-06,1.126E+00
-9.19400E-06,1.118E+00
-9.19300E-06,1.118E+00
-9.19200E-06,1.110E+00
-9.19100E-06,1.118E+00
-9.19000E-06,1.126E+00
-9.18900E-06,1.118E+00
-9.18800E-06,1.110E+00
-9.18700E-06,1.118E+00
-9.18600E-06,1.126E+00
-9.18500E-06,1.134E+00
-9.18400E-06,1.126E+00
-9.18300E-06,1.126E+00
-9.18200E-06,1.126E+00
-9.18100E-06,1.126E+00
-9.18000E-06,1.126E+00
-9.17900E-06,1.118E+00
-9.17800E-06,1.118E+00
-9.17700E-06,1.118E+00
-9.17600E-06,1.118E+00
-9.17500E-06,1.126E+00
-9.17400E-06,1.126E+00
-9.17300E-06,1.118E+00
-9.17200E-06,1.126E+00
-9.17100E-06,1.126E+00
-9.17000E-06,1.126E+00
-9.16900E-06,1.118E+00
-9.16800E-06,1.110E+00
-9.16700E-06,1.118E+00
-9.16600E-06,1.118E+00
-9.16500E-06,1.126E+00
-9.16400E-06,1.126E+00
-9.16300E-06,1.118E+00
-9.16200E-06,1.118E+00
-9.16100E-06,1.118E+00
-9.16000E-06,1.118E+00
-9.15900E-06,1.110E+00
-9.15800E-06,1.110E+00
-9.15700E-06,1.118E+00
-9.15600E-06,1.126E+00
-9.15500E-06,1.126E+00
-9.15400E-06,1.118E+00
-9.15300E-06,1.110E+00
-9.15200E-06,1.118E+00
-9.15100E-06,1.118E+00
-9.15000E-06,1.126E+00
-9.14900E-06,1.118E+00
-9.14800E-06,1.118E+00
-9.14700E-06,1.126E+00
-9.14600E-06,1.118E+00
-9.14500E-06,1.126E+00
-9.14400E-06,1.118E+00
-9.14300E-06,1.118E+00
-9.14200E-06,1.118E+00
-9.14100E-06,1.126E+00
-9.14000E-06,1.118E+00
-9.13900E-06,1.110E+00
-9.13800E-06,1.110E+00
-9.13700E-06,1.118E+00
-9.13600E-06,1.126E+00
-9.13500E-06,1.126E+00
-9.13400E-06,1.118E+00
-9.13300E-06,1.126E+00
-9.13200E-06,1.118E+00
-9.13100E-06,1.134E+00
-9.13000E-06,1.126E+00
-9.12900E-06,1.126E+00
-9.12800E-06,1.126E+00
-9.12700E-06,1.118E+00
-9.12600E-06,1.118E+00
-9.12500E-06,1.126E+00
-9.12400E-06,1.126E+00
-9.12300E-06,1.118E+00
-9.12200E-06,1.118E+00
-9.12100E-06,1.118E+00
-9.12000E-06,1.118E+00
-9.11900E-06,1.118E+00
-9.11800E-06,1.118E+00
-9.11700E-06,1.118E+00
-9.11600E-06,1.126E+00
-9.11500E-06,1.118E+00
-9.11400E-06,1.118E+00
-9.11300E-06,1.110E+00
-9.11200E-06,1.118E+00
-9.11100E-06,1.118E+00
-9.11000E-06,1.118E+00
-9.10900E-06,1.110E+00
-9.10800E-06,1.110E+00
-9.10700E-06,1.110E+00
-9.10600E-06,1.118E+00
-9.10500E-06,1.118E+00
-9.10400E-06,1.118E+00
-9.10300E-06,1.126E+00
-9.10200E-06,1.126E+00
-9.10100E-06,1.126E+00
-9.10000E-06,1.126E+00
-9.09900E-06,1.118E+00
-9.09800E-06,1.110E+00
-9.09700E-06,1.118E+00
-9.09600E-06,1.118E+00
-9.09500E-06,1.126E+00
-9.09400E-06,1.118E+00
-9.09300E-06,1.118E+00
-9.09200E-06,1.118E+00
-9.09100E-06,1.110E+00
-9.09000E-06,1.118E+00
-9.08900E-06,1.110E+00
-9.08800E-06,1.110E+00
-9.08700E-06,1.110E+00
-9.08600E-06,1.118E+00
-9.08500E-06,1.126E+00
-9.08400E-06,1.118E+00
-9.08300E-06,1.118E+00
-9.08200E-06,1.110E+00
-9.08100E-06,1.118E+00
-9.08000E-06,1.118E+00
-9.07900E-06,1.118E+00
-9.07800E-06,1.118E+00
-9.07700E-06,1.126E+00
-9.07600E-06,1.118E+00
-9.07500E-06,1.126E+00
-9.07400E-06,1.118E+00
-9.07300E-06,1.118E+00
-9.07200E-06,1.118E+00
-9.07100E-06,1.118E+00
-9.07000E-06,1.118E+00
-9.06900E-06,1.118E+00
-9.06800E-06,1.110E+00
-9.06700E-06,1.118E+00
-9.06600E-06,1.126E+00
-9.06500E-06,1.126E+00
-9.06400E-06,1.118E+00
-9.06300E-06,1.110E+00
-9.06200E-06,1.110E+00
-9.06100E-06,1.118E+00
-9.06000E-06,1.126E+00
-9.05900E-06,1.110E+00
-9.05800E-06,1.118E+00
-9.05700E-06,1.110E+00
-9.05600E-06,1.118E+00
-9.05500E-06,1.126E+00
-9.05400E-06,1.126E+00
-9.05300E-06,1.110E+00
-9.05200E-06,1.110E+00
-9.05100E-06,1.118E+00
-9.05000E-06,1.118E+00
-9.04900E-06,1.118E+00
-9.04800E-06,1.118E+00
-9.04700E-06,1.118E+00
-9.04600E-06,1.118E+00
-9.04500E-06,1.118E+00
-9.04400E-06,1.118E+00
-9.04300E-06,1.110E+00
-9.04200E-06,1.126E+00
-9.04100E-06,1.118E+00
-9.04000E-06,1.118E+00
-9.03900E-06,1.118E+00
-9.03800E-06,1.118E+00
-9.03700E-06,1.126E+00
-9.03600E-06,1.126E+00
-9.03500E-06,1.126E+00
-9.03400E-06,1.126E+00
-9.03300E-06,1.118E+00
-9.03200E-06,1.118E+00
-9.03100E-06,1.126E+00
-9.03000E-06,1.126E+00
-9.02900E-06,1.126E+00
-9.02800E-06,1.118E+00
-9.02700E-06,1.118E+00
-9.02600E-06,1.118E+00
-9.02500E-06,1.118E+00
-9.02400E-06,1.126E+00
-9.02300E-06,1.118E+00
-9.02200E-06,1.118E+00
-9.02100E-06,1.118E+00
-9.02000E-06,1.118E+00
-9.01900E-06,1.110E+00
-9.01800E-06,1.110E+00
-9.01700E-06,1.118E+00
-9.01600E-06,1.118E+00
-9.01500E-06,1.118E+00
-9.01400E-06,1.126E+00
-9.01300E-06,1.126E+00
-9.01200E-06,1.118E+00
-9.01100E-06,1.118E+00
-9.01000E-06,1.118E+00
-9.00900E-06,1.110E+00
-9.00800E-06,1.110E+00
-9.00700E-06,1.110E+00
-9.00600E-06,1.118E+00
-9.00500E-06,1.118E+00
-9.00400E-06,1.118E+00
-9.00300E-06,1.110E+00
-9.00200E-06,1.110E+00
-9.00100E-06,1.118E+00
-9.00000E-06,1.118E+00
-8.99900E-06,1.110E+00
-8.99800E-06,1.110E+00
-8.99700E-06,1.118E+00
-8.99600E-06,1.126E+00
-8.99500E-06,1.126E+00
-8.99400E-06,1.118E+00
-8.99300E-06,1.118E+00
-8.99200E-06,1.118E+00
-8.99100E-06,1.118E+00
-8.99000E-06,1.126E+00
-8.98900E-06,1.118E+00
-8.98800E-06,1.118E+00
-8.98700E-06,1.110E+00
-8.98600E-06,1.118E+00
-8.98500E-06,1.126E+00
-8.98400E-06,1.118E+00
-8.98300E-06,1.118E+00
-8.98200E-06,1.118E+00
-8.98100E-06,1.118E+00
-8.98000E-06,1.118E+00
-8.97900E-06,1.118E+00
-8.97800E-06,1.118E+00
-8.97700E-06,1.118E+00
-8.97600E-06,1.118E+00
-8.97500E-06,1.126E+00
-8.97400E-06,1.118E+00
-8.97300E-06,1.118E+00
-8.97200E-06,1.126E+00
-8.97100E-06,1.126E+00
-8.97000E-06,1.118E+00
-8.96900E-06,1.118E+00
-8.96800E-06,1.110E+00
-8.96700E-06,1.118E+00
-8.96600E-06,1.118E+00
-8.96500E-06,1.126E+00
-8.96400E-06,1.118E+00
-8.96300E-06,1.118E+00
-8.96200E-06,1.118E+00
-8.96100E-06,1.126E+00
-8.96000E-06,1.118E+00
-8.95900E-06,1.118E+00
-8.95800E-06,1.118E+00
-8.95700E-06,1.118E+00
-8.95600E-06,1.110E+00
-8.95500E-06,1.118E+00
-8.95400E-06,1.118E+00
-8.95300E-06,1.126E+00
-8.95200E-06,1.118E+00
-8.95100E-06,1.126E+00
-8.95000E-06,1.118E+00
-8.94900E-06,1.110E+00
-8.94800E-06,1.110E+00
-8.94700E-06,1.118E+00
-8.94600E-06,1.118E+00
-8.94500E-06,1.118E+00
-8.94400E-06,1.118E+00
-8.94300E-06,1.110E+00
-8.94200E-06,1.118E+00
-8.94100E-06,1.118E+00
-8.94000E-06,1.118E+00
-8.93900E-06,1.118E+00
-8.93800E-06,1.118E+00
-8.93700E-06,1.118E+00
-8.93600E-06,1.126E+00
-8.93500E-06,1.118E+00
-8.93400E-06,1.126E+00
-8.93300E-06,1.126E+00
-8.93200E-06,1.118E+00
-8.93100E-06,1.118E+00
-8.93000E-06,1.118E+00
-8.92900E-06,1.118E+00
-8.92800E-06,1.118E+00
-8.92700E-06,1.118E+00
-8.92600E-06,1.126E+00
-8.92500E-06,1.118E+00
-8.92400E-06,1.118E+00
-8.92300E-06,1.110E+00
-8.92200E-06,1.118E+00
-8.92100E-06,1.118E+00
-8.92000E-06,1.118E+00
-8.91900E-06,1.126E+00
-8.91800E-06,1.118E+00
-8.91700E-06,1.118E+00
-8.91600E-06,1.118E+00
-8.91500E-06,1.118E+00
-8.91400E-06,1.118E+00
-8.91300E-06,1.110E+00
-8.91200E-06,1.118E+00
-8.91100E-06,1.118E+00
-8.91000E-06,1.118E+00
-8.90900E-06,1.126E+00
-8.90800E-06,1.118E+00
-8.90700E-06,1.118E+00
-8.90600E-06,1.118E+00
-8.90500E-06,1.126E+00
-8.90400E-06,1.118E+00
-8.90300E-06,1.118E+00
-8.90200E-06,1.118E+00
-8.90100E-06,1.126E+00
-8.90000E-06,1.126E+00
-8.89900E-06,1.126E+00
-8.89800E-06,1.110E+00
-8.89700E-06,1.102E+00
-8.89600E-06,1.118E+00
-8.89500E-06,1.118E+00
-8.89400E-06,1.118E+00
-8.89300E-06,1.110E+00
-8.89200E-06,1.118E+00
-8.89100E-06,1.118E+00
-8.89000E-06,1.118E+00
-8.88900E-06,1.118E+00
-8.88800E-06,1.110E+00
-8.88700E-06,1.118E+00
-8.88600E-06,1.126E+00
-8.88500E-06,1.126E+00
-8.88400E-06,1.126E+00
-8.88300E-06,1.118E+00
-8.88200E-06,1.118E+00
-8.88100E-06,1.118E+00
-8.88000E-06,1.118E+00
-8.87900E-06,1.126E+00
-8.87800E-06,1.126E+00
-8.87700E-06,1.118E+00
-8.87600E-06,1.118E+00
-8.87500E-06,1.126E+00
-8.87400E-06,1.118E+00
-8.87300E-06,1.118E+00
-8.87200E-06,1.118E+00
-8.87100E-06,1.126E+00
-8.87000E-06,1.118E+00
-8.86900E-06,1.118E+00
-8.86800E-06,1.118E+00
-8.86700E-06,1.118E+00
-8.86600E-06,1.118E+00
-8.86500E-06,1.118E+00
-8.86400E-06,1.126E+00
-8.86300E-06,1.126E+00
-8.86200E-06,1.118E+00
-8.86100E-06,1.126E+00
-8.86000E-06,1.118E+00
-8.85900E-06,1.118E+00
-8.85800E-06,1.118E+00
-8.85700E-06,1.110E+00
-8.85600E-06,1.118E+00
-8.85500E-06,1.118E+00
-8.85400E-06,1.118E+00
-8.85300E-06,1.118E+00
-8.85200E-06,1.118E+00
-8.85100E-06,1.118E+00
-8.85000E-06,1.118E+00
-8.84900E-06,1.118E+00
-8.84800E-06,1.126E+00
-8.84700E-06,1.118E+00
-8.84600E-06,1.118E+00
-8.84500E-06,1.126E+00
-8.84400E-06,1.118E+00
-8.84300E-06,1.118E+00
-8.84200E-06,1.118E+00
-8.84100E-06,1.126E+00
-8.84000E-06,1.126E+00
-8.83900E-06,1.118E+00
-8.83800E-06,1.118E+00
-8.83700E-06,1.118E+00
-8.83600E-06,1.118E+00
-8.83500E-06,1.118E+00
-8.83400E-06,1.118E+00
-8.83300E-06,1.110E+00
-8.83200E-06,1.118E+00
-8.83100E-06,1.118E+00
-8.83000E-06,1.118E+00
-8.82900E-06,1.118E+00
-8.82800E-06,1.126E+00
-8.82700E-06,1.118E+00
-8.82600E-06,1.126E+00
-8.82500E-06,1.126E+00
-8.82400E-06,1.126E+00
-8.82300E-06,1.118E+00
-8.82200E-06,1.126E+00
-8.82100E-06,1.126E+00
-8.82000E-06,1.126E+00
-8.81900E-06,1.126E+00
-8.81800E-06,1.118E+00
-8.81700E-06,1.110E+00
-8.81600E-06,1.118E+00
-8.81500E-06,1.126E+00
-8.81400E-06,1.118E+00
-8.81300E-06,1.118E+00
-8.81200E-06,1.118E+00
-8.81100E-06,1.118E+00
-8.81000E-06,1.126E+00
-8.80900E-06,1.118E+00
-8.80800E-06,1.118E+00
-8.80700E-06,1.118E+00
-8.80600E-06,1.126E+00
-8.80500E-06,1.126E+00
-8.80400E-06,1.134E+00
-8.80300E-06,1.118E+00
-8.80200E-06,1.118E+00
-8.80100E-06,1.118E+00
-8.80000E-06,1.118E+00
-8.79900E-06,1.118E+00
-8.79800E-06,1.118E+00
-8.79700E-06,1.118E+00
-8.79600E-06,1.118E+00
-8.79500E-06,1.118E+00
-8.79400E-06,1.110E+00
-8.79300E-06,1.118E+00
-8.79200E-06,1.118E+00
-8.79100E-06,1.118E+00
-8.79000E-06,1.118E+00
-8.78900E-06,1.118E+00
-8.78800E-06,1.118E+00
-8.78700E-06,1.118E+00
-8.78600E-06,1.118E+00
-8.78500E-06,1.126E+00
-8.78400E-06,1.126E+00
-8.78300E-06,1.118E+00
-8.78200E-06,1.126E+00
-8.78100E-06,1.118E+00
-8.78000E-06,1.118E+00
-8.77900E-06,1.110E+00
-8.77800E-06,1.118E+00
-8.77700E-06,1.118E+00
-8.77600E-06,1.126E+00
-8.77500E-06,1.126E+00
-8.77400E-06,1.126E+00
-8.77300E-06,1.118E+00
-8.77200E-06,1.118E+00
-8.77100E-06,1.118E+00
-8.77000E-06,1.118E+00
-8.76900E-06,1.118E+00
-8.76800E-06,1.118E+00
-8.76700E-06,1.110E+00
-8.76600E-06,1.118E+00
-8.76500E-06,1.126E+00
-8.76400E-06,1.126E+00
-8.76300E-06,1.118E+00
-8.76200E-06,1.110E+00
-8.76100E-06,1.118E+00
-8.76000E-06,1.110E+00
-8.75900E-06,1.110E+00
-8.75800E-06,1.118E+00
-8.75700E-06,1.126E+00
-8.75600E-06,1.126E+00
-8.75500E-06,1.126E+00
-8.75400E-06,1.118E+00
-8.75300E-06,1.118E+00
-8.75200E-06,1.118E+00
-8.75100E-06,1.118E+00
-8.75000E-06,1.118E+00
-8.74900E-06,1.118E+00
-8.74800E-06,1.118E+00
-8.74700E-06,1.118E+00
-8.74600E-06,1.126E+00
-8.74500E-06,1.126E+00
-8.74400E-06,1.118E+00
-8.74300E-06,1.110E+00
-8.74200E-06,1.110E+00
-8.74100E-06,1.118E+00
-8.74000E-06,1.118E+00
-8.73900E-06,1.118E+00
-8.73800E-06,1.118E+00
-8.73700E-06,1.118E+00
-8.73600E-06,1.126E+00
-8.73500E-06,1.126E+00
-8.73400E-06,1.118E+00
-8.73300E-06,1.118E+00
-8.73200E-06,1.118E+00
-8.73100E-06,1.118E+00
-8.73000E-06,1.126E+00
-8.72900E-06,1.126E+00
-8.72800E-06,1.118E+00
-8.72700E-06,1.126E+00
-8.72600E-06,1.126E+00
-8.72500E-06,1.126E+00
-8.72400E-06,1.118E+00
-8.72300E-06,1.118E+00
-8.72200E-06,1.118E+00
-8.72100E-06,1.126E+00
-8.72000E-06,1.126E+00
-8.71900E-06,1.126E+00
-8.71800E-06,1.118E+00
-8.71700E-06,1.118E+00
-8.71600E-06,1.118E+00
-8.71500E-06,1.118E+00
-8.71400E-06,1.118E+00
-8.71300E-06,1.118E+00
-8.71200E-06,1.118E+00
-8.71100E-06,1.126E+00
-8.71000E-06,1.118E+00
-8.70900E-06,1.118E+00
-8.70800E-06,1.126E+00
-8.70700E-06,1.126E+00
-8.70600E-06,1.134E+00
-8.70500E-06,1.126E+00
-8.70400E-06,1.118E+00
-8.70300E-06,1.118E+00
-8.70200E-06,1.110E+00
-8.70100E-06,1.118E+00
-8.70000E-06,1.118E+00
-8.69900E-06,1.118E+00
-8.69800E-06,1.118E+00
-8.69700E-06,1.134E+00
-8.69600E-06,1.126E+00
-8.69500E-06,1.126E+00
-8.69400E-06,1.118E+00
-8.69300E-06,1.118E+00
-8.69200E-06,1.118E+00
-8.69100E-06,1.126E+00
-8.69000E-06,1.118E+00
-8.68900E-06,1.118E+00
-8.68800E-06,1.118E+00
-8.68700E-06,1.126E+00
-8.68600E-06,1.126E+00
-8.68500E-06,1.134E+00
-8.68400E-06,1.126E+00
-8.68300E-06,1.118E+00
-8.68200E-06,1.110E+00
-8.68100E-06,1.126E+00
-8.68000E-06,1.126E+00
-8.67900E-06,1.118E+00
-8.67800E-06,1.118E+00
-8.67700E-06,1.118E+00
-8.67600E-06,1.118E+00
-8.67500E-06,1.118E+00
-8.67400E-06,1.118E+00
-8.67300E-06,1.110E+00
-8.67200E-06,1.118E+00
-8.67100E-06,1.118E+00
-8.67000E-06,1.126E+00
-8.66900E-06,1.126E+00
-8.66800E-06,1.118E+00
-8.66700E-06,1.118E+00
-8.66600E-06,1.118E+00
-8.66500E-06,1.118E+00
-8.66400E-06,1.118E+00
-8.66300E-06,1.118E+00
-8.66200E-06,1.126E+00
-8.66100E-06,1.126E+00
-8.66000E-06,1.126E+00
-8.65900E-06,1.118E+00
-8.65800E-06,1.118E+00
-8.65700E-06,1.118E+00
-8.65600E-06,1.126E+00
-8.65500E-06,1.126E+00
-8.65400E-06,1.118E+00
-8.65300E-06,1.126E+00
-8.65200E-06,1.118E+00
-8.65100E-06,1.118E+00
-8.65000E-06,1.118E+00
-8.64900E-06,1.118E+00
-8.64800E-06,1.118E+00
-8.64700E-06,1.118E+00
-8.64600E-06,1.126E+00
-8.64500E-06,1.126E+00
-8.64400E-06,1.126E+00
-8.64300E-06,1.118E+00
-8.64200E-06,1.126E+00
-8.64100E-06,1.126E+00
-8.64000E-06,1.126E+00
-8.63900E-06,1.118E+00
-8.63800E-06,1.118E+00
-8.63700E-06,1.118E+00
-8.63600E-06,1.118E+00
-8.63500E-06,1.118E+00
-8.63400E-06,1.110E+00
-8.63300E-06,1.110E+00
-8.63200E-06,1.110E+00
-8.63100E-06,1.118E+00
-8.63000E-06,1.118E+00
-8.62900E-06,1.110E+00
-8.62800E-06,1.118E+00
-8.62700E-06,1.118E+00
-8.62600E-06,1.118E+00
-8.62500E-06,1.126E+00
-8.62400E-06,1.118E+00
-8.62300E-06,1.118E+00
-8.62200E-06,1.126E+00
-8.62100E-06,1.126E+00
-8.62000E-06,1.118E+00
-8.61900E-06,1.118E+00
-8.61800E-06,1.118E+00
-8.61700E-06,1.118E+00
-8.61600E-06,1.126E+00
-8.61500E-06,1.126E+00
-8.61400E-06,1.118E+00
-8.61300E-06,1.118E+00
-8.61200E-06,1.118E+00
-8.61100E-06,1.126E+00
-8.61000E-06,1.126E+00
-8.60900E-06,1.118E+00
-8.60800E-06,1.118E+00
-8.60700E-06,1.126E+00
-8.60600E-06,1.126E+00
-8.60500E-06,1.126E+00
-8.60400E-06,1.110E+00
-8.60300E-06,1.110E+00
-8.60200E-06,1.118E+00
-8.60100E-06,1.118E+00
-8.60000E-06,1.118E+00
-8.59900E-06,1.118E+00
-8.59800E-06,1.110E+00
-8.59700E-06,1.110E+00
-8.59600E-06,1.126E+00
-8.59500E-06,1.126E+00
-8.59400E-06,1.126E+00
-8.59300E-06,1.118E+00
-8.59200E-06,1.126E+00
-8.59100E-06,1.118E+00
-8.59000E-06,1.126E+00
-8.58900E-06,1.118E+00
-8.58800E-06,1.118E+00
-8.58700E-06,1.118E+00
-8.58600E-06,1.126E+00
-8.58500E-06,1.118E+00
-8.58400E-06,1.126E+00
-8.58300E-06,1.110E+00
-8.58200E-06,1.110E+00
-8.58100E-06,1.118E+00
-8.58000E-06,1.118E+00
-8.57900E-06,1.110E+00
-8.57800E-06,1.118E+00
-8.57700E-06,1.126E+00
-8.57600E-06,1.126E+00
-8.57500E-06,1.126E+00
-8.57400E-06,1.126E+00
-8.57300E-06,1.118E+00
-8.57200E-06,1.126E+00
-8.57100E-06,1.126E+00
-8.57000E-06,1.126E+00
-8.56900E-06,1.118E+00
-8.56800E-06,1.110E+00
-8.56700E-06,1.118E+00
-8.56600E-06,1.126E+00
-8.56500E-06,1.126E+00
-8.56400E-06,1.126E+00
-8.56300E-06,1.118E+00
-8.56200E-06,1.118E+00
-8.56100E-06,1.118E+00
-8.56000E-06,1.110E+00
-8.55900E-06,1.118E+00
-8.55800E-06,1.118E+00
-8.55700E-06,1.118E+00
-8.55600E-06,1.118E+00
-8.55500E-06,1.126E+00
-8.55400E-06,1.126E+00
-8.55300E-06,1.126E+00
-8.55200E-06,1.118E+00
-8.55100E-06,1.118E+00
-8.55000E-06,1.118E+00
-8.54900E-06,1.118E+00
-8.54800E-06,1.118E+00
-8.54700E-06,1.118E+00
-8.54600E-06,1.134E+00
-8.54500E-06,1.126E+00
-8.54400E-06,1.118E+00
-8.54300E-06,1.110E+00
-8.54200E-06,1.118E+00
-8.54100E-06,1.126E+00
-8.54000E-06,1.126E+00
-8.53900E-06,1.118E+00
-8.53800E-06,1.118E+00
-8.53700E-06,1.118E+00
-8.53600E-06,1.126E+00
-8.53500E-06,1.126E+00
-8.53400E-06,1.126E+00
-8.53300E-06,1.118E+00
-8.53200E-06,1.118E+00
-8.53100E-06,1.118E+00
-8.53000E-06,1.118E+00
-8.52900E-06,1.118E+00
-8.52800E-06,1.118E+00
-8.52700E-06,1.118E+00
-8.52600E-06,1.126E+00
-8.52500E-06,1.126E+00
-8.52400E-06,1.126E+00
-8.52300E-06,1.118E+00
-8.52200E-06,1.118E+00
-8.52100E-06,1.118E+00
-8.52000E-06,1.118E+00
-8.51900E-06,1.118E+00
-8.51800E-06,1.110E+00
-8.51700E-06,1.110E+00
-8.51600E-06,1.126E+00
-8.51500E-06,1.126E+00
-8.51400E-06,1.118E+00
-8.51300E-06,1.118E+00
-8.51200E-06,1.118E+00
-8.51100E-06,1.118E+00
-8.51000E-06,1.118E+00
-8.50900E-06,1.118E+00
-8.50800E-06,1.118E+00
-8.50700E-06,1.126E+00
-8.50600E-06,1.126E+00
-8.50500E-06,1.126E+00
-8.50400E-06,1.118E+00
-8.50300E-06,1.118E+00
-8.50200E-06,1.118E+00
-8.50100E-06,1.126E+00
-8.50000E-06,1.126E+00
-8.49900E-06,1.118E+00
-8.49800E-06,1.118E+00
-8.49700E-06,1.118E+00
-8.49600E-06,1.118E+00
-8.49500E-06,1.126E+00
-8.49400E-06,1.126E+00
-8.49300E-06,1.118E+00
-8.49200E-06,1.110E+00
-8.49100E-06,1.118E+00
-8.49000E-06,1.126E+00
-8.48900E-06,1.118E+00
-8.48800E-06,1.118E+00
-8.48700E-06,1.118E+00
-8.48600E-06,1.118E+00
-8.48500E-06,1.118E+00
-8.48400E-06,1.118E+00
-8.48300E-06,1.118E+00
-8.48200E-06,1.118E+00
-8.48100E-06,1.126E+00
-8.48000E-06,1.118E+00
-8.47900E-06,1.110E+00
-8.47800E-06,1.110E+00
-8.47700E-06,1.110E+00
-8.47600E-06,1.118E+00
-8.47500E-06,1.118E+00
-8.47400E-06,1.118E+00
-8.47300E-06,1.118E+00
-8.47200E-06,1.118E+00
-8.47100E-06,1.118E+00
-8.47000E-06,1.118E+00
-8.46900E-06,1.110E+00
-8.46800E-06,1.118E+00
-8.46700E-06,1.118E+00
-8.46600E-06,1.126E+00
-8.46500E-06,1.126E+00
-8.46400E-06,1.118E+00
-8.46300E-06,1.118E+00
-8.46200E-06,1.118E+00
-8.46100E-06,1.126E+00
-8.46000E-06,1.126E+00
-8.45900E-06,1.118E+00
-8.45800E-06,1.110E+00
-8.45700E-06,1.118E+00
-8.45600E-06,1.118E+00
-8.45500E-06,1.118E+00
-8.45400E-06,1.118E+00
-8.45300E-06,1.118E+00
-8.45200E-06,1.118E+00
-8.45100E-06,1.118E+00
-8.45000E-06,1.118E+00
-8.44900E-06,1.118E+00
-8.44800E-06,1.110E+00
-8.44700E-06,1.118E+00
-8.44600E-06,1.126E+00
-8.44500E-06,1.126E+00
-8.44400E-06,1.126E+00
-8.44300E-06,1.126E+00
-8.44200E-06,1.126E+00
-8.44100E-06,1.126E+00
-8.44000E-06,1.126E+00
-8.43900E-06,1.126E+00
-8.43800E-06,1.118E+00
-8.43700E-06,1.126E+00
-8.43600E-06,1.126E+00
-8.43500E-06,1.126E+00
-8.43400E-06,1.118E+00
-8.43300E-06,1.118E+00
-8.43200E-06,1.118E+00
-8.43100E-06,1.118E+00
-8.43000E-06,1.118E+00
-8.42900E-06,1.118E+00
-8.42800E-06,1.118E+00
-8.42700E-06,1.110E+00
-8.42600E-06,1.126E+00
-8.42500E-06,1.126E+00
-8.42400E-06,1.126E+00
-8.42300E-06,1.126E+00
-8.42200E-06,1.118E+00
-8.42100E-06,1.118E+00
-8.42000E-06,1.118E+00
-8.41900E-06,1.110E+00
-8.41800E-06,1.110E+00
-8.41700E-06,1.118E+00
-8.41600E-06,1.118E+00
-8.41500E-06,1.126E+00
-8.41400E-06,1.118E+00
-8.41300E-06,1.118E+00
-8.41200E-06,1.110E+00
-8.41100E-06,1.110E+00
-8.41000E-06,1.118E+00
-8.40900E-06,1.118E+00
-8.40800E-06,1.118E+00
-8.40700E-06,1.118E+00
-8.40600E-06,1.126E+00
-8.40500E-06,1.118E+00
-8.40400E-06,1.118E+00
-8.40300E-06,1.110E+00
-8.40200E-06,1.118E+00
-8.40100E-06,1.118E+00
-8.40000E-06,1.118E+00
-8.39900E-06,1.118E+00
-8.39800E-06,1.118E+00
-8.39700E-06,1.118E+00
-8.39600E-06,1.126E+00
-8.39500E-06,1.126E+00
-8.39400E-06,1.118E+00
-8.39300E-06,1.118E+00
-8.39200E-06,1.126E+00
-8.39100E-06,1.126E+00
-8.39000E-06,1.126E+00
-8.38900E-06,1.118E+00
-8.38800E-06,1.118E+00
-8.38700E-06,1.126E+00
-8.38600E-06,1.126E+00
-8.38500E-06,1.118E+00
-8.38400E-06,1.118E+00
-8.38300E-06,1.126E+00
-8.38200E-06,1.126E+00
-8.38100E-06,1.118E+00
-8.38000E-06,1.118E+00
-8.37900E-06,1.118E+00
-8.37800E-06,1.110E+00
-8.37700E-06,1.118E+00
-8.37600E-06,1.126E+00
-8.37500E-06,1.126E+00
-8.37400E-06,1.126E+00
-8.37300E-06,1.118E+00
-8.37200E-06,1.118E+00
-8.37100E-06,1.110E+00
-8.37000E-06,1.118E+00
-8.36900E-06,1.118E+00
-8.36800E-06,1.118E+00
-8.36700E-06,1.118E+00
-8.36600E-06,1.118E+00
-8.36500E-06,1.118E+00
-8.36400E-06,1.126E+00
-8.36300E-06,1.118E+00
-8.36200E-06,1.118E+00
-8.36100E-06,1.126E+00
-8.36000E-06,1.118E+00
-8.35900E-06,1.118E+00
-8.35800E-06,1.110E+00
-8.35700E-06,1.118E+00
-8.35600E-06,1.118E+00
-8.35500E-06,1.126E+00
-8.35400E-06,1.118E+00
-8.35300E-06,1.118E+00
-8.35200E-06,1.110E+00
-8.35100E-06,1.118E+00
-8.35000E-06,1.126E+00
-8.34900E-06,1.118E+00
-8.34800E-06,1.118E+00
-8.34700E-06,1.126E+00
-8.34600E-06,1.126E+00
-8.34500E-06,1.134E+00
-8.34400E-06,1.126E+00
-8.34300E-06,1.118E+00
-8.34200E-06,1.118E+00
-8.34100E-06,1.118E+00
-8.34000E-06,1.118E+00
-8.33900E-06,1.110E+00
-8.33800E-06,1.110E+00
-8.33700E-06,1.118E+00
-8.33600E-06,1.126E+00
-8.33500E-06,1.126E+00
-8.33400E-06,1.126E+00
-8.33300E-06,1.118E+00
-8.33200E-06,1.118E+00
-8.33100E-06,1.126E+00
-8.33000E-06,1.118E+00
-8.32900E-06,1.118E+00
-8.32800E-06,1.118E+00
-8.32700E-06,1.118E+00
-8.32600E-06,1.126E+00
-8.32500E-06,1.118E+00
-8.32400E-06,1.118E+00
-8.32300E-06,1.118E+00
-8.32200E-06,1.118E+00
-8.32100E-06,1.126E+00
-8.32000E-06,1.126E+00
-8.31900E-06,1.118E+00
-8.31800E-06,1.118E+00
-8.31700E-06,1.118E+00
-8.31600E-06,1.126E+00
-8.31500E-06,1.118E+00
-8.31400E-06,1.118E+00
-8.31300E-06,1.118E+00
-8.31200E-06,1.118E+00
-8.31100E-06,1.126E+00
-8.31000E-06,1.118E+00
-8.30900E-06,1.118E+00
-8.30800E-06,1.118E+00
-8.30700E-06,1.118E+00
-8.30600E-06,1.118E+00
-8.30500E-06,1.126E+00
-8.30400E-06,1.118E+00
-8.30300E-06,1.118E+00
-8.30200E-06,1.118E+00
-8.30100E-06,1.126E+00
-8.30000E-06,1.118E+00
-8.29900E-06,1.118E+00
-8.29800E-06,1.118E+00
-8.29700E-06,1.118E+00
-8.29600E-06,1.126E+00
-8.29500E-06,1.126E+00
-8.29400E-06,1.126E+00
-8.29300E-06,1.118E+00
-8.29200E-06,1.118E+00
-8.29100E-06,1.126E+00
-8.29000E-06,1.126E+00
-8.28900E-06,1.126E+00
-8.28800E-06,1.118E+00
-8.28700E-06,1.118E+00
-8.28600E-06,1.118E+00
-8.28500E-06,1.126E+00
-8.28400E-06,1.126E+00
-8.28300E-06,1.126E+00
-8.28200E-06,1.118E+00
-8.28100E-06,1.118E+00
-8.28000E-06,1.110E+00
-8.27900E-06,1.110E+00
-8.27800E-06,1.110E+00
-8.27700E-06,1.118E+00
-8.27600E-06,1.126E+00
-8.27500E-06,1.126E+00
-8.27400E-06,1.126E+00
-8.27300E-06,1.118E+00
-8.27200E-06,1.118E+00
-8.27100E-06,1.126E+00
-8.27000E-06,1.118E+00
-8.26900E-06,1.118E+00
-8.26800E-06,1.118E+00
-8.26700E-06,1.118E+00
-8.26600E-06,1.126E+00
-8.26500E-06,1.118E+00
-8.26400E-06,1.118E+00
-8.26300E-06,1.118E+00
-8.26200E-06,1.118E+00
-8.26100E-06,1.126E+00
-8.26000E-06,1.118E+00
-8.25900E-06,1.118E+00
-8.25800E-06,1.118E+00
-8.25700E-06,1.118E+00
-8.25600E-06,1.126E+00
-8.25500E-06,1.126E+00
-8.25400E-06,1.126E+00
-8.25300E-06,1.118E+00
-8.25200E-06,1.118E+00
-8.25100E-06,1.118E+00
-8.25000E-06,1.118E+00
-8.24900E-06,1.118E+00
-8.24800E-06,1.118E+00
-8.24700E-06,1.118E+00
-8.24600E-06,1.126E+00
-8.24500E-06,1.126E+00
-8.24400E-06,1.126E+00
-8.24300E-06,1.118E+00
-8.24200E-06,1.118E+00
-8.24100E-06,1.126E+00
-8.24000E-06,1.126E+00
-8.23900E-06,1.126E+00
-8.23800E-06,1.126E+00
-8.23700E-06,1.126E+00
-8.23600E-06,1.126E+00
-8.23500E-06,1.134E+00
-8.23400E-06,1.118E+00
-8.23300E-06,1.118E+00
-8.23200E-06,1.118E+00
-8.23100E-06,1.118E+00
-8.23000E-06,1.126E+00
-8.22900E-06,1.118E+00
-8.22800E-06,1.118E+00
-8.22700E-06,1.126E+00
-8.22600E-06,1.126E+00
-8.22500E-06,1.126E+00
-8.22400E-06,1.126E+00
-8.22300E-06,1.110E+00
-8.22200E-06,1.118E+00
-8.22100E-06,1.118E+00
-8.22000E-06,1.118E+00
-8.21900E-06,1.118E+00
-8.21800E-06,1.110E+00
-8.21700E-06,1.118E+00
-8.21600E-06,1.126E+00
-8.21500E-06,1.126E+00
-8.21400E-06,1.126E+00
-8.21300E-06,1.118E+00
-8.21200E-06,1.126E+00
-8.21100E-06,1.118E+00
-8.21000E-06,1.126E+00
-8.20900E-06,1.110E+00
-8.20800E-06,1.118E+00
-8.20700E-06,1.118E+00
-8.20600E-06,1.118E+00
-8.20500E-06,1.126E+00
-8.20400E-06,1.126E+00
-8.20300E-06,1.118E+00
-8.20200E-06,1.118E+00
-8.20100E-06,1.126E+00
-8.20000E-06,1.126E+00
-8.19900E-06,1.118E+00
-8.19800E-06,1.118E+00
-8.19700E-06,1.118E+00
-8.19600E-06,1.118E+00
-8.19500E-06,1.126E+00
-8.19400E-06,1.126E+00
-8.19300E-06,1.118E+00
-8.19200E-06,1.118E+00
-8.19100E-06,1.118E+00
-8.19000E-06,1.126E+00
-8.18900E-06,1.118E+00
-8.18800E-06,1.110E+00
-8.18700E-06,1.118E+00
-8.18600E-06,1.134E+00
-8.18500E-06,1.134E+00
-8.18400E-06,1.118E+00
-8.18300E-06,1.126E+00
-8.18200E-06,1.126E+00
-8.18100E-06,1.126E+00
-8.18000E-06,1.126E+00
-8.17900E-06,1.126E+00
-8.17800E-06,1.118E+00
-8.17700E-06,1.118E+00
-8.17600E-06,1.118E+00
-8.17500E-06,1.126E+00
-8.17400E-06,1.126E+00
-8.17300E-06,1.118E+00
-8.17200E-06,1.118E+00
-8.17100E-06,1.118E+00
-8.17000E-06,1.126E+00
-8.16900E-06,1.126E+00
-8.16800E-06,1.118E+00
-8.16700E-06,1.126E+00
-8.16600E-06,1.126E+00
-8.16500E-06,1.126E+00
-8.16400E-06,1.126E+00
-8.16300E-06,1.118E+00
-8.16200E-06,1.110E+00
-8.16100E-06,1.118E+00
-8.16000E-06,1.118E+00
-8.15900E-06,1.110E+00
-8.15800E-06,1.118E+00
-8.15700E-06,1.118E+00
-8.15600E-06,1.126E+00
-8.15500E-06,1.118E+00
-8.15400E-06,1.118E+00
-8.15300E-06,1.118E+00
-8.15200E-06,1.110E+00
-8.15100E-06,1.118E+00
-8.15000E-06,1.118E+00
-8.14900E-06,1.118E+00
-8.14800E-06,1.118E+00
-8.14700E-06,1.118E+00
-8.14600E-06,1.118E+00
-8.14500E-06,1.126E+00
-8.14400E-06,1.126E+00
-8.14300E-06,1.126E+00
-8.14200E-06,1.126E+00
-8.14100E-06,1.126E+00
-8.14000E-06,1.126E+00
-8.13900E-06,1.126E+00
-8.13800E-06,1.118E+00
-8.13700E-06,1.118E+00
-8.13600E-06,1.126E+00
-8.13500E-06,1.126E+00
-8.13400E-06,1.126E+00
-8.13300E-06,1.118E+00
-8.13200E-06,1.118E+00
-8.13100E-06,1.118E+00
-8.13000E-06,1.118E+00
-8.12900E-06,1.118E+00
-8.12800E-06,1.118E+00
-8.12700E-06,1.118E+00
-8.12600E-06,1.110E+00
-8.12500E-06,1.126E+00
-8.12400E-06,1.118E+00
-8.12300E-06,1.118E+00
-8.12200E-06,1.118E+00
-8.12100E-06,1.126E+00
-8.12000E-06,1.118E+00
-8.11900E-06,1.118E+00
-8.11800E-06,1.118E+00
-8.11700E-06,1.126E+00
-8.11600E-06,1.118E+00
-8.11500E-06,1.118E+00
-8.11400E-06,1.118E+00
-8.11300E-06,1.110E+00
-8.11200E-06,1.110E+00
-8.11100E-06,1.118E+00
-8.11000E-06,1.118E+00
-8.10900E-06,1.118E+00
-8.10800E-06,1.118E+00
-8.10700E-06,1.118E+00
-8.10600E-06,1.126E+00
-8.10500E-06,1.126E+00
-8.10400E-06,1.126E+00
-8.10300E-06,1.118E+00
-8.10200E-06,1.118E+00
-8.10100E-06,1.126E+00
-8.10000E-06,1.118E+00
-8.09900E-06,1.126E+00
-8.09800E-06,1.126E+00
-8.09700E-06,1.118E+00
-8.09600E-06,1.118E+00
-8.09500E-06,1.118E+00
-8.09400E-06,1.118E+00
-8.09300E-06,1.118E+00
-8.09200E-06,1.118E+00
-8.09100E-06,1.126E+00
-8.09000E-06,1.126E+00
-8.08900E-06,1.126E+00
-8.08800E-06,1.118E+00
-8.08700E-06,1.126E+00
-8.08600E-06,1.126E+00
-8.08500E-06,1.118E+00
-8.08400E-06,1.110E+00
-8.08300E-06,1.110E+00
-8.08200E-06,1.118E+00
-8.08100E-06,1.126E+00
-8.08000E-06,1.126E+00
-8.07900E-06,1.126E+00
-8.07800E-06,1.118E+00
-8.07700E-06,1.126E+00
-8.07600E-06,1.118E+00
-8.07500E-06,1.126E+00
-8.07400E-06,1.118E+00
-8.07300E-06,1.118E+00
-8.07200E-06,1.126E+00
-8.07100E-06,1.126E+00
-8.07000E-06,1.126E+00
-8.06900E-06,1.126E+00
-8.06800E-06,1.126E+00
-8.06700E-06,1.126E+00
-8.06600E-06,1.126E+00
-8.06500E-06,1.126E+00
-8.06400E-06,1.126E+00
-8.06300E-06,1.118E+00
-8.06200E-06,1.118E+00
-8.06100E-06,1.126E+00
-8.06000E-06,1.126E+00
-8.05900E-06,1.126E+00
-8.05800E-06,1.118E+00
-8.05700E-06,1.110E+00
-8.05600E-06,1.126E+00
-8.05500E-06,1.126E+00
-8.05400E-06,1.126E+00
-8.05300E-06,1.118E+00
-8.05200E-06,1.118E+00
-8.05100E-06,1.126E+00
-8.05000E-06,1.118E+00
-8.04900E-06,1.118E+00
-8.04800E-06,1.118E+00
-8.04700E-06,1.118E+00
-8.04600E-06,1.126E+00
-8.04500E-06,1.134E+00
-8.04400E-06,1.126E+00
-8.04300E-06,1.118E+00
-8.04200E-06,1.118E+00
-8.04100E-06,1.118E+00
-8.04000E-06,1.126E+00
-8.03900E-06,1.126E+00
-8.03800E-06,1.126E+00
-8.03700E-06,1.126E+00
-8.03600E-06,1.126E+00
-8.03500E-06,1.126E+00
-8.03400E-06,1.118E+00
-8.03300E-06,1.110E+00
-8.03200E-06,1.110E+00
-8.03100E-06,1.110E+00
-8.03000E-06,1.118E+00
-8.02900E-06,1.118E+00
-8.02800E-06,1.118E+00
-8.02700E-06,1.118E+00
-8.02600E-06,1.118E+00
-8.02500E-06,1.118E+00
-8.02400E-06,1.118E+00
-8.02300E-06,1.118E+00
-8.02200E-06,1.110E+00
-8.02100E-06,1.126E+00
-8.02000E-06,1.126E+00
-8.01900E-06,1.118E+00
-8.01800E-06,1.118E+00
-8.01700E-06,1.118E+00
-8.01600E-06,1.118E+00
-8.01500E-06,1.126E+00
-8.01400E-06,1.126E+00
-8.01300E-06,1.118E+00
-8.01200E-06,1.118E+00
-8.01100E-06,1.118E+00
-8.01000E-06,1.118E+00
-8.00900E-06,1.126E+00
-8.00800E-06,1.118E+00
-8.00700E-06,1.118E+00
-8.00600E-06,1.126E+00
-8.00500E-06,1.126E+00
-8.00400E-06,1.126E+00
-8.00300E-06,1.118E+00
-8.00200E-06,1.118E+00
-8.00100E-06,1.118E+00
-8.00000E-06,1.118E+00
-7.99900E-06,1.118E+00
-7.99800E-06,1.118E+00
-7.99700E-06,1.118E+00
-7.99600E-06,1.118E+00
-7.99500E-06,1.118E+00
-7.99400E-06,1.118E+00
-7.99300E-06,1.118E+00
-7.99200E-06,1.118E+00
-7.99100E-06,1.118E+00
-7.99000E-06,1.118E+00
-7.98900E-06,1.118E+00
-7.98800E-06,1.118E+00
-7.98700E-06,1.118E+00
-7.98600E-06,1.126E+00
-7.98500E-06,1.126E+00
-7.98400E-06,1.118E+00
-7.98300E-06,1.118E+00
-7.98200E-06,1.118E+00
-7.98100E-06,1.126E+00
-7.98000E-06,1.126E+00
-7.97900E-06,1.118E+00
-7.97800E-06,1.118E+00
-7.97700E-06,1.118E+00
-7.97600E-06,1.118E+00
-7.97500E-06,1.126E+00
-7.97400E-06,1.118E+00
-7.97300E-06,1.118E+00
-7.97200E-06,1.118E+00
-7.97100E-06,1.118E+00
-7.97000E-06,1.118E+00
-7.96900E-06,1.118E+00
-7.96800E-06,1.118E+00
-7.96700E-06,1.118E+00
-7.96600E-06,1.126E+00
-7.96500E-06,1.126E+00
-7.96400E-06,1.126E+00
-7.96300E-06,1.118E+00
-7.96200E-06,1.118E+00
-7.96100E-06,1.118E+00
-7.96000E-06,1.118E+00
-7.95900E-06,1.118E+00
-7.95800E-06,1.118E+00
-7.95700E-06,1.118E+00
-7.95600E-06,1.126E+00
-7.95500E-06,1.118E+00
-7.95400E-06,1.118E+00
-7.95300E-06,1.118E+00
-7.95200E-06,1.126E+00
-7.95100E-06,1.126E+00
-7.95000E-06,1.126E+00
-7.94900E-06,1.126E+00
-7.94800E-06,1.118E+00
-7.94700E-06,1.126E+00
-7.94600E-06,1.126E+00
-7.94500E-06,1.126E+00
-7.94400E-06,1.118E+00
-7.94300E-06,1.118E+00
-7.94200E-06,1.118E+00
-7.94100E-06,1.118E+00
-7.94000E-06,1.126E+00
-7.93900E-06,1.118E+00
-7.93800E-06,1.118E+00
-7.93700E-06,1.118E+00
-7.93600E-06,1.126E+00
-7.93500E-06,1.126E+00
-7.93400E-06,1.126E+00
-7.93300E-06,1.110E+00
-7.93200E-06,1.118E+00
-7.93100E-06,1.126E+00
-7.93000E-06,1.126E+00
-7.92900E-06,1.126E+00
-7.92800E-06,1.118E+00
-7.92700E-06,1.118E+00
-7.92600E-06,1.118E+00
-7.92500E-06,1.118E+00
-7.92400E-06,1.126E+00
-7.92300E-06,1.118E+00
-7.92200E-06,1.118E+00
-7.92100E-06,1.118E+00
-7.92000E-06,1.118E+00
-7.91900E-06,1.118E+00
-7.91800E-06,1.118E+00
-7.91700E-06,1.126E+00
-7.91600E-06,1.126E+00
-7.91500E-06,1.126E+00
-7.91400E-06,1.118E+00
-7.91300E-06,1.118E+00
-7.91200E-06,1.118E+00
-7.91100E-06,1.118E+00
-7.91000E-06,1.118E+00
-7.90900E-06,1.118E+00
-7.90800E-06,1.110E+00
-7.90700E-06,1.118E+00
-7.90600E-06,1.118E+00
-7.90500E-06,1.118E+00
-7.90400E-06,1.118E+00
-7.90300E-06,1.118E+00
-7.90200E-06,1.126E+00
-7.90100E-06,1.126E+00
-7.90000E-06,1.126E+00
-7.89900E-06,1.118E+00
-7.89800E-06,1.110E+00
-7.89700E-06,1.118E+00
-7.89600E-06,1.118E+00
-7.89500E-06,1.126E+00
-7.89400E-06,1.126E+00
-7.89300E-06,1.126E+00
-7.89200E-06,1.118E+00
-7.89100E-06,1.126E+00
-7.89000E-06,1.126E+00
-7.88900E-06,1.118E+00
-7.88800E-06,1.118E+00
-7.88700E-06,1.118E+00
-7.88600E-06,1.126E+00
-7.88500E-06,1.118E+00
-7.88400E-06,1.118E+00
-7.88300E-06,1.118E+00
-7.88200E-06,1.118E+00
-7.88100E-06,1.118E+00
-7.88000E-06,1.118E+00
-7.87900E-06,1.118E+00
-7.87800E-06,1.118E+00
-7.87700E-06,1.118E+00
-7.87600E-06,1.126E+00
-7.87500E-06,1.118E+00
-7.87400E-06,1.118E+00
-7.87300E-06,1.118E+00
-7.87200E-06,1.118E+00
-7.87100E-06,1.118E+00
-7.87000E-06,1.118E+00
-7.86900E-06,1.110E+00
-7.86800E-06,1.118E+00
-7.86700E-06,1.118E+00
-7.86600E-06,1.126E+00
-7.86500E-06,1.134E+00
-7.86400E-06,1.126E+00
-7.86300E-06,1.118E+00
-7.86200E-06,1.110E+00
-7.86100E-06,1.118E+00
-7.86000E-06,1.118E+00
-7.85900E-06,1.118E+00
-7.85800E-06,1.110E+00
-7.85700E-06,1.118E+00
-7.85600E-06,1.118E+00
-7.85500E-06,1.118E+00
-7.85400E-06,1.118E+00
-7.85300E-06,1.118E+00
-7.85200E-06,1.118E+00
-7.85100E-06,1.126E+00
-7.85000E-06,1.118E+00
-7.84900E-06,1.118E+00
-7.84800E-06,1.118E+00
-7.84700E-06,1.126E+00
-7.84600E-06,1.126E+00
-7.84500E-06,1.118E+00
-7.84400E-06,1.118E+00
-7.84300E-06,1.118E+00
-7.84200E-06,1.118E+00
-7.84100E-06,1.118E+00
-7.84000E-06,1.118E+00
-7.83900E-06,1.118E+00
-7.83800E-06,1.118E+00
-7.83700E-06,1.118E+00
-7.83600E-06,1.118E+00
-7.83500E-06,1.126E+00
-7.83400E-06,1.118E+00
-7.83300E-06,1.118E+00
-7.83200E-06,1.118E+00
-7.83100E-06,1.118E+00
-7.83000E-06,1.118E+00
-7.82900E-06,1.118E+00
-7.82800E-06,1.118E+00
-7.82700E-06,1.118E+00
-7.82600E-06,1.126E+00
-7.82500E-06,1.126E+00
-7.82400E-06,1.118E+00
-7.82300E-06,1.118E+00
-7.82200E-06,1.118E+00
-7.82100E-06,1.118E+00
-7.82000E-06,1.126E+00
-7.81900E-06,1.118E+00
-7.81800E-06,1.118E+00
-7.81700E-06,1.118E+00
-7.81600E-06,1.126E+00
-7.81500E-06,1.126E+00
-7.81400E-06,1.118E+00
-7.81300E-06,1.118E+00
-7.81200E-06,1.118E+00
-7.81100E-06,1.118E+00
-7.81000E-06,1.118E+00
-7.80900E-06,1.110E+00
-7.80800E-06,1.110E+00
-7.80700E-06,1.118E+00
-7.80600E-06,1.126E+00
-7.80500E-06,1.134E+00
-7.80400E-06,1.118E+00
-7.80300E-06,1.118E+00
-7.80200E-06,1.118E+00
-7.80100E-06,1.126E+00
-7.80000E-06,1.126E+00
-7.79900E-06,1.126E+00
-7.79800E-06,1.118E+00
-7.79700E-06,1.118E+00
-7.79600E-06,1.118E+00
-7.79500E-06,1.126E+00
-7.79400E-06,1.126E+00
-7.79300E-06,1.118E+00
-7.79200E-06,1.118E+00
-7.79100E-06,1.118E+00
-7.79000E-06,1.118E+00
-7.78900E-06,1.110E+00
-7.78800E-06,1.118E+00
-7.78700E-06,1.110E+00
-7.78600E-06,1.118E+00
-7.78500E-06,1.126E+00
-7.78400E-06,1.126E+00
-7.78300E-06,1.126E+00
-7.78200E-06,1.118E+00
-7.78100E-06,1.118E+00
-7.78000E-06,1.118E+00
-7.77900E-06,1.118E+00
-7.77800E-06,1.110E+00
-7.77700E-06,1.118E+00
-7.77600E-06,1.118E+00
-7.77500E-06,1.126E+00
-7.77400E-06,1.118E+00
-7.77300E-06,1.118E+00
-7.77200E-06,1.118E+00
-7.77100E-06,1.118E+00
-7.77000E-06,1.118E+00
-7.76900E-06,1.118E+00
-7.76800E-06,1.126E+00
-7.76700E-06,1.126E+00
-7.76600E-06,1.126E+00
-7.76500E-06,1.126E+00
-7.76400E-06,1.118E+00
-7.76300E-06,1.118E+00
-7.76200E-06,1.118E+00
-7.76100E-06,1.118E+00
-7.76000E-06,1.118E+00
-7.75900E-06,1.118E+00
-7.75800E-06,1.118E+00
-7.75700E-06,1.118E+00
-7.75600E-06,1.118E+00
-7.75500E-06,1.118E+00
-7.75400E-06,1.126E+00
-7.75300E-06,1.118E+00
-7.75200E-06,1.118E+00
-7.75100E-06,1.118E+00
-7.75000E-06,1.118E+00
-7.74900E-06,1.118E+00
-7.74800E-06,1.110E+00
-7.74700E-06,1.126E+00
-7.74600E-06,1.134E+00
-7.74500E-06,1.134E+00
-7.74400E-06,1.126E+00
-7.74300E-06,1.118E+00
-7.74200E-06,1.118E+00
-7.74100E-06,1.118E+00
-7.74000E-06,1.118E+00
-7.73900E-06,1.118E+00
-7.73800E-06,1.118E+00
-7.73700E-06,1.118E+00
-7.73600E-06,1.118E+00
-7.73500E-06,1.126E+00
-7.73400E-06,1.126E+00
-7.73300E-06,1.118E+00
-7.73200E-06,1.118E+00
-7.73100E-06,1.118E+00
-7.73000E-06,1.118E+00
-7.72900E-06,1.118E+00
-7.72800E-06,1.118E+00
-7.72700E-06,1.118E+00
-7.72600E-06,1.126E+00
-7.72500E-06,1.126E+00
-7.72400E-06,1.126E+00
-7.72300E-06,1.118E+00
-7.72200E-06,1.118E+00
-7.72100E-06,1.126E+00
-7.72000E-06,1.126E+00
-7.71900E-06,1.118E+00
-7.71800E-06,1.118E+00
-7.71700E-06,1.118E+00
-7.71600E-06,1.126E+00
-7.71500E-06,1.126E+00
-7.71400E-06,1.126E+00
-7.71300E-06,1.118E+00
-7.71200E-06,1.118E+00
-7.71100E-06,1.118E+00
-7.71000E-06,1.126E+00
-7.70900E-06,1.126E+00
-7.70800E-06,1.118E+00
-7.70700E-06,1.118E+00
-7.70600E-06,1.118E+00
-7.70500E-06,1.118E+00
-7.70400E-06,1.118E+00
-7.70300E-06,1.126E+00
-7.70200E-06,1.126E+00
-7.70100E-06,1.118E+00
-7.70000E-06,1.118E+00
-7.69900E-06,1.118E+00
-7.69800E-06,1.118E+00
-7.69700E-06,1.118E+00
-7.69600E-06,1.118E+00
-7.69500E-06,1.126E+00
-7.69400E-06,1.118E+00
-7.69300E-06,1.118E+00
-7.69200E-06,1.118E+00
-7.69100E-06,1.126E+00
-7.69000E-06,1.126E+00
-7.68900E-06,1.126E+00
-7.68800E-06,1.118E+00
-7.68700E-06,1.126E+00
-7.68600E-06,1.126E+00
-7.68500E-06,1.126E+00
-7.68400E-06,1.126E+00
-7.68300E-06,1.118E+00
-7.68200E-06,1.118E+00
-7.68100E-06,1.118E+00
-7.68000E-06,1.118E+00
-7.67900E-06,1.118E+00
-7.67800E-06,1.118E+00
-7.67700E-06,1.118E+00
-7.67600E-06,1.126E+00
-7.67500E-06,1.126E+00
-7.67400E-06,1.118E+00
-7.67300E-06,1.118E+00
-7.67200E-06,1.118E+00
-7.67100E-06,1.118E+00
-7.67000E-06,1.126E+00
-7.66900E-06,1.118E+00
-7.66800E-06,1.110E+00
-7.66700E-06,1.126E+00
-7.66600E-06,1.118E+00
-7.66500E-06,1.126E+00
-7.66400E-06,1.118E+00
-7.66300E-06,1.118E+00
-7.66200E-06,1.110E+00
-7.66100E-06,1.126E+00
-7.66000E-06,1.118E+00
-7.65900E-06,1.118E+00
-7.65800E-06,1.110E+00
-7.65700E-06,1.110E+00
-7.65600E-06,1.118E+00
-7.65500E-06,1.126E+00
-7.65400E-06,1.126E+00
-7.65300E-06,1.126E+00
-7.65200E-06,1.118E+00
-7.65100E-06,1.118E+00
-7.65000E-06,1.110E+00
-7.64900E-06,1.110E+00
-7.64800E-06,1.118E+00
-7.64700E-06,1.118E+00
-7.64600E-06,1.126E+00
-7.64500E-06,1.126E+00
-7.64400E-06,1.126E+00
-7.64300E-06,1.126E+00
-7.64200E-06,1.126E+00
-7.64100E-06,1.118E+00
-7.64000E-06,1.118E+00
-7.63900E-06,1.126E+00
-7.63800E-06,1.118E+00
-7.63700E-06,1.126E+00
-7.63600E-06,1.126E+00
-7.63500E-06,1.126E+00
-7.63400E-06,1.110E+00
-7.63300E-06,1.110E+00
-7.63200E-06,1.118E+00
-7.63100E-06,1.118E+00
-7.63000E-06,1.118E+00
-7.62900E-06,1.118E+00
-7.62800E-06,1.110E+00
-7.62700E-06,1.110E+00
-7.62600E-06,1.126E+00
-7.62500E-06,1.126E+00
-7.62400E-06,1.126E+00
-7.62300E-06,1.118E+00
-7.62200E-06,1.118E+00
-7.62100E-06,1.118E+00
-7.62000E-06,1.126E+00
-7.61900E-06,1.118E+00
-7.61800E-06,1.118E+00
-7.61700E-06,1.118E+00
-7.61600E-06,1.126E+00
-7.61500E-06,1.126E+00
-7.61400E-06,1.118E+00
-7.61300E-06,1.118E+00
-7.61200E-06,1.118E+00
-7.61100E-06,1.118E+00
-7.61000E-06,1.118E+00
-7.60900E-06,1.118E+00
-7.60800E-06,1.126E+00
-7.60700E-06,1.118E+00
-7.60600E-06,1.118E+00
-7.60500E-06,1.126E+00
-7.60400E-06,1.126E+00
-7.60300E-06,1.118E+00
-7.60200E-06,1.118E+00
-7.60100E-06,1.126E+00
-7.60000E-06,1.118E+00
-7.59900E-06,1.118E+00
-7.59800E-06,1.118E+00
-7.59700E-06,1.118E+00
-7.59600E-06,1.126E+00
-7.59500E-06,1.126E+00
-7.59400E-06,1.126E+00
-7.59300E-06,1.118E+00
-7.59200E-06,1.126E+00
-7.59100E-06,1.126E+00
-7.59000E-06,1.118E+00
-7.58900E-06,1.118E+00
-7.58800E-06,1.118E+00
-7.58700E-06,1.118E+00
-7.58600E-06,1.118E+00
-7.58500E-06,1.118E+00
-7.58400E-06,1.110E+00
-7.58300E-06,1.110E+00
-7.58200E-06,1.118E+00
-7.58100E-06,1.118E+00
-7.58000E-06,1.110E+00
-7.57900E-06,1.118E+00
-7.57800E-06,1.110E+00
-7.57700E-06,1.110E+00
-7.57600E-06,1.118E+00
-7.57500E-06,1.118E+00
-7.57400E-06,1.118E+00
-7.57300E-06,1.118E+00
-7.57200E-06,1.118E+00
-7.57100E-06,1.118E+00
-7.57000E-06,1.118E+00
-7.56900E-06,1.126E+00
-7.56800E-06,1.126E+00
-7.56700E-06,1.118E+00
-7.56600E-06,1.126E+00
-7.56500E-06,1.126E+00
-7.56400E-06,1.118E+00
-7.56300E-06,1.118E+00
-7.56200E-06,1.118E+00
-7.56100E-06,1.126E+00
-7.56000E-06,1.126E+00
-7.55900E-06,1.110E+00
-7.55800E-06,1.110E+00
-7.55700E-06,1.118E+00
-7.55600E-06,1.126E+00
-7.55500E-06,1.126E+00
-7.55400E-06,1.126E+00
-7.55300E-06,1.126E+00
-7.55200E-06,1.126E+00
-7.55100E-06,1.126E+00
-7.55000E-06,1.126E+00
-7.54900E-06,1.118E+00
-7.54800E-06,1.118E+00
-7.54700E-06,1.118E+00
-7.54600E-06,1.126E+00
-7.54500E-06,1.126E+00
-7.54400E-06,1.126E+00
-7.54300E-06,1.118E+00
-7.54200E-06,1.118E+00
-7.54100E-06,1.126E+00
-7.54000E-06,1.126E+00
-7.53900E-06,1.118E+00
-7.53800E-06,1.110E+00
-7.53700E-06,1.118E+00
-7.53600E-06,1.126E+00
-7.53500E-06,1.126E+00
-7.53400E-06,1.126E+00
-7.53300E-06,1.126E+00
-7.53200E-06,1.118E+00
-7.53100E-06,1.118E+00
-7.53000E-06,1.118E+00
-7.52900E-06,1.118E+00
-7.52800E-06,1.118E+00
-7.52700E-06,1.126E+00
-7.52600E-06,1.126E+00
-7.52500E-06,1.126E+00
-7.52400E-06,1.126E+00
-7.52300E-06,1.118E+00
-7.52200E-06,1.126E+00
-7.52100E-06,1.126E+00
-7.52000E-06,1.118E+00
-7.51900E-06,1.118E+00
-7.51800E-06,1.118E+00
-7.51700E-06,1.118E+00
-7.51600E-06,1.118E+00
-7.51500E-06,1.126E+00
-7.51400E-06,1.126E+00
-7.51300E-06,1.126E+00
-7.51200E-06,1.118E+00
-7.51100E-06,1.126E+00
-7.51000E-06,1.126E+00
-7.50900E-06,1.126E+00
-7.50800E-06,1.118E+00
-7.50700E-06,1.118E+00
-7.50600E-06,1.126E+00
-7.50500E-06,1.118E+00
-7.50400E-06,1.126E+00
-7.50300E-06,1.126E+00
-7.50200E-06,1.118E+00
-7.50100E-06,1.118E+00
-7.50000E-06,1.118E+00
-7.49900E-06,1.118E+00
-7.49800E-06,1.118E+00
-7.49700E-06,1.118E+00
-7.49600E-06,1.126E+00
-7.49500E-06,1.126E+00
-7.49400E-06,1.126E+00
-7.49300E-06,1.118E+00
-7.49200E-06,1.118E+00
-7.49100E-06,1.118E+00
-7.49000E-06,1.118E+00
-7.48900E-06,1.126E+00
-7.48800E-06,1.118E+00
-7.48700E-06,1.118E+00
-7.48600E-06,1.118E+00
-7.48500E-06,1.126E+00
-7.48400E-06,1.118E+00
-7.48300E-06,1.126E+00
-7.48200E-06,1.118E+00
-7.48100E-06,1.126E+00
-7.48000E-06,1.118E+00
-7.47900E-06,1.110E+00
-7.47800E-06,1.110E+00
-7.47700E-06,1.118E+00
-7.47600E-06,1.126E+00
-7.47500E-06,1.126E+00
-7.47400E-06,1.118E+00
-7.47300E-06,1.118E+00
-7.47200E-06,1.118E+00
-7.47100E-06,1.126E+00
-7.47000E-06,1.126E+00
-7.46900E-06,1.126E+00
-7.46800E-06,1.118E+00
-7.46700E-06,1.118E+00
-7.46600E-06,1.126E+00
-7.46500E-06,1.134E+00
-7.46400E-06,1.126E+00
-7.46300E-06,1.126E+00
-7.46200E-06,1.118E+00
-7.46100E-06,1.126E+00
-7.46000E-06,1.118E+00
-7.45900E-06,1.110E+00
-7.45800E-06,1.110E+00
-7.45700E-06,1.118E+00
-7.45600E-06,1.126E+00
-7.45500E-06,1.126E+00
-7.45400E-06,1.126E+00
-7.45300E-06,1.118E+00
-7.45200E-06,1.126E+00
-7.45100E-06,1.118E+00
-7.45000E-06,1.126E+00
-7.44900E-06,1.126E+00
-7.44800E-06,1.126E+00
-7.44700E-06,1.126E+00
-7.44600E-06,1.118E+00
-7.44500E-06,1.126E+00
-7.44400E-06,1.118E+00
-7.44300E-06,1.118E+00
-7.44200E-06,1.118E+00
-7.44100E-06,1.118E+00
-7.44000E-06,1.126E+00
-7.43900E-06,1.126E+00
-7.43800E-06,1.126E+00
-7.43700E-06,1.126E+00
-7.43600E-06,1.126E+00
-7.43500E-06,1.126E+00
-7.43400E-06,1.126E+00
-7.43300E-06,1.118E+00
-7.43200E-06,1.126E+00
-7.43100E-06,1.126E+00
-7.43000E-06,1.118E+00
-7.42900E-06,1.126E+00
-7.42800E-06,1.118E+00
-7.42700E-06,1.118E+00
-7.42600E-06,1.126E+00
-7.42500E-06,1.118E+00
-7.42400E-06,1.118E+00
-7.42300E-06,1.118E+00
-7.42200E-06,1.118E+00
-7.42100E-06,1.126E+00
-7.42000E-06,1.126E+00
-7.41900E-06,1.126E+00
-7.41800E-06,1.126E+00
-7.41700E-06,1.126E+00
-7.41600E-06,1.126E+00
-7.41500E-06,1.134E+00
-7.41400E-06,1.126E+00
-7.41300E-06,1.118E+00
-7.41200E-06,1.118E+00
-7.41100E-06,1.118E+00
-7.41000E-06,1.118E+00
-7.40900E-06,1.118E+00
-7.40800E-06,1.118E+00
-7.40700E-06,1.126E+00
-7.40600E-06,1.134E+00
-7.40500E-06,1.134E+00
-7.40400E-06,1.126E+00
-7.40300E-06,1.118E+00
-7.40200E-06,1.118E+00
-7.40100E-06,1.118E+00
-7.40000E-06,1.126E+00
-7.39900E-06,1.118E+00
-7.39800E-06,1.110E+00
-7.39700E-06,1.118E+00
-7.39600E-06,1.118E+00
-7.39500E-06,1.126E+00
-7.39400E-06,1.118E+00
-7.39300E-06,1.126E+00
-7.39200E-06,1.126E+00
-7.39100E-06,1.134E+00
-7.39000E-06,1.126E+00
-7.38900E-06,1.118E+00
-7.38800E-06,1.118E+00
-7.38700E-06,1.118E+00
-7.38600E-06,1.126E+00
-7.38500E-06,1.126E+00
-7.38400E-06,1.118E+00
-7.38300E-06,1.118E+00
-7.38200E-06,1.118E+00
-7.38100E-06,1.126E+00
-7.38000E-06,1.118E+00
-7.37900E-06,1.118E+00
-7.37800E-06,1.118E+00
-7.37700E-06,1.118E+00
-7.37600E-06,1.126E+00
-7.37500E-06,1.126E+00
-7.37400E-06,1.118E+00
-7.37300E-06,1.118E+00
-7.37200E-06,1.110E+00
-7.37100E-06,1.118E+00
-7.37000E-06,1.118E+00
-7.36900E-06,1.118E+00
-7.36800E-06,1.118E+00
-7.36700E-06,1.118E+00
-7.36600E-06,1.126E+00
-7.36500E-06,1.126E+00
-7.36400E-06,1.126E+00
-7.36300E-06,1.118E+00
-7.36200E-06,1.118E+00
-7.36100E-06,1.118E+00
-7.36000E-06,1.118E+00
-7.35900E-06,1.110E+00
-7.35800E-06,1.110E+00
-7.35700E-06,1.110E+00
-7.35600E-06,1.118E+00
-7.35500E-06,1.118E+00
-7.35400E-06,1.110E+00
-7.35300E-06,1.118E+00
-7.35200E-06,1.126E+00
-7.35100E-06,1.118E+00
-7.35000E-06,1.118E+00
-7.34900E-06,1.118E+00
-7.34800E-06,1.118E+00
-7.34700E-06,1.126E+00
-7.34600E-06,1.126E+00
-7.34500E-06,1.134E+00
-7.34400E-06,1.126E+00
-7.34300E-06,1.126E+00
-7.34200E-06,1.126E+00
-7.34100E-06,1.118E+00
-7.34000E-06,1.118E+00
-7.33900E-06,1.110E+00
-7.33800E-06,1.110E+00
-7.33700E-06,1.118E+00
-7.33600E-06,1.126E+00
-7.33500E-06,1.126E+00
-7.33400E-06,1.118E+00
-7.33300E-06,1.118E+00
-7.33200E-06,1.118E+00
-7.33100E-06,1.110E+00
-7.33000E-06,1.118E+00
-7.32900E-06,1.118E+00
-7.32800E-06,1.110E+00
-7.32700E-06,1.118E+00
-7.32600E-06,1.126E+00
-7.32500E-06,1.134E+00
-7.32400E-06,1.126E+00
-7.32300E-06,1.118E+00
-7.32200E-06,1.118E+00
-7.32100E-06,1.118E+00
-7.32000E-06,1.126E+00
-7.31900E-06,1.118E+00
-7.31800E-06,1.118E+00
-7.31700E-06,1.118E+00
-7.31600E-06,1.126E+00
-7.31500E-06,1.118E+00
-7.31400E-06,1.118E+00
-7.31300E-06,1.118E+00
-7.31200E-06,1.118E+00
-7.31100E-06,1.118E+00
-7.31000E-06,1.118E+00
-7.30900E-06,1.118E+00
-7.30800E-06,1.110E+00
-7.30700E-06,1.110E+00
-7.30600E-06,1.118E+00
-7.30500E-06,1.126E+00
-7.30400E-06,1.118E+00
-7.30300E-06,1.118E+00
-7.30200E-06,1.118E+00
-7.30100E-06,1.118E+00
-7.30000E-06,1.118E+00
-7.29900E-06,1.126E+00
-7.29800E-06,1.118E+00
-7.29700E-06,1.126E+00
-7.29600E-06,1.126E+00
-7.29500E-06,1.126E+00
-7.29400E-06,1.126E+00
-7.29300E-06,1.118E+00
-7.29200E-06,1.126E+00
-7.29100E-06,1.118E+00
-7.29000E-06,1.110E+00
-7.28900E-06,1.118E+00
-7.28800E-06,1.110E+00
-7.28700E-06,1.118E+00
-7.28600E-06,1.118E+00
-7.28500E-06,1.126E+00
-7.28400E-06,1.126E+00
-7.28300E-06,1.126E+00
-7.28200E-06,1.126E+00
-7.28100E-06,1.118E+00
-7.28000E-06,1.118E+00
-7.27900E-06,1.110E+00
-7.27800E-06,1.118E+00
-7.27700E-06,1.126E+00
-7.27600E-06,1.126E+00
-7.27500E-06,1.126E+00
-7.27400E-06,1.118E+00
-7.27300E-06,1.110E+00
-7.27200E-06,1.110E+00
-7.27100E-06,1.118E+00
-7.27000E-06,1.126E+00
-7.26900E-06,1.118E+00
-7.26800E-06,1.118E+00
-7.26700E-06,1.118E+00
-7.26600E-06,1.126E+00
-7.26500E-06,1.126E+00
-7.26400E-06,1.126E+00
-7.26300E-06,1.118E+00
-7.26200E-06,1.126E+00
-7.26100E-06,1.126E+00
-7.26000E-06,1.126E+00
-7.25900E-06,1.118E+00
-7.25800E-06,1.118E+00
-7.25700E-06,1.118E+00
-7.25600E-06,1.126E+00
-7.25500E-06,1.118E+00
-7.25400E-06,1.126E+00
-7.25300E-06,1.126E+00
-7.25200E-06,1.126E+00
-7.25100E-06,1.118E+00
-7.25000E-06,1.126E+00
-7.24900E-06,1.118E+00
-7.24800E-06,1.118E+00
-7.24700E-06,1.118E+00
-7.24600E-06,1.126E+00
-7.24500E-06,1.126E+00
-7.24400E-06,1.118E+00
-7.24300E-06,1.110E+00
-7.24200E-06,1.110E+00
-7.24100E-06,1.110E+00
-7.24000E-06,1.110E+00
-7.23900E-06,1.110E+00
-7.23800E-06,1.110E+00
-7.23700E-06,1.118E+00
-7.23600E-06,1.126E+00
-7.23500E-06,1.118E+00
-7.23400E-06,1.118E+00
-7.23300E-06,1.118E+00
-7.23200E-06,1.118E+00
-7.23100E-06,1.126E+00
-7.23000E-06,1.126E+00
-7.22900E-06,1.126E+00
-7.22800E-06,1.118E+00
-7.22700E-06,1.118E+00
-7.22600E-06,1.126E+00
-7.22500E-06,1.134E+00
-7.22400E-06,1.126E+00
-7.22300E-06,1.118E+00
-7.22200E-06,1.118E+00
-7.22100E-06,1.118E+00
-7.22000E-06,1.126E+00
-7.21900E-06,1.126E+00
-7.21800E-06,1.126E+00
-7.21700E-06,1.126E+00
-7.21600E-06,1.126E+00
-7.21500E-06,1.126E+00
-7.21400E-06,1.126E+00
-7.21300E-06,1.126E+00
-7.21200E-06,1.118E+00
-7.21100E-06,1.126E+00
-7.21000E-06,1.118E+00
-7.20900E-06,1.118E+00
-7.20800E-06,1.118E+00
-7.20700E-06,1.126E+00
-7.20600E-06,1.126E+00
-7.20500E-06,1.126E+00
-7.20400E-06,1.118E+00
-7.20300E-06,1.118E+00
-7.20200E-06,1.118E+00
-7.20100E-06,1.118E+00
-7.20000E-06,1.126E+00
-7.19900E-06,1.118E+00
-7.19800E-06,1.118E+00
-7.19700E-06,1.118E+00
-7.19600E-06,1.126E+00
-7.19500E-06,1.118E+00
-7.19400E-06,1.118E+00
-7.19300E-06,1.118E+00
-7.19200E-06,1.126E+00
-7.19100E-06,1.118E+00
-7.19000E-06,1.118E+00
-7.18900E-06,1.126E+00
-7.18800E-06,1.118E+00
-7.18700E-06,1.118E+00
-7.18600E-06,1.118E+00
-7.18500E-06,1.118E+00
-7.18400E-06,1.126E+00
-7.18300E-06,1.126E+00
-7.18200E-06,1.118E+00
-7.18100E-06,1.118E+00
-7.18000E-06,1.118E+00
-7.17900E-06,1.126E+00
-7.17800E-06,1.110E+00
-7.17700E-06,1.126E+00
-7.17600E-06,1.126E+00
-7.17500E-06,1.126E+00
-7.17400E-06,1.118E+00
-7.17300E-06,1.126E+00
-7.17200E-06,1.118E+00
-7.17100E-06,1.118E+00
-7.17000E-06,1.126E+00
-7.16900E-06,1.118E+00
-7.16800E-06,1.118E+00
-7.16700E-06,1.118E+00
-7.16600E-06,1.118E+00
-7.16500E-06,1.126E+00
-7.16400E-06,1.126E+00
-7.16300E-06,1.118E+00
-7.16200E-06,1.126E+00
-7.16100E-06,1.126E+00
-7.16000E-06,1.126E+00
-7.15900E-06,1.126E+00
-7.15800E-06,1.118E+00
-7.15700E-06,1.118E+00
-7.15600E-06,1.126E+00
-7.15500E-06,1.118E+00
-7.15400E-06,1.118E+00
-7.15300E-06,1.118E+00
-7.15200E-06,1.126E+00
-7.15100E-06,1.118E+00
-7.15000E-06,1.126E+00
-7.14900E-06,1.118E+00
-7.14800E-06,1.110E+00
-7.14700E-06,1.118E+00
-7.14600E-06,1.118E+00
-7.14500E-06,1.118E+00
-7.14400E-06,1.118E+00
-7.14300E-06,1.110E+00
-7.14200E-06,1.118E+00
-7.14100E-06,1.118E+00
-7.14000E-06,1.118E+00
-7.13900E-06,1.110E+00
-7.13800E-06,1.118E+00
-7.13700E-06,1.118E+00
-7.13600E-06,1.126E+00
-7.13500E-06,1.126E+00
-7.13400E-06,1.126E+00
-7.13300E-06,1.118E+00
-7.13200E-06,1.118E+00
-7.13100E-06,1.118E+00
-7.13000E-06,1.118E+00
-7.12900E-06,1.118E+00
-7.12800E-06,1.118E+00
-7.12700E-06,1.110E+00
-7.12600E-06,1.118E+00
-7.12500E-06,1.118E+00
-7.12400E-06,1.126E+00
-7.12300E-06,1.126E+00
-7.12200E-06,1.126E+00
-7.12100E-06,1.126E+00
-7.12000E-06,1.118E+00
-7.11900E-06,1.118E+00
-7.11800E-06,1.118E+00
-7.11700E-06,1.118E+00
-7.11600E-06,1.126E+00
-7.11500E-06,1.118E+00
-7.11400E-06,1.118E+00
-7.11300E-06,1.126E+00
-7.11200E-06,1.118E+00
-7.11100E-06,1.118E+00
-7.11000E-06,1.118E+00
-7.10900E-06,1.118E+00
-7.10800E-06,1.118E+00
-7.10700E-06,1.118E+00
-7.10600E-06,1.126E+00
-7.10500E-06,1.126E+00
-7.10400E-06,1.118E+00
-7.10300E-06,1.118E+00
-7.10200E-06,1.110E+00
-7.10100E-06,1.118E+00
-7.10000E-06,1.126E+00
-7.09900E-06,1.126E+00
-7.09800E-06,1.118E+00
-7.09700E-06,1.118E+00
-7.09600E-06,1.126E+00
-7.09500E-06,1.118E+00
-7.09400E-06,1.118E+00
-7.09300E-06,1.118E+00
-7.09200E-06,1.118E+00
-7.09100E-06,1.118E+00
-7.09000E-06,1.118E+00
-7.08900E-06,1.118E+00
-7.08800E-06,1.118E+00
-7.08700E-06,1.118E+00
-7.08600E-06,1.126E+00
-7.08500E-06,1.118E+00
-7.08400E-06,1.118E+00
-7.08300E-06,1.126E+00
-7.08200E-06,1.118E+00
-7.08100E-06,1.126E+00
-7.08000E-06,1.118E+00
-7.07900E-06,1.118E+00
-7.07800E-06,1.118E+00
-7.07700E-06,1.118E+00
-7.07600E-06,1.118E+00
-7.07500E-06,1.126E+00
-7.07400E-06,1.118E+00
-7.07300E-06,1.118E+00
-7.07200E-06,1.126E+00
-7.07100E-06,1.118E+00
-7.07000E-06,1.126E+00
-7.06900E-06,1.118E+00
-7.06800E-06,1.118E+00
-7.06700E-06,1.118E+00
-7.06600E-06,1.126E+00
-7.06500E-06,1.126E+00
-7.06400E-06,1.118E+00
-7.06300E-06,1.118E+00
-7.06200E-06,1.118E+00
-7.06100E-06,1.118E+00
-7.06000E-06,1.118E+00
-7.05900E-06,1.118E+00
-7.05800E-06,1.118E+00
-7.05700E-06,1.118E+00
-7.05600E-06,1.118E+00
-7.05500E-06,1.118E+00
-7.05400E-06,1.110E+00
-7.05300E-06,1.118E+00
-7.05200E-06,1.126E+00
-7.05100E-06,1.126E+00
-7.05000E-06,1.118E+00
-7.04900E-06,1.126E+00
-7.04800E-06,1.126E+00
-7.04700E-06,1.126E+00
-7.04600E-06,1.126E+00
-7.04500E-06,1.118E+00
-7.04400E-06,1.118E+00
-7.04300E-06,1.110E+00
-7.04200E-06,1.118E+00
-7.04100E-06,1.118E+00
-7.04000E-06,1.118E+00
-7.03900E-06,1.118E+00
-7.03800E-06,1.118E+00
-7.03700E-06,1.118E+00
-7.03600E-06,1.126E+00
-7.03500E-06,1.118E+00
-7.03400E-06,1.118E+00
-7.03300E-06,1.118E+00
-7.03200E-06,1.118E+00
-7.03100E-06,1.110E+00
-7.03000E-06,1.118E+00
-7.02900E-06,1.118E+00
-7.02800E-06,1.118E+00
-7.02700E-06,1.118E+00
-7.02600E-06,1.126E+00
-7.02500E-06,1.126E+00
-7.02400E-06,1.118E+00
-7.02300E-06,1.118E+00
-7.02200E-06,1.118E+00
-7.02100E-06,1.126E+00
-7.02000E-06,1.126E+00
-7.01900E-06,1.118E+00
-7.01800E-06,1.118E+00
-7.01700E-06,1.110E+00
-7.01600E-06,1.118E+00
-7.01500E-06,1.118E+00
-7.01400E-06,1.118E+00
-7.01300E-06,1.118E+00
-7.01200E-06,1.118E+00
-7.01100E-06,1.118E+00
-7.01000E-06,1.118E+00
-7.00900E-06,1.118E+00
-7.00800E-06,1.118E+00
-7.00700E-06,1.118E+00
-7.00600E-06,1.118E+00
-7.00500E-06,1.118E+00
-7.00400E-06,1.118E+00
-7.00300E-06,1.118E+00
-7.00200E-06,1.118E+00
-7.00100E-06,1.126E+00
-7.00000E-06,1.126E+00
-6.99900E-06,1.126E+00
-6.99800E-06,1.126E+00
-6.99700E-06,1.126E+00
-6.99600E-06,1.126E+00
-6.99500E-06,1.126E+00
-6.99400E-06,1.126E+00
-6.99300E-06,1.118E+00
-6.99200E-06,1.110E+00
-6.99100E-06,1.118E+00
-6.99000E-06,1.118E+00
-6.98900E-06,1.118E+00
-6.98800E-06,1.110E+00
-6.98700E-06,1.118E+00
-6.98600E-06,1.118E+00
-6.98500E-06,1.118E+00
-6.98400E-06,1.126E+00
-6.98300E-06,1.118E+00
-6.98200E-06,1.118E+00
-6.98100E-06,1.118E+00
-6.98000E-06,1.118E+00
-6.97900E-06,1.118E+00
-6.97800E-06,1.118E+00
-6.97700E-06,1.110E+00
-6.97600E-06,1.118E+00
-6.97500E-06,1.118E+00
-6.97400E-06,1.126E+00
-6.97300E-06,1.126E+00
-6.97200E-06,1.126E+00
-6.97100E-06,1.126E+00
-6.97000E-06,1.118E+00
-6.96900E-06,1.118E+00
-6.96800E-06,1.118E+00
-6.96700E-06,1.118E+00
-6.96600E-06,1.118E+00
-6.96500E-06,1.126E+00
-6.96400E-06,1.126E+00
-6.96300E-06,1.118E+00
-6.96200E-06,1.126E+00
-6.96100E-06,1.118E+00
-6.96000E-06,1.118E+00
-6.95900E-06,1.126E+00
-6.95800E-06,1.118E+00
-6.95700E-06,1.126E+00
-6.95600E-06,1.118E+00
-6.95500E-06,1.118E+00
-6.95400E-06,1.118E+00
-6.95300E-06,1.110E+00
-6.95200E-06,1.118E+00
-6.95100E-06,1.126E+00
-6.95000E-06,1.118E+00
-6.94900E-06,1.126E+00
-6.94800E-06,1.118E+00
-6.94700E-06,1.118E+00
-6.94600E-06,1.126E+00
-6.94500E-06,1.118E+00
-6.94400E-06,1.126E+00
-6.94300E-06,1.126E+00
-6.94200E-06,1.126E+00
-6.94100E-06,1.126E+00
-6.94000E-06,1.118E+00
-6.93900E-06,1.118E+00
-6.93800E-06,1.118E+00
-6.93700E-06,1.126E+00
-6.93600E-06,1.126E+00
-6.93500E-06,1.126E+00
-6.93400E-06,1.118E+00
-6.93300E-06,1.118E+00
-6.93200E-06,1.118E+00
-6.93100E-06,1.118E+00
-6.93000E-06,1.118E+00
-6.92900E-06,1.118E+00
-6.92800E-06,1.110E+00
-6.92700E-06,1.118E+00
-6.92600E-06,1.126E+00
-6.92500E-06,1.126E+00
-6.92400E-06,1.118E+00
-6.92300E-06,1.118E+00
-6.92200E-06,1.118E+00
-6.92100E-06,1.126E+00
-6.92000E-06,1.126E+00
-6.91900E-06,1.110E+00
-6.91800E-06,1.118E+00
-6.91700E-06,1.126E+00
-6.91600E-06,1.118E+00
-6.91500E-06,1.126E+00
-6.91400E-06,1.126E+00
-6.91300E-06,1.110E+00
-6.91200E-06,1.118E+00
-6.91100E-06,1.110E+00
-6.91000E-06,1.110E+00
-6.90900E-06,1.118E+00
-6.90800E-06,1.118E+00
-6.90700E-06,1.118E+00
-6.90600E-06,1.118E+00
-6.90500E-06,1.126E+00
-6.90400E-06,1.126E+00
-6.90300E-06,1.118E+00
-6.90200E-06,1.118E+00
-6.90100E-06,1.118E+00
-6.90000E-06,1.126E+00
-6.89900E-06,1.118E+00
-6.89800E-06,1.118E+00
-6.89700E-06,1.118E+00
-6.89600E-06,1.126E+00
-6.89500E-06,1.126E+00
-6.89400E-06,1.126E+00
-6.89300E-06,1.126E+00
-6.89200E-06,1.118E+00
-6.89100E-06,1.118E+00
-6.89000E-06,1.118E+00
-6.88900E-06,1.118E+00
-6.88800E-06,1.118E+00
-6.88700E-06,1.118E+00
-6.88600E-06,1.126E+00
-6.88500E-06,1.126E+00
-6.88400E-06,1.118E+00
-6.88300E-06,1.118E+00
-6.88200E-06,1.118E+00
-6.88100E-06,1.118E+00
-6.88000E-06,1.118E+00
-6.87900E-06,1.118E+00
-6.87800E-06,1.126E+00
-6.87700E-06,1.126E+00
-6.87600E-06,1.134E+00
-6.87500E-06,1.134E+00
-6.87400E-06,1.134E+00
-6.87300E-06,1.126E+00
-6.87200E-06,1.126E+00
-6.87100E-06,1.126E+00
-6.87000E-06,1.126E+00
-6.86900E-06,1.118E+00
-6.86800E-06,1.118E+00
-6.86700E-06,1.118E+00
-6.86600E-06,1.118E+00
-6.86500E-06,1.126E+00
-6.86400E-06,1.118E+00
-6.86300E-06,1.118E+00
-6.86200E-06,1.118E+00
-6.86100E-06,1.118E+00
-6.86000E-06,1.118E+00
-6.85900E-06,1.110E+00
-6.85800E-06,1.110E+00
-6.85700E-06,1.110E+00
-6.85600E-06,1.118E+00
-6.85500E-06,1.118E+00
-6.85400E-06,1.118E+00
-6.85300E-06,1.118E+00
-6.85200E-06,1.118E+00
-6.85100E-06,1.126E+00
-6.85000E-06,1.126E+00
-6.84900E-06,1.118E+00
-6.84800E-06,1.118E+00
-6.84700E-06,1.118E+00
-6.84600E-06,1.126E+00
-6.84500E-06,1.118E+00
-6.84400E-06,1.118E+00
-6.84300E-06,1.126E+00
-6.84200E-06,1.118E+00
-6.84100E-06,1.126E+00
-6.84000E-06,1.118E+00
-6.83900E-06,1.118E+00
-6.83800E-06,1.110E+00
-6.83700E-06,1.118E+00
-6.83600E-06,1.126E+00
-6.83500E-06,1.126E+00
-6.83400E-06,1.126E+00
-6.83300E-06,1.126E+00
-6.83200E-06,1.126E+00
-6.83100E-06,1.126E+00
-6.83000E-06,1.126E+00
-6.82900E-06,1.118E+00
-6.82800E-06,1.118E+00
-6.82700E-06,1.118E+00
-6.82600E-06,1.118E+00
-6.82500E-06,1.118E+00
-6.82400E-06,1.126E+00
-6.82300E-06,1.126E+00
-6.82200E-06,1.126E+00
-6.82100E-06,1.126E+00
-6.82000E-06,1.126E+00
-6.81900E-06,1.118E+00
-6.81800E-06,1.118E+00
-6.81700E-06,1.110E+00
-6.81600E-06,1.118E+00
-6.81500E-06,1.118E+00
-6.81400E-06,1.118E+00
-6.81300E-06,1.118E+00
-6.81200E-06,1.118E+00
-6.81100E-06,1.118E+00
-6.81000E-06,1.126E+00
-6.80900E-06,1.126E+00
-6.80800E-06,1.126E+00
-6.80700E-06,1.126E+00
-6.80600E-06,1.126E+00
-6.80500E-06,1.126E+00
-6.80400E-06,1.118E+00
-6.80300E-06,1.118E+00
-6.80200E-06,1.118E+00
-6.80100E-06,1.118E+00
-6.80000E-06,1.126E+00
-6.79900E-06,1.118E+00
-6.79800E-06,1.118E+00
-6.79700E-06,1.126E+00
-6.79600E-06,1.126E+00
-6.79500E-06,1.118E+00
-6.79400E-06,1.118E+00
-6.79300E-06,1.118E+00
-6.79200E-06,1.118E+00
-6.79100E-06,1.126E+00
-6.79000E-06,1.126E+00
-6.78900E-06,1.118E+00
-6.78800E-06,1.118E+00
-6.78700E-06,1.118E+00
-6.78600E-06,1.126E+00
-6.78500E-06,1.126E+00
-6.78400E-06,1.126E+00
-6.78300E-06,1.118E+00
-6.78200E-06,1.126E+00
-6.78100E-06,1.126E+00
-6.78000E-06,1.126E+00
-6.77900E-06,1.118E+00
-6.77800E-06,1.110E+00
-6.77700E-06,1.118E+00
-6.77600E-06,1.118E+00
-6.77500E-06,1.118E+00
-6.77400E-06,1.118E+00
-6.77300E-06,1.118E+00
-6.77200E-06,1.118E+00
-6.77100E-06,1.126E+00
-6.77000E-06,1.126E+00
-6.76900E-06,1.118E+00
-6.76800E-06,1.110E+00
-6.76700E-06,1.110E+00
-6.76600E-06,1.118E+00
-6.76500E-06,1.118E+00
-6.76400E-06,1.118E+00
-6.76300E-06,1.118E+00
-6.76200E-06,1.118E+00
-6.76100E-06,1.118E+00
-6.76000E-06,1.118E+00
-6.75900E-06,1.118E+00
-6.75800E-06,1.110E+00
-6.75700E-06,1.126E+00
-6.75600E-06,1.126E+00
-6.75500E-06,1.126E+00
-6.75400E-06,1.126E+00
-6.75300E-06,1.118E+00
-6.75200E-06,1.118E+00
-6.75100E-06,1.126E+00
-6.75000E-06,1.126E+00
-6.74900E-06,1.126E+00
-6.74800E-06,1.118E+00
-6.74700E-06,1.118E+00
-6.74600E-06,1.126E+00
-6.74500E-06,1.126E+00
-6.74400E-06,1.118E+00
-6.74300E-06,1.118E+00
-6.74200E-06,1.126E+00
-6.74100E-06,1.126E+00
-6.74000E-06,1.126E+00
-6.73900E-06,1.126E+00
-6.73800E-06,1.118E+00
-6.73700E-06,1.118E+00
-6.73600E-06,1.118E+00
-6.73500E-06,1.118E+00
-6.73400E-06,1.126E+00
-6.73300E-06,1.126E+00
-6.73200E-06,1.118E+00
-6.73100E-06,1.118E+00
-6.73000E-06,1.118E+00
-6.72900E-06,1.118E+00
-6.72800E-06,1.118E+00
-6.72700E-06,1.118E+00
-6.72600E-06,1.126E+00
-6.72500E-06,1.126E+00
-6.72400E-06,1.118E+00
-6.72300E-06,1.118E+00
-6.72200E-06,1.126E+00
-6.72100E-06,1.126E+00
-6.72000E-06,1.126E+00
-6.71900E-06,1.118E+00
-6.71800E-06,1.126E+00
-6.71700E-06,1.118E+00
-6.71600E-06,1.126E+00
-6.71500E-06,1.126E+00
-6.71400E-06,1.126E+00
-6.71300E-06,1.118E+00
-6.71200E-06,1.118E+00
-6.71100E-06,1.126E+00
-6.71000E-06,1.126E+00
-6.70900E-06,1.126E+00
-6.70800E-06,1.118E+00
-6.70700E-06,1.118E+00
-6.70600E-06,1.118E+00
-6.70500E-06,1.126E+00
-6.70400E-06,1.126E+00
-6.70300E-06,1.118E+00
-6.70200E-06,1.126E+00
-6.70100E-06,1.126E+00
-6.70000E-06,1.126E+00
-6.69900E-06,1.126E+00
-6.69800E-06,1.118E+00
-6.69700E-06,1.118E+00
-6.69600E-06,1.118E+00
-6.69500E-06,1.126E+00
-6.69400E-06,1.118E+00
-6.69300E-06,1.126E+00
-6.69200E-06,1.126E+00
-6.69100E-06,1.126E+00
-6.69000E-06,1.126E+00
-6.68900E-06,1.118E+00
-6.68800E-06,1.118E+00
-6.68700E-06,1.126E+00
-6.68600E-06,1.118E+00
-6.68500E-06,1.126E+00
-6.68400E-06,1.126E+00
-6.68300E-06,1.118E+00
-6.68200E-06,1.118E+00
-6.68100E-06,1.126E+00
-6.68000E-06,1.126E+00
-6.67900E-06,1.118E+00
-6.67800E-06,1.118E+00
-6.67700E-06,1.118E+00
-6.67600E-06,1.118E+00
-6.67500E-06,1.118E+00
-6.67400E-06,1.118E+00
-6.67300E-06,1.118E+00
-6.67200E-06,1.126E+00
-6.67100E-06,1.126E+00
-6.67000E-06,1.126E+00
-6.66900E-06,1.126E+00
-6.66800E-06,1.118E+00
-6.66700E-06,1.118E+00
-6.66600E-06,1.126E+00
-6.66500E-06,1.118E+00
-6.66400E-06,1.126E+00
-6.66300E-06,1.126E+00
-6.66200E-06,1.118E+00
-6.66100E-06,1.118E+00
-6.66000E-06,1.126E+00
-6.65900E-06,1.118E+00
-6.65800E-06,1.110E+00
-6.65700E-06,1.118E+00
-6.65600E-06,1.126E+00
-6.65500E-06,1.126E+00
-6.65400E-06,1.126E+00
-6.65300E-06,1.126E+00
-6.65200E-06,1.118E+00
-6.65100E-06,1.126E+00
-6.65000E-06,1.118E+00
-6.64900E-06,1.110E+00
-6.64800E-06,1.118E+00
-6.64700E-06,1.118E+00
-6.64600E-06,1.126E+00
-6.64500E-06,1.134E+00
-6.64400E-06,1.126E+00
-6.64300E-06,1.118E+00
-6.64200E-06,1.126E+00
-6.64100E-06,1.126E+00
-6.64000E-06,1.126E+00
-6.63900E-06,1.118E+00
-6.63800E-06,1.118E+00
-6.63700E-06,1.126E+00
-6.63600E-06,1.126E+00
-6.63500E-06,1.118E+00
-6.63400E-06,1.118E+00
-6.63300E-06,1.118E+00
-6.63200E-06,1.110E+00
-6.63100E-06,1.126E+00
-6.63000E-06,1.126E+00
-6.62900E-06,1.126E+00
-6.62800E-06,1.126E+00
-6.62700E-06,1.118E+00
-6.62600E-06,1.126E+00
-6.62500E-06,1.126E+00
-6.62400E-06,1.118E+00
-6.62300E-06,1.118E+00
-6.62200E-06,1.118E+00
-6.62100E-06,1.118E+00
-6.62000E-06,1.118E+00
-6.61900E-06,1.110E+00
-6.61800E-06,1.110E+00
-6.61700E-06,1.118E+00
-6.61600E-06,1.126E+00
-6.61500E-06,1.118E+00
-6.61400E-06,1.118E+00
-6.61300E-06,1.118E+00
-6.61200E-06,1.118E+00
-6.61100E-06,1.118E+00
-6.61000E-06,1.118E+00
-6.60900E-06,1.118E+00
-6.60800E-06,1.110E+00
-6.60700E-06,1.118E+00
-6.60600E-06,1.126E+00
-6.60500E-06,1.126E+00
-6.60400E-06,1.118E+00
-6.60300E-06,1.110E+00
-6.60200E-06,1.118E+00
-6.60100E-06,1.126E+00
-6.60000E-06,1.126E+00
-6.59900E-06,1.118E+00
-6.59800E-06,1.118E+00
-6.59700E-06,1.126E+00
-6.59600E-06,1.134E+00
-6.59500E-06,1.126E+00
-6.59400E-06,1.126E+00
-6.59300E-06,1.118E+00
-6.59200E-06,1.118E+00
-6.59100E-06,1.118E+00
-6.59000E-06,1.126E+00
-6.58900E-06,1.118E+00
-6.58800E-06,1.118E+00
-6.58700E-06,1.126E+00
-6.58600E-06,1.126E+00
-6.58500E-06,1.126E+00
-6.58400E-06,1.118E+00
-6.58300E-06,1.118E+00
-6.58200E-06,1.118E+00
-6.58100E-06,1.126E+00
-6.58000E-06,1.118E+00
-6.57900E-06,1.118E+00
-6.57800E-06,1.118E+00
-6.57700E-06,1.110E+00
-6.57600E-06,1.118E+00
-6.57500E-06,1.126E+00
-6.57400E-06,1.126E+00
-6.57300E-06,1.126E+00
-6.57200E-06,1.126E+00
-6.57100E-06,1.126E+00
-6.57000E-06,1.118E+00
-6.56900E-06,1.118E+00
-6.56800E-06,1.118E+00
-6.56700E-06,1.118E+00
-6.56600E-06,1.118E+00
-6.56500E-06,1.118E+00
-6.56400E-06,1.118E+00
-6.56300E-06,1.126E+00
-6.56200E-06,1.126E+00
-6.56100E-06,1.126E+00
-6.56000E-06,1.126E+00
-6.55900E-06,1.118E+00
-6.55800E-06,1.118E+00
-6.55700E-06,1.118E+00
-6.55600E-06,1.118E+00
-6.55500E-06,1.126E+00
-6.55400E-06,1.126E+00
-6.55300E-06,1.118E+00
-6.55200E-06,1.118E+00
-6.55100E-06,1.118E+00
-6.55000E-06,1.118E+00
-6.54900E-06,1.118E+00
-6.54800E-06,1.118E+00
-6.54700E-06,1.118E+00
-6.54600E-06,1.118E+00
-6.54500E-06,1.126E+00
-6.54400E-06,1.126E+00
-6.54300E-06,1.126E+00
-6.54200E-06,1.126E+00
-6.54100E-06,1.126E+00
-6.54000E-06,1.126E+00
-6.53900E-06,1.118E+00
-6.53800E-06,1.118E+00
-6.53700E-06,1.118E+00
-6.53600E-06,1.110E+00
-6.53500E-06,1.118E+00
-6.53400E-06,1.118E+00
-6.53300E-06,1.126E+00
-6.53200E-06,1.118E+00
-6.53100E-06,1.126E+00
-6.53000E-06,1.126E+00
-6.52900E-06,1.118E+00
-6.52800E-06,1.118E+00
-6.52700E-06,1.118E+00
-6.52600E-06,1.126E+00
-6.52500E-06,1.126E+00
-6.52400E-06,1.126E+00
-6.52300E-06,1.126E+00
-6.52200E-06,1.118E+00
-6.52100E-06,1.126E+00
-6.52000E-06,1.126E+00
-6.51900E-06,1.110E+00
-6.51800E-06,1.110E+00
-6.51700E-06,1.126E+00
-6.51600E-06,1.126E+00
-6.51500E-06,1.134E+00
-6.51400E-06,1.126E+00
-6.51300E-06,1.118E+00
-6.51200E-06,1.110E+00
-6.51100E-06,1.118E+00
-6.51000E-06,1.126E+00
-6.50900E-06,1.118E+00
-6.50800E-06,1.126E+00
-6.50700E-06,1.126E+00
-6.50600E-06,1.134E+00
-6.50500E-06,1.134E+00
-6.50400E-06,1.126E+00
-6.50300E-06,1.118E+00
-6.50200E-06,1.118E+00
-6.50100E-06,1.118E+00
-6.50000E-06,1.118E+00
-6.49900E-06,1.126E+00
-6.49800E-06,1.118E+00
-6.49700E-06,1.118E+00
-6.49600E-06,1.126E+00
-6.49500E-06,1.134E+00
-6.49400E-06,1.126E+00
-6.49300E-06,1.126E+00
-6.49200E-06,1.118E+00
-6.49100E-06,1.126E+00
-6.49000E-06,1.126E+00
-6.48900E-06,1.118E+00
-6.48800E-06,1.118E+00
-6.48700E-06,1.118E+00
-6.48600E-06,1.118E+00
-6.48500E-06,1.126E+00
-6.48400E-06,1.118E+00
-6.48300E-06,1.118E+00
-6.48200E-06,1.118E+00
-6.48100E-06,1.118E+00
-6.48000E-06,1.118E+00
-6.47900E-06,1.118E+00
-6.47800E-06,1.118E+00
-6.47700E-06,1.126E+00
-6.47600E-06,1.126E+00
-6.47500E-06,1.126E+00
-6.47400E-06,1.118E+00
-6.47300E-06,1.118E+00
-6.47200E-06,1.118E+00
-6.47100E-06,1.118E+00
-6.47000E-06,1.126E+00
-6.46900E-06,1.118E+00
-6.46800E-06,1.118E+00
-6.46700E-06,1.126E+00
-6.46600E-06,1.126E+00
-6.46500E-06,1.126E+00
-6.46400E-06,1.126E+00
-6.46300E-06,1.118E+00
-6.46200E-06,1.118E+00
-6.46100E-06,1.118E+00
-6.46000E-06,1.118E+00
-6.45900E-06,1.110E+00
-6.45800E-06,1.118E+00
-6.45700E-06,1.118E+00
-6.45600E-06,1.118E+00
-6.45500E-06,1.118E+00
-6.45400E-06,1.118E+00
-6.45300E-06,1.126E+00
-6.45200E-06,1.118E+00
-6.45100E-06,1.126E+00
-6.45000E-06,1.126E+00
-6.44900E-06,1.118E+00
-6.44800E-06,1.126E+00
-6.44700E-06,1.118E+00
-6.44600E-06,1.126E+00
-6.44500E-06,1.126E+00
-6.44400E-06,1.118E+00
-6.44300E-06,1.118E+00
-6.44200E-06,1.126E+00
-6.44100E-06,1.126E+00
-6.44000E-06,1.118E+00
-6.43900E-06,1.118E+00
-6.43800E-06,1.110E+00
-6.43700E-06,1.118E+00
-6.43600E-06,1.126E+00
-6.43500E-06,1.118E+00
-6.43400E-06,1.118E+00
-6.43300E-06,1.118E+00
-6.43200E-06,1.118E+00
-6.43100E-06,1.126E+00
-6.43000E-06,1.126E+00
-6.42900E-06,1.118E+00
-6.42800E-06,1.110E+00
-6.42700E-06,1.110E+00
-6.42600E-06,1.118E+00
-6.42500E-06,1.126E+00
-6.42400E-06,1.126E+00
-6.42300E-06,1.118E+00
-6.42200E-06,1.118E+00
-6.42100E-06,1.118E+00
-6.42000E-06,1.126E+00
-6.41900E-06,1.118E+00
-6.41800E-06,1.118E+00
-6.41700E-06,1.110E+00
-6.41600E-06,1.118E+00
-6.41500E-06,1.126E+00
-6.41400E-06,1.118E+00
-6.41300E-06,1.118E+00
-6.41200E-06,1.118E+00
-6.41100E-06,1.118E+00
-6.41000E-06,1.110E+00
-6.40900E-06,1.110E+00
-6.40800E-06,1.110E+00
-6.40700E-06,1.118E+00
-6.40600E-06,1.110E+00
-6.40500E-06,1.118E+00
-6.40400E-06,1.110E+00
-6.40300E-06,1.118E+00
-6.40200E-06,1.118E+00
-6.40100E-06,1.118E+00
-6.40000E-06,1.110E+00
-6.39900E-06,1.110E+00
-6.39800E-06,1.118E+00
-6.39700E-06,1.118E+00
-6.39600E-06,1.126E+00
-6.39500E-06,1.126E+00
-6.39400E-06,1.118E+00
-6.39300E-06,1.118E+00
-6.39200E-06,1.118E+00
-6.39100E-06,1.118E+00
-6.39000E-06,1.126E+00
-6.38900E-06,1.126E+00
-6.38800E-06,1.118E+00
-6.38700E-06,1.118E+00
-6.38600E-06,1.118E+00
-6.38500E-06,1.126E+00
-6.38400E-06,1.118E+00
-6.38300E-06,1.110E+00
-6.38200E-06,1.110E+00
-6.38100E-06,1.110E+00
-6.38000E-06,1.118E+00
-6.37900E-06,1.110E+00
-6.37800E-06,1.110E+00
-6.37700E-06,1.118E+00
-6.37600E-06,1.126E+00
-6.37500E-06,1.118E+00
-6.37400E-06,1.118E+00
-6.37300E-06,1.118E+00
-6.37200E-06,1.118E+00
-6.37100E-06,1.118E+00
-6.37000E-06,1.118E+00
-6.36900E-06,1.118E+00
-6.36800E-06,1.110E+00
-6.36700E-06,1.118E+00
-6.36600E-06,1.118E+00
-6.36500E-06,1.126E+00
-6.36400E-06,1.126E+00
-6.36300E-06,1.118E+00
-6.36200E-06,1.118E+00
-6.36100E-06,1.118E+00
-6.36000E-06,1.118E+00
-6.35900E-06,1.118E+00
-6.35800E-06,1.118E+00
-6.35700E-06,1.118E+00
-6.35600E-06,1.126E+00
-6.35500E-06,1.126E+00
-6.35400E-06,1.118E+00
-6.35300E-06,1.110E+00
-6.35200E-06,1.118E+00
-6.35100E-06,1.126E+00
-6.35000E-06,1.126E+00
-6.34900E-06,1.126E+00
-6.34800E-06,1.118E+00
-6.34700E-06,1.118E+00
-6.34600E-06,1.126E+00
-6.34500E-06,1.126E+00
-6.34400E-06,1.126E+00
-6.34300E-06,1.126E+00
-6.34200E-06,1.126E+00
-6.34100E-06,1.118E+00
-6.34000E-06,1.126E+00
-6.33900E-06,1.126E+00
-6.33800E-06,1.126E+00
-6.33700E-06,1.126E+00
-6.33600E-06,1.126E+00
-6.33500E-06,1.126E+00
-6.33400E-06,1.118E+00
-6.33300E-06,1.126E+00
-6.33200E-06,1.118E+00
-6.33100E-06,1.118E+00
-6.33000E-06,1.126E+00
-6.32900E-06,1.118E+00
-6.32800E-06,1.118E+00
-6.32700E-06,1.118E+00
-6.32600E-06,1.118E+00
-6.32500E-06,1.126E+00
-6.32400E-06,1.126E+00
-6.32300E-06,1.118E+00
-6.32200E-06,1.126E+00
-6.32100E-06,1.126E+00
-6.32000E-06,1.126E+00
-6.31900E-06,1.118E+00
-6.31800E-06,1.118E+00
-6.31700E-06,1.118E+00
-6.31600E-06,1.118E+00
-6.31500E-06,1.126E+00
-6.31400E-06,1.118E+00
-6.31300E-06,1.118E+00
-6.31200E-06,1.118E+00
-6.31100E-06,1.126E+00
-6.31000E-06,1.126E+00
-6.30900E-06,1.118E+00
-6.30800E-06,1.118E+00
-6.30700E-06,1.126E+00
-6.30600E-06,1.126E+00
-6.30500E-06,1.126E+00
-6.30400E-06,1.126E+00
-6.30300E-06,1.118E+00
-6.30200E-06,1.126E+00
-6.30100E-06,1.126E+00
-6.30000E-06,1.126E+00
-6.29900E-06,1.118E+00
-6.29800E-06,1.118E+00
-6.29700E-06,1.110E+00
-6.29600E-06,1.118E+00
-6.29500E-06,1.118E+00
-6.29400E-06,1.118E+00
-6.29300E-06,1.118E+00
-6.29200E-06,1.118E+00
-6.29100E-06,1.118E+00
-6.29000E-06,1.126E+00
-6.28900E-06,1.126E+00
-6.28800E-06,1.118E+00
-6.28700E-06,1.118E+00
-6.28600E-06,1.118E+00
-6.28500E-06,1.126E+00
-6.28400E-06,1.118E+00
-6.28300E-06,1.110E+00
-6.28200E-06,1.118E+00
-6.28100E-06,1.118E+00
-6.28000E-06,1.126E+00
-6.27900E-06,1.126E+00
-6.27800E-06,1.118E+00
-6.27700E-06,1.110E+00
-6.27600E-06,1.118E+00
-6.27500E-06,1.126E+00
-6.27400E-06,1.118E+00
-6.27300E-06,1.110E+00
-6.27200E-06,1.110E+00
-6.27100E-06,1.118E+00
-6.27000E-06,1.126E+00
-6.26900E-06,1.126E+00
-6.26800E-06,1.118E+00
-6.26700E-06,1.126E+00
-6.26600E-06,1.126E+00
-6.26500E-06,1.126E+00
-6.26400E-06,1.126E+00
-6.26300E-06,1.118E+00
-6.26200E-06,1.118E+00
-6.26100E-06,1.118E+00
-6.26000E-06,1.118E+00
-6.25900E-06,1.118E+00
-6.25800E-06,1.118E+00
-6.25700E-06,1.118E+00
-6.25600E-06,1.126E+00
-6.25500E-06,1.126E+00
-6.25400E-06,1.118E+00
-6.25300E-06,1.118E+00
-6.25200E-06,1.118E+00
-6.25100E-06,1.118E+00
-6.25000E-06,1.118E+00
-6.24900E-06,1.118E+00
-6.24800E-06,1.118E+00
-6.24700E-06,1.126E+00
-6.24600E-06,1.126E+00
-6.24500E-06,1.126E+00
-6.24400E-06,1.118E+00
-6.24300E-06,1.118E+00
-6.24200E-06,1.118E+00
-6.24100E-06,1.118E+00
-6.24000E-06,1.126E+00
-6.23900E-06,1.126E+00
-6.23800E-06,1.118E+00
-6.23700E-06,1.118E+00
-6.23600E-06,1.118E+00
-6.23500E-06,1.118E+00
-6.23400E-06,1.118E+00
-6.23300E-06,1.118E+00
-6.23200E-06,1.118E+00
-6.23100E-06,1.118E+00
-6.23000E-06,1.118E+00
-6.22900E-06,1.126E+00
-6.22800E-06,1.118E+00
-6.22700E-06,1.118E+00
-6.22600E-06,1.110E+00
-6.22500E-06,1.118E+00
-6.22400E-06,1.118E+00
-6.22300E-06,1.118E+00
-6.22200E-06,1.118E+00
-6.22100E-06,1.126E+00
-6.22000E-06,1.118E+00
-6.21900E-06,1.118E+00
-6.21800E-06,1.118E+00
-6.21700E-06,1.118E+00
-6.21600E-06,1.126E+00
-6.21500E-06,1.126E+00
-6.21400E-06,1.118E+00
-6.21300E-06,1.110E+00
-6.21200E-06,1.118E+00
-6.21100E-06,1.126E+00
-6.21000E-06,1.126E+00
-6.20900E-06,1.118E+00
-6.20800E-06,1.118E+00
-6.20700E-06,1.118E+00
-6.20600E-06,1.126E+00
-6.20500E-06,1.126E+00
-6.20400E-06,1.118E+00
-6.20300E-06,1.118E+00
-6.20200E-06,1.118E+00
-6.20100E-06,1.126E+00
-6.20000E-06,1.118E+00
-6.19900E-06,1.118E+00
-6.19800E-06,1.118E+00
-6.19700E-06,1.118E+00
-6.19600E-06,1.118E+00
-6.19500E-06,1.118E+00
-6.19400E-06,1.118E+00
-6.19300E-06,1.118E+00
-6.19200E-06,1.118E+00
-6.19100E-06,1.126E+00
-6.19000E-06,1.126E+00
-6.18900E-06,1.118E+00
-6.18800E-06,1.110E+00
-6.18700E-06,1.118E+00
-6.18600E-06,1.126E+00
-6.18500E-06,1.126E+00
-6.18400E-06,1.126E+00
-6.18300E-06,1.118E+00
-6.18200E-06,1.126E+00
-6.18100E-06,1.118E+00
-6.18000E-06,1.118E+00
-6.17900E-06,1.126E+00
-6.17800E-06,1.118E+00
-6.17700E-06,1.118E+00
-6.17600E-06,1.126E+00
-6.17500E-06,1.118E+00
-6.17400E-06,1.118E+00
-6.17300E-06,1.126E+00
-6.17200E-06,1.126E+00
-6.17100E-06,1.126E+00
-6.17000E-06,1.126E+00
-6.16900E-06,1.126E+00
-6.16800E-06,1.118E+00
-6.16700E-06,1.126E+00
-6.16600E-06,1.126E+00
-6.16500E-06,1.118E+00
-6.16400E-06,1.118E+00
-6.16300E-06,1.118E+00
-6.16200E-06,1.118E+00
-6.16100E-06,1.118E+00
-6.16000E-06,1.118E+00
-6.15900E-06,1.118E+00
-6.15800E-06,1.118E+00
-6.15700E-06,1.126E+00
-6.15600E-06,1.126E+00
-6.15500E-06,1.126E+00
-6.15400E-06,1.126E+00
-6.15300E-06,1.118E+00
-6.15200E-06,1.118E+00
-6.15100E-06,1.118E+00
-6.15000E-06,1.118E+00
-6.14900E-06,1.118E+00
-6.14800E-06,1.118E+00
-6.14700E-06,1.118E+00
-6.14600E-06,1.126E+00
-6.14500E-06,1.134E+00
-6.14400E-06,1.126E+00
-6.14300E-06,1.118E+00
-6.14200E-06,1.118E+00
-6.14100E-06,1.126E+00
-6.14000E-06,1.118E+00
-6.13900E-06,1.118E+00
-6.13800E-06,1.118E+00
-6.13700E-06,1.126E+00
-6.13600E-06,1.126E+00
-6.13500E-06,1.126E+00
-6.13400E-06,1.110E+00
-6.13300E-06,1.110E+00
-6.13200E-06,1.110E+00
-6.13100E-06,1.110E+00
-6.13000E-06,1.118E+00
-6.12900E-06,1.118E+00
-6.12800E-06,1.118E+00
-6.12700E-06,1.126E+00
-6.12600E-06,1.118E+00
-6.12500E-06,1.126E+00
-6.12400E-06,1.118E+00
-6.12300E-06,1.118E+00
-6.12200E-06,1.126E+00
-6.12100E-06,1.126E+00
-6.12000E-06,1.126E+00
-6.11900E-06,1.126E+00
-6.11800E-06,1.118E+00
-6.11700E-06,1.126E+00
-6.11600E-06,1.134E+00
-6.11500E-06,1.126E+00
-6.11400E-06,1.118E+00
-6.11300E-06,1.118E+00
-6.11200E-06,1.118E+00
-6.11100E-06,1.126E+00
-6.11000E-06,1.126E+00
-6.10900E-06,1.126E+00
-6.10800E-06,1.118E+00
-6.10700E-06,1.110E+00
-6.10600E-06,1.118E+00
-6.10500E-06,1.126E+00
-6.10400E-06,1.118E+00
-6.10300E-06,1.118E+00
-6.10200E-06,1.118E+00
-6.10100E-06,1.118E+00
-6.10000E-06,1.118E+00
-6.09900E-06,1.118E+00
-6.09800E-06,1.118E+00
-6.09700E-06,1.118E+00
-6.09600E-06,1.126E+00
-6.09500E-06,1.118E+00
-6.09400E-06,1.118E+00
-6.09300E-06,1.118E+00
-6.09200E-06,1.110E+00
-6.09100E-06,1.118E+00
-6.09000E-06,1.118E+00
-6.08900E-06,1.118E+00
-6.08800E-06,1.118E+00
-6.08700E-06,1.126E+00
-6.08600E-06,1.126E+00
-6.08500E-06,1.126E+00
-6.08400E-06,1.126E+00
-6.08300E-06,1.126E+00
-6.08200E-06,1.118E+00
-6.08100E-06,1.118E+00
-6.08000E-06,1.118E+00
-6.07900E-06,1.126E+00
-6.07800E-06,1.126E+00
-6.07700E-06,1.126E+00
-6.07600E-06,1.118E+00
-6.07500E-06,1.118E+00
-6.07400E-06,1.118E+00
-6.07300E-06,1.118E+00
-6.07200E-06,1.118E+00
-6.07100E-06,1.118E+00
-6.07000E-06,1.126E+00
-6.06900E-06,1.126E+00
-6.06800E-06,1.126E+00
-6.06700E-06,1.126E+00
-6.06600E-06,1.126E+00
-6.06500E-06,1.126E+00
-6.06400E-06,1.126E+00
-6.06300E-06,1.118E+00
-6.06200E-06,1.126E+00
-6.06100E-06,1.126E+00
-6.06000E-06,1.118E+00
-6.05900E-06,1.118E+00
-6.05800E-06,1.118E+00
-6.05700E-06,1.118E+00
-6.05600E-06,1.126E+00
-6.05500E-06,1.118E+00
-6.05400E-06,1.118E+00
-6.05300E-06,1.118E+00
-6.05200E-06,1.118E+00
-6.05100E-06,1.126E+00
-6.05000E-06,1.126E+00
-6.04900E-06,1.118E+00
-6.04800E-06,1.118E+00
-6.04700E-06,1.126E+00
-6.04600E-06,1.126E+00
-6.04500E-06,1.126E+00
-6.04400E-06,1.118E+00
-6.04300E-06,1.118E+00
-6.04200E-06,1.118E+00
-6.04100E-06,1.126E+00
-6.04000E-06,1.118E+00
-6.03900E-06,1.118E+00
-6.03800E-06,1.126E+00
-6.03700E-06,1.126E+00
-6.03600E-06,1.134E+00
-6.03500E-06,1.118E+00
-6.03400E-06,1.126E+00
-6.03300E-06,1.110E+00
-6.03200E-06,1.118E+00
-6.03100E-06,1.126E+00
-6.03000E-06,1.126E+00
-6.02900E-06,1.126E+00
-6.02800E-06,1.118E+00
-6.02700E-06,1.118E+00
-6.02600E-06,1.126E+00
-6.02500E-06,1.126E+00
-6.02400E-06,1.126E+00
-6.02300E-06,1.118E+00
-6.02200E-06,1.118E+00
-6.02100E-06,1.126E+00
-6.02000E-06,1.118E+00
-6.01900E-06,1.118E+00
-6.01800E-06,1.118E+00
-6.01700E-06,1.118E+00
-6.01600E-06,1.126E+00
-6.01500E-06,1.118E+00
-6.01400E-06,1.118E+00
-6.01300E-06,1.118E+00
-6.01200E-06,1.118E+00
-6.01100E-06,1.118E+00
-6.01000E-06,1.118E+00
-6.00900E-06,1.110E+00
-6.00800E-06,1.110E+00
-6.00700E-06,1.126E+00
-6.00600E-06,1.126E+00
-6.00500E-06,1.134E+00
-6.00400E-06,1.126E+00
-6.00300E-06,1.118E+00
-6.00200E-06,1.118E+00
-6.00100E-06,1.126E+00
-6.00000E-06,1.118E+00
-5.99900E-06,1.110E+00
-5.99800E-06,1.118E+00
-5.99700E-06,1.118E+00
-5.99600E-06,1.126E+00
-5.99500E-06,1.126E+00
-5.99400E-06,1.118E+00
-5.99300E-06,1.118E+00
-5.99200E-06,1.126E+00
-5.99100E-06,1.126E+00
-5.99000E-06,1.126E+00
-5.98900E-06,1.118E+00
-5.98800E-06,1.110E+00
-5.98700E-06,1.118E+00
-5.98600E-06,1.126E+00
-5.98500E-06,1.126E+00
-5.98400E-06,1.126E+00
-5.98300E-06,1.118E+00
-5.98200E-06,1.126E+00
-5.98100E-06,1.118E+00
-5.98000E-06,1.126E+00
-5.97900E-06,1.118E+00
-5.97800E-06,1.118E+00
-5.97700E-06,1.126E+00
-5.97600E-06,1.126E+00
-5.97500E-06,1.134E+00
-5.97400E-06,1.126E+00
-5.97300E-06,1.118E+00
-5.97200E-06,1.126E+00
-5.97100E-06,1.126E+00
-5.97000E-06,1.126E+00
-5.96900E-06,1.126E+00
-5.96800E-06,1.118E+00
-5.96700E-06,1.118E+00
-5.96600E-06,1.126E+00
-5.96500E-06,1.118E+00
-5.96400E-06,1.126E+00
-5.96300E-06,1.118E+00
-5.96200E-06,1.118E+00
-5.96100E-06,1.126E+00
-5.96000E-06,1.126E+00
-5.95900E-06,1.126E+00
-5.95800E-06,1.118E+00
-5.95700E-06,1.126E+00
-5.95600E-06,1.118E+00
-5.95500E-06,1.126E+00
-5.95400E-06,1.126E+00
-5.95300E-06,1.118E+00
-5.95200E-06,1.110E+00
-5.95100E-06,1.110E+00
-5.95000E-06,1.118E+00
-5.94900E-06,1.110E+00
-5.94800E-06,1.118E+00
-5.94700E-06,1.118E+00
-5.94600E-06,1.126E+00
-5.94500E-06,1.126E+00
-5.94400E-06,1.118E+00
-5.94300E-06,1.118E+00
-5.94200E-06,1.118E+00
-5.94100E-06,1.118E+00
-5.94000E-06,1.126E+00
-5.93900E-06,1.118E+00
-5.93800E-06,1.110E+00
-5.93700E-06,1.118E+00
-5.93600E-06,1.126E+00
-5.93500E-06,1.126E+00
-5.93400E-06,1.118E+00
-5.93300E-06,1.118E+00
-5.93200E-06,1.118E+00
-5.93100E-06,1.118E+00
-5.93000E-06,1.118E+00
-5.92900E-06,1.118E+00
-5.92800E-06,1.126E+00
-5.92700E-06,1.126E+00
-5.92600E-06,1.126E+00
-5.92500E-06,1.134E+00
-5.92400E-06,1.126E+00
-5.92300E-06,1.118E+00
-5.92200E-06,1.118E+00
-5.92100E-06,1.126E+00
-5.92000E-06,1.118E+00
-5.91900E-06,1.126E+00
-5.91800E-06,1.118E+00
-5.91700E-06,1.118E+00
-5.91600E-06,1.118E+00
-5.91500E-06,1.118E+00
-5.91400E-06,1.118E+00
-5.91300E-06,1.118E+00
-5.91200E-06,1.118E+00
-5.91100E-06,1.118E+00
-5.91000E-06,1.118E+00
-5.90900E-06,1.118E+00
-5.90800E-06,1.118E+00
-5.90700E-06,1.118E+00
-5.90600E-06,1.118E+00
-5.90500E-06,1.118E+00
-5.90400E-06,1.126E+00
-5.90300E-06,1.118E+00
-5.90200E-06,1.118E+00
-5.90100E-06,1.126E+00
-5.90000E-06,1.118E+00
-5.89900E-06,1.118E+00
-5.89800E-06,1.118E+00
-5.89700E-06,1.110E+00
-5.89600E-06,1.118E+00
-5.89500E-06,1.118E+00
-5.89400E-06,1.126E+00
-5.89300E-06,1.126E+00
-5.89200E-06,1.126E+00
-5.89100E-06,1.118E+00
-5.89000E-06,1.126E+00
-5.88900E-06,1.118E+00
-5.88800E-06,1.118E+00
-5.88700E-06,1.118E+00
-5.88600E-06,1.126E+00
-5.88500E-06,1.126E+00
-5.88400E-06,1.110E+00
-5.88300E-06,1.110E+00
-5.88200E-06,1.118E+00
-5.88100E-06,1.118E+00
-5.88000E-06,1.126E+00
-5.87900E-06,1.126E+00
-5.87800E-06,1.118E+00
-5.87700E-06,1.118E+00
-5.87600E-06,1.126E+00
-5.87500E-06,1.126E+00
-5.87400E-06,1.118E+00
-5.87300E-06,1.118E+00
-5.87200E-06,1.118E+00
-5.87100E-06,1.118E+00
-5.87000E-06,1.126E+00
-5.86900E-06,1.126E+00
-5.86800E-06,1.118E+00
-5.86700E-06,1.126E+00
-5.86600E-06,1.126E+00
-5.86500E-06,1.126E+00
-5.86400E-06,1.118E+00
-5.86300E-06,1.118E+00
-5.86200E-06,1.118E+00
-5.86100E-06,1.126E+00
-5.86000E-06,1.118E+00
-5.85900E-06,1.118E+00
-5.85800E-06,1.118E+00
-5.85700E-06,1.118E+00
-5.85600E-06,1.126E+00
-5.85500E-06,1.126E+00
-5.85400E-06,1.126E+00
-5.85300E-06,1.118E+00
-5.85200E-06,1.118E+00
-5.85100E-06,1.118E+00
-5.85000E-06,1.118E+00
-5.84900E-06,1.110E+00
-5.84800E-06,1.118E+00
-5.84700E-06,1.118E+00
-5.84600E-06,1.134E+00
-5.84500E-06,1.134E+00
-5.84400E-06,1.126E+00
-5.84300E-06,1.110E+00
-5.84200E-06,1.118E+00
-5.84100E-06,1.126E+00
-5.84000E-06,1.126E+00
-5.83900E-06,1.126E+00
-5.83800E-06,1.118E+00
-5.83700E-06,1.110E+00
-5.83600E-06,1.118E+00
-5.83500E-06,1.118E+00
-5.83400E-06,1.118E+00
-5.83300E-06,1.110E+00
-5.83200E-06,1.118E+00
-5.83100E-06,1.118E+00
-5.83000E-06,1.118E+00
-5.82900E-06,1.126E+00
-5.82800E-06,1.126E+00
-5.82700E-06,1.126E+00
-5.82600E-06,1.126E+00
-5.82500E-06,1.126E+00
-5.82400E-06,1.118E+00
-5.82300E-06,1.118E+00
-5.82200E-06,1.118E+00
-5.82100E-06,1.118E+00
-5.82000E-06,1.118E+00
-5.81900E-06,1.118E+00
-5.81800E-06,1.118E+00
-5.81700E-06,1.126E+00
-5.81600E-06,1.118E+00
-5.81500E-06,1.118E+00
-5.81400E-06,1.118E+00
-5.81300E-06,1.118E+00
-5.81200E-06,1.118E+00
-5.81100E-06,1.118E+00
-5.81000E-06,1.118E+00
-5.80900E-06,1.118E+00
-5.80800E-06,1.118E+00
-5.80700E-06,1.118E+00
-5.80600E-06,1.126E+00
-5.80500E-06,1.126E+00
-5.80400E-06,1.126E+00
-5.80300E-06,1.118E+00
-5.80200E-06,1.118E+00
-5.80100E-06,1.126E+00
-5.80000E-06,1.126E+00
-5.79900E-06,1.126E+00
-5.79800E-06,1.118E+00
-5.79700E-06,1.118E+00
-5.79600E-06,1.118E+00
-5.79500E-06,1.126E+00
-5.79400E-06,1.118E+00
-5.79300E-06,1.118E+00
-5.79200E-06,1.118E+00
-5.79100E-06,1.118E+00
-5.79000E-06,1.118E+00
-5.78900E-06,1.118E+00
-5.78800E-06,1.118E+00
-5.78700E-06,1.126E+00
-5.78600E-06,1.126E+00
-5.78500E-06,1.126E+00
-5.78400E-06,1.126E+00
-5.78300E-06,1.126E+00
-5.78200E-06,1.126E+00
-5.78100E-06,1.126E+00
-5.78000E-06,1.118E+00
-5.77900E-06,1.118E+00
-5.77800E-06,1.118E+00
-5.77700E-06,1.126E+00
-5.77600E-06,1.126E+00
-5.77500E-06,1.126E+00
-5.77400E-06,1.126E+00
-5.77300E-06,1.118E+00
-5.77200E-06,1.118E+00
-5.77100E-06,1.126E+00
-5.77000E-06,1.126E+00
-5.76900E-06,1.118E+00
-5.76800E-06,1.110E+00
-5.76700E-06,1.118E+00
-5.76600E-06,1.118E+00
-5.76500E-06,1.126E+00
-5.76400E-06,1.126E+00
-5.76300E-06,1.118E+00
-5.76200E-06,1.118E+00
-5.76100E-06,1.126E+00
-5.76000E-06,1.126E+00
-5.75900E-06,1.126E+00
-5.75800E-06,1.118E+00
-5.75700E-06,1.118E+00
-5.75600E-06,1.126E+00
-5.75500E-06,1.134E+00
-5.75400E-06,1.126E+00
-5.75300E-06,1.126E+00
-5.75200E-06,1.118E+00
-5.75100E-06,1.118E+00
-5.75000E-06,1.118E+00
-5.74900E-06,1.118E+00
-5.74800E-06,1.126E+00
-5.74700E-06,1.118E+00
-5.74600E-06,1.118E+00
-5.74500E-06,1.118E+00
-5.74400E-06,1.118E+00
-5.74300E-06,1.126E+00
-5.74200E-06,1.126E+00
-5.74100E-06,1.126E+00
-5.74000E-06,1.126E+00
-5.73900E-06,1.118E+00
-5.73800E-06,1.118E+00
-5.73700E-06,1.126E+00
-5.73600E-06,1.134E+00
-5.73500E-06,1.126E+00
-5.73400E-06,1.118E+00
-5.73300E-06,1.126E+00
-5.73200E-06,1.126E+00
-5.73100E-06,1.126E+00
-5.73000E-06,1.126E+00
-5.72900E-06,1.118E+00
-5.72800E-06,1.110E+00
-5.72700E-06,1.118E+00
-5.72600E-06,1.118E+00
-5.72500E-06,1.118E+00
-5.72400E-06,1.118E+00
-5.72300E-06,1.118E+00
-5.72200E-06,1.118E+00
-5.72100E-06,1.118E+00
-5.72000E-06,1.126E+00
-5.71900E-06,1.118E+00
-5.71800E-06,1.118E+00
-5.71700E-06,1.110E+00
-5.71600E-06,1.126E+00
-5.71500E-06,1.118E+00
-5.71400E-06,1.118E+00
-5.71300E-06,1.118E+00
-5.71200E-06,1.118E+00
-5.71100E-06,1.118E+00
-5.71000E-06,1.118E+00
-5.70900E-06,1.110E+00
-5.70800E-06,1.110E+00
-5.70700E-06,1.110E+00
-5.70600E-06,1.126E+00
-5.70500E-06,1.118E+00
-5.70400E-06,1.118E+00
-5.70300E-06,1.118E+00
-5.70200E-06,1.126E+00
-5.70100E-06,1.126E+00
-5.70000E-06,1.126E+00
-5.69900E-06,1.126E+00
-5.69800E-06,1.118E+00
-5.69700E-06,1.126E+00
-5.69600E-06,1.118E+00
-5.69500E-06,1.118E+00
-5.69400E-06,1.126E+00
-5.69300E-06,1.110E+00
-5.69200E-06,1.118E+00
-5.69100E-06,1.118E+00
-5.69000E-06,1.118E+00
-5.68900E-06,1.118E+00
-5.68800E-06,1.110E+00
-5.68700E-06,1.118E+00
-5.68600E-06,1.118E+00
-5.68500E-06,1.118E+00
-5.68400E-06,1.126E+00
-5.68300E-06,1.118E+00
-5.68200E-06,1.118E+00
-5.68100E-06,1.118E+00
-5.68000E-06,1.118E+00
-5.67900E-06,1.118E+00
-5.67800E-06,1.126E+00
-5.67700E-06,1.118E+00
-5.67600E-06,1.126E+00
-5.67500E-06,1.126E+00
-5.67400E-06,1.118E+00
-5.67300E-06,1.118E+00
-5.67200E-06,1.118E+00
-5.67100E-06,1.126E+00
-5.67000E-06,1.126E+00
-5.66900E-06,1.118E+00
-5.66800E-06,1.126E+00
-5.66700E-06,1.126E+00
-5.66600E-06,1.126E+00
-5.66500E-06,1.126E+00
-5.66400E-06,1.118E+00
-5.66300E-06,1.118E+00
-5.66200E-06,1.118E+00
-5.66100E-06,1.118E+00
-5.66000E-06,1.126E+00
-5.65900E-06,1.126E+00
-5.65800E-06,1.126E+00
-5.65700E-06,1.126E+00
-5.65600E-06,1.126E+00
-5.65500E-06,1.126E+00
-5.65400E-06,1.126E+00
-5.65300E-06,1.118E+00
-5.65200E-06,1.126E+00
-5.65100E-06,1.126E+00
-5.65000E-06,1.118E+00
-5.64900E-06,1.126E+00
-5.64800E-06,1.118E+00
-5.64700E-06,1.134E+00
-5.64600E-06,1.134E+00
-5.64500E-06,1.134E+00
-5.64400E-06,1.126E+00
-5.64300E-06,1.126E+00
-5.64200E-06,1.118E+00
-5.64100E-06,1.118E+00
-5.64000E-06,1.118E+00
-5.63900E-06,1.118E+00
-5.63800E-06,1.118E+00
-5.63700E-06,1.118E+00
-5.63600E-06,1.118E+00
-5.63500E-06,1.126E+00
-5.63400E-06,1.110E+00
-5.63300E-06,1.118E+00
-5.63200E-06,1.118E+00
-5.63100E-06,1.118E+00
-5.63000E-06,1.118E+00
-5.62900E-06,1.126E+00
-5.62800E-06,1.126E+00
-5.62700E-06,1.126E+00
-5.62600E-06,1.118E+00
-5.62500E-06,1.110E+00
-5.62400E-06,1.118E+00
-5.62300E-06,1.118E+00
-5.62200E-06,1.118E+00
-5.62100E-06,1.126E+00
-5.62000E-06,1.118E+00
-5.61900E-06,1.118E+00
-5.61800E-06,1.110E+00
-5.61700E-06,1.118E+00
-5.61600E-06,1.118E+00
-5.61500E-06,1.126E+00
-5.61400E-06,1.126E+00
-5.61300E-06,1.126E+00
-5.61200E-06,1.126E+00
-5.61100E-06,1.126E+00
-5.61000E-06,1.126E+00
-5.60900E-06,1.126E+00
-5.60800E-06,1.118E+00
-5.60700E-06,1.118E+00
-5.60600E-06,1.126E+00
-5.60500E-06,1.118E+00
-5.60400E-06,1.126E+00
-5.60300E-06,1.118E+00
-5.60200E-06,1.126E+00
-5.60100E-06,1.126E+00
-5.60000E-06,1.126E+00
-5.59900E-06,1.118E+00
-5.59800E-06,1.118E+00
-5.59700E-06,1.126E+00
-5.59600E-06,1.126E+00
-5.59500E-06,1.126E+00
-5.59400E-06,1.126E+00
-5.59300E-06,1.126E+00
-5.59200E-06,1.118E+00
-5.59100E-06,1.126E+00
-5.59000E-06,1.126E+00
-5.58900E-06,1.126E+00
-5.58800E-06,1.118E+00
-5.58700E-06,1.118E+00
-5.58600E-06,1.126E+00
-5.58500E-06,1.126E+00
-5.58400E-06,1.126E+00
-5.58300E-06,1.126E+00
-5.58200E-06,1.126E+00
-5.58100E-06,1.126E+00
-5.58000E-06,1.126E+00
-5.57900E-06,1.110E+00
-5.57800E-06,1.110E+00
-5.57700E-06,1.118E+00
-5.57600E-06,1.118E+00
-5.57500E-06,1.118E+00
-5.57400E-06,1.118E+00
-5.57300E-06,1.118E+00
-5.57200E-06,1.126E+00
-5.57100E-06,1.126E+00
-5.57000E-06,1.126E+00
-5.56900E-06,1.126E+00
-5.56800E-06,1.118E+00
-5.56700E-06,1.118E+00
-5.56600E-06,1.126E+00
-5.56500E-06,1.126E+00
-5.56400E-06,1.118E+00
-5.56300E-06,1.118E+00
-5.56200E-06,1.110E+00
-5.56100E-06,1.118E+00
-5.56000E-06,1.118E+00
-5.55900E-06,1.118E+00
-5.55800E-06,1.118E+00
-5.55700E-06,1.118E+00
-5.55600E-06,1.118E+00
-5.55500E-06,1.126E+00
-5.55400E-06,1.126E+00
-5.55300E-06,1.126E+00
-5.55200E-06,1.126E+00
-5.55100E-06,1.126E+00
-5.55000E-06,1.118E+00
-5.54900E-06,1.126E+00
-5.54800E-06,1.126E+00
-5.54700E-06,1.126E+00
-5.54600E-06,1.118E+00
-5.54500E-06,1.126E+00
-5.54400E-06,1.126E+00
-5.54300E-06,1.126E+00
-5.54200E-06,1.126E+00
-5.54100E-06,1.134E+00
-5.54000E-06,1.126E+00
-5.53900E-06,1.118E+00
-5.53800E-06,1.118E+00
-5.53700E-06,1.126E+00
-5.53600E-06,1.118E+00
-5.53500E-06,1.118E+00
-5.53400E-06,1.118E+00
-5.53300E-06,1.118E+00
-5.53200E-06,1.118E+00
-5.53100E-06,1.118E+00
-5.53000E-06,1.118E+00
-5.52900E-06,1.110E+00
-5.52800E-06,1.110E+00
-5.52700E-06,1.118E+00
-5.52600E-06,1.126E+00
-5.52500E-06,1.126E+00
-5.52400E-06,1.126E+00
-5.52300E-06,1.118E+00
-5.52200E-06,1.110E+00
-5.52100E-06,1.118E+00
-5.52000E-06,1.118E+00
-5.51900E-06,1.118E+00
-5.51800E-06,1.118E+00
-5.51700E-06,1.126E+00
-5.51600E-06,1.126E+00
-5.51500E-06,1.126E+00
-5.51400E-06,1.126E+00
-5.51300E-06,1.118E+00
-5.51200E-06,1.126E+00
-5.51100E-06,1.126E+00
-5.51000E-06,1.118E+00
-5.50900E-06,1.126E+00
-5.50800E-06,1.118E+00
-5.50700E-06,1.126E+00
-5.50600E-06,1.126E+00
-5.50500E-06,1.134E+00
-5.50400E-06,1.126E+00
-5.50300E-06,1.118E+00
-5.50200E-06,1.118E+00
-5.50100E-06,1.118E+00
-5.50000E-06,1.118E+00
-5.49900E-06,1.126E+00
-5.49800E-06,1.126E+00
-5.49700E-06,1.126E+00
-5.49600E-06,1.126E+00
-5.49500E-06,1.126E+00
-5.49400E-06,1.118E+00
-5.49300E-06,1.110E+00
-5.49200E-06,1.118E+00
-5.49100E-06,1.126E+00
-5.49000E-06,1.118E+00
-5.48900E-06,1.118E+00
-5.48800E-06,1.118E+00
-5.48700E-06,1.118E+00
-5.48600E-06,1.126E+00
-5.48500E-06,1.126E+00
-5.48400E-06,1.126E+00
-5.48300E-06,1.110E+00
-5.48200E-06,1.110E+00
-5.48100E-06,1.118E+00
-5.48000E-06,1.118E+00
-5.47900E-06,1.126E+00
-5.47800E-06,1.118E+00
-5.47700E-06,1.126E+00
-5.47600E-06,1.126E+00
-5.47500E-06,1.126E+00
-5.47400E-06,1.126E+00
-5.47300E-06,1.118E+00
-5.47200E-06,1.118E+00
-5.47100E-06,1.126E+00
-5.47000E-06,1.126E+00
-5.46900E-06,1.118E+00
-5.46800E-06,1.126E+00
-5.46700E-06,1.126E+00
-5.46600E-06,1.126E+00
-5.46500E-06,1.118E+00
-5.46400E-06,1.110E+00
-5.46300E-06,1.110E+00
-5.46200E-06,1.110E+00
-5.46100E-06,1.118E+00
-5.46000E-06,1.118E+00
-5.45900E-06,1.118E+00
-5.45800E-06,1.110E+00
-5.45700E-06,1.118E+00
-5.45600E-06,1.126E+00
-5.45500E-06,1.134E+00
-5.45400E-06,1.126E+00
-5.45300E-06,1.110E+00
-5.45200E-06,1.118E+00
-5.45100E-06,1.118E+00
-5.45000E-06,1.118E+00
-5.44900E-06,1.126E+00
-5.44800E-06,1.118E+00
-5.44700E-06,1.118E+00
-5.44600E-06,1.126E+00
-5.44500E-06,1.126E+00
-5.44400E-06,1.126E+00
-5.44300E-06,1.118E+00
-5.44200E-06,1.118E+00
-5.44100E-06,1.118E+00
-5.44000E-06,1.126E+00
-5.43900E-06,1.118E+00
-5.43800E-06,1.118E+00
-5.43700E-06,1.126E+00
-5.43600E-06,1.126E+00
-5.43500E-06,1.126E+00
-5.43400E-06,1.126E+00
-5.43300E-06,1.118E+00
-5.43200E-06,1.126E+00
-5.43100E-06,1.118E+00
-5.43000E-06,1.118E+00
-5.42900E-06,1.118E+00
-5.42800E-06,1.118E+00
-5.42700E-06,1.118E+00
-5.42600E-06,1.126E+00
-5.42500E-06,1.126E+00
-5.42400E-06,1.118E+00
-5.42300E-06,1.118E+00
-5.42200E-06,1.126E+00
-5.42100E-06,1.126E+00
-5.42000E-06,1.126E+00
-5.41900E-06,1.118E+00
-5.41800E-06,1.118E+00
-5.41700E-06,1.118E+00
-5.41600E-06,1.126E+00
-5.41500E-06,1.126E+00
-5.41400E-06,1.126E+00
-5.41300E-06,1.126E+00
-5.41200E-06,1.126E+00
-5.41100E-06,1.134E+00
-5.41000E-06,1.126E+00
-5.40900E-06,1.118E+00
-5.40800E-06,1.110E+00
-5.40700E-06,1.110E+00
-5.40600E-06,1.126E+00
-5.40500E-06,1.126E+00
-5.40400E-06,1.118E+00
-5.40300E-06,1.118E+00
-5.40200E-06,1.126E+00
-5.40100E-06,1.126E+00
-5.40000E-06,1.126E+00
-5.39900E-06,1.118E+00
-5.39800E-06,1.118E+00
-5.39700E-06,1.126E+00
-5.39600E-06,1.126E+00
-5.39500E-06,1.118E+00
-5.39400E-06,1.118E+00
-5.39300E-06,1.118E+00
-5.39200E-06,1.118E+00
-5.39100E-06,1.118E+00
-5.39000E-06,1.118E+00
-5.38900E-06,1.126E+00
-5.38800E-06,1.118E+00
-5.38700E-06,1.118E+00
-5.38600E-06,1.118E+00
-5.38500E-06,1.126E+00
-5.38400E-06,1.126E+00
-5.38300E-06,1.118E+00
-5.38200E-06,1.110E+00
-5.38100E-06,1.118E+00
-5.38000E-06,1.126E+00
-5.37900E-06,1.118E+00
-5.37800E-06,1.118E+00
-5.37700E-06,1.126E+00
-5.37600E-06,1.134E+00
-5.37500E-06,1.126E+00
-5.37400E-06,1.126E+00
-5.37300E-06,1.118E+00
-5.37200E-06,1.118E+00
-5.37100E-06,1.118E+00
-5.37000E-06,1.118E+00
-5.36900E-06,1.118E+00
-5.36800E-06,1.118E+00
-5.36700E-06,1.118E+00
-5.36600E-06,1.126E+00
-5.36500E-06,1.126E+00
-5.36400E-06,1.118E+00
-5.36300E-06,1.118E+00
-5.36200E-06,1.118E+00
-5.36100E-06,1.126E+00
-5.36000E-06,1.118E+00
-5.35900E-06,1.118E+00
-5.35800E-06,1.126E+00
-5.35700E-06,1.126E+00
-5.35600E-06,1.126E+00
-5.35500E-06,1.118E+00
-5.35400E-06,1.126E+00
-5.35300E-06,1.118E+00
-5.35200E-06,1.126E+00
-5.35100E-06,1.126E+00
-5.35000E-06,1.126E+00
-5.34900E-06,1.126E+00
-5.34800E-06,1.118E+00
-5.34700E-06,1.118E+00
-5.34600E-06,1.126E+00
-5.34500E-06,1.118E+00
-5.34400E-06,1.126E+00
-5.34300E-06,1.118E+00
-5.34200E-06,1.118E+00
-5.34100E-06,1.118E+00
-5.34000E-06,1.110E+00
-5.33900E-06,1.110E+00
-5.33800E-06,1.110E+00
-5.33700E-06,1.118E+00
-5.33600E-06,1.126E+00
-5.33500E-06,1.118E+00
-5.33400E-06,1.118E+00
-5.33300E-06,1.110E+00
-5.33200E-06,1.118E+00
-5.33100E-06,1.126E+00
-5.33000E-06,1.126E+00
-5.32900E-06,1.118E+00
-5.32800E-06,1.110E+00
-5.32700E-06,1.118E+00
-5.32600E-06,1.126E+00
-5.32500E-06,1.126E+00
-5.32400E-06,1.118E+00
-5.32300E-06,1.110E+00
-5.32200E-06,1.118E+00
-5.32100E-06,1.126E+00
-5.32000E-06,1.126E+00
-5.31900E-06,1.126E+00
-5.31800E-06,1.126E+00
-5.31700E-06,1.126E+00
-5.31600E-06,1.126E+00
-5.31500E-06,1.126E+00
-5.31400E-06,1.126E+00
-5.31300E-06,1.118E+00
-5.31200E-06,1.118E+00
-5.31100E-06,1.118E+00
-5.31000E-06,1.126E+00
-5.30900E-06,1.118E+00
-5.30800E-06,1.118E+00
-5.30700E-06,1.118E+00
-5.30600E-06,1.118E+00
-5.30500E-06,1.118E+00
-5.30400E-06,1.118E+00
-5.30300E-06,1.118E+00
-5.30200E-06,1.110E+00
-5.30100E-06,1.118E+00
-5.30000E-06,1.118E+00
-5.29900E-06,1.118E+00
-5.29800E-06,1.118E+00
-5.29700E-06,1.118E+00
-5.29600E-06,1.118E+00
-5.29500E-06,1.118E+00
-5.29400E-06,1.118E+00
-5.29300E-06,1.110E+00
-5.29200E-06,1.118E+00
-5.29100E-06,1.118E+00
-5.29000E-06,1.126E+00
-5.28900E-06,1.118E+00
-5.28800E-06,1.118E+00
-5.28700E-06,1.118E+00
-5.28600E-06,1.126E+00
-5.28500E-06,1.126E+00
-5.28400E-06,1.126E+00
-5.28300E-06,1.118E+00
-5.28200E-06,1.118E+00
-5.28100E-06,1.118E+00
-5.28000E-06,1.118E+00
-5.27900E-06,1.118E+00
-5.27800E-06,1.118E+00
-5.27700E-06,1.118E+00
-5.27600E-06,1.118E+00
-5.27500E-06,1.126E+00
-5.27400E-06,1.126E+00
-5.27300E-06,1.118E+00
-5.27200E-06,1.110E+00
-5.27100E-06,1.110E+00
-5.27000E-06,1.118E+00
-5.26900E-06,1.126E+00
-5.26800E-06,1.126E+00
-5.26700E-06,1.126E+00
-5.26600E-06,1.126E+00
-5.26500E-06,1.126E+00
-5.26400E-06,1.118E+00
-5.26300E-06,1.118E+00
-5.26200E-06,1.118E+00
-5.26100E-06,1.118E+00
-5.26000E-06,1.110E+00
-5.25900E-06,1.118E+00
-5.25800E-06,1.118E+00
-5.25700E-06,1.118E+00
-5.25600E-06,1.118E+00
-5.25500E-06,1.110E+00
-5.25400E-06,1.110E+00
-5.25300E-06,1.118E+00
-5.25200E-06,1.118E+00
-5.25100E-06,1.118E+00
-5.25000E-06,1.126E+00
-5.24900E-06,1.118E+00
-5.24800E-06,1.118E+00
-5.24700E-06,1.118E+00
-5.24600E-06,1.126E+00
-5.24500E-06,1.126E+00
-5.24400E-06,1.126E+00
-5.24300E-06,1.118E+00
-5.24200E-06,1.110E+00
-5.24100E-06,1.118E+00
-5.24000E-06,1.126E+00
-5.23900E-06,1.126E+00
-5.23800E-06,1.118E+00
-5.23700E-06,1.110E+00
-5.23600E-06,1.126E+00
-5.23500E-06,1.126E+00
-5.23400E-06,1.126E+00
-5.23300E-06,1.118E+00
-5.23200E-06,1.110E+00
-5.23100E-06,1.118E+00
-5.23000E-06,1.118E+00
-5.22900E-06,1.126E+00
-5.22800E-06,1.126E+00
-5.22700E-06,1.118E+00
-5.22600E-06,1.118E+00
-5.22500E-06,1.118E+00
-5.22400E-06,1.118E+00
-5.22300E-06,1.118E+00
-5.22200E-06,1.118E+00
-5.22100E-06,1.126E+00
-5.22000E-06,1.126E+00
-5.21900E-06,1.118E+00
-5.21800E-06,1.118E+00
-5.21700E-06,1.118E+00
-5.21600E-06,1.126E+00
-5.21500E-06,1.118E+00
-5.21400E-06,1.110E+00
-5.21300E-06,1.110E+00
-5.21200E-06,1.118E+00
-5.21100E-06,1.118E+00
-5.21000E-06,1.118E+00
-5.20900E-06,1.118E+00
-5.20800E-06,1.110E+00
-5.20700E-06,1.118E+00
-5.20600E-06,1.118E+00
-5.20500E-06,1.126E+00
-5.20400E-06,1.118E+00
-5.20300E-06,1.118E+00
-5.20200E-06,1.118E+00
-5.20100E-06,1.126E+00
-5.20000E-06,1.118E+00
-5.19900E-06,1.118E+00
-5.19800E-06,1.118E+00
-5.19700E-06,1.118E+00
-5.19600E-06,1.126E+00
-5.19500E-06,1.126E+00
-5.19400E-06,1.118E+00
-5.19300E-06,1.110E+00
-5.19200E-06,1.118E+00
-5.19100E-06,1.118E+00
-5.19000E-06,1.118E+00
-5.18900E-06,1.118E+00
-5.18800E-06,1.110E+00
-5.18700E-06,1.118E+00
-5.18600E-06,1.118E+00
-5.18500E-06,1.118E+00
-5.18400E-06,1.118E+00
-5.18300E-06,1.118E+00
-5.18200E-06,1.118E+00
-5.18100E-06,1.126E+00
-5.18000E-06,1.118E+00
-5.17900E-06,1.110E+00
-5.17800E-06,1.110E+00
-5.17700E-06,1.118E+00
-5.17600E-06,1.126E+00
-5.17500E-06,1.126E+00
-5.17400E-06,1.134E+00
-5.17300E-06,1.118E+00
-5.17200E-06,1.118E+00
-5.17100E-06,1.126E+00
-5.17000E-06,1.118E+00
-5.16900E-06,1.118E+00
-5.16800E-06,1.118E+00
-5.16700E-06,1.126E+00
-5.16600E-06,1.126E+00
-5.16500E-06,1.134E+00
-5.16400E-06,1.126E+00
-5.16300E-06,1.126E+00
-5.16200E-06,1.118E+00
-5.16100E-06,1.126E+00
-5.16000E-06,1.126E+00
-5.15900E-06,1.126E+00
-5.15800E-06,1.118E+00
-5.15700E-06,1.118E+00
-5.15600E-06,1.118E+00
-5.15500E-06,1.126E+00
-5.15400E-06,1.126E+00
-5.15300E-06,1.118E+00
-5.15200E-06,1.118E+00
-5.15100E-06,1.126E+00
-5.15000E-06,1.126E+00
-5.14900E-06,1.118E+00
-5.14800E-06,1.110E+00
-5.14700E-06,1.110E+00
-5.14600E-06,1.118E+00
-5.14500E-06,1.126E+00
-5.14400E-06,1.126E+00
-5.14300E-06,1.126E+00
-5.14200E-06,1.126E+00
-5.14100E-06,1.118E+00
-5.14000E-06,1.118E+00
-5.13900E-06,1.118E+00
-5.13800E-06,1.126E+00
-5.13700E-06,1.126E+00
-5.13600E-06,1.126E+00
-5.13500E-06,1.134E+00
-5.13400E-06,1.126E+00
-5.13300E-06,1.118E+00
-5.13200E-06,1.118E+00
-5.13100E-06,1.126E+00
-5.13000E-06,1.118E+00
-5.12900E-06,1.110E+00
-5.12800E-06,1.118E+00
-5.12700E-06,1.110E+00
-5.12600E-06,1.118E+00
-5.12500E-06,1.126E+00
-5.12400E-06,1.126E+00
-5.12300E-06,1.118E+00
-5.12200E-06,1.126E+00
-5.12100E-06,1.118E+00
-5.12000E-06,1.126E+00
-5.11900E-06,1.118E+00
-5.11800E-06,1.126E+00
-5.11700E-06,1.126E+00
-5.11600E-06,1.126E+00
-5.11500E-06,1.126E+00
-5.11400E-06,1.126E+00
-5.11300E-06,1.126E+00
-5.11200E-06,1.126E+00
-5.11100E-06,1.126E+00
-5.11000E-06,1.118E+00
-5.10900E-06,1.118E+00
-5.10800E-06,1.110E+00
-5.10700E-06,1.118E+00
-5.10600E-06,1.118E+00
-5.10500E-06,1.126E+00
-5.10400E-06,1.118E+00
-5.10300E-06,1.126E+00
-5.10200E-06,1.126E+00
-5.10100E-06,1.126E+00
-5.10000E-06,1.118E+00
-5.09900E-06,1.118E+00
-5.09800E-06,1.118E+00
-5.09700E-06,1.118E+00
-5.09600E-06,1.118E+00
-5.09500E-06,1.126E+00
-5.09400E-06,1.118E+00
-5.09300E-06,1.118E+00
-5.09200E-06,1.110E+00
-5.09100E-06,1.118E+00
-5.09000E-06,1.126E+00
-5.08900E-06,1.118E+00
-5.08800E-06,1.118E+00
-5.08700E-06,1.118E+00
-5.08600E-06,1.126E+00
-5.08500E-06,1.126E+00
-5.08400E-06,1.118E+00
-5.08300E-06,1.118E+00
-5.08200E-06,1.118E+00
-5.08100E-06,1.118E+00
-5.08000E-06,1.118E+00
-5.07900E-06,1.118E+00
-5.07800E-06,1.118E+00
-5.07700E-06,1.126E+00
-5.07600E-06,1.126E+00
-5.07500E-06,1.134E+00
-5.07400E-06,1.126E+00
-5.07300E-06,1.126E+00
-5.07200E-06,1.126E+00
-5.07100E-06,1.118E+00
-5.07000E-06,1.126E+00
-5.06900E-06,1.118E+00
-5.06800E-06,1.118E+00
-5.06700E-06,1.118E+00
-5.06600E-06,1.126E+00
-5.06500E-06,1.118E+00
-5.06400E-06,1.118E+00
-5.06300E-06,1.118E+00
-5.06200E-06,1.126E+00
-5.06100E-06,1.118E+00
-5.06000E-06,1.118E+00
-5.05900E-06,1.118E+00
-5.05800E-06,1.118E+00
-5.05700E-06,1.126E+00
-5.05600E-06,1.134E+00
-5.05500E-06,1.134E+00
-5.05400E-06,1.126E+00
-5.05300E-06,1.126E+00
-5.05200E-06,1.126E+00
-5.05100E-06,1.126E+00
-5.05000E-06,1.118E+00
-5.04900E-06,1.110E+00
-5.04800E-06,1.110E+00
-5.04700E-06,1.118E+00
-5.04600E-06,1.134E+00
-5.04500E-06,1.134E+00
-5.04400E-06,1.118E+00
-5.04300E-06,1.118E+00
-5.04200E-06,1.118E+00
-5.04100E-06,1.118E+00
-5.04000E-06,1.126E+00
-5.03900E-06,1.126E+00
-5.03800E-06,1.118E+00
-5.03700E-06,1.118E+00
-5.03600E-06,1.126E+00
-5.03500E-06,1.126E+00
-5.03400E-06,1.126E+00
-5.03300E-06,1.126E+00
-5.03200E-06,1.126E+00
-5.03100E-06,1.126E+00
-5.03000E-06,1.118E+00
-5.02900E-06,1.118E+00
-5.02800E-06,1.118E+00
-5.02700E-06,1.126E+00
-5.02600E-06,1.126E+00
-5.02500E-06,1.118E+00
-5.02400E-06,1.118E+00
-5.02300E-06,1.126E+00
-5.02200E-06,1.126E+00
-5.02100E-06,1.118E+00
-5.02000E-06,1.118E+00
-5.01900E-06,1.118E+00
-5.01800E-06,1.118E+00
-5.01700E-06,1.118E+00
-5.01600E-06,1.126E+00
-5.01500E-06,1.126E+00
-5.01400E-06,1.126E+00
-5.01300E-06,1.118E+00
-5.01200E-06,1.118E+00
-5.01100E-06,1.118E+00
-5.01000E-06,1.118E+00
-5.00900E-06,1.110E+00
-5.00800E-06,1.118E+00
-5.00700E-06,1.110E+00
-5.00600E-06,1.126E+00
-5.00500E-06,1.118E+00
-5.00400E-06,1.110E+00
-5.00300E-06,1.118E+00
-5.00200E-06,1.118E+00
-5.00100E-06,1.126E+00
-5.00000E-06,1.118E+00
-4.99900E-06,1.118E+00
-4.99800E-06,1.110E+00
-4.99700E-06,1.118E+00
-4.99600E-06,1.118E+00
-4.99500E-06,1.126E+00
-4.99400E-06,1.126E+00
-4.99300E-06,1.126E+00
-4.99200E-06,1.118E+00
-4.99100E-06,1.118E+00
-4.99000E-06,1.118E+00
-4.98900E-06,1.118E+00
-4.98800E-06,1.110E+00
-4.98700E-06,1.110E+00
-4.98600E-06,1.110E+00
-4.98500E-06,1.118E+00
-4.98400E-06,1.118E+00
-4.98300E-06,1.118E+00
-4.98200E-06,1.118E+00
-4.98100E-06,1.126E+00
-4.98000E-06,1.126E+00
-4.97900E-06,1.110E+00
-4.97800E-06,1.110E+00
-4.97700E-06,1.118E+00
-4.97600E-06,1.126E+00
-4.97500E-06,1.126E+00
-4.97400E-06,1.118E+00
-4.97300E-06,1.118E+00
-4.97200E-06,1.126E+00
-4.97100E-06,1.126E+00
-4.97000E-06,1.118E+00
-4.96900E-06,1.118E+00
-4.96800E-06,1.118E+00
-4.96700E-06,1.118E+00
-4.96600E-06,1.126E+00
-4.96500E-06,1.126E+00
-4.96400E-06,1.118E+00
-4.96300E-06,1.110E+00
-4.96200E-06,1.118E+00
-4.96100E-06,1.118E+00
-4.96000E-06,1.118E+00
-4.95900E-06,1.118E+00
-4.95800E-06,1.118E+00
-4.95700E-06,1.110E+00
-4.95600E-06,1.118E+00
-4.95500E-06,1.118E+00
-4.95400E-06,1.118E+00
-4.95300E-06,1.110E+00
-4.95200E-06,1.110E+00
-4.95100E-06,1.110E+00
-4.95000E-06,1.118E+00
-4.94900E-06,1.110E+00
-4.94800E-06,1.110E+00
-4.94700E-06,1.110E+00
-4.94600E-06,1.118E+00
-4.94500E-06,1.118E+00
-4.94400E-06,1.118E+00
-4.94300E-06,1.110E+00
-4.94200E-06,1.118E+00
-4.94100E-06,1.110E+00
-4.94000E-06,1.118E+00
-4.93900E-06,1.110E+00
-4.93800E-06,1.110E+00
-4.93700E-06,1.118E+00
-4.93600E-06,1.126E+00
-4.93500E-06,1.118E+00
-4.93400E-06,1.118E+00
-4.93300E-06,1.118E+00
-4.93200E-06,1.118E+00
-4.93100E-06,1.118E+00
-4.93000E-06,1.118E+00
-4.92900E-06,1.118E+00
-4.92800E-06,1.110E+00
-4.92700E-06,1.118E+00
-4.92600E-06,1.126E+00
-4.92500E-06,1.126E+00
-4.92400E-06,1.118E+00
-4.92300E-06,1.118E+00
-4.92200E-06,1.118E+00
-4.92100E-06,1.126E+00
-4.92000E-06,1.126E+00
-4.91900E-06,1.118E+00
-4.91800E-06,1.110E+00
-4.91700E-06,1.110E+00
-4.91600E-06,1.118E+00
-4.91500E-06,1.118E+00
-4.91400E-06,1.126E+00
-4.91300E-06,1.126E+00
-4.91200E-06,1.118E+00
-4.91100E-06,1.118E+00
-4.91000E-06,1.126E+00
-4.90900E-06,1.126E+00
-4.90800E-06,1.118E+00
-4.90700E-06,1.118E+00
-4.90600E-06,1.126E+00
-4.90500E-06,1.118E+00
-4.90400E-06,1.118E+00
-4.90300E-06,1.110E+00
-4.90200E-06,1.118E+00
-4.90100E-06,1.118E+00
-4.90000E-06,1.118E+00
-4.89900E-06,1.110E+00
-4.89800E-06,1.110E+00
-4.89700E-06,1.118E+00
-4.89600E-06,1.118E+00
-4.89500E-06,1.118E+00
-4.89400E-06,1.126E+00
-4.89300E-06,1.118E+00
-4.89200E-06,1.126E+00
-4.89100E-06,1.126E+00
-4.89000E-06,1.126E+00
-4.88900E-06,1.118E+00
-4.88800E-06,1.118E+00
-4.88700E-06,1.126E+00
-4.88600E-06,1.126E+00
-4.88500E-06,1.126E+00
-4.88400E-06,1.118E+00
-4.88300E-06,1.110E+00
-4.88200E-06,1.110E+00
-4.88100E-06,1.110E+00
-4.88000E-06,1.118E+00
-4.87900E-06,1.126E+00
-4.87800E-06,1.118E+00
-4.87700E-06,1.118E+00
-4.87600E-06,1.118E+00
-4.87500E-06,1.118E+00
-4.87400E-06,1.126E+00
-4.87300E-06,1.118E+00
-4.87200E-06,1.118E+00
-4.87100E-06,1.126E+00
-4.87000E-06,1.118E+00
-4.86900E-06,1.118E+00
-4.86800E-06,1.126E+00
-4.86700E-06,1.126E+00
-4.86600E-06,1.126E+00
-4.86500E-06,1.126E+00
-4.86400E-06,1.126E+00
-4.86300E-06,1.126E+00
-4.86200E-06,1.126E+00
-4.86100E-06,1.118E+00
-4.86000E-06,1.126E+00
-4.85900E-06,1.126E+00
-4.85800E-06,1.118E+00
-4.85700E-06,1.126E+00
-4.85600E-06,1.126E+00
-4.85500E-06,1.126E+00
-4.85400E-06,1.126E+00
-4.85300E-06,1.118E+00
-4.85200E-06,1.126E+00
-4.85100E-06,1.118E+00
-4.85000E-06,1.118E+00
-4.84900E-06,1.118E+00
-4.84800E-06,1.118E+00
-4.84700E-06,1.118E+00
-4.84600E-06,1.118E+00
-4.84500E-06,1.126E+00
-4.84400E-06,1.118E+00
-4.84300E-06,1.126E+00
-4.84200E-06,1.118E+00
-4.84100E-06,1.126E+00
-4.84000E-06,1.126E+00
-4.83900E-06,1.118E+00
-4.83800E-06,1.118E+00
-4.83700E-06,1.118E+00
-4.83600E-06,1.126E+00
-4.83500E-06,1.126E+00
-4.83400E-06,1.118E+00
-4.83300E-06,1.118E+00
-4.83200E-06,1.118E+00
-4.83100E-06,1.118E+00
-4.83000E-06,1.118E+00
-4.82900E-06,1.118E+00
-4.82800E-06,1.118E+00
-4.82700E-06,1.118E+00
-4.82600E-06,1.126E+00
-4.82500E-06,1.126E+00
-4.82400E-06,1.126E+00
-4.82300E-06,1.110E+00
-4.82200E-06,1.118E+00
-4.82100E-06,1.118E+00
-4.82000E-06,1.118E+00
-4.81900E-06,1.118E+00
-4.81800E-06,1.118E+00
-4.81700E-06,1.126E+00
-4.81600E-06,1.134E+00
-4.81500E-06,1.126E+00
-4.81400E-06,1.118E+00
-4.81300E-06,1.118E+00
-4.81200E-06,1.126E+00
-4.81100E-06,1.118E+00
-4.81000E-06,1.126E+00
-4.80900E-06,1.110E+00
-4.80800E-06,1.110E+00
-4.80700E-06,1.110E+00
-4.80600E-06,1.118E+00
-4.80500E-06,1.118E+00
-4.80400E-06,1.118E+00
-4.80300E-06,1.110E+00
-4.80200E-06,1.118E+00
-4.80100E-06,1.126E+00
-4.80000E-06,1.126E+00
-4.79900E-06,1.118E+00
-4.79800E-06,1.126E+00
-4.79700E-06,1.126E+00
-4.79600E-06,1.126E+00
-4.79500E-06,1.126E+00
-4.79400E-06,1.118E+00
-4.79300E-06,1.118E+00
-4.79200E-06,1.118E+00
-4.79100E-06,1.126E+00
-4.79000E-06,1.118E+00
-4.78900E-06,1.118E+00
-4.78800E-06,1.110E+00
-4.78700E-06,1.118E+00
-4.78600E-06,1.118E+00
-4.78500E-06,1.126E+00
-4.78400E-06,1.118E+00
-4.78300E-06,1.118E+00
-4.78200E-06,1.118E+00
-4.78100E-06,1.118E+00
-4.78000E-06,1.118E+00
-4.77900E-06,1.118E+00
-4.77800E-06,1.118E+00
-4.77700E-06,1.126E+00
-4.77600E-06,1.126E+00
-4.77500E-06,1.126E+00
-4.77400E-06,1.118E+00
-4.77300E-06,1.118E+00
-4.77200E-06,1.118E+00
-4.77100E-06,1.126E+00
-4.77000E-06,1.126E+00
-4.76900E-06,1.110E+00
-4.76800E-06,1.118E+00
-4.76700E-06,1.118E+00
-4.76600E-06,1.118E+00
-4.76500E-06,1.118E+00
-4.76400E-06,1.118E+00
-4.76300E-06,1.110E+00
-4.76200E-06,1.110E+00
-4.76100E-06,1.126E+00
-4.76000E-06,1.118E+00
-4.75900E-06,1.118E+00
-4.75800E-06,1.118E+00
-4.75700E-06,1.118E+00
-4.75600E-06,1.118E+00
-4.75500E-06,1.126E+00
-4.75400E-06,1.118E+00
-4.75300E-06,1.118E+00
-4.75200E-06,1.126E+00
-4.75100E-06,1.126E+00
-4.75000E-06,1.118E+00
-4.74900E-06,1.118E+00
-4.74800E-06,1.118E+00
-4.74700E-06,1.118E+00
-4.74600E-06,1.134E+00
-4.74500E-06,1.126E+00
-4.74400E-06,1.126E+00
-4.74300E-06,1.118E+00
-4.74200E-06,1.118E+00
-4.74100E-06,1.110E+00
-4.74000E-06,1.118E+00
-4.73900E-06,1.118E+00
-4.73800E-06,1.126E+00
-4.73700E-06,1.118E+00
-4.73600E-06,1.118E+00
-4.73500E-06,1.126E+00
-4.73400E-06,1.118E+00
-4.73300E-06,1.118E+00
-4.73200E-06,1.118E+00
-4.73100E-06,1.118E+00
-4.73000E-06,1.118E+00
-4.72900E-06,1.118E+00
-4.72800E-06,1.110E+00
-4.72700E-06,1.110E+00
-4.72600E-06,1.118E+00
-4.72500E-06,1.118E+00
-4.72400E-06,1.118E+00
-4.72300E-06,1.110E+00
-4.72200E-06,1.110E+00
-4.72100E-06,1.110E+00
-4.72000E-06,1.118E+00
-4.71900E-06,1.110E+00
-4.71800E-06,1.110E+00
-4.71700E-06,1.118E+00
-4.71600E-06,1.126E+00
-4.71500E-06,1.126E+00
-4.71400E-06,1.126E+00
-4.71300E-06,1.126E+00
-4.71200E-06,1.126E+00
-4.71100E-06,1.118E+00
-4.71000E-06,1.118E+00
-4.70900E-06,1.118E+00
-4.70800E-06,1.118E+00
-4.70700E-06,1.126E+00
-4.70600E-06,1.126E+00
-4.70500E-06,1.126E+00
-4.70400E-06,1.126E+00
-4.70300E-06,1.126E+00
-4.70200E-06,1.126E+00
-4.70100E-06,1.126E+00
-4.70000E-06,1.126E+00
-4.69900E-06,1.118E+00
-4.69800E-06,1.118E+00
-4.69700E-06,1.118E+00
-4.69600E-06,1.126E+00
-4.69500E-06,1.126E+00
-4.69400E-06,1.118E+00
-4.69300E-06,1.126E+00
-4.69200E-06,1.126E+00
-4.69100E-06,1.126E+00
-4.69000E-06,1.126E+00
-4.68900E-06,1.126E+00
-4.68800E-06,1.118E+00
-4.68700E-06,1.126E+00
-4.68600E-06,1.126E+00
-4.68500E-06,1.126E+00
-4.68400E-06,1.118E+00
-4.68300E-06,1.118E+00
-4.68200E-06,1.118E+00
-4.68100E-06,1.126E+00
-4.68000E-06,1.118E+00
-4.67900E-06,1.118E+00
-4.67800E-06,1.118E+00
-4.67700E-06,1.118E+00
-4.67600E-06,1.118E+00
-4.67500E-06,1.126E+00
-4.67400E-06,1.118E+00
-4.67300E-06,1.110E+00
-4.67200E-06,1.118E+00
-4.67100E-06,1.118E+00
-4.67000E-06,1.118E+00
-4.66900E-06,1.118E+00
-4.66800E-06,1.118E+00
-4.66700E-06,1.118E+00
-4.66600E-06,1.126E+00
-4.66500E-06,1.126E+00
-4.66400E-06,1.118E+00
-4.66300E-06,1.118E+00
-4.66200E-06,1.126E+00
-4.66100E-06,1.126E+00
-4.66000E-06,1.126E+00
-4.65900E-06,1.126E+00
-4.65800E-06,1.118E+00
-4.65700E-06,1.118E+00
-4.65600E-06,1.126E+00
-4.65500E-06,1.118E+00
-4.65400E-06,1.118E+00
-4.65300E-06,1.110E+00
-4.65200E-06,1.118E+00
-4.65100E-06,1.118E+00
-4.65000E-06,1.118E+00
-4.64900E-06,1.118E+00
-4.64800E-06,1.110E+00
-4.64700E-06,1.118E+00
-4.64600E-06,1.118E+00
-4.64500E-06,1.118E+00
-4.64400E-06,1.118E+00
-4.64300E-06,1.118E+00
-4.64200E-06,1.118E+00
-4.64100E-06,1.118E+00
-4.64000E-06,1.126E+00
-4.63900E-06,1.126E+00
-4.63800E-06,1.118E+00
-4.63700E-06,1.118E+00
-4.63600E-06,1.118E+00
-4.63500E-06,1.118E+00
-4.63400E-06,1.126E+00
-4.63300E-06,1.126E+00
-4.63200E-06,1.126E+00
-4.63100E-06,1.118E+00
-4.63000E-06,1.118E+00
-4.62900E-06,1.118E+00
-4.62800E-06,1.118E+00
-4.62700E-06,1.118E+00
-4.62600E-06,1.126E+00
-4.62500E-06,1.118E+00
-4.62400E-06,1.118E+00
-4.62300E-06,1.118E+00
-4.62200E-06,1.126E+00
-4.62100E-06,1.118E+00
-4.62000E-06,1.118E+00
-4.61900E-06,1.118E+00
-4.61800E-06,1.110E+00
-4.61700E-06,1.118E+00
-4.61600E-06,1.126E+00
-4.61500E-06,1.126E+00
-4.61400E-06,1.118E+00
-4.61300E-06,1.118E+00
-4.61200E-06,1.118E+00
-4.61100E-06,1.118E+00
-4.61000E-06,1.118E+00
-4.60900E-06,1.118E+00
-4.60800E-06,1.110E+00
-4.60700E-06,1.118E+00
-4.60600E-06,1.126E+00
-4.60500E-06,1.126E+00
-4.60400E-06,1.126E+00
-4.60300E-06,1.126E+00
-4.60200E-06,1.118E+00
-4.60100E-06,1.126E+00
-4.60000E-06,1.126E+00
-4.59900E-06,1.126E+00
-4.59800E-06,1.126E+00
-4.59700E-06,1.126E+00
-4.59600E-06,1.126E+00
-4.59500E-06,1.126E+00
-4.59400E-06,1.126E+00
-4.59300E-06,1.118E+00
-4.59200E-06,1.126E+00
-4.59100E-06,1.126E+00
-4.59000E-06,1.118E+00
-4.58900E-06,1.118E+00
-4.58800E-06,1.110E+00
-4.58700E-06,1.126E+00
-4.58600E-06,1.118E+00
-4.58500E-06,1.118E+00
-4.58400E-06,1.118E+00
-4.58300E-06,1.118E+00
-4.58200E-06,1.118E+00
-4.58100E-06,1.118E+00
-4.58000E-06,1.118E+00
-4.57900E-06,1.118E+00
-4.57800E-06,1.118E+00
-4.57700E-06,1.118E+00
-4.57600E-06,1.126E+00
-4.57500E-06,1.118E+00
-4.57400E-06,1.118E+00
-4.57300E-06,1.118E+00
-4.57200E-06,1.110E+00
-4.57100E-06,1.126E+00
-4.57000E-06,1.126E+00
-4.56900E-06,1.126E+00
-4.56800E-06,1.118E+00
-4.56700E-06,1.126E+00
-4.56600E-06,1.118E+00
-4.56500E-06,1.126E+00
-4.56400E-06,1.134E+00
-4.56300E-06,1.126E+00
-4.56200E-06,1.126E+00
-4.56100E-06,1.118E+00
-4.56000E-06,1.118E+00
-4.55900E-06,1.118E+00
-4.55800E-06,1.118E+00
-4.55700E-06,1.118E+00
-4.55600E-06,1.118E+00
-4.55500E-06,1.118E+00
-4.55400E-06,1.118E+00
-4.55300E-06,1.110E+00
-4.55200E-06,1.110E+00
-4.55100E-06,1.118E+00
-4.55000E-06,1.118E+00
-4.54900E-06,1.118E+00
-4.54800E-06,1.110E+00
-4.54700E-06,1.126E+00
-4.54600E-06,1.126E+00
-4.54500E-06,1.126E+00
-4.54400E-06,1.118E+00
-4.54300E-06,1.118E+00
-4.54200E-06,1.118E+00
-4.54100E-06,1.126E+00
-4.54000E-06,1.126E+00
-4.53900E-06,1.118E+00
-4.53800E-06,1.118E+00
-4.53700E-06,1.118E+00
-4.53600E-06,1.134E+00
-4.53500E-06,1.126E+00
-4.53400E-06,1.118E+00
-4.53300E-06,1.126E+00
-4.53200E-06,1.126E+00
-4.53100E-06,1.118E+00
-4.53000E-06,1.118E+00
-4.52900E-06,1.118E+00
-4.52800E-06,1.118E+00
-4.52700E-06,1.118E+00
-4.52600E-06,1.118E+00
-4.52500E-06,1.126E+00
-4.52400E-06,1.118E+00
-4.52300E-06,1.118E+00
-4.52200E-06,1.118E+00
-4.52100E-06,1.126E+00
-4.52000E-06,1.118E+00
-4.51900E-06,1.110E+00
-4.51800E-06,1.118E+00
-4.51700E-06,1.126E+00
-4.51600E-06,1.126E+00
-4.51500E-06,1.118E+00
-4.51400E-06,1.118E+00
-4.51300E-06,1.118E+00
-4.51200E-06,1.126E+00
-4.51100E-06,1.118E+00
-4.51000E-06,1.118E+00
-4.50900E-06,1.118E+00
-4.50800E-06,1.110E+00
-4.50700E-06,1.118E+00
-4.50600E-06,1.118E+00
-4.50500E-06,1.126E+00
-4.50400E-06,1.118E+00
-4.50300E-06,1.110E+00
-4.50200E-06,1.118E+00
-4.50100E-06,1.118E+00
-4.50000E-06,1.118E+00
-4.49900E-06,1.118E+00
-4.49800E-06,1.110E+00
-4.49700E-06,1.118E+00
-4.49600E-06,1.118E+00
-4.49500E-06,1.118E+00
-4.49400E-06,1.118E+00
-4.49300E-06,1.110E+00
-4.49200E-06,1.118E+00
-4.49100E-06,1.118E+00
-4.49000E-06,1.126E+00
-4.48900E-06,1.126E+00
-4.48800E-06,1.110E+00
-4.48700E-06,1.118E+00
-4.48600E-06,1.126E+00
-4.48500E-06,1.134E+00
-4.48400E-06,1.126E+00
-4.48300E-06,1.126E+00
-4.48200E-06,1.118E+00
-4.48100E-06,1.118E+00
-4.48000E-06,1.118E+00
-4.47900E-06,1.126E+00
-4.47800E-06,1.118E+00
-4.47700E-06,1.110E+00
-4.47600E-06,1.126E+00
-4.47500E-06,1.126E+00
-4.47400E-06,1.118E+00
-4.47300E-06,1.118E+00
-4.47200E-06,1.118E+00
-4.47100E-06,1.118E+00
-4.47000E-06,1.126E+00
-4.46900E-06,1.126E+00
-4.46800E-06,1.118E+00
-4.46700E-06,1.118E+00
-4.46600E-06,1.118E+00
-4.46500E-06,1.126E+00
-4.46400E-06,1.118E+00
-4.46300E-06,1.118E+00
-4.46200E-06,1.126E+00
-4.46100E-06,1.126E+00
-4.46000E-06,1.126E+00
-4.45900E-06,1.118E+00
-4.45800E-06,1.118E+00
-4.45700E-06,1.118E+00
-4.45600E-06,1.126E+00
-4.45500E-06,1.126E+00
-4.45400E-06,1.126E+00
-4.45300E-06,1.118E+00
-4.45200E-06,1.118E+00
-4.45100E-06,1.118E+00
-4.45000E-06,1.118E+00
-4.44900E-06,1.118E+00
-4.44800E-06,1.118E+00
-4.44700E-06,1.118E+00
-4.44600E-06,1.118E+00
-4.44500E-06,1.118E+00
-4.44400E-06,1.118E+00
-4.44300E-06,1.118E+00
-4.44200E-06,1.118E+00
-4.44100E-06,1.118E+00
-4.44000E-06,1.126E+00
-4.43900E-06,1.118E+00
-4.43800E-06,1.118E+00
-4.43700E-06,1.118E+00
-4.43600E-06,1.126E+00
-4.43500E-06,1.118E+00
-4.43400E-06,1.126E+00
-4.43300E-06,1.118E+00
-4.43200E-06,1.118E+00
-4.43100E-06,1.126E+00
-4.43000E-06,1.126E+00
-4.42900E-06,1.118E+00
-4.42800E-06,1.118E+00
-4.42700E-06,1.118E+00
-4.42600E-06,1.126E+00
-4.42500E-06,1.126E+00
-4.42400E-06,1.126E+00
-4.42300E-06,1.118E+00
-4.42200E-06,1.118E+00
-4.42100E-06,1.126E+00
-4.42000E-06,1.118E+00
-4.41900E-06,1.110E+00
-4.41800E-06,1.118E+00
-4.41700E-06,1.118E+00
-4.41600E-06,1.118E+00
-4.41500E-06,1.118E+00
-4.41400E-06,1.118E+00
-4.41300E-06,1.110E+00
-4.41200E-06,1.118E+00
-4.41100E-06,1.126E+00
-4.41000E-06,1.126E+00
-4.40900E-06,1.118E+00
-4.40800E-06,1.118E+00
-4.40700E-06,1.126E+00
-4.40600E-06,1.126E+00
-4.40500E-06,1.126E+00
-4.40400E-06,1.126E+00
-4.40300E-06,1.118E+00
-4.40200E-06,1.118E+00
-4.40100E-06,1.126E+00
-4.40000E-06,1.118E+00
-4.39900E-06,1.126E+00
-4.39800E-06,1.110E+00
-4.39700E-06,1.118E+00
-4.39600E-06,1.126E+00
-4.39500E-06,1.126E+00
-4.39400E-06,1.118E+00
-4.39300E-06,1.118E+00
-4.39200E-06,1.118E+00
-4.39100E-06,1.118E+00
-4.39000E-06,1.126E+00
-4.38900E-06,1.118E+00
-4.38800E-06,1.126E+00
-4.38700E-06,1.126E+00
-4.38600E-06,1.126E+00
-4.38500E-06,1.118E+00
-4.38400E-06,1.118E+00
-4.38300E-06,1.118E+00
-4.38200E-06,1.118E+00
-4.38100E-06,1.118E+00
-4.38000E-06,1.110E+00
-4.37900E-06,1.110E+00
-4.37800E-06,1.118E+00
-4.37700E-06,1.118E+00
-4.37600E-06,1.118E+00
-4.37500E-06,1.126E+00
-4.37400E-06,1.118E+00
-4.37300E-06,1.126E+00
-4.37200E-06,1.118E+00
-4.37100E-06,1.126E+00
-4.37000E-06,1.118E+00
-4.36900E-06,1.110E+00
-4.36800E-06,1.118E+00
-4.36700E-06,1.110E+00
-4.36600E-06,1.126E+00
-4.36500E-06,1.126E+00
-4.36400E-06,1.118E+00
-4.36300E-06,1.118E+00
-4.36200E-06,1.118E+00
-4.36100E-06,1.118E+00
-4.36000E-06,1.118E+00
-4.35900E-06,1.118E+00
-4.35800E-06,1.118E+00
-4.35700E-06,1.118E+00
-4.35600E-06,1.118E+00
-4.35500E-06,1.118E+00
-4.35400E-06,1.118E+00
-4.35300E-06,1.126E+00
-4.35200E-06,1.118E+00
-4.35100E-06,1.118E+00
-4.35000E-06,1.126E+00
-4.34900E-06,1.118E+00
-4.34800E-06,1.110E+00
-4.34700E-06,1.110E+00
-4.34600E-06,1.118E+00
-4.34500E-06,1.126E+00
-4.34400E-06,1.118E+00
-4.34300E-06,1.118E+00
-4.34200E-06,1.118E+00
-4.34100E-06,1.110E+00
-4.34000E-06,1.118E+00
-4.33900E-06,1.110E+00
-4.33800E-06,1.118E+00
-4.33700E-06,1.126E+00
-4.33600E-06,1.126E+00
-4.33500E-06,1.118E+00
-4.33400E-06,1.118E+00
-4.33300E-06,1.118E+00
-4.33200E-06,1.118E+00
-4.33100E-06,1.118E+00
-4.33000E-06,1.126E+00
-4.32900E-06,1.126E+00
-4.32800E-06,1.118E+00
-4.32700E-06,1.118E+00
-4.32600E-06,1.126E+00
-4.32500E-06,1.126E+00
-4.32400E-06,1.126E+00
-4.32300E-06,1.118E+00
-4.32200E-06,1.126E+00
-4.32100E-06,1.118E+00
-4.32000E-06,1.126E+00
-4.31900E-06,1.118E+00
-4.31800E-06,1.118E+00
-4.31700E-06,1.118E+00
-4.31600E-06,1.126E+00
-4.31500E-06,1.126E+00
-4.31400E-06,1.118E+00
-4.31300E-06,1.118E+00
-4.31200E-06,1.126E+00
-4.31100E-06,1.126E+00
-4.31000E-06,1.126E+00
-4.30900E-06,1.118E+00
-4.30800E-06,1.118E+00
-4.30700E-06,1.118E+00
-4.30600E-06,1.126E+00
-4.30500E-06,1.126E+00
-4.30400E-06,1.118E+00
-4.30300E-06,1.118E+00
-4.30200E-06,1.118E+00
-4.30100E-06,1.126E+00
-4.30000E-06,1.126E+00
-4.29900E-06,1.118E+00
-4.29800E-06,1.126E+00
-4.29700E-06,1.118E+00
-4.29600E-06,1.126E+00
-4.29500E-06,1.134E+00
-4.29400E-06,1.118E+00
-4.29300E-06,1.118E+00
-4.29200E-06,1.126E+00
-4.29100E-06,1.126E+00
-4.29000E-06,1.118E+00
-4.28900E-06,1.118E+00
-4.28800E-06,1.110E+00
-4.28700E-06,1.118E+00
-4.28600E-06,1.134E+00
-4.28500E-06,1.126E+00
-4.28400E-06,1.118E+00
-4.28300E-06,1.110E+00
-4.28200E-06,1.110E+00
-4.28100E-06,1.110E+00
-4.28000E-06,1.118E+00
-4.27900E-06,1.118E+00
-4.27800E-06,1.118E+00
-4.27700E-06,1.126E+00
-4.27600E-06,1.126E+00
-4.27500E-06,1.134E+00
-4.27400E-06,1.126E+00
-4.27300E-06,1.126E+00
-4.27200E-06,1.134E+00
-4.27100E-06,1.126E+00
-4.27000E-06,1.126E+00
-4.26900E-06,1.118E+00
-4.26800E-06,1.110E+00
-4.26700E-06,1.126E+00
-4.26600E-06,1.126E+00
-4.26500E-06,1.118E+00
-4.26400E-06,1.118E+00
-4.26300E-06,1.118E+00
-4.26200E-06,1.118E+00
-4.26100E-06,1.118E+00
-4.26000E-06,1.118E+00
-4.25900E-06,1.118E+00
-4.25800E-06,1.110E+00
-4.25700E-06,1.110E+00
-4.25600E-06,1.118E+00
-4.25500E-06,1.118E+00
-4.25400E-06,1.126E+00
-4.25300E-06,1.126E+00
-4.25200E-06,1.118E+00
-4.25100E-06,1.126E+00
-4.25000E-06,1.126E+00
-4.24900E-06,1.126E+00
-4.24800E-06,1.118E+00
-4.24700E-06,1.126E+00
-4.24600E-06,1.126E+00
-4.24500E-06,1.118E+00
-4.24400E-06,1.126E+00
-4.24300E-06,1.110E+00
-4.24200E-06,1.110E+00
-4.24100E-06,1.118E+00
-4.24000E-06,1.118E+00
-4.23900E-06,1.118E+00
-4.23800E-06,1.118E+00
-4.23700E-06,1.118E+00
-4.23600E-06,1.118E+00
-4.23500E-06,1.118E+00
-4.23400E-06,1.118E+00
-4.23300E-06,1.118E+00
-4.23200E-06,1.118E+00
-4.23100E-06,1.126E+00
-4.23000E-06,1.118E+00
-4.22900E-06,1.126E+00
-4.22800E-06,1.118E+00
-4.22700E-06,1.126E+00
-4.22600E-06,1.126E+00
-4.22500E-06,1.126E+00
-4.22400E-06,1.126E+00
-4.22300E-06,1.126E+00
-4.22200E-06,1.126E+00
-4.22100E-06,1.126E+00
-4.22000E-06,1.126E+00
-4.21900E-06,1.118E+00
-4.21800E-06,1.118E+00
-4.21700E-06,1.126E+00
-4.21600E-06,1.134E+00
-4.21500E-06,1.134E+00
-4.21400E-06,1.126E+00
-4.21300E-06,1.118E+00
-4.21200E-06,1.118E+00
-4.21100E-06,1.118E+00
-4.21000E-06,1.118E+00
-4.20900E-06,1.118E+00
-4.20800E-06,1.110E+00
-4.20700E-06,1.118E+00
-4.20600E-06,1.126E+00
-4.20500E-06,1.126E+00
-4.20400E-06,1.126E+00
-4.20300E-06,1.118E+00
-4.20200E-06,1.118E+00
-4.20100E-06,1.118E+00
-4.20000E-06,1.110E+00
-4.19900E-06,1.118E+00
-4.19800E-06,1.118E+00
-4.19700E-06,1.126E+00
-4.19600E-06,1.126E+00
-4.19500E-06,1.126E+00
-4.19400E-06,1.126E+00
-4.19300E-06,1.126E+00
-4.19200E-06,1.126E+00
-4.19100E-06,1.118E+00
-4.19000E-06,1.118E+00
-4.18900E-06,1.118E+00
-4.18800E-06,1.118E+00
-4.18700E-06,1.118E+00
-4.18600E-06,1.126E+00
-4.18500E-06,1.126E+00
-4.18400E-06,1.118E+00
-4.18300E-06,1.118E+00
-4.18200E-06,1.118E+00
-4.18100E-06,1.126E+00
-4.18000E-06,1.126E+00
-4.17900E-06,1.110E+00
-4.17800E-06,1.118E+00
-4.17700E-06,1.118E+00
-4.17600E-06,1.126E+00
-4.17500E-06,1.118E+00
-4.17400E-06,1.126E+00
-4.17300E-06,1.126E+00
-4.17200E-06,1.118E+00
-4.17100E-06,1.126E+00
-4.17000E-06,1.126E+00
-4.16900E-06,1.118E+00
-4.16800E-06,1.110E+00
-4.16700E-06,1.118E+00
-4.16600E-06,1.118E+00
-4.16500E-06,1.126E+00
-4.16400E-06,1.126E+00
-4.16300E-06,1.118E+00
-4.16200E-06,1.118E+00
-4.16100E-06,1.118E+00
-4.16000E-06,1.118E+00
-4.15900E-06,1.118E+00
-4.15800E-06,1.118E+00
-4.15700E-06,1.110E+00
-4.15600E-06,1.118E+00
-4.15500E-06,1.118E+00
-4.15400E-06,1.118E+00
-4.15300E-06,1.118E+00
-4.15200E-06,1.118E+00
-4.15100E-06,1.118E+00
-4.15000E-06,1.118E+00
-4.14900E-06,1.126E+00
-4.14800E-06,1.118E+00
-4.14700E-06,1.118E+00
-4.14600E-06,1.118E+00
-4.14500E-06,1.126E+00
-4.14400E-06,1.110E+00
-4.14300E-06,1.118E+00
-4.14200E-06,1.118E+00
-4.14100E-06,1.118E+00
-4.14000E-06,1.126E+00
-4.13900E-06,1.118E+00
-4.13800E-06,1.118E+00
-4.13700E-06,1.118E+00
-4.13600E-06,1.126E+00
-4.13500E-06,1.118E+00
-4.13400E-06,1.118E+00
-4.13300E-06,1.118E+00
-4.13200E-06,1.110E+00
-4.13100E-06,1.126E+00
-4.13000E-06,1.126E+00
-4.12900E-06,1.118E+00
-4.12800E-06,1.118E+00
-4.12700E-06,1.118E+00
-4.12600E-06,1.118E+00
-4.12500E-06,1.126E+00
-4.12400E-06,1.118E+00
-4.12300E-06,1.118E+00
-4.12200E-06,1.118E+00
-4.12100E-06,1.118E+00
-4.12000E-06,1.126E+00
-4.11900E-06,1.118E+00
-4.11800E-06,1.118E+00
-4.11700E-06,1.118E+00
-4.11600E-06,1.118E+00
-4.11500E-06,1.126E+00
-4.11400E-06,1.118E+00
-4.11300E-06,1.118E+00
-4.11200E-06,1.118E+00
-4.11100E-06,1.126E+00
-4.11000E-06,1.118E+00
-4.10900E-06,1.126E+00
-4.10800E-06,1.126E+00
-4.10700E-06,1.118E+00
-4.10600E-06,1.126E+00
-4.10500E-06,1.126E+00
-4.10400E-06,1.126E+00
-4.10300E-06,1.118E+00
-4.10200E-06,1.118E+00
-4.10100E-06,1.118E+00
-4.10000E-06,1.118E+00
-4.09900E-06,1.118E+00
-4.09800E-06,1.118E+00
-4.09700E-06,1.118E+00
-4.09600E-06,1.126E+00
-4.09500E-06,1.126E+00
-4.09400E-06,1.126E+00
-4.09300E-06,1.126E+00
-4.09200E-06,1.118E+00
-4.09100E-06,1.118E+00
-4.09000E-06,1.126E+00
-4.08900E-06,1.118E+00
-4.08800E-06,1.110E+00
-4.08700E-06,1.118E+00
-4.08600E-06,1.118E+00
-4.08500E-06,1.118E+00
-4.08400E-06,1.126E+00
-4.08300E-06,1.110E+00
-4.08200E-06,1.118E+00
-4.08100E-06,1.118E+00
-4.08000E-06,1.126E+00
-4.07900E-06,1.118E+00
-4.07800E-06,1.118E+00
-4.07700E-06,1.118E+00
-4.07600E-06,1.118E+00
-4.07500E-06,1.118E+00
-4.07400E-06,1.118E+00
-4.07300E-06,1.118E+00
-4.07200E-06,1.126E+00
-4.07100E-06,1.118E+00
-4.07000E-06,1.126E+00
-4.06900E-06,1.118E+00
-4.06800E-06,1.118E+00
-4.06700E-06,1.126E+00
-4.06600E-06,1.126E+00
-4.06500E-06,1.134E+00
-4.06400E-06,1.118E+00
-4.06300E-06,1.118E+00
-4.06200E-06,1.118E+00
-4.06100E-06,1.126E+00
-4.06000E-06,1.118E+00
-4.05900E-06,1.118E+00
-4.05800E-06,1.118E+00
-4.05700E-06,1.126E+00
-4.05600E-06,1.126E+00
-4.05500E-06,1.126E+00
-4.05400E-06,1.126E+00
-4.05300E-06,1.118E+00
-4.05200E-06,1.118E+00
-4.05100E-06,1.126E+00
-4.05000E-06,1.126E+00
-4.04900E-06,1.126E+00
-4.04800E-06,1.110E+00
-4.04700E-06,1.118E+00
-4.04600E-06,1.126E+00
-4.04500E-06,1.126E+00
-4.04400E-06,1.126E+00
-4.04300E-06,1.118E+00
-4.04200E-06,1.110E+00
-4.04100E-06,1.118E+00
-4.04000E-06,1.118E+00
-4.03900E-06,1.110E+00
-4.03800E-06,1.110E+00
-4.03700E-06,1.118E+00
-4.03600E-06,1.118E+00
-4.03500E-06,1.118E+00
-4.03400E-06,1.118E+00
-4.03300E-06,1.118E+00
-4.03200E-06,1.118E+00
-4.03100E-06,1.126E+00
-4.03000E-06,1.126E+00
-4.02900E-06,1.118E+00
-4.02800E-06,1.118E+00
-4.02700E-06,1.118E+00
-4.02600E-06,1.126E+00
-4.02500E-06,1.126E+00
-4.02400E-06,1.126E+00
-4.02300E-06,1.118E+00
-4.02200E-06,1.118E+00
-4.02100E-06,1.126E+00
-4.02000E-06,1.118E+00
-4.01900E-06,1.118E+00
-4.01800E-06,1.110E+00
-4.01700E-06,1.118E+00
-4.01600E-06,1.126E+00
-4.01500E-06,1.134E+00
-4.01400E-06,1.126E+00
-4.01300E-06,1.118E+00
-4.01200E-06,1.118E+00
-4.01100E-06,1.126E+00
-4.01000E-06,1.126E+00
-4.00900E-06,1.126E+00
-4.00800E-06,1.118E+00
-4.00700E-06,1.118E+00
-4.00600E-06,1.126E+00
-4.00500E-06,1.126E+00
-4.00400E-06,1.118E+00
-4.00300E-06,1.118E+00
-4.00200E-06,1.110E+00
-4.00100E-06,1.126E+00
-4.00000E-06,1.118E+00
-3.99900E-06,1.118E+00
-3.99800E-06,1.118E+00
-3.99700E-06,1.118E+00
-3.99600E-06,1.118E+00
-3.99500E-06,1.126E+00
-3.99400E-06,1.126E+00
-3.99300E-06,1.118E+00
-3.99200E-06,1.126E+00
-3.99100E-06,1.118E+00
-3.99000E-06,1.118E+00
-3.98900E-06,1.110E+00
-3.98800E-06,1.118E+00
-3.98700E-06,1.126E+00
-3.98600E-06,1.126E+00
-3.98500E-06,1.126E+00
-3.98400E-06,1.126E+00
-3.98300E-06,1.118E+00
-3.98200E-06,1.118E+00
-3.98100E-06,1.126E+00
-3.98000E-06,1.126E+00
-3.97900E-06,1.118E+00
-3.97800E-06,1.118E+00
-3.97700E-06,1.118E+00
-3.97600E-06,1.126E+00
-3.97500E-06,1.126E+00
-3.97400E-06,1.126E+00
-3.97300E-06,1.118E+00
-3.97200E-06,1.118E+00
-3.97100E-06,1.118E+00
-3.97000E-06,1.118E+00
-3.96900E-06,1.118E+00
-3.96800E-06,1.118E+00
-3.96700E-06,1.126E+00
-3.96600E-06,1.126E+00
-3.96500E-06,1.126E+00
-3.96400E-06,1.126E+00
-3.96300E-06,1.126E+00
-3.96200E-06,1.118E+00
-3.96100E-06,1.126E+00
-3.96000E-06,1.126E+00
-3.95900E-06,1.118E+00
-3.95800E-06,1.126E+00
-3.95700E-06,1.126E+00
-3.95600E-06,1.126E+00
-3.95500E-06,1.126E+00
-3.95400E-06,1.118E+00
-3.95300E-06,1.118E+00
-3.95200E-06,1.118E+00
-3.95100E-06,1.126E+00
-3.95000E-06,1.118E+00
-3.94900E-06,1.110E+00
-3.94800E-06,1.118E+00
-3.94700E-06,1.118E+00
-3.94600E-06,1.126E+00
-3.94500E-06,1.118E+00
-3.94400E-06,1.118E+00
-3.94300E-06,1.110E+00
-3.94200E-06,1.118E+00
-3.94100E-06,1.118E+00
-3.94000E-06,1.118E+00
-3.93900E-06,1.110E+00
-3.93800E-06,1.110E+00
-3.93700E-06,1.118E+00
-3.93600E-06,1.118E+00
-3.93500E-06,1.118E+00
-3.93400E-06,1.110E+00
-3.93300E-06,1.110E+00
-3.93200E-06,1.110E+00
-3.93100E-06,1.126E+00
-3.93000E-06,1.118E+00
-3.92900E-06,1.118E+00
-3.92800E-06,1.118E+00
-3.92700E-06,1.118E+00
-3.92600E-06,1.126E+00
-3.92500E-06,1.126E+00
-3.92400E-06,1.118E+00
-3.92300E-06,1.110E+00
-3.92200E-06,1.110E+00
-3.92100E-06,1.118E+00
-3.92000E-06,1.126E+00
-3.91900E-06,1.118E+00
-3.91800E-06,1.110E+00
-3.91700E-06,1.118E+00
-3.91600E-06,1.118E+00
-3.91500E-06,1.118E+00
-3.91400E-06,1.118E+00
-3.91300E-06,1.118E+00
-3.91200E-06,1.110E+00
-3.91100E-06,1.118E+00
-3.91000E-06,1.118E+00
-3.90900E-06,1.118E+00
-3.90800E-06,1.118E+00
-3.90700E-06,1.110E+00
-3.90600E-06,1.118E+00
-3.90500E-06,1.126E+00
-3.90400E-06,1.126E+00
-3.90300E-06,1.118E+00
-3.90200E-06,1.126E+00
-3.90100E-06,1.126E+00
-3.90000E-06,1.118E+00
-3.89900E-06,1.118E+00
-3.89800E-06,1.126E+00
-3.89700E-06,1.126E+00
-3.89600E-06,1.126E+00
-3.89500E-06,1.118E+00
-3.89400E-06,1.126E+00
-3.89300E-06,1.118E+00
-3.89200E-06,1.118E+00
-3.89100E-06,1.118E+00
-3.89000E-06,1.118E+00
-3.88900E-06,1.118E+00
-3.88800E-06,1.118E+00
-3.88700E-06,1.126E+00
-3.88600E-06,1.126E+00
-3.88500E-06,1.126E+00
-3.88400E-06,1.126E+00
-3.88300E-06,1.118E+00
-3.88200E-06,1.118E+00
-3.88100E-06,1.126E+00
-3.88000E-06,1.118E+00
-3.87900E-06,1.118E+00
-3.87800E-06,1.118E+00
-3.87700E-06,1.118E+00
-3.87600E-06,1.118E+00
-3.87500E-06,1.118E+00
-3.87400E-06,1.118E+00
-3.87300E-06,1.110E+00
-3.87200E-06,1.118E+00
-3.87100E-06,1.118E+00
-3.87000E-06,1.118E+00
-3.86900E-06,1.118E+00
-3.86800E-06,1.110E+00
-3.86700E-06,1.118E+00
-3.86600E-06,1.118E+00
-3.86500E-06,1.118E+00
-3.86400E-06,1.126E+00
-3.86300E-06,1.118E+00
-3.86200E-06,1.118E+00
-3.86100E-06,1.118E+00
-3.86000E-06,1.118E+00
-3.85900E-06,1.118E+00
-3.85800E-06,1.118E+00
-3.85700E-06,1.118E+00
-3.85600E-06,1.126E+00
-3.85500E-06,1.126E+00
-3.85400E-06,1.118E+00
-3.85300E-06,1.118E+00
-3.85200E-06,1.118E+00
-3.85100E-06,1.126E+00
-3.85000E-06,1.126E+00
-3.84900E-06,1.126E+00
-3.84800E-06,1.118E+00
-3.84700E-06,1.126E+00
-3.84600E-06,1.126E+00
-3.84500E-06,1.126E+00
-3.84400E-06,1.126E+00
-3.84300E-06,1.118E+00
-3.84200E-06,1.126E+00
-3.84100E-06,1.126E+00
-3.84000E-06,1.126E+00
-3.83900E-06,1.126E+00
-3.83800E-06,1.126E+00
-3.83700E-06,1.118E+00
-3.83600E-06,1.126E+00
-3.83500E-06,1.126E+00
-3.83400E-06,1.118E+00
-3.83300E-06,1.118E+00
-3.83200E-06,1.118E+00
-3.83100E-06,1.126E+00
-3.83000E-06,1.126E+00
-3.82900E-06,1.118E+00
-3.82800E-06,1.118E+00
-3.82700E-06,1.118E+00
-3.82600E-06,1.126E+00
-3.82500E-06,1.126E+00
-3.82400E-06,1.118E+00
-3.82300E-06,1.118E+00
-3.82200E-06,1.118E+00
-3.82100E-06,1.118E+00
-3.82000E-06,1.118E+00
-3.81900E-06,1.110E+00
-3.81800E-06,1.110E+00
-3.81700E-06,1.118E+00
-3.81600E-06,1.126E+00
-3.81500E-06,1.126E+00
-3.81400E-06,1.126E+00
-3.81300E-06,1.118E+00
-3.81200E-06,1.126E+00
-3.81100E-06,1.126E+00
-3.81000E-06,1.126E+00
-3.80900E-06,1.118E+00
-3.80800E-06,1.110E+00
-3.80700E-06,1.118E+00
-3.80600E-06,1.126E+00
-3.80500E-06,1.126E+00
-3.80400E-06,1.110E+00
-3.80300E-06,1.110E+00
-3.80200E-06,1.110E+00
-3.80100E-06,1.118E+00
-3.80000E-06,1.118E+00
-3.79900E-06,1.110E+00
-3.79800E-06,1.110E+00
-3.79700E-06,1.118E+00
-3.79600E-06,1.126E+00
-3.79500E-06,1.126E+00
-3.79400E-06,1.118E+00
-3.79300E-06,1.118E+00
-3.79200E-06,1.118E+00
-3.79100E-06,1.126E+00
-3.79000E-06,1.118E+00
-3.78900E-06,1.118E+00
-3.78800E-06,1.110E+00
-3.78700E-06,1.118E+00
-3.78600E-06,1.118E+00
-3.78500E-06,1.118E+00
-3.78400E-06,1.118E+00
-3.78300E-06,1.118E+00
-3.78200E-06,1.110E+00
-3.78100E-06,1.118E+00
-3.78000E-06,1.118E+00
-3.77900E-06,1.118E+00
-3.77800E-06,1.118E+00
-3.77700E-06,1.118E+00
-3.77600E-06,1.126E+00
-3.77500E-06,1.126E+00
-3.77400E-06,1.118E+00
-3.77300E-06,1.118E+00
-3.77200E-06,1.126E+00
-3.77100E-06,1.126E+00
-3.77000E-06,1.118E+00
-3.76900E-06,1.118E+00
-3.76800E-06,1.110E+00
-3.76700E-06,1.118E+00
-3.76600E-06,1.126E+00
-3.76500E-06,1.126E+00
-3.76400E-06,1.126E+00
-3.76300E-06,1.118E+00
-3.76200E-06,1.118E+00
-3.76100E-06,1.126E+00
-3.76000E-06,1.126E+00
-3.75900E-06,1.118E+00
-3.75800E-06,1.110E+00
-3.75700E-06,1.118E+00
-3.75600E-06,1.126E+00
-3.75500E-06,1.118E+00
-3.75400E-06,1.118E+00
-3.75300E-06,1.118E+00
-3.75200E-06,1.126E+00
-3.75100E-06,1.126E+00
-3.75000E-06,1.118E+00
-3.74900E-06,1.118E+00
-3.74800E-06,1.118E+00
-3.74700E-06,1.118E+00
-3.74600E-06,1.126E+00
-3.74500E-06,1.118E+00
-3.74400E-06,1.126E+00
-3.74300E-06,1.118E+00
-3.74200E-06,1.118E+00
-3.74100E-06,1.126E+00
-3.74000E-06,1.126E+00
-3.73900E-06,1.118E+00
-3.73800E-06,1.118E+00
-3.73700E-06,1.118E+00
-3.73600E-06,1.118E+00
-3.73500E-06,1.126E+00
-3.73400E-06,1.118E+00
-3.73300E-06,1.118E+00
-3.73200E-06,1.118E+00
-3.73100E-06,1.126E+00
-3.73000E-06,1.126E+00
-3.72900E-06,1.126E+00
-3.72800E-06,1.118E+00
-3.72700E-06,1.118E+00
-3.72600E-06,1.126E+00
-3.72500E-06,1.126E+00
-3.72400E-06,1.126E+00
-3.72300E-06,1.126E+00
-3.72200E-06,1.126E+00
-3.72100E-06,1.126E+00
-3.72000E-06,1.126E+00
-3.71900E-06,1.118E+00
-3.71800E-06,1.110E+00
-3.71700E-06,1.118E+00
-3.71600E-06,1.126E+00
-3.71500E-06,1.126E+00
-3.71400E-06,1.126E+00
-3.71300E-06,1.134E+00
-3.71200E-06,1.126E+00
-3.71100E-06,1.126E+00
-3.71000E-06,1.126E+00
-3.70900E-06,1.118E+00
-3.70800E-06,1.118E+00
-3.70700E-06,1.126E+00
-3.70600E-06,1.134E+00
-3.70500E-06,1.126E+00
-3.70400E-06,1.126E+00
-3.70300E-06,1.126E+00
-3.70200E-06,1.118E+00
-3.70100E-06,1.126E+00
-3.70000E-06,1.126E+00
-3.69900E-06,1.118E+00
-3.69800E-06,1.110E+00
-3.69700E-06,1.126E+00
-3.69600E-06,1.118E+00
-3.69500E-06,1.126E+00
-3.69400E-06,1.126E+00
-3.69300E-06,1.118E+00
-3.69200E-06,1.126E+00
-3.69100E-06,1.126E+00
-3.69000E-06,1.126E+00
-3.68900E-06,1.118E+00
-3.68800E-06,1.126E+00
-3.68700E-06,1.126E+00
-3.68600E-06,1.118E+00
-3.68500E-06,1.126E+00
-3.68400E-06,1.118E+00
-3.68300E-06,1.118E+00
-3.68200E-06,1.118E+00
-3.68100E-06,1.126E+00
-3.68000E-06,1.126E+00
-3.67900E-06,1.118E+00
-3.67800E-06,1.110E+00
-3.67700E-06,1.126E+00
-3.67600E-06,1.126E+00
-3.67500E-06,1.126E+00
-3.67400E-06,1.118E+00
-3.67300E-06,1.110E+00
-3.67200E-06,1.118E+00
-3.67100E-06,1.126E+00
-3.67000E-06,1.110E+00
-3.66900E-06,1.118E+00
-3.66800E-06,1.110E+00
-3.66700E-06,1.118E+00
-3.66600E-06,1.118E+00
-3.66500E-06,1.118E+00
-3.66400E-06,1.118E+00
-3.66300E-06,1.118E+00
-3.66200E-06,1.118E+00
-3.66100E-06,1.126E+00
-3.66000E-06,1.126E+00
-3.65900E-06,1.110E+00
-3.65800E-06,1.110E+00
-3.65700E-06,1.118E+00
-3.65600E-06,1.126E+00
-3.65500E-06,1.126E+00
-3.65400E-06,1.126E+00
-3.65300E-06,1.126E+00
-3.65200E-06,1.126E+00
-3.65100E-06,1.126E+00
-3.65000E-06,1.118E+00
-3.64900E-06,1.118E+00
-3.64800E-06,1.110E+00
-3.64700E-06,1.126E+00
-3.64600E-06,1.126E+00
-3.64500E-06,1.126E+00
-3.64400E-06,1.126E+00
-3.64300E-06,1.110E+00
-3.64200E-06,1.110E+00
-3.64100E-06,1.110E+00
-3.64000E-06,1.110E+00
-3.63900E-06,1.110E+00
-3.63800E-06,1.110E+00
-3.63700E-06,1.110E+00
-3.63600E-06,1.118E+00
-3.63500E-06,1.126E+00
-3.63400E-06,1.118E+00
-3.63300E-06,1.118E+00
-3.63200E-06,1.118E+00
-3.63100E-06,1.126E+00
-3.63000E-06,1.118E+00
-3.62900E-06,1.118E+00
-3.62800E-06,1.110E+00
-3.62700E-06,1.110E+00
-3.62600E-06,1.126E+00
-3.62500E-06,1.118E+00
-3.62400E-06,1.126E+00
-3.62300E-06,1.118E+00
-3.62200E-06,1.110E+00
-3.62100E-06,1.110E+00
-3.62000E-06,1.118E+00
-3.61900E-06,1.110E+00
-3.61800E-06,1.118E+00
-3.61700E-06,1.126E+00
-3.61600E-06,1.134E+00
-3.61500E-06,1.126E+00
-3.61400E-06,1.126E+00
-3.61300E-06,1.126E+00
-3.61200E-06,1.118E+00
-3.61100E-06,1.126E+00
-3.61000E-06,1.126E+00
-3.60900E-06,1.126E+00
-3.60800E-06,1.118E+00
-3.60700E-06,1.118E+00
-3.60600E-06,1.126E+00
-3.60500E-06,1.126E+00
-3.60400E-06,1.118E+00
-3.60300E-06,1.118E+00
-3.60200E-06,1.118E+00
-3.60100E-06,1.118E+00
-3.60000E-06,1.126E+00
-3.59900E-06,1.126E+00
-3.59800E-06,1.118E+00
-3.59700E-06,1.126E+00
-3.59600E-06,1.126E+00
-3.59500E-06,1.126E+00
-3.59400E-06,1.118E+00
-3.59300E-06,1.110E+00
-3.59200E-06,1.118E+00
-3.59100E-06,1.126E+00
-3.59000E-06,1.118E+00
-3.58900E-06,1.118E+00
-3.58800E-06,1.118E+00
-3.58700E-06,1.126E+00
-3.58600E-06,1.126E+00
-3.58500E-06,1.118E+00
-3.58400E-06,1.126E+00
-3.58300E-06,1.118E+00
-3.58200E-06,1.118E+00
-3.58100E-06,1.118E+00
-3.58000E-06,1.118E+00
-3.57900E-06,1.118E+00
-3.57800E-06,1.118E+00
-3.57700E-06,1.118E+00
-3.57600E-06,1.110E+00
-3.57500E-06,1.118E+00
-3.57400E-06,1.118E+00
-3.57300E-06,1.118E+00
-3.57200E-06,1.110E+00
-3.57100E-06,1.118E+00
-3.57000E-06,1.118E+00
-3.56900E-06,1.118E+00
-3.56800E-06,1.110E+00
-3.56700E-06,1.118E+00
-3.56600E-06,1.126E+00
-3.56500E-06,1.118E+00
-3.56400E-06,1.126E+00
-3.56300E-06,1.118E+00
-3.56200E-06,1.118E+00
-3.56100E-06,1.118E+00
-3.56000E-06,1.126E+00
-3.55900E-06,1.118E+00
-3.55800E-06,1.110E+00
-3.55700E-06,1.118E+00
-3.55600E-06,1.118E+00
-3.55500E-06,1.118E+00
-3.55400E-06,1.118E+00
-3.55300E-06,1.110E+00
-3.55200E-06,1.110E+00
-3.55100E-06,1.118E+00
-3.55000E-06,1.126E+00
-3.54900E-06,1.126E+00
-3.54800E-06,1.126E+00
-3.54700E-06,1.118E+00
-3.54600E-06,1.126E+00
-3.54500E-06,1.126E+00
-3.54400E-06,1.126E+00
-3.54300E-06,1.126E+00
-3.54200E-06,1.126E+00
-3.54100E-06,1.126E+00
-3.54000E-06,1.126E+00
-3.53900E-06,1.118E+00
-3.53800E-06,1.110E+00
-3.53700E-06,1.118E+00
-3.53600E-06,1.126E+00
-3.53500E-06,1.126E+00
-3.53400E-06,1.126E+00
-3.53300E-06,1.118E+00
-3.53200E-06,1.110E+00
-3.53100E-06,1.118E+00
-3.53000E-06,1.118E+00
-3.52900E-06,1.118E+00
-3.52800E-06,1.118E+00
-3.52700E-06,1.118E+00
-3.52600E-06,1.126E+00
-3.52500E-06,1.126E+00
-3.52400E-06,1.110E+00
-3.52300E-06,1.110E+00
-3.52200E-06,1.126E+00
-3.52100E-06,1.118E+00
-3.52000E-06,1.118E+00
-3.51900E-06,1.118E+00
-3.51800E-06,1.118E+00
-3.51700E-06,1.118E+00
-3.51600E-06,1.118E+00
-3.51500E-06,1.126E+00
-3.51400E-06,1.126E+00
-3.51300E-06,1.118E+00
-3.51200E-06,1.118E+00
-3.51100E-06,1.126E+00
-3.51000E-06,1.126E+00
-3.50900E-06,1.126E+00
-3.50800E-06,1.126E+00
-3.50700E-06,1.126E+00
-3.50600E-06,1.126E+00
-3.50500E-06,1.126E+00
-3.50400E-06,1.126E+00
-3.50300E-06,1.118E+00
-3.50200E-06,1.118E+00
-3.50100E-06,1.118E+00
-3.50000E-06,1.110E+00
-3.49900E-06,1.110E+00
-3.49800E-06,1.110E+00
-3.49700E-06,1.118E+00
-3.49600E-06,1.118E+00
-3.49500E-06,1.126E+00
-3.49400E-06,1.118E+00
-3.49300E-06,1.118E+00
-3.49200E-06,1.118E+00
-3.49100E-06,1.126E+00
-3.49000E-06,1.126E+00
-3.48900E-06,1.118E+00
-3.48800E-06,1.118E+00
-3.48700E-06,1.126E+00
-3.48600E-06,1.134E+00
-3.48500E-06,1.126E+00
-3.48400E-06,1.126E+00
-3.48300E-06,1.118E+00
-3.48200E-06,1.118E+00
-3.48100E-06,1.110E+00
-3.48000E-06,1.118E+00
-3.47900E-06,1.118E+00
-3.47800E-06,1.118E+00
-3.47700E-06,1.118E+00
-3.47600E-06,1.126E+00
-3.47500E-06,1.126E+00
-3.47400E-06,1.118E+00
-3.47300E-06,1.126E+00
-3.47200E-06,1.126E+00
-3.47100E-06,1.118E+00
-3.47000E-06,1.118E+00
-3.46900E-06,1.110E+00
-3.46800E-06,1.110E+00
-3.46700E-06,1.118E+00
-3.46600E-06,1.118E+00
-3.46500E-06,1.118E+00
-3.46400E-06,1.118E+00
-3.46300E-06,1.118E+00
-3.46200E-06,1.118E+00
-3.46100E-06,1.126E+00
-3.46000E-06,1.118E+00
-3.45900E-06,1.118E+00
-3.45800E-06,1.110E+00
-3.45700E-06,1.126E+00
-3.45600E-06,1.118E+00
-3.45500E-06,1.126E+00
-3.45400E-06,1.118E+00
-3.45300E-06,1.118E+00
-3.45200E-06,1.118E+00
-3.45100E-06,1.126E+00
-3.45000E-06,1.134E+00
-3.44900E-06,1.118E+00
-3.44800E-06,1.118E+00
-3.44700E-06,1.118E+00
-3.44600E-06,1.118E+00
-3.44500E-06,1.126E+00
-3.44400E-06,1.126E+00
-3.44300E-06,1.118E+00
-3.44200E-06,1.118E+00
-3.44100E-06,1.118E+00
-3.44000E-06,1.118E+00
-3.43900E-06,1.126E+00
-3.43800E-06,1.118E+00
-3.43700E-06,1.118E+00
-3.43600E-06,1.126E+00
-3.43500E-06,1.126E+00
-3.43400E-06,1.118E+00
-3.43300E-06,1.126E+00
-3.43200E-06,1.126E+00
-3.43100E-06,1.126E+00
-3.43000E-06,1.118E+00
-3.42900E-06,1.118E+00
-3.42800E-06,1.118E+00
-3.42700E-06,1.118E+00
-3.42600E-06,1.126E+00
-3.42500E-06,1.118E+00
-3.42400E-06,1.118E+00
-3.42300E-06,1.110E+00
-3.42200E-06,1.118E+00
-3.42100E-06,1.126E+00
-3.42000E-06,1.126E+00
-3.41900E-06,1.126E+00
-3.41800E-06,1.110E+00
-3.41700E-06,1.118E+00
-3.41600E-06,1.118E+00
-3.41500E-06,1.126E+00
-3.41400E-06,1.118E+00
-3.41300E-06,1.118E+00
-3.41200E-06,1.110E+00
-3.41100E-06,1.118E+00
-3.41000E-06,1.126E+00
-3.40900E-06,1.118E+00
-3.40800E-06,1.118E+00
-3.40700E-06,1.118E+00
-3.40600E-06,1.126E+00
-3.40500E-06,1.126E+00
-3.40400E-06,1.118E+00
-3.40300E-06,1.118E+00
-3.40200E-06,1.118E+00
-3.40100E-06,1.118E+00
-3.40000E-06,1.126E+00
-3.39900E-06,1.126E+00
-3.39800E-06,1.118E+00
-3.39700E-06,1.118E+00
-3.39600E-06,1.118E+00
-3.39500E-06,1.126E+00
-3.39400E-06,1.118E+00
-3.39300E-06,1.118E+00
-3.39200E-06,1.118E+00
-3.39100E-06,1.118E+00
-3.39000E-06,1.118E+00
-3.38900E-06,1.110E+00
-3.38800E-06,1.110E+00
-3.38700E-06,1.118E+00
-3.38600E-06,1.118E+00
-3.38500E-06,1.126E+00
-3.38400E-06,1.126E+00
-3.38300E-06,1.118E+00
-3.38200E-06,1.118E+00
-3.38100E-06,1.126E+00
-3.38000E-06,1.126E+00
-3.37900E-06,1.118E+00
-3.37800E-06,1.118E+00
-3.37700E-06,1.118E+00
-3.37600E-06,1.118E+00
-3.37500E-06,1.118E+00
-3.37400E-06,1.118E+00
-3.37300E-06,1.118E+00
-3.37200E-06,1.118E+00
-3.37100E-06,1.126E+00
-3.37000E-06,1.126E+00
-3.36900E-06,1.118E+00
-3.36800E-06,1.110E+00
-3.36700E-06,1.110E+00
-3.36600E-06,1.118E+00
-3.36500E-06,1.118E+00
-3.36400E-06,1.118E+00
-3.36300E-06,1.118E+00
-3.36200E-06,1.118E+00
-3.36100E-06,1.126E+00
-3.36000E-06,1.118E+00
-3.35900E-06,1.126E+00
-3.35800E-06,1.118E+00
-3.35700E-06,1.118E+00
-3.35600E-06,1.118E+00
-3.35500E-06,1.126E+00
-3.35400E-06,1.126E+00
-3.35300E-06,1.118E+00
-3.35200E-06,1.118E+00
-3.35100E-06,1.126E+00
-3.35000E-06,1.126E+00
-3.34900E-06,1.118E+00
-3.34800E-06,1.118E+00
-3.34700E-06,1.118E+00
-3.34600E-06,1.126E+00
-3.34500E-06,1.126E+00
-3.34400E-06,1.118E+00
-3.34300E-06,1.118E+00
-3.34200E-06,1.118E+00
-3.34100E-06,1.126E+00
-3.34000E-06,1.126E+00
-3.33900E-06,1.118E+00
-3.33800E-06,1.118E+00
-3.33700E-06,1.118E+00
-3.33600E-06,1.126E+00
-3.33500E-06,1.126E+00
-3.33400E-06,1.118E+00
-3.33300E-06,1.118E+00
-3.33200E-06,1.118E+00
-3.33100E-06,1.126E+00
-3.33000E-06,1.126E+00
-3.32900E-06,1.118E+00
-3.32800E-06,1.126E+00
-3.32700E-06,1.118E+00
-3.32600E-06,1.126E+00
-3.32500E-06,1.118E+00
-3.32400E-06,1.118E+00
-3.32300E-06,1.126E+00
-3.32200E-06,1.126E+00
-3.32100E-06,1.126E+00
-3.32000E-06,1.126E+00
-3.31900E-06,1.118E+00
-3.31800E-06,1.126E+00
-3.31700E-06,1.118E+00
-3.31600E-06,1.126E+00
-3.31500E-06,1.126E+00
-3.31400E-06,1.118E+00
-3.31300E-06,1.118E+00
-3.31200E-06,1.110E+00
-3.31100E-06,1.118E+00
-3.31000E-06,1.126E+00
-3.30900E-06,1.126E+00
-3.30800E-06,1.118E+00
-3.30700E-06,1.118E+00
-3.30600E-06,1.118E+00
-3.30500E-06,1.126E+00
-3.30400E-06,1.126E+00
-3.30300E-06,1.118E+00
-3.30200E-06,1.118E+00
-3.30100E-06,1.126E+00
-3.30000E-06,1.126E+00
-3.29900E-06,1.118E+00
-3.29800E-06,1.118E+00
-3.29700E-06,1.118E+00
-3.29600E-06,1.126E+00
-3.29500E-06,1.126E+00
-3.29400E-06,1.126E+00
-3.29300E-06,1.118E+00
-3.29200E-06,1.118E+00
-3.29100E-06,1.118E+00
-3.29000E-06,1.118E+00
-3.28900E-06,1.118E+00
-3.28800E-06,1.110E+00
-3.28700E-06,1.118E+00
-3.28600E-06,1.126E+00
-3.28500E-06,1.126E+00
-3.28400E-06,1.118E+00
-3.28300E-06,1.118E+00
-3.28200E-06,1.110E+00
-3.28100E-06,1.118E+00
-3.28000E-06,1.118E+00
-3.27900E-06,1.118E+00
-3.27800E-06,1.118E+00
-3.27700E-06,1.118E+00
-3.27600E-06,1.126E+00
-3.27500E-06,1.126E+00
-3.27400E-06,1.118E+00
-3.27300E-06,1.118E+00
-3.27200E-06,1.118E+00
-3.27100E-06,1.118E+00
-3.27000E-06,1.118E+00
-3.26900E-06,1.118E+00
-3.26800E-06,1.110E+00
-3.26700E-06,1.110E+00
-3.26600E-06,1.118E+00
-3.26500E-06,1.118E+00
-3.26400E-06,1.118E+00
-3.26300E-06,1.126E+00
-3.26200E-06,1.126E+00
-3.26100E-06,1.118E+00
-3.26000E-06,1.118E+00
-3.25900E-06,1.118E+00
-3.25800E-06,1.118E+00
-3.25700E-06,1.118E+00
-3.25600E-06,1.126E+00
-3.25500E-06,1.118E+00
-3.25400E-06,1.118E+00
-3.25300E-06,1.118E+00
-3.25200E-06,1.118E+00
-3.25100E-06,1.126E+00
-3.25000E-06,1.126E+00
-3.24900E-06,1.118E+00
-3.24800E-06,1.118E+00
-3.24700E-06,1.118E+00
-3.24600E-06,1.126E+00
-3.24500E-06,1.126E+00
-3.24400E-06,1.118E+00
-3.24300E-06,1.118E+00
-3.24200E-06,1.118E+00
-3.24100E-06,1.110E+00
-3.24000E-06,1.118E+00
-3.23900E-06,1.118E+00
-3.23800E-06,1.118E+00
-3.23700E-06,1.126E+00
-3.23600E-06,1.126E+00
-3.23500E-06,1.118E+00
-3.23400E-06,1.118E+00
-3.23300E-06,1.118E+00
-3.23200E-06,1.126E+00
-3.23100E-06,1.126E+00
-3.23000E-06,1.118E+00
-3.22900E-06,1.126E+00
-3.22800E-06,1.118E+00
-3.22700E-06,1.126E+00
-3.22600E-06,1.134E+00
-3.22500E-06,1.126E+00
-3.22400E-06,1.118E+00
-3.22300E-06,1.118E+00
-3.22200E-06,1.118E+00
-3.22100E-06,1.118E+00
-3.22000E-06,1.118E+00
-3.21900E-06,1.118E+00
-3.21800E-06,1.110E+00
-3.21700E-06,1.118E+00
-3.21600E-06,1.126E+00
-3.21500E-06,1.126E+00
-3.21400E-06,1.126E+00
-3.21300E-06,1.118E+00
-3.21200E-06,1.118E+00
-3.21100E-06,1.126E+00
-3.21000E-06,1.126E+00
-3.20900E-06,1.118E+00
-3.20800E-06,1.118E+00
-3.20700E-06,1.110E+00
-3.20600E-06,1.118E+00
-3.20500E-06,1.126E+00
-3.20400E-06,1.118E+00
-3.20300E-06,1.118E+00
-3.20200E-06,1.118E+00
-3.20100E-06,1.118E+00
-3.20000E-06,1.118E+00
-3.19900E-06,1.118E+00
-3.19800E-06,1.118E+00
-3.19700E-06,1.126E+00
-3.19600E-06,1.118E+00
-3.19500E-06,1.118E+00
-3.19400E-06,1.118E+00
-3.19300E-06,1.118E+00
-3.19200E-06,1.126E+00
-3.19100E-06,1.126E+00
-3.19000E-06,1.126E+00
-3.18900E-06,1.126E+00
-3.18800E-06,1.118E+00
-3.18700E-06,1.126E+00
-3.18600E-06,1.126E+00
-3.18500E-06,1.126E+00
-3.18400E-06,1.118E+00
-3.18300E-06,1.110E+00
-3.18200E-06,1.118E+00
-3.18100E-06,1.118E+00
-3.18000E-06,1.118E+00
-3.17900E-06,1.118E+00
-3.17800E-06,1.110E+00
-3.17700E-06,1.118E+00
-3.17600E-06,1.126E+00
-3.17500E-06,1.126E+00
-3.17400E-06,1.126E+00
-3.17300E-06,1.118E+00
-3.17200E-06,1.118E+00
-3.17100E-06,1.126E+00
-3.17000E-06,1.118E+00
-3.16900E-06,1.118E+00
-3.16800E-06,1.118E+00
-3.16700E-06,1.118E+00
-3.16600E-06,1.126E+00
-3.16500E-06,1.126E+00
-3.16400E-06,1.118E+00
-3.16300E-06,1.126E+00
-3.16200E-06,1.126E+00
-3.16100E-06,1.126E+00
-3.16000E-06,1.118E+00
-3.15900E-06,1.118E+00
-3.15800E-06,1.126E+00
-3.15700E-06,1.118E+00
-3.15600E-06,1.118E+00
-3.15500E-06,1.110E+00
-3.15400E-06,1.118E+00
-3.15300E-06,1.118E+00
-3.15200E-06,1.126E+00
-3.15100E-06,1.126E+00
-3.15000E-06,1.126E+00
-3.14900E-06,1.118E+00
-3.14800E-06,1.110E+00
-3.14700E-06,1.118E+00
-3.14600E-06,1.110E+00
-3.14500E-06,1.118E+00
-3.14400E-06,1.118E+00
-3.14300E-06,1.118E+00
-3.14200E-06,1.118E+00
-3.14100E-06,1.126E+00
-3.14000E-06,1.134E+00
-3.13900E-06,1.126E+00
-3.13800E-06,1.110E+00
-3.13700E-06,1.118E+00
-3.13600E-06,1.126E+00
-3.13500E-06,1.126E+00
-3.13400E-06,1.126E+00
-3.13300E-06,1.118E+00
-3.13200E-06,1.118E+00
-3.13100E-06,1.118E+00
-3.13000E-06,1.110E+00
-3.12900E-06,1.118E+00
-3.12800E-06,1.110E+00
-3.12700E-06,1.118E+00
-3.12600E-06,1.118E+00
-3.12500E-06,1.126E+00
-3.12400E-06,1.126E+00
-3.12300E-06,1.118E+00
-3.12200E-06,1.118E+00
-3.12100E-06,1.118E+00
-3.12000E-06,1.110E+00
-3.11900E-06,1.110E+00
-3.11800E-06,1.118E+00
-3.11700E-06,1.118E+00
-3.11600E-06,1.126E+00
-3.11500E-06,1.126E+00
-3.11400E-06,1.118E+00
-3.11300E-06,1.118E+00
-3.11200E-06,1.118E+00
-3.11100E-06,1.126E+00
-3.11000E-06,1.126E+00
-3.10900E-06,1.126E+00
-3.10800E-06,1.126E+00
-3.10700E-06,1.118E+00
-3.10600E-06,1.110E+00
-3.10500E-06,1.118E+00
-3.10400E-06,1.118E+00
-3.10300E-06,1.118E+00
-3.10200E-06,1.118E+00
-3.10100E-06,1.126E+00
-3.10000E-06,1.126E+00
-3.09900E-06,1.118E+00
-3.09800E-06,1.110E+00
-3.09700E-06,1.118E+00
-3.09600E-06,1.126E+00
-3.09500E-06,1.126E+00
-3.09400E-06,1.118E+00
-3.09300E-06,1.118E+00
-3.09200E-06,1.110E+00
-3.09100E-06,1.118E+00
-3.09000E-06,1.118E+00
-3.08900E-06,1.126E+00
-3.08800E-06,1.118E+00
-3.08700E-06,1.118E+00
-3.08600E-06,1.126E+00
-3.08500E-06,1.126E+00
-3.08400E-06,1.118E+00
-3.08300E-06,1.118E+00
-3.08200E-06,1.118E+00
-3.08100E-06,1.126E+00
-3.08000E-06,1.118E+00
-3.07900E-06,1.110E+00
-3.07800E-06,1.110E+00
-3.07700E-06,1.110E+00
-3.07600E-06,1.118E+00
-3.07500E-06,1.118E+00
-3.07400E-06,1.118E+00
-3.07300E-06,1.110E+00
-3.07200E-06,1.110E+00
-3.07100E-06,1.118E+00
-3.07000E-06,1.110E+00
-3.06900E-06,1.110E+00
-3.06800E-06,1.118E+00
-3.06700E-06,1.118E+00
-3.06600E-06,1.118E+00
-3.06500E-06,1.126E+00
-3.06400E-06,1.126E+00
-3.06300E-06,1.118E+00
-3.06200E-06,1.118E+00
-3.06100E-06,1.126E+00
-3.06000E-06,1.126E+00
-3.05900E-06,1.118E+00
-3.05800E-06,1.118E+00
-3.05700E-06,1.126E+00
-3.05600E-06,1.134E+00
-3.05500E-06,1.134E+00
-3.05400E-06,1.134E+00
-3.05300E-06,1.126E+00
-3.05200E-06,1.118E+00
-3.05100E-06,1.118E+00
-3.05000E-06,1.118E+00
-3.04900E-06,1.118E+00
-3.04800E-06,1.110E+00
-3.04700E-06,1.118E+00
-3.04600E-06,1.126E+00
-3.04500E-06,1.126E+00
-3.04400E-06,1.126E+00
-3.04300E-06,1.118E+00
-3.04200E-06,1.118E+00
-3.04100E-06,1.118E+00
-3.04000E-06,1.118E+00
-3.03900E-06,1.118E+00
-3.03800E-06,1.118E+00
-3.03700E-06,1.126E+00
-3.03600E-06,1.126E+00
-3.03500E-06,1.126E+00
-3.03400E-06,1.118E+00
-3.03300E-06,1.126E+00
-3.03200E-06,1.126E+00
-3.03100E-06,1.126E+00
-3.03000E-06,1.118E+00
-3.02900E-06,1.118E+00
-3.02800E-06,1.118E+00
-3.02700E-06,1.118E+00
-3.02600E-06,1.126E+00
-3.02500E-06,1.126E+00
-3.02400E-06,1.118E+00
-3.02300E-06,1.118E+00
-3.02200E-06,1.126E+00
-3.02100E-06,1.118E+00
-3.02000E-06,1.126E+00
-3.01900E-06,1.118E+00
-3.01800E-06,1.118E+00
-3.01700E-06,1.118E+00
-3.01600E-06,1.118E+00
-3.01500E-06,1.126E+00
-3.01400E-06,1.118E+00
-3.01300E-06,1.118E+00
-3.01200E-06,1.118E+00
-3.01100E-06,1.126E+00
-3.01000E-06,1.118E+00
-3.00900E-06,1.118E+00
-3.00800E-06,1.110E+00
-3.00700E-06,1.126E+00
-3.00600E-06,1.126E+00
-3.00500E-06,1.126E+00
-3.00400E-06,1.118E+00
-3.00300E-06,1.118E+00
-3.00200E-06,1.118E+00
-3.00100E-06,1.118E+00
-3.00000E-06,1.126E+00
-2.99900E-06,1.126E+00
-2.99800E-06,1.118E+00
-2.99700E-06,1.126E+00
-2.99600E-06,1.126E+00
-2.99500E-06,1.118E+00
-2.99400E-06,1.118E+00
-2.99300E-06,1.126E+00
-2.99200E-06,1.118E+00
-2.99100E-06,1.126E+00
-2.99000E-06,1.126E+00
-2.98900E-06,1.118E+00
-2.98800E-06,1.126E+00
-2.98700E-06,1.118E+00
-2.98600E-06,1.126E+00
-2.98500E-06,1.126E+00
-2.98400E-06,1.126E+00
-2.98300E-06,1.118E+00
-2.98200E-06,1.118E+00
-2.98100E-06,1.118E+00
-2.98000E-06,1.118E+00
-2.97900E-06,1.110E+00
-2.97800E-06,1.110E+00
-2.97700E-06,1.110E+00
-2.97600E-06,1.118E+00
-2.97500E-06,1.118E+00
-2.97400E-06,1.118E+00
-2.97300E-06,1.118E+00
-2.97200E-06,1.118E+00
-2.97100E-06,1.118E+00
-2.97000E-06,1.118E+00
-2.96900E-06,1.118E+00
-2.96800E-06,1.118E+00
-2.96700E-06,1.126E+00
-2.96600E-06,1.126E+00
-2.96500E-06,1.126E+00
-2.96400E-06,1.126E+00
-2.96300E-06,1.118E+00
-2.96200E-06,1.118E+00
-2.96100E-06,1.126E+00
-2.96000E-06,1.126E+00
-2.95900E-06,1.126E+00
-2.95800E-06,1.118E+00
-2.95700E-06,1.118E+00
-2.95600E-06,1.126E+00
-2.95500E-06,1.126E+00
-2.95400E-06,1.126E+00
-2.95300E-06,1.118E+00
-2.95200E-06,1.118E+00
-2.95100E-06,1.126E+00
-2.95000E-06,1.126E+00
-2.94900E-06,1.126E+00
-2.94800E-06,1.118E+00
-2.94700E-06,1.118E+00
-2.94600E-06,1.126E+00
-2.94500E-06,1.126E+00
-2.94400E-06,1.118E+00
-2.94300E-06,1.110E+00
-2.94200E-06,1.118E+00
-2.94100E-06,1.118E+00
-2.94000E-06,1.126E+00
-2.93900E-06,1.110E+00
-2.93800E-06,1.118E+00
-2.93700E-06,1.118E+00
-2.93600E-06,1.126E+00
-2.93500E-06,1.126E+00
-2.93400E-06,1.126E+00
-2.93300E-06,1.126E+00
-2.93200E-06,1.118E+00
-2.93100E-06,1.118E+00
-2.93000E-06,1.118E+00
-2.92900E-06,1.118E+00
-2.92800E-06,1.118E+00
-2.92700E-06,1.126E+00
-2.92600E-06,1.126E+00
-2.92500E-06,1.126E+00
-2.92400E-06,1.126E+00
-2.92300E-06,1.118E+00
-2.92200E-06,1.126E+00
-2.92100E-06,1.126E+00
-2.92000E-06,1.118E+00
-2.91900E-06,1.118E+00
-2.91800E-06,1.118E+00
-2.91700E-06,1.118E+00
-2.91600E-06,1.118E+00
-2.91500E-06,1.118E+00
-2.91400E-06,1.118E+00
-2.91300E-06,1.118E+00
-2.91200E-06,1.118E+00
-2.91100E-06,1.126E+00
-2.91000E-06,1.110E+00
-2.90900E-06,1.118E+00
-2.90800E-06,1.110E+00
-2.90700E-06,1.118E+00
-2.90600E-06,1.118E+00
-2.90500E-06,1.126E+00
-2.90400E-06,1.110E+00
-2.90300E-06,1.118E+00
-2.90200E-06,1.118E+00
-2.90100E-06,1.126E+00
-2.90000E-06,1.126E+00
-2.89900E-06,1.126E+00
-2.89800E-06,1.110E+00
-2.89700E-06,1.118E+00
-2.89600E-06,1.118E+00
-2.89500E-06,1.126E+00
-2.89400E-06,1.126E+00
-2.89300E-06,1.126E+00
-2.89200E-06,1.118E+00
-2.89100E-06,1.118E+00
-2.89000E-06,1.126E+00
-2.88900E-06,1.126E+00
-2.88800E-06,1.118E+00
-2.88700E-06,1.118E+00
-2.88600E-06,1.126E+00
-2.88500E-06,1.134E+00
-2.88400E-06,1.126E+00
-2.88300E-06,1.118E+00
-2.88200E-06,1.118E+00
-2.88100E-06,1.126E+00
-2.88000E-06,1.126E+00
-2.87900E-06,1.126E+00
-2.87800E-06,1.118E+00
-2.87700E-06,1.126E+00
-2.87600E-06,1.126E+00
-2.87500E-06,1.118E+00
-2.87400E-06,1.118E+00
-2.87300E-06,1.110E+00
-2.87200E-06,1.126E+00
-2.87100E-06,1.118E+00
-2.87000E-06,1.110E+00
-2.86900E-06,1.110E+00
-2.86800E-06,1.118E+00
-2.86700E-06,1.126E+00
-2.86600E-06,1.126E+00
-2.86500E-06,1.134E+00
-2.86400E-06,1.126E+00
-2.86300E-06,1.126E+00
-2.86200E-06,1.126E+00
-2.86100E-06,1.126E+00
-2.86000E-06,1.118E+00
-2.85900E-06,1.118E+00
-2.85800E-06,1.118E+00
-2.85700E-06,1.118E+00
-2.85600E-06,1.126E+00
-2.85500E-06,1.126E+00
-2.85400E-06,1.126E+00
-2.85300E-06,1.126E+00
-2.85200E-06,1.126E+00
-2.85100E-06,1.126E+00
-2.85000E-06,1.126E+00
-2.84900E-06,1.126E+00
-2.84800E-06,1.118E+00
-2.84700E-06,1.118E+00
-2.84600E-06,1.126E+00
-2.84500E-06,1.134E+00
-2.84400E-06,1.126E+00
-2.84300E-06,1.126E+00
-2.84200E-06,1.118E+00
-2.84100E-06,1.118E+00
-2.84000E-06,1.118E+00
-2.83900E-06,1.118E+00
-2.83800E-06,1.118E+00
-2.83700E-06,1.118E+00
-2.83600E-06,1.118E+00
-2.83500E-06,1.118E+00
-2.83400E-06,1.110E+00
-2.83300E-06,1.110E+00
-2.83200E-06,1.118E+00
-2.83100E-06,1.118E+00
-2.83000E-06,1.118E+00
-2.82900E-06,1.118E+00
-2.82800E-06,1.110E+00
-2.82700E-06,1.118E+00
-2.82600E-06,1.126E+00
-2.82500E-06,1.126E+00
-2.82400E-06,1.118E+00
-2.82300E-06,1.118E+00
-2.82200E-06,1.118E+00
-2.82100E-06,1.118E+00
-2.82000E-06,1.126E+00
-2.81900E-06,1.126E+00
-2.81800E-06,1.118E+00
-2.81700E-06,1.126E+00
-2.81600E-06,1.126E+00
-2.81500E-06,1.126E+00
-2.81400E-06,1.126E+00
-2.81300E-06,1.126E+00
-2.81200E-06,1.118E+00
-2.81100E-06,1.126E+00
-2.81000E-06,1.118E+00
-2.80900E-06,1.118E+00
-2.80800E-06,1.118E+00
-2.80700E-06,1.118E+00
-2.80600E-06,1.126E+00
-2.80500E-06,1.126E+00
-2.80400E-06,1.118E+00
-2.80300E-06,1.118E+00
-2.80200E-06,1.118E+00
-2.80100E-06,1.126E+00
-2.80000E-06,1.126E+00
-2.79900E-06,1.118E+00
-2.79800E-06,1.118E+00
-2.79700E-06,1.118E+00
-2.79600E-06,1.118E+00
-2.79500E-06,1.126E+00
-2.79400E-06,1.118E+00
-2.79300E-06,1.118E+00
-2.79200E-06,1.118E+00
-2.79100E-06,1.126E+00
-2.79000E-06,1.118E+00
-2.78900E-06,1.118E+00
-2.78800E-06,1.118E+00
-2.78700E-06,1.118E+00
-2.78600E-06,1.118E+00
-2.78500E-06,1.118E+00
-2.78400E-06,1.118E+00
-2.78300E-06,1.118E+00
-2.78200E-06,1.118E+00
-2.78100E-06,1.126E+00
-2.78000E-06,1.118E+00
-2.77900E-06,1.118E+00
-2.77800E-06,1.118E+00
-2.77700E-06,1.118E+00
-2.77600E-06,1.126E+00
-2.77500E-06,1.134E+00
-2.77400E-06,1.126E+00
-2.77300E-06,1.126E+00
-2.77200E-06,1.126E+00
-2.77100E-06,1.126E+00
-2.77000E-06,1.118E+00
-2.76900E-06,1.118E+00
-2.76800E-06,1.118E+00
-2.76700E-06,1.118E+00
-2.76600E-06,1.126E+00
-2.76500E-06,1.134E+00
-2.76400E-06,1.126E+00
-2.76300E-06,1.110E+00
-2.76200E-06,1.118E+00
-2.76100E-06,1.118E+00
-2.76000E-06,1.118E+00
-2.75900E-06,1.118E+00
-2.75800E-06,1.118E+00
-2.75700E-06,1.126E+00
-2.75600E-06,1.126E+00
-2.75500E-06,1.118E+00
-2.75400E-06,1.126E+00
-2.75300E-06,1.118E+00
-2.75200E-06,1.118E+00
-2.75100E-06,1.118E+00
-2.75000E-06,1.126E+00
-2.74900E-06,1.118E+00
-2.74800E-06,1.118E+00
-2.74700E-06,1.118E+00
-2.74600E-06,1.118E+00
-2.74500E-06,1.118E+00
-2.74400E-06,1.118E+00
-2.74300E-06,1.110E+00
-2.74200E-06,1.118E+00
-2.74100E-06,1.126E+00
-2.74000E-06,1.118E+00
-2.73900E-06,1.118E+00
-2.73800E-06,1.118E+00
-2.73700E-06,1.126E+00
-2.73600E-06,1.118E+00
-2.73500E-06,1.126E+00
-2.73400E-06,1.126E+00
-2.73300E-06,1.118E+00
-2.73200E-06,1.118E+00
-2.73100E-06,1.118E+00
-2.73000E-06,1.126E+00
-2.72900E-06,1.118E+00
-2.72800E-06,1.126E+00
-2.72700E-06,1.126E+00
-2.72600E-06,1.126E+00
-2.72500E-06,1.126E+00
-2.72400E-06,1.126E+00
-2.72300E-06,1.126E+00
-2.72200E-06,1.118E+00
-2.72100E-06,1.118E+00
-2.72000E-06,1.126E+00
-2.71900E-06,1.118E+00
-2.71800E-06,1.118E+00
-2.71700E-06,1.118E+00
-2.71600E-06,1.118E+00
-2.71500E-06,1.110E+00
-2.71400E-06,1.118E+00
-2.71300E-06,1.110E+00
-2.71200E-06,1.118E+00
-2.71100E-06,1.118E+00
-2.71000E-06,1.118E+00
-2.70900E-06,1.118E+00
-2.70800E-06,1.126E+00
-2.70700E-06,1.126E+00
-2.70600E-06,1.126E+00
-2.70500E-06,1.126E+00
-2.70400E-06,1.118E+00
-2.70300E-06,1.126E+00
-2.70200E-06,1.126E+00
-2.70100E-06,1.118E+00
-2.70000E-06,1.118E+00
-2.69900E-06,1.118E+00
-2.69800E-06,1.118E+00
-2.69700E-06,1.118E+00
-2.69600E-06,1.126E+00
-2.69500E-06,1.126E+00
-2.69400E-06,1.118E+00
-2.69300E-06,1.118E+00
-2.69200E-06,1.126E+00
-2.69100E-06,1.126E+00
-2.69000E-06,1.126E+00
-2.68900E-06,1.118E+00
-2.68800E-06,1.118E+00
-2.68700E-06,1.118E+00
-2.68600E-06,1.134E+00
-2.68500E-06,1.126E+00
-2.68400E-06,1.126E+00
-2.68300E-06,1.126E+00
-2.68200E-06,1.126E+00
-2.68100E-06,1.126E+00
-2.68000E-06,1.126E+00
-2.67900E-06,1.126E+00
-2.67800E-06,1.126E+00
-2.67700E-06,1.126E+00
-2.67600E-06,1.126E+00
-2.67500E-06,1.126E+00
-2.67400E-06,1.118E+00
-2.67300E-06,1.110E+00
-2.67200E-06,1.118E+00
-2.67100E-06,1.126E+00
-2.67000E-06,1.126E+00
-2.66900E-06,1.126E+00
-2.66800E-06,1.118E+00
-2.66700E-06,1.126E+00
-2.66600E-06,1.126E+00
-2.66500E-06,1.126E+00
-2.66400E-06,1.126E+00
-2.66300E-06,1.126E+00
-2.66200E-06,1.126E+00
-2.66100E-06,1.134E+00
-2.66000E-06,1.126E+00
-2.65900E-06,1.126E+00
-2.65800E-06,1.118E+00
-2.65700E-06,1.126E+00
-2.65600E-06,1.118E+00
-2.65500E-06,1.118E+00
-2.65400E-06,1.126E+00
-2.65300E-06,1.118E+00
-2.65200E-06,1.118E+00
-2.65100E-06,1.126E+00
-2.65000E-06,1.126E+00
-2.64900E-06,1.126E+00
-2.64800E-06,1.118E+00
-2.64700E-06,1.118E+00
-2.64600E-06,1.126E+00
-2.64500E-06,1.126E+00
-2.64400E-06,1.126E+00
-2.64300E-06,1.118E+00
-2.64200E-06,1.118E+00
-2.64100E-06,1.110E+00
-2.64000E-06,1.110E+00
-2.63900E-06,1.118E+00
-2.63800E-06,1.118E+00
-2.63700E-06,1.110E+00
-2.63600E-06,1.126E+00
-2.63500E-06,1.126E+00
-2.63400E-06,1.118E+00
-2.63300E-06,1.118E+00
-2.63200E-06,1.126E+00
-2.63100E-06,1.118E+00
-2.63000E-06,1.118E+00
-2.62900E-06,1.126E+00
-2.62800E-06,1.126E+00
-2.62700E-06,1.126E+00
-2.62600E-06,1.126E+00
-2.62500E-06,1.126E+00
-2.62400E-06,1.118E+00
-2.62300E-06,1.126E+00
-2.62200E-06,1.118E+00
-2.62100E-06,1.126E+00
-2.62000E-06,1.126E+00
-2.61900E-06,1.118E+00
-2.61800E-06,1.110E+00
-2.61700E-06,1.110E+00
-2.61600E-06,1.110E+00
-2.61500E-06,1.118E+00
-2.61400E-06,1.118E+00
-2.61300E-06,1.118E+00
-2.61200E-06,1.118E+00
-2.61100E-06,1.126E+00
-2.61000E-06,1.126E+00
-2.60900E-06,1.126E+00
-2.60800E-06,1.118E+00
-2.60700E-06,1.126E+00
-2.60600E-06,1.126E+00
-2.60500E-06,1.126E+00
-2.60400E-06,1.126E+00
-2.60300E-06,1.118E+00
-2.60200E-06,1.118E+00
-2.60100E-06,1.110E+00
-2.60000E-06,1.126E+00
-2.59900E-06,1.126E+00
-2.59800E-06,1.126E+00
-2.59700E-06,1.126E+00
-2.59600E-06,1.126E+00
-2.59500E-06,1.126E+00
-2.59400E-06,1.118E+00
-2.59300E-06,1.118E+00
-2.59200E-06,1.118E+00
-2.59100E-06,1.118E+00
-2.59000E-06,1.118E+00
-2.58900E-06,1.118E+00
-2.58800E-06,1.110E+00
-2.58700E-06,1.118E+00
-2.58600E-06,1.118E+00
-2.58500E-06,1.118E+00
-2.58400E-06,1.118E+00
-2.58300E-06,1.118E+00
-2.58200E-06,1.118E+00
-2.58100E-06,1.126E+00
-2.58000E-06,1.126E+00
-2.57900E-06,1.118E+00
-2.57800E-06,1.110E+00
-2.57700E-06,1.118E+00
-2.57600E-06,1.126E+00
-2.57500E-06,1.126E+00
-2.57400E-06,1.126E+00
-2.57300E-06,1.126E+00
-2.57200E-06,1.118E+00
-2.57100E-06,1.118E+00
-2.57000E-06,1.118E+00
-2.56900E-06,1.118E+00
-2.56800E-06,1.118E+00
-2.56700E-06,1.126E+00
-2.56600E-06,1.118E+00
-2.56500E-06,1.118E+00
-2.56400E-06,1.118E+00
-2.56300E-06,1.118E+00
-2.56200E-06,1.118E+00
-2.56100E-06,1.118E+00
-2.56000E-06,1.118E+00
-2.55900E-06,1.110E+00
-2.55800E-06,1.118E+00
-2.55700E-06,1.126E+00
-2.55600E-06,1.126E+00
-2.55500E-06,1.126E+00
-2.55400E-06,1.118E+00
-2.55300E-06,1.110E+00
-2.55200E-06,1.118E+00
-2.55100E-06,1.126E+00
-2.55000E-06,1.118E+00
-2.54900E-06,1.118E+00
-2.54800E-06,1.110E+00
-2.54700E-06,1.110E+00
-2.54600E-06,1.118E+00
-2.54500E-06,1.118E+00
-2.54400E-06,1.118E+00
-2.54300E-06,1.118E+00
-2.54200E-06,1.118E+00
-2.54100E-06,1.118E+00
-2.54000E-06,1.118E+00
-2.53900E-06,1.118E+00
-2.53800E-06,1.110E+00
-2.53700E-06,1.118E+00
-2.53600E-06,1.126E+00
-2.53500E-06,1.126E+00
-2.53400E-06,1.126E+00
-2.53300E-06,1.126E+00
-2.53200E-06,1.126E+00
-2.53100E-06,1.126E+00
-2.53000E-06,1.126E+00
-2.52900E-06,1.118E+00
-2.52800E-06,1.118E+00
-2.52700E-06,1.118E+00
-2.52600E-06,1.126E+00
-2.52500E-06,1.126E+00
-2.52400E-06,1.126E+00
-2.52300E-06,1.118E+00
-2.52200E-06,1.126E+00
-2.52100E-06,1.126E+00
-2.52000E-06,1.126E+00
-2.51900E-06,1.118E+00
-2.51800E-06,1.110E+00
-2.51700E-06,1.118E+00
-2.51600E-06,1.126E+00
-2.51500E-06,1.126E+00
-2.51400E-06,1.118E+00
-2.51300E-06,1.118E+00
-2.51200E-06,1.118E+00
-2.51100E-06,1.118E+00
-2.51000E-06,1.126E+00
-2.50900E-06,1.118E+00
-2.50800E-06,1.110E+00
-2.50700E-06,1.118E+00
-2.50600E-06,1.118E+00
-2.50500E-06,1.126E+00
-2.50400E-06,1.118E+00
-2.50300E-06,1.126E+00
-2.50200E-06,1.118E+00
-2.50100E-06,1.126E+00
-2.50000E-06,1.126E+00
-2.49900E-06,1.110E+00
-2.49800E-06,1.118E+00
-2.49700E-06,1.118E+00
-2.49600E-06,1.126E+00
-2.49500E-06,1.126E+00
-2.49400E-06,1.126E+00
-2.49300E-06,1.118E+00
-2.49200E-06,1.118E+00
-2.49100E-06,1.118E+00
-2.49000E-06,1.126E+00
-2.48900E-06,1.118E+00
-2.48800E-06,1.118E+00
-2.48700E-06,1.126E+00
-2.48600E-06,1.118E+00
-2.48500E-06,1.118E+00
-2.48400E-06,1.126E+00
-2.48300E-06,1.118E+00
-2.48200E-06,1.118E+00
-2.48100E-06,1.118E+00
-2.48000E-06,1.118E+00
-2.47900E-06,1.118E+00
-2.47800E-06,1.118E+00
-2.47700E-06,1.118E+00
-2.47600E-06,1.126E+00
-2.47500E-06,1.118E+00
-2.47400E-06,1.118E+00
-2.47300E-06,1.110E+00
-2.47200E-06,1.110E+00
-2.47100E-06,1.118E+00
-2.47000E-06,1.118E+00
-2.46900E-06,1.126E+00
-2.46800E-06,1.126E+00
-2.46700E-06,1.118E+00
-2.46600E-06,1.126E+00
-2.46500E-06,1.118E+00
-2.46400E-06,1.118E+00
-2.46300E-06,1.118E+00
-2.46200E-06,1.118E+00
-2.46100E-06,1.126E+00
-2.46000E-06,1.118E+00
-2.45900E-06,1.110E+00
-2.45800E-06,1.110E+00
-2.45700E-06,1.118E+00
-2.45600E-06,1.118E+00
-2.45500E-06,1.126E+00
-2.45400E-06,1.126E+00
-2.45300E-06,1.126E+00
-2.45200E-06,1.118E+00
-2.45100E-06,1.126E+00
-2.45000E-06,1.126E+00
-2.44900E-06,1.126E+00
-2.44800E-06,1.118E+00
-2.44700E-06,1.110E+00
-2.44600E-06,1.126E+00
-2.44500E-06,1.126E+00
-2.44400E-06,1.118E+00
-2.44300E-06,1.118E+00
-2.44200E-06,1.118E+00
-2.44100E-06,1.126E+00
-2.44000E-06,1.126E+00
-2.43900E-06,1.126E+00
-2.43800E-06,1.118E+00
-2.43700E-06,1.126E+00
-2.43600E-06,1.118E+00
-2.43500E-06,1.126E+00
-2.43400E-06,1.118E+00
-2.43300E-06,1.110E+00
-2.43200E-06,1.110E+00
-2.43100E-06,1.118E+00
-2.43000E-06,1.110E+00
-2.42900E-06,1.110E+00
-2.42800E-06,1.118E+00
-2.42700E-06,1.126E+00
-2.42600E-06,1.126E+00
-2.42500E-06,1.126E+00
-2.42400E-06,1.118E+00
-2.42300E-06,1.126E+00
-2.42200E-06,1.118E+00
-2.42100E-06,1.126E+00
-2.42000E-06,1.134E+00
-2.41900E-06,1.126E+00
-2.41800E-06,1.118E+00
-2.41700E-06,1.118E+00
-2.41600E-06,1.134E+00
-2.41500E-06,1.134E+00
-2.41400E-06,1.126E+00
-2.41300E-06,1.126E+00
-2.41200E-06,1.118E+00
-2.41100E-06,1.126E+00
-2.41000E-06,1.118E+00
-2.40900E-06,1.126E+00
-2.40800E-06,1.118E+00
-2.40700E-06,1.118E+00
-2.40600E-06,1.118E+00
-2.40500E-06,1.126E+00
-2.40400E-06,1.118E+00
-2.40300E-06,1.118E+00
-2.40200E-06,1.118E+00
-2.40100E-06,1.118E+00
-2.40000E-06,1.118E+00
-2.39900E-06,1.110E+00
-2.39800E-06,1.118E+00
-2.39700E-06,1.118E+00
-2.39600E-06,1.110E+00
-2.39500E-06,1.118E+00
-2.39400E-06,1.118E+00
-2.39300E-06,1.110E+00
-2.39200E-06,1.110E+00
-2.39100E-06,1.118E+00
-2.39000E-06,1.118E+00
-2.38900E-06,1.118E+00
-2.38800E-06,1.110E+00
-2.38700E-06,1.118E+00
-2.38600E-06,1.118E+00
-2.38500E-06,1.118E+00
-2.38400E-06,1.118E+00
-2.38300E-06,1.118E+00
-2.38200E-06,1.118E+00
-2.38100E-06,1.118E+00
-2.38000E-06,1.126E+00
-2.37900E-06,1.118E+00
-2.37800E-06,1.110E+00
-2.37700E-06,1.118E+00
-2.37600E-06,1.126E+00
-2.37500E-06,1.126E+00
-2.37400E-06,1.126E+00
-2.37300E-06,1.118E+00
-2.37200E-06,1.118E+00
-2.37100E-06,1.118E+00
-2.37000E-06,1.118E+00
-2.36900E-06,1.118E+00
-2.36800E-06,1.118E+00
-2.36700E-06,1.118E+00
-2.36600E-06,1.118E+00
-2.36500E-06,1.126E+00
-2.36400E-06,1.126E+00
-2.36300E-06,1.118E+00
-2.36200E-06,1.118E+00
-2.36100E-06,1.118E+00
-2.36000E-06,1.126E+00
-2.35900E-06,1.126E+00
-2.35800E-06,1.126E+00
-2.35700E-06,1.126E+00
-2.35600E-06,1.126E+00
-2.35500E-06,1.126E+00
-2.35400E-06,1.126E+00
-2.35300E-06,1.118E+00
-2.35200E-06,1.118E+00
-2.35100E-06,1.118E+00
-2.35000E-06,1.126E+00
-2.34900E-06,1.118E+00
-2.34800E-06,1.118E+00
-2.34700E-06,1.118E+00
-2.34600E-06,1.118E+00
-2.34500E-06,1.118E+00
-2.34400E-06,1.110E+00
-2.34300E-06,1.110E+00
-2.34200E-06,1.118E+00
-2.34100E-06,1.126E+00
-2.34000E-06,1.118E+00
-2.33900E-06,1.110E+00
-2.33800E-06,1.110E+00
-2.33700E-06,1.118E+00
-2.33600E-06,1.118E+00
-2.33500E-06,1.126E+00
-2.33400E-06,1.118E+00
-2.33300E-06,1.126E+00
-2.33200E-06,1.118E+00
-2.33100E-06,1.118E+00
-2.33000E-06,1.126E+00
-2.32900E-06,1.118E+00
-2.32800E-06,1.118E+00
-2.32700E-06,1.118E+00
-2.32600E-06,1.118E+00
-2.32500E-06,1.118E+00
-2.32400E-06,1.126E+00
-2.32300E-06,1.126E+00
-2.32200E-06,1.118E+00
-2.32100E-06,1.118E+00
-2.32000E-06,1.118E+00
-2.31900E-06,1.118E+00
-2.31800E-06,1.118E+00
-2.31700E-06,1.118E+00
-2.31600E-06,1.126E+00
-2.31500E-06,1.126E+00
-2.31400E-06,1.118E+00
-2.31300E-06,1.118E+00
-2.31200E-06,1.126E+00
-2.31100E-06,1.134E+00
-2.31000E-06,1.126E+00
-2.30900E-06,1.118E+00
-2.30800E-06,1.118E+00
-2.30700E-06,1.118E+00
-2.30600E-06,1.118E+00
-2.30500E-06,1.126E+00
-2.30400E-06,1.118E+00
-2.30300E-06,1.118E+00
-2.30200E-06,1.126E+00
-2.30100E-06,1.126E+00
-2.30000E-06,1.126E+00
-2.29900E-06,1.118E+00
-2.29800E-06,1.126E+00
-2.29700E-06,1.126E+00
-2.29600E-06,1.126E+00
-2.29500E-06,1.126E+00
-2.29400E-06,1.126E+00
-2.29300E-06,1.126E+00
-2.29200E-06,1.126E+00
-2.29100E-06,1.126E+00
-2.29000E-06,1.126E+00
-2.28900E-06,1.126E+00
-2.28800E-06,1.118E+00
-2.28700E-06,1.126E+00
-2.28600E-06,1.126E+00
-2.28500E-06,1.134E+00
-2.28400E-06,1.126E+00
-2.28300E-06,1.126E+00
-2.28200E-06,1.126E+00
-2.28100E-06,1.126E+00
-2.28000E-06,1.126E+00
-2.27900E-06,1.126E+00
-2.27800E-06,1.126E+00
-2.27700E-06,1.118E+00
-2.27600E-06,1.118E+00
-2.27500E-06,1.118E+00
-2.27400E-06,1.118E+00
-2.27300E-06,1.118E+00
-2.27200E-06,1.118E+00
-2.27100E-06,1.126E+00
-2.27000E-06,1.126E+00
-2.26900E-06,1.118E+00
-2.26800E-06,1.118E+00
-2.26700E-06,1.118E+00
-2.26600E-06,1.118E+00
-2.26500E-06,1.126E+00
-2.26400E-06,1.126E+00
-2.26300E-06,1.126E+00
-2.26200E-06,1.118E+00
-2.26100E-06,1.126E+00
-2.26000E-06,1.126E+00
-2.25900E-06,1.126E+00
-2.25800E-06,1.118E+00
-2.25700E-06,1.118E+00
-2.25600E-06,1.118E+00
-2.25500E-06,1.126E+00
-2.25400E-06,1.126E+00
-2.25300E-06,1.118E+00
-2.25200E-06,1.118E+00
-2.25100E-06,1.118E+00
-2.25000E-06,1.126E+00
-2.24900E-06,1.126E+00
-2.24800E-06,1.126E+00
-2.24700E-06,1.134E+00
-2.24600E-06,1.126E+00
-2.24500E-06,1.126E+00
-2.24400E-06,1.126E+00
-2.24300E-06,1.118E+00
-2.24200E-06,1.118E+00
-2.24100E-06,1.126E+00
-2.24000E-06,1.118E+00
-2.23900E-06,1.126E+00
-2.23800E-06,1.126E+00
-2.23700E-06,1.118E+00
-2.23600E-06,1.126E+00
-2.23500E-06,1.126E+00
-2.23400E-06,1.118E+00
-2.23300E-06,1.126E+00
-2.23200E-06,1.126E+00
-2.23100E-06,1.134E+00
-2.23000E-06,1.126E+00
-2.22900E-06,1.126E+00
-2.22800E-06,1.110E+00
-2.22700E-06,1.110E+00
-2.22600E-06,1.126E+00
-2.22500E-06,1.126E+00
-2.22400E-06,1.126E+00
-2.22300E-06,1.118E+00
-2.22200E-06,1.126E+00
-2.22100E-06,1.126E+00
-2.22000E-06,1.126E+00
-2.21900E-06,1.126E+00
-2.21800E-06,1.118E+00
-2.21700E-06,1.126E+00
-2.21600E-06,1.126E+00
-2.21500E-06,1.118E+00
-2.21400E-06,1.126E+00
-2.21300E-06,1.118E+00
-2.21200E-06,1.118E+00
-2.21100E-06,1.118E+00
-2.21000E-06,1.118E+00
-2.20900E-06,1.118E+00
-2.20800E-06,1.118E+00
-2.20700E-06,1.118E+00
-2.20600E-06,1.134E+00
-2.20500E-06,1.126E+00
-2.20400E-06,1.126E+00
-2.20300E-06,1.118E+00
-2.20200E-06,1.126E+00
-2.20100E-06,1.118E+00
-2.20000E-06,1.126E+00
-2.19900E-06,1.118E+00
-2.19800E-06,1.126E+00
-2.19700E-06,1.118E+00
-2.19600E-06,1.126E+00
-2.19500E-06,1.126E+00
-2.19400E-06,1.118E+00
-2.19300E-06,1.118E+00
-2.19200E-06,1.118E+00
-2.19100E-06,1.118E+00
-2.19000E-06,1.118E+00
-2.18900E-06,1.118E+00
-2.18800E-06,1.126E+00
-2.18700E-06,1.126E+00
-2.18600E-06,1.126E+00
-2.18500E-06,1.126E+00
-2.18400E-06,1.126E+00
-2.18300E-06,1.110E+00
-2.18200E-06,1.118E+00
-2.18100E-06,1.126E+00
-2.18000E-06,1.126E+00
-2.17900E-06,1.126E+00
-2.17800E-06,1.126E+00
-2.17700E-06,1.118E+00
-2.17600E-06,1.126E+00
-2.17500E-06,1.126E+00
-2.17400E-06,1.134E+00
-2.17300E-06,1.126E+00
-2.17200E-06,1.126E+00
-2.17100E-06,1.126E+00
-2.17000E-06,1.126E+00
-2.16900E-06,1.126E+00
-2.16800E-06,1.126E+00
-2.16700E-06,1.126E+00
-2.16600E-06,1.126E+00
-2.16500E-06,1.126E+00
-2.16400E-06,1.126E+00
-2.16300E-06,1.126E+00
-2.16200E-06,1.126E+00
-2.16100E-06,1.126E+00
-2.16000E-06,1.118E+00
-2.15900E-06,1.118E+00
-2.15800E-06,1.118E+00
-2.15700E-06,1.118E+00
-2.15600E-06,1.126E+00
-2.15500E-06,1.126E+00
-2.15400E-06,1.118E+00
-2.15300E-06,1.118E+00
-2.15200E-06,1.126E+00
-2.15100E-06,1.126E+00
-2.15000E-06,1.126E+00
-2.14900E-06,1.126E+00
-2.14800E-06,1.118E+00
-2.14700E-06,1.118E+00
-2.14600E-06,1.118E+00
-2.14500E-06,1.118E+00
-2.14400E-06,1.118E+00
-2.14300E-06,1.118E+00
-2.14200E-06,1.118E+00
-2.14100E-06,1.126E+00
-2.14000E-06,1.118E+00
-2.13900E-06,1.118E+00
-2.13800E-06,1.110E+00
-2.13700E-06,1.118E+00
-2.13600E-06,1.118E+00
-2.13500E-06,1.126E+00
-2.13400E-06,1.118E+00
-2.13300E-06,1.118E+00
-2.13200E-06,1.118E+00
-2.13100E-06,1.118E+00
-2.13000E-06,1.118E+00
-2.12900E-06,1.118E+00
-2.12800E-06,1.118E+00
-2.12700E-06,1.118E+00
-2.12600E-06,1.118E+00
-2.12500E-06,1.126E+00
-2.12400E-06,1.126E+00
-2.12300E-06,1.118E+00
-2.12200E-06,1.118E+00
-2.12100E-06,1.126E+00
-2.12000E-06,1.118E+00
-2.11900E-06,1.118E+00
-2.11800E-06,1.118E+00
-2.11700E-06,1.126E+00
-2.11600E-06,1.126E+00
-2.11500E-06,1.126E+00
-2.11400E-06,1.118E+00
-2.11300E-06,1.126E+00
-2.11200E-06,1.118E+00
-2.11100E-06,1.126E+00
-2.11000E-06,1.126E+00
-2.10900E-06,1.126E+00
-2.10800E-06,1.126E+00
-2.10700E-06,1.126E+00
-2.10600E-06,1.126E+00
-2.10500E-06,1.134E+00
-2.10400E-06,1.126E+00
-2.10300E-06,1.126E+00
-2.10200E-06,1.126E+00
-2.10100E-06,1.126E+00
-2.10000E-06,1.126E+00
-2.09900E-06,1.126E+00
-2.09800E-06,1.110E+00
-2.09700E-06,1.118E+00
-2.09600E-06,1.118E+00
-2.09500E-06,1.126E+00
-2.09400E-06,1.126E+00
-2.09300E-06,1.118E+00
-2.09200E-06,1.118E+00
-2.09100E-06,1.118E+00
-2.09000E-06,1.126E+00
-2.08900E-06,1.126E+00
-2.08800E-06,1.126E+00
-2.08700E-06,1.126E+00
-2.08600E-06,1.126E+00
-2.08500E-06,1.126E+00
-2.08400E-06,1.118E+00
-2.08300E-06,1.118E+00
-2.08200E-06,1.118E+00
-2.08100E-06,1.118E+00
-2.08000E-06,1.110E+00
-2.07900E-06,1.118E+00
-2.07800E-06,1.118E+00
-2.07700E-06,1.118E+00
-2.07600E-06,1.126E+00
-2.07500E-06,1.126E+00
-2.07400E-06,1.118E+00
-2.07300E-06,1.118E+00
-2.07200E-06,1.126E+00
-2.07100E-06,1.134E+00
-2.07000E-06,1.126E+00
-2.06900E-06,1.126E+00
-2.06800E-06,1.118E+00
-2.06700E-06,1.118E+00
-2.06600E-06,1.118E+00
-2.06500E-06,1.118E+00
-2.06400E-06,1.118E+00
-2.06300E-06,1.118E+00
-2.06200E-06,1.126E+00
-2.06100E-06,1.118E+00
-2.06000E-06,1.126E+00
-2.05900E-06,1.118E+00
-2.05800E-06,1.118E+00
-2.05700E-06,1.118E+00
-2.05600E-06,1.126E+00
-2.05500E-06,1.134E+00
-2.05400E-06,1.126E+00
-2.05300E-06,1.126E+00
-2.05200E-06,1.126E+00
-2.05100E-06,1.118E+00
-2.05000E-06,1.126E+00
-2.04900E-06,1.118E+00
-2.04800E-06,1.118E+00
-2.04700E-06,1.118E+00
-2.04600E-06,1.126E+00
-2.04500E-06,1.126E+00
-2.04400E-06,1.126E+00
-2.04300E-06,1.118E+00
-2.04200E-06,1.118E+00
-2.04100E-06,1.110E+00
-2.04000E-06,1.118E+00
-2.03900E-06,1.118E+00
-2.03800E-06,1.118E+00
-2.03700E-06,1.126E+00
-2.03600E-06,1.118E+00
-2.03500E-06,1.126E+00
-2.03400E-06,1.118E+00
-2.03300E-06,1.126E+00
-2.03200E-06,1.126E+00
-2.03100E-06,1.126E+00
-2.03000E-06,1.118E+00
-2.02900E-06,1.110E+00
-2.02800E-06,1.110E+00
-2.02700E-06,1.118E+00
-2.02600E-06,1.126E+00
-2.02500E-06,1.118E+00
-2.02400E-06,1.118E+00
-2.02300E-06,1.118E+00
-2.02200E-06,1.110E+00
-2.02100E-06,1.118E+00
-2.02000E-06,1.118E+00
-2.01900E-06,1.118E+00
-2.01800E-06,1.118E+00
-2.01700E-06,1.118E+00
-2.01600E-06,1.118E+00
-2.01500E-06,1.126E+00
-2.01400E-06,1.118E+00
-2.01300E-06,1.118E+00
-2.01200E-06,1.118E+00
-2.01100E-06,1.118E+00
-2.01000E-06,1.118E+00
-2.00900E-06,1.118E+00
-2.00800E-06,1.118E+00
-2.00700E-06,1.118E+00
-2.00600E-06,1.126E+00
-2.00500E-06,1.126E+00
-2.00400E-06,1.118E+00
-2.00300E-06,1.118E+00
-2.00200E-06,1.110E+00
-2.00100E-06,1.118E+00
-2.00000E-06,1.110E+00
-1.99900E-06,1.118E+00
-1.99800E-06,1.126E+00
-1.99700E-06,1.118E+00
-1.99600E-06,1.126E+00
-1.99500E-06,1.126E+00
-1.99400E-06,1.126E+00
-1.99300E-06,1.118E+00
-1.99200E-06,1.118E+00
-1.99100E-06,1.126E+00
-1.99000E-06,1.126E+00
-1.98900E-06,1.118E+00
-1.98800E-06,1.110E+00
-1.98700E-06,1.118E+00
-1.98600E-06,1.126E+00
-1.98500E-06,1.126E+00
-1.98400E-06,1.118E+00
-1.98300E-06,1.118E+00
-1.98200E-06,1.118E+00
-1.98100E-06,1.118E+00
-1.98000E-06,1.118E+00
-1.97900E-06,1.118E+00
-1.97800E-06,1.118E+00
-1.97700E-06,1.110E+00
-1.97600E-06,1.118E+00
-1.97500E-06,1.126E+00
-1.97400E-06,1.126E+00
-1.97300E-06,1.118E+00
-1.97200E-06,1.118E+00
-1.97100E-06,1.118E+00
-1.97000E-06,1.126E+00
-1.96900E-06,1.126E+00
-1.96800E-06,1.126E+00
-1.96700E-06,1.118E+00
-1.96600E-06,1.126E+00
-1.96500E-06,1.126E+00
-1.96400E-06,1.126E+00
-1.96300E-06,1.126E+00
-1.96200E-06,1.126E+00
-1.96100E-06,1.126E+00
-1.96000E-06,1.118E+00
-1.95900E-06,1.118E+00
-1.95800E-06,1.110E+00
-1.95700E-06,1.118E+00
-1.95600E-06,1.126E+00
-1.95500E-06,1.126E+00
-1.95400E-06,1.118E+00
-1.95300E-06,1.118E+00
-1.95200E-06,1.126E+00
-1.95100E-06,1.118E+00
-1.95000E-06,1.126E+00
-1.94900E-06,1.118E+00
-1.94800E-06,1.110E+00
-1.94700E-06,1.118E+00
-1.94600E-06,1.126E+00
-1.94500E-06,1.126E+00
-1.94400E-06,1.126E+00
-1.94300E-06,1.118E+00
-1.94200E-06,1.118E+00
-1.94100E-06,1.126E+00
-1.94000E-06,1.126E+00
-1.93900E-06,1.118E+00
-1.93800E-06,1.118E+00
-1.93700E-06,1.126E+00
-1.93600E-06,1.126E+00
-1.93500E-06,1.118E+00
-1.93400E-06,1.118E+00
-1.93300E-06,1.118E+00
-1.93200E-06,1.110E+00
-1.93100E-06,1.118E+00
-1.93000E-06,1.118E+00
-1.92900E-06,1.110E+00
-1.92800E-06,1.118E+00
-1.92700E-06,1.118E+00
-1.92600E-06,1.126E+00
-1.92500E-06,1.126E+00
-1.92400E-06,1.118E+00
-1.92300E-06,1.118E+00
-1.92200E-06,1.126E+00
-1.92100E-06,1.126E+00
-1.92000E-06,1.126E+00
-1.91900E-06,1.118E+00
-1.91800E-06,1.118E+00
-1.91700E-06,1.126E+00
-1.91600E-06,1.126E+00
-1.91500E-06,1.126E+00
-1.91400E-06,1.118E+00
-1.91300E-06,1.110E+00
-1.91200E-06,1.110E+00
-1.91100E-06,1.118E+00
-1.91000E-06,1.110E+00
-1.90900E-06,1.118E+00
-1.90800E-06,1.110E+00
-1.90700E-06,1.118E+00
-1.90600E-06,1.118E+00
-1.90500E-06,1.126E+00
-1.90400E-06,1.126E+00
-1.90300E-06,1.118E+00
-1.90200E-06,1.118E+00
-1.90100E-06,1.118E+00
-1.90000E-06,1.118E+00
-1.89900E-06,1.110E+00
-1.89800E-06,1.118E+00
-1.89700E-06,1.118E+00
-1.89600E-06,1.126E+00
-1.89500E-06,1.126E+00
-1.89400E-06,1.126E+00
-1.89300E-06,1.118E+00
-1.89200E-06,1.110E+00
-1.89100E-06,1.118E+00
-1.89000E-06,1.110E+00
-1.88900E-06,1.118E+00
-1.88800E-06,1.118E+00
-1.88700E-06,1.118E+00
-1.88600E-06,1.126E+00
-1.88500E-06,1.126E+00
-1.88400E-06,1.118E+00
-1.88300E-06,1.118E+00
-1.88200E-06,1.118E+00
-1.88100E-06,1.126E+00
-1.88000E-06,1.126E+00
-1.87900E-06,1.126E+00
-1.87800E-06,1.118E+00
-1.87700E-06,1.118E+00
-1.87600E-06,1.126E+00
-1.87500E-06,1.118E+00
-1.87400E-06,1.126E+00
-1.87300E-06,1.118E+00
-1.87200E-06,1.118E+00
-1.87100E-06,1.118E+00
-1.87000E-06,1.126E+00
-1.86900E-06,1.118E+00
-1.86800E-06,1.118E+00
-1.86700E-06,1.118E+00
-1.86600E-06,1.126E+00
-1.86500E-06,1.118E+00
-1.86400E-06,1.118E+00
-1.86300E-06,1.110E+00
-1.86200E-06,1.118E+00
-1.86100E-06,1.126E+00
-1.86000E-06,1.126E+00
-1.85900E-06,1.118E+00
-1.85800E-06,1.118E+00
-1.85700E-06,1.126E+00
-1.85600E-06,1.126E+00
-1.85500E-06,1.126E+00
-1.85400E-06,1.126E+00
-1.85300E-06,1.118E+00
-1.85200E-06,1.126E+00
-1.85100E-06,1.126E+00
-1.85000E-06,1.126E+00
-1.84900E-06,1.126E+00
-1.84800E-06,1.118E+00
-1.84700E-06,1.126E+00
-1.84600E-06,1.126E+00
-1.84500E-06,1.126E+00
-1.84400E-06,1.126E+00
-1.84300E-06,1.118E+00
-1.84200E-06,1.118E+00
-1.84100E-06,1.118E+00
-1.84000E-06,1.118E+00
-1.83900E-06,1.110E+00
-1.83800E-06,1.110E+00
-1.83700E-06,1.118E+00
-1.83600E-06,1.126E+00
-1.83500E-06,1.118E+00
-1.83400E-06,1.118E+00
-1.83300E-06,1.118E+00
-1.83200E-06,1.126E+00
-1.83100E-06,1.126E+00
-1.83000E-06,1.118E+00
-1.82900E-06,1.118E+00
-1.82800E-06,1.118E+00
-1.82700E-06,1.118E+00
-1.82600E-06,1.126E+00
-1.82500E-06,1.126E+00
-1.82400E-06,1.118E+00
-1.82300E-06,1.118E+00
-1.82200E-06,1.118E+00
-1.82100E-06,1.118E+00
-1.82000E-06,1.126E+00
-1.81900E-06,1.118E+00
-1.81800E-06,1.118E+00
-1.81700E-06,1.110E+00
-1.81600E-06,1.110E+00
-1.81500E-06,1.118E+00
-1.81400E-06,1.118E+00
-1.81300E-06,1.126E+00
-1.81200E-06,1.118E+00
-1.81100E-06,1.118E+00
-1.81000E-06,1.118E+00
-1.80900E-06,1.118E+00
-1.80800E-06,1.118E+00
-1.80700E-06,1.126E+00
-1.80600E-06,1.126E+00
-1.80500E-06,1.126E+00
-1.80400E-06,1.126E+00
-1.80300E-06,1.118E+00
-1.80200E-06,1.126E+00
-1.80100E-06,1.118E+00
-1.80000E-06,1.126E+00
-1.79900E-06,1.118E+00
-1.79800E-06,1.118E+00
-1.79700E-06,1.126E+00
-1.79600E-06,1.126E+00
-1.79500E-06,1.134E+00
-1.79400E-06,1.118E+00
-1.79300E-06,1.118E+00
-1.79200E-06,1.118E+00
-1.79100E-06,1.118E+00
-1.79000E-06,1.118E+00
-1.78900E-06,1.118E+00
-1.78800E-06,1.118E+00
-1.78700E-06,1.118E+00
-1.78600E-06,1.118E+00
-1.78500E-06,1.126E+00
-1.78400E-06,1.118E+00
-1.78300E-06,1.118E+00
-1.78200E-06,1.118E+00
-1.78100E-06,1.126E+00
-1.78000E-06,1.110E+00
-1.77900E-06,1.110E+00
-1.77800E-06,1.110E+00
-1.77700E-06,1.110E+00
-1.77600E-06,1.118E+00
-1.77500E-06,1.126E+00
-1.77400E-06,1.118E+00
-1.77300E-06,1.126E+00
-1.77200E-06,1.118E+00
-1.77100E-06,1.126E+00
-1.77000E-06,1.126E+00
-1.76900E-06,1.110E+00
-1.76800E-06,1.110E+00
-1.76700E-06,1.110E+00
-1.76600E-06,1.118E+00
-1.76500E-06,1.126E+00
-1.76400E-06,1.126E+00
-1.76300E-06,1.118E+00
-1.76200E-06,1.118E+00
-1.76100E-06,1.118E+00
-1.76000E-06,1.118E+00
-1.75900E-06,1.118E+00
-1.75800E-06,1.118E+00
-1.75700E-06,1.126E+00
-1.75600E-06,1.126E+00
-1.75500E-06,1.126E+00
-1.75400E-06,1.118E+00
-1.75300E-06,1.118E+00
-1.75200E-06,1.118E+00
-1.75100E-06,1.118E+00
-1.75000E-06,1.118E+00
-1.74900E-06,1.126E+00
-1.74800E-06,1.118E+00
-1.74700E-06,1.126E+00
-1.74600E-06,1.126E+00
-1.74500E-06,1.126E+00
-1.74400E-06,1.118E+00
-1.74300E-06,1.118E+00
-1.74200E-06,1.118E+00
-1.74100E-06,1.118E+00
-1.74000E-06,1.118E+00
-1.73900E-06,1.118E+00
-1.73800E-06,1.118E+00
-1.73700E-06,1.118E+00
-1.73600E-06,1.126E+00
-1.73500E-06,1.126E+00
-1.73400E-06,1.126E+00
-1.73300E-06,1.126E+00
-1.73200E-06,1.118E+00
-1.73100E-06,1.118E+00
-1.73000E-06,1.126E+00
-1.72900E-06,1.118E+00
-1.72800E-06,1.118E+00
-1.72700E-06,1.118E+00
-1.72600E-06,1.126E+00
-1.72500E-06,1.126E+00
-1.72400E-06,1.118E+00
-1.72300E-06,1.118E+00
-1.72200E-06,1.118E+00
-1.72100E-06,1.118E+00
-1.72000E-06,1.118E+00
-1.71900E-06,1.118E+00
-1.71800E-06,1.118E+00
-1.71700E-06,1.118E+00
-1.71600E-06,1.126E+00
-1.71500E-06,1.118E+00
-1.71400E-06,1.110E+00
-1.71300E-06,1.118E+00
-1.71200E-06,1.118E+00
-1.71100E-06,1.126E+00
-1.71000E-06,1.126E+00
-1.70900E-06,1.126E+00
-1.70800E-06,1.118E+00
-1.70700E-06,1.118E+00
-1.70600E-06,1.126E+00
-1.70500E-06,1.126E+00
-1.70400E-06,1.126E+00
-1.70300E-06,1.126E+00
-1.70200E-06,1.118E+00
-1.70100E-06,1.126E+00
-1.70000E-06,1.118E+00
-1.69900E-06,1.118E+00
-1.69800E-06,1.110E+00
-1.69700E-06,1.118E+00
-1.69600E-06,1.126E+00
-1.69500E-06,1.126E+00
-1.69400E-06,1.126E+00
-1.69300E-06,1.118E+00
-1.69200E-06,1.118E+00
-1.69100E-06,1.126E+00
-1.69000E-06,1.126E+00
-1.68900E-06,1.126E+00
-1.68800E-06,1.126E+00
-1.68700E-06,1.118E+00
-1.68600E-06,1.118E+00
-1.68500E-06,1.118E+00
-1.68400E-06,1.118E+00
-1.68300E-06,1.118E+00
-1.68200E-06,1.118E+00
-1.68100E-06,1.118E+00
-1.68000E-06,1.118E+00
-1.67900E-06,1.118E+00
-1.67800E-06,1.126E+00
-1.67700E-06,1.126E+00
-1.67600E-06,1.126E+00
-1.67500E-06,1.126E+00
-1.67400E-06,1.126E+00
-1.67300E-06,1.118E+00
-1.67200E-06,1.126E+00
-1.67100E-06,1.126E+00
-1.67000E-06,1.126E+00
-1.66900E-06,1.118E+00
-1.66800E-06,1.118E+00
-1.66700E-06,1.118E+00
-1.66600E-06,1.126E+00
-1.66500E-06,1.126E+00
-1.66400E-06,1.118E+00
-1.66300E-06,1.118E+00
-1.66200E-06,1.118E+00
-1.66100E-06,1.126E+00
-1.66000E-06,1.126E+00
-1.65900E-06,1.118E+00
-1.65800E-06,1.118E+00
-1.65700E-06,1.118E+00
-1.65600E-06,1.118E+00
-1.65500E-06,1.126E+00
-1.65400E-06,1.126E+00
-1.65300E-06,1.126E+00
-1.65200E-06,1.126E+00
-1.65100E-06,1.118E+00
-1.65000E-06,1.110E+00
-1.64900E-06,1.118E+00
-1.64800E-06,1.118E+00
-1.64700E-06,1.118E+00
-1.64600E-06,1.126E+00
-1.64500E-06,1.118E+00
-1.64400E-06,1.118E+00
-1.64300E-06,1.118E+00
-1.64200E-06,1.118E+00
-1.64100E-06,1.126E+00
-1.64000E-06,1.118E+00
-1.63900E-06,1.118E+00
-1.63800E-06,1.110E+00
-1.63700E-06,1.110E+00
-1.63600E-06,1.118E+00
-1.63500E-06,1.126E+00
-1.63400E-06,1.118E+00
-1.63300E-06,1.118E+00
-1.63200E-06,1.118E+00
-1.63100E-06,1.118E+00
-1.63000E-06,1.110E+00
-1.62900E-06,1.110E+00
-1.62800E-06,1.126E+00
-1.62700E-06,1.134E+00
-1.62600E-06,1.126E+00
-1.62500E-06,1.126E+00
-1.62400E-06,1.118E+00
-1.62300E-06,1.118E+00
-1.62200E-06,1.126E+00
-1.62100E-06,1.126E+00
-1.62000E-06,1.126E+00
-1.61900E-06,1.118E+00
-1.61800E-06,1.118E+00
-1.61700E-06,1.126E+00
-1.61600E-06,1.126E+00
-1.61500E-06,1.126E+00
-1.61400E-06,1.126E+00
-1.61300E-06,1.118E+00
-1.61200E-06,1.126E+00
-1.61100E-06,1.126E+00
-1.61000E-06,1.118E+00
-1.60900E-06,1.110E+00
-1.60800E-06,1.126E+00
-1.60700E-06,1.126E+00
-1.60600E-06,1.126E+00
-1.60500E-06,1.126E+00
-1.60400E-06,1.126E+00
-1.60300E-06,1.118E+00
-1.60200E-06,1.126E+00
-1.60100E-06,1.118E+00
-1.60000E-06,1.126E+00
-1.59900E-06,1.126E+00
-1.59800E-06,1.118E+00
-1.59700E-06,1.118E+00
-1.59600E-06,1.126E+00
-1.59500E-06,1.118E+00
-1.59400E-06,1.126E+00
-1.59300E-06,1.118E+00
-1.59200E-06,1.118E+00
-1.59100E-06,1.126E+00
-1.59000E-06,1.126E+00
-1.58900E-06,1.126E+00
-1.58800E-06,1.118E+00
-1.58700E-06,1.110E+00
-1.58600E-06,1.118E+00
-1.58500E-06,1.118E+00
-1.58400E-06,1.118E+00
-1.58300E-06,1.110E+00
-1.58200E-06,1.118E+00
-1.58100E-06,1.126E+00
-1.58000E-06,1.126E+00
-1.57900E-06,1.118E+00
-1.57800E-06,1.110E+00
-1.57700E-06,1.126E+00
-1.57600E-06,1.126E+00
-1.57500E-06,1.126E+00
-1.57400E-06,1.118E+00
-1.57300E-06,1.126E+00
-1.57200E-06,1.118E+00
-1.57100E-06,1.118E+00
-1.57000E-06,1.118E+00
-1.56900E-06,1.110E+00
-1.56800E-06,1.110E+00
-1.56700E-06,1.118E+00
-1.56600E-06,1.126E+00
-1.56500E-06,1.126E+00
-1.56400E-06,1.126E+00
-1.56300E-06,1.118E+00
-1.56200E-06,1.118E+00
-1.56100E-06,1.126E+00
-1.56000E-06,1.126E+00
-1.55900E-06,1.126E+00
-1.55800E-06,1.118E+00
-1.55700E-06,1.118E+00
-1.55600E-06,1.118E+00
-1.55500E-06,1.126E+00
-1.55400E-06,1.118E+00
-1.55300E-06,1.118E+00
-1.55200E-06,1.126E+00
-1.55100E-06,1.126E+00
-1.55000E-06,1.118E+00
-1.54900E-06,1.110E+00
-1.54800E-06,1.110E+00
-1.54700E-06,1.118E+00
-1.54600E-06,1.126E+00
-1.54500E-06,1.118E+00
-1.54400E-06,1.118E+00
-1.54300E-06,1.118E+00
-1.54200E-06,1.118E+00
-1.54100E-06,1.126E+00
-1.54000E-06,1.118E+00
-1.53900E-06,1.118E+00
-1.53800E-06,1.118E+00
-1.53700E-06,1.118E+00
-1.53600E-06,1.126E+00
-1.53500E-06,1.126E+00
-1.53400E-06,1.118E+00
-1.53300E-06,1.126E+00
-1.53200E-06,1.118E+00
-1.53100E-06,1.118E+00
-1.53000E-06,1.118E+00
-1.52900E-06,1.126E+00
-1.52800E-06,1.118E+00
-1.52700E-06,1.118E+00
-1.52600E-06,1.126E+00
-1.52500E-06,1.126E+00
-1.52400E-06,1.118E+00
-1.52300E-06,1.118E+00
-1.52200E-06,1.118E+00
-1.52100E-06,1.126E+00
-1.52000E-06,1.126E+00
-1.51900E-06,1.126E+00
-1.51800E-06,1.118E+00
-1.51700E-06,1.126E+00
-1.51600E-06,1.126E+00
-1.51500E-06,1.118E+00
-1.51400E-06,1.118E+00
-1.51300E-06,1.110E+00
-1.51200E-06,1.118E+00
-1.51100E-06,1.110E+00
-1.51000E-06,1.110E+00
-1.50900E-06,1.118E+00
-1.50800E-06,1.110E+00
-1.50700E-06,1.118E+00
-1.50600E-06,1.118E+00
-1.50500E-06,1.118E+00
-1.50400E-06,1.118E+00
-1.50300E-06,1.118E+00
-1.50200E-06,1.126E+00
-1.50100E-06,1.118E+00
-1.50000E-06,1.126E+00
-1.49900E-06,1.118E+00
-1.49800E-06,1.118E+00
-1.49700E-06,1.110E+00
-1.49600E-06,1.118E+00
-1.49500E-06,1.126E+00
-1.49400E-06,1.126E+00
-1.49300E-06,1.118E+00
-1.49200E-06,1.118E+00
-1.49100E-06,1.118E+00
-1.49000E-06,1.118E+00
-1.48900E-06,1.118E+00
-1.48800E-06,1.118E+00
-1.48700E-06,1.118E+00
-1.48600E-06,1.118E+00
-1.48500E-06,1.118E+00
-1.48400E-06,1.118E+00
-1.48300E-06,1.118E+00
-1.48200E-06,1.126E+00
-1.48100E-06,1.126E+00
-1.48000E-06,1.126E+00
-1.47900E-06,1.118E+00
-1.47800E-06,1.110E+00
-1.47700E-06,1.118E+00
-1.47600E-06,1.118E+00
-1.47500E-06,1.118E+00
-1.47400E-06,1.118E+00
-1.47300E-06,1.118E+00
-1.47200E-06,1.118E+00
-1.47100E-06,1.126E+00
-1.47000E-06,1.126E+00
-1.46900E-06,1.118E+00
-1.46800E-06,1.110E+00
-1.46700E-06,1.110E+00
-1.46600E-06,1.118E+00
-1.46500E-06,1.126E+00
-1.46400E-06,1.126E+00
-1.46300E-06,1.118E+00
-1.46200E-06,1.126E+00
-1.46100E-06,1.126E+00
-1.46000E-06,1.126E+00
-1.45900E-06,1.126E+00
-1.45800E-06,1.126E+00
-1.45700E-06,1.118E+00
-1.45600E-06,1.126E+00
-1.45500E-06,1.134E+00
-1.45400E-06,1.134E+00
-1.45300E-06,1.118E+00
-1.45200E-06,1.118E+00
-1.45100E-06,1.118E+00
-1.45000E-06,1.118E+00
-1.44900E-06,1.118E+00
-1.44800E-06,1.118E+00
-1.44700E-06,1.118E+00
-1.44600E-06,1.126E+00
-1.44500E-06,1.126E+00
-1.44400E-06,1.126E+00
-1.44300E-06,1.126E+00
-1.44200E-06,1.126E+00
-1.44100E-06,1.126E+00
-1.44000E-06,1.118E+00
-1.43900E-06,1.118E+00
-1.43800E-06,1.126E+00
-1.43700E-06,1.126E+00
-1.43600E-06,1.126E+00
-1.43500E-06,1.126E+00
-1.43400E-06,1.118E+00
-1.43300E-06,1.126E+00
-1.43200E-06,1.126E+00
-1.43100E-06,1.126E+00
-1.43000E-06,1.126E+00
-1.42900E-06,1.118E+00
-1.42800E-06,1.118E+00
-1.42700E-06,1.118E+00
-1.42600E-06,1.126E+00
-1.42500E-06,1.126E+00
-1.42400E-06,1.126E+00
-1.42300E-06,1.118E+00
-1.42200E-06,1.126E+00
-1.42100E-06,1.118E+00
-1.42000E-06,1.126E+00
-1.41900E-06,1.118E+00
-1.41800E-06,1.118E+00
-1.41700E-06,1.118E+00
-1.41600E-06,1.118E+00
-1.41500E-06,1.126E+00
-1.41400E-06,1.118E+00
-1.41300E-06,1.118E+00
-1.41200E-06,1.118E+00
-1.41100E-06,1.118E+00
-1.41000E-06,1.118E+00
-1.40900E-06,1.118E+00
-1.40800E-06,1.110E+00
-1.40700E-06,1.118E+00
-1.40600E-06,1.126E+00
-1.40500E-06,1.126E+00
-1.40400E-06,1.118E+00
-1.40300E-06,1.110E+00
-1.40200E-06,1.126E+00
-1.40100E-06,1.134E+00
-1.40000E-06,1.126E+00
-1.39900E-06,1.126E+00
-1.39800E-06,1.118E+00
-1.39700E-06,1.118E+00
-1.39600E-06,1.126E+00
-1.39500E-06,1.126E+00
-1.39400E-06,1.118E+00
-1.39300E-06,1.118E+00
-1.39200E-06,1.126E+00
-1.39100E-06,1.134E+00
-1.39000E-06,1.126E+00
-1.38900E-06,1.110E+00
-1.38800E-06,1.118E+00
-1.38700E-06,1.118E+00
-1.38600E-06,1.134E+00
-1.38500E-06,1.134E+00
-1.38400E-06,1.126E+00
-1.38300E-06,1.118E+00
-1.38200E-06,1.118E+00
-1.38100E-06,1.126E+00
-1.38000E-06,1.134E+00
-1.37900E-06,1.118E+00
-1.37800E-06,1.126E+00
-1.37700E-06,1.126E+00
-1.37600E-06,1.126E+00
-1.37500E-06,1.126E+00
-1.37400E-06,1.126E+00
-1.37300E-06,1.118E+00
-1.37200E-06,1.118E+00
-1.37100E-06,1.126E+00
-1.37000E-06,1.126E+00
-1.36900E-06,1.126E+00
-1.36800E-06,1.118E+00
-1.36700E-06,1.126E+00
-1.36600E-06,1.118E+00
-1.36500E-06,1.118E+00
-1.36400E-06,1.118E+00
-1.36300E-06,1.118E+00
-1.36200E-06,1.126E+00
-1.36100E-06,1.126E+00
-1.36000E-06,1.126E+00
-1.35900E-06,1.118E+00
-1.35800E-06,1.118E+00
-1.35700E-06,1.110E+00
-1.35600E-06,1.118E+00
-1.35500E-06,1.126E+00
-1.35400E-06,1.126E+00
-1.35300E-06,1.118E+00
-1.35200E-06,1.118E+00
-1.35100E-06,1.118E+00
-1.35000E-06,1.118E+00
-1.34900E-06,1.118E+00
-1.34800E-06,1.110E+00
-1.34700E-06,1.118E+00
-1.34600E-06,1.126E+00
-1.34500E-06,1.126E+00
-1.34400E-06,1.126E+00
-1.34300E-06,1.118E+00
-1.34200E-06,1.118E+00
-1.34100E-06,1.118E+00
-1.34000E-06,1.118E+00
-1.33900E-06,1.118E+00
-1.33800E-06,1.118E+00
-1.33700E-06,1.126E+00
-1.33600E-06,1.134E+00
-1.33500E-06,1.126E+00
-1.33400E-06,1.118E+00
-1.33300E-06,1.118E+00
-1.33200E-06,1.118E+00
-1.33100E-06,1.126E+00
-1.33000E-06,1.118E+00
-1.32900E-06,1.110E+00
-1.32800E-06,1.118E+00
-1.32700E-06,1.118E+00
-1.32600E-06,1.126E+00
-1.32500E-06,1.118E+00
-1.32400E-06,1.126E+00
-1.32300E-06,1.118E+00
-1.32200E-06,1.126E+00
-1.32100E-06,1.126E+00
-1.32000E-06,1.118E+00
-1.31900E-06,1.118E+00
-1.31800E-06,1.110E+00
-1.31700E-06,1.126E+00
-1.31600E-06,1.126E+00
-1.31500E-06,1.126E+00
-1.31400E-06,1.126E+00
-1.31300E-06,1.126E+00
-1.31200E-06,1.118E+00
-1.31100E-06,1.126E+00
-1.31000E-06,1.126E+00
-1.30900E-06,1.118E+00
-1.30800E-06,1.118E+00
-1.30700E-06,1.118E+00
-1.30600E-06,1.126E+00
-1.30500E-06,1.118E+00
-1.30400E-06,1.118E+00
-1.30300E-06,1.118E+00
-1.30200E-06,1.118E+00
-1.30100E-06,1.118E+00
-1.30000E-06,1.126E+00
-1.29900E-06,1.118E+00
-1.29800E-06,1.126E+00
-1.29700E-06,1.126E+00
-1.29600E-06,1.118E+00
-1.29500E-06,1.126E+00
-1.29400E-06,1.126E+00
-1.29300E-06,1.118E+00
-1.29200E-06,1.118E+00
-1.29100E-06,1.118E+00
-1.29000E-06,1.118E+00
-1.28900E-06,1.118E+00
-1.28800E-06,1.118E+00
-1.28700E-06,1.118E+00
-1.28600E-06,1.126E+00
-1.28500E-06,1.126E+00
-1.28400E-06,1.126E+00
-1.28300E-06,1.126E+00
-1.28200E-06,1.126E+00
-1.28100E-06,1.126E+00
-1.28000E-06,1.126E+00
-1.27900E-06,1.126E+00
-1.27800E-06,1.126E+00
-1.27700E-06,1.126E+00
-1.27600E-06,1.126E+00
-1.27500E-06,1.126E+00
-1.27400E-06,1.118E+00
-1.27300E-06,1.118E+00
-1.27200E-06,1.118E+00
-1.27100E-06,1.118E+00
-1.27000E-06,1.118E+00
-1.26900E-06,1.118E+00
-1.26800E-06,1.118E+00
-1.26700E-06,1.118E+00
-1.26600E-06,1.126E+00
-1.26500E-06,1.126E+00
-1.26400E-06,1.118E+00
-1.26300E-06,1.110E+00
-1.26200E-06,1.118E+00
-1.26100E-06,1.126E+00
-1.26000E-06,1.126E+00
-1.25900E-06,1.110E+00
-1.25800E-06,1.118E+00
-1.25700E-06,1.126E+00
-1.25600E-06,1.126E+00
-1.25500E-06,1.118E+00
-1.25400E-06,1.126E+00
-1.25300E-06,1.110E+00
-1.25200E-06,1.118E+00
-1.25100E-06,1.118E+00
-1.25000E-06,1.118E+00
-1.24900E-06,1.118E+00
-1.24800E-06,1.118E+00
-1.24700E-06,1.126E+00
-1.24600E-06,1.126E+00
-1.24500E-06,1.126E+00
-1.24400E-06,1.126E+00
-1.24300E-06,1.118E+00
-1.24200E-06,1.118E+00
-1.24100E-06,1.118E+00
-1.24000E-06,1.126E+00
-1.23900E-06,1.126E+00
-1.23800E-06,1.118E+00
-1.23700E-06,1.110E+00
-1.23600E-06,1.118E+00
-1.23500E-06,1.126E+00
-1.23400E-06,1.110E+00
-1.23300E-06,1.118E+00
-1.23200E-06,1.126E+00
-1.23100E-06,1.126E+00
-1.23000E-06,1.126E+00
-1.22900E-06,1.118E+00
-1.22800E-06,1.118E+00
-1.22700E-06,1.118E+00
-1.22600E-06,1.126E+00
-1.22500E-06,1.126E+00
-1.22400E-06,1.118E+00
-1.22300E-06,1.118E+00
-1.22200E-06,1.110E+00
-1.22100E-06,1.126E+00
-1.22000E-06,1.126E+00
-1.21900E-06,1.118E+00
-1.21800E-06,1.118E+00
-1.21700E-06,1.118E+00
-1.21600E-06,1.118E+00
-1.21500E-06,1.134E+00
-1.21400E-06,1.126E+00
-1.21300E-06,1.118E+00
-1.21200E-06,1.118E+00
-1.21100E-06,1.118E+00
-1.21000E-06,1.126E+00
-1.20900E-06,1.118E+00
-1.20800E-06,1.118E+00
-1.20700E-06,1.118E+00
-1.20600E-06,1.118E+00
-1.20500E-06,1.126E+00
-1.20400E-06,1.118E+00
-1.20300E-06,1.118E+00
-1.20200E-06,1.126E+00
-1.20100E-06,1.126E+00
-1.20000E-06,1.118E+00
-1.19900E-06,1.110E+00
-1.19800E-06,1.118E+00
-1.19700E-06,1.118E+00
-1.19600E-06,1.126E+00
-1.19500E-06,1.134E+00
-1.19400E-06,1.118E+00
-1.19300E-06,1.118E+00
-1.19200E-06,1.118E+00
-1.19100E-06,1.126E+00
-1.19000E-06,1.126E+00
-1.18900E-06,1.126E+00
-1.18800E-06,1.126E+00
-1.18700E-06,1.126E+00
-1.18600E-06,1.134E+00
-1.18500E-06,1.126E+00
-1.18400E-06,1.126E+00
-1.18300E-06,1.118E+00
-1.18200E-06,1.118E+00
-1.18100E-06,1.118E+00
-1.18000E-06,1.118E+00
-1.17900E-06,1.118E+00
-1.17800E-06,1.118E+00
-1.17700E-06,1.118E+00
-1.17600E-06,1.118E+00
-1.17500E-06,1.118E+00
-1.17400E-06,1.118E+00
-1.17300E-06,1.118E+00
-1.17200E-06,1.118E+00
-1.17100E-06,1.118E+00
-1.17000E-06,1.126E+00
-1.16900E-06,1.126E+00
-1.16800E-06,1.126E+00
-1.16700E-06,1.126E+00
-1.16600E-06,1.126E+00
-1.16500E-06,1.126E+00
-1.16400E-06,1.126E+00
-1.16300E-06,1.126E+00
-1.16200E-06,1.118E+00
-1.16100E-06,1.118E+00
-1.16000E-06,1.118E+00
-1.15900E-06,1.110E+00
-1.15800E-06,1.102E+00
-1.15700E-06,1.110E+00
-1.15600E-06,1.118E+00
-1.15500E-06,1.126E+00
-1.15400E-06,1.126E+00
-1.15300E-06,1.118E+00
-1.15200E-06,1.118E+00
-1.15100E-06,1.126E+00
-1.15000E-06,1.126E+00
-1.14900E-06,1.126E+00
-1.14800E-06,1.118E+00
-1.14700E-06,1.118E+00
-1.14600E-06,1.118E+00
-1.14500E-06,1.126E+00
-1.14400E-06,1.118E+00
-1.14300E-06,1.118E+00
-1.14200E-06,1.118E+00
-1.14100E-06,1.118E+00
-1.14000E-06,1.118E+00
-1.13900E-06,1.118E+00
-1.13800E-06,1.118E+00
-1.13700E-06,1.118E+00
-1.13600E-06,1.118E+00
-1.13500E-06,1.126E+00
-1.13400E-06,1.134E+00
-1.13300E-06,1.126E+00
-1.13200E-06,1.126E+00
-1.13100E-06,1.126E+00
-1.13000E-06,1.118E+00
-1.12900E-06,1.118E+00
-1.12800E-06,1.118E+00
-1.12700E-06,1.126E+00
-1.12600E-06,1.118E+00
-1.12500E-06,1.126E+00
-1.12400E-06,1.126E+00
-1.12300E-06,1.126E+00
-1.12200E-06,1.134E+00
-1.12100E-06,1.126E+00
-1.12000E-06,1.126E+00
-1.11900E-06,1.118E+00
-1.11800E-06,1.118E+00
-1.11700E-06,1.126E+00
-1.11600E-06,1.126E+00
-1.11500E-06,1.126E+00
-1.11400E-06,1.118E+00
-1.11300E-06,1.118E+00
-1.11200E-06,1.118E+00
-1.11100E-06,1.126E+00
-1.11000E-06,1.118E+00
-1.10900E-06,1.118E+00
-1.10800E-06,1.118E+00
-1.10700E-06,1.118E+00
-1.10600E-06,1.126E+00
-1.10500E-06,1.126E+00
-1.10400E-06,1.118E+00
-1.10300E-06,1.118E+00
-1.10200E-06,1.110E+00
-1.10100E-06,1.126E+00
-1.10000E-06,1.118E+00
-1.09900E-06,1.118E+00
-1.09800E-06,1.118E+00
-1.09700E-06,1.118E+00
-1.09600E-06,1.126E+00
-1.09500E-06,1.118E+00
-1.09400E-06,1.118E+00
-1.09300E-06,1.110E+00
-1.09200E-06,1.126E+00
-1.09100E-06,1.118E+00
-1.09000E-06,1.118E+00
-1.08900E-06,1.118E+00
-1.08800E-06,1.126E+00
-1.08700E-06,1.126E+00
-1.08600E-06,1.126E+00
-1.08500E-06,1.126E+00
-1.08400E-06,1.118E+00
-1.08300E-06,1.118E+00
-1.08200E-06,1.118E+00
-1.08100E-06,1.118E+00
-1.08000E-06,1.126E+00
-1.07900E-06,1.118E+00
-1.07800E-06,1.118E+00
-1.07700E-06,1.126E+00
-1.07600E-06,1.126E+00
-1.07500E-06,1.126E+00
-1.07400E-06,1.126E+00
-1.07300E-06,1.118E+00
-1.07200E-06,1.118E+00
-1.07100E-06,1.118E+00
-1.07000E-06,1.126E+00
-1.06900E-06,1.126E+00
-1.06800E-06,1.126E+00
-1.06700E-06,1.126E+00
-1.06600E-06,1.126E+00
-1.06500E-06,1.126E+00
-1.06400E-06,1.118E+00
-1.06300E-06,1.118E+00
-1.06200E-06,1.118E+00
-1.06100E-06,1.126E+00
-1.06000E-06,1.126E+00
-1.05900E-06,1.118E+00
-1.05800E-06,1.118E+00
-1.05700E-06,1.110E+00
-1.05600E-06,1.118E+00
-1.05500E-06,1.126E+00
-1.05400E-06,1.126E+00
-1.05300E-06,1.118E+00
-1.05200E-06,1.118E+00
-1.05100E-06,1.118E+00
-1.05000E-06,1.118E+00
-1.04900E-06,1.118E+00
-1.04800E-06,1.118E+00
-1.04700E-06,1.118E+00
-1.04600E-06,1.126E+00
-1.04500E-06,1.126E+00
-1.04400E-06,1.110E+00
-1.04300E-06,1.118E+00
-1.04200E-06,1.118E+00
-1.04100E-06,1.118E+00
-1.04000E-06,1.126E+00
-1.03900E-06,1.126E+00
-1.03800E-06,1.118E+00
-1.03700E-06,1.118E+00
-1.03600E-06,1.126E+00
-1.03500E-06,1.126E+00
-1.03400E-06,1.118E+00
-1.03300E-06,1.118E+00
-1.03200E-06,1.118E+00
-1.03100E-06,1.118E+00
-1.03000E-06,1.118E+00
-1.02900E-06,1.118E+00
-1.02800E-06,1.118E+00
-1.02700E-06,1.118E+00
-1.02600E-06,1.118E+00
-1.02500E-06,1.118E+00
-1.02400E-06,1.118E+00
-1.02300E-06,1.110E+00
-1.02200E-06,1.118E+00
-1.02100E-06,1.126E+00
-1.02000E-06,1.126E+00
-1.01900E-06,1.126E+00
-1.01800E-06,1.118E+00
-1.01700E-06,1.118E+00
-1.01600E-06,1.118E+00
-1.01500E-06,1.126E+00
-1.01400E-06,1.126E+00
-1.01300E-06,1.118E+00
-1.01200E-06,1.126E+00
-1.01100E-06,1.126E+00
-1.01000E-06,1.118E+00
-1.00900E-06,1.118E+00
-1.00800E-06,1.110E+00
-1.00700E-06,1.126E+00
-1.00600E-06,1.126E+00
-1.00500E-06,1.134E+00
-1.00400E-06,1.118E+00
-1.00300E-06,1.118E+00
-1.00200E-06,1.118E+00
-1.00100E-06,1.118E+00
-9.99999E-07,1.118E+00
-9.98999E-07,1.118E+00
-9.97999E-07,1.118E+00
-9.96999E-07,1.118E+00
-9.95999E-07,1.126E+00
-9.94999E-07,1.118E+00
-9.93999E-07,1.118E+00
-9.92999E-07,1.110E+00
-9.91999E-07,1.118E+00
-9.90999E-07,1.126E+00
-9.89999E-07,1.118E+00
-9.88999E-07,1.118E+00
-9.87999E-07,1.110E+00
-9.86999E-07,1.110E+00
-9.85999E-07,1.126E+00
-9.84999E-07,1.126E+00
-9.83999E-07,1.126E+00
-9.82999E-07,1.118E+00
-9.81999E-07,1.126E+00
-9.80999E-07,1.134E+00
-9.79999E-07,1.134E+00
-9.78999E-07,1.126E+00
-9.77999E-07,1.118E+00
-9.76999E-07,1.118E+00
-9.75999E-07,1.118E+00
-9.74999E-07,1.126E+00
-9.73999E-07,1.118E+00
-9.72999E-07,1.118E+00
-9.71999E-07,1.118E+00
-9.70999E-07,1.118E+00
-9.69999E-07,1.118E+00
-9.68999E-07,1.110E+00
-9.67999E-07,1.110E+00
-9.66999E-07,1.110E+00
-9.65999E-07,1.118E+00
-9.64999E-07,1.126E+00
-9.63999E-07,1.126E+00
-9.62999E-07,1.126E+00
-9.61999E-07,1.126E+00
-9.60999E-07,1.118E+00
-9.59999E-07,1.118E+00
-9.58999E-07,1.118E+00
-9.57999E-07,1.118E+00
-9.56999E-07,1.126E+00
-9.55999E-07,1.126E+00
-9.54999E-07,1.126E+00
-9.53999E-07,1.118E+00
-9.52999E-07,1.126E+00
-9.51999E-07,1.118E+00
-9.50999E-07,1.126E+00
-9.49999E-07,1.126E+00
-9.48999E-07,1.118E+00
-9.47999E-07,1.110E+00
-9.46999E-07,1.110E+00
-9.45999E-07,1.118E+00
-9.44999E-07,1.126E+00
-9.43999E-07,1.118E+00
-9.42999E-07,1.118E+00
-9.41999E-07,1.126E+00
-9.40999E-07,1.118E+00
-9.39999E-07,1.126E+00
-9.38999E-07,1.118E+00
-9.37999E-07,1.118E+00
-9.36999E-07,1.126E+00
-9.35999E-07,1.126E+00
-9.34999E-07,1.126E+00
-9.33999E-07,1.126E+00
-9.32999E-07,1.126E+00
-9.31999E-07,1.118E+00
-9.30999E-07,1.126E+00
-9.29999E-07,1.126E+00
-9.28999E-07,1.126E+00
-9.27999E-07,1.118E+00
-9.26999E-07,1.118E+00
-9.25999E-07,1.126E+00
-9.24999E-07,1.118E+00
-9.23999E-07,1.110E+00
-9.22999E-07,1.118E+00
-9.21999E-07,1.126E+00
-9.20999E-07,1.126E+00
-9.19999E-07,1.126E+00
-9.18999E-07,1.118E+00
-9.17999E-07,1.126E+00
-9.16999E-07,1.126E+00
-9.15999E-07,1.126E+00
-9.14999E-07,1.126E+00
-9.13999E-07,1.126E+00
-9.12999E-07,1.118E+00
-9.11999E-07,1.118E+00
-9.10999E-07,1.118E+00
-9.09999E-07,1.126E+00
-9.08999E-07,1.118E+00
-9.07999E-07,1.118E+00
-9.06999E-07,1.118E+00
-9.05999E-07,1.126E+00
-9.04999E-07,1.126E+00
-9.03999E-07,1.126E+00
-9.02999E-07,1.118E+00
-9.01999E-07,1.110E+00
-9.00999E-07,1.118E+00
-8.99999E-07,1.126E+00
-8.98999E-07,1.126E+00
-8.97999E-07,1.118E+00
-8.96999E-07,1.126E+00
-8.95999E-07,1.126E+00
-8.94999E-07,1.126E+00
-8.93999E-07,1.134E+00
-8.92999E-07,1.126E+00
-8.91999E-07,1.134E+00
-8.90999E-07,1.126E+00
-8.89999E-07,1.118E+00
-8.88999E-07,1.118E+00
-8.87999E-07,1.118E+00
-8.86999E-07,1.118E+00
-8.85999E-07,1.126E+00
-8.84999E-07,1.126E+00
-8.83999E-07,1.126E+00
-8.82999E-07,1.118E+00
-8.81999E-07,1.134E+00
-8.80999E-07,1.126E+00
-8.79999E-07,1.126E+00
-8.78999E-07,1.118E+00
-8.77999E-07,1.118E+00
-8.76999E-07,1.118E+00
-8.75999E-07,1.126E+00
-8.74999E-07,1.126E+00
-8.73999E-07,1.118E+00
-8.72999E-07,1.118E+00
-8.71999E-07,1.118E+00
-8.70999E-07,1.126E+00
-8.69999E-07,1.118E+00
-8.68999E-07,1.118E+00
-8.67999E-07,1.110E+00
-8.66999E-07,1.118E+00
-8.65999E-07,1.126E+00
-8.64999E-07,1.126E+00
-8.63999E-07,1.126E+00
-8.62999E-07,1.118E+00
-8.61999E-07,1.118E+00
-8.60999E-07,1.118E+00
-8.59999E-07,1.126E+00
-8.58999E-07,1.118E+00
-8.57999E-07,1.118E+00
-8.56999E-07,1.118E+00
-8.55999E-07,1.118E+00
-8.54999E-07,1.126E+00
-8.53999E-07,1.118E+00
-8.52999E-07,1.118E+00
-8.51999E-07,1.110E+00
-8.50999E-07,1.118E+00
-8.49999E-07,1.110E+00
-8.48999E-07,1.118E+00
-8.47999E-07,1.118E+00
-8.46999E-07,1.118E+00
-8.45999E-07,1.126E+00
-8.44999E-07,1.126E+00
-8.43999E-07,1.126E+00
-8.42999E-07,1.118E+00
-8.41999E-07,1.126E+00
-8.40999E-07,1.126E+00
-8.39999E-07,1.118E+00
-8.38999E-07,1.118E+00
-8.37999E-07,1.110E+00
-8.36999E-07,1.126E+00
-8.35999E-07,1.126E+00
-8.34999E-07,1.118E+00
-8.33999E-07,1.118E+00
-8.32999E-07,1.118E+00
-8.31999E-07,1.126E+00
-8.30999E-07,1.118E+00
-8.29999E-07,1.126E+00
-8.28999E-07,1.118E+00
-8.27999E-07,1.118E+00
-8.26999E-07,1.126E+00
-8.25999E-07,1.118E+00
-8.24999E-07,1.126E+00
-8.23999E-07,1.118E+00
-8.22999E-07,1.126E+00
-8.21999E-07,1.118E+00
-8.20999E-07,1.126E+00
-8.19999E-07,1.126E+00
-8.18999E-07,1.118E+00
-8.17999E-07,1.118E+00
-8.16999E-07,1.118E+00
-8.15999E-07,1.118E+00
-8.14999E-07,1.126E+00
-8.13999E-07,1.126E+00
-8.12999E-07,1.118E+00
-8.11999E-07,1.110E+00
-8.10999E-07,1.110E+00
-8.09999E-07,1.118E+00
-8.08999E-07,1.110E+00
-8.07999E-07,1.118E+00
-8.06999E-07,1.126E+00
-8.05999E-07,1.126E+00
-8.04999E-07,1.126E+00
-8.03999E-07,1.118E+00
-8.02999E-07,1.118E+00
-8.01999E-07,1.118E+00
-8.00999E-07,1.118E+00
-7.99999E-07,1.118E+00
-7.98999E-07,1.118E+00
-7.97999E-07,1.118E+00
-7.96999E-07,1.118E+00
-7.95999E-07,1.126E+00
-7.94999E-07,1.126E+00
-7.93999E-07,1.118E+00
-7.92999E-07,1.126E+00
-7.91999E-07,1.126E+00
-7.90999E-07,1.126E+00
-7.89999E-07,1.126E+00
-7.88999E-07,1.126E+00
-7.87999E-07,1.126E+00
-7.86999E-07,1.126E+00
-7.85999E-07,1.126E+00
-7.84999E-07,1.126E+00
-7.83999E-07,1.126E+00
-7.82999E-07,1.118E+00
-7.81999E-07,1.126E+00
-7.80999E-07,1.126E+00
-7.79999E-07,1.126E+00
-7.78999E-07,1.126E+00
-7.77999E-07,1.118E+00
-7.76999E-07,1.118E+00
-7.75999E-07,1.126E+00
-7.74999E-07,1.126E+00
-7.73999E-07,1.118E+00
-7.72999E-07,1.118E+00
-7.71999E-07,1.118E+00
-7.70999E-07,1.118E+00
-7.69999E-07,1.126E+00
-7.68999E-07,1.126E+00
-7.67999E-07,1.118E+00
-7.66999E-07,1.118E+00
-7.65999E-07,1.126E+00
-7.64999E-07,1.126E+00
-7.63999E-07,1.126E+00
-7.62999E-07,1.126E+00
-7.61999E-07,1.126E+00
-7.60999E-07,1.126E+00
-7.59999E-07,1.126E+00
-7.58999E-07,1.118E+00
-7.57999E-07,1.118E+00
-7.56999E-07,1.118E+00
-7.55999E-07,1.126E+00
-7.54999E-07,1.118E+00
-7.53999E-07,1.118E+00
-7.52999E-07,1.118E+00
-7.51999E-07,1.118E+00
-7.50999E-07,1.126E+00
-7.49999E-07,1.126E+00
-7.48999E-07,1.118E+00
-7.47999E-07,1.126E+00
-7.46999E-07,1.118E+00
-7.45999E-07,1.126E+00
-7.44999E-07,1.126E+00
-7.43999E-07,1.126E+00
-7.42999E-07,1.126E+00
-7.41999E-07,1.118E+00
-7.40999E-07,1.126E+00
-7.39999E-07,1.126E+00
-7.38999E-07,1.126E+00
-7.37999E-07,1.118E+00
-7.36999E-07,1.118E+00
-7.35999E-07,1.118E+00
-7.34999E-07,1.126E+00
-7.33999E-07,1.118E+00
-7.32999E-07,1.118E+00
-7.31999E-07,1.118E+00
-7.30999E-07,1.118E+00
-7.29999E-07,1.118E+00
-7.28999E-07,1.118E+00
-7.27999E-07,1.118E+00
-7.26999E-07,1.118E+00
-7.25999E-07,1.126E+00
-7.24999E-07,1.118E+00
-7.23999E-07,1.126E+00
-7.22999E-07,1.118E+00
-7.21999E-07,1.118E+00
-7.20999E-07,1.118E+00
-7.19999E-07,1.118E+00
-7.18999E-07,1.118E+00
-7.17999E-07,1.118E+00
-7.16999E-07,1.118E+00
-7.15999E-07,1.118E+00
-7.14999E-07,1.118E+00
-7.13999E-07,1.126E+00
-7.12999E-07,1.118E+00
-7.11999E-07,1.126E+00
-7.10999E-07,1.126E+00
-7.09999E-07,1.126E+00
-7.08999E-07,1.118E+00
-7.07999E-07,1.118E+00
-7.06999E-07,1.126E+00
-7.05999E-07,1.126E+00
-7.04999E-07,1.126E+00
-7.03999E-07,1.126E+00
-7.02999E-07,1.118E+00
-7.01999E-07,1.126E+00
-7.00999E-07,1.126E+00
-6.99999E-07,1.126E+00
-6.98999E-07,1.126E+00
-6.97999E-07,1.118E+00
-6.96999E-07,1.126E+00
-6.95999E-07,1.126E+00
-6.94999E-07,1.126E+00
-6.93999E-07,1.126E+00
-6.92999E-07,1.118E+00
-6.91999E-07,1.110E+00
-6.90999E-07,1.118E+00
-6.89999E-07,1.118E+00
-6.88999E-07,1.118E+00
-6.87999E-07,1.126E+00
-6.86999E-07,1.118E+00
-6.85999E-07,1.126E+00
-6.84999E-07,1.126E+00
-6.83999E-07,1.110E+00
-6.82999E-07,1.110E+00
-6.81999E-07,1.118E+00
-6.80999E-07,1.118E+00
-6.79999E-07,1.118E+00
-6.78999E-07,1.118E+00
-6.77999E-07,1.110E+00
-6.76999E-07,1.118E+00
-6.75999E-07,1.126E+00
-6.74999E-07,1.126E+00
-6.73999E-07,1.118E+00
-6.72999E-07,1.110E+00
-6.71999E-07,1.118E+00
-6.70999E-07,1.118E+00
-6.69999E-07,1.118E+00
-6.68999E-07,1.118E+00
-6.67999E-07,1.118E+00
-6.66999E-07,1.118E+00
-6.65999E-07,1.126E+00
-6.64999E-07,1.126E+00
-6.63999E-07,1.126E+00
-6.62999E-07,1.118E+00
-6.61999E-07,1.118E+00
-6.60999E-07,1.126E+00
-6.59999E-07,1.126E+00
-6.58999E-07,1.118E+00
-6.57999E-07,1.110E+00
-6.56999E-07,1.118E+00
-6.55999E-07,1.118E+00
-6.54999E-07,1.126E+00
-6.53999E-07,1.126E+00
-6.52999E-07,1.118E+00
-6.51999E-07,1.126E+00
-6.50999E-07,1.126E+00
-6.49999E-07,1.118E+00
-6.48999E-07,1.118E+00
-6.47999E-07,1.110E+00
-6.46999E-07,1.110E+00
-6.45999E-07,1.118E+00
-6.44999E-07,1.118E+00
-6.43999E-07,1.118E+00
-6.42999E-07,1.118E+00
-6.41999E-07,1.118E+00
-6.40999E-07,1.118E+00
-6.39999E-07,1.118E+00
-6.38999E-07,1.118E+00
-6.37999E-07,1.118E+00
-6.36999E-07,1.118E+00
-6.35999E-07,1.118E+00
-6.34999E-07,1.118E+00
-6.33999E-07,1.118E+00
-6.32999E-07,1.118E+00
-6.31999E-07,1.118E+00
-6.30999E-07,1.118E+00
-6.29999E-07,1.126E+00
-6.28999E-07,1.118E+00
-6.27999E-07,1.110E+00
-6.26999E-07,1.110E+00
-6.25999E-07,1.126E+00
-6.24999E-07,1.118E+00
-6.23999E-07,1.118E+00
-6.22999E-07,1.110E+00
-6.21999E-07,1.118E+00
-6.20999E-07,1.126E+00
-6.19999E-07,1.118E+00
-6.18999E-07,1.118E+00
-6.17999E-07,1.118E+00
-6.16999E-07,1.118E+00
-6.15999E-07,1.126E+00
-6.14999E-07,1.126E+00
-6.13999E-07,1.118E+00
-6.12999E-07,1.126E+00
-6.11999E-07,1.118E+00
-6.10999E-07,1.118E+00
-6.09999E-07,1.118E+00
-6.08999E-07,1.126E+00
-6.07999E-07,1.118E+00
-6.06999E-07,1.126E+00
-6.05999E-07,1.126E+00
-6.04999E-07,1.126E+00
-6.03999E-07,1.126E+00
-6.02999E-07,1.126E+00
-6.01999E-07,1.126E+00
-6.00999E-07,1.118E+00
-5.99999E-07,1.118E+00
-5.98999E-07,1.110E+00
-5.97999E-07,1.118E+00
-5.96999E-07,1.126E+00
-5.95999E-07,1.126E+00
-5.94999E-07,1.126E+00
-5.93999E-07,1.126E+00
-5.92999E-07,1.126E+00
-5.91999E-07,1.118E+00
-5.90999E-07,1.118E+00
-5.89999E-07,1.126E+00
-5.88999E-07,1.126E+00
-5.87999E-07,1.118E+00
-5.86999E-07,1.126E+00
-5.85999E-07,1.126E+00
-5.84999E-07,1.126E+00
-5.83999E-07,1.118E+00
-5.82999E-07,1.126E+00
-5.81999E-07,1.118E+00
-5.80999E-07,1.118E+00
-5.79999E-07,1.118E+00
-5.78999E-07,1.110E+00
-5.77999E-07,1.110E+00
-5.76999E-07,1.126E+00
-5.75999E-07,1.126E+00
-5.74999E-07,1.126E+00
-5.73999E-07,1.126E+00
-5.72999E-07,1.126E+00
-5.71999E-07,1.126E+00
-5.70999E-07,1.126E+00
-5.69999E-07,1.126E+00
-5.68999E-07,1.126E+00
-5.67999E-07,1.118E+00
-5.66999E-07,1.126E+00
-5.65999E-07,1.126E+00
-5.64999E-07,1.126E+00
-5.63999E-07,1.118E+00
-5.62999E-07,1.118E+00
-5.61999E-07,1.126E+00
-5.60999E-07,1.126E+00
-5.59999E-07,1.126E+00
-5.58999E-07,1.110E+00
-5.57999E-07,1.118E+00
-5.56999E-07,1.118E+00
-5.55999E-07,1.126E+00
-5.54999E-07,1.126E+00
-5.53999E-07,1.126E+00
-5.52999E-07,1.126E+00
-5.51999E-07,1.118E+00
-5.50999E-07,1.118E+00
-5.49999E-07,1.126E+00
-5.48999E-07,1.118E+00
-5.47999E-07,1.118E+00
-5.46999E-07,1.118E+00
-5.45999E-07,1.118E+00
-5.44999E-07,1.126E+00
-5.43999E-07,1.126E+00
-5.42999E-07,1.118E+00
-5.41999E-07,1.118E+00
-5.40999E-07,1.118E+00
-5.39999E-07,1.118E+00
-5.38999E-07,1.118E+00
-5.37999E-07,1.118E+00
-5.36999E-07,1.118E+00
-5.35999E-07,1.126E+00
-5.34999E-07,1.126E+00
-5.33999E-07,1.126E+00
-5.32999E-07,1.126E+00
-5.31999E-07,1.118E+00
-5.30999E-07,1.118E+00
-5.29999E-07,1.126E+00
-5.28999E-07,1.118E+00
-5.27999E-07,1.110E+00
-5.26999E-07,1.118E+00
-5.25999E-07,1.118E+00
-5.24999E-07,1.126E+00
-5.23999E-07,1.126E+00
-5.22999E-07,1.126E+00
-5.21999E-07,1.126E+00
-5.20999E-07,1.126E+00
-5.19999E-07,1.126E+00
-5.18999E-07,1.118E+00
-5.17999E-07,1.118E+00
-5.16999E-07,1.126E+00
-5.15999E-07,1.126E+00
-5.14999E-07,1.126E+00
-5.13999E-07,1.126E+00
-5.12999E-07,1.118E+00
-5.11999E-07,1.118E+00
-5.10999E-07,1.118E+00
-5.09999E-07,1.126E+00
-5.08999E-07,1.126E+00
-5.07999E-07,1.118E+00
-5.06999E-07,1.126E+00
-5.05999E-07,1.126E+00
-5.04999E-07,1.126E+00
-5.03999E-07,1.126E+00
-5.02999E-07,1.118E+00
-5.01999E-07,1.126E+00
-5.00999E-07,1.126E+00
-4.99999E-07,1.126E+00
-4.98999E-07,1.118E+00
-4.97999E-07,1.118E+00
-4.96999E-07,1.118E+00
-4.95999E-07,1.126E+00
-4.94999E-07,1.126E+00
-4.93999E-07,1.126E+00
-4.92999E-07,1.118E+00
-4.91999E-07,1.118E+00
-4.90999E-07,1.118E+00
-4.89999E-07,1.118E+00
-4.88999E-07,1.126E+00
-4.87999E-07,1.126E+00
-4.86999E-07,1.126E+00
-4.85999E-07,1.134E+00
-4.84999E-07,1.126E+00
-4.83999E-07,1.126E+00
-4.82999E-07,1.118E+00
-4.81999E-07,1.126E+00
-4.80999E-07,1.126E+00
-4.79999E-07,1.118E+00
-4.78999E-07,1.118E+00
-4.77999E-07,1.118E+00
-4.76999E-07,1.126E+00
-4.75999E-07,1.126E+00
-4.74999E-07,1.118E+00
-4.73999E-07,1.126E+00
-4.72999E-07,1.126E+00
-4.71999E-07,1.126E+00
-4.70999E-07,1.126E+00
-4.69999E-07,1.126E+00
-4.68999E-07,1.126E+00
-4.67999E-07,1.126E+00
-4.66999E-07,1.118E+00
-4.65999E-07,1.126E+00
-4.64999E-07,1.126E+00
-4.63999E-07,1.134E+00
-4.62999E-07,1.126E+00
-4.61999E-07,1.126E+00
-4.60999E-07,1.126E+00
-4.59999E-07,1.118E+00
-4.58999E-07,1.118E+00
-4.57999E-07,1.110E+00
-4.56999E-07,1.110E+00
-4.55999E-07,1.126E+00
-4.54999E-07,1.126E+00
-4.53999E-07,1.126E+00
-4.52999E-07,1.118E+00
-4.51999E-07,1.118E+00
-4.50999E-07,1.126E+00
-4.49999E-07,1.118E+00
-4.48999E-07,1.110E+00
-4.47999E-07,1.110E+00
-4.46999E-07,1.118E+00
-4.45999E-07,1.126E+00
-4.44999E-07,1.134E+00
-4.43999E-07,1.134E+00
-4.42999E-07,1.118E+00
-4.41999E-07,1.126E+00
-4.40999E-07,1.118E+00
-4.39999E-07,1.126E+00
-4.38999E-07,1.118E+00
-4.37999E-07,1.126E+00
-4.36999E-07,1.126E+00
-4.35999E-07,1.126E+00
-4.34999E-07,1.126E+00
-4.33999E-07,1.118E+00
-4.32999E-07,1.118E+00
-4.31999E-07,1.118E+00
-4.30999E-07,1.126E+00
-4.29999E-07,1.126E+00
-4.28999E-07,1.126E+00
-4.27999E-07,1.118E+00
-4.26999E-07,1.118E+00
-4.25999E-07,1.126E+00
-4.24999E-07,1.118E+00
-4.23999E-07,1.118E+00
-4.22999E-07,1.118E+00
-4.21999E-07,1.118E+00
-4.20999E-07,1.126E+00
-4.19999E-07,1.126E+00
-4.18999E-07,1.134E+00
-4.17999E-07,1.126E+00
-4.16999E-07,1.118E+00
-4.15999E-07,1.134E+00
-4.14999E-07,1.134E+00
-4.13999E-07,1.126E+00
-4.12999E-07,1.126E+00
-4.11999E-07,1.126E+00
-4.10999E-07,1.126E+00
-4.09999E-07,1.118E+00
-4.08999E-07,1.118E+00
-4.07999E-07,1.118E+00
-4.06999E-07,1.118E+00
-4.05999E-07,1.126E+00
-4.04999E-07,1.126E+00
-4.03999E-07,1.126E+00
-4.02999E-07,1.126E+00
-4.01999E-07,1.118E+00
-4.00999E-07,1.118E+00
-3.99999E-07,1.126E+00
-3.98999E-07,1.118E+00
-3.97999E-07,1.118E+00
-3.96999E-07,1.118E+00
-3.95999E-07,1.118E+00
-3.94999E-07,1.126E+00
-3.93999E-07,1.118E+00
-3.92999E-07,1.118E+00
-3.91999E-07,1.118E+00
-3.90999E-07,1.126E+00
-3.89999E-07,1.118E+00
-3.88999E-07,1.118E+00
-3.87999E-07,1.118E+00
-3.86999E-07,1.118E+00
-3.85999E-07,1.118E+00
-3.84999E-07,1.118E+00
-3.83999E-07,1.118E+00
-3.82999E-07,1.118E+00
-3.81999E-07,1.118E+00
-3.80999E-07,1.118E+00
-3.79999E-07,1.118E+00
-3.78999E-07,1.118E+00
-3.77999E-07,1.118E+00
-3.76999E-07,1.118E+00
-3.75999E-07,1.126E+00
-3.74999E-07,1.126E+00
-3.73999E-07,1.126E+00
-3.72999E-07,1.126E+00
-3.71999E-07,1.126E+00
-3.70999E-07,1.126E+00
-3.69999E-07,1.126E+00
-3.68999E-07,1.118E+00
-3.67999E-07,1.118E+00
-3.66999E-07,1.118E+00
-3.65999E-07,1.126E+00
-3.64999E-07,1.126E+00
-3.63999E-07,1.118E+00
-3.62999E-07,1.118E+00
-3.61999E-07,1.118E+00
-3.60999E-07,1.118E+00
-3.59999E-07,1.118E+00
-3.58999E-07,1.118E+00
-3.57999E-07,1.118E+00
-3.56999E-07,1.126E+00
-3.55999E-07,1.118E+00
-3.54999E-07,1.126E+00
-3.53999E-07,1.118E+00
-3.52999E-07,1.118E+00
-3.51999E-07,1.110E+00
-3.50999E-07,1.118E+00
-3.49999E-07,1.126E+00
-3.48999E-07,1.126E+00
-3.47999E-07,1.118E+00
-3.46999E-07,1.126E+00
-3.45999E-07,1.126E+00
-3.44999E-07,1.126E+00
-3.43999E-07,1.118E+00
-3.42999E-07,1.118E+00
-3.41999E-07,1.118E+00
-3.40999E-07,1.118E+00
-3.39999E-07,1.118E+00
-3.38999E-07,1.110E+00
-3.37999E-07,1.110E+00
-3.36999E-07,1.110E+00
-3.35999E-07,1.118E+00
-3.34999E-07,1.126E+00
-3.33999E-07,1.126E+00
-3.32999E-07,1.110E+00
-3.31999E-07,1.118E+00
-3.30999E-07,1.118E+00
-3.29999E-07,1.118E+00
-3.28999E-07,1.118E+00
-3.27999E-07,1.118E+00
-3.26999E-07,1.118E+00
-3.25999E-07,1.126E+00
-3.24999E-07,1.126E+00
-3.23999E-07,1.126E+00
-3.22999E-07,1.118E+00
-3.21999E-07,1.118E+00
-3.20999E-07,1.118E+00
-3.19999E-07,1.118E+00
-3.18999E-07,1.118E+00
-3.17999E-07,1.126E+00
-3.16999E-07,1.118E+00
-3.15999E-07,1.126E+00
-3.14999E-07,1.118E+00
-3.13999E-07,1.118E+00
-3.12999E-07,1.118E+00
-3.11999E-07,1.118E+00
-3.10999E-07,1.126E+00
-3.09999E-07,1.126E+00
-3.08999E-07,1.118E+00
-3.07999E-07,1.118E+00
-3.06999E-07,1.118E+00
-3.05999E-07,1.118E+00
-3.04999E-07,1.126E+00
-3.03999E-07,1.118E+00
-3.02999E-07,1.118E+00
-3.01999E-07,1.118E+00
-3.00999E-07,1.126E+00
-2.99999E-07,1.126E+00
-2.98999E-07,1.118E+00
-2.97999E-07,1.118E+00
-2.96999E-07,1.126E+00
-2.95999E-07,1.126E+00
-2.94999E-07,1.126E+00
-2.93999E-07,1.126E+00
-2.92999E-07,1.126E+00
-2.91999E-07,1.126E+00
-2.90999E-07,1.126E+00
-2.89999E-07,1.126E+00
-2.88999E-07,1.126E+00
-2.87999E-07,1.118E+00
-2.86999E-07,1.126E+00
-2.85999E-07,1.126E+00
-2.84999E-07,1.126E+00
-2.83999E-07,1.118E+00
-2.82999E-07,1.118E+00
-2.81999E-07,1.118E+00
-2.80999E-07,1.118E+00
-2.79999E-07,1.118E+00
-2.78999E-07,1.118E+00
-2.77999E-07,1.118E+00
-2.76999E-07,1.118E+00
-2.75999E-07,1.118E+00
-2.74999E-07,1.118E+00
-2.73999E-07,1.110E+00
-2.72999E-07,1.118E+00
-2.71999E-07,1.118E+00
-2.70999E-07,1.118E+00
-2.69999E-07,1.126E+00
-2.68999E-07,1.126E+00
-2.67999E-07,1.118E+00
-2.66999E-07,1.118E+00
-2.65999E-07,1.118E+00
-2.64999E-07,1.126E+00
-2.63999E-07,1.126E+00
-2.62999E-07,1.118E+00
-2.61999E-07,1.118E+00
-2.60999E-07,1.118E+00
-2.59999E-07,1.118E+00
-2.58999E-07,1.110E+00
-2.57999E-07,1.118E+00
-2.56999E-07,1.118E+00
-2.55999E-07,1.126E+00
-2.54999E-07,1.118E+00
-2.53999E-07,1.126E+00
-2.52999E-07,1.118E+00
-2.51999E-07,1.110E+00
-2.50999E-07,1.118E+00
-2.49999E-07,1.118E+00
-2.48999E-07,1.118E+00
-2.47999E-07,1.118E+00
-2.46999E-07,1.126E+00
-2.45999E-07,1.126E+00
-2.44999E-07,1.118E+00
-2.43999E-07,1.118E+00
-2.42999E-07,1.118E+00
-2.41999E-07,1.118E+00
-2.40999E-07,1.118E+00
-2.39999E-07,1.118E+00
-2.38999E-07,1.110E+00
-2.37999E-07,1.118E+00
-2.36999E-07,1.118E+00
-2.35999E-07,1.126E+00
-2.34999E-07,1.126E+00
-2.33999E-07,1.118E+00
-2.32999E-07,1.118E+00
-2.31999E-07,1.118E+00
-2.30999E-07,1.126E+00
-2.29999E-07,1.118E+00
-2.28999E-07,1.126E+00
-2.27999E-07,1.118E+00
-2.26999E-07,1.118E+00
-2.25999E-07,1.118E+00
-2.24999E-07,1.126E+00
-2.23999E-07,1.126E+00
-2.22999E-07,1.118E+00
-2.21999E-07,1.118E+00
-2.20999E-07,1.118E+00
-2.19999E-07,1.118E+00
-2.18999E-07,1.126E+00
-2.17999E-07,1.118E+00
-2.16999E-07,1.126E+00
-2.15999E-07,1.126E+00
-2.14999E-07,1.126E+00
-2.13999E-07,1.118E+00
-2.12999E-07,1.118E+00
-2.11999E-07,1.126E+00
-2.10999E-07,1.118E+00
-2.09999E-07,1.118E+00
-2.08999E-07,1.118E+00
-2.07999E-07,1.110E+00
-2.06999E-07,1.110E+00
-2.05999E-07,1.126E+00
-2.04999E-07,1.126E+00
-2.03999E-07,1.118E+00
-2.02999E-07,1.126E+00
-2.01999E-07,1.126E+00
-2.00999E-07,1.126E+00
-1.99999E-07,1.126E+00
-1.98999E-07,1.118E+00
-1.97999E-07,1.118E+00
-1.96999E-07,1.126E+00
-1.95999E-07,1.126E+00
-1.94999E-07,1.126E+00
-1.93999E-07,1.118E+00
-1.92999E-07,1.118E+00
-1.91999E-07,1.118E+00
-1.90999E-07,1.126E+00
-1.89999E-07,1.126E+00
-1.88999E-07,1.126E+00
-1.87999E-07,1.118E+00
-1.86999E-07,1.118E+00
-1.85999E-07,1.126E+00
-1.84999E-07,1.126E+00
-1.83999E-07,1.126E+00
-1.82999E-07,1.126E+00
-1.81999E-07,1.126E+00
-1.80999E-07,1.126E+00
-1.79999E-07,1.118E+00
-1.78999E-07,1.118E+00
-1.77999E-07,1.118E+00
-1.76999E-07,1.118E+00
-1.75999E-07,1.126E+00
-1.74999E-07,1.126E+00
-1.73999E-07,1.118E+00
-1.72999E-07,1.110E+00
-1.71999E-07,1.118E+00
-1.70999E-07,1.126E+00
-1.69999E-07,1.118E+00
-1.68999E-07,1.118E+00
-1.67999E-07,1.118E+00
-1.66999E-07,1.118E+00
-1.65999E-07,1.126E+00
-1.64999E-07,1.126E+00
-1.63999E-07,1.126E+00
-1.62999E-07,1.118E+00
-1.61999E-07,1.126E+00
-1.60999E-07,1.126E+00
-1.59999E-07,1.126E+00
-1.58999E-07,1.126E+00
-1.57999E-07,1.126E+00
-1.56999E-07,1.126E+00
-1.55999E-07,1.126E+00
-1.54999E-07,1.126E+00
-1.53999E-07,1.126E+00
-1.52999E-07,1.118E+00
-1.51999E-07,1.118E+00
-1.50999E-07,1.126E+00
-1.49999E-07,1.118E+00
-1.48999E-07,1.126E+00
-1.47999E-07,1.118E+00
-1.46999E-07,1.118E+00
-1.45999E-07,1.118E+00
-1.44999E-07,1.126E+00
-1.43999E-07,1.118E+00
-1.42999E-07,1.110E+00
-1.41999E-07,1.118E+00
-1.40999E-07,1.118E+00
-1.39999E-07,1.118E+00
-1.38999E-07,1.118E+00
-1.37999E-07,1.118E+00
-1.36999E-07,1.126E+00
-1.35999E-07,1.126E+00
-1.34999E-07,1.126E+00
-1.33999E-07,1.118E+00
-1.32999E-07,1.118E+00
-1.31999E-07,1.118E+00
-1.30999E-07,1.118E+00
-1.29999E-07,1.118E+00
-1.28999E-07,1.118E+00
-1.27999E-07,1.118E+00
-1.26999E-07,1.118E+00
-1.25999E-07,1.126E+00
-1.24999E-07,1.126E+00
-1.23999E-07,1.126E+00
-1.22999E-07,1.126E+00
-1.21999E-07,1.126E+00
-1.20999E-07,1.126E+00
-1.19999E-07,1.126E+00
-1.18999E-07,1.126E+00
-1.17999E-07,1.126E+00
-1.16999E-07,1.126E+00
-1.15999E-07,1.126E+00
-1.14999E-07,1.118E+00
-1.13999E-07,1.118E+00
-1.12999E-07,1.118E+00
-1.11999E-07,1.118E+00
-1.10999E-07,1.118E+00
-1.09999E-07,1.118E+00
-1.08999E-07,1.110E+00
-1.07999E-07,1.110E+00
-1.06999E-07,1.110E+00
-1.05999E-07,1.118E+00
-1.04999E-07,1.118E+00
-1.03999E-07,1.118E+00
-1.02999E-07,1.110E+00
-1.01999E-07,1.110E+00
-1.00999E-07,1.118E+00
-9.99993E-08,1.126E+00
-9.89993E-08,1.126E+00
-9.79993E-08,1.118E+00
-9.69993E-08,1.118E+00
-9.59993E-08,1.118E+00
-9.49993E-08,1.118E+00
-9.39993E-08,1.126E+00
-9.29993E-08,1.118E+00
-9.19993E-08,1.118E+00
-9.09993E-08,1.118E+00
-8.99993E-08,1.118E+00
-8.89993E-08,1.118E+00
-8.79993E-08,1.110E+00
-8.69993E-08,1.118E+00
-8.59993E-08,1.118E+00
-8.49993E-08,1.126E+00
-8.39993E-08,1.126E+00
-8.29993E-08,1.118E+00
-8.19993E-08,1.126E+00
-8.09993E-08,1.126E+00
-7.99993E-08,1.126E+00
-7.89993E-08,1.118E+00
-7.79993E-08,1.118E+00
-7.69993E-08,1.126E+00
-7.59993E-08,1.134E+00
-7.49993E-08,1.118E+00
-7.39993E-08,1.118E+00
-7.29993E-08,1.118E+00
-7.19993E-08,1.118E+00
-7.09993E-08,1.118E+00
-6.99993E-08,1.118E+00
-6.89993E-08,1.118E+00
-6.79993E-08,1.118E+00
-6.69993E-08,1.118E+00
-6.59993E-08,1.126E+00
-6.49993E-08,1.126E+00
-6.39993E-08,1.126E+00
-6.29993E-08,1.118E+00
-6.19993E-08,1.126E+00
-6.09993E-08,1.126E+00
-5.99993E-08,1.118E+00
-5.89993E-08,1.126E+00
-5.79993E-08,1.118E+00
-5.69993E-08,1.126E+00
-5.59993E-08,1.126E+00
-5.49993E-08,1.126E+00
-5.39993E-08,1.126E+00
-5.29993E-08,1.118E+00
-5.19993E-08,1.126E+00
-5.09993E-08,1.118E+00
-4.99993E-08,1.126E+00
-4.89993E-08,1.118E+00
-4.79993E-08,1.126E+00
-4.69993E-08,1.126E+00
-4.59993E-08,1.126E+00
-4.49993E-08,1.118E+00
-4.39993E-08,1.126E+00
-4.29993E-08,1.118E+00
-4.19993E-08,1.126E+00
-4.09993E-08,1.118E+00
-3.99993E-08,1.118E+00
-3.89993E-08,1.118E+00
-3.79993E-08,1.118E+00
-3.69993E-08,1.126E+00
-3.59993E-08,1.126E+00
-3.49993E-08,1.126E+00
-3.39993E-08,1.118E+00
-3.29993E-08,1.110E+00
-3.19993E-08,1.118E+00
-3.09993E-08,1.126E+00
-2.99993E-08,1.126E+00
-2.89993E-08,1.126E+00
-2.79993E-08,1.110E+00
-2.69993E-08,1.118E+00
-2.59993E-08,1.118E+00
-2.49993E-08,1.126E+00
-2.39993E-08,1.126E+00
-2.29993E-08,1.126E+00
-2.19993E-08,1.126E+00
-2.09993E-08,1.118E+00
-1.99993E-08,1.126E+00
-1.89993E-08,1.126E+00
-1.79993E-08,1.126E+00
-1.69993E-08,1.126E+00
-1.59993E-08,1.126E+00
-1.49993E-08,1.126E+00
-1.39993E-08,1.118E+00
-1.29993E-08,1.126E+00
-1.19993E-08,1.134E+00
-1.09993E-08,1.142E+00
-9.99927E-09,1.150E+00
-8.99927E-09,1.158E+00
-7.99927E-09,1.166E+00
-6.99927E-09,1.174E+00
-5.99927E-09,1.190E+00
-4.99927E-09,1.214E+00
-3.99927E-09,1.238E+00
-2.99927E-09,1.246E+00
-1.99927E-09,1.262E+00
-9.99272E-10,1.286E+00
7.28306E-13,1.318E+00
1.00073E-09,1.342E+00
2.00073E-09,1.358E+00
3.00073E-09,1.390E+00
4.00073E-09,1.406E+00
5.00073E-09,1.422E+00
6.00073E-09,1.438E+00
7.00073E-09,1.446E+00
8.00073E-09,1.470E+00
9.00073E-09,1.486E+00
1.00007E-08,1.494E+00
1.10007E-08,1.502E+00
1.20007E-08,1.510E+00
1.30007E-08,1.518E+00
1.40007E-08,1.526E+00
1.50007E-08,1.534E+00
1.60007E-08,1.534E+00
1.70007E-08,1.534E+00
1.80007E-08,1.542E+00
1.90007E-08,1.542E+00
2.00007E-08,1.542E+00
2.10007E-08,1.542E+00
2.20007E-08,1.534E+00
2.30007E-08,1.550E+00
2.40007E-08,1.558E+00
2.50007E-08,1.558E+00
2.60007E-08,1.558E+00
2.70007E-08,1.574E+00
2.80007E-08,1.582E+00
2.90007E-08,1.582E+00
3.00007E-08,1.590E+00
3.10007E-08,1.590E+00
3.20007E-08,1.590E+00
3.30007E-08,1.598E+00
3.40007E-08,1.606E+00
3.50007E-08,1.614E+00
3.60007E-08,1.606E+00
3.70007E-08,1.606E+00
3.80007E-08,1.606E+00
3.90007E-08,1.606E+00
4.00007E-08,1.598E+00
4.10007E-08,1.590E+00
4.20007E-08,1.590E+00
4.30007E-08,1.590E+00
4.40007E-08,1.590E+00
4.50007E-08,1.590E+00
4.60007E-08,1.574E+00
4.70007E-08,1.574E+00
4.80007E-08,1.574E+00
4.90007E-08,1.574E+00
5.00007E-08,1.574E+00
5.10007E-08,1.574E+00
5.20007E-08,1.574E+00
5.30007E-08,1.574E+00
5.40007E-08,1.574E+00
5.50007E-08,1.582E+00
5.60007E-08,1.590E+00
5.70007E-08,1.582E+00
5.80007E-08,1.582E+00
5.90007E-08,1.582E+00
6.00007E-08,1.598E+00
6.10007E-08,1.606E+00
6.20007E-08,1.606E+00
6.30007E-08,1.606E+00
6.40007E-08,1.606E+00
6.50007E-08,1.606E+00
6.60007E-08,1.606E+00
6.70007E-08,1.598E+00
6.80007E-08,1.590E+00
6.90007E-08,1.598E+00
7.00007E-08,1.590E+00
7.10007E-08,1.590E+00
7.20007E-08,1.590E+00
7.30007E-08,1.590E+00
7.40007E-08,1.590E+00
7.50007E-08,1.590E+00
7.60007E-08,1.590E+00
7.70007E-08,1.582E+00
7.80007E-08,1.582E+00
7.90007E-08,1.590E+00
8.00007E-08,1.590E+00
8.10007E-08,1.582E+00
8.20007E-08,1.582E+00
8.30007E-08,1.582E+00
8.40007E-08,1.590E+00
8.50007E-08,1.598E+00
8.60007E-08,1.598E+00
8.70007E-08,1.598E+00
8.80007E-08,1.606E+00
8.90007E-08,1.606E+00
9.00007E-08,1.598E+00
9.10007E-08,1.598E+00
9.20007E-08,1.598E+00
9.30007E-08,1.606E+00
9.40007E-08,1.606E+00
9.50007E-08,1.606E+00
9.60007E-08,1.598E+00
9.70007E-08,1.598E+00
9.80007E-08,1.598E+00
9.90007E-08,1.598E+00
1.00001E-07,1.598E+00
1.01001E-07,1.590E+00
1.02001E-07,1.590E+00
1.03001E-07,1.598E+00
1.04001E-07,1.590E+00
1.05001E-07,1.590E+00
1.06001E-07,1.598E+00
1.07001E-07,1.598E+00
1.08001E-07,1.590E+00
1.09001E-07,1.590E+00
1.10001E-07,1.598E+00
1.11001E-07,1.590E+00
1.12001E-07,1.590E+00
1.13001E-07,1.598E+00
1.14001E-07,1.606E+00
1.15001E-07,1.606E+00
1.16001E-07,1.606E+00
1.17001E-07,1.598E+00
1.18001E-07,1.598E+00
1.19001E-07,1.598E+00
1.20001E-07,1.606E+00
1.21001E-07,1.598E+00
1.22001E-07,1.598E+00
1.23001E-07,1.598E+00
1.24001E-07,1.606E+00
1.25001E-07,1.606E+00
1.26001E-07,1.606E+00
1.27001E-07,1.598E+00
1.28001E-07,1.606E+00
1.29001E-07,1.606E+00
1.30001E-07,1.598E+00
1.31001E-07,1.590E+00
1.32001E-07,1.590E+00
1.33001E-07,1.590E+00
1.34001E-07,1.590E+00
1.35001E-07,1.590E+00
1.36001E-07,1.598E+00
1.37001E-07,1.598E+00
1.38001E-07,1.598E+00
1.39001E-07,1.598E+00
1.40001E-07,1.598E+00
1.41001E-07,1.598E+00
1.42001E-07,1.598E+00
1.43001E-07,1.598E+00
1.44001E-07,1.598E+00
1.45001E-07,1.606E+00
1.46001E-07,1.598E+00
1.47001E-07,1.598E+00
1.48001E-07,1.606E+00
1.49001E-07,1.606E+00
1.50001E-07,1.606E+00
1.51001E-07,1.606E+00
1.52001E-07,1.606E+00
1.53001E-07,1.606E+00
1.54001E-07,1.606E+00
1.55001E-07,1.598E+00
1.56001E-07,1.598E+00
1.57001E-07,1.590E+00
1.58001E-07,1.598E+00
1.59001E-07,1.590E+00
1.60001E-07,1.590E+00
1.61001E-07,1.590E+00
1.62001E-07,1.590E+00
1.63001E-07,1.598E+00
1.64001E-07,1.598E+00
1.65001E-07,1.598E+00
1.66001E-07,1.598E+00
1.67001E-07,1.598E+00
1.68001E-07,1.598E+00
1.69001E-07,1.606E+00
1.70001E-07,1.598E+00
1.71001E-07,1.598E+00
1.72001E-07,1.598E+00
1.73001E-07,1.598E+00
1.74001E-07,1.598E+00
1.75001E-07,1.590E+00
1.76001E-07,1.598E+00
1.77001E-07,1.598E+00
1.78001E-07,1.598E+00
1.79001E-07,1.598E+00
1.80001E-07,1.598E+00
1.81001E-07,1.598E+00
1.82001E-07,1.598E+00
1.83001E-07,1.598E+00
1.84001E-07,1.598E+00
1.85001E-07,1.598E+00
1.86001E-07,1.598E+00
1.87001E-07,1.598E+00
1.88001E-07,1.598E+00
1.89001E-07,1.598E+00
1.90001E-07,1.598E+00
1.91001E-07,1.598E+00
1.92001E-07,1.590E+00
1.93001E-07,1.598E+00
1.94001E-07,1.598E+00
1.95001E-07,1.598E+00
1.96001E-07,1.598E+00
1.97001E-07,1.598E+00
1.98001E-07,1.598E+00
1.99001E-07,1.598E+00
2.00001E-07,1.598E+00
2.01001E-07,1.598E+00
2.02001E-07,1.598E+00
2.03001E-07,1.606E+00
2.04001E-07,1.606E+00
2.05001E-07,1.606E+00
2.06001E-07,1.598E+00
2.07001E-07,1.598E+00
2.08001E-07,1.606E+00
2.09001E-07,1.598E+00
2.10001E-07,1.598E+00
2.11001E-07,1.598E+00
2.12001E-07,1.598E+00
2.13001E-07,1.598E+00
2.14001E-07,1.598E+00
2.15001E-07,1.606E+00
2.16001E-07,1.598E+00
2.17001E-07,1.598E+00
2.18001E-07,1.582E+00
2.19001E-07,1.590E+00
2.20001E-07,1.590E+00
2.21001E-07,1.598E+00
2.22001E-07,1.598E+00
2.23001E-07,1.598E+00
2.24001E-07,1.598E+00
2.25001E-07,1.606E+00
2.26001E-07,1.606E+00
2.27001E-07,1.606E+00
2.28001E-07,1.598E+00
2.29001E-07,1.606E+00
2.30001E-07,1.598E+00
2.31001E-07,1.598E+00
2.32001E-07,1.598E+00
2.33001E-07,1.598E+00
2.34001E-07,1.606E+00
2.35001E-07,1.606E+00
2.36001E-07,1.598E+00
2.37001E-07,1.598E+00
2.38001E-07,1.598E+00
2.39001E-07,1.598E+00
2.40001E-07,1.590E+00
2.41001E-07,1.590E+00
2.42001E-07,1.590E+00
2.43001E-07,1.598E+00
2.44001E-07,1.598E+00
2.45001E-07,1.598E+00
2.46001E-07,1.590E+00
2.47001E-07,1.590E+00
2.48001E-07,1.598E+00
2.49001E-07,1.598E+00
2.50001E-07,1.598E+00
2.51001E-07,1.590E+00
2.52001E-07,1.598E+00
2.53001E-07,1.598E+00
2.54001E-07,1.598E+00
2.55001E-07,1.598E+00
2.56001E-07,1.598E+00
2.57001E-07,1.598E+00
2.58001E-07,1.598E+00
2.59001E-07,1.606E+00
2.60001E-07,1.606E+00
2.61001E-07,1.598E+00
2.62001E-07,1.598E+00
2.63001E-07,1.606E+00
2.64001E-07,1.606E+00
2.65001E-07,1.598E+00
2.66001E-07,1.598E+00
2.67001E-07,1.598E+00
2.68001E-07,1.598E+00
2.69001E-07,1.598E+00
2.70001E-07,1.606E+00
2.71001E-07,1.598E+00
2.72001E-07,1.598E+00
2.73001E-07,1.598E+00
2.74001E-07,1.606E+00
2.75001E-07,1.598E+00
2.76001E-07,1.598E+00
2.77001E-07,1.598E+00
2.78001E-07,1.590E+00
2.79001E-07,1.598E+00
2.80001E-07,1.598E+00
2.81001E-07,1.598E+00
2.82001E-07,1.590E+00
2.83001E-07,1.598E+00
2.84001E-07,1.606E+00
2.85001E-07,1.614E+00
2.86001E-07,1.614E+00
2.87001E-07,1.606E+00
2.88001E-07,1.598E+00
2.89001E-07,1.606E+00
2.90001E-07,1.606E+00
2.91001E-07,1.598E+00
2.92001E-07,1.590E+00
2.93001E-07,1.590E+00
2.94001E-07,1.598E+00
2.95001E-07,1.598E+00
2.96001E-07,1.606E+00
2.97001E-07,1.598E+00
2.98001E-07,1.598E+00
2.99001E-07,1.598E+00
3.00001E-07,1.598E+00
3.01001E-07,1.598E+00
3.02001E-07,1.590E+00
3.03001E-07,1.590E+00
3.04001E-07,1.590E+00
3.05001E-07,1.590E+00
3.06001E-07,1.598E+00
3.07001E-07,1.598E+00
3.08001E-07,1.598E+00
3.09001E-07,1.598E+00
3.10001E-07,1.598E+00
3.11001E-07,1.590E+00
3.12001E-07,1.598E+00
3.13001E-07,1.598E+00
3.14001E-07,1.598E+00
3.15001E-07,1.598E+00
3.16001E-07,1.598E+00
3.17001E-07,1.606E+00
3.18001E-07,1.606E+00
3.19001E-07,1.598E+00
3.20001E-07,1.606E+00
3.21001E-07,1.598E+00
3.22001E-07,1.590E+00
3.23001E-07,1.598E+00
3.24001E-07,1.598E+00
3.25001E-07,1.598E+00
3.26001E-07,1.590E+00
3.27001E-07,1.590E+00
3.28001E-07,1.590E+00
3.29001E-07,1.598E+00
3.30001E-07,1.598E+00
3.31001E-07,1.598E+00
3.32001E-07,1.598E+00
3.33001E-07,1.598E+00
3.34001E-07,1.606E+00
3.35001E-07,1.606E+00
3.36001E-07,1.606E+00
3.37001E-07,1.598E+00
3.38001E-07,1.598E+00
3.39001E-07,1.598E+00
3.40001E-07,1.598E+00
3.41001E-07,1.598E+00
3.42001E-07,1.590E+00
3.43001E-07,1.598E+00
3.44001E-07,1.598E+00
3.45001E-07,1.598E+00
3.46001E-07,1.598E+00
3.47001E-07,1.598E+00
3.48001E-07,1.606E+00
3.49001E-07,1.598E+00
3.50001E-07,1.598E+00
3.51001E-07,1.598E+00
3.52001E-07,1.598E+00
3.53001E-07,1.598E+00
3.54001E-07,1.606E+00
3.55001E-07,1.598E+00
3.56001E-07,1.598E+00
3.57001E-07,1.598E+00
3.58001E-07,1.598E+00
3.59001E-07,1.606E+00
3.60001E-07,1.606E+00
3.61001E-07,1.598E+00
3.62001E-07,1.598E+00
3.63001E-07,1.606E+00
3.64001E-07,1.606E+00
3.65001E-07,1.606E+00
3.66001E-07,1.606E+00
3.67001E-07,1.598E+00
3.68001E-07,1.598E+00
3.69001E-07,1.606E+00
3.70001E-07,1.606E+00
3.71001E-07,1.598E+00
3.72001E-07,1.598E+00
3.73001E-07,1.606E+00
3.74001E-07,1.590E+00
3.75001E-07,1.598E+00
3.76001E-07,1.598E+00
3.77001E-07,1.598E+00
3.78001E-07,1.598E+00
3.79001E-07,1.598E+00
3.80001E-07,1.598E+00
3.81001E-07,1.598E+00
3.82001E-07,1.590E+00
3.83001E-07,1.590E+00
3.84001E-07,1.598E+00
3.85001E-07,1.598E+00
3.86001E-07,1.598E+00
3.87001E-07,1.606E+00
3.88001E-07,1.606E+00
3.89001E-07,1.590E+00
3.90001E-07,1.598E+00
3.91001E-07,1.598E+00
3.92001E-07,1.598E+00
3.93001E-07,1.590E+00
3.94001E-07,1.598E+00
3.95001E-07,1.606E+00
3.96001E-07,1.606E+00
3.97001E-07,1.598E+00
3.98001E-07,1.598E+00
3.99001E-07,1.598E+00
4.00001E-07,1.598E+00
4.01001E-07,1.590E+00
4.02001E-07,1.598E+00
4.03001E-07,1.606E+00
4.04001E-07,1.606E+00
4.05001E-07,1.606E+00
4.06001E-07,1.598E+00
4.07001E-07,1.598E+00
4.08001E-07,1.598E+00
4.09001E-07,1.590E+00
4.10001E-07,1.598E+00
4.11001E-07,1.598E+00
4.12001E-07,1.598E+00
4.13001E-07,1.598E+00
4.14001E-07,1.606E+00
4.15001E-07,1.598E+00
4.16001E-07,1.598E+00
4.17001E-07,1.598E+00
4.18001E-07,1.598E+00
4.19001E-07,1.606E+00
4.20001E-07,1.606E+00
4.21001E-07,1.598E+00
4.22001E-07,1.598E+00
4.23001E-07,1.598E+00
4.24001E-07,1.606E+00
4.25001E-07,1.606E+00
4.26001E-07,1.598E+00
4.27001E-07,1.598E+00
4.28001E-07,1.590E+00
4.29001E-07,1.590E+00
4.30001E-07,1.598E+00
4.31001E-07,1.598E+00
4.32001E-07,1.598E+00
4.33001E-07,1.606E+00
4.34001E-07,1.606E+00
4.35001E-07,1.598E+00
4.36001E-07,1.606E+00
4.37001E-07,1.598E+00
4.38001E-07,1.598E+00
4.39001E-07,1.606E+00
4.40001E-07,1.598E+00
4.41001E-07,1.598E+00
4.42001E-07,1.598E+00
4.43001E-07,1.598E+00
4.44001E-07,1.598E+00
4.45001E-07,1.598E+00
4.46001E-07,1.598E+00
4.47001E-07,1.598E+00
4.48001E-07,1.598E+00
4.49001E-07,1.606E+00
4.50001E-07,1.606E+00
4.51001E-07,1.598E+00
4.52001E-07,1.590E+00
4.53001E-07,1.598E+00
4.54001E-07,1.598E+00
4.55001E-07,1.598E+00
4.56001E-07,1.598E+00
4.57001E-07,1.598E+00
4.58001E-07,1.598E+00
4.59001E-07,1.606E+00
4.60001E-07,1.598E+00
4.61001E-07,1.598E+00
4.62001E-07,1.598E+00
4.63001E-07,1.598E+00
4.64001E-07,1.598E+00
4.65001E-07,1.606E+00
4.66001E-07,1.598E+00
4.67001E-07,1.598E+00
4.68001E-07,1.598E+00
4.69001E-07,1.598E+00
4.70001E-07,1.590E+00
4.71001E-07,1.598E+00
4.72001E-07,1.590E+00
4.73001E-07,1.606E+00
4.74001E-07,1.606E+00
4.75001E-07,1.598E+00
4.76001E-07,1.598E+00
4.77001E-07,1.598E+00
4.78001E-07,1.590E+00
4.79001E-07,1.606E+00
4.80001E-07,1.606E+00
4.81001E-07,1.598E+00
4.82001E-07,1.598E+00
4.83001E-07,1.598E+00
4.84001E-07,1.590E+00
4.85001E-07,1.598E+00
4.86001E-07,1.590E+00
4.87001E-07,1.590E+00
4.88001E-07,1.598E+00
4.89001E-07,1.598E+00
4.90001E-07,1.606E+00
4.91001E-07,1.606E+00
4.92001E-07,1.598E+00
4.93001E-07,1.590E+00
4.94001E-07,1.598E+00
4.95001E-07,1.598E+00
4.96001E-07,1.598E+00
4.97001E-07,1.598E+00
4.98001E-07,1.606E+00
4.99001E-07,1.606E+00
5.00001E-07,1.598E+00
5.01001E-07,1.606E+00
5.02001E-07,1.598E+00
5.03001E-07,1.606E+00
5.04001E-07,1.606E+00
5.05001E-07,1.606E+00
5.06001E-07,1.606E+00
5.07001E-07,1.606E+00
5.08001E-07,1.598E+00
5.09001E-07,1.598E+00
5.10001E-07,1.598E+00
5.11001E-07,1.598E+00
5.12001E-07,1.598E+00
5.13001E-07,1.598E+00
5.14001E-07,1.606E+00
5.15001E-07,1.606E+00
5.16001E-07,1.598E+00
5.17001E-07,1.598E+00
5.18001E-07,1.598E+00
5.19001E-07,1.598E+00
5.20001E-07,1.598E+00
5.21001E-07,1.598E+00
5.22001E-07,1.598E+00
5.23001E-07,1.606E+00
5.24001E-07,1.606E+00
5.25001E-07,1.606E+00
5.26001E-07,1.606E+00
5.27001E-07,1.598E+00
5.28001E-07,1.598E+00
5.29001E-07,1.598E+00
5.30001E-07,1.606E+00
5.31001E-07,1.598E+00
5.32001E-07,1.598E+00
5.33001E-07,1.598E+00
5.34001E-07,1.598E+00
5.35001E-07,1.598E+00
5.36001E-07,1.598E+00
5.37001E-07,1.598E+00
5.38001E-07,1.598E+00
5.39001E-07,1.598E+00
5.40001E-07,1.590E+00
5.41001E-07,1.590E+00
5.42001E-07,1.590E+00
5.43001E-07,1.598E+00
5.44001E-07,1.598E+00
5.45001E-07,1.598E+00
5.46001E-07,1.598E+00
5.47001E-07,1.598E+00
5.48001E-07,1.598E+00
5.49001E-07,1.598E+00
5.50001E-07,1.598E+00
5.51001E-07,1.598E+00
5.52001E-07,1.598E+00
5.53001E-07,1.598E+00
5.54001E-07,1.598E+00
5.55001E-07,1.598E+00
5.56001E-07,1.590E+00
5.57001E-07,1.590E+00
5.58001E-07,1.598E+00
5.59001E-07,1.598E+00
5.60001E-07,1.598E+00
5.61001E-07,1.598E+00
5.62001E-07,1.598E+00
5.63001E-07,1.598E+00
5.64001E-07,1.598E+00
5.65001E-07,1.606E+00
5.66001E-07,1.598E+00
5.67001E-07,1.598E+00
5.68001E-07,1.598E+00
5.69001E-07,1.598E+00
5.70001E-07,1.598E+00
5.71001E-07,1.598E+00
5.72001E-07,1.598E+00
5.73001E-07,1.606E+00
5.74001E-07,1.606E+00
5.75001E-07,1.606E+00
5.76001E-07,1.598E+00
5.77001E-07,1.598E+00
5.78001E-07,1.598E+00
5.79001E-07,1.598E+00
5.80001E-07,1.598E+00
5.81001E-07,1.598E+00
5.82001E-07,1.598E+00
5.83001E-07,1.598E+00
5.84001E-07,1.598E+00
5.85001E-07,1.598E+00
5.86001E-07,1.606E+00
5.87001E-07,1.598E+00
5.88001E-07,1.598E+00
5.89001E-07,1.606E+00
5.90001E-07,1.598E+00
5.91001E-07,1.598E+00
5.92001E-07,1.598E+00
5.93001E-07,1.606E+00
5.94001E-07,1.598E+00
5.95001E-07,1.598E+00
5.96001E-07,1.598E+00
5.97001E-07,1.598E+00
5.98001E-07,1.598E+00
5.99001E-07,1.598E+00
6.00001E-07,1.598E+00
6.01001E-07,1.590E+00
6.02001E-07,1.598E+00
6.03001E-07,1.598E+00
6.04001E-07,1.598E+00
6.05001E-07,1.606E+00
6.06001E-07,1.598E+00
6.07001E-07,1.598E+00
6.08001E-07,1.598E+00
6.09001E-07,1.598E+00
6.10001E-07,1.598E+00
6.11001E-07,1.598E+00
6.12001E-07,1.598E+00
6.13001E-07,1.598E+00
6.14001E-07,1.606E+00
6.15001E-07,1.606E+00
6.16001E-07,1.606E+00
6.17001E-07,1.598E+00
6.18001E-07,1.598E+00
6.19001E-07,1.598E+00
6.20001E-07,1.598E+00
6.21001E-07,1.598E+00
6.22001E-07,1.598E+00
6.23001E-07,1.606E+00
6.24001E-07,1.606E+00
6.25001E-07,1.606E+00
6.26001E-07,1.598E+00
6.27001E-07,1.598E+00
6.28001E-07,1.598E+00
6.29001E-07,1.590E+00
6.30001E-07,1.598E+00
6.31001E-07,1.598E+00
6.32001E-07,1.590E+00
6.33001E-07,1.598E+00
6.34001E-07,1.606E+00
6.35001E-07,1.606E+00
6.36001E-07,1.606E+00
6.37001E-07,1.598E+00
6.38001E-07,1.598E+00
6.39001E-07,1.598E+00
6.40001E-07,1.598E+00
6.41001E-07,1.606E+00
6.42001E-07,1.598E+00
6.43001E-07,1.606E+00
6.44001E-07,1.598E+00
6.45001E-07,1.598E+00
6.46001E-07,1.598E+00
6.47001E-07,1.590E+00
6.48001E-07,1.590E+00
6.49001E-07,1.598E+00
6.50001E-07,1.598E+00
6.51001E-07,1.590E+00
6.52001E-07,1.598E+00
6.53001E-07,1.598E+00
6.54001E-07,1.598E+00
6.55001E-07,1.606E+00
6.56001E-07,1.598E+00
6.57001E-07,1.598E+00
6.58001E-07,1.598E+00
6.59001E-07,1.598E+00
6.60001E-07,1.598E+00
6.61001E-07,1.590E+00
6.62001E-07,1.590E+00
6.63001E-07,1.598E+00
6.64001E-07,1.598E+00
6.65001E-07,1.606E+00
6.66001E-07,1.606E+00
6.67001E-07,1.598E+00
6.68001E-07,1.598E+00
6.69001E-07,1.598E+00
6.70001E-07,1.598E+00
6.71001E-07,1.598E+00
6.72001E-07,1.598E+00
6.73001E-07,1.598E+00
6.74001E-07,1.606E+00
6.75001E-07,1.606E+00
6.76001E-07,1.606E+00
6.77001E-07,1.598E+00
6.78001E-07,1.598E+00
6.79001E-07,1.598E+00
6.80001E-07,1.598E+00
6.81001E-07,1.598E+00
6.82001E-07,1.598E+00
6.83001E-07,1.598E+00
6.84001E-07,1.598E+00
6.85001E-07,1.598E+00
6.86001E-07,1.598E+00
6.87001E-07,1.590E+00
6.88001E-07,1.590E+00
6.89001E-07,1.590E+00
6.90001E-07,1.598E+00
6.91001E-07,1.590E+00
6.92001E-07,1.590E+00
6.93001E-07,1.598E+00
6.94001E-07,1.598E+00
6.95001E-07,1.598E+00
6.96001E-07,1.598E+00
6.97001E-07,1.598E+00
6.98001E-07,1.598E+00
6.99001E-07,1.598E+00
7.00001E-07,1.598E+00
7.01001E-07,1.590E+00
7.02001E-07,1.598E+00
7.03001E-07,1.598E+00
7.04001E-07,1.598E+00
7.05001E-07,1.598E+00
7.06001E-07,1.598E+00
7.07001E-07,1.598E+00
7.08001E-07,1.598E+00
7.09001E-07,1.606E+00
7.10001E-07,1.598E+00
7.11001E-07,1.598E+00
7.12001E-07,1.606E+00
7.13001E-07,1.598E+00
7.14001E-07,1.598E+00
7.15001E-07,1.598E+00
7.16001E-07,1.598E+00
7.17001E-07,1.590E+00
7.18001E-07,1.606E+00
7.19001E-07,1.606E+00
7.20001E-07,1.598E+00
7.21001E-07,1.590E+00
7.22001E-07,1.598E+00
7.23001E-07,1.598E+00
7.24001E-07,1.598E+00
7.25001E-07,1.606E+00
7.26001E-07,1.598E+00
7.27001E-07,1.598E+00
7.28001E-07,1.598E+00
7.29001E-07,1.598E+00
7.30001E-07,1.598E+00
7.31001E-07,1.598E+00
7.32001E-07,1.606E+00
7.33001E-07,1.606E+00
7.34001E-07,1.606E+00
7.35001E-07,1.606E+00
7.36001E-07,1.598E+00
7.37001E-07,1.598E+00
7.38001E-07,1.598E+00
7.39001E-07,1.606E+00
7.40001E-07,1.598E+00
7.41001E-07,1.590E+00
7.42001E-07,1.598E+00
7.43001E-07,1.598E+00
7.44001E-07,1.606E+00
7.45001E-07,1.606E+00
7.46001E-07,1.598E+00
7.47001E-07,1.606E+00
7.48001E-07,1.598E+00
7.49001E-07,1.598E+00
7.50001E-07,1.598E+00
7.51001E-07,1.598E+00
7.52001E-07,1.598E+00
7.53001E-07,1.606E+00
7.54001E-07,1.606E+00
7.55001E-07,1.614E+00
7.56001E-07,1.606E+00
7.57001E-07,1.598E+00
7.58001E-07,1.598E+00
7.59001E-07,1.598E+00
7.60001E-07,1.590E+00
7.61001E-07,1.598E+00
7.62001E-07,1.598E+00
7.63001E-07,1.598E+00
7.64001E-07,1.606E+00
7.65001E-07,1.598E+00
7.66001E-07,1.598E+00
7.67001E-07,1.598E+00
7.68001E-07,1.598E+00
7.69001E-07,1.598E+00
7.70001E-07,1.598E+00
7.71001E-07,1.598E+00
7.72001E-07,1.598E+00
7.73001E-07,1.598E+00
7.74001E-07,1.598E+00
7.75001E-07,1.606E+00
7.76001E-07,1.598E+00
7.77001E-07,1.606E+00
7.78001E-07,1.598E+00
7.79001E-07,1.598E+00
7.80001E-07,1.598E+00
7.81001E-07,1.590E+00
7.82001E-07,1.598E+00
7.83001E-07,1.598E+00
7.84001E-07,1.598E+00
7.85001E-07,1.598E+00
7.86001E-07,1.598E+00
7.87001E-07,1.598E+00
7.88001E-07,1.598E+00
7.89001E-07,1.598E+00
7.90001E-07,1.598E+00
7.91001E-07,1.598E+00
7.92001E-07,1.598E+00
7.93001E-07,1.598E+00
7.94001E-07,1.598E+00
7.95001E-07,1.598E+00
7.96001E-07,1.598E+00
7.97001E-07,1.598E+00
7.98001E-07,1.598E+00
7.99001E-07,1.598E+00
8.00001E-07,1.598E+00
8.01001E-07,1.598E+00
8.02001E-07,1.598E+00
8.03001E-07,1.598E+00
8.04001E-07,1.598E+00
8.05001E-07,1.606E+00
8.06001E-07,1.606E+00
8.07001E-07,1.606E+00
8.08001E-07,1.598E+00
8.09001E-07,1.590E+00
8.10001E-07,1.598E+00
8.11001E-07,1.598E+00
8.12001E-07,1.598E+00
8.13001E-07,1.598E+00
8.14001E-07,1.606E+00
8.15001E-07,1.598E+00
8.16001E-07,1.598E+00
8.17001E-07,1.598E+00
8.18001E-07,1.606E+00
8.19001E-07,1.598E+00
8.20001E-07,1.606E+00
8.21001E-07,1.598E+00
8.22001E-07,1.598E+00
8.23001E-07,1.590E+00
8.24001E-07,1.598E+00
8.25001E-07,1.598E+00
8.26001E-07,1.590E+00
8.27001E-07,1.598E+00
8.28001E-07,1.598E+00
8.29001E-07,1.606E+00
8.30001E-07,1.606E+00
8.31001E-07,1.598E+00
8.32001E-07,1.598E+00
8.33001E-07,1.606E+00
8.34001E-07,1.614E+00
8.35001E-07,1.606E+00
8.36001E-07,1.598E+00
8.37001E-07,1.598E+00
8.38001E-07,1.598E+00
8.39001E-07,1.598E+00
8.40001E-07,1.598E+00
8.41001E-07,1.598E+00
8.42001E-07,1.598E+00
8.43001E-07,1.606E+00
8.44001E-07,1.598E+00
8.45001E-07,1.598E+00
8.46001E-07,1.598E+00
8.47001E-07,1.590E+00
8.48001E-07,1.598E+00
8.49001E-07,1.590E+00
8.50001E-07,1.598E+00
8.51001E-07,1.590E+00
8.52001E-07,1.598E+00
8.53001E-07,1.590E+00
8.54001E-07,1.598E+00
8.55001E-07,1.598E+00
8.56001E-07,1.598E+00
8.57001E-07,1.598E+00
8.58001E-07,1.590E+00
8.59001E-07,1.598E+00
8.60001E-07,1.598E+00
8.61001E-07,1.598E+00
8.62001E-07,1.598E+00
8.63001E-07,1.598E+00
8.64001E-07,1.606E+00
8.65001E-07,1.606E+00
8.66001E-07,1.598E+00
8.67001E-07,1.598E+00
8.68001E-07,1.598E+00
8.69001E-07,1.606E+00
8.70001E-07,1.606E+00
8.71001E-07,1.598E+00
8.72001E-07,1.598E+00
8.73001E-07,1.598E+00
8.74001E-07,1.598E+00
8.75001E-07,1.598E+00
8.76001E-07,1.590E+00
8.77001E-07,1.598E+00
8.78001E-07,1.598E+00
8.79001E-07,1.598E+00
8.80001E-07,1.598E+00
8.81001E-07,1.606E+00
8.82001E-07,1.598E+00
8.83001E-07,1.590E+00
8.84001E-07,1.598E+00
8.85001E-07,1.598E+00
8.86001E-07,1.598E+00
8.87001E-07,1.598E+00
8.88001E-07,1.598E+00
8.89001E-07,1.598E+00
8.90001E-07,1.598E+00
8.91001E-07,1.598E+00
8.92001E-07,1.598E+00
8.93001E-07,1.598E+00
8.94001E-07,1.598E+00
8.95001E-07,1.606E+00
8.96001E-07,1.598E+00
8.97001E-07,1.606E+00
8.98001E-07,1.606E+00
8.99001E-07,1.606E+00
9.00001E-07,1.598E+00
9.01001E-07,1.598E+00
9.02001E-07,1.598E+00
9.03001E-07,1.606E+00
9.04001E-07,1.606E+00
9.05001E-07,1.598E+00
9.06001E-07,1.590E+00
9.07001E-07,1.598E+00
9.08001E-07,1.598E+00
9.09001E-07,1.598E+00
9.10001E-07,1.590E+00
9.11001E-07,1.590E+00
9.12001E-07,1.598E+00
9.13001E-07,1.598E+00
9.14001E-07,1.606E+00
9.15001E-07,1.606E+00
9.16001E-07,1.598E+00
9.17001E-07,1.598E+00
9.18001E-07,1.590E+00
9.19001E-07,1.598E+00
9.20001E-07,1.598E+00
9.21001E-07,1.598E+00
9.22001E-07,1.598E+00
9.23001E-07,1.606E+00
9.24001E-07,1.606E+00
9.25001E-07,1.606E+00
9.26001E-07,1.606E+00
9.27001E-07,1.598E+00
9.28001E-07,1.598E+00
9.29001E-07,1.598E+00
9.30001E-07,1.606E+00
9.31001E-07,1.598E+00
9.32001E-07,1.590E+00
9.33001E-07,1.598E+00
9.34001E-07,1.598E+00
9.35001E-07,1.606E+00
9.36001E-07,1.606E+00
9.37001E-07,1.606E+00
9.38001E-07,1.606E+00
9.39001E-07,1.606E+00
9.40001E-07,1.606E+00
9.41001E-07,1.598E+00
9.42001E-07,1.598E+00
9.43001E-07,1.598E+00
9.44001E-07,1.598E+00
9.45001E-07,1.598E+00
9.46001E-07,1.606E+00
9.47001E-07,1.598E+00
9.48001E-07,1.598E+00
9.49001E-07,1.598E+00
9.50001E-07,1.598E+00
9.51001E-07,1.598E+00
9.52001E-07,1.598E+00
9.53001E-07,1.590E+00
9.54001E-07,1.598E+00
9.55001E-07,1.598E+00
9.56001E-07,1.606E+00
9.57001E-07,1.598E+00
9.58001E-07,1.598E+00
9.59001E-07,1.598E+00
9.60001E-07,1.590E+00
9.61001E-07,1.598E+00
9.62001E-07,1.606E+00
9.63001E-07,1.606E+00
9.64001E-07,1.606E+00
9.65001E-07,1.606E+00
9.66001E-07,1.606E+00
9.67001E-07,1.598E+00
9.68001E-07,1.598E+00
9.69001E-07,1.598E+00
9.70001E-07,1.606E+00
9.71001E-07,1.598E+00
9.72001E-07,1.598E+00
9.73001E-07,1.598E+00
9.74001E-07,1.606E+00
9.75001E-07,1.598E+00
9.76001E-07,1.590E+00
9.77001E-07,1.598E+00
9.78001E-07,1.606E+00
9.79001E-07,1.598E+00
9.80001E-07,1.598E+00
9.81001E-07,1.598E+00
9.82001E-07,1.598E+00
9.83001E-07,1.598E+00
9.84001E-07,1.606E+00
9.85001E-07,1.606E+00
9.86001E-07,1.598E+00
9.87001E-07,1.598E+00
9.88001E-07,1.598E+00
9.89001E-07,1.606E+00
9.90001E-07,1.606E+00
9.91001E-07,1.598E+00
9.92001E-07,1.598E+00
9.93001E-07,1.606E+00
9.94001E-07,1.598E+00
9.95001E-07,1.606E+00
9.96001E-07,1.598E+00
9.97001E-07,1.598E+00
9.98001E-07,1.598E+00
9.99001E-07,1.598E+00
1.00000E-06,1.598E+00
1.00100E-06,1.598E+00
1.00200E-06,1.598E+00
1.00300E-06,1.598E+00
1.00400E-06,1.590E+00
1.00500E-06,1.598E+00
1.00600E-06,1.598E+00
1.00700E-06,1.606E+00
1.00800E-06,1.598E+00
1.00900E-06,1.606E+00
1.01000E-06,1.606E+00
1.01100E-06,1.598E+00
1.01200E-06,1.598E+00
1.01300E-06,1.606E+00
1.01400E-06,1.606E+00
1.01500E-06,1.606E+00
1.01600E-06,1.598E+00
1.01700E-06,1.598E+00
1.01800E-06,1.598E+00
1.01900E-06,1.598E+00
1.02000E-06,1.606E+00
1.02100E-06,1.598E+00
1.02200E-06,1.598E+00
1.02300E-06,1.598E+00
1.02400E-06,1.598E+00
1.02500E-06,1.598E+00
1.02600E-06,1.598E+00
1.02700E-06,1.598E+00
1.02800E-06,1.598E+00
1.02900E-06,1.598E+00
1.03000E-06,1.598E+00
1.03100E-06,1.606E+00
1.03200E-06,1.606E+00
1.03300E-06,1.606E+00
1.03400E-06,1.606E+00
1.03500E-06,1.606E+00
1.03600E-06,1.606E+00
1.03700E-06,1.598E+00
1.03800E-06,1.606E+00
1.03900E-06,1.606E+00
1.04000E-06,1.598E+00
1.04100E-06,1.598E+00
1.04200E-06,1.606E+00
1.04300E-06,1.598E+00
1.04400E-06,1.606E+00
1.04500E-06,1.598E+00
1.04600E-06,1.598E+00
1.04700E-06,1.598E+00
1.04800E-06,1.598E+00
1.04900E-06,1.598E+00
1.05000E-06,1.598E+00
1.05100E-06,1.598E+00
1.05200E-06,1.598E+00
1.05300E-06,1.590E+00
1.05400E-06,1.606E+00
1.05500E-06,1.598E+00
1.05600E-06,1.606E+00
1.05700E-06,1.606E+00
1.05800E-06,1.606E+00
1.05900E-06,1.606E+00
1.06000E-06,1.606E+00
1.06100E-06,1.606E+00
1.06200E-06,1.598E+00
1.06300E-06,1.598E+00
1.06400E-06,1.598E+00
1.06500E-06,1.606E+00
1.06600E-06,1.598E+00
1.06700E-06,1.598E+00
1.06800E-06,1.598E+00
1.06900E-06,1.598E+00
1.07000E-06,1.598E+00
1.07100E-06,1.598E+00
1.07200E-06,1.598E+00
1.07300E-06,1.598E+00
1.07400E-06,1.606E+00
1.07500E-06,1.606E+00
1.07600E-06,1.598E+00
1.07700E-06,1.598E+00
1.07800E-06,1.598E+00
1.07900E-06,1.598E+00
1.08000E-06,1.590E+00
1.08100E-06,1.590E+00
1.08200E-06,1.598E+00
1.08300E-06,1.598E+00
1.08400E-06,1.598E+00
1.08500E-06,1.598E+00
1.08600E-06,1.598E+00
1.08700E-06,1.598E+00
1.08800E-06,1.606E+00
1.08900E-06,1.606E+00
1.09000E-06,1.598E+00
1.09100E-06,1.598E+00
1.09200E-06,1.598E+00
1.09300E-06,1.590E+00
1.09400E-06,1.598E+00
1.09500E-06,1.598E+00
1.09600E-06,1.606E+00
1.09700E-06,1.598E+00
1.09800E-06,1.598E+00
1.09900E-06,1.590E+00
1.10000E-06,1.598E+00
1.10100E-06,1.598E+00
1.10200E-06,1.590E+00
1.10300E-06,1.598E+00
1.10400E-06,1.598E+00
1.10500E-06,1.598E+00
1.10600E-06,1.606E+00
1.10700E-06,1.598E+00
1.10800E-06,1.598E+00
1.10900E-06,1.598E+00
1.11000E-06,1.598E+00
1.11100E-06,1.598E+00
1.11200E-06,1.598E+00
1.11300E-06,1.598E+00
1.11400E-06,1.598E+00
1.11500E-06,1.598E+00
1.11600E-06,1.598E+00
1.11700E-06,1.606E+00
1.11800E-06,1.598E+00
1.11900E-06,1.606E+00
1.12000E-06,1.598E+00
1.12100E-06,1.598E+00
1.12200E-06,1.590E+00
1.12300E-06,1.598E+00
1.12400E-06,1.598E+00
1.12500E-06,1.598E+00
1.12600E-06,1.598E+00
1.12700E-06,1.598E+00
1.12800E-06,1.598E+00
1.12900E-06,1.590E+00
1.13000E-06,1.598E+00
1.13100E-06,1.598E+00
1.13200E-06,1.598E+00
1.13300E-06,1.598E+00
1.13400E-06,1.606E+00
1.13500E-06,1.606E+00
1.13600E-06,1.606E+00
1.13700E-06,1.598E+00
1.13800E-06,1.598E+00
1.13900E-06,1.606E+00
1.14000E-06,1.598E+00
1.14100E-06,1.598E+00
1.14200E-06,1.598E+00
1.14300E-06,1.598E+00
1.14400E-06,1.606E+00
1.14500E-06,1.606E+00
1.14600E-06,1.598E+00
1.14700E-06,1.598E+00
1.14800E-06,1.598E+00
1.14900E-06,1.598E+00
1.15000E-06,1.590E+00
1.15100E-06,1.598E+00
1.15200E-06,1.590E+00
1.15300E-06,1.598E+00
1.15400E-06,1.598E+00
1.15500E-06,1.606E+00
1.15600E-06,1.606E+00
1.15700E-06,1.598E+00
1.15800E-06,1.598E+00
1.15900E-06,1.598E+00
1.16000E-06,1.606E+00
1.16100E-06,1.598E+00
1.16200E-06,1.598E+00
1.16300E-06,1.598E+00
1.16400E-06,1.598E+00
1.16500E-06,1.598E+00
1.16600E-06,1.590E+00
1.16700E-06,1.590E+00
1.16800E-06,1.598E+00
1.16900E-06,1.606E+00
1.17000E-06,1.606E+00
1.17100E-06,1.598E+00
1.17200E-06,1.598E+00
1.17300E-06,1.598E+00
1.17400E-06,1.606E+00
1.17500E-06,1.606E+00
1.17600E-06,1.606E+00
1.17700E-06,1.606E+00
1.17800E-06,1.598E+00
1.17900E-06,1.598E+00
1.18000E-06,1.606E+00
1.18100E-06,1.598E+00
1.18200E-06,1.606E+00
1.18300E-06,1.598E+00
1.18400E-06,1.598E+00
1.18500E-06,1.598E+00
1.18600E-06,1.598E+00
1.18700E-06,1.590E+00
1.18800E-06,1.590E+00
1.18900E-06,1.598E+00
1.19000E-06,1.598E+00
1.19100E-06,1.598E+00
1.19200E-06,1.598E+00
1.19300E-06,1.590E+00
1.19400E-06,1.598E+00
1.19500E-06,1.598E+00
1.19600E-06,1.598E+00
1.19700E-06,1.598E+00
1.19800E-06,1.598E+00
1.19900E-06,1.598E+00
1.20000E-06,1.598E+00
1.20100E-06,1.590E+00
1.20200E-06,1.598E+00
1.20300E-06,1.598E+00
1.20400E-06,1.598E+00
1.20500E-06,1.598E+00
1.20600E-06,1.598E+00
1.20700E-06,1.598E+00
1.20800E-06,1.590E+00
1.20900E-06,1.598E+00
1.21000E-06,1.598E+00
1.21100E-06,1.598E+00
1.21200E-06,1.598E+00
1.21300E-06,1.598E+00
1.21400E-06,1.606E+00
1.21500E-06,1.606E+00
1.21600E-06,1.598E+00
1.21700E-06,1.598E+00
1.21800E-06,1.598E+00
1.21900E-06,1.606E+00
1.22000E-06,1.598E+00
1.22100E-06,1.590E+00
1.22200E-06,1.590E+00
1.22300E-06,1.598E+00
1.22400E-06,1.598E+00
1.22500E-06,1.598E+00
1.22600E-06,1.598E+00
1.22700E-06,1.598E+00
1.22800E-06,1.598E+00
1.22900E-06,1.598E+00
1.23000E-06,1.590E+00
1.23100E-06,1.590E+00
1.23200E-06,1.590E+00
1.23300E-06,1.590E+00
1.23400E-06,1.598E+00
1.23500E-06,1.606E+00
1.23600E-06,1.606E+00
1.23700E-06,1.598E+00
1.23800E-06,1.598E+00
1.23900E-06,1.598E+00
1.24000E-06,1.598E+00
1.24100E-06,1.598E+00
1.24200E-06,1.598E+00
1.24300E-06,1.598E+00
1.24400E-06,1.598E+00
1.24500E-06,1.598E+00
1.24600E-06,1.598E+00
1.24700E-06,1.598E+00
1.24800E-06,1.606E+00
1.24900E-06,1.606E+00
1.25000E-06,1.598E+00
1.25100E-06,1.598E+00
1.25200E-06,1.590E+00
1.25300E-06,1.590E+00
1.25400E-06,1.598E+00
1.25500E-06,1.590E+00
1.25600E-06,1.598E+00
1.25700E-06,1.598E+00
1.25800E-06,1.598E+00
1.25900E-06,1.606E+00
1.26000E-06,1.606E+00
1.26100E-06,1.598E+00
1.26200E-06,1.598E+00
1.26300E-06,1.598E+00
1.26400E-06,1.598E+00
1.26500E-06,1.598E+00
1.26600E-06,1.598E+00
1.26700E-06,1.598E+00
1.26800E-06,1.606E+00
1.26900E-06,1.598E+00
1.27000E-06,1.598E+00
1.27100E-06,1.598E+00
1.27200E-06,1.598E+00
1.27300E-06,1.598E+00
1.27400E-06,1.606E+00
1.27500E-06,1.606E+00
1.27600E-06,1.598E+00
1.27700E-06,1.598E+00
1.27800E-06,1.598E+00
1.27900E-06,1.598E+00
1.28000E-06,1.598E+00
1.28100E-06,1.590E+00
1.28200E-06,1.598E+00
1.28300E-06,1.598E+00
1.28400E-06,1.606E+00
1.28500E-06,1.606E+00
1.28600E-06,1.606E+00
1.28700E-06,1.598E+00
1.28800E-06,1.598E+00
1.28900E-06,1.606E+00
1.29000E-06,1.598E+00
1.29100E-06,1.598E+00
1.29200E-06,1.598E+00
1.29300E-06,1.598E+00
1.29400E-06,1.606E+00
1.29500E-06,1.606E+00
1.29600E-06,1.598E+00
1.29700E-06,1.598E+00
1.29800E-06,1.606E+00
1.29900E-06,1.606E+00
1.30000E-06,1.598E+00
1.30100E-06,1.598E+00
1.30200E-06,1.590E+00
1.30300E-06,1.598E+00
1.30400E-06,1.598E+00
1.30500E-06,1.598E+00
1.30600E-06,1.606E+00
1.30700E-06,1.598E+00
1.30800E-06,1.598E+00
1.30900E-06,1.598E+00
1.31000E-06,1.598E+00
1.31100E-06,1.598E+00
1.31200E-06,1.606E+00
1.31300E-06,1.598E+00
1.31400E-06,1.606E+00
1.31500E-06,1.606E+00
1.31600E-06,1.606E+00
1.31700E-06,1.598E+00
1.31800E-06,1.606E+00
1.31900E-06,1.598E+00
1.32000E-06,1.606E+00
1.32100E-06,1.598E+00
1.32200E-06,1.598E+00
1.32300E-06,1.598E+00
1.32400E-06,1.606E+00
1.32500E-06,1.598E+00
1.32600E-06,1.598E+00
1.32700E-06,1.598E+00
1.32800E-06,1.598E+00
1.32900E-06,1.598E+00
1.33000E-06,1.598E+00
1.33100E-06,1.598E+00
1.33200E-06,1.598E+00
1.33300E-06,1.598E+00
1.33400E-06,1.598E+00
1.33500E-06,1.598E+00
1.33600E-06,1.598E+00
1.33700E-06,1.598E+00
1.33800E-06,1.598E+00
1.33900E-06,1.598E+00
1.34000E-06,1.606E+00
1.34100E-06,1.598E+00
1.34200E-06,1.598E+00
1.34300E-06,1.598E+00
1.34400E-06,1.598E+00
1.34500E-06,1.598E+00
1.34600E-06,1.598E+00
1.34700E-06,1.598E+00
1.34800E-06,1.598E+00
1.34900E-06,1.590E+00
1.35000E-06,1.590E+00
1.35100E-06,1.590E+00
1.35200E-06,1.590E+00
1.35300E-06,1.598E+00
1.35400E-06,1.598E+00
1.35500E-06,1.598E+00
1.35600E-06,1.598E+00
1.35700E-06,1.598E+00
1.35800E-06,1.598E+00
1.35900E-06,1.598E+00
1.36000E-06,1.598E+00
1.36100E-06,1.590E+00
1.36200E-06,1.598E+00
1.36300E-06,1.598E+00
1.36400E-06,1.598E+00
1.36500E-06,1.606E+00
1.36600E-06,1.598E+00
1.36700E-06,1.598E+00
1.36800E-06,1.598E+00
1.36900E-06,1.590E+00
1.37000E-06,1.598E+00
1.37100E-06,1.598E+00
1.37200E-06,1.590E+00
1.37300E-06,1.598E+00
1.37400E-06,1.598E+00
1.37500E-06,1.598E+00
1.37600E-06,1.606E+00
1.37700E-06,1.606E+00
1.37800E-06,1.598E+00
1.37900E-06,1.598E+00
1.38000E-06,1.598E+00
1.38100E-06,1.598E+00
1.38200E-06,1.598E+00
1.38300E-06,1.598E+00
1.38400E-06,1.598E+00
1.38500E-06,1.598E+00
1.38600E-06,1.598E+00
1.38700E-06,1.598E+00
1.38800E-06,1.598E+00
1.38900E-06,1.598E+00
1.39000E-06,1.598E+00
1.39100E-06,1.590E+00
1.39200E-06,1.590E+00
1.39300E-06,1.598E+00
1.39400E-06,1.606E+00
1.39500E-06,1.606E+00
1.39600E-06,1.598E+00
1.39700E-06,1.590E+00
1.39800E-06,1.598E+00
1.39900E-06,1.598E+00
1.40000E-06,1.598E+00
1.40100E-06,1.598E+00
1.40200E-06,1.590E+00
1.40300E-06,1.598E+00
1.40400E-06,1.606E+00
1.40500E-06,1.606E+00
1.40600E-06,1.606E+00
1.40700E-06,1.598E+00
1.40800E-06,1.598E+00
1.40900E-06,1.598E+00
1.41000E-06,1.606E+00
1.41100E-06,1.598E+00
1.41200E-06,1.598E+00
1.41300E-06,1.606E+00
1.41400E-06,1.606E+00
1.41500E-06,1.606E+00
1.41600E-06,1.598E+00
1.41700E-06,1.598E+00
1.41800E-06,1.598E+00
1.41900E-06,1.598E+00
1.42000E-06,1.598E+00
1.42100E-06,1.598E+00
1.42200E-06,1.598E+00
1.42300E-06,1.590E+00
1.42400E-06,1.598E+00
1.42500E-06,1.598E+00
1.42600E-06,1.606E+00
1.42700E-06,1.598E+00
1.42800E-06,1.598E+00
1.42900E-06,1.598E+00
1.43000E-06,1.598E+00
1.43100E-06,1.598E+00
1.43200E-06,1.598E+00
1.43300E-06,1.606E+00
1.43400E-06,1.606E+00
1.43500E-06,1.598E+00
1.43600E-06,1.598E+00
1.43700E-06,1.598E+00
1.43800E-06,1.598E+00
1.43900E-06,1.598E+00
1.44000E-06,1.598E+00
1.44100E-06,1.598E+00
1.44200E-06,1.598E+00
1.44300E-06,1.598E+00
1.44400E-06,1.598E+00
1.44500E-06,1.606E+00
1.44600E-06,1.606E+00
1.44700E-06,1.606E+00
1.44800E-06,1.598E+00
1.44900E-06,1.598E+00
1.45000E-06,1.590E+00
1.45100E-06,1.598E+00
1.45200E-06,1.598E+00
1.45300E-06,1.598E+00
1.45400E-06,1.598E+00
1.45500E-06,1.598E+00
1.45600E-06,1.598E+00
1.45700E-06,1.598E+00
1.45800E-06,1.598E+00
1.45900E-06,1.598E+00
1.46000E-06,1.590E+00
1.46100E-06,1.598E+00
1.46200E-06,1.598E+00
1.46300E-06,1.590E+00
1.46400E-06,1.598E+00
1.46500E-06,1.598E+00
1.46600E-06,1.598E+00
1.46700E-06,1.598E+00
1.46800E-06,1.598E+00
1.46900E-06,1.598E+00
1.47000E-06,1.598E+00
1.47100E-06,1.598E+00
1.47200E-06,1.598E+00
1.47300E-06,1.598E+00
1.47400E-06,1.606E+00
1.47500E-06,1.598E+00
1.47600E-06,1.598E+00
1.47700E-06,1.590E+00
1.47800E-06,1.590E+00
1.47900E-06,1.598E+00
1.48000E-06,1.590E+00
1.48100E-06,1.590E+00
1.48200E-06,1.598E+00
1.48300E-06,1.598E+00
1.48400E-06,1.598E+00
1.48500E-06,1.598E+00
1.48600E-06,1.598E+00
1.48700E-06,1.598E+00
1.48800E-06,1.598E+00
1.48900E-06,1.598E+00
1.49000E-06,1.598E+00
1.49100E-06,1.598E+00
1.49200E-06,1.598E+00
1.49300E-06,1.598E+00
1.49400E-06,1.598E+00
1.49500E-06,1.598E+00
1.49600E-06,1.598E+00
1.49700E-06,1.590E+00
1.49800E-06,1.590E+00
1.49900E-06,1.590E+00
1.50000E-06,1.590E+00
1.50100E-06,1.590E+00
1.50200E-06,1.590E+00
1.50300E-06,1.598E+00
1.50400E-06,1.606E+00
1.50500E-06,1.598E+00
1.50600E-06,1.598E+00
1.50700E-06,1.590E+00
1.50800E-06,1.598E+00
1.50900E-06,1.598E+00
1.51000E-06,1.606E+00
1.51100E-06,1.590E+00
1.51200E-06,1.598E+00
1.51300E-06,1.598E+00
1.51400E-06,1.598E+00
1.51500E-06,1.614E+00
1.51600E-06,1.606E+00
1.51700E-06,1.606E+00
1.51800E-06,1.598E+00
1.51900E-06,1.598E+00
1.52000E-06,1.606E+00
1.52100E-06,1.598E+00
1.52200E-06,1.598E+00
1.52300E-06,1.606E+00
1.52400E-06,1.606E+00
1.52500E-06,1.606E+00
1.52600E-06,1.606E+00
1.52700E-06,1.598E+00
1.52800E-06,1.598E+00
1.52900E-06,1.598E+00
1.53000E-06,1.598E+00
1.53100E-06,1.598E+00
1.53200E-06,1.598E+00
1.53300E-06,1.606E+00
1.53400E-06,1.598E+00
1.53500E-06,1.606E+00
1.53600E-06,1.598E+00
1.53700E-06,1.598E+00
1.53800E-06,1.606E+00
1.53900E-06,1.606E+00
1.54000E-06,1.598E+00
1.54100E-06,1.598E+00
1.54200E-06,1.598E+00
1.54300E-06,1.606E+00
1.54400E-06,1.606E+00
1.54500E-06,1.598E+00
1.54600E-06,1.598E+00
1.54700E-06,1.598E+00
1.54800E-06,1.598E+00
1.54900E-06,1.606E+00
1.55000E-06,1.606E+00
1.55100E-06,1.598E+00
1.55200E-06,1.598E+00
1.55300E-06,1.598E+00
1.55400E-06,1.598E+00
1.55500E-06,1.598E+00
1.55600E-06,1.598E+00
1.55700E-06,1.598E+00
1.55800E-06,1.598E+00
1.55900E-06,1.590E+00
1.56000E-06,1.598E+00
1.56100E-06,1.598E+00
1.56200E-06,1.598E+00
1.56300E-06,1.598E+00
1.56400E-06,1.606E+00
1.56500E-06,1.598E+00
1.56600E-06,1.598E+00
1.56700E-06,1.598E+00
1.56800E-06,1.606E+00
1.56900E-06,1.598E+00
1.57000E-06,1.598E+00
1.57100E-06,1.598E+00
1.57200E-06,1.598E+00
1.57300E-06,1.598E+00
1.57400E-06,1.598E+00
1.57500E-06,1.598E+00
1.57600E-06,1.598E+00
1.57700E-06,1.598E+00
1.57800E-06,1.598E+00
1.57900E-06,1.598E+00
1.58000E-06,1.598E+00
1.58100E-06,1.606E+00
1.58200E-06,1.598E+00
1.58300E-06,1.598E+00
1.58400E-06,1.598E+00
1.58500E-06,1.598E+00
1.58600E-06,1.590E+00
1.58700E-06,1.598E+00
1.58800E-06,1.598E+00
1.58900E-06,1.598E+00
1.59000E-06,1.590E+00
1.59100E-06,1.598E+00
1.59200E-06,1.590E+00
1.59300E-06,1.590E+00
1.59400E-06,1.598E+00
1.59500E-06,1.598E+00
1.59600E-06,1.598E+00
1.59700E-06,1.590E+00
1.59800E-06,1.606E+00
1.59900E-06,1.598E+00
1.60000E-06,1.598E+00
1.60100E-06,1.598E+00
1.60200E-06,1.598E+00
1.60300E-06,1.598E+00
1.60400E-06,1.606E+00
1.60500E-06,1.606E+00
1.60600E-06,1.598E+00
1.60700E-06,1.598E+00
1.60800E-06,1.598E+00
1.60900E-06,1.598E+00
1.61000E-06,1.598E+00
1.61100E-06,1.598E+00
1.61200E-06,1.598E+00
1.61300E-06,1.598E+00
1.61400E-06,1.598E+00
1.61500E-06,1.606E+00
1.61600E-06,1.598E+00
1.61700E-06,1.598E+00
1.61800E-06,1.598E+00
1.61900E-06,1.590E+00
1.62000E-06,1.598E+00
1.62100E-06,1.590E+00
1.62200E-06,1.598E+00
1.62300E-06,1.590E+00
1.62400E-06,1.598E+00
1.62500E-06,1.598E+00
1.62600E-06,1.598E+00
1.62700E-06,1.598E+00
1.62800E-06,1.598E+00
1.62900E-06,1.598E+00
1.63000E-06,1.590E+00
1.63100E-06,1.598E+00
1.63200E-06,1.590E+00
1.63300E-06,1.598E+00
1.63400E-06,1.598E+00
1.63500E-06,1.598E+00
1.63600E-06,1.590E+00
1.63700E-06,1.590E+00
1.63800E-06,1.598E+00
1.63900E-06,1.598E+00
1.64000E-06,1.598E+00
1.64100E-06,1.598E+00
1.64200E-06,1.598E+00
1.64300E-06,1.598E+00
1.64400E-06,1.606E+00
1.64500E-06,1.598E+00
1.64600E-06,1.598E+00
1.64700E-06,1.598E+00
1.64800E-06,1.598E+00
1.64900E-06,1.598E+00
1.65000E-06,1.598E+00
1.65100E-06,1.598E+00
1.65200E-06,1.590E+00
1.65300E-06,1.598E+00
1.65400E-06,1.598E+00
1.65500E-06,1.598E+00
1.65600E-06,1.598E+00
1.65700E-06,1.598E+00
1.65800E-06,1.598E+00
1.65900E-06,1.598E+00
1.66000E-06,1.598E+00
1.66100E-06,1.606E+00
1.66200E-06,1.590E+00
1.66300E-06,1.598E+00
1.66400E-06,1.598E+00
1.66500E-06,1.606E+00
1.66600E-06,1.598E+00
1.66700E-06,1.598E+00
1.66800E-06,1.606E+00
1.66900E-06,1.598E+00
1.67000E-06,1.598E+00
1.67100E-06,1.598E+00
1.67200E-06,1.598E+00
1.67300E-06,1.598E+00
1.67400E-06,1.598E+00
1.67500E-06,1.606E+00
1.67600E-06,1.606E+00
1.67700E-06,1.598E+00
1.67800E-06,1.598E+00
1.67900E-06,1.606E+00
1.68000E-06,1.606E+00
1.68100E-06,1.598E+00
1.68200E-06,1.598E+00
1.68300E-06,1.598E+00
1.68400E-06,1.598E+00
1.68500E-06,1.598E+00
1.68600E-06,1.598E+00
1.68700E-06,1.598E+00
1.68800E-06,1.598E+00
1.68900E-06,1.598E+00
1.69000E-06,1.598E+00
1.69100E-06,1.598E+00
1.69200E-06,1.598E+00
1.69300E-06,1.598E+00
1.69400E-06,1.598E+00
1.69500E-06,1.598E+00
1.69600E-06,1.590E+00
1.69700E-06,1.598E+00
1.69800E-06,1.598E+00
1.69900E-06,1.598E+00
1.70000E-06,1.598E+00
1.70100E-06,1.590E+00
1.70200E-06,1.598E+00
1.70300E-06,1.598E+00
1.70400E-06,1.598E+00
1.70500E-06,1.598E+00
1.70600E-06,1.606E+00
1.70700E-06,1.606E+00
1.70800E-06,1.606E+00
1.70900E-06,1.606E+00
1.71000E-06,1.598E+00
1.71100E-06,1.598E+00
1.71200E-06,1.598E+00
1.71300E-06,1.598E+00
1.71400E-06,1.598E+00
1.71500E-06,1.606E+00
1.71600E-06,1.606E+00
1.71700E-06,1.598E+00
1.71800E-06,1.598E+00
1.71900E-06,1.598E+00
1.72000E-06,1.598E+00
1.72100E-06,1.598E+00
1.72200E-06,1.606E+00
1.72300E-06,1.606E+00
1.72400E-06,1.606E+00
1.72500E-06,1.606E+00
1.72600E-06,1.606E+00
1.72700E-06,1.598E+00
1.72800E-06,1.598E+00
1.72900E-06,1.606E+00
1.73000E-06,1.598E+00
1.73100E-06,1.606E+00
1.73200E-06,1.606E+00
1.73300E-06,1.598E+00
1.73400E-06,1.606E+00
1.73500E-06,1.606E+00
1.73600E-06,1.606E+00
1.73700E-06,1.598E+00
1.73800E-06,1.598E+00
1.73900E-06,1.598E+00
1.74000E-06,1.598E+00
1.74100E-06,1.598E+00
1.74200E-06,1.598E+00
1.74300E-06,1.590E+00
1.74400E-06,1.598E+00
1.74500E-06,1.606E+00
1.74600E-06,1.606E+00
1.74700E-06,1.598E+00
1.74800E-06,1.598E+00
1.74900E-06,1.598E+00
1.75000E-06,1.598E+00
1.75100E-06,1.598E+00
1.75200E-06,1.598E+00
1.75300E-06,1.598E+00
1.75400E-06,1.606E+00
1.75500E-06,1.606E+00
1.75600E-06,1.598E+00
1.75700E-06,1.598E+00
1.75800E-06,1.598E+00
1.75900E-06,1.598E+00
1.76000E-06,1.598E+00
1.76100E-06,1.598E+00
1.76200E-06,1.590E+00
1.76300E-06,1.598E+00
1.76400E-06,1.590E+00
1.76500E-06,1.598E+00
1.76600E-06,1.598E+00
1.76700E-06,1.598E+00
1.76800E-06,1.598E+00
1.76900E-06,1.598E+00
1.77000E-06,1.598E+00
1.77100E-06,1.598E+00
1.77200E-06,1.598E+00
1.77300E-06,1.598E+00
1.77400E-06,1.598E+00
1.77500E-06,1.606E+00
1.77600E-06,1.606E+00
1.77700E-06,1.606E+00
1.77800E-06,1.598E+00
1.77900E-06,1.606E+00
1.78000E-06,1.606E+00
1.78100E-06,1.598E+00
1.78200E-06,1.598E+00
1.78300E-06,1.598E+00
1.78400E-06,1.598E+00
1.78500E-06,1.598E+00
1.78600E-06,1.598E+00
1.78700E-06,1.598E+00
1.78800E-06,1.598E+00
1.78900E-06,1.606E+00
1.79000E-06,1.606E+00
1.79100E-06,1.598E+00
1.79200E-06,1.590E+00
1.79300E-06,1.590E+00
1.79400E-06,1.598E+00
1.79500E-06,1.606E+00
1.79600E-06,1.606E+00
1.79700E-06,1.598E+00
1.79800E-06,1.598E+00
1.79900E-06,1.598E+00
1.80000E-06,1.598E+00
1.80100E-06,1.606E+00
1.80200E-06,1.598E+00
1.80300E-06,1.590E+00
1.80400E-06,1.598E+00
1.80500E-06,1.598E+00
1.80600E-06,1.598E+00
1.80700E-06,1.598E+00
1.80800E-06,1.598E+00
1.80900E-06,1.598E+00
1.81000E-06,1.606E+00
1.81100E-06,1.598E+00
1.81200E-06,1.598E+00
1.81300E-06,1.598E+00
1.81400E-06,1.598E+00
1.81500E-06,1.606E+00
1.81600E-06,1.606E+00
1.81700E-06,1.606E+00
1.81800E-06,1.598E+00
1.81900E-06,1.606E+00
1.82000E-06,1.598E+00
1.82100E-06,1.598E+00
1.82200E-06,1.598E+00
1.82300E-06,1.590E+00
1.82400E-06,1.590E+00
1.82500E-06,1.598E+00
1.82600E-06,1.598E+00
1.82700E-06,1.598E+00
1.82800E-06,1.598E+00
1.82900E-06,1.598E+00
1.83000E-06,1.598E+00
1.83100E-06,1.598E+00
1.83200E-06,1.598E+00
1.83300E-06,1.598E+00
1.83400E-06,1.598E+00
1.83500E-06,1.606E+00
1.83600E-06,1.598E+00
1.83700E-06,1.590E+00
1.83800E-06,1.598E+00
1.83900E-06,1.598E+00
1.84000E-06,1.606E+00
1.84100E-06,1.606E+00
1.84200E-06,1.598E+00
1.84300E-06,1.598E+00
1.84400E-06,1.606E+00
1.84500E-06,1.606E+00
1.84600E-06,1.606E+00
1.84700E-06,1.598E+00
1.84800E-06,1.606E+00
1.84900E-06,1.598E+00
1.85000E-06,1.590E+00
1.85100E-06,1.590E+00
1.85200E-06,1.590E+00
1.85300E-06,1.598E+00
1.85400E-06,1.598E+00
1.85500E-06,1.598E+00
1.85600E-06,1.598E+00
1.85700E-06,1.598E+00
1.85800E-06,1.598E+00
1.85900E-06,1.598E+00
1.86000E-06,1.598E+00
1.86100E-06,1.598E+00
1.86200E-06,1.598E+00
1.86300E-06,1.598E+00
1.86400E-06,1.606E+00
1.86500E-06,1.598E+00
1.86600E-06,1.598E+00
1.86700E-06,1.598E+00
1.86800E-06,1.598E+00
1.86900E-06,1.598E+00
1.87000E-06,1.598E+00
1.87100E-06,1.598E+00
1.87200E-06,1.598E+00
1.87300E-06,1.590E+00
1.87400E-06,1.598E+00
1.87500E-06,1.598E+00
1.87600E-06,1.598E+00
1.87700E-06,1.598E+00
1.87800E-06,1.598E+00
1.87900E-06,1.590E+00
1.88000E-06,1.598E+00
1.88100E-06,1.590E+00
1.88200E-06,1.590E+00
1.88300E-06,1.598E+00
1.88400E-06,1.598E+00
1.88500E-06,1.606E+00
1.88600E-06,1.598E+00
1.88700E-06,1.598E+00
1.88800E-06,1.598E+00
1.88900E-06,1.598E+00
1.89000E-06,1.598E+00
1.89100E-06,1.598E+00
1.89200E-06,1.590E+00
1.89300E-06,1.590E+00
1.89400E-06,1.598E+00
1.89500E-06,1.606E+00
1.89600E-06,1.598E+00
1.89700E-06,1.598E+00
1.89800E-06,1.598E+00
1.89900E-06,1.598E+00
1.90000E-06,1.598E+00
1.90100E-06,1.598E+00
1.90200E-06,1.598E+00
1.90300E-06,1.598E+00
1.90400E-06,1.598E+00
1.90500E-06,1.598E+00
1.90600E-06,1.606E+00
1.90700E-06,1.598E+00
1.90800E-06,1.598E+00
1.90900E-06,1.598E+00
1.91000E-06,1.598E+00
1.91100E-06,1.598E+00
1.91200E-06,1.598E+00
1.91300E-06,1.598E+00
1.91400E-06,1.598E+00
1.91500E-06,1.606E+00
1.91600E-06,1.598E+00
1.91700E-06,1.590E+00
1.91800E-06,1.590E+00
1.91900E-06,1.590E+00
1.92000E-06,1.598E+00
1.92100E-06,1.590E+00
1.92200E-06,1.590E+00
1.92300E-06,1.590E+00
1.92400E-06,1.590E+00
1.92500E-06,1.598E+00
1.92600E-06,1.598E+00
1.92700E-06,1.590E+00
1.92800E-06,1.598E+00
1.92900E-06,1.598E+00
1.93000E-06,1.590E+00
1.93100E-06,1.598E+00
1.93200E-06,1.590E+00
1.93300E-06,1.598E+00
1.93400E-06,1.598E+00
1.93500E-06,1.598E+00
1.93600E-06,1.598E+00
1.93700E-06,1.598E+00
1.93800E-06,1.598E+00
1.93900E-06,1.598E+00
1.94000E-06,1.598E+00
1.94100E-06,1.590E+00
1.94200E-06,1.598E+00
1.94300E-06,1.598E+00
1.94400E-06,1.598E+00
1.94500E-06,1.598E+00
1.94600E-06,1.598E+00
1.94700E-06,1.598E+00
1.94800E-06,1.598E+00
1.94900E-06,1.598E+00
1.95000E-06,1.598E+00
1.95100E-06,1.598E+00
1.95200E-06,1.606E+00
1.95300E-06,1.606E+00
1.95400E-06,1.606E+00
1.95500E-06,1.606E+00
1.95600E-06,1.598E+00
1.95700E-06,1.598E+00
1.95800E-06,1.598E+00
1.95900E-06,1.598E+00
1.96000E-06,1.598E+00
1.96100E-06,1.598E+00
1.96200E-06,1.598E+00
1.96300E-06,1.606E+00
1.96400E-06,1.606E+00
1.96500E-06,1.606E+00
1.96600E-06,1.606E+00
1.96700E-06,1.606E+00
1.96800E-06,1.598E+00
1.96900E-06,1.598E+00
1.97000E-06,1.598E+00
1.97100E-06,1.598E+00
1.97200E-06,1.590E+00
1.97300E-06,1.598E+00
1.97400E-06,1.606E+00
1.97500E-06,1.606E+00
1.97600E-06,1.606E+00
1.97700E-06,1.598E+00
1.97800E-06,1.598E+00
1.97900E-06,1.606E+00
1.98000E-06,1.606E+00
1.98100E-06,1.598E+00
1.98200E-06,1.598E+00
1.98300E-06,1.590E+00
1.98400E-06,1.590E+00
1.98500E-06,1.598E+00
1.98600E-06,1.606E+00
1.98700E-06,1.598E+00
1.98800E-06,1.606E+00
1.98900E-06,1.606E+00
1.99000E-06,1.598E+00
1.99100E-06,1.598E+00
1.99200E-06,1.598E+00
1.99300E-06,1.598E+00
1.99400E-06,1.606E+00
1.99500E-06,1.606E+00
1.99600E-06,1.598E+00
1.99700E-06,1.598E+00
1.99800E-06,1.598E+00
1.99900E-06,1.598E+00
2.00000E-06,1.598E+00
2.00100E-06,1.598E+00
2.00200E-06,1.598E+00
2.00300E-06,1.598E+00
2.00400E-06,1.598E+00
2.00500E-06,1.606E+00
2.00600E-06,1.606E+00
2.00700E-06,1.598E+00
2.00800E-06,1.598E+00
2.00900E-06,1.598E+00
2.01000E-06,1.598E+00
2.01100E-06,1.598E+00
2.01200E-06,1.598E+00
2.01300E-06,1.598E+00
2.01400E-06,1.606E+00
2.01500E-06,1.606E+00
2.01600E-06,1.598E+00
2.01700E-06,1.598E+00
2.01800E-06,1.598E+00
2.01900E-06,1.606E+00
2.02000E-06,1.598E+00
2.02100E-06,1.598E+00
2.02200E-06,1.590E+00
2.02300E-06,1.590E+00
2.02400E-06,1.598E+00
2.02500E-06,1.606E+00
2.02600E-06,1.598E+00
2.02700E-06,1.598E+00
2.02800E-06,1.598E+00
2.02900E-06,1.598E+00
2.03000E-06,1.598E+00
2.03100E-06,1.590E+00
2.03200E-06,1.598E+00
2.03300E-06,1.598E+00
2.03400E-06,1.606E+00
2.03500E-06,1.606E+00
2.03600E-06,1.598E+00
2.03700E-06,1.598E+00
2.03800E-06,1.598E+00
2.03900E-06,1.598E+00
2.04000E-06,1.598E+00
2.04100E-06,1.598E+00
2.04200E-06,1.590E+00
2.04300E-06,1.590E+00
2.04400E-06,1.590E+00
2.04500E-06,1.598E+00
2.04600E-06,1.598E+00
2.04700E-06,1.590E+00
2.04800E-06,1.590E+00
2.04900E-06,1.590E+00
2.05000E-06,1.598E+00
2.05100E-06,1.598E+00
2.05200E-06,1.598E+00
2.05300E-06,1.598E+00
2.05400E-06,1.598E+00
2.05500E-06,1.598E+00
2.05600E-06,1.598E+00
2.05700E-06,1.590E+00
2.05800E-06,1.598E+00
2.05900E-06,1.598E+00
2.06000E-06,1.598E+00
2.06100E-06,1.590E+00
2.06200E-06,1.590E+00
2.06300E-06,1.598E+00
2.06400E-06,1.598E+00
2.06500E-06,1.606E+00
2.06600E-06,1.598E+00
2.06700E-06,1.590E+00
2.06800E-06,1.598E+00
2.06900E-06,1.598E+00
2.07000E-06,1.598E+00
2.07100E-06,1.590E+00
2.07200E-06,1.598E+00
2.07300E-06,1.598E+00
2.07400E-06,1.598E+00
2.07500E-06,1.598E+00
2.07600E-06,1.598E+00
2.07700E-06,1.598E+00
2.07800E-06,1.598E+00
2.07900E-06,1.598E+00
2.08000E-06,1.598E+00
2.08100E-06,1.598E+00
2.08200E-06,1.598E+00
2.08300E-06,1.598E+00
2.08400E-06,1.598E+00
2.08500E-06,1.598E+00
2.08600E-06,1.606E+00
2.08700E-06,1.606E+00
2.08800E-06,1.606E+00
2.08900E-06,1.598E+00
2.09000E-06,1.598E+00
2.09100E-06,1.598E+00
2.09200E-06,1.590E+00
2.09300E-06,1.598E+00
2.09400E-06,1.598E+00
2.09500E-06,1.598E+00
2.09600E-06,1.598E+00
2.09700E-06,1.598E+00
2.09800E-06,1.598E+00
2.09900E-06,1.598E+00
2.10000E-06,1.598E+00
2.10100E-06,1.598E+00
2.10200E-06,1.598E+00
2.10300E-06,1.598E+00
2.10400E-06,1.606E+00
2.10500E-06,1.598E+00
2.10600E-06,1.598E+00
2.10700E-06,1.598E+00
2.10800E-06,1.598E+00
2.10900E-06,1.598E+00
2.11000E-06,1.598E+00
2.11100E-06,1.590E+00
2.11200E-06,1.590E+00
2.11300E-06,1.598E+00
2.11400E-06,1.606E+00
2.11500E-06,1.606E+00
2.11600E-06,1.598E+00
2.11700E-06,1.598E+00
2.11800E-06,1.598E+00
2.11900E-06,1.598E+00
2.12000E-06,1.598E+00
2.12100E-06,1.590E+00
2.12200E-06,1.590E+00
2.12300E-06,1.590E+00
2.12400E-06,1.598E+00
2.12500E-06,1.590E+00
2.12600E-06,1.598E+00
2.12700E-06,1.598E+00
2.12800E-06,1.598E+00
2.12900E-06,1.606E+00
2.13000E-06,1.598E+00
2.13100E-06,1.598E+00
2.13200E-06,1.598E+00
2.13300E-06,1.606E+00
2.13400E-06,1.606E+00
2.13500E-06,1.606E+00
2.13600E-06,1.598E+00
2.13700E-06,1.598E+00
2.13800E-06,1.598E+00
2.13900E-06,1.598E+00
2.14000E-06,1.598E+00
2.14100E-06,1.598E+00
2.14200E-06,1.598E+00
2.14300E-06,1.606E+00
2.14400E-06,1.606E+00
2.14500E-06,1.606E+00
2.14600E-06,1.606E+00
2.14700E-06,1.606E+00
2.14800E-06,1.598E+00
2.14900E-06,1.598E+00
2.15000E-06,1.598E+00
2.15100E-06,1.606E+00
2.15200E-06,1.606E+00
2.15300E-06,1.598E+00
2.15400E-06,1.598E+00
2.15500E-06,1.598E+00
2.15600E-06,1.598E+00
2.15700E-06,1.598E+00
2.15800E-06,1.598E+00
2.15900E-06,1.598E+00
2.16000E-06,1.606E+00
2.16100E-06,1.598E+00
2.16200E-06,1.598E+00
2.16300E-06,1.598E+00
2.16400E-06,1.598E+00
2.16500E-06,1.598E+00
2.16600E-06,1.590E+00
2.16700E-06,1.598E+00
2.16800E-06,1.598E+00
2.16900E-06,1.598E+00
2.17000E-06,1.606E+00
2.17100E-06,1.598E+00
2.17200E-06,1.598E+00
2.17300E-06,1.598E+00
2.17400E-06,1.598E+00
2.17500E-06,1.598E+00
2.17600E-06,1.598E+00
2.17700E-06,1.598E+00
2.17800E-06,1.598E+00
2.17900E-06,1.598E+00
2.18000E-06,1.598E+00
2.18100E-06,1.598E+00
2.18200E-06,1.598E+00
2.18300E-06,1.598E+00
2.18400E-06,1.598E+00
2.18500E-06,1.598E+00
2.18600E-06,1.598E+00
2.18700E-06,1.606E+00
2.18800E-06,1.598E+00
2.18900E-06,1.598E+00
2.19000E-06,1.598E+00
2.19100E-06,1.590E+00
2.19200E-06,1.598E+00
2.19300E-06,1.598E+00
2.19400E-06,1.598E+00
2.19500E-06,1.606E+00
2.19600E-06,1.598E+00
2.19700E-06,1.598E+00
2.19800E-06,1.598E+00
2.19900E-06,1.598E+00
2.20000E-06,1.606E+00
2.20100E-06,1.598E+00
2.20200E-06,1.598E+00
2.20300E-06,1.606E+00
2.20400E-06,1.598E+00
2.20500E-06,1.598E+00
2.20600E-06,1.598E+00
2.20700E-06,1.598E+00
2.20800E-06,1.598E+00
2.20900E-06,1.598E+00
2.21000E-06,1.598E+00
2.21100E-06,1.598E+00
2.21200E-06,1.598E+00
2.21300E-06,1.598E+00
2.21400E-06,1.598E+00
2.21500E-06,1.598E+00
2.21600E-06,1.598E+00
2.21700E-06,1.590E+00
2.21800E-06,1.598E+00
2.21900E-06,1.590E+00
2.22000E-06,1.598E+00
2.22100E-06,1.598E+00
2.22200E-06,1.598E+00
2.22300E-06,1.598E+00
2.22400E-06,1.606E+00
2.22500E-06,1.606E+00
2.22600E-06,1.598E+00
2.22700E-06,1.598E+00
2.22800E-06,1.598E+00
2.22900E-06,1.598E+00
2.23000E-06,1.598E+00
2.23100E-06,1.598E+00
2.23200E-06,1.598E+00
2.23300E-06,1.598E+00
2.23400E-06,1.598E+00
2.23500E-06,1.598E+00
2.23600E-06,1.598E+00
2.23700E-06,1.598E+00
2.23800E-06,1.598E+00
2.23900E-06,1.598E+00
2.24000E-06,1.598E+00
2.24100E-06,1.598E+00
2.24200E-06,1.598E+00
2.24300E-06,1.598E+00
2.24400E-06,1.606E+00
2.24500E-06,1.606E+00
2.24600E-06,1.598E+00
2.24700E-06,1.590E+00
2.24800E-06,1.590E+00
2.24900E-06,1.598E+00
2.25000E-06,1.598E+00
2.25100E-06,1.598E+00
2.25200E-06,1.598E+00
2.25300E-06,1.598E+00
2.25400E-06,1.598E+00
2.25500E-06,1.598E+00
2.25600E-06,1.598E+00
2.25700E-06,1.598E+00
2.25800E-06,1.598E+00
2.25900E-06,1.598E+00
2.26000E-06,1.606E+00
2.26100E-06,1.598E+00
2.26200E-06,1.598E+00
2.26300E-06,1.598E+00
2.26400E-06,1.598E+00
2.26500E-06,1.606E+00
2.26600E-06,1.598E+00
2.26700E-06,1.598E+00
2.26800E-06,1.598E+00
2.26900E-06,1.606E+00
2.27000E-06,1.598E+00
2.27100E-06,1.590E+00
2.27200E-06,1.590E+00
2.27300E-06,1.598E+00
2.27400E-06,1.598E+00
2.27500E-06,1.606E+00
2.27600E-06,1.598E+00
2.27700E-06,1.598E+00
2.27800E-06,1.598E+00
2.27900E-06,1.598E+00
2.28000E-06,1.598E+00
2.28100E-06,1.598E+00
2.28200E-06,1.598E+00
2.28300E-06,1.598E+00
2.28400E-06,1.598E+00
2.28500E-06,1.606E+00
2.28600E-06,1.598E+00
2.28700E-06,1.598E+00
2.28800E-06,1.590E+00
2.28900E-06,1.598E+00
2.29000E-06,1.598E+00
2.29100E-06,1.598E+00
2.29200E-06,1.598E+00
2.29300E-06,1.590E+00
2.29400E-06,1.598E+00
2.29500E-06,1.598E+00
2.29600E-06,1.598E+00
2.29700E-06,1.598E+00
2.29800E-06,1.590E+00
2.29900E-06,1.598E+00
2.30000E-06,1.598E+00
2.30100E-06,1.598E+00
2.30200E-06,1.598E+00
2.30300E-06,1.598E+00
2.30400E-06,1.598E+00
2.30500E-06,1.598E+00
2.30600E-06,1.606E+00
2.30700E-06,1.606E+00
2.30800E-06,1.606E+00
2.30900E-06,1.606E+00
2.31000E-06,1.598E+00
2.31100E-06,1.598E+00
2.31200E-06,1.590E+00
2.31300E-06,1.598E+00
2.31400E-06,1.598E+00
2.31500E-06,1.598E+00
2.31600E-06,1.598E+00
2.31700E-06,1.598E+00
2.31800E-06,1.598E+00
2.31900E-06,1.590E+00
2.32000E-06,1.598E+00
2.32100E-06,1.598E+00
2.32200E-06,1.598E+00
2.32300E-06,1.606E+00
2.32400E-06,1.606E+00
2.32500E-06,1.598E+00
2.32600E-06,1.590E+00
2.32700E-06,1.590E+00
2.32800E-06,1.598E+00
2.32900E-06,1.598E+00
2.33000E-06,1.598E+00
2.33100E-06,1.590E+00
2.33200E-06,1.598E+00
2.33300E-06,1.598E+00
2.33400E-06,1.598E+00
2.33500E-06,1.598E+00
2.33600E-06,1.598E+00
2.33700E-06,1.598E+00
2.33800E-06,1.598E+00
2.33900E-06,1.598E+00
2.34000E-06,1.598E+00
2.34100E-06,1.598E+00
2.34200E-06,1.590E+00
2.34300E-06,1.590E+00
2.34400E-06,1.598E+00
2.34500E-06,1.598E+00
2.34600E-06,1.606E+00
2.34700E-06,1.598E+00
2.34800E-06,1.598E+00
2.34900E-06,1.606E+00
2.35000E-06,1.606E+00
2.35100E-06,1.598E+00
2.35200E-06,1.590E+00
2.35300E-06,1.590E+00
2.35400E-06,1.598E+00
2.35500E-06,1.598E+00
2.35600E-06,1.598E+00
2.35700E-06,1.598E+00
2.35800E-06,1.598E+00
2.35900E-06,1.598E+00
2.36000E-06,1.598E+00
2.36100E-06,1.598E+00
2.36200E-06,1.598E+00
2.36300E-06,1.606E+00
2.36400E-06,1.606E+00
2.36500E-06,1.606E+00
2.36600E-06,1.606E+00
2.36700E-06,1.598E+00
2.36800E-06,1.606E+00
2.36900E-06,1.598E+00
2.37000E-06,1.598E+00
2.37100E-06,1.598E+00
2.37200E-06,1.598E+00
2.37300E-06,1.598E+00
2.37400E-06,1.598E+00
2.37500E-06,1.590E+00
2.37600E-06,1.590E+00
2.37700E-06,1.590E+00
2.37800E-06,1.598E+00
2.37900E-06,1.598E+00
2.38000E-06,1.606E+00
2.38100E-06,1.598E+00
2.38200E-06,1.598E+00
2.38300E-06,1.598E+00
2.38400E-06,1.598E+00
2.38500E-06,1.598E+00
2.38600E-06,1.598E+00
2.38700E-06,1.606E+00
2.38800E-06,1.598E+00
2.38900E-06,1.598E+00
2.39000E-06,1.598E+00
2.39100E-06,1.590E+00
2.39200E-06,1.598E+00
2.39300E-06,1.590E+00
2.39400E-06,1.598E+00
2.39500E-06,1.598E+00
2.39600E-06,1.598E+00
2.39700E-06,1.598E+00
2.39800E-06,1.598E+00
2.39900E-06,1.590E+00
2.40000E-06,1.598E+00
2.40100E-06,1.598E+00
2.40200E-06,1.590E+00
2.40300E-06,1.598E+00
2.40400E-06,1.606E+00
2.40500E-06,1.606E+00
2.40600E-06,1.598E+00
2.40700E-06,1.590E+00
2.40800E-06,1.598E+00
2.40900E-06,1.590E+00
2.41000E-06,1.590E+00
2.41100E-06,1.590E+00
2.41200E-06,1.590E+00
2.41300E-06,1.598E+00
2.41400E-06,1.606E+00
2.41500E-06,1.598E+00
2.41600E-06,1.598E+00
2.41700E-06,1.598E+00
2.41800E-06,1.606E+00
2.41900E-06,1.606E+00
2.42000E-06,1.598E+00
2.42100E-06,1.598E+00
2.42200E-06,1.590E+00
2.42300E-06,1.590E+00
2.42400E-06,1.598E+00
2.42500E-06,1.598E+00
2.42600E-06,1.598E+00
2.42700E-06,1.598E+00
2.42800E-06,1.598E+00
2.42900E-06,1.598E+00
2.43000E-06,1.598E+00
2.43100E-06,1.590E+00
2.43200E-06,1.590E+00
2.43300E-06,1.598E+00
2.43400E-06,1.598E+00
2.43500E-06,1.606E+00
2.43600E-06,1.606E+00
2.43700E-06,1.606E+00
2.43800E-06,1.598E+00
2.43900E-06,1.598E+00
2.44000E-06,1.598E+00
2.44100E-06,1.598E+00
2.44200E-06,1.598E+00
2.44300E-06,1.606E+00
2.44400E-06,1.606E+00
2.44500E-06,1.606E+00
2.44600E-06,1.598E+00
2.44700E-06,1.598E+00
2.44800E-06,1.598E+00
2.44900E-06,1.598E+00
2.45000E-06,1.598E+00
2.45100E-06,1.598E+00
2.45200E-06,1.590E+00
2.45300E-06,1.598E+00
2.45400E-06,1.606E+00
2.45500E-06,1.606E+00
2.45600E-06,1.598E+00
2.45700E-06,1.598E+00
2.45800E-06,1.598E+00
2.45900E-06,1.598E+00
2.46000E-06,1.598E+00
2.46100E-06,1.606E+00
2.46200E-06,1.598E+00
2.46300E-06,1.598E+00
2.46400E-06,1.598E+00
2.46500E-06,1.598E+00
2.46600E-06,1.598E+00
2.46700E-06,1.598E+00
2.46800E-06,1.598E+00
2.46900E-06,1.598E+00
2.47000E-06,1.598E+00
2.47100E-06,1.598E+00
2.47200E-06,1.598E+00
2.47300E-06,1.606E+00
2.47400E-06,1.606E+00
2.47500E-06,1.606E+00
2.47600E-06,1.598E+00
2.47700E-06,1.598E+00
2.47800E-06,1.590E+00
2.47900E-06,1.598E+00
2.48000E-06,1.598E+00
2.48100E-06,1.598E+00
2.48200E-06,1.598E+00
2.48300E-06,1.598E+00
2.48400E-06,1.606E+00
2.48500E-06,1.606E+00
2.48600E-06,1.598E+00
2.48700E-06,1.598E+00
2.48800E-06,1.598E+00
2.48900E-06,1.606E+00
2.49000E-06,1.606E+00
2.49100E-06,1.606E+00
2.49200E-06,1.598E+00
2.49300E-06,1.590E+00
2.49400E-06,1.598E+00
2.49500E-06,1.598E+00
2.49600E-06,1.598E+00
2.49700E-06,1.598E+00
2.49800E-06,1.598E+00
2.49900E-06,1.598E+00
2.50000E-06,1.590E+00
2.50100E-06,1.590E+00
2.50200E-06,1.590E+00
2.50300E-06,1.598E+00
2.50400E-06,1.606E+00
2.50500E-06,1.598E+00
2.50600E-06,1.606E+00
2.50700E-06,1.598E+00
2.50800E-06,1.598E+00
2.50900E-06,1.598E+00
2.51000E-06,1.598E+00
2.51100E-06,1.598E+00
2.51200E-06,1.598E+00
2.51300E-06,1.598E+00
2.51400E-06,1.598E+00
2.51500E-06,1.598E+00
2.51600E-06,1.590E+00
2.51700E-06,1.598E+00
2.51800E-06,1.590E+00
2.51900E-06,1.598E+00
2.52000E-06,1.598E+00
2.52100E-06,1.590E+00
2.52200E-06,1.598E+00
2.52300E-06,1.598E+00
2.52400E-06,1.606E+00
2.52500E-06,1.606E+00
2.52600E-06,1.606E+00
2.52700E-06,1.598E+00
2.52800E-06,1.598E+00
2.52900E-06,1.598E+00
2.53000E-06,1.598E+00
2.53100E-06,1.598E+00
2.53200E-06,1.598E+00
2.53300E-06,1.598E+00
2.53400E-06,1.598E+00
2.53500E-06,1.606E+00
2.53600E-06,1.598E+00
2.53700E-06,1.598E+00
2.53800E-06,1.598E+00
2.53900E-06,1.598E+00
2.54000E-06,1.590E+00
2.54100E-06,1.598E+00
2.54200E-06,1.598E+00
2.54300E-06,1.598E+00
2.54400E-06,1.606E+00
2.54500E-06,1.598E+00
2.54600E-06,1.598E+00
2.54700E-06,1.598E+00
2.54800E-06,1.598E+00
2.54900E-06,1.598E+00
2.55000E-06,1.598E+00
2.55100E-06,1.598E+00
2.55200E-06,1.598E+00
2.55300E-06,1.598E+00
2.55400E-06,1.598E+00
2.55500E-06,1.598E+00
2.55600E-06,1.598E+00
2.55700E-06,1.598E+00
2.55800E-06,1.606E+00
2.55900E-06,1.606E+00
2.56000E-06,1.598E+00
2.56100E-06,1.598E+00
2.56200E-06,1.598E+00
2.56300E-06,1.598E+00
2.56400E-06,1.598E+00
2.56500E-06,1.598E+00
2.56600E-06,1.598E+00
2.56700E-06,1.598E+00
2.56800E-06,1.598E+00
2.56900E-06,1.606E+00
2.57000E-06,1.598E+00
2.57100E-06,1.598E+00
2.57200E-06,1.598E+00
2.57300E-06,1.598E+00
2.57400E-06,1.598E+00
2.57500E-06,1.598E+00
2.57600E-06,1.598E+00
2.57700E-06,1.598E+00
2.57800E-06,1.606E+00
2.57900E-06,1.606E+00
2.58000E-06,1.598E+00
2.58100E-06,1.606E+00
2.58200E-06,1.598E+00
2.58300E-06,1.598E+00
2.58400E-06,1.606E+00
2.58500E-06,1.606E+00
2.58600E-06,1.598E+00
2.58700E-06,1.598E+00
2.58800E-06,1.606E+00
2.58900E-06,1.598E+00
2.59000E-06,1.590E+00
2.59100E-06,1.590E+00
2.59200E-06,1.590E+00
2.59300E-06,1.590E+00
2.59400E-06,1.598E+00
2.59500E-06,1.606E+00
2.59600E-06,1.598E+00
2.59700E-06,1.598E+00
2.59800E-06,1.590E+00
2.59900E-06,1.598E+00
2.60000E-06,1.598E+00
2.60100E-06,1.598E+00
2.60200E-06,1.598E+00
2.60300E-06,1.590E+00
2.60400E-06,1.598E+00
2.60500E-06,1.590E+00
2.60600E-06,1.598E+00
2.60700E-06,1.590E+00
2.60800E-06,1.598E+00
2.60900E-06,1.590E+00
2.61000E-06,1.598E+00
2.61100E-06,1.590E+00
2.61200E-06,1.598E+00
2.61300E-06,1.598E+00
2.61400E-06,1.598E+00
2.61500E-06,1.606E+00
2.61600E-06,1.598E+00
2.61700E-06,1.598E+00
2.61800E-06,1.598E+00
2.61900E-06,1.606E+00
2.62000E-06,1.598E+00
2.62100E-06,1.598E+00
2.62200E-06,1.590E+00
2.62300E-06,1.598E+00
2.62400E-06,1.598E+00
2.62500E-06,1.606E+00
2.62600E-06,1.606E+00
2.62700E-06,1.598E+00
2.62800E-06,1.590E+00
2.62900E-06,1.598E+00
2.63000E-06,1.598E+00
2.63100E-06,1.598E+00
2.63200E-06,1.606E+00
2.63300E-06,1.598E+00
2.63400E-06,1.606E+00
2.63500E-06,1.606E+00
2.63600E-06,1.606E+00
2.63700E-06,1.598E+00
2.63800E-06,1.598E+00
2.63900E-06,1.598E+00
2.64000E-06,1.598E+00
2.64100E-06,1.590E+00
2.64200E-06,1.598E+00
2.64300E-06,1.590E+00
2.64400E-06,1.598E+00
2.64500E-06,1.598E+00
2.64600E-06,1.598E+00
2.64700E-06,1.598E+00
2.64800E-06,1.598E+00
2.64900E-06,1.598E+00
2.65000E-06,1.598E+00
2.65100E-06,1.606E+00
2.65200E-06,1.598E+00
2.65300E-06,1.598E+00
2.65400E-06,1.598E+00
2.65500E-06,1.598E+00
2.65600E-06,1.598E+00
2.65700E-06,1.598E+00
2.65800E-06,1.598E+00
2.65900E-06,1.606E+00
2.66000E-06,1.606E+00
2.66100E-06,1.598E+00
2.66200E-06,1.590E+00
2.66300E-06,1.598E+00
2.66400E-06,1.606E+00
2.66500E-06,1.606E+00
2.66600E-06,1.598E+00
2.66700E-06,1.598E+00
2.66800E-06,1.598E+00
2.66900E-06,1.606E+00
2.67000E-06,1.598E+00
2.67100E-06,1.598E+00
2.67200E-06,1.598E+00
2.67300E-06,1.590E+00
2.67400E-06,1.598E+00
2.67500E-06,1.590E+00
2.67600E-06,1.590E+00
2.67700E-06,1.590E+00
2.67800E-06,1.590E+00
2.67900E-06,1.598E+00
2.68000E-06,1.598E+00
2.68100E-06,1.598E+00
2.68200E-06,1.606E+00
2.68300E-06,1.606E+00
2.68400E-06,1.606E+00
2.68500E-06,1.598E+00
2.68600E-06,1.598E+00
2.68700E-06,1.598E+00
2.68800E-06,1.598E+00
2.68900E-06,1.598E+00
2.69000E-06,1.606E+00
2.69100E-06,1.606E+00
2.69200E-06,1.598E+00
2.69300E-06,1.590E+00
2.69400E-06,1.598E+00
2.69500E-06,1.598E+00
2.69600E-06,1.598E+00
2.69700E-06,1.606E+00
2.69800E-06,1.598E+00
2.69900E-06,1.598E+00
2.70000E-06,1.606E+00
2.70100E-06,1.598E+00
2.70200E-06,1.598E+00
2.70300E-06,1.598E+00
2.70400E-06,1.598E+00
2.70500E-06,1.598E+00
2.70600E-06,1.590E+00
2.70700E-06,1.590E+00
2.70800E-06,1.590E+00
2.70900E-06,1.598E+00
2.71000E-06,1.598E+00
2.71100E-06,1.590E+00
2.71200E-06,1.598E+00
2.71300E-06,1.598E+00
2.71400E-06,1.598E+00
2.71500E-06,1.598E+00
2.71600E-06,1.590E+00
2.71700E-06,1.590E+00
2.71800E-06,1.598E+00
2.71900E-06,1.598E+00
2.72000E-06,1.598E+00
2.72100E-06,1.598E+00
2.72200E-06,1.590E+00
2.72300E-06,1.606E+00
2.72400E-06,1.606E+00
2.72500E-06,1.606E+00
2.72600E-06,1.598E+00
2.72700E-06,1.598E+00
2.72800E-06,1.598E+00
2.72900E-06,1.598E+00
2.73000E-06,1.598E+00
2.73100E-06,1.606E+00
2.73200E-06,1.598E+00
2.73300E-06,1.606E+00
2.73400E-06,1.598E+00
2.73500E-06,1.598E+00
2.73600E-06,1.598E+00
2.73700E-06,1.598E+00
2.73800E-06,1.598E+00
2.73900E-06,1.598E+00
2.74000E-06,1.590E+00
2.74100E-06,1.598E+00
2.74200E-06,1.590E+00
2.74300E-06,1.598E+00
2.74400E-06,1.590E+00
2.74500E-06,1.598E+00
2.74600E-06,1.598E+00
2.74700E-06,1.598E+00
2.74800E-06,1.598E+00
2.74900E-06,1.598E+00
2.75000E-06,1.590E+00
2.75100E-06,1.590E+00
2.75200E-06,1.590E+00
2.75300E-06,1.598E+00
2.75400E-06,1.598E+00
2.75500E-06,1.598E+00
2.75600E-06,1.598E+00
2.75700E-06,1.598E+00
2.75800E-06,1.590E+00
2.75900E-06,1.598E+00
2.76000E-06,1.598E+00
2.76100E-06,1.598E+00
2.76200E-06,1.598E+00
2.76300E-06,1.598E+00
2.76400E-06,1.606E+00
2.76500E-06,1.598E+00
2.76600E-06,1.598E+00
2.76700E-06,1.598E+00
2.76800E-06,1.598E+00
2.76900E-06,1.598E+00
2.77000E-06,1.598E+00
2.77100E-06,1.598E+00
2.77200E-06,1.598E+00
2.77300E-06,1.598E+00
2.77400E-06,1.598E+00
2.77500E-06,1.598E+00
2.77600E-06,1.598E+00
2.77700E-06,1.598E+00
2.77800E-06,1.598E+00
2.77900E-06,1.598E+00
2.78000E-06,1.598E+00
2.78100E-06,1.598E+00
2.78200E-06,1.598E+00
2.78300E-06,1.598E+00
2.78400E-06,1.606E+00
2.78500E-06,1.598E+00
2.78600E-06,1.598E+00
2.78700E-06,1.598E+00
2.78800E-06,1.598E+00
2.78900E-06,1.598E+00
2.79000E-06,1.606E+00
2.79100E-06,1.598E+00
2.79200E-06,1.590E+00
2.79300E-06,1.590E+00
2.79400E-06,1.606E+00
2.79500E-06,1.606E+00
2.79600E-06,1.606E+00
2.79700E-06,1.598E+00
2.79800E-06,1.590E+00
2.79900E-06,1.598E+00
2.80000E-06,1.598E+00
2.80100E-06,1.590E+00
2.80200E-06,1.598E+00
2.80300E-06,1.598E+00
2.80400E-06,1.598E+00
2.80500E-06,1.598E+00
2.80600E-06,1.598E+00
2.80700E-06,1.598E+00
2.80800E-06,1.598E+00
2.80900E-06,1.598E+00
2.81000E-06,1.598E+00
2.81100E-06,1.598E+00
2.81200E-06,1.598E+00
2.81300E-06,1.598E+00
2.81400E-06,1.590E+00
2.81500E-06,1.598E+00
2.81600E-06,1.598E+00
2.81700E-06,1.590E+00
2.81800E-06,1.598E+00
2.81900E-06,1.590E+00
2.82000E-06,1.598E+00
2.82100E-06,1.598E+00
2.82200E-06,1.590E+00
2.82300E-06,1.598E+00
2.82400E-06,1.598E+00
2.82500E-06,1.598E+00
2.82600E-06,1.598E+00
2.82700E-06,1.598E+00
2.82800E-06,1.598E+00
2.82900E-06,1.598E+00
2.83000E-06,1.598E+00
2.83100E-06,1.598E+00
2.83200E-06,1.598E+00
2.83300E-06,1.598E+00
2.83400E-06,1.606E+00
2.83500E-06,1.606E+00
2.83600E-06,1.598E+00
2.83700E-06,1.590E+00
2.83800E-06,1.590E+00
2.83900E-06,1.598E+00
2.84000E-06,1.598E+00
2.84100E-06,1.590E+00
2.84200E-06,1.598E+00
2.84300E-06,1.598E+00
2.84400E-06,1.606E+00
2.84500E-06,1.598E+00
2.84600E-06,1.598E+00
2.84700E-06,1.598E+00
2.84800E-06,1.598E+00
2.84900E-06,1.598E+00
2.85000E-06,1.598E+00
2.85100E-06,1.598E+00
2.85200E-06,1.590E+00
2.85300E-06,1.590E+00
2.85400E-06,1.590E+00
2.85500E-06,1.598E+00
2.85600E-06,1.598E+00
2.85700E-06,1.598E+00
2.85800E-06,1.598E+00
2.85900E-06,1.598E+00
2.86000E-06,1.606E+00
2.86100E-06,1.598E+00
2.86200E-06,1.598E+00
2.86300E-06,1.598E+00
2.86400E-06,1.598E+00
2.86500E-06,1.606E+00
2.86600E-06,1.606E+00
2.86700E-06,1.598E+00
2.86800E-06,1.590E+00
2.86900E-06,1.598E+00
2.87000E-06,1.598E+00
2.87100E-06,1.598E+00
2.87200E-06,1.598E+00
2.87300E-06,1.598E+00
2.87400E-06,1.598E+00
2.87500E-06,1.598E+00
2.87600E-06,1.598E+00
2.87700E-06,1.598E+00
2.87800E-06,1.598E+00
2.87900E-06,1.606E+00
2.88000E-06,1.598E+00
2.88100E-06,1.598E+00
2.88200E-06,1.598E+00
2.88300E-06,1.598E+00
2.88400E-06,1.598E+00
2.88500E-06,1.598E+00
2.88600E-06,1.598E+00
2.88700E-06,1.598E+00
2.88800E-06,1.598E+00
2.88900E-06,1.598E+00
2.89000E-06,1.598E+00
2.89100E-06,1.598E+00
2.89200E-06,1.598E+00
2.89300E-06,1.598E+00
2.89400E-06,1.598E+00
2.89500E-06,1.598E+00
2.89600E-06,1.598E+00
2.89700E-06,1.606E+00
2.89800E-06,1.598E+00
2.89900E-06,1.598E+00
2.90000E-06,1.598E+00
2.90100E-06,1.606E+00
2.90200E-06,1.598E+00
2.90300E-06,1.606E+00
2.90400E-06,1.606E+00
2.90500E-06,1.606E+00
2.90600E-06,1.598E+00
2.90700E-06,1.598E+00
2.90800E-06,1.598E+00
2.90900E-06,1.590E+00
2.91000E-06,1.598E+00
2.91100E-06,1.598E+00
2.91200E-06,1.598E+00
2.91300E-06,1.606E+00
2.91400E-06,1.606E+00
2.91500E-06,1.598E+00
2.91600E-06,1.598E+00
2.91700E-06,1.590E+00
2.91800E-06,1.598E+00
2.91900E-06,1.598E+00
2.92000E-06,1.598E+00
2.92100E-06,1.590E+00
2.92200E-06,1.590E+00
2.92300E-06,1.598E+00
2.92400E-06,1.598E+00
2.92500E-06,1.606E+00
2.92600E-06,1.598E+00
2.92700E-06,1.598E+00
2.92800E-06,1.598E+00
2.92900E-06,1.598E+00
2.93000E-06,1.598E+00
2.93100E-06,1.598E+00
2.93200E-06,1.598E+00
2.93300E-06,1.598E+00
2.93400E-06,1.590E+00
2.93500E-06,1.598E+00
2.93600E-06,1.590E+00
2.93700E-06,1.590E+00
2.93800E-06,1.598E+00
2.93900E-06,1.598E+00
2.94000E-06,1.598E+00
2.94100E-06,1.606E+00
2.94200E-06,1.598E+00
2.94300E-06,1.598E+00
2.94400E-06,1.598E+00
2.94500E-06,1.598E+00
2.94600E-06,1.590E+00
2.94700E-06,1.598E+00
2.94800E-06,1.598E+00
2.94900E-06,1.598E+00
2.95000E-06,1.590E+00
2.95100E-06,1.598E+00
2.95200E-06,1.598E+00
2.95300E-06,1.606E+00
2.95400E-06,1.598E+00
2.95500E-06,1.598E+00
2.95600E-06,1.598E+00
2.95700E-06,1.590E+00
2.95800E-06,1.590E+00
2.95900E-06,1.590E+00
2.96000E-06,1.598E+00
2.96100E-06,1.590E+00
2.96200E-06,1.598E+00
2.96300E-06,1.606E+00
2.96400E-06,1.606E+00
2.96500E-06,1.598E+00
2.96600E-06,1.598E+00
2.96700E-06,1.598E+00
2.96800E-06,1.598E+00
2.96900E-06,1.598E+00
2.97000E-06,1.598E+00
2.97100E-06,1.590E+00
2.97200E-06,1.598E+00
2.97300E-06,1.598E+00
2.97400E-06,1.606E+00
2.97500E-06,1.606E+00
2.97600E-06,1.598E+00
2.97700E-06,1.598E+00
2.97800E-06,1.598E+00
2.97900E-06,1.606E+00
2.98000E-06,1.606E+00
2.98100E-06,1.598E+00
2.98200E-06,1.598E+00
2.98300E-06,1.598E+00
2.98400E-06,1.606E+00
2.98500E-06,1.598E+00
2.98600E-06,1.598E+00
2.98700E-06,1.606E+00
2.98800E-06,1.598E+00
2.98900E-06,1.598E+00
2.99000E-06,1.598E+00
2.99100E-06,1.598E+00
2.99200E-06,1.598E+00
2.99300E-06,1.598E+00
2.99400E-06,1.598E+00
2.99500E-06,1.598E+00
2.99600E-06,1.598E+00
2.99700E-06,1.598E+00
2.99800E-06,1.606E+00
2.99900E-06,1.606E+00
3.00000E-06,1.606E+00
3.00100E-06,1.598E+00
3.00200E-06,1.598E+00
3.00300E-06,1.606E+00
3.00400E-06,1.598E+00
3.00500E-06,1.606E+00
3.00600E-06,1.598E+00
3.00700E-06,1.606E+00
3.00800E-06,1.598E+00
3.00900E-06,1.598E+00
3.01000E-06,1.598E+00
3.01100E-06,1.598E+00
3.01200E-06,1.598E+00
3.01300E-06,1.598E+00
3.01400E-06,1.598E+00
3.01500E-06,1.598E+00
3.01600E-06,1.590E+00
3.01700E-06,1.598E+00
3.01800E-06,1.598E+00
3.01900E-06,1.598E+00
3.02000E-06,1.606E+00
3.02100E-06,1.598E+00
3.02200E-06,1.590E+00
3.02300E-06,1.598E+00
3.02400E-06,1.606E+00
3.02500E-06,1.598E+00
3.02600E-06,1.598E+00
3.02700E-06,1.590E+00
3.02800E-06,1.598E+00
3.02900E-06,1.598E+00
3.03000E-06,1.598E+00
3.03100E-06,1.598E+00
3.03200E-06,1.598E+00
3.03300E-06,1.598E+00
3.03400E-06,1.606E+00
3.03500E-06,1.606E+00
3.03600E-06,1.606E+00
3.03700E-06,1.606E+00
3.03800E-06,1.590E+00
3.03900E-06,1.590E+00
3.04000E-06,1.598E+00
3.04100E-06,1.598E+00
3.04200E-06,1.598E+00
3.04300E-06,1.598E+00
3.04400E-06,1.598E+00
3.04500E-06,1.598E+00
3.04600E-06,1.598E+00
3.04700E-06,1.598E+00
3.04800E-06,1.598E+00
3.04900E-06,1.598E+00
3.05000E-06,1.598E+00
3.05100E-06,1.590E+00
3.05200E-06,1.598E+00
3.05300E-06,1.598E+00
3.05400E-06,1.606E+00
3.05500E-06,1.606E+00
3.05600E-06,1.606E+00
3.05700E-06,1.598E+00
3.05800E-06,1.598E+00
3.05900E-06,1.606E+00
3.06000E-06,1.598E+00
3.06100E-06,1.590E+00
3.06200E-06,1.598E+00
3.06300E-06,1.598E+00
3.06400E-06,1.590E+00
3.06500E-06,1.598E+00
3.06600E-06,1.598E+00
3.06700E-06,1.598E+00
3.06800E-06,1.598E+00
3.06900E-06,1.606E+00
3.07000E-06,1.606E+00
3.07100E-06,1.598E+00
3.07200E-06,1.598E+00
3.07300E-06,1.598E+00
3.07400E-06,1.606E+00
3.07500E-06,1.606E+00
3.07600E-06,1.598E+00
3.07700E-06,1.598E+00
3.07800E-06,1.598E+00
3.07900E-06,1.606E+00
3.08000E-06,1.606E+00
3.08100E-06,1.598E+00
3.08200E-06,1.598E+00
3.08300E-06,1.598E+00
3.08400E-06,1.598E+00
3.08500E-06,1.598E+00
3.08600E-06,1.598E+00
3.08700E-06,1.598E+00
3.08800E-06,1.598E+00
3.08900E-06,1.590E+00
3.09000E-06,1.598E+00
3.09100E-06,1.590E+00
3.09200E-06,1.598E+00
3.09300E-06,1.598E+00
3.09400E-06,1.598E+00
3.09500E-06,1.598E+00
3.09600E-06,1.598E+00
3.09700E-06,1.598E+00
3.09800E-06,1.598E+00
3.09900E-06,1.598E+00
3.10000E-06,1.598E+00
3.10100E-06,1.598E+00
3.10200E-06,1.598E+00
3.10300E-06,1.598E+00
3.10400E-06,1.606E+00
3.10500E-06,1.606E+00
3.10600E-06,1.598E+00
3.10700E-06,1.590E+00
3.10800E-06,1.598E+00
3.10900E-06,1.606E+00
3.11000E-06,1.606E+00
3.11100E-06,1.606E+00
3.11200E-06,1.598E+00
3.11300E-06,1.606E+00
3.11400E-06,1.606E+00
3.11500E-06,1.606E+00
3.11600E-06,1.598E+00
3.11700E-06,1.590E+00
3.11800E-06,1.598E+00
3.11900E-06,1.598E+00
3.12000E-06,1.598E+00
3.12100E-06,1.598E+00
3.12200E-06,1.598E+00
3.12300E-06,1.598E+00
3.12400E-06,1.598E+00
3.12500E-06,1.606E+00
3.12600E-06,1.598E+00
3.12700E-06,1.606E+00
3.12800E-06,1.606E+00
3.12900E-06,1.598E+00
3.13000E-06,1.598E+00
3.13100E-06,1.598E+00
3.13200E-06,1.598E+00
3.13300E-06,1.598E+00
3.13400E-06,1.598E+00
3.13500E-06,1.598E+00
3.13600E-06,1.598E+00
3.13700E-06,1.598E+00
3.13800E-06,1.598E+00
3.13900E-06,1.598E+00
3.14000E-06,1.598E+00
3.14100E-06,1.598E+00
3.14200E-06,1.598E+00
3.14300E-06,1.598E+00
3.14400E-06,1.598E+00
3.14500E-06,1.606E+00
3.14600E-06,1.598E+00
3.14700E-06,1.598E+00
3.14800E-06,1.598E+00
3.14900E-06,1.598E+00
3.15000E-06,1.590E+00
3.15100E-06,1.598E+00
3.15200E-06,1.590E+00
3.15300E-06,1.598E+00
3.15400E-06,1.598E+00
3.15500E-06,1.598E+00
3.15600E-06,1.598E+00
3.15700E-06,1.598E+00
3.15800E-06,1.590E+00
3.15900E-06,1.590E+00
3.16000E-06,1.598E+00
3.16100E-06,1.598E+00
3.16200E-06,1.598E+00
3.16300E-06,1.606E+00
3.16400E-06,1.598E+00
3.16500E-06,1.598E+00
3.16600E-06,1.598E+00
3.16700E-06,1.598E+00
3.16800E-06,1.598E+00
3.16900E-06,1.590E+00
3.17000E-06,1.598E+00
3.17100E-06,1.590E+00
3.17200E-06,1.590E+00
3.17300E-06,1.598E+00
3.17400E-06,1.598E+00
3.17500E-06,1.598E+00
3.17600E-06,1.598E+00
3.17700E-06,1.590E+00
3.17800E-06,1.598E+00
3.17900E-06,1.598E+00
3.18000E-06,1.598E+00
3.18100E-06,1.598E+00
3.18200E-06,1.598E+00
3.18300E-06,1.606E+00
3.18400E-06,1.606E+00
3.18500E-06,1.606E+00
3.18600E-06,1.598E+00
3.18700E-06,1.598E+00
3.18800E-06,1.606E+00
3.18900E-06,1.598E+00
3.19000E-06,1.598E+00
3.19100E-06,1.598E+00
3.19200E-06,1.598E+00
3.19300E-06,1.598E+00
3.19400E-06,1.606E+00
3.19500E-06,1.606E+00
3.19600E-06,1.598E+00
3.19700E-06,1.598E+00
3.19800E-06,1.598E+00
3.19900E-06,1.598E+00
3.20000E-06,1.598E+00
3.20100E-06,1.590E+00
3.20200E-06,1.590E+00
3.20300E-06,1.598E+00
3.20400E-06,1.598E+00
3.20500E-06,1.598E+00
3.20600E-06,1.598E+00
3.20700E-06,1.598E+00
3.20800E-06,1.606E+00
3.20900E-06,1.606E+00
3.21000E-06,1.598E+00
3.21100E-06,1.598E+00
3.21200E-06,1.590E+00
3.21300E-06,1.598E+00
3.21400E-06,1.598E+00
3.21500E-06,1.598E+00
3.21600E-06,1.598E+00
3.21700E-06,1.598E+00
3.21800E-06,1.598E+00
3.21900E-06,1.598E+00
3.22000E-06,1.598E+00
3.22100E-06,1.598E+00
3.22200E-06,1.606E+00
3.22300E-06,1.598E+00
3.22400E-06,1.606E+00
3.22500E-06,1.598E+00
3.22600E-06,1.598E+00
3.22700E-06,1.606E+00
3.22800E-06,1.606E+00
3.22900E-06,1.598E+00
3.23000E-06,1.598E+00
3.23100E-06,1.598E+00
3.23200E-06,1.590E+00
3.23300E-06,1.598E+00
3.23400E-06,1.606E+00
3.23500E-06,1.606E+00
3.23600E-06,1.606E+00
3.23700E-06,1.606E+00
3.23800E-06,1.606E+00
3.23900E-06,1.598E+00
3.24000E-06,1.598E+00
3.24100E-06,1.590E+00
3.24200E-06,1.590E+00
3.24300E-06,1.598E+00
3.24400E-06,1.598E+00
3.24500E-06,1.606E+00
3.24600E-06,1.598E+00
3.24700E-06,1.598E+00
3.24800E-06,1.598E+00
3.24900E-06,1.606E+00
3.25000E-06,1.598E+00
3.25100E-06,1.606E+00
3.25200E-06,1.606E+00
3.25300E-06,1.598E+00
3.25400E-06,1.598E+00
3.25500E-06,1.598E+00
3.25600E-06,1.606E+00
3.25700E-06,1.598E+00
3.25800E-06,1.598E+00
3.25900E-06,1.606E+00
3.26000E-06,1.598E+00
3.26100E-06,1.598E+00
3.26200E-06,1.598E+00
3.26300E-06,1.598E+00
3.26400E-06,1.598E+00
3.26500E-06,1.606E+00
3.26600E-06,1.606E+00
3.26700E-06,1.598E+00
3.26800E-06,1.598E+00
3.26900E-06,1.598E+00
3.27000E-06,1.598E+00
3.27100E-06,1.590E+00
3.27200E-06,1.598E+00
3.27300E-06,1.606E+00
3.27400E-06,1.598E+00
3.27500E-06,1.598E+00
3.27600E-06,1.598E+00
3.27700E-06,1.598E+00
3.27800E-06,1.598E+00
3.27900E-06,1.598E+00
3.28000E-06,1.598E+00
3.28100E-06,1.598E+00
3.28200E-06,1.598E+00
3.28300E-06,1.598E+00
3.28400E-06,1.598E+00
3.28500E-06,1.598E+00
3.28600E-06,1.598E+00
3.28700E-06,1.590E+00
3.28800E-06,1.598E+00
3.28900E-06,1.606E+00
3.29000E-06,1.606E+00
3.29100E-06,1.598E+00
3.29200E-06,1.590E+00
3.29300E-06,1.598E+00
3.29400E-06,1.590E+00
3.29500E-06,1.590E+00
3.29600E-06,1.590E+00
3.29700E-06,1.590E+00
3.29800E-06,1.598E+00
3.29900E-06,1.598E+00
3.30000E-06,1.598E+00
3.30100E-06,1.598E+00
3.30200E-06,1.598E+00
3.30300E-06,1.598E+00
3.30400E-06,1.598E+00
3.30500E-06,1.598E+00
3.30600E-06,1.598E+00
3.30700E-06,1.598E+00
3.30800E-06,1.590E+00
3.30900E-06,1.598E+00
3.31000E-06,1.598E+00
3.31100E-06,1.598E+00
3.31200E-06,1.598E+00
3.31300E-06,1.598E+00
3.31400E-06,1.598E+00
3.31500E-06,1.606E+00
3.31600E-06,1.598E+00
3.31700E-06,1.598E+00
3.31800E-06,1.598E+00
3.31900E-06,1.598E+00
3.32000E-06,1.598E+00
3.32100E-06,1.598E+00
3.32200E-06,1.598E+00
3.32300E-06,1.598E+00
3.32400E-06,1.598E+00
3.32500E-06,1.590E+00
3.32600E-06,1.598E+00
3.32700E-06,1.590E+00
3.32800E-06,1.590E+00
3.32900E-06,1.598E+00
3.33000E-06,1.598E+00
3.33100E-06,1.598E+00
3.33200E-06,1.598E+00
3.33300E-06,1.598E+00
3.33400E-06,1.598E+00
3.33500E-06,1.598E+00
3.33600E-06,1.598E+00
3.33700E-06,1.598E+00
3.33800E-06,1.598E+00
3.33900E-06,1.598E+00
3.34000E-06,1.598E+00
3.34100E-06,1.590E+00
3.34200E-06,1.598E+00
3.34300E-06,1.598E+00
3.34400E-06,1.606E+00
3.34500E-06,1.598E+00
3.34600E-06,1.598E+00
3.34700E-06,1.590E+00
3.34800E-06,1.598E+00
3.34900E-06,1.598E+00
3.35000E-06,1.590E+00
3.35100E-06,1.598E+00
3.35200E-06,1.598E+00
3.35300E-06,1.598E+00
3.35400E-06,1.606E+00
3.35500E-06,1.598E+00
3.35600E-06,1.598E+00
3.35700E-06,1.598E+00
3.35800E-06,1.598E+00
3.35900E-06,1.590E+00
3.36000E-06,1.598E+00
3.36100E-06,1.590E+00
3.36200E-06,1.590E+00
3.36300E-06,1.590E+00
3.36400E-06,1.598E+00
3.36500E-06,1.590E+00
3.36600E-06,1.598E+00
3.36700E-06,1.598E+00
3.36800E-06,1.598E+00
3.36900E-06,1.598E+00
3.37000E-06,1.598E+00
3.37100E-06,1.598E+00
3.37200E-06,1.598E+00
3.37300E-06,1.598E+00
3.37400E-06,1.598E+00
3.37500E-06,1.598E+00
3.37600E-06,1.606E+00
3.37700E-06,1.606E+00
3.37800E-06,1.614E+00
3.37900E-06,1.606E+00
3.38000E-06,1.598E+00
3.38100E-06,1.598E+00
3.38200E-06,1.598E+00
3.38300E-06,1.598E+00
3.38400E-06,1.598E+00
3.38500E-06,1.598E+00
3.38600E-06,1.598E+00
3.38700E-06,1.598E+00
3.38800E-06,1.606E+00
3.38900E-06,1.598E+00
3.39000E-06,1.598E+00
3.39100E-06,1.598E+00
3.39200E-06,1.598E+00
3.39300E-06,1.598E+00
3.39400E-06,1.606E+00
3.39500E-06,1.606E+00
3.39600E-06,1.606E+00
3.39700E-06,1.598E+00
3.39800E-06,1.598E+00
3.39900E-06,1.606E+00
3.40000E-06,1.598E+00
3.40100E-06,1.590E+00
3.40200E-06,1.598E+00
3.40300E-06,1.606E+00
3.40400E-06,1.606E+00
3.40500E-06,1.598E+00
3.40600E-06,1.598E+00
3.40700E-06,1.606E+00
3.40800E-06,1.590E+00
3.40900E-06,1.598E+00
3.41000E-06,1.598E+00
3.41100E-06,1.598E+00
3.41200E-06,1.606E+00
3.41300E-06,1.606E+00
3.41400E-06,1.606E+00
3.41500E-06,1.606E+00
3.41600E-06,1.598E+00
3.41700E-06,1.598E+00
3.41800E-06,1.598E+00
3.41900E-06,1.598E+00
3.42000E-06,1.598E+00
3.42100E-06,1.598E+00
3.42200E-06,1.598E+00
3.42300E-06,1.598E+00
3.42400E-06,1.598E+00
3.42500E-06,1.598E+00
3.42600E-06,1.606E+00
3.42700E-06,1.598E+00
3.42800E-06,1.598E+00
3.42900E-06,1.606E+00
3.43000E-06,1.598E+00
3.43100E-06,1.598E+00
3.43200E-06,1.598E+00
3.43300E-06,1.598E+00
3.43400E-06,1.598E+00
3.43500E-06,1.606E+00
3.43600E-06,1.598E+00
3.43700E-06,1.598E+00
3.43800E-06,1.598E+00
3.43900E-06,1.598E+00
3.44000E-06,1.598E+00
3.44100E-06,1.598E+00
3.44200E-06,1.598E+00
3.44300E-06,1.598E+00
3.44400E-06,1.606E+00
3.44500E-06,1.598E+00
3.44600E-06,1.598E+00
3.44700E-06,1.598E+00
3.44800E-06,1.598E+00
3.44900E-06,1.598E+00
3.45000E-06,1.598E+00
3.45100E-06,1.598E+00
3.45200E-06,1.590E+00
3.45300E-06,1.598E+00
3.45400E-06,1.598E+00
3.45500E-06,1.598E+00
3.45600E-06,1.598E+00
3.45700E-06,1.598E+00
3.45800E-06,1.598E+00
3.45900E-06,1.598E+00
3.46000E-06,1.598E+00
3.46100E-06,1.598E+00
3.46200E-06,1.598E+00
3.46300E-06,1.598E+00
3.46400E-06,1.598E+00
3.46500E-06,1.606E+00
3.46600E-06,1.606E+00
3.46700E-06,1.606E+00
3.46800E-06,1.606E+00
3.46900E-06,1.606E+00
3.47000E-06,1.598E+00
3.47100E-06,1.598E+00
3.47200E-06,1.598E+00
3.47300E-06,1.598E+00
3.47400E-06,1.606E+00
3.47500E-06,1.598E+00
3.47600E-06,1.598E+00
3.47700E-06,1.590E+00
3.47800E-06,1.598E+00
3.47900E-06,1.598E+00
3.48000E-06,1.606E+00
3.48100E-06,1.598E+00
3.48200E-06,1.598E+00
3.48300E-06,1.598E+00
3.48400E-06,1.606E+00
3.48500E-06,1.598E+00
3.48600E-06,1.598E+00
3.48700E-06,1.598E+00
3.48800E-06,1.598E+00
3.48900E-06,1.598E+00
3.49000E-06,1.606E+00
3.49100E-06,1.598E+00
3.49200E-06,1.598E+00
3.49300E-06,1.598E+00
3.49400E-06,1.598E+00
3.49500E-06,1.598E+00
3.49600E-06,1.598E+00
3.49700E-06,1.598E+00
3.49800E-06,1.598E+00
3.49900E-06,1.598E+00
3.50000E-06,1.598E+00
3.50100E-06,1.598E+00
3.50200E-06,1.590E+00
3.50300E-06,1.598E+00
3.50400E-06,1.598E+00
3.50500E-06,1.598E+00
3.50600E-06,1.598E+00
3.50700E-06,1.606E+00
3.50800E-06,1.606E+00
3.50900E-06,1.606E+00
3.51000E-06,1.598E+00
3.51100E-06,1.598E+00
3.51200E-06,1.598E+00
3.51300E-06,1.598E+00
3.51400E-06,1.598E+00
3.51500E-06,1.590E+00
3.51600E-06,1.598E+00
3.51700E-06,1.598E+00
3.51800E-06,1.598E+00
3.51900E-06,1.598E+00
3.52000E-06,1.598E+00
3.52100E-06,1.598E+00
3.52200E-06,1.598E+00
3.52300E-06,1.598E+00
3.52400E-06,1.598E+00
3.52500E-06,1.598E+00
3.52600E-06,1.598E+00
3.52700E-06,1.598E+00
3.52800E-06,1.598E+00
3.52900E-06,1.598E+00
3.53000E-06,1.598E+00
3.53100E-06,1.598E+00
3.53200E-06,1.598E+00
3.53300E-06,1.598E+00
3.53400E-06,1.598E+00
3.53500E-06,1.606E+00
3.53600E-06,1.598E+00
3.53700E-06,1.598E+00
3.53800E-06,1.598E+00
3.53900E-06,1.598E+00
3.54000E-06,1.598E+00
3.54100E-06,1.598E+00
3.54200E-06,1.598E+00
3.54300E-06,1.598E+00
3.54400E-06,1.606E+00
3.54500E-06,1.598E+00
3.54600E-06,1.598E+00
3.54700E-06,1.598E+00
3.54800E-06,1.598E+00
3.54900E-06,1.598E+00
3.55000E-06,1.598E+00
3.55100E-06,1.590E+00
3.55200E-06,1.590E+00
3.55300E-06,1.598E+00
3.55400E-06,1.598E+00
3.55500E-06,1.598E+00
3.55600E-06,1.590E+00
3.55700E-06,1.590E+00
3.55800E-06,1.598E+00
3.55900E-06,1.590E+00
3.56000E-06,1.598E+00
3.56100E-06,1.598E+00
3.56200E-06,1.598E+00
3.56300E-06,1.598E+00
3.56400E-06,1.606E+00
3.56500E-06,1.598E+00
3.56600E-06,1.598E+00
3.56700E-06,1.606E+00
3.56800E-06,1.598E+00
3.56900E-06,1.606E+00
3.57000E-06,1.598E+00
3.57100E-06,1.598E+00
3.57200E-06,1.590E+00
3.57300E-06,1.598E+00
3.57400E-06,1.598E+00
3.57500E-06,1.598E+00
3.57600E-06,1.598E+00
3.57700E-06,1.598E+00
3.57800E-06,1.598E+00
3.57900E-06,1.598E+00
3.58000E-06,1.606E+00
3.58100E-06,1.598E+00
3.58200E-06,1.598E+00
3.58300E-06,1.598E+00
3.58400E-06,1.606E+00
3.58500E-06,1.606E+00
3.58600E-06,1.598E+00
3.58700E-06,1.606E+00
3.58800E-06,1.598E+00
3.58900E-06,1.598E+00
3.59000E-06,1.598E+00
3.59100E-06,1.598E+00
3.59200E-06,1.598E+00
3.59300E-06,1.598E+00
3.59400E-06,1.598E+00
3.59500E-06,1.598E+00
3.59600E-06,1.598E+00
3.59700E-06,1.598E+00
3.59800E-06,1.598E+00
3.59900E-06,1.606E+00
3.60000E-06,1.598E+00
3.60100E-06,1.590E+00
3.60200E-06,1.590E+00
3.60300E-06,1.590E+00
3.60400E-06,1.598E+00
3.60500E-06,1.598E+00
3.60600E-06,1.598E+00
3.60700E-06,1.590E+00
3.60800E-06,1.598E+00
3.60900E-06,1.590E+00
3.61000E-06,1.598E+00
3.61100E-06,1.598E+00
3.61200E-06,1.598E+00
3.61300E-06,1.598E+00
3.61400E-06,1.598E+00
3.61500E-06,1.598E+00
3.61600E-06,1.598E+00
3.61700E-06,1.590E+00
3.61800E-06,1.598E+00
3.61900E-06,1.598E+00
3.62000E-06,1.590E+00
3.62100E-06,1.590E+00
3.62200E-06,1.598E+00
3.62300E-06,1.598E+00
3.62400E-06,1.590E+00
3.62500E-06,1.598E+00
3.62600E-06,1.598E+00
3.62700E-06,1.606E+00
3.62800E-06,1.606E+00
3.62900E-06,1.606E+00
3.63000E-06,1.598E+00
3.63100E-06,1.598E+00
3.63200E-06,1.590E+00
3.63300E-06,1.598E+00
3.63400E-06,1.606E+00
3.63500E-06,1.598E+00
3.63600E-06,1.598E+00
3.63700E-06,1.598E+00
3.63800E-06,1.598E+00
3.63900E-06,1.606E+00
3.64000E-06,1.598E+00
3.64100E-06,1.598E+00
3.64200E-06,1.590E+00
3.64300E-06,1.606E+00
3.64400E-06,1.598E+00
3.64500E-06,1.598E+00
3.64600E-06,1.598E+00
3.64700E-06,1.590E+00
3.64800E-06,1.598E+00
3.64900E-06,1.598E+00
3.65000E-06,1.598E+00
3.65100E-06,1.598E+00
3.65200E-06,1.598E+00
3.65300E-06,1.598E+00
3.65400E-06,1.598E+00
3.65500E-06,1.598E+00
3.65600E-06,1.598E+00
3.65700E-06,1.598E+00
3.65800E-06,1.606E+00
3.65900E-06,1.606E+00
3.66000E-06,1.598E+00
3.66100E-06,1.598E+00
3.66200E-06,1.590E+00
3.66300E-06,1.598E+00
3.66400E-06,1.598E+00
3.66500E-06,1.598E+00
3.66600E-06,1.598E+00
3.66700E-06,1.598E+00
3.66800E-06,1.598E+00
3.66900E-06,1.598E+00
3.67000E-06,1.598E+00
3.67100E-06,1.598E+00
3.67200E-06,1.590E+00
3.67300E-06,1.598E+00
3.67400E-06,1.606E+00
3.67500E-06,1.598E+00
3.67600E-06,1.606E+00
3.67700E-06,1.598E+00
3.67800E-06,1.598E+00
3.67900E-06,1.598E+00
3.68000E-06,1.598E+00
3.68100E-06,1.598E+00
3.68200E-06,1.598E+00
3.68300E-06,1.598E+00
3.68400E-06,1.598E+00
3.68500E-06,1.598E+00
3.68600E-06,1.598E+00
3.68700E-06,1.598E+00
3.68800E-06,1.590E+00
3.68900E-06,1.598E+00
3.69000E-06,1.598E+00
3.69100E-06,1.590E+00
3.69200E-06,1.590E+00
3.69300E-06,1.598E+00
3.69400E-06,1.598E+00
3.69500E-06,1.598E+00
3.69600E-06,1.598E+00
3.69700E-06,1.598E+00
3.69800E-06,1.606E+00
3.69900E-06,1.606E+00
3.70000E-06,1.598E+00
3.70100E-06,1.598E+00
3.70200E-06,1.598E+00
3.70300E-06,1.598E+00
3.70400E-06,1.598E+00
3.70500E-06,1.598E+00
3.70600E-06,1.590E+00
3.70700E-06,1.598E+00
3.70800E-06,1.590E+00
3.70900E-06,1.598E+00
3.71000E-06,1.598E+00
3.71100E-06,1.590E+00
3.71200E-06,1.598E+00
3.71300E-06,1.598E+00
3.71400E-06,1.598E+00
3.71500E-06,1.606E+00
3.71600E-06,1.598E+00
3.71700E-06,1.606E+00
3.71800E-06,1.598E+00
3.71900E-06,1.598E+00
3.72000E-06,1.598E+00
3.72100E-06,1.606E+00
3.72200E-06,1.598E+00
3.72300E-06,1.598E+00
3.72400E-06,1.598E+00
3.72500E-06,1.598E+00
3.72600E-06,1.598E+00
3.72700E-06,1.598E+00
3.72800E-06,1.598E+00
3.72900E-06,1.598E+00
3.73000E-06,1.598E+00
3.73100E-06,1.598E+00
3.73200E-06,1.590E+00
3.73300E-06,1.598E+00
3.73400E-06,1.598E+00
3.73500E-06,1.598E+00
3.73600E-06,1.590E+00
3.73700E-06,1.590E+00
3.73800E-06,1.598E+00
3.73900E-06,1.606E+00
3.74000E-06,1.606E+00
3.74100E-06,1.606E+00
3.74200E-06,1.598E+00
3.74300E-06,1.598E+00
3.74400E-06,1.598E+00
3.74500E-06,1.598E+00
3.74600E-06,1.598E+00
3.74700E-06,1.598E+00
3.74800E-06,1.598E+00
3.74900E-06,1.598E+00
3.75000E-06,1.598E+00
3.75100E-06,1.590E+00
3.75200E-06,1.590E+00
3.75300E-06,1.598E+00
3.75400E-06,1.598E+00
3.75500E-06,1.598E+00
3.75600E-06,1.606E+00
3.75700E-06,1.598E+00
3.75800E-06,1.598E+00
3.75900E-06,1.598E+00
3.76000E-06,1.590E+00
3.76100E-06,1.598E+00
3.76200E-06,1.590E+00
3.76300E-06,1.598E+00
3.76400E-06,1.606E+00
3.76500E-06,1.606E+00
3.76600E-06,1.606E+00
3.76700E-06,1.606E+00
3.76800E-06,1.606E+00
3.76900E-06,1.606E+00
3.77000E-06,1.598E+00
3.77100E-06,1.598E+00
3.77200E-06,1.590E+00
3.77300E-06,1.590E+00
3.77400E-06,1.598E+00
3.77500E-06,1.598E+00
3.77600E-06,1.598E+00
3.77700E-06,1.598E+00
3.77800E-06,1.598E+00
3.77900E-06,1.598E+00
3.78000E-06,1.598E+00
3.78100E-06,1.598E+00
3.78200E-06,1.598E+00
3.78300E-06,1.590E+00
3.78400E-06,1.598E+00
3.78500E-06,1.590E+00
3.78600E-06,1.598E+00
3.78700E-06,1.598E+00
3.78800E-06,1.598E+00
3.78900E-06,1.598E+00
3.79000E-06,1.590E+00
3.79100E-06,1.590E+00
3.79200E-06,1.590E+00
3.79300E-06,1.590E+00
3.79400E-06,1.598E+00
3.79500E-06,1.598E+00
3.79600E-06,1.598E+00
3.79700E-06,1.590E+00
3.79800E-06,1.590E+00
3.79900E-06,1.590E+00
3.80000E-06,1.598E+00
3.80100E-06,1.590E+00
3.80200E-06,1.598E+00
3.80300E-06,1.606E+00
3.80400E-06,1.606E+00
3.80500E-06,1.598E+00
3.80600E-06,1.606E+00
3.80700E-06,1.598E+00
3.80800E-06,1.598E+00
3.80900E-06,1.598E+00
3.81000E-06,1.598E+00
3.81100E-06,1.598E+00
3.81200E-06,1.598E+00
3.81300E-06,1.598E+00
3.81400E-06,1.598E+00
3.81500E-06,1.598E+00
3.81600E-06,1.598E+00
3.81700E-06,1.590E+00
3.81800E-06,1.598E+00
3.81900E-06,1.598E+00
3.82000E-06,1.598E+00
3.82100E-06,1.590E+00
3.82200E-06,1.590E+00
3.82300E-06,1.598E+00
3.82400E-06,1.598E+00
3.82500E-06,1.598E+00
3.82600E-06,1.598E+00
3.82700E-06,1.598E+00
3.82800E-06,1.606E+00
3.82900E-06,1.598E+00
3.83000E-06,1.598E+00
3.83100E-06,1.598E+00
3.83200E-06,1.598E+00
3.83300E-06,1.598E+00
3.83400E-06,1.598E+00
3.83500E-06,1.598E+00
3.83600E-06,1.598E+00
3.83700E-06,1.598E+00
3.83800E-06,1.598E+00
3.83900E-06,1.606E+00
3.84000E-06,1.598E+00
3.84100E-06,1.598E+00
3.84200E-06,1.598E+00
3.84300E-06,1.598E+00
3.84400E-06,1.606E+00
3.84500E-06,1.606E+00
3.84600E-06,1.598E+00
3.84700E-06,1.598E+00
3.84800E-06,1.598E+00
3.84900E-06,1.598E+00
3.85000E-06,1.606E+00
3.85100E-06,1.606E+00
3.85200E-06,1.598E+00
3.85300E-06,1.598E+00
3.85400E-06,1.598E+00
3.85500E-06,1.598E+00
3.85600E-06,1.598E+00
3.85700E-06,1.606E+00
3.85800E-06,1.598E+00
3.85900E-06,1.598E+00
3.86000E-06,1.598E+00
3.86100E-06,1.590E+00
3.86200E-06,1.590E+00
3.86300E-06,1.598E+00
3.86400E-06,1.606E+00
3.86500E-06,1.606E+00
3.86600E-06,1.598E+00
3.86700E-06,1.598E+00
3.86800E-06,1.598E+00
3.86900E-06,1.590E+00
3.87000E-06,1.598E+00
3.87100E-06,1.598E+00
3.87200E-06,1.598E+00
3.87300E-06,1.598E+00
3.87400E-06,1.598E+00
3.87500E-06,1.598E+00
3.87600E-06,1.598E+00
3.87700E-06,1.598E+00
3.87800E-06,1.598E+00
3.87900E-06,1.598E+00
3.88000E-06,1.598E+00
3.88100E-06,1.598E+00
3.88200E-06,1.590E+00
3.88300E-06,1.598E+00
3.88400E-06,1.598E+00
3.88500E-06,1.598E+00
3.88600E-06,1.598E+00
3.88700E-06,1.598E+00
3.88800E-06,1.598E+00
3.88900E-06,1.598E+00
3.89000E-06,1.606E+00
3.89100E-06,1.598E+00
3.89200E-06,1.598E+00
3.89300E-06,1.598E+00
3.89400E-06,1.598E+00
3.89500E-06,1.598E+00
3.89600E-06,1.598E+00
3.89700E-06,1.590E+00
3.89800E-06,1.598E+00
3.89900E-06,1.598E+00
3.90000E-06,1.606E+00
3.90100E-06,1.606E+00
3.90200E-06,1.606E+00
3.90300E-06,1.598E+00
3.90400E-06,1.606E+00
3.90500E-06,1.598E+00
3.90600E-06,1.590E+00
3.90700E-06,1.598E+00
3.90800E-06,1.598E+00
3.90900E-06,1.590E+00
3.91000E-06,1.598E+00
3.91100E-06,1.590E+00
3.91200E-06,1.598E+00
3.91300E-06,1.598E+00
3.91400E-06,1.606E+00
3.91500E-06,1.598E+00
3.91600E-06,1.598E+00
3.91700E-06,1.598E+00
3.91800E-06,1.606E+00
3.91900E-06,1.598E+00
3.92000E-06,1.598E+00
3.92100E-06,1.606E+00
3.92200E-06,1.606E+00
3.92300E-06,1.606E+00
3.92400E-06,1.598E+00
3.92500E-06,1.598E+00
3.92600E-06,1.598E+00
3.92700E-06,1.590E+00
3.92800E-06,1.598E+00
3.92900E-06,1.598E+00
3.93000E-06,1.606E+00
3.93100E-06,1.606E+00
3.93200E-06,1.598E+00
3.93300E-06,1.598E+00
3.93400E-06,1.606E+00
3.93500E-06,1.606E+00
3.93600E-06,1.598E+00
3.93700E-06,1.598E+00
3.93800E-06,1.598E+00
3.93900E-06,1.606E+00
3.94000E-06,1.598E+00
3.94100E-06,1.598E+00
3.94200E-06,1.590E+00
3.94300E-06,1.590E+00
3.94400E-06,1.606E+00
3.94500E-06,1.606E+00
3.94600E-06,1.606E+00
3.94700E-06,1.606E+00
3.94800E-06,1.606E+00
3.94900E-06,1.606E+00
3.95000E-06,1.606E+00
3.95100E-06,1.590E+00
3.95200E-06,1.598E+00
3.95300E-06,1.598E+00
3.95400E-06,1.606E+00
3.95500E-06,1.606E+00
3.95600E-06,1.598E+00
3.95700E-06,1.598E+00
3.95800E-06,1.598E+00
3.95900E-06,1.598E+00
3.96000E-06,1.606E+00
3.96100E-06,1.598E+00
3.96200E-06,1.598E+00
3.96300E-06,1.598E+00
3.96400E-06,1.598E+00
3.96500E-06,1.606E+00
3.96600E-06,1.606E+00
3.96700E-06,1.598E+00
3.96800E-06,1.598E+00
3.96900E-06,1.590E+00
3.97000E-06,1.598E+00
3.97100E-06,1.598E+00
3.97200E-06,1.606E+00
3.97300E-06,1.598E+00
3.97400E-06,1.598E+00
3.97500E-06,1.598E+00
3.97600E-06,1.598E+00
3.97700E-06,1.598E+00
3.97800E-06,1.598E+00
3.97900E-06,1.598E+00
3.98000E-06,1.598E+00
3.98100E-06,1.590E+00
3.98200E-06,1.590E+00
3.98300E-06,1.598E+00
3.98400E-06,1.598E+00
3.98500E-06,1.598E+00
3.98600E-06,1.606E+00
3.98700E-06,1.598E+00
3.98800E-06,1.598E+00
3.98900E-06,1.606E+00
3.99000E-06,1.598E+00
3.99100E-06,1.590E+00
3.99200E-06,1.590E+00
3.99300E-06,1.590E+00
3.99400E-06,1.598E+00
3.99500E-06,1.606E+00
3.99600E-06,1.606E+00
3.99700E-06,1.598E+00
3.99800E-06,1.598E+00
3.99900E-06,1.598E+00
4.00000E-06,1.598E+00
4.00100E-06,1.598E+00
4.00200E-06,1.598E+00
4.00300E-06,1.606E+00
4.00400E-06,1.606E+00
4.00500E-06,1.606E+00
4.00600E-06,1.598E+00
4.00700E-06,1.598E+00
4.00800E-06,1.598E+00
4.00900E-06,1.598E+00
4.01000E-06,1.606E+00
4.01100E-06,1.598E+00
4.01200E-06,1.598E+00
4.01300E-06,1.598E+00
4.01400E-06,1.606E+00
4.01500E-06,1.598E+00
4.01600E-06,1.598E+00
4.01700E-06,1.598E+00
4.01800E-06,1.598E+00
4.01900E-06,1.598E+00
4.02000E-06,1.590E+00
4.02100E-06,1.598E+00
4.02200E-06,1.598E+00
4.02300E-06,1.598E+00
4.02400E-06,1.606E+00
4.02500E-06,1.598E+00
4.02600E-06,1.598E+00
4.02700E-06,1.598E+00
4.02800E-06,1.606E+00
4.02900E-06,1.606E+00
4.03000E-06,1.606E+00
4.03100E-06,1.598E+00
4.03200E-06,1.598E+00
4.03300E-06,1.598E+00
4.03400E-06,1.598E+00
4.03500E-06,1.606E+00
4.03600E-06,1.598E+00
4.03700E-06,1.598E+00
4.03800E-06,1.598E+00
4.03900E-06,1.598E+00
4.04000E-06,1.590E+00
4.04100E-06,1.598E+00
4.04200E-06,1.598E+00
4.04300E-06,1.598E+00
4.04400E-06,1.590E+00
4.04500E-06,1.590E+00
4.04600E-06,1.598E+00
4.04700E-06,1.590E+00
4.04800E-06,1.598E+00
4.04900E-06,1.598E+00
4.05000E-06,1.606E+00
4.05100E-06,1.606E+00
4.05200E-06,1.598E+00
4.05300E-06,1.598E+00
4.05400E-06,1.598E+00
4.05500E-06,1.598E+00
4.05600E-06,1.598E+00
4.05700E-06,1.598E+00
4.05800E-06,1.598E+00
4.05900E-06,1.598E+00
4.06000E-06,1.590E+00
4.06100E-06,1.598E+00
4.06200E-06,1.590E+00
4.06300E-06,1.598E+00
4.06400E-06,1.598E+00
4.06500E-06,1.598E+00
4.06600E-06,1.598E+00
4.06700E-06,1.590E+00
4.06800E-06,1.590E+00
4.06900E-06,1.590E+00
4.07000E-06,1.590E+00
4.07100E-06,1.590E+00
4.07200E-06,1.598E+00
4.07300E-06,1.598E+00
4.07400E-06,1.598E+00
4.07500E-06,1.606E+00
4.07600E-06,1.598E+00
4.07700E-06,1.598E+00
4.07800E-06,1.590E+00
4.07900E-06,1.598E+00
4.08000E-06,1.590E+00
4.08100E-06,1.590E+00
4.08200E-06,1.598E+00
4.08300E-06,1.598E+00
4.08400E-06,1.606E+00
4.08500E-06,1.606E+00
4.08600E-06,1.606E+00
4.08700E-06,1.598E+00
4.08800E-06,1.606E+00
4.08900E-06,1.606E+00
4.09000E-06,1.606E+00
4.09100E-06,1.598E+00
4.09200E-06,1.590E+00
4.09300E-06,1.598E+00
4.09400E-06,1.598E+00
4.09500E-06,1.606E+00
4.09600E-06,1.606E+00
4.09700E-06,1.598E+00
4.09800E-06,1.598E+00
4.09900E-06,1.598E+00
4.10000E-06,1.598E+00
4.10100E-06,1.598E+00
4.10200E-06,1.598E+00
4.10300E-06,1.598E+00
4.10400E-06,1.606E+00
4.10500E-06,1.606E+00
4.10600E-06,1.598E+00
4.10700E-06,1.598E+00
4.10800E-06,1.606E+00
4.10900E-06,1.598E+00
4.11000E-06,1.598E+00
4.11100E-06,1.598E+00
4.11200E-06,1.598E+00
4.11300E-06,1.598E+00
4.11400E-06,1.598E+00
4.11500E-06,1.598E+00
4.11600E-06,1.598E+00
4.11700E-06,1.590E+00
4.11800E-06,1.598E+00
4.11900E-06,1.598E+00
4.12000E-06,1.598E+00
4.12100E-06,1.598E+00
4.12200E-06,1.598E+00
4.12300E-06,1.598E+00
4.12400E-06,1.598E+00
4.12500E-06,1.598E+00
4.12600E-06,1.598E+00
4.12700E-06,1.598E+00
4.12800E-06,1.598E+00
4.12900E-06,1.598E+00
4.13000E-06,1.598E+00
4.13100E-06,1.598E+00
4.13200E-06,1.598E+00
4.13300E-06,1.590E+00
4.13400E-06,1.598E+00
4.13500E-06,1.598E+00
4.13600E-06,1.598E+00
4.13700E-06,1.598E+00
4.13800E-06,1.598E+00
4.13900E-06,1.598E+00
4.14000E-06,1.598E+00
4.14100E-06,1.598E+00
4.14200E-06,1.598E+00
4.14300E-06,1.598E+00
4.14400E-06,1.598E+00
4.14500E-06,1.598E+00
4.14600E-06,1.598E+00
4.14700E-06,1.598E+00
4.14800E-06,1.598E+00
4.14900E-06,1.598E+00
4.15000E-06,1.598E+00
4.15100E-06,1.598E+00
4.15200E-06,1.598E+00
4.15300E-06,1.598E+00
4.15400E-06,1.606E+00
4.15500E-06,1.598E+00
4.15600E-06,1.598E+00
4.15700E-06,1.598E+00
4.15800E-06,1.590E+00
4.15900E-06,1.590E+00
4.16000E-06,1.590E+00
4.16100E-06,1.598E+00
4.16200E-06,1.598E+00
4.16300E-06,1.598E+00
4.16400E-06,1.606E+00
4.16500E-06,1.606E+00
4.16600E-06,1.598E+00
4.16700E-06,1.598E+00
4.16800E-06,1.590E+00
4.16900E-06,1.598E+00
4.17000E-06,1.598E+00
4.17100E-06,1.590E+00
4.17200E-06,1.598E+00
4.17300E-06,1.590E+00
4.17400E-06,1.598E+00
4.17500E-06,1.598E+00
4.17600E-06,1.598E+00
4.17700E-06,1.598E+00
4.17800E-06,1.606E+00
4.17900E-06,1.598E+00
4.18000E-06,1.598E+00
4.18100E-06,1.598E+00
4.18200E-06,1.598E+00
4.18300E-06,1.598E+00
4.18400E-06,1.598E+00
4.18500E-06,1.606E+00
4.18600E-06,1.606E+00
4.18700E-06,1.606E+00
4.18800E-06,1.598E+00
4.18900E-06,1.606E+00
4.19000E-06,1.598E+00
4.19100E-06,1.590E+00
4.19200E-06,1.598E+00
4.19300E-06,1.590E+00
4.19400E-06,1.606E+00
4.19500E-06,1.598E+00
4.19600E-06,1.598E+00
4.19700E-06,1.590E+00
4.19800E-06,1.598E+00
4.19900E-06,1.598E+00
4.20000E-06,1.598E+00
4.20100E-06,1.590E+00
4.20200E-06,1.590E+00
4.20300E-06,1.598E+00
4.20400E-06,1.598E+00
4.20500E-06,1.598E+00
4.20600E-06,1.598E+00
4.20700E-06,1.590E+00
4.20800E-06,1.598E+00
4.20900E-06,1.590E+00
4.21000E-06,1.598E+00
4.21100E-06,1.598E+00
4.21200E-06,1.606E+00
4.21300E-06,1.598E+00
4.21400E-06,1.606E+00
4.21500E-06,1.606E+00
4.21600E-06,1.598E+00
4.21700E-06,1.598E+00
4.21800E-06,1.598E+00
4.21900E-06,1.598E+00
4.22000E-06,1.598E+00
4.22100E-06,1.590E+00
4.22200E-06,1.590E+00
4.22300E-06,1.598E+00
4.22400E-06,1.598E+00
4.22500E-06,1.598E+00
4.22600E-06,1.606E+00
4.22700E-06,1.598E+00
4.22800E-06,1.598E+00
4.22900E-06,1.606E+00
4.23000E-06,1.598E+00
4.23100E-06,1.598E+00
4.23200E-06,1.598E+00
4.23300E-06,1.598E+00
4.23400E-06,1.606E+00
4.23500E-06,1.606E+00
4.23600E-06,1.606E+00
4.23700E-06,1.598E+00
4.23800E-06,1.598E+00
4.23900E-06,1.590E+00
4.24000E-06,1.598E+00
4.24100E-06,1.598E+00
4.24200E-06,1.606E+00
4.24300E-06,1.606E+00
4.24400E-06,1.598E+00
4.24500E-06,1.598E+00
4.24600E-06,1.590E+00
4.24700E-06,1.598E+00
4.24800E-06,1.598E+00
4.24900E-06,1.598E+00
4.25000E-06,1.590E+00
4.25100E-06,1.598E+00
4.25200E-06,1.598E+00
4.25300E-06,1.590E+00
4.25400E-06,1.598E+00
4.25500E-06,1.598E+00
4.25600E-06,1.598E+00
4.25700E-06,1.598E+00
4.25800E-06,1.590E+00
4.25900E-06,1.590E+00
4.26000E-06,1.598E+00
4.26100E-06,1.590E+00
4.26200E-06,1.590E+00
4.26300E-06,1.598E+00
4.26400E-06,1.598E+00
4.26500E-06,1.598E+00
4.26600E-06,1.598E+00
4.26700E-06,1.598E+00
4.26800E-06,1.598E+00
4.26900E-06,1.598E+00
4.27000E-06,1.598E+00
4.27100E-06,1.598E+00
4.27200E-06,1.598E+00
4.27300E-06,1.598E+00
4.27400E-06,1.606E+00
4.27500E-06,1.598E+00
4.27600E-06,1.598E+00
4.27700E-06,1.598E+00
4.27800E-06,1.598E+00
4.27900E-06,1.598E+00
4.28000E-06,1.606E+00
4.28100E-06,1.606E+00
4.28200E-06,1.598E+00
4.28300E-06,1.606E+00
4.28400E-06,1.606E+00
4.28500E-06,1.606E+00
4.28600E-06,1.598E+00
4.28700E-06,1.598E+00
4.28800E-06,1.598E+00
4.28900E-06,1.598E+00
4.29000E-06,1.598E+00
4.29100E-06,1.598E+00
4.29200E-06,1.590E+00
4.29300E-06,1.598E+00
4.29400E-06,1.598E+00
4.29500E-06,1.598E+00
4.29600E-06,1.598E+00
4.29700E-06,1.598E+00
4.29800E-06,1.598E+00
4.29900E-06,1.606E+00
4.30000E-06,1.606E+00
4.30100E-06,1.598E+00
4.30200E-06,1.598E+00
4.30300E-06,1.598E+00
4.30400E-06,1.598E+00
4.30500E-06,1.598E+00
4.30600E-06,1.598E+00
4.30700E-06,1.598E+00
4.30800E-06,1.598E+00
4.30900E-06,1.598E+00
4.31000E-06,1.598E+00
4.31100E-06,1.598E+00
4.31200E-06,1.598E+00
4.31300E-06,1.598E+00
4.31400E-06,1.598E+00
4.31500E-06,1.606E+00
4.31600E-06,1.598E+00
4.31700E-06,1.598E+00
4.31800E-06,1.590E+00
4.31900E-06,1.590E+00
4.32000E-06,1.598E+00
4.32100E-06,1.598E+00
4.32200E-06,1.590E+00
4.32300E-06,1.598E+00
4.32400E-06,1.598E+00
4.32500E-06,1.598E+00
4.32600E-06,1.598E+00
4.32700E-06,1.598E+00
4.32800E-06,1.598E+00
4.32900E-06,1.598E+00
4.33000E-06,1.598E+00
4.33100E-06,1.598E+00
4.33200E-06,1.598E+00
4.33300E-06,1.598E+00
4.33400E-06,1.606E+00
4.33500E-06,1.598E+00
4.33600E-06,1.606E+00
4.33700E-06,1.598E+00
4.33800E-06,1.606E+00
4.33900E-06,1.598E+00
4.34000E-06,1.598E+00
4.34100E-06,1.590E+00
4.34200E-06,1.598E+00
4.34300E-06,1.598E+00
4.34400E-06,1.598E+00
4.34500E-06,1.598E+00
4.34600E-06,1.598E+00
4.34700E-06,1.598E+00
4.34800E-06,1.606E+00
4.34900E-06,1.606E+00
4.35000E-06,1.606E+00
4.35100E-06,1.598E+00
4.35200E-06,1.598E+00
4.35300E-06,1.590E+00
4.35400E-06,1.606E+00
4.35500E-06,1.606E+00
4.35600E-06,1.598E+00
4.35700E-06,1.598E+00
4.35800E-06,1.598E+00
4.35900E-06,1.598E+00
4.36000E-06,1.598E+00
4.36100E-06,1.598E+00
4.36200E-06,1.598E+00
4.36300E-06,1.606E+00
4.36400E-06,1.606E+00
4.36500E-06,1.606E+00
4.36600E-06,1.598E+00
4.36700E-06,1.598E+00
4.36800E-06,1.598E+00
4.36900E-06,1.598E+00
4.37000E-06,1.606E+00
4.37100E-06,1.598E+00
4.37200E-06,1.590E+00
4.37300E-06,1.598E+00
4.37400E-06,1.606E+00
4.37500E-06,1.606E+00
4.37600E-06,1.598E+00
4.37700E-06,1.598E+00
4.37800E-06,1.598E+00
4.37900E-06,1.590E+00
4.38000E-06,1.598E+00
4.38100E-06,1.598E+00
4.38200E-06,1.598E+00
4.38300E-06,1.598E+00
4.38400E-06,1.598E+00
4.38500E-06,1.598E+00
4.38600E-06,1.598E+00
4.38700E-06,1.598E+00
4.38800E-06,1.598E+00
4.38900E-06,1.598E+00
4.39000E-06,1.590E+00
4.39100E-06,1.598E+00
4.39200E-06,1.590E+00
4.39300E-06,1.598E+00
4.39400E-06,1.598E+00
4.39500E-06,1.598E+00
4.39600E-06,1.590E+00
4.39700E-06,1.590E+00
4.39800E-06,1.590E+00
4.39900E-06,1.598E+00
4.40000E-06,1.590E+00
4.40100E-06,1.590E+00
4.40200E-06,1.590E+00
4.40300E-06,1.598E+00
4.40400E-06,1.598E+00
4.40500E-06,1.598E+00
4.40600E-06,1.598E+00
4.40700E-06,1.590E+00
4.40800E-06,1.590E+00
4.40900E-06,1.598E+00
4.41000E-06,1.606E+00
4.41100E-06,1.606E+00
4.41200E-06,1.598E+00
4.41300E-06,1.598E+00
4.41400E-06,1.606E+00
4.41500E-06,1.598E+00
4.41600E-06,1.606E+00
4.41700E-06,1.598E+00
4.41800E-06,1.590E+00
4.41900E-06,1.590E+00
4.42000E-06,1.598E+00
4.42100E-06,1.598E+00
4.42200E-06,1.598E+00
4.42300E-06,1.598E+00
4.42400E-06,1.598E+00
4.42500E-06,1.598E+00
4.42600E-06,1.598E+00
4.42700E-06,1.598E+00
4.42800E-06,1.598E+00
4.42900E-06,1.598E+00
4.43000E-06,1.598E+00
4.43100E-06,1.598E+00
4.43200E-06,1.590E+00
4.43300E-06,1.590E+00
4.43400E-06,1.606E+00
4.43500E-06,1.598E+00
4.43600E-06,1.598E+00
4.43700E-06,1.598E+00
4.43800E-06,1.598E+00
4.43900E-06,1.598E+00
4.44000E-06,1.598E+00
4.44100E-06,1.598E+00
4.44200E-06,1.590E+00
4.44300E-06,1.598E+00
4.44400E-06,1.598E+00
4.44500E-06,1.606E+00
4.44600E-06,1.598E+00
4.44700E-06,1.598E+00
4.44800E-06,1.598E+00
4.44900E-06,1.590E+00
4.45000E-06,1.598E+00
4.45100E-06,1.598E+00
4.45200E-06,1.606E+00
4.45300E-06,1.606E+00
4.45400E-06,1.598E+00
4.45500E-06,1.598E+00
4.45600E-06,1.598E+00
4.45700E-06,1.590E+00
4.45800E-06,1.590E+00
4.45900E-06,1.598E+00
4.46000E-06,1.598E+00
4.46100E-06,1.598E+00
4.46200E-06,1.590E+00
4.46300E-06,1.598E+00
4.46400E-06,1.598E+00
4.46500E-06,1.598E+00
4.46600E-06,1.598E+00
4.46700E-06,1.598E+00
4.46800E-06,1.598E+00
4.46900E-06,1.598E+00
4.47000E-06,1.606E+00
4.47100E-06,1.590E+00
4.47200E-06,1.598E+00
4.47300E-06,1.598E+00
4.47400E-06,1.598E+00
4.47500E-06,1.606E+00
4.47600E-06,1.598E+00
4.47700E-06,1.598E+00
4.47800E-06,1.598E+00
4.47900E-06,1.598E+00
4.48000E-06,1.598E+00
4.48100E-06,1.598E+00
4.48200E-06,1.598E+00
4.48300E-06,1.598E+00
4.48400E-06,1.598E+00
4.48500E-06,1.598E+00
4.48600E-06,1.598E+00
4.48700E-06,1.590E+00
4.48800E-06,1.598E+00
4.48900E-06,1.598E+00
4.49000E-06,1.598E+00
4.49100E-06,1.598E+00
4.49200E-06,1.598E+00
4.49300E-06,1.590E+00
4.49400E-06,1.598E+00
4.49500E-06,1.598E+00
4.49600E-06,1.598E+00
4.49700E-06,1.598E+00
4.49800E-06,1.606E+00
4.49900E-06,1.598E+00
4.50000E-06,1.598E+00
4.50100E-06,1.590E+00
4.50200E-06,1.590E+00
4.50300E-06,1.598E+00
4.50400E-06,1.606E+00
4.50500E-06,1.606E+00
4.50600E-06,1.598E+00
4.50700E-06,1.598E+00
4.50800E-06,1.606E+00
4.50900E-06,1.598E+00
4.51000E-06,1.598E+00
4.51100E-06,1.598E+00
4.51200E-06,1.598E+00
4.51300E-06,1.598E+00
4.51400E-06,1.606E+00
4.51500E-06,1.606E+00
4.51600E-06,1.606E+00
4.51700E-06,1.598E+00
4.51800E-06,1.598E+00
4.51900E-06,1.598E+00
4.52000E-06,1.598E+00
4.52100E-06,1.598E+00
4.52200E-06,1.598E+00
4.52300E-06,1.598E+00
4.52400E-06,1.598E+00
4.52500E-06,1.598E+00
4.52600E-06,1.598E+00
4.52700E-06,1.606E+00
4.52800E-06,1.598E+00
4.52900E-06,1.598E+00
4.53000E-06,1.598E+00
4.53100E-06,1.598E+00
4.53200E-06,1.598E+00
4.53300E-06,1.598E+00
4.53400E-06,1.598E+00
4.53500E-06,1.598E+00
4.53600E-06,1.598E+00
4.53700E-06,1.598E+00
4.53800E-06,1.598E+00
4.53900E-06,1.598E+00
4.54000E-06,1.598E+00
4.54100E-06,1.598E+00
4.54200E-06,1.598E+00
4.54300E-06,1.598E+00
4.54400E-06,1.598E+00
4.54500E-06,1.606E+00
4.54600E-06,1.598E+00
4.54700E-06,1.598E+00
4.54800E-06,1.590E+00
4.54900E-06,1.598E+00
4.55000E-06,1.598E+00
4.55100E-06,1.598E+00
4.55200E-06,1.598E+00
4.55300E-06,1.598E+00
4.55400E-06,1.606E+00
4.55500E-06,1.606E+00
4.55600E-06,1.598E+00
4.55700E-06,1.598E+00
4.55800E-06,1.590E+00
4.55900E-06,1.598E+00
4.56000E-06,1.598E+00
4.56100E-06,1.598E+00
4.56200E-06,1.598E+00
4.56300E-06,1.598E+00
4.56400E-06,1.598E+00
4.56500E-06,1.598E+00
4.56600E-06,1.598E+00
4.56700E-06,1.598E+00
4.56800E-06,1.598E+00
4.56900E-06,1.606E+00
4.57000E-06,1.598E+00
4.57100E-06,1.598E+00
4.57200E-06,1.598E+00
4.57300E-06,1.598E+00
4.57400E-06,1.598E+00
4.57500E-06,1.598E+00
4.57600E-06,1.598E+00
4.57700E-06,1.598E+00
4.57800E-06,1.598E+00
4.57900E-06,1.598E+00
4.58000E-06,1.598E+00
4.58100E-06,1.598E+00
4.58200E-06,1.598E+00
4.58300E-06,1.598E+00
4.58400E-06,1.598E+00
4.58500E-06,1.606E+00
4.58600E-06,1.598E+00
4.58700E-06,1.598E+00
4.58800E-06,1.598E+00
4.58900E-06,1.598E+00
4.59000E-06,1.598E+00
4.59100E-06,1.598E+00
4.59200E-06,1.598E+00
4.59300E-06,1.598E+00
4.59400E-06,1.598E+00
4.59500E-06,1.598E+00
4.59600E-06,1.598E+00
4.59700E-06,1.590E+00
4.59800E-06,1.590E+00
4.59900E-06,1.598E+00
4.60000E-06,1.598E+00
4.60100E-06,1.590E+00
4.60200E-06,1.590E+00
4.60300E-06,1.598E+00
4.60400E-06,1.598E+00
4.60500E-06,1.598E+00
4.60600E-06,1.598E+00
4.60700E-06,1.598E+00
4.60800E-06,1.598E+00
4.60900E-06,1.598E+00
4.61000E-06,1.598E+00
4.61100E-06,1.598E+00
4.61200E-06,1.598E+00
4.61300E-06,1.598E+00
4.61400E-06,1.598E+00
4.61500E-06,1.598E+00
4.61600E-06,1.590E+00
4.61700E-06,1.590E+00
4.61800E-06,1.590E+00
4.61900E-06,1.598E+00
4.62000E-06,1.598E+00
4.62100E-06,1.598E+00
4.62200E-06,1.590E+00
4.62300E-06,1.598E+00
4.62400E-06,1.590E+00
4.62500E-06,1.598E+00
4.62600E-06,1.598E+00
4.62700E-06,1.598E+00
4.62800E-06,1.598E+00
4.62900E-06,1.598E+00
4.63000E-06,1.590E+00
4.63100E-06,1.590E+00
4.63200E-06,1.598E+00
4.63300E-06,1.598E+00
4.63400E-06,1.598E+00
4.63500E-06,1.606E+00
4.63600E-06,1.598E+00
4.63700E-06,1.590E+00
4.63800E-06,1.590E+00
4.63900E-06,1.590E+00
4.64000E-06,1.598E+00
4.64100E-06,1.598E+00
4.64200E-06,1.598E+00
4.64300E-06,1.598E+00
4.64400E-06,1.598E+00
4.64500E-06,1.598E+00
4.64600E-06,1.590E+00
4.64700E-06,1.598E+00
4.64800E-06,1.598E+00
4.64900E-06,1.606E+00
4.65000E-06,1.598E+00
4.65100E-06,1.598E+00
4.65200E-06,1.598E+00
4.65300E-06,1.598E+00
4.65400E-06,1.590E+00
4.65500E-06,1.590E+00
4.65600E-06,1.598E+00
4.65700E-06,1.598E+00
4.65800E-06,1.598E+00
4.65900E-06,1.606E+00
4.66000E-06,1.598E+00
4.66100E-06,1.598E+00
4.66200E-06,1.590E+00
4.66300E-06,1.598E+00
4.66400E-06,1.590E+00
4.66500E-06,1.598E+00
4.66600E-06,1.598E+00
4.66700E-06,1.598E+00
4.66800E-06,1.598E+00
4.66900E-06,1.598E+00
4.67000E-06,1.590E+00
4.67100E-06,1.590E+00
4.67200E-06,1.590E+00
4.67300E-06,1.598E+00
4.67400E-06,1.598E+00
4.67500E-06,1.598E+00
4.67600E-06,1.598E+00
4.67700E-06,1.598E+00
4.67800E-06,1.598E+00
4.67900E-06,1.598E+00
4.68000E-06,1.606E+00
4.68100E-06,1.598E+00
4.68200E-06,1.598E+00
4.68300E-06,1.598E+00
4.68400E-06,1.598E+00
4.68500E-06,1.598E+00
4.68600E-06,1.598E+00
4.68700E-06,1.598E+00
4.68800E-06,1.598E+00
4.68900E-06,1.598E+00
4.69000E-06,1.598E+00
4.69100E-06,1.598E+00
4.69200E-06,1.590E+00
4.69300E-06,1.598E+00
4.69400E-06,1.598E+00
4.69500E-06,1.606E+00
4.69600E-06,1.598E+00
4.69700E-06,1.598E+00
4.69800E-06,1.598E+00
4.69900E-06,1.598E+00
4.70000E-06,1.598E+00
4.70100E-06,1.598E+00
4.70200E-06,1.598E+00
4.70300E-06,1.598E+00
4.70400E-06,1.606E+00
4.70500E-06,1.598E+00
4.70600E-06,1.606E+00
4.70700E-06,1.598E+00
4.70800E-06,1.598E+00
4.70900E-06,1.598E+00
4.71000E-06,1.590E+00
4.71100E-06,1.590E+00
4.71200E-06,1.590E+00
4.71300E-06,1.598E+00
4.71400E-06,1.598E+00
4.71500E-06,1.606E+00
4.71600E-06,1.598E+00
4.71700E-06,1.590E+00
4.71800E-06,1.598E+00
4.71900E-06,1.598E+00
4.72000E-06,1.598E+00
4.72100E-06,1.598E+00
4.72200E-06,1.590E+00
4.72300E-06,1.598E+00
4.72400E-06,1.590E+00
4.72500E-06,1.598E+00
4.72600E-06,1.598E+00
4.72700E-06,1.598E+00
4.72800E-06,1.598E+00
4.72900E-06,1.598E+00
4.73000E-06,1.598E+00
4.73100E-06,1.590E+00
4.73200E-06,1.590E+00
4.73300E-06,1.598E+00
4.73400E-06,1.598E+00
4.73500E-06,1.606E+00
4.73600E-06,1.598E+00
4.73700E-06,1.598E+00
4.73800E-06,1.598E+00
4.73900E-06,1.598E+00
4.74000E-06,1.590E+00
4.74100E-06,1.590E+00
4.74200E-06,1.598E+00
4.74300E-06,1.598E+00
4.74400E-06,1.598E+00
4.74500E-06,1.598E+00
4.74600E-06,1.598E+00
4.74700E-06,1.598E+00
4.74800E-06,1.598E+00
4.74900E-06,1.598E+00
4.75000E-06,1.598E+00
4.75100E-06,1.598E+00
4.75200E-06,1.598E+00
4.75300E-06,1.598E+00
4.75400E-06,1.598E+00
4.75500E-06,1.606E+00
4.75600E-06,1.598E+00
4.75700E-06,1.598E+00
4.75800E-06,1.598E+00
4.75900E-06,1.606E+00
4.76000E-06,1.606E+00
4.76100E-06,1.598E+00
4.76200E-06,1.598E+00
4.76300E-06,1.598E+00
4.76400E-06,1.606E+00
4.76500E-06,1.606E+00
4.76600E-06,1.606E+00
4.76700E-06,1.598E+00
4.76800E-06,1.598E+00
4.76900E-06,1.598E+00
4.77000E-06,1.598E+00
4.77100E-06,1.598E+00
4.77200E-06,1.590E+00
4.77300E-06,1.590E+00
4.77400E-06,1.598E+00
4.77500E-06,1.598E+00
4.77600E-06,1.590E+00
4.77700E-06,1.590E+00
4.77800E-06,1.598E+00
4.77900E-06,1.598E+00
4.78000E-06,1.598E+00
4.78100E-06,1.598E+00
4.78200E-06,1.590E+00
4.78300E-06,1.606E+00
4.78400E-06,1.606E+00
4.78500E-06,1.598E+00
4.78600E-06,1.598E+00
4.78700E-06,1.598E+00
4.78800E-06,1.598E+00
4.78900E-06,1.598E+00
4.79000E-06,1.598E+00
4.79100E-06,1.598E+00
4.79200E-06,1.598E+00
4.79300E-06,1.598E+00
4.79400E-06,1.598E+00
4.79500E-06,1.598E+00
4.79600E-06,1.598E+00
4.79700E-06,1.590E+00
4.79800E-06,1.598E+00
4.79900E-06,1.598E+00
4.80000E-06,1.598E+00
4.80100E-06,1.598E+00
4.80200E-06,1.598E+00
4.80300E-06,1.606E+00
4.80400E-06,1.598E+00
4.80500E-06,1.598E+00
4.80600E-06,1.590E+00
4.80700E-06,1.598E+00
4.80800E-06,1.598E+00
4.80900E-06,1.598E+00
4.81000E-06,1.598E+00
4.81100E-06,1.598E+00
4.81200E-06,1.598E+00
4.81300E-06,1.598E+00
4.81400E-06,1.598E+00
4.81500E-06,1.598E+00
4.81600E-06,1.598E+00
4.81700E-06,1.598E+00
4.81800E-06,1.606E+00
4.81900E-06,1.606E+00
4.82000E-06,1.598E+00
4.82100E-06,1.590E+00
4.82200E-06,1.590E+00
4.82300E-06,1.590E+00
4.82400E-06,1.606E+00
4.82500E-06,1.606E+00
4.82600E-06,1.606E+00
4.82700E-06,1.598E+00
4.82800E-06,1.606E+00
4.82900E-06,1.606E+00
4.83000E-06,1.606E+00
4.83100E-06,1.598E+00
4.83200E-06,1.598E+00
4.83300E-06,1.598E+00
4.83400E-06,1.598E+00
4.83500E-06,1.598E+00
4.83600E-06,1.590E+00
4.83700E-06,1.598E+00
4.83800E-06,1.598E+00
4.83900E-06,1.598E+00
4.84000E-06,1.598E+00
4.84100E-06,1.606E+00
4.84200E-06,1.606E+00
4.84300E-06,1.598E+00
4.84400E-06,1.606E+00
4.84500E-06,1.606E+00
4.84600E-06,1.598E+00
4.84700E-06,1.606E+00
4.84800E-06,1.598E+00
4.84900E-06,1.598E+00
4.85000E-06,1.598E+00
4.85100E-06,1.598E+00
4.85200E-06,1.590E+00
4.85300E-06,1.598E+00
4.85400E-06,1.606E+00
4.85500E-06,1.606E+00
4.85600E-06,1.598E+00
4.85700E-06,1.598E+00
4.85800E-06,1.598E+00
4.85900E-06,1.606E+00
4.86000E-06,1.598E+00
4.86100E-06,1.598E+00
4.86200E-06,1.598E+00
4.86300E-06,1.590E+00
4.86400E-06,1.590E+00
4.86500E-06,1.598E+00
4.86600E-06,1.598E+00
4.86700E-06,1.598E+00
4.86800E-06,1.598E+00
4.86900E-06,1.598E+00
4.87000E-06,1.598E+00
4.87100E-06,1.598E+00
4.87200E-06,1.598E+00
4.87300E-06,1.598E+00
4.87400E-06,1.606E+00
4.87500E-06,1.606E+00
4.87600E-06,1.606E+00
4.87700E-06,1.598E+00
4.87800E-06,1.598E+00
4.87900E-06,1.598E+00
4.88000E-06,1.598E+00
4.88100E-06,1.598E+00
4.88200E-06,1.598E+00
4.88300E-06,1.598E+00
4.88400E-06,1.598E+00
4.88500E-06,1.598E+00
4.88600E-06,1.598E+00
4.88700E-06,1.598E+00
4.88800E-06,1.598E+00
4.88900E-06,1.598E+00
4.89000E-06,1.598E+00
4.89100E-06,1.598E+00
4.89200E-06,1.590E+00
4.89300E-06,1.598E+00
4.89400E-06,1.598E+00
4.89500E-06,1.598E+00
4.89600E-06,1.598E+00
4.89700E-06,1.598E+00
4.89800E-06,1.598E+00
4.89900E-06,1.598E+00
4.90000E-06,1.598E+00
4.90100E-06,1.606E+00
4.90200E-06,1.598E+00
4.90300E-06,1.598E+00
4.90400E-06,1.598E+00
4.90500E-06,1.598E+00
4.90600E-06,1.606E+00
4.90700E-06,1.598E+00
4.90800E-06,1.598E+00
4.90900E-06,1.598E+00
4.91000E-06,1.598E+00
4.91100E-06,1.598E+00
4.91200E-06,1.598E+00
4.91300E-06,1.598E+00
4.91400E-06,1.598E+00
4.91500E-06,1.598E+00
4.91600E-06,1.606E+00
4.91700E-06,1.598E+00
4.91800E-06,1.598E+00
4.91900E-06,1.598E+00
4.92000E-06,1.598E+00
4.92100E-06,1.598E+00
4.92200E-06,1.598E+00
4.92300E-06,1.606E+00
4.92400E-06,1.598E+00
4.92500E-06,1.606E+00
4.92600E-06,1.598E+00
4.92700E-06,1.606E+00
4.92800E-06,1.606E+00
4.92900E-06,1.606E+00
4.93000E-06,1.606E+00
4.93100E-06,1.606E+00
4.93200E-06,1.590E+00
4.93300E-06,1.590E+00
4.93400E-06,1.598E+00
4.93500E-06,1.598E+00
4.93600E-06,1.598E+00
4.93700E-06,1.598E+00
4.93800E-06,1.606E+00
4.93900E-06,1.606E+00
4.94000E-06,1.606E+00
4.94100E-06,1.598E+00
4.94200E-06,1.598E+00
4.94300E-06,1.598E+00
4.94400E-06,1.606E+00
4.94500E-06,1.606E+00
4.94600E-06,1.590E+00
4.94700E-06,1.598E+00
4.94800E-06,1.590E+00
4.94900E-06,1.598E+00
4.95000E-06,1.590E+00
4.95100E-06,1.598E+00
4.95200E-06,1.598E+00
4.95300E-06,1.590E+00
4.95400E-06,1.590E+00
4.95500E-06,1.590E+00
4.95600E-06,1.598E+00
4.95700E-06,1.598E+00
4.95800E-06,1.598E+00
4.95900E-06,1.598E+00
4.96000E-06,1.598E+00
4.96100E-06,1.598E+00
4.96200E-06,1.598E+00
4.96300E-06,1.598E+00
4.96400E-06,1.598E+00
4.96500E-06,1.598E+00
4.96600E-06,1.598E+00
4.96700E-06,1.590E+00
4.96800E-06,1.590E+00
4.96900E-06,1.598E+00
4.97000E-06,1.598E+00
4.97100E-06,1.598E+00
4.97200E-06,1.590E+00
4.97300E-06,1.590E+00
4.97400E-06,1.598E+00
4.97500E-06,1.598E+00
4.97600E-06,1.590E+00
4.97700E-06,1.598E+00
4.97800E-06,1.598E+00
4.97900E-06,1.598E+00
4.98000E-06,1.598E+00
4.98100E-06,1.590E+00
4.98200E-06,1.598E+00
4.98300E-06,1.598E+00
4.98400E-06,1.606E+00
4.98500E-06,1.598E+00
4.98600E-06,1.590E+00
4.98700E-06,1.590E+00
4.98800E-06,1.590E+00
4.98900E-06,1.598E+00
4.99000E-06,1.598E+00
4.99100E-06,1.598E+00
4.99200E-06,1.598E+00
4.99300E-06,1.598E+00
4.99400E-06,1.598E+00
4.99500E-06,1.598E+00
4.99600E-06,1.598E+00
4.99700E-06,1.590E+00
4.99800E-06,1.598E+00
4.99900E-06,1.598E+00
5.00000E-06,1.590E+00
5.00100E-06,1.598E+00
5.00200E-06,1.590E+00
5.00300E-06,1.590E+00
5.00400E-06,1.598E+00
5.00500E-06,1.598E+00
5.00600E-06,1.598E+00
5.00700E-06,1.598E+00
5.00800E-06,1.598E+00
5.00900E-06,1.606E+00
5.01000E-06,1.606E+00
5.01100E-06,1.598E+00
5.01200E-06,1.590E+00
5.01300E-06,1.598E+00
5.01400E-06,1.598E+00
5.01500E-06,1.606E+00
5.01600E-06,1.598E+00
5.01700E-06,1.598E+00
5.01800E-06,1.598E+00
5.01900E-06,1.598E+00
5.02000E-06,1.606E+00
5.02100E-06,1.598E+00
5.02200E-06,1.598E+00
5.02300E-06,1.590E+00
5.02400E-06,1.598E+00
5.02500E-06,1.606E+00
5.02600E-06,1.598E+00
5.02700E-06,1.598E+00
5.02800E-06,1.598E+00
5.02900E-06,1.598E+00
5.03000E-06,1.598E+00
5.03100E-06,1.598E+00
5.03200E-06,1.598E+00
5.03300E-06,1.598E+00
5.03400E-06,1.598E+00
5.03500E-06,1.598E+00
5.03600E-06,1.598E+00
5.03700E-06,1.598E+00
5.03800E-06,1.598E+00
5.03900E-06,1.598E+00
5.04000E-06,1.598E+00
5.04100E-06,1.598E+00
5.04200E-06,1.598E+00
5.04300E-06,1.598E+00
5.04400E-06,1.598E+00
5.04500E-06,1.598E+00
5.04600E-06,1.598E+00
5.04700E-06,1.606E+00
5.04800E-06,1.598E+00
5.04900E-06,1.598E+00
5.05000E-06,1.598E+00
5.05100E-06,1.606E+00
5.05200E-06,1.598E+00
5.05300E-06,1.598E+00
5.05400E-06,1.606E+00
5.05500E-06,1.606E+00
5.05600E-06,1.598E+00
5.05700E-06,1.598E+00
5.05800E-06,1.598E+00
5.05900E-06,1.590E+00
5.06000E-06,1.590E+00
5.06100E-06,1.590E+00
5.06200E-06,1.590E+00
5.06300E-06,1.598E+00
5.06400E-06,1.598E+00
5.06500E-06,1.598E+00
5.06600E-06,1.590E+00
5.06700E-06,1.590E+00
5.06800E-06,1.590E+00
5.06900E-06,1.598E+00
5.07000E-06,1.598E+00
5.07100E-06,1.598E+00
5.07200E-06,1.598E+00
5.07300E-06,1.598E+00
5.07400E-06,1.606E+00
5.07500E-06,1.606E+00
5.07600E-06,1.598E+00
5.07700E-06,1.590E+00
5.07800E-06,1.598E+00
5.07900E-06,1.598E+00
5.08000E-06,1.606E+00
5.08100E-06,1.606E+00
5.08200E-06,1.606E+00
5.08300E-06,1.606E+00
5.08400E-06,1.606E+00
5.08500E-06,1.598E+00
5.08600E-06,1.606E+00
5.08700E-06,1.606E+00
5.08800E-06,1.598E+00
5.08900E-06,1.606E+00
5.09000E-06,1.598E+00
5.09100E-06,1.598E+00
5.09200E-06,1.598E+00
5.09300E-06,1.598E+00
5.09400E-06,1.598E+00
5.09500E-06,1.590E+00
5.09600E-06,1.598E+00
5.09700E-06,1.590E+00
5.09800E-06,1.598E+00
5.09900E-06,1.606E+00
5.10000E-06,1.606E+00
5.10100E-06,1.590E+00
5.10200E-06,1.598E+00
5.10300E-06,1.598E+00
5.10400E-06,1.598E+00
5.10500E-06,1.606E+00
5.10600E-06,1.598E+00
5.10700E-06,1.598E+00
5.10800E-06,1.598E+00
5.10900E-06,1.598E+00
5.11000E-06,1.598E+00
5.11100E-06,1.598E+00
5.11200E-06,1.598E+00
5.11300E-06,1.598E+00
5.11400E-06,1.598E+00
5.11500E-06,1.598E+00
5.11600E-06,1.598E+00
5.11700E-06,1.606E+00
5.11800E-06,1.598E+00
5.11900E-06,1.598E+00
5.12000E-06,1.598E+00
5.12100E-06,1.598E+00
5.12200E-06,1.598E+00
5.12300E-06,1.598E+00
5.12400E-06,1.598E+00
5.12500E-06,1.598E+00
5.12600E-06,1.598E+00
5.12700E-06,1.598E+00
5.12800E-06,1.598E+00
5.12900E-06,1.598E+00
5.13000E-06,1.598E+00
5.13100E-06,1.598E+00
5.13200E-06,1.598E+00
5.13300E-06,1.598E+00
5.13400E-06,1.606E+00
5.13500E-06,1.606E+00
5.13600E-06,1.598E+00
5.13700E-06,1.598E+00
5.13800E-06,1.598E+00
5.13900E-06,1.606E+00
5.14000E-06,1.606E+00
5.14100E-06,1.598E+00
5.14200E-06,1.598E+00
5.14300E-06,1.598E+00
5.14400E-06,1.598E+00
5.14500E-06,1.598E+00
5.14600E-06,1.598E+00
5.14700E-06,1.598E+00
5.14800E-06,1.598E+00
5.14900E-06,1.598E+00
5.15000E-06,1.598E+00
5.15100E-06,1.598E+00
5.15200E-06,1.598E+00
5.15300E-06,1.598E+00
5.15400E-06,1.598E+00
5.15500E-06,1.606E+00
5.15600E-06,1.598E+00
5.15700E-06,1.598E+00
5.15800E-06,1.598E+00
5.15900E-06,1.598E+00
5.16000E-06,1.598E+00
5.16100E-06,1.598E+00
5.16200E-06,1.598E+00
5.16300E-06,1.598E+00
5.16400E-06,1.598E+00
5.16500E-06,1.598E+00
5.16600E-06,1.598E+00
5.16700E-06,1.598E+00
5.16800E-06,1.598E+00
5.16900E-06,1.598E+00
5.17000E-06,1.598E+00
5.17100E-06,1.598E+00
5.17200E-06,1.590E+00
5.17300E-06,1.598E+00
5.17400E-06,1.598E+00
5.17500E-06,1.606E+00
5.17600E-06,1.598E+00
5.17700E-06,1.598E+00
5.17800E-06,1.598E+00
5.17900E-06,1.598E+00
5.18000E-06,1.606E+00
5.18100E-06,1.598E+00
5.18200E-06,1.598E+00
5.18300E-06,1.598E+00
5.18400E-06,1.606E+00
5.18500E-06,1.598E+00
5.18600E-06,1.598E+00
5.18700E-06,1.590E+00
5.18800E-06,1.598E+00
5.18900E-06,1.598E+00
5.19000E-06,1.598E+00
5.19100E-06,1.598E+00
5.19200E-06,1.590E+00
5.19300E-06,1.598E+00
5.19400E-06,1.606E+00
5.19500E-06,1.606E+00
5.19600E-06,1.598E+00
5.19700E-06,1.598E+00
5.19800E-06,1.598E+00
5.19900E-06,1.598E+00
5.20000E-06,1.598E+00
5.20100E-06,1.598E+00
5.20200E-06,1.606E+00
5.20300E-06,1.606E+00
5.20400E-06,1.606E+00
5.20500E-06,1.598E+00
5.20600E-06,1.598E+00
5.20700E-06,1.598E+00
5.20800E-06,1.598E+00
5.20900E-06,1.598E+00
5.21000E-06,1.598E+00
5.21100E-06,1.598E+00
5.21200E-06,1.598E+00
5.21300E-06,1.590E+00
5.21400E-06,1.598E+00
5.21500E-06,1.598E+00
5.21600E-06,1.598E+00
5.21700E-06,1.598E+00
5.21800E-06,1.598E+00
5.21900E-06,1.606E+00
5.22000E-06,1.598E+00
5.22100E-06,1.598E+00
5.22200E-06,1.590E+00
5.22300E-06,1.598E+00
5.22400E-06,1.598E+00
5.22500E-06,1.598E+00
5.22600E-06,1.598E+00
5.22700E-06,1.598E+00
5.22800E-06,1.598E+00
5.22900E-06,1.598E+00
5.23000E-06,1.598E+00
5.23100E-06,1.590E+00
5.23200E-06,1.598E+00
5.23300E-06,1.598E+00
5.23400E-06,1.606E+00
5.23500E-06,1.606E+00
5.23600E-06,1.598E+00
5.23700E-06,1.598E+00
5.23800E-06,1.598E+00
5.23900E-06,1.598E+00
5.24000E-06,1.598E+00
5.24100E-06,1.598E+00
5.24200E-06,1.598E+00
5.24300E-06,1.606E+00
5.24400E-06,1.606E+00
5.24500E-06,1.606E+00
5.24600E-06,1.598E+00
5.24700E-06,1.598E+00
5.24800E-06,1.598E+00
5.24900E-06,1.598E+00
5.25000E-06,1.598E+00
5.25100E-06,1.598E+00
5.25200E-06,1.598E+00
5.25300E-06,1.598E+00
5.25400E-06,1.606E+00
5.25500E-06,1.606E+00
5.25600E-06,1.598E+00
5.25700E-06,1.606E+00
5.25800E-06,1.598E+00
5.25900E-06,1.606E+00
5.26000E-06,1.598E+00
5.26100E-06,1.598E+00
5.26200E-06,1.590E+00
5.26300E-06,1.598E+00
5.26400E-06,1.598E+00
5.26500E-06,1.598E+00
5.26600E-06,1.598E+00
5.26700E-06,1.598E+00
5.26800E-06,1.598E+00
5.26900E-06,1.598E+00
5.27000E-06,1.598E+00
5.27100E-06,1.590E+00
5.27200E-06,1.598E+00
5.27300E-06,1.606E+00
5.27400E-06,1.598E+00
5.27500E-06,1.598E+00
5.27600E-06,1.590E+00
5.27700E-06,1.598E+00
5.27800E-06,1.590E+00
5.27900E-06,1.598E+00
5.28000E-06,1.598E+00
5.28100E-06,1.590E+00
5.28200E-06,1.598E+00
5.28300E-06,1.606E+00
5.28400E-06,1.598E+00
5.28500E-06,1.598E+00
5.28600E-06,1.598E+00
5.28700E-06,1.598E+00
5.28800E-06,1.598E+00
5.28900E-06,1.598E+00
5.29000E-06,1.598E+00
5.29100E-06,1.598E+00
5.29200E-06,1.598E+00
5.29300E-06,1.598E+00
5.29400E-06,1.598E+00
5.29500E-06,1.606E+00
5.29600E-06,1.606E+00
5.29700E-06,1.598E+00
5.29800E-06,1.606E+00
5.29900E-06,1.606E+00
5.30000E-06,1.598E+00
5.30100E-06,1.598E+00
5.30200E-06,1.598E+00
5.30300E-06,1.598E+00
5.30400E-06,1.598E+00
5.30500E-06,1.598E+00
5.30600E-06,1.590E+00
5.30700E-06,1.590E+00
5.30800E-06,1.598E+00
5.30900E-06,1.598E+00
5.31000E-06,1.606E+00
5.31100E-06,1.598E+00
5.31200E-06,1.598E+00
5.31300E-06,1.598E+00
5.31400E-06,1.598E+00
5.31500E-06,1.606E+00
5.31600E-06,1.598E+00
5.31700E-06,1.598E+00
5.31800E-06,1.598E+00
5.31900E-06,1.598E+00
5.32000E-06,1.606E+00
5.32100E-06,1.598E+00
5.32200E-06,1.598E+00
5.32300E-06,1.598E+00
5.32400E-06,1.598E+00
5.32500E-06,1.598E+00
5.32600E-06,1.598E+00
5.32700E-06,1.590E+00
5.32800E-06,1.598E+00
5.32900E-06,1.598E+00
5.33000E-06,1.598E+00
5.33100E-06,1.598E+00
5.33200E-06,1.598E+00
5.33300E-06,1.598E+00
5.33400E-06,1.590E+00
5.33500E-06,1.598E+00
5.33600E-06,1.590E+00
5.33700E-06,1.598E+00
5.33800E-06,1.598E+00
5.33900E-06,1.590E+00
5.34000E-06,1.590E+00
5.34100E-06,1.590E+00
5.34200E-06,1.590E+00
5.34300E-06,1.590E+00
5.34400E-06,1.590E+00
5.34500E-06,1.598E+00
5.34600E-06,1.598E+00
5.34700E-06,1.598E+00
5.34800E-06,1.590E+00
5.34900E-06,1.598E+00
5.35000E-06,1.590E+00
5.35100E-06,1.590E+00
5.35200E-06,1.598E+00
5.35300E-06,1.598E+00
5.35400E-06,1.598E+00
5.35500E-06,1.606E+00
5.35600E-06,1.606E+00
5.35700E-06,1.598E+00
5.35800E-06,1.598E+00
5.35900E-06,1.598E+00
5.36000E-06,1.598E+00
5.36100E-06,1.598E+00
5.36200E-06,1.598E+00
5.36300E-06,1.598E+00
5.36400E-06,1.598E+00
5.36500E-06,1.598E+00
5.36600E-06,1.598E+00
5.36700E-06,1.598E+00
5.36800E-06,1.598E+00
5.36900E-06,1.598E+00
5.37000E-06,1.598E+00
5.37100E-06,1.598E+00
5.37200E-06,1.590E+00
5.37300E-06,1.598E+00
5.37400E-06,1.598E+00
5.37500E-06,1.598E+00
5.37600E-06,1.598E+00
5.37700E-06,1.598E+00
5.37800E-06,1.598E+00
5.37900E-06,1.598E+00
5.38000E-06,1.598E+00
5.38100E-06,1.598E+00
5.38200E-06,1.590E+00
5.38300E-06,1.598E+00
5.38400E-06,1.598E+00
5.38500E-06,1.598E+00
5.38600E-06,1.598E+00
5.38700E-06,1.598E+00
5.38800E-06,1.598E+00
5.38900E-06,1.598E+00
5.39000E-06,1.598E+00
5.39100E-06,1.598E+00
5.39200E-06,1.598E+00
5.39300E-06,1.598E+00
5.39400E-06,1.598E+00
5.39500E-06,1.590E+00
5.39600E-06,1.590E+00
5.39700E-06,1.598E+00
5.39800E-06,1.598E+00
5.39900E-06,1.598E+00
5.40000E-06,1.598E+00
5.40100E-06,1.598E+00
5.40200E-06,1.598E+00
5.40300E-06,1.598E+00
5.40400E-06,1.606E+00
5.40500E-06,1.598E+00
5.40600E-06,1.598E+00
5.40700E-06,1.590E+00
5.40800E-06,1.598E+00
5.40900E-06,1.590E+00
5.41000E-06,1.598E+00
5.41100E-06,1.598E+00
5.41200E-06,1.590E+00
5.41300E-06,1.590E+00
5.41400E-06,1.590E+00
5.41500E-06,1.598E+00
5.41600E-06,1.598E+00
5.41700E-06,1.590E+00
5.41800E-06,1.590E+00
5.41900E-06,1.590E+00
5.42000E-06,1.598E+00
5.42100E-06,1.590E+00
5.42200E-06,1.598E+00
5.42300E-06,1.598E+00
5.42400E-06,1.598E+00
5.42500E-06,1.606E+00
5.42600E-06,1.598E+00
5.42700E-06,1.598E+00
5.42800E-06,1.598E+00
5.42900E-06,1.598E+00
5.43000E-06,1.598E+00
5.43100E-06,1.590E+00
5.43200E-06,1.598E+00
5.43300E-06,1.590E+00
5.43400E-06,1.598E+00
5.43500E-06,1.606E+00
5.43600E-06,1.598E+00
5.43700E-06,1.598E+00
5.43800E-06,1.598E+00
5.43900E-06,1.598E+00
5.44000E-06,1.598E+00
5.44100E-06,1.590E+00
5.44200E-06,1.598E+00
5.44300E-06,1.598E+00
5.44400E-06,1.606E+00
5.44500E-06,1.598E+00
5.44600E-06,1.590E+00
5.44700E-06,1.598E+00
5.44800E-06,1.598E+00
5.44900E-06,1.598E+00
5.45000E-06,1.598E+00
5.45100E-06,1.598E+00
5.45200E-06,1.598E+00
5.45300E-06,1.598E+00
5.45400E-06,1.598E+00
5.45500E-06,1.590E+00
5.45600E-06,1.590E+00
5.45700E-06,1.590E+00
5.45800E-06,1.598E+00
5.45900E-06,1.598E+00
5.46000E-06,1.598E+00
5.46100E-06,1.598E+00
5.46200E-06,1.598E+00
5.46300E-06,1.598E+00
5.46400E-06,1.606E+00
5.46500E-06,1.598E+00
5.46600E-06,1.590E+00
5.46700E-06,1.590E+00
5.46800E-06,1.598E+00
5.46900E-06,1.598E+00
5.47000E-06,1.598E+00
5.47100E-06,1.598E+00
5.47200E-06,1.598E+00
5.47300E-06,1.598E+00
5.47400E-06,1.598E+00
5.47500E-06,1.598E+00
5.47600E-06,1.598E+00
5.47700E-06,1.598E+00
5.47800E-06,1.606E+00
5.47900E-06,1.606E+00
5.48000E-06,1.606E+00
5.48100E-06,1.598E+00
5.48200E-06,1.598E+00
5.48300E-06,1.598E+00
5.48400E-06,1.598E+00
5.48500E-06,1.590E+00
5.48600E-06,1.590E+00
5.48700E-06,1.590E+00
5.48800E-06,1.590E+00
5.48900E-06,1.598E+00
5.49000E-06,1.590E+00
5.49100E-06,1.590E+00
5.49200E-06,1.590E+00
5.49300E-06,1.598E+00
5.49400E-06,1.598E+00
5.49500E-06,1.598E+00
5.49600E-06,1.598E+00
5.49700E-06,1.590E+00
5.49800E-06,1.590E+00
5.49900E-06,1.590E+00
5.50000E-06,1.590E+00
5.50100E-06,1.590E+00
5.50200E-06,1.598E+00
5.50300E-06,1.590E+00
5.50400E-06,1.598E+00
5.50500E-06,1.598E+00
5.50600E-06,1.598E+00
5.50700E-06,1.598E+00
5.50800E-06,1.598E+00
5.50900E-06,1.598E+00
5.51000E-06,1.598E+00
5.51100E-06,1.590E+00
5.51200E-06,1.598E+00
5.51300E-06,1.598E+00
5.51400E-06,1.598E+00
5.51500E-06,1.598E+00
5.51600E-06,1.598E+00
5.51700E-06,1.598E+00
5.51800E-06,1.598E+00
5.51900E-06,1.598E+00
5.52000E-06,1.590E+00
5.52100E-06,1.590E+00
5.52200E-06,1.598E+00
5.52300E-06,1.606E+00
5.52400E-06,1.606E+00
5.52500E-06,1.606E+00
5.52600E-06,1.598E+00
5.52700E-06,1.598E+00
5.52800E-06,1.598E+00
5.52900E-06,1.598E+00
5.53000E-06,1.606E+00
5.53100E-06,1.606E+00
5.53200E-06,1.598E+00
5.53300E-06,1.590E+00
5.53400E-06,1.598E+00
5.53500E-06,1.598E+00
5.53600E-06,1.590E+00
5.53700E-06,1.598E+00
5.53800E-06,1.598E+00
5.53900E-06,1.598E+00
5.54000E-06,1.606E+00
5.54100E-06,1.598E+00
5.54200E-06,1.598E+00
5.54300E-06,1.598E+00
5.54400E-06,1.598E+00
5.54500E-06,1.598E+00
5.54600E-06,1.598E+00
5.54700E-06,1.598E+00
5.54800E-06,1.598E+00
5.54900E-06,1.598E+00
5.55000E-06,1.598E+00
5.55100E-06,1.590E+00
5.55200E-06,1.598E+00
5.55300E-06,1.598E+00
5.55400E-06,1.598E+00
5.55500E-06,1.598E+00
5.55600E-06,1.598E+00
5.55700E-06,1.590E+00
5.55800E-06,1.590E+00
5.55900E-06,1.598E+00
5.56000E-06,1.590E+00
5.56100E-06,1.590E+00
5.56200E-06,1.598E+00
5.56300E-06,1.598E+00
5.56400E-06,1.598E+00
5.56500E-06,1.598E+00
5.56600E-06,1.598E+00
5.56700E-06,1.590E+00
5.56800E-06,1.590E+00
5.56900E-06,1.590E+00
5.57000E-06,1.598E+00
5.57100E-06,1.598E+00
5.57200E-06,1.598E+00
5.57300E-06,1.598E+00
5.57400E-06,1.598E+00
5.57500E-06,1.598E+00
5.57600E-06,1.598E+00
5.57700E-06,1.598E+00
5.57800E-06,1.598E+00
5.57900E-06,1.598E+00
5.58000E-06,1.598E+00
5.58100E-06,1.598E+00
5.58200E-06,1.598E+00
5.58300E-06,1.598E+00
5.58400E-06,1.598E+00
5.58500E-06,1.590E+00
5.58600E-06,1.590E+00
5.58700E-06,1.590E+00
5.58800E-06,1.598E+00
5.58900E-06,1.598E+00
5.59000E-06,1.598E+00
5.59100E-06,1.590E+00
5.59200E-06,1.590E+00
5.59300E-06,1.590E+00
5.59400E-06,1.598E+00
5.59500E-06,1.598E+00
5.59600E-06,1.598E+00
5.59700E-06,1.598E+00
5.59800E-06,1.598E+00
5.59900E-06,1.598E+00
5.60000E-06,1.598E+00
5.60100E-06,1.598E+00
5.60200E-06,1.598E+00
5.60300E-06,1.598E+00
5.60400E-06,1.598E+00
5.60500E-06,1.598E+00
5.60600E-06,1.598E+00
5.60700E-06,1.598E+00
5.60800E-06,1.598E+00
5.60900E-06,1.598E+00
5.61000E-06,1.598E+00
5.61100E-06,1.598E+00
5.61200E-06,1.598E+00
5.61300E-06,1.598E+00
5.61400E-06,1.606E+00
5.61500E-06,1.606E+00
5.61600E-06,1.606E+00
5.61700E-06,1.606E+00
5.61800E-06,1.598E+00
5.61900E-06,1.598E+00
5.62000E-06,1.598E+00
5.62100E-06,1.598E+00
5.62200E-06,1.590E+00
5.62300E-06,1.598E+00
5.62400E-06,1.598E+00
5.62500E-06,1.598E+00
5.62600E-06,1.598E+00
5.62700E-06,1.598E+00
5.62800E-06,1.598E+00
5.62900E-06,1.598E+00
5.63000E-06,1.598E+00
5.63100E-06,1.590E+00
5.63200E-06,1.598E+00
5.63300E-06,1.598E+00
5.63400E-06,1.606E+00
5.63500E-06,1.606E+00
5.63600E-06,1.598E+00
5.63700E-06,1.598E+00
5.63800E-06,1.598E+00
5.63900E-06,1.598E+00
5.64000E-06,1.598E+00
5.64100E-06,1.598E+00
5.64200E-06,1.598E+00
5.64300E-06,1.590E+00
5.64400E-06,1.598E+00
5.64500E-06,1.598E+00
5.64600E-06,1.598E+00
5.64700E-06,1.598E+00
5.64800E-06,1.598E+00
5.64900E-06,1.590E+00
5.65000E-06,1.590E+00
5.65100E-06,1.598E+00
5.65200E-06,1.598E+00
5.65300E-06,1.598E+00
5.65400E-06,1.598E+00
5.65500E-06,1.598E+00
5.65600E-06,1.590E+00
5.65700E-06,1.590E+00
5.65800E-06,1.590E+00
5.65900E-06,1.598E+00
5.66000E-06,1.598E+00
5.66100E-06,1.598E+00
5.66200E-06,1.590E+00
5.66300E-06,1.598E+00
5.66400E-06,1.598E+00
5.66500E-06,1.606E+00
5.66600E-06,1.606E+00
5.66700E-06,1.598E+00
5.66800E-06,1.590E+00
5.66900E-06,1.598E+00
5.67000E-06,1.590E+00
5.67100E-06,1.590E+00
5.67200E-06,1.598E+00
5.67300E-06,1.598E+00
5.67400E-06,1.598E+00
5.67500E-06,1.598E+00
5.67600E-06,1.590E+00
5.67700E-06,1.590E+00
5.67800E-06,1.590E+00
5.67900E-06,1.598E+00
5.68000E-06,1.598E+00
5.68100E-06,1.598E+00
5.68200E-06,1.598E+00
5.68300E-06,1.598E+00
5.68400E-06,1.598E+00
5.68500E-06,1.598E+00
5.68600E-06,1.598E+00
5.68700E-06,1.598E+00
5.68800E-06,1.598E+00
5.68900E-06,1.598E+00
5.69000E-06,1.598E+00
5.69100E-06,1.598E+00
5.69200E-06,1.590E+00
5.69300E-06,1.598E+00
5.69400E-06,1.598E+00
5.69500E-06,1.598E+00
5.69600E-06,1.590E+00
5.69700E-06,1.598E+00
5.69800E-06,1.598E+00
5.69900E-06,1.598E+00
5.70000E-06,1.598E+00
5.70100E-06,1.590E+00
5.70200E-06,1.598E+00
5.70300E-06,1.598E+00
5.70400E-06,1.598E+00
5.70500E-06,1.598E+00
5.70600E-06,1.598E+00
5.70700E-06,1.598E+00
5.70800E-06,1.598E+00
5.70900E-06,1.598E+00
5.71000E-06,1.598E+00
5.71100E-06,1.598E+00
5.71200E-06,1.598E+00
5.71300E-06,1.598E+00
5.71400E-06,1.598E+00
5.71500E-06,1.598E+00
5.71600E-06,1.598E+00
5.71700E-06,1.590E+00
5.71800E-06,1.598E+00
5.71900E-06,1.598E+00
5.72000E-06,1.606E+00
5.72100E-06,1.598E+00
5.72200E-06,1.590E+00
5.72300E-06,1.598E+00
5.72400E-06,1.590E+00
5.72500E-06,1.598E+00
5.72600E-06,1.598E+00
5.72700E-06,1.598E+00
5.72800E-06,1.598E+00
5.72900E-06,1.606E+00
5.73000E-06,1.606E+00
5.73100E-06,1.598E+00
5.73200E-06,1.598E+00
5.73300E-06,1.598E+00
5.73400E-06,1.598E+00
5.73500E-06,1.598E+00
5.73600E-06,1.598E+00
5.73700E-06,1.598E+00
5.73800E-06,1.590E+00
5.73900E-06,1.598E+00
5.74000E-06,1.598E+00
5.74100E-06,1.598E+00
5.74200E-06,1.598E+00
5.74300E-06,1.590E+00
5.74400E-06,1.598E+00
5.74500E-06,1.606E+00
5.74600E-06,1.598E+00
5.74700E-06,1.598E+00
5.74800E-06,1.590E+00
5.74900E-06,1.598E+00
5.75000E-06,1.606E+00
5.75100E-06,1.598E+00
5.75200E-06,1.590E+00
5.75300E-06,1.598E+00
5.75400E-06,1.598E+00
5.75500E-06,1.598E+00
5.75600E-06,1.606E+00
5.75700E-06,1.606E+00
5.75800E-06,1.598E+00
5.75900E-06,1.598E+00
5.76000E-06,1.598E+00
5.76100E-06,1.598E+00
5.76200E-06,1.590E+00
5.76300E-06,1.598E+00
5.76400E-06,1.598E+00
5.76500E-06,1.598E+00
5.76600E-06,1.598E+00
5.76700E-06,1.590E+00
5.76800E-06,1.598E+00
5.76900E-06,1.598E+00
5.77000E-06,1.598E+00
5.77100E-06,1.598E+00
5.77200E-06,1.590E+00
5.77300E-06,1.590E+00
5.77400E-06,1.598E+00
5.77500E-06,1.606E+00
5.77600E-06,1.598E+00
5.77700E-06,1.598E+00
5.77800E-06,1.598E+00
5.77900E-06,1.598E+00
5.78000E-06,1.606E+00
5.78100E-06,1.606E+00
5.78200E-06,1.606E+00
5.78300E-06,1.598E+00
5.78400E-06,1.598E+00
5.78500E-06,1.598E+00
5.78600E-06,1.590E+00
5.78700E-06,1.590E+00
5.78800E-06,1.590E+00
5.78900E-06,1.590E+00
5.79000E-06,1.598E+00
5.79100E-06,1.598E+00
5.79200E-06,1.590E+00
5.79300E-06,1.590E+00
5.79400E-06,1.598E+00
5.79500E-06,1.598E+00
5.79600E-06,1.598E+00
5.79700E-06,1.598E+00
5.79800E-06,1.598E+00
5.79900E-06,1.598E+00
5.80000E-06,1.598E+00
5.80100E-06,1.590E+00
5.80200E-06,1.590E+00
5.80300E-06,1.590E+00
5.80400E-06,1.598E+00
5.80500E-06,1.598E+00
5.80600E-06,1.598E+00
5.80700E-06,1.598E+00
5.80800E-06,1.598E+00
5.80900E-06,1.598E+00
5.81000E-06,1.598E+00
5.81100E-06,1.590E+00
5.81200E-06,1.590E+00
5.81300E-06,1.590E+00
5.81400E-06,1.598E+00
5.81500E-06,1.598E+00
5.81600E-06,1.598E+00
5.81700E-06,1.598E+00
5.81800E-06,1.598E+00
5.81900E-06,1.590E+00
5.82000E-06,1.590E+00
5.82100E-06,1.590E+00
5.82200E-06,1.598E+00
5.82300E-06,1.598E+00
5.82400E-06,1.598E+00
5.82500E-06,1.598E+00
5.82600E-06,1.598E+00
5.82700E-06,1.606E+00
5.82800E-06,1.598E+00
5.82900E-06,1.598E+00
5.83000E-06,1.598E+00
5.83100E-06,1.590E+00
5.83200E-06,1.598E+00
5.83300E-06,1.598E+00
5.83400E-06,1.598E+00
5.83500E-06,1.598E+00
5.83600E-06,1.598E+00
5.83700E-06,1.598E+00
5.83800E-06,1.598E+00
5.83900E-06,1.598E+00
5.84000E-06,1.598E+00
5.84100E-06,1.598E+00
5.84200E-06,1.598E+00
5.84300E-06,1.598E+00
5.84400E-06,1.606E+00
5.84500E-06,1.606E+00
5.84600E-06,1.598E+00
5.84700E-06,1.598E+00
5.84800E-06,1.598E+00
5.84900E-06,1.590E+00
5.85000E-06,1.590E+00
5.85100E-06,1.590E+00
5.85200E-06,1.598E+00
5.85300E-06,1.590E+00
5.85400E-06,1.598E+00
5.85500E-06,1.598E+00
5.85600E-06,1.598E+00
5.85700E-06,1.598E+00
5.85800E-06,1.598E+00
5.85900E-06,1.590E+00
5.86000E-06,1.598E+00
5.86100E-06,1.598E+00
5.86200E-06,1.606E+00
5.86300E-06,1.606E+00
5.86400E-06,1.606E+00
5.86500E-06,1.606E+00
5.86600E-06,1.598E+00
5.86700E-06,1.598E+00
5.86800E-06,1.598E+00
5.86900E-06,1.598E+00
5.87000E-06,1.590E+00
5.87100E-06,1.598E+00
5.87200E-06,1.590E+00
5.87300E-06,1.598E+00
5.87400E-06,1.606E+00
5.87500E-06,1.606E+00
5.87600E-06,1.598E+00
5.87700E-06,1.598E+00
5.87800E-06,1.598E+00
5.87900E-06,1.598E+00
5.88000E-06,1.598E+00
5.88100E-06,1.598E+00
5.88200E-06,1.590E+00
5.88300E-06,1.606E+00
5.88400E-06,1.606E+00
5.88500E-06,1.598E+00
5.88600E-06,1.590E+00
5.88700E-06,1.598E+00
5.88800E-06,1.598E+00
5.88900E-06,1.598E+00
5.89000E-06,1.598E+00
5.89100E-06,1.598E+00
5.89200E-06,1.598E+00
5.89300E-06,1.590E+00
5.89400E-06,1.590E+00
5.89500E-06,1.590E+00
5.89600E-06,1.598E+00
5.89700E-06,1.606E+00
5.89800E-06,1.606E+00
5.89900E-06,1.598E+00
5.90000E-06,1.606E+00
5.90100E-06,1.598E+00
5.90200E-06,1.590E+00
5.90300E-06,1.598E+00
5.90400E-06,1.606E+00
5.90500E-06,1.598E+00
5.90600E-06,1.598E+00
5.90700E-06,1.598E+00
5.90800E-06,1.598E+00
5.90900E-06,1.598E+00
5.91000E-06,1.598E+00
5.91100E-06,1.590E+00
5.91200E-06,1.590E+00
5.91300E-06,1.590E+00
5.91400E-06,1.598E+00
5.91500E-06,1.598E+00
5.91600E-06,1.598E+00
5.91700E-06,1.598E+00
5.91800E-06,1.606E+00
5.91900E-06,1.606E+00
5.92000E-06,1.598E+00
5.92100E-06,1.590E+00
5.92200E-06,1.590E+00
5.92300E-06,1.590E+00
5.92400E-06,1.598E+00
5.92500E-06,1.598E+00
5.92600E-06,1.598E+00
5.92700E-06,1.598E+00
5.92800E-06,1.606E+00
5.92900E-06,1.598E+00
5.93000E-06,1.598E+00
5.93100E-06,1.598E+00
5.93200E-06,1.598E+00
5.93300E-06,1.598E+00
5.93400E-06,1.598E+00
5.93500E-06,1.606E+00
5.93600E-06,1.598E+00
5.93700E-06,1.598E+00
5.93800E-06,1.598E+00
5.93900E-06,1.598E+00
5.94000E-06,1.598E+00
5.94100E-06,1.598E+00
5.94200E-06,1.598E+00
5.94300E-06,1.606E+00
5.94400E-06,1.606E+00
5.94500E-06,1.606E+00
5.94600E-06,1.598E+00
5.94700E-06,1.598E+00
5.94800E-06,1.598E+00
5.94900E-06,1.598E+00
5.95000E-06,1.590E+00
5.95100E-06,1.590E+00
5.95200E-06,1.598E+00
5.95300E-06,1.598E+00
5.95400E-06,1.606E+00
5.95500E-06,1.606E+00
5.95600E-06,1.598E+00
5.95700E-06,1.590E+00
5.95800E-06,1.590E+00
5.95900E-06,1.590E+00
5.96000E-06,1.598E+00
5.96100E-06,1.590E+00
5.96200E-06,1.598E+00
5.96300E-06,1.606E+00
5.96400E-06,1.606E+00
5.96500E-06,1.598E+00
5.96600E-06,1.590E+00
5.96700E-06,1.598E+00
5.96800E-06,1.598E+00
5.96900E-06,1.598E+00
5.97000E-06,1.598E+00
5.97100E-06,1.590E+00
5.97200E-06,1.590E+00
5.97300E-06,1.598E+00
5.97400E-06,1.606E+00
5.97500E-06,1.598E+00
5.97600E-06,1.598E+00
5.97700E-06,1.598E+00
5.97800E-06,1.598E+00
5.97900E-06,1.598E+00
5.98000E-06,1.598E+00
5.98100E-06,1.598E+00
5.98200E-06,1.590E+00
5.98300E-06,1.590E+00
5.98400E-06,1.598E+00
5.98500E-06,1.598E+00
5.98600E-06,1.606E+00
5.98700E-06,1.598E+00
5.98800E-06,1.598E+00
5.98900E-06,1.598E+00
5.99000E-06,1.598E+00
5.99100E-06,1.598E+00
5.99200E-06,1.598E+00
5.99300E-06,1.598E+00
5.99400E-06,1.606E+00
5.99500E-06,1.598E+00
5.99600E-06,1.598E+00
5.99700E-06,1.598E+00
5.99800E-06,1.598E+00
5.99900E-06,1.606E+00
6.00000E-06,1.590E+00
6.00100E-06,1.590E+00
6.00200E-06,1.598E+00
6.00300E-06,1.598E+00
6.00400E-06,1.606E+00
6.00500E-06,1.598E+00
6.00600E-06,1.598E+00
6.00700E-06,1.598E+00
6.00800E-06,1.590E+00
6.00900E-06,1.598E+00
6.01000E-06,1.598E+00
6.01100E-06,1.590E+00
6.01200E-06,1.598E+00
6.01300E-06,1.598E+00
6.01400E-06,1.606E+00
6.01500E-06,1.598E+00
6.01600E-06,1.598E+00
6.01700E-06,1.590E+00
6.01800E-06,1.598E+00
6.01900E-06,1.598E+00
6.02000E-06,1.598E+00
6.02100E-06,1.590E+00
6.02200E-06,1.590E+00
6.02300E-06,1.598E+00
6.02400E-06,1.598E+00
6.02500E-06,1.606E+00
6.02600E-06,1.598E+00
6.02700E-06,1.598E+00
6.02800E-06,1.590E+00
6.02900E-06,1.590E+00
6.03000E-06,1.590E+00
6.03100E-06,1.590E+00
6.03200E-06,1.590E+00
6.03300E-06,1.598E+00
6.03400E-06,1.598E+00
6.03500E-06,1.598E+00
6.03600E-06,1.598E+00
6.03700E-06,1.598E+00
6.03800E-06,1.598E+00
6.03900E-06,1.606E+00
6.04000E-06,1.598E+00
6.04100E-06,1.606E+00
6.04200E-06,1.598E+00
6.04300E-06,1.606E+00
6.04400E-06,1.598E+00
6.04500E-06,1.598E+00
6.04600E-06,1.590E+00
6.04700E-06,1.590E+00
6.04800E-06,1.590E+00
6.04900E-06,1.590E+00
6.05000E-06,1.590E+00
6.05100E-06,1.598E+00
6.05200E-06,1.590E+00
6.05300E-06,1.598E+00
6.05400E-06,1.606E+00
6.05500E-06,1.598E+00
6.05600E-06,1.598E+00
6.05700E-06,1.590E+00
6.05800E-06,1.590E+00
6.05900E-06,1.598E+00
6.06000E-06,1.590E+00
6.06100E-06,1.590E+00
6.06200E-06,1.598E+00
6.06300E-06,1.598E+00
6.06400E-06,1.598E+00
6.06500E-06,1.598E+00
6.06600E-06,1.598E+00
6.06700E-06,1.598E+00
6.06800E-06,1.598E+00
6.06900E-06,1.598E+00
6.07000E-06,1.598E+00
6.07100E-06,1.598E+00
6.07200E-06,1.598E+00
6.07300E-06,1.598E+00
6.07400E-06,1.606E+00
6.07500E-06,1.598E+00
6.07600E-06,1.590E+00
6.07700E-06,1.598E+00
6.07800E-06,1.598E+00
6.07900E-06,1.606E+00
6.08000E-06,1.598E+00
6.08100E-06,1.598E+00
6.08200E-06,1.598E+00
6.08300E-06,1.598E+00
6.08400E-06,1.598E+00
6.08500E-06,1.598E+00
6.08600E-06,1.598E+00
6.08700E-06,1.598E+00
6.08800E-06,1.598E+00
6.08900E-06,1.598E+00
6.09000E-06,1.598E+00
6.09100E-06,1.598E+00
6.09200E-06,1.598E+00
6.09300E-06,1.598E+00
6.09400E-06,1.598E+00
6.09500E-06,1.598E+00
6.09600E-06,1.598E+00
6.09700E-06,1.590E+00
6.09800E-06,1.598E+00
6.09900E-06,1.598E+00
6.10000E-06,1.598E+00
6.10100E-06,1.598E+00
6.10200E-06,1.598E+00
6.10300E-06,1.598E+00
6.10400E-06,1.598E+00
6.10500E-06,1.598E+00
6.10600E-06,1.590E+00
6.10700E-06,1.598E+00
6.10800E-06,1.598E+00
6.10900E-06,1.606E+00
6.11000E-06,1.606E+00
6.11100E-06,1.598E+00
6.11200E-06,1.606E+00
6.11300E-06,1.606E+00
6.11400E-06,1.606E+00
6.11500E-06,1.606E+00
6.11600E-06,1.598E+00
6.11700E-06,1.598E+00
6.11800E-06,1.590E+00
6.11900E-06,1.598E+00
6.12000E-06,1.598E+00
6.12100E-06,1.598E+00
6.12200E-06,1.598E+00
6.12300E-06,1.598E+00
6.12400E-06,1.606E+00
6.12500E-06,1.606E+00
6.12600E-06,1.590E+00
6.12700E-06,1.590E+00
6.12800E-06,1.590E+00
6.12900E-06,1.590E+00
6.13000E-06,1.598E+00
6.13100E-06,1.590E+00
6.13200E-06,1.598E+00
6.13300E-06,1.598E+00
6.13400E-06,1.598E+00
6.13500E-06,1.598E+00
6.13600E-06,1.598E+00
6.13700E-06,1.598E+00
6.13800E-06,1.598E+00
6.13900E-06,1.598E+00
6.14000E-06,1.590E+00
6.14100E-06,1.590E+00
6.14200E-06,1.590E+00
6.14300E-06,1.598E+00
6.14400E-06,1.598E+00
6.14500E-06,1.598E+00
6.14600E-06,1.598E+00
6.14700E-06,1.598E+00
6.14800E-06,1.598E+00
6.14900E-06,1.598E+00
6.15000E-06,1.598E+00
6.15100E-06,1.590E+00
6.15200E-06,1.590E+00
6.15300E-06,1.598E+00
6.15400E-06,1.598E+00
6.15500E-06,1.598E+00
6.15600E-06,1.598E+00
6.15700E-06,1.598E+00
6.15800E-06,1.606E+00
6.15900E-06,1.606E+00
6.16000E-06,1.598E+00
6.16100E-06,1.590E+00
6.16200E-06,1.590E+00
6.16300E-06,1.590E+00
6.16400E-06,1.598E+00
6.16500E-06,1.598E+00
6.16600E-06,1.590E+00
6.16700E-06,1.590E+00
6.16800E-06,1.590E+00
6.16900E-06,1.598E+00
6.17000E-06,1.598E+00
6.17100E-06,1.590E+00
6.17200E-06,1.598E+00
6.17300E-06,1.598E+00
6.17400E-06,1.606E+00
6.17500E-06,1.606E+00
6.17600E-06,1.598E+00
6.17700E-06,1.598E+00
6.17800E-06,1.598E+00
6.17900E-06,1.598E+00
6.18000E-06,1.598E+00
6.18100E-06,1.598E+00
6.18200E-06,1.590E+00
6.18300E-06,1.598E+00
6.18400E-06,1.606E+00
6.18500E-06,1.606E+00
6.18600E-06,1.598E+00
6.18700E-06,1.590E+00
6.18800E-06,1.598E+00
6.18900E-06,1.598E+00
6.19000E-06,1.598E+00
6.19100E-06,1.598E+00
6.19200E-06,1.590E+00
6.19300E-06,1.590E+00
6.19400E-06,1.598E+00
6.19500E-06,1.598E+00
6.19600E-06,1.590E+00
6.19700E-06,1.590E+00
6.19800E-06,1.598E+00
6.19900E-06,1.598E+00
6.20000E-06,1.598E+00
6.20100E-06,1.606E+00
6.20200E-06,1.598E+00
6.20300E-06,1.598E+00
6.20400E-06,1.598E+00
6.20500E-06,1.598E+00
6.20600E-06,1.598E+00
6.20700E-06,1.598E+00
6.20800E-06,1.598E+00
6.20900E-06,1.598E+00
6.21000E-06,1.598E+00
6.21100E-06,1.606E+00
6.21200E-06,1.598E+00
6.21300E-06,1.598E+00
6.21400E-06,1.598E+00
6.21500E-06,1.606E+00
6.21600E-06,1.598E+00
6.21700E-06,1.598E+00
6.21800E-06,1.606E+00
6.21900E-06,1.606E+00
6.22000E-06,1.598E+00
6.22100E-06,1.598E+00
6.22200E-06,1.590E+00
6.22300E-06,1.598E+00
6.22400E-06,1.598E+00
6.22500E-06,1.606E+00
6.22600E-06,1.598E+00
6.22700E-06,1.598E+00
6.22800E-06,1.598E+00
6.22900E-06,1.598E+00
6.23000E-06,1.598E+00
6.23100E-06,1.598E+00
6.23200E-06,1.590E+00
6.23300E-06,1.598E+00
6.23400E-06,1.598E+00
6.23500E-06,1.598E+00
6.23600E-06,1.598E+00
6.23700E-06,1.598E+00
6.23800E-06,1.598E+00
6.23900E-06,1.590E+00
6.24000E-06,1.590E+00
6.24100E-06,1.590E+00
6.24200E-06,1.590E+00
6.24300E-06,1.598E+00
6.24400E-06,1.598E+00
6.24500E-06,1.598E+00
6.24600E-06,1.590E+00
6.24700E-06,1.590E+00
6.24800E-06,1.598E+00
6.24900E-06,1.598E+00
6.25000E-06,1.598E+00
6.25100E-06,1.598E+00
6.25200E-06,1.598E+00
6.25300E-06,1.590E+00
6.25400E-06,1.598E+00
6.25500E-06,1.598E+00
6.25600E-06,1.590E+00
6.25700E-06,1.598E+00
6.25800E-06,1.598E+00
6.25900E-06,1.598E+00
6.26000E-06,1.598E+00
6.26100E-06,1.598E+00
6.26200E-06,1.590E+00
6.26300E-06,1.598E+00
6.26400E-06,1.590E+00
6.26500E-06,1.598E+00
6.26600E-06,1.590E+00
6.26700E-06,1.598E+00
6.26800E-06,1.598E+00
6.26900E-06,1.606E+00
6.27000E-06,1.598E+00
6.27100E-06,1.598E+00
6.27200E-06,1.590E+00
6.27300E-06,1.598E+00
6.27400E-06,1.598E+00
6.27500E-06,1.606E+00
6.27600E-06,1.606E+00
6.27700E-06,1.598E+00
6.27800E-06,1.598E+00
6.27900E-06,1.598E+00
6.28000E-06,1.598E+00
6.28100E-06,1.598E+00
6.28200E-06,1.598E+00
6.28300E-06,1.598E+00
6.28400E-06,1.606E+00
6.28500E-06,1.598E+00
6.28600E-06,1.598E+00
6.28700E-06,1.598E+00
6.28800E-06,1.590E+00
6.28900E-06,1.598E+00
6.29000E-06,1.598E+00
6.29100E-06,1.598E+00
6.29200E-06,1.598E+00
6.29300E-06,1.598E+00
6.29400E-06,1.598E+00
6.29500E-06,1.598E+00
6.29600E-06,1.598E+00
6.29700E-06,1.590E+00
6.29800E-06,1.598E+00
6.29900E-06,1.598E+00
6.30000E-06,1.598E+00
6.30100E-06,1.598E+00
6.30200E-06,1.598E+00
6.30300E-06,1.598E+00
6.30400E-06,1.606E+00
6.30500E-06,1.606E+00
6.30600E-06,1.598E+00
6.30700E-06,1.606E+00
6.30800E-06,1.598E+00
6.30900E-06,1.606E+00
6.31000E-06,1.598E+00
6.31100E-06,1.598E+00
6.31200E-06,1.590E+00
6.31300E-06,1.598E+00
6.31400E-06,1.606E+00
6.31500E-06,1.598E+00
6.31600E-06,1.606E+00
6.31700E-06,1.598E+00
6.31800E-06,1.590E+00
6.31900E-06,1.598E+00
6.32000E-06,1.598E+00
6.32100E-06,1.598E+00
6.32200E-06,1.598E+00
6.32300E-06,1.598E+00
6.32400E-06,1.598E+00
6.32500E-06,1.598E+00
6.32600E-06,1.590E+00
6.32700E-06,1.590E+00
6.32800E-06,1.590E+00
6.32900E-06,1.606E+00
6.33000E-06,1.598E+00
6.33100E-06,1.606E+00
6.33200E-06,1.590E+00
6.33300E-06,1.590E+00
6.33400E-06,1.590E+00
6.33500E-06,1.598E+00
6.33600E-06,1.598E+00
6.33700E-06,1.598E+00
6.33800E-06,1.606E+00
6.33900E-06,1.606E+00
6.34000E-06,1.598E+00
6.34100E-06,1.598E+00
6.34200E-06,1.590E+00
6.34300E-06,1.598E+00
6.34400E-06,1.598E+00
6.34500E-06,1.598E+00
6.34600E-06,1.598E+00
6.34700E-06,1.598E+00
6.34800E-06,1.598E+00
6.34900E-06,1.598E+00
6.35000E-06,1.598E+00
6.35100E-06,1.590E+00
6.35200E-06,1.590E+00
6.35300E-06,1.598E+00
6.35400E-06,1.598E+00
6.35500E-06,1.598E+00
6.35600E-06,1.598E+00
6.35700E-06,1.590E+00
6.35800E-06,1.590E+00
6.35900E-06,1.590E+00
6.36000E-06,1.590E+00
6.36100E-06,1.590E+00
6.36200E-06,1.598E+00
6.36300E-06,1.598E+00
6.36400E-06,1.598E+00
6.36500E-06,1.598E+00
6.36600E-06,1.590E+00
6.36700E-06,1.590E+00
6.36800E-06,1.598E+00
6.36900E-06,1.606E+00
6.37000E-06,1.614E+00
6.37100E-06,1.606E+00
6.37200E-06,1.598E+00
6.37300E-06,1.598E+00
6.37400E-06,1.606E+00
6.37500E-06,1.606E+00
6.37600E-06,1.598E+00
6.37700E-06,1.590E+00
6.37800E-06,1.590E+00
6.37900E-06,1.598E+00
6.38000E-06,1.598E+00
6.38100E-06,1.598E+00
6.38200E-06,1.598E+00
6.38300E-06,1.598E+00
6.38400E-06,1.598E+00
6.38500E-06,1.598E+00
6.38600E-06,1.598E+00
6.38700E-06,1.598E+00
6.38800E-06,1.598E+00
6.38900E-06,1.598E+00
6.39000E-06,1.598E+00
6.39100E-06,1.590E+00
6.39200E-06,1.598E+00
6.39300E-06,1.598E+00
6.39400E-06,1.598E+00
6.39500E-06,1.598E+00
6.39600E-06,1.598E+00
6.39700E-06,1.598E+00
6.39800E-06,1.598E+00
6.39900E-06,1.598E+00
6.40000E-06,1.598E+00
6.40100E-06,1.590E+00
6.40200E-06,1.598E+00
6.40300E-06,1.598E+00
6.40400E-06,1.598E+00
6.40500E-06,1.598E+00
6.40600E-06,1.590E+00
6.40700E-06,1.590E+00
6.40800E-06,1.598E+00
6.40900E-06,1.590E+00
6.41000E-06,1.590E+00
6.41100E-06,1.598E+00
6.41200E-06,1.598E+00
6.41300E-06,1.598E+00
6.41400E-06,1.598E+00
6.41500E-06,1.598E+00
6.41600E-06,1.598E+00
6.41700E-06,1.598E+00
6.41800E-06,1.598E+00
6.41900E-06,1.598E+00
6.42000E-06,1.606E+00
6.42100E-06,1.598E+00
6.42200E-06,1.598E+00
6.42300E-06,1.598E+00
6.42400E-06,1.606E+00
6.42500E-06,1.598E+00
6.42600E-06,1.590E+00
6.42700E-06,1.598E+00
6.42800E-06,1.590E+00
6.42900E-06,1.598E+00
6.43000E-06,1.598E+00
6.43100E-06,1.598E+00
6.43200E-06,1.598E+00
6.43300E-06,1.590E+00
6.43400E-06,1.598E+00
6.43500E-06,1.598E+00
6.43600E-06,1.598E+00
6.43700E-06,1.590E+00
6.43800E-06,1.590E+00
6.43900E-06,1.590E+00
6.44000E-06,1.598E+00
6.44100E-06,1.598E+00
6.44200E-06,1.598E+00
6.44300E-06,1.598E+00
6.44400E-06,1.598E+00
6.44500E-06,1.598E+00
6.44600E-06,1.598E+00
6.44700E-06,1.590E+00
6.44800E-06,1.590E+00
6.44900E-06,1.590E+00
6.45000E-06,1.598E+00
6.45100E-06,1.598E+00
6.45200E-06,1.590E+00
6.45300E-06,1.606E+00
6.45400E-06,1.598E+00
6.45500E-06,1.598E+00
6.45600E-06,1.598E+00
6.45700E-06,1.598E+00
6.45800E-06,1.598E+00
6.45900E-06,1.598E+00
6.46000E-06,1.606E+00
6.46100E-06,1.598E+00
6.46200E-06,1.598E+00
6.46300E-06,1.598E+00
6.46400E-06,1.598E+00
6.46500E-06,1.598E+00
6.46600E-06,1.590E+00
6.46700E-06,1.590E+00
6.46800E-06,1.590E+00
6.46900E-06,1.598E+00
6.47000E-06,1.598E+00
6.47100E-06,1.598E+00
6.47200E-06,1.598E+00
6.47300E-06,1.590E+00
6.47400E-06,1.598E+00
6.47500E-06,1.598E+00
6.47600E-06,1.606E+00
6.47700E-06,1.590E+00
6.47800E-06,1.590E+00
6.47900E-06,1.598E+00
6.48000E-06,1.598E+00
6.48100E-06,1.598E+00
6.48200E-06,1.598E+00
6.48300E-06,1.598E+00
6.48400E-06,1.598E+00
6.48500E-06,1.598E+00
6.48600E-06,1.590E+00
6.48700E-06,1.598E+00
6.48800E-06,1.598E+00
6.48900E-06,1.590E+00
6.49000E-06,1.598E+00
6.49100E-06,1.598E+00
6.49200E-06,1.598E+00
6.49300E-06,1.598E+00
6.49400E-06,1.598E+00
6.49500E-06,1.598E+00
6.49600E-06,1.598E+00
6.49700E-06,1.598E+00
6.49800E-06,1.598E+00
6.49900E-06,1.598E+00
6.50000E-06,1.590E+00
6.50100E-06,1.598E+00
6.50200E-06,1.590E+00
6.50300E-06,1.598E+00
6.50400E-06,1.598E+00
6.50500E-06,1.598E+00
6.50600E-06,1.598E+00
6.50700E-06,1.598E+00
6.50800E-06,1.598E+00
6.50900E-06,1.606E+00
6.51000E-06,1.598E+00
6.51100E-06,1.598E+00
6.51200E-06,1.598E+00
6.51300E-06,1.590E+00
6.51400E-06,1.598E+00
6.51500E-06,1.598E+00
6.51600E-06,1.598E+00
6.51700E-06,1.590E+00
6.51800E-06,1.590E+00
6.51900E-06,1.598E+00
6.52000E-06,1.598E+00
6.52100E-06,1.606E+00
6.52200E-06,1.598E+00
6.52300E-06,1.598E+00
6.52400E-06,1.598E+00
6.52500E-06,1.598E+00
6.52600E-06,1.598E+00
6.52700E-06,1.598E+00
6.52800E-06,1.598E+00
6.52900E-06,1.598E+00
6.53000E-06,1.598E+00
6.53100E-06,1.590E+00
6.53200E-06,1.598E+00
6.53300E-06,1.598E+00
6.53400E-06,1.598E+00
6.53500E-06,1.598E+00
6.53600E-06,1.598E+00
6.53700E-06,1.590E+00
6.53800E-06,1.590E+00
6.53900E-06,1.598E+00
6.54000E-06,1.598E+00
6.54100E-06,1.598E+00
6.54200E-06,1.598E+00
6.54300E-06,1.606E+00
6.54400E-06,1.606E+00
6.54500E-06,1.598E+00
6.54600E-06,1.598E+00
6.54700E-06,1.590E+00
6.54800E-06,1.598E+00
6.54900E-06,1.598E+00
6.55000E-06,1.598E+00
6.55100E-06,1.606E+00
6.55200E-06,1.598E+00
6.55300E-06,1.598E+00
6.55400E-06,1.598E+00
6.55500E-06,1.598E+00
6.55600E-06,1.598E+00
6.55700E-06,1.590E+00
6.55800E-06,1.598E+00
6.55900E-06,1.598E+00
6.56000E-06,1.598E+00
6.56100E-06,1.598E+00
6.56200E-06,1.606E+00
6.56300E-06,1.598E+00
6.56400E-06,1.606E+00
6.56500E-06,1.606E+00
6.56600E-06,1.598E+00
6.56700E-06,1.590E+00
6.56800E-06,1.590E+00
6.56900E-06,1.598E+00
6.57000E-06,1.598E+00
6.57100E-06,1.598E+00
6.57200E-06,1.598E+00
6.57300E-06,1.598E+00
6.57400E-06,1.598E+00
6.57500E-06,1.598E+00
6.57600E-06,1.598E+00
6.57700E-06,1.598E+00
6.57800E-06,1.598E+00
6.57900E-06,1.598E+00
6.58000E-06,1.590E+00
6.58100E-06,1.598E+00
6.58200E-06,1.590E+00
6.58300E-06,1.590E+00
6.58400E-06,1.590E+00
6.58500E-06,1.606E+00
6.58600E-06,1.598E+00
6.58700E-06,1.606E+00
6.58800E-06,1.598E+00
6.58900E-06,1.598E+00
6.59000E-06,1.598E+00
6.59100E-06,1.598E+00
6.59200E-06,1.598E+00
6.59300E-06,1.590E+00
6.59400E-06,1.598E+00
6.59500E-06,1.598E+00
6.59600E-06,1.590E+00
6.59700E-06,1.598E+00
6.59800E-06,1.598E+00
6.59900E-06,1.606E+00
6.60000E-06,1.598E+00
6.60100E-06,1.598E+00
6.60200E-06,1.598E+00
6.60300E-06,1.598E+00
6.60400E-06,1.590E+00
6.60500E-06,1.598E+00
6.60600E-06,1.598E+00
6.60700E-06,1.590E+00
6.60800E-06,1.598E+00
6.60900E-06,1.598E+00
6.61000E-06,1.598E+00
6.61100E-06,1.590E+00
6.61200E-06,1.598E+00
6.61300E-06,1.598E+00
6.61400E-06,1.598E+00
6.61500E-06,1.598E+00
6.61600E-06,1.590E+00
6.61700E-06,1.590E+00
6.61800E-06,1.590E+00
6.61900E-06,1.598E+00
6.62000E-06,1.606E+00
6.62100E-06,1.598E+00
6.62200E-06,1.598E+00
6.62300E-06,1.590E+00
6.62400E-06,1.598E+00
6.62500E-06,1.598E+00
6.62600E-06,1.598E+00
6.62700E-06,1.598E+00
6.62800E-06,1.598E+00
6.62900E-06,1.598E+00
6.63000E-06,1.598E+00
6.63100E-06,1.598E+00
6.63200E-06,1.598E+00
6.63300E-06,1.598E+00
6.63400E-06,1.598E+00
6.63500E-06,1.598E+00
6.63600E-06,1.598E+00
6.63700E-06,1.598E+00
6.63800E-06,1.598E+00
6.63900E-06,1.606E+00
6.64000E-06,1.606E+00
6.64100E-06,1.598E+00
6.64200E-06,1.598E+00
6.64300E-06,1.598E+00
6.64400E-06,1.598E+00
6.64500E-06,1.598E+00
6.64600E-06,1.598E+00
6.64700E-06,1.590E+00
6.64800E-06,1.598E+00
6.64900E-06,1.598E+00
6.65000E-06,1.598E+00
6.65100E-06,1.598E+00
6.65200E-06,1.598E+00
6.65300E-06,1.598E+00
6.65400E-06,1.598E+00
6.65500E-06,1.598E+00
6.65600E-06,1.598E+00
6.65700E-06,1.590E+00
6.65800E-06,1.590E+00
6.65900E-06,1.598E+00
6.66000E-06,1.598E+00
6.66100E-06,1.598E+00
6.66200E-06,1.598E+00
6.66300E-06,1.598E+00
6.66400E-06,1.606E+00
6.66500E-06,1.598E+00
6.66600E-06,1.598E+00
6.66700E-06,1.590E+00
6.66800E-06,1.598E+00
6.66900E-06,1.598E+00
6.67000E-06,1.598E+00
6.67100E-06,1.590E+00
6.67200E-06,1.590E+00
6.67300E-06,1.590E+00
6.67400E-06,1.598E+00
6.67500E-06,1.598E+00
6.67600E-06,1.598E+00
6.67700E-06,1.590E+00
6.67800E-06,1.598E+00
6.67900E-06,1.598E+00
6.68000E-06,1.606E+00
6.68100E-06,1.598E+00
6.68200E-06,1.598E+00
6.68300E-06,1.598E+00
6.68400E-06,1.598E+00
6.68500E-06,1.598E+00
6.68600E-06,1.598E+00
6.68700E-06,1.590E+00
6.68800E-06,1.590E+00
6.68900E-06,1.590E+00
6.69000E-06,1.598E+00
6.69100E-06,1.598E+00
6.69200E-06,1.590E+00
6.69300E-06,1.598E+00
6.69400E-06,1.598E+00
6.69500E-06,1.598E+00
6.69600E-06,1.598E+00
6.69700E-06,1.598E+00
6.69800E-06,1.598E+00
6.69900E-06,1.606E+00
6.70000E-06,1.598E+00
6.70100E-06,1.598E+00
6.70200E-06,1.598E+00
6.70300E-06,1.598E+00
6.70400E-06,1.598E+00
6.70500E-06,1.598E+00
6.70600E-06,1.598E+00
6.70700E-06,1.598E+00
6.70800E-06,1.606E+00
6.70900E-06,1.598E+00
6.71000E-06,1.590E+00
6.71100E-06,1.590E+00
6.71200E-06,1.590E+00
6.71300E-06,1.590E+00
6.71400E-06,1.606E+00
6.71500E-06,1.606E+00
6.71600E-06,1.598E+00
6.71700E-06,1.598E+00
6.71800E-06,1.598E+00
6.71900E-06,1.598E+00
6.72000E-06,1.598E+00
6.72100E-06,1.590E+00
6.72200E-06,1.590E+00
6.72300E-06,1.598E+00
6.72400E-06,1.598E+00
6.72500E-06,1.598E+00
6.72600E-06,1.590E+00
6.72700E-06,1.598E+00
6.72800E-06,1.606E+00
6.72900E-06,1.606E+00
6.73000E-06,1.606E+00
6.73100E-06,1.606E+00
6.73200E-06,1.606E+00
6.73300E-06,1.598E+00
6.73400E-06,1.598E+00
6.73500E-06,1.598E+00
6.73600E-06,1.598E+00
6.73700E-06,1.590E+00
6.73800E-06,1.598E+00
6.73900E-06,1.590E+00
6.74000E-06,1.590E+00
6.74100E-06,1.598E+00
6.74200E-06,1.598E+00
6.74300E-06,1.598E+00
6.74400E-06,1.606E+00
6.74500E-06,1.606E+00
6.74600E-06,1.598E+00
6.74700E-06,1.598E+00
6.74800E-06,1.598E+00
6.74900E-06,1.598E+00
6.75000E-06,1.598E+00
6.75100E-06,1.590E+00
6.75200E-06,1.598E+00
6.75300E-06,1.598E+00
6.75400E-06,1.606E+00
6.75500E-06,1.606E+00
6.75600E-06,1.598E+00
6.75700E-06,1.606E+00
6.75800E-06,1.606E+00
6.75900E-06,1.606E+00
6.76000E-06,1.598E+00
6.76100E-06,1.598E+00
6.76200E-06,1.598E+00
6.76300E-06,1.590E+00
6.76400E-06,1.598E+00
6.76500E-06,1.598E+00
6.76600E-06,1.598E+00
6.76700E-06,1.606E+00
6.76800E-06,1.606E+00
6.76900E-06,1.598E+00
6.77000E-06,1.606E+00
6.77100E-06,1.598E+00
6.77200E-06,1.606E+00
6.77300E-06,1.598E+00
6.77400E-06,1.598E+00
6.77500E-06,1.598E+00
6.77600E-06,1.590E+00
6.77700E-06,1.598E+00
6.77800E-06,1.598E+00
6.77900E-06,1.598E+00
6.78000E-06,1.598E+00
6.78100E-06,1.598E+00
6.78200E-06,1.590E+00
6.78300E-06,1.598E+00
6.78400E-06,1.590E+00
6.78500E-06,1.598E+00
6.78600E-06,1.598E+00
6.78700E-06,1.606E+00
6.78800E-06,1.606E+00
6.78900E-06,1.606E+00
6.79000E-06,1.598E+00
6.79100E-06,1.606E+00
6.79200E-06,1.598E+00
6.79300E-06,1.598E+00
6.79400E-06,1.598E+00
6.79500E-06,1.598E+00
6.79600E-06,1.598E+00
6.79700E-06,1.598E+00
6.79800E-06,1.598E+00
6.79900E-06,1.598E+00
6.80000E-06,1.598E+00
6.80100E-06,1.598E+00
6.80200E-06,1.598E+00
6.80300E-06,1.606E+00
6.80400E-06,1.606E+00
6.80500E-06,1.598E+00
6.80600E-06,1.598E+00
6.80700E-06,1.598E+00
6.80800E-06,1.598E+00
6.80900E-06,1.598E+00
6.81000E-06,1.598E+00
6.81100E-06,1.590E+00
6.81200E-06,1.598E+00
6.81300E-06,1.590E+00
6.81400E-06,1.598E+00
6.81500E-06,1.598E+00
6.81600E-06,1.590E+00
6.81700E-06,1.598E+00
6.81800E-06,1.590E+00
6.81900E-06,1.590E+00
6.82000E-06,1.590E+00
6.82100E-06,1.598E+00
6.82200E-06,1.590E+00
6.82300E-06,1.598E+00
6.82400E-06,1.606E+00
6.82500E-06,1.598E+00
6.82600E-06,1.598E+00
6.82700E-06,1.598E+00
6.82800E-06,1.598E+00
6.82900E-06,1.606E+00
6.83000E-06,1.598E+00
6.83100E-06,1.598E+00
6.83200E-06,1.598E+00
6.83300E-06,1.598E+00
6.83400E-06,1.598E+00
6.83500E-06,1.598E+00
6.83600E-06,1.598E+00
6.83700E-06,1.590E+00
6.83800E-06,1.598E+00
6.83900E-06,1.598E+00
6.84000E-06,1.598E+00
6.84100E-06,1.598E+00
6.84200E-06,1.598E+00
6.84300E-06,1.598E+00
6.84400E-06,1.598E+00
6.84500E-06,1.598E+00
6.84600E-06,1.606E+00
6.84700E-06,1.598E+00
6.84800E-06,1.598E+00
6.84900E-06,1.590E+00
6.85000E-06,1.598E+00
6.85100E-06,1.598E+00
6.85200E-06,1.598E+00
6.85300E-06,1.598E+00
6.85400E-06,1.606E+00
6.85500E-06,1.598E+00
6.85600E-06,1.598E+00
6.85700E-06,1.598E+00
6.85800E-06,1.598E+00
6.85900E-06,1.606E+00
6.86000E-06,1.606E+00
6.86100E-06,1.598E+00
6.86200E-06,1.598E+00
6.86300E-06,1.598E+00
6.86400E-06,1.598E+00
6.86500E-06,1.606E+00
6.86600E-06,1.606E+00
6.86700E-06,1.598E+00
6.86800E-06,1.598E+00
6.86900E-06,1.598E+00
6.87000E-06,1.590E+00
6.87100E-06,1.598E+00
6.87200E-06,1.598E+00
6.87300E-06,1.598E+00
6.87400E-06,1.598E+00
6.87500E-06,1.598E+00
6.87600E-06,1.598E+00
6.87700E-06,1.590E+00
6.87800E-06,1.590E+00
6.87900E-06,1.598E+00
6.88000E-06,1.598E+00
6.88100E-06,1.598E+00
6.88200E-06,1.598E+00
6.88300E-06,1.598E+00
6.88400E-06,1.606E+00
6.88500E-06,1.598E+00
6.88600E-06,1.590E+00
6.88700E-06,1.598E+00
6.88800E-06,1.590E+00
6.88900E-06,1.598E+00
6.89000E-06,1.598E+00
6.89100E-06,1.598E+00
6.89200E-06,1.590E+00
6.89300E-06,1.598E+00
6.89400E-06,1.598E+00
6.89500E-06,1.606E+00
6.89600E-06,1.598E+00
6.89700E-06,1.590E+00
6.89800E-06,1.598E+00
6.89900E-06,1.598E+00
6.90000E-06,1.598E+00
6.90100E-06,1.598E+00
6.90200E-06,1.598E+00
6.90300E-06,1.598E+00
6.90400E-06,1.598E+00
6.90500E-06,1.598E+00
6.90600E-06,1.606E+00
6.90700E-06,1.598E+00
6.90800E-06,1.598E+00
6.90900E-06,1.598E+00
6.91000E-06,1.598E+00
6.91100E-06,1.598E+00
6.91200E-06,1.598E+00
6.91300E-06,1.598E+00
6.91400E-06,1.606E+00
6.91500E-06,1.598E+00
6.91600E-06,1.598E+00
6.91700E-06,1.598E+00
6.91800E-06,1.598E+00
6.91900E-06,1.598E+00
6.92000E-06,1.606E+00
6.92100E-06,1.598E+00
6.92200E-06,1.590E+00
6.92300E-06,1.598E+00
6.92400E-06,1.598E+00
6.92500E-06,1.598E+00
6.92600E-06,1.598E+00
6.92700E-06,1.590E+00
6.92800E-06,1.590E+00
6.92900E-06,1.598E+00
6.93000E-06,1.598E+00
6.93100E-06,1.598E+00
6.93200E-06,1.590E+00
6.93300E-06,1.598E+00
6.93400E-06,1.598E+00
6.93500E-06,1.598E+00
6.93600E-06,1.598E+00
6.93700E-06,1.598E+00
6.93800E-06,1.598E+00
6.93900E-06,1.598E+00
6.94000E-06,1.590E+00
6.94100E-06,1.590E+00
6.94200E-06,1.590E+00
6.94300E-06,1.590E+00
6.94400E-06,1.598E+00
6.94500E-06,1.598E+00
6.94600E-06,1.598E+00
6.94700E-06,1.598E+00
6.94800E-06,1.598E+00
6.94900E-06,1.598E+00
6.95000E-06,1.598E+00
6.95100E-06,1.598E+00
6.95200E-06,1.598E+00
6.95300E-06,1.598E+00
6.95400E-06,1.598E+00
6.95500E-06,1.598E+00
6.95600E-06,1.598E+00
6.95700E-06,1.598E+00
6.95800E-06,1.590E+00
6.95900E-06,1.598E+00
6.96000E-06,1.598E+00
6.96100E-06,1.598E+00
6.96200E-06,1.598E+00
6.96300E-06,1.590E+00
6.96400E-06,1.598E+00
6.96500E-06,1.598E+00
6.96600E-06,1.598E+00
6.96700E-06,1.598E+00
6.96800E-06,1.598E+00
6.96900E-06,1.598E+00
6.97000E-06,1.598E+00
6.97100E-06,1.590E+00
6.97200E-06,1.590E+00
6.97300E-06,1.590E+00
6.97400E-06,1.598E+00
6.97500E-06,1.598E+00
6.97600E-06,1.598E+00
6.97700E-06,1.606E+00
6.97800E-06,1.606E+00
6.97900E-06,1.598E+00
6.98000E-06,1.598E+00
6.98100E-06,1.598E+00
6.98200E-06,1.598E+00
6.98300E-06,1.598E+00
6.98400E-06,1.598E+00
6.98500E-06,1.598E+00
6.98600E-06,1.598E+00
6.98700E-06,1.598E+00
6.98800E-06,1.598E+00
6.98900E-06,1.590E+00
6.99000E-06,1.590E+00
6.99100E-06,1.590E+00
6.99200E-06,1.590E+00
6.99300E-06,1.598E+00
6.99400E-06,1.598E+00
6.99500E-06,1.598E+00
6.99600E-06,1.590E+00
6.99700E-06,1.598E+00
6.99800E-06,1.590E+00
6.99900E-06,1.598E+00
7.00000E-06,1.598E+00
7.00100E-06,1.598E+00
7.00200E-06,1.598E+00
7.00300E-06,1.590E+00
7.00400E-06,1.606E+00
7.00500E-06,1.606E+00
7.00600E-06,1.606E+00
7.00700E-06,1.606E+00
7.00800E-06,1.590E+00
7.00900E-06,1.598E+00
7.01000E-06,1.598E+00
7.01100E-06,1.598E+00
7.01200E-06,1.598E+00
7.01300E-06,1.598E+00
7.01400E-06,1.606E+00
7.01500E-06,1.598E+00
7.01600E-06,1.598E+00
7.01700E-06,1.598E+00
7.01800E-06,1.590E+00
7.01900E-06,1.598E+00
7.02000E-06,1.598E+00
7.02100E-06,1.598E+00
7.02200E-06,1.598E+00
7.02300E-06,1.598E+00
7.02400E-06,1.598E+00
7.02500E-06,1.598E+00
7.02600E-06,1.598E+00
7.02700E-06,1.598E+00
7.02800E-06,1.590E+00
7.02900E-06,1.598E+00
7.03000E-06,1.598E+00
7.03100E-06,1.598E+00
7.03200E-06,1.598E+00
7.03300E-06,1.590E+00
7.03400E-06,1.598E+00
7.03500E-06,1.598E+00
7.03600E-06,1.590E+00
7.03700E-06,1.590E+00
7.03800E-06,1.598E+00
7.03900E-06,1.598E+00
7.04000E-06,1.598E+00
7.04100E-06,1.598E+00
7.04200E-06,1.598E+00
7.04300E-06,1.598E+00
7.04400E-06,1.598E+00
7.04500E-06,1.598E+00
7.04600E-06,1.598E+00
7.04700E-06,1.598E+00
7.04800E-06,1.606E+00
7.04900E-06,1.598E+00
7.05000E-06,1.598E+00
7.05100E-06,1.598E+00
7.05200E-06,1.598E+00
7.05300E-06,1.598E+00
7.05400E-06,1.598E+00
7.05500E-06,1.606E+00
7.05600E-06,1.598E+00
7.05700E-06,1.598E+00
7.05800E-06,1.598E+00
7.05900E-06,1.598E+00
7.06000E-06,1.598E+00
7.06100E-06,1.598E+00
7.06200E-06,1.598E+00
7.06300E-06,1.598E+00
7.06400E-06,1.606E+00
7.06500E-06,1.598E+00
7.06600E-06,1.598E+00
7.06700E-06,1.598E+00
7.06800E-06,1.598E+00
7.06900E-06,1.598E+00
7.07000E-06,1.606E+00
7.07100E-06,1.590E+00
7.07200E-06,1.590E+00
7.07300E-06,1.598E+00
7.07400E-06,1.598E+00
7.07500E-06,1.598E+00
7.07600E-06,1.590E+00
7.07700E-06,1.590E+00
7.07800E-06,1.598E+00
7.07900E-06,1.598E+00
7.08000E-06,1.598E+00
7.08100E-06,1.598E+00
7.08200E-06,1.598E+00
7.08300E-06,1.598E+00
7.08400E-06,1.598E+00
7.08500E-06,1.590E+00
7.08600E-06,1.598E+00
7.08700E-06,1.590E+00
7.08800E-06,1.598E+00
7.08900E-06,1.598E+00
7.09000E-06,1.606E+00
7.09100E-06,1.598E+00
7.09200E-06,1.590E+00
7.09300E-06,1.598E+00
7.09400E-06,1.598E+00
7.09500E-06,1.598E+00
7.09600E-06,1.598E+00
7.09700E-06,1.598E+00
7.09800E-06,1.598E+00
7.09900E-06,1.598E+00
7.10000E-06,1.598E+00
7.10100E-06,1.598E+00
7.10200E-06,1.598E+00
7.10300E-06,1.598E+00
7.10400E-06,1.598E+00
7.10500E-06,1.606E+00
7.10600E-06,1.598E+00
7.10700E-06,1.598E+00
7.10800E-06,1.598E+00
7.10900E-06,1.598E+00
7.11000E-06,1.606E+00
7.11100E-06,1.606E+00
7.11200E-06,1.598E+00
7.11300E-06,1.598E+00
7.11400E-06,1.598E+00
7.11500E-06,1.606E+00
7.11600E-06,1.598E+00
7.11700E-06,1.606E+00
7.11800E-06,1.598E+00
7.11900E-06,1.598E+00
7.12000E-06,1.598E+00
7.12100E-06,1.598E+00
7.12200E-06,1.598E+00
7.12300E-06,1.598E+00
7.12400E-06,1.590E+00
7.12500E-06,1.598E+00
7.12600E-06,1.598E+00
7.12700E-06,1.598E+00
7.12800E-06,1.598E+00
7.12900E-06,1.598E+00
7.13000E-06,1.598E+00
7.13100E-06,1.598E+00
7.13200E-06,1.598E+00
7.13300E-06,1.598E+00
7.13400E-06,1.606E+00
7.13500E-06,1.598E+00
7.13600E-06,1.598E+00
7.13700E-06,1.598E+00
7.13800E-06,1.598E+00
7.13900E-06,1.606E+00
7.14000E-06,1.606E+00
7.14100E-06,1.598E+00
7.14200E-06,1.598E+00
7.14300E-06,1.590E+00
7.14400E-06,1.606E+00
7.14500E-06,1.598E+00
7.14600E-06,1.606E+00
7.14700E-06,1.606E+00
7.14800E-06,1.598E+00
7.14900E-06,1.606E+00
7.15000E-06,1.598E+00
7.15100E-06,1.598E+00
7.15200E-06,1.598E+00
7.15300E-06,1.598E+00
7.15400E-06,1.598E+00
7.15500E-06,1.606E+00
7.15600E-06,1.598E+00
7.15700E-06,1.598E+00
7.15800E-06,1.598E+00
7.15900E-06,1.598E+00
7.16000E-06,1.598E+00
7.16100E-06,1.590E+00
7.16200E-06,1.590E+00
7.16300E-06,1.598E+00
7.16400E-06,1.598E+00
7.16500E-06,1.598E+00
7.16600E-06,1.606E+00
7.16700E-06,1.598E+00
7.16800E-06,1.598E+00
7.16900E-06,1.598E+00
7.17000E-06,1.590E+00
7.17100E-06,1.590E+00
7.17200E-06,1.590E+00
7.17300E-06,1.598E+00
7.17400E-06,1.598E+00
7.17500E-06,1.598E+00
7.17600E-06,1.598E+00
7.17700E-06,1.598E+00
7.17800E-06,1.598E+00
7.17900E-06,1.606E+00
7.18000E-06,1.598E+00
7.18100E-06,1.598E+00
7.18200E-06,1.598E+00
7.18300E-06,1.598E+00
7.18400E-06,1.606E+00
7.18500E-06,1.598E+00
7.18600E-06,1.598E+00
7.18700E-06,1.590E+00
7.18800E-06,1.590E+00
7.18900E-06,1.598E+00
7.19000E-06,1.598E+00
7.19100E-06,1.598E+00
7.19200E-06,1.598E+00
7.19300E-06,1.598E+00
7.19400E-06,1.598E+00
7.19500E-06,1.598E+00
7.19600E-06,1.598E+00
7.19700E-06,1.598E+00
7.19800E-06,1.598E+00
7.19900E-06,1.598E+00
7.20000E-06,1.598E+00
7.20100E-06,1.598E+00
7.20200E-06,1.598E+00
7.20300E-06,1.598E+00
7.20400E-06,1.598E+00
7.20500E-06,1.598E+00
7.20600E-06,1.598E+00
7.20700E-06,1.590E+00
7.20800E-06,1.598E+00
7.20900E-06,1.598E+00
7.21000E-06,1.598E+00
7.21100E-06,1.590E+00
7.21200E-06,1.598E+00
7.21300E-06,1.590E+00
7.21400E-06,1.598E+00
7.21500E-06,1.598E+00
7.21600E-06,1.598E+00
7.21700E-06,1.590E+00
7.21800E-06,1.590E+00
7.21900E-06,1.590E+00
7.22000E-06,1.590E+00
7.22100E-06,1.590E+00
7.22200E-06,1.590E+00
7.22300E-06,1.590E+00
7.22400E-06,1.590E+00
7.22500E-06,1.598E+00
7.22600E-06,1.598E+00
7.22700E-06,1.590E+00
7.22800E-06,1.598E+00
7.22900E-06,1.598E+00
7.23000E-06,1.598E+00
7.23100E-06,1.598E+00
7.23200E-06,1.598E+00
7.23300E-06,1.598E+00
7.23400E-06,1.598E+00
7.23500E-06,1.598E+00
7.23600E-06,1.598E+00
7.23700E-06,1.598E+00
7.23800E-06,1.598E+00
7.23900E-06,1.598E+00
7.24000E-06,1.598E+00
7.24100E-06,1.590E+00
7.24200E-06,1.590E+00
7.24300E-06,1.598E+00
7.24400E-06,1.598E+00
7.24500E-06,1.606E+00
7.24600E-06,1.598E+00
7.24700E-06,1.590E+00
7.24800E-06,1.598E+00
7.24900E-06,1.606E+00
7.25000E-06,1.598E+00
7.25100E-06,1.598E+00
7.25200E-06,1.590E+00
7.25300E-06,1.598E+00
7.25400E-06,1.598E+00
7.25500E-06,1.598E+00
7.25600E-06,1.598E+00
7.25700E-06,1.598E+00
7.25800E-06,1.598E+00
7.25900E-06,1.598E+00
7.26000E-06,1.598E+00
7.26100E-06,1.598E+00
7.26200E-06,1.598E+00
7.26300E-06,1.598E+00
7.26400E-06,1.598E+00
7.26500E-06,1.606E+00
7.26600E-06,1.598E+00
7.26700E-06,1.598E+00
7.26800E-06,1.598E+00
7.26900E-06,1.598E+00
7.27000E-06,1.598E+00
7.27100E-06,1.598E+00
7.27200E-06,1.598E+00
7.27300E-06,1.598E+00
7.27400E-06,1.598E+00
7.27500E-06,1.598E+00
7.27600E-06,1.598E+00
7.27700E-06,1.598E+00
7.27800E-06,1.598E+00
7.27900E-06,1.598E+00
7.28000E-06,1.598E+00
7.28100E-06,1.590E+00
7.28200E-06,1.598E+00
7.28300E-06,1.590E+00
7.28400E-06,1.598E+00
7.28500E-06,1.598E+00
7.28600E-06,1.598E+00
7.28700E-06,1.598E+00
7.28800E-06,1.598E+00
7.28900E-06,1.598E+00
7.29000E-06,1.598E+00
7.29100E-06,1.590E+00
7.29200E-06,1.590E+00
7.29300E-06,1.598E+00
7.29400E-06,1.598E+00
7.29500E-06,1.606E+00
7.29600E-06,1.598E+00
7.29700E-06,1.606E+00
7.29800E-06,1.598E+00
7.29900E-06,1.598E+00
7.30000E-06,1.590E+00
7.30100E-06,1.590E+00
7.30200E-06,1.590E+00
7.30300E-06,1.590E+00
7.30400E-06,1.598E+00
7.30500E-06,1.590E+00
7.30600E-06,1.590E+00
7.30700E-06,1.590E+00
7.30800E-06,1.598E+00
7.30900E-06,1.598E+00
7.31000E-06,1.598E+00
7.31100E-06,1.598E+00
7.31200E-06,1.598E+00
7.31300E-06,1.598E+00
7.31400E-06,1.598E+00
7.31500E-06,1.598E+00
7.31600E-06,1.590E+00
7.31700E-06,1.590E+00
7.31800E-06,1.590E+00
7.31900E-06,1.598E+00
7.32000E-06,1.598E+00
7.32100E-06,1.590E+00
7.32200E-06,1.598E+00
7.32300E-06,1.598E+00
7.32400E-06,1.606E+00
7.32500E-06,1.606E+00
7.32600E-06,1.598E+00
7.32700E-06,1.598E+00
7.32800E-06,1.598E+00
7.32900E-06,1.598E+00
7.33000E-06,1.598E+00
7.33100E-06,1.606E+00
7.33200E-06,1.598E+00
7.33300E-06,1.606E+00
7.33400E-06,1.598E+00
7.33500E-06,1.598E+00
7.33600E-06,1.598E+00
7.33700E-06,1.598E+00
7.33800E-06,1.598E+00
7.33900E-06,1.598E+00
7.34000E-06,1.598E+00
7.34100E-06,1.598E+00
7.34200E-06,1.598E+00
7.34300E-06,1.598E+00
7.34400E-06,1.598E+00
7.34500E-06,1.598E+00
7.34600E-06,1.598E+00
7.34700E-06,1.598E+00
7.34800E-06,1.598E+00
7.34900E-06,1.598E+00
7.35000E-06,1.598E+00
7.35100E-06,1.598E+00
7.35200E-06,1.598E+00
7.35300E-06,1.598E+00
7.35400E-06,1.606E+00
7.35500E-06,1.598E+00
7.35600E-06,1.598E+00
7.35700E-06,1.598E+00
7.35800E-06,1.598E+00
7.35900E-06,1.606E+00
7.36000E-06,1.598E+00
7.36100E-06,1.598E+00
7.36200E-06,1.598E+00
7.36300E-06,1.598E+00
7.36400E-06,1.598E+00
7.36500E-06,1.606E+00
7.36600E-06,1.598E+00
7.36700E-06,1.598E+00
7.36800E-06,1.606E+00
7.36900E-06,1.606E+00
7.37000E-06,1.598E+00
7.37100E-06,1.590E+00
7.37200E-06,1.590E+00
7.37300E-06,1.598E+00
7.37400E-06,1.598E+00
7.37500E-06,1.598E+00
7.37600E-06,1.598E+00
7.37700E-06,1.590E+00
7.37800E-06,1.590E+00
7.37900E-06,1.598E+00
7.38000E-06,1.590E+00
7.38100E-06,1.590E+00
7.38200E-06,1.590E+00
7.38300E-06,1.598E+00
7.38400E-06,1.598E+00
7.38500E-06,1.598E+00
7.38600E-06,1.598E+00
7.38700E-06,1.598E+00
7.38800E-06,1.598E+00
7.38900E-06,1.598E+00
7.39000E-06,1.598E+00
7.39100E-06,1.598E+00
7.39200E-06,1.598E+00
7.39300E-06,1.598E+00
7.39400E-06,1.598E+00
7.39500E-06,1.598E+00
7.39600E-06,1.598E+00
7.39700E-06,1.598E+00
7.39800E-06,1.598E+00
7.39900E-06,1.598E+00
7.40000E-06,1.590E+00
7.40100E-06,1.590E+00
7.40200E-06,1.590E+00
7.40300E-06,1.606E+00
7.40400E-06,1.598E+00
7.40500E-06,1.598E+00
7.40600E-06,1.606E+00
7.40700E-06,1.590E+00
7.40800E-06,1.598E+00
7.40900E-06,1.598E+00
7.41000E-06,1.598E+00
7.41100E-06,1.598E+00
7.41200E-06,1.590E+00
7.41300E-06,1.590E+00
7.41400E-06,1.598E+00
7.41500E-06,1.598E+00
7.41600E-06,1.598E+00
7.41700E-06,1.598E+00
7.41800E-06,1.590E+00
7.41900E-06,1.606E+00
7.42000E-06,1.598E+00
7.42100E-06,1.590E+00
7.42200E-06,1.590E+00
7.42300E-06,1.590E+00
7.42400E-06,1.598E+00
7.42500E-06,1.606E+00
7.42600E-06,1.598E+00
7.42700E-06,1.598E+00
7.42800E-06,1.598E+00
7.42900E-06,1.598E+00
7.43000E-06,1.598E+00
7.43100E-06,1.598E+00
7.43200E-06,1.598E+00
7.43300E-06,1.598E+00
7.43400E-06,1.598E+00
7.43500E-06,1.598E+00
7.43600E-06,1.598E+00
7.43700E-06,1.598E+00
7.43800E-06,1.598E+00
7.43900E-06,1.590E+00
7.44000E-06,1.590E+00
7.44100E-06,1.590E+00
7.44200E-06,1.590E+00
7.44300E-06,1.590E+00
7.44400E-06,1.598E+00
7.44500E-06,1.598E+00
7.44600E-06,1.598E+00
7.44700E-06,1.598E+00
7.44800E-06,1.598E+00
7.44900E-06,1.606E+00
7.45000E-06,1.598E+00
7.45100E-06,1.590E+00
7.45200E-06,1.590E+00
7.45300E-06,1.598E+00
7.45400E-06,1.598E+00
7.45500E-06,1.598E+00
7.45600E-06,1.598E+00
7.45700E-06,1.598E+00
7.45800E-06,1.598E+00
7.45900E-06,1.590E+00
7.46000E-06,1.598E+00
7.46100E-06,1.598E+00
7.46200E-06,1.598E+00
7.46300E-06,1.606E+00
7.46400E-06,1.606E+00
7.46500E-06,1.606E+00
7.46600E-06,1.598E+00
7.46700E-06,1.590E+00
7.46800E-06,1.598E+00
7.46900E-06,1.598E+00
7.47000E-06,1.598E+00
7.47100E-06,1.598E+00
7.47200E-06,1.598E+00
7.47300E-06,1.598E+00
7.47400E-06,1.598E+00
7.47500E-06,1.598E+00
7.47600E-06,1.606E+00
7.47700E-06,1.598E+00
7.47800E-06,1.598E+00
7.47900E-06,1.598E+00
7.48000E-06,1.598E+00
7.48100E-06,1.598E+00
7.48200E-06,1.598E+00
7.48300E-06,1.598E+00
7.48400E-06,1.598E+00
7.48500E-06,1.598E+00
7.48600E-06,1.598E+00
7.48700E-06,1.598E+00
7.48800E-06,1.598E+00
7.48900E-06,1.598E+00
7.49000E-06,1.598E+00
7.49100E-06,1.598E+00
7.49200E-06,1.590E+00
7.49300E-06,1.598E+00
7.49400E-06,1.598E+00
7.49500E-06,1.598E+00
7.49600E-06,1.598E+00
7.49700E-06,1.598E+00
7.49800E-06,1.598E+00
7.49900E-06,1.598E+00
7.50000E-06,1.598E+00
7.50100E-06,1.598E+00
7.50200E-06,1.598E+00
7.50300E-06,1.598E+00
7.50400E-06,1.598E+00
7.50500E-06,1.598E+00
7.50600E-06,1.598E+00
7.50700E-06,1.590E+00
7.50800E-06,1.598E+00
7.50900E-06,1.606E+00
7.51000E-06,1.598E+00
7.51100E-06,1.598E+00
7.51200E-06,1.598E+00
7.51300E-06,1.598E+00
7.51400E-06,1.598E+00
7.51500E-06,1.598E+00
7.51600E-06,1.590E+00
7.51700E-06,1.590E+00
7.51800E-06,1.598E+00
7.51900E-06,1.598E+00
7.52000E-06,1.590E+00
7.52100E-06,1.598E+00
7.52200E-06,1.590E+00
7.52300E-06,1.598E+00
7.52400E-06,1.598E+00
7.52500E-06,1.606E+00
7.52600E-06,1.598E+00
7.52700E-06,1.598E+00
7.52800E-06,1.598E+00
7.52900E-06,1.606E+00
7.53000E-06,1.598E+00
7.53100E-06,1.598E+00
7.53200E-06,1.598E+00
7.53300E-06,1.598E+00
7.53400E-06,1.598E+00
7.53500E-06,1.598E+00
7.53600E-06,1.598E+00
7.53700E-06,1.590E+00
7.53800E-06,1.598E+00
7.53900E-06,1.598E+00
7.54000E-06,1.598E+00
7.54100E-06,1.598E+00
7.54200E-06,1.598E+00
7.54300E-06,1.590E+00
7.54400E-06,1.598E+00
7.54500E-06,1.606E+00
7.54600E-06,1.606E+00
7.54700E-06,1.606E+00
7.54800E-06,1.606E+00
7.54900E-06,1.598E+00
7.55000E-06,1.598E+00
7.55100E-06,1.590E+00
7.55200E-06,1.590E+00
7.55300E-06,1.598E+00
7.55400E-06,1.598E+00
7.55500E-06,1.598E+00
7.55600E-06,1.598E+00
7.55700E-06,1.598E+00
7.55800E-06,1.590E+00
7.55900E-06,1.598E+00
7.56000E-06,1.590E+00
7.56100E-06,1.598E+00
7.56200E-06,1.598E+00
7.56300E-06,1.598E+00
7.56400E-06,1.590E+00
7.56500E-06,1.590E+00
7.56600E-06,1.590E+00
7.56700E-06,1.598E+00
7.56800E-06,1.598E+00
7.56900E-06,1.598E+00
7.57000E-06,1.590E+00
7.57100E-06,1.590E+00
7.57200E-06,1.598E+00
7.57300E-06,1.598E+00
7.57400E-06,1.598E+00
7.57500E-06,1.598E+00
7.57600E-06,1.590E+00
7.57700E-06,1.598E+00
7.57800E-06,1.598E+00
7.57900E-06,1.606E+00
7.58000E-06,1.606E+00
7.58100E-06,1.598E+00
7.58200E-06,1.598E+00
7.58300E-06,1.598E+00
7.58400E-06,1.598E+00
7.58500E-06,1.598E+00
7.58600E-06,1.598E+00
7.58700E-06,1.598E+00
7.58800E-06,1.598E+00
7.58900E-06,1.598E+00
7.59000E-06,1.598E+00
7.59100E-06,1.598E+00
7.59200E-06,1.590E+00
7.59300E-06,1.598E+00
7.59400E-06,1.598E+00
7.59500E-06,1.606E+00
7.59600E-06,1.598E+00
7.59700E-06,1.598E+00
7.59800E-06,1.598E+00
7.59900E-06,1.598E+00
7.60000E-06,1.598E+00
7.60100E-06,1.598E+00
7.60200E-06,1.598E+00
7.60300E-06,1.598E+00
7.60400E-06,1.606E+00
7.60500E-06,1.598E+00
7.60600E-06,1.606E+00
7.60700E-06,1.598E+00
7.60800E-06,1.598E+00
7.60900E-06,1.598E+00
7.61000E-06,1.598E+00
7.61100E-06,1.606E+00
7.61200E-06,1.606E+00
7.61300E-06,1.598E+00
7.61400E-06,1.598E+00
7.61500E-06,1.598E+00
7.61600E-06,1.590E+00
7.61700E-06,1.598E+00
7.61800E-06,1.598E+00
7.61900E-06,1.606E+00
7.62000E-06,1.598E+00
7.62100E-06,1.590E+00
7.62200E-06,1.598E+00
7.62300E-06,1.598E+00
7.62400E-06,1.606E+00
7.62500E-06,1.598E+00
7.62600E-06,1.598E+00
7.62700E-06,1.598E+00
7.62800E-06,1.598E+00
7.62900E-06,1.598E+00
7.63000E-06,1.598E+00
7.63100E-06,1.598E+00
7.63200E-06,1.598E+00
7.63300E-06,1.598E+00
7.63400E-06,1.598E+00
7.63500E-06,1.606E+00
7.63600E-06,1.598E+00
7.63700E-06,1.598E+00
7.63800E-06,1.598E+00
7.63900E-06,1.606E+00
7.64000E-06,1.606E+00
7.64100E-06,1.606E+00
7.64200E-06,1.598E+00
7.64300E-06,1.606E+00
7.64400E-06,1.606E+00
7.64500E-06,1.598E+00
7.64600E-06,1.598E+00
7.64700E-06,1.598E+00
7.64800E-06,1.598E+00
7.64900E-06,1.606E+00
7.65000E-06,1.606E+00
7.65100E-06,1.598E+00
7.65200E-06,1.598E+00
7.65300E-06,1.598E+00
7.65400E-06,1.598E+00
7.65500E-06,1.598E+00
7.65600E-06,1.598E+00
7.65700E-06,1.598E+00
7.65800E-06,1.598E+00
7.65900E-06,1.590E+00
7.66000E-06,1.598E+00
7.66100E-06,1.598E+00
7.66200E-06,1.598E+00
7.66300E-06,1.598E+00
7.66400E-06,1.606E+00
7.66500E-06,1.598E+00
7.66600E-06,1.598E+00
7.66700E-06,1.598E+00
7.66800E-06,1.606E+00
7.66900E-06,1.598E+00
7.67000E-06,1.598E+00
7.67100E-06,1.598E+00
7.67200E-06,1.590E+00
7.67300E-06,1.598E+00
7.67400E-06,1.598E+00
7.67500E-06,1.598E+00
7.67600E-06,1.598E+00
7.67700E-06,1.606E+00
7.67800E-06,1.598E+00
7.67900E-06,1.598E+00
7.68000E-06,1.598E+00
7.68100E-06,1.598E+00
7.68200E-06,1.598E+00
7.68300E-06,1.598E+00
7.68400E-06,1.590E+00
7.68500E-06,1.598E+00
7.68600E-06,1.598E+00
7.68700E-06,1.598E+00
7.68800E-06,1.598E+00
7.68900E-06,1.606E+00
7.69000E-06,1.598E+00
7.69100E-06,1.590E+00
7.69200E-06,1.598E+00
7.69300E-06,1.598E+00
7.69400E-06,1.598E+00
7.69500E-06,1.598E+00
7.69600E-06,1.598E+00
7.69700E-06,1.598E+00
7.69800E-06,1.598E+00
7.69900E-06,1.598E+00
7.70000E-06,1.598E+00
7.70100E-06,1.598E+00
7.70200E-06,1.590E+00
7.70300E-06,1.598E+00
7.70400E-06,1.598E+00
7.70500E-06,1.598E+00
7.70600E-06,1.598E+00
7.70700E-06,1.598E+00
7.70800E-06,1.598E+00
7.70900E-06,1.598E+00
7.71000E-06,1.590E+00
7.71100E-06,1.598E+00
7.71200E-06,1.598E+00
7.71300E-06,1.598E+00
7.71400E-06,1.606E+00
7.71500E-06,1.606E+00
7.71600E-06,1.598E+00
7.71700E-06,1.598E+00
7.71800E-06,1.598E+00
7.71900E-06,1.590E+00
7.72000E-06,1.598E+00
7.72100E-06,1.598E+00
7.72200E-06,1.598E+00
7.72300E-06,1.598E+00
7.72400E-06,1.598E+00
7.72500E-06,1.598E+00
7.72600E-06,1.598E+00
7.72700E-06,1.598E+00
7.72800E-06,1.606E+00
7.72900E-06,1.598E+00
7.73000E-06,1.598E+00
7.73100E-06,1.598E+00
7.73200E-06,1.598E+00
7.73300E-06,1.598E+00
7.73400E-06,1.598E+00
7.73500E-06,1.598E+00
7.73600E-06,1.606E+00
7.73700E-06,1.598E+00
7.73800E-06,1.598E+00
7.73900E-06,1.590E+00
7.74000E-06,1.598E+00
7.74100E-06,1.598E+00
7.74200E-06,1.590E+00
7.74300E-06,1.598E+00
7.74400E-06,1.598E+00
7.74500E-06,1.598E+00
7.74600E-06,1.606E+00
7.74700E-06,1.598E+00
7.74800E-06,1.598E+00
7.74900E-06,1.598E+00
7.75000E-06,1.590E+00
7.75100E-06,1.598E+00
7.75200E-06,1.598E+00
7.75300E-06,1.598E+00
7.75400E-06,1.598E+00
7.75500E-06,1.598E+00
7.75600E-06,1.598E+00
7.75700E-06,1.590E+00
7.75800E-06,1.598E+00
7.75900E-06,1.598E+00
7.76000E-06,1.598E+00
