[Hz],FFT[dBm]
0.0000000E+00,-5.07054E+01
1.9073486E+02,-5.38454E+01
3.8146973E+02,-9.21454E+01
5.7220459E+02,-8.87454E+01
7.6293945E+02,-8.32654E+01
9.5367432E+02,-7.96854E+01
1.1444092E+03,-8.80854E+01
1.3351440E+03,-9.84054E+01
1.5258789E+03,-8.59254E+01
1.7166138E+03,-8.56054E+01
1.9073486E+03,-9.59854E+01
2.0980835E+03,-9.67854E+01
2.2888184E+03,-9.97854E+01
2.4795532E+03,-9.67054E+01
2.6702881E+03,-9.40054E+01
2.8610229E+03,-9.23254E+01
3.0517578E+03,-9.47854E+01
3.2424927E+03,-1.06085E+02
3.4332275E+03,-9.86854E+01
3.6239624E+03,-1.13885E+02
3.8146973E+03,-9.78254E+01
4.0054321E+03,-9.62454E+01
4.1961670E+03,-1.00365E+02
4.3869019E+03,-1.02485E+02
4.5776367E+03,-1.00865E+02
4.7683716E+03,-9.73654E+01
4.9591064E+03,-9.38454E+01
5.1498413E+03,-1.02245E+02
5.3405762E+03,-1.10385E+02
5.5313110E+03,-1.08565E+02
5.7220459E+03,-1.00905E+02
5.9127808E+03,-1.03065E+02
6.1035156E+03,-1.06245E+02
6.2942505E+03,-9.77054E+01
6.4849854E+03,-9.36254E+01
6.6757202E+03,-9.34654E+01
6.8664551E+03,-1.17545E+02
7.0571899E+03,-9.82054E+01
7.2479248E+03,-1.02965E+02
7.4386597E+03,-9.40454E+01
7.6293945E+03,-9.20654E+01
7.8201294E+03,-9.50454E+01
8.0108643E+03,-9.64654E+01
8.2015991E+03,-9.63454E+01
8.3923340E+03,-1.17145E+02
8.5830688E+03,-1.19585E+02
8.7738037E+03,-1.00965E+02
8.9645386E+03,-1.02985E+02
9.1552734E+03,-9.91054E+01
9.3460083E+03,-9.73254E+01
9.5367432E+03,-9.88454E+01
9.7274780E+03,-9.86454E+01
9.9182129E+03,-1.01405E+02
1.0108948E+04,-8.79054E+01
1.0299683E+04,-8.15454E+01
1.0490417E+04,-8.76854E+01
1.0681152E+04,-1.02745E+02
1.0871887E+04,-9.66854E+01
1.1062622E+04,-1.02305E+02
1.1253357E+04,-9.65854E+01
1.1444092E+04,-9.59854E+01
1.1634827E+04,-1.09205E+02
1.1825562E+04,-1.02205E+02
1.2016296E+04,-9.46054E+01
1.2207031E+04,-9.49654E+01
1.2397766E+04,-9.86254E+01
1.2588501E+04,-1.05505E+02
1.2779236E+04,-1.06325E+02
1.2969971E+04,-1.05525E+02
1.3160706E+04,-9.67054E+01
1.3351440E+04,-9.75054E+01
1.3542175E+04,-9.90054E+01
1.3732910E+04,-9.60854E+01
1.3923645E+04,-9.61454E+01
1.4114380E+04,-1.02965E+02
1.4305115E+04,-9.88254E+01
1.4495850E+04,-9.72654E+01
1.4686584E+04,-9.73454E+01
1.4877319E+04,-9.21254E+01
1.5068054E+04,-9.35454E+01
1.5258789E+04,-1.00425E+02
1.5449524E+04,-1.12005E+02
1.5640259E+04,-9.38854E+01
1.5830994E+04,-9.33654E+01
1.6021729E+04,-9.37654E+01
1.6212463E+04,-9.49854E+01
1.6403198E+04,-1.04365E+02
1.6593933E+04,-9.41854E+01
1.6784668E+04,-9.24254E+01
1.6975403E+04,-9.44054E+01
1.7166138E+04,-9.76254E+01
1.7356873E+04,-9.73254E+01
1.7547607E+04,-1.00985E+02
1.7738342E+04,-1.04085E+02
1.7929077E+04,-1.17605E+02
1.8119812E+04,-9.75254E+01
1.8310547E+04,-9.44454E+01
1.8501282E+04,-9.81654E+01
1.8692017E+04,-1.01705E+02
1.8882751E+04,-9.92454E+01
1.9073486E+04,-9.48254E+01
1.9264221E+04,-9.19454E+01
1.9454956E+04,-9.38054E+01
1.9645691E+04,-9.85854E+01
1.9836426E+04,-9.96854E+01
2.0027161E+04,-1.06625E+02
2.0217896E+04,-1.00585E+02
2.0408630E+04,-9.19654E+01
2.0599365E+04,-9.37654E+01
2.0790100E+04,-1.00565E+02
2.0980835E+04,-1.08985E+02
2.1171570E+04,-9.99454E+01
2.1362305E+04,-9.91654E+01
2.1553040E+04,-1.03405E+02
2.1743774E+04,-1.03585E+02
2.1934509E+04,-1.00625E+02
2.2125244E+04,-1.03885E+02
2.2315979E+04,-1.01945E+02
2.2506714E+04,-9.57854E+01
2.2697449E+04,-9.33054E+01
2.2888184E+04,-9.36654E+01
2.3078918E+04,-9.72654E+01
2.3269653E+04,-1.11825E+02
2.3460388E+04,-9.65254E+01
2.3651123E+04,-9.44054E+01
2.3841858E+04,-1.00385E+02
2.4032593E+04,-1.05785E+02
2.4223328E+04,-9.70854E+01
2.4414062E+04,-9.64854E+01
2.4604797E+04,-1.01125E+02
2.4795532E+04,-9.90054E+01
2.4986267E+04,-9.77454E+01
2.5177002E+04,-9.42254E+01
2.5367737E+04,-9.91054E+01
2.5558472E+04,-1.03125E+02
2.5749207E+04,-9.49454E+01
2.5939941E+04,-9.46254E+01
2.6130676E+04,-1.06805E+02
2.6321411E+04,-9.67254E+01
2.6512146E+04,-9.22054E+01
2.6702881E+04,-9.48454E+01
2.6893616E+04,-1.02585E+02
2.7084351E+04,-1.01885E+02
2.7275085E+04,-9.59054E+01
2.7465820E+04,-9.50054E+01
2.7656555E+04,-1.02285E+02
2.7847290E+04,-1.04425E+02
2.8038025E+04,-9.54854E+01
2.8228760E+04,-9.47654E+01
2.8419495E+04,-1.00685E+02
2.8610229E+04,-9.48254E+01
2.8800964E+04,-9.30254E+01
2.8991699E+04,-9.55254E+01
2.9182434E+04,-1.00165E+02
2.9373169E+04,-9.96854E+01
2.9563904E+04,-9.68054E+01
2.9754639E+04,-9.70054E+01
2.9945374E+04,-9.82854E+01
3.0136108E+04,-1.04605E+02
3.0326843E+04,-9.67454E+01
3.0517578E+04,-9.31854E+01
3.0708313E+04,-9.16454E+01
3.0899048E+04,-8.98854E+01
3.1089783E+04,-9.30854E+01
3.1280518E+04,-9.71654E+01
3.1471252E+04,-9.83654E+01
3.1661987E+04,-1.07045E+02
3.1852722E+04,-1.10925E+02
3.2043457E+04,-1.00185E+02
3.2234192E+04,-9.45054E+01
3.2424927E+04,-9.34054E+01
3.2615662E+04,-9.72254E+01
3.2806396E+04,-1.00125E+02
3.2997131E+04,-9.88654E+01
3.3187866E+04,-1.11285E+02
3.3378601E+04,-9.84654E+01
3.3569336E+04,-9.78654E+01
3.3760071E+04,-9.98454E+01
3.3950806E+04,-9.88654E+01
3.4141541E+04,-9.30254E+01
3.4332275E+04,-9.42654E+01
3.4523010E+04,-9.85854E+01
3.4713745E+04,-9.89454E+01
3.4904480E+04,-1.03585E+02
3.5095215E+04,-9.65254E+01
3.5285950E+04,-1.13625E+02
3.5476685E+04,-9.74254E+01
3.5667419E+04,-9.94454E+01
3.5858154E+04,-1.06325E+02
3.6048889E+04,-9.78254E+01
3.6239624E+04,-9.30254E+01
3.6430359E+04,-9.41454E+01
3.6621094E+04,-9.88454E+01
3.6811829E+04,-9.98454E+01
3.7002563E+04,-9.61454E+01
3.7193298E+04,-9.54454E+01
3.7384033E+04,-1.00665E+02
3.7574768E+04,-1.07385E+02
3.7765503E+04,-1.04445E+02
3.7956238E+04,-9.76454E+01
3.8146973E+04,-9.36654E+01
3.8337708E+04,-1.00025E+02
3.8528442E+04,-1.06445E+02
3.8719177E+04,-9.86654E+01
3.8909912E+04,-1.00525E+02
3.9100647E+04,-9.94854E+01
3.9291382E+04,-9.49854E+01
3.9482117E+04,-9.64454E+01
3.9672852E+04,-9.78654E+01
3.9863586E+04,-1.06165E+02
4.0054321E+04,-1.08205E+02
4.0245056E+04,-9.53654E+01
4.0435791E+04,-9.87054E+01
4.0626526E+04,-1.07985E+02
4.0817261E+04,-9.88454E+01
4.1007996E+04,-9.64854E+01
4.1198730E+04,-1.04085E+02
4.1389465E+04,-1.11645E+02
4.1580200E+04,-1.04505E+02
4.1770935E+04,-9.30854E+01
4.1961670E+04,-8.98854E+01
4.2152405E+04,-9.09654E+01
4.2343140E+04,-9.50054E+01
4.2533875E+04,-9.97454E+01
4.2724609E+04,-9.76454E+01
4.2915344E+04,-1.00645E+02
4.3106079E+04,-1.04005E+02
4.3296814E+04,-1.07865E+02
4.3487549E+04,-1.03225E+02
4.3678284E+04,-9.95254E+01
4.3869019E+04,-1.02685E+02
4.4059753E+04,-1.09205E+02
4.4250488E+04,-9.31854E+01
4.4441223E+04,-8.98254E+01
4.4631958E+04,-9.54254E+01
4.4822693E+04,-1.01325E+02
4.5013428E+04,-9.87454E+01
4.5204163E+04,-9.37054E+01
4.5394897E+04,-9.96054E+01
4.5585632E+04,-1.21905E+02
4.5776367E+04,-9.71054E+01
4.5967102E+04,-9.86454E+01
4.6157837E+04,-1.07345E+02
4.6348572E+04,-9.71654E+01
4.6539307E+04,-9.46054E+01
4.6730042E+04,-9.88454E+01
4.6920776E+04,-1.04405E+02
4.7111511E+04,-9.65054E+01
4.7302246E+04,-1.03925E+02
4.7492981E+04,-1.30745E+02
4.7683716E+04,-1.06405E+02
4.7874451E+04,-1.06245E+02
4.8065186E+04,-1.07705E+02
4.8255920E+04,-9.71054E+01
4.8446655E+04,-9.79654E+01
4.8637390E+04,-1.06545E+02
4.8828125E+04,-1.07425E+02
4.9018860E+04,-9.73654E+01
4.9209595E+04,-9.41854E+01
4.9400330E+04,-1.02305E+02
4.9591064E+04,-9.71054E+01
4.9781799E+04,-8.47654E+01
4.9972534E+04,-7.70654E+01
5.0163269E+04,-8.03654E+01
5.0354004E+04,-1.00985E+02
5.0544739E+04,-9.64854E+01
5.0735474E+04,-9.71054E+01
5.0926208E+04,-9.70054E+01
5.1116943E+04,-1.02385E+02
5.1307678E+04,-1.07845E+02
5.1498413E+04,-9.56054E+01
5.1689148E+04,-9.22054E+01
5.1879883E+04,-9.24254E+01
5.2070618E+04,-9.68854E+01
5.2261353E+04,-9.96654E+01
5.2452087E+04,-9.36254E+01
5.2642822E+04,-9.61054E+01
5.2833557E+04,-1.05025E+02
5.3024292E+04,-9.53654E+01
5.3215027E+04,-8.99854E+01
5.3405762E+04,-1.00925E+02
5.3596497E+04,-9.24854E+01
5.3787231E+04,-8.91454E+01
5.3977966E+04,-8.57654E+01
5.4168701E+04,-8.54654E+01
5.4359436E+04,-8.60054E+01
5.4550171E+04,-8.76854E+01
5.4740906E+04,-8.64854E+01
5.4931641E+04,-8.38054E+01
5.5122375E+04,-8.30854E+01
5.5313110E+04,-8.06254E+01
5.5503845E+04,-7.84454E+01
5.5694580E+04,-7.80254E+01
5.5885315E+04,-7.83254E+01
5.6076050E+04,-7.85854E+01
5.6266785E+04,-8.05454E+01
5.6457520E+04,-8.48054E+01
5.6648254E+04,-8.85654E+01
5.6838989E+04,-8.79454E+01
5.7029724E+04,-1.00005E+02
5.7220459E+04,-8.59254E+01
5.7411194E+04,-8.74454E+01
5.7601929E+04,-8.94254E+01
5.7792664E+04,-8.53854E+01
5.7983398E+04,-8.73054E+01
5.8174133E+04,-8.50454E+01
5.8364868E+04,-8.69054E+01
5.8555603E+04,-9.18854E+01
5.8746338E+04,-8.81854E+01
5.8937073E+04,-8.56854E+01
5.9127808E+04,-8.77454E+01
5.9318542E+04,-9.07054E+01
5.9509277E+04,-9.07054E+01
5.9700012E+04,-9.55254E+01
5.9890747E+04,-1.03365E+02
6.0081482E+04,-9.51854E+01
6.0272217E+04,-9.24454E+01
6.0462952E+04,-1.01685E+02
6.0653687E+04,-9.44654E+01
6.0844421E+04,-8.87054E+01
6.1035156E+04,-9.27454E+01
6.1225891E+04,-9.97454E+01
6.1416626E+04,-9.16654E+01
6.1607361E+04,-9.49454E+01
6.1798096E+04,-9.70254E+01
6.1988831E+04,-1.01105E+02
6.2179565E+04,-9.49854E+01
6.2370300E+04,-9.82254E+01
6.2561035E+04,-1.05225E+02
6.2751770E+04,-9.83454E+01
6.2942505E+04,-9.68454E+01
6.3133240E+04,-1.04745E+02
6.3323975E+04,-9.45454E+01
6.3514709E+04,-9.39654E+01
6.3705444E+04,-1.00725E+02
6.3896179E+04,-1.00145E+02
6.4086914E+04,-9.34054E+01
6.4277649E+04,-9.28054E+01
6.4468384E+04,-9.90454E+01
6.4659119E+04,-1.11125E+02
6.4849854E+04,-1.01105E+02
6.5040588E+04,-1.07185E+02
6.5231323E+04,-1.02125E+02
6.5422058E+04,-1.03725E+02
6.5612793E+04,-1.09045E+02
6.5803528E+04,-9.79054E+01
6.5994263E+04,-9.31654E+01
6.6184998E+04,-9.58254E+01
6.6375732E+04,-1.01565E+02
6.6566467E+04,-1.01325E+02
6.6757202E+04,-9.83854E+01
6.6947937E+04,-1.00465E+02
6.7138672E+04,-1.19805E+02
6.7329407E+04,-1.03805E+02
6.7520142E+04,-1.01745E+02
6.7710876E+04,-9.58654E+01
6.7901611E+04,-9.74254E+01
6.8092346E+04,-9.31854E+01
6.8283081E+04,-9.27654E+01
6.8473816E+04,-9.34654E+01
6.8664551E+04,-9.31654E+01
6.8855286E+04,-9.27654E+01
6.9046021E+04,-1.00885E+02
6.9236755E+04,-1.01525E+02
6.9427490E+04,-1.04665E+02
6.9618225E+04,-1.05985E+02
6.9808960E+04,-9.64054E+01
6.9999695E+04,-9.53254E+01
7.0190430E+04,-1.04945E+02
7.0381165E+04,-1.09625E+02
7.0571899E+04,-1.10225E+02
7.0762634E+04,-9.94454E+01
7.0953369E+04,-9.31654E+01
7.1144104E+04,-9.68054E+01
7.1334839E+04,-9.50454E+01
7.1525574E+04,-9.25654E+01
7.1716309E+04,-9.63654E+01
7.1907043E+04,-1.02865E+02
7.2097778E+04,-9.71654E+01
7.2288513E+04,-1.00025E+02
7.2479248E+04,-9.55654E+01
7.2669983E+04,-9.11854E+01
7.2860718E+04,-1.02125E+02
7.3051453E+04,-1.02065E+02
7.3242188E+04,-1.00885E+02
7.3432922E+04,-9.74654E+01
7.3623657E+04,-1.00685E+02
7.3814392E+04,-9.87254E+01
7.4005127E+04,-1.11145E+02
7.4195862E+04,-9.77454E+01
7.4386597E+04,-9.90454E+01
7.4577332E+04,-9.55254E+01
7.4768066E+04,-9.54854E+01
7.4958801E+04,-1.04785E+02
7.5149536E+04,-1.01805E+02
7.5340271E+04,-1.01125E+02
7.5531006E+04,-9.64254E+01
7.5721741E+04,-9.48854E+01
7.5912476E+04,-9.78854E+01
7.6103210E+04,-1.00625E+02
7.6293945E+04,-1.02165E+02
7.6484680E+04,-1.05125E+02
7.6675415E+04,-1.04985E+02
7.6866150E+04,-9.57854E+01
7.7056885E+04,-9.52254E+01
7.7247620E+04,-9.68854E+01
7.7438354E+04,-1.02805E+02
7.7629089E+04,-1.10525E+02
7.7819824E+04,-9.92854E+01
7.8010559E+04,-1.05665E+02
7.8201294E+04,-9.74054E+01
7.8392029E+04,-9.60654E+01
7.8582764E+04,-9.51454E+01
7.8773499E+04,-1.01245E+02
7.8964233E+04,-1.04265E+02
7.9154968E+04,-1.01585E+02
7.9345703E+04,-1.06865E+02
7.9536438E+04,-1.09665E+02
7.9727173E+04,-1.05025E+02
7.9917908E+04,-1.05465E+02
8.0108643E+04,-9.69654E+01
8.0299377E+04,-9.94054E+01
8.0490112E+04,-1.01065E+02
8.0680847E+04,-9.85654E+01
8.0871582E+04,-9.09254E+01
8.1062317E+04,-9.23854E+01
8.1253052E+04,-1.06885E+02
8.1443787E+04,-1.00645E+02
8.1634521E+04,-9.72454E+01
8.1825256E+04,-8.94454E+01
8.2015991E+04,-9.13054E+01
8.2206726E+04,-1.00765E+02
8.2397461E+04,-9.80254E+01
8.2588196E+04,-1.02385E+02
8.2778931E+04,-1.09465E+02
8.2969666E+04,-9.85454E+01
8.3160400E+04,-9.54054E+01
8.3351135E+04,-9.57654E+01
8.3541870E+04,-9.84654E+01
8.3732605E+04,-1.05245E+02
8.3923340E+04,-9.85854E+01
8.4114075E+04,-9.63254E+01
8.4304810E+04,-1.05045E+02
8.4495544E+04,-1.08605E+02
8.4686279E+04,-1.07665E+02
8.4877014E+04,-1.06705E+02
8.5067749E+04,-1.01645E+02
8.5258484E+04,-9.86454E+01
8.5449219E+04,-9.76254E+01
8.5639954E+04,-1.01565E+02
8.5830688E+04,-1.00245E+02
8.6021423E+04,-1.05485E+02
8.6212158E+04,-1.00125E+02
8.6402893E+04,-9.65054E+01
8.6593628E+04,-9.42254E+01
8.6784363E+04,-9.91854E+01
8.6975098E+04,-1.07425E+02
8.7165833E+04,-9.72854E+01
8.7356567E+04,-9.55054E+01
8.7547302E+04,-9.59654E+01
8.7738037E+04,-9.46654E+01
8.7928772E+04,-9.37654E+01
8.8119507E+04,-9.60654E+01
8.8310242E+04,-9.91654E+01
8.8500977E+04,-1.08185E+02
8.8691711E+04,-1.03365E+02
8.8882446E+04,-1.00525E+02
8.9073181E+04,-1.07725E+02
8.9263916E+04,-9.48654E+01
8.9454651E+04,-9.25254E+01
8.9645386E+04,-1.02305E+02
8.9836121E+04,-9.86454E+01
9.0026855E+04,-9.29654E+01
9.0217590E+04,-9.36654E+01
9.0408325E+04,-9.40854E+01
9.0599060E+04,-9.90854E+01
9.0789795E+04,-9.37654E+01
9.0980530E+04,-9.84654E+01
9.1171265E+04,-1.05505E+02
9.1362000E+04,-1.08325E+02
9.1552734E+04,-1.04385E+02
9.1743469E+04,-9.82854E+01
9.1934204E+04,-1.02365E+02
9.2124939E+04,-9.42654E+01
9.2315674E+04,-9.35454E+01
9.2506409E+04,-9.57254E+01
9.2697144E+04,-9.58654E+01
9.2887878E+04,-1.03585E+02
9.3078613E+04,-9.86454E+01
9.3269348E+04,-9.38454E+01
9.3460083E+04,-9.59054E+01
9.3650818E+04,-9.57254E+01
9.3841553E+04,-9.44254E+01
9.4032288E+04,-9.57854E+01
9.4223022E+04,-9.60454E+01
9.4413757E+04,-9.62454E+01
9.4604492E+04,-9.78254E+01
9.4795227E+04,-1.11205E+02
9.4985962E+04,-1.03665E+02
9.5176697E+04,-1.00305E+02
9.5367432E+04,-9.33654E+01
9.5558167E+04,-9.22854E+01
9.5748901E+04,-1.02525E+02
9.5939636E+04,-9.92654E+01
9.6130371E+04,-1.05425E+02
9.6321106E+04,-1.04225E+02
9.6511841E+04,-1.01065E+02
9.6702576E+04,-1.04425E+02
9.6893311E+04,-1.00245E+02
9.7084045E+04,-1.00545E+02
9.7274780E+04,-1.01985E+02
9.7465515E+04,-1.12245E+02
9.7656250E+04,-1.01245E+02
9.7846985E+04,-9.67054E+01
9.8037720E+04,-9.83054E+01
9.8228455E+04,-9.98254E+01
9.8419189E+04,-1.02245E+02
9.8609924E+04,-1.00585E+02
9.8800659E+04,-9.77854E+01
9.8991394E+04,-9.92054E+01
9.9182129E+04,-9.76854E+01
9.9372864E+04,-9.78654E+01
9.9563599E+04,-9.55854E+01
9.9754333E+04,-1.07225E+02
9.9945068E+04,-9.74854E+01
1.0013580E+05,-1.03585E+02
1.0032654E+05,-1.08905E+02
1.0051727E+05,-1.00505E+02
1.0070801E+05,-9.38054E+01
1.0089874E+05,-9.92054E+01
1.0108948E+05,-1.02285E+02
1.0128021E+05,-1.10845E+02
1.0147095E+05,-1.14765E+02
1.0166168E+05,-9.55054E+01
1.0185242E+05,-9.80654E+01
1.0204315E+05,-9.67854E+01
1.0223389E+05,-9.52854E+01
1.0242462E+05,-8.86254E+01
1.0261536E+05,-8.90454E+01
1.0280609E+05,-9.14854E+01
1.0299683E+05,-9.55454E+01
1.0318756E+05,-8.76054E+01
1.0337830E+05,-9.14254E+01
1.0356903E+05,-9.22854E+01
1.0375977E+05,-9.03254E+01
1.0395050E+05,-9.53654E+01
1.0414124E+05,-1.03585E+02
1.0433197E+05,-1.23705E+02
1.0452271E+05,-1.01665E+02
1.0471344E+05,-9.62054E+01
1.0490417E+05,-9.33254E+01
1.0509491E+05,-1.03665E+02
1.0528564E+05,-1.02245E+02
1.0547638E+05,-9.52454E+01
1.0566711E+05,-1.03225E+02
1.0585785E+05,-1.01985E+02
1.0604858E+05,-9.30254E+01
1.0623932E+05,-9.19654E+01
1.0643005E+05,-9.18654E+01
1.0662079E+05,-9.80254E+01
1.0681152E+05,-1.07705E+02
1.0700226E+05,-9.80054E+01
1.0719299E+05,-9.52654E+01
1.0738373E+05,-9.53854E+01
1.0757446E+05,-9.77054E+01
1.0776520E+05,-1.04705E+02
1.0795593E+05,-1.11385E+02
1.0814667E+05,-9.52654E+01
1.0833740E+05,-9.38054E+01
1.0852814E+05,-9.57854E+01
1.0871887E+05,-8.96454E+01
1.0890961E+05,-8.99254E+01
1.0910034E+05,-9.11854E+01
1.0929108E+05,-9.02254E+01
1.0948181E+05,-9.68654E+01
1.0967255E+05,-9.51654E+01
1.0986328E+05,-9.05654E+01
1.1005402E+05,-9.81654E+01
1.1024475E+05,-1.01525E+02
1.1043549E+05,-1.03025E+02
1.1062622E+05,-9.98054E+01
1.1081696E+05,-9.84254E+01
1.1100769E+05,-9.67854E+01
1.1119843E+05,-9.37654E+01
1.1138916E+05,-9.72854E+01
1.1157990E+05,-1.08225E+02
1.1177063E+05,-9.61654E+01
1.1196136E+05,-9.44654E+01
1.1215210E+05,-1.05065E+02
1.1234283E+05,-9.46654E+01
1.1253357E+05,-9.14254E+01
1.1272430E+05,-1.16925E+02
1.1291504E+05,-9.04454E+01
1.1310577E+05,-9.22054E+01
1.1329651E+05,-9.39254E+01
1.1348724E+05,-8.49454E+01
1.1367798E+05,-8.89254E+01
1.1386871E+05,-1.02705E+02
1.1405945E+05,-9.43854E+01
1.1425018E+05,-9.94454E+01
1.1444092E+05,-9.67454E+01
1.1463165E+05,-9.25054E+01
1.1482239E+05,-9.66854E+01
1.1501312E+05,-9.71854E+01
1.1520386E+05,-1.05345E+02
1.1539459E+05,-1.01185E+02
1.1558533E+05,-9.67054E+01
1.1577606E+05,-9.41454E+01
1.1596680E+05,-9.55254E+01
1.1615753E+05,-9.51854E+01
1.1634827E+05,-9.57654E+01
1.1653900E+05,-9.87454E+01
1.1672974E+05,-1.02165E+02
1.1692047E+05,-1.05465E+02
1.1711121E+05,-9.36254E+01
1.1730194E+05,-9.23054E+01
1.1749268E+05,-9.58054E+01
1.1768341E+05,-9.56054E+01
1.1787415E+05,-9.73854E+01
1.1806488E+05,-9.70854E+01
1.1825562E+05,-9.74454E+01
1.1844635E+05,-9.89454E+01
1.1863708E+05,-9.57254E+01
1.1882782E+05,-1.06585E+02
1.1901855E+05,-1.07605E+02
1.1920929E+05,-1.04925E+02
1.1940002E+05,-1.02445E+02
1.1959076E+05,-1.02705E+02
1.1978149E+05,-1.03585E+02
1.1997223E+05,-1.13185E+02
1.2016296E+05,-9.56054E+01
1.2035370E+05,-9.40454E+01
1.2054443E+05,-1.02865E+02
1.2073517E+05,-1.08405E+02
1.2092590E+05,-9.69254E+01
1.2111664E+05,-9.59254E+01
1.2130737E+05,-9.83454E+01
1.2149811E+05,-1.05125E+02
1.2168884E+05,-9.59854E+01
1.2187958E+05,-9.91654E+01
1.2207031E+05,-1.05685E+02
1.2226105E+05,-1.10645E+02
1.2245178E+05,-9.99454E+01
1.2264252E+05,-9.59454E+01
1.2283325E+05,-1.00325E+02
1.2302399E+05,-1.00585E+02
1.2321472E+05,-1.00085E+02
1.2340546E+05,-1.03765E+02
1.2359619E+05,-9.66254E+01
1.2378693E+05,-9.83254E+01
1.2397766E+05,-1.16965E+02
1.2416840E+05,-1.05465E+02
1.2435913E+05,-9.43654E+01
1.2454987E+05,-9.34654E+01
1.2474060E+05,-9.19654E+01
1.2493134E+05,-9.92254E+01
1.2512207E+05,-1.06745E+02
1.2531281E+05,-1.00465E+02
1.2550354E+05,-1.06225E+02
1.2569427E+05,-1.01665E+02
1.2588501E+05,-9.85854E+01
1.2607574E+05,-1.03225E+02
1.2626648E+05,-1.02065E+02
1.2645721E+05,-9.82454E+01
1.2664795E+05,-9.83654E+01
1.2683868E+05,-9.64054E+01
1.2702942E+05,-1.00885E+02
1.2722015E+05,-1.08585E+02
1.2741089E+05,-1.06785E+02
1.2760162E+05,-1.02485E+02
1.2779236E+05,-9.80254E+01
1.2798309E+05,-9.79654E+01
1.2817383E+05,-9.92454E+01
1.2836456E+05,-1.02965E+02
1.2855530E+05,-9.84054E+01
1.2874603E+05,-9.88454E+01
1.2893677E+05,-1.05025E+02
1.2912750E+05,-9.88254E+01
1.2931824E+05,-1.04565E+02
1.2950897E+05,-1.00065E+02
1.2969971E+05,-1.10885E+02
1.2989044E+05,-9.64854E+01
1.3008118E+05,-9.81054E+01
1.3027191E+05,-1.04405E+02
1.3046265E+05,-1.03065E+02
1.3065338E+05,-1.06725E+02
1.3084412E+05,-9.52054E+01
1.3103485E+05,-9.83454E+01
1.3122559E+05,-1.03325E+02
1.3141632E+05,-9.83254E+01
1.3160706E+05,-9.38854E+01
1.3179779E+05,-9.54054E+01
1.3198853E+05,-1.08805E+02
1.3217926E+05,-1.02825E+02
1.3237000E+05,-9.67454E+01
1.3256073E+05,-9.74454E+01
1.3275146E+05,-1.02385E+02
1.3294220E+05,-9.84654E+01
1.3313293E+05,-9.78254E+01
1.3332367E+05,-1.10825E+02
1.3351440E+05,-1.04045E+02
1.3370514E+05,-1.06585E+02
1.3389587E+05,-1.19065E+02
1.3408661E+05,-9.88854E+01
1.3427734E+05,-1.00385E+02
1.3446808E+05,-1.10025E+02
1.3465881E+05,-1.02165E+02
1.3484955E+05,-9.60454E+01
1.3504028E+05,-9.90054E+01
1.3523102E+05,-9.99654E+01
1.3542175E+05,-9.85254E+01
1.3561249E+05,-1.01225E+02
1.3580322E+05,-9.91254E+01
1.3599396E+05,-9.58254E+01
1.3618469E+05,-1.02005E+02
1.3637543E+05,-1.03805E+02
1.3656616E+05,-1.06145E+02
1.3675690E+05,-9.51654E+01
1.3694763E+05,-9.18854E+01
1.3713837E+05,-9.55454E+01
1.3732910E+05,-1.02745E+02
1.3751984E+05,-1.00145E+02
1.3771057E+05,-1.06805E+02
1.3790131E+05,-9.80454E+01
1.3809204E+05,-9.67854E+01
1.3828278E+05,-1.01545E+02
1.3847351E+05,-9.58654E+01
1.3866425E+05,-9.72854E+01
1.3885498E+05,-1.00345E+02
1.3904572E+05,-9.17054E+01
1.3923645E+05,-9.06454E+01
1.3942719E+05,-9.25254E+01
1.3961792E+05,-9.66854E+01
1.3980865E+05,-1.03545E+02
1.3999939E+05,-1.02985E+02
1.4019012E+05,-9.93254E+01
1.4038086E+05,-9.88254E+01
1.4057159E+05,-9.80254E+01
1.4076233E+05,-9.43654E+01
1.4095306E+05,-9.48254E+01
1.4114380E+05,-9.73854E+01
1.4133453E+05,-1.02145E+02
1.4152527E+05,-9.94854E+01
1.4171600E+05,-9.22254E+01
1.4190674E+05,-9.24254E+01
1.4209747E+05,-9.75054E+01
1.4228821E+05,-1.00645E+02
1.4247894E+05,-1.02325E+02
1.4266968E+05,-1.02045E+02
1.4286041E+05,-9.37254E+01
1.4305115E+05,-9.96054E+01
1.4324188E+05,-9.33254E+01
1.4343262E+05,-9.58254E+01
1.4362335E+05,-9.93454E+01
1.4381409E+05,-9.42654E+01
1.4400482E+05,-9.91454E+01
1.4419556E+05,-1.10445E+02
1.4438629E+05,-1.07145E+02
1.4457703E+05,-1.02045E+02
1.4476776E+05,-1.01945E+02
1.4495850E+05,-1.00225E+02
1.4514923E+05,-9.66854E+01
1.4533997E+05,-9.90254E+01
1.4553070E+05,-1.17485E+02
1.4572144E+05,-1.01965E+02
1.4591217E+05,-1.04845E+02
1.4610291E+05,-1.06625E+02
1.4629364E+05,-1.02965E+02
1.4648438E+05,-9.88454E+01
1.4667511E+05,-1.04485E+02
1.4686584E+05,-9.87054E+01
1.4705658E+05,-1.01285E+02
1.4724731E+05,-9.87054E+01
1.4743805E+05,-9.65254E+01
1.4762878E+05,-9.69054E+01
1.4781952E+05,-1.00545E+02
1.4801025E+05,-1.09865E+02
1.4820099E+05,-1.01765E+02
1.4839172E+05,-1.02765E+02
1.4858246E+05,-1.01245E+02
1.4877319E+05,-9.96854E+01
1.4896393E+05,-1.05045E+02
1.4915466E+05,-1.04685E+02
1.4934540E+05,-9.91454E+01
1.4953613E+05,-1.07505E+02
1.4972687E+05,-9.60254E+01
1.4991760E+05,-8.57054E+01
1.5010834E+05,-8.54254E+01
1.5029907E+05,-9.32254E+01
1.5048981E+05,-9.29854E+01
1.5068054E+05,-9.81454E+01
1.5087128E+05,-1.06025E+02
1.5106201E+05,-9.50454E+01
1.5125275E+05,-9.53254E+01
1.5144348E+05,-1.02765E+02
1.5163422E+05,-9.99454E+01
1.5182495E+05,-9.40854E+01
1.5201569E+05,-9.52654E+01
1.5220642E+05,-1.01685E+02
1.5239716E+05,-1.01585E+02
1.5258789E+05,-9.80654E+01
1.5277863E+05,-9.95454E+01
1.5296936E+05,-1.01685E+02
1.5316010E+05,-1.04565E+02
1.5335083E+05,-9.91254E+01
1.5354156E+05,-9.72454E+01
1.5373230E+05,-1.07585E+02
1.5392303E+05,-1.03065E+02
1.5411377E+05,-1.05945E+02
1.5430450E+05,-1.01225E+02
1.5449524E+05,-1.07065E+02
1.5468597E+05,-1.04425E+02
1.5487671E+05,-1.03225E+02
1.5506744E+05,-9.97054E+01
1.5525818E+05,-1.04365E+02
1.5544891E+05,-1.07445E+02
1.5563965E+05,-1.00685E+02
1.5583038E+05,-1.02125E+02
1.5602112E+05,-1.07805E+02
1.5621185E+05,-1.05285E+02
1.5640259E+05,-1.07365E+02
1.5659332E+05,-9.89454E+01
1.5678406E+05,-9.98854E+01
1.5697479E+05,-1.06625E+02
1.5716553E+05,-9.80254E+01
1.5735626E+05,-1.02045E+02
1.5754700E+05,-1.09065E+02
1.5773773E+05,-1.01965E+02
1.5792847E+05,-1.00465E+02
1.5811920E+05,-1.07305E+02
1.5830994E+05,-1.06925E+02
1.5850067E+05,-1.00365E+02
1.5869141E+05,-9.66454E+01
1.5888214E+05,-1.05085E+02
1.5907288E+05,-9.76854E+01
1.5926361E+05,-1.00005E+02
1.5945435E+05,-1.05565E+02
1.5964508E+05,-1.07745E+02
1.5983582E+05,-1.03765E+02
1.6002655E+05,-1.07765E+02
1.6021729E+05,-1.00645E+02
1.6040802E+05,-9.75854E+01
1.6059875E+05,-1.01005E+02
1.6078949E+05,-9.78454E+01
1.6098022E+05,-1.05045E+02
1.6117096E+05,-1.05365E+02
1.6136169E+05,-1.00005E+02
1.6155243E+05,-9.65454E+01
1.6174316E+05,-1.03805E+02
1.6193390E+05,-1.06725E+02
1.6212463E+05,-9.57254E+01
1.6231537E+05,-9.41854E+01
1.6250610E+05,-1.00285E+02
1.6269684E+05,-1.07545E+02
1.6288757E+05,-1.03665E+02
1.6307831E+05,-9.86454E+01
1.6326904E+05,-9.33254E+01
1.6345978E+05,-9.66654E+01
1.6365051E+05,-1.03265E+02
1.6384125E+05,-1.03885E+02
1.6403198E+05,-1.03965E+02
1.6422272E+05,-9.74454E+01
1.6441345E+05,-9.96454E+01
1.6460419E+05,-1.05125E+02
1.6479492E+05,-9.89654E+01
1.6498566E+05,-9.22854E+01
1.6517639E+05,-9.40054E+01
1.6536713E+05,-1.03365E+02
1.6555786E+05,-1.09905E+02
1.6574860E+05,-1.03545E+02
1.6593933E+05,-9.86454E+01
1.6613007E+05,-1.06745E+02
1.6632080E+05,-9.78254E+01
1.6651154E+05,-9.86654E+01
1.6670227E+05,-9.89654E+01
1.6689301E+05,-9.63654E+01
1.6708374E+05,-9.69254E+01
1.6727448E+05,-9.85854E+01
1.6746521E+05,-9.52254E+01
1.6765594E+05,-9.99854E+01
1.6784668E+05,-1.01565E+02
1.6803741E+05,-9.84054E+01
1.6822815E+05,-1.20685E+02
1.6841888E+05,-1.13465E+02
1.6860962E+05,-1.09745E+02
1.6880035E+05,-9.91654E+01
1.6899109E+05,-1.01545E+02
1.6918182E+05,-1.01645E+02
1.6937256E+05,-9.42254E+01
1.6956329E+05,-9.28654E+01
1.6975403E+05,-9.10254E+01
1.6994476E+05,-9.15254E+01
1.7013550E+05,-9.55054E+01
1.7032623E+05,-9.69654E+01
1.7051697E+05,-9.98054E+01
1.7070770E+05,-1.03765E+02
1.7089844E+05,-1.03705E+02
1.7108917E+05,-9.65654E+01
1.7127991E+05,-9.30854E+01
1.7147064E+05,-9.87054E+01
1.7166138E+05,-9.58054E+01
1.7185211E+05,-9.76654E+01
1.7204285E+05,-1.01905E+02
1.7223358E+05,-1.07065E+02
1.7242432E+05,-9.62654E+01
1.7261505E+05,-9.52654E+01
1.7280579E+05,-1.02985E+02
1.7299652E+05,-1.02365E+02
1.7318726E+05,-1.03365E+02
1.7337799E+05,-9.97254E+01
1.7356873E+05,-1.13445E+02
1.7375946E+05,-1.01085E+02
1.7395020E+05,-9.59854E+01
1.7414093E+05,-9.68654E+01
1.7433167E+05,-1.02165E+02
1.7452240E+05,-1.03545E+02
1.7471313E+05,-9.80854E+01
1.7490387E+05,-9.85454E+01
1.7509460E+05,-1.00545E+02
1.7528534E+05,-1.00725E+02
1.7547607E+05,-1.08705E+02
1.7566681E+05,-9.56054E+01
1.7585754E+05,-9.35054E+01
1.7604828E+05,-9.69654E+01
1.7623901E+05,-1.02325E+02
1.7642975E+05,-9.81654E+01
1.7662048E+05,-9.74254E+01
1.7681122E+05,-1.03165E+02
1.7700195E+05,-1.06725E+02
1.7719269E+05,-1.04985E+02
1.7738342E+05,-1.05725E+02
1.7757416E+05,-9.25654E+01
1.7776489E+05,-9.18054E+01
1.7795563E+05,-9.52454E+01
1.7814636E+05,-9.41854E+01
1.7833710E+05,-9.09054E+01
1.7852783E+05,-8.97854E+01
1.7871857E+05,-9.13254E+01
1.7890930E+05,-9.32254E+01
1.7910004E+05,-9.83054E+01
1.7929077E+05,-9.72054E+01
1.7948151E+05,-1.02565E+02
1.7967224E+05,-9.87654E+01
1.7986298E+05,-9.09854E+01
1.8005371E+05,-9.23254E+01
1.8024445E+05,-9.76254E+01
1.8043518E+05,-9.89254E+01
1.8062592E+05,-1.02865E+02
1.8081665E+05,-1.16505E+02
1.8100739E+05,-1.04645E+02
1.8119812E+05,-9.90254E+01
1.8138885E+05,-9.96654E+01
1.8157959E+05,-1.06725E+02
1.8177032E+05,-9.62654E+01
1.8196106E+05,-9.48054E+01
1.8215179E+05,-9.71254E+01
1.8234253E+05,-1.01665E+02
1.8253326E+05,-9.23854E+01
1.8272400E+05,-9.39654E+01
1.8291473E+05,-9.38454E+01
1.8310547E+05,-9.12454E+01
1.8329620E+05,-9.56854E+01
1.8348694E+05,-1.18745E+02
1.8367767E+05,-1.03225E+02
1.8386841E+05,-1.00285E+02
1.8405914E+05,-1.01905E+02
1.8424988E+05,-9.64654E+01
1.8444061E+05,-9.77454E+01
1.8463135E+05,-1.04185E+02
1.8482208E+05,-9.43654E+01
1.8501282E+05,-9.82654E+01
1.8520355E+05,-9.79854E+01
1.8539429E+05,-9.18854E+01
1.8558502E+05,-9.38454E+01
1.8577576E+05,-9.54454E+01
1.8596649E+05,-1.04045E+02
1.8615723E+05,-1.04545E+02
1.8634796E+05,-9.52254E+01
1.8653870E+05,-9.19654E+01
1.8672943E+05,-9.67654E+01
1.8692017E+05,-1.00785E+02
1.8711090E+05,-9.87654E+01
1.8730164E+05,-1.06225E+02
1.8749237E+05,-1.14685E+02
1.8768311E+05,-1.21505E+02
1.8787384E+05,-1.11165E+02
1.8806458E+05,-1.02865E+02
1.8825531E+05,-1.14905E+02
1.8844604E+05,-1.03065E+02
1.8863678E+05,-1.03085E+02
1.8882751E+05,-1.01505E+02
1.8901825E+05,-9.99254E+01
1.8920898E+05,-9.43854E+01
1.8939972E+05,-9.55454E+01
1.8959045E+05,-1.00805E+02
1.8978119E+05,-1.00065E+02
1.8997192E+05,-9.82854E+01
1.9016266E+05,-1.02245E+02
1.9035339E+05,-1.05065E+02
1.9054413E+05,-9.78054E+01
1.9073486E+05,-1.00705E+02
1.9092560E+05,-9.87854E+01
1.9111633E+05,-9.72454E+01
1.9130707E+05,-1.05785E+02
1.9149780E+05,-9.99654E+01
1.9168854E+05,-9.61854E+01
1.9187927E+05,-9.59054E+01
1.9207001E+05,-1.05225E+02
1.9226074E+05,-9.76454E+01
1.9245148E+05,-9.76254E+01
1.9264221E+05,-1.00545E+02
1.9283295E+05,-9.60454E+01
1.9302368E+05,-9.72454E+01
1.9321442E+05,-1.06525E+02
1.9340515E+05,-1.01045E+02
1.9359589E+05,-1.17665E+02
1.9378662E+05,-1.01805E+02
1.9397736E+05,-9.62454E+01
1.9416809E+05,-9.83054E+01
1.9435883E+05,-1.01005E+02
1.9454956E+05,-9.65054E+01
1.9474030E+05,-9.63454E+01
1.9493103E+05,-9.40854E+01
1.9512177E+05,-9.55654E+01
1.9531250E+05,-9.99454E+01
1.9550323E+05,-9.43654E+01
1.9569397E+05,-1.03585E+02
1.9588470E+05,-1.03125E+02
1.9607544E+05,-1.02085E+02
1.9626617E+05,-1.01785E+02
1.9645691E+05,-9.83254E+01
1.9664764E+05,-9.63654E+01
1.9683838E+05,-1.00285E+02
1.9702911E+05,-1.03725E+02
1.9721985E+05,-1.02865E+02
1.9741058E+05,-1.01585E+02
1.9760132E+05,-9.37054E+01
1.9779205E+05,-9.23254E+01
1.9798279E+05,-9.34654E+01
1.9817352E+05,-9.48254E+01
1.9836426E+05,-1.00565E+02
1.9855499E+05,-9.73854E+01
1.9874573E+05,-9.73454E+01
1.9893646E+05,-9.99054E+01
1.9912720E+05,-1.12425E+02
1.9931793E+05,-9.74054E+01
1.9950867E+05,-9.31254E+01
1.9969940E+05,-9.35054E+01
1.9989014E+05,-9.96254E+01
2.0008087E+05,-9.81854E+01
2.0027161E+05,-8.87054E+01
2.0046234E+05,-8.48454E+01
2.0065308E+05,-8.73454E+01
2.0084381E+05,-9.00454E+01
2.0103455E+05,-8.53854E+01
2.0122528E+05,-8.47054E+01
2.0141602E+05,-8.55854E+01
2.0160675E+05,-8.61054E+01
2.0179749E+05,-8.74254E+01
2.0198822E+05,-8.73254E+01
2.0217896E+05,-8.72054E+01
2.0236969E+05,-9.13054E+01
2.0256042E+05,-9.13454E+01
2.0275116E+05,-9.56054E+01
2.0294189E+05,-9.84654E+01
2.0313263E+05,-1.04865E+02
2.0332336E+05,-1.00405E+02
2.0351410E+05,-9.81654E+01
2.0370483E+05,-1.02125E+02
2.0389557E+05,-1.09405E+02
2.0408630E+05,-1.05585E+02
2.0427704E+05,-1.01245E+02
2.0446777E+05,-9.85054E+01
2.0465851E+05,-1.09605E+02
2.0484924E+05,-1.03545E+02
2.0503998E+05,-9.99454E+01
2.0523071E+05,-9.53854E+01
2.0542145E+05,-9.51654E+01
2.0561218E+05,-1.10925E+02
2.0580292E+05,-1.06925E+02
2.0599365E+05,-9.56054E+01
2.0618439E+05,-9.30254E+01
2.0637512E+05,-9.89054E+01
2.0656586E+05,-1.07305E+02
2.0675659E+05,-1.05765E+02
2.0694733E+05,-9.57654E+01
2.0713806E+05,-9.44454E+01
2.0732880E+05,-9.74854E+01
2.0751953E+05,-1.01505E+02
2.0771027E+05,-1.02765E+02
2.0790100E+05,-1.03065E+02
2.0809174E+05,-1.11905E+02
2.0828247E+05,-1.03225E+02
2.0847321E+05,-1.00465E+02
2.0866394E+05,-9.44854E+01
2.0885468E+05,-9.79454E+01
2.0904541E+05,-1.00905E+02
2.0923615E+05,-9.32254E+01
2.0942688E+05,-9.46854E+01
2.0961761E+05,-9.75254E+01
2.0980835E+05,-1.03725E+02
2.0999908E+05,-9.76854E+01
2.1018982E+05,-9.88054E+01
2.1038055E+05,-1.10345E+02
2.1057129E+05,-1.02325E+02
2.1076202E+05,-1.04425E+02
2.1095276E+05,-1.01865E+02
2.1114349E+05,-1.06345E+02
2.1133423E+05,-1.00305E+02
2.1152496E+05,-1.04585E+02
2.1171570E+05,-1.01445E+02
2.1190643E+05,-1.00025E+02
2.1209717E+05,-1.10305E+02
2.1228790E+05,-9.93454E+01
2.1247864E+05,-1.00825E+02
2.1266937E+05,-9.99854E+01
2.1286011E+05,-1.03405E+02
2.1305084E+05,-1.01985E+02
2.1324158E+05,-9.93454E+01
2.1343231E+05,-1.02485E+02
2.1362305E+05,-9.24254E+01
2.1381378E+05,-9.81454E+01
2.1400452E+05,-9.96654E+01
2.1419525E+05,-9.51254E+01
2.1438599E+05,-9.72854E+01
2.1457672E+05,-1.07745E+02
2.1476746E+05,-9.40054E+01
2.1495819E+05,-9.25054E+01
2.1514893E+05,-9.54854E+01
2.1533966E+05,-1.02745E+02
2.1553040E+05,-1.00805E+02
2.1572113E+05,-1.00205E+02
2.1591187E+05,-1.00825E+02
2.1610260E+05,-9.78454E+01
2.1629333E+05,-9.72054E+01
2.1648407E+05,-9.26454E+01
2.1667480E+05,-9.32254E+01
2.1686554E+05,-9.62054E+01
2.1705627E+05,-1.00065E+02
2.1724701E+05,-1.07385E+02
2.1743774E+05,-1.06105E+02
2.1762848E+05,-1.00185E+02
2.1781921E+05,-1.07885E+02
2.1800995E+05,-1.03965E+02
2.1820068E+05,-1.05145E+02
2.1839142E+05,-1.04005E+02
2.1858215E+05,-9.28654E+01
2.1877289E+05,-9.29654E+01
2.1896362E+05,-1.05465E+02
2.1915436E+05,-1.01585E+02
2.1934509E+05,-1.03625E+02
2.1953583E+05,-9.47654E+01
2.1972656E+05,-9.12854E+01
2.1991730E+05,-9.47854E+01
2.2010803E+05,-9.79454E+01
2.2029877E+05,-1.03265E+02
2.2048950E+05,-1.02625E+02
2.2068024E+05,-9.92854E+01
2.2087097E+05,-9.92054E+01
2.2106171E+05,-9.68054E+01
2.2125244E+05,-1.23965E+02
2.2144318E+05,-9.90654E+01
2.2163391E+05,-9.85654E+01
2.2182465E+05,-9.91254E+01
2.2201538E+05,-1.01485E+02
2.2220612E+05,-9.79454E+01
2.2239685E+05,-9.76454E+01
2.2258759E+05,-9.53854E+01
2.2277832E+05,-1.19745E+02
2.2296906E+05,-9.67054E+01
2.2315979E+05,-9.55054E+01
2.2335052E+05,-1.23405E+02
2.2354126E+05,-9.26854E+01
2.2373199E+05,-9.29054E+01
2.2392273E+05,-9.58054E+01
2.2411346E+05,-9.31654E+01
2.2430420E+05,-9.79254E+01
2.2449493E+05,-9.75254E+01
2.2468567E+05,-9.90654E+01
2.2487640E+05,-1.00945E+02
2.2506714E+05,-9.58054E+01
2.2525787E+05,-9.56854E+01
2.2544861E+05,-1.05065E+02
2.2563934E+05,-9.97854E+01
2.2583008E+05,-1.04525E+02
2.2602081E+05,-9.62854E+01
2.2621155E+05,-9.84254E+01
2.2640228E+05,-9.53054E+01
2.2659302E+05,-9.73654E+01
2.2678375E+05,-1.00305E+02
2.2697449E+05,-9.86254E+01
2.2716522E+05,-9.50054E+01
2.2735596E+05,-9.78454E+01
2.2754669E+05,-9.97454E+01
2.2773743E+05,-9.89054E+01
2.2792816E+05,-9.81654E+01
2.2811890E+05,-9.28254E+01
2.2830963E+05,-1.02045E+02
2.2850037E+05,-9.89054E+01
2.2869110E+05,-1.02825E+02
2.2888184E+05,-1.04625E+02
2.2907257E+05,-9.45854E+01
2.2926331E+05,-9.56854E+01
2.2945404E+05,-1.21365E+02
2.2964478E+05,-9.69454E+01
2.2983551E+05,-9.78454E+01
2.3002625E+05,-9.59854E+01
2.3021698E+05,-9.62654E+01
2.3040771E+05,-9.82854E+01
2.3059845E+05,-1.03085E+02
2.3078918E+05,-1.02905E+02
2.3097992E+05,-1.07745E+02
2.3117065E+05,-9.94854E+01
2.3136139E+05,-9.58854E+01
2.3155212E+05,-9.72454E+01
2.3174286E+05,-9.55654E+01
2.3193359E+05,-9.44454E+01
2.3212433E+05,-9.76854E+01
2.3231506E+05,-9.97854E+01
2.3250580E+05,-1.02685E+02
2.3269653E+05,-9.90854E+01
2.3288727E+05,-9.48454E+01
2.3307800E+05,-1.01485E+02
2.3326874E+05,-9.89054E+01
2.3345947E+05,-9.86854E+01
2.3365021E+05,-1.01985E+02
2.3384094E+05,-9.64454E+01
2.3403168E+05,-9.38454E+01
2.3422241E+05,-1.03125E+02
2.3441315E+05,-9.40054E+01
2.3460388E+05,-9.63654E+01
2.3479462E+05,-1.07885E+02
2.3498535E+05,-9.91854E+01
2.3517609E+05,-9.33054E+01
2.3536682E+05,-9.53454E+01
2.3555756E+05,-9.84054E+01
2.3574829E+05,-9.70254E+01
2.3593903E+05,-1.04665E+02
2.3612976E+05,-1.00145E+02
2.3632050E+05,-1.07045E+02
2.3651123E+05,-9.84854E+01
2.3670197E+05,-9.79054E+01
2.3689270E+05,-1.00185E+02
2.3708344E+05,-1.00745E+02
2.3727417E+05,-9.78854E+01
2.3746490E+05,-9.76254E+01
2.3765564E+05,-1.00825E+02
2.3784637E+05,-9.44254E+01
2.3803711E+05,-9.64854E+01
2.3822784E+05,-9.18254E+01
2.3841858E+05,-9.05254E+01
2.3860931E+05,-9.89054E+01
2.3880005E+05,-1.01645E+02
2.3899078E+05,-9.78054E+01
2.3918152E+05,-1.05625E+02
2.3937225E+05,-1.08905E+02
2.3956299E+05,-1.01825E+02
2.3975372E+05,-9.80654E+01
2.3994446E+05,-9.90454E+01
2.4013519E+05,-1.03505E+02
2.4032593E+05,-9.80454E+01
2.4051666E+05,-9.30654E+01
2.4070740E+05,-9.61254E+01
2.4089813E+05,-9.51054E+01
2.4108887E+05,-9.17854E+01
2.4127960E+05,-9.32254E+01
2.4147034E+05,-9.58654E+01
2.4166107E+05,-9.49254E+01
2.4185181E+05,-1.03085E+02
2.4204254E+05,-1.03325E+02
2.4223328E+05,-1.09785E+02
2.4242401E+05,-1.01445E+02
2.4261475E+05,-1.05685E+02
2.4280548E+05,-1.02925E+02
2.4299622E+05,-1.00545E+02
2.4318695E+05,-9.64254E+01
2.4337769E+05,-1.02645E+02
2.4356842E+05,-1.00125E+02
2.4375916E+05,-9.83054E+01
2.4394989E+05,-9.59054E+01
2.4414062E+05,-1.02745E+02
2.4433136E+05,-1.08185E+02
2.4452209E+05,-1.05785E+02
2.4471283E+05,-1.04285E+02
2.4490356E+05,-9.80654E+01
2.4509430E+05,-9.35854E+01
2.4528503E+05,-9.47254E+01
2.4547577E+05,-9.91254E+01
2.4566650E+05,-9.86254E+01
2.4585724E+05,-9.84254E+01
2.4604797E+05,-1.05325E+02
2.4623871E+05,-1.00105E+02
2.4642944E+05,-1.00865E+02
2.4662018E+05,-1.15345E+02
2.4681091E+05,-9.85054E+01
2.4700165E+05,-1.03545E+02
2.4719238E+05,-1.02085E+02
2.4738312E+05,-9.46054E+01
2.4757385E+05,-9.61054E+01
2.4776459E+05,-1.02505E+02
2.4795532E+05,-1.05185E+02
2.4814606E+05,-9.68054E+01
2.4833679E+05,-9.56854E+01
2.4852753E+05,-9.63854E+01
2.4871826E+05,-9.67054E+01
2.4890900E+05,-9.91254E+01
2.4909973E+05,-1.07825E+02
2.4929047E+05,-1.06685E+02
2.4948120E+05,-9.84254E+01
2.4967194E+05,-9.54854E+01
2.4986267E+05,-9.24454E+01
2.5005341E+05,-9.20654E+01
2.5024414E+05,-9.57654E+01
2.5043488E+05,-1.01745E+02
2.5062561E+05,-1.08085E+02
2.5081635E+05,-1.02505E+02
2.5100708E+05,-1.11665E+02
2.5119781E+05,-1.03465E+02
2.5138855E+05,-1.07305E+02
2.5157928E+05,-1.01485E+02
2.5177002E+05,-1.03545E+02
2.5196075E+05,-1.02125E+02
2.5215149E+05,-1.04945E+02
2.5234222E+05,-9.48454E+01
2.5253296E+05,-9.79254E+01
2.5272369E+05,-9.90854E+01
2.5291443E+05,-9.74454E+01
2.5310516E+05,-9.86854E+01
2.5329590E+05,-9.35854E+01
2.5348663E+05,-9.36654E+01
2.5367737E+05,-9.32254E+01
2.5386810E+05,-9.29054E+01
2.5405884E+05,-9.66054E+01
2.5424957E+05,-9.87854E+01
2.5444031E+05,-9.47654E+01
2.5463104E+05,-9.73254E+01
2.5482178E+05,-9.68054E+01
2.5501251E+05,-9.72654E+01
2.5520325E+05,-9.58654E+01
2.5539398E+05,-9.88454E+01
2.5558472E+05,-1.00265E+02
2.5577545E+05,-9.82254E+01
2.5596619E+05,-1.10845E+02
2.5615692E+05,-9.64454E+01
2.5634766E+05,-9.30654E+01
2.5653839E+05,-9.30854E+01
2.5672913E+05,-1.03445E+02
2.5691986E+05,-9.56054E+01
2.5711060E+05,-9.49654E+01
2.5730133E+05,-1.03805E+02
2.5749207E+05,-1.07985E+02
2.5768280E+05,-9.85454E+01
2.5787354E+05,-1.00765E+02
2.5806427E+05,-1.04045E+02
2.5825500E+05,-1.10825E+02
2.5844574E+05,-9.94654E+01
2.5863647E+05,-1.01985E+02
2.5882721E+05,-1.02005E+02
2.5901794E+05,-9.92054E+01
2.5920868E+05,-9.92454E+01
2.5939941E+05,-9.60054E+01
2.5959015E+05,-9.20854E+01
2.5978088E+05,-9.08854E+01
2.5997162E+05,-9.24254E+01
2.6016235E+05,-9.74054E+01
2.6035309E+05,-9.58254E+01
2.6054382E+05,-9.43054E+01
2.6073456E+05,-9.78454E+01
2.6092529E+05,-9.44854E+01
2.6111603E+05,-9.21454E+01
2.6130676E+05,-9.67454E+01
2.6149750E+05,-1.11785E+02
2.6168823E+05,-1.22525E+02
2.6187897E+05,-9.94654E+01
2.6206970E+05,-9.35854E+01
2.6226044E+05,-1.00045E+02
2.6245117E+05,-1.01325E+02
2.6264191E+05,-1.00725E+02
2.6283264E+05,-1.01225E+02
2.6302338E+05,-9.64054E+01
2.6321411E+05,-9.48854E+01
2.6340485E+05,-9.17654E+01
2.6359558E+05,-9.63254E+01
2.6378632E+05,-1.04845E+02
2.6397705E+05,-1.04385E+02
2.6416779E+05,-9.80254E+01
2.6435852E+05,-9.73854E+01
2.6454926E+05,-1.06865E+02
2.6473999E+05,-1.17685E+02
2.6493073E+05,-1.02925E+02
2.6512146E+05,-1.03465E+02
2.6531219E+05,-1.10665E+02
2.6550293E+05,-1.05965E+02
2.6569366E+05,-1.05405E+02
2.6588440E+05,-9.68054E+01
2.6607513E+05,-9.52254E+01
2.6626587E+05,-1.03725E+02
2.6645660E+05,-9.82254E+01
2.6664734E+05,-9.79654E+01
2.6683807E+05,-9.66054E+01
2.6702881E+05,-9.94854E+01
2.6721954E+05,-9.79854E+01
2.6741028E+05,-9.40854E+01
2.6760101E+05,-9.45854E+01
2.6779175E+05,-1.01405E+02
2.6798248E+05,-9.88254E+01
2.6817322E+05,-1.04305E+02
2.6836395E+05,-9.86254E+01
2.6855469E+05,-9.58054E+01
2.6874542E+05,-9.72854E+01
2.6893616E+05,-1.03185E+02
2.6912689E+05,-1.03445E+02
2.6931763E+05,-1.03405E+02
2.6950836E+05,-1.03885E+02
2.6969910E+05,-1.01825E+02
2.6988983E+05,-9.51854E+01
2.7008057E+05,-9.43854E+01
2.7027130E+05,-9.62654E+01
2.7046204E+05,-9.86454E+01
2.7065277E+05,-1.00325E+02
2.7084351E+05,-1.00125E+02
2.7103424E+05,-1.11685E+02
2.7122498E+05,-1.07065E+02
2.7141571E+05,-1.10185E+02
2.7160645E+05,-1.04865E+02
2.7179718E+05,-9.66654E+01
2.7198792E+05,-9.87254E+01
2.7217865E+05,-1.03085E+02
2.7236938E+05,-1.06645E+02
2.7256012E+05,-1.12425E+02
2.7275085E+05,-9.86454E+01
2.7294159E+05,-1.01785E+02
2.7313232E+05,-1.03925E+02
2.7332306E+05,-9.75854E+01
2.7351379E+05,-1.00845E+02
2.7370453E+05,-1.07845E+02
2.7389526E+05,-1.09885E+02
2.7408600E+05,-1.02565E+02
2.7427673E+05,-9.96254E+01
2.7446747E+05,-9.97854E+01
2.7465820E+05,-9.97054E+01
2.7484894E+05,-9.63454E+01
2.7503967E+05,-9.62854E+01
2.7523041E+05,-1.01125E+02
2.7542114E+05,-1.08765E+02
2.7561188E+05,-9.63654E+01
2.7580261E+05,-9.94254E+01
2.7599335E+05,-1.01125E+02
2.7618408E+05,-9.92254E+01
2.7637482E+05,-1.05445E+02
2.7656555E+05,-9.94854E+01
2.7675629E+05,-1.13965E+02
2.7694702E+05,-1.04905E+02
2.7713776E+05,-9.82654E+01
2.7732849E+05,-1.02145E+02
2.7751923E+05,-1.09985E+02
2.7770996E+05,-9.67454E+01
2.7790070E+05,-9.91454E+01
2.7809143E+05,-9.78454E+01
2.7828217E+05,-9.93854E+01
2.7847290E+05,-1.01365E+02
2.7866364E+05,-9.90054E+01
2.7885437E+05,-9.82054E+01
2.7904510E+05,-9.48854E+01
2.7923584E+05,-9.55254E+01
2.7942657E+05,-1.03445E+02
2.7961731E+05,-1.04305E+02
2.7980804E+05,-1.01185E+02
2.7999878E+05,-9.61854E+01
2.8018951E+05,-9.64454E+01
2.8038025E+05,-9.82254E+01
2.8057098E+05,-9.55854E+01
2.8076172E+05,-9.71654E+01
2.8095245E+05,-1.01905E+02
2.8114319E+05,-1.01865E+02
2.8133392E+05,-9.99254E+01
2.8152466E+05,-1.01825E+02
2.8171539E+05,-9.73454E+01
2.8190613E+05,-9.60454E+01
2.8209686E+05,-1.00405E+02
2.8228760E+05,-1.10005E+02
2.8247833E+05,-1.02445E+02
2.8266907E+05,-9.80454E+01
2.8285980E+05,-1.04145E+02
2.8305054E+05,-1.17885E+02
2.8324127E+05,-1.04425E+02
2.8343201E+05,-9.88454E+01
2.8362274E+05,-9.74254E+01
2.8381348E+05,-1.00165E+02
2.8400421E+05,-1.05705E+02
2.8419495E+05,-1.02805E+02
2.8438568E+05,-1.05005E+02
2.8457642E+05,-1.06265E+02
2.8476715E+05,-1.01005E+02
2.8495789E+05,-9.75054E+01
2.8514862E+05,-1.03925E+02
2.8533936E+05,-1.06045E+02
2.8553009E+05,-1.00325E+02
2.8572083E+05,-1.04305E+02
2.8591156E+05,-9.88654E+01
2.8610229E+05,-9.41454E+01
2.8629303E+05,-9.83254E+01
2.8648376E+05,-1.05025E+02
2.8667450E+05,-1.05165E+02
2.8686523E+05,-1.13585E+02
2.8705597E+05,-9.67454E+01
2.8724670E+05,-9.28254E+01
2.8743744E+05,-9.51654E+01
2.8762817E+05,-9.81054E+01
2.8781891E+05,-9.55054E+01
2.8800964E+05,-9.38454E+01
2.8820038E+05,-1.00905E+02
2.8839111E+05,-1.00665E+02
2.8858185E+05,-9.77454E+01
2.8877258E+05,-9.33054E+01
2.8896332E+05,-9.34654E+01
2.8915405E+05,-1.00845E+02
2.8934479E+05,-9.87654E+01
2.8953552E+05,-9.52254E+01
2.8972626E+05,-9.41454E+01
2.8991699E+05,-9.93854E+01
2.9010773E+05,-9.66854E+01
2.9029846E+05,-9.20054E+01
2.9048920E+05,-9.54454E+01
2.9067993E+05,-9.98654E+01
2.9087067E+05,-1.01145E+02
2.9106140E+05,-1.08545E+02
2.9125214E+05,-1.02445E+02
2.9144287E+05,-1.18325E+02
2.9163361E+05,-1.01245E+02
2.9182434E+05,-1.01185E+02
2.9201508E+05,-1.01305E+02
2.9220581E+05,-9.52654E+01
2.9239655E+05,-1.00185E+02
2.9258728E+05,-1.00605E+02
2.9277802E+05,-9.49854E+01
2.9296875E+05,-9.80454E+01
2.9315948E+05,-1.05925E+02
2.9335022E+05,-1.11825E+02
2.9354095E+05,-9.82254E+01
2.9373169E+05,-9.84654E+01
2.9392242E+05,-1.05845E+02
2.9411316E+05,-1.06725E+02
2.9430389E+05,-9.94454E+01
2.9449463E+05,-9.67454E+01
2.9468536E+05,-1.02165E+02
2.9487610E+05,-9.68654E+01
2.9506683E+05,-1.07625E+02
2.9525757E+05,-1.13265E+02
2.9544830E+05,-1.16905E+02
2.9563904E+05,-9.87654E+01
2.9582977E+05,-9.67054E+01
2.9602051E+05,-9.53854E+01
2.9621124E+05,-1.04685E+02
2.9640198E+05,-1.00365E+02
2.9659271E+05,-1.00365E+02
2.9678345E+05,-9.97854E+01
2.9697418E+05,-9.69454E+01
2.9716492E+05,-9.83454E+01
2.9735565E+05,-1.09165E+02
2.9754639E+05,-1.05545E+02
2.9773712E+05,-1.02225E+02
2.9792786E+05,-1.02505E+02
2.9811859E+05,-9.97854E+01
2.9830933E+05,-9.22254E+01
2.9850006E+05,-8.95854E+01
2.9869080E+05,-9.13854E+01
2.9888153E+05,-9.50254E+01
2.9907227E+05,-1.07045E+02
2.9926300E+05,-9.43254E+01
2.9945374E+05,-9.66854E+01
2.9964447E+05,-1.10865E+02
2.9983521E+05,-1.01345E+02
3.0002594E+05,-9.94854E+01
3.0021667E+05,-9.60054E+01
3.0040741E+05,-9.25054E+01
3.0059814E+05,-9.59654E+01
3.0078888E+05,-1.00545E+02
3.0097961E+05,-1.03185E+02
3.0117035E+05,-1.01325E+02
3.0136108E+05,-9.61454E+01
3.0155182E+05,-9.83454E+01
3.0174255E+05,-1.02445E+02
3.0193329E+05,-9.93254E+01
3.0212402E+05,-9.69254E+01
3.0231476E+05,-1.00805E+02
3.0250549E+05,-1.03125E+02
3.0269623E+05,-9.62454E+01
3.0288696E+05,-9.28654E+01
3.0307770E+05,-9.00454E+01
3.0326843E+05,-9.71454E+01
3.0345917E+05,-1.05905E+02
3.0364990E+05,-9.55054E+01
3.0384064E+05,-1.00905E+02
3.0403137E+05,-9.75654E+01
3.0422211E+05,-9.19854E+01
3.0441284E+05,-9.67454E+01
3.0460358E+05,-9.76254E+01
3.0479431E+05,-9.73054E+01
3.0498505E+05,-9.90654E+01
3.0517578E+05,-1.04005E+02
3.0536652E+05,-9.78454E+01
3.0555725E+05,-1.00065E+02
3.0574799E+05,-1.02565E+02
3.0593872E+05,-1.02125E+02
3.0612946E+05,-9.71654E+01
3.0632019E+05,-1.00525E+02
3.0651093E+05,-9.99654E+01
3.0670166E+05,-1.03065E+02
3.0689240E+05,-9.65854E+01
3.0708313E+05,-1.08645E+02
3.0727386E+05,-9.93454E+01
3.0746460E+05,-9.57454E+01
3.0765533E+05,-9.53854E+01
3.0784607E+05,-9.73654E+01
3.0803680E+05,-1.09745E+02
3.0822754E+05,-1.02225E+02
3.0841827E+05,-1.00505E+02
3.0860901E+05,-1.10225E+02
3.0879974E+05,-9.60654E+01
3.0899048E+05,-1.00325E+02
3.0918121E+05,-9.80854E+01
3.0937195E+05,-9.11854E+01
3.0956268E+05,-9.42254E+01
3.0975342E+05,-1.02585E+02
3.0994415E+05,-1.01505E+02
3.1013489E+05,-9.48854E+01
3.1032562E+05,-9.80454E+01
3.1051636E+05,-1.02045E+02
3.1070709E+05,-1.07985E+02
3.1089783E+05,-1.00385E+02
3.1108856E+05,-9.42254E+01
3.1127930E+05,-9.86454E+01
3.1147003E+05,-9.81254E+01
3.1166077E+05,-1.01525E+02
3.1185150E+05,-9.99654E+01
3.1204224E+05,-9.96254E+01
3.1223297E+05,-1.02625E+02
3.1242371E+05,-1.16745E+02
3.1261444E+05,-1.02965E+02
3.1280518E+05,-1.05165E+02
3.1299591E+05,-1.10905E+02
3.1318665E+05,-1.01805E+02
3.1337738E+05,-9.87454E+01
3.1356812E+05,-1.03705E+02
3.1375885E+05,-9.44654E+01
3.1394958E+05,-9.55454E+01
3.1414032E+05,-9.39654E+01
3.1433105E+05,-9.48454E+01
3.1452179E+05,-1.00045E+02
3.1471252E+05,-9.85454E+01
3.1490326E+05,-9.65654E+01
3.1509399E+05,-1.04085E+02
3.1528473E+05,-9.67654E+01
3.1547546E+05,-9.39254E+01
3.1566620E+05,-9.15054E+01
3.1585693E+05,-1.00025E+02
3.1604767E+05,-9.78254E+01
3.1623840E+05,-9.90054E+01
3.1642914E+05,-1.20105E+02
3.1661987E+05,-1.13765E+02
3.1681061E+05,-9.78654E+01
3.1700134E+05,-9.20854E+01
3.1719208E+05,-9.04654E+01
3.1738281E+05,-9.24454E+01
3.1757355E+05,-9.55454E+01
3.1776428E+05,-9.78854E+01
3.1795502E+05,-9.67654E+01
3.1814575E+05,-9.41854E+01
3.1833649E+05,-1.02225E+02
3.1852722E+05,-1.04005E+02
3.1871796E+05,-1.10285E+02
3.1890869E+05,-9.90654E+01
3.1909943E+05,-9.93854E+01
3.1929016E+05,-1.03845E+02
3.1948090E+05,-1.02625E+02
3.1967163E+05,-1.00305E+02
3.1986237E+05,-9.94054E+01
3.2005310E+05,-1.00325E+02
3.2024384E+05,-9.64454E+01
3.2043457E+05,-9.60854E+01
3.2062531E+05,-1.01965E+02
3.2081604E+05,-1.09845E+02
3.2100677E+05,-9.99854E+01
3.2119751E+05,-9.55454E+01
3.2138824E+05,-9.82854E+01
3.2157898E+05,-1.00045E+02
3.2176971E+05,-1.08485E+02
3.2196045E+05,-9.84854E+01
3.2215118E+05,-9.97254E+01
3.2234192E+05,-1.02905E+02
3.2253265E+05,-9.56654E+01
3.2272339E+05,-9.60054E+01
3.2291412E+05,-1.00125E+02
3.2310486E+05,-9.94254E+01
3.2329559E+05,-9.81854E+01
3.2348633E+05,-9.26254E+01
3.2367706E+05,-9.83854E+01
3.2386780E+05,-9.29254E+01
3.2405853E+05,-9.01654E+01
3.2424927E+05,-9.11454E+01
3.2444000E+05,-9.74654E+01
3.2463074E+05,-9.33654E+01
3.2482147E+05,-1.03025E+02
3.2501221E+05,-9.48254E+01
3.2520294E+05,-9.97254E+01
3.2539368E+05,-1.02865E+02
3.2558441E+05,-1.16205E+02
3.2577515E+05,-1.06185E+02
3.2596588E+05,-9.65254E+01
3.2615662E+05,-9.17054E+01
3.2634735E+05,-9.34654E+01
3.2653809E+05,-1.17885E+02
3.2672882E+05,-9.87054E+01
3.2691956E+05,-1.05245E+02
3.2711029E+05,-9.59854E+01
3.2730103E+05,-9.33254E+01
3.2749176E+05,-9.74054E+01
3.2768250E+05,-1.03545E+02
3.2787323E+05,-9.74454E+01
3.2806396E+05,-9.25054E+01
3.2825470E+05,-9.24854E+01
3.2844543E+05,-9.54654E+01
3.2863617E+05,-9.47454E+01
3.2882690E+05,-9.88054E+01
3.2901764E+05,-1.00125E+02
3.2920837E+05,-9.47254E+01
3.2939911E+05,-9.55254E+01
3.2958984E+05,-9.83654E+01
3.2978058E+05,-1.00925E+02
3.2997131E+05,-9.73854E+01
3.3016205E+05,-9.35054E+01
3.3035278E+05,-9.70254E+01
3.3054352E+05,-9.84254E+01
3.3073425E+05,-1.03265E+02
3.3092499E+05,-9.99654E+01
3.3111572E+05,-9.65654E+01
3.3130646E+05,-9.74054E+01
3.3149719E+05,-1.11785E+02
3.3168793E+05,-1.04705E+02
3.3187866E+05,-1.00825E+02
3.3206940E+05,-9.89254E+01
3.3226013E+05,-9.41454E+01
3.3245087E+05,-9.33654E+01
3.3264160E+05,-1.03465E+02
3.3283234E+05,-9.97254E+01
3.3302307E+05,-1.01065E+02
3.3321381E+05,-9.75054E+01
3.3340454E+05,-9.61454E+01
3.3359528E+05,-1.02445E+02
3.3378601E+05,-9.75454E+01
3.3397675E+05,-9.48454E+01
3.3416748E+05,-9.60854E+01
3.3435822E+05,-1.04005E+02
3.3454895E+05,-9.90054E+01
3.3473969E+05,-9.94854E+01
3.3493042E+05,-1.03925E+02
3.3512115E+05,-1.09865E+02
3.3531189E+05,-9.68654E+01
3.3550262E+05,-9.28054E+01
3.3569336E+05,-9.37254E+01
3.3588409E+05,-1.00445E+02
3.3607483E+05,-9.60854E+01
3.3626556E+05,-9.40454E+01
3.3645630E+05,-9.57854E+01
3.3664703E+05,-1.10485E+02
3.3683777E+05,-1.17965E+02
3.3702850E+05,-9.91654E+01
3.3721924E+05,-9.59654E+01
3.3740997E+05,-1.00385E+02
3.3760071E+05,-9.84454E+01
3.3779144E+05,-9.46254E+01
3.3798218E+05,-9.48654E+01
3.3817291E+05,-1.02285E+02
3.3836365E+05,-1.11065E+02
3.3855438E+05,-1.28745E+02
3.3874512E+05,-1.01565E+02
3.3893585E+05,-1.00405E+02
3.3912659E+05,-9.44054E+01
3.3931732E+05,-9.30854E+01
3.3950806E+05,-9.23054E+01
3.3969879E+05,-9.28254E+01
3.3988953E+05,-9.74254E+01
3.4008026E+05,-9.80854E+01
3.4027100E+05,-9.28054E+01
3.4046173E+05,-9.80854E+01
3.4065247E+05,-1.09325E+02
3.4084320E+05,-1.01625E+02
3.4103394E+05,-9.92254E+01
3.4122467E+05,-9.70454E+01
3.4141541E+05,-9.99254E+01
3.4160614E+05,-9.78254E+01
3.4179688E+05,-9.72854E+01
3.4198761E+05,-1.07565E+02
3.4217834E+05,-1.10605E+02
3.4236908E+05,-1.04665E+02
3.4255981E+05,-1.00445E+02
3.4275055E+05,-1.04345E+02
3.4294128E+05,-1.24845E+02
3.4313202E+05,-1.17725E+02
3.4332275E+05,-1.16645E+02
3.4351349E+05,-1.01885E+02
3.4370422E+05,-9.56054E+01
3.4389496E+05,-9.73854E+01
3.4408569E+05,-1.03305E+02
3.4427643E+05,-1.00885E+02
3.4446716E+05,-1.07885E+02
3.4465790E+05,-1.07825E+02
3.4484863E+05,-9.45854E+01
3.4503937E+05,-9.22854E+01
3.4523010E+05,-9.40454E+01
3.4542084E+05,-9.36254E+01
3.4561157E+05,-9.43254E+01
3.4580231E+05,-1.04185E+02
3.4599304E+05,-1.03185E+02
3.4618378E+05,-1.13445E+02
3.4637451E+05,-9.50854E+01
3.4656525E+05,-9.64654E+01
3.4675598E+05,-9.78254E+01
3.4694672E+05,-9.58654E+01
3.4713745E+05,-1.03545E+02
3.4732819E+05,-9.55054E+01
3.4751892E+05,-9.97254E+01
3.4770966E+05,-1.04525E+02
3.4790039E+05,-1.01145E+02
3.4809113E+05,-9.86254E+01
3.4828186E+05,-9.85654E+01
3.4847260E+05,-1.01565E+02
3.4866333E+05,-1.00145E+02
3.4885406E+05,-1.00865E+02
3.4904480E+05,-1.05865E+02
3.4923553E+05,-1.05305E+02
3.4942627E+05,-1.00925E+02
3.4961700E+05,-1.03885E+02
3.4980774E+05,-1.05745E+02
3.4999847E+05,-1.09545E+02
3.5018921E+05,-9.93254E+01
3.5037994E+05,-9.76454E+01
3.5057068E+05,-1.02165E+02
3.5076141E+05,-9.77254E+01
3.5095215E+05,-1.09265E+02
3.5114288E+05,-1.01905E+02
3.5133362E+05,-1.01905E+02
3.5152435E+05,-1.06645E+02
3.5171509E+05,-1.02505E+02
3.5190582E+05,-1.00165E+02
3.5209656E+05,-9.70654E+01
3.5228729E+05,-9.76454E+01
3.5247803E+05,-9.93254E+01
3.5266876E+05,-1.02085E+02
3.5285950E+05,-9.71654E+01
3.5305023E+05,-9.51454E+01
3.5324097E+05,-9.71054E+01
3.5343170E+05,-9.73654E+01
3.5362244E+05,-9.71854E+01
3.5381317E+05,-9.68854E+01
3.5400391E+05,-1.03325E+02
3.5419464E+05,-9.26454E+01
3.5438538E+05,-9.15054E+01
3.5457611E+05,-9.60654E+01
3.5476685E+05,-9.65854E+01
3.5495758E+05,-9.69654E+01
3.5514832E+05,-1.00305E+02
3.5533905E+05,-1.01625E+02
3.5552979E+05,-9.62654E+01
3.5572052E+05,-1.00885E+02
3.5591125E+05,-1.01945E+02
3.5610199E+05,-9.51654E+01
3.5629272E+05,-9.35854E+01
3.5648346E+05,-9.67454E+01
3.5667419E+05,-9.42654E+01
3.5686493E+05,-9.36254E+01
3.5705566E+05,-9.33054E+01
3.5724640E+05,-1.01305E+02
3.5743713E+05,-1.00305E+02
3.5762787E+05,-1.01865E+02
3.5781860E+05,-1.00565E+02
3.5800934E+05,-1.02625E+02
3.5820007E+05,-9.55654E+01
3.5839081E+05,-9.54854E+01
3.5858154E+05,-1.07105E+02
3.5877228E+05,-1.03505E+02
3.5896301E+05,-9.90254E+01
3.5915375E+05,-1.04265E+02
3.5934448E+05,-9.53854E+01
3.5953522E+05,-9.58054E+01
3.5972595E+05,-1.00705E+02
3.5991669E+05,-9.75054E+01
3.6010742E+05,-1.02925E+02
3.6029816E+05,-1.13025E+02
3.6048889E+05,-1.02905E+02
3.6067963E+05,-9.51254E+01
3.6087036E+05,-9.88854E+01
3.6106110E+05,-1.01625E+02
3.6125183E+05,-9.79654E+01
3.6144257E+05,-1.01165E+02
3.6163330E+05,-1.08605E+02
3.6182404E+05,-1.00985E+02
3.6201477E+05,-1.13025E+02
3.6220551E+05,-9.24254E+01
3.6239624E+05,-9.53254E+01
3.6258698E+05,-1.10565E+02
3.6277771E+05,-9.93454E+01
3.6296844E+05,-9.34654E+01
3.6315918E+05,-9.66254E+01
3.6334991E+05,-9.69254E+01
3.6354065E+05,-9.49254E+01
3.6373138E+05,-1.04265E+02
3.6392212E+05,-9.94254E+01
3.6411285E+05,-9.88054E+01
3.6430359E+05,-1.03065E+02
3.6449432E+05,-9.77654E+01
3.6468506E+05,-9.76654E+01
3.6487579E+05,-9.96454E+01
3.6506653E+05,-1.01085E+02
3.6525726E+05,-1.03365E+02
3.6544800E+05,-1.04385E+02
3.6563873E+05,-1.02625E+02
3.6582947E+05,-9.81454E+01
3.6602020E+05,-9.67254E+01
3.6621094E+05,-9.71454E+01
3.6640167E+05,-9.60054E+01
3.6659241E+05,-1.00765E+02
3.6678314E+05,-1.09385E+02
3.6697388E+05,-9.83654E+01
3.6716461E+05,-1.01225E+02
3.6735535E+05,-1.06385E+02
3.6754608E+05,-1.17645E+02
3.6773682E+05,-9.76054E+01
3.6792755E+05,-9.39254E+01
3.6811829E+05,-1.03965E+02
3.6830902E+05,-9.64054E+01
3.6849976E+05,-9.25254E+01
3.6869049E+05,-1.02125E+02
3.6888123E+05,-9.41854E+01
3.6907196E+05,-9.20454E+01
3.6926270E+05,-9.57054E+01
3.6945343E+05,-9.92054E+01
3.6964417E+05,-1.04305E+02
3.6983490E+05,-1.04865E+02
3.7002563E+05,-9.75654E+01
3.7021637E+05,-1.16325E+02
3.7040710E+05,-1.00985E+02
3.7059784E+05,-9.81654E+01
3.7078857E+05,-9.58854E+01
3.7097931E+05,-9.93854E+01
3.7117004E+05,-1.05065E+02
3.7136078E+05,-9.92454E+01
3.7155151E+05,-9.85654E+01
3.7174225E+05,-1.00665E+02
3.7193298E+05,-1.00305E+02
3.7212372E+05,-1.03225E+02
3.7231445E+05,-9.95254E+01
3.7250519E+05,-9.45454E+01
3.7269592E+05,-1.00485E+02
3.7288666E+05,-1.04485E+02
3.7307739E+05,-1.01905E+02
3.7326813E+05,-9.79054E+01
3.7345886E+05,-9.69454E+01
3.7364960E+05,-1.05725E+02
3.7384033E+05,-9.98054E+01
3.7403107E+05,-1.06585E+02
3.7422180E+05,-1.07465E+02
3.7441254E+05,-9.76454E+01
3.7460327E+05,-9.79654E+01
3.7479401E+05,-9.96654E+01
3.7498474E+05,-1.03705E+02
3.7517548E+05,-1.00885E+02
3.7536621E+05,-9.50254E+01
3.7555695E+05,-9.67254E+01
3.7574768E+05,-9.78254E+01
3.7593842E+05,-1.08865E+02
3.7612915E+05,-9.57854E+01
3.7631989E+05,-9.54254E+01
3.7651062E+05,-9.67654E+01
3.7670135E+05,-1.01885E+02
3.7689209E+05,-1.11345E+02
3.7708282E+05,-1.01825E+02
3.7727356E+05,-1.03885E+02
3.7746429E+05,-9.74454E+01
3.7765503E+05,-9.53254E+01
3.7784576E+05,-1.00805E+02
3.7803650E+05,-1.00865E+02
3.7822723E+05,-1.09065E+02
3.7841797E+05,-1.00505E+02
3.7860870E+05,-1.06125E+02
3.7879944E+05,-1.01485E+02
3.7899017E+05,-1.04545E+02
3.7918091E+05,-9.45254E+01
3.7937164E+05,-9.09054E+01
3.7956238E+05,-9.57454E+01
3.7975311E+05,-1.02585E+02
3.7994385E+05,-1.02045E+02
3.8013458E+05,-1.01285E+02
3.8032532E+05,-9.94254E+01
3.8051605E+05,-9.53054E+01
3.8070679E+05,-9.28654E+01
3.8089752E+05,-9.51254E+01
3.8108826E+05,-9.53454E+01
3.8127899E+05,-1.01485E+02
3.8146973E+05,-9.95454E+01
3.8166046E+05,-9.61654E+01
3.8185120E+05,-9.31854E+01
3.8204193E+05,-9.91254E+01
3.8223267E+05,-9.63854E+01
3.8242340E+05,-9.25254E+01
3.8261414E+05,-9.58054E+01
3.8280487E+05,-1.23085E+02
3.8299561E+05,-1.01065E+02
3.8318634E+05,-1.10785E+02
3.8337708E+05,-1.05665E+02
3.8356781E+05,-1.10905E+02
3.8375854E+05,-9.57454E+01
3.8394928E+05,-9.58054E+01
3.8414001E+05,-9.40054E+01
3.8433075E+05,-9.47654E+01
3.8452148E+05,-1.05265E+02
3.8471222E+05,-9.59854E+01
3.8490295E+05,-1.00205E+02
3.8509369E+05,-9.63454E+01
3.8528442E+05,-1.00545E+02
3.8547516E+05,-1.01565E+02
3.8566589E+05,-9.70454E+01
3.8585663E+05,-1.16145E+02
3.8604736E+05,-1.02565E+02
3.8623810E+05,-1.04585E+02
3.8642883E+05,-9.79054E+01
3.8661957E+05,-1.05745E+02
3.8681030E+05,-9.84254E+01
3.8700104E+05,-9.85654E+01
3.8719177E+05,-1.03845E+02
3.8738251E+05,-1.00145E+02
3.8757324E+05,-9.70054E+01
3.8776398E+05,-9.74654E+01
3.8795471E+05,-9.80054E+01
3.8814545E+05,-9.65054E+01
3.8833618E+05,-1.01665E+02
3.8852692E+05,-1.00705E+02
3.8871765E+05,-9.47054E+01
3.8890839E+05,-9.58454E+01
3.8909912E+05,-1.03125E+02
3.8928986E+05,-1.09625E+02
3.8948059E+05,-9.71054E+01
3.8967133E+05,-9.67254E+01
3.8986206E+05,-9.98654E+01
3.9005280E+05,-9.85454E+01
3.9024353E+05,-9.91854E+01
3.9043427E+05,-1.03725E+02
3.9062500E+05,-9.74454E+01
3.9081573E+05,-9.37254E+01
3.9100647E+05,-9.44654E+01
3.9119720E+05,-9.62454E+01
3.9138794E+05,-9.10454E+01
3.9157867E+05,-9.22454E+01
3.9176941E+05,-9.73654E+01
3.9196014E+05,-1.00885E+02
3.9215088E+05,-1.01505E+02
3.9234161E+05,-1.00965E+02
3.9253235E+05,-1.00065E+02
3.9272308E+05,-1.08585E+02
3.9291382E+05,-1.01945E+02
3.9310455E+05,-9.71654E+01
3.9329529E+05,-9.89854E+01
3.9348602E+05,-9.98454E+01
3.9367676E+05,-9.99454E+01
3.9386749E+05,-9.70654E+01
3.9405823E+05,-1.00385E+02
3.9424896E+05,-9.98054E+01
3.9443970E+05,-1.00945E+02
3.9463043E+05,-1.00585E+02
3.9482117E+05,-1.10725E+02
3.9501190E+05,-1.02085E+02
3.9520264E+05,-1.14345E+02
3.9539337E+05,-9.84654E+01
3.9558411E+05,-9.92454E+01
3.9577484E+05,-1.08465E+02
3.9596558E+05,-1.02685E+02
3.9615631E+05,-9.61254E+01
3.9634705E+05,-9.56254E+01
3.9653778E+05,-9.82654E+01
3.9672852E+05,-9.84254E+01
3.9691925E+05,-1.02685E+02
3.9710999E+05,-1.09785E+02
3.9730072E+05,-9.75054E+01
3.9749146E+05,-9.92454E+01
3.9768219E+05,-9.44054E+01
3.9787292E+05,-9.38854E+01
3.9806366E+05,-1.00885E+02
3.9825439E+05,-1.02685E+02
3.9844513E+05,-9.47654E+01
3.9863586E+05,-9.37654E+01
3.9882660E+05,-9.84854E+01
3.9901733E+05,-1.06645E+02
3.9920807E+05,-1.05025E+02
3.9939880E+05,-9.67054E+01
3.9958954E+05,-9.44054E+01
3.9978027E+05,-9.61654E+01
3.9997101E+05,-9.72854E+01
4.0016174E+05,-1.01125E+02
4.0035248E+05,-9.86454E+01
4.0054321E+05,-9.78854E+01
4.0073395E+05,-9.64854E+01
4.0092468E+05,-9.75054E+01
4.0111542E+05,-1.10865E+02
4.0130615E+05,-1.02145E+02
4.0149689E+05,-9.93854E+01
4.0168762E+05,-9.20454E+01
4.0187836E+05,-9.73454E+01
4.0206909E+05,-1.00605E+02
4.0225983E+05,-9.77454E+01
4.0245056E+05,-1.00965E+02
4.0264130E+05,-1.04605E+02
4.0283203E+05,-9.48854E+01
4.0302277E+05,-1.01945E+02
4.0321350E+05,-1.07285E+02
4.0340424E+05,-1.08985E+02
4.0359497E+05,-1.07865E+02
4.0378571E+05,-1.03085E+02
4.0397644E+05,-9.79454E+01
4.0416718E+05,-1.11345E+02
4.0435791E+05,-9.84654E+01
4.0454865E+05,-1.03765E+02
4.0473938E+05,-1.03265E+02
4.0493011E+05,-9.64254E+01
4.0512085E+05,-9.83454E+01
4.0531158E+05,-1.05605E+02
4.0550232E+05,-1.08365E+02
4.0569305E+05,-1.02005E+02
4.0588379E+05,-1.05205E+02
4.0607452E+05,-1.02505E+02
4.0626526E+05,-1.28185E+02
4.0645599E+05,-1.00545E+02
4.0664673E+05,-9.44854E+01
4.0683746E+05,-9.38854E+01
4.0702820E+05,-9.42254E+01
4.0721893E+05,-1.03325E+02
4.0740967E+05,-9.92454E+01
4.0760040E+05,-1.11805E+02
4.0779114E+05,-9.76654E+01
4.0798187E+05,-1.00985E+02
4.0817261E+05,-1.08005E+02
4.0836334E+05,-1.05425E+02
4.0855408E+05,-1.00125E+02
4.0874481E+05,-9.42654E+01
4.0893555E+05,-9.45454E+01
4.0912628E+05,-9.74654E+01
4.0931702E+05,-9.80454E+01
4.0950775E+05,-9.98254E+01
4.0969849E+05,-1.00105E+02
4.0988922E+05,-9.81654E+01
4.1007996E+05,-9.93654E+01
4.1027069E+05,-9.35454E+01
4.1046143E+05,-9.74454E+01
4.1065216E+05,-1.05005E+02
4.1084290E+05,-9.89054E+01
4.1103363E+05,-9.80854E+01
4.1122437E+05,-9.72454E+01
4.1141510E+05,-9.67854E+01
4.1160583E+05,-1.09605E+02
4.1179657E+05,-9.77254E+01
4.1198730E+05,-9.45454E+01
4.1217804E+05,-9.88454E+01
4.1236877E+05,-1.04225E+02
4.1255951E+05,-9.89054E+01
4.1275024E+05,-9.50654E+01
4.1294098E+05,-9.23654E+01
4.1313171E+05,-9.57654E+01
4.1332245E+05,-1.05325E+02
4.1351318E+05,-1.00865E+02
4.1370392E+05,-9.85054E+01
4.1389465E+05,-1.06485E+02
4.1408539E+05,-1.07645E+02
4.1427612E+05,-9.68654E+01
4.1446686E+05,-1.03025E+02
4.1465759E+05,-1.08645E+02
4.1484833E+05,-1.06345E+02
4.1503906E+05,-9.57054E+01
4.1522980E+05,-9.42254E+01
4.1542053E+05,-1.02145E+02
4.1561127E+05,-1.04225E+02
4.1580200E+05,-9.75254E+01
4.1599274E+05,-9.38054E+01
4.1618347E+05,-9.75454E+01
4.1637421E+05,-9.62854E+01
4.1656494E+05,-9.43854E+01
4.1675568E+05,-9.98854E+01
4.1694641E+05,-9.97054E+01
4.1713715E+05,-9.57454E+01
4.1732788E+05,-9.54654E+01
4.1751862E+05,-9.77054E+01
4.1770935E+05,-9.30254E+01
4.1790009E+05,-1.01345E+02
4.1809082E+05,-1.06585E+02
4.1828156E+05,-9.64854E+01
4.1847229E+05,-9.37654E+01
4.1866302E+05,-1.00025E+02
4.1885376E+05,-1.00865E+02
4.1904449E+05,-9.77254E+01
4.1923523E+05,-1.00345E+02
4.1942596E+05,-9.92054E+01
4.1961670E+05,-9.78854E+01
4.1980743E+05,-9.59054E+01
4.1999817E+05,-9.66454E+01
4.2018890E+05,-9.71254E+01
4.2037964E+05,-9.81654E+01
4.2057037E+05,-9.48454E+01
4.2076111E+05,-9.67454E+01
4.2095184E+05,-1.05645E+02
4.2114258E+05,-9.59854E+01
4.2133331E+05,-9.95854E+01
4.2152405E+05,-1.00065E+02
4.2171478E+05,-1.01225E+02
4.2190552E+05,-9.56854E+01
4.2209625E+05,-9.58654E+01
4.2228699E+05,-9.81254E+01
4.2247772E+05,-9.78254E+01
4.2266846E+05,-9.82654E+01
4.2285919E+05,-1.02925E+02
4.2304993E+05,-1.02325E+02
4.2324066E+05,-9.69854E+01
4.2343140E+05,-9.64054E+01
4.2362213E+05,-1.18225E+02
4.2381287E+05,-9.75454E+01
4.2400360E+05,-9.56654E+01
4.2419434E+05,-9.25254E+01
4.2438507E+05,-9.23854E+01
4.2457581E+05,-1.10945E+02
4.2476654E+05,-9.62654E+01
4.2495728E+05,-9.84054E+01
4.2514801E+05,-9.92454E+01
4.2533875E+05,-9.52854E+01
4.2552948E+05,-9.35054E+01
4.2572021E+05,-9.84054E+01
4.2591095E+05,-1.04865E+02
4.2610168E+05,-1.05725E+02
4.2629242E+05,-1.17265E+02
4.2648315E+05,-9.69454E+01
4.2667389E+05,-9.77854E+01
4.2686462E+05,-1.03505E+02
4.2705536E+05,-1.09645E+02
4.2724609E+05,-1.00165E+02
4.2743683E+05,-9.53454E+01
4.2762756E+05,-9.95654E+01
4.2781830E+05,-1.01165E+02
4.2800903E+05,-1.01205E+02
4.2819977E+05,-9.49654E+01
4.2839050E+05,-9.25254E+01
4.2858124E+05,-9.89054E+01
4.2877197E+05,-9.32254E+01
4.2896271E+05,-9.14254E+01
4.2915344E+05,-9.60654E+01
4.2934418E+05,-9.18254E+01
4.2953491E+05,-9.63854E+01
4.2972565E+05,-1.01965E+02
4.2991638E+05,-1.00805E+02
4.3010712E+05,-9.93054E+01
4.3029785E+05,-1.05465E+02
4.3048859E+05,-9.90854E+01
4.3067932E+05,-1.03725E+02
4.3087006E+05,-9.66854E+01
4.3106079E+05,-9.47454E+01
4.3125153E+05,-9.54654E+01
4.3144226E+05,-1.00585E+02
4.3163300E+05,-1.08945E+02
4.3182373E+05,-1.02205E+02
4.3201447E+05,-9.75654E+01
4.3220520E+05,-1.01685E+02
4.3239594E+05,-1.01245E+02
4.3258667E+05,-9.81454E+01
4.3277740E+05,-9.90454E+01
4.3296814E+05,-9.39654E+01
4.3315887E+05,-1.00225E+02
4.3334961E+05,-9.98654E+01
4.3354034E+05,-9.89454E+01
4.3373108E+05,-9.86254E+01
4.3392181E+05,-9.81854E+01
4.3411255E+05,-1.17405E+02
4.3430328E+05,-9.94854E+01
4.3449402E+05,-9.67454E+01
4.3468475E+05,-9.28654E+01
4.3487549E+05,-9.27454E+01
4.3506622E+05,-1.04505E+02
4.3525696E+05,-9.77654E+01
4.3544769E+05,-9.55654E+01
4.3563843E+05,-9.46854E+01
4.3582916E+05,-9.74854E+01
4.3601990E+05,-9.86254E+01
4.3621063E+05,-1.07505E+02
4.3640137E+05,-1.01745E+02
4.3659210E+05,-1.02445E+02
4.3678284E+05,-9.59854E+01
4.3697357E+05,-9.35454E+01
4.3716431E+05,-9.60854E+01
4.3735504E+05,-9.90454E+01
4.3754578E+05,-9.76854E+01
4.3773651E+05,-1.02685E+02
4.3792725E+05,-1.06665E+02
4.3811798E+05,-1.03885E+02
4.3830872E+05,-9.63654E+01
4.3849945E+05,-1.00125E+02
4.3869019E+05,-1.03125E+02
4.3888092E+05,-1.01345E+02
4.3907166E+05,-1.02145E+02
4.3926239E+05,-9.96654E+01
4.3945312E+05,-1.03925E+02
4.3964386E+05,-1.23885E+02
4.3983459E+05,-1.02225E+02
4.4002533E+05,-1.08645E+02
4.4021606E+05,-1.02365E+02
4.4040680E+05,-9.67254E+01
4.4059753E+05,-9.93054E+01
4.4078827E+05,-1.06525E+02
4.4097900E+05,-9.63054E+01
4.4116974E+05,-9.75054E+01
4.4136047E+05,-1.09465E+02
4.4155121E+05,-1.03505E+02
4.4174194E+05,-1.03725E+02
4.4193268E+05,-9.76654E+01
4.4212341E+05,-1.08325E+02
4.4231415E+05,-9.73454E+01
4.4250488E+05,-9.76854E+01
4.4269562E+05,-9.98654E+01
4.4288635E+05,-1.02245E+02
4.4307709E+05,-9.68854E+01
4.4326782E+05,-1.00265E+02
4.4345856E+05,-1.01005E+02
4.4364929E+05,-9.22254E+01
4.4384003E+05,-9.12254E+01
4.4403076E+05,-1.07285E+02
4.4422150E+05,-9.42654E+01
4.4441223E+05,-9.43454E+01
4.4460297E+05,-1.05505E+02
4.4479370E+05,-1.01985E+02
4.4498444E+05,-9.83054E+01
4.4517517E+05,-9.36254E+01
4.4536591E+05,-9.13254E+01
4.4555664E+05,-9.32654E+01
4.4574738E+05,-9.75654E+01
4.4593811E+05,-9.84454E+01
4.4612885E+05,-1.07205E+02
4.4631958E+05,-1.00545E+02
4.4651031E+05,-1.01785E+02
4.4670105E+05,-9.93454E+01
4.4689178E+05,-9.98854E+01
4.4708252E+05,-9.63454E+01
4.4727325E+05,-9.42254E+01
4.4746399E+05,-9.94854E+01
4.4765472E+05,-1.02065E+02
4.4784546E+05,-1.05505E+02
4.4803619E+05,-1.02245E+02
4.4822693E+05,-9.41854E+01
4.4841766E+05,-9.46454E+01
4.4860840E+05,-1.03925E+02
4.4879913E+05,-1.08605E+02
4.4898987E+05,-1.03265E+02
4.4918060E+05,-1.01745E+02
4.4937134E+05,-1.03765E+02
4.4956207E+05,-1.03965E+02
4.4975281E+05,-9.99854E+01
4.4994354E+05,-9.08654E+01
4.5013428E+05,-9.40454E+01
4.5032501E+05,-9.39654E+01
4.5051575E+05,-9.65254E+01
4.5070648E+05,-1.05045E+02
4.5089722E+05,-1.00705E+02
4.5108795E+05,-9.80454E+01
4.5127869E+05,-9.88254E+01
4.5146942E+05,-9.84854E+01
4.5166016E+05,-1.05465E+02
4.5185089E+05,-1.06505E+02
4.5204163E+05,-1.06585E+02
4.5223236E+05,-1.01405E+02
4.5242310E+05,-1.18345E+02
4.5261383E+05,-1.00025E+02
4.5280457E+05,-1.00425E+02
4.5299530E+05,-1.10805E+02
4.5318604E+05,-9.73254E+01
4.5337677E+05,-9.23054E+01
4.5356750E+05,-9.29054E+01
4.5375824E+05,-9.66054E+01
4.5394897E+05,-1.00385E+02
4.5413971E+05,-1.15605E+02
4.5433044E+05,-1.02205E+02
4.5452118E+05,-1.06105E+02
4.5471191E+05,-1.02905E+02
4.5490265E+05,-9.60854E+01
4.5509338E+05,-9.20654E+01
4.5528412E+05,-9.06454E+01
4.5547485E+05,-9.60054E+01
4.5566559E+05,-9.16654E+01
4.5585632E+05,-9.15654E+01
4.5604706E+05,-1.02045E+02
4.5623779E+05,-9.95254E+01
4.5642853E+05,-1.05465E+02
4.5661926E+05,-1.01565E+02
4.5681000E+05,-9.88454E+01
4.5700073E+05,-1.02625E+02
4.5719147E+05,-9.67854E+01
4.5738220E+05,-9.54454E+01
4.5757294E+05,-1.00485E+02
4.5776367E+05,-1.03925E+02
4.5795441E+05,-1.03065E+02
4.5814514E+05,-9.79454E+01
4.5833588E+05,-9.45454E+01
4.5852661E+05,-1.07265E+02
4.5871735E+05,-1.01505E+02
4.5890808E+05,-1.06825E+02
4.5909882E+05,-1.01025E+02
4.5928955E+05,-9.95454E+01
4.5948029E+05,-9.71854E+01
4.5967102E+05,-1.03025E+02
4.5986176E+05,-1.04705E+02
4.6005249E+05,-9.76454E+01
4.6024323E+05,-9.60854E+01
4.6043396E+05,-9.44654E+01
4.6062469E+05,-9.62254E+01
4.6081543E+05,-1.01785E+02
4.6100616E+05,-9.95254E+01
4.6119690E+05,-9.05854E+01
4.6138763E+05,-9.54254E+01
4.6157837E+05,-1.06865E+02
4.6176910E+05,-9.83254E+01
4.6195984E+05,-9.68054E+01
4.6215057E+05,-1.03445E+02
4.6234131E+05,-1.11945E+02
4.6253204E+05,-9.96854E+01
4.6272278E+05,-1.08465E+02
4.6291351E+05,-1.03805E+02
4.6310425E+05,-9.75654E+01
4.6329498E+05,-1.01105E+02
4.6348572E+05,-9.97654E+01
4.6367645E+05,-1.01325E+02
4.6386719E+05,-1.05745E+02
4.6405792E+05,-9.84654E+01
4.6424866E+05,-1.01525E+02
4.6443939E+05,-9.87454E+01
4.6463013E+05,-9.29054E+01
4.6482086E+05,-9.30254E+01
4.6501160E+05,-9.82254E+01
4.6520233E+05,-9.94854E+01
4.6539307E+05,-1.00305E+02
4.6558380E+05,-1.05085E+02
4.6577454E+05,-9.99654E+01
4.6596527E+05,-9.96054E+01
4.6615601E+05,-1.00645E+02
4.6634674E+05,-9.73454E+01
4.6653748E+05,-9.95454E+01
4.6672821E+05,-1.08645E+02
4.6691895E+05,-9.69254E+01
4.6710968E+05,-9.66254E+01
4.6730042E+05,-9.54854E+01
4.6749115E+05,-9.38054E+01
4.6768188E+05,-9.37654E+01
4.6787262E+05,-9.45454E+01
4.6806335E+05,-9.49854E+01
4.6825409E+05,-9.83454E+01
4.6844482E+05,-1.05005E+02
4.6863556E+05,-9.65054E+01
4.6882629E+05,-9.52054E+01
4.6901703E+05,-9.96054E+01
4.6920776E+05,-1.01545E+02
4.6939850E+05,-9.90454E+01
4.6958923E+05,-1.03025E+02
4.6977997E+05,-9.89254E+01
4.6997070E+05,-9.21654E+01
4.7016144E+05,-9.48254E+01
4.7035217E+05,-9.99854E+01
4.7054291E+05,-1.01625E+02
4.7073364E+05,-1.01405E+02
4.7092438E+05,-9.73854E+01
4.7111511E+05,-9.38454E+01
4.7130585E+05,-8.98854E+01
4.7149658E+05,-9.96054E+01
4.7168732E+05,-9.28254E+01
4.7187805E+05,-9.25854E+01
4.7206879E+05,-1.01245E+02
4.7225952E+05,-1.00705E+02
4.7245026E+05,-1.12045E+02
4.7264099E+05,-1.02485E+02
4.7283173E+05,-1.10345E+02
4.7302246E+05,-1.06805E+02
4.7321320E+05,-9.73054E+01
4.7340393E+05,-9.26854E+01
4.7359467E+05,-9.22254E+01
4.7378540E+05,-9.03254E+01
4.7397614E+05,-9.34054E+01
4.7416687E+05,-9.90054E+01
4.7435760E+05,-9.56854E+01
4.7454834E+05,-1.02825E+02
4.7473907E+05,-9.88254E+01
4.7492981E+05,-9.63454E+01
4.7512054E+05,-1.08005E+02
4.7531128E+05,-9.80654E+01
4.7550201E+05,-9.79254E+01
4.7569275E+05,-9.53654E+01
4.7588348E+05,-9.27654E+01
4.7607422E+05,-9.72454E+01
4.7626495E+05,-1.03765E+02
4.7645569E+05,-9.68654E+01
4.7664642E+05,-1.05065E+02
4.7683716E+05,-9.94854E+01
4.7702789E+05,-1.01285E+02
4.7721863E+05,-1.06485E+02
4.7740936E+05,-9.58654E+01
4.7760010E+05,-9.76654E+01
4.7779083E+05,-9.77454E+01
4.7798157E+05,-9.77454E+01
4.7817230E+05,-9.66854E+01
4.7836304E+05,-1.12305E+02
4.7855377E+05,-1.00265E+02
4.7874451E+05,-9.84054E+01
4.7893524E+05,-9.96654E+01
4.7912598E+05,-1.02565E+02
4.7931671E+05,-9.98654E+01
4.7950745E+05,-1.04405E+02
4.7969818E+05,-1.00965E+02
4.7988892E+05,-1.06145E+02
4.8007965E+05,-1.02805E+02
4.8027039E+05,-9.85054E+01
4.8046112E+05,-9.30654E+01
4.8065186E+05,-9.97054E+01
4.8084259E+05,-9.37054E+01
4.8103333E+05,-9.37254E+01
4.8122406E+05,-1.02145E+02
4.8141479E+05,-1.08505E+02
4.8160553E+05,-9.75054E+01
4.8179626E+05,-9.30654E+01
4.8198700E+05,-9.49854E+01
4.8217773E+05,-1.00625E+02
4.8236847E+05,-9.61254E+01
4.8255920E+05,-9.28054E+01
4.8274994E+05,-9.40454E+01
4.8294067E+05,-9.99654E+01
4.8313141E+05,-1.03665E+02
4.8332214E+05,-1.08805E+02
4.8351288E+05,-1.00065E+02
4.8370361E+05,-9.39654E+01
4.8389435E+05,-1.02145E+02
4.8408508E+05,-1.01805E+02
4.8427582E+05,-1.07225E+02
4.8446655E+05,-1.08645E+02
4.8465729E+05,-9.84854E+01
4.8484802E+05,-9.80054E+01
4.8503876E+05,-1.23265E+02
4.8522949E+05,-1.10025E+02
4.8542023E+05,-9.71254E+01
4.8561096E+05,-9.67054E+01
4.8580170E+05,-9.93454E+01
4.8599243E+05,-9.64654E+01
4.8618317E+05,-1.02145E+02
4.8637390E+05,-1.06785E+02
4.8656464E+05,-1.04905E+02
4.8675537E+05,-9.84454E+01
4.8694611E+05,-9.45654E+01
4.8713684E+05,-9.24254E+01
4.8732758E+05,-9.28054E+01
4.8751831E+05,-9.86454E+01
4.8770905E+05,-1.12745E+02
4.8789978E+05,-1.06885E+02
4.8809052E+05,-1.02625E+02
4.8828125E+05,-9.45054E+01
4.8847198E+05,-9.66254E+01
4.8866272E+05,-1.21805E+02
4.8885345E+05,-9.53454E+01
4.8904419E+05,-9.24254E+01
4.8923492E+05,-1.10025E+02
4.8942566E+05,-9.41454E+01
4.8961639E+05,-9.10054E+01
4.8980713E+05,-9.12454E+01
4.8999786E+05,-9.96854E+01
4.9018860E+05,-9.78254E+01
4.9037933E+05,-9.53054E+01
4.9057007E+05,-1.02685E+02
4.9076080E+05,-1.02645E+02
4.9095154E+05,-9.57454E+01
4.9114227E+05,-9.68654E+01
4.9133301E+05,-1.01905E+02
4.9152374E+05,-1.03705E+02
4.9171448E+05,-1.00365E+02
4.9190521E+05,-1.01325E+02
4.9209595E+05,-1.02125E+02
4.9228668E+05,-9.82854E+01
4.9247742E+05,-9.60454E+01
4.9266815E+05,-1.00965E+02
4.9285889E+05,-1.00845E+02
4.9304962E+05,-1.02685E+02
4.9324036E+05,-1.03125E+02
4.9343109E+05,-9.94854E+01
4.9362183E+05,-1.05805E+02
4.9381256E+05,-9.77654E+01
4.9400330E+05,-9.86454E+01
4.9419403E+05,-1.05365E+02
4.9438477E+05,-9.45254E+01
4.9457550E+05,-9.20054E+01
4.9476624E+05,-9.62454E+01
4.9495697E+05,-9.96454E+01
4.9514771E+05,-1.04645E+02
4.9533844E+05,-1.03365E+02
4.9552917E+05,-1.01165E+02
4.9571991E+05,-9.69854E+01
4.9591064E+05,-1.05165E+02
4.9610138E+05,-1.07145E+02
4.9629211E+05,-9.70654E+01
4.9648285E+05,-1.13585E+02
4.9667358E+05,-1.02745E+02
4.9686432E+05,-1.07905E+02
4.9705505E+05,-1.01705E+02
4.9724579E+05,-9.73654E+01
4.9743652E+05,-9.93454E+01
4.9762726E+05,-1.01425E+02
4.9781799E+05,-1.07565E+02
4.9800873E+05,-9.93454E+01
4.9819946E+05,-9.97454E+01
4.9839020E+05,-9.63054E+01
4.9858093E+05,-1.01885E+02
4.9877167E+05,-1.08205E+02
4.9896240E+05,-1.12385E+02
4.9915314E+05,-1.05485E+02
4.9934387E+05,-9.73854E+01
4.9953461E+05,-9.50254E+01
4.9972534E+05,-9.49454E+01
4.9991608E+05,-1.01705E+02
5.0010681E+05,-9.73654E+01
5.0029755E+05,-9.50654E+01
5.0048828E+05,-1.03665E+02
5.0067902E+05,-1.09245E+02
5.0086975E+05,-1.01165E+02
5.0106049E+05,-1.01385E+02
5.0125122E+05,-1.03325E+02
5.0144196E+05,-9.90254E+01
5.0163269E+05,-1.00505E+02
5.0182343E+05,-9.61854E+01
5.0201416E+05,-9.32654E+01
5.0220490E+05,-9.99454E+01
5.0239563E+05,-9.59254E+01
5.0258636E+05,-1.05565E+02
5.0277710E+05,-9.46854E+01
5.0296783E+05,-1.12925E+02
5.0315857E+05,-1.03265E+02
5.0334930E+05,-9.88654E+01
5.0354004E+05,-9.74054E+01
5.0373077E+05,-1.00885E+02
5.0392151E+05,-1.04185E+02
5.0411224E+05,-1.07165E+02
5.0430298E+05,-1.00345E+02
5.0449371E+05,-9.69854E+01
5.0468445E+05,-9.49654E+01
5.0487518E+05,-9.61654E+01
5.0506592E+05,-1.02805E+02
5.0525665E+05,-9.53254E+01
5.0544739E+05,-9.40854E+01
5.0563812E+05,-9.46454E+01
5.0582886E+05,-9.65654E+01
5.0601959E+05,-1.06145E+02
5.0621033E+05,-9.79254E+01
5.0640106E+05,-1.02685E+02
5.0659180E+05,-9.68454E+01
5.0678253E+05,-1.06485E+02
5.0697327E+05,-1.09785E+02
5.0716400E+05,-1.02365E+02
5.0735474E+05,-1.05845E+02
5.0754547E+05,-9.60854E+01
5.0773621E+05,-9.56454E+01
5.0792694E+05,-9.50454E+01
5.0811768E+05,-9.74854E+01
5.0830841E+05,-9.96254E+01
5.0849915E+05,-9.49854E+01
5.0868988E+05,-9.26854E+01
5.0888062E+05,-9.53454E+01
5.0907135E+05,-9.69054E+01
5.0926208E+05,-9.51054E+01
5.0945282E+05,-9.34454E+01
5.0964355E+05,-9.23054E+01
5.0983429E+05,-9.78454E+01
5.1002502E+05,-1.03405E+02
5.1021576E+05,-1.08985E+02
5.1040649E+05,-9.82254E+01
5.1059723E+05,-9.83054E+01
5.1078796E+05,-1.02625E+02
5.1097870E+05,-1.00425E+02
5.1116943E+05,-9.91854E+01
5.1136017E+05,-1.15465E+02
5.1155090E+05,-1.09885E+02
5.1174164E+05,-1.02425E+02
5.1193237E+05,-1.24185E+02
5.1212311E+05,-9.84454E+01
5.1231384E+05,-9.64454E+01
5.1250458E+05,-9.61254E+01
5.1269531E+05,-9.30854E+01
5.1288605E+05,-9.65054E+01
5.1307678E+05,-9.86454E+01
5.1326752E+05,-9.91254E+01
5.1345825E+05,-9.96654E+01
5.1364899E+05,-1.02805E+02
5.1383972E+05,-1.02285E+02
5.1403046E+05,-1.04625E+02
5.1422119E+05,-1.17765E+02
5.1441193E+05,-1.03165E+02
5.1460266E+05,-9.94854E+01
5.1479340E+05,-9.25654E+01
5.1498413E+05,-9.43654E+01
5.1517487E+05,-1.03925E+02
5.1536560E+05,-1.10605E+02
5.1555634E+05,-1.01525E+02
5.1574707E+05,-1.00825E+02
5.1593781E+05,-1.02565E+02
5.1612854E+05,-9.29854E+01
5.1631927E+05,-9.56854E+01
5.1651001E+05,-1.00285E+02
5.1670074E+05,-1.01765E+02
5.1689148E+05,-1.05365E+02
5.1708221E+05,-1.01985E+02
5.1727295E+05,-1.05425E+02
5.1746368E+05,-9.45254E+01
5.1765442E+05,-9.83054E+01
5.1784515E+05,-1.07165E+02
5.1803589E+05,-9.75854E+01
5.1822662E+05,-9.99854E+01
5.1841736E+05,-1.08985E+02
5.1860809E+05,-9.86054E+01
5.1879883E+05,-9.67654E+01
5.1898956E+05,-9.97854E+01
5.1918030E+05,-1.10485E+02
5.1937103E+05,-9.86454E+01
5.1956177E+05,-9.78654E+01
5.1975250E+05,-1.01045E+02
5.1994324E+05,-1.13725E+02
5.2013397E+05,-9.92054E+01
5.2032471E+05,-9.54254E+01
5.2051544E+05,-9.95454E+01
5.2070618E+05,-9.96654E+01
5.2089691E+05,-1.00745E+02
5.2108765E+05,-1.00145E+02
5.2127838E+05,-9.82054E+01
5.2146912E+05,-9.73654E+01
5.2165985E+05,-9.35854E+01
5.2185059E+05,-9.42654E+01
5.2204132E+05,-1.12365E+02
5.2223206E+05,-1.13325E+02
5.2242279E+05,-9.99454E+01
5.2261353E+05,-1.02905E+02
5.2280426E+05,-1.10125E+02
5.2299500E+05,-9.72854E+01
5.2318573E+05,-9.73054E+01
5.2337646E+05,-1.02165E+02
5.2356720E+05,-1.08845E+02
5.2375793E+05,-9.93854E+01
5.2394867E+05,-9.88054E+01
5.2413940E+05,-1.02085E+02
5.2433014E+05,-1.03065E+02
5.2452087E+05,-1.07205E+02
5.2471161E+05,-1.01545E+02
5.2490234E+05,-9.99454E+01
5.2509308E+05,-1.04445E+02
5.2528381E+05,-1.06585E+02
5.2547455E+05,-1.13305E+02
5.2566528E+05,-9.93854E+01
5.2585602E+05,-9.66454E+01
5.2604675E+05,-1.00525E+02
5.2623749E+05,-1.06765E+02
5.2642822E+05,-1.09245E+02
5.2661896E+05,-1.01225E+02
5.2680969E+05,-1.03185E+02
5.2700043E+05,-1.00305E+02
5.2719116E+05,-9.34054E+01
5.2738190E+05,-9.50454E+01
5.2757263E+05,-9.67654E+01
5.2776337E+05,-1.03625E+02
5.2795410E+05,-1.05285E+02
5.2814484E+05,-9.62254E+01
5.2833557E+05,-9.18854E+01
5.2852631E+05,-9.63254E+01
5.2871704E+05,-9.59654E+01
5.2890778E+05,-9.87454E+01
5.2909851E+05,-1.00485E+02
5.2928925E+05,-1.01385E+02
5.2947998E+05,-1.02225E+02
5.2967072E+05,-1.02625E+02
5.2986145E+05,-9.79454E+01
5.3005219E+05,-9.66454E+01
5.3024292E+05,-1.14605E+02
5.3043365E+05,-9.95054E+01
5.3062439E+05,-1.06705E+02
5.3081512E+05,-1.01125E+02
5.3100586E+05,-9.58854E+01
5.3119659E+05,-9.51454E+01
5.3138733E+05,-9.34654E+01
5.3157806E+05,-9.86454E+01
5.3176880E+05,-1.00585E+02
5.3195953E+05,-9.56054E+01
5.3215027E+05,-9.52054E+01
5.3234100E+05,-9.49654E+01
5.3253174E+05,-9.52254E+01
5.3272247E+05,-1.00205E+02
5.3291321E+05,-1.03125E+02
5.3310394E+05,-1.07965E+02
5.3329468E+05,-1.05965E+02
5.3348541E+05,-9.86254E+01
5.3367615E+05,-9.89454E+01
5.3386688E+05,-9.96854E+01
5.3405762E+05,-1.00565E+02
5.3424835E+05,-9.70454E+01
5.3443909E+05,-9.51254E+01
5.3462982E+05,-1.01005E+02
5.3482056E+05,-1.01405E+02
5.3501129E+05,-1.04545E+02
5.3520203E+05,-9.58054E+01
5.3539276E+05,-9.02254E+01
5.3558350E+05,-9.15254E+01
5.3577423E+05,-9.61254E+01
5.3596497E+05,-1.03665E+02
5.3615570E+05,-1.10145E+02
5.3634644E+05,-9.79854E+01
5.3653717E+05,-9.28054E+01
5.3672791E+05,-9.04654E+01
5.3691864E+05,-9.40054E+01
5.3710938E+05,-1.01105E+02
5.3730011E+05,-1.01585E+02
5.3749084E+05,-9.52254E+01
5.3768158E+05,-9.69454E+01
5.3787231E+05,-1.00725E+02
5.3806305E+05,-9.89454E+01
5.3825378E+05,-1.11865E+02
5.3844452E+05,-1.04345E+02
5.3863525E+05,-1.02625E+02
5.3882599E+05,-1.03445E+02
5.3901672E+05,-9.81054E+01
5.3920746E+05,-9.79454E+01
5.3939819E+05,-1.02645E+02
5.3958893E+05,-9.97454E+01
5.3977966E+05,-1.00385E+02
5.3997040E+05,-1.02485E+02
5.4016113E+05,-1.09545E+02
5.4035187E+05,-9.89854E+01
5.4054260E+05,-9.62854E+01
5.4073334E+05,-1.05705E+02
5.4092407E+05,-1.00705E+02
5.4111481E+05,-1.01105E+02
5.4130554E+05,-9.64054E+01
5.4149628E+05,-1.06145E+02
5.4168701E+05,-9.66854E+01
5.4187775E+05,-1.03765E+02
5.4206848E+05,-9.56854E+01
5.4225922E+05,-9.79454E+01
5.4244995E+05,-1.01505E+02
5.4264069E+05,-1.00725E+02
5.4283142E+05,-1.02565E+02
5.4302216E+05,-1.06005E+02
5.4321289E+05,-9.96854E+01
5.4340363E+05,-9.49654E+01
5.4359436E+05,-9.35454E+01
5.4378510E+05,-9.35054E+01
5.4397583E+05,-9.26454E+01
5.4416656E+05,-9.33254E+01
5.4435730E+05,-9.62254E+01
5.4454803E+05,-9.88654E+01
5.4473877E+05,-1.07565E+02
5.4492950E+05,-1.03265E+02
5.4512024E+05,-1.08625E+02
5.4531097E+05,-9.83054E+01
5.4550171E+05,-9.58654E+01
5.4569244E+05,-9.74254E+01
5.4588318E+05,-9.94054E+01
5.4607391E+05,-1.08165E+02
5.4626465E+05,-1.07985E+02
5.4645538E+05,-9.74654E+01
5.4664612E+05,-9.90454E+01
5.4683685E+05,-1.00265E+02
5.4702759E+05,-1.03925E+02
5.4721832E+05,-1.01825E+02
5.4740906E+05,-1.02205E+02
5.4759979E+05,-1.01105E+02
5.4779053E+05,-9.93854E+01
5.4798126E+05,-1.01425E+02
5.4817200E+05,-1.08305E+02
5.4836273E+05,-1.05305E+02
5.4855347E+05,-9.97854E+01
5.4874420E+05,-9.68054E+01
5.4893494E+05,-9.93454E+01
5.4912567E+05,-9.96854E+01
5.4931641E+05,-1.05565E+02
5.4950714E+05,-1.00205E+02
5.4969788E+05,-9.88654E+01
5.4988861E+05,-1.02525E+02
5.5007935E+05,-1.01505E+02
5.5027008E+05,-9.88054E+01
5.5046082E+05,-1.08285E+02
5.5065155E+05,-9.92454E+01
5.5084229E+05,-9.93054E+01
5.5103302E+05,-1.00705E+02
5.5122375E+05,-9.37254E+01
5.5141449E+05,-9.13254E+01
5.5160522E+05,-9.37054E+01
5.5179596E+05,-9.95054E+01
5.5198669E+05,-1.05825E+02
5.5217743E+05,-9.78654E+01
5.5236816E+05,-9.72854E+01
5.5255890E+05,-9.36254E+01
5.5274963E+05,-9.38454E+01
5.5294037E+05,-9.61854E+01
5.5313110E+05,-9.31654E+01
5.5332184E+05,-9.49654E+01
5.5351257E+05,-1.05505E+02
5.5370331E+05,-1.00085E+02
5.5389404E+05,-1.03725E+02
5.5408478E+05,-9.92454E+01
5.5427551E+05,-9.81654E+01
5.5446625E+05,-9.56854E+01
5.5465698E+05,-9.90854E+01
5.5484772E+05,-1.01625E+02
5.5503845E+05,-1.02145E+02
5.5522919E+05,-1.01405E+02
5.5541992E+05,-1.00805E+02
5.5561066E+05,-1.02685E+02
5.5580139E+05,-1.01505E+02
5.5599213E+05,-9.90654E+01
5.5618286E+05,-1.04045E+02
5.5637360E+05,-1.02285E+02
5.5656433E+05,-1.06465E+02
5.5675507E+05,-9.73654E+01
5.5694580E+05,-1.01805E+02
5.5713654E+05,-9.74854E+01
5.5732727E+05,-9.97854E+01
5.5751801E+05,-9.87054E+01
5.5770874E+05,-1.08425E+02
5.5789948E+05,-9.99254E+01
5.5809021E+05,-9.26254E+01
5.5828094E+05,-9.33254E+01
5.5847168E+05,-9.80254E+01
5.5866241E+05,-9.72054E+01
5.5885315E+05,-1.07725E+02
5.5904388E+05,-1.01025E+02
5.5923462E+05,-9.81854E+01
5.5942535E+05,-9.37054E+01
5.5961609E+05,-9.85054E+01
5.5980682E+05,-1.00225E+02
5.5999756E+05,-9.97454E+01
5.6018829E+05,-1.08345E+02
5.6037903E+05,-9.79454E+01
5.6056976E+05,-9.79454E+01
5.6076050E+05,-9.70654E+01
5.6095123E+05,-9.99054E+01
5.6114197E+05,-1.10625E+02
5.6133270E+05,-1.07145E+02
5.6152344E+05,-1.11965E+02
5.6171417E+05,-9.93054E+01
5.6190491E+05,-9.89454E+01
5.6209564E+05,-9.48054E+01
5.6228638E+05,-9.60454E+01
5.6247711E+05,-1.02765E+02
5.6266785E+05,-1.03125E+02
5.6285858E+05,-1.09865E+02
5.6304932E+05,-1.04425E+02
5.6324005E+05,-1.05105E+02
5.6343079E+05,-9.69854E+01
5.6362152E+05,-1.04565E+02
5.6381226E+05,-1.01145E+02
5.6400299E+05,-1.11445E+02
5.6419373E+05,-1.05925E+02
5.6438446E+05,-1.01385E+02
5.6457520E+05,-1.00525E+02
5.6476593E+05,-1.02865E+02
5.6495667E+05,-1.03585E+02
5.6514740E+05,-1.01285E+02
5.6533813E+05,-1.04465E+02
5.6552887E+05,-1.09565E+02
5.6571960E+05,-1.02705E+02
5.6591034E+05,-9.83054E+01
5.6610107E+05,-1.00705E+02
5.6629181E+05,-1.05245E+02
5.6648254E+05,-1.02125E+02
5.6667328E+05,-9.90654E+01
5.6686401E+05,-9.23254E+01
5.6705475E+05,-9.66654E+01
5.6724548E+05,-1.07525E+02
5.6743622E+05,-1.08845E+02
5.6762695E+05,-1.07085E+02
5.6781769E+05,-1.00185E+02
5.6800842E+05,-1.07745E+02
5.6819916E+05,-9.87054E+01
5.6838989E+05,-9.46054E+01
5.6858063E+05,-9.96854E+01
5.6877136E+05,-1.00985E+02
5.6896210E+05,-1.00785E+02
5.6915283E+05,-1.07165E+02
5.6934357E+05,-9.68254E+01
5.6953430E+05,-9.82654E+01
5.6972504E+05,-1.00545E+02
5.6991577E+05,-1.01865E+02
5.7010651E+05,-1.08145E+02
5.7029724E+05,-9.82654E+01
5.7048798E+05,-9.48054E+01
5.7067871E+05,-9.45654E+01
5.7086945E+05,-9.44254E+01
5.7106018E+05,-9.94054E+01
5.7125092E+05,-1.05265E+02
5.7144165E+05,-1.08545E+02
5.7163239E+05,-1.19065E+02
5.7182312E+05,-1.05925E+02
5.7201385E+05,-9.39654E+01
5.7220459E+05,-9.28654E+01
5.7239532E+05,-9.18254E+01
5.7258606E+05,-9.89054E+01
5.7277679E+05,-1.03885E+02
5.7296753E+05,-9.45454E+01
5.7315826E+05,-9.71854E+01
5.7334900E+05,-9.42654E+01
5.7353973E+05,-9.96854E+01
5.7373047E+05,-9.11854E+01
5.7392120E+05,-8.80854E+01
5.7411194E+05,-8.61054E+01
5.7430267E+05,-7.97454E+01
5.7449341E+05,-6.94454E+01
5.7468414E+05,-5.50454E+01
5.7487488E+05,-3.67454E+01
5.7506561E+05,-3.47254E+01
5.7525635E+05,-4.54654E+01
5.7544708E+05,-6.54654E+01
5.7563782E+05,-7.69254E+01
5.7582855E+05,-8.13654E+01
5.7601929E+05,-9.02054E+01
5.7621002E+05,-9.26254E+01
5.7640076E+05,-9.02654E+01
5.7659149E+05,-9.48054E+01
5.7678223E+05,-1.00365E+02
5.7697296E+05,-9.79054E+01
5.7716370E+05,-1.02625E+02
5.7735443E+05,-9.93054E+01
5.7754517E+05,-1.04425E+02
5.7773590E+05,-1.02325E+02
5.7792664E+05,-1.01365E+02
5.7811737E+05,-9.48654E+01
5.7830811E+05,-9.30654E+01
5.7849884E+05,-9.07054E+01
5.7868958E+05,-1.02005E+02
5.7888031E+05,-9.43654E+01
5.7907104E+05,-9.34054E+01
5.7926178E+05,-9.35054E+01
5.7945251E+05,-9.50454E+01
5.7964325E+05,-9.66254E+01
5.7983398E+05,-1.00965E+02
5.8002472E+05,-1.01945E+02
5.8021545E+05,-1.07345E+02
5.8040619E+05,-1.00325E+02
5.8059692E+05,-1.01885E+02
5.8078766E+05,-1.01005E+02
5.8097839E+05,-9.47054E+01
5.8116913E+05,-9.46854E+01
5.8135986E+05,-9.75854E+01
5.8155060E+05,-1.00965E+02
5.8174133E+05,-9.74254E+01
5.8193207E+05,-9.90854E+01
5.8212280E+05,-9.54654E+01
5.8231354E+05,-1.03805E+02
5.8250427E+05,-9.86054E+01
5.8269501E+05,-9.71254E+01
5.8288574E+05,-1.00385E+02
5.8307648E+05,-1.02685E+02
5.8326721E+05,-9.60254E+01
5.8345795E+05,-9.38454E+01
5.8364868E+05,-1.01165E+02
5.8383942E+05,-1.02625E+02
5.8403015E+05,-1.11525E+02
5.8422089E+05,-1.02965E+02
5.8441162E+05,-1.04145E+02
5.8460236E+05,-1.08645E+02
5.8479309E+05,-9.80854E+01
5.8498383E+05,-1.09865E+02
5.8517456E+05,-9.65054E+01
5.8536530E+05,-9.72454E+01
5.8555603E+05,-9.72454E+01
5.8574677E+05,-1.00425E+02
5.8593750E+05,-1.11145E+02
5.8612823E+05,-1.10985E+02
5.8631897E+05,-1.15685E+02
5.8650970E+05,-1.03125E+02
5.8670044E+05,-9.52054E+01
5.8689117E+05,-9.63854E+01
5.8708191E+05,-9.52854E+01
5.8727264E+05,-1.01985E+02
5.8746338E+05,-1.01885E+02
5.8765411E+05,-1.05565E+02
5.8784485E+05,-1.00425E+02
5.8803558E+05,-1.09445E+02
5.8822632E+05,-1.11125E+02
5.8841705E+05,-1.10365E+02
5.8860779E+05,-1.01585E+02
5.8879852E+05,-1.04825E+02
5.8898926E+05,-1.09645E+02
5.8917999E+05,-1.01685E+02
5.8937073E+05,-9.84254E+01
5.8956146E+05,-1.03265E+02
5.8975220E+05,-9.47254E+01
5.8994293E+05,-9.42654E+01
5.9013367E+05,-1.09305E+02
5.9032440E+05,-9.39654E+01
5.9051514E+05,-9.57054E+01
5.9070587E+05,-9.56054E+01
5.9089661E+05,-9.71454E+01
5.9108734E+05,-9.92854E+01
5.9127808E+05,-9.53654E+01
5.9146881E+05,-9.72854E+01
5.9165955E+05,-1.06685E+02
5.9185028E+05,-1.02145E+02
5.9204102E+05,-9.96654E+01
5.9223175E+05,-9.85054E+01
5.9242249E+05,-9.93454E+01
5.9261322E+05,-1.05125E+02
5.9280396E+05,-1.00365E+02
5.9299469E+05,-1.05565E+02
5.9318542E+05,-1.09585E+02
5.9337616E+05,-1.05425E+02
5.9356689E+05,-9.64454E+01
5.9375763E+05,-9.61054E+01
5.9394836E+05,-9.82654E+01
5.9413910E+05,-9.93254E+01
5.9432983E+05,-1.03725E+02
5.9452057E+05,-1.03885E+02
5.9471130E+05,-1.02305E+02
5.9490204E+05,-9.81454E+01
5.9509277E+05,-1.03185E+02
5.9528351E+05,-1.14585E+02
5.9547424E+05,-1.07785E+02
5.9566498E+05,-9.91054E+01
5.9585571E+05,-9.29854E+01
5.9604645E+05,-9.51654E+01
5.9623718E+05,-1.07865E+02
5.9642792E+05,-9.54854E+01
5.9661865E+05,-9.53854E+01
5.9680939E+05,-1.00845E+02
5.9700012E+05,-9.50254E+01
5.9719086E+05,-9.44454E+01
5.9738159E+05,-1.13125E+02
5.9757233E+05,-9.92654E+01
5.9776306E+05,-9.84454E+01
5.9795380E+05,-9.88054E+01
5.9814453E+05,-1.02585E+02
5.9833527E+05,-1.12645E+02
5.9852600E+05,-1.15865E+02
5.9871674E+05,-1.00225E+02
5.9890747E+05,-9.41854E+01
5.9909821E+05,-9.64054E+01
5.9928894E+05,-1.10165E+02
5.9947968E+05,-1.08125E+02
5.9967041E+05,-9.95854E+01
5.9986115E+05,-9.59854E+01
6.0005188E+05,-9.21254E+01
6.0024261E+05,-9.56654E+01
6.0043335E+05,-9.77654E+01
6.0062408E+05,-9.86054E+01
6.0081482E+05,-1.00545E+02
6.0100555E+05,-9.72854E+01
6.0119629E+05,-9.39654E+01
6.0138702E+05,-1.05185E+02
6.0157776E+05,-9.71054E+01
6.0176849E+05,-9.33054E+01
6.0195923E+05,-9.61254E+01
6.0214996E+05,-9.75854E+01
6.0234070E+05,-9.57654E+01
6.0253143E+05,-9.53654E+01
6.0272217E+05,-9.62254E+01
6.0291290E+05,-9.68254E+01
6.0310364E+05,-1.16645E+02
6.0329437E+05,-9.88054E+01
6.0348511E+05,-1.01325E+02
6.0367584E+05,-1.02985E+02
6.0386658E+05,-1.00405E+02
6.0405731E+05,-1.03365E+02
6.0424805E+05,-1.00325E+02
6.0443878E+05,-1.07005E+02
6.0462952E+05,-9.56254E+01
6.0482025E+05,-9.29854E+01
6.0501099E+05,-9.67254E+01
6.0520172E+05,-1.02745E+02
6.0539246E+05,-1.08045E+02
6.0558319E+05,-1.04685E+02
6.0577393E+05,-9.77054E+01
6.0596466E+05,-9.96654E+01
6.0615540E+05,-1.01145E+02
6.0634613E+05,-1.01885E+02
6.0653687E+05,-1.06485E+02
6.0672760E+05,-1.06145E+02
6.0691833E+05,-1.12865E+02
6.0710907E+05,-1.00965E+02
6.0729980E+05,-9.75854E+01
6.0749054E+05,-1.07285E+02
6.0768127E+05,-1.00265E+02
6.0787201E+05,-9.52854E+01
6.0806274E+05,-9.81254E+01
6.0825348E+05,-1.03505E+02
6.0844421E+05,-9.93854E+01
6.0863495E+05,-1.04325E+02
6.0882568E+05,-1.06785E+02
6.0901642E+05,-9.46254E+01
6.0920715E+05,-9.80454E+01
6.0939789E+05,-9.65254E+01
6.0958862E+05,-9.68854E+01
6.0977936E+05,-9.64054E+01
6.0997009E+05,-9.83054E+01
6.1016083E+05,-1.08025E+02
6.1035156E+05,-1.13705E+02
6.1054230E+05,-1.09905E+02
6.1073303E+05,-9.81454E+01
6.1092377E+05,-1.02685E+02
6.1111450E+05,-1.00865E+02
6.1130524E+05,-9.78454E+01
6.1149597E+05,-9.67054E+01
6.1168671E+05,-9.75054E+01
6.1187744E+05,-1.00205E+02
6.1206818E+05,-1.01645E+02
6.1225891E+05,-1.02205E+02
6.1244965E+05,-1.00705E+02
6.1264038E+05,-1.00465E+02
6.1283112E+05,-9.91654E+01
6.1302185E+05,-9.97254E+01
6.1321259E+05,-1.14305E+02
6.1340332E+05,-1.03705E+02
6.1359406E+05,-1.03125E+02
6.1378479E+05,-1.00265E+02
6.1397552E+05,-1.04525E+02
6.1416626E+05,-1.05665E+02
6.1435699E+05,-1.04045E+02
6.1454773E+05,-9.51254E+01
6.1473846E+05,-9.80854E+01
6.1492920E+05,-1.00865E+02
6.1511993E+05,-1.00245E+02
6.1531067E+05,-1.03925E+02
6.1550140E+05,-1.08985E+02
6.1569214E+05,-1.04345E+02
6.1588287E+05,-1.05085E+02
6.1607361E+05,-9.85854E+01
6.1626434E+05,-9.53854E+01
6.1645508E+05,-9.75054E+01
6.1664581E+05,-9.64654E+01
6.1683655E+05,-1.05765E+02
6.1702728E+05,-9.69654E+01
6.1721802E+05,-1.01065E+02
6.1740875E+05,-1.12245E+02
6.1759949E+05,-9.96854E+01
6.1779022E+05,-9.81054E+01
6.1798096E+05,-1.00945E+02
6.1817169E+05,-9.82254E+01
6.1836243E+05,-1.04685E+02
6.1855316E+05,-1.09085E+02
6.1874390E+05,-9.62454E+01
6.1893463E+05,-9.44054E+01
6.1912537E+05,-9.88454E+01
6.1931610E+05,-9.47054E+01
6.1950684E+05,-9.50054E+01
6.1969757E+05,-9.32254E+01
6.1988831E+05,-9.14854E+01
6.2007904E+05,-9.45254E+01
6.2026978E+05,-9.80654E+01
6.2046051E+05,-9.84854E+01
6.2065125E+05,-9.64854E+01
6.2084198E+05,-9.67054E+01
6.2103271E+05,-9.71054E+01
6.2122345E+05,-9.80454E+01
6.2141418E+05,-9.87654E+01
6.2160492E+05,-9.51454E+01
6.2179565E+05,-1.01425E+02
6.2198639E+05,-1.03705E+02
6.2217712E+05,-1.02065E+02
6.2236786E+05,-1.01285E+02
6.2255859E+05,-1.03025E+02
6.2274933E+05,-9.46254E+01
6.2294006E+05,-1.04965E+02
6.2313080E+05,-9.22254E+01
6.2332153E+05,-9.26254E+01
6.2351227E+05,-9.20854E+01
6.2370300E+05,-8.66254E+01
6.2389374E+05,-8.23254E+01
6.2408447E+05,-7.90454E+01
6.2427521E+05,-7.13054E+01
6.2446594E+05,-6.35454E+01
6.2465668E+05,-5.00254E+01
6.2484741E+05,-2.61254E+01
6.2503815E+05,-2.23254E+01
6.2522888E+05,-3.08454E+01
6.2541962E+05,-5.57654E+01
6.2561035E+05,-6.68854E+01
6.2580109E+05,-7.43854E+01
6.2599182E+05,-7.97254E+01
6.2618256E+05,-8.40454E+01
6.2637329E+05,-9.08654E+01
6.2656403E+05,-9.14254E+01
6.2675476E+05,-9.19654E+01
6.2694550E+05,-9.67854E+01
6.2713623E+05,-1.12205E+02
6.2732697E+05,-9.29854E+01
6.2751770E+05,-9.96254E+01
6.2770844E+05,-9.58654E+01
6.2789917E+05,-9.41854E+01
6.2808990E+05,-1.00525E+02
6.2828064E+05,-9.98854E+01
6.2847137E+05,-9.24454E+01
6.2866211E+05,-9.12254E+01
6.2885284E+05,-1.04625E+02
6.2904358E+05,-1.05585E+02
6.2923431E+05,-1.03585E+02
6.2942505E+05,-1.02205E+02
6.2961578E+05,-1.02645E+02
6.2980652E+05,-1.03585E+02
6.2999725E+05,-1.12585E+02
6.3018799E+05,-9.78854E+01
6.3037872E+05,-9.71654E+01
6.3056946E+05,-1.15185E+02
6.3076019E+05,-1.05505E+02
6.3095093E+05,-9.97254E+01
6.3114166E+05,-1.00425E+02
6.3133240E+05,-1.03585E+02
6.3152313E+05,-1.00205E+02
6.3171387E+05,-9.94854E+01
6.3190460E+05,-1.04045E+02
6.3209534E+05,-9.10654E+01
6.3228607E+05,-9.00254E+01
6.3247681E+05,-9.62854E+01
6.3266754E+05,-1.06145E+02
6.3285828E+05,-1.02485E+02
6.3304901E+05,-9.46254E+01
6.3323975E+05,-9.63854E+01
6.3343048E+05,-1.00025E+02
6.3362122E+05,-1.09545E+02
6.3381195E+05,-1.02145E+02
6.3400269E+05,-1.02705E+02
6.3419342E+05,-1.08745E+02
6.3438416E+05,-1.03965E+02
6.3457489E+05,-9.72054E+01
6.3476562E+05,-1.05565E+02
6.3495636E+05,-1.19305E+02
6.3514709E+05,-9.72854E+01
6.3533783E+05,-9.32654E+01
6.3552856E+05,-1.02125E+02
6.3571930E+05,-9.47054E+01
6.3591003E+05,-9.41454E+01
6.3610077E+05,-9.98654E+01
6.3629150E+05,-9.78054E+01
6.3648224E+05,-9.77054E+01
6.3667297E+05,-9.61054E+01
6.3686371E+05,-9.32654E+01
6.3705444E+05,-9.58654E+01
6.3724518E+05,-9.96254E+01
6.3743591E+05,-9.50054E+01
6.3762665E+05,-9.61654E+01
6.3781738E+05,-9.85054E+01
6.3800812E+05,-9.95454E+01
6.3819885E+05,-1.00445E+02
6.3838959E+05,-1.00825E+02
6.3858032E+05,-1.05745E+02
6.3877106E+05,-9.83454E+01
6.3896179E+05,-1.01565E+02
6.3915253E+05,-9.99854E+01
6.3934326E+05,-1.04145E+02
6.3953400E+05,-9.88054E+01
6.3972473E+05,-9.29054E+01
6.3991547E+05,-1.02525E+02
6.4010620E+05,-9.89854E+01
6.4029694E+05,-9.91254E+01
6.4048767E+05,-1.02745E+02
6.4067841E+05,-1.05145E+02
6.4086914E+05,-9.79654E+01
6.4105988E+05,-9.34654E+01
6.4125061E+05,-9.90054E+01
6.4144135E+05,-9.91454E+01
6.4163208E+05,-9.96254E+01
6.4182281E+05,-1.04405E+02
6.4201355E+05,-1.04185E+02
6.4220428E+05,-1.00325E+02
6.4239502E+05,-9.99254E+01
6.4258575E+05,-1.00205E+02
6.4277649E+05,-9.96654E+01
6.4296722E+05,-9.11454E+01
6.4315796E+05,-9.70854E+01
6.4334869E+05,-1.12505E+02
6.4353943E+05,-1.01825E+02
6.4373016E+05,-9.99254E+01
6.4392090E+05,-1.05165E+02
6.4411163E+05,-1.00905E+02
6.4430237E+05,-1.01965E+02
6.4449310E+05,-1.07065E+02
6.4468384E+05,-9.60254E+01
6.4487457E+05,-9.57054E+01
6.4506531E+05,-9.92054E+01
6.4525604E+05,-1.02225E+02
6.4544678E+05,-9.89454E+01
6.4563751E+05,-9.48454E+01
6.4582825E+05,-1.00045E+02
6.4601898E+05,-1.09845E+02
6.4620972E+05,-1.01485E+02
6.4640045E+05,-1.11325E+02
6.4659119E+05,-9.96254E+01
6.4678192E+05,-1.05185E+02
6.4697266E+05,-1.00405E+02
6.4716339E+05,-9.35854E+01
6.4735413E+05,-9.15654E+01
6.4754486E+05,-9.66254E+01
6.4773560E+05,-1.02065E+02
6.4792633E+05,-9.75854E+01
6.4811707E+05,-9.92254E+01
6.4830780E+05,-1.01365E+02
6.4849854E+05,-1.02425E+02
6.4868927E+05,-9.37254E+01
6.4888000E+05,-9.52054E+01
6.4907074E+05,-1.13505E+02
6.4926147E+05,-1.06705E+02
6.4945221E+05,-9.94454E+01
6.4964294E+05,-9.55254E+01
6.4983368E+05,-1.03505E+02
6.5002441E+05,-9.88854E+01
6.5021515E+05,-9.88854E+01
6.5040588E+05,-9.47654E+01
6.5059662E+05,-9.10454E+01
6.5078735E+05,-9.43054E+01
6.5097809E+05,-1.03025E+02
6.5116882E+05,-9.58854E+01
6.5135956E+05,-1.01585E+02
6.5155029E+05,-1.07025E+02
6.5174103E+05,-9.57254E+01
6.5193176E+05,-9.73454E+01
6.5212250E+05,-1.10985E+02
6.5231323E+05,-1.06485E+02
6.5250397E+05,-9.79254E+01
6.5269470E+05,-9.78854E+01
6.5288544E+05,-1.01305E+02
6.5307617E+05,-9.61654E+01
6.5326691E+05,-9.69854E+01
6.5345764E+05,-9.43654E+01
6.5364838E+05,-9.28654E+01
6.5383911E+05,-9.70454E+01
6.5402985E+05,-1.06505E+02
6.5422058E+05,-9.98854E+01
6.5441132E+05,-1.05065E+02
6.5460205E+05,-9.72654E+01
6.5479279E+05,-9.55854E+01
6.5498352E+05,-9.66054E+01
6.5517426E+05,-1.09285E+02
6.5536499E+05,-1.00985E+02
6.5555573E+05,-1.02245E+02
6.5574646E+05,-9.60454E+01
6.5593719E+05,-9.64254E+01
6.5612793E+05,-9.60854E+01
6.5631866E+05,-9.58054E+01
6.5650940E+05,-9.66654E+01
6.5670013E+05,-1.00425E+02
6.5689087E+05,-1.11185E+02
6.5708160E+05,-1.00125E+02
6.5727234E+05,-1.09665E+02
6.5746307E+05,-1.10225E+02
6.5765381E+05,-1.02985E+02
6.5784454E+05,-1.09625E+02
6.5803528E+05,-9.57054E+01
6.5822601E+05,-9.65854E+01
6.5841675E+05,-9.77254E+01
6.5860748E+05,-1.08905E+02
6.5879822E+05,-1.01585E+02
6.5898895E+05,-9.62654E+01
6.5917969E+05,-9.53454E+01
6.5937042E+05,-9.70654E+01
6.5956116E+05,-9.76854E+01
6.5975189E+05,-9.36654E+01
6.5994263E+05,-9.25854E+01
6.6013336E+05,-9.72854E+01
6.6032410E+05,-1.04425E+02
6.6051483E+05,-1.09625E+02
6.6070557E+05,-9.50054E+01
6.6089630E+05,-9.16854E+01
6.6108704E+05,-9.59054E+01
6.6127777E+05,-1.01125E+02
6.6146851E+05,-1.04285E+02
6.6165924E+05,-9.49254E+01
6.6184998E+05,-9.48854E+01
6.6204071E+05,-1.02085E+02
6.6223145E+05,-1.02245E+02
6.6242218E+05,-1.07005E+02
6.6261292E+05,-9.63654E+01
6.6280365E+05,-9.28054E+01
6.6299438E+05,-9.96654E+01
6.6318512E+05,-9.89054E+01
6.6337585E+05,-1.03445E+02
6.6356659E+05,-9.65854E+01
6.6375732E+05,-1.07285E+02
6.6394806E+05,-9.53854E+01
6.6413879E+05,-9.58854E+01
6.6432953E+05,-1.00245E+02
6.6452026E+05,-9.65054E+01
6.6471100E+05,-9.61854E+01
6.6490173E+05,-9.61054E+01
6.6509247E+05,-9.73454E+01
6.6528320E+05,-9.54054E+01
6.6547394E+05,-9.37054E+01
6.6566467E+05,-9.70054E+01
6.6585541E+05,-1.08425E+02
6.6604614E+05,-1.02365E+02
6.6623688E+05,-9.87054E+01
6.6642761E+05,-9.80254E+01
6.6661835E+05,-9.65854E+01
6.6680908E+05,-1.08305E+02
6.6699982E+05,-1.04305E+02
6.6719055E+05,-1.03885E+02
6.6738129E+05,-1.03465E+02
6.6757202E+05,-1.03585E+02
6.6776276E+05,-1.06505E+02
6.6795349E+05,-9.61054E+01
6.6814423E+05,-9.46054E+01
6.6833496E+05,-9.34054E+01
6.6852570E+05,-9.86054E+01
6.6871643E+05,-9.50854E+01
6.6890717E+05,-9.25654E+01
6.6909790E+05,-9.27454E+01
6.6928864E+05,-9.27654E+01
6.6947937E+05,-9.48454E+01
6.6967010E+05,-1.01945E+02
6.6986084E+05,-9.66454E+01
6.7005157E+05,-1.03085E+02
6.7024231E+05,-9.95054E+01
6.7043304E+05,-9.80254E+01
6.7062378E+05,-9.58854E+01
6.7081451E+05,-9.40854E+01
6.7100525E+05,-1.01625E+02
6.7119598E+05,-1.09545E+02
6.7138672E+05,-1.02385E+02
6.7157745E+05,-1.10405E+02
6.7176819E+05,-9.76854E+01
6.7195892E+05,-9.51254E+01
6.7214966E+05,-1.03805E+02
6.7234039E+05,-9.41854E+01
6.7253113E+05,-1.02125E+02
6.7272186E+05,-9.78454E+01
6.7291260E+05,-1.00825E+02
6.7310333E+05,-9.55654E+01
6.7329407E+05,-9.77054E+01
6.7348480E+05,-1.13725E+02
6.7367554E+05,-1.01565E+02
6.7386627E+05,-9.64454E+01
6.7405701E+05,-1.00605E+02
6.7424774E+05,-9.19654E+01
6.7443848E+05,-9.27654E+01
6.7462921E+05,-7.86854E+01
6.7481995E+05,-3.97254E+01
6.7501068E+05,-3.41454E+01
6.7520142E+05,-4.05854E+01
6.7539215E+05,-8.16254E+01
6.7558289E+05,-8.77054E+01
6.7577362E+05,-9.56454E+01
6.7596436E+05,-1.13585E+02
6.7615509E+05,-1.00185E+02
6.7634583E+05,-1.00385E+02
6.7653656E+05,-1.05365E+02
6.7672729E+05,-1.00685E+02
6.7691803E+05,-1.04665E+02
6.7710876E+05,-1.05845E+02
6.7729950E+05,-1.05805E+02
6.7749023E+05,-1.07185E+02
6.7768097E+05,-1.01125E+02
6.7787170E+05,-9.44654E+01
6.7806244E+05,-9.69854E+01
6.7825317E+05,-9.93854E+01
6.7844391E+05,-1.08365E+02
6.7863464E+05,-1.03845E+02
6.7882538E+05,-9.83854E+01
6.7901611E+05,-9.69654E+01
6.7920685E+05,-9.93054E+01
6.7939758E+05,-1.11745E+02
6.7958832E+05,-1.00105E+02
6.7977905E+05,-1.08305E+02
6.7996979E+05,-1.12765E+02
6.8016052E+05,-1.01165E+02
6.8035126E+05,-9.96654E+01
6.8054199E+05,-9.89854E+01
6.8073273E+05,-1.01085E+02
6.8092346E+05,-9.50454E+01
6.8111420E+05,-9.29854E+01
6.8130493E+05,-9.85254E+01
6.8149567E+05,-1.19585E+02
6.8168640E+05,-1.09445E+02
6.8187714E+05,-1.08145E+02
6.8206787E+05,-1.02125E+02
6.8225861E+05,-1.09225E+02
6.8244934E+05,-1.00785E+02
6.8264008E+05,-9.96254E+01
6.8283081E+05,-9.96054E+01
6.8302155E+05,-9.75054E+01
6.8321228E+05,-1.03165E+02
6.8340302E+05,-9.51854E+01
6.8359375E+05,-9.48054E+01
6.8378448E+05,-9.98654E+01
6.8397522E+05,-9.29854E+01
6.8416595E+05,-1.02505E+02
6.8435669E+05,-9.79254E+01
6.8454742E+05,-9.24854E+01
6.8473816E+05,-9.74854E+01
6.8492889E+05,-1.20385E+02
6.8511963E+05,-1.03965E+02
6.8531036E+05,-9.54854E+01
6.8550110E+05,-9.87454E+01
6.8569183E+05,-1.09325E+02
6.8588257E+05,-1.01245E+02
6.8607330E+05,-9.34054E+01
6.8626404E+05,-9.56454E+01
6.8645477E+05,-1.00565E+02
6.8664551E+05,-9.45654E+01
6.8683624E+05,-9.21254E+01
6.8702698E+05,-9.54054E+01
6.8721771E+05,-9.63654E+01
6.8740845E+05,-9.89454E+01
6.8759918E+05,-9.68254E+01
6.8778992E+05,-9.80454E+01
6.8798065E+05,-9.81854E+01
6.8817139E+05,-1.13885E+02
6.8836212E+05,-1.05105E+02
6.8855286E+05,-9.79454E+01
6.8874359E+05,-9.43254E+01
6.8893433E+05,-9.69654E+01
6.8912506E+05,-1.07325E+02
6.8931580E+05,-9.90854E+01
6.8950653E+05,-9.90454E+01
6.8969727E+05,-9.81854E+01
6.8988800E+05,-9.47054E+01
6.9007874E+05,-9.67254E+01
6.9026947E+05,-9.84454E+01
6.9046021E+05,-9.62254E+01
6.9065094E+05,-9.84054E+01
6.9084167E+05,-9.77454E+01
6.9103241E+05,-9.90054E+01
6.9122314E+05,-1.01105E+02
6.9141388E+05,-1.03805E+02
6.9160461E+05,-9.75654E+01
6.9179535E+05,-9.64454E+01
6.9198608E+05,-9.80654E+01
6.9217682E+05,-1.05065E+02
6.9236755E+05,-9.43054E+01
6.9255829E+05,-9.60254E+01
6.9274902E+05,-1.05165E+02
6.9293976E+05,-1.24185E+02
6.9313049E+05,-1.06205E+02
6.9332123E+05,-1.05905E+02
6.9351196E+05,-1.02285E+02
6.9370270E+05,-9.86454E+01
6.9389343E+05,-9.63854E+01
6.9408417E+05,-1.03185E+02
6.9427490E+05,-1.05245E+02
6.9446564E+05,-9.90654E+01
6.9465637E+05,-9.49654E+01
6.9484711E+05,-9.54854E+01
6.9503784E+05,-1.18965E+02
6.9522858E+05,-9.97254E+01
6.9541931E+05,-9.95254E+01
6.9561005E+05,-9.58654E+01
6.9580078E+05,-9.49054E+01
6.9599152E+05,-9.80254E+01
6.9618225E+05,-1.02925E+02
6.9637299E+05,-1.05985E+02
6.9656372E+05,-1.02325E+02
6.9675446E+05,-1.05325E+02
6.9694519E+05,-9.68654E+01
6.9713593E+05,-9.15254E+01
6.9732666E+05,-9.70054E+01
6.9751740E+05,-9.58454E+01
6.9770813E+05,-9.87054E+01
6.9789886E+05,-9.87454E+01
6.9808960E+05,-1.01365E+02
6.9828033E+05,-1.01245E+02
6.9847107E+05,-1.01245E+02
6.9866180E+05,-9.48654E+01
6.9885254E+05,-9.16254E+01
6.9904327E+05,-9.31654E+01
6.9923401E+05,-1.34405E+02
6.9942474E+05,-9.79854E+01
6.9961548E+05,-1.06065E+02
6.9980621E+05,-1.07245E+02
6.9999695E+05,-1.03805E+02
7.0018768E+05,-1.01965E+02
7.0037842E+05,-1.03845E+02
7.0056915E+05,-1.13545E+02
7.0075989E+05,-1.04225E+02
7.0095062E+05,-1.05785E+02
7.0114136E+05,-1.11485E+02
7.0133209E+05,-1.01945E+02
7.0152283E+05,-1.09045E+02
7.0171356E+05,-1.12125E+02
7.0190430E+05,-9.51054E+01
7.0209503E+05,-9.50454E+01
7.0228577E+05,-1.03325E+02
7.0247650E+05,-1.04045E+02
7.0266724E+05,-9.59654E+01
7.0285797E+05,-9.82454E+01
7.0304871E+05,-9.54654E+01
7.0323944E+05,-9.58454E+01
7.0343018E+05,-9.47454E+01
7.0362091E+05,-1.04665E+02
7.0381165E+05,-1.06565E+02
7.0400238E+05,-1.23085E+02
7.0419312E+05,-1.00125E+02
7.0438385E+05,-9.07854E+01
7.0457458E+05,-9.25054E+01
7.0476532E+05,-1.01305E+02
7.0495605E+05,-1.05605E+02
7.0514679E+05,-9.55654E+01
7.0533752E+05,-9.58254E+01
7.0552826E+05,-9.85454E+01
7.0571899E+05,-1.11285E+02
7.0590973E+05,-1.04005E+02
7.0610046E+05,-9.70454E+01
7.0629120E+05,-9.64054E+01
7.0648193E+05,-1.07285E+02
7.0667267E+05,-9.92654E+01
7.0686340E+05,-9.61454E+01
7.0705414E+05,-1.06885E+02
7.0724487E+05,-1.02585E+02
7.0743561E+05,-1.08285E+02
7.0762634E+05,-1.20505E+02
7.0781708E+05,-1.02445E+02
7.0800781E+05,-9.76654E+01
7.0819855E+05,-9.67854E+01
7.0838928E+05,-9.86054E+01
7.0858002E+05,-9.65054E+01
7.0877075E+05,-9.83854E+01
7.0896149E+05,-1.08945E+02
7.0915222E+05,-1.02625E+02
7.0934296E+05,-1.00125E+02
7.0953369E+05,-1.12285E+02
7.0972443E+05,-1.04705E+02
7.0991516E+05,-9.83054E+01
7.1010590E+05,-1.08205E+02
7.1029663E+05,-1.05865E+02
7.1048737E+05,-1.08785E+02
7.1067810E+05,-1.11645E+02
7.1086884E+05,-1.05405E+02
7.1105957E+05,-9.84254E+01
7.1125031E+05,-1.06605E+02
7.1144104E+05,-9.94854E+01
7.1163177E+05,-9.83254E+01
7.1182251E+05,-9.92654E+01
7.1201324E+05,-9.64454E+01
7.1220398E+05,-9.58654E+01
7.1239471E+05,-9.86854E+01
7.1258545E+05,-1.01425E+02
7.1277618E+05,-9.35454E+01
7.1296692E+05,-9.81654E+01
7.1315765E+05,-1.02805E+02
7.1334839E+05,-9.52654E+01
7.1353912E+05,-9.39654E+01
7.1372986E+05,-9.29054E+01
7.1392059E+05,-9.93454E+01
7.1411133E+05,-1.12065E+02
7.1430206E+05,-9.75454E+01
7.1449280E+05,-9.81854E+01
7.1468353E+05,-1.03365E+02
7.1487427E+05,-9.92454E+01
7.1506500E+05,-1.03165E+02
7.1525574E+05,-1.02225E+02
7.1544647E+05,-9.57054E+01
7.1563721E+05,-9.61254E+01
7.1582794E+05,-9.97254E+01
7.1601868E+05,-9.65254E+01
7.1620941E+05,-9.20854E+01
7.1640015E+05,-9.10654E+01
7.1659088E+05,-9.64254E+01
7.1678162E+05,-1.03065E+02
7.1697235E+05,-1.03925E+02
7.1716309E+05,-1.20325E+02
7.1735382E+05,-1.01865E+02
7.1754456E+05,-9.64854E+01
7.1773529E+05,-1.07765E+02
7.1792603E+05,-1.07425E+02
7.1811676E+05,-1.02045E+02
7.1830750E+05,-9.73654E+01
7.1849823E+05,-9.58854E+01
7.1868896E+05,-1.03665E+02
7.1887970E+05,-9.45454E+01
7.1907043E+05,-9.86054E+01
7.1926117E+05,-1.01145E+02
7.1945190E+05,-9.88454E+01
7.1964264E+05,-9.94854E+01
7.1983337E+05,-9.53654E+01
7.2002411E+05,-9.87054E+01
7.2021484E+05,-9.81454E+01
7.2040558E+05,-1.02865E+02
7.2059631E+05,-1.05465E+02
7.2078705E+05,-1.17545E+02
7.2097778E+05,-9.88654E+01
7.2116852E+05,-9.85454E+01
7.2135925E+05,-1.07805E+02
7.2154999E+05,-9.86054E+01
7.2174072E+05,-9.93454E+01
7.2193146E+05,-9.33254E+01
7.2212219E+05,-9.26254E+01
7.2231293E+05,-1.10545E+02
7.2250366E+05,-9.43054E+01
7.2269440E+05,-9.69454E+01
7.2288513E+05,-9.48254E+01
7.2307587E+05,-9.65054E+01
7.2326660E+05,-1.05945E+02
7.2345734E+05,-1.05445E+02
7.2364807E+05,-1.02505E+02
7.2383881E+05,-9.61454E+01
7.2402954E+05,-9.80854E+01
7.2422028E+05,-9.81254E+01
7.2441101E+05,-1.00845E+02
7.2460175E+05,-9.80254E+01
7.2479248E+05,-9.70054E+01
7.2498322E+05,-9.63854E+01
7.2517395E+05,-9.89854E+01
7.2536469E+05,-1.04285E+02
7.2555542E+05,-9.45254E+01
7.2574615E+05,-9.62854E+01
7.2593689E+05,-1.02305E+02
7.2612762E+05,-1.00385E+02
7.2631836E+05,-9.94854E+01
7.2650909E+05,-9.50054E+01
7.2669983E+05,-9.33254E+01
7.2689056E+05,-9.64854E+01
7.2708130E+05,-1.04645E+02
7.2727203E+05,-9.70854E+01
7.2746277E+05,-1.04705E+02
7.2765350E+05,-1.02285E+02
7.2784424E+05,-9.65054E+01
7.2803497E+05,-1.02645E+02
7.2822571E+05,-1.01505E+02
7.2841644E+05,-9.75654E+01
7.2860718E+05,-1.01245E+02
7.2879791E+05,-1.02705E+02
7.2898865E+05,-1.03545E+02
7.2917938E+05,-9.74054E+01
7.2937012E+05,-9.31254E+01
7.2956085E+05,-9.40454E+01
7.2975159E+05,-9.26454E+01
7.2994232E+05,-9.20454E+01
7.3013306E+05,-9.54254E+01
7.3032379E+05,-1.01865E+02
7.3051453E+05,-9.63454E+01
7.3070526E+05,-1.03225E+02
7.3089600E+05,-9.76654E+01
7.3108673E+05,-1.02065E+02
7.3127747E+05,-1.01445E+02
7.3146820E+05,-9.76854E+01
7.3165894E+05,-1.03445E+02
7.3184967E+05,-9.83854E+01
7.3204041E+05,-1.03125E+02
7.3223114E+05,-1.11825E+02
7.3242188E+05,-1.02865E+02
7.3261261E+05,-9.78454E+01
7.3280334E+05,-1.00205E+02
7.3299408E+05,-9.73454E+01
7.3318481E+05,-9.57654E+01
7.3337555E+05,-9.43254E+01
7.3356628E+05,-9.76854E+01
7.3375702E+05,-9.92654E+01
7.3394775E+05,-1.01985E+02
7.3413849E+05,-9.72254E+01
7.3432922E+05,-9.97854E+01
7.3451996E+05,-1.02525E+02
7.3471069E+05,-1.04265E+02
7.3490143E+05,-1.07805E+02
7.3509216E+05,-9.93854E+01
7.3528290E+05,-1.00165E+02
7.3547363E+05,-1.07245E+02
7.3566437E+05,-9.95454E+01
7.3585510E+05,-9.85054E+01
7.3604584E+05,-9.35454E+01
7.3623657E+05,-9.58654E+01
7.3642731E+05,-1.06365E+02
7.3661804E+05,-1.01125E+02
7.3680878E+05,-9.93854E+01
7.3699951E+05,-1.00505E+02
7.3719025E+05,-1.06025E+02
7.3738098E+05,-1.02145E+02
7.3757172E+05,-1.06825E+02
7.3776245E+05,-1.00405E+02
7.3795319E+05,-9.56654E+01
7.3814392E+05,-9.36254E+01
7.3833466E+05,-9.33054E+01
7.3852539E+05,-9.78254E+01
7.3871613E+05,-9.83054E+01
7.3890686E+05,-9.65254E+01
7.3909760E+05,-9.56054E+01
7.3928833E+05,-9.75054E+01
7.3947906E+05,-9.88654E+01
7.3966980E+05,-9.41854E+01
7.3986053E+05,-9.24854E+01
7.4005127E+05,-1.01825E+02
7.4024200E+05,-1.07165E+02
7.4043274E+05,-1.08865E+02
7.4062347E+05,-1.03085E+02
7.4081421E+05,-1.07945E+02
7.4100494E+05,-1.04085E+02
7.4119568E+05,-1.02445E+02
7.4138641E+05,-9.94654E+01
7.4157715E+05,-9.65254E+01
7.4176788E+05,-9.53854E+01
7.4195862E+05,-9.32654E+01
7.4214935E+05,-9.52854E+01
7.4234009E+05,-9.94454E+01
7.4253082E+05,-9.61654E+01
7.4272156E+05,-9.66854E+01
7.4291229E+05,-9.21654E+01
7.4310303E+05,-8.96654E+01
7.4329376E+05,-9.13054E+01
7.4348450E+05,-9.58454E+01
7.4367523E+05,-9.66454E+01
7.4386597E+05,-9.68854E+01
7.4405670E+05,-1.00225E+02
7.4424744E+05,-9.94854E+01
7.4443817E+05,-9.55054E+01
7.4462891E+05,-9.77254E+01
7.4481964E+05,-1.00965E+02
7.4501038E+05,-9.63054E+01
7.4520111E+05,-9.61054E+01
7.4539185E+05,-9.93454E+01
7.4558258E+05,-1.00825E+02
7.4577332E+05,-9.77254E+01
7.4596405E+05,-1.01545E+02
7.4615479E+05,-1.00965E+02
7.4634552E+05,-1.00925E+02
7.4653625E+05,-1.18285E+02
7.4672699E+05,-1.00185E+02
7.4691772E+05,-1.16305E+02
7.4710846E+05,-9.81454E+01
7.4729919E+05,-1.05785E+02
7.4748993E+05,-9.59654E+01
7.4768066E+05,-9.81654E+01
7.4787140E+05,-9.72054E+01
7.4806213E+05,-9.93854E+01
7.4825287E+05,-1.01245E+02
7.4844360E+05,-9.73854E+01
7.4863434E+05,-9.40854E+01
7.4882507E+05,-9.55654E+01
7.4901581E+05,-1.00505E+02
7.4920654E+05,-9.79854E+01
7.4939728E+05,-9.77654E+01
7.4958801E+05,-1.09305E+02
7.4977875E+05,-1.05865E+02
7.4996948E+05,-9.56854E+01
7.5016022E+05,-9.70054E+01
7.5035095E+05,-9.68054E+01
7.5054169E+05,-9.74454E+01
7.5073242E+05,-9.46454E+01
7.5092316E+05,-9.66854E+01
7.5111389E+05,-1.01865E+02
7.5130463E+05,-9.86854E+01
7.5149536E+05,-9.87054E+01
7.5168610E+05,-9.89854E+01
7.5187683E+05,-1.00565E+02
7.5206757E+05,-1.03665E+02
7.5225830E+05,-9.57454E+01
7.5244904E+05,-9.80054E+01
7.5263977E+05,-1.11345E+02
7.5283051E+05,-1.10105E+02
7.5302124E+05,-1.12965E+02
7.5321198E+05,-1.15765E+02
7.5340271E+05,-1.05145E+02
7.5359344E+05,-9.71854E+01
7.5378418E+05,-9.66254E+01
7.5397491E+05,-9.76854E+01
7.5416565E+05,-9.85654E+01
7.5435638E+05,-9.58454E+01
7.5454712E+05,-9.67254E+01
7.5473785E+05,-1.01005E+02
7.5492859E+05,-1.02985E+02
7.5511932E+05,-9.89054E+01
7.5531006E+05,-9.88454E+01
7.5550079E+05,-9.82054E+01
7.5569153E+05,-9.58454E+01
7.5588226E+05,-9.32254E+01
7.5607300E+05,-9.69254E+01
7.5626373E+05,-1.05465E+02
7.5645447E+05,-9.62054E+01
7.5664520E+05,-8.97254E+01
7.5683594E+05,-9.32654E+01
7.5702667E+05,-1.01545E+02
7.5721741E+05,-1.14825E+02
7.5740814E+05,-1.11625E+02
7.5759888E+05,-1.02685E+02
7.5778961E+05,-1.08305E+02
7.5798035E+05,-1.03505E+02
7.5817108E+05,-1.15565E+02
7.5836182E+05,-1.12145E+02
7.5855255E+05,-1.13465E+02
7.5874329E+05,-1.02585E+02
7.5893402E+05,-1.02925E+02
7.5912476E+05,-1.03885E+02
7.5931549E+05,-9.55054E+01
7.5950623E+05,-9.22254E+01
7.5969696E+05,-9.47654E+01
7.5988770E+05,-1.03165E+02
7.6007843E+05,-1.08965E+02
7.6026917E+05,-9.73454E+01
7.6045990E+05,-9.70854E+01
7.6065063E+05,-1.04505E+02
7.6084137E+05,-9.19854E+01
7.6103210E+05,-9.52054E+01
7.6122284E+05,-9.86254E+01
7.6141357E+05,-1.00745E+02
7.6160431E+05,-1.01525E+02
7.6179504E+05,-1.01245E+02
7.6198578E+05,-1.02825E+02
7.6217651E+05,-1.03445E+02
7.6236725E+05,-9.81854E+01
7.6255798E+05,-1.03265E+02
7.6274872E+05,-1.00485E+02
7.6293945E+05,-9.99054E+01
7.6313019E+05,-9.66854E+01
7.6332092E+05,-9.54254E+01
7.6351166E+05,-9.71654E+01
7.6370239E+05,-1.04265E+02
7.6389313E+05,-9.54254E+01
7.6408386E+05,-9.78054E+01
7.6427460E+05,-9.87454E+01
7.6446533E+05,-1.01785E+02
7.6465607E+05,-1.01765E+02
7.6484680E+05,-1.00065E+02
7.6503754E+05,-1.05505E+02
7.6522827E+05,-1.10165E+02
7.6541901E+05,-1.03805E+02
7.6560974E+05,-9.78454E+01
7.6580048E+05,-9.75854E+01
7.6599121E+05,-1.03665E+02
7.6618195E+05,-9.60254E+01
7.6637268E+05,-1.11145E+02
7.6656342E+05,-9.18654E+01
7.6675415E+05,-9.82854E+01
7.6694489E+05,-1.05225E+02
7.6713562E+05,-9.76654E+01
7.6732635E+05,-9.37254E+01
7.6751709E+05,-9.68254E+01
7.6770782E+05,-1.04005E+02
7.6789856E+05,-1.03585E+02
7.6808929E+05,-9.96054E+01
7.6828003E+05,-9.47854E+01
7.6847076E+05,-9.56454E+01
7.6866150E+05,-1.07745E+02
7.6885223E+05,-1.00485E+02
7.6904297E+05,-1.05845E+02
7.6923370E+05,-9.97654E+01
7.6942444E+05,-1.01385E+02
7.6961517E+05,-1.02525E+02
7.6980591E+05,-1.09805E+02
7.6999664E+05,-1.00685E+02
7.7018738E+05,-1.03465E+02
7.7037811E+05,-1.08265E+02
7.7056885E+05,-1.10225E+02
7.7075958E+05,-1.04525E+02
7.7095032E+05,-9.75254E+01
7.7114105E+05,-1.07725E+02
7.7133179E+05,-1.07185E+02
7.7152252E+05,-9.77054E+01
7.7171326E+05,-9.95854E+01
7.7190399E+05,-9.97854E+01
7.7209473E+05,-1.02865E+02
7.7228546E+05,-1.04045E+02
7.7247620E+05,-1.02325E+02
7.7266693E+05,-1.04885E+02
7.7285767E+05,-9.63254E+01
7.7304840E+05,-9.80054E+01
7.7323914E+05,-1.01365E+02
7.7342987E+05,-9.61654E+01
7.7362061E+05,-1.07765E+02
7.7381134E+05,-1.05905E+02
7.7400208E+05,-1.07665E+02
7.7419281E+05,-1.00165E+02
7.7438354E+05,-1.00165E+02
7.7457428E+05,-9.91654E+01
7.7476501E+05,-9.51854E+01
7.7495575E+05,-9.33254E+01
7.7514648E+05,-9.52254E+01
7.7533722E+05,-1.03505E+02
7.7552795E+05,-1.07405E+02
7.7571869E+05,-9.88054E+01
7.7590942E+05,-9.95254E+01
7.7610016E+05,-9.85254E+01
7.7629089E+05,-1.06225E+02
7.7648163E+05,-1.11545E+02
7.7667236E+05,-1.01445E+02
7.7686310E+05,-9.56254E+01
7.7705383E+05,-9.61454E+01
7.7724457E+05,-9.54254E+01
7.7743530E+05,-1.13465E+02
7.7762604E+05,-9.67054E+01
7.7781677E+05,-9.62054E+01
7.7800751E+05,-1.03125E+02
7.7819824E+05,-9.48054E+01
7.7838898E+05,-9.72854E+01
7.7857971E+05,-1.00285E+02
7.7877045E+05,-1.09545E+02
7.7896118E+05,-1.15165E+02
7.7915192E+05,-1.04045E+02
7.7934265E+05,-9.84054E+01
7.7953339E+05,-1.01965E+02
7.7972412E+05,-1.05125E+02
7.7991486E+05,-1.06305E+02
7.8010559E+05,-1.02085E+02
7.8029633E+05,-1.05005E+02
7.8048706E+05,-1.05605E+02
7.8067780E+05,-9.67454E+01
7.8086853E+05,-9.53454E+01
7.8105927E+05,-9.60054E+01
7.8125000E+05,-9.53854E+01
7.8144073E+05,-9.23654E+01
7.8163147E+05,-9.35454E+01
7.8182220E+05,-9.98654E+01
7.8201294E+05,-9.96654E+01
7.8220367E+05,-1.04005E+02
7.8239441E+05,-1.03505E+02
7.8258514E+05,-1.09325E+02
7.8277588E+05,-9.79854E+01
7.8296661E+05,-9.42654E+01
7.8315735E+05,-9.51854E+01
7.8334808E+05,-9.18254E+01
7.8353882E+05,-9.46654E+01
7.8372955E+05,-9.51454E+01
7.8392029E+05,-9.93454E+01
7.8411102E+05,-1.11065E+02
7.8430176E+05,-9.83054E+01
7.8449249E+05,-9.28254E+01
7.8468323E+05,-9.38454E+01
7.8487396E+05,-1.01865E+02
7.8506470E+05,-1.08945E+02
7.8525543E+05,-1.01505E+02
7.8544617E+05,-1.08885E+02
7.8563690E+05,-1.07005E+02
7.8582764E+05,-1.06685E+02
7.8601837E+05,-1.08285E+02
7.8620911E+05,-1.01365E+02
7.8639984E+05,-9.76054E+01
7.8659058E+05,-9.40054E+01
7.8678131E+05,-9.76654E+01
7.8697205E+05,-9.77054E+01
7.8716278E+05,-9.28254E+01
7.8735352E+05,-9.41854E+01
7.8754425E+05,-9.49854E+01
7.8773499E+05,-9.24854E+01
7.8792572E+05,-9.64654E+01
7.8811646E+05,-1.10625E+02
7.8830719E+05,-9.97854E+01
7.8849792E+05,-1.02565E+02
7.8868866E+05,-1.21285E+02
7.8887939E+05,-9.79054E+01
7.8907013E+05,-9.24254E+01
7.8926086E+05,-9.75854E+01
7.8945160E+05,-9.71054E+01
7.8964233E+05,-9.23854E+01
7.8983307E+05,-9.77654E+01
7.9002380E+05,-1.06405E+02
7.9021454E+05,-9.77654E+01
7.9040527E+05,-9.45454E+01
7.9059601E+05,-9.37054E+01
7.9078674E+05,-9.29854E+01
7.9097748E+05,-9.71254E+01
7.9116821E+05,-1.00365E+02
7.9135895E+05,-9.61854E+01
7.9154968E+05,-1.00785E+02
7.9174042E+05,-1.01585E+02
7.9193115E+05,-9.17454E+01
7.9212189E+05,-9.23854E+01
7.9231262E+05,-9.97454E+01
7.9250336E+05,-1.00585E+02
7.9269409E+05,-1.08285E+02
7.9288483E+05,-1.03725E+02
7.9307556E+05,-9.77254E+01
7.9326630E+05,-9.88454E+01
7.9345703E+05,-9.47054E+01
7.9364777E+05,-9.77054E+01
7.9383850E+05,-9.85854E+01
7.9402924E+05,-9.78654E+01
7.9421997E+05,-1.04865E+02
7.9441071E+05,-1.06925E+02
7.9460144E+05,-1.03885E+02
7.9479218E+05,-9.93454E+01
7.9498291E+05,-9.47254E+01
7.9517365E+05,-1.01385E+02
7.9536438E+05,-1.00805E+02
7.9555511E+05,-1.00245E+02
7.9574585E+05,-1.01225E+02
7.9593658E+05,-1.00085E+02
7.9612732E+05,-1.00685E+02
7.9631805E+05,-1.25145E+02
7.9650879E+05,-1.01505E+02
7.9669952E+05,-1.02745E+02
7.9689026E+05,-1.07605E+02
7.9708099E+05,-1.00885E+02
7.9727173E+05,-9.36654E+01
7.9746246E+05,-9.46654E+01
7.9765320E+05,-9.71854E+01
7.9784393E+05,-9.61454E+01
7.9803467E+05,-1.04625E+02
7.9822540E+05,-1.04785E+02
7.9841614E+05,-9.85054E+01
7.9860687E+05,-9.90054E+01
7.9879761E+05,-1.00945E+02
7.9898834E+05,-9.91254E+01
7.9917908E+05,-1.10645E+02
7.9936981E+05,-1.06285E+02
7.9956055E+05,-1.09665E+02
7.9975128E+05,-9.92254E+01
7.9994202E+05,-9.32254E+01
8.0013275E+05,-9.73654E+01
8.0032349E+05,-9.94454E+01
8.0051422E+05,-1.00365E+02
8.0070496E+05,-9.84654E+01
8.0089569E+05,-9.98654E+01
8.0108643E+05,-1.09665E+02
8.0127716E+05,-1.02565E+02
8.0146790E+05,-1.03325E+02
8.0165863E+05,-9.68654E+01
8.0184937E+05,-9.81254E+01
8.0204010E+05,-9.52054E+01
8.0223083E+05,-9.61054E+01
8.0242157E+05,-9.65854E+01
8.0261230E+05,-1.01125E+02
8.0280304E+05,-1.04045E+02
8.0299377E+05,-9.81454E+01
8.0318451E+05,-9.64254E+01
8.0337524E+05,-1.02585E+02
8.0356598E+05,-1.02085E+02
8.0375671E+05,-9.70654E+01
8.0394745E+05,-1.01525E+02
8.0413818E+05,-9.89054E+01
8.0432892E+05,-9.56254E+01
8.0451965E+05,-9.89054E+01
8.0471039E+05,-1.06885E+02
8.0490112E+05,-1.10565E+02
8.0509186E+05,-9.89054E+01
8.0528259E+05,-9.65254E+01
8.0547333E+05,-9.93054E+01
8.0566406E+05,-1.01485E+02
8.0585480E+05,-1.04285E+02
8.0604553E+05,-9.91254E+01
8.0623627E+05,-9.60054E+01
8.0642700E+05,-9.84854E+01
8.0661774E+05,-1.00365E+02
8.0680847E+05,-9.69454E+01
8.0699921E+05,-9.44254E+01
8.0718994E+05,-9.65254E+01
8.0738068E+05,-1.04785E+02
8.0757141E+05,-1.05045E+02
8.0776215E+05,-1.05585E+02
8.0795288E+05,-1.04225E+02
8.0814362E+05,-1.12085E+02
8.0833435E+05,-9.96254E+01
8.0852509E+05,-9.35454E+01
8.0871582E+05,-9.45454E+01
8.0890656E+05,-9.92854E+01
8.0909729E+05,-1.08145E+02
8.0928802E+05,-9.97454E+01
8.0947876E+05,-9.96654E+01
8.0966949E+05,-9.45654E+01
8.0986023E+05,-9.58254E+01
8.1005096E+05,-1.05685E+02
8.1024170E+05,-9.70054E+01
8.1043243E+05,-9.90654E+01
8.1062317E+05,-9.72054E+01
8.1081390E+05,-9.47654E+01
8.1100464E+05,-1.06665E+02
8.1119537E+05,-1.07505E+02
8.1138611E+05,-9.61054E+01
8.1157684E+05,-9.67854E+01
8.1176758E+05,-1.03765E+02
8.1195831E+05,-9.64854E+01
8.1214905E+05,-9.47254E+01
8.1233978E+05,-1.04725E+02
8.1253052E+05,-1.04645E+02
8.1272125E+05,-9.31654E+01
8.1291199E+05,-9.61454E+01
8.1310272E+05,-1.05985E+02
8.1329346E+05,-1.01025E+02
8.1348419E+05,-9.98254E+01
8.1367493E+05,-9.59654E+01
8.1386566E+05,-9.56254E+01
8.1405640E+05,-9.93054E+01
8.1424713E+05,-9.57654E+01
8.1443787E+05,-9.35454E+01
8.1462860E+05,-9.47454E+01
8.1481934E+05,-9.62854E+01
8.1501007E+05,-9.72854E+01
8.1520081E+05,-9.87254E+01
8.1539154E+05,-1.09765E+02
8.1558228E+05,-1.02305E+02
8.1577301E+05,-1.17485E+02
8.1596375E+05,-9.65054E+01
8.1615448E+05,-9.28654E+01
8.1634521E+05,-9.33654E+01
8.1653595E+05,-9.25654E+01
8.1672668E+05,-9.44254E+01
8.1691742E+05,-1.04185E+02
8.1710815E+05,-1.05445E+02
8.1729889E+05,-1.00265E+02
8.1748962E+05,-1.04565E+02
8.1768036E+05,-1.18825E+02
8.1787109E+05,-9.97054E+01
8.1806183E+05,-9.65254E+01
8.1825256E+05,-9.67854E+01
8.1844330E+05,-1.07065E+02
8.1863403E+05,-9.29254E+01
8.1882477E+05,-9.80454E+01
8.1901550E+05,-1.06785E+02
8.1920624E+05,-1.02585E+02
8.1939697E+05,-1.02865E+02
8.1958771E+05,-1.05105E+02
8.1977844E+05,-1.02645E+02
8.1996918E+05,-9.68654E+01
8.2015991E+05,-9.96654E+01
8.2035065E+05,-1.00725E+02
8.2054138E+05,-9.55454E+01
8.2073212E+05,-1.17265E+02
8.2092285E+05,-9.45454E+01
8.2111359E+05,-9.36254E+01
8.2130432E+05,-9.72454E+01
8.2149506E+05,-1.04825E+02
8.2168579E+05,-9.53654E+01
8.2187653E+05,-9.37054E+01
8.2206726E+05,-9.11254E+01
8.2225800E+05,-9.30654E+01
8.2244873E+05,-1.06605E+02
8.2263947E+05,-9.35054E+01
8.2283020E+05,-9.69654E+01
8.2302094E+05,-9.64054E+01
8.2321167E+05,-9.97254E+01
8.2340240E+05,-9.93454E+01
8.2359314E+05,-9.99454E+01
8.2378387E+05,-9.84854E+01
8.2397461E+05,-1.16625E+02
8.2416534E+05,-9.59454E+01
8.2435608E+05,-9.75054E+01
8.2454681E+05,-9.47854E+01
8.2473755E+05,-9.47054E+01
8.2492828E+05,-9.98654E+01
8.2511902E+05,-9.48054E+01
8.2530975E+05,-9.76854E+01
8.2550049E+05,-1.06845E+02
8.2569122E+05,-1.09785E+02
8.2588196E+05,-9.94454E+01
8.2607269E+05,-9.71854E+01
8.2626343E+05,-1.02685E+02
8.2645416E+05,-1.12765E+02
8.2664490E+05,-9.85454E+01
8.2683563E+05,-9.82054E+01
8.2702637E+05,-1.08865E+02
8.2721710E+05,-1.12165E+02
8.2740784E+05,-1.08325E+02
8.2759857E+05,-1.00245E+02
8.2778931E+05,-9.95054E+01
8.2798004E+05,-9.99454E+01
8.2817078E+05,-1.10405E+02
8.2836151E+05,-1.06925E+02
8.2855225E+05,-1.11245E+02
8.2874298E+05,-1.04865E+02
8.2893372E+05,-1.04705E+02
8.2912445E+05,-9.99254E+01
8.2931519E+05,-9.87854E+01
8.2950592E+05,-1.07485E+02
8.2969666E+05,-1.01585E+02
8.2988739E+05,-1.01305E+02
8.3007812E+05,-1.12145E+02
8.3026886E+05,-1.03065E+02
8.3045959E+05,-9.45254E+01
8.3065033E+05,-9.26454E+01
8.3084106E+05,-9.79854E+01
8.3103180E+05,-1.04585E+02
8.3122253E+05,-1.01785E+02
8.3141327E+05,-1.10725E+02
8.3160400E+05,-1.00085E+02
8.3179474E+05,-9.85454E+01
8.3198547E+05,-1.05745E+02
8.3217621E+05,-1.05805E+02
8.3236694E+05,-9.51654E+01
8.3255768E+05,-9.30654E+01
8.3274841E+05,-9.75454E+01
8.3293915E+05,-1.10005E+02
8.3312988E+05,-1.10505E+02
8.3332062E+05,-1.00685E+02
8.3351135E+05,-1.06105E+02
8.3370209E+05,-1.01585E+02
8.3389282E+05,-9.59854E+01
8.3408356E+05,-9.35454E+01
8.3427429E+05,-9.67054E+01
8.3446503E+05,-1.03725E+02
8.3465576E+05,-9.60454E+01
8.3484650E+05,-9.34454E+01
8.3503723E+05,-9.66454E+01
8.3522797E+05,-1.02365E+02
8.3541870E+05,-9.73654E+01
8.3560944E+05,-9.29854E+01
8.3580017E+05,-9.49454E+01
8.3599091E+05,-9.34654E+01
8.3618164E+05,-9.35054E+01
8.3637238E+05,-1.01545E+02
8.3656311E+05,-1.06445E+02
8.3675385E+05,-9.95454E+01
8.3694458E+05,-1.03305E+02
8.3713531E+05,-1.05185E+02
8.3732605E+05,-1.07125E+02
8.3751678E+05,-1.08585E+02
8.3770752E+05,-1.10585E+02
8.3789825E+05,-1.06565E+02
8.3808899E+05,-1.00145E+02
8.3827972E+05,-9.78254E+01
8.3847046E+05,-9.82254E+01
8.3866119E+05,-1.02085E+02
8.3885193E+05,-9.57254E+01
8.3904266E+05,-1.00205E+02
8.3923340E+05,-9.59054E+01
8.3942413E+05,-9.29654E+01
8.3961487E+05,-9.85454E+01
8.3980560E+05,-9.83054E+01
8.3999634E+05,-9.34454E+01
8.4018707E+05,-9.59054E+01
8.4037781E+05,-1.00085E+02
8.4056854E+05,-1.00545E+02
8.4075928E+05,-1.02305E+02
8.4095001E+05,-9.75854E+01
8.4114075E+05,-9.62654E+01
8.4133148E+05,-9.73054E+01
8.4152222E+05,-9.96254E+01
8.4171295E+05,-1.00025E+02
8.4190369E+05,-1.00565E+02
8.4209442E+05,-9.58054E+01
8.4228516E+05,-1.01385E+02
8.4247589E+05,-9.76854E+01
8.4266663E+05,-9.20054E+01
8.4285736E+05,-9.38454E+01
8.4304810E+05,-9.83854E+01
8.4323883E+05,-9.68654E+01
8.4342957E+05,-9.80054E+01
8.4362030E+05,-9.42854E+01
8.4381104E+05,-9.41854E+01
8.4400177E+05,-9.89454E+01
8.4419250E+05,-1.02765E+02
8.4438324E+05,-9.80254E+01
8.4457397E+05,-1.01285E+02
8.4476471E+05,-1.00685E+02
8.4495544E+05,-9.94454E+01
8.4514618E+05,-9.53454E+01
8.4533691E+05,-1.00665E+02
8.4552765E+05,-9.75454E+01
8.4571838E+05,-9.79654E+01
8.4590912E+05,-9.88654E+01
8.4609985E+05,-9.63054E+01
8.4629059E+05,-1.01705E+02
8.4648132E+05,-1.01785E+02
8.4667206E+05,-1.05065E+02
8.4686279E+05,-1.05385E+02
8.4705353E+05,-9.85654E+01
8.4724426E+05,-1.01765E+02
8.4743500E+05,-1.05045E+02
8.4762573E+05,-9.82254E+01
8.4781647E+05,-9.68654E+01
8.4800720E+05,-1.04365E+02
8.4819794E+05,-9.45454E+01
8.4838867E+05,-1.02225E+02
8.4857941E+05,-9.87054E+01
8.4877014E+05,-9.59454E+01
8.4896088E+05,-9.74854E+01
8.4915161E+05,-1.03625E+02
8.4934235E+05,-9.58054E+01
8.4953308E+05,-9.68854E+01
8.4972382E+05,-9.99054E+01
8.4991455E+05,-9.50054E+01
8.5010529E+05,-9.60854E+01
8.5029602E+05,-9.61854E+01
8.5048676E+05,-9.50054E+01
8.5067749E+05,-1.00785E+02
8.5086823E+05,-9.79254E+01
8.5105896E+05,-1.02865E+02
8.5124969E+05,-9.66254E+01
8.5144043E+05,-9.46054E+01
8.5163116E+05,-1.05345E+02
8.5182190E+05,-1.00905E+02
8.5201263E+05,-1.04865E+02
8.5220337E+05,-1.09545E+02
8.5239410E+05,-1.02045E+02
8.5258484E+05,-9.97654E+01
8.5277557E+05,-1.08345E+02
8.5296631E+05,-9.49854E+01
8.5315704E+05,-9.22854E+01
8.5334778E+05,-9.75854E+01
8.5353851E+05,-9.88254E+01
8.5372925E+05,-1.07825E+02
8.5391998E+05,-1.07045E+02
8.5411072E+05,-1.04705E+02
8.5430145E+05,-1.05365E+02
8.5449219E+05,-1.03505E+02
8.5468292E+05,-9.78854E+01
8.5487366E+05,-9.64054E+01
8.5506439E+05,-9.93854E+01
8.5525513E+05,-1.26585E+02
8.5544586E+05,-1.01345E+02
8.5563660E+05,-1.02745E+02
8.5582733E+05,-1.01345E+02
8.5601807E+05,-1.05485E+02
8.5620880E+05,-1.00625E+02
8.5639954E+05,-1.06025E+02
8.5659027E+05,-1.09725E+02
8.5678101E+05,-1.00225E+02
8.5697174E+05,-9.74454E+01
8.5716248E+05,-9.58854E+01
8.5735321E+05,-9.47254E+01
8.5754395E+05,-1.00025E+02
8.5773468E+05,-1.02425E+02
8.5792542E+05,-9.73254E+01
8.5811615E+05,-9.91454E+01
8.5830688E+05,-1.05225E+02
8.5849762E+05,-9.69254E+01
8.5868835E+05,-1.02985E+02
8.5887909E+05,-1.02965E+02
8.5906982E+05,-9.40854E+01
8.5926056E+05,-9.29854E+01
8.5945129E+05,-1.02425E+02
8.5964203E+05,-1.03085E+02
8.5983276E+05,-1.04005E+02
8.6002350E+05,-9.53054E+01
8.6021423E+05,-9.64854E+01
8.6040497E+05,-9.49454E+01
8.6059570E+05,-1.01185E+02
8.6078644E+05,-9.92054E+01
8.6097717E+05,-9.41854E+01
8.6116791E+05,-9.93054E+01
8.6135864E+05,-1.00885E+02
8.6154938E+05,-9.55854E+01
8.6174011E+05,-9.98054E+01
8.6193085E+05,-9.91254E+01
8.6212158E+05,-1.05485E+02
8.6231232E+05,-1.03325E+02
8.6250305E+05,-9.34054E+01
8.6269379E+05,-9.42654E+01
8.6288452E+05,-9.66854E+01
8.6307526E+05,-1.03705E+02
8.6326599E+05,-9.68854E+01
8.6345673E+05,-9.81654E+01
8.6364746E+05,-9.88254E+01
8.6383820E+05,-9.70254E+01
8.6402893E+05,-1.01545E+02
8.6421967E+05,-9.83254E+01
8.6441040E+05,-9.47254E+01
8.6460114E+05,-9.73254E+01
8.6479187E+05,-1.14885E+02
8.6498260E+05,-9.52654E+01
8.6517334E+05,-9.86654E+01
8.6536407E+05,-1.05265E+02
8.6555481E+05,-1.00525E+02
8.6574554E+05,-1.00585E+02
8.6593628E+05,-9.56654E+01
8.6612701E+05,-9.31854E+01
8.6631775E+05,-9.26454E+01
8.6650848E+05,-9.82854E+01
8.6669922E+05,-1.00945E+02
8.6688995E+05,-1.01565E+02
8.6708069E+05,-9.83454E+01
8.6727142E+05,-9.75454E+01
8.6746216E+05,-9.62254E+01
8.6765289E+05,-9.52654E+01
8.6784363E+05,-1.01105E+02
8.6803436E+05,-9.69854E+01
8.6822510E+05,-9.80454E+01
8.6841583E+05,-1.04085E+02
8.6860657E+05,-1.05945E+02
8.6879730E+05,-9.61854E+01
8.6898804E+05,-1.00325E+02
8.6917877E+05,-1.02165E+02
8.6936951E+05,-1.06885E+02
8.6956024E+05,-1.06885E+02
8.6975098E+05,-1.01005E+02
8.6994171E+05,-9.38054E+01
8.7013245E+05,-9.29254E+01
8.7032318E+05,-9.70654E+01
8.7051392E+05,-1.02905E+02
8.7070465E+05,-9.27454E+01
8.7089539E+05,-9.07454E+01
8.7108612E+05,-9.59854E+01
8.7127686E+05,-9.67454E+01
8.7146759E+05,-1.04865E+02
8.7165833E+05,-9.54054E+01
8.7184906E+05,-9.69254E+01
8.7203979E+05,-9.95654E+01
8.7223053E+05,-1.07105E+02
8.7242126E+05,-1.02065E+02
8.7261200E+05,-1.02125E+02
8.7280273E+05,-9.61054E+01
8.7299347E+05,-9.58054E+01
8.7318420E+05,-9.35454E+01
8.7337494E+05,-9.25054E+01
8.7356567E+05,-9.46854E+01
8.7375641E+05,-9.67654E+01
8.7394714E+05,-1.00105E+02
8.7413788E+05,-1.11205E+02
8.7432861E+05,-1.01965E+02
8.7451935E+05,-1.02865E+02
8.7471008E+05,-1.14345E+02
8.7490082E+05,-9.73654E+01
8.7509155E+05,-9.78254E+01
8.7528229E+05,-1.03885E+02
8.7547302E+05,-9.86854E+01
8.7566376E+05,-9.73254E+01
8.7585449E+05,-1.03365E+02
8.7604523E+05,-1.03165E+02
8.7623596E+05,-9.62654E+01
8.7642670E+05,-9.35854E+01
8.7661743E+05,-1.07945E+02
8.7680817E+05,-1.06245E+02
8.7699890E+05,-1.00305E+02
8.7718964E+05,-1.02005E+02
8.7738037E+05,-1.05285E+02
8.7757111E+05,-1.13885E+02
8.7776184E+05,-1.27225E+02
8.7795258E+05,-1.03325E+02
8.7814331E+05,-9.89054E+01
8.7833405E+05,-9.67854E+01
8.7852478E+05,-9.76854E+01
8.7871552E+05,-9.98654E+01
8.7890625E+05,-9.55254E+01
8.7909698E+05,-9.68854E+01
8.7928772E+05,-1.00625E+02
8.7947845E+05,-1.00585E+02
8.7966919E+05,-9.51054E+01
8.7985992E+05,-9.60854E+01
8.8005066E+05,-9.89854E+01
8.8024139E+05,-9.61454E+01
8.8043213E+05,-1.00005E+02
8.8062286E+05,-1.01965E+02
8.8081360E+05,-1.05205E+02
8.8100433E+05,-1.00665E+02
8.8119507E+05,-1.04325E+02
8.8138580E+05,-1.09705E+02
8.8157654E+05,-9.68854E+01
8.8176727E+05,-9.09654E+01
8.8195801E+05,-9.61654E+01
8.8214874E+05,-1.02805E+02
8.8233948E+05,-1.05025E+02
8.8253021E+05,-1.03505E+02
8.8272095E+05,-1.20025E+02
8.8291168E+05,-1.00285E+02
8.8310242E+05,-9.94854E+01
8.8329315E+05,-1.20625E+02
8.8348389E+05,-1.14945E+02
8.8367462E+05,-9.82254E+01
8.8386536E+05,-1.09025E+02
8.8405609E+05,-1.00545E+02
8.8424683E+05,-1.04745E+02
8.8443756E+05,-1.07005E+02
8.8462830E+05,-9.85854E+01
8.8481903E+05,-1.12365E+02
8.8500977E+05,-1.01485E+02
8.8520050E+05,-9.66254E+01
8.8539124E+05,-9.61854E+01
8.8558197E+05,-9.55054E+01
8.8577271E+05,-9.58654E+01
8.8596344E+05,-9.91854E+01
8.8615417E+05,-1.07825E+02
8.8634491E+05,-9.74254E+01
8.8653564E+05,-1.04505E+02
8.8672638E+05,-1.00365E+02
8.8691711E+05,-9.78254E+01
8.8710785E+05,-9.52454E+01
8.8729858E+05,-9.97854E+01
8.8748932E+05,-9.79054E+01
8.8768005E+05,-1.11805E+02
8.8787079E+05,-1.17725E+02
8.8806152E+05,-1.07905E+02
8.8825226E+05,-1.02085E+02
8.8844299E+05,-1.02305E+02
8.8863373E+05,-1.06785E+02
8.8882446E+05,-1.04045E+02
8.8901520E+05,-1.00465E+02
8.8920593E+05,-9.96654E+01
8.8939667E+05,-1.02925E+02
8.8958740E+05,-1.03465E+02
8.8977814E+05,-1.07505E+02
8.8996887E+05,-1.07445E+02
8.9015961E+05,-1.03445E+02
8.9035034E+05,-1.11145E+02
8.9054108E+05,-1.02305E+02
8.9073181E+05,-1.07685E+02
8.9092255E+05,-9.81254E+01
8.9111328E+05,-1.15105E+02
8.9130402E+05,-1.08145E+02
8.9149475E+05,-9.56454E+01
8.9168549E+05,-9.65854E+01
8.9187622E+05,-1.01145E+02
8.9206696E+05,-9.50054E+01
8.9225769E+05,-9.28654E+01
8.9244843E+05,-9.30654E+01
8.9263916E+05,-9.51854E+01
8.9282990E+05,-1.06305E+02
8.9302063E+05,-1.02045E+02
8.9321136E+05,-9.50254E+01
8.9340210E+05,-9.63654E+01
8.9359283E+05,-9.89254E+01
8.9378357E+05,-1.07505E+02
8.9397430E+05,-1.09885E+02
8.9416504E+05,-1.01505E+02
8.9435577E+05,-9.49654E+01
8.9454651E+05,-9.55854E+01
8.9473724E+05,-1.00825E+02
8.9492798E+05,-1.03585E+02
8.9511871E+05,-9.82454E+01
8.9530945E+05,-9.63854E+01
8.9550018E+05,-9.90854E+01
8.9569092E+05,-9.31254E+01
8.9588165E+05,-9.17054E+01
8.9607239E+05,-9.28254E+01
8.9626312E+05,-9.64454E+01
8.9645386E+05,-9.37654E+01
8.9664459E+05,-9.62854E+01
8.9683533E+05,-9.77454E+01
8.9702606E+05,-9.35854E+01
8.9721680E+05,-9.25054E+01
8.9740753E+05,-9.56054E+01
8.9759827E+05,-9.68054E+01
8.9778900E+05,-9.15054E+01
8.9797974E+05,-9.15654E+01
8.9817047E+05,-9.76054E+01
8.9836121E+05,-1.10765E+02
8.9855194E+05,-9.85854E+01
8.9874268E+05,-1.00185E+02
8.9893341E+05,-1.05485E+02
8.9912415E+05,-9.74654E+01
8.9931488E+05,-9.51654E+01
8.9950562E+05,-1.05025E+02
8.9969635E+05,-9.72854E+01
8.9988708E+05,-1.01025E+02
9.0007782E+05,-1.12005E+02
9.0026855E+05,-1.03965E+02
9.0045929E+05,-9.69654E+01
9.0065002E+05,-9.60854E+01
9.0084076E+05,-9.75254E+01
9.0103149E+05,-1.13665E+02
9.0122223E+05,-9.61654E+01
9.0141296E+05,-1.05105E+02
9.0160370E+05,-9.78054E+01
9.0179443E+05,-1.02485E+02
9.0198517E+05,-9.90454E+01
9.0217590E+05,-1.05825E+02
9.0236664E+05,-1.01085E+02
9.0255737E+05,-1.05645E+02
9.0274811E+05,-1.07045E+02
9.0293884E+05,-1.05485E+02
9.0312958E+05,-1.02305E+02
9.0332031E+05,-9.36254E+01
9.0351105E+05,-9.35854E+01
9.0370178E+05,-9.73454E+01
9.0389252E+05,-1.02145E+02
9.0408325E+05,-1.04485E+02
9.0427399E+05,-1.03085E+02
9.0446472E+05,-1.00025E+02
9.0465546E+05,-9.94654E+01
9.0484619E+05,-1.04485E+02
9.0503693E+05,-1.00165E+02
9.0522766E+05,-9.57054E+01
9.0541840E+05,-9.94254E+01
9.0560913E+05,-9.29054E+01
9.0579987E+05,-9.43854E+01
9.0599060E+05,-1.12005E+02
9.0618134E+05,-1.01505E+02
9.0637207E+05,-9.70254E+01
9.0656281E+05,-9.56854E+01
9.0675354E+05,-9.52254E+01
9.0694427E+05,-1.07245E+02
9.0713501E+05,-1.00085E+02
9.0732574E+05,-1.04345E+02
9.0751648E+05,-1.01105E+02
9.0770721E+05,-1.02285E+02
9.0789795E+05,-1.06205E+02
9.0808868E+05,-1.04925E+02
9.0827942E+05,-1.09445E+02
9.0847015E+05,-1.07425E+02
9.0866089E+05,-1.07905E+02
9.0885162E+05,-9.60854E+01
9.0904236E+05,-9.31654E+01
9.0923309E+05,-9.82654E+01
9.0942383E+05,-9.67054E+01
9.0961456E+05,-9.21254E+01
9.0980530E+05,-1.03325E+02
9.0999603E+05,-9.22454E+01
9.1018677E+05,-9.73254E+01
9.1037750E+05,-9.54054E+01
9.1056824E+05,-9.20454E+01
9.1075897E+05,-9.49454E+01
9.1094971E+05,-9.56454E+01
9.1114044E+05,-9.52654E+01
9.1133118E+05,-9.62454E+01
9.1152191E+05,-9.93854E+01
9.1171265E+05,-1.03065E+02
9.1190338E+05,-9.28054E+01
9.1209412E+05,-9.05454E+01
9.1228485E+05,-9.67454E+01
9.1247559E+05,-1.01445E+02
9.1266632E+05,-1.08205E+02
9.1285706E+05,-9.67854E+01
9.1304779E+05,-9.77254E+01
9.1323853E+05,-9.88454E+01
9.1342926E+05,-9.50654E+01
9.1362000E+05,-9.50854E+01
9.1381073E+05,-1.00405E+02
9.1400146E+05,-1.05045E+02
9.1419220E+05,-1.09325E+02
9.1438293E+05,-9.68054E+01
9.1457367E+05,-1.01745E+02
9.1476440E+05,-9.75254E+01
9.1495514E+05,-9.96654E+01
9.1514587E+05,-1.01005E+02
9.1533661E+05,-9.76854E+01
9.1552734E+05,-1.09305E+02
9.1571808E+05,-9.82654E+01
9.1590881E+05,-1.01245E+02
9.1609955E+05,-1.06705E+02
9.1629028E+05,-9.79454E+01
9.1648102E+05,-9.75854E+01
9.1667175E+05,-1.00765E+02
9.1686249E+05,-1.05945E+02
9.1705322E+05,-1.01665E+02
9.1724396E+05,-9.46454E+01
9.1743469E+05,-9.42254E+01
9.1762543E+05,-9.87054E+01
9.1781616E+05,-9.46654E+01
9.1800690E+05,-9.19854E+01
9.1819763E+05,-9.34054E+01
9.1838837E+05,-9.69654E+01
9.1857910E+05,-1.01685E+02
9.1876984E+05,-9.64254E+01
9.1896057E+05,-9.87254E+01
9.1915131E+05,-9.74054E+01
9.1934204E+05,-9.87054E+01
9.1953278E+05,-9.68654E+01
9.1972351E+05,-9.79054E+01
9.1991425E+05,-1.05685E+02
9.2010498E+05,-1.07985E+02
9.2029572E+05,-9.97254E+01
9.2048645E+05,-9.88454E+01
9.2067719E+05,-1.03845E+02
9.2086792E+05,-1.03065E+02
9.2105865E+05,-1.04185E+02
9.2124939E+05,-9.32654E+01
9.2144012E+05,-9.37254E+01
9.2163086E+05,-1.04625E+02
9.2182159E+05,-1.01185E+02
9.2201233E+05,-9.83854E+01
9.2220306E+05,-1.04425E+02
9.2239380E+05,-1.02065E+02
9.2258453E+05,-9.88454E+01
9.2277527E+05,-9.75254E+01
9.2296600E+05,-9.86854E+01
9.2315674E+05,-1.05425E+02
9.2334747E+05,-1.05185E+02
9.2353821E+05,-1.02165E+02
9.2372894E+05,-9.95254E+01
9.2391968E+05,-9.96454E+01
9.2411041E+05,-1.02065E+02
9.2430115E+05,-9.58854E+01
9.2449188E+05,-9.73054E+01
9.2468262E+05,-9.89254E+01
9.2487335E+05,-9.45854E+01
9.2506409E+05,-9.17454E+01
9.2525482E+05,-9.43054E+01
9.2544556E+05,-1.00625E+02
9.2563629E+05,-1.05585E+02
9.2582703E+05,-9.85254E+01
9.2601776E+05,-9.77054E+01
9.2620850E+05,-9.59054E+01
9.2639923E+05,-9.59654E+01
9.2658997E+05,-1.00465E+02
9.2678070E+05,-1.01565E+02
9.2697144E+05,-9.58454E+01
9.2716217E+05,-9.70054E+01
9.2735291E+05,-1.01885E+02
9.2754364E+05,-9.73254E+01
9.2773438E+05,-9.71654E+01
9.2792511E+05,-1.07685E+02
9.2811584E+05,-1.01785E+02
9.2830658E+05,-1.01525E+02
9.2849731E+05,-9.61054E+01
9.2868805E+05,-9.73454E+01
9.2887878E+05,-9.86054E+01
9.2906952E+05,-9.94854E+01
9.2926025E+05,-1.01225E+02
9.2945099E+05,-9.47654E+01
9.2964172E+05,-9.36654E+01
9.2983246E+05,-1.01025E+02
9.3002319E+05,-9.82854E+01
9.3021393E+05,-1.00285E+02
9.3040466E+05,-1.05065E+02
9.3059540E+05,-1.10745E+02
9.3078613E+05,-1.01485E+02
9.3097687E+05,-9.71654E+01
9.3116760E+05,-9.76854E+01
9.3135834E+05,-9.94454E+01
9.3154907E+05,-1.03725E+02
9.3173981E+05,-1.02485E+02
9.3193054E+05,-1.00825E+02
9.3212128E+05,-9.55854E+01
9.3231201E+05,-9.69654E+01
9.3250275E+05,-9.86254E+01
9.3269348E+05,-1.01345E+02
9.3288422E+05,-9.35454E+01
9.3307495E+05,-9.48254E+01
9.3326569E+05,-9.26854E+01
9.3345642E+05,-9.06254E+01
9.3364716E+05,-9.89654E+01
9.3383789E+05,-9.78854E+01
9.3402863E+05,-1.00165E+02
9.3421936E+05,-1.03705E+02
9.3441010E+05,-1.00225E+02
9.3460083E+05,-9.50654E+01
9.3479156E+05,-1.02145E+02
9.3498230E+05,-1.01345E+02
9.3517303E+05,-1.11625E+02
9.3536377E+05,-9.65054E+01
9.3555450E+05,-1.00885E+02
9.3574524E+05,-1.05205E+02
9.3593597E+05,-1.00545E+02
9.3612671E+05,-1.02585E+02
9.3631744E+05,-9.69054E+01
9.3650818E+05,-9.85654E+01
9.3669891E+05,-9.64254E+01
9.3688965E+05,-9.77654E+01
9.3708038E+05,-9.99054E+01
9.3727112E+05,-9.35854E+01
9.3746185E+05,-9.43454E+01
9.3765259E+05,-1.02125E+02
9.3784332E+05,-1.05805E+02
9.3803406E+05,-1.02145E+02
9.3822479E+05,-1.05705E+02
9.3841553E+05,-9.78454E+01
9.3860626E+05,-9.40854E+01
9.3879700E+05,-9.55654E+01
9.3898773E+05,-9.76854E+01
9.3917847E+05,-9.78854E+01
9.3936920E+05,-1.02485E+02
9.3955994E+05,-1.08665E+02
9.3975067E+05,-1.03625E+02
9.3994141E+05,-1.06725E+02
9.4013214E+05,-1.01125E+02
9.4032288E+05,-9.74854E+01
9.4051361E+05,-9.73854E+01
9.4070435E+05,-9.81454E+01
9.4089508E+05,-9.69854E+01
9.4108582E+05,-9.52854E+01
9.4127655E+05,-9.34054E+01
9.4146729E+05,-9.39254E+01
9.4165802E+05,-9.95454E+01
9.4184875E+05,-1.05585E+02
9.4203949E+05,-9.95254E+01
9.4223022E+05,-9.56054E+01
9.4242096E+05,-9.29854E+01
9.4261169E+05,-9.33054E+01
9.4280243E+05,-9.49854E+01
9.4299316E+05,-1.00125E+02
9.4318390E+05,-1.17405E+02
9.4337463E+05,-1.07525E+02
9.4356537E+05,-9.97654E+01
9.4375610E+05,-9.89054E+01
9.4394684E+05,-9.94854E+01
9.4413757E+05,-1.02585E+02
9.4432831E+05,-9.68454E+01
9.4451904E+05,-9.53054E+01
9.4470978E+05,-9.44654E+01
9.4490051E+05,-9.90254E+01
9.4509125E+05,-1.00725E+02
9.4528198E+05,-9.68254E+01
9.4547272E+05,-9.87654E+01
9.4566345E+05,-1.13225E+02
9.4585419E+05,-9.62654E+01
9.4604492E+05,-9.82854E+01
9.4623566E+05,-9.34654E+01
9.4642639E+05,-9.35054E+01
9.4661713E+05,-9.42254E+01
9.4680786E+05,-9.81454E+01
9.4699860E+05,-1.04385E+02
9.4718933E+05,-9.68254E+01
9.4738007E+05,-9.29254E+01
9.4757080E+05,-1.01645E+02
9.4776154E+05,-9.41454E+01
9.4795227E+05,-9.13254E+01
9.4814301E+05,-9.51254E+01
9.4833374E+05,-1.01085E+02
9.4852448E+05,-9.67454E+01
9.4871521E+05,-9.59054E+01
9.4890594E+05,-9.65454E+01
9.4909668E+05,-1.01625E+02
9.4928741E+05,-1.01145E+02
9.4947815E+05,-1.09705E+02
9.4966888E+05,-1.02225E+02
9.4985962E+05,-1.04385E+02
9.5005035E+05,-1.09885E+02
9.5024109E+05,-1.04085E+02
9.5043182E+05,-1.01065E+02
9.5062256E+05,-1.18285E+02
9.5081329E+05,-1.01165E+02
9.5100403E+05,-9.66254E+01
9.5119476E+05,-9.97654E+01
9.5138550E+05,-9.95654E+01
9.5157623E+05,-1.01805E+02
9.5176697E+05,-9.89854E+01
9.5195770E+05,-1.07925E+02
9.5214844E+05,-1.09105E+02
9.5233917E+05,-1.07865E+02
9.5252991E+05,-9.55854E+01
9.5272064E+05,-9.81854E+01
9.5291138E+05,-1.05265E+02
9.5310211E+05,-1.01325E+02
9.5329285E+05,-9.93454E+01
9.5348358E+05,-9.83854E+01
9.5367432E+05,-9.85454E+01
9.5386505E+05,-9.85454E+01
9.5405579E+05,-9.78654E+01
9.5424652E+05,-9.80854E+01
9.5443726E+05,-1.03025E+02
9.5462799E+05,-9.94054E+01
9.5481873E+05,-9.68054E+01
9.5500946E+05,-1.01505E+02
9.5520020E+05,-1.00465E+02
9.5539093E+05,-1.00185E+02
9.5558167E+05,-1.04525E+02
9.5577240E+05,-1.01945E+02
9.5596313E+05,-1.01365E+02
9.5615387E+05,-1.05005E+02
9.5634460E+05,-9.37254E+01
9.5653534E+05,-9.90454E+01
9.5672607E+05,-1.00885E+02
9.5691681E+05,-9.86654E+01
9.5710754E+05,-9.29854E+01
9.5729828E+05,-1.05345E+02
9.5748901E+05,-9.24254E+01
9.5767975E+05,-9.07654E+01
9.5787048E+05,-9.55054E+01
9.5806122E+05,-9.83454E+01
9.5825195E+05,-9.54254E+01
9.5844269E+05,-9.63654E+01
9.5863342E+05,-9.91054E+01
9.5882416E+05,-9.79054E+01
9.5901489E+05,-9.45454E+01
9.5920563E+05,-9.52454E+01
9.5939636E+05,-9.92054E+01
9.5958710E+05,-9.47054E+01
9.5977783E+05,-9.39254E+01
9.5996857E+05,-9.79854E+01
9.6015930E+05,-1.04185E+02
9.6035004E+05,-9.96054E+01
9.6054077E+05,-1.03505E+02
9.6073151E+05,-9.87454E+01
9.6092224E+05,-9.09254E+01
9.6111298E+05,-9.37654E+01
9.6130371E+05,-1.04725E+02
9.6149445E+05,-1.00085E+02
9.6168518E+05,-9.46254E+01
9.6187592E+05,-9.44654E+01
9.6206665E+05,-1.04365E+02
9.6225739E+05,-1.00465E+02
9.6244812E+05,-9.75854E+01
9.6263885E+05,-1.09345E+02
9.6282959E+05,-1.04745E+02
9.6302032E+05,-1.01905E+02
9.6321106E+05,-9.83054E+01
9.6340179E+05,-1.00825E+02
9.6359253E+05,-1.04425E+02
9.6378326E+05,-9.34654E+01
9.6397400E+05,-9.30254E+01
9.6416473E+05,-1.00705E+02
9.6435547E+05,-1.00785E+02
9.6454620E+05,-1.00385E+02
9.6473694E+05,-1.00945E+02
9.6492767E+05,-1.03085E+02
9.6511841E+05,-1.05705E+02
9.6530914E+05,-9.97654E+01
9.6549988E+05,-1.04605E+02
9.6569061E+05,-1.06505E+02
9.6588135E+05,-1.10225E+02
9.6607208E+05,-1.06525E+02
9.6626282E+05,-9.38054E+01
9.6645355E+05,-9.30854E+01
9.6664429E+05,-9.84854E+01
9.6683502E+05,-1.06345E+02
9.6702576E+05,-1.13585E+02
9.6721649E+05,-1.27005E+02
9.6740723E+05,-1.04005E+02
9.6759796E+05,-1.04265E+02
9.6778870E+05,-1.08285E+02
9.6797943E+05,-9.66454E+01
9.6817017E+05,-9.58054E+01
9.6836090E+05,-9.60854E+01
9.6855164E+05,-9.34654E+01
9.6874237E+05,-9.56854E+01
9.6893311E+05,-9.67254E+01
9.6912384E+05,-9.77854E+01
9.6931458E+05,-9.81254E+01
9.6950531E+05,-9.48854E+01
9.6969604E+05,-9.56254E+01
9.6988678E+05,-9.53854E+01
9.7007751E+05,-9.27054E+01
9.7026825E+05,-1.07725E+02
9.7045898E+05,-9.88854E+01
9.7064972E+05,-1.04045E+02
9.7084045E+05,-1.13225E+02
9.7103119E+05,-9.84454E+01
9.7122192E+05,-9.34654E+01
9.7141266E+05,-1.03725E+02
9.7160339E+05,-1.05225E+02
9.7179413E+05,-1.02585E+02
9.7198486E+05,-1.00245E+02
9.7217560E+05,-1.12905E+02
9.7236633E+05,-1.02325E+02
9.7255707E+05,-9.98454E+01
9.7274780E+05,-9.52454E+01
9.7293854E+05,-9.57254E+01
9.7312927E+05,-1.10645E+02
9.7332001E+05,-1.02385E+02
9.7351074E+05,-1.00225E+02
9.7370148E+05,-9.82254E+01
9.7389221E+05,-1.13725E+02
9.7408295E+05,-9.74254E+01
9.7427368E+05,-9.72254E+01
9.7446442E+05,-1.01185E+02
9.7465515E+05,-9.83454E+01
9.7484589E+05,-9.76854E+01
9.7503662E+05,-9.72854E+01
9.7522736E+05,-9.15654E+01
9.7541809E+05,-9.08854E+01
9.7560883E+05,-9.51054E+01
9.7579956E+05,-9.27654E+01
9.7599030E+05,-9.10454E+01
9.7618103E+05,-9.23654E+01
9.7637177E+05,-1.01225E+02
9.7656250E+05,-1.00745E+02
9.7675323E+05,-9.74454E+01
9.7694397E+05,-9.97654E+01
9.7713470E+05,-1.02045E+02
9.7732544E+05,-1.02525E+02
9.7751617E+05,-1.09525E+02
9.7770691E+05,-9.90054E+01
9.7789764E+05,-9.32654E+01
9.7808838E+05,-9.62454E+01
9.7827911E+05,-9.95654E+01
9.7846985E+05,-1.00345E+02
9.7866058E+05,-1.00485E+02
9.7885132E+05,-9.86654E+01
9.7904205E+05,-9.88654E+01
9.7923279E+05,-9.31854E+01
9.7942352E+05,-1.01625E+02
9.7961426E+05,-1.06105E+02
9.7980499E+05,-1.09325E+02
9.7999573E+05,-1.01365E+02
9.8018646E+05,-9.53054E+01
9.8037720E+05,-9.64854E+01
9.8056793E+05,-9.92654E+01
9.8075867E+05,-1.04645E+02
9.8094940E+05,-1.06385E+02
9.8114014E+05,-9.74054E+01
9.8133087E+05,-1.00805E+02
9.8152161E+05,-9.76854E+01
9.8171234E+05,-9.20654E+01
9.8190308E+05,-9.24854E+01
9.8209381E+05,-9.44854E+01
9.8228455E+05,-1.07505E+02
9.8247528E+05,-1.11245E+02
9.8266602E+05,-9.56454E+01
9.8285675E+05,-9.48654E+01
9.8304749E+05,-9.35454E+01
9.8323822E+05,-1.01745E+02
9.8342896E+05,-1.01365E+02
9.8361969E+05,-9.30654E+01
9.8381042E+05,-9.13854E+01
9.8400116E+05,-9.35454E+01
9.8419189E+05,-9.51054E+01
9.8438263E+05,-1.01525E+02
9.8457336E+05,-9.62254E+01
9.8476410E+05,-9.59854E+01
9.8495483E+05,-1.05265E+02
9.8514557E+05,-9.33654E+01
9.8533630E+05,-9.44454E+01
9.8552704E+05,-1.02045E+02
9.8571777E+05,-1.00345E+02
9.8590851E+05,-1.08465E+02
9.8609924E+05,-1.04085E+02
9.8628998E+05,-1.13765E+02
9.8648071E+05,-9.94854E+01
9.8667145E+05,-9.98454E+01
9.8686218E+05,-1.17625E+02
9.8705292E+05,-1.11445E+02
9.8724365E+05,-1.00345E+02
9.8743439E+05,-9.55254E+01
9.8762512E+05,-1.01185E+02
9.8781586E+05,-1.03885E+02
9.8800659E+05,-9.74854E+01
9.8819733E+05,-9.74454E+01
9.8838806E+05,-1.04225E+02
9.8857880E+05,-9.60454E+01
9.8876953E+05,-9.40054E+01
9.8896027E+05,-9.87454E+01
9.8915100E+05,-1.02285E+02
9.8934174E+05,-1.04005E+02
9.8953247E+05,-9.69454E+01
9.8972321E+05,-9.38054E+01
9.8991394E+05,-1.03085E+02
9.9010468E+05,-9.82654E+01
9.9029541E+05,-9.35054E+01
9.9048615E+05,-9.12054E+01
9.9067688E+05,-9.51254E+01
9.9086761E+05,-1.02865E+02
9.9105835E+05,-1.18045E+02
9.9124908E+05,-1.02445E+02
9.9143982E+05,-1.04605E+02
9.9163055E+05,-1.00565E+02
9.9182129E+05,-9.56454E+01
9.9201202E+05,-1.01965E+02
9.9220276E+05,-1.03885E+02
9.9239349E+05,-9.66454E+01
9.9258423E+05,-9.38054E+01
9.9277496E+05,-9.85854E+01
9.9296570E+05,-1.03065E+02
9.9315643E+05,-9.33654E+01
9.9334717E+05,-8.93854E+01
9.9353790E+05,-9.53654E+01
9.9372864E+05,-9.65254E+01
9.9391937E+05,-9.81254E+01
9.9411011E+05,-1.06365E+02
9.9430084E+05,-1.00905E+02
9.9449158E+05,-9.90054E+01
9.9468231E+05,-1.16545E+02
9.9487305E+05,-9.79454E+01
9.9506378E+05,-9.29854E+01
9.9525452E+05,-9.29054E+01
9.9544525E+05,-9.54654E+01
9.9563599E+05,-9.76854E+01
9.9582672E+05,-1.06345E+02
9.9601746E+05,-1.12245E+02
9.9620819E+05,-1.03305E+02
9.9639893E+05,-1.00925E+02
9.9658966E+05,-1.00505E+02
9.9678040E+05,-1.01145E+02
9.9697113E+05,-1.05365E+02
9.9716187E+05,-9.99054E+01
9.9735260E+05,-1.08765E+02
9.9754333E+05,-1.01625E+02
9.9773407E+05,-9.83854E+01
9.9792480E+05,-9.71654E+01
9.9811554E+05,-9.80254E+01
9.9830627E+05,-9.90454E+01
9.9849701E+05,-1.00225E+02
9.9868774E+05,-9.91654E+01
9.9887848E+05,-9.27454E+01
9.9906921E+05,-9.19454E+01
9.9925995E+05,-9.60254E+01
9.9945068E+05,-1.17585E+02
9.9964142E+05,-9.77454E+01
9.9983215E+05,-9.75454E+01
1.0000229E+06,-1.10965E+02
1.0002136E+06,-1.06665E+02
1.0004044E+06,-1.04545E+02
1.0005951E+06,-1.00665E+02
1.0007858E+06,-1.15065E+02
1.0009766E+06,-1.05745E+02
1.0011673E+06,-9.88654E+01
1.0013580E+06,-9.85654E+01
1.0015488E+06,-1.03545E+02
1.0017395E+06,-1.08005E+02
1.0019302E+06,-9.47054E+01
1.0021210E+06,-9.56054E+01
1.0023117E+06,-1.01105E+02
1.0025024E+06,-1.01645E+02
1.0026932E+06,-9.93054E+01
1.0028839E+06,-1.02905E+02
1.0030746E+06,-1.02085E+02
1.0032654E+06,-1.04765E+02
1.0034561E+06,-9.54254E+01
1.0036469E+06,-9.48654E+01
1.0038376E+06,-1.02905E+02
1.0040283E+06,-1.07585E+02
1.0042191E+06,-9.81854E+01
1.0044098E+06,-1.01885E+02
1.0046005E+06,-1.06645E+02
1.0047913E+06,-1.02125E+02
1.0049820E+06,-9.73454E+01
1.0051727E+06,-9.93054E+01
1.0053635E+06,-1.00045E+02
1.0055542E+06,-9.82254E+01
1.0057449E+06,-9.91654E+01
1.0059357E+06,-1.01965E+02
1.0061264E+06,-1.04465E+02
1.0063171E+06,-9.69254E+01
1.0065079E+06,-9.55854E+01
1.0066986E+06,-9.66454E+01
1.0068893E+06,-1.04525E+02
1.0070801E+06,-9.44654E+01
1.0072708E+06,-1.00865E+02
1.0074615E+06,-1.00605E+02
1.0076523E+06,-9.71254E+01
1.0078430E+06,-9.38454E+01
1.0080338E+06,-1.08465E+02
1.0082245E+06,-1.09365E+02
1.0084152E+06,-1.04305E+02
1.0086060E+06,-9.92254E+01
1.0087967E+06,-1.03085E+02
1.0089874E+06,-9.70254E+01
1.0091782E+06,-9.20054E+01
1.0093689E+06,-9.09454E+01
1.0095596E+06,-9.21654E+01
1.0097504E+06,-1.00745E+02
1.0099411E+06,-9.80654E+01
1.0101318E+06,-9.65254E+01
1.0103226E+06,-1.08805E+02
1.0105133E+06,-1.06565E+02
1.0107040E+06,-9.90254E+01
1.0108948E+06,-9.73654E+01
1.0110855E+06,-9.80054E+01
1.0112762E+06,-9.80054E+01
1.0114670E+06,-9.64254E+01
1.0116577E+06,-9.39254E+01
1.0118484E+06,-9.92454E+01
1.0120392E+06,-9.52254E+01
1.0122299E+06,-9.49054E+01
1.0124207E+06,-9.56454E+01
1.0126114E+06,-1.02085E+02
1.0128021E+06,-9.99854E+01
1.0129929E+06,-1.02825E+02
1.0131836E+06,-9.88054E+01
1.0133743E+06,-9.40454E+01
1.0135651E+06,-1.03325E+02
1.0137558E+06,-9.95454E+01
1.0139465E+06,-1.10705E+02
1.0141373E+06,-9.67054E+01
1.0143280E+06,-9.02454E+01
1.0145187E+06,-9.34654E+01
1.0147095E+06,-1.08025E+02
1.0149002E+06,-9.96054E+01
1.0150909E+06,-9.88054E+01
1.0152817E+06,-1.05265E+02
1.0154724E+06,-1.01965E+02
1.0156631E+06,-9.54254E+01
1.0158539E+06,-9.34454E+01
1.0160446E+06,-9.38854E+01
1.0162354E+06,-9.74254E+01
1.0164261E+06,-1.00605E+02
1.0166168E+06,-1.08325E+02
1.0168076E+06,-9.74654E+01
1.0169983E+06,-9.94854E+01
1.0171890E+06,-9.94654E+01
1.0173798E+06,-1.01165E+02
1.0175705E+06,-1.09305E+02
1.0177612E+06,-1.02445E+02
1.0179520E+06,-1.00605E+02
1.0181427E+06,-1.04525E+02
1.0183334E+06,-1.26485E+02
1.0185242E+06,-9.92454E+01
1.0187149E+06,-9.66654E+01
1.0189056E+06,-9.79854E+01
1.0190964E+06,-1.16425E+02
1.0192871E+06,-9.75654E+01
1.0194778E+06,-9.98254E+01
1.0196686E+06,-1.08145E+02
1.0198593E+06,-1.04345E+02
1.0200500E+06,-9.59054E+01
1.0202408E+06,-9.58254E+01
1.0204315E+06,-9.47654E+01
1.0206223E+06,-9.26854E+01
1.0208130E+06,-9.31854E+01
1.0210037E+06,-1.07965E+02
1.0211945E+06,-9.56054E+01
1.0213852E+06,-9.80654E+01
1.0215759E+06,-9.68254E+01
1.0217667E+06,-9.87654E+01
1.0219574E+06,-9.84254E+01
1.0221481E+06,-9.89254E+01
1.0223389E+06,-9.88054E+01
1.0225296E+06,-1.01165E+02
1.0227203E+06,-9.66254E+01
1.0229111E+06,-9.29054E+01
1.0231018E+06,-9.32654E+01
1.0232925E+06,-1.00165E+02
1.0234833E+06,-1.09325E+02
1.0236740E+06,-1.04005E+02
1.0238647E+06,-9.53254E+01
1.0240555E+06,-9.19454E+01
1.0242462E+06,-9.53254E+01
1.0244370E+06,-1.02245E+02
1.0246277E+06,-9.70654E+01
1.0248184E+06,-1.05025E+02
1.0250092E+06,-1.06745E+02
1.0251999E+06,-9.83054E+01
1.0253906E+06,-9.99454E+01
1.0255814E+06,-1.06025E+02
1.0257721E+06,-9.77654E+01
1.0259628E+06,-9.60454E+01
1.0261536E+06,-9.82854E+01
1.0263443E+06,-1.08805E+02
1.0265350E+06,-1.01085E+02
1.0267258E+06,-9.84654E+01
1.0269165E+06,-1.04225E+02
1.0271072E+06,-9.73854E+01
1.0272980E+06,-1.00445E+02
1.0274887E+06,-9.81854E+01
1.0276794E+06,-1.00785E+02
1.0278702E+06,-1.05225E+02
1.0280609E+06,-1.09445E+02
1.0282516E+06,-1.02865E+02
1.0284424E+06,-1.02825E+02
1.0286331E+06,-1.06625E+02
1.0288239E+06,-9.98454E+01
1.0290146E+06,-9.25854E+01
1.0292053E+06,-9.54254E+01
1.0293961E+06,-1.06405E+02
1.0295868E+06,-9.20854E+01
1.0297775E+06,-9.01054E+01
1.0299683E+06,-9.60254E+01
1.0301590E+06,-9.84054E+01
1.0303497E+06,-1.00105E+02
1.0305405E+06,-1.02445E+02
1.0307312E+06,-9.96254E+01
1.0309219E+06,-9.47654E+01
1.0311127E+06,-9.79854E+01
1.0313034E+06,-9.76054E+01
1.0314941E+06,-1.05905E+02
1.0316849E+06,-1.01885E+02
1.0318756E+06,-1.00265E+02
1.0320663E+06,-1.09465E+02
1.0322571E+06,-1.12805E+02
1.0324478E+06,-1.05905E+02
1.0326385E+06,-1.04085E+02
1.0328293E+06,-1.03125E+02
1.0330200E+06,-1.03365E+02
1.0332108E+06,-1.00385E+02
1.0334015E+06,-9.10454E+01
1.0335922E+06,-8.90854E+01
1.0337830E+06,-9.15654E+01
1.0339737E+06,-9.70054E+01
1.0341644E+06,-1.04905E+02
1.0343552E+06,-9.39654E+01
1.0345459E+06,-9.25054E+01
1.0347366E+06,-1.02505E+02
1.0349274E+06,-9.91454E+01
1.0351181E+06,-9.61054E+01
1.0353088E+06,-9.63054E+01
1.0354996E+06,-9.72854E+01
1.0356903E+06,-1.17365E+02
1.0358810E+06,-9.51054E+01
1.0360718E+06,-9.39654E+01
1.0362625E+06,-9.38454E+01
1.0364532E+06,-9.35054E+01
1.0366440E+06,-9.62654E+01
1.0368347E+06,-9.92054E+01
1.0370255E+06,-9.91254E+01
1.0372162E+06,-9.56654E+01
1.0374069E+06,-9.58454E+01
1.0375977E+06,-9.70854E+01
1.0377884E+06,-9.79454E+01
1.0379791E+06,-9.53854E+01
1.0381699E+06,-1.08565E+02
1.0383606E+06,-9.90454E+01
1.0385513E+06,-9.75854E+01
1.0387421E+06,-1.00245E+02
1.0389328E+06,-1.09625E+02
1.0391235E+06,-9.54054E+01
1.0393143E+06,-9.20854E+01
1.0395050E+06,-9.64454E+01
1.0396957E+06,-9.49454E+01
1.0398865E+06,-9.61054E+01
1.0400772E+06,-1.00765E+02
1.0402679E+06,-1.02825E+02
1.0404587E+06,-1.00725E+02
1.0406494E+06,-9.99054E+01
1.0408401E+06,-9.49254E+01
1.0410309E+06,-9.30854E+01
1.0412216E+06,-9.41454E+01
1.0414124E+06,-1.02085E+02
1.0416031E+06,-9.71454E+01
1.0417938E+06,-9.39654E+01
1.0419846E+06,-9.35454E+01
1.0421753E+06,-9.74854E+01
1.0423660E+06,-9.94654E+01
1.0425568E+06,-9.45454E+01
1.0427475E+06,-9.49654E+01
1.0429382E+06,-1.02625E+02
1.0431290E+06,-9.83054E+01
1.0433197E+06,-1.03965E+02
1.0435104E+06,-9.98254E+01
1.0437012E+06,-9.87254E+01
1.0438919E+06,-9.88254E+01
1.0440826E+06,-1.01565E+02
1.0442734E+06,-1.01545E+02
1.0444641E+06,-1.05705E+02
1.0446548E+06,-1.04665E+02
1.0448456E+06,-9.91454E+01
1.0450363E+06,-9.44654E+01
1.0452271E+06,-9.35454E+01
1.0454178E+06,-1.00065E+02
1.0456085E+06,-9.78654E+01
1.0457993E+06,-9.85454E+01
1.0459900E+06,-1.04345E+02
1.0461807E+06,-9.94654E+01
1.0463715E+06,-1.00125E+02
1.0465622E+06,-9.72454E+01
1.0467529E+06,-1.00605E+02
1.0469437E+06,-9.50054E+01
1.0471344E+06,-9.06054E+01
1.0473251E+06,-9.19654E+01
1.0475159E+06,-9.86654E+01
1.0477066E+06,-1.01585E+02
1.0478973E+06,-1.06505E+02
1.0480881E+06,-9.53454E+01
1.0482788E+06,-9.04854E+01
1.0484695E+06,-9.31654E+01
1.0486603E+06,-9.98454E+01
1.0488510E+06,-9.98854E+01
1.0490417E+06,-1.04045E+02
1.0492325E+06,-1.10105E+02
1.0494232E+06,-1.01625E+02
1.0496140E+06,-9.42254E+01
1.0498047E+06,-9.23254E+01
1.0499954E+06,-9.82454E+01
1.0501862E+06,-1.11345E+02
1.0503769E+06,-1.01145E+02
1.0505676E+06,-1.26605E+02
1.0507584E+06,-1.02045E+02
1.0509491E+06,-9.80854E+01
1.0511398E+06,-9.33054E+01
1.0513306E+06,-9.16454E+01
1.0515213E+06,-9.33054E+01
1.0517120E+06,-9.41454E+01
1.0519028E+06,-9.59854E+01
1.0520935E+06,-1.02445E+02
1.0522842E+06,-1.12505E+02
1.0524750E+06,-1.03545E+02
1.0526657E+06,-1.00925E+02
1.0528564E+06,-1.05345E+02
1.0530472E+06,-9.58254E+01
1.0532379E+06,-9.43854E+01
1.0534286E+06,-9.90854E+01
1.0536194E+06,-1.16985E+02
1.0538101E+06,-1.00445E+02
1.0540009E+06,-9.80254E+01
1.0541916E+06,-9.66854E+01
1.0543823E+06,-9.93854E+01
1.0545731E+06,-9.86454E+01
1.0547638E+06,-9.49854E+01
1.0549545E+06,-9.71854E+01
1.0551453E+06,-1.09225E+02
1.0553360E+06,-1.04465E+02
1.0555267E+06,-1.05345E+02
1.0557175E+06,-1.01005E+02
1.0559082E+06,-1.04565E+02
1.0560989E+06,-1.08085E+02
1.0562897E+06,-9.60454E+01
1.0564804E+06,-9.93854E+01
1.0566711E+06,-9.59654E+01
1.0568619E+06,-9.20454E+01
1.0570526E+06,-1.06565E+02
1.0572433E+06,-9.79854E+01
1.0574341E+06,-1.04005E+02
1.0576248E+06,-9.35054E+01
1.0578156E+06,-9.83454E+01
1.0580063E+06,-9.42854E+01
1.0581970E+06,-8.98454E+01
1.0583878E+06,-9.50654E+01
1.0585785E+06,-9.62454E+01
1.0587692E+06,-9.43254E+01
1.0589600E+06,-1.01405E+02
1.0591507E+06,-1.01745E+02
1.0593414E+06,-1.02645E+02
1.0595322E+06,-1.03185E+02
1.0597229E+06,-9.96654E+01
1.0599136E+06,-1.02525E+02
1.0601044E+06,-1.12805E+02
1.0602951E+06,-9.61454E+01
1.0604858E+06,-9.29854E+01
1.0606766E+06,-1.04845E+02
1.0608673E+06,-9.70654E+01
1.0610580E+06,-1.00325E+02
1.0612488E+06,-1.12145E+02
1.0614395E+06,-9.96454E+01
1.0616302E+06,-9.77454E+01
1.0618210E+06,-9.63254E+01
1.0620117E+06,-1.00505E+02
1.0622025E+06,-1.04585E+02
1.0623932E+06,-9.98854E+01
1.0625839E+06,-1.01085E+02
1.0627747E+06,-9.88254E+01
1.0629654E+06,-1.03305E+02
1.0631561E+06,-1.07945E+02
1.0633469E+06,-1.10245E+02
1.0635376E+06,-1.03225E+02
1.0637283E+06,-9.86854E+01
1.0639191E+06,-9.25654E+01
1.0641098E+06,-9.23854E+01
1.0643005E+06,-9.67454E+01
1.0644913E+06,-1.01025E+02
1.0646820E+06,-1.00025E+02
1.0648727E+06,-1.02985E+02
1.0650635E+06,-1.12045E+02
1.0652542E+06,-9.76854E+01
1.0654449E+06,-9.98854E+01
1.0656357E+06,-1.03545E+02
1.0658264E+06,-1.10285E+02
1.0660172E+06,-1.09845E+02
1.0662079E+06,-1.10225E+02
1.0663986E+06,-1.11405E+02
1.0665894E+06,-1.08025E+02
1.0667801E+06,-9.73254E+01
1.0669708E+06,-9.71054E+01
1.0671616E+06,-1.07205E+02
1.0673523E+06,-9.37254E+01
1.0675430E+06,-9.20854E+01
1.0677338E+06,-9.82254E+01
1.0679245E+06,-1.19545E+02
1.0681152E+06,-1.01625E+02
1.0683060E+06,-9.81654E+01
1.0684967E+06,-9.91654E+01
1.0686874E+06,-1.02865E+02
1.0688782E+06,-1.00545E+02
1.0690689E+06,-1.09605E+02
1.0692596E+06,-1.02165E+02
1.0694504E+06,-1.01885E+02
1.0696411E+06,-9.46854E+01
1.0698318E+06,-9.42854E+01
1.0700226E+06,-1.10625E+02
1.0702133E+06,-9.95454E+01
1.0704041E+06,-9.67254E+01
1.0705948E+06,-9.05854E+01
1.0707855E+06,-9.98454E+01
1.0709763E+06,-9.81054E+01
1.0711670E+06,-9.37254E+01
1.0713577E+06,-9.00454E+01
1.0715485E+06,-9.25054E+01
1.0717392E+06,-1.06225E+02
1.0719299E+06,-1.08045E+02
1.0721207E+06,-1.04725E+02
1.0723114E+06,-9.72454E+01
1.0725021E+06,-1.01665E+02
1.0726929E+06,-1.07625E+02
1.0728836E+06,-1.00705E+02
1.0730743E+06,-9.97654E+01
1.0732651E+06,-1.16425E+02
1.0734558E+06,-9.94854E+01
1.0736465E+06,-9.64254E+01
1.0738373E+06,-9.87654E+01
1.0740280E+06,-1.02505E+02
1.0742188E+06,-9.80854E+01
1.0744095E+06,-9.94254E+01
1.0746002E+06,-1.03065E+02
1.0747910E+06,-9.62054E+01
1.0749817E+06,-1.00505E+02
1.0751724E+06,-9.86454E+01
1.0753632E+06,-9.72054E+01
1.0755539E+06,-9.39654E+01
1.0757446E+06,-9.52854E+01
1.0759354E+06,-9.88254E+01
1.0761261E+06,-1.10025E+02
1.0763168E+06,-1.03185E+02
1.0765076E+06,-9.77254E+01
1.0766983E+06,-1.00025E+02
1.0768890E+06,-1.02485E+02
1.0770798E+06,-9.20054E+01
1.0772705E+06,-9.10654E+01
1.0774612E+06,-1.05105E+02
1.0776520E+06,-1.05265E+02
1.0778427E+06,-1.08065E+02
1.0780334E+06,-9.93454E+01
1.0782242E+06,-9.49454E+01
1.0784149E+06,-9.52454E+01
1.0786057E+06,-9.77254E+01
1.0787964E+06,-1.06225E+02
1.0789871E+06,-1.05705E+02
1.0791779E+06,-1.05045E+02
1.0793686E+06,-1.04865E+02
1.0795593E+06,-9.65654E+01
1.0797501E+06,-9.29854E+01
1.0799408E+06,-9.44454E+01
1.0801315E+06,-9.35454E+01
1.0803223E+06,-9.58254E+01
1.0805130E+06,-1.03445E+02
1.0807037E+06,-1.02645E+02
1.0808945E+06,-1.06825E+02
1.0810852E+06,-1.01085E+02
1.0812759E+06,-9.94854E+01
1.0814667E+06,-1.12065E+02
1.0816574E+06,-1.06605E+02
1.0818481E+06,-9.59454E+01
1.0820389E+06,-9.50054E+01
1.0822296E+06,-9.76254E+01
1.0824203E+06,-1.00765E+02
1.0826111E+06,-9.49854E+01
1.0828018E+06,-9.85054E+01
1.0829926E+06,-9.93054E+01
1.0831833E+06,-9.31654E+01
1.0833740E+06,-9.35854E+01
1.0835648E+06,-9.80854E+01
1.0837555E+06,-1.02225E+02
1.0839462E+06,-9.62654E+01
1.0841370E+06,-9.07454E+01
1.0843277E+06,-9.40454E+01
1.0845184E+06,-1.03805E+02
1.0847092E+06,-9.54054E+01
1.0848999E+06,-1.14185E+02
1.0850906E+06,-9.53654E+01
1.0852814E+06,-9.76454E+01
1.0854721E+06,-9.98854E+01
1.0856628E+06,-9.48054E+01
1.0858536E+06,-9.36654E+01
1.0860443E+06,-9.60054E+01
1.0862350E+06,-9.65854E+01
1.0864258E+06,-1.01025E+02
1.0866165E+06,-9.48454E+01
1.0868073E+06,-9.30854E+01
1.0869980E+06,-9.69854E+01
1.0871887E+06,-1.04325E+02
1.0873795E+06,-9.90454E+01
1.0875702E+06,-9.52854E+01
1.0877609E+06,-9.63054E+01
1.0879517E+06,-9.68854E+01
1.0881424E+06,-9.80454E+01
1.0883331E+06,-9.67454E+01
1.0885239E+06,-9.45054E+01
1.0887146E+06,-9.97254E+01
1.0889053E+06,-9.67054E+01
1.0890961E+06,-9.83254E+01
1.0892868E+06,-9.11054E+01
1.0894775E+06,-9.30854E+01
1.0896683E+06,-1.01365E+02
1.0898590E+06,-1.05925E+02
1.0900497E+06,-9.47454E+01
1.0902405E+06,-9.45254E+01
1.0904312E+06,-1.05225E+02
1.0906219E+06,-9.55454E+01
1.0908127E+06,-9.70654E+01
1.0910034E+06,-1.04925E+02
1.0911942E+06,-1.00365E+02
1.0913849E+06,-1.01145E+02
1.0915756E+06,-9.51854E+01
1.0917664E+06,-9.47654E+01
1.0919571E+06,-1.08885E+02
1.0921478E+06,-9.66054E+01
1.0923386E+06,-9.68654E+01
1.0925293E+06,-9.61254E+01
1.0927200E+06,-1.00885E+02
1.0929108E+06,-1.00685E+02
1.0931015E+06,-9.81654E+01
1.0932922E+06,-1.02325E+02
1.0934830E+06,-1.01685E+02
1.0936737E+06,-1.02765E+02
1.0938644E+06,-1.01885E+02
1.0940552E+06,-1.04085E+02
1.0942459E+06,-1.05305E+02
1.0944366E+06,-1.01085E+02
1.0946274E+06,-1.06265E+02
1.0948181E+06,-9.66454E+01
1.0950089E+06,-9.38054E+01
1.0951996E+06,-9.50254E+01
1.0953903E+06,-9.48454E+01
1.0955811E+06,-9.48254E+01
1.0957718E+06,-9.34654E+01
1.0959625E+06,-9.82854E+01
1.0961533E+06,-1.08085E+02
1.0963440E+06,-9.99254E+01
1.0965347E+06,-9.82654E+01
1.0967255E+06,-9.64854E+01
1.0969162E+06,-1.03665E+02
1.0971069E+06,-1.02045E+02
1.0972977E+06,-1.06285E+02
1.0974884E+06,-9.68854E+01
1.0976791E+06,-9.70054E+01
1.0978699E+06,-9.88654E+01
1.0980606E+06,-9.58254E+01
1.0982513E+06,-9.45254E+01
1.0984421E+06,-1.00245E+02
1.0986328E+06,-1.06265E+02
1.0988235E+06,-1.03765E+02
1.0990143E+06,-1.00485E+02
1.0992050E+06,-9.46454E+01
1.0993958E+06,-9.57254E+01
1.0995865E+06,-1.05645E+02
1.0997772E+06,-9.28254E+01
1.0999680E+06,-8.75254E+01
1.1001587E+06,-9.50454E+01
1.1003494E+06,-9.11254E+01
1.1005402E+06,-9.33254E+01
1.1007309E+06,-1.00365E+02
1.1009216E+06,-1.05285E+02
1.1011124E+06,-9.91654E+01
1.1013031E+06,-9.77454E+01
1.1014938E+06,-9.35054E+01
1.1016846E+06,-9.21254E+01
1.1018753E+06,-9.33654E+01
1.1020660E+06,-9.65054E+01
1.1022568E+06,-1.00365E+02
1.1024475E+06,-9.43254E+01
1.1026382E+06,-9.50254E+01
1.1028290E+06,-9.83854E+01
1.1030197E+06,-9.96054E+01
1.1032104E+06,-1.07745E+02
1.1034012E+06,-1.00765E+02
1.1035919E+06,-9.65054E+01
1.1037827E+06,-9.57054E+01
1.1039734E+06,-9.39254E+01
1.1041641E+06,-9.22854E+01
1.1043549E+06,-9.08254E+01
1.1045456E+06,-9.72054E+01
1.1047363E+06,-1.20625E+02
1.1049271E+06,-9.84054E+01
1.1051178E+06,-9.77054E+01
1.1053085E+06,-9.75254E+01
1.1054993E+06,-1.04185E+02
1.1056900E+06,-1.08985E+02
1.1058807E+06,-1.06845E+02
1.1060715E+06,-1.00325E+02
1.1062622E+06,-9.63254E+01
1.1064529E+06,-9.91454E+01
1.1066437E+06,-1.15525E+02
1.1068344E+06,-1.08285E+02
1.1070251E+06,-1.06305E+02
1.1072159E+06,-9.90654E+01
1.1074066E+06,-9.94854E+01
1.1075974E+06,-1.01025E+02
1.1077881E+06,-9.79254E+01
1.1079788E+06,-9.34654E+01
1.1081696E+06,-9.42854E+01
1.1083603E+06,-9.54254E+01
1.1085510E+06,-9.91654E+01
1.1087418E+06,-1.10425E+02
1.1089325E+06,-1.02425E+02
1.1091232E+06,-1.02485E+02
1.1093140E+06,-1.04905E+02
1.1095047E+06,-1.11165E+02
1.1096954E+06,-1.11085E+02
1.1098862E+06,-1.16605E+02
1.1100769E+06,-1.05825E+02
1.1102676E+06,-1.00125E+02
1.1104584E+06,-9.60454E+01
1.1106491E+06,-9.72454E+01
1.1108398E+06,-9.85854E+01
1.1110306E+06,-1.03465E+02
1.1112213E+06,-9.89654E+01
1.1114120E+06,-1.15465E+02
1.1116028E+06,-1.16625E+02
1.1117935E+06,-9.99854E+01
1.1119843E+06,-1.00065E+02
1.1121750E+06,-1.04045E+02
1.1123657E+06,-9.82254E+01
1.1125565E+06,-8.41454E+01
1.1127472E+06,-8.08654E+01
1.1129379E+06,-8.82854E+01
1.1131287E+06,-1.06605E+02
1.1133194E+06,-9.58854E+01
1.1135101E+06,-9.22454E+01
1.1137009E+06,-9.50454E+01
1.1138916E+06,-1.03765E+02
1.1140823E+06,-1.00005E+02
1.1142731E+06,-9.49054E+01
1.1144638E+06,-9.49054E+01
1.1146545E+06,-9.40854E+01
1.1148453E+06,-9.54854E+01
1.1150360E+06,-9.70654E+01
1.1152267E+06,-9.43854E+01
1.1154175E+06,-9.71654E+01
1.1156082E+06,-1.00485E+02
1.1157990E+06,-9.61854E+01
1.1159897E+06,-9.29254E+01
1.1161804E+06,-9.17054E+01
1.1163712E+06,-9.65454E+01
1.1165619E+06,-1.00125E+02
1.1167526E+06,-1.01905E+02
1.1169434E+06,-1.03965E+02
1.1171341E+06,-1.03085E+02
1.1173248E+06,-9.96654E+01
1.1175156E+06,-1.07285E+02
1.1177063E+06,-1.08065E+02
1.1178970E+06,-1.07165E+02
1.1180878E+06,-1.12645E+02
1.1182785E+06,-9.63854E+01
1.1184692E+06,-9.34054E+01
1.1186600E+06,-9.60254E+01
1.1188507E+06,-9.81854E+01
1.1190414E+06,-9.83454E+01
1.1192322E+06,-9.98654E+01
1.1194229E+06,-1.08625E+02
1.1196136E+06,-1.10185E+02
1.1198044E+06,-1.00185E+02
1.1199951E+06,-9.83654E+01
1.1201859E+06,-1.07945E+02
1.1203766E+06,-1.05865E+02
1.1205673E+06,-1.11765E+02
1.1207581E+06,-1.06645E+02
1.1209488E+06,-1.09525E+02
1.1211395E+06,-1.05865E+02
1.1213303E+06,-1.09585E+02
1.1215210E+06,-1.02065E+02
1.1217117E+06,-1.03325E+02
1.1219025E+06,-1.01505E+02
1.1220932E+06,-1.03125E+02
1.1222839E+06,-9.73054E+01
1.1224747E+06,-9.67854E+01
1.1226654E+06,-1.02865E+02
1.1228561E+06,-1.00585E+02
1.1230469E+06,-9.48054E+01
1.1232376E+06,-9.31654E+01
1.1234283E+06,-9.44454E+01
1.1236191E+06,-9.58254E+01
1.1238098E+06,-9.85454E+01
1.1240005E+06,-9.93654E+01
1.1241913E+06,-1.09485E+02
1.1243820E+06,-1.00365E+02
1.1245728E+06,-1.06745E+02
1.1247635E+06,-1.01545E+02
1.1249542E+06,-1.10885E+02
1.1251450E+06,-1.15005E+02
1.1253357E+06,-9.96054E+01
1.1255264E+06,-9.70254E+01
1.1257172E+06,-1.28745E+02
1.1259079E+06,-1.02505E+02
1.1260986E+06,-9.98454E+01
1.1262894E+06,-9.25654E+01
1.1264801E+06,-9.31254E+01
1.1266708E+06,-9.14454E+01
1.1268616E+06,-9.50654E+01
1.1270523E+06,-9.90854E+01
1.1272430E+06,-9.58854E+01
1.1274338E+06,-1.00465E+02
1.1276245E+06,-1.07785E+02
1.1278152E+06,-1.09485E+02
1.1280060E+06,-9.58454E+01
1.1281967E+06,-9.24254E+01
1.1283875E+06,-1.01325E+02
1.1285782E+06,-1.03465E+02
1.1287689E+06,-9.85854E+01
1.1289597E+06,-1.00365E+02
1.1291504E+06,-9.57054E+01
1.1293411E+06,-1.22245E+02
1.1295319E+06,-9.57254E+01
1.1297226E+06,-9.59654E+01
1.1299133E+06,-9.93054E+01
1.1301041E+06,-1.11425E+02
1.1302948E+06,-1.04005E+02
1.1304855E+06,-9.59254E+01
1.1306763E+06,-9.97454E+01
1.1308670E+06,-9.80054E+01
1.1310577E+06,-9.28254E+01
1.1312485E+06,-9.49054E+01
1.1314392E+06,-1.00045E+02
1.1316299E+06,-1.09725E+02
1.1318207E+06,-1.09785E+02
1.1320114E+06,-9.68654E+01
1.1322021E+06,-9.87654E+01
1.1323929E+06,-9.96854E+01
1.1325836E+06,-9.41854E+01
1.1327744E+06,-1.01305E+02
1.1329651E+06,-1.13925E+02
1.1331558E+06,-9.92654E+01
1.1333466E+06,-9.43254E+01
1.1335373E+06,-1.01245E+02
1.1337280E+06,-1.09345E+02
1.1339188E+06,-1.06805E+02
1.1341095E+06,-1.03125E+02
1.1343002E+06,-9.66654E+01
1.1344910E+06,-9.68654E+01
1.1346817E+06,-9.61454E+01
1.1348724E+06,-9.48654E+01
1.1350632E+06,-1.03725E+02
1.1352539E+06,-9.93254E+01
1.1354446E+06,-9.85854E+01
1.1356354E+06,-9.94454E+01
1.1358261E+06,-9.88454E+01
1.1360168E+06,-1.00265E+02
1.1362076E+06,-9.23654E+01
1.1363983E+06,-9.69854E+01
1.1365891E+06,-9.89054E+01
1.1367798E+06,-9.82254E+01
1.1369705E+06,-1.02505E+02
1.1371613E+06,-1.03705E+02
1.1373520E+06,-9.71654E+01
1.1375427E+06,-9.41454E+01
1.1377335E+06,-9.55054E+01
1.1379242E+06,-1.01245E+02
1.1381149E+06,-1.12625E+02
1.1383057E+06,-1.11405E+02
1.1384964E+06,-1.01865E+02
1.1386871E+06,-1.07005E+02
1.1388779E+06,-9.84254E+01
1.1390686E+06,-9.78854E+01
1.1392593E+06,-1.04705E+02
1.1394501E+06,-9.53654E+01
1.1396408E+06,-9.81654E+01
1.1398315E+06,-9.94054E+01
1.1400223E+06,-1.04505E+02
1.1402130E+06,-9.63054E+01
1.1404037E+06,-9.88654E+01
1.1405945E+06,-1.24045E+02
1.1407852E+06,-1.08545E+02
1.1409760E+06,-1.02305E+02
1.1411667E+06,-9.81854E+01
1.1413574E+06,-9.79254E+01
1.1415482E+06,-1.07265E+02
1.1417389E+06,-9.61454E+01
1.1419296E+06,-9.52254E+01
1.1421204E+06,-1.00405E+02
1.1423111E+06,-1.01885E+02
1.1425018E+06,-9.95254E+01
1.1426926E+06,-1.05765E+02
1.1428833E+06,-9.59454E+01
1.1430740E+06,-9.77854E+01
1.1432648E+06,-1.01185E+02
1.1434555E+06,-9.78254E+01
1.1436462E+06,-1.08045E+02
1.1438370E+06,-9.77254E+01
1.1440277E+06,-9.54654E+01
1.1442184E+06,-1.02325E+02
1.1444092E+06,-9.90654E+01
1.1445999E+06,-9.43654E+01
1.1447906E+06,-9.49454E+01
1.1449814E+06,-1.04725E+02
1.1451721E+06,-1.00725E+02
1.1453629E+06,-1.00345E+02
1.1455536E+06,-1.05105E+02
1.1457443E+06,-9.44654E+01
1.1459351E+06,-9.31654E+01
1.1461258E+06,-9.58454E+01
1.1463165E+06,-9.70854E+01
1.1465073E+06,-9.92054E+01
1.1466980E+06,-1.00505E+02
1.1468887E+06,-1.08565E+02
1.1470795E+06,-1.03845E+02
1.1472702E+06,-9.91254E+01
1.1474609E+06,-1.05865E+02
1.1476517E+06,-9.37654E+01
1.1478424E+06,-9.03654E+01
1.1480331E+06,-1.06165E+02
1.1482239E+06,-9.31854E+01
1.1484146E+06,-9.63054E+01
1.1486053E+06,-1.09845E+02
1.1487961E+06,-9.69854E+01
1.1489868E+06,-9.45254E+01
1.1491776E+06,-9.32654E+01
1.1493683E+06,-9.35054E+01
1.1495590E+06,-9.75854E+01
1.1497498E+06,-1.01225E+02
1.1499405E+06,-8.84254E+01
1.1501312E+06,-9.08854E+01
1.1503220E+06,-9.76854E+01
1.1505127E+06,-9.22454E+01
1.1507034E+06,-9.17654E+01
1.1508942E+06,-1.01125E+02
1.1510849E+06,-1.00905E+02
1.1512756E+06,-9.82254E+01
1.1514664E+06,-1.02385E+02
1.1516571E+06,-9.91254E+01
1.1518478E+06,-9.95854E+01
1.1520386E+06,-9.94854E+01
1.1522293E+06,-9.30254E+01
1.1524200E+06,-9.33254E+01
1.1526108E+06,-9.41854E+01
1.1528015E+06,-9.77454E+01
1.1529922E+06,-9.73654E+01
1.1531830E+06,-9.81254E+01
1.1533737E+06,-1.01005E+02
1.1535645E+06,-1.06685E+02
1.1537552E+06,-1.04645E+02
1.1539459E+06,-1.01705E+02
1.1541367E+06,-1.03305E+02
1.1543274E+06,-1.02425E+02
1.1545181E+06,-9.68254E+01
1.1547089E+06,-9.73254E+01
1.1548996E+06,-1.11305E+02
1.1550903E+06,-1.02645E+02
1.1552811E+06,-9.55254E+01
1.1554718E+06,-9.40854E+01
1.1556625E+06,-9.74254E+01
1.1558533E+06,-9.74854E+01
1.1560440E+06,-9.18854E+01
1.1562347E+06,-9.31854E+01
1.1564255E+06,-9.88054E+01
1.1566162E+06,-9.91854E+01
1.1568069E+06,-9.91254E+01
1.1569977E+06,-1.04345E+02
1.1571884E+06,-1.08265E+02
1.1573792E+06,-1.00225E+02
1.1575699E+06,-9.17054E+01
1.1577606E+06,-9.12254E+01
1.1579514E+06,-9.72854E+01
1.1581421E+06,-1.01945E+02
1.1583328E+06,-9.23254E+01
1.1585236E+06,-9.37254E+01
1.1587143E+06,-9.84654E+01
1.1589050E+06,-9.80854E+01
1.1590958E+06,-1.04625E+02
1.1592865E+06,-1.05885E+02
1.1594772E+06,-1.02225E+02
1.1596680E+06,-9.81454E+01
1.1598587E+06,-1.07365E+02
1.1600494E+06,-1.04565E+02
1.1602402E+06,-9.70254E+01
1.1604309E+06,-1.01185E+02
1.1606216E+06,-9.61854E+01
1.1608124E+06,-9.60254E+01
1.1610031E+06,-1.09625E+02
1.1611938E+06,-1.03065E+02
1.1613846E+06,-1.05105E+02
1.1615753E+06,-1.09985E+02
1.1617661E+06,-9.93054E+01
1.1619568E+06,-9.44254E+01
1.1621475E+06,-9.53854E+01
1.1623383E+06,-9.92254E+01
1.1625290E+06,-1.04305E+02
1.1627197E+06,-1.00025E+02
1.1629105E+06,-1.08885E+02
1.1631012E+06,-1.01105E+02
1.1632919E+06,-1.12865E+02
1.1634827E+06,-1.01885E+02
1.1636734E+06,-1.00245E+02
1.1638641E+06,-1.15165E+02
1.1640549E+06,-9.65654E+01
1.1642456E+06,-9.24854E+01
1.1644363E+06,-9.22054E+01
1.1646271E+06,-9.87654E+01
1.1648178E+06,-1.10245E+02
1.1650085E+06,-1.07045E+02
1.1651993E+06,-1.09385E+02
1.1653900E+06,-1.00865E+02
1.1655807E+06,-1.04645E+02
1.1657715E+06,-1.00965E+02
1.1659622E+06,-1.03585E+02
1.1661530E+06,-1.00725E+02
1.1663437E+06,-1.05965E+02
1.1665344E+06,-1.18525E+02
1.1667252E+06,-9.96854E+01
1.1669159E+06,-1.02645E+02
1.1671066E+06,-1.03705E+02
1.1672974E+06,-9.54654E+01
1.1674881E+06,-9.87454E+01
1.1676788E+06,-9.45854E+01
1.1678696E+06,-9.70254E+01
1.1680603E+06,-1.04425E+02
1.1682510E+06,-9.58454E+01
1.1684418E+06,-9.46654E+01
1.1686325E+06,-9.83854E+01
1.1688232E+06,-1.07125E+02
1.1690140E+06,-9.94454E+01
1.1692047E+06,-9.96654E+01
1.1693954E+06,-9.90254E+01
1.1695862E+06,-9.39254E+01
1.1697769E+06,-9.88654E+01
1.1699677E+06,-1.13505E+02
1.1701584E+06,-1.01985E+02
1.1703491E+06,-9.42254E+01
1.1705399E+06,-9.34054E+01
1.1707306E+06,-9.81054E+01
1.1709213E+06,-1.00425E+02
1.1711121E+06,-1.08845E+02
1.1713028E+06,-1.00465E+02
1.1714935E+06,-1.05665E+02
1.1716843E+06,-1.01665E+02
1.1718750E+06,-9.45054E+01
1.1720657E+06,-9.31254E+01
1.1722565E+06,-9.72854E+01
1.1724472E+06,-1.01705E+02
1.1726379E+06,-1.02745E+02
1.1728287E+06,-1.00725E+02
1.1730194E+06,-1.00565E+02
1.1732101E+06,-9.91654E+01
1.1734009E+06,-1.02125E+02
1.1735916E+06,-9.81854E+01
1.1737823E+06,-9.61454E+01
1.1739731E+06,-9.59654E+01
1.1741638E+06,-1.01125E+02
1.1743546E+06,-9.27454E+01
1.1745453E+06,-9.65454E+01
1.1747360E+06,-9.72254E+01
1.1749268E+06,-9.20054E+01
1.1751175E+06,-9.70254E+01
1.1753082E+06,-9.91854E+01
1.1754990E+06,-9.57054E+01
1.1756897E+06,-9.72654E+01
1.1758804E+06,-9.59654E+01
1.1760712E+06,-9.90454E+01
1.1762619E+06,-1.10645E+02
1.1764526E+06,-9.98654E+01
1.1766434E+06,-1.04525E+02
1.1768341E+06,-1.03325E+02
1.1770248E+06,-1.01285E+02
1.1772156E+06,-1.03185E+02
1.1774063E+06,-1.03225E+02
1.1775970E+06,-9.85054E+01
1.1777878E+06,-1.03585E+02
1.1779785E+06,-9.98454E+01
1.1781693E+06,-9.55054E+01
1.1783600E+06,-9.40454E+01
1.1785507E+06,-9.29254E+01
1.1787415E+06,-1.02565E+02
1.1789322E+06,-9.43654E+01
1.1791229E+06,-9.39654E+01
1.1793137E+06,-1.01965E+02
1.1795044E+06,-1.04845E+02
1.1796951E+06,-1.05045E+02
1.1798859E+06,-1.01425E+02
1.1800766E+06,-1.05045E+02
1.1802673E+06,-9.86454E+01
1.1804581E+06,-9.61854E+01
1.1806488E+06,-1.10965E+02
1.1808395E+06,-9.35854E+01
1.1810303E+06,-9.35054E+01
1.1812210E+06,-9.91854E+01
1.1814117E+06,-9.85254E+01
1.1816025E+06,-1.02325E+02
1.1817932E+06,-9.53254E+01
1.1819839E+06,-9.91054E+01
1.1821747E+06,-1.00065E+02
1.1823654E+06,-9.76654E+01
1.1825562E+06,-1.04005E+02
1.1827469E+06,-1.01185E+02
1.1829376E+06,-1.08985E+02
1.1831284E+06,-1.05145E+02
1.1833191E+06,-9.61454E+01
1.1835098E+06,-1.01125E+02
1.1837006E+06,-1.02125E+02
1.1838913E+06,-9.62654E+01
1.1840820E+06,-9.31654E+01
1.1842728E+06,-1.01985E+02
1.1844635E+06,-9.42654E+01
1.1846542E+06,-8.98654E+01
1.1848450E+06,-9.31654E+01
1.1850357E+06,-1.01905E+02
1.1852264E+06,-9.68454E+01
1.1854172E+06,-9.31854E+01
1.1856079E+06,-9.71054E+01
1.1857986E+06,-9.95654E+01
1.1859894E+06,-1.01245E+02
1.1861801E+06,-1.06145E+02
1.1863708E+06,-9.98054E+01
1.1865616E+06,-1.00365E+02
1.1867523E+06,-9.72454E+01
1.1869431E+06,-1.05545E+02
1.1871338E+06,-9.98454E+01
1.1873245E+06,-9.95854E+01
1.1875153E+06,-1.00825E+02
1.1877060E+06,-9.60254E+01
1.1878967E+06,-9.19054E+01
1.1880875E+06,-9.74854E+01
1.1882782E+06,-1.02045E+02
1.1884689E+06,-1.00585E+02
1.1886597E+06,-9.57254E+01
1.1888504E+06,-9.59854E+01
1.1890411E+06,-1.02045E+02
1.1892319E+06,-9.73254E+01
1.1894226E+06,-1.00545E+02
1.1896133E+06,-1.09645E+02
1.1898041E+06,-1.07005E+02
1.1899948E+06,-1.06525E+02
1.1901855E+06,-9.91454E+01
1.1903763E+06,-1.03545E+02
1.1905670E+06,-1.11625E+02
1.1907578E+06,-1.05405E+02
1.1909485E+06,-9.73454E+01
1.1911392E+06,-9.50854E+01
1.1913300E+06,-9.85654E+01
1.1915207E+06,-1.01025E+02
1.1917114E+06,-1.12745E+02
1.1919022E+06,-1.07285E+02
1.1920929E+06,-1.03365E+02
1.1922836E+06,-1.03705E+02
1.1924744E+06,-9.91854E+01
1.1926651E+06,-1.00745E+02
1.1928558E+06,-9.66854E+01
1.1930466E+06,-1.03325E+02
1.1932373E+06,-1.03725E+02
1.1934280E+06,-1.06105E+02
1.1936188E+06,-9.59254E+01
1.1938095E+06,-9.25854E+01
1.1940002E+06,-9.39654E+01
1.1941910E+06,-1.00225E+02
1.1943817E+06,-9.67454E+01
1.1945724E+06,-9.59654E+01
1.1947632E+06,-9.91854E+01
1.1949539E+06,-9.23854E+01
1.1951447E+06,-9.11654E+01
1.1953354E+06,-9.33254E+01
1.1955261E+06,-9.47054E+01
1.1957169E+06,-1.00305E+02
1.1959076E+06,-1.01205E+02
1.1960983E+06,-9.96054E+01
1.1962891E+06,-1.00165E+02
1.1964798E+06,-9.60654E+01
1.1966705E+06,-1.02925E+02
1.1968613E+06,-1.00365E+02
1.1970520E+06,-9.86854E+01
1.1972427E+06,-9.58054E+01
1.1974335E+06,-9.67654E+01
1.1976242E+06,-1.07025E+02
1.1978149E+06,-1.05685E+02
1.1980057E+06,-1.14405E+02
1.1981964E+06,-1.01485E+02
1.1983871E+06,-1.03265E+02
1.1985779E+06,-1.00985E+02
1.1987686E+06,-9.43054E+01
1.1989594E+06,-9.48854E+01
1.1991501E+06,-9.73454E+01
1.1993408E+06,-9.48254E+01
1.1995316E+06,-9.33254E+01
1.1997223E+06,-9.03254E+01
1.1999130E+06,-7.59254E+01
1.2001038E+06,-7.65654E+01
1.2002945E+06,-9.30854E+01
1.2004852E+06,-9.51254E+01
1.2006760E+06,-1.12565E+02
1.2008667E+06,-1.01245E+02
1.2010574E+06,-9.93654E+01
1.2012482E+06,-1.15925E+02
1.2014389E+06,-9.50054E+01
1.2016296E+06,-9.22854E+01
1.2018204E+06,-9.66254E+01
1.2020111E+06,-9.88054E+01
1.2022018E+06,-9.66054E+01
1.2023926E+06,-1.04005E+02
1.2025833E+06,-1.01345E+02
1.2027740E+06,-1.07025E+02
1.2029648E+06,-9.90054E+01
1.2031555E+06,-9.39654E+01
1.2033463E+06,-9.52654E+01
1.2035370E+06,-9.93054E+01
1.2037277E+06,-9.90054E+01
1.2039185E+06,-9.61054E+01
1.2041092E+06,-9.66854E+01
1.2042999E+06,-1.03625E+02
1.2044907E+06,-9.57054E+01
1.2046814E+06,-9.42854E+01
1.2048721E+06,-9.70054E+01
1.2050629E+06,-1.00745E+02
1.2052536E+06,-9.54254E+01
1.2054443E+06,-9.58254E+01
1.2056351E+06,-1.08945E+02
1.2058258E+06,-9.57454E+01
1.2060165E+06,-1.00505E+02
1.2062073E+06,-1.02125E+02
1.2063980E+06,-9.99854E+01
1.2065887E+06,-1.02445E+02
1.2067795E+06,-1.01405E+02
1.2069702E+06,-9.97854E+01
1.2071609E+06,-9.81454E+01
1.2073517E+06,-9.71254E+01
1.2075424E+06,-1.02965E+02
1.2077332E+06,-1.13965E+02
1.2079239E+06,-1.04785E+02
1.2081146E+06,-9.53454E+01
1.2083054E+06,-9.84654E+01
1.2084961E+06,-9.95454E+01
1.2086868E+06,-1.15185E+02
1.2088776E+06,-1.06605E+02
1.2090683E+06,-1.03065E+02
1.2092590E+06,-1.05385E+02
1.2094498E+06,-1.01565E+02
1.2096405E+06,-1.05185E+02
1.2098312E+06,-1.09565E+02
1.2100220E+06,-1.12565E+02
1.2102127E+06,-1.10425E+02
1.2104034E+06,-1.13405E+02
1.2105942E+06,-1.06445E+02
1.2107849E+06,-1.05145E+02
1.2109756E+06,-1.04385E+02
1.2111664E+06,-1.02225E+02
1.2113571E+06,-1.02525E+02
1.2115479E+06,-1.10365E+02
1.2117386E+06,-9.95054E+01
1.2119293E+06,-1.02305E+02
1.2121201E+06,-1.15065E+02
1.2123108E+06,-9.85854E+01
1.2125015E+06,-9.88054E+01
1.2126923E+06,-1.02485E+02
1.2128830E+06,-1.06505E+02
1.2130737E+06,-1.01485E+02
1.2132645E+06,-1.06705E+02
1.2134552E+06,-1.02365E+02
1.2136459E+06,-9.78454E+01
1.2138367E+06,-9.14254E+01
1.2140274E+06,-9.08854E+01
1.2142181E+06,-9.19854E+01
1.2144089E+06,-9.46254E+01
1.2145996E+06,-9.81054E+01
1.2147903E+06,-9.92854E+01
1.2149811E+06,-9.39654E+01
1.2151718E+06,-9.70054E+01
1.2153625E+06,-9.99254E+01
1.2155533E+06,-9.75654E+01
1.2157440E+06,-1.15625E+02
1.2159348E+06,-9.97854E+01
1.2161255E+06,-9.82654E+01
1.2163162E+06,-1.01425E+02
1.2165070E+06,-9.95854E+01
1.2166977E+06,-1.05825E+02
1.2168884E+06,-1.07085E+02
1.2170792E+06,-9.37254E+01
1.2172699E+06,-9.21454E+01
1.2174606E+06,-9.44254E+01
1.2176514E+06,-9.48054E+01
1.2178421E+06,-9.58054E+01
1.2180328E+06,-9.20654E+01
1.2182236E+06,-9.75854E+01
1.2184143E+06,-1.02245E+02
1.2186050E+06,-9.56654E+01
1.2187958E+06,-9.60854E+01
1.2189865E+06,-1.05205E+02
1.2191772E+06,-1.03505E+02
1.2193680E+06,-1.06645E+02
1.2195587E+06,-9.54654E+01
1.2197495E+06,-9.27654E+01
1.2199402E+06,-1.17585E+02
1.2201309E+06,-9.56454E+01
1.2203217E+06,-1.10885E+02
1.2205124E+06,-1.04145E+02
1.2207031E+06,-1.05825E+02
1.2208939E+06,-1.06625E+02
1.2210846E+06,-1.01745E+02
1.2212753E+06,-1.04945E+02
1.2214661E+06,-1.04285E+02
1.2216568E+06,-9.76654E+01
1.2218475E+06,-9.92054E+01
1.2220383E+06,-1.02045E+02
1.2222290E+06,-9.66054E+01
1.2224197E+06,-9.68454E+01
1.2226105E+06,-9.83454E+01
1.2228012E+06,-9.40054E+01
1.2229919E+06,-9.26254E+01
1.2231827E+06,-9.45054E+01
1.2233734E+06,-9.60454E+01
1.2235641E+06,-9.56254E+01
1.2237549E+06,-9.70654E+01
1.2239456E+06,-1.02445E+02
1.2241364E+06,-1.00685E+02
1.2243271E+06,-1.04405E+02
1.2245178E+06,-9.59854E+01
1.2247086E+06,-9.55054E+01
1.2248993E+06,-9.69654E+01
1.2250900E+06,-1.02225E+02
1.2252808E+06,-1.00345E+02
1.2254715E+06,-9.46254E+01
1.2256622E+06,-9.67654E+01
1.2258530E+06,-9.73654E+01
1.2260437E+06,-1.00025E+02
1.2262344E+06,-1.00985E+02
1.2264252E+06,-9.44054E+01
1.2266159E+06,-9.62654E+01
1.2268066E+06,-9.68254E+01
1.2269974E+06,-9.72254E+01
1.2271881E+06,-1.01805E+02
1.2273788E+06,-1.04145E+02
1.2275696E+06,-1.00825E+02
1.2277603E+06,-9.68254E+01
1.2279510E+06,-1.00665E+02
1.2281418E+06,-1.01245E+02
1.2283325E+06,-9.44854E+01
1.2285233E+06,-9.99854E+01
1.2287140E+06,-1.01825E+02
1.2289047E+06,-9.82654E+01
1.2290955E+06,-1.00565E+02
1.2292862E+06,-1.04225E+02
1.2294769E+06,-9.86854E+01
1.2296677E+06,-1.12365E+02
1.2298584E+06,-9.71454E+01
1.2300491E+06,-9.43854E+01
1.2302399E+06,-9.68054E+01
1.2304306E+06,-9.71054E+01
1.2306213E+06,-1.01025E+02
1.2308121E+06,-1.09965E+02
1.2310028E+06,-1.06545E+02
1.2311935E+06,-9.88254E+01
1.2313843E+06,-1.01985E+02
1.2315750E+06,-1.15865E+02
1.2317657E+06,-1.05105E+02
1.2319565E+06,-1.01445E+02
1.2321472E+06,-9.20054E+01
1.2323380E+06,-9.14254E+01
1.2325287E+06,-9.71654E+01
1.2327194E+06,-1.06885E+02
1.2329102E+06,-1.08545E+02
1.2331009E+06,-1.05205E+02
1.2332916E+06,-9.72854E+01
1.2334824E+06,-9.35054E+01
1.2336731E+06,-9.49454E+01
1.2338638E+06,-1.04585E+02
1.2340546E+06,-1.04785E+02
1.2342453E+06,-1.01145E+02
1.2344360E+06,-1.00545E+02
1.2346268E+06,-1.03585E+02
1.2348175E+06,-1.00465E+02
1.2350082E+06,-9.86854E+01
1.2351990E+06,-9.77854E+01
1.2353897E+06,-9.64054E+01
1.2355804E+06,-9.65654E+01
1.2357712E+06,-9.84654E+01
1.2359619E+06,-9.83254E+01
1.2361526E+06,-1.03185E+02
1.2363434E+06,-1.00645E+02
1.2365341E+06,-1.04145E+02
1.2367249E+06,-1.04365E+02
1.2369156E+06,-9.79054E+01
1.2371063E+06,-9.95054E+01
1.2372971E+06,-9.31654E+01
1.2374878E+06,-9.41454E+01
1.2376785E+06,-9.55654E+01
1.2378693E+06,-1.02285E+02
1.2380600E+06,-1.01065E+02
1.2382507E+06,-9.59054E+01
1.2384415E+06,-1.00365E+02
1.2386322E+06,-9.61254E+01
1.2388229E+06,-9.36254E+01
1.2390137E+06,-9.62854E+01
1.2392044E+06,-9.69654E+01
1.2393951E+06,-1.00285E+02
1.2395859E+06,-1.03845E+02
1.2397766E+06,-1.14465E+02
1.2399673E+06,-1.10845E+02
1.2401581E+06,-1.04085E+02
1.2403488E+06,-9.93454E+01
1.2405396E+06,-9.72054E+01
1.2407303E+06,-9.56654E+01
1.2409210E+06,-9.56054E+01
1.2411118E+06,-1.03845E+02
1.2413025E+06,-9.79654E+01
1.2414932E+06,-9.37254E+01
1.2416840E+06,-1.12305E+02
1.2418747E+06,-1.01365E+02
1.2420654E+06,-9.58854E+01
1.2422562E+06,-9.33254E+01
1.2424469E+06,-9.53854E+01
1.2426376E+06,-9.43854E+01
1.2428284E+06,-9.96054E+01
1.2430191E+06,-1.02305E+02
1.2432098E+06,-9.96054E+01
1.2434006E+06,-9.85454E+01
1.2435913E+06,-1.00385E+02
1.2437820E+06,-9.69254E+01
1.2439728E+06,-9.65854E+01
1.2441635E+06,-1.04265E+02
1.2443542E+06,-9.78454E+01
1.2445450E+06,-9.60254E+01
1.2447357E+06,-9.75454E+01
1.2449265E+06,-9.87854E+01
1.2451172E+06,-1.00045E+02
1.2453079E+06,-1.02625E+02
1.2454987E+06,-1.00225E+02
1.2456894E+06,-9.83454E+01
1.2458801E+06,-9.72054E+01
1.2460709E+06,-9.28654E+01
1.2462616E+06,-9.12854E+01
1.2464523E+06,-9.00854E+01
1.2466431E+06,-9.03054E+01
1.2468338E+06,-9.55654E+01
1.2470245E+06,-9.96454E+01
1.2472153E+06,-9.74654E+01
1.2474060E+06,-9.47454E+01
1.2475967E+06,-9.13654E+01
1.2477875E+06,-9.25854E+01
1.2479782E+06,-9.95454E+01
1.2481689E+06,-9.90854E+01
1.2483597E+06,-1.00085E+02
1.2485504E+06,-9.54254E+01
1.2487411E+06,-9.84254E+01
1.2489319E+06,-1.11745E+02
1.2491226E+06,-9.64454E+01
1.2493134E+06,-9.59854E+01
1.2495041E+06,-1.01065E+02
1.2496948E+06,-8.94454E+01
1.2498856E+06,-7.97254E+01
1.2500763E+06,-7.96054E+01
1.2502670E+06,-9.27654E+01
1.2504578E+06,-1.33725E+02
1.2506485E+06,-1.01385E+02
1.2508392E+06,-1.21325E+02
1.2510300E+06,-1.00745E+02
1.2512207E+06,-9.96054E+01
1.2514114E+06,-9.45654E+01
1.2516022E+06,-9.77254E+01
1.2517929E+06,-9.53054E+01
1.2519836E+06,-9.58454E+01
1.2521744E+06,-9.74454E+01
1.2523651E+06,-9.81654E+01
1.2525558E+06,-1.01645E+02
1.2527466E+06,-1.04225E+02
1.2529373E+06,-1.05405E+02
1.2531281E+06,-9.96254E+01
1.2533188E+06,-9.44654E+01
1.2535095E+06,-9.88454E+01
1.2537003E+06,-1.03405E+02
1.2538910E+06,-1.06945E+02
1.2540817E+06,-9.85054E+01
1.2542725E+06,-9.82454E+01
1.2544632E+06,-1.04425E+02
1.2546539E+06,-9.84254E+01
1.2548447E+06,-9.21254E+01
1.2550354E+06,-9.38054E+01
1.2552261E+06,-9.62254E+01
1.2554169E+06,-9.63254E+01
1.2556076E+06,-9.49654E+01
1.2557983E+06,-1.00265E+02
1.2559891E+06,-1.07725E+02
1.2561798E+06,-9.25254E+01
1.2563705E+06,-9.72054E+01
1.2565613E+06,-1.01685E+02
1.2567520E+06,-9.85654E+01
1.2569427E+06,-1.00225E+02
1.2571335E+06,-1.11105E+02
1.2573242E+06,-1.05505E+02
1.2575150E+06,-1.06125E+02
1.2577057E+06,-9.74254E+01
1.2578964E+06,-9.26854E+01
1.2580872E+06,-9.29854E+01
1.2582779E+06,-9.89254E+01
1.2584686E+06,-1.06925E+02
1.2586594E+06,-1.03125E+02
1.2588501E+06,-1.01685E+02
1.2590408E+06,-1.03925E+02
1.2592316E+06,-1.03845E+02
1.2594223E+06,-1.14545E+02
1.2596130E+06,-9.74254E+01
1.2598038E+06,-9.62654E+01
1.2599945E+06,-9.46854E+01
1.2601852E+06,-9.93254E+01
1.2603760E+06,-1.02565E+02
1.2605667E+06,-9.82654E+01
1.2607574E+06,-1.00605E+02
1.2609482E+06,-1.00365E+02
1.2611389E+06,-9.56654E+01
1.2613297E+06,-9.34654E+01
1.2615204E+06,-9.43254E+01
1.2617111E+06,-9.40854E+01
1.2619019E+06,-9.43654E+01
1.2620926E+06,-1.00465E+02
1.2622833E+06,-1.03625E+02
1.2624741E+06,-1.03185E+02
1.2626648E+06,-1.03925E+02
1.2628555E+06,-1.00505E+02
1.2630463E+06,-9.75254E+01
1.2632370E+06,-1.03405E+02
1.2634277E+06,-1.04405E+02
1.2636185E+06,-1.12425E+02
1.2638092E+06,-1.08725E+02
1.2639999E+06,-1.09205E+02
1.2641907E+06,-1.05585E+02
1.2643814E+06,-9.86854E+01
1.2645721E+06,-9.50454E+01
1.2647629E+06,-9.36254E+01
1.2649536E+06,-9.49654E+01
1.2651443E+06,-1.00485E+02
1.2653351E+06,-1.14005E+02
1.2655258E+06,-9.85254E+01
1.2657166E+06,-9.96054E+01
1.2659073E+06,-1.06605E+02
1.2660980E+06,-1.07305E+02
1.2662888E+06,-9.96254E+01
1.2664795E+06,-1.01425E+02
1.2666702E+06,-1.02525E+02
1.2668610E+06,-9.86854E+01
1.2670517E+06,-9.63854E+01
1.2672424E+06,-1.05585E+02
1.2674332E+06,-9.39254E+01
1.2676239E+06,-9.88454E+01
1.2678146E+06,-9.89454E+01
1.2680054E+06,-9.91654E+01
1.2681961E+06,-9.78854E+01
1.2683868E+06,-9.68254E+01
1.2685776E+06,-9.80854E+01
1.2687683E+06,-1.02485E+02
1.2689590E+06,-1.04545E+02
1.2691498E+06,-9.53054E+01
1.2693405E+06,-9.88854E+01
1.2695312E+06,-1.02625E+02
1.2697220E+06,-9.86854E+01
1.2699127E+06,-9.32254E+01
1.2701035E+06,-9.65854E+01
1.2702942E+06,-1.04885E+02
1.2704849E+06,-9.67254E+01
1.2706757E+06,-1.01065E+02
1.2708664E+06,-1.06205E+02
1.2710571E+06,-1.02565E+02
1.2712479E+06,-9.89854E+01
1.2714386E+06,-9.79854E+01
1.2716293E+06,-9.84654E+01
1.2718201E+06,-1.00605E+02
1.2720108E+06,-9.36654E+01
1.2722015E+06,-9.53854E+01
1.2723923E+06,-1.14505E+02
1.2725830E+06,-9.79054E+01
1.2727737E+06,-9.55854E+01
1.2729645E+06,-9.95254E+01
1.2731552E+06,-1.05485E+02
1.2733459E+06,-9.74454E+01
1.2735367E+06,-1.00685E+02
1.2737274E+06,-9.72054E+01
1.2739182E+06,-9.23254E+01
1.2741089E+06,-9.56854E+01
1.2742996E+06,-1.01445E+02
1.2744904E+06,-9.73054E+01
1.2746811E+06,-9.51254E+01
1.2748718E+06,-9.65454E+01
1.2750626E+06,-9.85454E+01
1.2752533E+06,-9.88654E+01
1.2754440E+06,-9.33254E+01
1.2756348E+06,-9.52654E+01
1.2758255E+06,-9.84054E+01
1.2760162E+06,-9.62054E+01
1.2762070E+06,-9.58054E+01
1.2763977E+06,-9.89054E+01
1.2765884E+06,-9.48054E+01
1.2767792E+06,-1.10805E+02
1.2769699E+06,-9.86654E+01
1.2771606E+06,-9.81454E+01
1.2773514E+06,-9.49654E+01
1.2775421E+06,-9.42254E+01
1.2777328E+06,-9.85254E+01
1.2779236E+06,-1.01025E+02
1.2781143E+06,-1.02685E+02
1.2783051E+06,-1.03025E+02
1.2784958E+06,-1.02505E+02
1.2786865E+06,-9.90254E+01
1.2788773E+06,-1.03585E+02
1.2790680E+06,-9.26254E+01
1.2792587E+06,-9.66454E+01
1.2794495E+06,-9.86054E+01
1.2796402E+06,-1.13405E+02
1.2798309E+06,-9.86254E+01
1.2800217E+06,-9.61654E+01
1.2802124E+06,-9.14254E+01
1.2804031E+06,-9.33054E+01
1.2805939E+06,-9.86654E+01
1.2807846E+06,-9.85854E+01
1.2809753E+06,-1.01805E+02
1.2811661E+06,-1.23805E+02
1.2813568E+06,-1.11705E+02
1.2815475E+06,-1.05385E+02
1.2817383E+06,-1.05225E+02
1.2819290E+06,-1.05185E+02
1.2821198E+06,-9.93054E+01
1.2823105E+06,-9.85454E+01
1.2825012E+06,-9.98454E+01
1.2826920E+06,-9.58054E+01
1.2828827E+06,-1.00765E+02
1.2830734E+06,-1.02205E+02
1.2832642E+06,-1.03185E+02
1.2834549E+06,-1.01385E+02
1.2836456E+06,-9.64654E+01
1.2838364E+06,-1.01305E+02
1.2840271E+06,-9.54654E+01
1.2842178E+06,-9.37254E+01
1.2844086E+06,-1.03625E+02
1.2845993E+06,-1.14045E+02
1.2847900E+06,-1.12445E+02
1.2849808E+06,-1.09205E+02
1.2851715E+06,-1.03665E+02
1.2853622E+06,-1.04265E+02
1.2855530E+06,-1.09905E+02
1.2857437E+06,-1.09905E+02
1.2859344E+06,-1.02525E+02
1.2861252E+06,-1.09945E+02
1.2863159E+06,-1.03445E+02
1.2865067E+06,-9.63854E+01
1.2866974E+06,-9.85654E+01
1.2868881E+06,-9.89054E+01
1.2870789E+06,-9.48254E+01
1.2872696E+06,-1.02225E+02
1.2874603E+06,-9.71654E+01
1.2876511E+06,-9.69654E+01
1.2878418E+06,-1.02245E+02
1.2880325E+06,-1.05725E+02
1.2882233E+06,-1.09085E+02
1.2884140E+06,-1.08725E+02
1.2886047E+06,-9.81854E+01
1.2887955E+06,-9.49454E+01
1.2889862E+06,-1.01305E+02
1.2891769E+06,-1.11125E+02
1.2893677E+06,-1.07025E+02
1.2895584E+06,-9.78454E+01
1.2897491E+06,-9.64454E+01
1.2899399E+06,-1.00365E+02
1.2901306E+06,-1.02285E+02
1.2903214E+06,-9.73054E+01
1.2905121E+06,-9.47854E+01
1.2907028E+06,-1.00885E+02
1.2908936E+06,-9.68454E+01
1.2910843E+06,-9.65454E+01
1.2912750E+06,-1.03445E+02
1.2914658E+06,-1.04585E+02
1.2916565E+06,-9.72854E+01
1.2918472E+06,-1.04605E+02
1.2920380E+06,-1.00805E+02
1.2922287E+06,-9.60254E+01
1.2924194E+06,-9.25254E+01
1.2926102E+06,-9.81654E+01
1.2928009E+06,-1.00765E+02
1.2929916E+06,-1.04865E+02
1.2931824E+06,-1.05985E+02
1.2933731E+06,-9.94854E+01
1.2935638E+06,-9.71054E+01
1.2937546E+06,-9.57654E+01
1.2939453E+06,-9.78854E+01
1.2941360E+06,-9.88654E+01
1.2943268E+06,-1.02565E+02
1.2945175E+06,-1.00225E+02
1.2947083E+06,-9.90254E+01
1.2948990E+06,-1.07145E+02
1.2950897E+06,-1.05665E+02
1.2952805E+06,-1.05825E+02
1.2954712E+06,-9.91254E+01
1.2956619E+06,-1.00365E+02
1.2958527E+06,-1.02485E+02
1.2960434E+06,-9.75654E+01
1.2962341E+06,-9.73454E+01
1.2964249E+06,-1.09065E+02
1.2966156E+06,-9.96654E+01
1.2968063E+06,-1.17345E+02
1.2969971E+06,-9.95254E+01
1.2971878E+06,-9.33054E+01
1.2973785E+06,-9.64054E+01
1.2975693E+06,-9.93454E+01
1.2977600E+06,-9.55654E+01
1.2979507E+06,-1.16745E+02
1.2981415E+06,-1.12585E+02
1.2983322E+06,-1.02005E+02
1.2985229E+06,-9.78254E+01
1.2987137E+06,-9.90654E+01
1.2989044E+06,-9.95854E+01
1.2990952E+06,-9.40454E+01
1.2992859E+06,-9.32654E+01
1.2994766E+06,-9.79254E+01
1.2996674E+06,-1.01145E+02
1.2998581E+06,-7.90854E+01
1.3000488E+06,-7.56654E+01
1.3002396E+06,-8.74254E+01
1.3004303E+06,-9.22854E+01
1.3006210E+06,-9.50654E+01
1.3008118E+06,-9.74654E+01
1.3010025E+06,-1.08745E+02
1.3011932E+06,-1.05205E+02
1.3013840E+06,-1.07485E+02
1.3015747E+06,-9.60454E+01
1.3017654E+06,-9.37254E+01
1.3019562E+06,-9.81454E+01
1.3021469E+06,-1.03025E+02
1.3023376E+06,-1.04985E+02
1.3025284E+06,-9.82654E+01
1.3027191E+06,-9.58254E+01
1.3029099E+06,-1.06705E+02
1.3031006E+06,-9.37654E+01
1.3032913E+06,-9.70654E+01
1.3034821E+06,-1.01345E+02
1.3036728E+06,-1.01405E+02
1.3038635E+06,-1.06685E+02
1.3040543E+06,-9.94654E+01
1.3042450E+06,-1.06285E+02
1.3044357E+06,-9.82854E+01
1.3046265E+06,-9.84854E+01
1.3048172E+06,-1.07085E+02
1.3050079E+06,-1.02365E+02
1.3051987E+06,-1.07265E+02
1.3053894E+06,-9.94854E+01
1.3055801E+06,-9.70054E+01
1.3057709E+06,-9.63254E+01
1.3059616E+06,-1.11905E+02
1.3061523E+06,-9.53254E+01
1.3063431E+06,-9.50054E+01
1.3065338E+06,-9.66654E+01
1.3067245E+06,-9.93854E+01
1.3069153E+06,-1.00205E+02
1.3071060E+06,-9.75454E+01
1.3072968E+06,-9.58854E+01
1.3074875E+06,-9.49254E+01
1.3076782E+06,-9.49054E+01
1.3078690E+06,-9.55654E+01
1.3080597E+06,-1.00465E+02
1.3082504E+06,-1.04925E+02
1.3084412E+06,-1.00845E+02
1.3086319E+06,-9.68854E+01
1.3088226E+06,-1.01625E+02
1.3090134E+06,-9.58454E+01
1.3092041E+06,-1.05465E+02
1.3093948E+06,-1.01945E+02
1.3095856E+06,-1.04725E+02
1.3097763E+06,-1.08125E+02
1.3099670E+06,-1.01045E+02
1.3101578E+06,-1.03405E+02
1.3103485E+06,-9.68454E+01
1.3105392E+06,-1.07845E+02
1.3107300E+06,-1.03705E+02
1.3109207E+06,-1.00925E+02
1.3111115E+06,-9.92854E+01
1.3113022E+06,-1.13465E+02
1.3114929E+06,-1.07845E+02
1.3116837E+06,-1.02065E+02
1.3118744E+06,-1.07465E+02
1.3120651E+06,-1.04345E+02
1.3122559E+06,-1.00925E+02
1.3124466E+06,-9.75254E+01
1.3126373E+06,-1.04085E+02
1.3128281E+06,-9.80254E+01
1.3130188E+06,-9.36254E+01
1.3132095E+06,-1.08085E+02
1.3134003E+06,-9.38454E+01
1.3135910E+06,-9.56054E+01
1.3137817E+06,-1.06445E+02
1.3139725E+06,-9.80854E+01
1.3141632E+06,-9.96654E+01
1.3143539E+06,-1.01345E+02
1.3145447E+06,-1.06645E+02
1.3147354E+06,-1.00865E+02
1.3149261E+06,-1.16325E+02
1.3151169E+06,-1.01165E+02
1.3153076E+06,-1.11745E+02
1.3154984E+06,-9.46854E+01
1.3156891E+06,-9.74254E+01
1.3158798E+06,-1.02625E+02
1.3160706E+06,-9.84654E+01
1.3162613E+06,-1.00905E+02
1.3164520E+06,-9.91654E+01
1.3166428E+06,-1.06265E+02
1.3168335E+06,-9.34654E+01
1.3170242E+06,-9.33654E+01
1.3172150E+06,-9.75854E+01
1.3174057E+06,-9.93054E+01
1.3175964E+06,-9.92254E+01
1.3177872E+06,-1.02305E+02
1.3179779E+06,-1.00205E+02
1.3181686E+06,-9.16254E+01
1.3183594E+06,-9.33054E+01
1.3185501E+06,-1.11305E+02
1.3187408E+06,-1.00845E+02
1.3189316E+06,-9.45854E+01
1.3191223E+06,-9.70454E+01
1.3193130E+06,-1.02805E+02
1.3195038E+06,-1.05925E+02
1.3196945E+06,-1.00405E+02
1.3198853E+06,-1.01625E+02
1.3200760E+06,-1.17685E+02
1.3202667E+06,-1.20785E+02
1.3204575E+06,-1.03925E+02
1.3206482E+06,-1.02745E+02
1.3208389E+06,-9.76654E+01
1.3210297E+06,-9.54654E+01
1.3212204E+06,-1.00725E+02
1.3214111E+06,-1.07005E+02
1.3216019E+06,-9.83654E+01
1.3217926E+06,-9.93854E+01
1.3219833E+06,-1.01225E+02
1.3221741E+06,-9.60654E+01
1.3223648E+06,-9.67854E+01
1.3225555E+06,-1.04905E+02
1.3227463E+06,-1.09165E+02
1.3229370E+06,-9.37254E+01
1.3231277E+06,-9.12254E+01
1.3233185E+06,-9.71254E+01
1.3235092E+06,-9.99654E+01
1.3237000E+06,-1.00885E+02
1.3238907E+06,-9.81454E+01
1.3240814E+06,-9.84054E+01
1.3242722E+06,-1.03325E+02
1.3244629E+06,-9.92454E+01
1.3246536E+06,-9.83254E+01
1.3248444E+06,-1.06225E+02
1.3250351E+06,-9.95854E+01
1.3252258E+06,-1.06105E+02
1.3254166E+06,-1.08345E+02
1.3256073E+06,-1.01805E+02
1.3257980E+06,-1.02225E+02
1.3259888E+06,-1.01545E+02
1.3261795E+06,-9.50454E+01
1.3263702E+06,-9.90454E+01
1.3265610E+06,-9.87454E+01
1.3267517E+06,-9.60854E+01
1.3269424E+06,-9.73454E+01
1.3271332E+06,-1.00165E+02
1.3273239E+06,-1.08965E+02
1.3275146E+06,-9.72854E+01
1.3277054E+06,-9.79854E+01
1.3278961E+06,-1.16845E+02
1.3280869E+06,-9.82054E+01
1.3282776E+06,-9.66054E+01
1.3284683E+06,-1.02045E+02
1.3286591E+06,-9.65854E+01
1.3288498E+06,-9.52854E+01
1.3290405E+06,-9.89454E+01
1.3292313E+06,-9.51454E+01
1.3294220E+06,-9.74054E+01
1.3296127E+06,-9.43454E+01
1.3298035E+06,-1.01145E+02
1.3299942E+06,-1.00605E+02
1.3301849E+06,-1.04885E+02
1.3303757E+06,-1.07525E+02
1.3305664E+06,-1.03125E+02
1.3307571E+06,-9.51454E+01
1.3309479E+06,-9.39254E+01
1.3311386E+06,-1.09245E+02
1.3313293E+06,-1.02425E+02
1.3315201E+06,-1.05985E+02
1.3317108E+06,-1.05085E+02
1.3319016E+06,-9.90054E+01
1.3320923E+06,-1.07425E+02
1.3322830E+06,-1.00365E+02
1.3324738E+06,-9.48454E+01
1.3326645E+06,-9.29654E+01
1.3328552E+06,-1.00585E+02
1.3330460E+06,-9.80054E+01
1.3332367E+06,-9.43854E+01
1.3334274E+06,-9.86054E+01
1.3336182E+06,-1.03505E+02
1.3338089E+06,-1.00525E+02
1.3339996E+06,-1.04885E+02
1.3341904E+06,-9.93654E+01
1.3343811E+06,-9.81254E+01
1.3345718E+06,-1.06825E+02
1.3347626E+06,-1.01585E+02
1.3349533E+06,-9.93654E+01
1.3351440E+06,-9.64654E+01
1.3353348E+06,-9.64054E+01
1.3355255E+06,-1.06545E+02
1.3357162E+06,-1.05025E+02
1.3359070E+06,-9.85854E+01
1.3360977E+06,-1.01865E+02
1.3362885E+06,-1.12065E+02
1.3364792E+06,-1.02585E+02
1.3366699E+06,-1.21965E+02
1.3368607E+06,-1.20385E+02
1.3370514E+06,-1.02585E+02
1.3372421E+06,-1.09865E+02
1.3374329E+06,-1.00525E+02
1.3376236E+06,-9.84654E+01
1.3378143E+06,-1.14085E+02
1.3380051E+06,-1.04685E+02
1.3381958E+06,-1.08205E+02
1.3383865E+06,-1.01985E+02
1.3385773E+06,-9.87454E+01
1.3387680E+06,-9.82654E+01
1.3389587E+06,-1.01345E+02
1.3391495E+06,-1.02145E+02
1.3393402E+06,-1.01185E+02
1.3395309E+06,-9.51454E+01
1.3397217E+06,-9.86854E+01
1.3399124E+06,-1.07825E+02
1.3401031E+06,-9.61254E+01
1.3402939E+06,-9.32654E+01
1.3404846E+06,-9.89854E+01
1.3406754E+06,-9.75054E+01
1.3408661E+06,-9.61054E+01
1.3410568E+06,-9.96254E+01
1.3412476E+06,-9.76454E+01
1.3414383E+06,-1.01165E+02
1.3416290E+06,-1.04145E+02
1.3418198E+06,-1.20085E+02
1.3420105E+06,-1.07205E+02
1.3422012E+06,-9.97454E+01
1.3423920E+06,-9.59054E+01
1.3425827E+06,-9.37654E+01
1.3427734E+06,-9.37254E+01
1.3429642E+06,-9.66054E+01
1.3431549E+06,-1.11445E+02
1.3433456E+06,-9.83654E+01
1.3435364E+06,-9.62254E+01
1.3437271E+06,-9.25854E+01
1.3439178E+06,-9.48054E+01
1.3441086E+06,-1.02205E+02
1.3442993E+06,-1.15465E+02
1.3444901E+06,-9.02054E+01
1.3446808E+06,-9.09454E+01
1.3448715E+06,-9.73854E+01
1.3450623E+06,-1.02925E+02
1.3452530E+06,-9.75654E+01
1.3454437E+06,-9.38454E+01
1.3456345E+06,-9.54454E+01
1.3458252E+06,-9.65854E+01
1.3460159E+06,-9.87654E+01
1.3462067E+06,-1.00525E+02
1.3463974E+06,-1.01505E+02
1.3465881E+06,-9.70454E+01
1.3467789E+06,-9.73854E+01
1.3469696E+06,-1.02005E+02
1.3471603E+06,-9.65454E+01
1.3473511E+06,-9.73854E+01
1.3475418E+06,-1.02125E+02
1.3477325E+06,-1.00625E+02
1.3479233E+06,-1.04805E+02
1.3481140E+06,-1.02525E+02
1.3483047E+06,-1.00365E+02
1.3484955E+06,-1.01165E+02
1.3486862E+06,-9.91854E+01
1.3488770E+06,-9.82054E+01
1.3490677E+06,-1.06545E+02
1.3492584E+06,-9.97054E+01
1.3494492E+06,-9.42254E+01
1.3496399E+06,-9.83454E+01
1.3498306E+06,-9.06054E+01
1.3500214E+06,-8.69454E+01
1.3502121E+06,-9.63254E+01
1.3504028E+06,-1.00525E+02
1.3505936E+06,-9.56254E+01
1.3507843E+06,-9.48854E+01
1.3509750E+06,-1.02225E+02
1.3511658E+06,-1.03125E+02
1.3513565E+06,-1.04545E+02
1.3515472E+06,-1.02245E+02
1.3517380E+06,-1.00265E+02
1.3519287E+06,-1.04225E+02
1.3521194E+06,-1.00345E+02
1.3523102E+06,-9.45054E+01
1.3525009E+06,-1.04865E+02
1.3526917E+06,-1.02525E+02
1.3528824E+06,-1.02905E+02
1.3530731E+06,-9.96654E+01
1.3532639E+06,-9.75854E+01
1.3534546E+06,-1.01145E+02
1.3536453E+06,-1.13065E+02
1.3538361E+06,-9.77654E+01
1.3540268E+06,-9.79454E+01
1.3542175E+06,-1.01685E+02
1.3544083E+06,-1.00845E+02
1.3545990E+06,-1.15305E+02
1.3547897E+06,-9.83454E+01
1.3549805E+06,-9.50054E+01
1.3551712E+06,-9.62254E+01
1.3553619E+06,-1.01225E+02
1.3555527E+06,-9.97254E+01
1.3557434E+06,-9.67454E+01
1.3559341E+06,-1.01805E+02
1.3561249E+06,-1.07585E+02
1.3563156E+06,-1.03085E+02
1.3565063E+06,-1.00105E+02
1.3566971E+06,-1.01245E+02
1.3568878E+06,-9.57654E+01
1.3570786E+06,-9.71054E+01
1.3572693E+06,-1.00745E+02
1.3574600E+06,-9.42254E+01
1.3576508E+06,-9.06654E+01
1.3578415E+06,-9.60254E+01
1.3580322E+06,-1.03845E+02
1.3582230E+06,-9.74254E+01
1.3584137E+06,-9.54454E+01
1.3586044E+06,-9.86454E+01
1.3587952E+06,-9.98254E+01
1.3589859E+06,-9.88454E+01
1.3591766E+06,-9.66054E+01
1.3593674E+06,-1.12285E+02
1.3595581E+06,-9.70054E+01
1.3597488E+06,-1.01205E+02
1.3599396E+06,-1.07185E+02
1.3601303E+06,-9.73654E+01
1.3603210E+06,-1.01245E+02
1.3605118E+06,-9.77254E+01
1.3607025E+06,-9.65054E+01
1.3608932E+06,-1.01305E+02
1.3610840E+06,-1.01305E+02
1.3612747E+06,-1.01345E+02
1.3614655E+06,-1.16765E+02
1.3616562E+06,-1.07185E+02
1.3618469E+06,-1.24005E+02
1.3620377E+06,-9.81254E+01
1.3622284E+06,-9.51254E+01
1.3624191E+06,-9.56454E+01
1.3626099E+06,-1.10505E+02
1.3628006E+06,-9.71054E+01
1.3629913E+06,-9.85454E+01
1.3631821E+06,-9.86454E+01
1.3633728E+06,-1.03845E+02
1.3635635E+06,-9.52854E+01
1.3637543E+06,-1.03025E+02
1.3639450E+06,-9.31654E+01
1.3641357E+06,-9.50054E+01
1.3643265E+06,-9.57654E+01
1.3645172E+06,-9.29254E+01
1.3647079E+06,-9.71054E+01
1.3648987E+06,-1.03365E+02
1.3650894E+06,-9.70654E+01
1.3652802E+06,-1.01985E+02
1.3654709E+06,-9.91454E+01
1.3656616E+06,-1.03805E+02
1.3658524E+06,-9.84254E+01
1.3660431E+06,-9.46654E+01
1.3662338E+06,-9.77054E+01
1.3664246E+06,-1.21385E+02
1.3666153E+06,-1.21425E+02
1.3668060E+06,-9.72854E+01
1.3669968E+06,-9.41854E+01
1.3671875E+06,-9.18654E+01
1.3673782E+06,-9.34454E+01
1.3675690E+06,-1.07525E+02
1.3677597E+06,-1.05445E+02
1.3679504E+06,-9.89054E+01
1.3681412E+06,-1.01545E+02
1.3683319E+06,-1.09585E+02
1.3685226E+06,-1.00225E+02
1.3687134E+06,-1.06965E+02
1.3689041E+06,-1.01325E+02
1.3690948E+06,-1.03505E+02
1.3692856E+06,-9.08654E+01
1.3694763E+06,-8.94654E+01
1.3696671E+06,-9.15654E+01
1.3698578E+06,-9.97454E+01
1.3700485E+06,-1.07485E+02
1.3702393E+06,-1.12225E+02
1.3704300E+06,-1.14185E+02
1.3706207E+06,-9.70254E+01
1.3708115E+06,-1.04045E+02
1.3710022E+06,-9.51254E+01
1.3711929E+06,-9.27654E+01
1.3713837E+06,-9.72454E+01
1.3715744E+06,-9.47654E+01
1.3717651E+06,-9.82854E+01
1.3719559E+06,-1.12525E+02
1.3721466E+06,-9.87054E+01
1.3723373E+06,-1.01305E+02
1.3725281E+06,-9.64454E+01
1.3727188E+06,-9.24854E+01
1.3729095E+06,-9.92854E+01
1.3731003E+06,-1.05165E+02
1.3732910E+06,-1.07285E+02
1.3734818E+06,-1.11965E+02
1.3736725E+06,-1.00245E+02
1.3738632E+06,-9.65854E+01
1.3740540E+06,-9.58054E+01
1.3742447E+06,-9.90454E+01
1.3744354E+06,-9.64454E+01
1.3746262E+06,-9.88854E+01
1.3748169E+06,-1.08565E+02
1.3750076E+06,-9.71054E+01
1.3751984E+06,-9.35454E+01
1.3753891E+06,-9.76254E+01
1.3755798E+06,-1.00105E+02
1.3757706E+06,-9.33254E+01
1.3759613E+06,-9.25054E+01
1.3761520E+06,-9.57054E+01
1.3763428E+06,-1.07205E+02
1.3765335E+06,-1.11565E+02
1.3767242E+06,-1.08305E+02
1.3769150E+06,-1.01945E+02
1.3771057E+06,-1.00545E+02
1.3772964E+06,-1.03225E+02
1.3774872E+06,-1.10105E+02
1.3776779E+06,-9.55454E+01
1.3778687E+06,-9.75254E+01
1.3780594E+06,-1.05925E+02
1.3782501E+06,-1.05585E+02
1.3784409E+06,-1.11485E+02
1.3786316E+06,-1.03805E+02
1.3788223E+06,-1.05425E+02
1.3790131E+06,-1.02165E+02
1.3792038E+06,-9.95454E+01
1.3793945E+06,-1.05285E+02
1.3795853E+06,-9.47454E+01
1.3797760E+06,-9.50854E+01
1.3799667E+06,-1.06045E+02
1.3801575E+06,-1.01685E+02
1.3803482E+06,-1.06105E+02
1.3805389E+06,-9.85454E+01
1.3807297E+06,-1.05345E+02
1.3809204E+06,-1.01145E+02
1.3811111E+06,-9.80454E+01
1.3813019E+06,-9.43254E+01
1.3814926E+06,-9.14254E+01
1.3816833E+06,-9.37254E+01
1.3818741E+06,-1.04085E+02
1.3820648E+06,-9.17854E+01
1.3822556E+06,-9.69054E+01
1.3824463E+06,-9.99254E+01
1.3826370E+06,-9.04654E+01
1.3828278E+06,-8.93054E+01
1.3830185E+06,-9.61654E+01
1.3832092E+06,-9.45654E+01
1.3834000E+06,-9.59054E+01
1.3835907E+06,-9.88854E+01
1.3837814E+06,-1.12705E+02
1.3839722E+06,-9.72054E+01
1.3841629E+06,-9.75254E+01
1.3843536E+06,-1.01425E+02
1.3845444E+06,-1.07225E+02
1.3847351E+06,-1.03585E+02
1.3849258E+06,-1.04805E+02
1.3851166E+06,-9.55254E+01
1.3853073E+06,-9.61654E+01
1.3854980E+06,-9.23654E+01
1.3856888E+06,-9.00254E+01
1.3858795E+06,-9.14854E+01
1.3860703E+06,-9.49054E+01
1.3862610E+06,-9.70654E+01
1.3864517E+06,-9.58654E+01
1.3866425E+06,-9.90854E+01
1.3868332E+06,-9.72454E+01
1.3870239E+06,-1.00725E+02
1.3872147E+06,-1.10945E+02
1.3874054E+06,-1.01825E+02
1.3875961E+06,-9.91054E+01
1.3877869E+06,-1.04965E+02
1.3879776E+06,-1.02865E+02
1.3881683E+06,-1.15625E+02
1.3883591E+06,-9.89854E+01
1.3885498E+06,-9.71854E+01
1.3887405E+06,-9.83854E+01
1.3889313E+06,-1.02745E+02
1.3891220E+06,-9.76054E+01
1.3893127E+06,-9.59254E+01
1.3895035E+06,-9.82254E+01
1.3896942E+06,-1.04325E+02
1.3898849E+06,-1.03185E+02
1.3900757E+06,-1.13165E+02
1.3902664E+06,-9.87454E+01
1.3904572E+06,-1.10085E+02
1.3906479E+06,-1.03665E+02
1.3908386E+06,-9.72854E+01
1.3910294E+06,-9.42654E+01
1.3912201E+06,-9.21654E+01
1.3914108E+06,-9.59654E+01
1.3916016E+06,-9.66054E+01
1.3917923E+06,-1.02225E+02
1.3919830E+06,-1.06845E+02
1.3921738E+06,-1.11585E+02
1.3923645E+06,-1.02325E+02
1.3925552E+06,-9.63654E+01
1.3927460E+06,-9.87454E+01
1.3929367E+06,-1.05225E+02
1.3931274E+06,-9.62454E+01
1.3933182E+06,-1.00845E+02
1.3935089E+06,-1.00685E+02
1.3936996E+06,-1.03505E+02
1.3938904E+06,-9.73654E+01
1.3940811E+06,-9.76654E+01
1.3942719E+06,-1.00545E+02
1.3944626E+06,-9.30654E+01
1.3946533E+06,-9.43054E+01
1.3948441E+06,-9.91654E+01
1.3950348E+06,-1.02865E+02
1.3952255E+06,-9.82654E+01
1.3954163E+06,-9.81454E+01
1.3956070E+06,-9.72254E+01
1.3957977E+06,-1.05465E+02
1.3959885E+06,-1.02805E+02
1.3961792E+06,-1.04965E+02
1.3963699E+06,-9.79454E+01
1.3965607E+06,-9.39654E+01
1.3967514E+06,-9.72254E+01
1.3969421E+06,-1.21325E+02
1.3971329E+06,-9.53254E+01
1.3973236E+06,-9.03654E+01
1.3975143E+06,-9.16854E+01
1.3977051E+06,-1.05805E+02
1.3978958E+06,-9.99054E+01
1.3980865E+06,-9.67654E+01
1.3982773E+06,-9.47254E+01
1.3984680E+06,-9.97254E+01
1.3986588E+06,-1.04005E+02
1.3988495E+06,-1.05825E+02
1.3990402E+06,-9.78454E+01
1.3992310E+06,-1.02965E+02
1.3994217E+06,-9.90654E+01
1.3996124E+06,-1.02745E+02
1.3998032E+06,-1.04805E+02
1.3999939E+06,-9.13454E+01
1.4001846E+06,-9.38054E+01
1.4003754E+06,-9.95454E+01
1.4005661E+06,-1.01665E+02
1.4007568E+06,-1.06745E+02
1.4009476E+06,-9.86654E+01
1.4011383E+06,-9.37654E+01
1.4013290E+06,-9.59654E+01
1.4015198E+06,-1.05885E+02
1.4017105E+06,-1.06805E+02
1.4019012E+06,-1.00565E+02
1.4020920E+06,-9.38454E+01
1.4022827E+06,-9.57254E+01
1.4024734E+06,-1.00865E+02
1.4026642E+06,-9.50854E+01
1.4028549E+06,-9.43054E+01
1.4030457E+06,-9.71254E+01
1.4032364E+06,-9.41854E+01
1.4034271E+06,-9.43454E+01
1.4036179E+06,-9.88854E+01
1.4038086E+06,-9.97054E+01
1.4039993E+06,-1.01705E+02
1.4041901E+06,-9.50654E+01
1.4043808E+06,-9.52254E+01
1.4045715E+06,-9.21254E+01
1.4047623E+06,-9.43654E+01
1.4049530E+06,-9.82254E+01
1.4051437E+06,-9.85454E+01
1.4053345E+06,-1.08025E+02
1.4055252E+06,-9.47654E+01
1.4057159E+06,-9.10654E+01
1.4059067E+06,-9.41854E+01
1.4060974E+06,-1.07225E+02
1.4062881E+06,-9.80854E+01
1.4064789E+06,-1.02905E+02
1.4066696E+06,-1.07245E+02
1.4068604E+06,-9.95454E+01
1.4070511E+06,-1.08565E+02
1.4072418E+06,-1.00985E+02
1.4074326E+06,-1.00285E+02
1.4076233E+06,-1.04785E+02
1.4078140E+06,-9.69054E+01
1.4080048E+06,-9.90854E+01
1.4081955E+06,-1.16165E+02
1.4083862E+06,-1.02145E+02
1.4085770E+06,-1.04485E+02
1.4087677E+06,-9.43054E+01
1.4089584E+06,-9.90854E+01
1.4091492E+06,-9.82654E+01
1.4093399E+06,-9.96654E+01
1.4095306E+06,-9.84054E+01
1.4097214E+06,-9.38454E+01
1.4099121E+06,-9.26254E+01
1.4101028E+06,-9.34654E+01
1.4102936E+06,-9.70654E+01
1.4104843E+06,-1.01045E+02
1.4106750E+06,-1.08105E+02
1.4108658E+06,-9.52654E+01
1.4110565E+06,-9.80054E+01
1.4112473E+06,-9.56254E+01
1.4114380E+06,-9.16654E+01
1.4116287E+06,-9.51054E+01
1.4118195E+06,-1.06565E+02
1.4120102E+06,-1.09765E+02
1.4122009E+06,-9.42654E+01
1.4123917E+06,-9.09454E+01
1.4125824E+06,-9.44454E+01
1.4127731E+06,-9.96654E+01
1.4129639E+06,-1.11665E+02
1.4131546E+06,-1.17445E+02
1.4133453E+06,-1.01685E+02
1.4135361E+06,-9.84854E+01
1.4137268E+06,-9.60654E+01
1.4139175E+06,-1.02225E+02
1.4141083E+06,-1.05765E+02
1.4142990E+06,-1.06665E+02
1.4144897E+06,-1.00545E+02
1.4146805E+06,-9.98454E+01
1.4148712E+06,-9.92854E+01
1.4150620E+06,-1.04005E+02
1.4152527E+06,-1.07445E+02
1.4154434E+06,-1.01345E+02
1.4156342E+06,-9.62854E+01
1.4158249E+06,-9.29854E+01
1.4160156E+06,-9.58654E+01
1.4162064E+06,-1.07325E+02
1.4163971E+06,-1.13805E+02
1.4165878E+06,-9.98054E+01
1.4167786E+06,-9.22254E+01
1.4169693E+06,-9.29054E+01
1.4171600E+06,-9.69254E+01
1.4173508E+06,-9.78054E+01
1.4175415E+06,-1.02385E+02
1.4177322E+06,-9.84254E+01
1.4179230E+06,-9.66454E+01
1.4181137E+06,-9.83654E+01
1.4183044E+06,-1.02225E+02
1.4184952E+06,-1.11305E+02
1.4186859E+06,-1.02325E+02
1.4188766E+06,-1.09485E+02
1.4190674E+06,-1.11245E+02
1.4192581E+06,-1.01645E+02
1.4194489E+06,-1.07165E+02
1.4196396E+06,-1.02445E+02
1.4198303E+06,-9.40854E+01
1.4200211E+06,-9.31254E+01
1.4202118E+06,-9.46654E+01
1.4204025E+06,-9.61054E+01
1.4205933E+06,-9.64254E+01
1.4207840E+06,-9.44454E+01
1.4209747E+06,-9.38854E+01
1.4211655E+06,-9.37654E+01
1.4213562E+06,-9.52654E+01
1.4215469E+06,-9.56254E+01
1.4217377E+06,-1.04185E+02
1.4219284E+06,-1.21105E+02
1.4221191E+06,-1.07725E+02
1.4223099E+06,-9.97054E+01
1.4225006E+06,-9.70854E+01
1.4226913E+06,-9.64254E+01
1.4228821E+06,-1.02565E+02
1.4230728E+06,-9.63254E+01
1.4232635E+06,-9.37054E+01
1.4234543E+06,-9.45454E+01
1.4236450E+06,-1.00885E+02
1.4238358E+06,-9.80054E+01
1.4240265E+06,-9.58254E+01
1.4242172E+06,-9.70654E+01
1.4244080E+06,-9.68054E+01
1.4245987E+06,-9.78854E+01
1.4247894E+06,-1.03225E+02
1.4249802E+06,-9.23654E+01
1.4251709E+06,-9.37054E+01
1.4253616E+06,-1.06385E+02
1.4255524E+06,-1.05445E+02
1.4257431E+06,-9.97854E+01
1.4259338E+06,-9.32254E+01
1.4261246E+06,-9.44854E+01
1.4263153E+06,-1.07505E+02
1.4265060E+06,-9.91654E+01
1.4266968E+06,-9.57654E+01
1.4268875E+06,-9.79654E+01
1.4270782E+06,-1.00505E+02
1.4272690E+06,-9.97854E+01
1.4274597E+06,-9.86854E+01
1.4276505E+06,-9.78454E+01
1.4278412E+06,-1.03665E+02
1.4280319E+06,-1.13845E+02
1.4282227E+06,-9.70654E+01
1.4284134E+06,-9.68854E+01
1.4286041E+06,-1.04185E+02
1.4287949E+06,-1.03125E+02
1.4289856E+06,-1.02585E+02
1.4291763E+06,-1.02685E+02
1.4293671E+06,-1.04765E+02
1.4295578E+06,-1.07345E+02
1.4297485E+06,-1.03125E+02
1.4299393E+06,-9.70254E+01
1.4301300E+06,-9.90454E+01
1.4303207E+06,-1.00225E+02
1.4305115E+06,-1.00325E+02
1.4307022E+06,-1.02045E+02
1.4308929E+06,-1.00445E+02
1.4310837E+06,-1.32625E+02
1.4312744E+06,-1.06905E+02
1.4314651E+06,-1.07265E+02
1.4316559E+06,-1.08185E+02
1.4318466E+06,-9.64254E+01
1.4320374E+06,-9.49254E+01
1.4322281E+06,-9.61054E+01
1.4324188E+06,-9.45854E+01
1.4326096E+06,-9.76454E+01
1.4328003E+06,-1.06985E+02
1.4329910E+06,-9.83854E+01
1.4331818E+06,-9.38454E+01
1.4333725E+06,-9.09854E+01
1.4335632E+06,-9.59254E+01
1.4337540E+06,-9.95654E+01
1.4339447E+06,-9.28254E+01
1.4341354E+06,-9.29054E+01
1.4343262E+06,-9.69254E+01
1.4345169E+06,-1.13025E+02
1.4347076E+06,-9.73254E+01
1.4348984E+06,-1.07325E+02
1.4350891E+06,-1.04645E+02
1.4352798E+06,-1.00425E+02
1.4354706E+06,-9.61454E+01
1.4356613E+06,-9.64054E+01
1.4358521E+06,-9.63654E+01
1.4360428E+06,-9.22454E+01
1.4362335E+06,-9.12454E+01
1.4364243E+06,-9.70254E+01
1.4366150E+06,-9.79254E+01
1.4368057E+06,-9.25654E+01
1.4369965E+06,-9.88254E+01
1.4371872E+06,-1.04565E+02
1.4373779E+06,-1.02965E+02
1.4375687E+06,-1.03925E+02
1.4377594E+06,-9.74054E+01
1.4379501E+06,-9.18054E+01
1.4381409E+06,-9.36654E+01
1.4383316E+06,-1.00585E+02
1.4385223E+06,-9.47254E+01
1.4387131E+06,-9.49854E+01
1.4389038E+06,-1.05705E+02
1.4390945E+06,-1.05385E+02
1.4392853E+06,-1.06305E+02
1.4394760E+06,-1.01485E+02
1.4396667E+06,-9.65054E+01
1.4398575E+06,-9.75854E+01
1.4400482E+06,-1.02965E+02
1.4402390E+06,-1.01585E+02
1.4404297E+06,-1.05165E+02
1.4406204E+06,-1.02245E+02
1.4408112E+06,-9.32654E+01
1.4410019E+06,-9.08254E+01
1.4411926E+06,-9.91054E+01
1.4413834E+06,-1.02045E+02
1.4415741E+06,-9.89654E+01
1.4417648E+06,-1.04385E+02
1.4419556E+06,-1.04265E+02
1.4421463E+06,-9.89454E+01
1.4423370E+06,-1.05565E+02
1.4425278E+06,-1.01625E+02
1.4427185E+06,-1.08365E+02
1.4429092E+06,-1.04805E+02
1.4431000E+06,-9.60854E+01
1.4432907E+06,-9.62054E+01
1.4434814E+06,-1.13265E+02
1.4436722E+06,-1.03085E+02
1.4438629E+06,-1.04905E+02
1.4440536E+06,-9.86654E+01
1.4442444E+06,-9.65254E+01
1.4444351E+06,-9.88654E+01
1.4446259E+06,-9.72054E+01
1.4448166E+06,-1.05225E+02
1.4450073E+06,-9.41854E+01
1.4451981E+06,-9.43654E+01
1.4453888E+06,-1.05825E+02
1.4455795E+06,-1.07985E+02
1.4457703E+06,-9.80054E+01
1.4459610E+06,-9.44254E+01
1.4461517E+06,-9.29854E+01
1.4463425E+06,-9.77254E+01
1.4465332E+06,-9.63254E+01
1.4467239E+06,-9.33654E+01
1.4469147E+06,-9.96654E+01
1.4471054E+06,-1.00245E+02
1.4472961E+06,-9.60454E+01
1.4474869E+06,-1.05445E+02
1.4476776E+06,-9.76054E+01
1.4478683E+06,-9.45854E+01
1.4480591E+06,-9.36254E+01
1.4482498E+06,-9.54054E+01
1.4484406E+06,-1.00665E+02
1.4486313E+06,-1.11445E+02
1.4488220E+06,-1.00025E+02
1.4490128E+06,-9.41854E+01
1.4492035E+06,-9.46054E+01
1.4493942E+06,-9.68854E+01
1.4495850E+06,-9.80854E+01
1.4497757E+06,-9.32654E+01
1.4499664E+06,-9.58254E+01
1.4501572E+06,-1.18005E+02
1.4503479E+06,-1.02925E+02
1.4505386E+06,-9.68654E+01
1.4507294E+06,-9.52654E+01
1.4509201E+06,-9.60854E+01
1.4511108E+06,-1.02525E+02
1.4513016E+06,-9.63854E+01
1.4514923E+06,-9.41854E+01
1.4516830E+06,-1.15385E+02
1.4518738E+06,-9.81654E+01
1.4520645E+06,-9.80854E+01
1.4522552E+06,-9.65654E+01
1.4524460E+06,-9.46254E+01
1.4526367E+06,-1.03765E+02
1.4528275E+06,-9.57854E+01
1.4530182E+06,-9.28254E+01
1.4532089E+06,-9.22454E+01
1.4533997E+06,-9.27454E+01
1.4535904E+06,-1.03165E+02
1.4537811E+06,-9.85854E+01
1.4539719E+06,-9.47454E+01
1.4541626E+06,-9.70054E+01
1.4543533E+06,-1.08085E+02
1.4545441E+06,-1.07285E+02
1.4547348E+06,-9.82254E+01
1.4549255E+06,-9.83054E+01
1.4551163E+06,-9.91254E+01
1.4553070E+06,-9.84854E+01
1.4554977E+06,-1.04985E+02
1.4556885E+06,-9.54654E+01
1.4558792E+06,-9.63054E+01
1.4560699E+06,-9.93254E+01
1.4562607E+06,-9.61854E+01
1.4564514E+06,-9.65054E+01
1.4566422E+06,-9.51454E+01
1.4568329E+06,-9.37654E+01
1.4570236E+06,-9.89454E+01
1.4572144E+06,-9.64654E+01
1.4574051E+06,-9.71254E+01
1.4575958E+06,-1.17885E+02
1.4577866E+06,-9.89054E+01
1.4579773E+06,-9.80454E+01
1.4581680E+06,-9.59854E+01
1.4583588E+06,-9.81454E+01
1.4585495E+06,-9.81254E+01
1.4587402E+06,-9.61654E+01
1.4589310E+06,-9.84654E+01
1.4591217E+06,-1.01365E+02
1.4593124E+06,-1.09905E+02
1.4595032E+06,-9.71654E+01
1.4596939E+06,-9.97054E+01
1.4598846E+06,-1.38145E+02
1.4600754E+06,-9.98054E+01
1.4602661E+06,-9.52454E+01
1.4604568E+06,-9.42254E+01
1.4606476E+06,-9.02454E+01
1.4608383E+06,-9.33254E+01
1.4610291E+06,-1.00685E+02
1.4612198E+06,-1.07425E+02
1.4614105E+06,-9.76854E+01
1.4616013E+06,-9.18054E+01
1.4617920E+06,-9.60454E+01
1.4619827E+06,-1.05185E+02
1.4621735E+06,-1.05525E+02
1.4623642E+06,-9.74254E+01
1.4625549E+06,-9.98454E+01
1.4627457E+06,-1.00585E+02
1.4629364E+06,-9.73454E+01
1.4631271E+06,-9.40854E+01
1.4633179E+06,-9.61654E+01
1.4635086E+06,-9.65454E+01
1.4636993E+06,-1.05165E+02
1.4638901E+06,-1.18565E+02
1.4640808E+06,-1.02905E+02
1.4642715E+06,-9.98254E+01
1.4644623E+06,-1.01045E+02
1.4646530E+06,-9.99454E+01
1.4648438E+06,-9.85654E+01
1.4650345E+06,-9.62054E+01
1.4652252E+06,-9.37054E+01
1.4654160E+06,-9.52254E+01
1.4656067E+06,-1.04685E+02
1.4657974E+06,-1.01525E+02
1.4659882E+06,-1.16445E+02
1.4661789E+06,-1.03705E+02
1.4663696E+06,-9.31854E+01
1.4665604E+06,-9.43254E+01
1.4667511E+06,-9.93854E+01
1.4669418E+06,-9.36654E+01
1.4671326E+06,-9.38054E+01
1.4673233E+06,-9.57054E+01
1.4675140E+06,-9.66654E+01
1.4677048E+06,-9.98454E+01
1.4678955E+06,-9.66254E+01
1.4680862E+06,-9.24854E+01
1.4682770E+06,-9.72254E+01
1.4684677E+06,-1.01325E+02
1.4686584E+06,-9.98854E+01
1.4688492E+06,-1.03365E+02
1.4690399E+06,-1.10825E+02
1.4692307E+06,-1.00865E+02
1.4694214E+06,-1.04225E+02
1.4696121E+06,-1.06705E+02
1.4698029E+06,-1.06285E+02
1.4699936E+06,-1.03805E+02
1.4701843E+06,-9.92854E+01
1.4703751E+06,-1.00805E+02
1.4705658E+06,-1.14365E+02
1.4707565E+06,-1.00805E+02
1.4709473E+06,-1.04565E+02
1.4711380E+06,-1.02965E+02
1.4713287E+06,-9.49654E+01
1.4715195E+06,-9.50054E+01
1.4717102E+06,-1.00505E+02
1.4719009E+06,-1.01825E+02
1.4720917E+06,-1.02125E+02
1.4722824E+06,-1.09045E+02
1.4724731E+06,-1.06985E+02
1.4726639E+06,-1.03505E+02
1.4728546E+06,-1.12145E+02
1.4730453E+06,-1.11205E+02
1.4732361E+06,-9.79054E+01
1.4734268E+06,-1.05385E+02
1.4736176E+06,-1.01545E+02
1.4738083E+06,-1.02925E+02
1.4739990E+06,-9.35054E+01
1.4741898E+06,-9.16454E+01
1.4743805E+06,-9.48454E+01
1.4745712E+06,-1.13445E+02
1.4747620E+06,-9.56654E+01
1.4749527E+06,-9.22454E+01
1.4751434E+06,-9.45054E+01
1.4753342E+06,-9.76854E+01
1.4755249E+06,-9.85654E+01
1.4757156E+06,-9.76054E+01
1.4759064E+06,-9.49654E+01
1.4760971E+06,-9.49454E+01
1.4762878E+06,-9.59854E+01
1.4764786E+06,-9.11454E+01
1.4766693E+06,-9.01254E+01
1.4768600E+06,-9.85454E+01
1.4770508E+06,-1.04565E+02
1.4772415E+06,-9.90654E+01
1.4774323E+06,-1.04145E+02
1.4776230E+06,-1.01965E+02
1.4778137E+06,-9.28654E+01
1.4780045E+06,-9.80254E+01
1.4781952E+06,-8.90654E+01
1.4783859E+06,-9.01054E+01
1.4785767E+06,-9.47054E+01
1.4787674E+06,-1.00925E+02
1.4789581E+06,-9.90654E+01
1.4791489E+06,-1.01025E+02
1.4793396E+06,-9.87254E+01
1.4795303E+06,-1.02585E+02
1.4797211E+06,-1.00225E+02
1.4799118E+06,-9.47654E+01
1.4801025E+06,-9.67054E+01
1.4802933E+06,-1.00085E+02
1.4804840E+06,-1.10465E+02
1.4806747E+06,-9.61054E+01
1.4808655E+06,-9.37254E+01
1.4810562E+06,-9.54854E+01
1.4812469E+06,-9.61454E+01
1.4814377E+06,-9.29854E+01
1.4816284E+06,-9.47654E+01
1.4818192E+06,-9.62854E+01
1.4820099E+06,-9.71454E+01
1.4822006E+06,-1.03465E+02
1.4823914E+06,-9.53454E+01
1.4825821E+06,-9.54054E+01
1.4827728E+06,-9.75454E+01
1.4829636E+06,-9.50254E+01
1.4831543E+06,-1.06745E+02
1.4833450E+06,-1.03505E+02
1.4835358E+06,-1.05405E+02
1.4837265E+06,-1.09705E+02
1.4839172E+06,-1.04985E+02
1.4841080E+06,-1.10205E+02
1.4842987E+06,-9.56054E+01
1.4844894E+06,-9.71854E+01
1.4846802E+06,-1.06345E+02
1.4848709E+06,-9.90454E+01
1.4850616E+06,-1.01445E+02
1.4852524E+06,-1.05605E+02
1.4854431E+06,-1.10545E+02
1.4856339E+06,-1.00525E+02
1.4858246E+06,-9.86254E+01
1.4860153E+06,-1.04325E+02
1.4862061E+06,-1.03505E+02
1.4863968E+06,-9.72854E+01
1.4865875E+06,-9.65854E+01
1.4867783E+06,-9.72054E+01
1.4869690E+06,-1.03545E+02
1.4871597E+06,-1.03445E+02
1.4873505E+06,-9.89854E+01
1.4875412E+06,-9.62654E+01
1.4877319E+06,-1.01485E+02
1.4879227E+06,-9.83054E+01
1.4881134E+06,-1.02965E+02
1.4883041E+06,-1.09205E+02
1.4884949E+06,-1.02705E+02
1.4886856E+06,-1.02865E+02
1.4888763E+06,-9.71254E+01
1.4890671E+06,-9.71854E+01
1.4892578E+06,-1.00965E+02
1.4894485E+06,-9.76054E+01
1.4896393E+06,-1.00145E+02
1.4898300E+06,-9.69054E+01
1.4900208E+06,-9.57254E+01
1.4902115E+06,-9.72054E+01
1.4904022E+06,-1.01165E+02
1.4905930E+06,-9.70654E+01
1.4907837E+06,-9.62054E+01
1.4909744E+06,-9.40854E+01
1.4911652E+06,-9.53254E+01
1.4913559E+06,-9.59454E+01
1.4915466E+06,-9.86654E+01
1.4917374E+06,-1.00185E+02
1.4919281E+06,-1.01245E+02
1.4921188E+06,-1.09765E+02
1.4923096E+06,-1.03125E+02
1.4925003E+06,-9.70854E+01
1.4926910E+06,-9.83454E+01
1.4928818E+06,-1.09165E+02
1.4930725E+06,-1.07085E+02
1.4932632E+06,-1.00825E+02
1.4934540E+06,-9.58854E+01
1.4936447E+06,-9.48454E+01
1.4938354E+06,-9.78654E+01
1.4940262E+06,-1.02745E+02
1.4942169E+06,-1.01665E+02
1.4944077E+06,-9.46254E+01
1.4945984E+06,-9.50054E+01
1.4947891E+06,-1.01865E+02
1.4949799E+06,-9.76054E+01
1.4951706E+06,-9.68854E+01
1.4953613E+06,-1.01765E+02
1.4955521E+06,-1.07165E+02
1.4957428E+06,-1.20565E+02
1.4959335E+06,-1.14485E+02
1.4961243E+06,-9.77454E+01
1.4963150E+06,-1.02245E+02
1.4965057E+06,-1.00465E+02
1.4966965E+06,-9.73454E+01
1.4968872E+06,-1.02245E+02
1.4970779E+06,-1.05825E+02
1.4972687E+06,-9.38054E+01
1.4974594E+06,-9.50054E+01
1.4976501E+06,-1.04085E+02
1.4978409E+06,-1.00225E+02
1.4980316E+06,-1.00225E+02
1.4982224E+06,-1.06485E+02
1.4984131E+06,-1.05105E+02
1.4986038E+06,-1.11365E+02
1.4987946E+06,-9.76454E+01
1.4989853E+06,-9.29054E+01
1.4991760E+06,-9.66854E+01
1.4993668E+06,-9.66854E+01
1.4995575E+06,-9.74454E+01
1.4997482E+06,-1.04145E+02
1.4999390E+06,-1.00545E+02
1.5001297E+06,-1.04005E+02
1.5003204E+06,-9.91254E+01
1.5005112E+06,-9.50854E+01
1.5007019E+06,-1.02365E+02
1.5008926E+06,-1.07525E+02
1.5010834E+06,-1.04465E+02
1.5012741E+06,-9.32654E+01
1.5014648E+06,-9.77454E+01
1.5016556E+06,-1.00685E+02
1.5018463E+06,-9.77654E+01
1.5020370E+06,-9.89654E+01
1.5022278E+06,-1.10505E+02
1.5024185E+06,-9.63254E+01
1.5026093E+06,-9.84254E+01
1.5028000E+06,-1.05505E+02
1.5029907E+06,-1.08605E+02
1.5031815E+06,-1.00465E+02
1.5033722E+06,-1.02245E+02
1.5035629E+06,-1.05125E+02
1.5037537E+06,-1.10845E+02
1.5039444E+06,-1.12925E+02
1.5041351E+06,-1.11745E+02
1.5043259E+06,-1.13885E+02
1.5045166E+06,-1.09165E+02
1.5047073E+06,-1.02565E+02
1.5048981E+06,-9.71054E+01
1.5050888E+06,-9.45854E+01
1.5052795E+06,-9.85654E+01
1.5054703E+06,-1.06045E+02
1.5056610E+06,-9.63654E+01
1.5058517E+06,-9.35854E+01
1.5060425E+06,-1.00545E+02
1.5062332E+06,-9.69654E+01
1.5064240E+06,-1.06925E+02
1.5066147E+06,-9.60454E+01
1.5068054E+06,-9.18054E+01
1.5069962E+06,-9.45454E+01
1.5071869E+06,-1.06545E+02
1.5073776E+06,-9.96454E+01
1.5075684E+06,-1.01705E+02
1.5077591E+06,-1.00125E+02
1.5079498E+06,-1.05445E+02
1.5081406E+06,-1.11665E+02
1.5083313E+06,-1.01305E+02
1.5085220E+06,-9.90054E+01
1.5087128E+06,-1.03845E+02
1.5089035E+06,-1.12225E+02
1.5090942E+06,-1.07605E+02
1.5092850E+06,-1.04485E+02
1.5094757E+06,-1.06725E+02
1.5096664E+06,-9.60854E+01
1.5098572E+06,-9.60454E+01
1.5100479E+06,-1.00145E+02
1.5102386E+06,-1.03665E+02
1.5104294E+06,-1.02125E+02
1.5106201E+06,-9.80654E+01
1.5108109E+06,-9.63654E+01
1.5110016E+06,-9.99454E+01
1.5111923E+06,-9.88054E+01
1.5113831E+06,-9.46654E+01
1.5115738E+06,-9.86654E+01
1.5117645E+06,-9.75054E+01
1.5119553E+06,-9.50054E+01
1.5121460E+06,-9.37254E+01
1.5123367E+06,-1.01285E+02
1.5125275E+06,-9.68854E+01
1.5127182E+06,-9.97254E+01
1.5129089E+06,-1.06345E+02
1.5130997E+06,-1.04145E+02
1.5132904E+06,-9.67054E+01
1.5134811E+06,-9.92854E+01
1.5136719E+06,-9.65654E+01
1.5138626E+06,-9.90454E+01
1.5140533E+06,-1.00265E+02
1.5142441E+06,-1.13805E+02
1.5144348E+06,-1.01365E+02
1.5146255E+06,-1.01225E+02
1.5148163E+06,-1.00965E+02
1.5150070E+06,-1.06565E+02
1.5151978E+06,-1.17505E+02
1.5153885E+06,-1.02145E+02
1.5155792E+06,-1.05205E+02
1.5157700E+06,-9.87654E+01
1.5159607E+06,-1.00805E+02
1.5161514E+06,-1.29665E+02
1.5163422E+06,-1.07445E+02
1.5165329E+06,-9.47054E+01
1.5167236E+06,-9.08254E+01
1.5169144E+06,-9.64654E+01
1.5171051E+06,-1.07525E+02
1.5172958E+06,-9.92454E+01
1.5174866E+06,-9.95054E+01
1.5176773E+06,-1.04585E+02
1.5178680E+06,-9.53454E+01
1.5180588E+06,-1.11085E+02
1.5182495E+06,-9.48254E+01
1.5184402E+06,-1.01405E+02
1.5186310E+06,-9.75254E+01
1.5188217E+06,-1.06245E+02
1.5190125E+06,-9.74254E+01
1.5192032E+06,-9.50054E+01
1.5193939E+06,-1.02965E+02
1.5195847E+06,-1.01445E+02
1.5197754E+06,-9.73054E+01
1.5199661E+06,-1.02485E+02
1.5201569E+06,-1.04845E+02
1.5203476E+06,-9.54254E+01
1.5205383E+06,-9.56654E+01
1.5207291E+06,-9.52854E+01
1.5209198E+06,-9.61054E+01
1.5211105E+06,-1.05605E+02
1.5213013E+06,-1.07185E+02
1.5214920E+06,-9.87054E+01
1.5216827E+06,-1.05385E+02
1.5218735E+06,-1.01165E+02
1.5220642E+06,-9.53854E+01
1.5222549E+06,-9.39254E+01
1.5224457E+06,-9.57054E+01
1.5226364E+06,-9.30854E+01
1.5228271E+06,-9.13654E+01
1.5230179E+06,-9.51254E+01
1.5232086E+06,-1.00625E+02
1.5233994E+06,-1.03125E+02
1.5235901E+06,-1.04185E+02
1.5237808E+06,-9.84454E+01
1.5239716E+06,-1.01645E+02
1.5241623E+06,-9.69654E+01
1.5243530E+06,-9.22254E+01
1.5245438E+06,-9.31254E+01
1.5247345E+06,-9.73654E+01
1.5249252E+06,-9.62654E+01
1.5251160E+06,-1.01885E+02
1.5253067E+06,-9.98454E+01
1.5254974E+06,-9.91654E+01
1.5256882E+06,-9.40454E+01
1.5258789E+06,-9.18854E+01
1.5260696E+06,-9.23654E+01
1.5262604E+06,-9.71454E+01
1.5264511E+06,-9.98054E+01
1.5266418E+06,-9.55054E+01
1.5268326E+06,-1.03845E+02
1.5270233E+06,-1.01805E+02
1.5272141E+06,-1.05565E+02
1.5274048E+06,-9.37654E+01
1.5275955E+06,-9.05654E+01
1.5277863E+06,-9.27054E+01
1.5279770E+06,-1.00225E+02
1.5281677E+06,-9.88454E+01
1.5283585E+06,-9.50254E+01
1.5285492E+06,-9.80054E+01
1.5287399E+06,-1.09005E+02
1.5289307E+06,-9.97854E+01
1.5291214E+06,-9.65254E+01
1.5293121E+06,-9.76254E+01
1.5295029E+06,-1.04325E+02
1.5296936E+06,-1.04585E+02
1.5298843E+06,-1.04605E+02
1.5300751E+06,-1.04085E+02
1.5302658E+06,-1.07085E+02
1.5304565E+06,-9.61854E+01
1.5306473E+06,-9.11854E+01
1.5308380E+06,-9.92454E+01
1.5310287E+06,-9.70654E+01
1.5312195E+06,-9.72254E+01
1.5314102E+06,-1.02445E+02
1.5316010E+06,-9.43854E+01
1.5317917E+06,-9.23054E+01
1.5319824E+06,-1.00225E+02
1.5321732E+06,-9.94854E+01
1.5323639E+06,-1.02765E+02
1.5325546E+06,-1.04805E+02
1.5327454E+06,-1.01825E+02
1.5329361E+06,-1.19545E+02
1.5331268E+06,-1.00845E+02
1.5333176E+06,-9.93654E+01
1.5335083E+06,-1.02985E+02
1.5336990E+06,-1.02205E+02
1.5338898E+06,-9.68054E+01
1.5340805E+06,-1.00365E+02
1.5342712E+06,-9.73454E+01
1.5344620E+06,-9.40054E+01
1.5346527E+06,-9.82454E+01
1.5348434E+06,-9.68654E+01
1.5350342E+06,-1.03125E+02
1.5352249E+06,-1.07205E+02
1.5354156E+06,-9.74454E+01
1.5356064E+06,-9.49054E+01
1.5357971E+06,-1.00985E+02
1.5359879E+06,-1.00365E+02
1.5361786E+06,-9.83854E+01
1.5363693E+06,-9.71054E+01
1.5365601E+06,-9.50254E+01
1.5367508E+06,-9.81854E+01
1.5369415E+06,-9.85254E+01
1.5371323E+06,-1.05705E+02
1.5373230E+06,-1.01765E+02
1.5375137E+06,-1.07685E+02
1.5377045E+06,-9.85654E+01
1.5378952E+06,-1.01545E+02
1.5380859E+06,-1.01865E+02
1.5382767E+06,-1.04365E+02
1.5384674E+06,-8.98254E+01
1.5386581E+06,-8.97854E+01
1.5388489E+06,-9.30254E+01
1.5390396E+06,-9.52254E+01
1.5392303E+06,-9.66254E+01
1.5394211E+06,-9.58254E+01
1.5396118E+06,-9.30654E+01
1.5398026E+06,-9.63254E+01
1.5399933E+06,-1.04005E+02
1.5401840E+06,-1.00945E+02
1.5403748E+06,-1.11485E+02
1.5405655E+06,-1.03445E+02
1.5407562E+06,-1.00545E+02
1.5409470E+06,-1.00945E+02
1.5411377E+06,-1.01885E+02
1.5413284E+06,-1.10605E+02
1.5415192E+06,-9.79054E+01
1.5417099E+06,-9.48454E+01
1.5419006E+06,-9.20054E+01
1.5420914E+06,-9.43454E+01
1.5422821E+06,-1.00165E+02
1.5424728E+06,-1.00785E+02
1.5426636E+06,-9.38454E+01
1.5428543E+06,-9.37054E+01
1.5430450E+06,-9.42654E+01
1.5432358E+06,-9.27054E+01
1.5434265E+06,-9.63454E+01
1.5436172E+06,-9.89054E+01
1.5438080E+06,-9.76254E+01
1.5439987E+06,-1.03165E+02
1.5441895E+06,-9.59254E+01
1.5443802E+06,-9.57454E+01
1.5445709E+06,-9.35454E+01
1.5447617E+06,-9.51054E+01
1.5449524E+06,-1.07785E+02
1.5451431E+06,-1.02065E+02
1.5453339E+06,-1.05285E+02
1.5455246E+06,-1.05065E+02
1.5457153E+06,-1.02385E+02
1.5459061E+06,-1.03505E+02
1.5460968E+06,-9.95854E+01
1.5462875E+06,-1.15685E+02
1.5464783E+06,-1.04645E+02
1.5466690E+06,-9.99854E+01
1.5468597E+06,-9.77654E+01
1.5470505E+06,-1.10005E+02
1.5472412E+06,-9.81854E+01
1.5474319E+06,-9.82054E+01
1.5476227E+06,-9.90854E+01
1.5478134E+06,-9.59254E+01
1.5480042E+06,-9.83854E+01
1.5481949E+06,-9.71854E+01
1.5483856E+06,-9.54054E+01
1.5485764E+06,-1.05865E+02
1.5487671E+06,-1.03265E+02
1.5489578E+06,-1.02905E+02
1.5491486E+06,-1.01645E+02
1.5493393E+06,-9.94454E+01
1.5495300E+06,-1.04045E+02
1.5497208E+06,-9.97854E+01
1.5499115E+06,-9.45454E+01
1.5501022E+06,-9.43854E+01
1.5502930E+06,-9.31254E+01
1.5504837E+06,-1.02805E+02
1.5506744E+06,-1.01685E+02
1.5508652E+06,-1.03185E+02
1.5510559E+06,-1.02985E+02
1.5512466E+06,-9.98254E+01
1.5514374E+06,-1.08145E+02
1.5516281E+06,-1.01165E+02
1.5518188E+06,-1.02625E+02
1.5520096E+06,-9.51854E+01
1.5522003E+06,-9.38054E+01
1.5523911E+06,-1.00025E+02
1.5525818E+06,-1.02825E+02
1.5527725E+06,-1.00505E+02
1.5529633E+06,-9.69854E+01
1.5531540E+06,-9.76254E+01
1.5533447E+06,-1.01425E+02
1.5535355E+06,-9.94254E+01
1.5537262E+06,-9.69654E+01
1.5539169E+06,-1.00785E+02
1.5541077E+06,-1.03445E+02
1.5542984E+06,-1.06065E+02
1.5544891E+06,-1.31705E+02
1.5546799E+06,-9.93054E+01
1.5548706E+06,-9.88054E+01
1.5550613E+06,-1.05685E+02
1.5552521E+06,-1.03465E+02
1.5554428E+06,-9.92654E+01
1.5556335E+06,-1.09305E+02
1.5558243E+06,-9.82654E+01
1.5560150E+06,-9.44654E+01
1.5562057E+06,-9.96054E+01
1.5563965E+06,-1.00585E+02
1.5565872E+06,-1.01285E+02
1.5567780E+06,-1.08125E+02
1.5569687E+06,-1.06725E+02
1.5571594E+06,-9.62454E+01
1.5573502E+06,-9.66254E+01
1.5575409E+06,-9.51254E+01
1.5577316E+06,-9.08654E+01
1.5579224E+06,-9.89854E+01
1.5581131E+06,-9.60654E+01
1.5583038E+06,-9.41454E+01
1.5584946E+06,-1.05305E+02
1.5586853E+06,-9.74854E+01
1.5588760E+06,-1.01165E+02
1.5590668E+06,-1.10785E+02
1.5592575E+06,-1.02985E+02
1.5594482E+06,-1.02805E+02
1.5596390E+06,-9.29654E+01
1.5598297E+06,-9.03654E+01
1.5600204E+06,-9.38854E+01
1.5602112E+06,-9.60854E+01
1.5604019E+06,-1.01885E+02
1.5605927E+06,-9.79254E+01
1.5607834E+06,-9.51654E+01
1.5609741E+06,-9.76054E+01
1.5611649E+06,-1.04665E+02
1.5613556E+06,-1.02685E+02
1.5615463E+06,-9.96454E+01
1.5617371E+06,-9.17454E+01
1.5619278E+06,-9.67854E+01
1.5621185E+06,-9.83054E+01
1.5623093E+06,-9.49854E+01
1.5625000E+06,-9.73854E+01
1.5626907E+06,-9.74454E+01
1.5628815E+06,-1.04145E+02
1.5630722E+06,-1.06705E+02
1.5632629E+06,-1.07205E+02
1.5634537E+06,-1.02205E+02
1.5636444E+06,-9.70654E+01
1.5638351E+06,-1.05385E+02
1.5640259E+06,-1.06065E+02
1.5642166E+06,-1.04625E+02
1.5644073E+06,-9.86254E+01
1.5645981E+06,-9.81654E+01
1.5647888E+06,-9.93054E+01
1.5649796E+06,-9.64054E+01
1.5651703E+06,-9.47054E+01
1.5653610E+06,-1.01185E+02
1.5655518E+06,-9.56254E+01
1.5657425E+06,-9.16254E+01
1.5659332E+06,-9.83454E+01
1.5661240E+06,-1.03505E+02
1.5663147E+06,-9.40454E+01
1.5665054E+06,-9.24454E+01
1.5666962E+06,-9.58054E+01
1.5668869E+06,-1.16265E+02
1.5670776E+06,-9.99454E+01
1.5672684E+06,-9.20054E+01
1.5674591E+06,-9.83054E+01
1.5676498E+06,-9.80454E+01
1.5678406E+06,-9.95854E+01
1.5680313E+06,-1.00625E+02
1.5682220E+06,-1.07225E+02
1.5684128E+06,-1.00825E+02
1.5686035E+06,-9.73654E+01
1.5687943E+06,-9.45854E+01
1.5689850E+06,-1.04785E+02
1.5691757E+06,-1.01905E+02
1.5693665E+06,-1.01965E+02
1.5695572E+06,-9.89454E+01
1.5697479E+06,-1.04685E+02
1.5699387E+06,-1.00905E+02
1.5701294E+06,-9.66654E+01
1.5703201E+06,-9.78054E+01
1.5705109E+06,-9.48254E+01
1.5707016E+06,-9.59454E+01
1.5708923E+06,-9.65654E+01
1.5710831E+06,-1.02005E+02
1.5712738E+06,-1.02065E+02
1.5714645E+06,-1.00605E+02
1.5716553E+06,-9.74254E+01
1.5718460E+06,-9.70254E+01
1.5720367E+06,-1.00485E+02
1.5722275E+06,-1.04565E+02
1.5724182E+06,-1.22145E+02
1.5726089E+06,-1.14925E+02
1.5727997E+06,-1.00605E+02
1.5729904E+06,-1.07245E+02
1.5731812E+06,-1.14005E+02
1.5733719E+06,-1.00345E+02
1.5735626E+06,-9.29854E+01
1.5737534E+06,-9.34454E+01
1.5739441E+06,-1.01885E+02
1.5741348E+06,-1.00565E+02
1.5743256E+06,-9.95854E+01
1.5745163E+06,-1.05365E+02
1.5747070E+06,-1.25665E+02
1.5748978E+06,-1.02085E+02
1.5750885E+06,-9.62254E+01
1.5752792E+06,-9.86054E+01
1.5754700E+06,-1.05665E+02
1.5756607E+06,-1.00845E+02
1.5758514E+06,-9.35854E+01
1.5760422E+06,-9.24854E+01
1.5762329E+06,-1.06805E+02
1.5764236E+06,-9.25654E+01
1.5766144E+06,-9.15054E+01
1.5768051E+06,-9.43854E+01
1.5769958E+06,-9.43454E+01
1.5771866E+06,-9.32254E+01
1.5773773E+06,-1.01565E+02
1.5775681E+06,-1.15485E+02
1.5777588E+06,-1.00125E+02
1.5779495E+06,-9.67854E+01
1.5781403E+06,-1.02505E+02
1.5783310E+06,-1.04185E+02
1.5785217E+06,-9.43454E+01
1.5787125E+06,-9.34654E+01
1.5789032E+06,-9.72854E+01
1.5790939E+06,-9.80254E+01
1.5792847E+06,-9.54254E+01
1.5794754E+06,-9.50254E+01
1.5796661E+06,-9.49054E+01
1.5798569E+06,-9.23654E+01
1.5800476E+06,-9.71454E+01
1.5802383E+06,-1.00905E+02
1.5804291E+06,-9.98654E+01
1.5806198E+06,-1.01805E+02
1.5808105E+06,-1.07905E+02
1.5810013E+06,-1.03365E+02
1.5811920E+06,-9.58254E+01
1.5813828E+06,-9.11654E+01
1.5815735E+06,-9.16654E+01
1.5817642E+06,-9.61854E+01
1.5819550E+06,-1.02805E+02
1.5821457E+06,-9.89854E+01
1.5823364E+06,-9.69454E+01
1.5825272E+06,-9.45454E+01
1.5827179E+06,-9.42854E+01
1.5829086E+06,-9.97654E+01
1.5830994E+06,-1.03465E+02
1.5832901E+06,-9.92454E+01
1.5834808E+06,-9.78054E+01
1.5836716E+06,-9.52254E+01
1.5838623E+06,-9.72854E+01
1.5840530E+06,-1.03225E+02
1.5842438E+06,-9.77654E+01
1.5844345E+06,-9.84654E+01
1.5846252E+06,-9.63054E+01
1.5848160E+06,-9.31654E+01
1.5850067E+06,-1.02385E+02
1.5851974E+06,-1.02765E+02
1.5853882E+06,-1.02965E+02
1.5855789E+06,-1.00145E+02
1.5857697E+06,-1.01145E+02
1.5859604E+06,-1.00465E+02
1.5861511E+06,-1.02045E+02
1.5863419E+06,-1.00905E+02
1.5865326E+06,-1.00485E+02
1.5867233E+06,-1.03085E+02
1.5869141E+06,-1.01745E+02
1.5871048E+06,-1.08225E+02
1.5872955E+06,-1.14825E+02
1.5874863E+06,-1.00805E+02
1.5876770E+06,-1.01165E+02
1.5878677E+06,-1.01965E+02
1.5880585E+06,-9.47654E+01
1.5882492E+06,-9.46254E+01
1.5884399E+06,-1.06745E+02
1.5886307E+06,-1.07345E+02
1.5888214E+06,-9.89054E+01
1.5890121E+06,-9.53254E+01
1.5892029E+06,-1.00825E+02
1.5893936E+06,-9.67854E+01
1.5895844E+06,-1.03845E+02
1.5897751E+06,-1.06525E+02
1.5899658E+06,-9.82254E+01
1.5901566E+06,-1.04325E+02
1.5903473E+06,-1.06925E+02
1.5905380E+06,-1.02705E+02
1.5907288E+06,-9.95454E+01
1.5909195E+06,-9.93454E+01
1.5911102E+06,-9.56654E+01
1.5913010E+06,-9.40854E+01
1.5914917E+06,-9.72454E+01
1.5916824E+06,-9.94054E+01
1.5918732E+06,-9.85654E+01
1.5920639E+06,-1.06985E+02
1.5922546E+06,-1.12745E+02
1.5924454E+06,-1.08725E+02
1.5926361E+06,-1.03585E+02
1.5928268E+06,-9.94054E+01
1.5930176E+06,-1.04765E+02
1.5932083E+06,-1.01225E+02
1.5933990E+06,-1.04725E+02
1.5935898E+06,-1.00565E+02
1.5937805E+06,-1.01385E+02
1.5939713E+06,-9.97854E+01
1.5941620E+06,-9.56054E+01
1.5943527E+06,-9.58454E+01
1.5945435E+06,-1.01505E+02
1.5947342E+06,-9.54254E+01
1.5949249E+06,-9.62054E+01
1.5951157E+06,-9.27454E+01
1.5953064E+06,-9.65654E+01
1.5954971E+06,-1.03325E+02
1.5956879E+06,-1.01365E+02
1.5958786E+06,-1.06785E+02
1.5960693E+06,-1.12045E+02
1.5962601E+06,-1.02985E+02
1.5964508E+06,-1.08705E+02
1.5966415E+06,-1.02685E+02
1.5968323E+06,-1.02925E+02
1.5970230E+06,-1.12765E+02
1.5972137E+06,-1.06565E+02
1.5974045E+06,-9.72054E+01
1.5975952E+06,-9.38054E+01
1.5977859E+06,-9.37654E+01
1.5979767E+06,-9.82254E+01
1.5981674E+06,-9.88454E+01
1.5983582E+06,-9.85654E+01
1.5985489E+06,-9.59454E+01
1.5987396E+06,-9.81854E+01
1.5989304E+06,-9.57054E+01
1.5991211E+06,-9.19654E+01
1.5993118E+06,-9.09054E+01
1.5995026E+06,-9.50054E+01
1.5996933E+06,-9.86254E+01
1.5998840E+06,-9.38054E+01
1.6000748E+06,-9.78454E+01
1.6002655E+06,-1.01385E+02
1.6004562E+06,-9.22254E+01
1.6006470E+06,-9.44254E+01
1.6008377E+06,-9.89454E+01
1.6010284E+06,-9.89854E+01
1.6012192E+06,-1.05645E+02
1.6014099E+06,-9.48854E+01
1.6016006E+06,-1.04045E+02
1.6017914E+06,-9.34054E+01
1.6019821E+06,-9.55254E+01
1.6021729E+06,-1.03725E+02
1.6023636E+06,-9.42254E+01
1.6025543E+06,-9.47654E+01
1.6027451E+06,-1.01485E+02
1.6029358E+06,-1.04705E+02
1.6031265E+06,-1.01185E+02
1.6033173E+06,-9.81854E+01
1.6035080E+06,-1.18325E+02
1.6036987E+06,-9.25854E+01
1.6038895E+06,-9.18854E+01
1.6040802E+06,-1.02505E+02
1.6042709E+06,-9.56854E+01
1.6044617E+06,-9.19854E+01
1.6046524E+06,-9.33254E+01
1.6048431E+06,-9.96654E+01
1.6050339E+06,-9.43254E+01
1.6052246E+06,-9.74054E+01
1.6054153E+06,-9.85854E+01
1.6056061E+06,-1.05705E+02
1.6057968E+06,-9.43854E+01
1.6059875E+06,-9.47054E+01
1.6061783E+06,-1.08585E+02
1.6063690E+06,-1.02325E+02
1.6065598E+06,-1.02965E+02
1.6067505E+06,-1.01205E+02
1.6069412E+06,-1.03545E+02
1.6071320E+06,-1.02905E+02
1.6073227E+06,-9.72054E+01
1.6075134E+06,-1.00685E+02
1.6077042E+06,-9.86254E+01
1.6078949E+06,-9.89254E+01
1.6080856E+06,-1.02905E+02
1.6082764E+06,-9.95454E+01
1.6084671E+06,-1.05345E+02
1.6086578E+06,-9.53054E+01
1.6088486E+06,-9.61854E+01
1.6090393E+06,-1.16585E+02
1.6092300E+06,-1.02085E+02
1.6094208E+06,-9.54454E+01
1.6096115E+06,-9.36254E+01
1.6098022E+06,-9.98654E+01
1.6099930E+06,-1.04745E+02
1.6101837E+06,-1.05865E+02
1.6103745E+06,-1.01525E+02
1.6105652E+06,-1.00405E+02
1.6107559E+06,-1.04825E+02
1.6109467E+06,-9.75054E+01
1.6111374E+06,-9.37254E+01
1.6113281E+06,-9.46054E+01
1.6115189E+06,-9.51254E+01
1.6117096E+06,-1.06565E+02
1.6119003E+06,-9.48054E+01
1.6120911E+06,-9.92454E+01
1.6122818E+06,-1.06345E+02
1.6124725E+06,-1.03465E+02
1.6126633E+06,-9.98254E+01
1.6128540E+06,-1.10245E+02
1.6130447E+06,-1.14525E+02
1.6132355E+06,-1.03065E+02
1.6134262E+06,-9.84254E+01
1.6136169E+06,-1.01205E+02
1.6138077E+06,-1.00185E+02
1.6139984E+06,-1.00545E+02
1.6141891E+06,-1.08225E+02
1.6143799E+06,-1.03125E+02
1.6145706E+06,-1.01445E+02
1.6147614E+06,-9.72254E+01
1.6149521E+06,-1.04785E+02
1.6151428E+06,-1.12425E+02
1.6153336E+06,-1.01145E+02
1.6155243E+06,-1.02425E+02
1.6157150E+06,-1.08945E+02
1.6159058E+06,-1.07925E+02
1.6160965E+06,-9.94054E+01
1.6162872E+06,-9.28254E+01
1.6164780E+06,-9.23854E+01
1.6166687E+06,-9.85854E+01
1.6168594E+06,-1.01245E+02
1.6170502E+06,-9.48854E+01
1.6172409E+06,-9.51054E+01
1.6174316E+06,-9.93054E+01
1.6176224E+06,-1.14585E+02
1.6178131E+06,-9.88654E+01
1.6180038E+06,-9.86254E+01
1.6181946E+06,-9.66054E+01
1.6183853E+06,-9.56054E+01
1.6185760E+06,-9.99654E+01
1.6187668E+06,-9.47254E+01
1.6189575E+06,-1.03325E+02
1.6191483E+06,-1.03505E+02
1.6193390E+06,-1.02125E+02
1.6195297E+06,-1.00905E+02
1.6197205E+06,-1.13445E+02
1.6199112E+06,-1.01985E+02
1.6201019E+06,-1.02005E+02
1.6202927E+06,-1.03805E+02
1.6204834E+06,-1.05205E+02
1.6206741E+06,-1.02505E+02
1.6208649E+06,-1.12005E+02
1.6210556E+06,-1.03305E+02
1.6212463E+06,-1.05185E+02
1.6214371E+06,-1.12145E+02
1.6216278E+06,-9.99054E+01
1.6218185E+06,-9.54854E+01
1.6220093E+06,-9.09654E+01
1.6222000E+06,-9.81654E+01
1.6223907E+06,-9.37654E+01
1.6225815E+06,-9.83854E+01
1.6227722E+06,-9.64054E+01
1.6229630E+06,-1.29645E+02
1.6231537E+06,-9.91654E+01
1.6233444E+06,-9.81254E+01
1.6235352E+06,-9.21454E+01
1.6237259E+06,-9.22054E+01
1.6239166E+06,-1.12145E+02
1.6241074E+06,-9.70054E+01
1.6242981E+06,-9.60654E+01
1.6244888E+06,-9.72654E+01
1.6246796E+06,-9.42654E+01
1.6248703E+06,-9.93454E+01
1.6250610E+06,-9.13654E+01
1.6252518E+06,-8.90454E+01
1.6254425E+06,-9.39654E+01
1.6256332E+06,-9.40854E+01
1.6258240E+06,-9.56054E+01
1.6260147E+06,-1.00245E+02
1.6262054E+06,-9.68454E+01
1.6263962E+06,-1.01705E+02
1.6265869E+06,-1.05105E+02
1.6267776E+06,-9.66254E+01
1.6269684E+06,-9.68454E+01
1.6271591E+06,-1.09565E+02
1.6273499E+06,-1.06885E+02
1.6275406E+06,-9.99054E+01
1.6277313E+06,-9.69254E+01
1.6279221E+06,-9.70254E+01
1.6281128E+06,-9.16654E+01
1.6283035E+06,-9.68854E+01
1.6284943E+06,-9.45254E+01
1.6286850E+06,-9.05454E+01
1.6288757E+06,-9.47854E+01
1.6290665E+06,-9.59054E+01
1.6292572E+06,-9.81054E+01
1.6294479E+06,-1.00665E+02
1.6296387E+06,-1.03725E+02
1.6298294E+06,-1.05785E+02
1.6300201E+06,-1.06925E+02
1.6302109E+06,-1.01985E+02
1.6304016E+06,-1.03325E+02
1.6305923E+06,-9.44654E+01
1.6307831E+06,-9.65654E+01
1.6309738E+06,-9.75854E+01
1.6311646E+06,-9.53254E+01
1.6313553E+06,-1.00565E+02
1.6315460E+06,-1.06845E+02
1.6317368E+06,-1.04965E+02
1.6319275E+06,-1.04805E+02
1.6321182E+06,-9.65654E+01
1.6323090E+06,-9.60854E+01
1.6324997E+06,-1.09585E+02
1.6326904E+06,-9.53654E+01
1.6328812E+06,-9.21454E+01
1.6330719E+06,-9.45654E+01
1.6332626E+06,-1.03885E+02
1.6334534E+06,-9.72654E+01
1.6336441E+06,-9.18054E+01
1.6338348E+06,-9.10254E+01
1.6340256E+06,-9.63054E+01
1.6342163E+06,-1.11385E+02
1.6344070E+06,-9.86454E+01
1.6345978E+06,-9.52254E+01
1.6347885E+06,-9.64054E+01
1.6349792E+06,-9.60854E+01
1.6351700E+06,-9.76054E+01
1.6353607E+06,-9.81454E+01
1.6355515E+06,-9.49654E+01
1.6357422E+06,-9.76854E+01
1.6359329E+06,-1.00025E+02
1.6361237E+06,-9.93054E+01
1.6363144E+06,-1.08285E+02
1.6365051E+06,-1.03125E+02
1.6366959E+06,-1.02505E+02
1.6368866E+06,-9.65054E+01
1.6370773E+06,-9.61454E+01
1.6372681E+06,-9.60054E+01
1.6374588E+06,-9.69654E+01
1.6376495E+06,-1.03305E+02
1.6378403E+06,-1.12245E+02
1.6380310E+06,-9.63054E+01
1.6382217E+06,-9.17454E+01
1.6384125E+06,-9.45454E+01
1.6386032E+06,-1.04785E+02
1.6387939E+06,-9.25654E+01
1.6389847E+06,-9.55654E+01
1.6391754E+06,-1.00145E+02
1.6393661E+06,-1.05145E+02
1.6395569E+06,-1.01505E+02
1.6397476E+06,-9.80454E+01
1.6399384E+06,-9.73854E+01
1.6401291E+06,-1.06485E+02
1.6403198E+06,-1.08905E+02
1.6405106E+06,-9.65054E+01
1.6407013E+06,-9.50854E+01
1.6408920E+06,-9.57654E+01
1.6410828E+06,-1.35125E+02
1.6412735E+06,-9.38454E+01
1.6414642E+06,-9.38454E+01
1.6416550E+06,-9.59054E+01
1.6418457E+06,-9.46854E+01
1.6420364E+06,-9.74854E+01
1.6422272E+06,-9.99254E+01
1.6424179E+06,-1.00985E+02
1.6426086E+06,-9.55254E+01
1.6427994E+06,-1.02565E+02
1.6429901E+06,-1.12965E+02
1.6431808E+06,-1.07885E+02
1.6433716E+06,-1.03725E+02
1.6435623E+06,-1.03585E+02
1.6437531E+06,-9.28654E+01
1.6439438E+06,-9.14254E+01
1.6441345E+06,-9.66654E+01
1.6443253E+06,-1.05845E+02
1.6445160E+06,-9.93854E+01
1.6447067E+06,-9.69054E+01
1.6448975E+06,-9.37254E+01
1.6450882E+06,-1.08185E+02
1.6452789E+06,-9.49654E+01
1.6454697E+06,-9.67454E+01
1.6456604E+06,-9.34654E+01
1.6458511E+06,-1.00805E+02
1.6460419E+06,-9.94854E+01
1.6462326E+06,-9.32254E+01
1.6464233E+06,-9.39254E+01
1.6466141E+06,-9.74254E+01
1.6468048E+06,-1.02585E+02
1.6469955E+06,-9.70254E+01
1.6471863E+06,-9.51654E+01
1.6473770E+06,-9.91854E+01
1.6475677E+06,-9.77654E+01
1.6477585E+06,-1.02905E+02
1.6479492E+06,-1.04725E+02
1.6481400E+06,-1.00045E+02
1.6483307E+06,-9.97854E+01
1.6485214E+06,-1.03265E+02
1.6487122E+06,-9.61454E+01
1.6489029E+06,-9.51054E+01
1.6490936E+06,-9.82254E+01
1.6492844E+06,-1.01205E+02
1.6494751E+06,-1.00725E+02
1.6496658E+06,-9.73054E+01
1.6498566E+06,-9.81654E+01
1.6500473E+06,-9.65654E+01
1.6502380E+06,-1.02585E+02
1.6504288E+06,-1.03405E+02
1.6506195E+06,-1.06885E+02
1.6508102E+06,-1.04585E+02
1.6510010E+06,-9.65654E+01
1.6511917E+06,-9.43854E+01
1.6513824E+06,-9.71854E+01
1.6515732E+06,-1.09845E+02
1.6517639E+06,-9.91854E+01
1.6519547E+06,-9.62054E+01
1.6521454E+06,-9.63854E+01
1.6523361E+06,-9.90454E+01
1.6525269E+06,-1.04725E+02
1.6527176E+06,-9.96654E+01
1.6529083E+06,-9.90454E+01
1.6530991E+06,-9.57054E+01
1.6532898E+06,-9.63054E+01
1.6534805E+06,-9.65854E+01
1.6536713E+06,-1.00085E+02
1.6538620E+06,-9.83854E+01
1.6540527E+06,-9.28254E+01
1.6542435E+06,-9.08654E+01
1.6544342E+06,-9.25254E+01
1.6546249E+06,-9.59454E+01
1.6548157E+06,-1.09525E+02
1.6550064E+06,-9.92054E+01
1.6551971E+06,-1.03305E+02
1.6553879E+06,-1.01525E+02
1.6555786E+06,-1.02865E+02
1.6557693E+06,-9.61654E+01
1.6559601E+06,-9.95454E+01
1.6561508E+06,-1.04885E+02
1.6563416E+06,-1.00345E+02
1.6565323E+06,-9.40854E+01
1.6567230E+06,-1.03925E+02
1.6569138E+06,-9.93454E+01
1.6571045E+06,-9.93254E+01
1.6572952E+06,-1.02365E+02
1.6574860E+06,-9.86254E+01
1.6576767E+06,-1.03325E+02
1.6578674E+06,-1.07025E+02
1.6580582E+06,-1.09945E+02
1.6582489E+06,-9.74454E+01
1.6584396E+06,-9.67854E+01
1.6586304E+06,-9.82854E+01
1.6588211E+06,-1.26145E+02
1.6590118E+06,-9.80254E+01
1.6592026E+06,-9.65454E+01
1.6593933E+06,-9.64254E+01
1.6595840E+06,-1.02625E+02
1.6597748E+06,-9.64054E+01
1.6599655E+06,-9.30854E+01
1.6601562E+06,-9.55654E+01
1.6603470E+06,-9.52254E+01
1.6605377E+06,-9.66254E+01
1.6607285E+06,-1.03805E+02
1.6609192E+06,-1.02205E+02
1.6611099E+06,-9.30654E+01
1.6613007E+06,-9.25854E+01
1.6614914E+06,-1.01325E+02
1.6616821E+06,-9.47854E+01
1.6618729E+06,-9.14454E+01
1.6620636E+06,-9.08654E+01
1.6622543E+06,-9.51654E+01
1.6624451E+06,-9.45654E+01
1.6626358E+06,-9.79054E+01
1.6628265E+06,-9.80454E+01
1.6630173E+06,-1.00565E+02
1.6632080E+06,-1.01805E+02
1.6633987E+06,-1.05425E+02
1.6635895E+06,-1.02205E+02
1.6637802E+06,-9.56454E+01
1.6639709E+06,-9.57254E+01
1.6641617E+06,-9.33254E+01
1.6643524E+06,-9.23854E+01
1.6645432E+06,-9.56054E+01
1.6647339E+06,-9.47254E+01
1.6649246E+06,-9.21654E+01
1.6651154E+06,-9.35054E+01
1.6653061E+06,-9.71454E+01
1.6654968E+06,-9.58654E+01
1.6656876E+06,-9.84254E+01
1.6658783E+06,-9.54654E+01
1.6660690E+06,-9.76854E+01
1.6662598E+06,-9.56454E+01
1.6664505E+06,-1.01185E+02
1.6666412E+06,-1.02705E+02
1.6668320E+06,-9.62254E+01
1.6670227E+06,-9.48454E+01
1.6672134E+06,-1.01565E+02
1.6674042E+06,-9.89454E+01
1.6675949E+06,-9.58454E+01
1.6677856E+06,-1.03725E+02
1.6679764E+06,-9.93854E+01
1.6681671E+06,-1.10125E+02
1.6683578E+06,-1.03465E+02
1.6685486E+06,-1.04405E+02
1.6687393E+06,-1.09245E+02
1.6689301E+06,-9.72854E+01
1.6691208E+06,-9.21254E+01
1.6693115E+06,-9.50854E+01
1.6695023E+06,-9.96054E+01
1.6696930E+06,-9.93854E+01
1.6698837E+06,-9.98854E+01
1.6700745E+06,-9.31854E+01
1.6702652E+06,-9.00054E+01
1.6704559E+06,-9.12454E+01
1.6706467E+06,-9.86654E+01
1.6708374E+06,-1.03765E+02
1.6710281E+06,-9.80054E+01
1.6712189E+06,-9.69654E+01
1.6714096E+06,-9.87054E+01
1.6716003E+06,-9.89454E+01
1.6717911E+06,-1.00725E+02
1.6719818E+06,-1.06285E+02
1.6721725E+06,-9.80654E+01
1.6723633E+06,-1.06625E+02
1.6725540E+06,-9.70854E+01
1.6727448E+06,-9.60854E+01
1.6729355E+06,-9.80054E+01
1.6731262E+06,-1.09165E+02
1.6733170E+06,-1.01185E+02
1.6735077E+06,-1.06645E+02
1.6736984E+06,-1.03445E+02
1.6738892E+06,-1.04485E+02
1.6740799E+06,-1.06345E+02
1.6742706E+06,-9.59654E+01
1.6744614E+06,-9.09454E+01
1.6746521E+06,-9.11854E+01
1.6748428E+06,-1.08725E+02
1.6750336E+06,-9.62654E+01
1.6752243E+06,-1.00365E+02
1.6754150E+06,-1.02005E+02
1.6756058E+06,-9.96054E+01
1.6757965E+06,-9.69254E+01
1.6759872E+06,-9.54654E+01
1.6761780E+06,-1.04585E+02
1.6763687E+06,-9.63854E+01
1.6765594E+06,-9.33254E+01
1.6767502E+06,-9.43654E+01
1.6769409E+06,-9.58854E+01
1.6771317E+06,-9.68654E+01
1.6773224E+06,-1.00965E+02
1.6775131E+06,-1.13305E+02
1.6777039E+06,-9.66254E+01
1.6778946E+06,-9.31654E+01
1.6780853E+06,-9.51654E+01
1.6782761E+06,-1.03765E+02
1.6784668E+06,-1.01805E+02
1.6786575E+06,-1.01505E+02
1.6788483E+06,-1.11525E+02
1.6790390E+06,-1.13085E+02
1.6792297E+06,-1.01345E+02
1.6794205E+06,-1.07285E+02
1.6796112E+06,-1.08765E+02
1.6798019E+06,-9.47654E+01
1.6799927E+06,-9.97854E+01
1.6801834E+06,-9.99254E+01
1.6803741E+06,-1.11885E+02
1.6805649E+06,-1.05165E+02
1.6807556E+06,-1.03725E+02
1.6809464E+06,-9.65254E+01
1.6811371E+06,-9.40454E+01
1.6813278E+06,-1.11705E+02
1.6815186E+06,-9.66654E+01
1.6817093E+06,-1.16285E+02
1.6819000E+06,-1.02705E+02
1.6820908E+06,-1.08545E+02
1.6822815E+06,-9.72454E+01
1.6824722E+06,-1.01565E+02
1.6826630E+06,-1.00185E+02
1.6828537E+06,-9.98654E+01
1.6830444E+06,-9.49454E+01
1.6832352E+06,-9.93454E+01
1.6834259E+06,-1.08425E+02
1.6836166E+06,-9.71854E+01
1.6838074E+06,-9.98054E+01
1.6839981E+06,-1.04005E+02
1.6841888E+06,-9.75054E+01
1.6843796E+06,-1.01065E+02
1.6845703E+06,-9.86254E+01
1.6847610E+06,-9.83054E+01
1.6849518E+06,-9.97454E+01
1.6851425E+06,-1.02445E+02
1.6853333E+06,-9.66254E+01
1.6855240E+06,-1.03965E+02
1.6857147E+06,-9.38454E+01
1.6859055E+06,-9.71054E+01
1.6860962E+06,-1.05845E+02
1.6862869E+06,-1.06765E+02
1.6864777E+06,-1.04785E+02
1.6866684E+06,-1.02985E+02
1.6868591E+06,-1.11025E+02
1.6870499E+06,-9.51654E+01
1.6872406E+06,-9.80254E+01
1.6874313E+06,-1.02165E+02
1.6876221E+06,-9.52054E+01
1.6878128E+06,-9.47254E+01
1.6880035E+06,-9.89454E+01
1.6881943E+06,-9.95054E+01
1.6883850E+06,-1.02005E+02
1.6885757E+06,-1.14445E+02
1.6887665E+06,-1.00025E+02
1.6889572E+06,-9.75654E+01
1.6891479E+06,-1.02745E+02
1.6893387E+06,-1.01965E+02
1.6895294E+06,-9.53254E+01
1.6897202E+06,-9.46254E+01
1.6899109E+06,-1.00545E+02
1.6901016E+06,-1.08385E+02
1.6902924E+06,-9.56054E+01
1.6904831E+06,-9.60254E+01
1.6906738E+06,-9.88454E+01
1.6908646E+06,-9.80254E+01
1.6910553E+06,-9.31654E+01
1.6912460E+06,-9.49854E+01
1.6914368E+06,-9.73454E+01
1.6916275E+06,-9.79054E+01
1.6918182E+06,-9.71854E+01
1.6920090E+06,-9.25054E+01
1.6921997E+06,-9.38054E+01
1.6923904E+06,-9.65254E+01
1.6925812E+06,-9.48254E+01
1.6927719E+06,-1.01665E+02
1.6929626E+06,-1.06545E+02
1.6931534E+06,-9.48054E+01
1.6933441E+06,-9.57254E+01
1.6935349E+06,-1.00925E+02
1.6937256E+06,-1.01765E+02
1.6939163E+06,-1.01445E+02
1.6941071E+06,-9.98654E+01
1.6942978E+06,-1.05705E+02
1.6944885E+06,-9.03654E+01
1.6946793E+06,-8.96654E+01
1.6948700E+06,-1.01385E+02
1.6950607E+06,-9.99254E+01
1.6952515E+06,-9.86254E+01
1.6954422E+06,-1.00365E+02
1.6956329E+06,-9.57254E+01
1.6958237E+06,-9.38854E+01
1.6960144E+06,-9.27654E+01
1.6962051E+06,-9.56854E+01
1.6963959E+06,-9.95854E+01
1.6965866E+06,-9.99254E+01
1.6967773E+06,-1.01705E+02
1.6969681E+06,-1.15185E+02
1.6971588E+06,-1.02745E+02
1.6973495E+06,-1.16525E+02
1.6975403E+06,-1.01165E+02
1.6977310E+06,-1.00025E+02
1.6979218E+06,-1.02065E+02
1.6981125E+06,-1.02825E+02
1.6983032E+06,-1.12245E+02
1.6984940E+06,-1.02165E+02
1.6986847E+06,-1.11245E+02
1.6988754E+06,-1.02225E+02
1.6990662E+06,-1.00945E+02
1.6992569E+06,-9.46454E+01
1.6994476E+06,-9.64054E+01
1.6996384E+06,-9.55454E+01
1.6998291E+06,-9.88654E+01
1.7000198E+06,-1.07425E+02
1.7002106E+06,-1.06485E+02
1.7004013E+06,-9.91654E+01
1.7005920E+06,-9.54854E+01
1.7007828E+06,-9.57854E+01
1.7009735E+06,-9.68454E+01
1.7011642E+06,-9.74454E+01
1.7013550E+06,-9.74054E+01
1.7015457E+06,-1.05905E+02
1.7017365E+06,-1.03505E+02
1.7019272E+06,-1.08085E+02
1.7021179E+06,-9.93054E+01
1.7023087E+06,-9.72854E+01
1.7024994E+06,-9.77254E+01
1.7026901E+06,-1.02425E+02
1.7028809E+06,-9.98654E+01
1.7030716E+06,-1.16645E+02
1.7032623E+06,-9.64254E+01
1.7034531E+06,-1.05065E+02
1.7036438E+06,-1.00705E+02
1.7038345E+06,-1.04985E+02
1.7040253E+06,-9.62854E+01
1.7042160E+06,-9.61254E+01
1.7044067E+06,-9.58654E+01
1.7045975E+06,-1.00045E+02
1.7047882E+06,-1.01805E+02
1.7049789E+06,-9.74654E+01
1.7051697E+06,-1.14645E+02
1.7053604E+06,-1.07525E+02
1.7055511E+06,-1.00125E+02
1.7057419E+06,-9.89854E+01
1.7059326E+06,-1.08065E+02
1.7061234E+06,-1.02805E+02
1.7063141E+06,-1.11045E+02
1.7065048E+06,-9.86854E+01
1.7066956E+06,-9.77454E+01
1.7068863E+06,-9.35854E+01
1.7070770E+06,-9.34654E+01
1.7072678E+06,-9.52854E+01
1.7074585E+06,-9.60654E+01
1.7076492E+06,-1.00925E+02
1.7078400E+06,-1.03965E+02
1.7080307E+06,-1.01485E+02
1.7082214E+06,-9.97854E+01
1.7084122E+06,-1.05545E+02
1.7086029E+06,-1.01085E+02
1.7087936E+06,-9.93854E+01
1.7089844E+06,-9.80254E+01
1.7091751E+06,-9.49854E+01
1.7093658E+06,-9.42654E+01
1.7095566E+06,-1.02965E+02
1.7097473E+06,-1.05745E+02
1.7099380E+06,-9.68654E+01
1.7101288E+06,-1.08285E+02
1.7103195E+06,-9.44054E+01
1.7105103E+06,-9.82854E+01
1.7107010E+06,-1.00725E+02
1.7108917E+06,-9.66454E+01
1.7110825E+06,-9.63654E+01
1.7112732E+06,-9.87054E+01
1.7114639E+06,-1.01285E+02
1.7116547E+06,-1.09825E+02
1.7118454E+06,-9.81854E+01
1.7120361E+06,-9.35454E+01
1.7122269E+06,-9.72054E+01
1.7124176E+06,-9.81454E+01
1.7126083E+06,-9.92454E+01
1.7127991E+06,-9.93454E+01
1.7129898E+06,-9.54854E+01
1.7131805E+06,-1.10765E+02
1.7133713E+06,-1.02905E+02
1.7135620E+06,-9.95654E+01
1.7137527E+06,-1.01045E+02
1.7139435E+06,-9.93854E+01
1.7141342E+06,-9.44854E+01
1.7143250E+06,-1.00945E+02
1.7145157E+06,-1.04505E+02
1.7147064E+06,-1.10205E+02
1.7148972E+06,-9.97054E+01
1.7150879E+06,-1.00045E+02
1.7152786E+06,-1.01345E+02
1.7154694E+06,-9.83654E+01
1.7156601E+06,-1.00945E+02
1.7158508E+06,-1.00025E+02
1.7160416E+06,-9.60854E+01
1.7162323E+06,-9.50654E+01
1.7164230E+06,-9.53854E+01
1.7166138E+06,-9.54054E+01
1.7168045E+06,-9.27054E+01
1.7169952E+06,-9.13454E+01
1.7171860E+06,-9.83254E+01
1.7173767E+06,-9.78854E+01
1.7175674E+06,-9.51454E+01
1.7177582E+06,-9.47454E+01
1.7179489E+06,-1.00985E+02
1.7181396E+06,-9.43654E+01
1.7183304E+06,-9.93654E+01
1.7185211E+06,-1.05365E+02
1.7187119E+06,-1.02825E+02
1.7189026E+06,-1.02965E+02
1.7190933E+06,-1.07205E+02
1.7192841E+06,-9.65254E+01
1.7194748E+06,-1.02705E+02
1.7196655E+06,-9.42254E+01
1.7198563E+06,-9.54654E+01
1.7200470E+06,-1.03585E+02
1.7202377E+06,-9.55854E+01
1.7204285E+06,-9.54254E+01
1.7206192E+06,-9.36654E+01
1.7208099E+06,-9.32254E+01
1.7210007E+06,-9.53654E+01
1.7211914E+06,-9.29254E+01
1.7213821E+06,-9.84254E+01
1.7215729E+06,-1.14885E+02
1.7217636E+06,-1.00525E+02
1.7219543E+06,-9.62054E+01
1.7221451E+06,-1.00465E+02
1.7223358E+06,-1.04145E+02
1.7225266E+06,-1.04685E+02
1.7227173E+06,-9.67854E+01
1.7229080E+06,-9.44854E+01
1.7230988E+06,-9.91054E+01
1.7232895E+06,-1.15485E+02
1.7234802E+06,-1.18025E+02
1.7236710E+06,-1.06945E+02
1.7238617E+06,-1.03325E+02
1.7240524E+06,-1.12925E+02
1.7242432E+06,-1.01365E+02
1.7244339E+06,-9.93054E+01
1.7246246E+06,-1.04085E+02
1.7248154E+06,-9.93054E+01
1.7250061E+06,-9.25254E+01
1.7251968E+06,-9.72054E+01
1.7253876E+06,-1.00485E+02
1.7255783E+06,-9.53454E+01
1.7257690E+06,-9.79654E+01
1.7259598E+06,-1.04225E+02
1.7261505E+06,-9.86854E+01
1.7263412E+06,-9.88654E+01
1.7265320E+06,-9.39254E+01
1.7267227E+06,-9.64654E+01
1.7269135E+06,-9.90454E+01
1.7271042E+06,-1.04825E+02
1.7272949E+06,-1.05365E+02
1.7274857E+06,-1.05845E+02
1.7276764E+06,-1.05825E+02
1.7278671E+06,-1.08945E+02
1.7280579E+06,-1.04825E+02
1.7282486E+06,-1.09665E+02
1.7284393E+06,-1.02165E+02
1.7286301E+06,-1.07425E+02
1.7288208E+06,-1.11145E+02
1.7290115E+06,-1.04845E+02
1.7292023E+06,-1.02305E+02
1.7293930E+06,-9.26854E+01
1.7295837E+06,-9.54854E+01
1.7297745E+06,-1.00845E+02
1.7299652E+06,-9.98254E+01
1.7301559E+06,-1.06085E+02
1.7303467E+06,-1.00205E+02
1.7305374E+06,-1.08405E+02
1.7307281E+06,-1.00025E+02
1.7309189E+06,-1.00185E+02
1.7311096E+06,-9.62454E+01
1.7313004E+06,-9.84854E+01
1.7314911E+06,-9.81254E+01
1.7316818E+06,-9.33654E+01
1.7318726E+06,-9.37654E+01
1.7320633E+06,-9.96654E+01
1.7322540E+06,-9.70054E+01
1.7324448E+06,-8.99654E+01
1.7326355E+06,-9.57854E+01
1.7328262E+06,-1.04725E+02
1.7330170E+06,-1.02085E+02
1.7332077E+06,-1.02805E+02
1.7333984E+06,-9.92054E+01
1.7335892E+06,-1.03225E+02
1.7337799E+06,-9.89454E+01
1.7339706E+06,-9.51454E+01
1.7341614E+06,-9.95454E+01
1.7343521E+06,-9.69654E+01
1.7345428E+06,-9.45854E+01
1.7347336E+06,-9.43254E+01
1.7349243E+06,-9.18054E+01
1.7351151E+06,-9.29654E+01
1.7353058E+06,-9.97454E+01
1.7354965E+06,-1.03665E+02
1.7356873E+06,-1.07305E+02
1.7358780E+06,-1.00285E+02
1.7360687E+06,-9.84254E+01
1.7362595E+06,-9.91854E+01
1.7364502E+06,-9.94854E+01
1.7366409E+06,-9.90054E+01
1.7368317E+06,-1.07525E+02
1.7370224E+06,-1.03065E+02
1.7372131E+06,-9.82854E+01
1.7374039E+06,-9.56254E+01
1.7375946E+06,-9.35854E+01
1.7377853E+06,-1.01525E+02
1.7379761E+06,-1.06245E+02
1.7381668E+06,-9.61254E+01
1.7383575E+06,-9.86854E+01
1.7385483E+06,-1.00745E+02
1.7387390E+06,-1.15945E+02
1.7389297E+06,-9.99654E+01
1.7391205E+06,-1.03065E+02
1.7393112E+06,-1.08265E+02
1.7395020E+06,-1.01525E+02
1.7396927E+06,-1.01425E+02
1.7398834E+06,-9.54454E+01
1.7400742E+06,-9.53254E+01
1.7402649E+06,-1.05905E+02
1.7404556E+06,-1.02825E+02
1.7406464E+06,-1.03805E+02
1.7408371E+06,-9.93454E+01
1.7410278E+06,-1.06365E+02
1.7412186E+06,-1.04585E+02
1.7414093E+06,-1.02305E+02
1.7416000E+06,-1.07745E+02
1.7417908E+06,-1.04045E+02
1.7419815E+06,-1.05145E+02
1.7421722E+06,-9.86254E+01
1.7423630E+06,-1.03265E+02
1.7425537E+06,-1.02585E+02
1.7427444E+06,-9.94454E+01
1.7429352E+06,-1.03125E+02
1.7431259E+06,-9.60654E+01
1.7433167E+06,-9.12054E+01
1.7435074E+06,-9.06054E+01
1.7436981E+06,-9.60654E+01
1.7438889E+06,-1.02085E+02
1.7440796E+06,-9.83454E+01
1.7442703E+06,-9.56054E+01
1.7444611E+06,-9.30854E+01
1.7446518E+06,-9.34654E+01
1.7448425E+06,-9.80654E+01
1.7450333E+06,-1.00765E+02
1.7452240E+06,-9.90854E+01
1.7454147E+06,-9.61254E+01
1.7456055E+06,-9.42654E+01
1.7457962E+06,-9.94854E+01
1.7459869E+06,-1.02985E+02
1.7461777E+06,-9.81854E+01
1.7463684E+06,-1.06645E+02
1.7465591E+06,-9.63854E+01
1.7467499E+06,-9.35454E+01
1.7469406E+06,-9.69254E+01
1.7471313E+06,-9.47454E+01
1.7473221E+06,-9.27454E+01
1.7475128E+06,-9.49854E+01
1.7477036E+06,-9.44654E+01
1.7478943E+06,-9.70854E+01
1.7480850E+06,-9.37254E+01
1.7482758E+06,-1.02165E+02
1.7484665E+06,-9.75854E+01
1.7486572E+06,-9.59054E+01
1.7488480E+06,-9.73854E+01
1.7490387E+06,-1.00125E+02
1.7492294E+06,-9.82854E+01
1.7494202E+06,-9.88454E+01
1.7496109E+06,-1.01165E+02
1.7498016E+06,-9.75254E+01
1.7499924E+06,-9.91054E+01
1.7501831E+06,-9.88054E+01
1.7503738E+06,-9.88654E+01
1.7505646E+06,-1.07145E+02
1.7507553E+06,-9.59054E+01
1.7509460E+06,-9.62654E+01
1.7511368E+06,-1.04545E+02
1.7513275E+06,-9.87654E+01
1.7515182E+06,-9.85054E+01
1.7517090E+06,-1.01765E+02
1.7518997E+06,-1.01045E+02
1.7520905E+06,-1.04445E+02
1.7522812E+06,-9.93654E+01
1.7524719E+06,-1.01965E+02
1.7526627E+06,-1.12565E+02
1.7528534E+06,-1.07345E+02
1.7530441E+06,-9.69854E+01
1.7532349E+06,-9.88654E+01
1.7534256E+06,-1.06745E+02
1.7536163E+06,-9.89454E+01
1.7538071E+06,-1.00805E+02
1.7539978E+06,-1.01905E+02
1.7541885E+06,-9.68054E+01
1.7543793E+06,-1.09305E+02
1.7545700E+06,-1.00885E+02
1.7547607E+06,-1.04005E+02
1.7549515E+06,-9.54054E+01
1.7551422E+06,-1.05205E+02
1.7553329E+06,-9.32254E+01
1.7555237E+06,-9.48654E+01
1.7557144E+06,-1.01665E+02
1.7559052E+06,-1.00545E+02
1.7560959E+06,-9.89054E+01
1.7562866E+06,-1.06185E+02
1.7564774E+06,-9.42254E+01
1.7566681E+06,-9.78654E+01
1.7568588E+06,-1.01785E+02
1.7570496E+06,-9.88654E+01
1.7572403E+06,-1.05745E+02
1.7574310E+06,-1.09725E+02
1.7576218E+06,-9.53854E+01
1.7578125E+06,-9.72054E+01
1.7580032E+06,-1.02425E+02
1.7581940E+06,-9.88854E+01
1.7583847E+06,-9.46254E+01
1.7585754E+06,-9.27054E+01
1.7587662E+06,-9.26254E+01
1.7589569E+06,-9.76854E+01
1.7591476E+06,-9.71054E+01
1.7593384E+06,-9.53854E+01
1.7595291E+06,-1.00625E+02
1.7597198E+06,-9.65254E+01
1.7599106E+06,-9.34454E+01
1.7601013E+06,-9.90454E+01
1.7602921E+06,-1.01105E+02
1.7604828E+06,-9.42654E+01
1.7606735E+06,-9.17054E+01
1.7608643E+06,-9.52654E+01
1.7610550E+06,-9.97454E+01
1.7612457E+06,-9.59254E+01
1.7614365E+06,-1.01305E+02
1.7616272E+06,-1.10665E+02
1.7618179E+06,-9.72854E+01
1.7620087E+06,-9.67654E+01
1.7621994E+06,-1.13925E+02
1.7623901E+06,-1.03665E+02
1.7625809E+06,-1.00545E+02
1.7627716E+06,-9.98654E+01
1.7629623E+06,-1.15505E+02
1.7631531E+06,-1.09545E+02
1.7633438E+06,-1.01625E+02
1.7635345E+06,-9.94654E+01
1.7637253E+06,-1.02685E+02
1.7639160E+06,-1.01005E+02
1.7641068E+06,-9.55054E+01
1.7642975E+06,-1.09405E+02
1.7644882E+06,-1.07185E+02
1.7646790E+06,-9.85454E+01
1.7648697E+06,-9.31854E+01
1.7650604E+06,-9.60054E+01
1.7652512E+06,-9.74454E+01
1.7654419E+06,-9.57254E+01
1.7656326E+06,-1.12565E+02
1.7658234E+06,-1.03505E+02
1.7660141E+06,-9.52854E+01
1.7662048E+06,-9.40054E+01
1.7663956E+06,-9.24254E+01
1.7665863E+06,-9.34454E+01
1.7667770E+06,-9.59454E+01
1.7669678E+06,-9.02254E+01
1.7671585E+06,-9.35454E+01
1.7673492E+06,-9.66854E+01
1.7675400E+06,-9.76254E+01
1.7677307E+06,-9.73254E+01
1.7679214E+06,-9.86254E+01
1.7681122E+06,-1.06925E+02
1.7683029E+06,-1.08765E+02
1.7684937E+06,-9.55654E+01
1.7686844E+06,-9.31854E+01
1.7688751E+06,-9.46654E+01
1.7690659E+06,-9.32654E+01
1.7692566E+06,-9.71054E+01
1.7694473E+06,-9.89654E+01
1.7696381E+06,-9.23654E+01
1.7698288E+06,-9.48454E+01
1.7700195E+06,-9.57854E+01
1.7702103E+06,-9.40854E+01
1.7704010E+06,-9.61854E+01
1.7705917E+06,-1.05725E+02
1.7707825E+06,-9.47254E+01
1.7709732E+06,-1.21125E+02
1.7711639E+06,-9.86454E+01
1.7713547E+06,-9.21454E+01
1.7715454E+06,-9.11854E+01
1.7717361E+06,-9.51854E+01
1.7719269E+06,-1.02705E+02
1.7721176E+06,-1.02925E+02
1.7723083E+06,-9.93454E+01
1.7724991E+06,-9.88254E+01
1.7726898E+06,-9.90054E+01
1.7728806E+06,-1.01945E+02
1.7730713E+06,-1.03065E+02
1.7732620E+06,-1.02285E+02
1.7734528E+06,-9.59054E+01
1.7736435E+06,-9.72254E+01
1.7738342E+06,-9.90254E+01
1.7740250E+06,-1.05165E+02
1.7742157E+06,-1.02505E+02
1.7744064E+06,-1.19305E+02
1.7745972E+06,-1.00565E+02
1.7747879E+06,-9.67054E+01
1.7749786E+06,-9.19654E+01
1.7751694E+06,-9.62054E+01
1.7753601E+06,-9.34654E+01
1.7755508E+06,-1.01425E+02
1.7757416E+06,-9.74654E+01
1.7759323E+06,-9.70654E+01
1.7761230E+06,-1.06925E+02
1.7763138E+06,-1.06585E+02
1.7765045E+06,-9.94854E+01
1.7766953E+06,-9.52854E+01
1.7768860E+06,-1.05905E+02
1.7770767E+06,-9.93654E+01
1.7772675E+06,-9.59454E+01
1.7774582E+06,-9.27454E+01
1.7776489E+06,-9.68654E+01
1.7778397E+06,-9.83054E+01
1.7780304E+06,-9.72054E+01
1.7782211E+06,-1.04225E+02
1.7784119E+06,-1.00645E+02
1.7786026E+06,-9.59054E+01
1.7787933E+06,-9.45854E+01
1.7789841E+06,-9.68254E+01
1.7791748E+06,-9.81854E+01
1.7793655E+06,-9.56454E+01
1.7795563E+06,-9.49454E+01
1.7797470E+06,-9.89654E+01
1.7799377E+06,-1.04265E+02
1.7801285E+06,-9.90054E+01
1.7803192E+06,-1.07225E+02
1.7805099E+06,-1.04945E+02
1.7807007E+06,-9.99454E+01
1.7808914E+06,-9.96054E+01
1.7810822E+06,-9.47254E+01
1.7812729E+06,-9.36654E+01
1.7814636E+06,-1.03705E+02
1.7816544E+06,-9.51854E+01
1.7818451E+06,-9.67854E+01
1.7820358E+06,-1.07105E+02
1.7822266E+06,-1.00685E+02
1.7824173E+06,-9.55654E+01
1.7826080E+06,-9.19454E+01
1.7827988E+06,-1.00725E+02
1.7829895E+06,-1.08045E+02
1.7831802E+06,-1.00345E+02
1.7833710E+06,-1.04465E+02
1.7835617E+06,-9.33254E+01
1.7837524E+06,-9.43254E+01
1.7839432E+06,-9.84854E+01
1.7841339E+06,-1.03585E+02
1.7843246E+06,-1.02145E+02
1.7845154E+06,-9.81654E+01
1.7847061E+06,-9.82854E+01
1.7848969E+06,-9.46654E+01
1.7850876E+06,-1.14185E+02
1.7852783E+06,-1.03065E+02
1.7854691E+06,-1.00585E+02
1.7856598E+06,-9.40454E+01
1.7858505E+06,-9.61854E+01
1.7860413E+06,-9.81254E+01
1.7862320E+06,-1.02125E+02
1.7864227E+06,-9.68454E+01
1.7866135E+06,-1.14885E+02
1.7868042E+06,-9.74054E+01
1.7869949E+06,-9.97254E+01
1.7871857E+06,-1.03405E+02
1.7873764E+06,-1.01985E+02
1.7875671E+06,-1.01165E+02
1.7877579E+06,-9.60054E+01
1.7879486E+06,-1.06825E+02
1.7881393E+06,-1.00365E+02
1.7883301E+06,-9.27654E+01
1.7885208E+06,-8.89454E+01
1.7887115E+06,-9.56654E+01
1.7889023E+06,-1.06105E+02
1.7890930E+06,-1.02225E+02
1.7892838E+06,-1.06065E+02
1.7894745E+06,-9.77054E+01
1.7896652E+06,-9.71654E+01
1.7898560E+06,-9.79654E+01
1.7900467E+06,-9.72054E+01
1.7902374E+06,-9.07454E+01
1.7904282E+06,-9.33254E+01
1.7906189E+06,-9.86454E+01
1.7908096E+06,-9.84454E+01
1.7910004E+06,-9.92654E+01
1.7911911E+06,-9.82854E+01
1.7913818E+06,-9.67854E+01
1.7915726E+06,-9.58054E+01
1.7917633E+06,-1.00745E+02
1.7919540E+06,-9.84654E+01
1.7921448E+06,-1.02325E+02
1.7923355E+06,-1.03585E+02
1.7925262E+06,-1.01585E+02
1.7927170E+06,-1.03725E+02
1.7929077E+06,-9.87454E+01
1.7930984E+06,-9.58054E+01
1.7932892E+06,-9.74454E+01
1.7934799E+06,-9.96854E+01
1.7936707E+06,-1.02125E+02
1.7938614E+06,-9.84054E+01
1.7940521E+06,-9.81254E+01
1.7942429E+06,-9.95254E+01
1.7944336E+06,-9.44454E+01
1.7946243E+06,-9.59254E+01
1.7948151E+06,-1.10525E+02
1.7950058E+06,-9.73454E+01
1.7951965E+06,-9.49454E+01
1.7953873E+06,-9.47254E+01
1.7955780E+06,-9.82254E+01
1.7957687E+06,-1.07045E+02
1.7959595E+06,-1.08405E+02
1.7961502E+06,-9.77054E+01
1.7963409E+06,-9.33654E+01
1.7965317E+06,-9.49654E+01
1.7967224E+06,-1.05225E+02
1.7969131E+06,-9.76654E+01
1.7971039E+06,-9.35054E+01
1.7972946E+06,-9.78854E+01
1.7974854E+06,-1.05845E+02
1.7976761E+06,-1.00325E+02
1.7978668E+06,-9.75054E+01
1.7980576E+06,-9.46654E+01
1.7982483E+06,-9.91654E+01
1.7984390E+06,-1.02445E+02
1.7986298E+06,-9.55654E+01
1.7988205E+06,-1.00565E+02
1.7990112E+06,-1.02525E+02
1.7992020E+06,-9.50054E+01
1.7993927E+06,-9.42854E+01
1.7995834E+06,-9.49454E+01
1.7997742E+06,-1.01365E+02
1.7999649E+06,-9.57254E+01
1.8001556E+06,-9.23254E+01
1.8003464E+06,-9.83254E+01
1.8005371E+06,-1.18965E+02
1.8007278E+06,-9.79654E+01
1.8009186E+06,-9.68654E+01
1.8011093E+06,-1.03725E+02
1.8013000E+06,-9.96054E+01
1.8014908E+06,-9.37654E+01
1.8016815E+06,-9.21254E+01
1.8018723E+06,-9.94654E+01
1.8020630E+06,-9.97254E+01
1.8022537E+06,-1.00345E+02
1.8024445E+06,-9.80054E+01
1.8026352E+06,-1.01365E+02
1.8028259E+06,-1.05125E+02
1.8030167E+06,-9.85454E+01
1.8032074E+06,-9.22254E+01
1.8033981E+06,-9.29254E+01
1.8035889E+06,-1.06685E+02
1.8037796E+06,-1.04385E+02
1.8039703E+06,-9.56254E+01
1.8041611E+06,-9.83854E+01
1.8043518E+06,-9.99454E+01
1.8045425E+06,-9.38854E+01
1.8047333E+06,-9.33654E+01
1.8049240E+06,-9.34454E+01
1.8051147E+06,-9.99454E+01
1.8053055E+06,-9.44454E+01
1.8054962E+06,-9.23654E+01
1.8056870E+06,-9.92054E+01
1.8058777E+06,-1.07105E+02
1.8060684E+06,-9.54454E+01
1.8062592E+06,-9.16854E+01
1.8064499E+06,-1.00005E+02
1.8066406E+06,-9.34654E+01
1.8068314E+06,-9.40054E+01
1.8070221E+06,-1.05365E+02
1.8072128E+06,-9.27454E+01
1.8074036E+06,-9.26454E+01
1.8075943E+06,-1.01985E+02
1.8077850E+06,-1.04325E+02
1.8079758E+06,-9.90054E+01
1.8081665E+06,-1.04865E+02
1.8083572E+06,-1.08585E+02
1.8085480E+06,-1.05045E+02
1.8087387E+06,-1.04405E+02
1.8089294E+06,-1.00705E+02
1.8091202E+06,-9.96254E+01
1.8093109E+06,-1.07645E+02
1.8095016E+06,-9.93654E+01
1.8096924E+06,-9.25254E+01
1.8098831E+06,-9.46654E+01
1.8100739E+06,-1.04525E+02
1.8102646E+06,-1.13325E+02
1.8104553E+06,-1.06905E+02
1.8106461E+06,-1.02765E+02
1.8108368E+06,-9.70454E+01
1.8110275E+06,-9.45054E+01
1.8112183E+06,-9.85654E+01
1.8114090E+06,-9.78654E+01
1.8115997E+06,-9.98654E+01
1.8117905E+06,-1.14885E+02
1.8119812E+06,-1.05085E+02
1.8121719E+06,-1.02245E+02
1.8123627E+06,-1.01545E+02
1.8125534E+06,-9.95854E+01
1.8127441E+06,-9.67454E+01
1.8129349E+06,-9.40454E+01
1.8131256E+06,-9.74454E+01
1.8133163E+06,-1.02205E+02
1.8135071E+06,-1.07005E+02
1.8136978E+06,-1.00045E+02
1.8138885E+06,-1.12805E+02
1.8140793E+06,-1.00625E+02
1.8142700E+06,-9.61054E+01
1.8144608E+06,-1.00185E+02
1.8146515E+06,-1.01005E+02
1.8148422E+06,-9.64054E+01
1.8150330E+06,-9.81054E+01
1.8152237E+06,-9.53454E+01
1.8154144E+06,-9.56054E+01
1.8156052E+06,-1.14845E+02
1.8157959E+06,-9.61454E+01
1.8159866E+06,-9.80454E+01
1.8161774E+06,-1.03725E+02
1.8163681E+06,-1.01545E+02
1.8165588E+06,-9.84254E+01
1.8167496E+06,-1.18705E+02
1.8169403E+06,-1.00705E+02
1.8171310E+06,-1.05125E+02
1.8173218E+06,-1.06185E+02
1.8175125E+06,-1.04305E+02
1.8177032E+06,-9.92454E+01
1.8178940E+06,-1.02065E+02
1.8180847E+06,-9.81454E+01
1.8182755E+06,-9.29054E+01
1.8184662E+06,-9.27054E+01
1.8186569E+06,-1.01645E+02
1.8188477E+06,-9.44254E+01
1.8190384E+06,-9.38454E+01
1.8192291E+06,-9.79254E+01
1.8194199E+06,-1.02825E+02
1.8196106E+06,-1.01805E+02
1.8198013E+06,-1.01305E+02
1.8199921E+06,-9.49854E+01
1.8201828E+06,-9.57254E+01
1.8203735E+06,-1.12625E+02
1.8205643E+06,-9.63854E+01
1.8207550E+06,-9.42854E+01
1.8209457E+06,-9.83654E+01
1.8211365E+06,-1.00925E+02
1.8213272E+06,-9.50054E+01
1.8215179E+06,-9.43854E+01
1.8217087E+06,-9.58654E+01
1.8218994E+06,-1.04145E+02
1.8220901E+06,-1.06985E+02
1.8222809E+06,-1.17445E+02
1.8224716E+06,-1.03805E+02
1.8226624E+06,-1.07285E+02
1.8228531E+06,-9.73854E+01
1.8230438E+06,-9.79654E+01
1.8232346E+06,-9.92054E+01
1.8234253E+06,-1.02485E+02
1.8236160E+06,-9.65454E+01
1.8238068E+06,-1.01185E+02
1.8239975E+06,-9.78854E+01
1.8241882E+06,-1.06925E+02
1.8243790E+06,-9.62654E+01
1.8245697E+06,-1.02145E+02
1.8247604E+06,-9.90454E+01
1.8249512E+06,-9.56454E+01
1.8251419E+06,-1.00965E+02
1.8253326E+06,-1.00545E+02
1.8255234E+06,-9.97654E+01
1.8257141E+06,-1.06965E+02
1.8259048E+06,-1.02145E+02
1.8260956E+06,-1.15605E+02
1.8262863E+06,-1.18465E+02
1.8264771E+06,-9.29054E+01
1.8266678E+06,-9.22454E+01
1.8268585E+06,-1.00025E+02
1.8270493E+06,-9.98254E+01
1.8272400E+06,-9.41454E+01
1.8274307E+06,-9.53054E+01
1.8276215E+06,-9.93054E+01
1.8278122E+06,-9.43454E+01
1.8280029E+06,-9.27654E+01
1.8281937E+06,-9.36654E+01
1.8283844E+06,-9.29054E+01
1.8285751E+06,-9.80654E+01
1.8287659E+06,-9.76254E+01
1.8289566E+06,-9.04854E+01
1.8291473E+06,-9.12054E+01
1.8293381E+06,-1.01245E+02
1.8295288E+06,-9.42254E+01
1.8297195E+06,-8.90454E+01
1.8299103E+06,-8.79054E+01
1.8301010E+06,-8.96454E+01
1.8302917E+06,-9.83654E+01
1.8304825E+06,-9.79854E+01
1.8306732E+06,-9.12854E+01
1.8308640E+06,-9.28654E+01
1.8310547E+06,-9.53654E+01
1.8312454E+06,-9.62254E+01
1.8314362E+06,-1.06885E+02
1.8316269E+06,-9.54654E+01
1.8318176E+06,-1.01385E+02
1.8320084E+06,-9.43454E+01
1.8321991E+06,-9.72054E+01
1.8323898E+06,-1.04905E+02
1.8325806E+06,-1.08185E+02
1.8327713E+06,-9.38054E+01
1.8329620E+06,-9.07254E+01
1.8331528E+06,-9.37254E+01
1.8333435E+06,-1.09985E+02
1.8335342E+06,-1.05905E+02
1.8337250E+06,-1.00465E+02
1.8339157E+06,-9.61054E+01
1.8341064E+06,-9.69254E+01
1.8342972E+06,-1.07205E+02
1.8344879E+06,-9.94454E+01
1.8346786E+06,-1.01345E+02
1.8348694E+06,-9.79254E+01
1.8350601E+06,-9.88254E+01
1.8352509E+06,-1.00805E+02
1.8354416E+06,-1.01705E+02
1.8356323E+06,-1.02625E+02
1.8358231E+06,-9.95854E+01
1.8360138E+06,-9.56454E+01
1.8362045E+06,-1.01665E+02
1.8363953E+06,-1.07065E+02
1.8365860E+06,-1.06085E+02
1.8367767E+06,-1.00025E+02
1.8369675E+06,-9.88854E+01
1.8371582E+06,-1.06425E+02
1.8373489E+06,-1.08085E+02
1.8375397E+06,-1.02705E+02
1.8377304E+06,-9.90054E+01
1.8379211E+06,-1.10645E+02
1.8381119E+06,-1.04225E+02
1.8383026E+06,-9.79654E+01
1.8384933E+06,-9.65454E+01
1.8386841E+06,-9.50454E+01
1.8388748E+06,-1.00425E+02
1.8390656E+06,-1.05925E+02
1.8392563E+06,-9.82654E+01
1.8394470E+06,-9.71654E+01
1.8396378E+06,-1.00065E+02
1.8398285E+06,-1.04805E+02
1.8400192E+06,-9.46654E+01
1.8402100E+06,-9.51454E+01
1.8404007E+06,-9.86854E+01
1.8405914E+06,-9.50254E+01
1.8407822E+06,-9.69254E+01
1.8409729E+06,-1.01625E+02
1.8411636E+06,-1.13885E+02
1.8413544E+06,-1.03405E+02
1.8415451E+06,-1.01285E+02
1.8417358E+06,-9.59054E+01
1.8419266E+06,-1.02525E+02
1.8421173E+06,-1.11625E+02
1.8423080E+06,-9.86454E+01
1.8424988E+06,-9.41854E+01
1.8426895E+06,-9.37054E+01
1.8428802E+06,-1.04485E+02
1.8430710E+06,-9.66454E+01
1.8432617E+06,-8.91454E+01
1.8434525E+06,-9.01254E+01
1.8436432E+06,-9.43454E+01
1.8438339E+06,-9.49854E+01
1.8440247E+06,-9.44854E+01
1.8442154E+06,-9.74854E+01
1.8444061E+06,-9.44254E+01
1.8445969E+06,-9.10854E+01
1.8447876E+06,-9.31254E+01
1.8449783E+06,-9.76254E+01
1.8451691E+06,-1.01185E+02
1.8453598E+06,-9.67054E+01
1.8455505E+06,-9.51454E+01
1.8457413E+06,-9.91454E+01
1.8459320E+06,-1.10825E+02
1.8461227E+06,-9.92454E+01
1.8463135E+06,-9.79654E+01
1.8465042E+06,-1.11425E+02
1.8466949E+06,-1.06645E+02
1.8468857E+06,-9.98454E+01
1.8470764E+06,-9.40854E+01
1.8472672E+06,-1.00665E+02
1.8474579E+06,-1.07725E+02
1.8476486E+06,-9.61854E+01
1.8478394E+06,-1.00685E+02
1.8480301E+06,-1.04745E+02
1.8482208E+06,-1.05325E+02
1.8484116E+06,-1.01385E+02
1.8486023E+06,-1.06585E+02
1.8487930E+06,-1.07705E+02
1.8489838E+06,-9.53854E+01
1.8491745E+06,-9.16454E+01
1.8493652E+06,-9.88054E+01
1.8495560E+06,-1.04665E+02
1.8497467E+06,-1.04825E+02
1.8499374E+06,-1.14765E+02
1.8501282E+06,-1.03065E+02
1.8503189E+06,-1.06365E+02
1.8505096E+06,-1.09025E+02
1.8507004E+06,-1.06125E+02
1.8508911E+06,-1.10085E+02
1.8510818E+06,-9.95454E+01
1.8512726E+06,-1.05125E+02
1.8514633E+06,-9.94854E+01
1.8516541E+06,-1.05745E+02
1.8518448E+06,-1.00665E+02
1.8520355E+06,-1.04885E+02
1.8522263E+06,-9.85054E+01
1.8524170E+06,-9.72254E+01
1.8526077E+06,-1.02805E+02
1.8527985E+06,-9.80454E+01
1.8529892E+06,-1.05045E+02
1.8531799E+06,-1.01765E+02
1.8533707E+06,-9.96654E+01
1.8535614E+06,-1.02085E+02
1.8537521E+06,-1.02525E+02
1.8539429E+06,-9.56054E+01
1.8541336E+06,-9.60054E+01
1.8543243E+06,-9.85854E+01
1.8545151E+06,-1.00325E+02
1.8547058E+06,-1.02325E+02
1.8548965E+06,-1.00525E+02
1.8550873E+06,-9.76854E+01
1.8552780E+06,-1.00645E+02
1.8554688E+06,-1.00605E+02
1.8556595E+06,-9.81454E+01
1.8558502E+06,-9.56454E+01
1.8560410E+06,-9.43654E+01
1.8562317E+06,-1.07465E+02
1.8564224E+06,-9.54254E+01
1.8566132E+06,-9.93854E+01
1.8568039E+06,-1.00765E+02
1.8569946E+06,-1.00385E+02
1.8571854E+06,-1.05325E+02
1.8573761E+06,-1.09345E+02
1.8575668E+06,-1.06085E+02
1.8577576E+06,-1.01865E+02
1.8579483E+06,-9.51854E+01
1.8581390E+06,-9.72854E+01
1.8583298E+06,-1.02745E+02
1.8585205E+06,-1.05645E+02
1.8587112E+06,-9.92454E+01
1.8589020E+06,-9.79454E+01
1.8590927E+06,-1.05925E+02
1.8592834E+06,-9.98654E+01
1.8594742E+06,-1.07385E+02
1.8596649E+06,-1.02745E+02
1.8598557E+06,-9.58654E+01
1.8600464E+06,-9.92054E+01
1.8602371E+06,-9.66654E+01
1.8604279E+06,-9.14854E+01
1.8606186E+06,-9.36254E+01
1.8608093E+06,-1.02425E+02
1.8610001E+06,-9.98854E+01
1.8611908E+06,-9.37054E+01
1.8613815E+06,-9.91854E+01
1.8615723E+06,-1.02825E+02
1.8617630E+06,-9.87054E+01
1.8619537E+06,-9.53654E+01
1.8621445E+06,-9.25654E+01
1.8623352E+06,-9.69254E+01
1.8625259E+06,-9.73054E+01
1.8627167E+06,-1.02145E+02
1.8629074E+06,-1.05925E+02
1.8630981E+06,-1.02565E+02
1.8632889E+06,-9.45654E+01
1.8634796E+06,-1.00805E+02
1.8636703E+06,-1.03065E+02
1.8638611E+06,-9.90854E+01
1.8640518E+06,-9.72654E+01
1.8642426E+06,-1.01865E+02
1.8644333E+06,-1.05945E+02
1.8646240E+06,-9.63054E+01
1.8648148E+06,-9.84654E+01
1.8650055E+06,-1.06125E+02
1.8651962E+06,-1.00705E+02
1.8653870E+06,-9.22454E+01
1.8655777E+06,-9.35054E+01
1.8657684E+06,-1.08845E+02
1.8659592E+06,-9.89054E+01
1.8661499E+06,-9.43254E+01
1.8663406E+06,-9.53054E+01
1.8665314E+06,-9.51054E+01
1.8667221E+06,-1.00865E+02
1.8669128E+06,-9.79254E+01
1.8671036E+06,-9.66054E+01
1.8672943E+06,-9.83254E+01
1.8674850E+06,-1.00045E+02
1.8676758E+06,-1.02965E+02
1.8678665E+06,-1.15225E+02
1.8680573E+06,-9.88654E+01
1.8682480E+06,-9.97854E+01
1.8684387E+06,-1.10825E+02
1.8686295E+06,-1.01765E+02
1.8688202E+06,-9.60854E+01
1.8690109E+06,-9.61054E+01
1.8692017E+06,-1.03845E+02
1.8693924E+06,-1.06605E+02
1.8695831E+06,-1.01545E+02
1.8697739E+06,-1.04825E+02
1.8699646E+06,-1.07865E+02
1.8701553E+06,-1.04505E+02
1.8703461E+06,-9.88654E+01
1.8705368E+06,-9.75254E+01
1.8707275E+06,-9.48454E+01
1.8709183E+06,-9.34654E+01
1.8711090E+06,-9.39254E+01
1.8712997E+06,-9.83854E+01
1.8714905E+06,-9.81654E+01
1.8716812E+06,-9.66854E+01
1.8718719E+06,-9.89854E+01
1.8720627E+06,-9.46254E+01
1.8722534E+06,-9.94854E+01
1.8724442E+06,-1.09285E+02
1.8726349E+06,-9.47654E+01
1.8728256E+06,-9.15854E+01
1.8730164E+06,-9.70854E+01
1.8732071E+06,-1.03545E+02
1.8733978E+06,-1.01325E+02
1.8735886E+06,-9.64454E+01
1.8737793E+06,-9.28654E+01
1.8739700E+06,-9.35454E+01
1.8741608E+06,-1.01565E+02
1.8743515E+06,-9.64454E+01
1.8745422E+06,-9.62454E+01
1.8747330E+06,-9.53454E+01
1.8749237E+06,-9.69454E+01
1.8751144E+06,-9.23654E+01
1.8753052E+06,-9.92854E+01
1.8754959E+06,-1.01125E+02
1.8756866E+06,-1.03305E+02
1.8758774E+06,-9.47854E+01
1.8760681E+06,-9.64854E+01
1.8762589E+06,-1.16585E+02
1.8764496E+06,-1.03845E+02
1.8766403E+06,-1.00405E+02
1.8768311E+06,-9.64454E+01
1.8770218E+06,-1.01185E+02
1.8772125E+06,-1.11245E+02
1.8774033E+06,-1.16745E+02
1.8775940E+06,-9.68854E+01
1.8777847E+06,-9.26454E+01
1.8779755E+06,-9.48854E+01
1.8781662E+06,-9.73454E+01
1.8783569E+06,-1.01105E+02
1.8785477E+06,-9.82054E+01
1.8787384E+06,-1.03965E+02
1.8789291E+06,-9.50054E+01
1.8791199E+06,-1.04185E+02
1.8793106E+06,-9.64254E+01
1.8795013E+06,-1.01345E+02
1.8796921E+06,-9.42254E+01
1.8798828E+06,-9.10454E+01
1.8800735E+06,-1.00305E+02
1.8802643E+06,-1.06405E+02
1.8804550E+06,-1.01345E+02
1.8806458E+06,-9.77454E+01
1.8808365E+06,-1.00385E+02
1.8810272E+06,-1.01565E+02
1.8812180E+06,-9.55054E+01
1.8814087E+06,-9.78054E+01
1.8815994E+06,-1.01165E+02
1.8817902E+06,-1.00925E+02
1.8819809E+06,-1.15985E+02
1.8821716E+06,-9.82254E+01
1.8823624E+06,-9.32254E+01
1.8825531E+06,-9.74254E+01
1.8827438E+06,-1.26885E+02
1.8829346E+06,-1.09345E+02
1.8831253E+06,-1.01285E+02
1.8833160E+06,-9.69654E+01
1.8835068E+06,-9.42654E+01
1.8836975E+06,-9.41854E+01
1.8838882E+06,-9.84254E+01
1.8840790E+06,-9.82654E+01
1.8842697E+06,-1.00805E+02
1.8844604E+06,-1.02825E+02
1.8846512E+06,-9.60854E+01
1.8848419E+06,-9.14454E+01
1.8850327E+06,-9.59054E+01
1.8852234E+06,-9.65254E+01
1.8854141E+06,-1.02125E+02
1.8856049E+06,-1.01985E+02
1.8857956E+06,-1.01405E+02
1.8859863E+06,-1.04385E+02
1.8861771E+06,-1.00045E+02
1.8863678E+06,-9.68454E+01
1.8865585E+06,-1.08265E+02
1.8867493E+06,-1.07545E+02
1.8869400E+06,-1.02005E+02
1.8871307E+06,-1.13925E+02
1.8873215E+06,-1.04685E+02
1.8875122E+06,-1.01325E+02
1.8877029E+06,-1.07645E+02
1.8878937E+06,-1.10745E+02
1.8880844E+06,-1.10725E+02
1.8882751E+06,-1.00005E+02
1.8884659E+06,-9.79454E+01
1.8886566E+06,-9.57854E+01
1.8888474E+06,-9.93854E+01
1.8890381E+06,-1.15925E+02
1.8892288E+06,-1.11745E+02
1.8894196E+06,-9.98654E+01
1.8896103E+06,-1.06585E+02
1.8898010E+06,-9.79454E+01
1.8899918E+06,-9.95654E+01
1.8901825E+06,-9.94454E+01
1.8903732E+06,-9.71054E+01
1.8905640E+06,-9.80254E+01
1.8907547E+06,-9.81654E+01
1.8909454E+06,-1.08905E+02
1.8911362E+06,-9.61454E+01
1.8913269E+06,-9.43654E+01
1.8915176E+06,-9.66254E+01
1.8917084E+06,-9.13254E+01
1.8918991E+06,-8.98854E+01
1.8920898E+06,-9.36654E+01
1.8922806E+06,-1.21965E+02
1.8924713E+06,-9.72454E+01
1.8926620E+06,-9.82854E+01
1.8928528E+06,-9.90454E+01
1.8930435E+06,-9.96454E+01
1.8932343E+06,-1.08965E+02
1.8934250E+06,-9.73854E+01
1.8936157E+06,-1.17065E+02
1.8938065E+06,-1.00945E+02
1.8939972E+06,-1.05885E+02
1.8941879E+06,-9.77854E+01
1.8943787E+06,-9.55054E+01
1.8945694E+06,-9.89054E+01
1.8947601E+06,-1.09785E+02
1.8949509E+06,-1.08745E+02
1.8951416E+06,-1.01645E+02
1.8953323E+06,-1.13805E+02
1.8955231E+06,-1.14705E+02
1.8957138E+06,-1.02745E+02
1.8959045E+06,-9.85054E+01
1.8960953E+06,-9.61654E+01
1.8962860E+06,-9.50254E+01
1.8964767E+06,-1.02325E+02
1.8966675E+06,-1.01325E+02
1.8968582E+06,-9.46654E+01
1.8970490E+06,-1.04465E+02
1.8972397E+06,-9.59254E+01
1.8974304E+06,-9.58254E+01
1.8976212E+06,-9.56054E+01
1.8978119E+06,-1.09985E+02
1.8980026E+06,-9.90654E+01
1.8981934E+06,-1.16065E+02
1.8983841E+06,-9.87854E+01
1.8985748E+06,-9.49454E+01
1.8987656E+06,-9.24454E+01
1.8989563E+06,-9.38454E+01
1.8991470E+06,-1.02505E+02
1.8993378E+06,-1.00565E+02
1.8995285E+06,-1.00585E+02
1.8997192E+06,-1.03445E+02
1.8999100E+06,-1.08765E+02
1.9001007E+06,-1.03585E+02
1.9002914E+06,-9.88654E+01
1.9004822E+06,-9.56654E+01
1.9006729E+06,-9.61254E+01
1.9008636E+06,-1.04745E+02
1.9010544E+06,-1.02005E+02
1.9012451E+06,-9.65254E+01
1.9014359E+06,-9.38854E+01
1.9016266E+06,-9.32254E+01
1.9018173E+06,-9.31654E+01
1.9020081E+06,-1.01205E+02
1.9021988E+06,-9.30254E+01
1.9023895E+06,-9.22254E+01
1.9025803E+06,-9.73254E+01
1.9027710E+06,-1.03765E+02
1.9029617E+06,-1.00745E+02
1.9031525E+06,-1.04785E+02
1.9033432E+06,-1.03885E+02
1.9035339E+06,-9.69454E+01
1.9037247E+06,-1.03225E+02
1.9039154E+06,-1.05825E+02
1.9041061E+06,-1.05145E+02
1.9042969E+06,-1.12745E+02
1.9044876E+06,-1.16685E+02
1.9046783E+06,-1.04545E+02
1.9048691E+06,-1.00465E+02
1.9050598E+06,-9.83854E+01
1.9052505E+06,-9.68054E+01
1.9054413E+06,-1.00825E+02
1.9056320E+06,-1.00125E+02
1.9058228E+06,-9.64254E+01
1.9060135E+06,-9.88454E+01
1.9062042E+06,-1.01985E+02
1.9063950E+06,-9.73654E+01
1.9065857E+06,-9.70054E+01
1.9067764E+06,-1.01805E+02
1.9069672E+06,-1.04945E+02
1.9071579E+06,-1.01425E+02
1.9073486E+06,-1.05205E+02
1.9075394E+06,-1.13405E+02
1.9077301E+06,-1.04005E+02
1.9079208E+06,-1.03165E+02
1.9081116E+06,-1.08045E+02
1.9083023E+06,-1.05085E+02
1.9084930E+06,-1.06525E+02
1.9086838E+06,-1.01065E+02
1.9088745E+06,-1.00965E+02
1.9090652E+06,-1.14285E+02
1.9092560E+06,-9.78254E+01
1.9094467E+06,-1.02745E+02
1.9096375E+06,-1.03665E+02
1.9098282E+06,-9.60654E+01
1.9100189E+06,-9.57454E+01
1.9102097E+06,-1.06805E+02
1.9104004E+06,-9.55254E+01
1.9105911E+06,-1.05085E+02
1.9107819E+06,-1.07345E+02
1.9109726E+06,-1.09385E+02
1.9111633E+06,-1.02365E+02
1.9113541E+06,-9.99654E+01
1.9115448E+06,-9.53654E+01
1.9117355E+06,-9.40054E+01
1.9119263E+06,-9.72854E+01
1.9121170E+06,-9.45454E+01
1.9123077E+06,-9.46454E+01
1.9124985E+06,-9.54254E+01
1.9126892E+06,-1.03365E+02
1.9128799E+06,-1.01745E+02
1.9130707E+06,-1.02905E+02
1.9132614E+06,-1.03505E+02
1.9134521E+06,-1.01145E+02
1.9136429E+06,-1.01525E+02
1.9138336E+06,-9.56454E+01
1.9140244E+06,-9.98054E+01
1.9142151E+06,-1.06505E+02
1.9144058E+06,-1.07525E+02
1.9145966E+06,-9.41854E+01
1.9147873E+06,-9.68854E+01
1.9149780E+06,-1.00245E+02
1.9151688E+06,-1.02145E+02
1.9153595E+06,-1.13265E+02
1.9155502E+06,-9.71454E+01
1.9157410E+06,-9.28254E+01
1.9159317E+06,-1.03265E+02
1.9161224E+06,-9.90654E+01
1.9163132E+06,-1.07365E+02
1.9165039E+06,-9.70454E+01
1.9166946E+06,-1.00925E+02
1.9168854E+06,-1.11365E+02
1.9170761E+06,-1.06245E+02
1.9172668E+06,-9.74254E+01
1.9174576E+06,-9.18054E+01
1.9176483E+06,-9.29054E+01
1.9178391E+06,-1.00905E+02
1.9180298E+06,-1.06965E+02
1.9182205E+06,-9.26454E+01
1.9184113E+06,-9.48254E+01
1.9186020E+06,-1.04805E+02
1.9187927E+06,-1.09745E+02
1.9189835E+06,-1.00665E+02
1.9191742E+06,-1.00945E+02
1.9193649E+06,-9.97454E+01
1.9195557E+06,-1.01545E+02
1.9197464E+06,-1.01185E+02
1.9199371E+06,-9.96054E+01
1.9201279E+06,-1.15405E+02
1.9203186E+06,-1.00225E+02
1.9205093E+06,-9.87854E+01
1.9207001E+06,-9.85054E+01
1.9208908E+06,-9.50254E+01
1.9210815E+06,-1.04925E+02
1.9212723E+06,-9.71654E+01
1.9214630E+06,-9.65854E+01
1.9216537E+06,-8.88254E+01
1.9218445E+06,-9.36254E+01
1.9220352E+06,-1.04965E+02
1.9222260E+06,-9.79854E+01
1.9224167E+06,-9.98654E+01
1.9226074E+06,-9.72854E+01
1.9227982E+06,-9.50054E+01
1.9229889E+06,-9.86054E+01
1.9231796E+06,-1.04565E+02
1.9233704E+06,-1.03085E+02
1.9235611E+06,-1.11585E+02
1.9237518E+06,-9.71854E+01
1.9239426E+06,-9.58254E+01
1.9241333E+06,-1.07465E+02
1.9243240E+06,-9.54454E+01
1.9245148E+06,-9.81854E+01
1.9247055E+06,-9.47254E+01
1.9248962E+06,-9.78854E+01
1.9250870E+06,-1.06145E+02
1.9252777E+06,-9.80654E+01
1.9254684E+06,-1.00165E+02
1.9256592E+06,-9.50854E+01
1.9258499E+06,-9.98254E+01
1.9260406E+06,-1.08325E+02
1.9262314E+06,-9.96054E+01
1.9264221E+06,-9.12454E+01
1.9266129E+06,-9.30854E+01
1.9268036E+06,-9.86854E+01
1.9269943E+06,-9.96054E+01
1.9271851E+06,-9.75454E+01
1.9273758E+06,-1.03325E+02
1.9275665E+06,-9.79054E+01
1.9277573E+06,-9.69054E+01
1.9279480E+06,-1.08625E+02
1.9281387E+06,-1.02225E+02
1.9283295E+06,-1.02565E+02
1.9285202E+06,-1.02905E+02
1.9287109E+06,-1.08345E+02
1.9289017E+06,-1.01245E+02
1.9290924E+06,-9.57054E+01
1.9292831E+06,-1.01225E+02
1.9294739E+06,-9.56854E+01
1.9296646E+06,-1.10845E+02
1.9298553E+06,-9.71054E+01
1.9300461E+06,-1.05045E+02
1.9302368E+06,-1.03705E+02
1.9304276E+06,-9.74454E+01
1.9306183E+06,-9.78454E+01
1.9308090E+06,-1.01625E+02
1.9309998E+06,-1.01685E+02
1.9311905E+06,-1.02705E+02
1.9313812E+06,-9.91254E+01
1.9315720E+06,-1.03405E+02
1.9317627E+06,-1.05365E+02
1.9319534E+06,-9.66054E+01
1.9321442E+06,-9.21454E+01
1.9323349E+06,-9.52854E+01
1.9325256E+06,-9.52854E+01
1.9327164E+06,-9.61654E+01
1.9329071E+06,-1.02325E+02
1.9330978E+06,-1.02145E+02
1.9332886E+06,-1.01445E+02
1.9334793E+06,-1.04865E+02
1.9336700E+06,-1.00225E+02
1.9338608E+06,-9.74254E+01
1.9340515E+06,-9.48854E+01
1.9342422E+06,-9.82654E+01
1.9344330E+06,-1.05945E+02
1.9346237E+06,-1.00165E+02
1.9348145E+06,-1.04085E+02
1.9350052E+06,-9.51254E+01
1.9351959E+06,-9.97454E+01
1.9353867E+06,-9.77054E+01
1.9355774E+06,-9.59054E+01
1.9357681E+06,-1.00425E+02
1.9359589E+06,-1.02745E+02
1.9361496E+06,-1.02125E+02
1.9363403E+06,-1.00465E+02
1.9365311E+06,-1.00925E+02
1.9367218E+06,-9.67454E+01
1.9369125E+06,-9.45054E+01
1.9371033E+06,-1.03365E+02
1.9372940E+06,-1.00885E+02
1.9374847E+06,-9.65054E+01
1.9376755E+06,-1.00665E+02
1.9378662E+06,-1.05865E+02
1.9380569E+06,-1.10365E+02
1.9382477E+06,-9.70054E+01
1.9384384E+06,-9.33654E+01
1.9386292E+06,-9.58654E+01
1.9388199E+06,-9.40054E+01
1.9390106E+06,-9.71854E+01
1.9392014E+06,-1.02145E+02
1.9393921E+06,-1.01505E+02
1.9395828E+06,-9.69854E+01
1.9397736E+06,-9.57854E+01
1.9399643E+06,-9.55254E+01
1.9401550E+06,-9.52654E+01
1.9403458E+06,-9.25254E+01
1.9405365E+06,-9.82054E+01
1.9407272E+06,-9.87054E+01
1.9409180E+06,-9.44654E+01
1.9411087E+06,-9.86254E+01
1.9412994E+06,-1.15685E+02
1.9414902E+06,-9.78254E+01
1.9416809E+06,-9.19854E+01
1.9418716E+06,-9.79254E+01
1.9420624E+06,-1.00725E+02
1.9422531E+06,-9.88254E+01
1.9424438E+06,-9.74854E+01
1.9426346E+06,-9.28654E+01
1.9428253E+06,-9.93854E+01
1.9430161E+06,-1.07945E+02
1.9432068E+06,-9.63854E+01
1.9433975E+06,-9.66254E+01
1.9435883E+06,-9.48454E+01
1.9437790E+06,-9.56054E+01
1.9439697E+06,-1.07505E+02
1.9441605E+06,-9.62854E+01
1.9443512E+06,-9.66454E+01
1.9445419E+06,-9.70054E+01
1.9447327E+06,-9.60854E+01
1.9449234E+06,-9.30254E+01
1.9451141E+06,-9.55654E+01
1.9453049E+06,-9.56254E+01
1.9454956E+06,-9.67454E+01
1.9456863E+06,-1.06945E+02
1.9458771E+06,-1.00665E+02
1.9460678E+06,-1.01025E+02
1.9462585E+06,-9.60854E+01
1.9464493E+06,-9.96654E+01
1.9466400E+06,-9.37054E+01
1.9468307E+06,-9.52054E+01
1.9470215E+06,-9.48454E+01
1.9472122E+06,-9.84654E+01
1.9474030E+06,-1.08765E+02
1.9475937E+06,-9.80254E+01
1.9477844E+06,-9.63854E+01
1.9479752E+06,-9.20654E+01
1.9481659E+06,-9.14454E+01
1.9483566E+06,-9.84054E+01
1.9485474E+06,-9.68454E+01
1.9487381E+06,-9.38454E+01
1.9489288E+06,-9.46054E+01
1.9491196E+06,-9.58854E+01
1.9493103E+06,-9.88454E+01
1.9495010E+06,-1.04345E+02
1.9496918E+06,-1.00165E+02
1.9498825E+06,-9.86454E+01
1.9500732E+06,-1.09385E+02
1.9502640E+06,-1.12365E+02
1.9504547E+06,-1.01645E+02
1.9506454E+06,-1.09845E+02
1.9508362E+06,-1.05665E+02
1.9510269E+06,-1.14765E+02
1.9512177E+06,-1.03545E+02
1.9514084E+06,-9.72654E+01
1.9515991E+06,-9.87854E+01
1.9517899E+06,-9.96654E+01
1.9519806E+06,-9.65054E+01
1.9521713E+06,-1.00965E+02
1.9523621E+06,-1.03845E+02
1.9525528E+06,-9.57854E+01
1.9527435E+06,-1.00905E+02
1.9529343E+06,-9.38854E+01
1.9531250E+06,-9.47854E+01
1.9533157E+06,-1.02805E+02
1.9535065E+06,-9.46254E+01
1.9536972E+06,-1.00485E+02
1.9538879E+06,-9.62854E+01
1.9540787E+06,-9.42654E+01
1.9542694E+06,-9.58854E+01
1.9544601E+06,-9.43454E+01
1.9546509E+06,-9.31254E+01
1.9548416E+06,-9.55254E+01
1.9550323E+06,-9.50254E+01
1.9552231E+06,-9.89454E+01
1.9554138E+06,-1.04045E+02
1.9556046E+06,-9.59054E+01
1.9557953E+06,-9.54254E+01
1.9559860E+06,-9.48454E+01
1.9561768E+06,-9.30854E+01
1.9563675E+06,-9.76054E+01
1.9565582E+06,-9.43454E+01
1.9567490E+06,-1.02505E+02
1.9569397E+06,-1.03125E+02
1.9571304E+06,-1.05365E+02
1.9573212E+06,-9.65254E+01
1.9575119E+06,-9.61054E+01
1.9577026E+06,-1.07425E+02
1.9578934E+06,-1.08125E+02
1.9580841E+06,-1.00225E+02
1.9582748E+06,-1.26385E+02
1.9584656E+06,-9.75054E+01
1.9586563E+06,-9.92454E+01
1.9588470E+06,-1.07945E+02
1.9590378E+06,-1.18125E+02
1.9592285E+06,-9.61854E+01
1.9594193E+06,-9.88654E+01
1.9596100E+06,-9.98254E+01
1.9598007E+06,-9.62254E+01
1.9599915E+06,-9.97854E+01
1.9601822E+06,-9.89654E+01
1.9603729E+06,-1.01565E+02
1.9605637E+06,-1.02965E+02
1.9607544E+06,-9.60654E+01
1.9609451E+06,-9.97254E+01
1.9611359E+06,-9.94454E+01
1.9613266E+06,-9.46854E+01
1.9615173E+06,-9.24454E+01
1.9617081E+06,-9.61654E+01
1.9618988E+06,-1.01585E+02
1.9620895E+06,-9.99854E+01
1.9622803E+06,-9.96454E+01
1.9624710E+06,-9.29054E+01
1.9626617E+06,-9.61454E+01
1.9628525E+06,-1.00845E+02
1.9630432E+06,-9.93054E+01
1.9632339E+06,-9.35054E+01
1.9634247E+06,-9.26854E+01
1.9636154E+06,-9.62254E+01
1.9638062E+06,-1.05025E+02
1.9639969E+06,-9.35054E+01
1.9641876E+06,-9.36254E+01
1.9643784E+06,-9.85454E+01
1.9645691E+06,-9.73454E+01
1.9647598E+06,-9.92854E+01
1.9649506E+06,-1.00665E+02
1.9651413E+06,-1.03185E+02
1.9653320E+06,-1.07625E+02
1.9655228E+06,-1.00985E+02
1.9657135E+06,-9.58054E+01
1.9659042E+06,-9.94254E+01
1.9660950E+06,-9.28654E+01
1.9662857E+06,-9.93454E+01
1.9664764E+06,-1.06725E+02
1.9666672E+06,-1.01085E+02
1.9668579E+06,-9.53654E+01
1.9670486E+06,-9.18254E+01
1.9672394E+06,-9.12254E+01
1.9674301E+06,-9.58454E+01
1.9676208E+06,-1.00865E+02
1.9678116E+06,-1.06525E+02
1.9680023E+06,-1.04305E+02
1.9681931E+06,-1.01625E+02
1.9683838E+06,-1.02565E+02
1.9685745E+06,-1.07365E+02
1.9687653E+06,-9.64854E+01
1.9689560E+06,-9.11854E+01
1.9691467E+06,-9.22454E+01
1.9693375E+06,-9.80654E+01
1.9695282E+06,-9.76054E+01
1.9697189E+06,-9.73654E+01
1.9699097E+06,-1.01565E+02
1.9701004E+06,-9.97054E+01
1.9702911E+06,-9.54054E+01
1.9704819E+06,-9.51854E+01
1.9706726E+06,-1.02525E+02
1.9708633E+06,-1.08825E+02
1.9710541E+06,-9.65654E+01
1.9712448E+06,-9.21654E+01
1.9714355E+06,-9.65054E+01
1.9716263E+06,-1.01985E+02
1.9718170E+06,-1.01385E+02
1.9720078E+06,-9.85854E+01
1.9721985E+06,-9.78454E+01
1.9723892E+06,-9.88454E+01
1.9725800E+06,-9.44854E+01
1.9727707E+06,-9.86454E+01
1.9729614E+06,-1.03705E+02
1.9731522E+06,-9.38054E+01
1.9733429E+06,-9.51254E+01
1.9735336E+06,-1.12445E+02
1.9737244E+06,-1.08545E+02
1.9739151E+06,-9.75054E+01
1.9741058E+06,-9.69454E+01
1.9742966E+06,-1.00725E+02
1.9744873E+06,-1.04525E+02
1.9746780E+06,-1.02525E+02
1.9748688E+06,-9.41854E+01
1.9750595E+06,-9.06854E+01
1.9752502E+06,-9.45654E+01
1.9754410E+06,-9.49254E+01
1.9756317E+06,-9.65254E+01
1.9758224E+06,-1.01545E+02
1.9760132E+06,-9.54054E+01
1.9762039E+06,-9.31654E+01
1.9763947E+06,-9.74454E+01
1.9765854E+06,-9.46854E+01
1.9767761E+06,-9.10054E+01
1.9769669E+06,-9.63254E+01
1.9771576E+06,-1.03305E+02
1.9773483E+06,-1.05165E+02
1.9775391E+06,-1.02625E+02
1.9777298E+06,-9.82854E+01
1.9779205E+06,-9.70654E+01
1.9781113E+06,-9.84654E+01
1.9783020E+06,-9.13454E+01
1.9784927E+06,-8.89654E+01
1.9786835E+06,-9.36654E+01
1.9788742E+06,-9.71454E+01
1.9790649E+06,-9.79054E+01
1.9792557E+06,-1.05585E+02
1.9794464E+06,-1.00025E+02
1.9796371E+06,-1.01365E+02
1.9798279E+06,-9.78654E+01
1.9800186E+06,-9.98054E+01
1.9802094E+06,-1.05145E+02
1.9804001E+06,-1.06105E+02
1.9805908E+06,-1.01985E+02
1.9807816E+06,-1.06405E+02
1.9809723E+06,-1.05985E+02
1.9811630E+06,-9.96454E+01
1.9813538E+06,-9.94454E+01
1.9815445E+06,-9.75054E+01
1.9817352E+06,-9.29054E+01
1.9819260E+06,-9.23654E+01
1.9821167E+06,-9.39654E+01
1.9823074E+06,-1.01105E+02
1.9824982E+06,-9.91254E+01
1.9826889E+06,-9.42254E+01
1.9828796E+06,-1.02805E+02
1.9830704E+06,-9.94454E+01
1.9832611E+06,-9.61654E+01
1.9834518E+06,-1.00685E+02
1.9836426E+06,-1.01345E+02
1.9838333E+06,-9.94654E+01
1.9840240E+06,-9.70054E+01
1.9842148E+06,-9.73854E+01
1.9844055E+06,-1.12085E+02
1.9845963E+06,-1.05125E+02
1.9847870E+06,-1.05945E+02
1.9849777E+06,-1.01005E+02
1.9851685E+06,-1.05705E+02
1.9853592E+06,-9.88854E+01
1.9855499E+06,-9.75854E+01
1.9857407E+06,-1.00905E+02
1.9859314E+06,-9.82854E+01
1.9861221E+06,-9.99654E+01
1.9863129E+06,-9.55054E+01
1.9865036E+06,-1.01785E+02
1.9866943E+06,-1.02565E+02
1.9868851E+06,-1.03625E+02
1.9870758E+06,-9.83654E+01
1.9872665E+06,-9.56654E+01
1.9874573E+06,-1.20065E+02
1.9876480E+06,-9.98454E+01
1.9878387E+06,-1.07745E+02
1.9880295E+06,-1.12225E+02
1.9882202E+06,-9.74654E+01
1.9884109E+06,-9.56854E+01
1.9886017E+06,-1.00385E+02
1.9887924E+06,-1.12565E+02
1.9889832E+06,-1.47285E+02
1.9891739E+06,-9.74054E+01
1.9893646E+06,-9.63654E+01
1.9895554E+06,-1.03725E+02
1.9897461E+06,-1.00925E+02
1.9899368E+06,-9.78654E+01
1.9901276E+06,-1.05565E+02
1.9903183E+06,-9.95054E+01
1.9905090E+06,-9.80254E+01
1.9906998E+06,-1.05505E+02
1.9908905E+06,-1.12745E+02
1.9910812E+06,-1.00125E+02
1.9912720E+06,-9.04454E+01
1.9914627E+06,-9.18654E+01
1.9916534E+06,-9.73254E+01
1.9918442E+06,-9.91054E+01
1.9920349E+06,-1.05465E+02
1.9922256E+06,-9.95654E+01
1.9924164E+06,-1.07425E+02
1.9926071E+06,-1.08285E+02
1.9927979E+06,-1.05305E+02
1.9929886E+06,-1.06185E+02
1.9931793E+06,-1.03805E+02
1.9933701E+06,-1.07645E+02
1.9935608E+06,-1.00025E+02
1.9937515E+06,-1.10145E+02
1.9939423E+06,-9.35454E+01
1.9941330E+06,-9.21454E+01
1.9943237E+06,-9.53454E+01
1.9945145E+06,-9.85654E+01
1.9947052E+06,-9.87454E+01
1.9948959E+06,-9.63454E+01
1.9950867E+06,-1.00805E+02
1.9952774E+06,-9.81854E+01
1.9954681E+06,-9.80254E+01
1.9956589E+06,-9.93054E+01
1.9958496E+06,-1.00925E+02
1.9960403E+06,-1.00125E+02
1.9962311E+06,-1.05085E+02
1.9964218E+06,-9.97054E+01
1.9966125E+06,-1.03925E+02
1.9968033E+06,-1.02565E+02
1.9969940E+06,-9.86254E+01
1.9971848E+06,-1.00485E+02
1.9973755E+06,-1.00085E+02
1.9975662E+06,-9.73454E+01
1.9977570E+06,-9.87854E+01
1.9979477E+06,-1.00205E+02
1.9981384E+06,-9.91654E+01
1.9983292E+06,-9.37054E+01
1.9985199E+06,-9.51654E+01
1.9987106E+06,-9.72854E+01
1.9989014E+06,-9.34054E+01
1.9990921E+06,-9.95454E+01
1.9992828E+06,-1.03545E+02
1.9994736E+06,-9.75854E+01
1.9996643E+06,-9.71654E+01
1.9998550E+06,-9.59854E+01
2.0000458E+06,-9.57454E+01
2.0002365E+06,-9.88654E+01
2.0004272E+06,-9.78654E+01
2.0006180E+06,-9.79254E+01
2.0008087E+06,-9.64854E+01
2.0009995E+06,-9.15254E+01
2.0011902E+06,-9.22054E+01
2.0013809E+06,-1.02385E+02
2.0015717E+06,-1.01585E+02
2.0017624E+06,-1.05345E+02
2.0019531E+06,-9.07254E+01
2.0021439E+06,-9.19854E+01
2.0023346E+06,-9.46254E+01
2.0025253E+06,-9.23254E+01
2.0027161E+06,-8.96654E+01
2.0029068E+06,-9.52854E+01
2.0030975E+06,-9.88254E+01
2.0032883E+06,-9.33254E+01
2.0034790E+06,-9.36254E+01
2.0036697E+06,-9.81854E+01
2.0038605E+06,-1.00025E+02
2.0040512E+06,-9.78854E+01
2.0042419E+06,-1.06805E+02
2.0044327E+06,-1.00585E+02
2.0046234E+06,-1.00065E+02
2.0048141E+06,-9.52054E+01
2.0050049E+06,-1.00325E+02
2.0051956E+06,-1.04345E+02
2.0053864E+06,-9.88254E+01
2.0055771E+06,-9.64454E+01
2.0057678E+06,-1.01785E+02
2.0059586E+06,-9.88254E+01
2.0061493E+06,-1.01045E+02
2.0063400E+06,-1.08965E+02
2.0065308E+06,-1.06265E+02
2.0067215E+06,-1.01225E+02
2.0069122E+06,-1.17665E+02
2.0071030E+06,-9.46854E+01
2.0072937E+06,-9.20654E+01
2.0074844E+06,-9.67854E+01
2.0076752E+06,-1.03545E+02
2.0078659E+06,-1.11625E+02
2.0080566E+06,-1.08185E+02
2.0082474E+06,-9.68854E+01
2.0084381E+06,-9.31654E+01
2.0086288E+06,-1.02165E+02
2.0088196E+06,-1.02625E+02
2.0090103E+06,-9.85654E+01
2.0092010E+06,-9.75254E+01
2.0093918E+06,-9.73454E+01
2.0095825E+06,-1.25025E+02
2.0097733E+06,-9.70054E+01
2.0099640E+06,-9.85654E+01
2.0101547E+06,-1.02445E+02
2.0103455E+06,-9.72854E+01
2.0105362E+06,-9.62654E+01
2.0107269E+06,-9.97254E+01
2.0109177E+06,-9.95454E+01
2.0111084E+06,-9.99854E+01
2.0112991E+06,-9.46454E+01
2.0114899E+06,-1.00665E+02
2.0116806E+06,-9.72854E+01
2.0118713E+06,-9.51854E+01
2.0120621E+06,-9.51454E+01
2.0122528E+06,-9.89454E+01
2.0124435E+06,-1.02645E+02
2.0126343E+06,-9.94854E+01
2.0128250E+06,-1.04505E+02
2.0130157E+06,-1.12165E+02
2.0132065E+06,-9.96054E+01
2.0133972E+06,-1.02145E+02
2.0135880E+06,-1.03765E+02
2.0137787E+06,-1.01085E+02
2.0139694E+06,-1.02085E+02
2.0141602E+06,-9.99054E+01
2.0143509E+06,-9.59254E+01
2.0145416E+06,-9.34654E+01
2.0147324E+06,-9.66254E+01
2.0149231E+06,-1.05685E+02
2.0151138E+06,-1.00425E+02
2.0153046E+06,-9.82654E+01
2.0154953E+06,-1.02825E+02
2.0156860E+06,-1.00705E+02
2.0158768E+06,-1.07825E+02
2.0160675E+06,-9.88454E+01
2.0162582E+06,-1.00925E+02
2.0164490E+06,-1.01425E+02
2.0166397E+06,-1.06465E+02
2.0168304E+06,-9.88454E+01
2.0170212E+06,-9.73454E+01
2.0172119E+06,-1.05305E+02
2.0174026E+06,-1.13185E+02
2.0175934E+06,-1.00385E+02
2.0177841E+06,-9.70054E+01
2.0179749E+06,-1.08145E+02
2.0181656E+06,-1.00925E+02
2.0183563E+06,-9.69254E+01
2.0185471E+06,-9.51854E+01
2.0187378E+06,-9.18654E+01
2.0189285E+06,-9.41854E+01
2.0191193E+06,-1.07025E+02
2.0193100E+06,-1.00365E+02
2.0195007E+06,-9.82054E+01
2.0196915E+06,-1.10405E+02
2.0198822E+06,-9.81654E+01
2.0200729E+06,-1.00085E+02
2.0202637E+06,-1.00985E+02
2.0204544E+06,-1.00785E+02
2.0206451E+06,-1.02365E+02
2.0208359E+06,-1.00325E+02
2.0210266E+06,-9.84054E+01
2.0212173E+06,-9.91654E+01
2.0214081E+06,-1.15485E+02
2.0215988E+06,-9.89854E+01
2.0217896E+06,-9.48054E+01
2.0219803E+06,-9.91654E+01
2.0221710E+06,-1.13545E+02
2.0223618E+06,-1.05545E+02
2.0225525E+06,-1.01445E+02
2.0227432E+06,-9.80854E+01
2.0229340E+06,-9.93054E+01
2.0231247E+06,-1.02365E+02
2.0233154E+06,-1.00805E+02
2.0235062E+06,-1.04345E+02
2.0236969E+06,-1.02205E+02
2.0238876E+06,-9.82654E+01
2.0240784E+06,-9.67854E+01
2.0242691E+06,-9.98454E+01
2.0244598E+06,-9.52854E+01
2.0246506E+06,-1.02985E+02
2.0248413E+06,-9.77454E+01
2.0250320E+06,-9.54654E+01
2.0252228E+06,-1.00405E+02
2.0254135E+06,-9.70254E+01
2.0256042E+06,-9.92454E+01
2.0257950E+06,-9.97854E+01
2.0259857E+06,-9.59054E+01
2.0261765E+06,-9.40854E+01
2.0263672E+06,-9.95854E+01
2.0265579E+06,-9.89654E+01
2.0267487E+06,-9.58054E+01
2.0269394E+06,-9.33254E+01
2.0271301E+06,-9.96054E+01
2.0273209E+06,-9.12054E+01
2.0275116E+06,-9.62054E+01
2.0277023E+06,-9.80654E+01
2.0278931E+06,-1.02245E+02
2.0280838E+06,-1.03365E+02
2.0282745E+06,-9.62254E+01
2.0284653E+06,-9.40454E+01
2.0286560E+06,-9.38454E+01
2.0288467E+06,-9.96454E+01
2.0290375E+06,-1.07565E+02
2.0292282E+06,-9.43454E+01
2.0294189E+06,-9.36254E+01
2.0296097E+06,-9.86254E+01
2.0298004E+06,-1.07045E+02
2.0299911E+06,-9.45454E+01
2.0301819E+06,-9.33654E+01
2.0303726E+06,-9.98854E+01
2.0305634E+06,-1.02645E+02
2.0307541E+06,-9.89454E+01
2.0309448E+06,-9.43654E+01
2.0311356E+06,-9.41454E+01
2.0313263E+06,-9.83254E+01
2.0315170E+06,-1.06185E+02
2.0317078E+06,-9.77454E+01
2.0318985E+06,-9.24254E+01
2.0320892E+06,-9.51054E+01
2.0322800E+06,-1.00585E+02
2.0324707E+06,-1.04825E+02
2.0326614E+06,-9.71854E+01
2.0328522E+06,-9.48454E+01
2.0330429E+06,-1.00625E+02
2.0332336E+06,-9.78654E+01
2.0334244E+06,-9.53254E+01
2.0336151E+06,-9.60654E+01
2.0338058E+06,-1.02585E+02
2.0339966E+06,-1.04005E+02
2.0341873E+06,-9.79054E+01
2.0343781E+06,-9.89054E+01
2.0345688E+06,-9.90054E+01
2.0347595E+06,-1.10285E+02
2.0349503E+06,-1.02065E+02
2.0351410E+06,-9.90854E+01
2.0353317E+06,-1.01905E+02
2.0355225E+06,-1.02125E+02
2.0357132E+06,-9.76854E+01
2.0359039E+06,-9.84254E+01
2.0360947E+06,-9.36654E+01
2.0362854E+06,-9.25054E+01
2.0364761E+06,-9.16854E+01
2.0366669E+06,-9.14854E+01
2.0368576E+06,-9.47854E+01
2.0370483E+06,-1.00665E+02
2.0372391E+06,-9.82854E+01
2.0374298E+06,-9.83654E+01
2.0376205E+06,-1.04145E+02
2.0378113E+06,-9.44254E+01
2.0380020E+06,-9.03654E+01
2.0381927E+06,-9.31254E+01
2.0383835E+06,-1.06165E+02
2.0385742E+06,-1.04005E+02
2.0387650E+06,-9.84854E+01
2.0389557E+06,-9.82454E+01
2.0391464E+06,-9.77254E+01
2.0393372E+06,-1.00065E+02
2.0395279E+06,-9.91454E+01
2.0397186E+06,-9.93454E+01
2.0399094E+06,-9.53054E+01
2.0401001E+06,-9.65054E+01
2.0402908E+06,-1.10165E+02
2.0404816E+06,-1.35565E+02
2.0406723E+06,-1.05485E+02
2.0408630E+06,-1.01745E+02
2.0410538E+06,-1.03885E+02
2.0412445E+06,-9.48054E+01
2.0414352E+06,-9.56654E+01
2.0416260E+06,-1.03265E+02
2.0418167E+06,-1.01005E+02
2.0420074E+06,-9.32654E+01
2.0421982E+06,-9.59454E+01
2.0423889E+06,-1.00045E+02
2.0425797E+06,-9.35054E+01
2.0427704E+06,-9.83054E+01
2.0429611E+06,-1.06745E+02
2.0431519E+06,-9.81454E+01
2.0433426E+06,-9.75254E+01
2.0435333E+06,-9.91054E+01
2.0437241E+06,-1.04305E+02
2.0439148E+06,-9.40054E+01
2.0441055E+06,-9.34654E+01
2.0442963E+06,-9.33254E+01
2.0444870E+06,-1.01945E+02
2.0446777E+06,-1.01005E+02
2.0448685E+06,-9.55254E+01
2.0450592E+06,-1.02245E+02
2.0452499E+06,-1.04985E+02
2.0454407E+06,-9.90054E+01
2.0456314E+06,-1.03765E+02
2.0458221E+06,-1.00125E+02
2.0460129E+06,-1.03025E+02
2.0462036E+06,-9.73254E+01
2.0463943E+06,-9.19854E+01
2.0465851E+06,-9.56654E+01
2.0467758E+06,-9.86854E+01
2.0469666E+06,-1.01125E+02
2.0471573E+06,-1.04545E+02
2.0473480E+06,-1.13185E+02
2.0475388E+06,-9.93854E+01
2.0477295E+06,-1.02505E+02
2.0479202E+06,-9.77454E+01
2.0481110E+06,-9.45054E+01
2.0483017E+06,-1.05765E+02
2.0484924E+06,-1.01905E+02
2.0486832E+06,-1.09665E+02
2.0488739E+06,-1.00405E+02
2.0490646E+06,-9.92854E+01
2.0492554E+06,-1.03465E+02
2.0494461E+06,-9.74854E+01
2.0496368E+06,-9.60654E+01
2.0498276E+06,-9.19054E+01
2.0500183E+06,-9.35054E+01
2.0502090E+06,-1.07445E+02
2.0503998E+06,-9.20854E+01
2.0505905E+06,-9.40054E+01
2.0507812E+06,-1.00585E+02
2.0509720E+06,-1.00705E+02
2.0511627E+06,-9.37054E+01
2.0513535E+06,-9.40854E+01
2.0515442E+06,-9.56654E+01
2.0517349E+06,-9.42254E+01
2.0519257E+06,-1.02985E+02
2.0521164E+06,-9.88454E+01
2.0523071E+06,-9.46454E+01
2.0524979E+06,-1.01485E+02
2.0526886E+06,-1.08305E+02
2.0528793E+06,-9.95454E+01
2.0530701E+06,-9.70054E+01
2.0532608E+06,-9.67254E+01
2.0534515E+06,-9.59254E+01
2.0536423E+06,-9.56854E+01
2.0538330E+06,-1.03125E+02
2.0540237E+06,-1.03505E+02
2.0542145E+06,-1.12705E+02
2.0544052E+06,-1.04305E+02
2.0545959E+06,-1.00245E+02
2.0547867E+06,-1.17965E+02
2.0549774E+06,-1.01405E+02
2.0551682E+06,-1.01485E+02
2.0553589E+06,-9.67854E+01
2.0555496E+06,-9.54254E+01
2.0557404E+06,-9.78054E+01
2.0559311E+06,-9.83254E+01
2.0561218E+06,-1.08785E+02
2.0563126E+06,-9.44054E+01
2.0565033E+06,-9.65454E+01
2.0566940E+06,-1.08905E+02
2.0568848E+06,-1.00185E+02
2.0570755E+06,-9.58454E+01
2.0572662E+06,-9.54254E+01
2.0574570E+06,-9.52654E+01
2.0576477E+06,-9.23854E+01
2.0578384E+06,-9.13454E+01
2.0580292E+06,-9.67454E+01
2.0582199E+06,-1.06125E+02
2.0584106E+06,-1.02085E+02
2.0586014E+06,-9.90054E+01
2.0587921E+06,-9.75654E+01
2.0589828E+06,-9.83054E+01
2.0591736E+06,-9.57254E+01
2.0593643E+06,-9.53054E+01
2.0595551E+06,-9.25254E+01
2.0597458E+06,-9.28254E+01
2.0599365E+06,-9.39254E+01
2.0601273E+06,-9.97254E+01
2.0603180E+06,-1.05305E+02
2.0605087E+06,-1.05365E+02
2.0606995E+06,-1.01665E+02
2.0608902E+06,-9.86454E+01
2.0610809E+06,-9.59654E+01
2.0612717E+06,-9.77854E+01
2.0614624E+06,-1.00665E+02
2.0616531E+06,-9.73854E+01
2.0618439E+06,-9.93054E+01
2.0620346E+06,-1.00365E+02
2.0622253E+06,-1.00505E+02
2.0624161E+06,-1.03185E+02
2.0626068E+06,-1.01245E+02
2.0627975E+06,-9.92054E+01
2.0629883E+06,-9.53654E+01
2.0631790E+06,-9.95654E+01
2.0633698E+06,-1.03225E+02
2.0635605E+06,-9.78654E+01
2.0637512E+06,-1.03625E+02
2.0639420E+06,-1.02505E+02
2.0641327E+06,-1.00365E+02
2.0643234E+06,-1.06105E+02
2.0645142E+06,-1.11325E+02
2.0647049E+06,-1.06705E+02
2.0648956E+06,-1.02625E+02
2.0650864E+06,-1.02285E+02
2.0652771E+06,-9.55054E+01
2.0654678E+06,-9.47054E+01
2.0656586E+06,-9.41854E+01
2.0658493E+06,-8.87054E+01
2.0660400E+06,-8.83854E+01
2.0662308E+06,-9.25854E+01
2.0664215E+06,-9.94054E+01
2.0666122E+06,-9.82254E+01
2.0668030E+06,-1.02245E+02
2.0669937E+06,-1.03125E+02
2.0671844E+06,-9.74654E+01
2.0673752E+06,-9.23654E+01
2.0675659E+06,-9.13254E+01
2.0677567E+06,-9.28054E+01
2.0679474E+06,-9.58854E+01
2.0681381E+06,-1.01485E+02
2.0683289E+06,-1.23305E+02
2.0685196E+06,-9.84854E+01
2.0687103E+06,-9.68854E+01
2.0689011E+06,-1.01205E+02
2.0690918E+06,-1.05005E+02
2.0692825E+06,-9.99054E+01
2.0694733E+06,-9.81054E+01
2.0696640E+06,-1.00065E+02
2.0698547E+06,-1.03405E+02
2.0700455E+06,-1.00065E+02
2.0702362E+06,-1.12505E+02
2.0704269E+06,-1.01065E+02
2.0706177E+06,-9.93454E+01
2.0708084E+06,-9.80854E+01
2.0709991E+06,-9.13454E+01
2.0711899E+06,-8.97854E+01
2.0713806E+06,-9.49854E+01
2.0715714E+06,-1.12625E+02
2.0717621E+06,-9.94854E+01
2.0719528E+06,-9.52654E+01
2.0721436E+06,-9.63654E+01
2.0723343E+06,-1.02625E+02
2.0725250E+06,-1.01645E+02
2.0727158E+06,-1.00225E+02
2.0729065E+06,-1.08805E+02
2.0730972E+06,-1.01685E+02
2.0732880E+06,-9.76254E+01
2.0734787E+06,-9.46054E+01
2.0736694E+06,-9.55054E+01
2.0738602E+06,-9.92454E+01
2.0740509E+06,-1.02005E+02
2.0742416E+06,-1.03445E+02
2.0744324E+06,-1.00405E+02
2.0746231E+06,-8.96054E+01
2.0748138E+06,-8.65654E+01
2.0750046E+06,-8.73654E+01
2.0751953E+06,-9.12054E+01
2.0753860E+06,-9.73254E+01
2.0755768E+06,-1.02585E+02
2.0757675E+06,-9.87854E+01
2.0759583E+06,-9.63054E+01
2.0761490E+06,-1.06845E+02
2.0763397E+06,-9.70654E+01
2.0765305E+06,-9.38454E+01
2.0767212E+06,-9.33054E+01
2.0769119E+06,-9.47254E+01
2.0771027E+06,-9.68454E+01
2.0772934E+06,-9.81854E+01
2.0774841E+06,-1.00805E+02
2.0776749E+06,-9.77854E+01
2.0778656E+06,-1.00965E+02
2.0780563E+06,-9.47454E+01
2.0782471E+06,-1.05645E+02
2.0784378E+06,-9.64254E+01
2.0786285E+06,-9.60854E+01
2.0788193E+06,-1.02305E+02
2.0790100E+06,-1.03125E+02
2.0792007E+06,-1.00405E+02
2.0793915E+06,-9.47454E+01
2.0795822E+06,-1.03725E+02
2.0797729E+06,-9.72854E+01
2.0799637E+06,-9.53654E+01
2.0801544E+06,-9.85654E+01
2.0803452E+06,-9.78054E+01
2.0805359E+06,-9.77454E+01
2.0807266E+06,-1.01585E+02
2.0809174E+06,-9.46854E+01
2.0811081E+06,-9.12454E+01
2.0812988E+06,-9.60654E+01
2.0814896E+06,-1.03505E+02
2.0816803E+06,-9.44254E+01
2.0818710E+06,-9.52454E+01
2.0820618E+06,-1.01945E+02
2.0822525E+06,-9.88454E+01
2.0824432E+06,-1.00945E+02
2.0826340E+06,-1.01545E+02
2.0828247E+06,-9.88254E+01
2.0830154E+06,-9.37654E+01
2.0832062E+06,-1.01165E+02
2.0833969E+06,-9.62654E+01
2.0835876E+06,-1.00365E+02
2.0837784E+06,-1.02365E+02
2.0839691E+06,-9.49854E+01
2.0841599E+06,-9.25654E+01
2.0843506E+06,-9.13654E+01
2.0845413E+06,-9.48654E+01
2.0847321E+06,-1.03305E+02
2.0849228E+06,-1.16345E+02
2.0851135E+06,-1.01685E+02
2.0853043E+06,-9.81054E+01
2.0854950E+06,-9.82054E+01
2.0856857E+06,-1.07065E+02
2.0858765E+06,-9.95854E+01
2.0860672E+06,-1.01025E+02
2.0862579E+06,-1.15245E+02
2.0864487E+06,-9.41454E+01
2.0866394E+06,-9.30654E+01
2.0868301E+06,-9.41854E+01
2.0870209E+06,-9.70854E+01
2.0872116E+06,-1.09285E+02
2.0874023E+06,-1.02745E+02
2.0875931E+06,-9.89854E+01
2.0877838E+06,-1.00825E+02
2.0879745E+06,-9.76854E+01
2.0881653E+06,-9.79254E+01
2.0883560E+06,-1.03445E+02
2.0885468E+06,-1.04545E+02
2.0887375E+06,-9.74854E+01
2.0889282E+06,-9.88454E+01
2.0891190E+06,-9.69654E+01
2.0893097E+06,-9.44054E+01
2.0895004E+06,-1.06465E+02
2.0896912E+06,-9.70054E+01
2.0898819E+06,-9.91054E+01
2.0900726E+06,-1.01225E+02
2.0902634E+06,-9.78254E+01
2.0904541E+06,-1.03165E+02
2.0906448E+06,-9.75454E+01
2.0908356E+06,-1.09605E+02
2.0910263E+06,-9.72054E+01
2.0912170E+06,-1.04425E+02
2.0914078E+06,-1.00745E+02
2.0915985E+06,-1.06465E+02
2.0917892E+06,-1.00425E+02
2.0919800E+06,-9.58254E+01
2.0921707E+06,-9.73054E+01
2.0923615E+06,-1.00005E+02
2.0925522E+06,-9.84654E+01
2.0927429E+06,-1.01345E+02
2.0929337E+06,-1.09665E+02
2.0931244E+06,-9.71654E+01
2.0933151E+06,-9.14854E+01
2.0935059E+06,-9.31854E+01
2.0936966E+06,-1.09545E+02
2.0938873E+06,-9.77254E+01
2.0940781E+06,-1.00005E+02
2.0942688E+06,-9.74254E+01
2.0944595E+06,-9.80654E+01
2.0946503E+06,-9.43054E+01
2.0948410E+06,-1.03405E+02
2.0950317E+06,-9.71054E+01
2.0952225E+06,-1.01425E+02
2.0954132E+06,-1.02565E+02
2.0956039E+06,-1.01965E+02
2.0957947E+06,-9.95854E+01
2.0959854E+06,-1.05685E+02
2.0961761E+06,-9.93054E+01
2.0963669E+06,-9.55054E+01
2.0965576E+06,-9.68654E+01
2.0967484E+06,-9.77654E+01
2.0969391E+06,-9.82854E+01
2.0971298E+06,-1.02865E+02
2.0973206E+06,-1.01965E+02
2.0975113E+06,-9.94054E+01
2.0977020E+06,-1.03925E+02
2.0978928E+06,-9.92654E+01
2.0980835E+06,-9.91254E+01
2.0982742E+06,-1.08125E+02
2.0984650E+06,-1.08425E+02
2.0986557E+06,-1.03225E+02
2.0988464E+06,-9.84054E+01
2.0990372E+06,-9.18054E+01
2.0992279E+06,-9.29054E+01
2.0994186E+06,-9.75054E+01
2.0996094E+06,-1.02525E+02
2.0998001E+06,-1.15265E+02
2.0999908E+06,-1.06105E+02
2.1001816E+06,-1.08205E+02
2.1003723E+06,-1.06185E+02
2.1005630E+06,-1.02905E+02
2.1007538E+06,-1.12745E+02
2.1009445E+06,-1.09445E+02
2.1011353E+06,-9.94254E+01
2.1013260E+06,-9.64654E+01
2.1015167E+06,-1.02965E+02
2.1017075E+06,-1.01865E+02
2.1018982E+06,-9.99454E+01
2.1020889E+06,-1.04885E+02
2.1022797E+06,-1.02685E+02
2.1024704E+06,-1.05105E+02
2.1026611E+06,-1.01805E+02
2.1028519E+06,-9.81854E+01
2.1030426E+06,-1.02285E+02
2.1032333E+06,-1.02245E+02
2.1034241E+06,-9.82654E+01
2.1036148E+06,-9.48654E+01
2.1038055E+06,-9.67254E+01
2.1039963E+06,-1.05685E+02
2.1041870E+06,-1.07145E+02
2.1043777E+06,-9.76054E+01
2.1045685E+06,-1.01305E+02
2.1047592E+06,-1.12745E+02
2.1049500E+06,-1.05125E+02
2.1051407E+06,-9.82054E+01
2.1053314E+06,-9.90254E+01
2.1055222E+06,-1.02985E+02
2.1057129E+06,-9.58254E+01
2.1059036E+06,-9.19454E+01
2.1060944E+06,-1.01065E+02
2.1062851E+06,-9.96654E+01
2.1064758E+06,-9.95454E+01
2.1066666E+06,-1.18745E+02
2.1068573E+06,-1.05885E+02
2.1070480E+06,-1.10345E+02
2.1072388E+06,-1.01045E+02
2.1074295E+06,-9.35854E+01
2.1076202E+06,-9.25054E+01
2.1078110E+06,-9.36254E+01
2.1080017E+06,-9.58254E+01
2.1081924E+06,-1.00905E+02
2.1083832E+06,-1.01125E+02
2.1085739E+06,-9.82654E+01
2.1087646E+06,-1.00665E+02
2.1089554E+06,-9.48254E+01
2.1091461E+06,-9.69054E+01
2.1093369E+06,-1.05285E+02
2.1095276E+06,-9.92054E+01
2.1097183E+06,-9.97654E+01
2.1099091E+06,-1.04645E+02
2.1100998E+06,-9.96254E+01
2.1102905E+06,-1.03585E+02
2.1104813E+06,-9.83654E+01
2.1106720E+06,-9.61254E+01
2.1108627E+06,-9.74454E+01
2.1110535E+06,-1.01405E+02
2.1112442E+06,-9.87454E+01
2.1114349E+06,-1.03765E+02
2.1116257E+06,-9.37054E+01
2.1118164E+06,-9.49254E+01
2.1120071E+06,-9.85454E+01
2.1121979E+06,-9.75854E+01
2.1123886E+06,-9.72854E+01
2.1125793E+06,-1.06125E+02
2.1127701E+06,-1.04085E+02
2.1129608E+06,-1.00165E+02
2.1131516E+06,-1.00125E+02
2.1133423E+06,-9.83254E+01
2.1135330E+06,-9.63654E+01
2.1137238E+06,-1.01305E+02
2.1139145E+06,-1.04305E+02
2.1141052E+06,-1.07685E+02
2.1142960E+06,-1.02425E+02
2.1144867E+06,-1.04305E+02
2.1146774E+06,-1.08465E+02
2.1148682E+06,-1.11165E+02
2.1150589E+06,-9.85054E+01
2.1152496E+06,-1.01425E+02
2.1154404E+06,-1.06965E+02
2.1156311E+06,-1.04565E+02
2.1158218E+06,-9.83054E+01
2.1160126E+06,-1.06225E+02
2.1162033E+06,-9.96254E+01
2.1163940E+06,-9.75254E+01
2.1165848E+06,-1.02245E+02
2.1167755E+06,-9.87654E+01
2.1169662E+06,-1.03665E+02
2.1171570E+06,-1.02385E+02
2.1173477E+06,-1.03885E+02
2.1175385E+06,-1.14465E+02
2.1177292E+06,-9.65254E+01
2.1179199E+06,-9.70454E+01
2.1181107E+06,-1.02045E+02
2.1183014E+06,-9.40454E+01
2.1184921E+06,-9.32254E+01
2.1186829E+06,-9.45654E+01
2.1188736E+06,-9.50654E+01
2.1190643E+06,-9.64054E+01
2.1192551E+06,-1.20085E+02
2.1194458E+06,-1.02245E+02
2.1196365E+06,-1.00925E+02
2.1198273E+06,-9.53454E+01
2.1200180E+06,-9.63654E+01
2.1202087E+06,-1.03885E+02
2.1203995E+06,-9.97254E+01
2.1205902E+06,-9.72054E+01
2.1207809E+06,-9.42654E+01
2.1209717E+06,-9.82854E+01
2.1211624E+06,-9.57254E+01
2.1213531E+06,-9.40854E+01
2.1215439E+06,-9.77454E+01
2.1217346E+06,-1.06085E+02
2.1219254E+06,-1.01385E+02
2.1221161E+06,-1.03365E+02
2.1223068E+06,-9.79854E+01
2.1224976E+06,-9.54854E+01
2.1226883E+06,-9.76054E+01
2.1228790E+06,-9.52454E+01
2.1230698E+06,-9.43054E+01
2.1232605E+06,-9.71454E+01
2.1234512E+06,-9.68854E+01
2.1236420E+06,-1.01685E+02
2.1238327E+06,-1.00465E+02
2.1240234E+06,-1.04365E+02
2.1242142E+06,-1.01425E+02
2.1244049E+06,-9.29854E+01
2.1245956E+06,-8.99854E+01
2.1247864E+06,-9.20054E+01
2.1249771E+06,-1.02905E+02
2.1251678E+06,-9.54654E+01
2.1253586E+06,-9.94454E+01
2.1255493E+06,-9.64254E+01
2.1257401E+06,-9.99454E+01
2.1259308E+06,-1.06885E+02
2.1261215E+06,-1.11545E+02
2.1263123E+06,-1.04005E+02
2.1265030E+06,-1.01585E+02
2.1266937E+06,-9.67654E+01
2.1268845E+06,-9.88654E+01
2.1270752E+06,-9.78054E+01
2.1272659E+06,-1.05205E+02
2.1274567E+06,-1.01045E+02
2.1276474E+06,-1.04365E+02
2.1278381E+06,-9.87854E+01
2.1280289E+06,-9.43254E+01
2.1282196E+06,-9.29054E+01
2.1284103E+06,-9.19654E+01
2.1286011E+06,-1.00365E+02
2.1287918E+06,-1.08445E+02
2.1289825E+06,-9.71054E+01
2.1291733E+06,-1.03505E+02
2.1293640E+06,-9.59654E+01
2.1295547E+06,-9.82654E+01
2.1297455E+06,-9.89054E+01
2.1299362E+06,-9.66254E+01
2.1301270E+06,-9.43854E+01
2.1303177E+06,-9.45054E+01
2.1305084E+06,-1.01305E+02
2.1306992E+06,-9.73454E+01
2.1308899E+06,-9.75854E+01
2.1310806E+06,-9.71054E+01
2.1312714E+06,-9.47454E+01
2.1314621E+06,-9.35454E+01
2.1316528E+06,-9.57654E+01
2.1318436E+06,-1.00385E+02
2.1320343E+06,-1.05065E+02
2.1322250E+06,-1.07565E+02
2.1324158E+06,-9.96054E+01
2.1326065E+06,-1.03025E+02
2.1327972E+06,-9.40054E+01
2.1329880E+06,-9.91254E+01
2.1331787E+06,-9.52854E+01
2.1333694E+06,-9.77254E+01
2.1335602E+06,-1.00445E+02
2.1337509E+06,-1.02205E+02
2.1339417E+06,-9.39654E+01
2.1341324E+06,-9.32254E+01
2.1343231E+06,-1.01685E+02
2.1345139E+06,-9.88654E+01
2.1347046E+06,-9.61654E+01
2.1348953E+06,-1.01105E+02
2.1350861E+06,-1.11585E+02
2.1352768E+06,-1.00485E+02
2.1354675E+06,-9.33654E+01
2.1356583E+06,-9.62054E+01
2.1358490E+06,-9.80854E+01
2.1360397E+06,-9.57454E+01
2.1362305E+06,-1.01645E+02
2.1364212E+06,-9.55054E+01
2.1366119E+06,-9.79454E+01
2.1368027E+06,-9.72054E+01
2.1369934E+06,-9.36654E+01
2.1371841E+06,-1.01405E+02
2.1373749E+06,-1.00785E+02
2.1375656E+06,-9.29054E+01
2.1377563E+06,-9.97854E+01
2.1379471E+06,-9.94454E+01
2.1381378E+06,-9.98854E+01
2.1383286E+06,-1.00685E+02
2.1385193E+06,-9.73054E+01
2.1387100E+06,-9.75254E+01
2.1389008E+06,-9.79454E+01
2.1390915E+06,-1.00825E+02
2.1392822E+06,-1.10945E+02
2.1394730E+06,-1.07705E+02
2.1396637E+06,-9.56654E+01
2.1398544E+06,-9.60054E+01
2.1400452E+06,-1.00585E+02
2.1402359E+06,-9.99454E+01
2.1404266E+06,-9.53654E+01
2.1406174E+06,-1.02865E+02
2.1408081E+06,-1.01145E+02
2.1409988E+06,-1.01445E+02
2.1411896E+06,-9.58054E+01
2.1413803E+06,-9.95454E+01
2.1415710E+06,-9.07654E+01
2.1417618E+06,-9.02454E+01
2.1419525E+06,-1.00785E+02
2.1421432E+06,-9.87654E+01
2.1423340E+06,-1.00525E+02
2.1425247E+06,-1.07965E+02
2.1427155E+06,-9.79254E+01
2.1429062E+06,-9.89254E+01
2.1430969E+06,-9.89854E+01
2.1432877E+06,-1.00585E+02
2.1434784E+06,-1.05545E+02
2.1436691E+06,-1.03325E+02
2.1438599E+06,-9.85654E+01
2.1440506E+06,-1.15185E+02
2.1442413E+06,-9.97854E+01
2.1444321E+06,-1.04285E+02
2.1446228E+06,-9.95054E+01
2.1448135E+06,-1.01325E+02
2.1450043E+06,-9.61054E+01
2.1451950E+06,-1.02225E+02
2.1453857E+06,-9.80054E+01
2.1455765E+06,-1.28385E+02
2.1457672E+06,-1.04945E+02
2.1459579E+06,-9.62654E+01
2.1461487E+06,-9.51054E+01
2.1463394E+06,-9.62454E+01
2.1465302E+06,-9.12254E+01
2.1467209E+06,-9.99854E+01
2.1469116E+06,-9.96454E+01
2.1471024E+06,-1.01745E+02
2.1472931E+06,-9.38454E+01
2.1474838E+06,-1.00525E+02
2.1476746E+06,-1.05405E+02
2.1478653E+06,-9.97254E+01
2.1480560E+06,-9.69654E+01
2.1482468E+06,-9.68454E+01
2.1484375E+06,-1.07545E+02
2.1486282E+06,-9.63654E+01
2.1488190E+06,-9.54054E+01
2.1490097E+06,-1.02245E+02
2.1492004E+06,-9.58054E+01
2.1493912E+06,-9.26454E+01
2.1495819E+06,-9.24254E+01
2.1497726E+06,-9.84454E+01
2.1499634E+06,-1.16805E+02
2.1501541E+06,-1.06385E+02
2.1503448E+06,-9.55454E+01
2.1505356E+06,-9.43654E+01
2.1507263E+06,-9.69854E+01
2.1509171E+06,-9.95454E+01
2.1511078E+06,-1.07425E+02
2.1512985E+06,-1.05685E+02
2.1514893E+06,-1.03165E+02
2.1516800E+06,-9.79654E+01
2.1518707E+06,-9.53654E+01
2.1520615E+06,-9.87054E+01
2.1522522E+06,-9.62654E+01
2.1524429E+06,-9.58854E+01
2.1526337E+06,-1.06265E+02
2.1528244E+06,-1.03625E+02
2.1530151E+06,-1.00645E+02
2.1532059E+06,-1.02705E+02
2.1533966E+06,-9.66454E+01
2.1535873E+06,-1.01145E+02
2.1537781E+06,-9.82654E+01
2.1539688E+06,-9.46254E+01
2.1541595E+06,-9.93054E+01
2.1543503E+06,-9.95054E+01
2.1545410E+06,-1.23585E+02
2.1547318E+06,-1.03085E+02
2.1549225E+06,-1.03065E+02
2.1551132E+06,-1.05465E+02
2.1553040E+06,-1.01825E+02
2.1554947E+06,-9.61454E+01
2.1556854E+06,-9.15054E+01
2.1558762E+06,-9.44654E+01
2.1560669E+06,-9.41454E+01
2.1562576E+06,-9.57454E+01
2.1564484E+06,-9.38054E+01
2.1566391E+06,-9.54654E+01
2.1568298E+06,-1.03765E+02
2.1570206E+06,-9.41854E+01
2.1572113E+06,-9.31654E+01
2.1574020E+06,-1.07265E+02
2.1575928E+06,-1.09285E+02
2.1577835E+06,-1.01445E+02
2.1579742E+06,-9.51054E+01
2.1581650E+06,-9.35854E+01
2.1583557E+06,-1.02425E+02
2.1585464E+06,-9.63854E+01
2.1587372E+06,-9.55254E+01
2.1589279E+06,-9.55654E+01
2.1591187E+06,-9.95654E+01
2.1593094E+06,-9.59854E+01
2.1595001E+06,-1.03705E+02
2.1596909E+06,-9.75254E+01
2.1598816E+06,-9.71454E+01
2.1600723E+06,-9.35854E+01
2.1602631E+06,-9.53254E+01
2.1604538E+06,-9.81254E+01
2.1606445E+06,-9.50854E+01
2.1608353E+06,-9.83854E+01
2.1610260E+06,-1.05645E+02
2.1612167E+06,-1.03465E+02
2.1614075E+06,-9.65054E+01
2.1615982E+06,-9.33054E+01
2.1617889E+06,-1.04085E+02
2.1619797E+06,-9.30254E+01
2.1621704E+06,-9.44454E+01
2.1623611E+06,-9.91054E+01
2.1625519E+06,-1.01825E+02
2.1627426E+06,-1.00085E+02
2.1629333E+06,-9.89054E+01
2.1631241E+06,-1.05045E+02
2.1633148E+06,-1.01245E+02
2.1635056E+06,-9.73454E+01
2.1636963E+06,-9.47854E+01
2.1638870E+06,-1.00945E+02
2.1640778E+06,-1.04425E+02
2.1642685E+06,-1.06225E+02
2.1644592E+06,-9.38854E+01
2.1646500E+06,-9.46254E+01
2.1648407E+06,-1.01345E+02
2.1650314E+06,-1.02225E+02
2.1652222E+06,-9.77454E+01
2.1654129E+06,-1.03325E+02
2.1656036E+06,-1.01545E+02
2.1657944E+06,-1.00365E+02
2.1659851E+06,-9.93454E+01
2.1661758E+06,-1.00125E+02
2.1663666E+06,-9.94454E+01
2.1665573E+06,-9.66654E+01
2.1667480E+06,-9.32254E+01
2.1669388E+06,-9.65454E+01
2.1671295E+06,-1.04725E+02
2.1673203E+06,-1.07025E+02
2.1675110E+06,-1.05105E+02
2.1677017E+06,-1.05225E+02
2.1678925E+06,-9.56654E+01
2.1680832E+06,-9.89054E+01
2.1682739E+06,-1.00585E+02
2.1684647E+06,-9.67054E+01
2.1686554E+06,-9.68254E+01
2.1688461E+06,-9.63054E+01
2.1690369E+06,-1.02145E+02
2.1692276E+06,-1.06105E+02
2.1694183E+06,-1.02425E+02
2.1696091E+06,-9.39254E+01
2.1697998E+06,-9.66254E+01
2.1699905E+06,-1.06785E+02
2.1701813E+06,-1.07665E+02
2.1703720E+06,-9.75054E+01
2.1705627E+06,-9.43854E+01
2.1707535E+06,-9.67254E+01
2.1709442E+06,-1.01245E+02
2.1711349E+06,-1.00385E+02
2.1713257E+06,-1.05905E+02
2.1715164E+06,-1.13805E+02
2.1717072E+06,-1.03305E+02
2.1718979E+06,-9.74254E+01
2.1720886E+06,-9.49454E+01
2.1722794E+06,-9.50654E+01
2.1724701E+06,-9.31854E+01
2.1726608E+06,-9.22054E+01
2.1728516E+06,-1.01105E+02
2.1730423E+06,-9.90454E+01
2.1732330E+06,-9.48654E+01
2.1734238E+06,-9.61254E+01
2.1736145E+06,-9.69654E+01
2.1738052E+06,-9.96454E+01
2.1739960E+06,-9.63654E+01
2.1741867E+06,-9.40854E+01
2.1743774E+06,-9.49854E+01
2.1745682E+06,-9.94854E+01
2.1747589E+06,-1.00265E+02
2.1749496E+06,-9.91054E+01
2.1751404E+06,-1.04905E+02
2.1753311E+06,-1.02425E+02
2.1755219E+06,-1.04005E+02
2.1757126E+06,-1.01245E+02
2.1759033E+06,-9.93854E+01
2.1760941E+06,-9.93854E+01
2.1762848E+06,-1.02005E+02
2.1764755E+06,-1.01105E+02
2.1766663E+06,-1.13185E+02
2.1768570E+06,-1.06945E+02
2.1770477E+06,-9.94854E+01
2.1772385E+06,-9.24854E+01
2.1774292E+06,-9.12454E+01
2.1776199E+06,-9.80854E+01
2.1778107E+06,-1.05385E+02
2.1780014E+06,-1.03405E+02
2.1781921E+06,-9.47654E+01
2.1783829E+06,-9.97854E+01
2.1785736E+06,-9.16254E+01
2.1787643E+06,-9.44054E+01
2.1789551E+06,-1.01585E+02
2.1791458E+06,-1.03885E+02
2.1793365E+06,-1.04865E+02
2.1795273E+06,-1.00885E+02
2.1797180E+06,-1.22965E+02
2.1799088E+06,-1.03165E+02
2.1800995E+06,-9.96054E+01
2.1802902E+06,-9.90654E+01
2.1804810E+06,-1.07345E+02
2.1806717E+06,-1.09725E+02
2.1808624E+06,-1.03405E+02
2.1810532E+06,-1.09365E+02
2.1812439E+06,-9.21654E+01
2.1814346E+06,-8.97254E+01
2.1816254E+06,-9.21254E+01
2.1818161E+06,-9.67454E+01
2.1820068E+06,-1.01505E+02
2.1821976E+06,-9.71454E+01
2.1823883E+06,-1.01285E+02
2.1825790E+06,-1.07725E+02
2.1827698E+06,-1.03585E+02
2.1829605E+06,-1.07165E+02
2.1831512E+06,-9.75254E+01
2.1833420E+06,-9.38054E+01
2.1835327E+06,-1.11065E+02
2.1837234E+06,-1.00745E+02
2.1839142E+06,-1.03805E+02
2.1841049E+06,-9.63454E+01
2.1842957E+06,-9.24454E+01
2.1844864E+06,-9.67454E+01
2.1846771E+06,-1.01325E+02
2.1848679E+06,-9.26254E+01
2.1850586E+06,-9.40454E+01
2.1852493E+06,-9.81254E+01
2.1854401E+06,-1.09045E+02
2.1856308E+06,-1.09145E+02
2.1858215E+06,-9.34654E+01
2.1860123E+06,-9.16254E+01
2.1862030E+06,-1.04545E+02
2.1863937E+06,-9.12854E+01
2.1865845E+06,-9.39654E+01
2.1867752E+06,-9.67854E+01
2.1869659E+06,-9.56054E+01
2.1871567E+06,-9.72854E+01
2.1873474E+06,-9.80454E+01
2.1875381E+06,-1.01765E+02
2.1877289E+06,-9.75454E+01
2.1879196E+06,-9.77054E+01
2.1881104E+06,-9.45654E+01
2.1883011E+06,-9.81254E+01
2.1884918E+06,-1.09765E+02
2.1886826E+06,-1.07325E+02
2.1888733E+06,-1.03885E+02
2.1890640E+06,-9.96254E+01
2.1892548E+06,-1.01305E+02
2.1894455E+06,-1.10745E+02
2.1896362E+06,-1.27605E+02
2.1898270E+06,-1.01025E+02
2.1900177E+06,-9.44654E+01
2.1902084E+06,-9.88654E+01
2.1903992E+06,-9.62854E+01
2.1905899E+06,-9.70654E+01
2.1907806E+06,-9.97854E+01
2.1909714E+06,-9.98654E+01
2.1911621E+06,-1.00645E+02
2.1913528E+06,-9.77454E+01
2.1915436E+06,-1.00885E+02
2.1917343E+06,-1.02125E+02
2.1919250E+06,-1.00225E+02
2.1921158E+06,-9.63454E+01
2.1923065E+06,-9.29254E+01
2.1924973E+06,-9.43054E+01
2.1926880E+06,-9.45454E+01
2.1928787E+06,-9.51454E+01
2.1930695E+06,-9.38454E+01
2.1932602E+06,-9.10054E+01
2.1934509E+06,-9.71654E+01
2.1936417E+06,-1.01865E+02
2.1938324E+06,-9.70854E+01
2.1940231E+06,-9.61054E+01
2.1942139E+06,-1.05805E+02
2.1944046E+06,-9.94254E+01
2.1945953E+06,-9.36654E+01
2.1947861E+06,-9.66654E+01
2.1949768E+06,-1.07205E+02
2.1951675E+06,-1.01665E+02
2.1953583E+06,-1.03125E+02
2.1955490E+06,-9.48654E+01
2.1957397E+06,-9.47654E+01
2.1959305E+06,-1.00745E+02
2.1961212E+06,-9.73854E+01
2.1963120E+06,-1.01685E+02
2.1965027E+06,-1.01245E+02
2.1966934E+06,-9.87254E+01
2.1968842E+06,-9.87254E+01
2.1970749E+06,-1.00445E+02
2.1972656E+06,-1.04325E+02
2.1974564E+06,-9.93454E+01
2.1976471E+06,-9.87254E+01
2.1978378E+06,-9.98254E+01
2.1980286E+06,-1.02205E+02
2.1982193E+06,-1.09485E+02
2.1984100E+06,-1.03925E+02
2.1986008E+06,-1.01105E+02
2.1987915E+06,-9.94454E+01
2.1989822E+06,-1.09685E+02
2.1991730E+06,-1.01085E+02
2.1993637E+06,-1.01065E+02
2.1995544E+06,-1.07305E+02
2.1997452E+06,-1.00325E+02
2.1999359E+06,-1.03085E+02
2.2001266E+06,-1.06145E+02
2.2003174E+06,-9.66254E+01
2.2005081E+06,-9.37054E+01
2.2006989E+06,-1.00385E+02
2.2008896E+06,-9.89854E+01
2.2010803E+06,-9.47254E+01
2.2012711E+06,-9.37654E+01
2.2014618E+06,-9.61654E+01
2.2016525E+06,-1.10585E+02
2.2018433E+06,-1.11245E+02
2.2020340E+06,-9.71854E+01
2.2022247E+06,-9.40854E+01
2.2024155E+06,-1.00305E+02
2.2026062E+06,-9.77054E+01
2.2027969E+06,-1.00345E+02
2.2029877E+06,-9.27654E+01
2.2031784E+06,-9.29254E+01
2.2033691E+06,-1.00865E+02
2.2035599E+06,-1.03125E+02
2.2037506E+06,-1.01005E+02
2.2039413E+06,-9.54854E+01
2.2041321E+06,-1.06525E+02
2.2043228E+06,-9.46254E+01
2.2045135E+06,-9.35454E+01
2.2047043E+06,-9.63454E+01
2.2048950E+06,-1.10205E+02
2.2050858E+06,-9.99254E+01
2.2052765E+06,-9.54054E+01
2.2054672E+06,-9.58454E+01
2.2056580E+06,-1.03665E+02
2.2058487E+06,-9.51054E+01
2.2060394E+06,-9.66654E+01
2.2062302E+06,-9.46854E+01
2.2064209E+06,-9.68054E+01
2.2066116E+06,-1.01905E+02
2.2068024E+06,-9.34454E+01
2.2069931E+06,-9.47454E+01
2.2071838E+06,-1.01345E+02
2.2073746E+06,-1.03465E+02
2.2075653E+06,-1.14705E+02
2.2077560E+06,-1.02205E+02
2.2079468E+06,-1.01705E+02
2.2081375E+06,-1.04725E+02
2.2083282E+06,-9.53254E+01
2.2085190E+06,-1.04505E+02
2.2087097E+06,-1.03465E+02
2.2089005E+06,-1.01345E+02
2.2090912E+06,-9.98654E+01
2.2092819E+06,-9.61054E+01
2.2094727E+06,-9.51254E+01
2.2096634E+06,-1.01425E+02
2.2098541E+06,-1.08185E+02
2.2100449E+06,-9.97854E+01
2.2102356E+06,-9.35854E+01
2.2104263E+06,-9.49854E+01
2.2106171E+06,-1.07685E+02
2.2108078E+06,-1.00405E+02
2.2109985E+06,-1.02765E+02
2.2111893E+06,-1.20905E+02
2.2113800E+06,-1.08705E+02
2.2115707E+06,-1.06245E+02
2.2117615E+06,-1.04565E+02
2.2119522E+06,-1.09545E+02
2.2121429E+06,-9.67454E+01
2.2123337E+06,-1.00045E+02
2.2125244E+06,-9.65054E+01
2.2127151E+06,-1.01405E+02
2.2129059E+06,-9.68054E+01
2.2130966E+06,-1.04445E+02
2.2132874E+06,-1.11125E+02
2.2134781E+06,-1.00345E+02
2.2136688E+06,-9.62054E+01
2.2138596E+06,-9.87054E+01
2.2140503E+06,-9.71054E+01
2.2142410E+06,-9.34454E+01
2.2144318E+06,-9.62254E+01
2.2146225E+06,-9.93454E+01
2.2148132E+06,-1.03365E+02
2.2150040E+06,-9.73454E+01
2.2151947E+06,-9.82854E+01
2.2153854E+06,-9.96854E+01
2.2155762E+06,-1.07265E+02
2.2157669E+06,-9.89454E+01
2.2159576E+06,-9.62054E+01
2.2161484E+06,-9.83054E+01
2.2163391E+06,-9.98654E+01
2.2165298E+06,-9.97854E+01
2.2167206E+06,-1.07845E+02
2.2169113E+06,-1.02985E+02
2.2171021E+06,-1.06345E+02
2.2172928E+06,-1.01985E+02
2.2174835E+06,-1.07265E+02
2.2176743E+06,-1.08945E+02
2.2178650E+06,-1.00465E+02
2.2180557E+06,-9.47654E+01
2.2182465E+06,-9.13254E+01
2.2184372E+06,-9.61054E+01
2.2186279E+06,-1.06265E+02
2.2188187E+06,-1.07505E+02
2.2190094E+06,-9.78254E+01
2.2192001E+06,-9.37654E+01
2.2193909E+06,-9.79054E+01
2.2195816E+06,-9.70454E+01
2.2197723E+06,-9.44054E+01
2.2199631E+06,-9.51854E+01
2.2201538E+06,-1.01445E+02
2.2203445E+06,-1.01105E+02
2.2205353E+06,-9.66254E+01
2.2207260E+06,-9.53654E+01
2.2209167E+06,-9.39654E+01
2.2211075E+06,-1.00845E+02
2.2212982E+06,-1.07245E+02
2.2214890E+06,-1.04585E+02
2.2216797E+06,-1.12525E+02
2.2218704E+06,-1.02745E+02
2.2220612E+06,-1.14225E+02
2.2222519E+06,-1.04265E+02
2.2224426E+06,-1.04545E+02
2.2226334E+06,-9.83054E+01
2.2228241E+06,-9.56054E+01
2.2230148E+06,-1.00125E+02
2.2232056E+06,-1.08345E+02
2.2233963E+06,-1.01805E+02
2.2235870E+06,-9.79854E+01
2.2237778E+06,-1.02425E+02
2.2239685E+06,-1.02125E+02
2.2241592E+06,-9.95454E+01
2.2243500E+06,-1.03125E+02
2.2245407E+06,-9.69254E+01
2.2247314E+06,-9.14054E+01
2.2249222E+06,-9.33254E+01
2.2251129E+06,-9.46454E+01
2.2253036E+06,-9.15254E+01
2.2254944E+06,-9.55054E+01
2.2256851E+06,-1.05545E+02
2.2258759E+06,-1.16585E+02
2.2260666E+06,-9.93854E+01
2.2262573E+06,-9.51054E+01
2.2264481E+06,-9.72654E+01
2.2266388E+06,-9.77654E+01
2.2268295E+06,-9.37054E+01
2.2270203E+06,-9.39654E+01
2.2272110E+06,-9.89854E+01
2.2274017E+06,-1.01405E+02
2.2275925E+06,-1.04145E+02
2.2277832E+06,-9.16254E+01
2.2279739E+06,-9.41854E+01
2.2281647E+06,-1.00625E+02
2.2283554E+06,-1.08545E+02
2.2285461E+06,-9.79854E+01
2.2287369E+06,-1.00185E+02
2.2289276E+06,-1.09685E+02
2.2291183E+06,-9.88854E+01
2.2293091E+06,-9.62454E+01
2.2294998E+06,-1.02005E+02
2.2296906E+06,-1.15465E+02
2.2298813E+06,-1.02045E+02
2.2300720E+06,-1.01585E+02
2.2302628E+06,-1.03805E+02
2.2304535E+06,-1.13265E+02
2.2306442E+06,-1.02485E+02
2.2308350E+06,-1.12085E+02
2.2310257E+06,-1.08985E+02
2.2312164E+06,-9.65054E+01
2.2314072E+06,-9.77054E+01
2.2315979E+06,-9.87054E+01
2.2317886E+06,-9.33054E+01
2.2319794E+06,-9.39254E+01
2.2321701E+06,-9.46854E+01
2.2323608E+06,-1.00665E+02
2.2325516E+06,-1.01325E+02
2.2327423E+06,-9.44054E+01
2.2329330E+06,-9.05454E+01
2.2331238E+06,-9.35454E+01
2.2333145E+06,-9.86254E+01
2.2335052E+06,-9.72654E+01
2.2336960E+06,-9.71054E+01
2.2338867E+06,-9.22854E+01
2.2340775E+06,-9.25854E+01
2.2342682E+06,-9.91854E+01
2.2344589E+06,-1.02685E+02
2.2346497E+06,-9.50254E+01
2.2348404E+06,-9.26854E+01
2.2350311E+06,-9.41854E+01
2.2352219E+06,-9.78454E+01
2.2354126E+06,-1.01005E+02
2.2356033E+06,-9.85254E+01
2.2357941E+06,-9.47854E+01
2.2359848E+06,-9.29654E+01
2.2361755E+06,-9.56054E+01
2.2363663E+06,-1.04705E+02
2.2365570E+06,-1.03365E+02
2.2367477E+06,-1.06385E+02
2.2369385E+06,-9.63054E+01
2.2371292E+06,-1.03925E+02
2.2373199E+06,-1.00305E+02
2.2375107E+06,-9.79254E+01
2.2377014E+06,-1.02925E+02
2.2378922E+06,-1.00045E+02
2.2380829E+06,-1.05825E+02
2.2382736E+06,-9.91654E+01
2.2384644E+06,-9.76854E+01
2.2386551E+06,-1.05385E+02
2.2388458E+06,-1.03445E+02
2.2390366E+06,-9.66254E+01
2.2392273E+06,-9.31654E+01
2.2394180E+06,-1.02525E+02
2.2396088E+06,-9.93454E+01
2.2397995E+06,-1.06145E+02
2.2399902E+06,-1.06145E+02
2.2401810E+06,-1.02225E+02
2.2403717E+06,-9.67254E+01
2.2405624E+06,-9.54654E+01
2.2407532E+06,-9.35854E+01
2.2409439E+06,-9.51654E+01
2.2411346E+06,-9.77054E+01
2.2413254E+06,-9.73454E+01
2.2415161E+06,-9.65654E+01
2.2417068E+06,-9.88254E+01
2.2418976E+06,-1.02985E+02
2.2420883E+06,-1.02445E+02
2.2422791E+06,-9.71454E+01
2.2424698E+06,-9.53254E+01
2.2426605E+06,-9.55854E+01
2.2428513E+06,-9.57854E+01
2.2430420E+06,-9.56854E+01
2.2432327E+06,-9.64854E+01
2.2434235E+06,-9.97454E+01
2.2436142E+06,-1.02225E+02
2.2438049E+06,-9.84054E+01
2.2439957E+06,-9.88054E+01
2.2441864E+06,-1.01225E+02
2.2443771E+06,-9.79054E+01
2.2445679E+06,-9.94854E+01
2.2447586E+06,-1.07805E+02
2.2449493E+06,-1.10345E+02
2.2451401E+06,-9.71054E+01
2.2453308E+06,-9.54254E+01
2.2455215E+06,-9.94854E+01
2.2457123E+06,-9.15454E+01
2.2459030E+06,-9.09654E+01
2.2460938E+06,-1.12565E+02
2.2462845E+06,-9.20654E+01
2.2464752E+06,-9.41454E+01
2.2466660E+06,-1.04225E+02
2.2468567E+06,-1.03805E+02
2.2470474E+06,-1.01665E+02
2.2472382E+06,-1.01105E+02
2.2474289E+06,-9.54254E+01
2.2476196E+06,-9.84454E+01
2.2478104E+06,-9.80654E+01
2.2480011E+06,-1.10825E+02
2.2481918E+06,-9.70054E+01
2.2483826E+06,-9.67454E+01
2.2485733E+06,-9.67454E+01
2.2487640E+06,-9.79054E+01
2.2489548E+06,-1.03845E+02
2.2491455E+06,-1.01665E+02
2.2493362E+06,-9.74454E+01
2.2495270E+06,-9.29854E+01
2.2497177E+06,-9.45254E+01
2.2499084E+06,-9.75854E+01
2.2500992E+06,-9.52254E+01
2.2502899E+06,-9.71254E+01
2.2504807E+06,-1.11345E+02
2.2506714E+06,-1.05725E+02
2.2508621E+06,-1.03705E+02
2.2510529E+06,-1.08285E+02
2.2512436E+06,-9.66654E+01
2.2514343E+06,-9.39254E+01
2.2516251E+06,-9.52654E+01
2.2518158E+06,-1.03765E+02
2.2520065E+06,-1.00385E+02
2.2521973E+06,-9.37254E+01
2.2523880E+06,-9.79854E+01
2.2525787E+06,-1.01065E+02
2.2527695E+06,-1.03665E+02
2.2529602E+06,-1.18205E+02
2.2531509E+06,-1.02385E+02
2.2533417E+06,-9.61854E+01
2.2535324E+06,-9.70454E+01
2.2537231E+06,-1.05845E+02
2.2539139E+06,-1.05145E+02
2.2541046E+06,-9.63854E+01
2.2542953E+06,-9.60854E+01
2.2544861E+06,-9.97054E+01
2.2546768E+06,-9.85654E+01
2.2548676E+06,-1.13925E+02
2.2550583E+06,-9.84254E+01
2.2552490E+06,-9.84654E+01
2.2554398E+06,-9.80854E+01
2.2556305E+06,-1.00025E+02
2.2558212E+06,-1.01005E+02
2.2560120E+06,-9.77654E+01
2.2562027E+06,-9.44854E+01
2.2563934E+06,-9.35454E+01
2.2565842E+06,-9.67254E+01
2.2567749E+06,-1.08105E+02
2.2569656E+06,-9.52854E+01
2.2571564E+06,-9.57254E+01
2.2573471E+06,-9.71054E+01
2.2575378E+06,-1.07505E+02
2.2577286E+06,-1.04965E+02
2.2579193E+06,-9.76454E+01
2.2581100E+06,-9.62054E+01
2.2583008E+06,-9.97654E+01
2.2584915E+06,-9.97254E+01
2.2586823E+06,-9.44654E+01
2.2588730E+06,-9.66254E+01
2.2590637E+06,-1.13165E+02
2.2592545E+06,-1.00865E+02
2.2594452E+06,-9.81054E+01
2.2596359E+06,-9.79854E+01
2.2598267E+06,-9.90054E+01
2.2600174E+06,-1.04345E+02
2.2602081E+06,-9.46254E+01
2.2603989E+06,-9.63654E+01
2.2605896E+06,-1.04185E+02
2.2607803E+06,-9.99054E+01
2.2609711E+06,-9.68054E+01
2.2611618E+06,-1.02985E+02
2.2613525E+06,-9.47854E+01
2.2615433E+06,-9.68454E+01
2.2617340E+06,-1.13085E+02
2.2619247E+06,-9.79654E+01
2.2621155E+06,-9.87854E+01
2.2623062E+06,-9.87254E+01
2.2624969E+06,-9.56254E+01
2.2626877E+06,-9.61854E+01
2.2628784E+06,-9.75654E+01
2.2630692E+06,-9.19854E+01
2.2632599E+06,-9.27454E+01
2.2634506E+06,-9.59654E+01
2.2636414E+06,-9.82854E+01
2.2638321E+06,-9.74454E+01
2.2640228E+06,-1.01825E+02
2.2642136E+06,-1.03165E+02
2.2644043E+06,-9.74054E+01
2.2645950E+06,-9.49454E+01
2.2647858E+06,-1.00885E+02
2.2649765E+06,-9.38054E+01
2.2651672E+06,-9.40454E+01
2.2653580E+06,-9.65654E+01
2.2655487E+06,-9.78654E+01
2.2657394E+06,-9.59054E+01
2.2659302E+06,-1.02805E+02
2.2661209E+06,-9.77454E+01
2.2663116E+06,-9.50254E+01
2.2665024E+06,-9.54854E+01
2.2666931E+06,-1.17745E+02
2.2668839E+06,-1.00265E+02
2.2670746E+06,-1.05405E+02
2.2672653E+06,-9.52054E+01
2.2674561E+06,-9.60454E+01
2.2676468E+06,-9.88854E+01
2.2678375E+06,-1.01385E+02
2.2680283E+06,-9.46054E+01
2.2682190E+06,-9.93254E+01
2.2684097E+06,-1.02245E+02
2.2686005E+06,-1.04185E+02
2.2687912E+06,-1.00205E+02
2.2689819E+06,-1.15785E+02
2.2691727E+06,-1.08745E+02
2.2693634E+06,-9.74654E+01
2.2695541E+06,-9.45054E+01
2.2697449E+06,-9.22254E+01
2.2699356E+06,-9.45854E+01
2.2701263E+06,-9.59854E+01
2.2703171E+06,-9.44054E+01
2.2705078E+06,-9.52254E+01
2.2706985E+06,-1.10025E+02
2.2708893E+06,-9.46454E+01
2.2710800E+06,-9.22054E+01
2.2712708E+06,-1.01385E+02
2.2714615E+06,-9.74654E+01
2.2716522E+06,-9.54854E+01
2.2718430E+06,-9.66454E+01
2.2720337E+06,-1.12485E+02
2.2722244E+06,-9.93454E+01
2.2724152E+06,-9.80454E+01
2.2726059E+06,-1.03545E+02
2.2727966E+06,-1.08805E+02
2.2729874E+06,-1.05365E+02
2.2731781E+06,-9.65854E+01
2.2733688E+06,-1.01685E+02
2.2735596E+06,-9.62054E+01
2.2737503E+06,-1.00365E+02
2.2739410E+06,-9.62254E+01
2.2741318E+06,-9.45854E+01
2.2743225E+06,-1.02525E+02
2.2745132E+06,-1.20305E+02
2.2747040E+06,-1.06025E+02
2.2748947E+06,-1.01185E+02
2.2750854E+06,-1.11885E+02
2.2752762E+06,-9.79054E+01
2.2754669E+06,-9.75254E+01
2.2756577E+06,-9.93654E+01
2.2758484E+06,-1.00825E+02
2.2760391E+06,-9.49254E+01
2.2762299E+06,-9.58454E+01
2.2764206E+06,-9.87454E+01
2.2766113E+06,-1.00505E+02
2.2768021E+06,-1.06725E+02
2.2769928E+06,-9.74054E+01
2.2771835E+06,-9.88854E+01
2.2773743E+06,-1.09945E+02
2.2775650E+06,-1.06005E+02
2.2777557E+06,-1.04925E+02
2.2779465E+06,-1.00125E+02
2.2781372E+06,-9.62854E+01
2.2783279E+06,-9.56054E+01
2.2785187E+06,-9.58054E+01
2.2787094E+06,-9.86854E+01
2.2789001E+06,-1.09945E+02
2.2790909E+06,-9.78854E+01
2.2792816E+06,-9.63254E+01
2.2794724E+06,-1.01545E+02
2.2796631E+06,-1.11205E+02
2.2798538E+06,-9.52254E+01
2.2800446E+06,-9.46054E+01
2.2802353E+06,-1.00785E+02
2.2804260E+06,-1.08885E+02
2.2806168E+06,-1.00385E+02
2.2808075E+06,-9.26454E+01
2.2809982E+06,-9.46654E+01
2.2811890E+06,-1.00765E+02
2.2813797E+06,-1.04085E+02
2.2815704E+06,-9.80854E+01
2.2817612E+06,-9.58454E+01
2.2819519E+06,-9.46054E+01
2.2821426E+06,-1.00465E+02
2.2823334E+06,-1.10545E+02
2.2825241E+06,-1.10025E+02
2.2827148E+06,-9.84654E+01
2.2829056E+06,-9.31254E+01
2.2830963E+06,-1.02205E+02
2.2832870E+06,-1.03665E+02
2.2834778E+06,-1.01865E+02
2.2836685E+06,-9.65454E+01
2.2838593E+06,-9.10254E+01
2.2840500E+06,-9.53854E+01
2.2842407E+06,-1.05365E+02
2.2844315E+06,-9.54254E+01
2.2846222E+06,-9.41454E+01
2.2848129E+06,-1.04145E+02
2.2850037E+06,-9.46854E+01
2.2851944E+06,-9.18654E+01
2.2853851E+06,-9.68854E+01
2.2855759E+06,-1.02905E+02
2.2857666E+06,-9.87054E+01
2.2859573E+06,-9.76654E+01
2.2861481E+06,-1.04825E+02
2.2863388E+06,-9.51254E+01
2.2865295E+06,-9.26854E+01
2.2867203E+06,-9.74654E+01
2.2869110E+06,-1.03225E+02
2.2871017E+06,-9.93454E+01
2.2872925E+06,-1.03305E+02
2.2874832E+06,-9.36254E+01
2.2876740E+06,-9.23654E+01
2.2878647E+06,-9.91454E+01
2.2880554E+06,-9.79654E+01
2.2882462E+06,-1.02085E+02
2.2884369E+06,-9.84054E+01
2.2886276E+06,-1.04585E+02
2.2888184E+06,-1.01685E+02
2.2890091E+06,-9.51854E+01
2.2891998E+06,-9.45454E+01
2.2893906E+06,-9.40454E+01
2.2895813E+06,-9.45454E+01
2.2897720E+06,-9.67454E+01
2.2899628E+06,-9.49254E+01
2.2901535E+06,-1.01405E+02
2.2903442E+06,-9.85654E+01
2.2905350E+06,-1.01865E+02
2.2907257E+06,-1.08525E+02
2.2909164E+06,-1.08685E+02
2.2911072E+06,-9.96054E+01
2.2912979E+06,-9.48654E+01
2.2914886E+06,-9.96854E+01
2.2916794E+06,-9.58254E+01
2.2918701E+06,-9.80454E+01
2.2920609E+06,-9.97654E+01
2.2922516E+06,-9.72854E+01
2.2924423E+06,-9.77854E+01
2.2926331E+06,-9.88654E+01
2.2928238E+06,-1.11945E+02
2.2930145E+06,-1.00725E+02
2.2932053E+06,-9.79254E+01
2.2933960E+06,-9.51854E+01
2.2935867E+06,-1.00025E+02
2.2937775E+06,-9.97654E+01
2.2939682E+06,-1.04305E+02
2.2941589E+06,-1.09665E+02
2.2943497E+06,-9.95454E+01
2.2945404E+06,-9.66454E+01
2.2947311E+06,-9.72854E+01
2.2949219E+06,-1.03705E+02
2.2951126E+06,-9.38454E+01
2.2953033E+06,-9.13254E+01
2.2954941E+06,-9.03254E+01
2.2956848E+06,-9.43054E+01
2.2958755E+06,-1.01245E+02
2.2960663E+06,-1.23405E+02
2.2962570E+06,-9.98654E+01
2.2964478E+06,-1.04665E+02
2.2966385E+06,-9.62454E+01
2.2968292E+06,-1.00025E+02
2.2970200E+06,-1.17045E+02
2.2972107E+06,-1.03925E+02
2.2974014E+06,-1.05545E+02
2.2975922E+06,-1.04285E+02
2.2977829E+06,-9.90254E+01
2.2979736E+06,-9.51654E+01
2.2981644E+06,-9.67854E+01
2.2983551E+06,-1.01565E+02
2.2985458E+06,-9.75854E+01
2.2987366E+06,-9.15654E+01
2.2989273E+06,-9.02854E+01
2.2991180E+06,-9.56654E+01
2.2993088E+06,-1.07125E+02
2.2994995E+06,-9.56254E+01
2.2996902E+06,-1.03765E+02
2.2998810E+06,-9.84254E+01
2.3000717E+06,-1.01945E+02
2.3002625E+06,-1.01745E+02
2.3004532E+06,-9.69054E+01
2.3006439E+06,-9.17454E+01
2.3008347E+06,-9.21654E+01
2.3010254E+06,-9.64054E+01
2.3012161E+06,-1.08545E+02
2.3014069E+06,-9.49054E+01
2.3015976E+06,-9.51454E+01
2.3017883E+06,-9.75254E+01
2.3019791E+06,-1.10365E+02
2.3021698E+06,-1.02525E+02
2.3023605E+06,-9.75254E+01
2.3025513E+06,-1.12225E+02
2.3027420E+06,-9.92654E+01
2.3029327E+06,-1.07085E+02
2.3031235E+06,-1.08905E+02
2.3033142E+06,-1.01645E+02
2.3035049E+06,-1.01685E+02
2.3036957E+06,-9.70054E+01
2.3038864E+06,-1.05365E+02
2.3040771E+06,-9.94254E+01
2.3042679E+06,-9.45854E+01
2.3044586E+06,-1.07765E+02
2.3046494E+06,-9.82254E+01
2.3048401E+06,-9.63654E+01
2.3050308E+06,-9.73454E+01
2.3052216E+06,-1.03025E+02
2.3054123E+06,-1.11445E+02
2.3056030E+06,-1.00025E+02
2.3057938E+06,-9.96254E+01
2.3059845E+06,-1.00145E+02
2.3061752E+06,-1.01625E+02
2.3063660E+06,-9.99854E+01
2.3065567E+06,-9.37254E+01
2.3067474E+06,-9.72254E+01
2.3069382E+06,-1.03705E+02
2.3071289E+06,-1.00145E+02
2.3073196E+06,-9.94454E+01
2.3075104E+06,-1.08405E+02
2.3077011E+06,-1.01045E+02
2.3078918E+06,-1.09485E+02
2.3080826E+06,-1.10125E+02
2.3082733E+06,-9.76654E+01
2.3084641E+06,-9.47454E+01
2.3086548E+06,-9.89054E+01
2.3088455E+06,-1.06985E+02
2.3090363E+06,-1.09525E+02
2.3092270E+06,-1.00665E+02
2.3094177E+06,-9.23854E+01
2.3096085E+06,-9.15054E+01
2.3097992E+06,-9.54854E+01
2.3099899E+06,-1.04525E+02
2.3101807E+06,-9.75854E+01
2.3103714E+06,-9.07454E+01
2.3105621E+06,-9.64854E+01
2.3107529E+06,-1.04565E+02
2.3109436E+06,-9.88454E+01
2.3111343E+06,-1.02225E+02
2.3113251E+06,-9.80054E+01
2.3115158E+06,-9.38854E+01
2.3117065E+06,-9.84254E+01
2.3118973E+06,-9.53454E+01
2.3120880E+06,-9.64854E+01
2.3122787E+06,-1.08445E+02
2.3124695E+06,-9.93854E+01
2.3126602E+06,-9.67254E+01
2.3128510E+06,-9.98054E+01
2.3130417E+06,-9.78454E+01
2.3132324E+06,-1.00505E+02
2.3134232E+06,-1.04385E+02
2.3136139E+06,-1.05245E+02
2.3138046E+06,-1.02825E+02
2.3139954E+06,-9.69254E+01
2.3141861E+06,-9.60454E+01
2.3143768E+06,-9.53654E+01
2.3145676E+06,-9.64854E+01
2.3147583E+06,-9.41454E+01
2.3149490E+06,-9.45854E+01
2.3151398E+06,-9.74654E+01
2.3153305E+06,-9.37654E+01
2.3155212E+06,-1.00345E+02
2.3157120E+06,-1.12045E+02
2.3159027E+06,-1.01665E+02
2.3160934E+06,-9.60654E+01
2.3162842E+06,-9.27654E+01
2.3164749E+06,-9.19854E+01
2.3166656E+06,-9.50654E+01
2.3168564E+06,-9.74854E+01
2.3170471E+06,-9.72454E+01
2.3172379E+06,-9.68854E+01
2.3174286E+06,-9.61854E+01
2.3176193E+06,-9.58054E+01
2.3178101E+06,-9.39254E+01
2.3180008E+06,-9.83854E+01
2.3181915E+06,-1.09365E+02
2.3183823E+06,-1.01685E+02
2.3185730E+06,-1.00065E+02
2.3187637E+06,-9.58454E+01
2.3189545E+06,-1.00985E+02
2.3191452E+06,-1.02825E+02
2.3193359E+06,-1.06945E+02
2.3195267E+06,-9.51054E+01
2.3197174E+06,-9.60254E+01
2.3199081E+06,-9.99854E+01
2.3200989E+06,-9.94254E+01
2.3202896E+06,-1.09965E+02
2.3204803E+06,-1.02005E+02
2.3206711E+06,-1.03625E+02
2.3208618E+06,-1.04145E+02
2.3210526E+06,-1.21005E+02
2.3212433E+06,-1.05845E+02
2.3214340E+06,-1.04585E+02
2.3216248E+06,-9.85654E+01
2.3218155E+06,-1.08685E+02
2.3220062E+06,-9.66854E+01
2.3221970E+06,-9.62454E+01
2.3223877E+06,-9.86254E+01
2.3225784E+06,-9.68454E+01
2.3227692E+06,-9.97654E+01
2.3229599E+06,-9.57254E+01
2.3231506E+06,-9.48254E+01
2.3233414E+06,-9.51454E+01
2.3235321E+06,-1.00865E+02
2.3237228E+06,-1.00125E+02
2.3239136E+06,-9.60654E+01
2.3241043E+06,-1.01245E+02
2.3242950E+06,-9.71654E+01
2.3244858E+06,-9.71254E+01
2.3246765E+06,-9.32254E+01
2.3248672E+06,-9.43454E+01
2.3250580E+06,-9.58854E+01
2.3252487E+06,-9.36254E+01
2.3254395E+06,-1.01225E+02
2.3256302E+06,-1.15705E+02
2.3258209E+06,-1.01945E+02
2.3260117E+06,-1.01565E+02
2.3262024E+06,-1.04085E+02
2.3263931E+06,-9.88854E+01
2.3265839E+06,-9.52254E+01
2.3267746E+06,-1.01825E+02
2.3269653E+06,-1.01745E+02
2.3271561E+06,-9.98654E+01
2.3273468E+06,-1.02525E+02
2.3275375E+06,-9.88454E+01
2.3277283E+06,-1.01505E+02
2.3279190E+06,-1.03305E+02
2.3281097E+06,-9.66654E+01
2.3283005E+06,-9.20654E+01
2.3284912E+06,-1.02865E+02
2.3286819E+06,-9.50454E+01
2.3288727E+06,-9.19454E+01
2.3290634E+06,-9.45454E+01
2.3292542E+06,-1.01225E+02
2.3294449E+06,-9.54454E+01
2.3296356E+06,-9.43454E+01
2.3298264E+06,-9.84654E+01
2.3300171E+06,-1.03885E+02
2.3302078E+06,-1.01345E+02
2.3303986E+06,-1.02245E+02
2.3305893E+06,-9.85654E+01
2.3307800E+06,-9.92054E+01
2.3309708E+06,-9.85054E+01
2.3311615E+06,-9.73854E+01
2.3313522E+06,-9.78454E+01
2.3315430E+06,-1.00025E+02
2.3317337E+06,-1.01765E+02
2.3319244E+06,-1.00265E+02
2.3321152E+06,-1.04945E+02
2.3323059E+06,-1.00725E+02
2.3324966E+06,-1.13465E+02
2.3326874E+06,-1.04185E+02
2.3328781E+06,-1.03085E+02
2.3330688E+06,-9.87654E+01
2.3332596E+06,-9.85254E+01
2.3334503E+06,-9.66054E+01
2.3336411E+06,-9.82254E+01
2.3338318E+06,-1.06185E+02
2.3340225E+06,-9.89654E+01
2.3342133E+06,-1.00545E+02
2.3344040E+06,-1.05985E+02
2.3345947E+06,-1.00965E+02
2.3347855E+06,-9.45454E+01
2.3349762E+06,-9.64254E+01
2.3351669E+06,-1.01965E+02
2.3353577E+06,-1.00925E+02
2.3355484E+06,-1.01425E+02
2.3357391E+06,-9.76254E+01
2.3359299E+06,-9.53054E+01
2.3361206E+06,-1.00365E+02
2.3363113E+06,-9.52654E+01
2.3365021E+06,-9.97054E+01
2.3366928E+06,-9.82454E+01
2.3368835E+06,-1.07725E+02
2.3370743E+06,-1.00945E+02
2.3372650E+06,-9.72254E+01
2.3374557E+06,-9.64054E+01
2.3376465E+06,-9.50254E+01
2.3378372E+06,-1.00645E+02
2.3380280E+06,-1.03445E+02
2.3382187E+06,-1.01945E+02
2.3384094E+06,-9.77454E+01
2.3386002E+06,-9.25654E+01
2.3387909E+06,-9.53054E+01
2.3389816E+06,-1.08945E+02
2.3391724E+06,-1.09245E+02
2.3393631E+06,-1.06505E+02
2.3395538E+06,-1.01445E+02
2.3397446E+06,-1.02145E+02
2.3399353E+06,-1.06345E+02
2.3401260E+06,-1.08505E+02
2.3403168E+06,-1.21285E+02
2.3405075E+06,-9.78454E+01
2.3406982E+06,-9.92054E+01
2.3408890E+06,-1.01665E+02
2.3410797E+06,-1.04865E+02
2.3412704E+06,-9.85254E+01
2.3414612E+06,-9.93654E+01
2.3416519E+06,-1.03805E+02
2.3418427E+06,-1.11865E+02
2.3420334E+06,-1.11005E+02
2.3422241E+06,-1.03325E+02
2.3424149E+06,-9.78054E+01
2.3426056E+06,-9.20054E+01
2.3427963E+06,-9.40054E+01
2.3429871E+06,-9.56454E+01
2.3431778E+06,-9.89854E+01
2.3433685E+06,-1.00485E+02
2.3435593E+06,-9.65054E+01
2.3437500E+06,-1.01645E+02
2.3439407E+06,-1.02705E+02
2.3441315E+06,-9.88654E+01
2.3443222E+06,-1.00225E+02
2.3445129E+06,-1.03925E+02
2.3447037E+06,-1.01745E+02
2.3448944E+06,-9.93454E+01
2.3450851E+06,-9.64454E+01
2.3452759E+06,-1.00385E+02
2.3454666E+06,-9.84054E+01
2.3456573E+06,-9.69854E+01
2.3458481E+06,-9.96054E+01
2.3460388E+06,-9.60454E+01
2.3462296E+06,-1.05865E+02
2.3464203E+06,-1.04825E+02
2.3466110E+06,-1.01625E+02
2.3468018E+06,-9.78254E+01
2.3469925E+06,-1.08825E+02
2.3471832E+06,-1.07405E+02
2.3473740E+06,-1.04905E+02
2.3475647E+06,-1.05105E+02
2.3477554E+06,-1.07305E+02
2.3479462E+06,-9.65854E+01
2.3481369E+06,-9.48454E+01
2.3483276E+06,-1.08465E+02
2.3485184E+06,-9.99654E+01
2.3487091E+06,-1.13585E+02
2.3488998E+06,-1.05725E+02
2.3490906E+06,-1.09305E+02
2.3492813E+06,-9.80654E+01
2.3494720E+06,-9.72254E+01
2.3496628E+06,-1.00225E+02
2.3498535E+06,-9.74254E+01
2.3500443E+06,-9.54054E+01
2.3502350E+06,-9.89454E+01
2.3504257E+06,-1.03025E+02
2.3506165E+06,-9.96854E+01
2.3508072E+06,-9.33254E+01
2.3509979E+06,-9.77854E+01
2.3511887E+06,-1.07645E+02
2.3513794E+06,-1.00185E+02
2.3515701E+06,-9.61854E+01
2.3517609E+06,-9.88654E+01
2.3519516E+06,-9.67054E+01
2.3521423E+06,-9.48254E+01
2.3523331E+06,-9.30254E+01
2.3525238E+06,-9.31254E+01
2.3527145E+06,-1.14005E+02
2.3529053E+06,-1.05445E+02
2.3530960E+06,-1.02565E+02
2.3532867E+06,-9.59254E+01
2.3534775E+06,-9.46454E+01
2.3536682E+06,-9.38854E+01
2.3538589E+06,-9.86454E+01
2.3540497E+06,-9.71454E+01
2.3542404E+06,-9.19654E+01
2.3544312E+06,-9.03854E+01
2.3546219E+06,-9.18854E+01
2.3548126E+06,-9.73454E+01
2.3550034E+06,-9.96654E+01
2.3551941E+06,-1.03805E+02
2.3553848E+06,-1.09725E+02
2.3555756E+06,-9.92254E+01
2.3557663E+06,-9.48854E+01
2.3559570E+06,-9.53254E+01
2.3561478E+06,-1.00945E+02
2.3563385E+06,-9.75654E+01
2.3565292E+06,-9.28054E+01
2.3567200E+06,-9.51654E+01
2.3569107E+06,-9.36254E+01
2.3571014E+06,-9.20054E+01
2.3572922E+06,-1.00125E+02
2.3574829E+06,-1.01165E+02
2.3576736E+06,-9.54254E+01
2.3578644E+06,-9.38454E+01
2.3580551E+06,-9.86654E+01
2.3582458E+06,-9.73654E+01
2.3584366E+06,-9.90454E+01
2.3586273E+06,-9.76854E+01
2.3588181E+06,-1.15545E+02
2.3590088E+06,-9.87454E+01
2.3591995E+06,-1.01245E+02
2.3593903E+06,-1.08905E+02
2.3595810E+06,-9.30254E+01
2.3597717E+06,-9.50054E+01
2.3599625E+06,-1.05065E+02
2.3601532E+06,-1.01785E+02
2.3603439E+06,-9.48654E+01
2.3605347E+06,-1.03325E+02
2.3607254E+06,-9.45854E+01
2.3609161E+06,-9.34654E+01
2.3611069E+06,-1.03225E+02
2.3612976E+06,-9.70854E+01
2.3614883E+06,-9.49054E+01
2.3616791E+06,-1.01425E+02
2.3618698E+06,-1.03165E+02
2.3620605E+06,-1.10005E+02
2.3622513E+06,-9.98854E+01
2.3624420E+06,-9.59054E+01
2.3626328E+06,-9.72054E+01
2.3628235E+06,-1.01105E+02
2.3630142E+06,-9.24254E+01
2.3632050E+06,-9.54854E+01
2.3633957E+06,-1.00725E+02
2.3635864E+06,-9.52254E+01
2.3637772E+06,-9.04454E+01
2.3639679E+06,-9.23054E+01
2.3641586E+06,-1.02425E+02
2.3643494E+06,-9.88054E+01
2.3645401E+06,-1.04225E+02
2.3647308E+06,-9.64254E+01
2.3649216E+06,-9.29254E+01
2.3651123E+06,-9.52454E+01
2.3653030E+06,-1.01345E+02
2.3654938E+06,-1.02125E+02
2.3656845E+06,-9.64854E+01
2.3658752E+06,-9.74054E+01
2.3660660E+06,-9.80054E+01
2.3662567E+06,-9.43254E+01
2.3664474E+06,-9.40054E+01
2.3666382E+06,-9.87054E+01
2.3668289E+06,-1.01825E+02
2.3670197E+06,-9.82654E+01
2.3672104E+06,-1.00385E+02
2.3674011E+06,-1.02305E+02
2.3675919E+06,-1.09245E+02
2.3677826E+06,-1.02865E+02
2.3679733E+06,-1.17885E+02
2.3681641E+06,-1.00765E+02
2.3683548E+06,-1.05205E+02
2.3685455E+06,-9.93054E+01
2.3687363E+06,-9.56054E+01
2.3689270E+06,-9.40854E+01
2.3691177E+06,-9.76654E+01
2.3693085E+06,-9.79054E+01
2.3694992E+06,-1.06225E+02
2.3696899E+06,-9.89854E+01
2.3698807E+06,-9.68854E+01
2.3700714E+06,-9.38454E+01
2.3702621E+06,-9.05054E+01
2.3704529E+06,-9.60854E+01
2.3706436E+06,-9.44654E+01
2.3708344E+06,-9.43454E+01
2.3710251E+06,-1.00365E+02
2.3712158E+06,-1.02505E+02
2.3714066E+06,-9.63454E+01
2.3715973E+06,-9.68454E+01
2.3717880E+06,-1.07785E+02
2.3719788E+06,-1.06125E+02
2.3721695E+06,-9.62854E+01
2.3723602E+06,-9.85854E+01
2.3725510E+06,-9.97454E+01
2.3727417E+06,-1.02625E+02
2.3729324E+06,-1.02365E+02
2.3731232E+06,-1.01685E+02
2.3733139E+06,-1.01345E+02
2.3735046E+06,-9.88454E+01
2.3736954E+06,-9.83854E+01
2.3738861E+06,-1.00685E+02
2.3740768E+06,-1.09865E+02
2.3742676E+06,-9.60254E+01
2.3744583E+06,-9.39254E+01
2.3746490E+06,-9.24454E+01
2.3748398E+06,-9.39654E+01
2.3750305E+06,-9.16654E+01
2.3752213E+06,-9.21654E+01
2.3754120E+06,-1.01665E+02
2.3756027E+06,-9.92254E+01
2.3757935E+06,-9.73854E+01
2.3759842E+06,-9.82854E+01
2.3761749E+06,-1.12125E+02
2.3763657E+06,-1.04665E+02
2.3765564E+06,-1.10365E+02
2.3767471E+06,-1.07725E+02
2.3769379E+06,-1.00545E+02
2.3771286E+06,-9.99654E+01
2.3773193E+06,-1.00485E+02
2.3775101E+06,-9.81454E+01
2.3777008E+06,-1.00085E+02
2.3778915E+06,-9.99454E+01
2.3780823E+06,-9.85654E+01
2.3782730E+06,-1.00585E+02
2.3784637E+06,-9.73654E+01
2.3786545E+06,-9.75054E+01
2.3788452E+06,-1.04405E+02
2.3790359E+06,-1.00465E+02
2.3792267E+06,-1.00425E+02
2.3794174E+06,-9.74254E+01
2.3796082E+06,-9.45454E+01
2.3797989E+06,-9.46454E+01
2.3799896E+06,-9.71254E+01
2.3801804E+06,-9.71654E+01
2.3803711E+06,-9.41854E+01
2.3805618E+06,-9.82854E+01
2.3807526E+06,-1.05365E+02
2.3809433E+06,-1.06885E+02
2.3811340E+06,-1.11285E+02
2.3813248E+06,-1.03845E+02
2.3815155E+06,-1.08545E+02
2.3817062E+06,-9.37254E+01
2.3818970E+06,-9.54854E+01
2.3820877E+06,-9.90054E+01
2.3822784E+06,-9.40854E+01
2.3824692E+06,-1.00365E+02
2.3826599E+06,-1.04525E+02
2.3828506E+06,-9.67254E+01
2.3830414E+06,-9.35854E+01
2.3832321E+06,-9.56254E+01
2.3834229E+06,-1.02705E+02
2.3836136E+06,-1.01405E+02
2.3838043E+06,-9.66054E+01
2.3839951E+06,-9.88054E+01
2.3841858E+06,-1.00125E+02
2.3843765E+06,-1.04845E+02
2.3845673E+06,-1.03365E+02
2.3847580E+06,-1.05465E+02
2.3849487E+06,-1.01885E+02
2.3851395E+06,-9.82854E+01
2.3853302E+06,-9.59254E+01
2.3855209E+06,-9.89054E+01
2.3857117E+06,-9.82854E+01
2.3859024E+06,-9.41854E+01
2.3860931E+06,-9.70054E+01
2.3862839E+06,-9.41854E+01
2.3864746E+06,-9.57454E+01
2.3866653E+06,-9.89254E+01
2.3868561E+06,-9.41854E+01
2.3870468E+06,-9.27054E+01
2.3872375E+06,-9.84054E+01
2.3874283E+06,-1.05425E+02
2.3876190E+06,-1.03585E+02
2.3878098E+06,-1.02065E+02
2.3880005E+06,-1.06185E+02
2.3881912E+06,-9.61054E+01
2.3883820E+06,-9.25054E+01
2.3885727E+06,-9.43254E+01
2.3887634E+06,-1.23545E+02
2.3889542E+06,-9.58254E+01
2.3891449E+06,-9.61454E+01
2.3893356E+06,-9.45254E+01
2.3895264E+06,-9.65054E+01
2.3897171E+06,-1.06705E+02
2.3899078E+06,-1.00025E+02
2.3900986E+06,-1.08005E+02
2.3902893E+06,-1.01985E+02
2.3904800E+06,-9.96254E+01
2.3906708E+06,-9.45854E+01
2.3908615E+06,-9.67254E+01
2.3910522E+06,-9.57254E+01
2.3912430E+06,-1.00405E+02
2.3914337E+06,-1.03585E+02
2.3916245E+06,-9.60454E+01
2.3918152E+06,-1.04825E+02
2.3920059E+06,-1.02505E+02
2.3921967E+06,-9.82254E+01
2.3923874E+06,-1.05025E+02
2.3925781E+06,-1.35185E+02
2.3927689E+06,-1.15785E+02
2.3929596E+06,-1.03585E+02
2.3931503E+06,-1.18885E+02
2.3933411E+06,-9.98454E+01
2.3935318E+06,-9.77054E+01
2.3937225E+06,-9.79454E+01
2.3939133E+06,-1.06585E+02
2.3941040E+06,-1.02205E+02
2.3942947E+06,-1.00305E+02
2.3944855E+06,-1.03465E+02
2.3946762E+06,-9.70054E+01
2.3948669E+06,-9.65654E+01
2.3950577E+06,-9.75854E+01
2.3952484E+06,-9.69054E+01
2.3954391E+06,-1.05725E+02
2.3956299E+06,-1.01645E+02
2.3958206E+06,-9.72854E+01
2.3960114E+06,-9.31654E+01
2.3962021E+06,-9.20654E+01
2.3963928E+06,-9.29254E+01
2.3965836E+06,-9.77454E+01
2.3967743E+06,-9.76454E+01
2.3969650E+06,-1.10605E+02
2.3971558E+06,-1.00805E+02
2.3973465E+06,-9.84254E+01
2.3975372E+06,-1.08045E+02
2.3977280E+06,-9.94054E+01
2.3979187E+06,-1.01165E+02
2.3981094E+06,-9.31854E+01
2.3983002E+06,-9.82454E+01
2.3984909E+06,-1.11565E+02
2.3986816E+06,-1.12445E+02
2.3988724E+06,-9.57454E+01
2.3990631E+06,-9.77654E+01
2.3992538E+06,-9.59254E+01
2.3994446E+06,-9.86254E+01
2.3996353E+06,-9.89454E+01
2.3998260E+06,-8.65854E+01
2.4000168E+06,-8.01854E+01
2.4002075E+06,-8.44654E+01
2.4003983E+06,-9.29254E+01
2.4005890E+06,-9.53854E+01
2.4007797E+06,-9.76654E+01
2.4009705E+06,-1.04305E+02
2.4011612E+06,-1.08025E+02
2.4013519E+06,-1.14345E+02
2.4015427E+06,-1.02145E+02
2.4017334E+06,-1.04745E+02
2.4019241E+06,-9.99454E+01
2.4021149E+06,-1.00565E+02
2.4023056E+06,-9.24254E+01
2.4024963E+06,-9.50454E+01
2.4026871E+06,-1.01445E+02
2.4028778E+06,-9.70854E+01
2.4030685E+06,-9.63654E+01
2.4032593E+06,-9.87654E+01
2.4034500E+06,-9.45854E+01
2.4036407E+06,-1.04385E+02
2.4038315E+06,-9.24254E+01
2.4040222E+06,-9.52054E+01
2.4042130E+06,-9.90654E+01
2.4044037E+06,-1.04965E+02
2.4045944E+06,-1.08765E+02
2.4047852E+06,-9.95254E+01
2.4049759E+06,-9.89054E+01
2.4051666E+06,-1.04085E+02
2.4053574E+06,-1.06725E+02
2.4055481E+06,-1.02365E+02
2.4057388E+06,-9.74054E+01
2.4059296E+06,-1.04285E+02
2.4061203E+06,-9.15054E+01
2.4063110E+06,-9.29654E+01
2.4065018E+06,-9.84854E+01
2.4066925E+06,-1.03885E+02
2.4068832E+06,-9.21254E+01
2.4070740E+06,-9.56854E+01
2.4072647E+06,-9.60854E+01
2.4074554E+06,-9.41454E+01
2.4076462E+06,-9.82054E+01
2.4078369E+06,-1.00105E+02
2.4080276E+06,-1.14985E+02
2.4082184E+06,-1.01485E+02
2.4084091E+06,-1.08505E+02
2.4085999E+06,-1.03765E+02
2.4087906E+06,-1.18705E+02
2.4089813E+06,-9.40054E+01
2.4091721E+06,-9.56454E+01
2.4093628E+06,-9.41854E+01
2.4095535E+06,-9.98454E+01
2.4097443E+06,-1.11985E+02
2.4099350E+06,-1.07285E+02
2.4101257E+06,-9.57854E+01
2.4103165E+06,-9.25854E+01
2.4105072E+06,-9.41854E+01
2.4106979E+06,-9.96654E+01
2.4108887E+06,-9.90254E+01
2.4110794E+06,-9.68254E+01
2.4112701E+06,-1.03325E+02
2.4114609E+06,-9.49054E+01
2.4116516E+06,-9.86254E+01
2.4118423E+06,-9.88654E+01
2.4120331E+06,-9.54854E+01
2.4122238E+06,-9.86254E+01
2.4124146E+06,-9.68454E+01
2.4126053E+06,-1.04985E+02
2.4127960E+06,-1.00405E+02
2.4129868E+06,-1.02585E+02
2.4131775E+06,-1.04645E+02
2.4133682E+06,-1.05645E+02
2.4135590E+06,-1.01865E+02
2.4137497E+06,-9.83454E+01
2.4139404E+06,-1.07145E+02
2.4141312E+06,-9.49854E+01
2.4143219E+06,-9.69854E+01
2.4145126E+06,-1.05985E+02
2.4147034E+06,-9.91254E+01
2.4148941E+06,-9.55054E+01
2.4150848E+06,-9.43054E+01
2.4152756E+06,-9.52454E+01
2.4154663E+06,-1.04005E+02
2.4156570E+06,-9.94454E+01
2.4158478E+06,-9.78254E+01
2.4160385E+06,-1.06945E+02
2.4162292E+06,-9.89454E+01
2.4164200E+06,-1.03585E+02
2.4166107E+06,-1.08545E+02
2.4168015E+06,-1.01805E+02
2.4169922E+06,-1.10445E+02
2.4171829E+06,-1.01205E+02
2.4173737E+06,-1.14325E+02
2.4175644E+06,-1.05565E+02
2.4177551E+06,-1.04265E+02
2.4179459E+06,-1.07965E+02
2.4181366E+06,-1.00425E+02
2.4183273E+06,-1.02805E+02
2.4185181E+06,-1.05725E+02
2.4187088E+06,-1.01965E+02
2.4188995E+06,-9.97054E+01
2.4190903E+06,-9.92054E+01
2.4192810E+06,-1.02245E+02
2.4194717E+06,-9.92854E+01
2.4196625E+06,-9.99654E+01
2.4198532E+06,-9.75054E+01
2.4200439E+06,-1.01885E+02
2.4202347E+06,-1.11705E+02
2.4204254E+06,-1.06805E+02
2.4206161E+06,-1.04305E+02
2.4208069E+06,-1.01625E+02
2.4209976E+06,-9.96054E+01
2.4211884E+06,-9.47254E+01
2.4213791E+06,-9.52054E+01
2.4215698E+06,-9.74254E+01
2.4217606E+06,-1.01045E+02
2.4219513E+06,-9.85054E+01
2.4221420E+06,-9.49254E+01
2.4223328E+06,-9.59654E+01
2.4225235E+06,-9.79854E+01
2.4227142E+06,-1.09565E+02
2.4229050E+06,-1.03325E+02
2.4230957E+06,-1.02825E+02
2.4232864E+06,-1.01445E+02
2.4234772E+06,-1.01885E+02
2.4236679E+06,-9.87054E+01
2.4238586E+06,-9.56854E+01
2.4240494E+06,-9.32254E+01
2.4242401E+06,-9.91254E+01
2.4244308E+06,-1.08345E+02
2.4246216E+06,-1.01365E+02
2.4248123E+06,-9.88054E+01
2.4250031E+06,-1.02045E+02
2.4251938E+06,-1.02765E+02
2.4253845E+06,-1.09865E+02
2.4255753E+06,-9.66254E+01
2.4257660E+06,-9.64654E+01
2.4259567E+06,-1.04645E+02
2.4261475E+06,-9.43254E+01
2.4263382E+06,-9.65054E+01
2.4265289E+06,-1.04225E+02
2.4267197E+06,-1.07125E+02
2.4269104E+06,-1.01445E+02
2.4271011E+06,-9.49454E+01
2.4272919E+06,-9.75454E+01
2.4274826E+06,-1.08025E+02
2.4276733E+06,-1.00325E+02
2.4278641E+06,-1.05785E+02
2.4280548E+06,-1.01965E+02
2.4282455E+06,-9.90454E+01
2.4284363E+06,-1.02565E+02
2.4286270E+06,-1.10045E+02
2.4288177E+06,-9.97054E+01
2.4290085E+06,-1.00125E+02
2.4291992E+06,-1.08365E+02
2.4293900E+06,-9.54654E+01
2.4295807E+06,-9.11254E+01
2.4297714E+06,-9.47454E+01
2.4299622E+06,-9.94454E+01
2.4301529E+06,-9.98454E+01
2.4303436E+06,-1.02825E+02
2.4305344E+06,-1.04325E+02
2.4307251E+06,-1.01965E+02
2.4309158E+06,-1.01145E+02
2.4311066E+06,-1.12325E+02
2.4312973E+06,-1.01705E+02
2.4314880E+06,-9.67454E+01
2.4316788E+06,-9.72054E+01
2.4318695E+06,-1.01965E+02
2.4320602E+06,-9.68854E+01
2.4322510E+06,-9.33054E+01
2.4324417E+06,-9.72654E+01
2.4326324E+06,-1.05885E+02
2.4328232E+06,-1.02485E+02
2.4330139E+06,-1.04785E+02
2.4332047E+06,-9.54254E+01
2.4333954E+06,-9.57854E+01
2.4335861E+06,-9.67454E+01
2.4337769E+06,-9.72654E+01
2.4339676E+06,-9.69854E+01
2.4341583E+06,-9.61854E+01
2.4343491E+06,-9.95454E+01
2.4345398E+06,-1.00345E+02
2.4347305E+06,-9.67254E+01
2.4349213E+06,-9.59054E+01
2.4351120E+06,-9.86254E+01
2.4353027E+06,-9.64654E+01
2.4354935E+06,-9.67254E+01
2.4356842E+06,-9.61454E+01
2.4358749E+06,-9.46654E+01
2.4360657E+06,-9.84654E+01
2.4362564E+06,-9.51254E+01
2.4364471E+06,-9.68054E+01
2.4366379E+06,-1.01945E+02
2.4368286E+06,-1.04325E+02
2.4370193E+06,-1.01885E+02
2.4372101E+06,-9.39654E+01
2.4374008E+06,-9.23654E+01
2.4375916E+06,-9.40454E+01
2.4377823E+06,-9.94854E+01
2.4379730E+06,-1.09205E+02
2.4381638E+06,-1.05285E+02
2.4383545E+06,-1.02145E+02
2.4385452E+06,-9.46054E+01
2.4387360E+06,-9.30654E+01
2.4389267E+06,-9.55254E+01
2.4391174E+06,-9.76854E+01
2.4393082E+06,-9.55854E+01
2.4394989E+06,-9.76654E+01
2.4396896E+06,-1.04765E+02
2.4398804E+06,-1.01285E+02
2.4400711E+06,-9.91854E+01
2.4402618E+06,-1.17445E+02
2.4404526E+06,-9.76854E+01
2.4406433E+06,-9.56654E+01
2.4408340E+06,-9.62054E+01
2.4410248E+06,-1.00085E+02
2.4412155E+06,-1.09005E+02
2.4414062E+06,-1.23585E+02
2.4415970E+06,-9.64254E+01
2.4417877E+06,-9.40454E+01
2.4419785E+06,-9.50054E+01
2.4421692E+06,-9.44654E+01
2.4423599E+06,-9.28254E+01
2.4425507E+06,-9.57854E+01
2.4427414E+06,-1.00745E+02
2.4429321E+06,-9.86254E+01
2.4431229E+06,-9.71854E+01
2.4433136E+06,-9.50654E+01
2.4435043E+06,-1.14765E+02
2.4436951E+06,-9.70654E+01
2.4438858E+06,-1.00125E+02
2.4440765E+06,-1.00045E+02
2.4442673E+06,-1.01645E+02
2.4444580E+06,-9.67454E+01
2.4446487E+06,-9.99454E+01
2.4448395E+06,-1.02365E+02
2.4450302E+06,-9.97254E+01
2.4452209E+06,-9.57054E+01
2.4454117E+06,-9.48454E+01
2.4456024E+06,-1.02505E+02
2.4457932E+06,-9.94054E+01
2.4459839E+06,-9.49854E+01
2.4461746E+06,-1.03265E+02
2.4463654E+06,-1.08585E+02
2.4465561E+06,-9.72254E+01
2.4467468E+06,-9.38854E+01
2.4469376E+06,-9.17054E+01
2.4471283E+06,-9.52254E+01
2.4473190E+06,-9.85454E+01
2.4475098E+06,-1.10745E+02
2.4477005E+06,-9.42854E+01
2.4478912E+06,-9.19454E+01
2.4480820E+06,-9.14454E+01
2.4482727E+06,-9.08654E+01
2.4484634E+06,-1.00025E+02
2.4486542E+06,-9.76454E+01
2.4488449E+06,-9.38054E+01
2.4490356E+06,-9.77654E+01
2.4492264E+06,-1.24085E+02
2.4494171E+06,-1.04485E+02
2.4496078E+06,-1.04645E+02
2.4497986E+06,-9.59254E+01
2.4499893E+06,-8.98854E+01
2.4501801E+06,-9.72854E+01
2.4503708E+06,-9.14054E+01
2.4505615E+06,-9.15454E+01
2.4507523E+06,-9.62454E+01
2.4509430E+06,-9.59254E+01
2.4511337E+06,-9.33054E+01
2.4513245E+06,-9.88454E+01
2.4515152E+06,-9.89854E+01
2.4517059E+06,-9.93054E+01
2.4518967E+06,-9.70654E+01
2.4520874E+06,-9.98854E+01
2.4522781E+06,-9.63854E+01
2.4524689E+06,-9.43654E+01
2.4526596E+06,-9.71454E+01
2.4528503E+06,-9.93254E+01
2.4530411E+06,-9.61254E+01
2.4532318E+06,-9.54254E+01
2.4534225E+06,-1.03025E+02
2.4536133E+06,-1.02705E+02
2.4538040E+06,-1.02745E+02
2.4539948E+06,-1.04865E+02
2.4541855E+06,-1.04145E+02
2.4543762E+06,-9.76054E+01
2.4545670E+06,-9.26854E+01
2.4547577E+06,-9.21654E+01
2.4549484E+06,-9.69054E+01
2.4551392E+06,-9.77854E+01
2.4553299E+06,-9.54654E+01
2.4555206E+06,-9.69254E+01
2.4557114E+06,-9.57254E+01
2.4559021E+06,-1.06185E+02
2.4560928E+06,-9.47054E+01
2.4562836E+06,-9.43454E+01
2.4564743E+06,-9.30254E+01
2.4566650E+06,-9.44054E+01
2.4568558E+06,-9.65654E+01
2.4570465E+06,-1.00525E+02
2.4572372E+06,-9.96254E+01
2.4574280E+06,-9.81654E+01
2.4576187E+06,-1.01705E+02
2.4578094E+06,-1.24265E+02
2.4580002E+06,-1.17485E+02
2.4581909E+06,-1.08985E+02
2.4583817E+06,-1.06945E+02
2.4585724E+06,-1.11665E+02
2.4587631E+06,-1.01005E+02
2.4589539E+06,-9.95854E+01
2.4591446E+06,-9.90254E+01
2.4593353E+06,-9.58654E+01
2.4595261E+06,-1.06565E+02
2.4597168E+06,-1.12385E+02
2.4599075E+06,-1.05405E+02
2.4600983E+06,-9.91254E+01
2.4602890E+06,-9.84654E+01
2.4604797E+06,-9.78854E+01
2.4606705E+06,-1.00025E+02
2.4608612E+06,-9.60054E+01
2.4610519E+06,-9.39254E+01
2.4612427E+06,-9.20854E+01
2.4614334E+06,-9.26254E+01
2.4616241E+06,-1.02905E+02
2.4618149E+06,-9.71854E+01
2.4620056E+06,-1.02565E+02
2.4621964E+06,-9.56854E+01
2.4623871E+06,-9.29854E+01
2.4625778E+06,-1.00725E+02
2.4627686E+06,-9.65254E+01
2.4629593E+06,-1.17245E+02
2.4631500E+06,-9.91454E+01
2.4633408E+06,-9.17854E+01
2.4635315E+06,-9.25254E+01
2.4637222E+06,-9.62454E+01
2.4639130E+06,-9.58454E+01
2.4641037E+06,-9.69054E+01
2.4642944E+06,-1.02385E+02
2.4644852E+06,-1.03885E+02
2.4646759E+06,-9.43054E+01
2.4648666E+06,-9.23854E+01
2.4650574E+06,-9.76054E+01
2.4652481E+06,-9.55254E+01
2.4654388E+06,-9.33654E+01
2.4656296E+06,-9.57654E+01
2.4658203E+06,-9.77054E+01
2.4660110E+06,-1.06465E+02
2.4662018E+06,-9.86654E+01
2.4663925E+06,-9.29254E+01
2.4665833E+06,-9.21654E+01
2.4667740E+06,-9.78254E+01
2.4669647E+06,-9.84654E+01
2.4671555E+06,-9.91254E+01
2.4673462E+06,-1.06565E+02
2.4675369E+06,-9.83854E+01
2.4677277E+06,-9.49854E+01
2.4679184E+06,-9.51454E+01
2.4681091E+06,-9.63854E+01
2.4682999E+06,-9.38054E+01
2.4684906E+06,-9.71054E+01
2.4686813E+06,-1.05465E+02
2.4688721E+06,-1.03845E+02
2.4690628E+06,-1.00285E+02
2.4692535E+06,-9.88454E+01
2.4694443E+06,-1.01705E+02
2.4696350E+06,-1.01385E+02
2.4698257E+06,-9.85654E+01
2.4700165E+06,-1.02985E+02
2.4702072E+06,-9.89854E+01
2.4703979E+06,-9.65654E+01
2.4705887E+06,-9.40854E+01
2.4707794E+06,-9.68454E+01
2.4709702E+06,-1.05045E+02
2.4711609E+06,-1.05445E+02
2.4713516E+06,-9.89454E+01
2.4715424E+06,-9.95654E+01
2.4717331E+06,-1.00985E+02
2.4719238E+06,-1.00285E+02
2.4721146E+06,-9.42854E+01
2.4723053E+06,-9.88454E+01
2.4724960E+06,-1.05745E+02
2.4726868E+06,-1.00085E+02
2.4728775E+06,-9.98054E+01
2.4730682E+06,-9.91254E+01
2.4732590E+06,-1.00285E+02
2.4734497E+06,-9.91254E+01
2.4736404E+06,-9.94854E+01
2.4738312E+06,-9.88454E+01
2.4740219E+06,-1.07585E+02
2.4742126E+06,-9.81054E+01
2.4744034E+06,-9.42854E+01
2.4745941E+06,-9.22054E+01
2.4747849E+06,-9.66454E+01
2.4749756E+06,-1.00785E+02
2.4751663E+06,-9.67454E+01
2.4753571E+06,-1.02125E+02
2.4755478E+06,-9.98054E+01
2.4757385E+06,-9.72854E+01
2.4759293E+06,-9.78454E+01
2.4761200E+06,-9.43654E+01
2.4763107E+06,-1.06685E+02
2.4765015E+06,-9.78654E+01
2.4766922E+06,-9.36654E+01
2.4768829E+06,-9.44654E+01
2.4770737E+06,-9.52654E+01
2.4772644E+06,-9.07854E+01
2.4774551E+06,-9.10454E+01
2.4776459E+06,-9.46654E+01
2.4778366E+06,-1.00185E+02
2.4780273E+06,-1.00765E+02
2.4782181E+06,-9.40054E+01
2.4784088E+06,-9.10054E+01
2.4785995E+06,-9.24254E+01
2.4787903E+06,-9.95454E+01
2.4789810E+06,-1.00845E+02
2.4791718E+06,-9.96054E+01
2.4793625E+06,-1.02965E+02
2.4795532E+06,-1.03625E+02
2.4797440E+06,-9.56054E+01
2.4799347E+06,-1.01425E+02
2.4801254E+06,-9.90254E+01
2.4803162E+06,-9.68254E+01
2.4805069E+06,-1.01985E+02
2.4806976E+06,-9.95654E+01
2.4808884E+06,-9.93654E+01
2.4810791E+06,-9.76654E+01
2.4812698E+06,-9.25054E+01
2.4814606E+06,-9.86454E+01
2.4816513E+06,-1.14045E+02
2.4818420E+06,-1.01505E+02
2.4820328E+06,-9.96854E+01
2.4822235E+06,-1.01385E+02
2.4824142E+06,-9.71654E+01
2.4826050E+06,-1.01045E+02
2.4827957E+06,-9.76854E+01
2.4829865E+06,-9.43654E+01
2.4831772E+06,-9.18654E+01
2.4833679E+06,-9.53454E+01
2.4835587E+06,-9.73654E+01
2.4837494E+06,-9.25654E+01
2.4839401E+06,-9.59854E+01
2.4841309E+06,-1.02645E+02
2.4843216E+06,-1.08405E+02
2.4845123E+06,-1.05285E+02
2.4847031E+06,-1.00785E+02
2.4848938E+06,-9.88854E+01
2.4850845E+06,-1.00345E+02
2.4852753E+06,-9.45654E+01
2.4854660E+06,-1.00325E+02
2.4856567E+06,-1.01165E+02
2.4858475E+06,-1.13225E+02
2.4860382E+06,-9.64054E+01
2.4862289E+06,-9.36254E+01
2.4864197E+06,-9.46454E+01
2.4866104E+06,-1.00345E+02
2.4868011E+06,-1.01705E+02
2.4869919E+06,-1.27105E+02
2.4871826E+06,-9.71054E+01
2.4873734E+06,-1.01585E+02
2.4875641E+06,-9.91254E+01
2.4877548E+06,-9.98654E+01
2.4879456E+06,-9.95454E+01
2.4881363E+06,-1.05385E+02
2.4883270E+06,-9.71254E+01
2.4885178E+06,-1.02205E+02
2.4887085E+06,-1.04585E+02
2.4888992E+06,-9.67654E+01
2.4890900E+06,-9.36654E+01
2.4892807E+06,-1.21345E+02
2.4894714E+06,-9.65254E+01
2.4896622E+06,-1.00625E+02
2.4898529E+06,-9.65654E+01
2.4900436E+06,-9.34054E+01
2.4902344E+06,-9.41854E+01
2.4904251E+06,-9.63254E+01
2.4906158E+06,-9.72854E+01
2.4908066E+06,-9.78454E+01
2.4909973E+06,-9.60854E+01
2.4911880E+06,-9.59454E+01
2.4913788E+06,-1.04265E+02
2.4915695E+06,-1.05225E+02
2.4917603E+06,-9.99854E+01
2.4919510E+06,-9.67654E+01
2.4921417E+06,-1.00125E+02
2.4923325E+06,-1.03505E+02
2.4925232E+06,-1.02425E+02
2.4927139E+06,-1.12365E+02
2.4929047E+06,-1.01905E+02
2.4930954E+06,-9.93054E+01
2.4932861E+06,-1.01205E+02
2.4934769E+06,-1.04085E+02
2.4936676E+06,-1.11625E+02
2.4938583E+06,-1.12905E+02
2.4940491E+06,-1.05405E+02
2.4942398E+06,-1.14185E+02
2.4944305E+06,-1.01825E+02
2.4946213E+06,-1.00685E+02
2.4948120E+06,-1.03185E+02
2.4950027E+06,-1.18025E+02
2.4951935E+06,-1.00285E+02
2.4953842E+06,-1.01305E+02
2.4955750E+06,-9.88054E+01
2.4957657E+06,-9.40854E+01
2.4959564E+06,-9.59854E+01
2.4961472E+06,-9.73454E+01
2.4963379E+06,-9.92054E+01
2.4965286E+06,-9.29654E+01
2.4967194E+06,-1.04525E+02
2.4969101E+06,-9.83254E+01
2.4971008E+06,-1.01625E+02
2.4972916E+06,-1.06585E+02
2.4974823E+06,-1.06485E+02
2.4976730E+06,-1.01785E+02
2.4978638E+06,-9.68054E+01
2.4980545E+06,-1.03705E+02
2.4982452E+06,-1.13665E+02
2.4984360E+06,-9.58854E+01
2.4986267E+06,-8.34454E+01
2.4988174E+06,-8.30254E+01
2.4990082E+06,-9.14254E+01
2.4991989E+06,-1.03325E+02
2.4993896E+06,-1.05305E+02
2.4995804E+06,-1.02805E+02
2.4997711E+06,-8.56854E+01
2.4999619E+06,-7.62654E+01
2.5001526E+06,-7.91854E+01
2.5003433E+06,-9.63854E+01
2.5005341E+06,-8.96054E+01
2.5007248E+06,-8.88054E+01
2.5009155E+06,-8.36254E+01
2.5011063E+06,-7.78054E+01
2.5012970E+06,-8.07454E+01
2.5014877E+06,-9.19054E+01
2.5016785E+06,-9.53654E+01
2.5018692E+06,-1.00045E+02
2.5020599E+06,-9.70454E+01
2.5022507E+06,-9.59454E+01
2.5024414E+06,-1.06145E+02
2.5026321E+06,-1.00525E+02
2.5028229E+06,-1.09725E+02
2.5030136E+06,-9.91854E+01
2.5032043E+06,-1.03885E+02
2.5033951E+06,-9.71854E+01
2.5035858E+06,-1.06165E+02
2.5037766E+06,-9.71854E+01
2.5039673E+06,-9.73654E+01
2.5041580E+06,-1.01345E+02
2.5043488E+06,-9.99054E+01
2.5045395E+06,-1.15665E+02
2.5047302E+06,-1.32125E+02
2.5049210E+06,-1.02985E+02
2.5051117E+06,-9.75654E+01
2.5053024E+06,-9.35854E+01
2.5054932E+06,-1.06945E+02
2.5056839E+06,-1.01785E+02
2.5058746E+06,-9.74054E+01
2.5060654E+06,-1.08265E+02
2.5062561E+06,-1.09945E+02
2.5064468E+06,-1.10205E+02
2.5066376E+06,-1.03365E+02
2.5068283E+06,-1.01425E+02
2.5070190E+06,-9.75654E+01
2.5072098E+06,-9.65054E+01
2.5074005E+06,-1.08625E+02
2.5075912E+06,-1.02525E+02
2.5077820E+06,-9.69854E+01
2.5079727E+06,-9.48254E+01
2.5081635E+06,-1.07065E+02
2.5083542E+06,-9.52654E+01
2.5085449E+06,-9.43254E+01
2.5087357E+06,-9.66854E+01
2.5089264E+06,-9.32654E+01
2.5091171E+06,-9.06454E+01
2.5093079E+06,-9.45854E+01
2.5094986E+06,-1.01205E+02
2.5096893E+06,-9.89454E+01
2.5098801E+06,-9.96054E+01
2.5100708E+06,-9.78054E+01
2.5102615E+06,-9.33054E+01
2.5104523E+06,-9.26254E+01
2.5106430E+06,-1.02285E+02
2.5108337E+06,-1.02765E+02
2.5110245E+06,-1.00925E+02
2.5112152E+06,-9.45454E+01
2.5114059E+06,-9.51054E+01
2.5115967E+06,-9.81854E+01
2.5117874E+06,-9.75254E+01
2.5119781E+06,-9.23654E+01
2.5121689E+06,-9.41454E+01
2.5123596E+06,-9.76854E+01
2.5125504E+06,-1.02205E+02
2.5127411E+06,-9.83454E+01
2.5129318E+06,-1.08265E+02
2.5131226E+06,-1.13085E+02
2.5133133E+06,-9.81654E+01
2.5135040E+06,-9.71654E+01
2.5136948E+06,-1.13805E+02
2.5138855E+06,-1.07425E+02
2.5140762E+06,-9.81854E+01
2.5142670E+06,-9.11254E+01
2.5144577E+06,-9.83454E+01
2.5146484E+06,-1.09205E+02
2.5148392E+06,-1.03765E+02
2.5150299E+06,-1.00745E+02
2.5152206E+06,-9.97854E+01
2.5154114E+06,-9.65454E+01
2.5156021E+06,-9.83854E+01
2.5157928E+06,-1.03125E+02
2.5159836E+06,-1.04745E+02
2.5161743E+06,-1.04825E+02
2.5163651E+06,-1.04865E+02
2.5165558E+06,-9.65254E+01
2.5167465E+06,-9.24254E+01
2.5169373E+06,-9.75254E+01
2.5171280E+06,-9.74654E+01
2.5173187E+06,-9.51054E+01
2.5175095E+06,-9.76054E+01
2.5177002E+06,-9.62454E+01
2.5178909E+06,-1.04645E+02
2.5180817E+06,-1.03625E+02
2.5182724E+06,-1.03465E+02
2.5184631E+06,-1.06625E+02
2.5186539E+06,-1.01485E+02
2.5188446E+06,-1.04645E+02
2.5190353E+06,-9.79854E+01
2.5192261E+06,-9.15254E+01
2.5194168E+06,-9.06054E+01
2.5196075E+06,-9.69654E+01
2.5197983E+06,-1.02285E+02
2.5199890E+06,-1.17625E+02
2.5201797E+06,-9.80054E+01
2.5203705E+06,-9.55654E+01
2.5205612E+06,-9.06654E+01
2.5207520E+06,-9.00854E+01
2.5209427E+06,-9.31254E+01
2.5211334E+06,-9.37654E+01
2.5213242E+06,-9.85654E+01
2.5215149E+06,-1.09965E+02
2.5217056E+06,-1.02285E+02
2.5218964E+06,-1.02205E+02
2.5220871E+06,-9.65654E+01
2.5222778E+06,-9.33054E+01
2.5224686E+06,-9.38054E+01
2.5226593E+06,-9.52454E+01
2.5228500E+06,-9.46654E+01
2.5230408E+06,-9.62054E+01
2.5232315E+06,-9.95854E+01
2.5234222E+06,-1.04845E+02
2.5236130E+06,-1.03025E+02
2.5238037E+06,-9.73854E+01
2.5239944E+06,-9.48454E+01
2.5241852E+06,-9.73254E+01
2.5243759E+06,-9.60454E+01
2.5245667E+06,-9.59654E+01
2.5247574E+06,-9.97854E+01
2.5249481E+06,-9.63454E+01
2.5251389E+06,-1.00485E+02
2.5253296E+06,-1.07465E+02
2.5255203E+06,-9.42254E+01
2.5257111E+06,-9.28654E+01
2.5259018E+06,-1.03765E+02
2.5260925E+06,-1.03325E+02
2.5262833E+06,-9.94854E+01
2.5264740E+06,-9.86454E+01
2.5266647E+06,-9.95454E+01
2.5268555E+06,-9.61454E+01
2.5270462E+06,-9.80654E+01
2.5272369E+06,-9.63054E+01
2.5274277E+06,-9.65054E+01
2.5276184E+06,-1.01205E+02
2.5278091E+06,-9.76254E+01
2.5279999E+06,-1.01085E+02
2.5281906E+06,-1.04725E+02
2.5283813E+06,-9.81654E+01
2.5285721E+06,-9.93054E+01
2.5287628E+06,-1.15565E+02
2.5289536E+06,-1.04485E+02
2.5291443E+06,-1.12925E+02
2.5293350E+06,-9.97854E+01
2.5295258E+06,-9.87454E+01
2.5297165E+06,-9.65454E+01
2.5299072E+06,-1.01585E+02
2.5300980E+06,-1.10445E+02
2.5302887E+06,-9.74254E+01
2.5304794E+06,-9.99254E+01
2.5306702E+06,-1.01785E+02
2.5308609E+06,-9.50054E+01
2.5310516E+06,-9.57654E+01
2.5312424E+06,-9.83454E+01
2.5314331E+06,-1.10825E+02
2.5316238E+06,-9.80854E+01
2.5318146E+06,-1.01005E+02
2.5320053E+06,-1.09845E+02
2.5321960E+06,-1.10165E+02
2.5323868E+06,-9.87654E+01
2.5325775E+06,-9.93054E+01
2.5327682E+06,-9.94654E+01
2.5329590E+06,-1.01485E+02
2.5331497E+06,-9.84654E+01
2.5333405E+06,-9.63054E+01
2.5335312E+06,-9.69854E+01
2.5337219E+06,-1.02205E+02
2.5339127E+06,-9.42254E+01
2.5341034E+06,-9.68054E+01
2.5342941E+06,-1.22425E+02
2.5344849E+06,-9.79854E+01
2.5346756E+06,-9.35854E+01
2.5348663E+06,-9.42254E+01
2.5350571E+06,-9.89654E+01
2.5352478E+06,-9.74054E+01
2.5354385E+06,-1.03845E+02
2.5356293E+06,-9.97054E+01
2.5358200E+06,-1.09705E+02
2.5360107E+06,-1.00825E+02
2.5362015E+06,-9.69254E+01
2.5363922E+06,-9.35054E+01
2.5365829E+06,-9.28254E+01
2.5367737E+06,-9.48854E+01
2.5369644E+06,-9.84854E+01
2.5371552E+06,-9.92054E+01
2.5373459E+06,-9.89654E+01
2.5375366E+06,-9.93854E+01
2.5377274E+06,-1.03925E+02
2.5379181E+06,-1.05205E+02
2.5381088E+06,-9.80454E+01
2.5382996E+06,-1.00365E+02
2.5384903E+06,-1.02045E+02
2.5386810E+06,-1.07505E+02
2.5388718E+06,-9.68454E+01
2.5390625E+06,-9.73454E+01
2.5392532E+06,-1.00225E+02
2.5394440E+06,-9.85854E+01
2.5396347E+06,-1.00825E+02
2.5398254E+06,-9.65454E+01
2.5400162E+06,-1.02385E+02
2.5402069E+06,-9.76454E+01
2.5403976E+06,-9.37654E+01
2.5405884E+06,-9.76254E+01
2.5407791E+06,-1.02585E+02
2.5409698E+06,-1.01205E+02
2.5411606E+06,-1.05945E+02
2.5413513E+06,-1.00205E+02
2.5415421E+06,-9.93854E+01
2.5417328E+06,-1.06685E+02
2.5419235E+06,-9.65654E+01
2.5421143E+06,-9.66254E+01
2.5423050E+06,-9.88654E+01
2.5424957E+06,-1.02425E+02
2.5426865E+06,-9.95054E+01
2.5428772E+06,-9.77054E+01
2.5430679E+06,-1.11385E+02
2.5432587E+06,-9.21454E+01
2.5434494E+06,-9.22254E+01
2.5436401E+06,-9.87054E+01
2.5438309E+06,-9.94454E+01
2.5440216E+06,-1.02645E+02
2.5442123E+06,-1.04885E+02
2.5444031E+06,-9.94454E+01
2.5445938E+06,-9.80454E+01
2.5447845E+06,-9.94454E+01
2.5449753E+06,-9.84854E+01
2.5451660E+06,-9.76454E+01
2.5453568E+06,-1.01745E+02
2.5455475E+06,-1.00785E+02
2.5457382E+06,-1.00045E+02
2.5459290E+06,-9.88254E+01
2.5461197E+06,-9.62454E+01
2.5463104E+06,-9.75254E+01
2.5465012E+06,-1.02805E+02
2.5466919E+06,-1.04005E+02
2.5468826E+06,-9.64054E+01
2.5470734E+06,-9.85054E+01
2.5472641E+06,-9.77854E+01
2.5474548E+06,-9.46454E+01
2.5476456E+06,-1.00165E+02
2.5478363E+06,-1.01645E+02
2.5480270E+06,-1.00565E+02
2.5482178E+06,-9.90654E+01
2.5484085E+06,-9.93054E+01
2.5485992E+06,-9.96254E+01
2.5487900E+06,-9.60654E+01
2.5489807E+06,-9.21254E+01
2.5491714E+06,-9.70654E+01
2.5493622E+06,-9.76854E+01
2.5495529E+06,-9.86254E+01
2.5497437E+06,-1.01445E+02
2.5499344E+06,-9.73454E+01
2.5501251E+06,-1.03925E+02
2.5503159E+06,-1.12645E+02
2.5505066E+06,-9.87054E+01
2.5506973E+06,-9.22854E+01
2.5508881E+06,-9.23654E+01
2.5510788E+06,-9.48454E+01
2.5512695E+06,-9.66654E+01
2.5514603E+06,-9.35854E+01
2.5516510E+06,-9.33654E+01
2.5518417E+06,-9.92854E+01
2.5520325E+06,-1.11805E+02
2.5522232E+06,-1.01485E+02
2.5524139E+06,-1.01045E+02
2.5526047E+06,-1.05505E+02
2.5527954E+06,-1.07065E+02
2.5529861E+06,-1.04525E+02
2.5531769E+06,-1.00005E+02
2.5533676E+06,-9.61254E+01
2.5535583E+06,-9.73454E+01
2.5537491E+06,-9.81854E+01
2.5539398E+06,-9.85454E+01
2.5541306E+06,-1.11905E+02
2.5543213E+06,-1.07645E+02
2.5545120E+06,-9.99254E+01
2.5547028E+06,-9.73854E+01
2.5548935E+06,-1.07505E+02
2.5550842E+06,-1.24605E+02
2.5552750E+06,-9.91254E+01
2.5554657E+06,-9.38854E+01
2.5556564E+06,-9.10654E+01
2.5558472E+06,-9.45254E+01
2.5560379E+06,-1.01125E+02
2.5562286E+06,-1.12585E+02
2.5564194E+06,-9.64254E+01
2.5566101E+06,-9.50054E+01
2.5568008E+06,-9.82654E+01
2.5569916E+06,-1.04285E+02
2.5571823E+06,-9.98654E+01
2.5573730E+06,-9.81854E+01
2.5575638E+06,-9.75254E+01
2.5577545E+06,-9.52454E+01
2.5579453E+06,-9.57054E+01
2.5581360E+06,-1.18125E+02
2.5583267E+06,-9.84054E+01
2.5585175E+06,-9.81654E+01
2.5587082E+06,-1.06525E+02
2.5588989E+06,-1.10585E+02
2.5590897E+06,-1.06185E+02
2.5592804E+06,-1.16705E+02
2.5594711E+06,-9.86254E+01
2.5596619E+06,-1.02125E+02
2.5598526E+06,-1.04225E+02
2.5600433E+06,-1.01345E+02
2.5602341E+06,-1.05605E+02
2.5604248E+06,-9.96654E+01
2.5606155E+06,-9.49854E+01
2.5608063E+06,-9.96454E+01
2.5609970E+06,-9.77454E+01
2.5611877E+06,-9.85054E+01
2.5613785E+06,-9.49454E+01
2.5615692E+06,-9.76454E+01
2.5617599E+06,-9.76654E+01
2.5619507E+06,-9.80254E+01
2.5621414E+06,-9.59254E+01
2.5623322E+06,-9.86254E+01
2.5625229E+06,-1.07065E+02
2.5627136E+06,-1.09565E+02
2.5629044E+06,-9.69254E+01
2.5630951E+06,-9.78054E+01
2.5632858E+06,-1.01545E+02
2.5634766E+06,-9.77254E+01
2.5636673E+06,-1.03225E+02
2.5638580E+06,-1.17025E+02
2.5640488E+06,-1.09565E+02
2.5642395E+06,-9.68454E+01
2.5644302E+06,-9.41454E+01
2.5646210E+06,-1.02565E+02
2.5648117E+06,-9.95054E+01
2.5650024E+06,-9.73254E+01
2.5651932E+06,-1.02685E+02
2.5653839E+06,-1.04385E+02
2.5655746E+06,-1.09045E+02
2.5657654E+06,-1.01785E+02
2.5659561E+06,-1.00765E+02
2.5661469E+06,-1.02525E+02
2.5663376E+06,-9.86854E+01
2.5665283E+06,-9.61454E+01
2.5667191E+06,-9.60654E+01
2.5669098E+06,-9.59454E+01
2.5671005E+06,-1.00405E+02
2.5672913E+06,-1.07245E+02
2.5674820E+06,-1.05005E+02
2.5676727E+06,-1.03725E+02
2.5678635E+06,-1.05565E+02
2.5680542E+06,-1.00225E+02
2.5682449E+06,-1.03625E+02
2.5684357E+06,-9.62454E+01
2.5686264E+06,-9.99654E+01
2.5688171E+06,-9.84854E+01
2.5690079E+06,-1.12365E+02
2.5691986E+06,-9.35054E+01
2.5693893E+06,-9.50654E+01
2.5695801E+06,-1.03025E+02
2.5697708E+06,-9.49454E+01
2.5699615E+06,-9.57654E+01
2.5701523E+06,-1.05185E+02
2.5703430E+06,-1.01825E+02
2.5705338E+06,-9.85054E+01
2.5707245E+06,-1.03325E+02
2.5709152E+06,-1.03665E+02
2.5711060E+06,-1.03305E+02
2.5712967E+06,-9.91054E+01
2.5714874E+06,-1.01065E+02
2.5716782E+06,-1.13445E+02
2.5718689E+06,-1.09045E+02
2.5720596E+06,-1.10585E+02
2.5722504E+06,-1.09385E+02
2.5724411E+06,-1.02525E+02
2.5726318E+06,-9.81454E+01
2.5728226E+06,-9.66254E+01
2.5730133E+06,-9.71254E+01
2.5732040E+06,-1.03065E+02
2.5733948E+06,-1.01805E+02
2.5735855E+06,-9.67854E+01
2.5737762E+06,-9.79454E+01
2.5739670E+06,-9.77454E+01
2.5741577E+06,-9.42254E+01
2.5743484E+06,-9.33054E+01
2.5745392E+06,-9.37654E+01
2.5747299E+06,-1.02745E+02
2.5749207E+06,-9.83254E+01
2.5751114E+06,-9.56254E+01
2.5753021E+06,-1.02745E+02
2.5754929E+06,-1.01365E+02
2.5756836E+06,-1.00885E+02
2.5758743E+06,-9.76854E+01
2.5760651E+06,-9.78054E+01
2.5762558E+06,-9.67654E+01
2.5764465E+06,-9.55054E+01
2.5766373E+06,-1.04825E+02
2.5768280E+06,-1.00365E+02
2.5770187E+06,-1.06925E+02
2.5772095E+06,-9.53454E+01
2.5774002E+06,-9.86654E+01
2.5775909E+06,-1.02825E+02
2.5777817E+06,-9.88054E+01
2.5779724E+06,-9.43654E+01
2.5781631E+06,-9.81454E+01
2.5783539E+06,-9.65854E+01
2.5785446E+06,-9.55854E+01
2.5787354E+06,-1.11745E+02
2.5789261E+06,-1.08045E+02
2.5791168E+06,-1.09705E+02
2.5793076E+06,-9.90854E+01
2.5794983E+06,-9.66454E+01
2.5796890E+06,-9.77054E+01
2.5798798E+06,-1.04605E+02
2.5800705E+06,-9.47254E+01
2.5802612E+06,-9.28254E+01
2.5804520E+06,-9.40854E+01
2.5806427E+06,-9.88654E+01
2.5808334E+06,-1.01825E+02
2.5810242E+06,-1.05385E+02
2.5812149E+06,-9.85454E+01
2.5814056E+06,-1.05065E+02
2.5815964E+06,-9.90454E+01
2.5817871E+06,-9.53454E+01
2.5819778E+06,-9.28654E+01
2.5821686E+06,-9.38854E+01
2.5823593E+06,-9.83254E+01
2.5825500E+06,-1.01885E+02
2.5827408E+06,-9.71254E+01
2.5829315E+06,-9.54654E+01
2.5831223E+06,-1.00325E+02
2.5833130E+06,-1.09445E+02
2.5835037E+06,-9.83854E+01
2.5836945E+06,-9.70254E+01
2.5838852E+06,-1.00685E+02
2.5840759E+06,-9.80054E+01
2.5842667E+06,-9.73254E+01
2.5844574E+06,-9.38454E+01
2.5846481E+06,-1.03325E+02
2.5848389E+06,-9.49454E+01
2.5850296E+06,-1.07025E+02
2.5852203E+06,-9.32654E+01
2.5854111E+06,-9.33654E+01
2.5856018E+06,-1.01865E+02
2.5857925E+06,-9.79254E+01
2.5859833E+06,-9.53054E+01
2.5861740E+06,-9.50054E+01
2.5863647E+06,-9.64254E+01
2.5865555E+06,-1.02045E+02
2.5867462E+06,-9.68454E+01
2.5869370E+06,-9.50454E+01
2.5871277E+06,-1.00465E+02
2.5873184E+06,-1.00585E+02
2.5875092E+06,-9.76654E+01
2.5876999E+06,-9.64654E+01
2.5878906E+06,-1.03405E+02
2.5880814E+06,-1.00485E+02
2.5882721E+06,-9.50454E+01
2.5884628E+06,-9.40454E+01
2.5886536E+06,-9.93054E+01
2.5888443E+06,-1.08825E+02
2.5890350E+06,-1.00985E+02
2.5892258E+06,-1.01425E+02
2.5894165E+06,-1.11945E+02
2.5896072E+06,-9.81454E+01
2.5897980E+06,-9.38054E+01
2.5899887E+06,-9.55454E+01
2.5901794E+06,-1.01685E+02
2.5903702E+06,-9.66454E+01
2.5905609E+06,-9.62454E+01
2.5907516E+06,-1.02985E+02
2.5909424E+06,-9.27654E+01
2.5911331E+06,-9.15454E+01
2.5913239E+06,-9.28254E+01
2.5915146E+06,-9.61854E+01
2.5917053E+06,-1.14265E+02
2.5918961E+06,-1.08585E+02
2.5920868E+06,-1.04285E+02
2.5922775E+06,-9.72854E+01
2.5924683E+06,-9.76854E+01
2.5926590E+06,-1.03305E+02
2.5928497E+06,-1.06205E+02
2.5930405E+06,-9.67454E+01
2.5932312E+06,-9.39254E+01
2.5934219E+06,-9.60254E+01
2.5936127E+06,-9.17654E+01
2.5938034E+06,-9.01854E+01
2.5939941E+06,-9.56854E+01
2.5941849E+06,-9.57454E+01
2.5943756E+06,-9.72454E+01
2.5945663E+06,-1.03765E+02
2.5947571E+06,-9.91054E+01
2.5949478E+06,-9.59854E+01
2.5951385E+06,-9.70054E+01
2.5953293E+06,-9.91854E+01
2.5955200E+06,-9.81054E+01
2.5957108E+06,-1.00845E+02
2.5959015E+06,-1.08345E+02
2.5960922E+06,-1.03365E+02
2.5962830E+06,-1.07285E+02
2.5964737E+06,-1.13065E+02
2.5966644E+06,-1.09945E+02
2.5968552E+06,-9.96654E+01
2.5970459E+06,-9.59054E+01
2.5972366E+06,-1.04185E+02
2.5974274E+06,-9.58254E+01
2.5976181E+06,-9.35854E+01
2.5978088E+06,-9.48054E+01
2.5979996E+06,-9.33254E+01
2.5981903E+06,-9.55654E+01
2.5983810E+06,-1.00765E+02
2.5985718E+06,-1.05325E+02
2.5987625E+06,-9.79454E+01
2.5989532E+06,-9.53654E+01
2.5991440E+06,-9.50054E+01
2.5993347E+06,-9.38054E+01
2.5995255E+06,-1.01565E+02
2.5997162E+06,-9.33054E+01
2.5999069E+06,-8.24454E+01
2.6000977E+06,-8.26454E+01
2.6002884E+06,-1.01585E+02
2.6004791E+06,-9.61254E+01
2.6006699E+06,-9.83254E+01
2.6008606E+06,-1.04525E+02
2.6010513E+06,-9.47054E+01
2.6012421E+06,-1.02165E+02
2.6014328E+06,-1.00805E+02
2.6016235E+06,-1.01765E+02
2.6018143E+06,-1.00625E+02
2.6020050E+06,-1.04345E+02
2.6021957E+06,-1.01805E+02
2.6023865E+06,-1.01805E+02
2.6025772E+06,-9.74654E+01
2.6027679E+06,-9.56054E+01
2.6029587E+06,-1.03305E+02
2.6031494E+06,-1.03445E+02
2.6033401E+06,-9.96454E+01
2.6035309E+06,-1.02505E+02
2.6037216E+06,-1.04045E+02
2.6039124E+06,-1.05365E+02
2.6041031E+06,-9.86854E+01
2.6042938E+06,-1.08745E+02
2.6044846E+06,-1.01525E+02
2.6046753E+06,-1.02645E+02
2.6048660E+06,-1.07845E+02
2.6050568E+06,-1.01005E+02
2.6052475E+06,-1.05905E+02
2.6054382E+06,-1.08925E+02
2.6056290E+06,-1.05685E+02
2.6058197E+06,-1.00925E+02
2.6060104E+06,-1.02125E+02
2.6062012E+06,-9.93254E+01
2.6063919E+06,-9.20454E+01
2.6065826E+06,-9.46254E+01
2.6067734E+06,-1.02865E+02
2.6069641E+06,-1.00445E+02
2.6071548E+06,-9.64254E+01
2.6073456E+06,-9.57054E+01
2.6075363E+06,-1.01805E+02
2.6077271E+06,-9.79854E+01
2.6079178E+06,-9.74254E+01
2.6081085E+06,-9.87854E+01
2.6082993E+06,-1.01685E+02
2.6084900E+06,-9.41454E+01
2.6086807E+06,-9.29654E+01
2.6088715E+06,-1.09745E+02
2.6090622E+06,-1.00165E+02
2.6092529E+06,-1.07665E+02
2.6094437E+06,-1.25065E+02
2.6096344E+06,-1.02225E+02
2.6098251E+06,-9.78254E+01
2.6100159E+06,-9.51054E+01
2.6102066E+06,-9.72854E+01
2.6103973E+06,-1.09445E+02
2.6105881E+06,-9.37654E+01
2.6107788E+06,-9.13054E+01
2.6109695E+06,-9.67854E+01
2.6111603E+06,-1.03225E+02
2.6113510E+06,-9.26454E+01
2.6115417E+06,-9.78654E+01
2.6117325E+06,-9.54854E+01
2.6119232E+06,-9.56454E+01
2.6121140E+06,-9.36654E+01
2.6123047E+06,-9.25654E+01
2.6124954E+06,-9.81654E+01
2.6126862E+06,-9.82254E+01
2.6128769E+06,-1.05205E+02
2.6130676E+06,-1.07065E+02
2.6132584E+06,-1.06525E+02
2.6134491E+06,-1.05305E+02
2.6136398E+06,-9.54654E+01
2.6138306E+06,-9.26454E+01
2.6140213E+06,-1.05265E+02
2.6142120E+06,-1.11285E+02
2.6144028E+06,-9.78654E+01
2.6145935E+06,-9.66654E+01
2.6147842E+06,-1.03545E+02
2.6149750E+06,-9.57854E+01
2.6151657E+06,-9.21254E+01
2.6153564E+06,-9.64454E+01
2.6155472E+06,-9.94454E+01
2.6157379E+06,-1.10725E+02
2.6159286E+06,-1.03885E+02
2.6161194E+06,-1.00085E+02
2.6163101E+06,-1.05885E+02
2.6165009E+06,-9.76054E+01
2.6166916E+06,-1.00185E+02
2.6168823E+06,-1.02125E+02
2.6170731E+06,-1.09005E+02
2.6172638E+06,-1.12165E+02
2.6174545E+06,-1.04145E+02
2.6176453E+06,-1.07045E+02
2.6178360E+06,-1.07425E+02
2.6180267E+06,-1.04285E+02
2.6182175E+06,-9.51654E+01
2.6184082E+06,-9.76054E+01
2.6185989E+06,-1.11305E+02
2.6187897E+06,-1.08365E+02
2.6189804E+06,-9.71254E+01
2.6191711E+06,-1.01645E+02
2.6193619E+06,-9.40454E+01
2.6195526E+06,-9.20654E+01
2.6197433E+06,-9.49254E+01
2.6199341E+06,-1.01705E+02
2.6201248E+06,-9.41454E+01
2.6203156E+06,-9.54054E+01
2.6205063E+06,-9.49454E+01
2.6206970E+06,-1.00225E+02
2.6208878E+06,-1.07105E+02
2.6210785E+06,-9.77254E+01
2.6212692E+06,-9.71454E+01
2.6214600E+06,-9.89654E+01
2.6216507E+06,-9.98254E+01
2.6218414E+06,-9.78854E+01
2.6220322E+06,-9.67454E+01
2.6222229E+06,-1.01645E+02
2.6224136E+06,-1.01585E+02
2.6226044E+06,-9.55054E+01
2.6227951E+06,-9.62454E+01
2.6229858E+06,-9.59054E+01
2.6231766E+06,-1.00405E+02
2.6233673E+06,-9.91054E+01
2.6235580E+06,-9.22054E+01
2.6237488E+06,-9.31854E+01
2.6239395E+06,-9.68054E+01
2.6241302E+06,-1.17645E+02
2.6243210E+06,-9.94654E+01
2.6245117E+06,-1.06665E+02
2.6247025E+06,-9.50254E+01
2.6248932E+06,-9.08054E+01
2.6250839E+06,-9.40854E+01
2.6252747E+06,-9.84654E+01
2.6254654E+06,-1.02045E+02
2.6256561E+06,-1.12705E+02
2.6258469E+06,-1.22485E+02
2.6260376E+06,-1.03545E+02
2.6262283E+06,-1.04185E+02
2.6264191E+06,-9.54254E+01
2.6266098E+06,-9.50454E+01
2.6268005E+06,-9.54854E+01
2.6269913E+06,-9.83254E+01
2.6271820E+06,-1.03505E+02
2.6273727E+06,-1.10185E+02
2.6275635E+06,-1.04645E+02
2.6277542E+06,-1.02165E+02
2.6279449E+06,-9.97254E+01
2.6281357E+06,-9.37654E+01
2.6283264E+06,-9.26454E+01
2.6285172E+06,-9.86254E+01
2.6287079E+06,-9.70654E+01
2.6288986E+06,-1.00665E+02
2.6290894E+06,-9.45654E+01
2.6292801E+06,-8.91454E+01
2.6294708E+06,-9.10854E+01
2.6296616E+06,-9.55654E+01
2.6298523E+06,-9.25654E+01
2.6300430E+06,-9.25054E+01
2.6302338E+06,-9.75854E+01
2.6304245E+06,-1.02125E+02
2.6306152E+06,-9.78054E+01
2.6308060E+06,-9.63054E+01
2.6309967E+06,-9.60454E+01
2.6311874E+06,-9.52254E+01
2.6313782E+06,-9.73254E+01
2.6315689E+06,-9.97454E+01
2.6317596E+06,-9.74854E+01
2.6319504E+06,-1.01665E+02
2.6321411E+06,-1.02585E+02
2.6323318E+06,-9.50854E+01
2.6325226E+06,-9.44454E+01
2.6327133E+06,-9.54854E+01
2.6329041E+06,-9.68454E+01
2.6330948E+06,-1.01805E+02
2.6332855E+06,-9.80854E+01
2.6334763E+06,-1.01425E+02
2.6336670E+06,-1.00065E+02
2.6338577E+06,-1.05005E+02
2.6340485E+06,-1.22485E+02
2.6342392E+06,-9.79054E+01
2.6344299E+06,-1.01205E+02
2.6346207E+06,-1.01945E+02
2.6348114E+06,-9.99054E+01
2.6350021E+06,-1.01345E+02
2.6351929E+06,-9.89254E+01
2.6353836E+06,-1.05405E+02
2.6355743E+06,-1.06385E+02
2.6357651E+06,-1.04005E+02
2.6359558E+06,-9.40454E+01
2.6361465E+06,-9.07654E+01
2.6363373E+06,-9.45854E+01
2.6365280E+06,-1.06265E+02
2.6367188E+06,-9.84854E+01
2.6369095E+06,-1.01325E+02
2.6371002E+06,-1.01385E+02
2.6372910E+06,-1.02305E+02
2.6374817E+06,-1.01825E+02
2.6376724E+06,-9.58254E+01
2.6378632E+06,-9.26254E+01
2.6380539E+06,-9.12254E+01
2.6382446E+06,-9.22054E+01
2.6384354E+06,-9.49854E+01
2.6386261E+06,-9.91254E+01
2.6388168E+06,-1.11045E+02
2.6390076E+06,-1.05005E+02
2.6391983E+06,-1.03885E+02
2.6393890E+06,-1.12245E+02
2.6395798E+06,-1.22065E+02
2.6397705E+06,-1.16105E+02
2.6399612E+06,-1.09445E+02
2.6401520E+06,-1.07325E+02
2.6403427E+06,-9.89454E+01
2.6405334E+06,-9.70054E+01
2.6407242E+06,-9.82054E+01
2.6409149E+06,-1.01825E+02
2.6411057E+06,-9.07854E+01
2.6412964E+06,-9.13654E+01
2.6414871E+06,-1.02625E+02
2.6416779E+06,-1.00365E+02
2.6418686E+06,-1.05165E+02
2.6420593E+06,-1.06225E+02
2.6422501E+06,-1.11285E+02
2.6424408E+06,-9.52654E+01
2.6426315E+06,-9.50854E+01
2.6428223E+06,-1.14145E+02
2.6430130E+06,-9.46854E+01
2.6432037E+06,-9.38054E+01
2.6433945E+06,-1.03665E+02
2.6435852E+06,-1.07705E+02
2.6437759E+06,-1.05105E+02
2.6439667E+06,-1.00245E+02
2.6441574E+06,-1.04825E+02
2.6443481E+06,-1.03625E+02
2.6445389E+06,-1.13405E+02
2.6447296E+06,-1.00385E+02
2.6449203E+06,-9.86454E+01
2.6451111E+06,-9.52054E+01
2.6453018E+06,-9.58854E+01
2.6454926E+06,-1.01345E+02
2.6456833E+06,-9.81054E+01
2.6458740E+06,-1.03125E+02
2.6460648E+06,-1.00125E+02
2.6462555E+06,-9.82254E+01
2.6464462E+06,-9.65054E+01
2.6466370E+06,-9.59254E+01
2.6468277E+06,-9.53254E+01
2.6470184E+06,-9.45654E+01
2.6472092E+06,-9.80054E+01
2.6473999E+06,-1.01345E+02
2.6475906E+06,-9.73454E+01
2.6477814E+06,-9.85254E+01
2.6479721E+06,-9.54454E+01
2.6481628E+06,-9.58454E+01
2.6483536E+06,-1.03505E+02
2.6485443E+06,-1.04365E+02
2.6487350E+06,-9.89054E+01
2.6489258E+06,-9.78854E+01
2.6491165E+06,-9.53854E+01
2.6493073E+06,-9.22854E+01
2.6494980E+06,-9.18654E+01
2.6496887E+06,-9.60054E+01
2.6498795E+06,-9.80454E+01
2.6500702E+06,-9.42654E+01
2.6502609E+06,-9.44854E+01
2.6504517E+06,-9.68454E+01
2.6506424E+06,-1.10325E+02
2.6508331E+06,-9.79254E+01
2.6510239E+06,-9.30254E+01
2.6512146E+06,-9.43654E+01
2.6514053E+06,-9.95054E+01
2.6515961E+06,-1.03665E+02
2.6517868E+06,-1.04045E+02
2.6519775E+06,-9.39654E+01
2.6521683E+06,-9.53054E+01
2.6523590E+06,-1.11885E+02
2.6525497E+06,-1.00545E+02
2.6527405E+06,-9.30654E+01
2.6529312E+06,-9.35054E+01
2.6531219E+06,-9.93654E+01
2.6533127E+06,-9.43254E+01
2.6535034E+06,-9.59654E+01
2.6536942E+06,-1.00045E+02
2.6538849E+06,-1.00765E+02
2.6540756E+06,-1.01425E+02
2.6542664E+06,-9.94654E+01
2.6544571E+06,-1.07345E+02
2.6546478E+06,-9.79854E+01
2.6548386E+06,-9.37054E+01
2.6550293E+06,-9.24854E+01
2.6552200E+06,-9.76854E+01
2.6554108E+06,-9.89854E+01
2.6556015E+06,-1.00545E+02
2.6557922E+06,-9.30854E+01
2.6559830E+06,-9.03854E+01
2.6561737E+06,-9.62654E+01
2.6563644E+06,-1.04325E+02
2.6565552E+06,-9.80454E+01
2.6567459E+06,-9.52054E+01
2.6569366E+06,-1.01445E+02
2.6571274E+06,-1.06345E+02
2.6573181E+06,-1.00185E+02
2.6575089E+06,-9.55854E+01
2.6576996E+06,-9.49254E+01
2.6578903E+06,-9.21454E+01
2.6580811E+06,-9.41854E+01
2.6582718E+06,-1.04265E+02
2.6584625E+06,-9.66654E+01
2.6586533E+06,-9.72854E+01
2.6588440E+06,-1.01965E+02
2.6590347E+06,-1.14845E+02
2.6592255E+06,-1.03065E+02
2.6594162E+06,-1.06645E+02
2.6596069E+06,-1.11285E+02
2.6597977E+06,-9.57854E+01
2.6599884E+06,-9.77054E+01
2.6601791E+06,-1.03965E+02
2.6603699E+06,-9.99854E+01
2.6605606E+06,-1.03185E+02
2.6607513E+06,-9.64454E+01
2.6609421E+06,-1.06525E+02
2.6611328E+06,-1.00545E+02
2.6613235E+06,-9.80454E+01
2.6615143E+06,-1.06945E+02
2.6617050E+06,-1.02125E+02
2.6618958E+06,-1.05185E+02
2.6620865E+06,-1.10125E+02
2.6622772E+06,-9.68854E+01
2.6624680E+06,-9.58654E+01
2.6626587E+06,-9.43054E+01
2.6628494E+06,-9.63054E+01
2.6630402E+06,-9.47054E+01
2.6632309E+06,-9.39254E+01
2.6634216E+06,-9.49654E+01
2.6636124E+06,-1.02565E+02
2.6638031E+06,-1.04305E+02
2.6639938E+06,-9.56454E+01
2.6641846E+06,-9.56654E+01
2.6643753E+06,-9.90454E+01
2.6645660E+06,-9.46654E+01
2.6647568E+06,-9.89054E+01
2.6649475E+06,-1.03545E+02
2.6651382E+06,-1.05965E+02
2.6653290E+06,-9.61654E+01
2.6655197E+06,-9.68454E+01
2.6657104E+06,-9.92854E+01
2.6659012E+06,-1.07665E+02
2.6660919E+06,-9.85454E+01
2.6662827E+06,-9.65054E+01
2.6664734E+06,-1.11745E+02
2.6666641E+06,-9.96054E+01
2.6668549E+06,-9.83654E+01
2.6670456E+06,-9.70254E+01
2.6672363E+06,-1.05065E+02
2.6674271E+06,-9.68054E+01
2.6676178E+06,-9.61054E+01
2.6678085E+06,-9.52454E+01
2.6679993E+06,-9.47654E+01
2.6681900E+06,-9.56054E+01
2.6683807E+06,-1.03125E+02
2.6685715E+06,-9.95054E+01
2.6687622E+06,-1.05065E+02
2.6689529E+06,-1.03265E+02
2.6691437E+06,-1.09445E+02
2.6693344E+06,-9.85854E+01
2.6695251E+06,-9.41454E+01
2.6697159E+06,-9.74254E+01
2.6699066E+06,-1.04665E+02
2.6700974E+06,-9.39254E+01
2.6702881E+06,-9.33054E+01
2.6704788E+06,-9.38054E+01
2.6706696E+06,-9.78454E+01
2.6708603E+06,-1.03765E+02
2.6710510E+06,-9.84654E+01
2.6712418E+06,-9.91654E+01
2.6714325E+06,-1.02805E+02
2.6716232E+06,-1.03545E+02
2.6718140E+06,-1.01525E+02
2.6720047E+06,-1.01085E+02
2.6721954E+06,-1.03925E+02
2.6723862E+06,-9.63454E+01
2.6725769E+06,-9.43654E+01
2.6727676E+06,-9.58254E+01
2.6729584E+06,-9.72454E+01
2.6731491E+06,-1.03025E+02
2.6733398E+06,-9.62454E+01
2.6735306E+06,-9.98254E+01
2.6737213E+06,-9.50454E+01
2.6739120E+06,-9.48054E+01
2.6741028E+06,-1.00825E+02
2.6742935E+06,-9.95654E+01
2.6744843E+06,-1.02865E+02
2.6746750E+06,-1.01445E+02
2.6748657E+06,-9.82254E+01
2.6750565E+06,-9.64254E+01
2.6752472E+06,-1.00125E+02
2.6754379E+06,-9.56854E+01
2.6756287E+06,-9.64854E+01
2.6758194E+06,-9.82454E+01
2.6760101E+06,-1.00665E+02
2.6762009E+06,-9.82054E+01
2.6763916E+06,-9.71654E+01
2.6765823E+06,-1.09385E+02
2.6767731E+06,-1.06165E+02
2.6769638E+06,-9.73454E+01
2.6771545E+06,-1.00705E+02
2.6773453E+06,-9.36254E+01
2.6775360E+06,-9.38054E+01
2.6777267E+06,-1.07005E+02
2.6779175E+06,-9.91054E+01
2.6781082E+06,-1.01745E+02
2.6782990E+06,-1.07985E+02
2.6784897E+06,-9.94654E+01
2.6786804E+06,-9.82854E+01
2.6788712E+06,-9.84854E+01
2.6790619E+06,-9.75254E+01
2.6792526E+06,-9.78854E+01
2.6794434E+06,-1.03305E+02
2.6796341E+06,-1.06845E+02
2.6798248E+06,-1.01445E+02
2.6800156E+06,-1.06445E+02
2.6802063E+06,-1.03805E+02
2.6803970E+06,-1.05265E+02
2.6805878E+06,-1.10185E+02
2.6807785E+06,-1.04145E+02
2.6809692E+06,-1.04005E+02
2.6811600E+06,-9.75854E+01
2.6813507E+06,-9.63254E+01
2.6815414E+06,-9.74654E+01
2.6817322E+06,-9.49654E+01
2.6819229E+06,-9.99254E+01
2.6821136E+06,-1.05725E+02
2.6823044E+06,-1.01425E+02
2.6824951E+06,-9.82654E+01
2.6826859E+06,-1.01545E+02
2.6828766E+06,-9.81254E+01
2.6830673E+06,-9.62854E+01
2.6832581E+06,-9.76254E+01
2.6834488E+06,-9.55654E+01
2.6836395E+06,-9.66654E+01
2.6838303E+06,-1.00665E+02
2.6840210E+06,-1.01005E+02
2.6842117E+06,-1.07705E+02
2.6844025E+06,-1.06305E+02
2.6845932E+06,-1.08265E+02
2.6847839E+06,-1.00645E+02
2.6849747E+06,-9.67054E+01
2.6851654E+06,-9.56454E+01
2.6853561E+06,-9.14054E+01
2.6855469E+06,-9.27654E+01
2.6857376E+06,-1.27425E+02
2.6859283E+06,-9.84854E+01
2.6861191E+06,-1.00185E+02
2.6863098E+06,-1.10925E+02
2.6865005E+06,-1.02125E+02
2.6866913E+06,-9.77454E+01
2.6868820E+06,-9.55654E+01
2.6870728E+06,-1.00525E+02
2.6872635E+06,-1.05285E+02
2.6874542E+06,-9.69654E+01
2.6876450E+06,-9.97854E+01
2.6878357E+06,-9.90854E+01
2.6880264E+06,-1.00045E+02
2.6882172E+06,-1.09485E+02
2.6884079E+06,-9.65654E+01
2.6885986E+06,-9.57254E+01
2.6887894E+06,-1.03405E+02
2.6889801E+06,-1.04725E+02
2.6891708E+06,-1.10385E+02
2.6893616E+06,-1.04605E+02
2.6895523E+06,-1.10625E+02
2.6897430E+06,-1.03625E+02
2.6899338E+06,-1.02165E+02
2.6901245E+06,-1.06525E+02
2.6903152E+06,-9.60854E+01
2.6905060E+06,-9.57054E+01
2.6906967E+06,-1.00285E+02
2.6908875E+06,-1.05645E+02
2.6910782E+06,-1.01065E+02
2.6912689E+06,-9.47854E+01
2.6914597E+06,-9.60054E+01
2.6916504E+06,-9.88654E+01
2.6918411E+06,-1.03625E+02
2.6920319E+06,-9.83054E+01
2.6922226E+06,-1.03185E+02
2.6924133E+06,-1.03265E+02
2.6926041E+06,-9.64054E+01
2.6927948E+06,-1.00085E+02
2.6929855E+06,-9.97654E+01
2.6931763E+06,-1.00125E+02
2.6933670E+06,-1.20745E+02
2.6935577E+06,-1.13585E+02
2.6937485E+06,-1.05205E+02
2.6939392E+06,-1.04625E+02
2.6941299E+06,-1.06065E+02
2.6943207E+06,-1.00065E+02
2.6945114E+06,-9.76854E+01
2.6947021E+06,-9.91254E+01
2.6948929E+06,-1.06685E+02
2.6950836E+06,-1.01005E+02
2.6952744E+06,-9.66454E+01
2.6954651E+06,-9.27454E+01
2.6956558E+06,-1.08285E+02
2.6958466E+06,-9.89454E+01
2.6960373E+06,-9.52454E+01
2.6962280E+06,-9.58454E+01
2.6964188E+06,-1.07065E+02
2.6966095E+06,-1.03765E+02
2.6968002E+06,-9.93654E+01
2.6969910E+06,-1.03445E+02
2.6971817E+06,-1.06305E+02
2.6973724E+06,-1.04005E+02
2.6975632E+06,-9.79854E+01
2.6977539E+06,-9.92854E+01
2.6979446E+06,-1.10545E+02
2.6981354E+06,-1.10925E+02
2.6983261E+06,-1.13405E+02
2.6985168E+06,-1.16605E+02
2.6987076E+06,-1.07345E+02
2.6988983E+06,-1.00105E+02
2.6990891E+06,-9.79854E+01
2.6992798E+06,-9.38854E+01
2.6994705E+06,-9.61854E+01
2.6996613E+06,-9.75254E+01
2.6998520E+06,-9.41454E+01
2.7000427E+06,-1.01105E+02
2.7002335E+06,-1.00505E+02
2.7004242E+06,-9.78854E+01
2.7006149E+06,-1.02625E+02
2.7008057E+06,-9.64654E+01
2.7009964E+06,-9.53854E+01
2.7011871E+06,-9.82254E+01
2.7013779E+06,-9.94854E+01
2.7015686E+06,-1.00545E+02
2.7017593E+06,-9.93454E+01
2.7019501E+06,-9.63654E+01
2.7021408E+06,-9.68654E+01
2.7023315E+06,-1.08365E+02
2.7025223E+06,-1.03505E+02
2.7027130E+06,-9.91854E+01
2.7029037E+06,-9.48054E+01
2.7030945E+06,-9.27454E+01
2.7032852E+06,-9.53254E+01
2.7034760E+06,-1.05485E+02
2.7036667E+06,-1.24985E+02
2.7038574E+06,-1.12905E+02
2.7040482E+06,-1.07925E+02
2.7042389E+06,-1.06265E+02
2.7044296E+06,-1.01565E+02
2.7046204E+06,-9.71254E+01
2.7048111E+06,-9.71454E+01
2.7050018E+06,-9.68654E+01
2.7051926E+06,-9.49854E+01
2.7053833E+06,-9.60654E+01
2.7055740E+06,-9.48454E+01
2.7057648E+06,-1.01145E+02
2.7059555E+06,-1.24085E+02
2.7061462E+06,-9.86654E+01
2.7063370E+06,-9.39254E+01
2.7065277E+06,-9.93654E+01
2.7067184E+06,-9.78054E+01
2.7069092E+06,-1.02625E+02
2.7070999E+06,-9.97254E+01
2.7072906E+06,-9.81454E+01
2.7074814E+06,-1.00845E+02
2.7076721E+06,-9.88054E+01
2.7078629E+06,-9.31254E+01
2.7080536E+06,-1.02005E+02
2.7082443E+06,-1.00125E+02
2.7084351E+06,-1.02305E+02
2.7086258E+06,-9.76654E+01
2.7088165E+06,-9.95454E+01
2.7090073E+06,-9.85654E+01
2.7091980E+06,-9.51454E+01
2.7093887E+06,-1.07905E+02
2.7095795E+06,-9.62654E+01
2.7097702E+06,-1.01225E+02
2.7099609E+06,-9.56854E+01
2.7101517E+06,-9.59854E+01
2.7103424E+06,-1.02685E+02
2.7105331E+06,-1.09585E+02
2.7107239E+06,-9.70254E+01
2.7109146E+06,-9.59254E+01
2.7111053E+06,-9.69054E+01
2.7112961E+06,-9.87054E+01
2.7114868E+06,-9.81054E+01
2.7116776E+06,-9.27654E+01
2.7118683E+06,-9.76854E+01
2.7120590E+06,-1.01065E+02
2.7122498E+06,-1.04085E+02
2.7124405E+06,-1.00765E+02
2.7126312E+06,-9.96654E+01
2.7128220E+06,-1.03705E+02
2.7130127E+06,-1.00065E+02
2.7132034E+06,-9.97454E+01
2.7133942E+06,-9.39254E+01
2.7135849E+06,-1.00025E+02
2.7137756E+06,-1.00865E+02
2.7139664E+06,-9.55054E+01
2.7141571E+06,-9.70454E+01
2.7143478E+06,-1.05085E+02
2.7145386E+06,-1.09965E+02
2.7147293E+06,-1.12425E+02
2.7149200E+06,-9.45254E+01
2.7151108E+06,-9.40854E+01
2.7153015E+06,-1.10245E+02
2.7154922E+06,-1.02565E+02
2.7156830E+06,-9.97454E+01
2.7158737E+06,-9.84454E+01
2.7160645E+06,-9.47654E+01
2.7162552E+06,-9.79254E+01
2.7164459E+06,-1.02685E+02
2.7166367E+06,-1.06965E+02
2.7168274E+06,-1.03665E+02
2.7170181E+06,-9.58254E+01
2.7172089E+06,-9.13454E+01
2.7173996E+06,-9.89054E+01
2.7175903E+06,-1.02865E+02
2.7177811E+06,-1.05445E+02
2.7179718E+06,-1.02045E+02
2.7181625E+06,-9.69454E+01
2.7183533E+06,-9.47654E+01
2.7185440E+06,-1.12085E+02
2.7187347E+06,-9.60054E+01
2.7189255E+06,-1.01565E+02
2.7191162E+06,-9.92654E+01
2.7193069E+06,-9.79454E+01
2.7194977E+06,-1.09485E+02
2.7196884E+06,-9.44654E+01
2.7198792E+06,-9.69454E+01
2.7200699E+06,-1.05265E+02
2.7202606E+06,-1.08765E+02
2.7204514E+06,-1.00305E+02
2.7206421E+06,-9.48454E+01
2.7208328E+06,-9.54054E+01
2.7210236E+06,-1.01165E+02
2.7212143E+06,-1.07145E+02
2.7214050E+06,-1.00005E+02
2.7215958E+06,-9.95054E+01
2.7217865E+06,-1.03765E+02
2.7219772E+06,-1.08785E+02
2.7221680E+06,-1.03465E+02
2.7223587E+06,-9.64854E+01
2.7225494E+06,-1.01405E+02
2.7227402E+06,-1.00085E+02
2.7229309E+06,-9.69854E+01
2.7231216E+06,-9.83254E+01
2.7233124E+06,-9.87454E+01
2.7235031E+06,-1.01705E+02
2.7236938E+06,-1.04185E+02
2.7238846E+06,-1.03885E+02
2.7240753E+06,-9.98654E+01
2.7242661E+06,-1.12965E+02
2.7244568E+06,-1.00465E+02
2.7246475E+06,-1.05665E+02
2.7248383E+06,-1.00105E+02
2.7250290E+06,-9.58254E+01
2.7252197E+06,-1.02125E+02
2.7254105E+06,-1.02645E+02
2.7256012E+06,-1.00525E+02
2.7257919E+06,-1.07985E+02
2.7259827E+06,-1.02825E+02
2.7261734E+06,-1.01165E+02
2.7263641E+06,-9.97254E+01
2.7265549E+06,-9.60654E+01
2.7267456E+06,-9.87254E+01
2.7269363E+06,-1.07245E+02
2.7271271E+06,-9.65254E+01
2.7273178E+06,-9.52054E+01
2.7275085E+06,-1.04305E+02
2.7276993E+06,-1.10665E+02
2.7278900E+06,-9.52054E+01
2.7280807E+06,-9.43054E+01
2.7282715E+06,-9.96254E+01
2.7284622E+06,-1.08945E+02
2.7286530E+06,-9.73054E+01
2.7288437E+06,-9.42254E+01
2.7290344E+06,-1.00105E+02
2.7292252E+06,-1.00385E+02
2.7294159E+06,-9.43854E+01
2.7296066E+06,-9.49854E+01
2.7297974E+06,-9.97854E+01
2.7299881E+06,-1.14685E+02
2.7301788E+06,-9.92254E+01
2.7303696E+06,-1.04225E+02
2.7305603E+06,-1.00845E+02
2.7307510E+06,-9.79254E+01
2.7309418E+06,-1.00585E+02
2.7311325E+06,-1.02825E+02
2.7313232E+06,-1.01625E+02
2.7315140E+06,-1.03305E+02
2.7317047E+06,-1.05925E+02
2.7318954E+06,-9.75254E+01
2.7320862E+06,-1.02085E+02
2.7322769E+06,-1.04865E+02
2.7324677E+06,-1.12125E+02
2.7326584E+06,-1.00485E+02
2.7328491E+06,-1.05825E+02
2.7330399E+06,-9.79054E+01
2.7332306E+06,-9.21254E+01
2.7334213E+06,-9.34054E+01
2.7336121E+06,-9.72854E+01
2.7338028E+06,-1.00805E+02
2.7339935E+06,-9.85054E+01
2.7341843E+06,-9.49654E+01
2.7343750E+06,-9.45254E+01
2.7345657E+06,-9.92054E+01
2.7347565E+06,-1.06065E+02
2.7349472E+06,-1.04705E+02
2.7351379E+06,-1.00625E+02
2.7353287E+06,-1.05025E+02
2.7355194E+06,-9.92454E+01
2.7357101E+06,-9.54854E+01
2.7359009E+06,-1.05845E+02
2.7360916E+06,-9.75854E+01
2.7362823E+06,-1.17685E+02
2.7364731E+06,-1.01965E+02
2.7366638E+06,-1.04485E+02
2.7368546E+06,-9.61854E+01
2.7370453E+06,-9.53854E+01
2.7372360E+06,-9.49854E+01
2.7374268E+06,-9.93654E+01
2.7376175E+06,-1.04725E+02
2.7378082E+06,-1.02645E+02
2.7379990E+06,-1.02865E+02
2.7381897E+06,-9.44054E+01
2.7383804E+06,-9.63054E+01
2.7385712E+06,-1.02225E+02
2.7387619E+06,-1.01185E+02
2.7389526E+06,-1.01645E+02
2.7391434E+06,-1.06225E+02
2.7393341E+06,-1.01205E+02
2.7395248E+06,-9.64454E+01
2.7397156E+06,-9.27054E+01
2.7399063E+06,-9.28654E+01
2.7400970E+06,-9.28054E+01
2.7402878E+06,-8.99054E+01
2.7404785E+06,-9.01654E+01
2.7406693E+06,-9.50254E+01
2.7408600E+06,-1.12245E+02
2.7410507E+06,-1.05465E+02
2.7412415E+06,-9.79654E+01
2.7414322E+06,-1.00985E+02
2.7416229E+06,-1.01245E+02
2.7418137E+06,-1.01685E+02
2.7420044E+06,-1.04445E+02
2.7421951E+06,-9.57654E+01
2.7423859E+06,-9.73454E+01
2.7425766E+06,-9.97654E+01
2.7427673E+06,-9.72854E+01
2.7429581E+06,-9.38854E+01
2.7431488E+06,-9.43054E+01
2.7433395E+06,-9.98254E+01
2.7435303E+06,-9.87054E+01
2.7437210E+06,-1.01765E+02
2.7439117E+06,-9.60654E+01
2.7441025E+06,-9.96654E+01
2.7442932E+06,-1.01285E+02
2.7444839E+06,-1.16165E+02
2.7446747E+06,-9.74254E+01
2.7448654E+06,-9.63254E+01
2.7450562E+06,-9.91654E+01
2.7452469E+06,-1.02425E+02
2.7454376E+06,-1.01985E+02
2.7456284E+06,-1.00725E+02
2.7458191E+06,-1.02365E+02
2.7460098E+06,-1.01685E+02
2.7462006E+06,-1.00865E+02
2.7463913E+06,-9.75454E+01
2.7465820E+06,-9.65054E+01
2.7467728E+06,-1.02805E+02
2.7469635E+06,-9.39654E+01
2.7471542E+06,-9.40454E+01
2.7473450E+06,-1.01565E+02
2.7475357E+06,-1.02205E+02
2.7477264E+06,-1.11345E+02
2.7479172E+06,-9.48454E+01
2.7481079E+06,-9.55254E+01
2.7482986E+06,-1.06505E+02
2.7484894E+06,-9.63454E+01
2.7486801E+06,-9.79054E+01
2.7488708E+06,-9.34454E+01
2.7490616E+06,-9.29254E+01
2.7492523E+06,-9.02654E+01
2.7494431E+06,-8.92054E+01
2.7496338E+06,-9.13854E+01
2.7498245E+06,-9.79654E+01
2.7500153E+06,-9.68654E+01
2.7502060E+06,-9.64854E+01
2.7503967E+06,-1.00585E+02
2.7505875E+06,-9.50854E+01
2.7507782E+06,-9.51054E+01
2.7509689E+06,-1.02925E+02
2.7511597E+06,-1.06205E+02
2.7513504E+06,-1.25765E+02
2.7515411E+06,-1.12365E+02
2.7517319E+06,-1.13085E+02
2.7519226E+06,-1.00065E+02
2.7521133E+06,-1.03845E+02
2.7523041E+06,-9.31854E+01
2.7524948E+06,-9.54454E+01
2.7526855E+06,-1.11825E+02
2.7528763E+06,-1.02285E+02
2.7530670E+06,-1.00125E+02
2.7532578E+06,-9.62654E+01
2.7534485E+06,-9.92854E+01
2.7536392E+06,-1.12905E+02
2.7538300E+06,-1.08325E+02
2.7540207E+06,-1.00605E+02
2.7542114E+06,-1.05585E+02
2.7544022E+06,-1.01245E+02
2.7545929E+06,-9.96454E+01
2.7547836E+06,-9.93254E+01
2.7549744E+06,-1.01385E+02
2.7551651E+06,-9.78054E+01
2.7553558E+06,-9.62254E+01
2.7555466E+06,-9.94054E+01
2.7557373E+06,-1.05405E+02
2.7559280E+06,-1.00985E+02
2.7561188E+06,-1.03185E+02
2.7563095E+06,-1.01425E+02
2.7565002E+06,-9.63854E+01
2.7566910E+06,-9.53454E+01
2.7568817E+06,-9.93854E+01
2.7570724E+06,-9.63454E+01
2.7572632E+06,-9.29854E+01
2.7574539E+06,-9.60454E+01
2.7576447E+06,-1.01145E+02
2.7578354E+06,-9.84654E+01
2.7580261E+06,-9.49054E+01
2.7582169E+06,-9.53454E+01
2.7584076E+06,-1.01365E+02
2.7585983E+06,-1.09905E+02
2.7587891E+06,-9.79854E+01
2.7589798E+06,-9.59054E+01
2.7591705E+06,-9.40054E+01
2.7593613E+06,-9.67654E+01
2.7595520E+06,-9.61054E+01
2.7597427E+06,-9.61654E+01
2.7599335E+06,-1.16085E+02
2.7601242E+06,-1.09165E+02
2.7603149E+06,-9.73654E+01
2.7605057E+06,-1.25125E+02
2.7606964E+06,-9.63854E+01
2.7608871E+06,-1.04305E+02
2.7610779E+06,-9.63654E+01
2.7612686E+06,-1.01365E+02
2.7614594E+06,-9.64054E+01
2.7616501E+06,-9.74254E+01
2.7618408E+06,-9.29254E+01
2.7620316E+06,-9.62054E+01
2.7622223E+06,-1.03765E+02
2.7624130E+06,-1.08765E+02
2.7626038E+06,-1.00545E+02
2.7627945E+06,-1.02485E+02
2.7629852E+06,-9.93654E+01
2.7631760E+06,-9.79854E+01
2.7633667E+06,-1.17485E+02
2.7635574E+06,-1.10025E+02
2.7637482E+06,-1.10065E+02
2.7639389E+06,-1.02145E+02
2.7641296E+06,-9.75254E+01
2.7643204E+06,-1.03305E+02
2.7645111E+06,-1.02225E+02
2.7647018E+06,-9.88054E+01
2.7648926E+06,-1.04585E+02
2.7650833E+06,-1.05645E+02
2.7652740E+06,-9.71454E+01
2.7654648E+06,-9.78054E+01
2.7656555E+06,-1.03765E+02
2.7658463E+06,-1.06585E+02
2.7660370E+06,-9.93454E+01
2.7662277E+06,-9.47054E+01
2.7664185E+06,-9.67054E+01
2.7666092E+06,-1.00765E+02
2.7667999E+06,-9.91654E+01
2.7669907E+06,-1.02505E+02
2.7671814E+06,-1.00065E+02
2.7673721E+06,-1.01325E+02
2.7675629E+06,-1.10005E+02
2.7677536E+06,-1.07005E+02
2.7679443E+06,-1.01345E+02
2.7681351E+06,-9.72454E+01
2.7683258E+06,-9.37654E+01
2.7685165E+06,-9.34654E+01
2.7687073E+06,-9.69454E+01
2.7688980E+06,-9.54054E+01
2.7690887E+06,-1.06125E+02
2.7692795E+06,-1.05825E+02
2.7694702E+06,-1.08685E+02
2.7696609E+06,-1.09005E+02
2.7698517E+06,-1.06865E+02
2.7700424E+06,-9.72654E+01
2.7702332E+06,-9.50454E+01
2.7704239E+06,-9.47854E+01
2.7706146E+06,-9.76054E+01
2.7708054E+06,-1.01245E+02
2.7709961E+06,-9.64454E+01
2.7711868E+06,-9.72054E+01
2.7713776E+06,-9.42854E+01
2.7715683E+06,-9.29054E+01
2.7717590E+06,-1.09045E+02
2.7719498E+06,-9.94454E+01
2.7721405E+06,-9.97254E+01
2.7723312E+06,-9.56454E+01
2.7725220E+06,-1.00725E+02
2.7727127E+06,-9.48254E+01
2.7729034E+06,-1.02685E+02
2.7730942E+06,-9.67654E+01
2.7732849E+06,-9.63254E+01
2.7734756E+06,-1.05245E+02
2.7736664E+06,-1.02825E+02
2.7738571E+06,-1.02925E+02
2.7740479E+06,-9.73454E+01
2.7742386E+06,-9.75654E+01
2.7744293E+06,-1.06405E+02
2.7746201E+06,-1.04145E+02
2.7748108E+06,-9.55454E+01
2.7750015E+06,-9.30654E+01
2.7751923E+06,-9.84854E+01
2.7753830E+06,-9.68054E+01
2.7755737E+06,-1.04185E+02
2.7757645E+06,-1.00685E+02
2.7759552E+06,-1.09725E+02
2.7761459E+06,-9.87054E+01
2.7763367E+06,-9.96854E+01
2.7765274E+06,-9.56654E+01
2.7767181E+06,-9.33654E+01
2.7769089E+06,-9.78054E+01
2.7770996E+06,-1.03665E+02
2.7772903E+06,-1.06705E+02
2.7774811E+06,-1.12645E+02
2.7776718E+06,-1.00225E+02
2.7778625E+06,-1.01645E+02
2.7780533E+06,-9.99254E+01
2.7782440E+06,-9.44454E+01
2.7784348E+06,-9.67454E+01
2.7786255E+06,-9.88054E+01
2.7788162E+06,-9.55854E+01
2.7790070E+06,-9.35854E+01
2.7791977E+06,-9.84854E+01
2.7793884E+06,-1.02925E+02
2.7795792E+06,-9.99854E+01
2.7797699E+06,-1.01545E+02
2.7799606E+06,-9.45854E+01
2.7801514E+06,-9.37654E+01
2.7803421E+06,-1.18545E+02
2.7805328E+06,-9.58054E+01
2.7807236E+06,-9.62454E+01
2.7809143E+06,-9.81654E+01
2.7811050E+06,-9.84054E+01
2.7812958E+06,-9.93054E+01
2.7814865E+06,-1.00805E+02
2.7816772E+06,-1.02225E+02
2.7818680E+06,-1.00865E+02
2.7820587E+06,-1.01185E+02
2.7822495E+06,-1.06165E+02
2.7824402E+06,-1.06445E+02
2.7826309E+06,-1.06245E+02
2.7828217E+06,-9.33254E+01
2.7830124E+06,-9.61054E+01
2.7832031E+06,-9.60454E+01
2.7833939E+06,-9.58254E+01
2.7835846E+06,-9.75054E+01
2.7837753E+06,-1.00545E+02
2.7839661E+06,-1.06585E+02
2.7841568E+06,-9.95454E+01
2.7843475E+06,-9.47854E+01
2.7845383E+06,-9.37054E+01
2.7847290E+06,-1.01685E+02
2.7849197E+06,-1.02565E+02
2.7851105E+06,-9.52854E+01
2.7853012E+06,-9.54454E+01
2.7854919E+06,-1.01105E+02
2.7856827E+06,-9.62054E+01
2.7858734E+06,-9.52854E+01
2.7860641E+06,-9.54254E+01
2.7862549E+06,-9.49054E+01
2.7864456E+06,-9.63654E+01
2.7866364E+06,-1.05425E+02
2.7868271E+06,-1.01485E+02
2.7870178E+06,-9.31654E+01
2.7872086E+06,-9.67054E+01
2.7873993E+06,-1.12645E+02
2.7875900E+06,-1.01425E+02
2.7877808E+06,-9.32254E+01
2.7879715E+06,-9.90854E+01
2.7881622E+06,-9.72854E+01
2.7883530E+06,-1.16405E+02
2.7885437E+06,-9.39254E+01
2.7887344E+06,-1.00065E+02
2.7889252E+06,-9.74654E+01
2.7891159E+06,-1.03805E+02
2.7893066E+06,-9.93854E+01
2.7894974E+06,-9.63654E+01
2.7896881E+06,-1.03545E+02
2.7898788E+06,-9.49254E+01
2.7900696E+06,-9.37254E+01
2.7902603E+06,-1.03305E+02
2.7904510E+06,-1.05145E+02
2.7906418E+06,-9.43454E+01
2.7908325E+06,-9.33654E+01
2.7910233E+06,-9.72454E+01
2.7912140E+06,-9.22854E+01
2.7914047E+06,-9.29254E+01
2.7915955E+06,-1.00645E+02
2.7917862E+06,-1.04145E+02
2.7919769E+06,-1.03325E+02
2.7921677E+06,-1.00025E+02
2.7923584E+06,-1.01625E+02
2.7925491E+06,-1.01325E+02
2.7927399E+06,-1.01445E+02
2.7929306E+06,-9.88254E+01
2.7931213E+06,-1.00225E+02
2.7933121E+06,-1.08345E+02
2.7935028E+06,-1.02525E+02
2.7936935E+06,-1.01505E+02
2.7938843E+06,-1.03625E+02
2.7940750E+06,-1.06345E+02
2.7942657E+06,-1.03185E+02
2.7944565E+06,-1.00765E+02
2.7946472E+06,-1.00905E+02
2.7948380E+06,-9.49454E+01
2.7950287E+06,-9.44054E+01
2.7952194E+06,-1.05425E+02
2.7954102E+06,-9.65854E+01
2.7956009E+06,-1.00945E+02
2.7957916E+06,-1.08785E+02
2.7959824E+06,-9.85454E+01
2.7961731E+06,-9.64654E+01
2.7963638E+06,-1.01125E+02
2.7965546E+06,-1.00185E+02
2.7967453E+06,-1.03585E+02
2.7969360E+06,-1.08465E+02
2.7971268E+06,-9.92254E+01
2.7973175E+06,-9.87454E+01
2.7975082E+06,-1.03765E+02
2.7976990E+06,-9.87654E+01
2.7978897E+06,-9.90854E+01
2.7980804E+06,-9.22054E+01
2.7982712E+06,-9.27654E+01
2.7984619E+06,-9.63654E+01
2.7986526E+06,-9.54654E+01
2.7988434E+06,-9.35454E+01
2.7990341E+06,-9.40854E+01
2.7992249E+06,-9.45454E+01
2.7994156E+06,-1.05245E+02
2.7996063E+06,-9.56054E+01
2.7997971E+06,-9.84054E+01
2.7999878E+06,-1.07685E+02
2.8001785E+06,-9.68054E+01
2.8003693E+06,-9.63654E+01
2.8005600E+06,-1.05565E+02
2.8007507E+06,-1.09925E+02
2.8009415E+06,-1.04085E+02
2.8011322E+06,-9.96654E+01
2.8013229E+06,-1.02905E+02
2.8015137E+06,-1.02865E+02
2.8017044E+06,-9.74254E+01
2.8018951E+06,-9.75054E+01
2.8020859E+06,-9.34654E+01
2.8022766E+06,-9.25254E+01
2.8024673E+06,-9.91254E+01
2.8026581E+06,-1.04725E+02
2.8028488E+06,-9.87054E+01
2.8030396E+06,-9.99054E+01
2.8032303E+06,-1.01245E+02
2.8034210E+06,-1.00425E+02
2.8036118E+06,-1.01765E+02
2.8038025E+06,-1.01365E+02
2.8039932E+06,-1.00845E+02
2.8041840E+06,-1.00825E+02
2.8043747E+06,-1.06785E+02
2.8045654E+06,-9.92454E+01
2.8047562E+06,-9.93654E+01
2.8049469E+06,-9.95054E+01
2.8051376E+06,-1.00585E+02
2.8053284E+06,-1.02505E+02
2.8055191E+06,-9.92254E+01
2.8057098E+06,-1.02045E+02
2.8059006E+06,-1.01805E+02
2.8060913E+06,-9.75254E+01
2.8062820E+06,-1.00785E+02
2.8064728E+06,-1.04945E+02
2.8066635E+06,-1.02445E+02
2.8068542E+06,-9.69854E+01
2.8070450E+06,-9.51054E+01
2.8072357E+06,-9.34654E+01
2.8074265E+06,-9.17054E+01
2.8076172E+06,-9.29654E+01
2.8078079E+06,-9.47054E+01
2.8079987E+06,-9.81854E+01
2.8081894E+06,-1.04145E+02
2.8083801E+06,-1.05025E+02
2.8085709E+06,-1.08405E+02
2.8087616E+06,-9.90454E+01
2.8089523E+06,-9.98654E+01
2.8091431E+06,-9.26254E+01
2.8093338E+06,-9.62254E+01
2.8095245E+06,-1.03465E+02
2.8097153E+06,-9.82654E+01
2.8099060E+06,-9.74254E+01
2.8100967E+06,-1.09865E+02
2.8102875E+06,-9.72054E+01
2.8104782E+06,-9.58254E+01
2.8106689E+06,-1.03585E+02
2.8108597E+06,-9.83654E+01
2.8110504E+06,-9.45254E+01
2.8112411E+06,-9.52054E+01
2.8114319E+06,-1.06785E+02
2.8116226E+06,-1.01125E+02
2.8118134E+06,-9.84854E+01
2.8120041E+06,-9.43654E+01
2.8121948E+06,-9.43054E+01
2.8123856E+06,-9.77854E+01
2.8125763E+06,-1.04365E+02
2.8127670E+06,-1.03445E+02
2.8129578E+06,-9.60854E+01
2.8131485E+06,-9.85054E+01
2.8133392E+06,-1.00205E+02
2.8135300E+06,-9.75054E+01
2.8137207E+06,-9.91654E+01
2.8139114E+06,-1.02745E+02
2.8141022E+06,-9.31254E+01
2.8142929E+06,-9.40054E+01
2.8144836E+06,-1.01105E+02
2.8146744E+06,-1.03065E+02
2.8148651E+06,-9.80054E+01
2.8150558E+06,-9.90254E+01
2.8152466E+06,-9.57654E+01
2.8154373E+06,-9.15854E+01
2.8156281E+06,-9.64654E+01
2.8158188E+06,-9.88054E+01
2.8160095E+06,-9.62654E+01
2.8162003E+06,-9.60054E+01
2.8163910E+06,-1.03505E+02
2.8165817E+06,-1.00845E+02
2.8167725E+06,-9.55054E+01
2.8169632E+06,-9.20454E+01
2.8171539E+06,-9.17054E+01
2.8173447E+06,-9.88254E+01
2.8175354E+06,-1.04345E+02
2.8177261E+06,-9.95854E+01
2.8179169E+06,-1.23885E+02
2.8181076E+06,-1.07685E+02
2.8182983E+06,-1.05005E+02
2.8184891E+06,-1.01645E+02
2.8186798E+06,-1.06565E+02
2.8188705E+06,-9.85654E+01
2.8190613E+06,-9.62654E+01
2.8192520E+06,-9.38054E+01
2.8194427E+06,-9.74054E+01
2.8196335E+06,-1.00025E+02
2.8198242E+06,-1.00385E+02
2.8200150E+06,-1.07205E+02
2.8202057E+06,-1.05945E+02
2.8203964E+06,-1.01685E+02
2.8205872E+06,-9.87854E+01
2.8207779E+06,-9.78254E+01
2.8209686E+06,-1.02745E+02
2.8211594E+06,-1.00345E+02
2.8213501E+06,-9.77054E+01
2.8215408E+06,-1.01945E+02
2.8217316E+06,-1.03845E+02
2.8219223E+06,-9.29054E+01
2.8221130E+06,-9.39654E+01
2.8223038E+06,-9.91054E+01
2.8224945E+06,-1.01445E+02
2.8226852E+06,-1.13625E+02
2.8228760E+06,-9.61654E+01
2.8230667E+06,-9.30854E+01
2.8232574E+06,-9.36254E+01
2.8234482E+06,-9.87654E+01
2.8236389E+06,-1.10805E+02
2.8238297E+06,-1.09845E+02
2.8240204E+06,-1.05565E+02
2.8242111E+06,-1.05125E+02
2.8244019E+06,-1.07465E+02
2.8245926E+06,-1.00665E+02
2.8247833E+06,-9.24854E+01
2.8249741E+06,-9.12254E+01
2.8251648E+06,-9.23054E+01
2.8253555E+06,-9.50454E+01
2.8255463E+06,-9.72654E+01
2.8257370E+06,-9.80454E+01
2.8259277E+06,-9.69454E+01
2.8261185E+06,-9.65854E+01
2.8263092E+06,-1.03025E+02
2.8264999E+06,-9.66454E+01
2.8266907E+06,-9.50254E+01
2.8268814E+06,-9.55054E+01
2.8270721E+06,-9.58054E+01
2.8272629E+06,-1.01785E+02
2.8274536E+06,-9.74254E+01
2.8276443E+06,-9.86454E+01
2.8278351E+06,-9.61854E+01
2.8280258E+06,-9.34054E+01
2.8282166E+06,-1.00725E+02
2.8284073E+06,-1.05165E+02
2.8285980E+06,-1.05565E+02
2.8287888E+06,-9.76254E+01
2.8289795E+06,-9.88654E+01
2.8291702E+06,-9.96254E+01
2.8293610E+06,-9.35854E+01
2.8295517E+06,-9.23054E+01
2.8297424E+06,-9.40054E+01
2.8299332E+06,-1.06265E+02
2.8301239E+06,-9.58454E+01
2.8303146E+06,-9.28654E+01
2.8305054E+06,-9.46454E+01
2.8306961E+06,-1.00585E+02
2.8308868E+06,-9.89054E+01
2.8310776E+06,-9.43254E+01
2.8312683E+06,-9.43454E+01
2.8314590E+06,-1.02385E+02
2.8316498E+06,-9.59454E+01
2.8318405E+06,-9.34054E+01
2.8320312E+06,-9.44854E+01
2.8322220E+06,-1.06645E+02
2.8324127E+06,-1.00285E+02
2.8326035E+06,-9.55654E+01
2.8327942E+06,-9.87854E+01
2.8329849E+06,-9.75254E+01
2.8331757E+06,-9.89054E+01
2.8333664E+06,-9.83854E+01
2.8335571E+06,-9.76054E+01
2.8337479E+06,-1.03405E+02
2.8339386E+06,-1.00465E+02
2.8341293E+06,-9.93854E+01
2.8343201E+06,-9.67654E+01
2.8345108E+06,-9.46654E+01
2.8347015E+06,-9.56054E+01
2.8348923E+06,-9.65054E+01
2.8350830E+06,-1.02485E+02
2.8352737E+06,-9.76054E+01
2.8354645E+06,-9.63254E+01
2.8356552E+06,-1.08185E+02
2.8358459E+06,-1.01785E+02
2.8360367E+06,-1.06705E+02
2.8362274E+06,-1.02045E+02
2.8364182E+06,-9.87254E+01
2.8366089E+06,-9.65054E+01
2.8367996E+06,-9.86654E+01
2.8369904E+06,-1.01565E+02
2.8371811E+06,-1.06505E+02
2.8373718E+06,-1.05505E+02
2.8375626E+06,-9.94454E+01
2.8377533E+06,-1.00125E+02
2.8379440E+06,-9.87854E+01
2.8381348E+06,-9.15454E+01
2.8383255E+06,-9.64654E+01
2.8385162E+06,-1.02145E+02
2.8387070E+06,-9.69654E+01
2.8388977E+06,-9.40454E+01
2.8390884E+06,-9.74254E+01
2.8392792E+06,-1.00705E+02
2.8394699E+06,-9.96654E+01
2.8396606E+06,-9.80454E+01
2.8398514E+06,-1.03265E+02
2.8400421E+06,-1.03085E+02
2.8402328E+06,-1.10445E+02
2.8404236E+06,-9.73054E+01
2.8406143E+06,-9.44054E+01
2.8408051E+06,-1.01965E+02
2.8409958E+06,-9.74254E+01
2.8411865E+06,-9.75654E+01
2.8413773E+06,-1.00185E+02
2.8415680E+06,-9.44054E+01
2.8417587E+06,-1.09545E+02
2.8419495E+06,-9.75054E+01
2.8421402E+06,-9.83854E+01
2.8423309E+06,-1.02825E+02
2.8425217E+06,-1.05725E+02
2.8427124E+06,-9.81454E+01
2.8429031E+06,-1.02805E+02
2.8430939E+06,-9.77254E+01
2.8432846E+06,-1.00125E+02
2.8434753E+06,-1.02005E+02
2.8436661E+06,-9.96054E+01
2.8438568E+06,-9.94854E+01
2.8440475E+06,-9.54054E+01
2.8442383E+06,-1.01345E+02
2.8444290E+06,-9.80654E+01
2.8446198E+06,-9.39654E+01
2.8448105E+06,-9.88854E+01
2.8450012E+06,-1.00225E+02
2.8451920E+06,-9.52654E+01
2.8453827E+06,-9.46454E+01
2.8455734E+06,-1.00325E+02
2.8457642E+06,-9.50254E+01
2.8459549E+06,-1.03705E+02
2.8461456E+06,-1.00205E+02
2.8463364E+06,-9.62054E+01
2.8465271E+06,-9.90254E+01
2.8467178E+06,-9.46854E+01
2.8469086E+06,-9.71254E+01
2.8470993E+06,-9.89054E+01
2.8472900E+06,-1.02765E+02
2.8474808E+06,-1.01565E+02
2.8476715E+06,-9.92854E+01
2.8478622E+06,-1.04985E+02
2.8480530E+06,-1.02425E+02
2.8482437E+06,-9.70654E+01
2.8484344E+06,-9.84254E+01
2.8486252E+06,-1.10185E+02
2.8488159E+06,-1.06865E+02
2.8490067E+06,-1.00225E+02
2.8491974E+06,-9.65454E+01
2.8493881E+06,-9.85454E+01
2.8495789E+06,-9.78254E+01
2.8497696E+06,-9.78454E+01
2.8499603E+06,-1.03365E+02
2.8501511E+06,-9.62254E+01
2.8503418E+06,-9.75454E+01
2.8505325E+06,-1.00985E+02
2.8507233E+06,-9.60654E+01
2.8509140E+06,-9.58454E+01
2.8511047E+06,-1.04045E+02
2.8512955E+06,-9.75654E+01
2.8514862E+06,-1.00625E+02
2.8516769E+06,-1.12765E+02
2.8518677E+06,-1.16205E+02
2.8520584E+06,-1.06345E+02
2.8522491E+06,-9.92654E+01
2.8524399E+06,-1.09345E+02
2.8526306E+06,-9.77454E+01
2.8528214E+06,-1.00945E+02
2.8530121E+06,-1.02765E+02
2.8532028E+06,-1.00405E+02
2.8533936E+06,-9.97654E+01
2.8535843E+06,-1.03665E+02
2.8537750E+06,-1.00925E+02
2.8539658E+06,-9.85654E+01
2.8541565E+06,-1.12645E+02
2.8543472E+06,-1.09705E+02
2.8545380E+06,-1.17745E+02
2.8547287E+06,-9.73854E+01
2.8549194E+06,-9.25254E+01
2.8551102E+06,-9.85654E+01
2.8553009E+06,-1.14545E+02
2.8554916E+06,-1.03705E+02
2.8556824E+06,-1.16925E+02
2.8558731E+06,-1.00545E+02
2.8560638E+06,-9.40454E+01
2.8562546E+06,-9.86254E+01
2.8564453E+06,-9.29254E+01
2.8566360E+06,-9.26254E+01
2.8568268E+06,-1.02305E+02
2.8570175E+06,-9.72054E+01
2.8572083E+06,-9.62054E+01
2.8573990E+06,-9.62654E+01
2.8575897E+06,-1.00505E+02
2.8577805E+06,-1.00125E+02
2.8579712E+06,-1.03665E+02
2.8581619E+06,-9.78054E+01
2.8583527E+06,-1.04185E+02
2.8585434E+06,-1.13165E+02
2.8587341E+06,-1.10605E+02
2.8589249E+06,-1.04265E+02
2.8591156E+06,-1.01065E+02
2.8593063E+06,-1.01025E+02
2.8594971E+06,-9.44254E+01
2.8596878E+06,-9.22054E+01
2.8598785E+06,-9.81654E+01
2.8600693E+06,-9.72454E+01
2.8602600E+06,-1.02225E+02
2.8604507E+06,-1.00485E+02
2.8606415E+06,-1.01045E+02
2.8608322E+06,-1.09845E+02
2.8610229E+06,-9.97454E+01
2.8612137E+06,-9.66254E+01
2.8614044E+06,-9.55654E+01
2.8615952E+06,-9.25654E+01
2.8617859E+06,-9.46654E+01
2.8619766E+06,-9.71254E+01
2.8621674E+06,-1.00505E+02
2.8623581E+06,-1.01545E+02
2.8625488E+06,-9.90454E+01
2.8627396E+06,-9.57854E+01
2.8629303E+06,-9.57854E+01
2.8631210E+06,-1.01485E+02
2.8633118E+06,-9.62854E+01
2.8635025E+06,-1.12005E+02
2.8636932E+06,-9.80654E+01
2.8638840E+06,-1.01105E+02
2.8640747E+06,-1.07685E+02
2.8642654E+06,-1.02385E+02
2.8644562E+06,-9.76854E+01
2.8646469E+06,-9.42254E+01
2.8648376E+06,-9.44454E+01
2.8650284E+06,-1.02145E+02
2.8652191E+06,-1.05285E+02
2.8654099E+06,-1.00405E+02
2.8656006E+06,-1.02065E+02
2.8657913E+06,-9.77454E+01
2.8659821E+06,-1.00545E+02
2.8661728E+06,-1.01905E+02
2.8663635E+06,-1.08445E+02
2.8665543E+06,-1.04345E+02
2.8667450E+06,-1.05185E+02
2.8669357E+06,-1.04365E+02
2.8671265E+06,-1.00125E+02
2.8673172E+06,-1.00585E+02
2.8675079E+06,-9.77654E+01
2.8676987E+06,-1.01805E+02
2.8678894E+06,-1.00365E+02
2.8680801E+06,-9.51654E+01
2.8682709E+06,-1.00245E+02
2.8684616E+06,-9.82854E+01
2.8686523E+06,-1.03445E+02
2.8688431E+06,-1.13465E+02
2.8690338E+06,-1.08685E+02
2.8692245E+06,-1.05385E+02
2.8694153E+06,-9.97054E+01
2.8696060E+06,-9.52254E+01
2.8697968E+06,-1.02165E+02
2.8699875E+06,-9.70054E+01
2.8701782E+06,-9.65654E+01
2.8703690E+06,-1.09005E+02
2.8705597E+06,-9.59254E+01
2.8707504E+06,-9.74254E+01
2.8709412E+06,-9.18654E+01
2.8711319E+06,-9.87654E+01
2.8713226E+06,-1.02585E+02
2.8715134E+06,-9.69854E+01
2.8717041E+06,-9.86854E+01
2.8718948E+06,-1.12225E+02
2.8720856E+06,-1.00545E+02
2.8722763E+06,-9.98654E+01
2.8724670E+06,-9.96254E+01
2.8726578E+06,-9.16854E+01
2.8728485E+06,-9.38454E+01
2.8730392E+06,-9.90454E+01
2.8732300E+06,-9.56254E+01
2.8734207E+06,-9.56054E+01
2.8736115E+06,-9.51654E+01
2.8738022E+06,-9.91654E+01
2.8739929E+06,-1.01125E+02
2.8741837E+06,-9.95454E+01
2.8743744E+06,-9.76454E+01
2.8745651E+06,-9.44054E+01
2.8747559E+06,-9.18054E+01
2.8749466E+06,-9.41454E+01
2.8751373E+06,-1.03325E+02
2.8753281E+06,-1.06985E+02
2.8755188E+06,-9.60654E+01
2.8757095E+06,-9.57654E+01
2.8759003E+06,-9.86254E+01
2.8760910E+06,-9.46654E+01
2.8762817E+06,-9.40454E+01
2.8764725E+06,-9.99654E+01
2.8766632E+06,-1.03805E+02
2.8768539E+06,-1.10745E+02
2.8770447E+06,-1.08405E+02
2.8772354E+06,-1.03225E+02
2.8774261E+06,-9.67054E+01
2.8776169E+06,-9.78854E+01
2.8778076E+06,-1.04385E+02
2.8779984E+06,-1.10825E+02
2.8781891E+06,-1.01885E+02
2.8783798E+06,-1.02245E+02
2.8785706E+06,-1.06985E+02
2.8787613E+06,-9.69454E+01
2.8789520E+06,-9.08654E+01
2.8791428E+06,-9.07654E+01
2.8793335E+06,-9.00254E+01
2.8795242E+06,-9.00254E+01
2.8797150E+06,-9.35054E+01
2.8799057E+06,-9.83654E+01
2.8800964E+06,-1.02065E+02
2.8802872E+06,-9.84454E+01
2.8804779E+06,-9.85054E+01
2.8806686E+06,-1.00525E+02
2.8808594E+06,-9.36254E+01
2.8810501E+06,-9.48254E+01
2.8812408E+06,-9.84054E+01
2.8814316E+06,-1.00105E+02
2.8816223E+06,-1.13125E+02
2.8818130E+06,-9.98454E+01
2.8820038E+06,-9.39254E+01
2.8821945E+06,-9.60254E+01
2.8823853E+06,-9.35454E+01
2.8825760E+06,-9.17854E+01
2.8827667E+06,-1.00065E+02
2.8829575E+06,-9.12854E+01
2.8831482E+06,-9.09454E+01
2.8833389E+06,-9.34054E+01
2.8835297E+06,-9.87054E+01
2.8837204E+06,-1.09445E+02
2.8839111E+06,-9.65254E+01
2.8841019E+06,-9.65054E+01
2.8842926E+06,-1.00045E+02
2.8844833E+06,-9.87054E+01
2.8846741E+06,-9.87054E+01
2.8848648E+06,-1.13845E+02
2.8850555E+06,-1.04885E+02
2.8852463E+06,-1.12765E+02
2.8854370E+06,-1.07585E+02
2.8856277E+06,-1.00465E+02
2.8858185E+06,-1.04825E+02
2.8860092E+06,-9.86654E+01
2.8862000E+06,-9.72454E+01
2.8863907E+06,-1.03365E+02
2.8865814E+06,-9.97054E+01
2.8867722E+06,-9.63854E+01
2.8869629E+06,-9.57654E+01
2.8871536E+06,-9.85654E+01
2.8873444E+06,-1.00385E+02
2.8875351E+06,-9.92854E+01
2.8877258E+06,-9.33054E+01
2.8879166E+06,-9.81454E+01
2.8881073E+06,-1.21065E+02
2.8882980E+06,-1.02365E+02
2.8884888E+06,-9.93254E+01
2.8886795E+06,-1.03445E+02
2.8888702E+06,-9.48654E+01
2.8890610E+06,-9.07854E+01
2.8892517E+06,-9.00254E+01
2.8894424E+06,-1.00225E+02
2.8896332E+06,-1.08445E+02
2.8898239E+06,-1.19345E+02
2.8900146E+06,-1.01165E+02
2.8902054E+06,-9.61654E+01
2.8903961E+06,-9.86654E+01
2.8905869E+06,-1.10085E+02
2.8907776E+06,-1.01745E+02
2.8909683E+06,-9.50454E+01
2.8911591E+06,-9.59054E+01
2.8913498E+06,-9.95854E+01
2.8915405E+06,-1.04985E+02
2.8917313E+06,-1.00745E+02
2.8919220E+06,-1.25125E+02
2.8921127E+06,-9.84854E+01
2.8923035E+06,-9.60054E+01
2.8924942E+06,-1.02585E+02
2.8926849E+06,-1.04665E+02
2.8928757E+06,-9.73454E+01
2.8930664E+06,-9.47454E+01
2.8932571E+06,-9.13654E+01
2.8934479E+06,-9.44254E+01
2.8936386E+06,-1.09245E+02
2.8938293E+06,-9.26454E+01
2.8940201E+06,-8.94654E+01
2.8942108E+06,-9.72454E+01
2.8944016E+06,-1.10825E+02
2.8945923E+06,-1.06805E+02
2.8947830E+06,-9.65054E+01
2.8949738E+06,-9.88054E+01
2.8951645E+06,-9.72854E+01
2.8953552E+06,-1.02765E+02
2.8955460E+06,-1.00945E+02
2.8957367E+06,-9.68454E+01
2.8959274E+06,-1.00925E+02
2.8961182E+06,-1.04145E+02
2.8963089E+06,-1.00105E+02
2.8964996E+06,-1.13665E+02
2.8966904E+06,-1.06365E+02
2.8968811E+06,-9.99254E+01
2.8970718E+06,-1.01285E+02
2.8972626E+06,-1.00705E+02
2.8974533E+06,-1.00445E+02
2.8976440E+06,-1.01505E+02
2.8978348E+06,-1.02525E+02
2.8980255E+06,-1.04805E+02
2.8982162E+06,-1.01065E+02
2.8984070E+06,-1.02585E+02
2.8985977E+06,-9.65254E+01
2.8987885E+06,-9.58254E+01
2.8989792E+06,-1.01765E+02
2.8991699E+06,-9.54254E+01
2.8993607E+06,-9.38054E+01
2.8995514E+06,-1.02325E+02
2.8997421E+06,-1.11885E+02
2.8999329E+06,-1.02145E+02
2.9001236E+06,-1.08265E+02
2.9003143E+06,-1.01505E+02
2.9005051E+06,-9.65054E+01
2.9006958E+06,-9.40854E+01
2.9008865E+06,-9.46254E+01
2.9010773E+06,-1.04885E+02
2.9012680E+06,-1.00225E+02
2.9014587E+06,-9.96054E+01
2.9016495E+06,-9.95254E+01
2.9018402E+06,-1.09345E+02
2.9020309E+06,-9.97654E+01
2.9022217E+06,-9.90254E+01
2.9024124E+06,-1.00285E+02
2.9026031E+06,-9.96654E+01
2.9027939E+06,-1.07585E+02
2.9029846E+06,-1.03965E+02
2.9031754E+06,-9.66254E+01
2.9033661E+06,-9.34454E+01
2.9035568E+06,-9.20454E+01
2.9037476E+06,-9.36654E+01
2.9039383E+06,-1.00845E+02
2.9041290E+06,-9.77654E+01
2.9043198E+06,-9.33254E+01
2.9045105E+06,-9.81654E+01
2.9047012E+06,-1.05465E+02
2.9048920E+06,-1.12145E+02
2.9050827E+06,-1.11625E+02
2.9052734E+06,-1.01345E+02
2.9054642E+06,-9.70854E+01
2.9056549E+06,-9.52654E+01
2.9058456E+06,-1.01345E+02
2.9060364E+06,-1.01505E+02
2.9062271E+06,-1.03165E+02
2.9064178E+06,-1.06885E+02
2.9066086E+06,-1.01145E+02
2.9067993E+06,-1.00785E+02
2.9069901E+06,-1.00345E+02
2.9071808E+06,-9.63654E+01
2.9073715E+06,-1.08545E+02
2.9075623E+06,-9.96454E+01
2.9077530E+06,-9.79854E+01
2.9079437E+06,-9.76454E+01
2.9081345E+06,-9.70654E+01
2.9083252E+06,-1.02365E+02
2.9085159E+06,-1.02425E+02
2.9087067E+06,-1.00225E+02
2.9088974E+06,-9.71054E+01
2.9090881E+06,-9.95854E+01
2.9092789E+06,-1.01625E+02
2.9094696E+06,-1.03765E+02
2.9096603E+06,-1.00265E+02
2.9098511E+06,-9.88054E+01
2.9100418E+06,-1.01805E+02
2.9102325E+06,-9.76854E+01
2.9104233E+06,-9.48454E+01
2.9106140E+06,-9.50054E+01
2.9108047E+06,-1.05125E+02
2.9109955E+06,-1.04945E+02
2.9111862E+06,-1.02865E+02
2.9113770E+06,-9.82054E+01
2.9115677E+06,-1.04585E+02
2.9117584E+06,-1.03465E+02
2.9119492E+06,-1.02965E+02
2.9121399E+06,-9.81854E+01
2.9123306E+06,-9.75254E+01
2.9125214E+06,-1.00585E+02
2.9127121E+06,-1.00325E+02
2.9129028E+06,-9.34454E+01
2.9130936E+06,-9.34054E+01
2.9132843E+06,-9.24854E+01
2.9134750E+06,-9.54654E+01
2.9136658E+06,-1.03585E+02
2.9138565E+06,-1.05065E+02
2.9140472E+06,-9.76854E+01
2.9142380E+06,-9.74854E+01
2.9144287E+06,-9.68454E+01
2.9146194E+06,-1.08645E+02
2.9148102E+06,-1.02965E+02
2.9150009E+06,-1.02165E+02
2.9151917E+06,-1.07525E+02
2.9153824E+06,-1.09005E+02
2.9155731E+06,-1.05485E+02
2.9157639E+06,-1.06465E+02
2.9159546E+06,-1.02225E+02
2.9161453E+06,-1.12745E+02
2.9163361E+06,-1.03445E+02
2.9165268E+06,-1.04645E+02
2.9167175E+06,-9.37254E+01
2.9169083E+06,-9.43654E+01
2.9170990E+06,-1.09445E+02
2.9172897E+06,-1.11965E+02
2.9174805E+06,-9.84454E+01
2.9176712E+06,-9.61654E+01
2.9178619E+06,-9.59454E+01
2.9180527E+06,-1.04085E+02
2.9182434E+06,-1.05345E+02
2.9184341E+06,-1.01745E+02
2.9186249E+06,-9.77654E+01
2.9188156E+06,-1.02685E+02
2.9190063E+06,-1.05925E+02
2.9191971E+06,-9.83454E+01
2.9193878E+06,-9.85454E+01
2.9195786E+06,-9.87454E+01
2.9197693E+06,-9.64854E+01
2.9199600E+06,-1.01765E+02
2.9201508E+06,-1.08785E+02
2.9203415E+06,-9.75654E+01
2.9205322E+06,-9.70654E+01
2.9207230E+06,-9.64654E+01
2.9209137E+06,-1.06865E+02
2.9211044E+06,-1.15165E+02
2.9212952E+06,-9.70454E+01
2.9214859E+06,-1.01185E+02
2.9216766E+06,-1.01445E+02
2.9218674E+06,-9.36654E+01
2.9220581E+06,-9.42254E+01
2.9222488E+06,-9.69654E+01
2.9224396E+06,-1.02485E+02
2.9226303E+06,-1.05905E+02
2.9228210E+06,-9.72454E+01
2.9230118E+06,-9.37654E+01
2.9232025E+06,-9.58254E+01
2.9233932E+06,-9.97854E+01
2.9235840E+06,-1.20205E+02
2.9237747E+06,-9.93654E+01
2.9239655E+06,-1.01745E+02
2.9241562E+06,-1.07105E+02
2.9243469E+06,-1.03445E+02
2.9245377E+06,-1.07745E+02
2.9247284E+06,-1.01065E+02
2.9249191E+06,-9.87054E+01
2.9251099E+06,-9.94454E+01
2.9253006E+06,-1.14345E+02
2.9254913E+06,-9.81654E+01
2.9256821E+06,-1.02245E+02
2.9258728E+06,-1.02685E+02
2.9260635E+06,-9.88254E+01
2.9262543E+06,-9.65254E+01
2.9264450E+06,-1.00585E+02
2.9266357E+06,-9.96454E+01
2.9268265E+06,-1.03305E+02
2.9270172E+06,-1.05385E+02
2.9272079E+06,-9.50654E+01
2.9273987E+06,-9.67254E+01
2.9275894E+06,-1.03805E+02
2.9277802E+06,-9.81854E+01
2.9279709E+06,-1.05665E+02
2.9281616E+06,-1.01305E+02
2.9283524E+06,-9.41454E+01
2.9285431E+06,-1.01005E+02
2.9287338E+06,-1.15805E+02
2.9289246E+06,-1.00525E+02
2.9291153E+06,-9.50254E+01
2.9293060E+06,-9.88654E+01
2.9294968E+06,-1.01905E+02
2.9296875E+06,-1.02445E+02
2.9298782E+06,-9.42254E+01
2.9300690E+06,-9.89454E+01
2.9302597E+06,-1.06405E+02
2.9304504E+06,-1.17445E+02
2.9306412E+06,-1.01905E+02
2.9308319E+06,-9.66254E+01
2.9310226E+06,-9.50454E+01
2.9312134E+06,-9.59654E+01
2.9314041E+06,-9.84254E+01
2.9315948E+06,-9.70654E+01
2.9317856E+06,-9.31654E+01
2.9319763E+06,-9.36254E+01
2.9321671E+06,-9.95054E+01
2.9323578E+06,-1.00805E+02
2.9325485E+06,-9.67454E+01
2.9327393E+06,-1.00905E+02
2.9329300E+06,-9.85054E+01
2.9331207E+06,-9.80054E+01
2.9333115E+06,-9.30254E+01
2.9335022E+06,-9.75854E+01
2.9336929E+06,-1.05505E+02
2.9338837E+06,-1.04985E+02
2.9340744E+06,-1.05325E+02
2.9342651E+06,-1.10165E+02
2.9344559E+06,-9.85654E+01
2.9346466E+06,-9.57654E+01
2.9348373E+06,-9.88654E+01
2.9350281E+06,-1.00425E+02
2.9352188E+06,-1.07365E+02
2.9354095E+06,-1.03765E+02
2.9356003E+06,-9.36254E+01
2.9357910E+06,-9.13254E+01
2.9359818E+06,-9.48854E+01
2.9361725E+06,-9.94254E+01
2.9363632E+06,-9.86054E+01
2.9365540E+06,-9.97854E+01
2.9367447E+06,-1.04965E+02
2.9369354E+06,-9.90854E+01
2.9371262E+06,-1.05565E+02
2.9373169E+06,-1.07205E+02
2.9375076E+06,-1.00545E+02
2.9376984E+06,-9.64254E+01
2.9378891E+06,-9.44854E+01
2.9380798E+06,-9.25054E+01
2.9382706E+06,-9.25054E+01
2.9384613E+06,-9.60254E+01
2.9386520E+06,-1.04585E+02
2.9388428E+06,-1.03325E+02
2.9390335E+06,-1.00245E+02
2.9392242E+06,-1.04185E+02
2.9394150E+06,-9.97854E+01
2.9396057E+06,-9.73454E+01
2.9397964E+06,-1.00125E+02
2.9399872E+06,-1.00025E+02
2.9401779E+06,-1.00685E+02
2.9403687E+06,-1.09325E+02
2.9405594E+06,-1.02705E+02
2.9407501E+06,-9.85254E+01
2.9409409E+06,-1.01885E+02
2.9411316E+06,-1.07685E+02
2.9413223E+06,-9.94254E+01
2.9415131E+06,-9.83654E+01
2.9417038E+06,-1.01785E+02
2.9418945E+06,-9.88854E+01
2.9420853E+06,-9.91254E+01
2.9422760E+06,-9.96654E+01
2.9424667E+06,-1.01765E+02
2.9426575E+06,-1.12965E+02
2.9428482E+06,-1.06605E+02
2.9430389E+06,-9.79654E+01
2.9432297E+06,-9.57454E+01
2.9434204E+06,-1.03325E+02
2.9436111E+06,-1.03265E+02
2.9438019E+06,-1.05885E+02
2.9439926E+06,-9.95454E+01
2.9441833E+06,-1.01485E+02
2.9443741E+06,-9.69654E+01
2.9445648E+06,-9.61654E+01
2.9447556E+06,-9.97054E+01
2.9449463E+06,-9.55654E+01
2.9451370E+06,-9.98654E+01
2.9453278E+06,-9.74654E+01
2.9455185E+06,-9.86854E+01
2.9457092E+06,-9.72654E+01
2.9459000E+06,-9.88654E+01
2.9460907E+06,-1.02045E+02
2.9462814E+06,-1.10585E+02
2.9464722E+06,-9.67654E+01
2.9466629E+06,-9.86854E+01
2.9468536E+06,-1.05665E+02
2.9470444E+06,-1.08745E+02
2.9472351E+06,-1.18865E+02
2.9474258E+06,-1.02645E+02
2.9476166E+06,-1.00105E+02
2.9478073E+06,-1.03325E+02
2.9479980E+06,-9.94854E+01
2.9481888E+06,-9.87054E+01
2.9483795E+06,-1.02585E+02
2.9485703E+06,-1.09485E+02
2.9487610E+06,-1.02385E+02
2.9489517E+06,-9.64254E+01
2.9491425E+06,-9.84654E+01
2.9493332E+06,-1.04425E+02
2.9495239E+06,-1.01445E+02
2.9497147E+06,-9.55054E+01
2.9499054E+06,-1.00985E+02
2.9500961E+06,-9.19054E+01
2.9502869E+06,-9.37654E+01
2.9504776E+06,-9.49854E+01
2.9506683E+06,-9.22854E+01
2.9508591E+06,-9.30254E+01
2.9510498E+06,-9.61454E+01
2.9512405E+06,-9.64854E+01
2.9514313E+06,-9.55054E+01
2.9516220E+06,-9.20454E+01
2.9518127E+06,-9.38454E+01
2.9520035E+06,-1.04745E+02
2.9521942E+06,-9.84254E+01
2.9523849E+06,-9.53654E+01
2.9525757E+06,-9.78254E+01
2.9527664E+06,-1.11305E+02
2.9529572E+06,-1.07545E+02
2.9531479E+06,-9.96454E+01
2.9533386E+06,-9.65654E+01
2.9535294E+06,-1.01225E+02
2.9537201E+06,-1.14725E+02
2.9539108E+06,-1.01485E+02
2.9541016E+06,-9.63054E+01
2.9542923E+06,-9.54454E+01
2.9544830E+06,-9.54654E+01
2.9546738E+06,-9.61454E+01
2.9548645E+06,-9.55654E+01
2.9550552E+06,-9.30654E+01
2.9552460E+06,-9.13254E+01
2.9554367E+06,-9.17054E+01
2.9556274E+06,-1.02305E+02
2.9558182E+06,-1.07065E+02
2.9560089E+06,-9.92054E+01
2.9561996E+06,-9.37654E+01
2.9563904E+06,-9.48654E+01
2.9565811E+06,-1.00645E+02
2.9567719E+06,-9.52054E+01
2.9569626E+06,-1.05905E+02
2.9571533E+06,-9.63854E+01
2.9573441E+06,-9.57454E+01
2.9575348E+06,-9.28254E+01
2.9577255E+06,-9.39254E+01
2.9579163E+06,-1.01185E+02
2.9581070E+06,-9.72454E+01
2.9582977E+06,-9.68854E+01
2.9584885E+06,-9.82054E+01
2.9586792E+06,-9.48654E+01
2.9588699E+06,-9.37654E+01
2.9590607E+06,-1.01105E+02
2.9592514E+06,-9.55254E+01
2.9594421E+06,-9.71254E+01
2.9596329E+06,-9.53054E+01
2.9598236E+06,-1.02145E+02
2.9600143E+06,-9.97254E+01
2.9602051E+06,-9.51054E+01
2.9603958E+06,-9.63054E+01
2.9605865E+06,-9.86054E+01
2.9607773E+06,-9.92454E+01
2.9609680E+06,-1.00225E+02
2.9611588E+06,-1.00025E+02
2.9613495E+06,-9.82654E+01
2.9615402E+06,-9.78654E+01
2.9617310E+06,-1.03085E+02
2.9619217E+06,-9.82054E+01
2.9621124E+06,-1.08205E+02
2.9623032E+06,-9.42654E+01
2.9624939E+06,-9.24454E+01
2.9626846E+06,-9.92054E+01
2.9628754E+06,-1.01245E+02
2.9630661E+06,-1.01785E+02
2.9632568E+06,-1.04225E+02
2.9634476E+06,-1.00125E+02
2.9636383E+06,-1.15185E+02
2.9638290E+06,-1.06425E+02
2.9640198E+06,-1.01025E+02
2.9642105E+06,-9.51654E+01
2.9644012E+06,-9.40454E+01
2.9645920E+06,-9.96454E+01
2.9647827E+06,-9.31654E+01
2.9649734E+06,-9.54654E+01
2.9651642E+06,-1.04965E+02
2.9653549E+06,-1.06985E+02
2.9655457E+06,-1.01785E+02
2.9657364E+06,-1.16365E+02
2.9659271E+06,-1.01625E+02
2.9661179E+06,-9.87654E+01
2.9663086E+06,-1.07305E+02
2.9664993E+06,-9.77254E+01
2.9666901E+06,-9.45654E+01
2.9668808E+06,-9.27054E+01
2.9670715E+06,-9.12454E+01
2.9672623E+06,-9.38854E+01
2.9674530E+06,-9.88454E+01
2.9676437E+06,-9.87054E+01
2.9678345E+06,-1.00025E+02
2.9680252E+06,-9.97254E+01
2.9682159E+06,-9.47854E+01
2.9684067E+06,-9.42654E+01
2.9685974E+06,-1.00225E+02
2.9687881E+06,-1.00225E+02
2.9689789E+06,-9.43054E+01
2.9691696E+06,-9.64654E+01
2.9693604E+06,-1.08345E+02
2.9695511E+06,-1.04545E+02
2.9697418E+06,-1.07505E+02
2.9699326E+06,-1.12925E+02
2.9701233E+06,-1.02645E+02
2.9703140E+06,-1.05465E+02
2.9705048E+06,-9.75254E+01
2.9706955E+06,-9.67054E+01
2.9708862E+06,-9.73454E+01
2.9710770E+06,-9.91854E+01
2.9712677E+06,-1.03465E+02
2.9714584E+06,-9.64854E+01
2.9716492E+06,-1.02705E+02
2.9718399E+06,-1.07785E+02
2.9720306E+06,-1.00425E+02
2.9722214E+06,-9.84054E+01
2.9724121E+06,-9.94454E+01
2.9726028E+06,-9.82054E+01
2.9727936E+06,-1.04005E+02
2.9729843E+06,-9.89854E+01
2.9731750E+06,-1.05145E+02
2.9733658E+06,-9.79654E+01
2.9735565E+06,-9.99654E+01
2.9737473E+06,-1.05725E+02
2.9739380E+06,-1.07565E+02
2.9741287E+06,-1.03065E+02
2.9743195E+06,-9.74054E+01
2.9745102E+06,-9.21454E+01
2.9747009E+06,-9.54654E+01
2.9748917E+06,-9.32254E+01
2.9750824E+06,-8.90454E+01
2.9752731E+06,-9.10654E+01
2.9754639E+06,-9.54254E+01
2.9756546E+06,-9.74454E+01
2.9758453E+06,-9.72854E+01
2.9760361E+06,-1.01345E+02
2.9762268E+06,-9.90854E+01
2.9764175E+06,-9.93254E+01
2.9766083E+06,-1.12505E+02
2.9767990E+06,-1.01225E+02
2.9769897E+06,-1.03805E+02
2.9771805E+06,-9.74054E+01
2.9773712E+06,-9.93454E+01
2.9775620E+06,-1.04725E+02
2.9777527E+06,-1.04385E+02
2.9779434E+06,-9.55654E+01
2.9781342E+06,-9.61454E+01
2.9783249E+06,-1.16545E+02
2.9785156E+06,-1.05745E+02
2.9787064E+06,-1.01745E+02
2.9788971E+06,-9.67854E+01
2.9790878E+06,-1.00345E+02
2.9792786E+06,-9.95654E+01
2.9794693E+06,-9.47254E+01
2.9796600E+06,-9.67854E+01
2.9798508E+06,-9.70454E+01
2.9800415E+06,-1.00745E+02
2.9802322E+06,-9.81054E+01
2.9804230E+06,-9.57454E+01
2.9806137E+06,-1.00385E+02
2.9808044E+06,-9.27654E+01
2.9809952E+06,-8.98854E+01
2.9811859E+06,-9.11054E+01
2.9813766E+06,-9.74254E+01
2.9815674E+06,-9.84454E+01
2.9817581E+06,-1.00605E+02
2.9819489E+06,-9.71854E+01
2.9821396E+06,-1.00645E+02
2.9823303E+06,-1.00405E+02
2.9825211E+06,-1.06545E+02
2.9827118E+06,-1.02205E+02
2.9829025E+06,-9.96854E+01
2.9830933E+06,-9.49054E+01
2.9832840E+06,-9.34654E+01
2.9834747E+06,-9.66854E+01
2.9836655E+06,-1.01025E+02
2.9838562E+06,-1.02125E+02
2.9840469E+06,-9.84254E+01
2.9842377E+06,-9.56854E+01
2.9844284E+06,-9.58054E+01
2.9846191E+06,-9.87254E+01
2.9848099E+06,-9.43254E+01
2.9850006E+06,-9.40454E+01
2.9851913E+06,-9.97654E+01
2.9853821E+06,-9.85654E+01
2.9855728E+06,-9.46854E+01
2.9857635E+06,-9.94454E+01
2.9859543E+06,-1.08105E+02
2.9861450E+06,-1.01705E+02
2.9863358E+06,-9.30254E+01
2.9865265E+06,-9.45854E+01
2.9867172E+06,-1.05865E+02
2.9869080E+06,-1.01025E+02
2.9870987E+06,-9.60854E+01
2.9872894E+06,-9.60654E+01
2.9874802E+06,-9.92054E+01
2.9876709E+06,-1.00045E+02
2.9878616E+06,-1.01345E+02
2.9880524E+06,-1.00125E+02
2.9882431E+06,-9.66054E+01
2.9884338E+06,-9.55254E+01
2.9886246E+06,-1.03165E+02
2.9888153E+06,-1.00025E+02
2.9890060E+06,-1.07305E+02
2.9891968E+06,-9.89854E+01
2.9893875E+06,-9.35054E+01
2.9895782E+06,-1.08285E+02
2.9897690E+06,-9.49854E+01
2.9899597E+06,-9.46054E+01
2.9901505E+06,-9.93054E+01
2.9903412E+06,-1.02245E+02
2.9905319E+06,-9.64254E+01
2.9907227E+06,-9.45054E+01
2.9909134E+06,-1.00265E+02
2.9911041E+06,-1.01005E+02
2.9912949E+06,-9.72654E+01
2.9914856E+06,-1.01485E+02
2.9916763E+06,-9.72654E+01
2.9918671E+06,-9.64454E+01
2.9920578E+06,-9.76054E+01
2.9922485E+06,-9.51454E+01
2.9924393E+06,-9.47054E+01
2.9926300E+06,-9.51854E+01
2.9928207E+06,-9.58454E+01
2.9930115E+06,-1.00205E+02
2.9932022E+06,-1.17965E+02
2.9933929E+06,-1.03445E+02
2.9935837E+06,-9.78454E+01
2.9937744E+06,-9.54854E+01
2.9939651E+06,-1.02305E+02
2.9941559E+06,-9.63454E+01
2.9943466E+06,-9.81654E+01
2.9945374E+06,-9.35454E+01
2.9947281E+06,-9.73254E+01
2.9949188E+06,-1.08805E+02
2.9951096E+06,-1.00325E+02
2.9953003E+06,-1.03705E+02
2.9954910E+06,-1.01565E+02
2.9956818E+06,-9.74454E+01
2.9958725E+06,-1.01885E+02
2.9960632E+06,-1.03445E+02
2.9962540E+06,-9.88054E+01
2.9964447E+06,-1.19605E+02
2.9966354E+06,-1.00305E+02
2.9968262E+06,-9.93054E+01
2.9970169E+06,-9.49654E+01
2.9972076E+06,-9.81054E+01
2.9973984E+06,-1.07625E+02
2.9975891E+06,-1.11445E+02
2.9977798E+06,-9.76054E+01
2.9979706E+06,-9.63454E+01
2.9981613E+06,-9.47654E+01
2.9983521E+06,-9.53854E+01
2.9985428E+06,-1.04685E+02
2.9987335E+06,-1.08005E+02
2.9989243E+06,-1.01505E+02
2.9991150E+06,-9.63854E+01
2.9993057E+06,-9.63054E+01
2.9994965E+06,-9.87454E+01
2.9996872E+06,-1.12305E+02
2.9998779E+06,-9.32654E+01
3.0000687E+06,-9.15254E+01
3.0002594E+06,-9.87054E+01
3.0004501E+06,-9.99454E+01
3.0006409E+06,-9.32254E+01
3.0008316E+06,-9.65254E+01
3.0010223E+06,-9.62254E+01
3.0012131E+06,-1.09145E+02
3.0014038E+06,-9.28254E+01
3.0015945E+06,-9.57854E+01
3.0017853E+06,-1.04545E+02
3.0019760E+06,-1.02005E+02
3.0021667E+06,-1.04045E+02
3.0023575E+06,-1.01625E+02
3.0025482E+06,-1.00545E+02
3.0027390E+06,-1.15245E+02
3.0029297E+06,-1.02865E+02
3.0031204E+06,-9.82654E+01
3.0033112E+06,-9.54254E+01
3.0035019E+06,-1.00725E+02
3.0036926E+06,-1.12585E+02
3.0038834E+06,-1.06565E+02
3.0040741E+06,-1.01965E+02
3.0042648E+06,-9.82654E+01
3.0044556E+06,-9.55654E+01
3.0046463E+06,-9.48454E+01
3.0048370E+06,-9.62654E+01
3.0050278E+06,-9.71054E+01
3.0052185E+06,-9.28054E+01
3.0054092E+06,-9.54454E+01
3.0056000E+06,-1.12865E+02
3.0057907E+06,-9.92054E+01
3.0059814E+06,-9.49054E+01
3.0061722E+06,-9.07454E+01
3.0063629E+06,-9.00254E+01
3.0065536E+06,-9.54854E+01
3.0067444E+06,-1.06425E+02
3.0069351E+06,-9.76854E+01
3.0071259E+06,-9.58454E+01
3.0073166E+06,-9.82854E+01
3.0075073E+06,-9.78454E+01
3.0076981E+06,-9.53854E+01
3.0078888E+06,-1.00165E+02
3.0080795E+06,-1.02285E+02
3.0082703E+06,-1.06485E+02
3.0084610E+06,-1.00885E+02
3.0086517E+06,-9.88454E+01
3.0088425E+06,-9.86254E+01
3.0090332E+06,-9.88454E+01
3.0092239E+06,-9.38854E+01
3.0094147E+06,-9.38454E+01
3.0096054E+06,-1.00505E+02
3.0097961E+06,-1.07105E+02
3.0099869E+06,-9.50454E+01
3.0101776E+06,-9.55054E+01
3.0103683E+06,-1.04145E+02
3.0105591E+06,-9.75454E+01
3.0107498E+06,-9.38454E+01
3.0109406E+06,-9.66254E+01
3.0111313E+06,-1.11185E+02
3.0113220E+06,-1.06545E+02
3.0115128E+06,-9.88054E+01
3.0117035E+06,-9.92054E+01
3.0118942E+06,-9.88654E+01
3.0120850E+06,-1.03965E+02
3.0122757E+06,-9.76654E+01
3.0124664E+06,-9.29854E+01
3.0126572E+06,-9.64454E+01
3.0128479E+06,-1.13805E+02
3.0130386E+06,-9.69454E+01
3.0132294E+06,-9.57454E+01
3.0134201E+06,-1.00865E+02
3.0136108E+06,-9.73654E+01
3.0138016E+06,-1.07425E+02
3.0139923E+06,-1.03665E+02
3.0141830E+06,-1.03445E+02
3.0143738E+06,-1.15285E+02
3.0145645E+06,-1.02285E+02
3.0147552E+06,-1.07325E+02
3.0149460E+06,-1.04585E+02
3.0151367E+06,-1.01325E+02
3.0153275E+06,-9.96054E+01
3.0155182E+06,-9.88454E+01
3.0157089E+06,-1.00405E+02
3.0158997E+06,-9.97454E+01
3.0160904E+06,-1.01185E+02
3.0162811E+06,-1.01245E+02
3.0164719E+06,-1.03125E+02
3.0166626E+06,-1.12965E+02
3.0168533E+06,-1.04625E+02
3.0170441E+06,-9.61454E+01
3.0172348E+06,-1.04405E+02
3.0174255E+06,-1.03225E+02
3.0176163E+06,-1.01865E+02
3.0178070E+06,-9.72054E+01
3.0179977E+06,-9.68454E+01
3.0181885E+06,-9.97854E+01
3.0183792E+06,-9.96654E+01
3.0185699E+06,-9.85054E+01
3.0187607E+06,-1.02165E+02
3.0189514E+06,-9.69854E+01
3.0191422E+06,-9.98254E+01
3.0193329E+06,-1.03665E+02
3.0195236E+06,-1.00345E+02
3.0197144E+06,-9.67654E+01
3.0199051E+06,-9.79854E+01
3.0200958E+06,-9.87254E+01
3.0202866E+06,-9.57654E+01
3.0204773E+06,-1.03665E+02
3.0206680E+06,-1.14745E+02
3.0208588E+06,-1.05225E+02
3.0210495E+06,-1.01745E+02
3.0212402E+06,-9.88254E+01
3.0214310E+06,-1.02565E+02
3.0216217E+06,-1.00905E+02
3.0218124E+06,-9.32254E+01
3.0220032E+06,-9.46054E+01
3.0221939E+06,-1.04925E+02
3.0223846E+06,-9.76854E+01
3.0225754E+06,-9.45054E+01
3.0227661E+06,-1.05045E+02
3.0229568E+06,-9.73654E+01
3.0231476E+06,-9.35454E+01
3.0233383E+06,-9.76454E+01
3.0235291E+06,-9.76254E+01
3.0237198E+06,-9.37254E+01
3.0239105E+06,-9.52054E+01
3.0241013E+06,-1.01085E+02
3.0242920E+06,-1.02585E+02
3.0244827E+06,-9.84454E+01
3.0246735E+06,-9.44254E+01
3.0248642E+06,-9.35054E+01
3.0250549E+06,-9.85654E+01
3.0252457E+06,-1.06025E+02
3.0254364E+06,-1.00225E+02
3.0256271E+06,-9.95654E+01
3.0258179E+06,-1.10185E+02
3.0260086E+06,-1.04865E+02
3.0261993E+06,-1.06585E+02
3.0263901E+06,-1.11185E+02
3.0265808E+06,-1.05245E+02
3.0267715E+06,-9.83454E+01
3.0269623E+06,-1.07625E+02
3.0271530E+06,-1.12705E+02
3.0273438E+06,-9.87854E+01
3.0275345E+06,-9.37054E+01
3.0277252E+06,-9.70854E+01
3.0279160E+06,-1.06485E+02
3.0281067E+06,-9.71454E+01
3.0282974E+06,-9.56454E+01
3.0284882E+06,-1.04605E+02
3.0286789E+06,-1.00685E+02
3.0288696E+06,-9.72254E+01
3.0290604E+06,-1.02065E+02
3.0292511E+06,-1.05785E+02
3.0294418E+06,-1.02685E+02
3.0296326E+06,-9.73854E+01
3.0298233E+06,-9.23654E+01
3.0300140E+06,-9.58054E+01
3.0302048E+06,-1.04145E+02
3.0303955E+06,-1.02705E+02
3.0305862E+06,-1.01425E+02
3.0307770E+06,-9.70254E+01
3.0309677E+06,-9.96654E+01
3.0311584E+06,-1.01045E+02
3.0313492E+06,-9.43054E+01
3.0315399E+06,-9.72854E+01
3.0317307E+06,-1.08585E+02
3.0319214E+06,-1.01865E+02
3.0321121E+06,-1.15865E+02
3.0323029E+06,-1.03505E+02
3.0324936E+06,-1.15885E+02
3.0326843E+06,-9.97854E+01
3.0328751E+06,-1.08005E+02
3.0330658E+06,-1.01045E+02
3.0332565E+06,-9.41454E+01
3.0334473E+06,-9.52054E+01
3.0336380E+06,-9.39254E+01
3.0338287E+06,-9.26254E+01
3.0340195E+06,-9.68254E+01
3.0342102E+06,-1.14905E+02
3.0344009E+06,-9.63454E+01
3.0345917E+06,-9.44854E+01
3.0347824E+06,-9.81054E+01
3.0349731E+06,-9.90854E+01
3.0351639E+06,-9.70054E+01
3.0353546E+06,-1.04725E+02
3.0355453E+06,-9.35054E+01
3.0357361E+06,-9.55854E+01
3.0359268E+06,-9.45654E+01
3.0361176E+06,-9.84454E+01
3.0363083E+06,-1.08185E+02
3.0364990E+06,-1.06665E+02
3.0366898E+06,-9.90054E+01
3.0368805E+06,-1.00485E+02
3.0370712E+06,-9.91854E+01
3.0372620E+06,-9.98054E+01
3.0374527E+06,-1.02805E+02
3.0376434E+06,-9.80254E+01
3.0378342E+06,-1.07965E+02
3.0380249E+06,-9.53854E+01
3.0382156E+06,-9.26254E+01
3.0384064E+06,-9.62454E+01
3.0385971E+06,-9.51854E+01
3.0387878E+06,-9.98254E+01
3.0389786E+06,-1.02905E+02
3.0391693E+06,-1.03025E+02
3.0393600E+06,-1.15245E+02
3.0395508E+06,-1.05045E+02
3.0397415E+06,-1.02865E+02
3.0399323E+06,-9.97854E+01
3.0401230E+06,-9.61654E+01
3.0403137E+06,-9.65854E+01
3.0405045E+06,-1.07485E+02
3.0406952E+06,-1.03805E+02
3.0408859E+06,-1.04085E+02
3.0410767E+06,-1.04085E+02
3.0412674E+06,-1.01625E+02
3.0414581E+06,-1.08865E+02
3.0416489E+06,-9.49854E+01
3.0418396E+06,-9.38454E+01
3.0420303E+06,-9.39254E+01
3.0422211E+06,-9.64654E+01
3.0424118E+06,-1.01245E+02
3.0426025E+06,-9.62454E+01
3.0427933E+06,-1.00125E+02
3.0429840E+06,-1.08165E+02
3.0431747E+06,-1.07305E+02
3.0433655E+06,-1.07905E+02
3.0435562E+06,-1.11145E+02
3.0437469E+06,-1.05725E+02
3.0439377E+06,-9.51054E+01
3.0441284E+06,-9.22454E+01
3.0443192E+06,-9.34454E+01
3.0445099E+06,-9.19654E+01
3.0447006E+06,-9.35854E+01
3.0448914E+06,-1.11045E+02
3.0450821E+06,-9.47854E+01
3.0452728E+06,-9.83454E+01
3.0454636E+06,-9.80854E+01
3.0456543E+06,-9.39654E+01
3.0458450E+06,-1.01805E+02
3.0460358E+06,-9.94454E+01
3.0462265E+06,-9.49854E+01
3.0464172E+06,-9.70254E+01
3.0466080E+06,-1.00665E+02
3.0467987E+06,-1.10225E+02
3.0469894E+06,-1.00425E+02
3.0471802E+06,-9.45054E+01
3.0473709E+06,-9.49654E+01
3.0475616E+06,-9.96654E+01
3.0477524E+06,-1.01105E+02
3.0479431E+06,-9.54654E+01
3.0481339E+06,-1.00145E+02
3.0483246E+06,-1.01105E+02
3.0485153E+06,-9.89054E+01
3.0487061E+06,-9.85454E+01
3.0488968E+06,-9.88854E+01
3.0490875E+06,-1.03365E+02
3.0492783E+06,-1.12205E+02
3.0494690E+06,-1.05245E+02
3.0496597E+06,-9.98054E+01
3.0498505E+06,-9.80054E+01
3.0500412E+06,-9.84654E+01
3.0502319E+06,-9.70054E+01
3.0504227E+06,-1.08925E+02
3.0506134E+06,-9.65254E+01
3.0508041E+06,-9.72454E+01
3.0509949E+06,-1.06905E+02
3.0511856E+06,-1.08005E+02
3.0513763E+06,-1.09705E+02
3.0515671E+06,-1.03665E+02
3.0517578E+06,-9.83254E+01
3.0519485E+06,-9.60054E+01
3.0521393E+06,-1.00805E+02
3.0523300E+06,-9.85654E+01
3.0525208E+06,-9.30854E+01
3.0527115E+06,-9.47854E+01
3.0529022E+06,-1.03885E+02
3.0530930E+06,-1.00865E+02
3.0532837E+06,-9.59854E+01
3.0534744E+06,-9.33054E+01
3.0536652E+06,-9.05854E+01
3.0538559E+06,-9.42254E+01
3.0540466E+06,-1.06005E+02
3.0542374E+06,-9.66654E+01
3.0544281E+06,-9.72054E+01
3.0546188E+06,-1.03665E+02
3.0548096E+06,-9.79254E+01
3.0550003E+06,-1.01585E+02
3.0551910E+06,-1.00985E+02
3.0553818E+06,-1.00325E+02
3.0555725E+06,-1.01585E+02
3.0557632E+06,-1.06565E+02
3.0559540E+06,-1.13085E+02
3.0561447E+06,-1.02805E+02
3.0563354E+06,-1.03325E+02
3.0565262E+06,-9.68654E+01
3.0567169E+06,-1.07505E+02
3.0569077E+06,-9.80654E+01
3.0570984E+06,-9.83654E+01
3.0572891E+06,-9.88654E+01
3.0574799E+06,-9.75454E+01
3.0576706E+06,-9.65454E+01
3.0578613E+06,-9.74854E+01
3.0580521E+06,-1.09725E+02
3.0582428E+06,-1.02385E+02
3.0584335E+06,-1.00505E+02
3.0586243E+06,-1.06445E+02
3.0588150E+06,-1.09525E+02
3.0590057E+06,-1.12905E+02
3.0591965E+06,-1.04765E+02
3.0593872E+06,-1.00025E+02
3.0595779E+06,-1.00305E+02
3.0597687E+06,-9.81254E+01
3.0599594E+06,-1.01185E+02
3.0601501E+06,-1.00465E+02
3.0603409E+06,-9.94254E+01
3.0605316E+06,-1.08305E+02
3.0607224E+06,-1.00945E+02
3.0609131E+06,-9.82654E+01
3.0611038E+06,-1.02085E+02
3.0612946E+06,-1.05085E+02
3.0614853E+06,-9.61854E+01
3.0616760E+06,-9.85654E+01
3.0618668E+06,-9.99654E+01
3.0620575E+06,-9.59054E+01
3.0622482E+06,-9.70254E+01
3.0624390E+06,-9.87654E+01
3.0626297E+06,-1.10505E+02
3.0628204E+06,-9.24454E+01
3.0630112E+06,-9.53854E+01
3.0632019E+06,-9.51054E+01
3.0633926E+06,-9.19454E+01
3.0635834E+06,-9.27454E+01
3.0637741E+06,-9.36254E+01
3.0639648E+06,-1.08645E+02
3.0641556E+06,-9.75054E+01
3.0643463E+06,-9.65454E+01
3.0645370E+06,-1.00225E+02
3.0647278E+06,-1.14885E+02
3.0649185E+06,-1.02705E+02
3.0651093E+06,-1.02865E+02
3.0653000E+06,-1.03585E+02
3.0654907E+06,-1.01385E+02
3.0656815E+06,-1.00285E+02
3.0658722E+06,-9.96654E+01
3.0660629E+06,-1.04265E+02
3.0662537E+06,-1.11525E+02
3.0664444E+06,-9.96654E+01
3.0666351E+06,-9.62454E+01
3.0668259E+06,-1.02125E+02
3.0670166E+06,-1.00665E+02
3.0672073E+06,-1.03505E+02
3.0673981E+06,-1.00785E+02
3.0675888E+06,-1.20465E+02
3.0677795E+06,-1.08305E+02
3.0679703E+06,-9.92854E+01
3.0681610E+06,-1.00665E+02
3.0683517E+06,-1.11205E+02
3.0685425E+06,-1.01025E+02
3.0687332E+06,-1.13965E+02
3.0689240E+06,-1.04145E+02
3.0691147E+06,-9.58454E+01
3.0693054E+06,-9.93054E+01
3.0694962E+06,-9.77054E+01
3.0696869E+06,-9.48054E+01
3.0698776E+06,-9.97254E+01
3.0700684E+06,-9.65854E+01
3.0702591E+06,-9.62254E+01
3.0704498E+06,-9.88254E+01
3.0706406E+06,-1.02145E+02
3.0708313E+06,-9.72054E+01
3.0710220E+06,-9.66254E+01
3.0712128E+06,-9.95454E+01
3.0714035E+06,-9.95054E+01
3.0715942E+06,-9.56654E+01
3.0717850E+06,-9.43054E+01
3.0719757E+06,-1.00025E+02
3.0721664E+06,-1.01245E+02
3.0723572E+06,-1.01765E+02
3.0725479E+06,-9.77454E+01
3.0727386E+06,-9.42654E+01
3.0729294E+06,-9.75654E+01
3.0731201E+06,-1.05465E+02
3.0733109E+06,-9.61454E+01
3.0735016E+06,-9.65854E+01
3.0736923E+06,-1.01865E+02
3.0738831E+06,-9.59854E+01
3.0740738E+06,-1.01785E+02
3.0742645E+06,-9.93054E+01
3.0744553E+06,-9.43054E+01
3.0746460E+06,-1.02385E+02
3.0748367E+06,-1.00085E+02
3.0750275E+06,-9.68454E+01
3.0752182E+06,-9.62254E+01
3.0754089E+06,-1.01785E+02
3.0755997E+06,-9.48454E+01
3.0757904E+06,-9.53454E+01
3.0759811E+06,-1.07625E+02
3.0761719E+06,-9.98654E+01
3.0763626E+06,-9.82654E+01
3.0765533E+06,-9.23854E+01
3.0767441E+06,-9.07254E+01
3.0769348E+06,-9.52254E+01
3.0771255E+06,-1.13265E+02
3.0773163E+06,-1.17265E+02
3.0775070E+06,-1.00665E+02
3.0776978E+06,-1.01645E+02
3.0778885E+06,-9.73454E+01
3.0780792E+06,-9.74254E+01
3.0782700E+06,-1.04185E+02
3.0784607E+06,-9.51854E+01
3.0786514E+06,-9.15054E+01
3.0788422E+06,-9.54654E+01
3.0790329E+06,-1.06125E+02
3.0792236E+06,-9.99654E+01
3.0794144E+06,-9.67054E+01
3.0796051E+06,-9.48654E+01
3.0797958E+06,-9.45654E+01
3.0799866E+06,-1.11665E+02
3.0801773E+06,-9.56054E+01
3.0803680E+06,-9.39654E+01
3.0805588E+06,-9.56654E+01
3.0807495E+06,-9.71454E+01
3.0809402E+06,-9.51054E+01
3.0811310E+06,-1.00705E+02
3.0813217E+06,-1.05205E+02
3.0815125E+06,-1.11445E+02
3.0817032E+06,-1.09005E+02
3.0818939E+06,-1.02965E+02
3.0820847E+06,-1.00045E+02
3.0822754E+06,-1.04185E+02
3.0824661E+06,-1.02505E+02
3.0826569E+06,-1.09845E+02
3.0828476E+06,-1.02485E+02
3.0830383E+06,-9.80654E+01
3.0832291E+06,-9.90054E+01
3.0834198E+06,-1.00565E+02
3.0836105E+06,-9.65854E+01
3.0838013E+06,-9.56054E+01
3.0839920E+06,-9.74054E+01
3.0841827E+06,-9.77054E+01
3.0843735E+06,-9.76254E+01
3.0845642E+06,-9.58454E+01
3.0847549E+06,-9.75654E+01
3.0849457E+06,-1.09265E+02
3.0851364E+06,-1.05165E+02
3.0853271E+06,-1.04745E+02
3.0855179E+06,-1.05725E+02
3.0857086E+06,-1.02445E+02
3.0858994E+06,-1.03545E+02
3.0860901E+06,-1.03185E+02
3.0862808E+06,-1.01225E+02
3.0864716E+06,-9.94054E+01
3.0866623E+06,-1.04625E+02
3.0868530E+06,-1.07285E+02
3.0870438E+06,-1.05845E+02
3.0872345E+06,-1.07905E+02
3.0874252E+06,-1.00685E+02
3.0876160E+06,-1.02825E+02
3.0878067E+06,-9.93854E+01
3.0879974E+06,-9.82654E+01
3.0881882E+06,-1.04905E+02
3.0883789E+06,-9.74654E+01
3.0885696E+06,-9.61054E+01
3.0887604E+06,-9.97854E+01
3.0889511E+06,-9.93254E+01
3.0891418E+06,-9.71454E+01
3.0893326E+06,-9.62454E+01
3.0895233E+06,-1.05785E+02
3.0897141E+06,-9.81254E+01
3.0899048E+06,-1.14265E+02
3.0900955E+06,-9.29254E+01
3.0902863E+06,-9.16454E+01
3.0904770E+06,-9.62454E+01
3.0906677E+06,-9.60654E+01
3.0908585E+06,-9.60254E+01
3.0910492E+06,-9.56254E+01
3.0912399E+06,-1.04265E+02
3.0914307E+06,-1.01285E+02
3.0916214E+06,-9.68454E+01
3.0918121E+06,-9.73654E+01
3.0920029E+06,-9.64254E+01
3.0921936E+06,-9.97854E+01
3.0923843E+06,-1.05605E+02
3.0925751E+06,-1.01205E+02
3.0927658E+06,-1.02765E+02
3.0929565E+06,-9.83854E+01
3.0931473E+06,-1.01385E+02
3.0933380E+06,-1.04285E+02
3.0935287E+06,-9.58854E+01
3.0937195E+06,-9.72054E+01
3.0939102E+06,-9.22854E+01
3.0941010E+06,-9.77254E+01
3.0942917E+06,-1.07605E+02
3.0944824E+06,-1.08705E+02
3.0946732E+06,-1.03965E+02
3.0948639E+06,-9.96854E+01
3.0950546E+06,-1.07165E+02
3.0952454E+06,-9.37654E+01
3.0954361E+06,-9.86254E+01
3.0956268E+06,-9.88054E+01
3.0958176E+06,-9.84454E+01
3.0960083E+06,-1.01165E+02
3.0961990E+06,-1.04545E+02
3.0963898E+06,-1.06385E+02
3.0965805E+06,-1.11505E+02
3.0967712E+06,-1.06385E+02
3.0969620E+06,-1.00565E+02
3.0971527E+06,-9.49654E+01
3.0973434E+06,-9.93454E+01
3.0975342E+06,-1.06125E+02
3.0977249E+06,-1.05265E+02
3.0979156E+06,-9.70054E+01
3.0981064E+06,-9.44254E+01
3.0982971E+06,-9.13854E+01
3.0984879E+06,-9.41454E+01
3.0986786E+06,-1.02565E+02
3.0988693E+06,-1.08345E+02
3.0990601E+06,-1.09305E+02
3.0992508E+06,-1.00945E+02
3.0994415E+06,-9.92454E+01
3.0996323E+06,-1.01785E+02
3.0998230E+06,-1.04565E+02
3.1000137E+06,-9.93854E+01
3.1002045E+06,-1.00845E+02
3.1003952E+06,-1.00925E+02
3.1005859E+06,-9.76054E+01
3.1007767E+06,-9.42254E+01
3.1009674E+06,-9.53054E+01
3.1011581E+06,-1.04805E+02
3.1013489E+06,-1.01785E+02
3.1015396E+06,-9.97854E+01
3.1017303E+06,-1.05265E+02
3.1019211E+06,-1.01685E+02
3.1021118E+06,-1.17785E+02
3.1023026E+06,-1.07005E+02
3.1024933E+06,-1.00105E+02
3.1026840E+06,-9.83454E+01
3.1028748E+06,-1.06865E+02
3.1030655E+06,-1.05365E+02
3.1032562E+06,-1.02305E+02
3.1034470E+06,-1.02645E+02
3.1036377E+06,-9.46654E+01
3.1038284E+06,-9.40454E+01
3.1040192E+06,-9.62254E+01
3.1042099E+06,-9.57054E+01
3.1044006E+06,-9.69854E+01
3.1045914E+06,-9.80454E+01
3.1047821E+06,-9.84654E+01
3.1049728E+06,-1.05665E+02
3.1051636E+06,-1.05205E+02
3.1053543E+06,-9.82854E+01
3.1055450E+06,-9.44054E+01
3.1057358E+06,-9.38854E+01
3.1059265E+06,-9.83254E+01
3.1061172E+06,-9.69654E+01
3.1063080E+06,-1.05185E+02
3.1064987E+06,-1.02645E+02
3.1066895E+06,-9.74454E+01
3.1068802E+06,-9.76854E+01
3.1070709E+06,-1.06825E+02
3.1072617E+06,-9.65054E+01
3.1074524E+06,-1.02285E+02
3.1076431E+06,-1.05805E+02
3.1078339E+06,-9.93454E+01
3.1080246E+06,-9.59054E+01
3.1082153E+06,-9.42654E+01
3.1084061E+06,-9.33054E+01
3.1085968E+06,-9.28654E+01
3.1087875E+06,-9.23054E+01
3.1089783E+06,-9.33654E+01
3.1091690E+06,-1.17585E+02
3.1093597E+06,-9.74254E+01
3.1095505E+06,-1.00725E+02
3.1097412E+06,-1.01865E+02
3.1099319E+06,-9.56454E+01
3.1101227E+06,-9.38054E+01
3.1103134E+06,-9.65854E+01
3.1105042E+06,-1.06925E+02
3.1106949E+06,-9.64454E+01
3.1108856E+06,-9.73654E+01
3.1110764E+06,-1.01125E+02
3.1112671E+06,-1.14785E+02
3.1114578E+06,-1.02365E+02
3.1116486E+06,-1.00825E+02
3.1118393E+06,-1.02385E+02
3.1120300E+06,-1.08785E+02
3.1122208E+06,-9.93854E+01
3.1124115E+06,-9.75854E+01
3.1126022E+06,-1.11985E+02
3.1127930E+06,-1.03805E+02
3.1129837E+06,-1.06865E+02
3.1131744E+06,-1.03765E+02
3.1133652E+06,-9.88054E+01
3.1135559E+06,-9.61254E+01
3.1137466E+06,-1.00145E+02
3.1139374E+06,-1.02805E+02
3.1141281E+06,-1.00465E+02
3.1143188E+06,-9.83054E+01
3.1145096E+06,-9.71054E+01
3.1147003E+06,-1.07225E+02
3.1148911E+06,-1.08145E+02
3.1150818E+06,-1.15785E+02
3.1152725E+06,-1.10625E+02
3.1154633E+06,-1.01025E+02
3.1156540E+06,-1.00085E+02
3.1158447E+06,-1.13805E+02
3.1160355E+06,-1.11245E+02
3.1162262E+06,-1.03065E+02
3.1164169E+06,-9.61454E+01
3.1166077E+06,-9.75254E+01
3.1167984E+06,-1.02565E+02
3.1169891E+06,-1.01185E+02
3.1171799E+06,-9.84654E+01
3.1173706E+06,-1.04865E+02
3.1175613E+06,-1.02145E+02
3.1177521E+06,-9.80854E+01
3.1179428E+06,-9.96454E+01
3.1181335E+06,-1.01385E+02
3.1183243E+06,-1.01545E+02
3.1185150E+06,-1.06865E+02
3.1187057E+06,-9.93454E+01
3.1188965E+06,-9.66254E+01
3.1190872E+06,-9.71654E+01
3.1192780E+06,-9.58854E+01
3.1194687E+06,-9.81054E+01
3.1196594E+06,-1.00525E+02
3.1198502E+06,-1.01405E+02
3.1200409E+06,-1.00665E+02
3.1202316E+06,-1.01525E+02
3.1204224E+06,-1.06665E+02
3.1206131E+06,-9.71254E+01
3.1208038E+06,-9.58054E+01
3.1209946E+06,-1.00445E+02
3.1211853E+06,-1.03065E+02
3.1213760E+06,-1.03585E+02
3.1215668E+06,-1.10145E+02
3.1217575E+06,-1.04705E+02
3.1219482E+06,-9.72254E+01
3.1221390E+06,-9.65654E+01
3.1223297E+06,-9.76454E+01
3.1225204E+06,-9.97654E+01
3.1227112E+06,-9.71054E+01
3.1229019E+06,-9.65654E+01
3.1230927E+06,-9.93854E+01
3.1232834E+06,-9.68054E+01
3.1234741E+06,-9.60854E+01
3.1236649E+06,-9.97854E+01
3.1238556E+06,-1.03125E+02
3.1240463E+06,-1.08705E+02
3.1242371E+06,-1.03965E+02
3.1244278E+06,-9.63054E+01
3.1246185E+06,-9.04654E+01
3.1248093E+06,-8.90654E+01
3.1250000E+06,-8.33654E+01
3.1251907E+06,-8.90854E+01
3.1253815E+06,-9.80454E+01
3.1255722E+06,-1.00845E+02
3.1257629E+06,-1.05325E+02
3.1259537E+06,-1.04945E+02
3.1261444E+06,-1.00365E+02
3.1263351E+06,-9.56254E+01
3.1265259E+06,-9.64254E+01
3.1267166E+06,-9.96854E+01
3.1269073E+06,-1.01165E+02
3.1270981E+06,-9.53654E+01
3.1272888E+06,-1.04185E+02
3.1274796E+06,-9.55854E+01
3.1276703E+06,-9.53054E+01
3.1278610E+06,-1.06465E+02
3.1280518E+06,-9.90254E+01
3.1282425E+06,-9.87854E+01
3.1284332E+06,-1.02645E+02
3.1286240E+06,-1.03725E+02
3.1288147E+06,-1.00205E+02
3.1290054E+06,-1.02305E+02
3.1291962E+06,-9.39654E+01
3.1293869E+06,-9.07454E+01
3.1295776E+06,-9.39254E+01
3.1297684E+06,-9.53254E+01
3.1299591E+06,-9.91654E+01
3.1301498E+06,-9.82654E+01
3.1303406E+06,-9.37254E+01
3.1305313E+06,-9.42654E+01
3.1307220E+06,-1.00265E+02
3.1309128E+06,-1.09705E+02
3.1311035E+06,-9.71654E+01
3.1312943E+06,-1.02285E+02
3.1314850E+06,-9.68854E+01
3.1316757E+06,-9.44654E+01
3.1318665E+06,-9.68454E+01
3.1320572E+06,-9.76854E+01
3.1322479E+06,-9.97054E+01
3.1324387E+06,-1.02145E+02
3.1326294E+06,-9.92654E+01
3.1328201E+06,-9.54654E+01
3.1330109E+06,-9.69454E+01
3.1332016E+06,-1.00905E+02
3.1333923E+06,-1.00425E+02
3.1335831E+06,-1.02285E+02
3.1337738E+06,-1.02985E+02
3.1339645E+06,-9.48454E+01
3.1341553E+06,-1.02825E+02
3.1343460E+06,-9.68254E+01
3.1345367E+06,-9.20454E+01
3.1347275E+06,-9.73854E+01
3.1349182E+06,-9.75454E+01
3.1351089E+06,-9.48454E+01
3.1352997E+06,-9.82054E+01
3.1354904E+06,-1.15345E+02
3.1356812E+06,-9.71054E+01
3.1358719E+06,-9.55854E+01
3.1360626E+06,-9.75654E+01
3.1362534E+06,-9.53254E+01
3.1364441E+06,-9.52254E+01
3.1366348E+06,-9.78454E+01
3.1368256E+06,-1.01145E+02
3.1370163E+06,-1.02005E+02
3.1372070E+06,-1.00685E+02
3.1373978E+06,-1.04705E+02
3.1375885E+06,-1.00125E+02
3.1377792E+06,-9.48454E+01
3.1379700E+06,-9.15654E+01
3.1381607E+06,-9.28254E+01
3.1383514E+06,-9.90254E+01
3.1385422E+06,-1.00785E+02
3.1387329E+06,-9.72054E+01
3.1389236E+06,-9.57254E+01
3.1391144E+06,-1.00905E+02
3.1393051E+06,-9.99654E+01
3.1394958E+06,-9.67654E+01
3.1396866E+06,-9.78654E+01
3.1398773E+06,-1.04745E+02
3.1400681E+06,-1.04625E+02
3.1402588E+06,-1.05705E+02
3.1404495E+06,-1.01505E+02
3.1406403E+06,-9.21254E+01
3.1408310E+06,-9.76854E+01
3.1410217E+06,-9.76254E+01
3.1412125E+06,-1.05905E+02
3.1414032E+06,-9.72854E+01
3.1415939E+06,-9.67454E+01
3.1417847E+06,-9.79654E+01
3.1419754E+06,-1.09285E+02
3.1421661E+06,-1.34005E+02
3.1423569E+06,-9.85654E+01
3.1425476E+06,-9.60854E+01
3.1427383E+06,-9.89054E+01
3.1429291E+06,-9.87654E+01
3.1431198E+06,-1.07505E+02
3.1433105E+06,-1.01505E+02
3.1435013E+06,-1.06625E+02
3.1436920E+06,-9.87454E+01
3.1438828E+06,-9.93454E+01
3.1440735E+06,-1.25005E+02
3.1442642E+06,-1.03725E+02
3.1444550E+06,-9.61254E+01
3.1446457E+06,-9.30854E+01
3.1448364E+06,-9.84654E+01
3.1450272E+06,-1.19305E+02
3.1452179E+06,-1.02765E+02
3.1454086E+06,-1.01865E+02
3.1455994E+06,-9.83054E+01
3.1457901E+06,-1.06105E+02
3.1459808E+06,-9.86654E+01
3.1461716E+06,-9.71454E+01
3.1463623E+06,-1.00005E+02
3.1465530E+06,-1.17465E+02
3.1467438E+06,-9.97854E+01
3.1469345E+06,-9.78854E+01
3.1471252E+06,-1.01305E+02
3.1473160E+06,-9.83854E+01
3.1475067E+06,-9.97654E+01
3.1476974E+06,-9.50454E+01
3.1478882E+06,-9.34054E+01
3.1480789E+06,-9.80654E+01
3.1482697E+06,-9.93454E+01
3.1484604E+06,-9.93054E+01
3.1486511E+06,-1.18385E+02
3.1488419E+06,-9.62454E+01
3.1490326E+06,-1.00885E+02
3.1492233E+06,-9.81454E+01
3.1494141E+06,-9.28054E+01
3.1496048E+06,-9.51054E+01
3.1497955E+06,-1.01405E+02
3.1499863E+06,-1.02905E+02
3.1501770E+06,-9.52654E+01
3.1503677E+06,-1.01305E+02
3.1505585E+06,-9.77454E+01
3.1507492E+06,-9.33254E+01
3.1509399E+06,-9.71254E+01
3.1511307E+06,-1.12425E+02
3.1513214E+06,-9.93654E+01
3.1515121E+06,-1.05625E+02
3.1517029E+06,-9.92054E+01
3.1518936E+06,-1.07345E+02
3.1520844E+06,-9.68654E+01
3.1522751E+06,-9.52454E+01
3.1524658E+06,-9.67854E+01
3.1526566E+06,-9.87454E+01
3.1528473E+06,-9.05654E+01
3.1530380E+06,-8.98654E+01
3.1532288E+06,-9.44054E+01
3.1534195E+06,-1.01445E+02
3.1536102E+06,-1.07385E+02
3.1538010E+06,-9.81654E+01
3.1539917E+06,-9.47254E+01
3.1541824E+06,-9.67454E+01
3.1543732E+06,-9.60054E+01
3.1545639E+06,-9.49254E+01
3.1547546E+06,-9.87054E+01
3.1549454E+06,-9.74454E+01
3.1551361E+06,-9.67654E+01
3.1553268E+06,-9.50654E+01
3.1555176E+06,-9.40454E+01
3.1557083E+06,-9.50254E+01
3.1558990E+06,-9.71854E+01
3.1560898E+06,-9.87454E+01
3.1562805E+06,-1.15685E+02
3.1564713E+06,-1.03265E+02
3.1566620E+06,-9.98254E+01
3.1568527E+06,-9.76654E+01
3.1570435E+06,-1.03025E+02
3.1572342E+06,-1.08505E+02
3.1574249E+06,-1.04865E+02
3.1576157E+06,-9.64454E+01
3.1578064E+06,-9.11654E+01
3.1579971E+06,-9.25054E+01
3.1581879E+06,-9.79854E+01
3.1583786E+06,-9.75654E+01
3.1585693E+06,-9.34454E+01
3.1587601E+06,-9.41854E+01
3.1589508E+06,-1.04725E+02
3.1591415E+06,-1.00185E+02
3.1593323E+06,-1.16445E+02
3.1595230E+06,-9.72254E+01
3.1597137E+06,-9.46854E+01
3.1599045E+06,-1.02865E+02
3.1600952E+06,-1.08545E+02
3.1602859E+06,-1.10725E+02
3.1604767E+06,-1.14445E+02
3.1606674E+06,-1.03705E+02
3.1608582E+06,-1.02385E+02
3.1610489E+06,-1.00465E+02
3.1612396E+06,-9.60054E+01
3.1614304E+06,-9.77454E+01
3.1616211E+06,-9.82854E+01
3.1618118E+06,-9.68254E+01
3.1620026E+06,-1.02565E+02
3.1621933E+06,-1.01285E+02
3.1623840E+06,-1.02325E+02
3.1625748E+06,-9.92254E+01
3.1627655E+06,-1.00385E+02
3.1629562E+06,-9.93454E+01
3.1631470E+06,-1.07405E+02
3.1633377E+06,-1.01585E+02
3.1635284E+06,-1.01865E+02
3.1637192E+06,-1.01505E+02
3.1639099E+06,-9.71654E+01
3.1641006E+06,-1.01625E+02
3.1642914E+06,-1.11225E+02
3.1644821E+06,-1.11665E+02
3.1646729E+06,-1.01565E+02
3.1648636E+06,-1.11625E+02
3.1650543E+06,-9.54454E+01
3.1652451E+06,-9.40054E+01
3.1654358E+06,-9.38854E+01
3.1656265E+06,-9.55254E+01
3.1658173E+06,-9.95454E+01
3.1660080E+06,-1.05385E+02
3.1661987E+06,-1.06525E+02
3.1663895E+06,-1.03265E+02
3.1665802E+06,-1.02645E+02
3.1667709E+06,-1.03625E+02
3.1669617E+06,-1.08985E+02
3.1671524E+06,-9.27654E+01
3.1673431E+06,-9.33254E+01
3.1675339E+06,-9.72654E+01
3.1677246E+06,-1.10545E+02
3.1679153E+06,-1.04925E+02
3.1681061E+06,-9.98054E+01
3.1682968E+06,-9.80054E+01
3.1684875E+06,-9.98654E+01
3.1686783E+06,-9.63654E+01
3.1688690E+06,-9.41454E+01
3.1690598E+06,-9.22454E+01
3.1692505E+06,-9.22854E+01
3.1694412E+06,-9.92254E+01
3.1696320E+06,-9.87654E+01
3.1698227E+06,-9.90854E+01
3.1700134E+06,-9.91254E+01
3.1702042E+06,-9.91454E+01
3.1703949E+06,-1.08545E+02
3.1705856E+06,-1.01865E+02
3.1707764E+06,-9.47254E+01
3.1709671E+06,-9.60454E+01
3.1711578E+06,-1.02285E+02
3.1713486E+06,-1.01805E+02
3.1715393E+06,-1.12125E+02
3.1717300E+06,-1.01325E+02
3.1719208E+06,-9.73054E+01
3.1721115E+06,-1.08865E+02
3.1723022E+06,-9.53654E+01
3.1724930E+06,-9.26254E+01
3.1726837E+06,-9.99454E+01
3.1728745E+06,-1.04665E+02
3.1730652E+06,-9.50654E+01
3.1732559E+06,-9.54654E+01
3.1734467E+06,-1.11005E+02
3.1736374E+06,-9.76254E+01
3.1738281E+06,-9.65254E+01
3.1740189E+06,-9.68654E+01
3.1742096E+06,-9.65654E+01
3.1744003E+06,-9.63454E+01
3.1745911E+06,-1.04665E+02
3.1747818E+06,-1.02165E+02
3.1749725E+06,-9.85454E+01
3.1751633E+06,-9.52654E+01
3.1753540E+06,-1.13305E+02
3.1755447E+06,-1.05265E+02
3.1757355E+06,-9.85654E+01
3.1759262E+06,-9.34654E+01
3.1761169E+06,-9.66854E+01
3.1763077E+06,-1.02905E+02
3.1764984E+06,-9.81454E+01
3.1766891E+06,-9.34654E+01
3.1768799E+06,-9.41454E+01
3.1770706E+06,-1.00725E+02
3.1772614E+06,-1.01005E+02
3.1774521E+06,-9.89054E+01
3.1776428E+06,-9.68054E+01
3.1778336E+06,-9.76254E+01
3.1780243E+06,-1.04505E+02
3.1782150E+06,-1.05665E+02
3.1784058E+06,-9.92454E+01
3.1785965E+06,-9.54854E+01
3.1787872E+06,-9.36254E+01
3.1789780E+06,-9.32654E+01
3.1791687E+06,-1.01945E+02
3.1793594E+06,-9.84254E+01
3.1795502E+06,-9.45854E+01
3.1797409E+06,-1.00605E+02
3.1799316E+06,-1.11785E+02
3.1801224E+06,-1.08405E+02
3.1803131E+06,-9.94654E+01
3.1805038E+06,-9.76254E+01
3.1806946E+06,-9.59654E+01
3.1808853E+06,-1.01645E+02
3.1810760E+06,-1.01545E+02
3.1812668E+06,-9.81854E+01
3.1814575E+06,-1.04485E+02
3.1816483E+06,-9.34054E+01
3.1818390E+06,-9.70654E+01
3.1820297E+06,-1.07865E+02
3.1822205E+06,-1.12305E+02
3.1824112E+06,-1.12625E+02
3.1826019E+06,-1.03625E+02
3.1827927E+06,-9.78654E+01
3.1829834E+06,-9.69454E+01
3.1831741E+06,-1.10065E+02
3.1833649E+06,-1.10645E+02
3.1835556E+06,-1.17285E+02
3.1837463E+06,-1.02485E+02
3.1839371E+06,-9.90054E+01
3.1841278E+06,-1.13505E+02
3.1843185E+06,-9.58654E+01
3.1845093E+06,-9.73054E+01
3.1847000E+06,-1.11445E+02
3.1848907E+06,-9.83454E+01
3.1850815E+06,-9.35854E+01
3.1852722E+06,-9.63854E+01
3.1854630E+06,-1.03225E+02
3.1856537E+06,-1.01485E+02
3.1858444E+06,-1.08325E+02
3.1860352E+06,-9.82054E+01
3.1862259E+06,-1.04405E+02
3.1864166E+06,-9.67254E+01
3.1866074E+06,-9.48654E+01
3.1867981E+06,-9.58854E+01
3.1869888E+06,-9.88454E+01
3.1871796E+06,-9.69254E+01
3.1873703E+06,-9.81654E+01
3.1875610E+06,-1.03965E+02
3.1877518E+06,-1.04485E+02
3.1879425E+06,-1.01865E+02
3.1881332E+06,-1.10085E+02
3.1883240E+06,-1.05165E+02
3.1885147E+06,-9.80854E+01
3.1887054E+06,-9.72854E+01
3.1888962E+06,-9.26454E+01
3.1890869E+06,-9.80054E+01
3.1892776E+06,-1.03225E+02
3.1894684E+06,-9.85054E+01
3.1896591E+06,-9.63254E+01
3.1898499E+06,-9.49054E+01
3.1900406E+06,-9.75254E+01
3.1902313E+06,-9.15854E+01
3.1904221E+06,-9.03454E+01
3.1906128E+06,-9.76454E+01
3.1908035E+06,-1.02965E+02
3.1909943E+06,-1.06525E+02
3.1911850E+06,-1.02365E+02
3.1913757E+06,-1.02745E+02
3.1915665E+06,-1.02825E+02
3.1917572E+06,-1.05625E+02
3.1919479E+06,-1.05925E+02
3.1921387E+06,-1.03805E+02
3.1923294E+06,-1.03665E+02
3.1925201E+06,-1.12505E+02
3.1927109E+06,-1.07705E+02
3.1929016E+06,-9.59854E+01
3.1930923E+06,-9.46854E+01
3.1932831E+06,-9.62454E+01
3.1934738E+06,-9.71254E+01
3.1936646E+06,-9.64854E+01
3.1938553E+06,-1.00345E+02
3.1940460E+06,-1.04725E+02
3.1942368E+06,-9.69654E+01
3.1944275E+06,-1.01645E+02
3.1946182E+06,-1.03225E+02
3.1948090E+06,-1.01585E+02
3.1949997E+06,-1.03765E+02
3.1951904E+06,-9.85054E+01
3.1953812E+06,-9.76454E+01
3.1955719E+06,-1.06245E+02
3.1957626E+06,-1.04845E+02
3.1959534E+06,-1.03805E+02
3.1961441E+06,-9.63854E+01
3.1963348E+06,-9.78454E+01
3.1965256E+06,-1.07345E+02
3.1967163E+06,-9.63654E+01
3.1969070E+06,-9.91854E+01
3.1970978E+06,-1.09085E+02
3.1972885E+06,-1.01965E+02
3.1974792E+06,-9.34654E+01
3.1976700E+06,-9.73854E+01
3.1978607E+06,-1.00825E+02
3.1980515E+06,-9.92654E+01
3.1982422E+06,-1.05365E+02
3.1984329E+06,-9.49854E+01
3.1986237E+06,-9.36254E+01
3.1988144E+06,-1.00745E+02
3.1990051E+06,-1.01905E+02
3.1991959E+06,-1.02905E+02
3.1993866E+06,-1.01685E+02
3.1995773E+06,-9.81854E+01
3.1997681E+06,-1.00725E+02
3.1999588E+06,-1.01345E+02
3.2001495E+06,-9.81654E+01
3.2003403E+06,-9.63454E+01
3.2005310E+06,-9.82854E+01
3.2007217E+06,-1.01625E+02
3.2009125E+06,-9.76254E+01
3.2011032E+06,-9.60654E+01
3.2012939E+06,-1.00765E+02
3.2014847E+06,-9.72454E+01
3.2016754E+06,-9.70054E+01
3.2018661E+06,-9.83254E+01
3.2020569E+06,-9.87854E+01
3.2022476E+06,-1.13365E+02
3.2024384E+06,-1.06205E+02
3.2026291E+06,-9.76854E+01
3.2028198E+06,-1.02125E+02
3.2030106E+06,-1.09785E+02
3.2032013E+06,-1.00265E+02
3.2033920E+06,-1.00325E+02
3.2035828E+06,-1.01585E+02
3.2037735E+06,-9.45654E+01
3.2039642E+06,-9.56654E+01
3.2041550E+06,-9.60054E+01
3.2043457E+06,-9.25654E+01
3.2045364E+06,-9.35054E+01
3.2047272E+06,-9.43654E+01
3.2049179E+06,-9.37654E+01
3.2051086E+06,-9.60854E+01
3.2052994E+06,-1.00585E+02
3.2054901E+06,-1.02825E+02
3.2056808E+06,-1.02385E+02
3.2058716E+06,-9.81654E+01
3.2060623E+06,-1.03805E+02
3.2062531E+06,-1.00805E+02
3.2064438E+06,-1.02625E+02
3.2066345E+06,-9.84654E+01
3.2068253E+06,-9.78054E+01
3.2070160E+06,-1.06505E+02
3.2072067E+06,-9.65654E+01
3.2073975E+06,-9.94054E+01
3.2075882E+06,-9.67854E+01
3.2077789E+06,-9.76054E+01
3.2079697E+06,-9.53454E+01
3.2081604E+06,-1.01525E+02
3.2083511E+06,-1.01105E+02
3.2085419E+06,-9.52854E+01
3.2087326E+06,-9.73254E+01
3.2089233E+06,-9.83454E+01
3.2091141E+06,-1.01165E+02
3.2093048E+06,-1.09345E+02
3.2094955E+06,-1.07805E+02
3.2096863E+06,-1.08765E+02
3.2098770E+06,-9.69654E+01
3.2100677E+06,-9.40854E+01
3.2102585E+06,-1.00905E+02
3.2104492E+06,-9.82654E+01
3.2106400E+06,-9.60454E+01
3.2108307E+06,-9.40054E+01
3.2110214E+06,-9.46054E+01
3.2112122E+06,-1.02565E+02
3.2114029E+06,-1.06965E+02
3.2115936E+06,-1.05205E+02
3.2117844E+06,-1.02245E+02
3.2119751E+06,-9.85054E+01
3.2121658E+06,-9.52654E+01
3.2123566E+06,-9.17854E+01
3.2125473E+06,-9.11054E+01
3.2127380E+06,-9.20054E+01
3.2129288E+06,-9.38454E+01
3.2131195E+06,-9.88254E+01
3.2133102E+06,-1.00745E+02
3.2135010E+06,-9.46054E+01
3.2136917E+06,-9.40454E+01
3.2138824E+06,-9.60054E+01
3.2140732E+06,-9.98654E+01
3.2142639E+06,-9.68654E+01
3.2144547E+06,-9.64854E+01
3.2146454E+06,-9.55254E+01
3.2148361E+06,-9.36654E+01
3.2150269E+06,-9.47454E+01
3.2152176E+06,-9.63254E+01
3.2154083E+06,-9.74854E+01
3.2155991E+06,-1.01165E+02
3.2157898E+06,-9.24454E+01
3.2159805E+06,-9.36654E+01
3.2161713E+06,-9.90654E+01
3.2163620E+06,-1.16805E+02
3.2165527E+06,-1.13805E+02
3.2167435E+06,-1.03465E+02
3.2169342E+06,-1.00805E+02
3.2171249E+06,-1.01045E+02
3.2173157E+06,-9.35454E+01
3.2175064E+06,-9.65254E+01
3.2176971E+06,-1.05745E+02
3.2178879E+06,-1.08565E+02
3.2180786E+06,-1.01865E+02
3.2182693E+06,-1.04045E+02
3.2184601E+06,-1.09625E+02
3.2186508E+06,-1.05085E+02
3.2188416E+06,-9.62054E+01
3.2190323E+06,-9.61254E+01
3.2192230E+06,-9.86854E+01
3.2194138E+06,-1.05265E+02
3.2196045E+06,-1.01445E+02
3.2197952E+06,-1.09605E+02
3.2199860E+06,-1.00405E+02
3.2201767E+06,-8.97054E+01
3.2203674E+06,-9.13054E+01
3.2205582E+06,-1.01245E+02
3.2207489E+06,-1.01005E+02
3.2209396E+06,-1.08565E+02
3.2211304E+06,-1.00805E+02
3.2213211E+06,-1.07725E+02
3.2215118E+06,-1.18685E+02
3.2217026E+06,-1.04845E+02
3.2218933E+06,-1.13325E+02
3.2220840E+06,-1.24485E+02
3.2222748E+06,-1.08405E+02
3.2224655E+06,-1.05505E+02
3.2226562E+06,-9.76254E+01
3.2228470E+06,-9.58854E+01
3.2230377E+06,-1.03225E+02
3.2232285E+06,-1.05825E+02
3.2234192E+06,-9.59854E+01
3.2236099E+06,-9.93454E+01
3.2238007E+06,-9.68454E+01
3.2239914E+06,-9.37654E+01
3.2241821E+06,-9.45854E+01
3.2243729E+06,-9.55454E+01
3.2245636E+06,-1.01665E+02
3.2247543E+06,-9.71254E+01
3.2249451E+06,-9.20854E+01
3.2251358E+06,-9.53054E+01
3.2253265E+06,-9.45454E+01
3.2255173E+06,-9.77854E+01
3.2257080E+06,-9.45254E+01
3.2258987E+06,-9.52854E+01
3.2260895E+06,-9.53054E+01
3.2262802E+06,-9.91854E+01
3.2264709E+06,-9.47454E+01
3.2266617E+06,-9.71854E+01
3.2268524E+06,-1.09825E+02
3.2270432E+06,-1.18385E+02
3.2272339E+06,-1.02765E+02
3.2274246E+06,-1.00565E+02
3.2276154E+06,-9.67654E+01
3.2278061E+06,-9.80854E+01
3.2279968E+06,-1.04525E+02
3.2281876E+06,-1.01525E+02
3.2283783E+06,-1.06105E+02
3.2285690E+06,-1.00365E+02
3.2287598E+06,-9.51254E+01
3.2289505E+06,-9.46654E+01
3.2291412E+06,-9.29254E+01
3.2293320E+06,-9.71454E+01
3.2295227E+06,-1.02085E+02
3.2297134E+06,-9.62454E+01
3.2299042E+06,-9.41854E+01
3.2300949E+06,-9.62654E+01
3.2302856E+06,-9.83054E+01
3.2304764E+06,-1.03465E+02
3.2306671E+06,-1.05005E+02
3.2308578E+06,-1.18645E+02
3.2310486E+06,-1.00045E+02
3.2312393E+06,-1.00765E+02
3.2314301E+06,-9.97454E+01
3.2316208E+06,-1.05845E+02
3.2318115E+06,-1.09085E+02
3.2320023E+06,-1.00105E+02
3.2321930E+06,-1.00565E+02
3.2323837E+06,-1.10505E+02
3.2325745E+06,-1.04005E+02
3.2327652E+06,-1.00125E+02
3.2329559E+06,-9.87654E+01
3.2331467E+06,-1.05125E+02
3.2333374E+06,-1.02925E+02
3.2335281E+06,-1.04185E+02
3.2337189E+06,-9.77254E+01
3.2339096E+06,-9.54454E+01
3.2341003E+06,-9.72854E+01
3.2342911E+06,-9.97254E+01
3.2344818E+06,-1.04625E+02
3.2346725E+06,-9.95454E+01
3.2348633E+06,-9.65654E+01
3.2350540E+06,-9.38454E+01
3.2352448E+06,-1.06505E+02
3.2354355E+06,-1.08625E+02
3.2356262E+06,-9.98854E+01
3.2358170E+06,-1.08745E+02
3.2360077E+06,-1.17465E+02
3.2361984E+06,-9.82454E+01
3.2363892E+06,-9.36254E+01
3.2365799E+06,-9.52054E+01
3.2367706E+06,-9.74654E+01
3.2369614E+06,-9.51654E+01
3.2371521E+06,-1.00585E+02
3.2373428E+06,-9.64254E+01
3.2375336E+06,-9.65254E+01
3.2377243E+06,-9.63654E+01
3.2379150E+06,-9.95454E+01
3.2381058E+06,-1.00025E+02
3.2382965E+06,-1.11565E+02
3.2384872E+06,-9.45054E+01
3.2386780E+06,-9.65654E+01
3.2388687E+06,-9.82854E+01
3.2390594E+06,-1.00225E+02
3.2392502E+06,-1.10965E+02
3.2394409E+06,-9.68854E+01
3.2396317E+06,-9.53254E+01
3.2398224E+06,-9.55654E+01
3.2400131E+06,-9.64054E+01
3.2402039E+06,-9.95254E+01
3.2403946E+06,-9.81454E+01
3.2405853E+06,-1.04225E+02
3.2407761E+06,-1.00045E+02
3.2409668E+06,-9.73854E+01
3.2411575E+06,-1.09065E+02
3.2413483E+06,-1.02805E+02
3.2415390E+06,-9.81254E+01
3.2417297E+06,-1.11885E+02
3.2419205E+06,-1.09725E+02
3.2421112E+06,-1.00105E+02
3.2423019E+06,-9.69254E+01
3.2424927E+06,-1.03445E+02
3.2426834E+06,-1.02045E+02
3.2428741E+06,-9.68454E+01
3.2430649E+06,-1.02705E+02
3.2432556E+06,-9.90854E+01
3.2434464E+06,-9.82654E+01
3.2436371E+06,-1.03725E+02
3.2438278E+06,-1.02425E+02
3.2440186E+06,-9.97854E+01
3.2442093E+06,-1.24645E+02
3.2444000E+06,-1.01205E+02
3.2445908E+06,-1.00865E+02
3.2447815E+06,-1.00445E+02
3.2449722E+06,-9.91254E+01
3.2451630E+06,-9.81654E+01
3.2453537E+06,-1.01945E+02
3.2455444E+06,-9.65654E+01
3.2457352E+06,-9.88054E+01
3.2459259E+06,-9.85654E+01
3.2461166E+06,-9.17454E+01
3.2463074E+06,-9.51654E+01
3.2464981E+06,-9.51454E+01
3.2466888E+06,-9.23654E+01
3.2468796E+06,-9.80654E+01
3.2470703E+06,-1.05925E+02
3.2472610E+06,-1.07785E+02
3.2474518E+06,-1.06505E+02
3.2476425E+06,-1.07865E+02
3.2478333E+06,-1.08065E+02
3.2480240E+06,-9.75054E+01
3.2482147E+06,-9.36654E+01
3.2484055E+06,-1.00245E+02
3.2485962E+06,-1.01825E+02
3.2487869E+06,-1.01745E+02
3.2489777E+06,-1.10925E+02
3.2491684E+06,-1.00565E+02
3.2493591E+06,-1.02045E+02
3.2495499E+06,-9.91254E+01
3.2497406E+06,-9.49054E+01
3.2499313E+06,-9.43454E+01
3.2501221E+06,-9.57654E+01
3.2503128E+06,-9.64254E+01
3.2505035E+06,-9.55854E+01
3.2506943E+06,-1.01145E+02
3.2508850E+06,-1.04945E+02
3.2510757E+06,-1.02445E+02
3.2512665E+06,-1.04525E+02
3.2514572E+06,-1.03585E+02
3.2516479E+06,-1.09905E+02
3.2518387E+06,-9.60254E+01
3.2520294E+06,-9.19454E+01
3.2522202E+06,-9.44454E+01
3.2524109E+06,-1.04665E+02
3.2526016E+06,-9.64854E+01
3.2527924E+06,-9.93454E+01
3.2529831E+06,-9.76654E+01
3.2531738E+06,-9.88654E+01
3.2533646E+06,-1.00725E+02
3.2535553E+06,-9.52654E+01
3.2537460E+06,-9.58254E+01
3.2539368E+06,-9.61054E+01
3.2541275E+06,-1.00545E+02
3.2543182E+06,-1.04365E+02
3.2545090E+06,-1.00865E+02
3.2546997E+06,-1.08865E+02
3.2548904E+06,-9.84654E+01
3.2550812E+06,-9.62254E+01
3.2552719E+06,-9.65054E+01
3.2554626E+06,-1.03365E+02
3.2556534E+06,-1.01405E+02
3.2558441E+06,-9.96054E+01
3.2560349E+06,-9.77054E+01
3.2562256E+06,-9.26454E+01
3.2564163E+06,-9.19454E+01
3.2566071E+06,-9.19054E+01
3.2567978E+06,-9.36254E+01
3.2569885E+06,-1.07925E+02
3.2571793E+06,-9.32654E+01
3.2573700E+06,-9.34654E+01
3.2575607E+06,-1.04005E+02
3.2577515E+06,-1.05685E+02
3.2579422E+06,-1.24545E+02
3.2581329E+06,-9.90854E+01
3.2583237E+06,-1.06265E+02
3.2585144E+06,-1.01185E+02
3.2587051E+06,-9.54454E+01
3.2588959E+06,-9.69854E+01
3.2590866E+06,-9.81254E+01
3.2592773E+06,-9.79454E+01
3.2594681E+06,-9.89454E+01
3.2596588E+06,-1.09165E+02
3.2598495E+06,-9.93454E+01
3.2600403E+06,-9.93254E+01
3.2602310E+06,-9.98254E+01
3.2604218E+06,-9.47054E+01
3.2606125E+06,-1.02905E+02
3.2608032E+06,-9.62854E+01
3.2609940E+06,-1.00105E+02
3.2611847E+06,-1.03965E+02
3.2613754E+06,-9.83454E+01
3.2615662E+06,-1.01105E+02
3.2617569E+06,-1.09545E+02
3.2619476E+06,-9.58854E+01
3.2621384E+06,-9.34654E+01
3.2623291E+06,-9.49254E+01
3.2625198E+06,-9.82854E+01
3.2627106E+06,-9.93054E+01
3.2629013E+06,-1.01905E+02
3.2630920E+06,-1.04145E+02
3.2632828E+06,-1.11125E+02
3.2634735E+06,-1.07405E+02
3.2636642E+06,-1.03025E+02
3.2638550E+06,-1.04605E+02
3.2640457E+06,-1.08185E+02
3.2642365E+06,-1.02805E+02
3.2644272E+06,-9.95654E+01
3.2646179E+06,-9.66254E+01
3.2648087E+06,-1.03305E+02
3.2649994E+06,-1.16745E+02
3.2651901E+06,-1.07105E+02
3.2653809E+06,-1.00525E+02
3.2655716E+06,-9.94654E+01
3.2657623E+06,-1.00605E+02
3.2659531E+06,-1.01525E+02
3.2661438E+06,-9.83054E+01
3.2663345E+06,-1.05005E+02
3.2665253E+06,-1.02005E+02
3.2667160E+06,-9.76454E+01
3.2669067E+06,-9.63254E+01
3.2670975E+06,-1.06405E+02
3.2672882E+06,-9.97254E+01
3.2674789E+06,-1.02125E+02
3.2676697E+06,-9.38454E+01
3.2678604E+06,-9.27054E+01
3.2680511E+06,-9.39254E+01
3.2682419E+06,-9.69454E+01
3.2684326E+06,-9.36254E+01
3.2686234E+06,-1.00025E+02
3.2688141E+06,-1.05925E+02
3.2690048E+06,-9.85654E+01
3.2691956E+06,-9.94054E+01
3.2693863E+06,-1.03625E+02
3.2695770E+06,-1.03125E+02
3.2697678E+06,-9.94854E+01
3.2699585E+06,-9.92254E+01
3.2701492E+06,-9.97854E+01
3.2703400E+06,-1.01885E+02
3.2705307E+06,-1.04185E+02
3.2707214E+06,-9.89254E+01
3.2709122E+06,-9.51654E+01
3.2711029E+06,-9.58654E+01
3.2712936E+06,-9.82654E+01
3.2714844E+06,-9.38054E+01
3.2716751E+06,-9.38454E+01
3.2718658E+06,-9.86654E+01
3.2720566E+06,-1.01305E+02
3.2722473E+06,-1.11345E+02
3.2724380E+06,-9.77854E+01
3.2726288E+06,-9.70654E+01
3.2728195E+06,-1.00125E+02
3.2730103E+06,-1.03505E+02
3.2732010E+06,-9.88654E+01
3.2733917E+06,-9.82054E+01
3.2735825E+06,-1.03965E+02
3.2737732E+06,-1.00525E+02
3.2739639E+06,-9.51054E+01
3.2741547E+06,-9.45654E+01
3.2743454E+06,-9.55054E+01
3.2745361E+06,-9.69454E+01
3.2747269E+06,-9.93454E+01
3.2749176E+06,-1.03225E+02
3.2751083E+06,-9.58254E+01
3.2752991E+06,-9.88854E+01
3.2754898E+06,-1.01705E+02
3.2756805E+06,-9.71854E+01
3.2758713E+06,-9.48854E+01
3.2760620E+06,-1.00785E+02
3.2762527E+06,-1.04045E+02
3.2764435E+06,-9.70054E+01
3.2766342E+06,-1.03325E+02
3.2768250E+06,-1.01685E+02
3.2770157E+06,-1.07065E+02
3.2772064E+06,-9.77454E+01
3.2773972E+06,-9.36254E+01
3.2775879E+06,-9.21454E+01
3.2777786E+06,-9.51454E+01
3.2779694E+06,-9.98254E+01
3.2781601E+06,-9.71654E+01
3.2783508E+06,-9.58054E+01
3.2785416E+06,-1.01105E+02
3.2787323E+06,-1.06205E+02
3.2789230E+06,-9.98854E+01
3.2791138E+06,-1.00265E+02
3.2793045E+06,-1.00385E+02
3.2794952E+06,-9.84654E+01
3.2796860E+06,-9.70454E+01
3.2798767E+06,-9.76254E+01
3.2800674E+06,-1.01525E+02
3.2802582E+06,-1.01145E+02
3.2804489E+06,-1.02905E+02
3.2806396E+06,-9.60454E+01
3.2808304E+06,-9.38854E+01
3.2810211E+06,-1.00005E+02
3.2812119E+06,-1.02625E+02
3.2814026E+06,-1.03725E+02
3.2815933E+06,-1.07445E+02
3.2817841E+06,-1.02565E+02
3.2819748E+06,-9.34454E+01
3.2821655E+06,-9.37654E+01
3.2823563E+06,-9.59254E+01
3.2825470E+06,-9.46854E+01
3.2827377E+06,-9.42654E+01
3.2829285E+06,-9.96054E+01
3.2831192E+06,-1.11405E+02
3.2833099E+06,-1.08345E+02
3.2835007E+06,-1.11205E+02
3.2836914E+06,-1.10285E+02
3.2838821E+06,-1.26145E+02
3.2840729E+06,-1.17585E+02
3.2842636E+06,-1.03305E+02
3.2844543E+06,-1.00125E+02
3.2846451E+06,-1.02585E+02
3.2848358E+06,-1.08725E+02
3.2850266E+06,-9.65654E+01
3.2852173E+06,-9.25254E+01
3.2854080E+06,-9.58654E+01
3.2855988E+06,-1.04005E+02
3.2857895E+06,-1.01445E+02
3.2859802E+06,-1.02745E+02
3.2861710E+06,-1.05585E+02
3.2863617E+06,-9.81254E+01
3.2865524E+06,-9.99254E+01
3.2867432E+06,-1.01525E+02
3.2869339E+06,-9.66054E+01
3.2871246E+06,-9.77054E+01
3.2873154E+06,-9.55854E+01
3.2875061E+06,-9.80254E+01
3.2876968E+06,-1.01205E+02
3.2878876E+06,-1.03505E+02
3.2880783E+06,-1.05805E+02
3.2882690E+06,-1.07005E+02
3.2884598E+06,-9.68854E+01
3.2886505E+06,-1.03625E+02
3.2888412E+06,-1.05665E+02
3.2890320E+06,-1.14665E+02
3.2892227E+06,-1.00205E+02
3.2894135E+06,-9.63854E+01
3.2896042E+06,-9.90854E+01
3.2897949E+06,-1.04085E+02
3.2899857E+06,-1.10345E+02
3.2901764E+06,-1.06585E+02
3.2903671E+06,-9.97654E+01
3.2905579E+06,-9.11254E+01
3.2907486E+06,-9.29254E+01
3.2909393E+06,-1.03405E+02
3.2911301E+06,-9.88854E+01
3.2913208E+06,-9.72054E+01
3.2915115E+06,-9.69054E+01
3.2917023E+06,-9.74254E+01
3.2918930E+06,-1.02565E+02
3.2920837E+06,-9.56454E+01
3.2922745E+06,-1.01965E+02
3.2924652E+06,-1.02165E+02
3.2926559E+06,-9.78454E+01
3.2928467E+06,-9.32254E+01
3.2930374E+06,-9.54454E+01
3.2932281E+06,-1.07385E+02
3.2934189E+06,-1.00505E+02
3.2936096E+06,-1.00725E+02
3.2938004E+06,-1.03305E+02
3.2939911E+06,-1.03665E+02
3.2941818E+06,-1.03365E+02
3.2943726E+06,-9.56854E+01
3.2945633E+06,-9.56054E+01
3.2947540E+06,-1.07525E+02
3.2949448E+06,-9.89654E+01
3.2951355E+06,-1.08625E+02
3.2953262E+06,-9.53254E+01
3.2955170E+06,-9.32654E+01
3.2957077E+06,-1.01425E+02
3.2958984E+06,-9.63854E+01
3.2960892E+06,-1.01345E+02
3.2962799E+06,-1.06705E+02
3.2964706E+06,-1.07245E+02
3.2966614E+06,-9.74254E+01
3.2968521E+06,-9.67054E+01
3.2970428E+06,-9.88454E+01
3.2972336E+06,-1.05905E+02
3.2974243E+06,-1.01345E+02
3.2976151E+06,-9.42254E+01
3.2978058E+06,-9.24254E+01
3.2979965E+06,-9.59054E+01
3.2981873E+06,-9.93854E+01
3.2983780E+06,-1.02385E+02
3.2985687E+06,-1.06365E+02
3.2987595E+06,-9.50254E+01
3.2989502E+06,-9.42254E+01
3.2991409E+06,-1.00945E+02
3.2993317E+06,-9.97854E+01
3.2995224E+06,-9.43254E+01
3.2997131E+06,-9.29054E+01
3.2999039E+06,-9.28254E+01
3.3000946E+06,-9.68454E+01
3.3002853E+06,-1.08525E+02
3.3004761E+06,-1.10185E+02
3.3006668E+06,-1.08565E+02
3.3008575E+06,-1.05885E+02
3.3010483E+06,-9.73254E+01
3.3012390E+06,-9.78654E+01
3.3014297E+06,-1.20325E+02
3.3016205E+06,-1.00165E+02
3.3018112E+06,-9.77454E+01
3.3020020E+06,-9.49054E+01
3.3021927E+06,-9.64854E+01
3.3023834E+06,-9.96054E+01
3.3025742E+06,-1.02565E+02
3.3027649E+06,-9.84454E+01
3.3029556E+06,-9.77254E+01
3.3031464E+06,-9.94454E+01
3.3033371E+06,-9.80254E+01
3.3035278E+06,-1.03265E+02
3.3037186E+06,-9.70854E+01
3.3039093E+06,-9.26854E+01
3.3041000E+06,-9.47254E+01
3.3042908E+06,-9.15254E+01
3.3044815E+06,-8.80254E+01
3.3046722E+06,-8.99454E+01
3.3048630E+06,-9.80054E+01
3.3050537E+06,-1.01665E+02
3.3052444E+06,-1.03325E+02
3.3054352E+06,-1.00445E+02
3.3056259E+06,-1.00125E+02
3.3058167E+06,-9.55454E+01
3.3060074E+06,-9.59454E+01
3.3061981E+06,-1.04925E+02
3.3063889E+06,-1.04425E+02
3.3065796E+06,-1.13665E+02
3.3067703E+06,-1.08405E+02
3.3069611E+06,-1.01305E+02
3.3071518E+06,-9.50054E+01
3.3073425E+06,-1.00045E+02
3.3075333E+06,-1.04085E+02
3.3077240E+06,-9.97654E+01
3.3079147E+06,-1.04225E+02
3.3081055E+06,-9.62454E+01
3.3082962E+06,-9.97854E+01
3.3084869E+06,-1.07365E+02
3.3086777E+06,-9.84854E+01
3.3088684E+06,-1.01065E+02
3.3090591E+06,-1.09565E+02
3.3092499E+06,-1.11685E+02
3.3094406E+06,-1.04725E+02
3.3096313E+06,-1.00825E+02
3.3098221E+06,-1.01805E+02
3.3100128E+06,-1.01145E+02
3.3102036E+06,-1.01965E+02
3.3103943E+06,-1.07425E+02
3.3105850E+06,-9.57454E+01
3.3107758E+06,-9.75054E+01
3.3109665E+06,-9.65254E+01
3.3111572E+06,-9.70254E+01
3.3113480E+06,-1.02905E+02
3.3115387E+06,-1.06605E+02
3.3117294E+06,-9.99454E+01
3.3119202E+06,-1.08705E+02
3.3121109E+06,-1.01005E+02
3.3123016E+06,-1.01025E+02
3.3124924E+06,-1.01485E+02
3.3126831E+06,-9.41854E+01
3.3128738E+06,-9.38054E+01
3.3130646E+06,-1.01665E+02
3.3132553E+06,-1.01145E+02
3.3134460E+06,-9.95054E+01
3.3136368E+06,-1.03065E+02
3.3138275E+06,-9.62654E+01
3.3140182E+06,-1.00465E+02
3.3142090E+06,-1.04225E+02
3.3143997E+06,-1.01565E+02
3.3145905E+06,-9.93254E+01
3.3147812E+06,-9.88454E+01
3.3149719E+06,-9.26854E+01
3.3151627E+06,-9.70654E+01
3.3153534E+06,-1.13845E+02
3.3155441E+06,-1.04825E+02
3.3157349E+06,-1.01885E+02
3.3159256E+06,-1.13025E+02
3.3161163E+06,-1.06785E+02
3.3163071E+06,-1.11545E+02
3.3164978E+06,-1.00845E+02
3.3166885E+06,-9.46054E+01
3.3168793E+06,-9.35054E+01
3.3170700E+06,-9.31254E+01
3.3172607E+06,-9.98454E+01
3.3174515E+06,-1.06365E+02
3.3176422E+06,-1.04005E+02
3.3178329E+06,-9.48854E+01
3.3180237E+06,-9.55054E+01
3.3182144E+06,-9.45054E+01
3.3184052E+06,-9.67654E+01
3.3185959E+06,-9.64854E+01
3.3187866E+06,-1.01705E+02
3.3189774E+06,-1.13925E+02
3.3191681E+06,-1.05005E+02
3.3193588E+06,-1.04485E+02
3.3195496E+06,-1.04445E+02
3.3197403E+06,-1.00425E+02
3.3199310E+06,-1.00385E+02
3.3201218E+06,-9.54454E+01
3.3203125E+06,-9.53854E+01
3.3205032E+06,-9.40054E+01
3.3206940E+06,-1.01965E+02
3.3208847E+06,-1.07705E+02
3.3210754E+06,-1.13725E+02
3.3212662E+06,-1.09865E+02
3.3214569E+06,-1.02645E+02
3.3216476E+06,-1.14745E+02
3.3218384E+06,-1.08405E+02
3.3220291E+06,-9.73654E+01
3.3222198E+06,-9.57654E+01
3.3224106E+06,-1.02065E+02
3.3226013E+06,-1.02965E+02
3.3227921E+06,-9.97054E+01
3.3229828E+06,-1.03365E+02
3.3231735E+06,-1.06045E+02
3.3233643E+06,-1.06405E+02
3.3235550E+06,-1.00645E+02
3.3237457E+06,-9.82054E+01
3.3239365E+06,-1.03965E+02
3.3241272E+06,-1.00525E+02
3.3243179E+06,-9.72054E+01
3.3245087E+06,-1.02065E+02
3.3246994E+06,-9.76854E+01
3.3248901E+06,-9.17654E+01
3.3250809E+06,-8.94854E+01
3.3252716E+06,-9.31854E+01
3.3254623E+06,-9.58054E+01
3.3256531E+06,-1.01245E+02
3.3258438E+06,-1.18165E+02
3.3260345E+06,-1.00885E+02
3.3262253E+06,-9.95454E+01
3.3264160E+06,-9.56654E+01
3.3266068E+06,-9.43654E+01
3.3267975E+06,-1.02685E+02
3.3269882E+06,-9.82854E+01
3.3271790E+06,-1.05045E+02
3.3273697E+06,-9.79854E+01
3.3275604E+06,-1.00585E+02
3.3277512E+06,-1.09305E+02
3.3279419E+06,-9.83454E+01
3.3281326E+06,-9.55254E+01
3.3283234E+06,-9.84054E+01
3.3285141E+06,-1.03545E+02
3.3287048E+06,-1.02205E+02
3.3288956E+06,-1.09165E+02
3.3290863E+06,-9.50454E+01
3.3292770E+06,-9.75054E+01
3.3294678E+06,-9.73454E+01
3.3296585E+06,-9.43654E+01
3.3298492E+06,-9.68454E+01
3.3300400E+06,-9.65854E+01
3.3302307E+06,-1.17385E+02
3.3304214E+06,-1.14645E+02
3.3306122E+06,-1.01045E+02
3.3308029E+06,-1.00025E+02
3.3309937E+06,-1.04265E+02
3.3311844E+06,-1.00245E+02
3.3313751E+06,-1.02005E+02
3.3315659E+06,-1.04625E+02
3.3317566E+06,-9.67254E+01
3.3319473E+06,-9.37054E+01
3.3321381E+06,-9.76454E+01
3.3323288E+06,-1.00405E+02
3.3325195E+06,-1.03165E+02
3.3327103E+06,-9.85254E+01
3.3329010E+06,-9.90854E+01
3.3330917E+06,-1.03265E+02
3.3332825E+06,-9.88654E+01
3.3334732E+06,-9.94254E+01
3.3336639E+06,-1.13305E+02
3.3338547E+06,-9.94854E+01
3.3340454E+06,-9.92454E+01
3.3342361E+06,-1.14345E+02
3.3344269E+06,-1.12565E+02
3.3346176E+06,-1.04045E+02
3.3348083E+06,-1.02645E+02
3.3349991E+06,-9.58054E+01
3.3351898E+06,-9.54254E+01
3.3353806E+06,-1.00365E+02
3.3355713E+06,-1.03545E+02
3.3357620E+06,-9.70054E+01
3.3359528E+06,-1.01825E+02
3.3361435E+06,-1.01345E+02
3.3363342E+06,-9.55854E+01
3.3365250E+06,-9.41454E+01
3.3367157E+06,-9.79854E+01
3.3369064E+06,-1.05445E+02
3.3370972E+06,-1.01045E+02
3.3372879E+06,-9.92054E+01
3.3374786E+06,-9.96054E+01
3.3376694E+06,-9.59854E+01
3.3378601E+06,-9.50654E+01
3.3380508E+06,-9.45854E+01
3.3382416E+06,-9.49854E+01
3.3384323E+06,-9.33254E+01
3.3386230E+06,-9.34454E+01
3.3388138E+06,-1.00885E+02
3.3390045E+06,-1.00545E+02
3.3391953E+06,-1.02085E+02
3.3393860E+06,-1.03085E+02
3.3395767E+06,-9.45254E+01
3.3397675E+06,-9.56654E+01
3.3399582E+06,-1.00645E+02
3.3401489E+06,-1.09445E+02
3.3403397E+06,-1.06285E+02
3.3405304E+06,-1.25385E+02
3.3407211E+06,-9.77654E+01
3.3409119E+06,-1.01105E+02
3.3411026E+06,-9.44654E+01
3.3412933E+06,-9.08654E+01
3.3414841E+06,-9.80654E+01
3.3416748E+06,-9.47854E+01
3.3418655E+06,-9.28654E+01
3.3420563E+06,-1.01405E+02
3.3422470E+06,-1.09645E+02
3.3424377E+06,-9.99254E+01
3.3426285E+06,-9.85654E+01
3.3428192E+06,-1.00925E+02
3.3430099E+06,-9.84654E+01
3.3432007E+06,-1.10705E+02
3.3433914E+06,-1.02245E+02
3.3435822E+06,-1.00985E+02
3.3437729E+06,-1.01245E+02
3.3439636E+06,-1.07625E+02
3.3441544E+06,-1.02685E+02
3.3443451E+06,-1.06105E+02
3.3445358E+06,-1.01525E+02
3.3447266E+06,-9.67054E+01
3.3449173E+06,-1.01545E+02
3.3451080E+06,-9.85054E+01
3.3452988E+06,-9.82654E+01
3.3454895E+06,-1.10605E+02
3.3456802E+06,-9.85854E+01
3.3458710E+06,-9.84654E+01
3.3460617E+06,-9.59854E+01
3.3462524E+06,-9.45254E+01
3.3464432E+06,-9.50654E+01
3.3466339E+06,-9.90454E+01
3.3468246E+06,-1.04325E+02
3.3470154E+06,-1.05605E+02
3.3472061E+06,-9.56254E+01
3.3473969E+06,-9.36654E+01
3.3475876E+06,-1.00865E+02
3.3477783E+06,-1.06025E+02
3.3479691E+06,-9.83254E+01
3.3481598E+06,-9.83454E+01
3.3483505E+06,-9.37054E+01
3.3485413E+06,-9.05054E+01
3.3487320E+06,-9.65454E+01
3.3489227E+06,-1.15965E+02
3.3491135E+06,-1.01665E+02
3.3493042E+06,-1.02865E+02
3.3494949E+06,-9.52254E+01
3.3496857E+06,-9.79854E+01
3.3498764E+06,-1.01005E+02
3.3500671E+06,-9.45854E+01
3.3502579E+06,-9.83854E+01
3.3504486E+06,-1.08605E+02
3.3506393E+06,-1.17545E+02
3.3508301E+06,-9.76254E+01
3.3510208E+06,-9.78054E+01
3.3512115E+06,-1.05665E+02
3.3514023E+06,-9.68454E+01
3.3515930E+06,-1.01245E+02
3.3517838E+06,-1.01365E+02
3.3519745E+06,-9.50054E+01
3.3521652E+06,-9.65854E+01
3.3523560E+06,-1.04905E+02
3.3525467E+06,-1.13265E+02
3.3527374E+06,-1.06225E+02
3.3529282E+06,-1.00125E+02
3.3531189E+06,-9.66054E+01
3.3533096E+06,-9.69254E+01
3.3535004E+06,-9.82654E+01
3.3536911E+06,-1.02705E+02
3.3538818E+06,-1.04045E+02
3.3540726E+06,-9.85454E+01
3.3542633E+06,-9.63854E+01
3.3544540E+06,-9.51054E+01
3.3546448E+06,-1.00465E+02
3.3548355E+06,-1.03445E+02
3.3550262E+06,-9.63654E+01
3.3552170E+06,-1.00865E+02
3.3554077E+06,-1.14145E+02
3.3555984E+06,-1.23445E+02
3.3557892E+06,-1.05845E+02
3.3559799E+06,-9.86054E+01
3.3561707E+06,-9.56254E+01
3.3563614E+06,-9.57454E+01
3.3565521E+06,-9.98054E+01
3.3567429E+06,-1.03725E+02
3.3569336E+06,-1.02045E+02
3.3571243E+06,-1.01325E+02
3.3573151E+06,-1.06065E+02
3.3575058E+06,-1.07685E+02
3.3576965E+06,-9.90054E+01
3.3578873E+06,-9.77254E+01
3.3580780E+06,-1.00505E+02
3.3582687E+06,-1.01685E+02
3.3584595E+06,-1.08405E+02
3.3586502E+06,-1.07345E+02
3.3588409E+06,-9.64454E+01
3.3590317E+06,-9.72654E+01
3.3592224E+06,-1.12505E+02
3.3594131E+06,-1.05005E+02
3.3596039E+06,-1.01985E+02
3.3597946E+06,-9.47654E+01
3.3599854E+06,-9.42254E+01
3.3601761E+06,-1.00125E+02
3.3603668E+06,-9.31654E+01
3.3605576E+06,-9.28254E+01
3.3607483E+06,-9.55654E+01
3.3609390E+06,-1.05205E+02
3.3611298E+06,-1.05505E+02
3.3613205E+06,-9.99454E+01
3.3615112E+06,-9.68054E+01
3.3617020E+06,-9.54454E+01
3.3618927E+06,-9.99254E+01
3.3620834E+06,-9.92054E+01
3.3622742E+06,-9.86654E+01
3.3624649E+06,-9.81054E+01
3.3626556E+06,-9.28654E+01
3.3628464E+06,-9.10454E+01
3.3630371E+06,-9.96254E+01
3.3632278E+06,-1.00545E+02
3.3634186E+06,-9.83454E+01
3.3636093E+06,-1.06385E+02
3.3638000E+06,-1.07885E+02
3.3639908E+06,-9.58054E+01
3.3641815E+06,-9.32254E+01
3.3643723E+06,-9.49854E+01
3.3645630E+06,-9.50454E+01
3.3647537E+06,-9.65254E+01
3.3649445E+06,-1.01545E+02
3.3651352E+06,-1.11505E+02
3.3653259E+06,-9.73054E+01
3.3655167E+06,-9.75454E+01
3.3657074E+06,-9.76854E+01
3.3658981E+06,-9.59854E+01
3.3660889E+06,-9.87454E+01
3.3662796E+06,-1.06485E+02
3.3664703E+06,-1.05365E+02
3.3666611E+06,-1.04865E+02
3.3668518E+06,-9.79854E+01
3.3670425E+06,-9.76854E+01
3.3672333E+06,-9.96254E+01
3.3674240E+06,-1.13725E+02
3.3676147E+06,-9.67054E+01
3.3678055E+06,-9.77054E+01
3.3679962E+06,-1.11345E+02
3.3681870E+06,-1.14405E+02
3.3683777E+06,-1.14765E+02
3.3685684E+06,-1.13225E+02
3.3687592E+06,-1.03125E+02
3.3689499E+06,-1.03065E+02
3.3691406E+06,-1.03165E+02
3.3693314E+06,-9.52854E+01
3.3695221E+06,-9.15854E+01
3.3697128E+06,-9.71454E+01
3.3699036E+06,-1.07965E+02
3.3700943E+06,-1.03845E+02
3.3702850E+06,-1.01245E+02
3.3704758E+06,-1.04145E+02
3.3706665E+06,-1.05865E+02
3.3708572E+06,-1.02125E+02
3.3710480E+06,-1.04285E+02
3.3712387E+06,-9.94054E+01
3.3714294E+06,-9.42854E+01
3.3716202E+06,-9.63254E+01
3.3718109E+06,-1.01645E+02
3.3720016E+06,-1.15325E+02
3.3721924E+06,-9.93654E+01
3.3723831E+06,-1.02525E+02
3.3725739E+06,-1.07545E+02
3.3727646E+06,-1.00065E+02
3.3729553E+06,-9.83854E+01
3.3731461E+06,-9.31254E+01
3.3733368E+06,-9.45654E+01
3.3735275E+06,-9.66854E+01
3.3737183E+06,-1.01285E+02
3.3739090E+06,-9.92254E+01
3.3740997E+06,-9.32654E+01
3.3742905E+06,-9.61054E+01
3.3744812E+06,-9.65254E+01
3.3746719E+06,-9.64654E+01
3.3748627E+06,-1.01805E+02
3.3750534E+06,-1.04745E+02
3.3752441E+06,-1.05545E+02
3.3754349E+06,-1.00145E+02
3.3756256E+06,-9.76854E+01
3.3758163E+06,-9.66854E+01
3.3760071E+06,-9.49454E+01
3.3761978E+06,-9.71054E+01
3.3763885E+06,-1.10125E+02
3.3765793E+06,-9.91454E+01
3.3767700E+06,-1.11125E+02
3.3769608E+06,-9.50254E+01
3.3771515E+06,-9.23054E+01
3.3773422E+06,-9.54254E+01
3.3775330E+06,-1.00545E+02
3.3777237E+06,-1.10265E+02
3.3779144E+06,-1.01145E+02
3.3781052E+06,-9.49454E+01
3.3782959E+06,-9.27654E+01
3.3784866E+06,-9.19654E+01
3.3786774E+06,-9.48254E+01
3.3788681E+06,-9.98054E+01
3.3790588E+06,-1.01585E+02
3.3792496E+06,-1.08525E+02
3.3794403E+06,-1.01965E+02
3.3796310E+06,-9.92654E+01
3.3798218E+06,-9.54854E+01
3.3800125E+06,-9.90854E+01
3.3802032E+06,-1.03165E+02
3.3803940E+06,-1.01365E+02
3.3805847E+06,-9.25854E+01
3.3807755E+06,-9.27454E+01
3.3809662E+06,-9.67654E+01
3.3811569E+06,-1.00725E+02
3.3813477E+06,-1.05745E+02
3.3815384E+06,-1.01765E+02
3.3817291E+06,-9.77454E+01
3.3819199E+06,-9.98454E+01
3.3821106E+06,-1.05365E+02
3.3823013E+06,-9.98654E+01
3.3824921E+06,-9.79054E+01
3.3826828E+06,-1.11245E+02
3.3828735E+06,-9.84654E+01
3.3830643E+06,-9.98254E+01
3.3832550E+06,-1.08045E+02
3.3834457E+06,-1.06125E+02
3.3836365E+06,-1.03765E+02
3.3838272E+06,-9.76054E+01
3.3840179E+06,-9.78854E+01
3.3842087E+06,-1.02285E+02
3.3843994E+06,-1.07725E+02
3.3845901E+06,-9.97254E+01
3.3847809E+06,-1.00365E+02
3.3849716E+06,-1.05005E+02
3.3851624E+06,-1.00305E+02
3.3853531E+06,-1.07765E+02
3.3855438E+06,-1.01365E+02
3.3857346E+06,-9.90054E+01
3.3859253E+06,-9.78254E+01
3.3861160E+06,-1.00805E+02
3.3863068E+06,-9.92054E+01
3.3864975E+06,-9.29254E+01
3.3866882E+06,-9.66454E+01
3.3868790E+06,-1.01445E+02
3.3870697E+06,-1.03185E+02
3.3872604E+06,-1.07925E+02
3.3874512E+06,-1.17085E+02
3.3876419E+06,-1.20785E+02
3.3878326E+06,-1.02905E+02
3.3880234E+06,-9.75654E+01
3.3882141E+06,-9.38054E+01
3.3884048E+06,-9.31654E+01
3.3885956E+06,-9.86854E+01
3.3887863E+06,-1.04445E+02
3.3889771E+06,-9.56854E+01
3.3891678E+06,-1.01805E+02
3.3893585E+06,-1.03725E+02
3.3895493E+06,-1.04145E+02
3.3897400E+06,-9.57054E+01
3.3899307E+06,-9.38054E+01
3.3901215E+06,-9.46854E+01
3.3903122E+06,-1.04645E+02
3.3905029E+06,-1.01365E+02
3.3906937E+06,-9.84254E+01
3.3908844E+06,-1.06425E+02
3.3910751E+06,-9.49654E+01
3.3912659E+06,-9.12054E+01
3.3914566E+06,-9.58454E+01
3.3916473E+06,-9.78254E+01
3.3918381E+06,-1.07845E+02
3.3920288E+06,-9.71654E+01
3.3922195E+06,-1.03965E+02
3.3924103E+06,-9.91654E+01
3.3926010E+06,-9.97254E+01
3.3927917E+06,-1.08365E+02
3.3929825E+06,-1.13165E+02
3.3931732E+06,-1.00225E+02
3.3933640E+06,-9.76054E+01
3.3935547E+06,-9.93854E+01
3.3937454E+06,-1.02865E+02
3.3939362E+06,-1.03305E+02
3.3941269E+06,-1.05165E+02
3.3943176E+06,-1.07805E+02
3.3945084E+06,-1.01585E+02
3.3946991E+06,-1.03805E+02
3.3948898E+06,-9.83254E+01
3.3950806E+06,-9.63054E+01
3.3952713E+06,-9.84654E+01
3.3954620E+06,-1.02905E+02
3.3956528E+06,-9.74254E+01
3.3958435E+06,-9.60254E+01
3.3960342E+06,-1.05285E+02
3.3962250E+06,-1.01545E+02
3.3964157E+06,-1.07045E+02
3.3966064E+06,-9.93654E+01
3.3967972E+06,-9.80454E+01
3.3969879E+06,-1.03165E+02
3.3971786E+06,-1.11745E+02
3.3973694E+06,-1.02985E+02
3.3975601E+06,-9.72454E+01
3.3977509E+06,-9.53654E+01
3.3979416E+06,-9.82054E+01
3.3981323E+06,-1.03405E+02
3.3983231E+06,-1.11065E+02
3.3985138E+06,-1.06045E+02
3.3987045E+06,-1.07965E+02
3.3988953E+06,-9.61054E+01
3.3990860E+06,-9.58654E+01
3.3992767E+06,-1.08765E+02
3.3994675E+06,-1.06985E+02
3.3996582E+06,-9.84054E+01
3.3998489E+06,-9.38854E+01
3.4000397E+06,-9.21254E+01
3.4002304E+06,-9.35454E+01
3.4004211E+06,-9.82454E+01
3.4006119E+06,-1.17625E+02
3.4008026E+06,-1.09485E+02
3.4009933E+06,-1.12045E+02
3.4011841E+06,-9.78854E+01
3.4013748E+06,-9.73454E+01
3.4015656E+06,-9.73854E+01
3.4017563E+06,-9.87254E+01
3.4019470E+06,-1.02805E+02
3.4021378E+06,-9.85854E+01
3.4023285E+06,-1.00945E+02
3.4025192E+06,-9.93654E+01
3.4027100E+06,-9.98654E+01
3.4029007E+06,-1.02305E+02
3.4030914E+06,-9.45854E+01
3.4032822E+06,-9.30254E+01
3.4034729E+06,-9.57454E+01
3.4036636E+06,-9.49654E+01
3.4038544E+06,-9.15254E+01
3.4040451E+06,-9.33254E+01
3.4042358E+06,-9.47254E+01
3.4044266E+06,-9.55654E+01
3.4046173E+06,-1.14325E+02
3.4048080E+06,-9.75254E+01
3.4049988E+06,-9.78054E+01
3.4051895E+06,-9.47854E+01
3.4053802E+06,-9.58854E+01
3.4055710E+06,-1.01005E+02
3.4057617E+06,-1.00025E+02
3.4059525E+06,-9.68454E+01
3.4061432E+06,-9.75654E+01
3.4063339E+06,-1.05705E+02
3.4065247E+06,-1.01745E+02
3.4067154E+06,-1.00185E+02
3.4069061E+06,-9.81454E+01
3.4070969E+06,-1.04645E+02
3.4072876E+06,-9.44654E+01
3.4074783E+06,-1.02625E+02
3.4076691E+06,-1.07865E+02
3.4078598E+06,-1.09785E+02
3.4080505E+06,-9.76854E+01
3.4082413E+06,-9.17054E+01
3.4084320E+06,-9.20854E+01
3.4086227E+06,-1.00545E+02
3.4088135E+06,-1.04005E+02
3.4090042E+06,-1.00305E+02
3.4091949E+06,-1.03545E+02
3.4093857E+06,-1.01425E+02
3.4095764E+06,-9.48454E+01
3.4097672E+06,-9.31254E+01
3.4099579E+06,-9.79854E+01
3.4101486E+06,-1.01365E+02
3.4103394E+06,-1.16925E+02
3.4105301E+06,-1.03965E+02
3.4107208E+06,-1.03925E+02
3.4109116E+06,-9.54054E+01
3.4111023E+06,-9.59854E+01
3.4112930E+06,-1.03725E+02
3.4114838E+06,-1.00305E+02
3.4116745E+06,-1.00385E+02
3.4118652E+06,-9.48454E+01
3.4120560E+06,-1.08065E+02
3.4122467E+06,-1.16525E+02
3.4124374E+06,-1.02065E+02
3.4126282E+06,-1.18445E+02
3.4128189E+06,-9.76254E+01
3.4130096E+06,-9.62454E+01
3.4132004E+06,-1.02645E+02
3.4133911E+06,-1.04625E+02
3.4135818E+06,-1.03165E+02
3.4137726E+06,-9.76454E+01
3.4139633E+06,-9.73854E+01
3.4141541E+06,-9.50454E+01
3.4143448E+06,-9.11254E+01
3.4145355E+06,-9.30254E+01
3.4147263E+06,-1.00485E+02
3.4149170E+06,-1.10705E+02
3.4151077E+06,-1.06865E+02
3.4152985E+06,-1.00345E+02
3.4154892E+06,-9.67054E+01
3.4156799E+06,-9.91054E+01
3.4158707E+06,-1.02705E+02
3.4160614E+06,-9.63654E+01
3.4162521E+06,-9.97054E+01
3.4164429E+06,-1.07145E+02
3.4166336E+06,-9.33054E+01
3.4168243E+06,-9.54654E+01
3.4170151E+06,-9.69854E+01
3.4172058E+06,-9.81654E+01
3.4173965E+06,-1.03085E+02
3.4175873E+06,-9.82654E+01
3.4177780E+06,-9.58454E+01
3.4179688E+06,-1.04565E+02
3.4181595E+06,-9.61654E+01
3.4183502E+06,-9.49054E+01
3.4185410E+06,-9.86054E+01
3.4187317E+06,-9.61254E+01
3.4189224E+06,-9.63254E+01
3.4191132E+06,-9.82254E+01
3.4193039E+06,-9.72454E+01
3.4194946E+06,-1.00885E+02
3.4196854E+06,-1.06745E+02
3.4198761E+06,-1.04265E+02
3.4200668E+06,-9.54454E+01
3.4202576E+06,-9.59454E+01
3.4204483E+06,-1.00545E+02
3.4206390E+06,-1.02325E+02
3.4208298E+06,-1.04605E+02
3.4210205E+06,-1.02705E+02
3.4212112E+06,-1.02245E+02
3.4214020E+06,-1.04085E+02
3.4215927E+06,-1.07545E+02
3.4217834E+06,-9.74454E+01
3.4219742E+06,-9.40054E+01
3.4221649E+06,-9.13854E+01
3.4223557E+06,-9.66854E+01
3.4225464E+06,-9.66254E+01
3.4227371E+06,-9.63454E+01
3.4229279E+06,-1.22205E+02
3.4231186E+06,-9.53054E+01
3.4233093E+06,-9.68254E+01
3.4235001E+06,-9.72854E+01
3.4236908E+06,-9.54254E+01
3.4238815E+06,-1.04685E+02
3.4240723E+06,-1.04785E+02
3.4242630E+06,-9.72654E+01
3.4244537E+06,-9.69254E+01
3.4246445E+06,-9.62854E+01
3.4248352E+06,-9.90654E+01
3.4250259E+06,-9.42654E+01
3.4252167E+06,-9.62254E+01
3.4254074E+06,-1.04565E+02
3.4255981E+06,-9.92254E+01
3.4257889E+06,-9.79854E+01
3.4259796E+06,-1.04525E+02
3.4261703E+06,-1.00025E+02
3.4263611E+06,-1.00085E+02
3.4265518E+06,-9.85454E+01
3.4267426E+06,-9.63254E+01
3.4269333E+06,-1.08625E+02
3.4271240E+06,-1.00365E+02
3.4273148E+06,-9.95654E+01
3.4275055E+06,-1.03665E+02
3.4276962E+06,-1.04805E+02
3.4278870E+06,-1.01885E+02
3.4280777E+06,-1.02085E+02
3.4282684E+06,-1.03585E+02
3.4284592E+06,-9.87654E+01
3.4286499E+06,-9.99454E+01
3.4288406E+06,-1.08145E+02
3.4290314E+06,-1.18585E+02
3.4292221E+06,-9.82054E+01
3.4294128E+06,-9.80654E+01
3.4296036E+06,-1.03625E+02
3.4297943E+06,-9.93454E+01
3.4299850E+06,-9.64054E+01
3.4301758E+06,-9.31854E+01
3.4303665E+06,-9.39654E+01
3.4305573E+06,-9.81454E+01
3.4307480E+06,-1.06825E+02
3.4309387E+06,-1.01645E+02
3.4311295E+06,-1.02425E+02
3.4313202E+06,-1.00925E+02
3.4315109E+06,-1.07165E+02
3.4317017E+06,-1.11665E+02
3.4318924E+06,-9.32654E+01
3.4320831E+06,-9.24454E+01
3.4322739E+06,-9.44654E+01
3.4324646E+06,-9.19454E+01
3.4326553E+06,-9.67054E+01
3.4328461E+06,-9.99454E+01
3.4330368E+06,-1.05565E+02
3.4332275E+06,-1.00845E+02
3.4334183E+06,-1.00545E+02
3.4336090E+06,-9.38054E+01
3.4337997E+06,-9.59654E+01
3.4339905E+06,-1.11085E+02
3.4341812E+06,-9.99454E+01
3.4343719E+06,-9.37654E+01
3.4345627E+06,-9.46054E+01
3.4347534E+06,-1.05785E+02
3.4349442E+06,-9.83254E+01
3.4351349E+06,-9.73254E+01
3.4353256E+06,-9.75854E+01
3.4355164E+06,-1.15825E+02
3.4357071E+06,-9.78854E+01
3.4358978E+06,-1.01865E+02
3.4360886E+06,-1.06945E+02
3.4362793E+06,-9.98854E+01
3.4364700E+06,-1.01825E+02
3.4366608E+06,-1.04765E+02
3.4368515E+06,-9.96654E+01
3.4370422E+06,-1.06785E+02
3.4372330E+06,-9.40454E+01
3.4374237E+06,-1.02325E+02
3.4376144E+06,-1.03545E+02
3.4378052E+06,-1.05325E+02
3.4379959E+06,-1.00185E+02
3.4381866E+06,-9.37254E+01
3.4383774E+06,-9.05054E+01
3.4385681E+06,-9.34454E+01
3.4387589E+06,-1.01905E+02
3.4389496E+06,-9.97854E+01
3.4391403E+06,-1.01085E+02
3.4393311E+06,-1.01445E+02
3.4395218E+06,-1.02705E+02
3.4397125E+06,-9.97254E+01
3.4399033E+06,-1.04565E+02
3.4400940E+06,-1.10945E+02
3.4402847E+06,-1.04225E+02
3.4404755E+06,-1.03765E+02
3.4406662E+06,-1.09045E+02
3.4408569E+06,-1.03165E+02
3.4410477E+06,-9.93654E+01
3.4412384E+06,-9.44254E+01
3.4414291E+06,-9.74454E+01
3.4416199E+06,-1.03885E+02
3.4418106E+06,-1.00225E+02
3.4420013E+06,-1.00005E+02
3.4421921E+06,-9.93854E+01
3.4423828E+06,-9.32654E+01
3.4425735E+06,-9.54854E+01
3.4427643E+06,-9.52854E+01
3.4429550E+06,-9.60454E+01
3.4431458E+06,-9.97254E+01
3.4433365E+06,-9.76654E+01
3.4435272E+06,-9.61654E+01
3.4437180E+06,-9.67654E+01
3.4439087E+06,-1.02485E+02
3.4440994E+06,-1.04965E+02
3.4442902E+06,-1.02585E+02
3.4444809E+06,-1.00565E+02
3.4446716E+06,-1.12165E+02
3.4448624E+06,-1.02645E+02
3.4450531E+06,-9.70654E+01
3.4452438E+06,-9.52254E+01
3.4454346E+06,-9.70654E+01
3.4456253E+06,-9.97454E+01
3.4458160E+06,-1.05325E+02
3.4460068E+06,-1.02225E+02
3.4461975E+06,-1.10365E+02
3.4463882E+06,-1.03445E+02
3.4465790E+06,-1.00825E+02
3.4467697E+06,-1.02205E+02
3.4469604E+06,-1.07785E+02
3.4471512E+06,-1.02745E+02
3.4473419E+06,-1.00525E+02
3.4475327E+06,-1.01165E+02
3.4477234E+06,-1.12805E+02
3.4479141E+06,-1.00345E+02
3.4481049E+06,-1.01165E+02
3.4482956E+06,-9.93854E+01
3.4484863E+06,-9.85054E+01
3.4486771E+06,-9.89054E+01
3.4488678E+06,-1.12305E+02
3.4490585E+06,-9.65854E+01
3.4492493E+06,-1.01785E+02
3.4494400E+06,-1.11785E+02
3.4496307E+06,-1.00245E+02
3.4498215E+06,-9.40854E+01
3.4500122E+06,-9.16654E+01
3.4502029E+06,-9.48254E+01
3.4503937E+06,-1.01365E+02
3.4505844E+06,-1.01645E+02
3.4507751E+06,-1.06845E+02
3.4509659E+06,-9.88454E+01
3.4511566E+06,-1.06785E+02
3.4513474E+06,-9.55054E+01
3.4515381E+06,-9.33254E+01
3.4517288E+06,-9.76654E+01
3.4519196E+06,-1.00605E+02
3.4521103E+06,-9.77654E+01
3.4523010E+06,-9.29854E+01
3.4524918E+06,-9.07654E+01
3.4526825E+06,-9.72654E+01
3.4528732E+06,-1.02585E+02
3.4530640E+06,-9.41454E+01
3.4532547E+06,-9.84654E+01
3.4534454E+06,-1.06765E+02
3.4536362E+06,-1.05205E+02
3.4538269E+06,-9.89854E+01
3.4540176E+06,-9.42254E+01
3.4542084E+06,-9.51254E+01
3.4543991E+06,-1.00765E+02
3.4545898E+06,-1.01745E+02
3.4547806E+06,-1.00265E+02
3.4549713E+06,-1.03325E+02
3.4551620E+06,-1.01005E+02
3.4553528E+06,-1.17565E+02
3.4555435E+06,-1.00305E+02
3.4557343E+06,-1.00705E+02
3.4559250E+06,-9.48854E+01
3.4561157E+06,-9.67854E+01
3.4563065E+06,-1.12085E+02
3.4564972E+06,-9.54054E+01
3.4566879E+06,-9.88854E+01
3.4568787E+06,-1.07625E+02
3.4570694E+06,-9.90454E+01
3.4572601E+06,-1.13505E+02
3.4574509E+06,-9.86254E+01
3.4576416E+06,-1.04325E+02
3.4578323E+06,-9.39254E+01
3.4580231E+06,-9.26854E+01
3.4582138E+06,-1.00545E+02
3.4584045E+06,-9.85054E+01
3.4585953E+06,-9.54054E+01
3.4587860E+06,-1.01565E+02
3.4589767E+06,-9.85654E+01
3.4591675E+06,-9.85454E+01
3.4593582E+06,-9.43854E+01
3.4595490E+06,-9.58454E+01
3.4597397E+06,-1.19125E+02
3.4599304E+06,-1.16145E+02
3.4601212E+06,-1.05945E+02
3.4603119E+06,-1.05465E+02
3.4605026E+06,-1.01005E+02
3.4606934E+06,-9.64254E+01
3.4608841E+06,-9.56654E+01
3.4610748E+06,-9.85454E+01
3.4612656E+06,-1.05845E+02
3.4614563E+06,-9.76854E+01
3.4616470E+06,-9.38454E+01
3.4618378E+06,-9.93454E+01
3.4620285E+06,-1.03805E+02
3.4622192E+06,-1.00445E+02
3.4624100E+06,-9.63254E+01
3.4626007E+06,-9.69054E+01
3.4627914E+06,-9.67254E+01
3.4629822E+06,-9.29854E+01
3.4631729E+06,-9.52454E+01
3.4633636E+06,-1.06325E+02
3.4635544E+06,-1.01685E+02
3.4637451E+06,-9.81454E+01
3.4639359E+06,-9.80654E+01
3.4641266E+06,-1.04645E+02
3.4643173E+06,-9.92254E+01
3.4645081E+06,-1.00165E+02
3.4646988E+06,-1.03765E+02
3.4648895E+06,-9.92254E+01
3.4650803E+06,-1.03225E+02
3.4652710E+06,-1.08585E+02
3.4654617E+06,-1.05285E+02
3.4656525E+06,-1.00145E+02
3.4658432E+06,-9.47854E+01
3.4660339E+06,-9.81254E+01
3.4662247E+06,-1.06045E+02
3.4664154E+06,-1.32685E+02
3.4666061E+06,-9.44854E+01
3.4667969E+06,-9.80654E+01
3.4669876E+06,-9.75254E+01
3.4671783E+06,-9.34054E+01
3.4673691E+06,-9.40854E+01
3.4675598E+06,-9.71654E+01
3.4677505E+06,-9.92654E+01
3.4679413E+06,-9.73454E+01
3.4681320E+06,-9.85454E+01
3.4683228E+06,-1.11525E+02
3.4685135E+06,-1.03445E+02
3.4687042E+06,-1.04405E+02
3.4688950E+06,-1.04225E+02
3.4690857E+06,-9.75454E+01
3.4692764E+06,-9.74454E+01
3.4694672E+06,-9.76454E+01
3.4696579E+06,-9.50254E+01
3.4698486E+06,-9.42854E+01
3.4700394E+06,-9.71454E+01
3.4702301E+06,-9.82654E+01
3.4704208E+06,-1.01885E+02
3.4706116E+06,-9.90254E+01
3.4708023E+06,-9.61254E+01
3.4709930E+06,-1.03365E+02
3.4711838E+06,-1.05245E+02
3.4713745E+06,-1.07345E+02
3.4715652E+06,-9.40054E+01
3.4717560E+06,-9.13654E+01
3.4719467E+06,-9.63254E+01
3.4721375E+06,-9.72054E+01
3.4723282E+06,-9.57254E+01
3.4725189E+06,-9.69254E+01
3.4727097E+06,-9.34654E+01
3.4729004E+06,-9.68054E+01
3.4730911E+06,-1.10545E+02
3.4732819E+06,-9.99454E+01
3.4734726E+06,-9.80854E+01
3.4736633E+06,-1.00965E+02
3.4738541E+06,-9.72054E+01
3.4740448E+06,-1.11885E+02
3.4742355E+06,-1.00885E+02
3.4744263E+06,-9.97854E+01
3.4746170E+06,-9.83254E+01
3.4748077E+06,-1.01905E+02
3.4749985E+06,-9.77454E+01
3.4751892E+06,-9.79854E+01
3.4753799E+06,-1.06165E+02
3.4755707E+06,-9.60054E+01
3.4757614E+06,-9.30854E+01
3.4759521E+06,-9.48254E+01
3.4761429E+06,-9.88454E+01
3.4763336E+06,-9.41454E+01
3.4765244E+06,-9.49254E+01
3.4767151E+06,-9.94054E+01
3.4769058E+06,-9.84854E+01
3.4770966E+06,-1.01805E+02
3.4772873E+06,-1.06205E+02
3.4774780E+06,-1.00705E+02
3.4776688E+06,-9.73854E+01
3.4778595E+06,-9.11054E+01
3.4780502E+06,-9.13254E+01
3.4782410E+06,-9.71654E+01
3.4784317E+06,-1.07505E+02
3.4786224E+06,-9.56254E+01
3.4788132E+06,-1.01985E+02
3.4790039E+06,-1.12965E+02
3.4791946E+06,-1.01485E+02
3.4793854E+06,-1.06665E+02
3.4795761E+06,-9.97654E+01
3.4797668E+06,-9.65654E+01
3.4799576E+06,-1.02225E+02
3.4801483E+06,-9.42854E+01
3.4803391E+06,-9.70054E+01
3.4805298E+06,-9.35454E+01
3.4807205E+06,-9.48454E+01
3.4809113E+06,-9.97054E+01
3.4811020E+06,-9.83454E+01
3.4812927E+06,-9.91854E+01
3.4814835E+06,-1.01025E+02
3.4816742E+06,-1.08825E+02
3.4818649E+06,-1.02205E+02
3.4820557E+06,-1.07825E+02
3.4822464E+06,-1.01325E+02
3.4824371E+06,-9.84854E+01
3.4826279E+06,-9.92654E+01
3.4828186E+06,-1.02585E+02
3.4830093E+06,-9.87254E+01
3.4832001E+06,-1.01125E+02
3.4833908E+06,-1.12965E+02
3.4835815E+06,-1.02365E+02
3.4837723E+06,-1.01125E+02
3.4839630E+06,-1.03325E+02
3.4841537E+06,-9.54254E+01
3.4843445E+06,-9.08854E+01
3.4845352E+06,-9.69254E+01
3.4847260E+06,-1.02925E+02
3.4849167E+06,-1.06765E+02
3.4851074E+06,-9.75854E+01
3.4852982E+06,-1.15805E+02
3.4854889E+06,-1.01385E+02
3.4856796E+06,-9.85654E+01
3.4858704E+06,-9.23654E+01
3.4860611E+06,-9.12854E+01
3.4862518E+06,-9.56854E+01
3.4864426E+06,-1.02385E+02
3.4866333E+06,-1.06165E+02
3.4868240E+06,-9.79454E+01
3.4870148E+06,-9.58054E+01
3.4872055E+06,-9.76454E+01
3.4873962E+06,-9.68454E+01
3.4875870E+06,-9.48054E+01
3.4877777E+06,-9.62454E+01
3.4879684E+06,-1.09805E+02
3.4881592E+06,-9.79054E+01
3.4883499E+06,-9.39254E+01
3.4885406E+06,-9.67854E+01
3.4887314E+06,-1.00765E+02
3.4889221E+06,-9.96654E+01
3.4891129E+06,-1.07165E+02
3.4893036E+06,-1.12565E+02
3.4894943E+06,-1.00465E+02
3.4896851E+06,-9.40054E+01
3.4898758E+06,-1.00305E+02
3.4900665E+06,-1.05205E+02
3.4902573E+06,-1.13545E+02
3.4904480E+06,-1.01745E+02
3.4906387E+06,-9.62254E+01
3.4908295E+06,-9.62454E+01
3.4910202E+06,-1.14485E+02
3.4912109E+06,-1.01105E+02
3.4914017E+06,-9.97054E+01
3.4915924E+06,-1.08185E+02
3.4917831E+06,-9.38054E+01
3.4919739E+06,-9.47654E+01
3.4921646E+06,-1.00225E+02
3.4923553E+06,-9.46454E+01
3.4925461E+06,-9.61454E+01
3.4927368E+06,-9.88054E+01
3.4929276E+06,-9.59654E+01
3.4931183E+06,-9.49454E+01
3.4933090E+06,-9.60854E+01
3.4934998E+06,-9.79054E+01
3.4936905E+06,-9.85254E+01
3.4938812E+06,-1.02365E+02
3.4940720E+06,-9.40054E+01
3.4942627E+06,-9.40054E+01
3.4944534E+06,-9.62654E+01
3.4946442E+06,-1.02645E+02
3.4948349E+06,-1.03445E+02
3.4950256E+06,-1.02045E+02
3.4952164E+06,-1.09045E+02
3.4954071E+06,-1.01665E+02
3.4955978E+06,-1.01405E+02
3.4957886E+06,-1.03365E+02
3.4959793E+06,-1.00305E+02
3.4961700E+06,-9.84254E+01
3.4963608E+06,-9.85454E+01
3.4965515E+06,-1.02225E+02
3.4967422E+06,-1.08125E+02
3.4969330E+06,-1.15785E+02
3.4971237E+06,-1.05345E+02
3.4973145E+06,-9.67054E+01
3.4975052E+06,-9.43654E+01
3.4976959E+06,-9.80054E+01
3.4978867E+06,-1.08425E+02
3.4980774E+06,-1.09085E+02
3.4982681E+06,-9.93454E+01
3.4984589E+06,-1.01665E+02
3.4986496E+06,-1.08225E+02
3.4988403E+06,-1.04805E+02
3.4990311E+06,-9.66654E+01
3.4992218E+06,-9.51854E+01
3.4994125E+06,-9.57454E+01
3.4996033E+06,-9.92454E+01
3.4997940E+06,-1.01865E+02
3.4999847E+06,-9.69454E+01
3.5001755E+06,-9.44254E+01
3.5003662E+06,-1.02205E+02
3.5005569E+06,-1.08725E+02
3.5007477E+06,-1.05325E+02
3.5009384E+06,-1.04885E+02
3.5011292E+06,-1.00585E+02
3.5013199E+06,-9.78054E+01
3.5015106E+06,-9.60254E+01
3.5017014E+06,-9.49654E+01
3.5018921E+06,-9.76054E+01
3.5020828E+06,-9.72254E+01
3.5022736E+06,-9.41854E+01
3.5024643E+06,-9.84454E+01
3.5026550E+06,-1.10225E+02
3.5028458E+06,-9.76454E+01
3.5030365E+06,-9.18654E+01
3.5032272E+06,-9.47054E+01
3.5034180E+06,-1.00585E+02
3.5036087E+06,-1.00345E+02
3.5037994E+06,-1.06865E+02
3.5039902E+06,-1.10725E+02
3.5041809E+06,-1.04325E+02
3.5043716E+06,-1.07465E+02
3.5045624E+06,-9.84054E+01
3.5047531E+06,-9.91854E+01
3.5049438E+06,-1.04925E+02
3.5051346E+06,-1.00865E+02
3.5053253E+06,-9.99854E+01
3.5055161E+06,-1.01385E+02
3.5057068E+06,-1.15565E+02
3.5058975E+06,-1.04745E+02
3.5060883E+06,-9.96654E+01
3.5062790E+06,-9.43254E+01
3.5064697E+06,-9.80854E+01
3.5066605E+06,-1.02065E+02
3.5068512E+06,-9.98454E+01
3.5070419E+06,-9.64254E+01
3.5072327E+06,-9.67454E+01
3.5074234E+06,-1.08205E+02
3.5076141E+06,-9.82654E+01
3.5078049E+06,-1.08225E+02
3.5079956E+06,-1.12225E+02
3.5081863E+06,-1.11145E+02
3.5083771E+06,-9.95854E+01
3.5085678E+06,-9.65854E+01
3.5087585E+06,-1.03965E+02
3.5089493E+06,-1.00485E+02
3.5091400E+06,-1.00265E+02
3.5093307E+06,-9.64454E+01
3.5095215E+06,-9.99854E+01
3.5097122E+06,-1.04945E+02
3.5099030E+06,-1.04005E+02
3.5100937E+06,-1.02205E+02
3.5102844E+06,-9.53654E+01
3.5104752E+06,-9.60654E+01
3.5106659E+06,-9.79854E+01
3.5108566E+06,-9.72454E+01
3.5110474E+06,-1.05665E+02
3.5112381E+06,-1.04965E+02
3.5114288E+06,-1.00065E+02
3.5116196E+06,-1.02905E+02
3.5118103E+06,-1.05005E+02
3.5120010E+06,-1.00045E+02
3.5121918E+06,-9.72654E+01
3.5123825E+06,-1.08265E+02
3.5125732E+06,-9.52454E+01
3.5127640E+06,-9.56454E+01
3.5129547E+06,-1.01565E+02
3.5131454E+06,-1.02505E+02
3.5133362E+06,-1.11985E+02
3.5135269E+06,-1.01905E+02
3.5137177E+06,-1.02385E+02
3.5139084E+06,-9.90854E+01
3.5140991E+06,-9.99654E+01
3.5142899E+06,-9.91054E+01
3.5144806E+06,-1.18585E+02
3.5146713E+06,-1.04745E+02
3.5148621E+06,-9.67454E+01
3.5150528E+06,-9.45454E+01
3.5152435E+06,-1.10885E+02
3.5154343E+06,-1.00965E+02
3.5156250E+06,-1.07505E+02
3.5158157E+06,-1.02525E+02
3.5160065E+06,-1.00385E+02
3.5161972E+06,-1.02165E+02
3.5163879E+06,-9.62854E+01
3.5165787E+06,-1.00545E+02
3.5167694E+06,-1.07925E+02
3.5169601E+06,-1.10945E+02
3.5171509E+06,-9.68254E+01
3.5173416E+06,-9.45054E+01
3.5175323E+06,-9.48054E+01
3.5177231E+06,-1.04685E+02
3.5179138E+06,-9.53254E+01
3.5181046E+06,-9.79654E+01
3.5182953E+06,-1.00505E+02
3.5184860E+06,-1.06725E+02
3.5186768E+06,-1.00065E+02
3.5188675E+06,-1.01405E+02
3.5190582E+06,-1.03305E+02
3.5192490E+06,-9.96054E+01
3.5194397E+06,-1.00305E+02
3.5196304E+06,-9.91254E+01
3.5198212E+06,-9.71654E+01
3.5200119E+06,-9.85054E+01
3.5202026E+06,-1.02905E+02
3.5203934E+06,-9.81854E+01
3.5205841E+06,-9.99454E+01
3.5207748E+06,-1.09125E+02
3.5209656E+06,-9.72854E+01
3.5211563E+06,-9.45454E+01
3.5213470E+06,-9.51854E+01
3.5215378E+06,-9.53054E+01
3.5217285E+06,-9.20654E+01
3.5219193E+06,-9.33254E+01
3.5221100E+06,-1.03805E+02
3.5223007E+06,-1.01205E+02
3.5224915E+06,-9.64054E+01
3.5226822E+06,-9.78454E+01
3.5228729E+06,-1.00585E+02
3.5230637E+06,-9.80054E+01
3.5232544E+06,-1.04305E+02
3.5234451E+06,-1.04545E+02
3.5236359E+06,-1.01745E+02
3.5238266E+06,-1.21585E+02
3.5240173E+06,-9.86254E+01
3.5242081E+06,-1.06205E+02
3.5243988E+06,-9.66454E+01
3.5245895E+06,-9.61854E+01
3.5247803E+06,-1.02745E+02
3.5249710E+06,-1.06885E+02
3.5251617E+06,-1.02985E+02
3.5253525E+06,-1.04445E+02
3.5255432E+06,-1.11905E+02
3.5257339E+06,-1.17385E+02
3.5259247E+06,-1.02145E+02
3.5261154E+06,-9.90654E+01
3.5263062E+06,-1.02585E+02
3.5264969E+06,-9.35454E+01
3.5266876E+06,-9.95654E+01
3.5268784E+06,-1.01065E+02
3.5270691E+06,-1.01185E+02
3.5272598E+06,-1.02865E+02
3.5274506E+06,-1.03885E+02
3.5276413E+06,-1.01905E+02
3.5278320E+06,-9.79254E+01
3.5280228E+06,-9.59254E+01
3.5282135E+06,-9.91454E+01
3.5284042E+06,-1.04805E+02
3.5285950E+06,-1.00525E+02
3.5287857E+06,-9.76254E+01
3.5289764E+06,-9.76454E+01
3.5291672E+06,-1.01985E+02
3.5293579E+06,-9.82654E+01
3.5295486E+06,-9.80254E+01
3.5297394E+06,-1.06645E+02
3.5299301E+06,-1.01645E+02
3.5301208E+06,-1.01445E+02
3.5303116E+06,-9.40054E+01
3.5305023E+06,-9.35454E+01
3.5306931E+06,-9.67054E+01
3.5308838E+06,-1.01985E+02
3.5310745E+06,-1.02765E+02
3.5312653E+06,-1.01905E+02
3.5314560E+06,-1.01685E+02
3.5316467E+06,-9.62254E+01
3.5318375E+06,-9.92454E+01
3.5320282E+06,-9.90454E+01
3.5322189E+06,-9.69054E+01
3.5324097E+06,-1.04425E+02
3.5326004E+06,-1.18785E+02
3.5327911E+06,-1.06865E+02
3.5329819E+06,-1.01645E+02
3.5331726E+06,-9.66054E+01
3.5333633E+06,-9.68854E+01
3.5335541E+06,-1.08985E+02
3.5337448E+06,-1.03125E+02
3.5339355E+06,-9.83254E+01
3.5341263E+06,-9.85054E+01
3.5343170E+06,-9.98654E+01
3.5345078E+06,-9.52454E+01
3.5346985E+06,-9.18854E+01
3.5348892E+06,-9.35454E+01
3.5350800E+06,-1.00445E+02
3.5352707E+06,-1.06585E+02
3.5354614E+06,-1.07805E+02
3.5356522E+06,-1.15225E+02
3.5358429E+06,-1.02125E+02
3.5360336E+06,-1.03705E+02
3.5362244E+06,-1.01105E+02
3.5364151E+06,-9.68654E+01
3.5366058E+06,-1.00825E+02
3.5367966E+06,-9.90054E+01
3.5369873E+06,-1.01445E+02
3.5371780E+06,-9.64054E+01
3.5373688E+06,-9.39254E+01
3.5375595E+06,-9.82454E+01
3.5377502E+06,-1.03305E+02
3.5379410E+06,-9.75654E+01
3.5381317E+06,-9.75454E+01
3.5383224E+06,-1.02145E+02
3.5385132E+06,-1.03965E+02
3.5387039E+06,-1.01585E+02
3.5388947E+06,-1.01765E+02
3.5390854E+06,-9.98654E+01
3.5392761E+06,-1.00285E+02
3.5394669E+06,-9.68454E+01
3.5396576E+06,-9.54054E+01
3.5398483E+06,-1.00365E+02
3.5400391E+06,-1.04145E+02
3.5402298E+06,-9.72054E+01
3.5404205E+06,-9.95854E+01
3.5406113E+06,-1.02285E+02
3.5408020E+06,-1.02905E+02
3.5409927E+06,-1.02905E+02
3.5411835E+06,-9.33254E+01
3.5413742E+06,-9.17654E+01
3.5415649E+06,-9.46054E+01
3.5417557E+06,-1.09385E+02
3.5419464E+06,-9.83654E+01
3.5421371E+06,-9.17054E+01
3.5423279E+06,-9.59054E+01
3.5425186E+06,-1.03125E+02
3.5427094E+06,-9.76854E+01
3.5429001E+06,-9.31254E+01
3.5430908E+06,-9.91254E+01
3.5432816E+06,-9.75654E+01
3.5434723E+06,-9.47454E+01
3.5436630E+06,-1.00705E+02
3.5438538E+06,-1.08225E+02
3.5440445E+06,-1.09805E+02
3.5442352E+06,-1.01945E+02
3.5444260E+06,-9.95454E+01
3.5446167E+06,-9.88254E+01
3.5448074E+06,-1.04425E+02
3.5449982E+06,-9.89454E+01
3.5451889E+06,-9.41454E+01
3.5453796E+06,-9.39654E+01
3.5455704E+06,-1.08005E+02
3.5457611E+06,-9.37254E+01
3.5459518E+06,-1.01865E+02
3.5461426E+06,-9.94854E+01
3.5463333E+06,-9.63454E+01
3.5465240E+06,-9.63854E+01
3.5467148E+06,-9.49854E+01
3.5469055E+06,-9.54454E+01
3.5470963E+06,-9.71054E+01
3.5472870E+06,-1.00685E+02
3.5474777E+06,-1.12585E+02
3.5476685E+06,-1.04425E+02
3.5478592E+06,-9.70654E+01
3.5480499E+06,-1.05205E+02
3.5482407E+06,-9.54854E+01
3.5484314E+06,-9.78254E+01
3.5486221E+06,-1.05465E+02
3.5488129E+06,-1.00545E+02
3.5490036E+06,-1.02305E+02
3.5491943E+06,-1.07285E+02
3.5493851E+06,-9.47454E+01
3.5495758E+06,-9.15254E+01
3.5497665E+06,-9.15654E+01
3.5499573E+06,-9.36254E+01
3.5501480E+06,-1.01665E+02
3.5503387E+06,-1.02425E+02
3.5505295E+06,-1.06505E+02
3.5507202E+06,-1.16285E+02
3.5509109E+06,-1.00645E+02
3.5511017E+06,-9.59654E+01
3.5512924E+06,-9.48054E+01
3.5514832E+06,-9.87854E+01
3.5516739E+06,-9.49654E+01
3.5518646E+06,-9.34054E+01
3.5520554E+06,-1.00305E+02
3.5522461E+06,-1.07445E+02
3.5524368E+06,-9.73054E+01
3.5526276E+06,-9.09054E+01
3.5528183E+06,-9.43654E+01
3.5530090E+06,-1.08305E+02
3.5531998E+06,-1.01885E+02
3.5533905E+06,-9.75854E+01
3.5535812E+06,-9.91254E+01
3.5537720E+06,-1.09665E+02
3.5539627E+06,-9.51854E+01
3.5541534E+06,-9.23854E+01
3.5543442E+06,-1.02385E+02
3.5545349E+06,-1.08625E+02
3.5547256E+06,-1.03665E+02
3.5549164E+06,-9.61654E+01
3.5551071E+06,-1.00565E+02
3.5552979E+06,-1.03445E+02
3.5554886E+06,-9.47654E+01
3.5556793E+06,-9.22054E+01
3.5558701E+06,-9.66254E+01
3.5560608E+06,-1.07205E+02
3.5562515E+06,-1.14665E+02
3.5564423E+06,-1.00185E+02
3.5566330E+06,-9.97654E+01
3.5568237E+06,-9.65054E+01
3.5570145E+06,-9.45854E+01
3.5572052E+06,-9.86854E+01
3.5573959E+06,-1.08265E+02
3.5575867E+06,-1.00625E+02
3.5577774E+06,-9.82254E+01
3.5579681E+06,-9.97654E+01
3.5581589E+06,-9.71654E+01
3.5583496E+06,-9.45854E+01
3.5585403E+06,-1.01625E+02
3.5587311E+06,-1.01365E+02
3.5589218E+06,-9.69254E+01
3.5591125E+06,-9.73054E+01
3.5593033E+06,-1.08165E+02
3.5594940E+06,-1.06225E+02
3.5596848E+06,-1.05065E+02
3.5598755E+06,-9.59854E+01
3.5600662E+06,-9.65254E+01
3.5602570E+06,-9.48854E+01
3.5604477E+06,-9.82454E+01
3.5606384E+06,-1.00025E+02
3.5608292E+06,-1.04665E+02
3.5610199E+06,-9.49254E+01
3.5612106E+06,-9.76654E+01
3.5614014E+06,-9.76854E+01
3.5615921E+06,-9.44254E+01
3.5617828E+06,-9.43054E+01
3.5619736E+06,-9.38054E+01
3.5621643E+06,-9.14054E+01
3.5623550E+06,-9.16654E+01
3.5625458E+06,-9.32654E+01
3.5627365E+06,-9.62454E+01
3.5629272E+06,-1.10265E+02
3.5631180E+06,-1.02005E+02
3.5633087E+06,-9.69654E+01
3.5634995E+06,-9.24254E+01
3.5636902E+06,-9.71054E+01
3.5638809E+06,-9.97054E+01
3.5640717E+06,-1.01145E+02
3.5642624E+06,-1.02145E+02
3.5644531E+06,-1.04485E+02
3.5646439E+06,-9.99454E+01
3.5648346E+06,-9.32254E+01
3.5650253E+06,-9.71654E+01
3.5652161E+06,-1.09765E+02
3.5654068E+06,-1.00945E+02
3.5655975E+06,-9.35054E+01
3.5657883E+06,-9.30254E+01
3.5659790E+06,-9.50854E+01
3.5661697E+06,-1.06385E+02
3.5663605E+06,-9.91254E+01
3.5665512E+06,-9.88054E+01
3.5667419E+06,-1.07585E+02
3.5669327E+06,-9.81654E+01
3.5671234E+06,-9.71854E+01
3.5673141E+06,-1.09205E+02
3.5675049E+06,-9.74654E+01
3.5676956E+06,-9.76854E+01
3.5678864E+06,-1.06425E+02
3.5680771E+06,-1.03705E+02
3.5682678E+06,-9.92054E+01
3.5684586E+06,-9.88454E+01
3.5686493E+06,-9.88854E+01
3.5688400E+06,-1.12965E+02
3.5690308E+06,-9.64054E+01
3.5692215E+06,-9.71254E+01
3.5694122E+06,-9.93854E+01
3.5696030E+06,-9.94654E+01
3.5697937E+06,-1.07645E+02
3.5699844E+06,-1.01365E+02
3.5701752E+06,-1.03505E+02
3.5703659E+06,-1.05605E+02
3.5705566E+06,-1.15285E+02
3.5707474E+06,-1.08365E+02
3.5709381E+06,-1.20085E+02
3.5711288E+06,-1.21345E+02
3.5713196E+06,-1.04685E+02
3.5715103E+06,-1.04285E+02
3.5717010E+06,-1.06365E+02
3.5718918E+06,-1.07425E+02
3.5720825E+06,-1.03265E+02
3.5722733E+06,-9.80454E+01
3.5724640E+06,-9.33654E+01
3.5726547E+06,-9.62054E+01
3.5728455E+06,-9.91654E+01
3.5730362E+06,-9.87054E+01
3.5732269E+06,-9.39654E+01
3.5734177E+06,-9.53254E+01
3.5736084E+06,-9.27454E+01
3.5737991E+06,-9.75254E+01
3.5739899E+06,-1.05445E+02
3.5741806E+06,-1.04225E+02
3.5743713E+06,-1.00825E+02
3.5745621E+06,-9.73854E+01
3.5747528E+06,-1.01625E+02
3.5749435E+06,-9.45254E+01
3.5751343E+06,-1.01125E+02
3.5753250E+06,-1.01825E+02
3.5755157E+06,-9.78454E+01
3.5757065E+06,-1.01625E+02
3.5758972E+06,-1.05465E+02
3.5760880E+06,-1.02285E+02
3.5762787E+06,-9.55854E+01
3.5764694E+06,-9.67054E+01
3.5766602E+06,-9.71854E+01
3.5768509E+06,-9.52854E+01
3.5770416E+06,-1.04345E+02
3.5772324E+06,-1.00425E+02
3.5774231E+06,-1.05125E+02
3.5776138E+06,-9.64254E+01
3.5778046E+06,-9.45254E+01
3.5779953E+06,-9.89854E+01
3.5781860E+06,-1.06065E+02
3.5783768E+06,-1.12825E+02
3.5785675E+06,-9.90054E+01
3.5787582E+06,-1.06685E+02
3.5789490E+06,-9.45254E+01
3.5791397E+06,-9.52454E+01
3.5793304E+06,-9.39254E+01
3.5795212E+06,-9.28054E+01
3.5797119E+06,-9.65054E+01
3.5799026E+06,-1.05865E+02
3.5800934E+06,-9.56454E+01
3.5802841E+06,-1.02525E+02
3.5804749E+06,-9.69054E+01
3.5806656E+06,-9.48254E+01
3.5808563E+06,-1.06645E+02
3.5810471E+06,-9.75254E+01
3.5812378E+06,-1.04465E+02
3.5814285E+06,-1.01745E+02
3.5816193E+06,-1.06965E+02
3.5818100E+06,-9.79854E+01
3.5820007E+06,-9.42654E+01
3.5821915E+06,-9.54654E+01
3.5823822E+06,-1.03305E+02
3.5825729E+06,-1.00765E+02
3.5827637E+06,-9.51054E+01
3.5829544E+06,-1.01545E+02
3.5831451E+06,-1.05085E+02
3.5833359E+06,-1.02925E+02
3.5835266E+06,-1.11085E+02
3.5837173E+06,-1.04765E+02
3.5839081E+06,-1.07105E+02
3.5840988E+06,-1.11785E+02
3.5842896E+06,-9.83254E+01
3.5844803E+06,-8.97854E+01
3.5846710E+06,-9.30254E+01
3.5848618E+06,-1.05405E+02
3.5850525E+06,-9.97254E+01
3.5852432E+06,-1.04965E+02
3.5854340E+06,-9.91654E+01
3.5856247E+06,-1.01705E+02
3.5858154E+06,-1.07705E+02
3.5860062E+06,-1.06225E+02
3.5861969E+06,-1.05905E+02
3.5863876E+06,-1.06705E+02
3.5865784E+06,-9.74254E+01
3.5867691E+06,-9.54054E+01
3.5869598E+06,-9.74654E+01
3.5871506E+06,-1.16325E+02
3.5873413E+06,-9.87454E+01
3.5875320E+06,-1.08765E+02
3.5877228E+06,-9.81054E+01
3.5879135E+06,-1.05625E+02
3.5881042E+06,-1.05325E+02
3.5882950E+06,-9.72054E+01
3.5884857E+06,-1.00345E+02
3.5886765E+06,-9.64854E+01
3.5888672E+06,-1.01405E+02
3.5890579E+06,-9.74454E+01
3.5892487E+06,-9.55054E+01
3.5894394E+06,-1.01965E+02
3.5896301E+06,-1.00005E+02
3.5898209E+06,-1.01385E+02
3.5900116E+06,-9.91654E+01
3.5902023E+06,-9.57854E+01
3.5903931E+06,-1.07065E+02
3.5905838E+06,-1.03965E+02
3.5907745E+06,-9.62854E+01
3.5909653E+06,-9.88054E+01
3.5911560E+06,-1.03185E+02
3.5913467E+06,-9.92254E+01
3.5915375E+06,-1.07425E+02
3.5917282E+06,-1.08805E+02
3.5919189E+06,-1.15745E+02
3.5921097E+06,-9.57254E+01
3.5923004E+06,-9.36254E+01
3.5924911E+06,-9.96854E+01
3.5926819E+06,-1.01285E+02
3.5928726E+06,-1.00845E+02
3.5930634E+06,-1.03885E+02
3.5932541E+06,-9.38054E+01
3.5934448E+06,-1.00665E+02
3.5936356E+06,-9.85654E+01
3.5938263E+06,-9.99854E+01
3.5940170E+06,-9.81054E+01
3.5942078E+06,-9.46054E+01
3.5943985E+06,-1.13325E+02
3.5945892E+06,-9.15254E+01
3.5947800E+06,-9.35854E+01
3.5949707E+06,-1.03325E+02
3.5951614E+06,-1.01905E+02
3.5953522E+06,-1.05565E+02
3.5955429E+06,-9.72454E+01
3.5957336E+06,-9.32254E+01
3.5959244E+06,-9.53254E+01
3.5961151E+06,-9.75654E+01
3.5963058E+06,-9.73254E+01
3.5964966E+06,-9.86854E+01
3.5966873E+06,-9.64654E+01
3.5968781E+06,-1.02085E+02
3.5970688E+06,-9.43054E+01
3.5972595E+06,-9.81654E+01
3.5974503E+06,-9.77854E+01
3.5976410E+06,-9.60254E+01
3.5978317E+06,-1.01425E+02
3.5980225E+06,-9.46654E+01
3.5982132E+06,-9.14254E+01
3.5984039E+06,-9.18854E+01
3.5985947E+06,-9.58454E+01
3.5987854E+06,-1.02505E+02
3.5989761E+06,-9.46454E+01
3.5991669E+06,-9.74854E+01
3.5993576E+06,-1.11965E+02
3.5995483E+06,-1.07525E+02
3.5997391E+06,-9.87454E+01
3.5999298E+06,-9.08654E+01
3.6001205E+06,-8.94854E+01
3.6003113E+06,-9.37054E+01
3.6005020E+06,-1.03265E+02
3.6006927E+06,-1.22825E+02
3.6008835E+06,-1.08005E+02
3.6010742E+06,-1.05965E+02
3.6012650E+06,-9.45654E+01
3.6014557E+06,-9.62854E+01
3.6016464E+06,-1.00865E+02
3.6018372E+06,-1.00365E+02
3.6020279E+06,-9.77654E+01
3.6022186E+06,-9.81654E+01
3.6024094E+06,-1.03925E+02
3.6026001E+06,-1.10345E+02
3.6027908E+06,-1.05825E+02
3.6029816E+06,-9.38854E+01
3.6031723E+06,-9.19054E+01
3.6033630E+06,-9.90854E+01
3.6035538E+06,-9.70654E+01
3.6037445E+06,-1.00405E+02
3.6039352E+06,-9.86454E+01
3.6041260E+06,-9.42254E+01
3.6043167E+06,-1.02125E+02
3.6045074E+06,-1.07945E+02
3.6046982E+06,-1.08425E+02
3.6048889E+06,-1.08845E+02
3.6050797E+06,-1.07125E+02
3.6052704E+06,-1.01545E+02
3.6054611E+06,-9.54854E+01
3.6056519E+06,-1.03185E+02
3.6058426E+06,-1.01565E+02
3.6060333E+06,-9.29054E+01
3.6062241E+06,-9.29054E+01
3.6064148E+06,-9.17854E+01
3.6066055E+06,-1.08525E+02
3.6067963E+06,-9.31254E+01
3.6069870E+06,-9.81454E+01
3.6071777E+06,-1.06405E+02
3.6073685E+06,-1.12005E+02
3.6075592E+06,-1.09385E+02
3.6077499E+06,-1.07085E+02
3.6079407E+06,-1.01145E+02
3.6081314E+06,-9.97254E+01
3.6083221E+06,-9.90054E+01
3.6085129E+06,-9.75254E+01
3.6087036E+06,-1.00925E+02
3.6088943E+06,-1.02045E+02
3.6090851E+06,-9.97254E+01
3.6092758E+06,-1.00805E+02
3.6094666E+06,-1.01365E+02
3.6096573E+06,-1.01785E+02
3.6098480E+06,-9.61454E+01
3.6100388E+06,-9.47854E+01
3.6102295E+06,-9.58854E+01
3.6104202E+06,-9.51854E+01
3.6106110E+06,-9.39654E+01
3.6108017E+06,-9.36254E+01
3.6109924E+06,-9.99454E+01
3.6111832E+06,-1.07685E+02
3.6113739E+06,-9.73454E+01
3.6115646E+06,-9.93854E+01
3.6117554E+06,-9.87654E+01
3.6119461E+06,-9.42654E+01
3.6121368E+06,-9.37654E+01
3.6123276E+06,-9.68054E+01
3.6125183E+06,-1.07605E+02
3.6127090E+06,-1.00345E+02
3.6128998E+06,-9.72454E+01
3.6130905E+06,-9.74254E+01
3.6132812E+06,-9.74654E+01
3.6134720E+06,-1.01525E+02
3.6136627E+06,-9.83054E+01
3.6138535E+06,-9.84054E+01
3.6140442E+06,-9.59254E+01
3.6142349E+06,-1.01225E+02
3.6144257E+06,-1.10105E+02
3.6146164E+06,-1.06365E+02
3.6148071E+06,-1.10105E+02
3.6149979E+06,-9.57254E+01
3.6151886E+06,-9.19454E+01
3.6153793E+06,-9.23254E+01
3.6155701E+06,-9.39254E+01
3.6157608E+06,-9.75054E+01
3.6159515E+06,-1.06105E+02
3.6161423E+06,-1.08265E+02
3.6163330E+06,-9.85454E+01
3.6165237E+06,-9.95454E+01
3.6167145E+06,-9.68254E+01
3.6169052E+06,-9.85054E+01
3.6170959E+06,-9.84654E+01
3.6172867E+06,-9.76254E+01
3.6174774E+06,-9.28054E+01
3.6176682E+06,-9.33054E+01
3.6178589E+06,-9.69854E+01
3.6180496E+06,-1.06965E+02
3.6182404E+06,-9.80254E+01
3.6184311E+06,-9.35854E+01
3.6186218E+06,-9.97654E+01
3.6188126E+06,-1.02645E+02
3.6190033E+06,-9.91454E+01
3.6191940E+06,-1.02225E+02
3.6193848E+06,-1.01825E+02
3.6195755E+06,-9.58254E+01
3.6197662E+06,-9.65254E+01
3.6199570E+06,-9.81654E+01
3.6201477E+06,-9.78854E+01
3.6203384E+06,-9.87254E+01
3.6205292E+06,-1.04585E+02
3.6207199E+06,-9.41854E+01
3.6209106E+06,-9.15454E+01
3.6211014E+06,-9.58054E+01
3.6212921E+06,-1.05005E+02
3.6214828E+06,-1.00605E+02
3.6216736E+06,-1.03705E+02
3.6218643E+06,-9.81254E+01
3.6220551E+06,-9.35854E+01
3.6222458E+06,-9.69054E+01
3.6224365E+06,-9.26454E+01
3.6226273E+06,-9.28254E+01
3.6228180E+06,-9.73454E+01
3.6230087E+06,-9.93254E+01
3.6231995E+06,-9.39254E+01
3.6233902E+06,-9.36654E+01
3.6235809E+06,-9.85254E+01
3.6237717E+06,-1.04505E+02
3.6239624E+06,-9.69454E+01
3.6241531E+06,-9.50854E+01
3.6243439E+06,-9.72854E+01
3.6245346E+06,-9.74454E+01
3.6247253E+06,-9.45254E+01
3.6249161E+06,-9.54254E+01
3.6251068E+06,-1.13845E+02
3.6252975E+06,-1.05785E+02
3.6254883E+06,-9.70254E+01
3.6256790E+06,-1.00525E+02
3.6258698E+06,-1.07265E+02
3.6260605E+06,-9.69654E+01
3.6262512E+06,-9.55854E+01
3.6264420E+06,-9.36654E+01
3.6266327E+06,-9.15454E+01
3.6268234E+06,-9.37054E+01
3.6270142E+06,-9.49254E+01
3.6272049E+06,-9.70454E+01
3.6273956E+06,-9.98454E+01
3.6275864E+06,-9.28254E+01
3.6277771E+06,-9.49654E+01
3.6279678E+06,-1.00985E+02
3.6281586E+06,-9.33254E+01
3.6283493E+06,-9.48454E+01
3.6285400E+06,-9.86254E+01
3.6287308E+06,-1.01105E+02
3.6289215E+06,-9.68054E+01
3.6291122E+06,-9.54054E+01
3.6293030E+06,-9.40054E+01
3.6294937E+06,-1.09625E+02
3.6296844E+06,-1.03305E+02
3.6298752E+06,-9.93054E+01
3.6300659E+06,-9.84654E+01
3.6302567E+06,-9.60854E+01
3.6304474E+06,-1.01685E+02
3.6306381E+06,-9.76654E+01
3.6308289E+06,-9.56654E+01
3.6310196E+06,-9.97254E+01
3.6312103E+06,-9.92454E+01
3.6314011E+06,-1.00245E+02
3.6315918E+06,-9.43654E+01
3.6317825E+06,-9.57854E+01
3.6319733E+06,-1.03505E+02
3.6321640E+06,-9.75254E+01
3.6323547E+06,-1.01825E+02
3.6325455E+06,-9.80054E+01
3.6327362E+06,-1.02005E+02
3.6329269E+06,-9.66254E+01
3.6331177E+06,-9.61454E+01
3.6333084E+06,-1.09025E+02
3.6334991E+06,-9.72054E+01
3.6336899E+06,-9.44254E+01
3.6338806E+06,-9.76254E+01
3.6340714E+06,-1.03125E+02
3.6342621E+06,-1.14845E+02
3.6344528E+06,-9.80454E+01
3.6346436E+06,-9.79654E+01
3.6348343E+06,-1.16605E+02
3.6350250E+06,-1.00085E+02
3.6352158E+06,-9.95454E+01
3.6354065E+06,-9.84454E+01
3.6355972E+06,-9.87054E+01
3.6357880E+06,-1.03365E+02
3.6359787E+06,-9.54254E+01
3.6361694E+06,-9.13054E+01
3.6363602E+06,-9.13054E+01
3.6365509E+06,-9.40454E+01
3.6367416E+06,-9.74854E+01
3.6369324E+06,-1.00105E+02
3.6371231E+06,-1.13925E+02
3.6373138E+06,-9.73454E+01
3.6375046E+06,-9.57254E+01
3.6376953E+06,-1.01105E+02
3.6378860E+06,-9.45854E+01
3.6380768E+06,-9.50254E+01
3.6382675E+06,-1.00165E+02
3.6384583E+06,-1.06085E+02
3.6386490E+06,-9.31654E+01
3.6388397E+06,-8.93454E+01
3.6390305E+06,-9.39654E+01
3.6392212E+06,-9.53254E+01
3.6394119E+06,-1.03805E+02
3.6396027E+06,-9.34454E+01
3.6397934E+06,-9.39654E+01
3.6399841E+06,-9.85054E+01
3.6401749E+06,-9.78654E+01
3.6403656E+06,-1.00645E+02
3.6405563E+06,-9.83454E+01
3.6407471E+06,-1.06345E+02
3.6409378E+06,-9.83854E+01
3.6411285E+06,-9.78654E+01
3.6413193E+06,-1.01425E+02
3.6415100E+06,-1.02005E+02
3.6417007E+06,-9.63254E+01
3.6418915E+06,-9.99454E+01
3.6420822E+06,-9.96454E+01
3.6422729E+06,-1.03065E+02
3.6424637E+06,-1.03025E+02
3.6426544E+06,-9.42654E+01
3.6428452E+06,-9.30254E+01
3.6430359E+06,-1.02305E+02
3.6432266E+06,-1.12925E+02
3.6434174E+06,-1.13505E+02
3.6436081E+06,-1.09905E+02
3.6437988E+06,-1.03545E+02
3.6439896E+06,-1.00405E+02
3.6441803E+06,-1.18025E+02
3.6443710E+06,-1.02045E+02
3.6445618E+06,-1.02765E+02
3.6447525E+06,-1.01685E+02
3.6449432E+06,-1.07905E+02
3.6451340E+06,-1.10465E+02
3.6453247E+06,-9.94454E+01
3.6455154E+06,-1.13965E+02
3.6457062E+06,-9.78254E+01
3.6458969E+06,-1.01085E+02
3.6460876E+06,-9.49454E+01
3.6462784E+06,-9.88654E+01
3.6464691E+06,-1.04985E+02
3.6466599E+06,-1.06745E+02
3.6468506E+06,-9.61454E+01
3.6470413E+06,-9.54854E+01
3.6472321E+06,-1.05645E+02
3.6474228E+06,-1.06925E+02
3.6476135E+06,-1.03705E+02
3.6478043E+06,-9.82054E+01
3.6479950E+06,-1.00825E+02
3.6481857E+06,-1.11445E+02
3.6483765E+06,-1.12865E+02
3.6485672E+06,-1.07185E+02
3.6487579E+06,-9.84654E+01
3.6489487E+06,-9.54854E+01
3.6491394E+06,-9.56454E+01
3.6493301E+06,-9.39254E+01
3.6495209E+06,-9.59654E+01
3.6497116E+06,-1.05245E+02
3.6499023E+06,-9.29054E+01
3.6500931E+06,-9.43054E+01
3.6502838E+06,-9.94854E+01
3.6504745E+06,-1.00905E+02
3.6506653E+06,-9.55854E+01
3.6508560E+06,-9.80254E+01
3.6510468E+06,-1.01145E+02
3.6512375E+06,-9.79854E+01
3.6514282E+06,-9.15454E+01
3.6516190E+06,-9.20654E+01
3.6518097E+06,-9.91854E+01
3.6520004E+06,-1.03885E+02
3.6521912E+06,-1.02145E+02
3.6523819E+06,-9.71454E+01
3.6525726E+06,-9.62854E+01
3.6527634E+06,-9.50854E+01
3.6529541E+06,-9.67054E+01
3.6531448E+06,-8.93054E+01
3.6533356E+06,-8.99454E+01
3.6535263E+06,-9.53654E+01
3.6537170E+06,-9.64654E+01
3.6539078E+06,-9.79854E+01
3.6540985E+06,-9.99254E+01
3.6542892E+06,-1.05005E+02
3.6544800E+06,-9.51254E+01
3.6546707E+06,-9.28654E+01
3.6548615E+06,-9.55854E+01
3.6550522E+06,-9.47454E+01
3.6552429E+06,-1.03725E+02
3.6554337E+06,-9.38854E+01
3.6556244E+06,-9.88654E+01
3.6558151E+06,-9.89054E+01
3.6560059E+06,-9.64854E+01
3.6561966E+06,-9.50854E+01
3.6563873E+06,-1.01705E+02
3.6565781E+06,-1.00205E+02
3.6567688E+06,-1.01205E+02
3.6569595E+06,-1.02125E+02
3.6571503E+06,-9.20054E+01
3.6573410E+06,-9.14254E+01
3.6575317E+06,-9.67454E+01
3.6577225E+06,-9.55854E+01
3.6579132E+06,-9.10254E+01
3.6581039E+06,-8.95054E+01
3.6582947E+06,-9.07254E+01
3.6584854E+06,-9.66654E+01
3.6586761E+06,-1.07365E+02
3.6588669E+06,-1.02325E+02
3.6590576E+06,-9.19854E+01
3.6592484E+06,-9.24854E+01
3.6594391E+06,-9.91254E+01
3.6596298E+06,-9.39254E+01
3.6598206E+06,-9.43854E+01
3.6600113E+06,-1.01625E+02
3.6602020E+06,-9.49654E+01
3.6603928E+06,-1.05965E+02
3.6605835E+06,-1.00885E+02
3.6607742E+06,-1.01945E+02
3.6609650E+06,-1.07205E+02
3.6611557E+06,-9.39254E+01
3.6613464E+06,-9.88854E+01
3.6615372E+06,-1.00005E+02
3.6617279E+06,-9.97254E+01
3.6619186E+06,-1.00385E+02
3.6621094E+06,-1.02985E+02
3.6623001E+06,-1.09045E+02
3.6624908E+06,-9.55254E+01
3.6626816E+06,-9.24854E+01
3.6628723E+06,-9.76654E+01
3.6630630E+06,-1.09305E+02
3.6632538E+06,-1.09345E+02
3.6634445E+06,-1.12385E+02
3.6636353E+06,-1.08405E+02
3.6638260E+06,-1.06765E+02
3.6640167E+06,-1.02965E+02
3.6642075E+06,-1.07165E+02
3.6643982E+06,-1.15845E+02
3.6645889E+06,-9.74254E+01
3.6647797E+06,-9.59654E+01
3.6649704E+06,-1.01565E+02
3.6651611E+06,-1.30425E+02
3.6653519E+06,-9.69254E+01
3.6655426E+06,-1.06485E+02
3.6657333E+06,-9.97654E+01
3.6659241E+06,-9.94854E+01
3.6661148E+06,-1.00545E+02
3.6663055E+06,-1.00925E+02
3.6664963E+06,-1.04805E+02
3.6666870E+06,-9.88454E+01
3.6668777E+06,-9.68654E+01
3.6670685E+06,-1.09485E+02
3.6672592E+06,-9.73454E+01
3.6674500E+06,-9.61054E+01
3.6676407E+06,-1.01105E+02
3.6678314E+06,-1.02365E+02
3.6680222E+06,-9.91654E+01
3.6682129E+06,-9.52254E+01
3.6684036E+06,-9.83054E+01
3.6685944E+06,-1.05485E+02
3.6687851E+06,-1.19745E+02
3.6689758E+06,-9.46454E+01
3.6691666E+06,-9.15854E+01
3.6693573E+06,-9.41454E+01
3.6695480E+06,-9.71654E+01
3.6697388E+06,-1.08005E+02
3.6699295E+06,-9.31854E+01
3.6701202E+06,-9.30854E+01
3.6703110E+06,-1.00125E+02
3.6705017E+06,-1.04145E+02
3.6706924E+06,-9.66654E+01
3.6708832E+06,-1.00445E+02
3.6710739E+06,-1.11965E+02
3.6712646E+06,-1.05965E+02
3.6714554E+06,-9.71054E+01
3.6716461E+06,-9.11254E+01
3.6718369E+06,-9.34654E+01
3.6720276E+06,-1.01025E+02
3.6722183E+06,-1.00885E+02
3.6724091E+06,-1.04845E+02
3.6725998E+06,-1.09165E+02
3.6727905E+06,-1.00245E+02
3.6729813E+06,-1.10345E+02
3.6731720E+06,-1.05805E+02
3.6733627E+06,-1.06585E+02
3.6735535E+06,-1.01285E+02
3.6737442E+06,-1.13885E+02
3.6739349E+06,-1.07725E+02
3.6741257E+06,-9.91654E+01
3.6743164E+06,-1.03165E+02
3.6745071E+06,-1.09125E+02
3.6746979E+06,-1.05205E+02
3.6748886E+06,-9.86054E+01
3.6750793E+06,-9.65254E+01
3.6752701E+06,-1.19205E+02
3.6754608E+06,-1.04305E+02
3.6756516E+06,-9.72654E+01
3.6758423E+06,-1.01805E+02
3.6760330E+06,-1.04665E+02
3.6762238E+06,-9.45454E+01
3.6764145E+06,-9.28254E+01
3.6766052E+06,-9.37054E+01
3.6767960E+06,-1.03885E+02
3.6769867E+06,-9.86254E+01
3.6771774E+06,-9.92054E+01
3.6773682E+06,-9.48254E+01
3.6775589E+06,-1.04225E+02
3.6777496E+06,-1.00745E+02
3.6779404E+06,-1.02645E+02
3.6781311E+06,-9.75454E+01
3.6783218E+06,-9.26254E+01
3.6785126E+06,-9.45454E+01
3.6787033E+06,-9.88854E+01
3.6788940E+06,-1.03585E+02
3.6790848E+06,-1.02325E+02
3.6792755E+06,-1.04845E+02
3.6794662E+06,-9.50054E+01
3.6796570E+06,-9.80854E+01
3.6798477E+06,-1.05945E+02
3.6800385E+06,-1.01325E+02
3.6802292E+06,-9.37654E+01
3.6804199E+06,-9.23054E+01
3.6806107E+06,-9.52454E+01
3.6808014E+06,-1.04345E+02
3.6809921E+06,-1.06325E+02
3.6811829E+06,-9.85654E+01
3.6813736E+06,-1.01565E+02
3.6815643E+06,-1.01565E+02
3.6817551E+06,-9.64454E+01
3.6819458E+06,-9.27054E+01
3.6821365E+06,-9.55054E+01
3.6823273E+06,-1.05385E+02
3.6825180E+06,-1.19745E+02
3.6827087E+06,-9.88254E+01
3.6828995E+06,-9.58454E+01
3.6830902E+06,-1.02865E+02
3.6832809E+06,-1.02245E+02
3.6834717E+06,-1.05725E+02
3.6836624E+06,-1.02165E+02
3.6838531E+06,-9.91654E+01
3.6840439E+06,-9.27054E+01
3.6842346E+06,-9.26454E+01
3.6844254E+06,-9.93454E+01
3.6846161E+06,-1.05385E+02
3.6848068E+06,-1.11525E+02
3.6849976E+06,-1.00925E+02
3.6851883E+06,-9.46254E+01
3.6853790E+06,-9.92054E+01
3.6855698E+06,-1.02305E+02
3.6857605E+06,-9.47454E+01
3.6859512E+06,-9.90454E+01
3.6861420E+06,-1.09485E+02
3.6863327E+06,-1.00445E+02
3.6865234E+06,-9.80454E+01
3.6867142E+06,-9.78654E+01
3.6869049E+06,-9.68054E+01
3.6870956E+06,-9.88654E+01
3.6872864E+06,-1.06125E+02
3.6874771E+06,-1.03965E+02
3.6876678E+06,-9.39654E+01
3.6878586E+06,-9.51054E+01
3.6880493E+06,-1.00525E+02
3.6882401E+06,-1.04345E+02
3.6884308E+06,-1.03225E+02
3.6886215E+06,-1.01805E+02
3.6888123E+06,-1.00225E+02
3.6890030E+06,-9.72054E+01
3.6891937E+06,-9.52054E+01
3.6893845E+06,-9.62854E+01
3.6895752E+06,-9.60854E+01
3.6897659E+06,-9.66254E+01
3.6899567E+06,-1.03925E+02
3.6901474E+06,-9.71454E+01
3.6903381E+06,-9.85854E+01
3.6905289E+06,-9.70654E+01
3.6907196E+06,-9.10654E+01
3.6909103E+06,-9.08854E+01
3.6911011E+06,-9.75854E+01
3.6912918E+06,-1.02505E+02
3.6914825E+06,-1.04005E+02
3.6916733E+06,-1.01905E+02
3.6918640E+06,-9.75654E+01
3.6920547E+06,-9.23254E+01
3.6922455E+06,-9.35454E+01
3.6924362E+06,-9.71854E+01
3.6926270E+06,-9.97054E+01
3.6928177E+06,-9.89854E+01
3.6930084E+06,-9.53454E+01
3.6931992E+06,-9.49054E+01
3.6933899E+06,-9.98654E+01
3.6935806E+06,-9.84454E+01
3.6937714E+06,-1.03505E+02
3.6939621E+06,-1.04485E+02
3.6941528E+06,-9.62054E+01
3.6943436E+06,-9.88054E+01
3.6945343E+06,-1.02305E+02
3.6947250E+06,-9.81854E+01
3.6949158E+06,-1.05485E+02
3.6951065E+06,-9.54854E+01
3.6952972E+06,-9.47654E+01
3.6954880E+06,-9.93854E+01
3.6956787E+06,-9.35854E+01
3.6958694E+06,-9.35054E+01
3.6960602E+06,-9.91254E+01
3.6962509E+06,-9.64854E+01
3.6964417E+06,-9.81854E+01
3.6966324E+06,-1.01885E+02
3.6968231E+06,-9.96654E+01
3.6970139E+06,-9.53854E+01
3.6972046E+06,-9.29054E+01
3.6973953E+06,-9.49654E+01
3.6975861E+06,-9.42254E+01
3.6977768E+06,-9.34654E+01
3.6979675E+06,-9.76854E+01
3.6981583E+06,-1.01165E+02
3.6983490E+06,-1.04005E+02
3.6985397E+06,-9.79654E+01
3.6987305E+06,-1.00305E+02
3.6989212E+06,-9.61654E+01
3.6991119E+06,-1.01105E+02
3.6993027E+06,-1.13545E+02
3.6994934E+06,-1.02385E+02
3.6996841E+06,-9.62454E+01
3.6998749E+06,-8.37054E+01
3.7000656E+06,-8.11054E+01
3.7002563E+06,-9.04054E+01
3.7004471E+06,-1.08845E+02
3.7006378E+06,-9.64054E+01
3.7008286E+06,-9.98054E+01
3.7010193E+06,-9.40454E+01
3.7012100E+06,-9.89054E+01
3.7014008E+06,-1.04145E+02
3.7015915E+06,-1.14745E+02
3.7017822E+06,-9.38054E+01
3.7019730E+06,-9.46854E+01
3.7021637E+06,-9.65854E+01
3.7023544E+06,-9.13254E+01
3.7025452E+06,-9.71054E+01
3.7027359E+06,-1.03705E+02
3.7029266E+06,-9.86454E+01
3.7031174E+06,-1.03725E+02
3.7033081E+06,-1.17285E+02
3.7034988E+06,-1.08185E+02
3.7036896E+06,-1.07565E+02
3.7038803E+06,-1.01525E+02
3.7040710E+06,-9.56654E+01
3.7042618E+06,-1.14045E+02
3.7044525E+06,-9.74654E+01
3.7046432E+06,-9.90254E+01
3.7048340E+06,-9.81654E+01
3.7050247E+06,-9.69254E+01
3.7052155E+06,-1.04305E+02
3.7054062E+06,-1.09465E+02
3.7055969E+06,-1.00565E+02
3.7057877E+06,-9.83454E+01
3.7059784E+06,-9.83654E+01
3.7061691E+06,-9.55854E+01
3.7063599E+06,-9.70654E+01
3.7065506E+06,-9.71054E+01
3.7067413E+06,-9.97254E+01
3.7069321E+06,-9.83054E+01
3.7071228E+06,-9.56654E+01
3.7073135E+06,-1.02685E+02
3.7075043E+06,-9.71854E+01
3.7076950E+06,-1.14305E+02
3.7078857E+06,-1.00225E+02
3.7080765E+06,-9.74854E+01
3.7082672E+06,-9.44654E+01
3.7084579E+06,-9.31254E+01
3.7086487E+06,-9.88854E+01
3.7088394E+06,-1.11185E+02
3.7090302E+06,-9.97254E+01
3.7092209E+06,-9.18854E+01
3.7094116E+06,-9.21454E+01
3.7096024E+06,-9.40054E+01
3.7097931E+06,-9.30854E+01
3.7099838E+06,-9.84454E+01
3.7101746E+06,-9.81854E+01
3.7103653E+06,-9.35854E+01
3.7105560E+06,-9.69054E+01
3.7107468E+06,-9.70454E+01
3.7109375E+06,-1.00345E+02
3.7111282E+06,-1.06625E+02
3.7113190E+06,-1.05885E+02
3.7115097E+06,-1.04825E+02
3.7117004E+06,-1.13725E+02
3.7118912E+06,-9.71054E+01
3.7120819E+06,-9.50654E+01
3.7122726E+06,-1.01565E+02
3.7124634E+06,-1.11245E+02
3.7126541E+06,-1.29785E+02
3.7128448E+06,-9.68254E+01
3.7130356E+06,-9.51454E+01
3.7132263E+06,-9.91654E+01
3.7134171E+06,-1.03025E+02
3.7136078E+06,-1.01125E+02
3.7137985E+06,-9.86854E+01
3.7139893E+06,-9.50054E+01
3.7141800E+06,-1.01525E+02
3.7143707E+06,-9.72054E+01
3.7145615E+06,-9.45454E+01
3.7147522E+06,-9.61254E+01
3.7149429E+06,-9.72054E+01
3.7151337E+06,-9.81854E+01
3.7153244E+06,-1.13705E+02
3.7155151E+06,-1.14805E+02
3.7157059E+06,-1.05225E+02
3.7158966E+06,-9.99454E+01
3.7160873E+06,-9.95454E+01
3.7162781E+06,-1.00185E+02
3.7164688E+06,-9.70854E+01
3.7166595E+06,-1.00505E+02
3.7168503E+06,-1.04225E+02
3.7170410E+06,-9.81454E+01
3.7172318E+06,-9.65854E+01
3.7174225E+06,-9.78054E+01
3.7176132E+06,-1.04145E+02
3.7178040E+06,-1.02225E+02
3.7179947E+06,-9.62454E+01
3.7181854E+06,-9.45254E+01
3.7183762E+06,-9.87654E+01
3.7185669E+06,-1.00585E+02
3.7187576E+06,-9.63054E+01
3.7189484E+06,-9.59854E+01
3.7191391E+06,-9.26854E+01
3.7193298E+06,-9.71654E+01
3.7195206E+06,-1.07185E+02
3.7197113E+06,-1.01025E+02
3.7199020E+06,-9.92054E+01
3.7200928E+06,-9.99454E+01
3.7202835E+06,-9.92054E+01
3.7204742E+06,-1.06025E+02
3.7206650E+06,-9.74254E+01
3.7208557E+06,-1.04145E+02
3.7210464E+06,-1.02365E+02
3.7212372E+06,-9.90054E+01
3.7214279E+06,-9.97854E+01
3.7216187E+06,-9.67454E+01
3.7218094E+06,-9.59454E+01
3.7220001E+06,-9.51254E+01
3.7221909E+06,-1.03465E+02
3.7223816E+06,-9.86254E+01
3.7225723E+06,-9.41854E+01
3.7227631E+06,-9.25254E+01
3.7229538E+06,-9.57054E+01
3.7231445E+06,-9.52254E+01
3.7233353E+06,-9.77254E+01
3.7235260E+06,-1.03125E+02
3.7237167E+06,-9.95454E+01
3.7239075E+06,-9.42854E+01
3.7240982E+06,-9.83254E+01
3.7242889E+06,-1.01765E+02
3.7244797E+06,-9.70054E+01
3.7246704E+06,-1.08545E+02
3.7248611E+06,-1.06985E+02
3.7250519E+06,-1.20625E+02
3.7252426E+06,-9.70654E+01
3.7254333E+06,-9.53454E+01
3.7256241E+06,-9.98054E+01
3.7258148E+06,-9.79254E+01
3.7260056E+06,-9.73654E+01
3.7261963E+06,-9.68454E+01
3.7263870E+06,-1.03885E+02
3.7265778E+06,-9.91654E+01
3.7267685E+06,-1.01685E+02
3.7269592E+06,-9.88254E+01
3.7271500E+06,-9.60054E+01
3.7273407E+06,-9.96054E+01
3.7275314E+06,-9.79654E+01
3.7277222E+06,-9.89054E+01
3.7279129E+06,-1.17605E+02
3.7281036E+06,-9.53654E+01
3.7282944E+06,-9.28254E+01
3.7284851E+06,-9.32654E+01
3.7286758E+06,-9.40854E+01
3.7288666E+06,-9.71054E+01
3.7290573E+06,-9.81654E+01
3.7292480E+06,-9.90054E+01
3.7294388E+06,-1.00705E+02
3.7296295E+06,-1.05665E+02
3.7298203E+06,-9.91254E+01
3.7300110E+06,-1.01965E+02
3.7302017E+06,-1.13185E+02
3.7303925E+06,-1.05905E+02
3.7305832E+06,-1.00425E+02
3.7307739E+06,-9.83454E+01
3.7309647E+06,-1.12045E+02
3.7311554E+06,-1.02085E+02
3.7313461E+06,-9.77854E+01
3.7315369E+06,-9.40054E+01
3.7317276E+06,-9.94654E+01
3.7319183E+06,-9.29254E+01
3.7321091E+06,-9.05454E+01
3.7322998E+06,-9.10054E+01
3.7324905E+06,-9.51054E+01
3.7326813E+06,-1.07325E+02
3.7328720E+06,-9.91654E+01
3.7330627E+06,-9.37054E+01
3.7332535E+06,-9.33254E+01
3.7334442E+06,-1.03325E+02
3.7336349E+06,-1.02385E+02
3.7338257E+06,-1.08905E+02
3.7340164E+06,-1.13445E+02
3.7342072E+06,-1.03725E+02
3.7343979E+06,-1.01245E+02
3.7345886E+06,-9.82854E+01
3.7347794E+06,-1.03025E+02
3.7349701E+06,-9.84654E+01
3.7351608E+06,-9.82854E+01
3.7353516E+06,-1.05725E+02
3.7355423E+06,-1.09025E+02
3.7357330E+06,-1.03465E+02
3.7359238E+06,-1.01325E+02
3.7361145E+06,-1.01625E+02
3.7363052E+06,-9.62254E+01
3.7364960E+06,-9.99254E+01
3.7366867E+06,-9.71654E+01
3.7368774E+06,-1.02865E+02
3.7370682E+06,-1.01905E+02
3.7372589E+06,-1.00485E+02
3.7374496E+06,-1.02685E+02
3.7376404E+06,-9.63054E+01
3.7378311E+06,-9.23654E+01
3.7380219E+06,-9.42854E+01
3.7382126E+06,-9.53454E+01
3.7384033E+06,-9.80254E+01
3.7385941E+06,-9.83454E+01
3.7387848E+06,-9.98654E+01
3.7389755E+06,-1.05685E+02
3.7391663E+06,-9.75454E+01
3.7393570E+06,-9.34654E+01
3.7395477E+06,-9.47654E+01
3.7397385E+06,-1.03845E+02
3.7399292E+06,-9.85854E+01
3.7401199E+06,-9.62854E+01
3.7403107E+06,-1.00945E+02
3.7405014E+06,-9.97654E+01
3.7406921E+06,-9.57654E+01
3.7408829E+06,-9.33654E+01
3.7410736E+06,-9.68054E+01
3.7412643E+06,-9.66854E+01
3.7414551E+06,-9.48454E+01
3.7416458E+06,-9.86254E+01
3.7418365E+06,-9.69454E+01
3.7420273E+06,-9.58454E+01
3.7422180E+06,-9.92854E+01
3.7424088E+06,-9.44854E+01
3.7425995E+06,-9.47454E+01
3.7427902E+06,-1.01745E+02
3.7429810E+06,-1.13705E+02
3.7431717E+06,-1.07865E+02
3.7433624E+06,-1.05005E+02
3.7435532E+06,-1.00765E+02
3.7437439E+06,-9.97454E+01
3.7439346E+06,-9.73054E+01
3.7441254E+06,-1.01625E+02
3.7443161E+06,-1.11685E+02
3.7445068E+06,-1.01745E+02
3.7446976E+06,-1.08345E+02
3.7448883E+06,-9.64054E+01
3.7450790E+06,-9.72854E+01
3.7452698E+06,-9.52054E+01
3.7454605E+06,-1.02905E+02
3.7456512E+06,-1.01505E+02
3.7458420E+06,-1.03225E+02
3.7460327E+06,-1.05705E+02
3.7462234E+06,-1.04845E+02
3.7464142E+06,-1.04365E+02
3.7466049E+06,-9.24254E+01
3.7467957E+06,-9.49854E+01
3.7469864E+06,-1.02125E+02
3.7471771E+06,-1.00005E+02
3.7473679E+06,-9.67054E+01
3.7475586E+06,-9.82254E+01
3.7477493E+06,-9.74854E+01
3.7479401E+06,-9.69454E+01
3.7481308E+06,-9.66054E+01
3.7483215E+06,-1.04185E+02
3.7485123E+06,-1.02865E+02
3.7487030E+06,-1.07465E+02
3.7488937E+06,-1.06525E+02
3.7490845E+06,-1.09125E+02
3.7492752E+06,-1.02925E+02
3.7494659E+06,-9.65254E+01
3.7496567E+06,-1.07045E+02
3.7498474E+06,-8.17454E+01
3.7500381E+06,-7.72054E+01
3.7502289E+06,-8.42854E+01
3.7504196E+06,-1.04345E+02
3.7506104E+06,-1.02145E+02
3.7508011E+06,-1.00185E+02
3.7509918E+06,-1.04725E+02
3.7511826E+06,-9.68054E+01
3.7513733E+06,-9.40854E+01
3.7515640E+06,-9.47654E+01
3.7517548E+06,-9.49654E+01
3.7519455E+06,-9.90454E+01
3.7521362E+06,-1.01625E+02
3.7523270E+06,-9.43454E+01
3.7525177E+06,-9.04854E+01
3.7527084E+06,-9.45454E+01
3.7528992E+06,-1.09445E+02
3.7530899E+06,-1.00425E+02
3.7532806E+06,-1.20985E+02
3.7534714E+06,-9.61654E+01
3.7536621E+06,-9.47454E+01
3.7538528E+06,-1.10525E+02
3.7540436E+06,-9.85054E+01
3.7542343E+06,-1.03365E+02
3.7544250E+06,-1.05605E+02
3.7546158E+06,-1.00345E+02
3.7548065E+06,-1.01545E+02
3.7549973E+06,-1.01365E+02
3.7551880E+06,-9.44854E+01
3.7553787E+06,-9.15654E+01
3.7555695E+06,-9.29054E+01
3.7557602E+06,-9.72054E+01
3.7559509E+06,-9.90654E+01
3.7561417E+06,-9.91854E+01
3.7563324E+06,-9.38054E+01
3.7565231E+06,-9.27654E+01
3.7567139E+06,-9.37254E+01
3.7569046E+06,-9.62654E+01
3.7570953E+06,-9.87254E+01
3.7572861E+06,-9.75854E+01
3.7574768E+06,-1.01965E+02
3.7576675E+06,-1.05105E+02
3.7578583E+06,-9.50654E+01
3.7580490E+06,-9.38854E+01
3.7582397E+06,-1.04265E+02
3.7584305E+06,-1.03845E+02
3.7586212E+06,-1.01305E+02
3.7588120E+06,-9.90854E+01
3.7590027E+06,-1.02225E+02
3.7591934E+06,-9.75054E+01
3.7593842E+06,-9.29254E+01
3.7595749E+06,-9.42654E+01
3.7597656E+06,-1.04085E+02
3.7599564E+06,-9.44454E+01
3.7601471E+06,-1.00845E+02
3.7603378E+06,-1.01685E+02
3.7605286E+06,-1.02285E+02
3.7607193E+06,-9.83054E+01
3.7609100E+06,-1.00125E+02
3.7611008E+06,-1.08905E+02
3.7612915E+06,-1.03305E+02
3.7614822E+06,-9.56254E+01
3.7616730E+06,-9.81254E+01
3.7618637E+06,-1.00025E+02
3.7620544E+06,-9.56654E+01
3.7622452E+06,-1.06705E+02
3.7624359E+06,-9.89254E+01
3.7626266E+06,-9.92654E+01
3.7628174E+06,-1.14485E+02
3.7630081E+06,-9.73454E+01
3.7631989E+06,-9.76254E+01
3.7633896E+06,-1.12925E+02
3.7635803E+06,-1.05605E+02
3.7637711E+06,-9.62854E+01
3.7639618E+06,-9.10654E+01
3.7641525E+06,-9.68654E+01
3.7643433E+06,-9.99854E+01
3.7645340E+06,-9.84454E+01
3.7647247E+06,-1.03585E+02
3.7649155E+06,-9.88054E+01
3.7651062E+06,-9.91454E+01
3.7652969E+06,-9.96654E+01
3.7654877E+06,-9.89054E+01
3.7656784E+06,-1.17045E+02
3.7658691E+06,-1.00425E+02
3.7660599E+06,-1.01505E+02
3.7662506E+06,-1.04745E+02
3.7664413E+06,-9.99254E+01
3.7666321E+06,-9.83854E+01
3.7668228E+06,-9.82854E+01
3.7670135E+06,-9.75654E+01
3.7672043E+06,-1.00725E+02
3.7673950E+06,-1.03545E+02
3.7675858E+06,-1.04045E+02
3.7677765E+06,-1.01545E+02
3.7679672E+06,-1.08845E+02
3.7681580E+06,-9.90454E+01
3.7683487E+06,-9.82254E+01
3.7685394E+06,-1.04225E+02
3.7687302E+06,-1.01005E+02
3.7689209E+06,-9.62454E+01
3.7691116E+06,-9.59054E+01
3.7693024E+06,-9.65054E+01
3.7694931E+06,-1.00965E+02
3.7696838E+06,-1.05905E+02
3.7698746E+06,-9.77654E+01
3.7700653E+06,-9.99054E+01
3.7702560E+06,-1.00605E+02
3.7704468E+06,-1.03365E+02
3.7706375E+06,-1.04265E+02
3.7708282E+06,-1.03445E+02
3.7710190E+06,-9.78254E+01
3.7712097E+06,-1.08405E+02
3.7714005E+06,-9.62654E+01
3.7715912E+06,-9.37254E+01
3.7717819E+06,-9.71254E+01
3.7719727E+06,-1.00605E+02
3.7721634E+06,-1.02685E+02
3.7723541E+06,-1.05225E+02
3.7725449E+06,-1.01965E+02
3.7727356E+06,-1.00085E+02
3.7729263E+06,-1.10665E+02
3.7731171E+06,-1.08445E+02
3.7733078E+06,-9.84854E+01
3.7734985E+06,-1.11625E+02
3.7736893E+06,-1.08025E+02
3.7738800E+06,-9.67254E+01
3.7740707E+06,-9.41454E+01
3.7742615E+06,-1.00185E+02
3.7744522E+06,-9.67654E+01
3.7746429E+06,-9.24854E+01
3.7748337E+06,-9.86854E+01
3.7750244E+06,-9.32254E+01
3.7752151E+06,-9.40454E+01
3.7754059E+06,-1.00005E+02
3.7755966E+06,-1.00065E+02
3.7757874E+06,-9.89254E+01
3.7759781E+06,-9.98454E+01
3.7761688E+06,-9.70454E+01
3.7763596E+06,-1.01625E+02
3.7765503E+06,-1.00345E+02
3.7767410E+06,-1.12865E+02
3.7769318E+06,-9.95254E+01
3.7771225E+06,-1.09345E+02
3.7773132E+06,-1.01205E+02
3.7775040E+06,-1.09905E+02
3.7776947E+06,-1.03805E+02
3.7778854E+06,-9.72854E+01
3.7780762E+06,-9.43054E+01
3.7782669E+06,-1.00565E+02
3.7784576E+06,-9.80454E+01
3.7786484E+06,-9.58054E+01
3.7788391E+06,-1.02305E+02
3.7790298E+06,-1.06765E+02
3.7792206E+06,-1.02285E+02
3.7794113E+06,-1.02745E+02
3.7796021E+06,-1.09225E+02
3.7797928E+06,-1.06405E+02
3.7799835E+06,-1.02745E+02
3.7801743E+06,-1.02325E+02
3.7803650E+06,-1.11505E+02
3.7805557E+06,-1.01405E+02
3.7807465E+06,-1.00005E+02
3.7809372E+06,-1.02585E+02
3.7811279E+06,-1.01745E+02
3.7813187E+06,-9.93054E+01
3.7815094E+06,-9.93454E+01
3.7817001E+06,-1.01565E+02
3.7818909E+06,-1.04705E+02
3.7820816E+06,-1.00725E+02
3.7822723E+06,-1.04985E+02
3.7824631E+06,-1.06925E+02
3.7826538E+06,-1.13585E+02
3.7828445E+06,-9.98654E+01
3.7830353E+06,-9.46654E+01
3.7832260E+06,-9.93854E+01
3.7834167E+06,-9.93454E+01
3.7836075E+06,-9.77454E+01
3.7837982E+06,-9.40054E+01
3.7839890E+06,-9.90854E+01
3.7841797E+06,-1.03805E+02
3.7843704E+06,-9.59054E+01
3.7845612E+06,-9.77054E+01
3.7847519E+06,-1.02505E+02
3.7849426E+06,-9.51454E+01
3.7851334E+06,-9.46254E+01
3.7853241E+06,-1.02205E+02
3.7855148E+06,-9.92854E+01
3.7857056E+06,-1.03805E+02
3.7858963E+06,-9.61454E+01
3.7860870E+06,-1.05785E+02
3.7862778E+06,-9.70054E+01
3.7864685E+06,-9.78854E+01
3.7866592E+06,-9.30254E+01
3.7868500E+06,-9.30254E+01
3.7870407E+06,-1.09345E+02
3.7872314E+06,-1.10545E+02
3.7874222E+06,-1.08025E+02
3.7876129E+06,-1.08085E+02
3.7878036E+06,-1.03765E+02
3.7879944E+06,-1.01965E+02
3.7881851E+06,-1.00925E+02
3.7883759E+06,-9.85454E+01
3.7885666E+06,-1.01385E+02
3.7887573E+06,-1.05925E+02
3.7889481E+06,-1.04885E+02
3.7891388E+06,-1.00565E+02
3.7893295E+06,-9.82654E+01
3.7895203E+06,-1.03925E+02
3.7897110E+06,-1.01905E+02
3.7899017E+06,-9.91254E+01
3.7900925E+06,-9.86054E+01
3.7902832E+06,-9.32254E+01
3.7904739E+06,-9.13854E+01
3.7906647E+06,-9.41854E+01
3.7908554E+06,-9.98454E+01
3.7910461E+06,-1.01585E+02
3.7912369E+06,-1.00925E+02
3.7914276E+06,-9.53454E+01
3.7916183E+06,-9.41454E+01
3.7918091E+06,-1.08365E+02
3.7919998E+06,-1.00385E+02
3.7921906E+06,-1.00485E+02
3.7923813E+06,-9.91254E+01
3.7925720E+06,-9.57054E+01
3.7927628E+06,-9.39254E+01
3.7929535E+06,-9.45454E+01
3.7931442E+06,-9.65454E+01
3.7933350E+06,-1.05145E+02
3.7935257E+06,-9.89654E+01
3.7937164E+06,-1.09225E+02
3.7939072E+06,-1.11045E+02
3.7940979E+06,-9.98254E+01
3.7942886E+06,-1.05705E+02
3.7944794E+06,-9.96054E+01
3.7946701E+06,-9.83854E+01
3.7948608E+06,-9.83854E+01
3.7950516E+06,-9.84654E+01
3.7952423E+06,-1.03465E+02
3.7954330E+06,-1.06445E+02
3.7956238E+06,-9.78254E+01
3.7958145E+06,-1.01825E+02
3.7960052E+06,-1.06525E+02
3.7961960E+06,-1.01525E+02
3.7963867E+06,-1.02245E+02
3.7965775E+06,-9.79854E+01
3.7967682E+06,-1.02585E+02
3.7969589E+06,-1.00485E+02
3.7971497E+06,-1.07525E+02
3.7973404E+06,-9.72654E+01
3.7975311E+06,-9.64054E+01
3.7977219E+06,-9.61854E+01
3.7979126E+06,-9.60654E+01
3.7981033E+06,-9.69654E+01
3.7982941E+06,-1.00545E+02
3.7984848E+06,-9.69454E+01
3.7986755E+06,-9.86254E+01
3.7988663E+06,-1.14585E+02
3.7990570E+06,-1.05885E+02
3.7992477E+06,-9.92654E+01
3.7994385E+06,-9.50054E+01
3.7996292E+06,-9.70054E+01
3.7998199E+06,-8.80654E+01
3.8000107E+06,-8.08054E+01
3.8002014E+06,-8.54254E+01
3.8003922E+06,-1.17205E+02
3.8005829E+06,-1.04085E+02
3.8007736E+06,-9.84454E+01
3.8009644E+06,-9.76854E+01
3.8011551E+06,-9.34054E+01
3.8013458E+06,-9.48654E+01
3.8015366E+06,-1.05185E+02
3.8017273E+06,-1.28405E+02
3.8019180E+06,-1.03545E+02
3.8021088E+06,-9.88054E+01
3.8022995E+06,-1.04005E+02
3.8024902E+06,-1.04965E+02
3.8026810E+06,-9.63854E+01
3.8028717E+06,-9.43854E+01
3.8030624E+06,-9.45254E+01
3.8032532E+06,-9.47654E+01
3.8034439E+06,-1.06205E+02
3.8036346E+06,-1.09965E+02
3.8038254E+06,-1.03885E+02
3.8040161E+06,-9.59854E+01
3.8042068E+06,-9.38854E+01
3.8043976E+06,-9.70654E+01
3.8045883E+06,-1.09205E+02
3.8047791E+06,-1.06645E+02
3.8049698E+06,-9.84254E+01
3.8051605E+06,-9.94454E+01
3.8053513E+06,-1.07745E+02
3.8055420E+06,-1.11025E+02
3.8057327E+06,-9.72854E+01
3.8059235E+06,-9.62454E+01
3.8061142E+06,-9.64454E+01
3.8063049E+06,-1.00125E+02
3.8064957E+06,-1.00805E+02
3.8066864E+06,-9.97054E+01
3.8068771E+06,-1.00605E+02
3.8070679E+06,-1.06865E+02
3.8072586E+06,-1.10545E+02
3.8074493E+06,-1.02905E+02
3.8076401E+06,-1.10025E+02
3.8078308E+06,-9.68254E+01
3.8080215E+06,-1.10005E+02
3.8082123E+06,-9.68054E+01
3.8084030E+06,-9.34054E+01
3.8085938E+06,-9.16254E+01
3.8087845E+06,-1.01005E+02
3.8089752E+06,-9.89454E+01
3.8091660E+06,-9.99254E+01
3.8093567E+06,-9.95454E+01
3.8095474E+06,-1.00385E+02
3.8097382E+06,-1.12585E+02
3.8099289E+06,-1.02965E+02
3.8101196E+06,-9.76854E+01
3.8103104E+06,-9.63654E+01
3.8105011E+06,-9.90454E+01
3.8106918E+06,-1.03065E+02
3.8108826E+06,-1.05565E+02
3.8110733E+06,-9.72254E+01
3.8112640E+06,-9.49654E+01
3.8114548E+06,-9.73454E+01
3.8116455E+06,-1.04745E+02
3.8118362E+06,-9.34454E+01
3.8120270E+06,-9.24254E+01
3.8122177E+06,-1.02505E+02
3.8124084E+06,-1.07285E+02
3.8125992E+06,-1.04865E+02
3.8127899E+06,-9.39254E+01
3.8129807E+06,-8.96654E+01
3.8131714E+06,-9.58054E+01
3.8133621E+06,-9.93454E+01
3.8135529E+06,-9.57854E+01
3.8137436E+06,-9.62854E+01
3.8139343E+06,-9.31854E+01
3.8141251E+06,-1.00345E+02
3.8143158E+06,-1.01645E+02
3.8145065E+06,-1.01825E+02
3.8146973E+06,-9.79254E+01
3.8148880E+06,-9.54254E+01
3.8150787E+06,-1.01085E+02
3.8152695E+06,-9.46654E+01
3.8154602E+06,-9.58254E+01
3.8156509E+06,-1.05405E+02
3.8158417E+06,-1.04305E+02
3.8160324E+06,-9.82854E+01
3.8162231E+06,-9.88654E+01
3.8164139E+06,-1.02765E+02
3.8166046E+06,-9.93454E+01
3.8167953E+06,-9.81054E+01
3.8169861E+06,-1.02685E+02
3.8171768E+06,-9.31654E+01
3.8173676E+06,-9.20654E+01
3.8175583E+06,-9.43654E+01
3.8177490E+06,-1.02965E+02
3.8179398E+06,-1.01785E+02
3.8181305E+06,-1.06205E+02
3.8183212E+06,-1.01645E+02
3.8185120E+06,-1.01245E+02
3.8187027E+06,-1.13545E+02
3.8188934E+06,-1.00485E+02
3.8190842E+06,-1.00085E+02
3.8192749E+06,-9.66654E+01
3.8194656E+06,-9.72454E+01
3.8196564E+06,-1.04945E+02
3.8198471E+06,-1.01505E+02
3.8200378E+06,-9.97254E+01
3.8202286E+06,-1.03025E+02
3.8204193E+06,-1.11105E+02
3.8206100E+06,-1.11645E+02
3.8208008E+06,-1.04005E+02
3.8209915E+06,-9.55254E+01
3.8211823E+06,-9.37254E+01
3.8213730E+06,-9.98654E+01
3.8215637E+06,-9.91254E+01
3.8217545E+06,-9.60054E+01
3.8219452E+06,-1.03965E+02
3.8221359E+06,-9.82254E+01
3.8223267E+06,-9.48854E+01
3.8225174E+06,-9.76654E+01
3.8227081E+06,-1.02685E+02
3.8228989E+06,-9.79454E+01
3.8230896E+06,-9.99254E+01
3.8232803E+06,-9.95254E+01
3.8234711E+06,-1.03725E+02
3.8236618E+06,-1.01505E+02
3.8238525E+06,-1.02085E+02
3.8240433E+06,-1.06565E+02
3.8242340E+06,-1.02225E+02
3.8244247E+06,-1.17845E+02
3.8246155E+06,-9.38054E+01
3.8248062E+06,-9.02054E+01
3.8249969E+06,-9.62054E+01
3.8251877E+06,-9.74254E+01
3.8253784E+06,-1.07665E+02
3.8255692E+06,-9.93254E+01
3.8257599E+06,-1.06785E+02
3.8259506E+06,-1.00725E+02
3.8261414E+06,-1.09365E+02
3.8263321E+06,-1.15085E+02
3.8265228E+06,-1.09565E+02
3.8267136E+06,-1.05845E+02
3.8269043E+06,-9.60854E+01
3.8270950E+06,-9.40454E+01
3.8272858E+06,-1.01965E+02
3.8274765E+06,-1.05605E+02
3.8276672E+06,-1.03585E+02
3.8278580E+06,-9.84854E+01
3.8280487E+06,-9.50254E+01
3.8282394E+06,-1.00205E+02
3.8284302E+06,-9.40454E+01
3.8286209E+06,-9.72654E+01
3.8288116E+06,-1.09345E+02
3.8290024E+06,-9.87454E+01
3.8291931E+06,-9.56454E+01
3.8293839E+06,-9.69454E+01
3.8295746E+06,-1.03305E+02
3.8297653E+06,-1.01885E+02
3.8299561E+06,-9.88054E+01
3.8301468E+06,-9.80654E+01
3.8303375E+06,-9.48454E+01
3.8305283E+06,-9.58254E+01
3.8307190E+06,-1.06725E+02
3.8309097E+06,-1.07205E+02
3.8311005E+06,-1.13885E+02
3.8312912E+06,-1.03925E+02
3.8314819E+06,-1.29785E+02
3.8316727E+06,-1.04045E+02
3.8318634E+06,-9.20854E+01
3.8320541E+06,-9.20654E+01
3.8322449E+06,-1.04665E+02
3.8324356E+06,-1.13505E+02
3.8326263E+06,-9.82654E+01
3.8328171E+06,-9.34454E+01
3.8330078E+06,-9.52054E+01
3.8331985E+06,-1.00345E+02
3.8333893E+06,-9.63054E+01
3.8335800E+06,-9.62854E+01
3.8337708E+06,-1.06725E+02
3.8339615E+06,-1.02145E+02
3.8341522E+06,-9.83254E+01
3.8343430E+06,-1.02765E+02
3.8345337E+06,-1.08905E+02
3.8347244E+06,-1.02325E+02
3.8349152E+06,-9.63654E+01
3.8351059E+06,-9.40054E+01
3.8352966E+06,-9.73454E+01
3.8354874E+06,-1.12225E+02
3.8356781E+06,-9.89454E+01
3.8358688E+06,-9.29254E+01
3.8360596E+06,-9.87254E+01
3.8362503E+06,-1.09445E+02
3.8364410E+06,-1.05045E+02
3.8366318E+06,-1.02505E+02
3.8368225E+06,-1.07065E+02
3.8370132E+06,-9.94054E+01
3.8372040E+06,-9.69854E+01
3.8373947E+06,-9.89854E+01
3.8375854E+06,-9.86254E+01
3.8377762E+06,-9.17454E+01
3.8379669E+06,-9.67854E+01
3.8381577E+06,-9.73254E+01
3.8383484E+06,-9.58854E+01
3.8385391E+06,-9.41854E+01
3.8387299E+06,-9.42854E+01
3.8389206E+06,-9.86054E+01
3.8391113E+06,-1.14965E+02
3.8393021E+06,-1.03165E+02
3.8394928E+06,-1.01805E+02
3.8396835E+06,-9.45254E+01
3.8398743E+06,-9.82254E+01
3.8400650E+06,-1.02445E+02
3.8402557E+06,-1.00065E+02
3.8404465E+06,-1.08545E+02
3.8406372E+06,-1.07045E+02
3.8408279E+06,-1.03805E+02
3.8410187E+06,-9.77854E+01
3.8412094E+06,-9.69054E+01
3.8414001E+06,-9.75254E+01
3.8415909E+06,-9.53254E+01
3.8417816E+06,-9.27654E+01
3.8419724E+06,-9.83254E+01
3.8421631E+06,-1.01825E+02
3.8423538E+06,-9.79454E+01
3.8425446E+06,-9.76854E+01
3.8427353E+06,-1.11345E+02
3.8429260E+06,-1.00865E+02
3.8431168E+06,-1.00625E+02
3.8433075E+06,-1.09645E+02
3.8434982E+06,-1.04965E+02
3.8436890E+06,-1.03445E+02
3.8438797E+06,-1.14765E+02
3.8440704E+06,-9.98454E+01
3.8442612E+06,-1.05745E+02
3.8444519E+06,-1.01905E+02
3.8446426E+06,-1.01905E+02
3.8448334E+06,-9.74254E+01
3.8450241E+06,-9.34454E+01
3.8452148E+06,-9.58654E+01
3.8454056E+06,-9.54654E+01
3.8455963E+06,-9.35854E+01
3.8457870E+06,-9.22454E+01
3.8459778E+06,-9.85454E+01
3.8461685E+06,-1.03665E+02
3.8463593E+06,-1.09005E+02
3.8465500E+06,-1.01945E+02
3.8467407E+06,-9.94054E+01
3.8469315E+06,-1.07505E+02
3.8471222E+06,-9.84254E+01
3.8473129E+06,-9.66254E+01
3.8475037E+06,-1.09985E+02
3.8476944E+06,-1.01685E+02
3.8478851E+06,-1.22565E+02
3.8480759E+06,-9.99454E+01
3.8482666E+06,-9.88454E+01
3.8484573E+06,-1.01565E+02
3.8486481E+06,-9.97854E+01
3.8488388E+06,-9.52254E+01
3.8490295E+06,-9.57454E+01
3.8492203E+06,-9.47054E+01
3.8494110E+06,-9.80254E+01
3.8496017E+06,-1.01545E+02
3.8497925E+06,-1.04845E+02
3.8499832E+06,-9.18254E+01
3.8501740E+06,-9.28654E+01
3.8503647E+06,-9.29254E+01
3.8505554E+06,-9.91854E+01
3.8507462E+06,-9.93254E+01
3.8509369E+06,-9.74054E+01
3.8511276E+06,-1.05465E+02
3.8513184E+06,-9.98854E+01
3.8515091E+06,-1.07065E+02
3.8516998E+06,-1.19305E+02
3.8518906E+06,-1.01685E+02
3.8520813E+06,-9.43454E+01
3.8522720E+06,-9.69254E+01
3.8524628E+06,-1.03845E+02
3.8526535E+06,-1.05045E+02
3.8528442E+06,-1.03445E+02
3.8530350E+06,-1.00825E+02
3.8532257E+06,-1.02925E+02
3.8534164E+06,-1.10345E+02
3.8536072E+06,-9.89054E+01
3.8537979E+06,-9.67454E+01
3.8539886E+06,-9.68254E+01
3.8541794E+06,-9.73854E+01
3.8543701E+06,-1.06085E+02
3.8545609E+06,-1.00665E+02
3.8547516E+06,-9.51454E+01
3.8549423E+06,-9.37654E+01
3.8551331E+06,-9.46654E+01
3.8553238E+06,-9.63254E+01
3.8555145E+06,-1.06745E+02
3.8557053E+06,-1.06325E+02
3.8558960E+06,-1.00285E+02
3.8560867E+06,-9.48654E+01
3.8562775E+06,-9.38454E+01
3.8564682E+06,-9.28654E+01
3.8566589E+06,-9.49854E+01
3.8568497E+06,-9.65454E+01
3.8570404E+06,-9.44854E+01
3.8572311E+06,-9.74254E+01
3.8574219E+06,-9.51454E+01
3.8576126E+06,-1.05065E+02
3.8578033E+06,-1.00545E+02
3.8579941E+06,-9.73454E+01
3.8581848E+06,-9.25854E+01
3.8583755E+06,-9.39254E+01
3.8585663E+06,-9.86254E+01
3.8587570E+06,-1.07845E+02
3.8589478E+06,-9.98854E+01
3.8591385E+06,-9.43854E+01
3.8593292E+06,-9.65854E+01
3.8595200E+06,-1.04965E+02
3.8597107E+06,-1.05805E+02
3.8599014E+06,-1.03065E+02
3.8600922E+06,-9.73854E+01
3.8602829E+06,-1.01145E+02
3.8604736E+06,-1.10065E+02
3.8606644E+06,-1.01425E+02
3.8608551E+06,-9.85854E+01
3.8610458E+06,-1.04005E+02
3.8612366E+06,-1.05445E+02
3.8614273E+06,-1.00825E+02
3.8616180E+06,-1.10665E+02
3.8618088E+06,-1.04365E+02
3.8619995E+06,-1.00625E+02
3.8621902E+06,-1.05765E+02
3.8623810E+06,-1.05725E+02
3.8625717E+06,-9.82654E+01
3.8627625E+06,-1.01825E+02
3.8629532E+06,-1.06065E+02
3.8631439E+06,-9.67454E+01
3.8633347E+06,-1.01865E+02
3.8635254E+06,-1.01505E+02
3.8637161E+06,-1.12065E+02
3.8639069E+06,-1.03925E+02
3.8640976E+06,-9.99854E+01
3.8642883E+06,-1.02325E+02
3.8644791E+06,-9.78254E+01
3.8646698E+06,-9.56254E+01
3.8648605E+06,-9.91654E+01
3.8650513E+06,-1.07865E+02
3.8652420E+06,-1.09045E+02
3.8654327E+06,-9.96654E+01
3.8656235E+06,-1.00605E+02
3.8658142E+06,-9.48454E+01
3.8660049E+06,-9.36254E+01
3.8661957E+06,-9.77254E+01
3.8663864E+06,-9.76054E+01
3.8665771E+06,-1.03305E+02
3.8667679E+06,-9.76254E+01
3.8669586E+06,-9.89654E+01
3.8671494E+06,-1.01865E+02
3.8673401E+06,-1.01365E+02
3.8675308E+06,-9.59854E+01
3.8677216E+06,-1.05745E+02
3.8679123E+06,-1.09845E+02
3.8681030E+06,-9.83854E+01
3.8682938E+06,-9.61654E+01
3.8684845E+06,-9.56654E+01
3.8686752E+06,-9.82454E+01
3.8688660E+06,-9.80254E+01
3.8690567E+06,-9.64454E+01
3.8692474E+06,-9.60454E+01
3.8694382E+06,-9.75054E+01
3.8696289E+06,-9.69854E+01
3.8698196E+06,-9.86254E+01
3.8700104E+06,-1.03225E+02
3.8702011E+06,-9.64654E+01
3.8703918E+06,-9.87654E+01
3.8705826E+06,-1.05025E+02
3.8707733E+06,-1.03125E+02
3.8709641E+06,-1.08905E+02
3.8711548E+06,-1.07165E+02
3.8713455E+06,-1.05445E+02
3.8715363E+06,-9.73454E+01
3.8717270E+06,-9.78654E+01
3.8719177E+06,-1.11405E+02
3.8721085E+06,-9.83854E+01
3.8722992E+06,-1.04005E+02
3.8724899E+06,-9.72654E+01
3.8726807E+06,-9.76054E+01
3.8728714E+06,-9.72454E+01
3.8730621E+06,-1.03965E+02
3.8732529E+06,-9.86854E+01
3.8734436E+06,-9.68454E+01
3.8736343E+06,-1.06505E+02
3.8738251E+06,-1.11425E+02
3.8740158E+06,-1.11385E+02
3.8742065E+06,-1.07345E+02
3.8743973E+06,-9.47654E+01
3.8745880E+06,-9.29854E+01
3.8747787E+06,-9.12854E+01
3.8749695E+06,-9.19854E+01
3.8751602E+06,-1.15965E+02
3.8753510E+06,-1.03365E+02
3.8755417E+06,-1.02985E+02
3.8757324E+06,-9.97254E+01
3.8759232E+06,-9.94854E+01
3.8761139E+06,-9.39254E+01
3.8763046E+06,-9.79254E+01
3.8764954E+06,-9.95254E+01
3.8766861E+06,-9.68854E+01
3.8768768E+06,-9.82254E+01
3.8770676E+06,-1.13765E+02
3.8772583E+06,-1.00345E+02
3.8774490E+06,-9.82054E+01
3.8776398E+06,-1.00225E+02
3.8778305E+06,-1.08505E+02
3.8780212E+06,-1.06185E+02
3.8782120E+06,-1.12965E+02
3.8784027E+06,-1.03765E+02
3.8785934E+06,-9.53254E+01
3.8787842E+06,-9.40054E+01
3.8789749E+06,-1.00885E+02
3.8791656E+06,-1.07845E+02
3.8793564E+06,-1.03185E+02
3.8795471E+06,-1.04905E+02
3.8797379E+06,-9.89854E+01
3.8799286E+06,-1.04825E+02
3.8801193E+06,-1.05385E+02
3.8803101E+06,-9.98654E+01
3.8805008E+06,-1.01045E+02
3.8806915E+06,-1.04005E+02
3.8808823E+06,-1.13805E+02
3.8810730E+06,-1.18465E+02
3.8812637E+06,-1.11545E+02
3.8814545E+06,-9.97854E+01
3.8816452E+06,-9.75254E+01
3.8818359E+06,-1.03925E+02
3.8820267E+06,-1.00705E+02
3.8822174E+06,-1.07785E+02
3.8824081E+06,-9.79254E+01
3.8825989E+06,-9.97254E+01
3.8827896E+06,-9.57254E+01
3.8829803E+06,-9.04454E+01
3.8831711E+06,-8.98054E+01
3.8833618E+06,-9.46654E+01
3.8835526E+06,-9.96854E+01
3.8837433E+06,-9.60054E+01
3.8839340E+06,-1.01545E+02
3.8841248E+06,-9.83854E+01
3.8843155E+06,-1.02065E+02
3.8845062E+06,-1.01125E+02
3.8846970E+06,-9.60654E+01
3.8848877E+06,-9.37254E+01
3.8850784E+06,-9.48454E+01
3.8852692E+06,-9.68054E+01
3.8854599E+06,-9.97254E+01
3.8856506E+06,-1.08525E+02
3.8858414E+06,-1.06885E+02
3.8860321E+06,-1.00365E+02
3.8862228E+06,-1.02525E+02
3.8864136E+06,-1.09605E+02
3.8866043E+06,-9.92454E+01
3.8867950E+06,-9.80854E+01
3.8869858E+06,-9.80054E+01
3.8871765E+06,-9.82854E+01
3.8873672E+06,-1.25565E+02
3.8875580E+06,-1.02125E+02
3.8877487E+06,-9.62254E+01
3.8879395E+06,-1.04005E+02
3.8881302E+06,-9.80054E+01
3.8883209E+06,-9.53854E+01
3.8885117E+06,-9.38854E+01
3.8887024E+06,-9.57054E+01
3.8888931E+06,-9.48254E+01
3.8890839E+06,-9.23254E+01
3.8892746E+06,-9.46654E+01
3.8894653E+06,-9.38454E+01
3.8896561E+06,-9.53654E+01
3.8898468E+06,-1.03265E+02
3.8900375E+06,-1.07485E+02
3.8902283E+06,-1.00385E+02
3.8904190E+06,-9.92054E+01
3.8906097E+06,-9.90254E+01
3.8908005E+06,-9.45654E+01
3.8909912E+06,-9.87254E+01
3.8911819E+06,-1.00085E+02
3.8913727E+06,-1.05365E+02
3.8915634E+06,-9.99454E+01
3.8917542E+06,-9.83054E+01
3.8919449E+06,-1.02825E+02
3.8921356E+06,-9.77654E+01
3.8923264E+06,-9.46654E+01
3.8925171E+06,-9.78254E+01
3.8927078E+06,-1.02965E+02
3.8928986E+06,-9.84254E+01
3.8930893E+06,-1.07825E+02
3.8932800E+06,-9.82054E+01
3.8934708E+06,-1.06745E+02
3.8936615E+06,-9.98654E+01
3.8938522E+06,-1.15865E+02
3.8940430E+06,-1.00545E+02
3.8942337E+06,-1.06885E+02
3.8944244E+06,-9.67054E+01
3.8946152E+06,-1.03445E+02
3.8948059E+06,-1.02645E+02
3.8949966E+06,-1.03085E+02
3.8951874E+06,-1.10805E+02
3.8953781E+06,-1.02445E+02
3.8955688E+06,-9.60254E+01
3.8957596E+06,-9.73454E+01
3.8959503E+06,-9.71454E+01
3.8961411E+06,-1.06725E+02
3.8963318E+06,-1.03305E+02
3.8965225E+06,-9.88054E+01
3.8967133E+06,-9.88054E+01
3.8969040E+06,-1.06985E+02
3.8970947E+06,-9.76054E+01
3.8972855E+06,-1.01965E+02
3.8974762E+06,-1.05725E+02
3.8976669E+06,-9.67454E+01
3.8978577E+06,-9.40854E+01
3.8980484E+06,-9.72254E+01
3.8982391E+06,-1.03705E+02
3.8984299E+06,-9.19454E+01
3.8986206E+06,-9.57454E+01
3.8988113E+06,-1.02645E+02
3.8990021E+06,-9.56054E+01
3.8991928E+06,-9.52254E+01
3.8993835E+06,-9.65054E+01
3.8995743E+06,-1.01785E+02
3.8997650E+06,-9.85454E+01
3.8999557E+06,-9.45254E+01
3.9001465E+06,-9.47454E+01
3.9003372E+06,-1.00425E+02
3.9005280E+06,-9.67054E+01
3.9007187E+06,-9.81254E+01
3.9009094E+06,-1.08485E+02
3.9011002E+06,-1.03805E+02
3.9012909E+06,-1.01625E+02
3.9014816E+06,-9.75854E+01
3.9016724E+06,-1.00825E+02
3.9018631E+06,-1.12225E+02
3.9020538E+06,-1.05505E+02
3.9022446E+06,-1.03445E+02
3.9024353E+06,-9.97454E+01
3.9026260E+06,-1.04145E+02
3.9028168E+06,-1.15885E+02
3.9030075E+06,-9.75054E+01
3.9031982E+06,-9.53654E+01
3.9033890E+06,-9.47454E+01
3.9035797E+06,-9.78454E+01
3.9037704E+06,-9.83854E+01
3.9039612E+06,-9.80054E+01
3.9041519E+06,-1.04665E+02
3.9043427E+06,-9.82254E+01
3.9045334E+06,-1.02145E+02
3.9047241E+06,-1.01285E+02
3.9049149E+06,-9.97054E+01
3.9051056E+06,-9.97254E+01
3.9052963E+06,-1.05045E+02
3.9054871E+06,-1.04705E+02
3.9056778E+06,-9.97254E+01
3.9058685E+06,-1.09125E+02
3.9060593E+06,-1.12385E+02
3.9062500E+06,-1.00685E+02
3.9064407E+06,-9.72454E+01
3.9066315E+06,-1.01905E+02
3.9068222E+06,-1.00785E+02
3.9070129E+06,-9.96654E+01
3.9072037E+06,-9.78054E+01
3.9073944E+06,-1.00125E+02
3.9075851E+06,-9.67454E+01
3.9077759E+06,-9.39254E+01
3.9079666E+06,-9.25054E+01
3.9081573E+06,-9.41854E+01
3.9083481E+06,-1.02625E+02
3.9085388E+06,-9.72254E+01
3.9087296E+06,-1.00065E+02
3.9089203E+06,-1.04445E+02
3.9091110E+06,-9.68854E+01
3.9093018E+06,-9.55454E+01
3.9094925E+06,-9.29854E+01
3.9096832E+06,-9.36654E+01
3.9098740E+06,-9.52654E+01
3.9100647E+06,-9.27054E+01
3.9102554E+06,-9.72454E+01
3.9104462E+06,-9.83854E+01
3.9106369E+06,-9.72854E+01
3.9108276E+06,-1.00365E+02
3.9110184E+06,-1.06665E+02
3.9112091E+06,-9.56254E+01
3.9113998E+06,-9.57054E+01
3.9115906E+06,-9.80054E+01
3.9117813E+06,-1.01705E+02
3.9119720E+06,-1.09845E+02
3.9121628E+06,-1.06405E+02
3.9123535E+06,-1.20725E+02
3.9125443E+06,-9.90854E+01
3.9127350E+06,-1.00585E+02
3.9129257E+06,-1.13025E+02
3.9131165E+06,-1.02285E+02
3.9133072E+06,-9.54854E+01
3.9134979E+06,-9.82854E+01
3.9136887E+06,-1.05025E+02
3.9138794E+06,-1.03665E+02
3.9140701E+06,-1.07165E+02
3.9142609E+06,-1.03625E+02
3.9144516E+06,-1.08125E+02
3.9146423E+06,-1.01585E+02
3.9148331E+06,-9.62654E+01
3.9150238E+06,-1.05265E+02
3.9152145E+06,-1.08845E+02
3.9154053E+06,-1.15905E+02
3.9155960E+06,-9.97254E+01
3.9157867E+06,-1.04085E+02
3.9159775E+06,-9.81254E+01
3.9161682E+06,-9.65254E+01
3.9163589E+06,-9.80054E+01
3.9165497E+06,-9.88254E+01
3.9167404E+06,-9.89054E+01
3.9169312E+06,-1.04085E+02
3.9171219E+06,-1.04425E+02
3.9173126E+06,-1.02645E+02
3.9175034E+06,-9.99054E+01
3.9176941E+06,-9.63654E+01
3.9178848E+06,-9.16854E+01
3.9180756E+06,-9.36254E+01
3.9182663E+06,-9.73054E+01
3.9184570E+06,-9.48054E+01
3.9186478E+06,-9.61654E+01
3.9188385E+06,-9.49254E+01
3.9190292E+06,-9.50854E+01
3.9192200E+06,-9.97054E+01
3.9194107E+06,-1.03125E+02
3.9196014E+06,-9.95454E+01
3.9197922E+06,-1.01645E+02
3.9199829E+06,-1.01645E+02
3.9201736E+06,-1.14645E+02
3.9203644E+06,-1.07785E+02
3.9205551E+06,-1.00605E+02
3.9207458E+06,-9.89054E+01
3.9209366E+06,-9.89454E+01
3.9211273E+06,-9.42654E+01
3.9213181E+06,-9.43254E+01
3.9215088E+06,-1.06365E+02
3.9216995E+06,-1.06625E+02
3.9218903E+06,-1.21885E+02
3.9220810E+06,-1.02825E+02
3.9222717E+06,-9.73654E+01
3.9224625E+06,-1.01645E+02
3.9226532E+06,-1.09865E+02
3.9228439E+06,-1.03805E+02
3.9230347E+06,-1.08125E+02
3.9232254E+06,-1.10685E+02
3.9234161E+06,-1.07765E+02
3.9236069E+06,-1.04385E+02
3.9237976E+06,-9.94254E+01
3.9239883E+06,-9.99254E+01
3.9241791E+06,-9.96254E+01
3.9243698E+06,-9.91454E+01
3.9245605E+06,-9.80454E+01
3.9247513E+06,-9.66454E+01
3.9249420E+06,-9.76254E+01
3.9251328E+06,-1.02225E+02
3.9253235E+06,-9.39654E+01
3.9255142E+06,-9.71054E+01
3.9257050E+06,-9.77054E+01
3.9258957E+06,-9.59454E+01
3.9260864E+06,-1.01025E+02
3.9262772E+06,-1.09285E+02
3.9264679E+06,-9.59454E+01
3.9266586E+06,-9.81654E+01
3.9268494E+06,-1.05785E+02
3.9270401E+06,-1.00085E+02
3.9272308E+06,-9.72054E+01
3.9274216E+06,-9.83454E+01
3.9276123E+06,-9.67254E+01
3.9278030E+06,-9.05454E+01
3.9279938E+06,-9.19654E+01
3.9281845E+06,-9.65654E+01
3.9283752E+06,-1.03765E+02
3.9285660E+06,-1.04825E+02
3.9287567E+06,-1.00225E+02
3.9289474E+06,-1.05825E+02
3.9291382E+06,-1.00305E+02
3.9293289E+06,-9.84254E+01
3.9295197E+06,-1.01965E+02
3.9297104E+06,-1.04665E+02
3.9299011E+06,-1.02145E+02
3.9300919E+06,-9.28254E+01
3.9302826E+06,-9.34654E+01
3.9304733E+06,-1.01805E+02
3.9306641E+06,-1.02085E+02
3.9308548E+06,-1.00825E+02
3.9310455E+06,-1.06025E+02
3.9312363E+06,-9.43454E+01
3.9314270E+06,-9.37654E+01
3.9316177E+06,-1.01545E+02
3.9318085E+06,-1.04485E+02
3.9319992E+06,-1.02565E+02
3.9321899E+06,-1.03265E+02
3.9323807E+06,-1.06625E+02
3.9325714E+06,-9.71654E+01
3.9327621E+06,-1.04465E+02
3.9329529E+06,-9.92054E+01
3.9331436E+06,-9.70854E+01
3.9333344E+06,-9.35454E+01
3.9335251E+06,-9.72454E+01
3.9337158E+06,-1.06945E+02
3.9339066E+06,-1.01045E+02
3.9340973E+06,-1.00005E+02
3.9342880E+06,-1.04505E+02
3.9344788E+06,-1.09805E+02
3.9346695E+06,-1.01145E+02
3.9348602E+06,-9.60854E+01
3.9350510E+06,-9.78654E+01
3.9352417E+06,-9.70654E+01
3.9354324E+06,-9.82654E+01
3.9356232E+06,-1.04745E+02
3.9358139E+06,-1.06765E+02
3.9360046E+06,-1.18525E+02
3.9361954E+06,-1.07585E+02
3.9363861E+06,-1.06765E+02
3.9365768E+06,-9.73654E+01
3.9367676E+06,-9.87054E+01
3.9369583E+06,-1.02045E+02
3.9371490E+06,-9.55454E+01
3.9373398E+06,-9.62454E+01
3.9375305E+06,-9.63054E+01
3.9377213E+06,-9.79654E+01
3.9379120E+06,-9.58654E+01
3.9381027E+06,-9.98654E+01
3.9382935E+06,-1.06785E+02
3.9384842E+06,-1.03365E+02
3.9386749E+06,-1.08645E+02
3.9388657E+06,-1.11745E+02
3.9390564E+06,-9.90854E+01
3.9392471E+06,-9.96454E+01
3.9394379E+06,-9.85654E+01
3.9396286E+06,-1.02205E+02
3.9398193E+06,-1.02505E+02
3.9400101E+06,-1.03085E+02
3.9402008E+06,-9.61454E+01
3.9403915E+06,-1.01905E+02
3.9405823E+06,-1.06685E+02
3.9407730E+06,-9.87454E+01
3.9409637E+06,-9.56454E+01
3.9411545E+06,-9.93854E+01
3.9413452E+06,-9.35454E+01
3.9415359E+06,-9.54454E+01
3.9417267E+06,-1.02005E+02
3.9419174E+06,-9.88054E+01
3.9421082E+06,-9.80854E+01
3.9422989E+06,-9.91254E+01
3.9424896E+06,-1.15205E+02
3.9426804E+06,-1.03925E+02
3.9428711E+06,-1.03705E+02
3.9430618E+06,-9.70254E+01
3.9432526E+06,-9.68454E+01
3.9434433E+06,-1.06205E+02
3.9436340E+06,-9.99454E+01
3.9438248E+06,-9.69654E+01
3.9440155E+06,-1.04925E+02
3.9442062E+06,-9.62254E+01
3.9443970E+06,-9.94654E+01
3.9445877E+06,-1.07045E+02
3.9447784E+06,-9.82054E+01
3.9449692E+06,-9.42254E+01
3.9451599E+06,-9.58054E+01
3.9453506E+06,-9.48254E+01
3.9455414E+06,-9.21454E+01
3.9457321E+06,-9.23654E+01
3.9459229E+06,-1.00765E+02
3.9461136E+06,-1.04525E+02
3.9463043E+06,-1.00805E+02
3.9464951E+06,-1.01325E+02
3.9466858E+06,-1.11445E+02
3.9468765E+06,-1.03625E+02
3.9470673E+06,-1.09465E+02
3.9472580E+06,-1.04045E+02
3.9474487E+06,-1.06985E+02
3.9476395E+06,-1.03505E+02
3.9478302E+06,-9.90054E+01
3.9480209E+06,-1.03165E+02
3.9482117E+06,-1.03545E+02
3.9484024E+06,-1.03305E+02
3.9485931E+06,-9.80654E+01
3.9487839E+06,-1.05805E+02
3.9489746E+06,-9.70454E+01
3.9491653E+06,-9.66454E+01
3.9493561E+06,-1.14765E+02
3.9495468E+06,-1.00905E+02
3.9497375E+06,-1.01325E+02
3.9499283E+06,-1.07185E+02
3.9501190E+06,-1.05025E+02
3.9503098E+06,-1.07345E+02
3.9505005E+06,-1.04325E+02
3.9506912E+06,-1.02365E+02
3.9508820E+06,-9.70854E+01
3.9510727E+06,-9.77654E+01
3.9512634E+06,-9.84854E+01
3.9514542E+06,-1.10545E+02
3.9516449E+06,-1.00165E+02
3.9518356E+06,-9.73854E+01
3.9520264E+06,-9.68054E+01
3.9522171E+06,-1.08005E+02
3.9524078E+06,-9.58054E+01
3.9525986E+06,-9.76254E+01
3.9527893E+06,-1.11625E+02
3.9529800E+06,-1.00625E+02
3.9531708E+06,-1.02925E+02
3.9533615E+06,-1.00025E+02
3.9535522E+06,-9.68054E+01
3.9537430E+06,-1.01625E+02
3.9539337E+06,-1.00045E+02
3.9541245E+06,-9.71454E+01
3.9543152E+06,-9.69254E+01
3.9545059E+06,-9.28054E+01
3.9546967E+06,-9.70054E+01
3.9548874E+06,-9.91854E+01
3.9550781E+06,-1.07145E+02
3.9552689E+06,-9.91854E+01
3.9554596E+06,-1.06945E+02
3.9556503E+06,-9.40454E+01
3.9558411E+06,-9.87654E+01
3.9560318E+06,-1.00345E+02
3.9562225E+06,-9.61054E+01
3.9564133E+06,-1.09005E+02
3.9566040E+06,-1.01585E+02
3.9567947E+06,-9.96654E+01
3.9569855E+06,-9.91654E+01
3.9571762E+06,-9.93654E+01
3.9573669E+06,-1.09085E+02
3.9575577E+06,-1.17525E+02
3.9577484E+06,-9.86654E+01
3.9579391E+06,-9.40454E+01
3.9581299E+06,-9.59454E+01
3.9583206E+06,-9.64254E+01
3.9585114E+06,-9.52854E+01
3.9587021E+06,-1.02205E+02
3.9588928E+06,-9.47054E+01
3.9590836E+06,-9.22854E+01
3.9592743E+06,-1.05045E+02
3.9594650E+06,-9.80654E+01
3.9596558E+06,-9.86254E+01
3.9598465E+06,-9.83054E+01
3.9600372E+06,-9.68454E+01
3.9602280E+06,-9.55254E+01
3.9604187E+06,-9.84254E+01
3.9606094E+06,-9.99454E+01
3.9608002E+06,-1.07965E+02
3.9609909E+06,-1.09205E+02
3.9611816E+06,-1.03305E+02
3.9613724E+06,-9.84454E+01
3.9615631E+06,-9.74054E+01
3.9617538E+06,-1.01345E+02
3.9619446E+06,-9.86054E+01
3.9621353E+06,-1.03845E+02
3.9623260E+06,-9.86854E+01
3.9625168E+06,-9.22854E+01
3.9627075E+06,-9.82854E+01
3.9628983E+06,-1.22045E+02
3.9630890E+06,-1.00325E+02
3.9632797E+06,-1.01765E+02
3.9634705E+06,-1.13185E+02
3.9636612E+06,-1.03805E+02
3.9638519E+06,-1.13305E+02
3.9640427E+06,-1.00005E+02
3.9642334E+06,-9.85254E+01
3.9644241E+06,-9.62654E+01
3.9646149E+06,-9.16254E+01
3.9648056E+06,-9.19854E+01
3.9649963E+06,-9.53654E+01
3.9651871E+06,-9.82054E+01
3.9653778E+06,-9.70654E+01
3.9655685E+06,-1.11305E+02
3.9657593E+06,-9.97654E+01
3.9659500E+06,-9.23654E+01
3.9661407E+06,-9.46254E+01
3.9663315E+06,-1.01105E+02
3.9665222E+06,-9.92454E+01
3.9667130E+06,-9.80654E+01
3.9669037E+06,-9.73454E+01
3.9670944E+06,-9.91654E+01
3.9672852E+06,-1.04045E+02
3.9674759E+06,-1.11145E+02
3.9676666E+06,-1.04805E+02
3.9678574E+06,-1.00105E+02
3.9680481E+06,-9.84654E+01
3.9682388E+06,-9.36654E+01
3.9684296E+06,-9.29254E+01
3.9686203E+06,-9.60654E+01
3.9688110E+06,-1.00285E+02
3.9690018E+06,-9.70054E+01
3.9691925E+06,-9.70654E+01
3.9693832E+06,-1.02565E+02
3.9695740E+06,-1.00505E+02
3.9697647E+06,-9.54254E+01
3.9699554E+06,-1.05365E+02
3.9701462E+06,-9.80254E+01
3.9703369E+06,-9.78854E+01
3.9705276E+06,-1.00225E+02
3.9707184E+06,-9.86854E+01
3.9709091E+06,-1.03185E+02
3.9710999E+06,-1.37285E+02
3.9712906E+06,-1.01805E+02
3.9714813E+06,-9.61654E+01
3.9716721E+06,-1.01945E+02
3.9718628E+06,-9.43054E+01
3.9720535E+06,-9.04054E+01
3.9722443E+06,-9.21254E+01
3.9724350E+06,-9.44854E+01
3.9726257E+06,-9.35854E+01
3.9728165E+06,-9.62854E+01
3.9730072E+06,-1.01785E+02
3.9731979E+06,-1.08965E+02
3.9733887E+06,-9.86854E+01
3.9735794E+06,-9.96854E+01
3.9737701E+06,-1.00045E+02
3.9739609E+06,-1.05325E+02
3.9741516E+06,-1.10585E+02
3.9743423E+06,-1.01065E+02
3.9745331E+06,-1.01285E+02
3.9747238E+06,-9.61254E+01
3.9749146E+06,-1.08385E+02
3.9751053E+06,-1.02805E+02
3.9752960E+06,-1.03325E+02
3.9754868E+06,-9.77854E+01
3.9756775E+06,-1.04345E+02
3.9758682E+06,-9.52454E+01
3.9760590E+06,-9.23654E+01
3.9762497E+06,-9.61654E+01
3.9764404E+06,-9.99454E+01
3.9766312E+06,-1.02145E+02
3.9768219E+06,-1.01205E+02
3.9770126E+06,-9.89854E+01
3.9772034E+06,-9.42654E+01
3.9773941E+06,-9.53654E+01
3.9775848E+06,-9.93454E+01
3.9777756E+06,-1.00745E+02
3.9779663E+06,-1.03845E+02
3.9781570E+06,-1.05445E+02
3.9783478E+06,-1.13965E+02
3.9785385E+06,-1.04445E+02
3.9787292E+06,-9.93054E+01
3.9789200E+06,-1.03405E+02
3.9791107E+06,-1.01485E+02
3.9793015E+06,-1.07185E+02
3.9794922E+06,-1.01045E+02
3.9796829E+06,-1.04285E+02
3.9798737E+06,-9.83054E+01
3.9800644E+06,-1.12905E+02
3.9802551E+06,-9.73454E+01
3.9804459E+06,-1.02085E+02
3.9806366E+06,-1.06145E+02
3.9808273E+06,-1.01905E+02
3.9810181E+06,-9.54254E+01
3.9812088E+06,-9.53054E+01
3.9813995E+06,-9.70254E+01
3.9815903E+06,-9.04654E+01
3.9817810E+06,-9.15054E+01
3.9819717E+06,-9.00654E+01
3.9821625E+06,-9.07254E+01
3.9823532E+06,-1.02445E+02
3.9825439E+06,-1.03085E+02
3.9827347E+06,-1.04685E+02
3.9829254E+06,-9.56654E+01
3.9831161E+06,-9.05854E+01
3.9833069E+06,-9.17054E+01
3.9834976E+06,-9.90254E+01
3.9836884E+06,-1.01045E+02
3.9838791E+06,-1.00045E+02
3.9840698E+06,-1.04045E+02
3.9842606E+06,-1.06085E+02
3.9844513E+06,-9.81454E+01
3.9846420E+06,-9.34654E+01
3.9848328E+06,-9.26854E+01
3.9850235E+06,-9.35454E+01
3.9852142E+06,-9.60054E+01
3.9854050E+06,-1.06785E+02
3.9855957E+06,-1.05625E+02
3.9857864E+06,-9.83854E+01
3.9859772E+06,-9.68854E+01
3.9861679E+06,-1.01865E+02
3.9863586E+06,-9.59254E+01
3.9865494E+06,-9.76454E+01
3.9867401E+06,-9.85854E+01
3.9869308E+06,-9.10454E+01
3.9871216E+06,-9.34054E+01
3.9873123E+06,-1.07145E+02
3.9875031E+06,-1.08645E+02
3.9876938E+06,-9.82054E+01
3.9878845E+06,-9.95454E+01
3.9880753E+06,-1.00705E+02
3.9882660E+06,-1.06805E+02
3.9884567E+06,-1.02765E+02
3.9886475E+06,-9.96854E+01
3.9888382E+06,-9.76454E+01
3.9890289E+06,-9.68054E+01
3.9892197E+06,-9.58254E+01
3.9894104E+06,-1.08965E+02
3.9896011E+06,-9.89254E+01
3.9897919E+06,-1.10805E+02
3.9899826E+06,-1.00125E+02
3.9901733E+06,-1.06765E+02
3.9903641E+06,-9.70054E+01
3.9905548E+06,-9.58254E+01
3.9907455E+06,-9.72654E+01
3.9909363E+06,-1.04305E+02
3.9911270E+06,-1.01285E+02
3.9913177E+06,-9.70654E+01
3.9915085E+06,-1.01625E+02
3.9916992E+06,-1.11305E+02
3.9918900E+06,-1.05385E+02
3.9920807E+06,-9.66654E+01
3.9922714E+06,-9.28654E+01
3.9924622E+06,-9.22054E+01
3.9926529E+06,-9.27654E+01
3.9928436E+06,-9.56054E+01
3.9930344E+06,-1.02525E+02
3.9932251E+06,-9.75454E+01
3.9934158E+06,-9.92054E+01
3.9936066E+06,-1.05485E+02
3.9937973E+06,-9.72454E+01
3.9939880E+06,-9.54054E+01
3.9941788E+06,-9.98654E+01
3.9943695E+06,-9.99454E+01
3.9945602E+06,-9.83454E+01
3.9947510E+06,-9.50054E+01
3.9949417E+06,-9.77654E+01
3.9951324E+06,-1.01865E+02
3.9953232E+06,-9.46654E+01
3.9955139E+06,-9.75654E+01
3.9957047E+06,-1.01225E+02
3.9958954E+06,-1.03305E+02
3.9960861E+06,-1.03805E+02
3.9962769E+06,-1.01285E+02
3.9964676E+06,-9.83254E+01
3.9966583E+06,-1.18285E+02
3.9968491E+06,-1.13725E+02
3.9970398E+06,-1.05465E+02
3.9972305E+06,-9.66054E+01
3.9974213E+06,-1.00965E+02
3.9976120E+06,-1.00025E+02
3.9978027E+06,-1.01405E+02
3.9979935E+06,-9.87454E+01
3.9981842E+06,-9.65654E+01
3.9983749E+06,-9.78454E+01
3.9985657E+06,-9.57054E+01
3.9987564E+06,-9.84854E+01
3.9989471E+06,-1.05365E+02
3.9991379E+06,-1.02305E+02
3.9993286E+06,-9.63254E+01
3.9995193E+06,-1.03805E+02
3.9997101E+06,-9.78254E+01
3.9999008E+06,-9.51854E+01
4.0000916E+06,-9.97454E+01
4.0002823E+06,-1.00405E+02
4.0004730E+06,-1.03805E+02
4.0006638E+06,-9.95854E+01
4.0008545E+06,-9.81854E+01
4.0010452E+06,-1.12165E+02
4.0012360E+06,-9.90454E+01
4.0014267E+06,-1.09025E+02
4.0016174E+06,-1.06385E+02
4.0018082E+06,-1.08585E+02
4.0019989E+06,-1.05605E+02
4.0021896E+06,-1.01505E+02
4.0023804E+06,-9.61254E+01
4.0025711E+06,-9.74254E+01
4.0027618E+06,-9.82854E+01
4.0029526E+06,-9.61854E+01
4.0031433E+06,-9.79454E+01
4.0033340E+06,-9.27654E+01
4.0035248E+06,-9.08654E+01
4.0037155E+06,-1.02705E+02
4.0039062E+06,-9.86054E+01
4.0040970E+06,-9.81854E+01
4.0042877E+06,-1.02045E+02
4.0044785E+06,-1.02245E+02
4.0046692E+06,-9.48254E+01
4.0048599E+06,-9.47054E+01
4.0050507E+06,-1.05305E+02
4.0052414E+06,-9.89854E+01
4.0054321E+06,-9.97454E+01
4.0056229E+06,-9.85254E+01
4.0058136E+06,-1.03805E+02
4.0060043E+06,-1.03405E+02
4.0061951E+06,-1.12385E+02
4.0063858E+06,-9.75054E+01
4.0065765E+06,-9.88654E+01
4.0067673E+06,-1.02505E+02
4.0069580E+06,-1.03845E+02
4.0071487E+06,-9.58654E+01
4.0073395E+06,-1.01705E+02
4.0075302E+06,-1.01485E+02
4.0077209E+06,-9.59854E+01
4.0079117E+06,-1.02645E+02
4.0081024E+06,-9.93054E+01
4.0082932E+06,-9.57654E+01
4.0084839E+06,-9.81254E+01
4.0086746E+06,-1.07005E+02
4.0088654E+06,-9.92654E+01
4.0090561E+06,-1.13085E+02
4.0092468E+06,-1.00285E+02
4.0094376E+06,-1.00105E+02
4.0096283E+06,-1.04845E+02
4.0098190E+06,-1.08165E+02
4.0100098E+06,-9.66054E+01
4.0102005E+06,-9.71654E+01
4.0103912E+06,-1.02865E+02
4.0105820E+06,-9.78054E+01
4.0107727E+06,-1.09045E+02
4.0109634E+06,-1.01645E+02
4.0111542E+06,-9.67654E+01
4.0113449E+06,-9.88454E+01
4.0115356E+06,-9.89454E+01
4.0117264E+06,-9.42254E+01
4.0119171E+06,-1.20365E+02
4.0121078E+06,-9.54454E+01
4.0122986E+06,-9.75654E+01
4.0124893E+06,-1.04385E+02
4.0126801E+06,-1.02325E+02
4.0128708E+06,-1.03065E+02
4.0130615E+06,-1.01485E+02
4.0132523E+06,-1.16725E+02
4.0134430E+06,-1.09445E+02
4.0136337E+06,-1.10065E+02
4.0138245E+06,-1.02225E+02
4.0140152E+06,-1.01005E+02
4.0142059E+06,-1.00645E+02
4.0143967E+06,-1.01565E+02
4.0145874E+06,-9.56254E+01
4.0147781E+06,-9.55454E+01
4.0149689E+06,-1.00805E+02
4.0151596E+06,-1.02645E+02
4.0153503E+06,-1.00365E+02
4.0155411E+06,-9.92854E+01
4.0157318E+06,-9.55854E+01
4.0159225E+06,-1.00925E+02
4.0161133E+06,-1.02125E+02
4.0163040E+06,-1.05885E+02
4.0164948E+06,-1.06465E+02
4.0166855E+06,-1.00985E+02
4.0168762E+06,-9.45254E+01
4.0170670E+06,-9.38054E+01
4.0172577E+06,-9.87454E+01
4.0174484E+06,-9.91654E+01
4.0176392E+06,-9.52254E+01
4.0178299E+06,-9.89054E+01
4.0180206E+06,-1.10025E+02
4.0182114E+06,-1.04985E+02
4.0184021E+06,-9.75054E+01
4.0185928E+06,-9.90054E+01
4.0187836E+06,-9.50654E+01
4.0189743E+06,-9.31854E+01
4.0191650E+06,-1.02385E+02
4.0193558E+06,-9.85254E+01
4.0195465E+06,-1.02985E+02
4.0197372E+06,-9.95054E+01
4.0199280E+06,-1.00405E+02
4.0201187E+06,-9.60454E+01
4.0203094E+06,-1.08945E+02
4.0205002E+06,-1.01305E+02
4.0206909E+06,-1.08845E+02
4.0208817E+06,-9.38454E+01
4.0210724E+06,-9.25854E+01
4.0212631E+06,-1.01685E+02
4.0214539E+06,-1.11285E+02
4.0216446E+06,-1.17645E+02
4.0218353E+06,-9.77454E+01
4.0220261E+06,-9.45654E+01
4.0222168E+06,-1.01525E+02
4.0224075E+06,-1.01145E+02
4.0225983E+06,-1.04265E+02
4.0227890E+06,-9.96254E+01
4.0229797E+06,-1.05225E+02
4.0231705E+06,-9.61254E+01
4.0233612E+06,-1.02825E+02
4.0235519E+06,-1.25025E+02
4.0237427E+06,-1.00725E+02
4.0239334E+06,-1.04785E+02
4.0241241E+06,-1.02365E+02
4.0243149E+06,-1.08345E+02
4.0245056E+06,-1.05385E+02
4.0246964E+06,-1.13465E+02
4.0248871E+06,-9.89054E+01
4.0250778E+06,-9.49654E+01
4.0252686E+06,-9.66254E+01
4.0254593E+06,-9.75054E+01
4.0256500E+06,-1.07425E+02
4.0258408E+06,-9.81454E+01
4.0260315E+06,-9.94454E+01
4.0262222E+06,-9.85854E+01
4.0264130E+06,-9.90054E+01
4.0266037E+06,-9.65654E+01
4.0267944E+06,-9.49654E+01
4.0269852E+06,-9.99654E+01
4.0271759E+06,-9.92854E+01
4.0273666E+06,-1.01585E+02
4.0275574E+06,-1.08165E+02
4.0277481E+06,-9.93654E+01
4.0279388E+06,-9.63854E+01
4.0281296E+06,-1.02905E+02
4.0283203E+06,-9.86454E+01
4.0285110E+06,-9.35854E+01
4.0287018E+06,-1.00285E+02
4.0288925E+06,-1.08905E+02
4.0290833E+06,-1.01625E+02
4.0292740E+06,-9.68254E+01
4.0294647E+06,-9.61454E+01
4.0296555E+06,-9.76654E+01
4.0298462E+06,-1.01285E+02
4.0300369E+06,-9.71254E+01
4.0302277E+06,-9.35454E+01
4.0304184E+06,-1.01565E+02
4.0306091E+06,-9.69854E+01
4.0307999E+06,-1.02925E+02
4.0309906E+06,-1.12525E+02
4.0311813E+06,-1.00785E+02
4.0313721E+06,-9.76054E+01
4.0315628E+06,-9.63254E+01
4.0317535E+06,-1.02205E+02
4.0319443E+06,-9.30854E+01
4.0321350E+06,-9.32654E+01
4.0323257E+06,-1.01245E+02
4.0325165E+06,-1.00605E+02
4.0327072E+06,-1.10105E+02
4.0328979E+06,-1.00065E+02
4.0330887E+06,-1.02165E+02
4.0332794E+06,-1.10985E+02
4.0334702E+06,-1.06825E+02
4.0336609E+06,-1.07645E+02
4.0338516E+06,-9.59254E+01
4.0340424E+06,-9.68854E+01
4.0342331E+06,-1.07925E+02
4.0344238E+06,-9.80254E+01
4.0346146E+06,-9.87454E+01
4.0348053E+06,-9.44854E+01
4.0349960E+06,-1.07285E+02
4.0351868E+06,-9.44054E+01
4.0353775E+06,-1.01125E+02
4.0355682E+06,-1.03805E+02
4.0357590E+06,-9.64054E+01
4.0359497E+06,-9.38054E+01
4.0361404E+06,-9.36254E+01
4.0363312E+06,-9.87054E+01
4.0365219E+06,-9.91254E+01
4.0367126E+06,-9.43454E+01
4.0369034E+06,-1.00985E+02
4.0370941E+06,-1.01645E+02
4.0372849E+06,-1.00905E+02
4.0374756E+06,-1.02965E+02
4.0376663E+06,-1.01165E+02
4.0378571E+06,-9.51454E+01
4.0380478E+06,-9.25254E+01
4.0382385E+06,-9.49854E+01
4.0384293E+06,-1.03885E+02
4.0386200E+06,-1.05185E+02
4.0388107E+06,-9.98654E+01
4.0390015E+06,-1.02125E+02
4.0391922E+06,-1.02505E+02
4.0393829E+06,-9.81254E+01
4.0395737E+06,-1.00525E+02
4.0397644E+06,-1.09245E+02
4.0399551E+06,-1.26105E+02
4.0401459E+06,-1.12125E+02
4.0403366E+06,-1.00605E+02
4.0405273E+06,-9.79054E+01
4.0407181E+06,-9.48254E+01
4.0409088E+06,-9.73054E+01
4.0410995E+06,-1.05165E+02
4.0412903E+06,-1.02485E+02
4.0414810E+06,-9.71454E+01
4.0416718E+06,-9.67454E+01
4.0418625E+06,-1.00765E+02
4.0420532E+06,-1.02905E+02
4.0422440E+06,-1.03845E+02
4.0424347E+06,-1.07045E+02
4.0426254E+06,-1.03265E+02
4.0428162E+06,-9.72854E+01
4.0430069E+06,-1.02445E+02
4.0431976E+06,-1.07025E+02
4.0433884E+06,-1.02365E+02
4.0435791E+06,-9.92054E+01
4.0437698E+06,-1.02525E+02
4.0439606E+06,-1.08145E+02
4.0441513E+06,-1.04285E+02
4.0443420E+06,-1.06445E+02
4.0445328E+06,-1.00205E+02
4.0447235E+06,-1.11125E+02
4.0449142E+06,-1.01765E+02
4.0451050E+06,-9.93854E+01
4.0452957E+06,-9.99254E+01
4.0454865E+06,-9.84254E+01
4.0456772E+06,-9.61054E+01
4.0458679E+06,-9.64054E+01
4.0460587E+06,-1.00125E+02
4.0462494E+06,-9.65454E+01
4.0464401E+06,-9.35454E+01
4.0466309E+06,-9.45654E+01
4.0468216E+06,-9.25654E+01
4.0470123E+06,-9.39254E+01
4.0472031E+06,-1.02525E+02
4.0473938E+06,-1.12045E+02
4.0475845E+06,-1.07565E+02
4.0477753E+06,-9.88454E+01
4.0479660E+06,-1.02805E+02
4.0481567E+06,-1.11205E+02
4.0483475E+06,-1.04825E+02
4.0485382E+06,-9.77654E+01
4.0487289E+06,-9.90854E+01
4.0489197E+06,-9.34054E+01
4.0491104E+06,-9.50454E+01
4.0493011E+06,-9.70654E+01
4.0494919E+06,-9.59654E+01
4.0496826E+06,-1.05425E+02
4.0498734E+06,-9.96654E+01
4.0500641E+06,-9.62654E+01
4.0502548E+06,-9.70854E+01
4.0504456E+06,-9.86054E+01
4.0506363E+06,-1.14185E+02
4.0508270E+06,-9.90454E+01
4.0510178E+06,-9.84254E+01
4.0512085E+06,-9.94854E+01
4.0513992E+06,-9.75254E+01
4.0515900E+06,-9.40454E+01
4.0517807E+06,-9.49854E+01
4.0519714E+06,-9.92454E+01
4.0521622E+06,-1.01305E+02
4.0523529E+06,-1.12285E+02
4.0525436E+06,-1.07045E+02
4.0527344E+06,-1.27085E+02
4.0529251E+06,-1.07405E+02
4.0531158E+06,-1.06265E+02
4.0533066E+06,-1.07965E+02
4.0534973E+06,-1.04225E+02
4.0536880E+06,-1.02205E+02
4.0538788E+06,-1.00545E+02
4.0540695E+06,-9.68454E+01
4.0542603E+06,-9.85654E+01
4.0544510E+06,-9.60054E+01
4.0546417E+06,-1.01405E+02
4.0548325E+06,-9.75254E+01
4.0550232E+06,-9.52654E+01
4.0552139E+06,-9.73054E+01
4.0554047E+06,-9.87854E+01
4.0555954E+06,-9.73454E+01
4.0557861E+06,-9.55654E+01
4.0559769E+06,-1.02245E+02
4.0561676E+06,-1.00725E+02
4.0563583E+06,-1.04725E+02
4.0565491E+06,-1.07785E+02
4.0567398E+06,-1.01065E+02
4.0569305E+06,-1.14685E+02
4.0571213E+06,-9.75654E+01
4.0573120E+06,-1.03965E+02
4.0575027E+06,-9.91254E+01
4.0576935E+06,-1.00025E+02
4.0578842E+06,-1.08805E+02
4.0580750E+06,-1.00405E+02
4.0582657E+06,-9.90454E+01
4.0584564E+06,-1.01785E+02
4.0586472E+06,-9.57254E+01
4.0588379E+06,-9.35454E+01
4.0590286E+06,-9.51854E+01
4.0592194E+06,-9.46454E+01
4.0594101E+06,-9.40454E+01
4.0596008E+06,-9.43454E+01
4.0597916E+06,-9.65254E+01
4.0599823E+06,-1.08505E+02
4.0601730E+06,-1.01785E+02
4.0603638E+06,-9.49454E+01
4.0605545E+06,-9.26454E+01
4.0607452E+06,-9.56054E+01
4.0609360E+06,-9.94054E+01
4.0611267E+06,-1.03185E+02
4.0613174E+06,-1.08105E+02
4.0615082E+06,-1.05265E+02
4.0616989E+06,-1.02905E+02
4.0618896E+06,-1.02685E+02
4.0620804E+06,-9.61854E+01
4.0622711E+06,-9.48054E+01
4.0624619E+06,-9.31654E+01
4.0626526E+06,-1.00345E+02
4.0628433E+06,-1.01485E+02
4.0630341E+06,-1.08185E+02
4.0632248E+06,-1.03465E+02
4.0634155E+06,-9.67054E+01
4.0636063E+06,-1.01865E+02
4.0637970E+06,-9.92454E+01
4.0639877E+06,-9.25054E+01
4.0641785E+06,-9.24854E+01
4.0643692E+06,-9.68654E+01
4.0645599E+06,-1.02205E+02
4.0647507E+06,-1.01145E+02
4.0649414E+06,-1.09745E+02
4.0651321E+06,-1.05845E+02
4.0653229E+06,-1.09605E+02
4.0655136E+06,-9.77654E+01
4.0657043E+06,-9.87454E+01
4.0658951E+06,-1.07285E+02
4.0660858E+06,-1.01345E+02
4.0662766E+06,-9.91454E+01
4.0664673E+06,-1.00845E+02
4.0666580E+06,-1.01165E+02
4.0668488E+06,-9.99454E+01
4.0670395E+06,-1.07145E+02
4.0672302E+06,-1.01525E+02
4.0674210E+06,-1.03805E+02
4.0676117E+06,-1.04665E+02
4.0678024E+06,-1.03465E+02
4.0679932E+06,-1.07825E+02
4.0681839E+06,-1.07605E+02
4.0683746E+06,-1.04485E+02
4.0685654E+06,-1.06245E+02
4.0687561E+06,-9.47054E+01
4.0689468E+06,-9.70854E+01
4.0691376E+06,-9.97254E+01
4.0693283E+06,-9.61054E+01
4.0695190E+06,-9.57054E+01
4.0697098E+06,-9.49854E+01
4.0699005E+06,-9.68454E+01
4.0700912E+06,-9.69654E+01
4.0702820E+06,-9.68054E+01
4.0704727E+06,-9.80454E+01
4.0706635E+06,-9.86254E+01
4.0708542E+06,-1.00245E+02
4.0710449E+06,-1.12285E+02
4.0712357E+06,-1.12525E+02
4.0714264E+06,-1.00685E+02
4.0716171E+06,-9.91254E+01
4.0718079E+06,-9.91054E+01
4.0719986E+06,-9.87254E+01
4.0721893E+06,-1.04705E+02
4.0723801E+06,-9.98054E+01
4.0725708E+06,-9.53654E+01
4.0727615E+06,-9.92854E+01
4.0729523E+06,-9.55054E+01
4.0731430E+06,-9.27654E+01
4.0733337E+06,-9.41854E+01
4.0735245E+06,-9.87654E+01
4.0737152E+06,-1.04145E+02
4.0739059E+06,-1.03125E+02
4.0740967E+06,-1.02285E+02
4.0742874E+06,-9.48654E+01
4.0744781E+06,-9.62054E+01
4.0746689E+06,-9.51054E+01
4.0748596E+06,-9.22854E+01
4.0750504E+06,-9.73854E+01
4.0752411E+06,-1.04965E+02
4.0754318E+06,-1.06385E+02
4.0756226E+06,-1.09205E+02
4.0758133E+06,-9.85054E+01
4.0760040E+06,-9.80654E+01
4.0761948E+06,-1.10765E+02
4.0763855E+06,-9.90854E+01
4.0765762E+06,-9.60854E+01
4.0767670E+06,-1.02905E+02
4.0769577E+06,-1.06965E+02
4.0771484E+06,-1.09345E+02
4.0773392E+06,-1.03805E+02
4.0775299E+06,-9.62454E+01
4.0777206E+06,-9.38854E+01
4.0779114E+06,-9.34654E+01
4.0781021E+06,-9.97254E+01
4.0782928E+06,-9.91454E+01
4.0784836E+06,-1.03625E+02
4.0786743E+06,-1.14365E+02
4.0788651E+06,-1.04185E+02
4.0790558E+06,-1.02445E+02
4.0792465E+06,-1.13465E+02
4.0794373E+06,-1.02685E+02
4.0796280E+06,-9.76454E+01
4.0798187E+06,-1.02365E+02
4.0800095E+06,-1.01205E+02
4.0802002E+06,-1.14785E+02
4.0803909E+06,-1.00805E+02
4.0805817E+06,-9.85454E+01
4.0807724E+06,-9.97454E+01
4.0809631E+06,-1.04745E+02
4.0811539E+06,-1.03325E+02
4.0813446E+06,-9.81454E+01
4.0815353E+06,-1.05285E+02
4.0817261E+06,-1.15865E+02
4.0819168E+06,-1.00745E+02
4.0821075E+06,-9.94654E+01
4.0822983E+06,-1.12705E+02
4.0824890E+06,-9.79854E+01
4.0826797E+06,-9.48454E+01
4.0828705E+06,-9.81254E+01
4.0830612E+06,-1.00365E+02
4.0832520E+06,-9.89854E+01
4.0834427E+06,-1.07805E+02
4.0836334E+06,-1.01585E+02
4.0838242E+06,-9.60054E+01
4.0840149E+06,-9.57454E+01
4.0842056E+06,-9.56054E+01
4.0843964E+06,-9.62054E+01
4.0845871E+06,-9.75254E+01
4.0847778E+06,-1.04405E+02
4.0849686E+06,-9.99454E+01
4.0851593E+06,-9.85054E+01
4.0853500E+06,-1.11805E+02
4.0855408E+06,-1.03025E+02
4.0857315E+06,-1.02485E+02
4.0859222E+06,-9.93454E+01
4.0861130E+06,-9.61854E+01
4.0863037E+06,-1.01365E+02
4.0864944E+06,-9.51054E+01
4.0866852E+06,-1.00865E+02
4.0868759E+06,-1.03265E+02
4.0870667E+06,-1.06205E+02
4.0872574E+06,-1.03585E+02
4.0874481E+06,-1.01865E+02
4.0876389E+06,-1.03845E+02
4.0878296E+06,-1.11045E+02
4.0880203E+06,-1.04425E+02
4.0882111E+06,-1.02125E+02
4.0884018E+06,-9.58454E+01
4.0885925E+06,-9.80654E+01
4.0887833E+06,-1.00325E+02
4.0889740E+06,-1.00125E+02
4.0891647E+06,-9.74654E+01
4.0893555E+06,-9.53254E+01
4.0895462E+06,-9.56254E+01
4.0897369E+06,-1.06045E+02
4.0899277E+06,-9.88654E+01
4.0901184E+06,-1.01485E+02
4.0903091E+06,-1.11645E+02
4.0904999E+06,-9.47254E+01
4.0906906E+06,-9.19854E+01
4.0908813E+06,-9.55854E+01
4.0910721E+06,-1.03185E+02
4.0912628E+06,-9.94454E+01
4.0914536E+06,-9.41454E+01
4.0916443E+06,-9.40054E+01
4.0918350E+06,-9.73854E+01
4.0920258E+06,-1.06045E+02
4.0922165E+06,-1.01325E+02
4.0924072E+06,-1.02165E+02
4.0925980E+06,-1.09125E+02
4.0927887E+06,-9.99454E+01
4.0929794E+06,-1.10005E+02
4.0931702E+06,-9.60854E+01
4.0933609E+06,-1.00545E+02
4.0935516E+06,-1.04325E+02
4.0937424E+06,-1.13705E+02
4.0939331E+06,-1.01305E+02
4.0941238E+06,-1.05005E+02
4.0943146E+06,-9.92654E+01
4.0945053E+06,-9.57254E+01
4.0946960E+06,-9.36654E+01
4.0948868E+06,-9.90454E+01
4.0950775E+06,-1.02045E+02
4.0952682E+06,-9.71854E+01
4.0954590E+06,-9.51854E+01
4.0956497E+06,-9.35054E+01
4.0958405E+06,-9.51054E+01
4.0960312E+06,-1.01945E+02
4.0962219E+06,-1.15385E+02
4.0964127E+06,-1.08085E+02
4.0966034E+06,-9.94454E+01
4.0967941E+06,-9.77654E+01
4.0969849E+06,-1.02505E+02
4.0971756E+06,-9.91454E+01
4.0973663E+06,-1.02485E+02
4.0975571E+06,-9.67654E+01
4.0977478E+06,-9.70054E+01
4.0979385E+06,-1.12365E+02
4.0981293E+06,-1.05085E+02
4.0983200E+06,-1.10185E+02
4.0985107E+06,-9.90054E+01
4.0987015E+06,-9.70454E+01
4.0988922E+06,-9.72454E+01
4.0990829E+06,-9.47854E+01
4.0992737E+06,-9.34454E+01
4.0994644E+06,-9.25254E+01
4.0996552E+06,-9.31254E+01
4.0998459E+06,-9.45854E+01
4.1000366E+06,-9.19054E+01
4.1002274E+06,-9.51654E+01
4.1004181E+06,-9.71054E+01
4.1006088E+06,-9.60854E+01
4.1007996E+06,-1.06325E+02
4.1009903E+06,-9.92054E+01
4.1011810E+06,-1.00605E+02
4.1013718E+06,-1.15565E+02
4.1015625E+06,-1.00085E+02
4.1017532E+06,-9.47454E+01
4.1019440E+06,-9.40854E+01
4.1021347E+06,-9.60854E+01
4.1023254E+06,-9.89454E+01
4.1025162E+06,-1.10225E+02
4.1027069E+06,-1.05425E+02
4.1028976E+06,-1.03585E+02
4.1030884E+06,-1.01805E+02
4.1032791E+06,-1.03845E+02
4.1034698E+06,-1.12005E+02
4.1036606E+06,-9.57254E+01
4.1038513E+06,-9.30254E+01
4.1040421E+06,-9.76454E+01
4.1042328E+06,-1.00325E+02
4.1044235E+06,-1.13325E+02
4.1046143E+06,-1.01085E+02
4.1048050E+06,-1.01205E+02
4.1049957E+06,-9.35054E+01
4.1051865E+06,-9.19454E+01
4.1053772E+06,-9.45254E+01
4.1055679E+06,-1.06945E+02
4.1057587E+06,-9.96654E+01
4.1059494E+06,-1.05245E+02
4.1061401E+06,-1.06685E+02
4.1063309E+06,-1.03545E+02
4.1065216E+06,-9.88054E+01
4.1067123E+06,-1.00585E+02
4.1069031E+06,-9.95854E+01
4.1070938E+06,-9.40054E+01
4.1072845E+06,-9.72254E+01
4.1074753E+06,-1.05365E+02
4.1076660E+06,-1.03665E+02
4.1078568E+06,-1.02225E+02
4.1080475E+06,-9.85454E+01
4.1082382E+06,-1.00665E+02
4.1084290E+06,-1.02365E+02
4.1086197E+06,-9.59254E+01
4.1088104E+06,-9.60054E+01
4.1090012E+06,-1.15105E+02
4.1091919E+06,-1.05125E+02
4.1093826E+06,-1.11105E+02
4.1095734E+06,-9.85654E+01
4.1097641E+06,-9.49854E+01
4.1099548E+06,-9.80854E+01
4.1101456E+06,-1.01065E+02
4.1103363E+06,-1.01505E+02
4.1105270E+06,-1.07065E+02
4.1107178E+06,-9.80054E+01
4.1109085E+06,-9.59654E+01
4.1110992E+06,-9.70254E+01
4.1112900E+06,-9.21254E+01
4.1114807E+06,-9.37654E+01
4.1116714E+06,-9.75054E+01
4.1118622E+06,-9.80854E+01
4.1120529E+06,-9.66054E+01
4.1122437E+06,-9.43254E+01
4.1124344E+06,-9.97454E+01
4.1126251E+06,-1.00225E+02
4.1128159E+06,-1.00985E+02
4.1130066E+06,-9.91254E+01
4.1131973E+06,-1.07705E+02
4.1133881E+06,-1.13585E+02
4.1135788E+06,-1.06825E+02
4.1137695E+06,-9.98454E+01
4.1139603E+06,-9.67854E+01
4.1141510E+06,-9.91254E+01
4.1143417E+06,-9.77454E+01
4.1145325E+06,-1.00785E+02
4.1147232E+06,-1.07145E+02
4.1149139E+06,-1.14585E+02
4.1151047E+06,-1.04925E+02
4.1152954E+06,-9.83854E+01
4.1154861E+06,-9.72054E+01
4.1156769E+06,-9.86454E+01
4.1158676E+06,-9.61854E+01
4.1160583E+06,-9.59054E+01
4.1162491E+06,-9.86854E+01
4.1164398E+06,-1.00645E+02
4.1166306E+06,-1.04645E+02
4.1168213E+06,-1.12325E+02
4.1170120E+06,-1.02805E+02
4.1172028E+06,-1.05685E+02
4.1173935E+06,-9.91654E+01
4.1175842E+06,-1.01485E+02
4.1177750E+06,-9.98654E+01
4.1179657E+06,-9.98854E+01
4.1181564E+06,-1.09345E+02
4.1183472E+06,-1.00465E+02
4.1185379E+06,-9.53854E+01
4.1187286E+06,-1.01385E+02
4.1189194E+06,-1.05165E+02
4.1191101E+06,-1.00365E+02
4.1193008E+06,-1.03025E+02
4.1194916E+06,-1.00625E+02
4.1196823E+06,-1.05985E+02
4.1198730E+06,-9.82654E+01
4.1200638E+06,-1.01825E+02
4.1202545E+06,-1.00045E+02
4.1204453E+06,-1.01165E+02
4.1206360E+06,-1.03265E+02
4.1208267E+06,-9.54254E+01
4.1210175E+06,-9.62254E+01
4.1212082E+06,-1.02085E+02
4.1213989E+06,-1.05725E+02
4.1215897E+06,-1.04085E+02
4.1217804E+06,-9.71854E+01
4.1219711E+06,-9.99454E+01
4.1221619E+06,-9.53654E+01
4.1223526E+06,-9.81254E+01
4.1225433E+06,-1.10365E+02
4.1227341E+06,-1.01625E+02
4.1229248E+06,-9.88454E+01
4.1231155E+06,-1.08305E+02
4.1233063E+06,-9.90854E+01
4.1234970E+06,-9.97054E+01
4.1236877E+06,-1.12205E+02
4.1238785E+06,-1.14265E+02
4.1240692E+06,-1.11205E+02
4.1242599E+06,-9.76654E+01
4.1244507E+06,-9.49254E+01
4.1246414E+06,-9.78854E+01
4.1248322E+06,-1.03445E+02
4.1250229E+06,-9.34654E+01
4.1252136E+06,-9.41854E+01
4.1254044E+06,-9.84854E+01
4.1255951E+06,-9.92054E+01
4.1257858E+06,-9.43254E+01
4.1259766E+06,-9.40854E+01
4.1261673E+06,-9.48454E+01
4.1263580E+06,-9.40054E+01
4.1265488E+06,-9.33654E+01
4.1267395E+06,-9.43454E+01
4.1269302E+06,-1.06325E+02
4.1271210E+06,-1.00025E+02
4.1273117E+06,-1.00545E+02
4.1275024E+06,-9.68054E+01
4.1276932E+06,-9.51654E+01
4.1278839E+06,-1.05645E+02
4.1280746E+06,-1.06145E+02
4.1282654E+06,-1.01425E+02
4.1284561E+06,-9.47254E+01
4.1286469E+06,-9.73854E+01
4.1288376E+06,-1.05225E+02
4.1290283E+06,-1.23365E+02
4.1292191E+06,-1.04225E+02
4.1294098E+06,-1.00505E+02
4.1296005E+06,-9.97254E+01
4.1297913E+06,-1.04585E+02
4.1299820E+06,-1.05905E+02
4.1301727E+06,-9.43654E+01
4.1303635E+06,-9.29654E+01
4.1305542E+06,-9.47054E+01
4.1307449E+06,-9.18254E+01
4.1309357E+06,-9.76254E+01
4.1311264E+06,-9.60454E+01
4.1313171E+06,-1.00705E+02
4.1315079E+06,-9.69054E+01
4.1316986E+06,-1.04505E+02
4.1318893E+06,-9.75054E+01
4.1320801E+06,-1.16905E+02
4.1322708E+06,-9.36254E+01
4.1324615E+06,-9.28654E+01
4.1326523E+06,-1.01025E+02
4.1328430E+06,-1.02865E+02
4.1330338E+06,-9.65454E+01
4.1332245E+06,-9.78254E+01
4.1334152E+06,-1.00805E+02
4.1336060E+06,-1.00805E+02
4.1337967E+06,-9.87454E+01
4.1339874E+06,-9.85054E+01
4.1341782E+06,-9.50854E+01
4.1343689E+06,-9.15454E+01
4.1345596E+06,-9.07854E+01
4.1347504E+06,-9.19054E+01
4.1349411E+06,-9.42254E+01
4.1351318E+06,-9.58454E+01
4.1353226E+06,-9.52654E+01
4.1355133E+06,-9.60054E+01
4.1357040E+06,-9.61054E+01
4.1358948E+06,-9.65254E+01
4.1360855E+06,-1.06845E+02
4.1362762E+06,-1.10545E+02
4.1364670E+06,-1.03505E+02
4.1366577E+06,-9.62654E+01
4.1368484E+06,-9.35454E+01
4.1370392E+06,-9.66054E+01
4.1372299E+06,-9.57254E+01
4.1374207E+06,-9.92254E+01
4.1376114E+06,-1.05325E+02
4.1378021E+06,-1.02965E+02
4.1379929E+06,-1.05945E+02
4.1381836E+06,-1.03365E+02
4.1383743E+06,-1.01525E+02
4.1385651E+06,-1.01785E+02
4.1387558E+06,-9.51254E+01
4.1389465E+06,-9.21254E+01
4.1391373E+06,-9.33654E+01
4.1393280E+06,-9.69654E+01
4.1395187E+06,-9.53654E+01
4.1397095E+06,-1.06305E+02
4.1399002E+06,-1.00945E+02
4.1400909E+06,-9.93854E+01
4.1402817E+06,-9.50454E+01
4.1404724E+06,-1.02865E+02
4.1406631E+06,-9.57054E+01
4.1408539E+06,-1.00425E+02
4.1410446E+06,-1.08305E+02
4.1412354E+06,-1.01005E+02
4.1414261E+06,-9.64854E+01
4.1416168E+06,-1.04185E+02
4.1418076E+06,-1.04465E+02
4.1419983E+06,-1.00525E+02
4.1421890E+06,-9.88254E+01
4.1423798E+06,-9.71454E+01
4.1425705E+06,-1.04145E+02
4.1427612E+06,-1.07845E+02
4.1429520E+06,-1.27225E+02
4.1431427E+06,-1.10725E+02
4.1433334E+06,-1.10325E+02
4.1435242E+06,-1.04005E+02
4.1437149E+06,-1.10785E+02
4.1439056E+06,-9.92854E+01
4.1440964E+06,-9.87454E+01
4.1442871E+06,-1.00085E+02
4.1444778E+06,-9.98454E+01
4.1446686E+06,-9.89654E+01
4.1448593E+06,-9.79454E+01
4.1450500E+06,-1.02685E+02
4.1452408E+06,-1.06005E+02
4.1454315E+06,-9.81254E+01
4.1456223E+06,-9.70854E+01
4.1458130E+06,-9.52654E+01
4.1460037E+06,-9.35054E+01
4.1461945E+06,-9.41854E+01
4.1463852E+06,-9.57654E+01
4.1465759E+06,-1.01865E+02
4.1467667E+06,-1.04525E+02
4.1469574E+06,-9.92054E+01
4.1471481E+06,-9.99254E+01
4.1473389E+06,-9.76254E+01
4.1475296E+06,-1.02485E+02
4.1477203E+06,-9.58054E+01
4.1479111E+06,-9.73654E+01
4.1481018E+06,-1.00905E+02
4.1482925E+06,-1.03665E+02
4.1484833E+06,-1.05065E+02
4.1486740E+06,-9.99454E+01
4.1488647E+06,-1.12485E+02
4.1490555E+06,-1.00345E+02
4.1492462E+06,-1.03025E+02
4.1494370E+06,-1.00665E+02
4.1496277E+06,-1.05505E+02
4.1498184E+06,-1.02565E+02
4.1500092E+06,-1.02005E+02
4.1501999E+06,-1.03225E+02
4.1503906E+06,-1.06305E+02
4.1505814E+06,-1.01585E+02
4.1507721E+06,-1.00265E+02
4.1509628E+06,-9.82054E+01
4.1511536E+06,-9.41854E+01
4.1513443E+06,-1.03365E+02
4.1515350E+06,-9.49054E+01
4.1517258E+06,-9.83654E+01
4.1519165E+06,-9.90054E+01
4.1521072E+06,-9.48854E+01
4.1522980E+06,-1.10165E+02
4.1524887E+06,-9.95254E+01
4.1526794E+06,-9.44454E+01
4.1528702E+06,-9.69854E+01
4.1530609E+06,-9.40054E+01
4.1532516E+06,-9.52054E+01
4.1534424E+06,-1.02565E+02
4.1536331E+06,-9.34054E+01
4.1538239E+06,-9.25054E+01
4.1540146E+06,-1.03065E+02
4.1542053E+06,-9.83454E+01
4.1543961E+06,-1.21365E+02
4.1545868E+06,-9.64854E+01
4.1547775E+06,-1.05305E+02
4.1549683E+06,-9.50454E+01
4.1551590E+06,-9.26854E+01
4.1553497E+06,-9.69854E+01
4.1555405E+06,-9.06654E+01
4.1557312E+06,-9.03654E+01
4.1559219E+06,-9.37654E+01
4.1561127E+06,-1.04905E+02
4.1563034E+06,-1.04725E+02
4.1564941E+06,-1.12245E+02
4.1566849E+06,-1.01765E+02
4.1568756E+06,-1.06645E+02
4.1570663E+06,-1.09665E+02
4.1572571E+06,-1.00185E+02
4.1574478E+06,-1.06605E+02
4.1576385E+06,-1.00285E+02
4.1578293E+06,-1.00545E+02
4.1580200E+06,-1.05665E+02
4.1582108E+06,-1.07945E+02
4.1584015E+06,-1.16625E+02
4.1585922E+06,-9.69854E+01
4.1587830E+06,-9.19454E+01
4.1589737E+06,-9.34654E+01
4.1591644E+06,-9.54454E+01
4.1593552E+06,-9.80654E+01
4.1595459E+06,-9.97454E+01
4.1597366E+06,-1.07145E+02
4.1599274E+06,-9.63054E+01
4.1601181E+06,-9.67054E+01
4.1603088E+06,-1.03305E+02
4.1604996E+06,-9.96854E+01
4.1606903E+06,-9.67854E+01
4.1608810E+06,-9.84654E+01
4.1610718E+06,-9.82454E+01
4.1612625E+06,-9.46654E+01
4.1614532E+06,-9.18854E+01
4.1616440E+06,-9.24854E+01
4.1618347E+06,-9.54254E+01
4.1620255E+06,-9.36654E+01
4.1622162E+06,-9.20054E+01
4.1624069E+06,-9.40854E+01
4.1625977E+06,-9.83254E+01
4.1627884E+06,-1.03185E+02
4.1629791E+06,-1.10565E+02
4.1631699E+06,-9.95654E+01
4.1633606E+06,-9.90654E+01
4.1635513E+06,-1.11185E+02
4.1637421E+06,-9.86454E+01
4.1639328E+06,-9.47654E+01
4.1641235E+06,-9.97254E+01
4.1643143E+06,-9.81454E+01
4.1645050E+06,-1.02005E+02
4.1646957E+06,-1.09005E+02
4.1648865E+06,-1.22305E+02
4.1650772E+06,-1.06565E+02
4.1652679E+06,-9.88054E+01
4.1654587E+06,-9.70854E+01
4.1656494E+06,-9.80654E+01
4.1658401E+06,-9.56054E+01
4.1660309E+06,-1.07845E+02
4.1662216E+06,-1.04825E+02
4.1664124E+06,-9.94454E+01
4.1666031E+06,-1.10185E+02
4.1667938E+06,-9.98054E+01
4.1669846E+06,-1.00425E+02
4.1671753E+06,-1.03025E+02
4.1673660E+06,-1.22325E+02
4.1675568E+06,-1.01425E+02
4.1677475E+06,-1.01405E+02
4.1679382E+06,-1.00385E+02
4.1681290E+06,-1.00685E+02
4.1683197E+06,-1.00705E+02
4.1685104E+06,-9.92854E+01
4.1687012E+06,-9.82254E+01
4.1688919E+06,-9.79254E+01
4.1690826E+06,-9.72254E+01
4.1692734E+06,-9.68054E+01
4.1694641E+06,-9.31254E+01
4.1696548E+06,-9.20854E+01
4.1698456E+06,-9.95654E+01
4.1700363E+06,-9.61454E+01
4.1702271E+06,-9.45454E+01
4.1704178E+06,-9.58854E+01
4.1706085E+06,-1.05245E+02
4.1707993E+06,-9.81254E+01
4.1709900E+06,-9.64254E+01
4.1711807E+06,-1.06405E+02
4.1713715E+06,-1.03705E+02
4.1715622E+06,-1.01685E+02
4.1717529E+06,-1.06405E+02
4.1719437E+06,-1.07685E+02
4.1721344E+06,-1.03665E+02
4.1723251E+06,-9.68254E+01
4.1725159E+06,-9.79054E+01
4.1727066E+06,-1.04805E+02
4.1728973E+06,-1.10125E+02
4.1730881E+06,-9.61654E+01
4.1732788E+06,-9.24254E+01
4.1734695E+06,-9.61854E+01
4.1736603E+06,-1.06265E+02
4.1738510E+06,-1.02005E+02
4.1740417E+06,-1.03225E+02
4.1742325E+06,-9.92454E+01
4.1744232E+06,-1.01865E+02
4.1746140E+06,-1.04425E+02
4.1748047E+06,-9.84654E+01
4.1749954E+06,-9.52254E+01
4.1751862E+06,-9.99454E+01
4.1753769E+06,-1.01765E+02
4.1755676E+06,-1.02805E+02
4.1757584E+06,-1.12965E+02
4.1759491E+06,-1.05965E+02
4.1761398E+06,-9.82854E+01
4.1763306E+06,-9.54454E+01
4.1765213E+06,-9.61054E+01
4.1767120E+06,-9.51054E+01
4.1769028E+06,-9.81254E+01
4.1770935E+06,-9.88454E+01
4.1772842E+06,-9.53654E+01
4.1774750E+06,-1.01025E+02
4.1776657E+06,-9.89854E+01
4.1778564E+06,-9.70054E+01
4.1780472E+06,-9.85454E+01
4.1782379E+06,-9.81454E+01
4.1784286E+06,-1.02205E+02
4.1786194E+06,-1.01065E+02
4.1788101E+06,-1.09145E+02
4.1790009E+06,-9.88854E+01
4.1791916E+06,-1.00405E+02
4.1793823E+06,-9.75254E+01
4.1795731E+06,-9.64254E+01
4.1797638E+06,-9.49054E+01
4.1799545E+06,-9.42854E+01
4.1801453E+06,-9.82054E+01
4.1803360E+06,-1.07405E+02
4.1805267E+06,-1.02925E+02
4.1807175E+06,-9.87454E+01
4.1809082E+06,-9.55454E+01
4.1810989E+06,-1.08585E+02
4.1812897E+06,-1.07065E+02
4.1814804E+06,-1.08005E+02
4.1816711E+06,-1.00405E+02
4.1818619E+06,-1.06585E+02
4.1820526E+06,-1.05545E+02
4.1822433E+06,-9.59454E+01
4.1824341E+06,-9.01054E+01
4.1826248E+06,-8.09854E+01
4.1828156E+06,-8.04654E+01
4.1830063E+06,-9.35054E+01
4.1831970E+06,-1.01525E+02
4.1833878E+06,-1.08265E+02
4.1835785E+06,-9.60254E+01
4.1837692E+06,-9.45254E+01
4.1839600E+06,-1.00385E+02
4.1841507E+06,-1.14365E+02
4.1843414E+06,-1.02825E+02
4.1845322E+06,-9.77654E+01
4.1847229E+06,-1.00085E+02
4.1849136E+06,-1.09405E+02
4.1851044E+06,-1.09705E+02
4.1852951E+06,-1.02525E+02
4.1854858E+06,-9.67254E+01
4.1856766E+06,-9.83054E+01
4.1858673E+06,-1.05005E+02
4.1860580E+06,-9.97854E+01
4.1862488E+06,-9.70054E+01
4.1864395E+06,-9.52254E+01
4.1866302E+06,-9.99454E+01
4.1868210E+06,-1.18865E+02
4.1870117E+06,-1.00685E+02
4.1872025E+06,-1.01065E+02
4.1873932E+06,-9.99654E+01
4.1875839E+06,-1.04445E+02
4.1877747E+06,-1.04265E+02
4.1879654E+06,-1.12325E+02
4.1881561E+06,-9.72854E+01
4.1883469E+06,-1.05185E+02
4.1885376E+06,-9.90454E+01
4.1887283E+06,-9.50254E+01
4.1889191E+06,-1.02305E+02
4.1891098E+06,-9.80454E+01
4.1893005E+06,-9.64454E+01
4.1894913E+06,-9.63654E+01
4.1896820E+06,-9.43654E+01
4.1898727E+06,-1.07765E+02
4.1900635E+06,-9.98654E+01
4.1902542E+06,-1.01405E+02
4.1904449E+06,-1.00485E+02
4.1906357E+06,-9.63054E+01
4.1908264E+06,-9.53254E+01
4.1910172E+06,-9.25854E+01
4.1912079E+06,-9.76254E+01
4.1913986E+06,-9.53654E+01
4.1915894E+06,-9.37054E+01
4.1917801E+06,-9.88854E+01
4.1919708E+06,-1.10405E+02
4.1921616E+06,-1.00165E+02
4.1923523E+06,-9.61654E+01
4.1925430E+06,-9.30254E+01
4.1927338E+06,-9.69854E+01
4.1929245E+06,-1.08385E+02
4.1931152E+06,-9.87854E+01
4.1933060E+06,-9.55654E+01
4.1934967E+06,-1.03845E+02
4.1936874E+06,-9.81654E+01
4.1938782E+06,-9.49454E+01
4.1940689E+06,-9.64854E+01
4.1942596E+06,-1.09565E+02
4.1944504E+06,-9.89254E+01
4.1946411E+06,-9.25254E+01
4.1948318E+06,-9.30254E+01
4.1950226E+06,-1.04145E+02
4.1952133E+06,-1.00805E+02
4.1954041E+06,-1.11185E+02
4.1955948E+06,-9.72454E+01
4.1957855E+06,-1.00845E+02
4.1959763E+06,-1.01565E+02
4.1961670E+06,-1.17385E+02
4.1963577E+06,-9.91454E+01
4.1965485E+06,-9.69254E+01
4.1967392E+06,-1.03805E+02
4.1969299E+06,-9.93454E+01
4.1971207E+06,-9.53054E+01
4.1973114E+06,-1.00485E+02
4.1975021E+06,-1.05925E+02
4.1976929E+06,-9.56054E+01
4.1978836E+06,-9.38854E+01
4.1980743E+06,-1.15765E+02
4.1982651E+06,-9.33254E+01
4.1984558E+06,-9.49454E+01
4.1986465E+06,-1.07265E+02
4.1988373E+06,-1.02325E+02
4.1990280E+06,-9.56854E+01
4.1992188E+06,-9.68054E+01
4.1994095E+06,-1.01665E+02
4.1996002E+06,-1.12865E+02
4.1997910E+06,-9.54454E+01
4.1999817E+06,-9.35454E+01
4.2001724E+06,-1.00225E+02
4.2003632E+06,-1.03025E+02
4.2005539E+06,-1.02525E+02
4.2007446E+06,-1.07585E+02
4.2009354E+06,-1.05345E+02
4.2011261E+06,-9.73454E+01
4.2013168E+06,-9.97254E+01
4.2015076E+06,-1.03405E+02
4.2016983E+06,-9.66254E+01
4.2018890E+06,-9.74254E+01
4.2020798E+06,-9.62854E+01
4.2022705E+06,-9.40054E+01
4.2024612E+06,-9.36654E+01
4.2026520E+06,-9.29054E+01
4.2028427E+06,-9.48254E+01
4.2030334E+06,-1.03625E+02
4.2032242E+06,-1.06585E+02
4.2034149E+06,-1.01225E+02
4.2036057E+06,-1.02865E+02
4.2037964E+06,-1.15765E+02
4.2039871E+06,-9.71654E+01
4.2041779E+06,-9.58054E+01
4.2043686E+06,-9.79054E+01
4.2045593E+06,-1.13085E+02
4.2047501E+06,-1.07925E+02
4.2049408E+06,-1.04625E+02
4.2051315E+06,-1.01905E+02
4.2053223E+06,-1.02705E+02
4.2055130E+06,-9.38054E+01
4.2057037E+06,-9.22454E+01
4.2058945E+06,-9.95854E+01
4.2060852E+06,-9.53854E+01
4.2062759E+06,-1.00565E+02
4.2064667E+06,-9.59854E+01
4.2066574E+06,-9.23854E+01
4.2068481E+06,-9.36254E+01
4.2070389E+06,-1.03965E+02
4.2072296E+06,-9.68854E+01
4.2074203E+06,-9.34454E+01
4.2076111E+06,-9.74654E+01
4.2078018E+06,-1.03405E+02
4.2079926E+06,-1.06485E+02
4.2081833E+06,-1.01085E+02
4.2083740E+06,-1.01165E+02
4.2085648E+06,-1.05045E+02
4.2087555E+06,-1.05145E+02
4.2089462E+06,-1.11005E+02
4.2091370E+06,-9.74254E+01
4.2093277E+06,-9.86854E+01
4.2095184E+06,-1.02985E+02
4.2097092E+06,-9.76454E+01
4.2098999E+06,-1.03505E+02
4.2100906E+06,-1.00265E+02
4.2102814E+06,-9.71054E+01
4.2104721E+06,-9.64854E+01
4.2106628E+06,-9.89054E+01
4.2108536E+06,-1.02385E+02
4.2110443E+06,-1.01565E+02
4.2112350E+06,-9.53654E+01
4.2114258E+06,-9.94454E+01
4.2116165E+06,-1.02825E+02
4.2118073E+06,-9.89454E+01
4.2119980E+06,-9.63854E+01
4.2121887E+06,-9.79654E+01
4.2123795E+06,-1.13165E+02
4.2125702E+06,-1.04145E+02
4.2127609E+06,-1.02925E+02
4.2129517E+06,-9.44654E+01
4.2131424E+06,-1.04465E+02
4.2133331E+06,-9.80854E+01
4.2135239E+06,-9.79254E+01
4.2137146E+06,-9.90054E+01
4.2139053E+06,-9.47054E+01
4.2140961E+06,-9.33054E+01
4.2142868E+06,-9.55054E+01
4.2144775E+06,-9.84854E+01
4.2146683E+06,-9.94454E+01
4.2148590E+06,-9.77054E+01
4.2150497E+06,-9.68454E+01
4.2152405E+06,-9.76654E+01
4.2154312E+06,-9.84054E+01
4.2156219E+06,-9.33054E+01
4.2158127E+06,-9.41454E+01
4.2160034E+06,-1.04745E+02
4.2161942E+06,-1.08805E+02
4.2163849E+06,-9.55454E+01
4.2165756E+06,-9.01254E+01
4.2167664E+06,-9.35054E+01
4.2169571E+06,-9.78654E+01
4.2171478E+06,-1.03405E+02
4.2173386E+06,-1.09765E+02
4.2175293E+06,-9.84454E+01
4.2177200E+06,-9.63054E+01
4.2179108E+06,-1.00405E+02
4.2181015E+06,-1.02445E+02
4.2182922E+06,-1.02385E+02
4.2184830E+06,-9.99454E+01
4.2186737E+06,-9.84054E+01
4.2188644E+06,-1.00825E+02
4.2190552E+06,-1.02625E+02
4.2192459E+06,-9.37654E+01
4.2194366E+06,-9.16854E+01
4.2196274E+06,-9.35054E+01
4.2198181E+06,-9.46654E+01
4.2200089E+06,-9.73854E+01
4.2201996E+06,-1.01385E+02
4.2203903E+06,-9.97254E+01
4.2205811E+06,-1.31585E+02
4.2207718E+06,-9.63654E+01
4.2209625E+06,-9.51054E+01
4.2211533E+06,-9.69454E+01
4.2213440E+06,-9.56854E+01
4.2215347E+06,-1.00145E+02
4.2217255E+06,-1.00065E+02
4.2219162E+06,-1.01625E+02
4.2221069E+06,-9.75854E+01
4.2222977E+06,-9.43454E+01
4.2224884E+06,-9.79454E+01
4.2226791E+06,-9.97854E+01
4.2228699E+06,-9.64854E+01
4.2230606E+06,-9.84054E+01
4.2232513E+06,-9.52854E+01
4.2234421E+06,-9.89054E+01
4.2236328E+06,-1.02165E+02
4.2238235E+06,-9.55854E+01
4.2240143E+06,-1.01105E+02
4.2242050E+06,-1.04805E+02
4.2243958E+06,-1.07045E+02
4.2245865E+06,-1.00025E+02
4.2247772E+06,-9.38054E+01
4.2249680E+06,-9.47854E+01
4.2251587E+06,-9.86254E+01
4.2253494E+06,-9.97854E+01
4.2255402E+06,-9.68854E+01
4.2257309E+06,-9.71454E+01
4.2259216E+06,-9.85054E+01
4.2261124E+06,-1.08225E+02
4.2263031E+06,-1.01185E+02
4.2264938E+06,-9.81254E+01
4.2266846E+06,-9.66854E+01
4.2268753E+06,-1.06265E+02
4.2270660E+06,-1.05845E+02
4.2272568E+06,-9.98854E+01
4.2274475E+06,-9.35054E+01
4.2276382E+06,-9.30854E+01
4.2278290E+06,-9.34054E+01
4.2280197E+06,-9.69854E+01
4.2282104E+06,-1.10585E+02
4.2284012E+06,-9.82854E+01
4.2285919E+06,-1.05025E+02
4.2287827E+06,-1.08645E+02
4.2289734E+06,-1.03505E+02
4.2291641E+06,-9.53054E+01
4.2293549E+06,-9.88254E+01
4.2295456E+06,-9.77054E+01
4.2297363E+06,-9.77254E+01
4.2299271E+06,-1.00485E+02
4.2301178E+06,-9.78854E+01
4.2303085E+06,-1.03465E+02
4.2304993E+06,-1.02365E+02
4.2306900E+06,-9.68254E+01
4.2308807E+06,-9.63854E+01
4.2310715E+06,-1.02285E+02
4.2312622E+06,-1.08845E+02
4.2314529E+06,-1.07805E+02
4.2316437E+06,-1.04785E+02
4.2318344E+06,-9.54854E+01
4.2320251E+06,-9.37254E+01
4.2322159E+06,-1.01645E+02
4.2324066E+06,-1.00305E+02
4.2325974E+06,-9.82854E+01
4.2327881E+06,-9.49254E+01
4.2329788E+06,-9.57454E+01
4.2331696E+06,-9.65454E+01
4.2333603E+06,-9.83854E+01
4.2335510E+06,-1.01365E+02
4.2337418E+06,-9.93254E+01
4.2339325E+06,-1.03545E+02
4.2341232E+06,-1.01825E+02
4.2343140E+06,-1.01065E+02
4.2345047E+06,-1.03265E+02
4.2346954E+06,-1.06065E+02
4.2348862E+06,-9.62054E+01
4.2350769E+06,-9.58454E+01
4.2352676E+06,-9.98454E+01
4.2354584E+06,-9.88854E+01
4.2356491E+06,-1.07865E+02
4.2358398E+06,-9.93054E+01
4.2360306E+06,-9.62054E+01
4.2362213E+06,-1.05505E+02
4.2364120E+06,-1.04085E+02
4.2366028E+06,-9.93854E+01
4.2367935E+06,-1.11785E+02
4.2369843E+06,-1.08265E+02
4.2371750E+06,-1.01625E+02
4.2373657E+06,-1.01005E+02
4.2375565E+06,-1.06485E+02
4.2377472E+06,-9.75254E+01
4.2379379E+06,-1.02165E+02
4.2381287E+06,-1.02445E+02
4.2383194E+06,-1.02225E+02
4.2385101E+06,-1.11445E+02
4.2387009E+06,-9.87054E+01
4.2388916E+06,-9.67654E+01
4.2390823E+06,-9.98654E+01
4.2392731E+06,-1.03805E+02
4.2394638E+06,-1.05165E+02
4.2396545E+06,-9.92054E+01
4.2398453E+06,-1.00645E+02
4.2400360E+06,-1.08645E+02
4.2402267E+06,-1.02565E+02
4.2404175E+06,-1.01325E+02
4.2406082E+06,-1.01225E+02
4.2407990E+06,-1.02125E+02
4.2409897E+06,-1.07365E+02
4.2411804E+06,-9.94054E+01
4.2413712E+06,-9.93854E+01
4.2415619E+06,-1.02625E+02
4.2417526E+06,-9.82054E+01
4.2419434E+06,-1.05245E+02
4.2421341E+06,-9.86454E+01
4.2423248E+06,-9.63654E+01
4.2425156E+06,-1.07485E+02
4.2427063E+06,-9.79454E+01
4.2428970E+06,-1.02805E+02
4.2430878E+06,-1.07525E+02
4.2432785E+06,-1.01105E+02
4.2434692E+06,-9.87854E+01
4.2436600E+06,-9.86054E+01
4.2438507E+06,-1.11665E+02
4.2440414E+06,-1.09025E+02
4.2442322E+06,-1.02625E+02
4.2444229E+06,-9.69254E+01
4.2446136E+06,-1.00465E+02
4.2448044E+06,-1.03365E+02
4.2449951E+06,-1.04685E+02
4.2451859E+06,-1.01165E+02
4.2453766E+06,-1.09665E+02
4.2455673E+06,-1.04525E+02
4.2457581E+06,-1.06805E+02
4.2459488E+06,-1.08105E+02
4.2461395E+06,-1.07965E+02
4.2463303E+06,-1.06525E+02
4.2465210E+06,-1.02445E+02
4.2467117E+06,-1.08685E+02
4.2469025E+06,-1.09945E+02
4.2470932E+06,-1.11245E+02
4.2472839E+06,-1.07965E+02
4.2474747E+06,-1.12705E+02
4.2476654E+06,-1.01405E+02
4.2478561E+06,-1.02145E+02
4.2480469E+06,-1.03805E+02
4.2482376E+06,-1.00125E+02
4.2484283E+06,-9.95854E+01
4.2486191E+06,-9.85854E+01
4.2488098E+06,-9.78654E+01
4.2490005E+06,-9.47054E+01
4.2491913E+06,-9.74854E+01
4.2493820E+06,-1.08485E+02
4.2495728E+06,-1.09345E+02
4.2497635E+06,-9.85654E+01
4.2499542E+06,-9.34454E+01
4.2501450E+06,-9.24454E+01
4.2503357E+06,-1.01065E+02
4.2505264E+06,-1.05285E+02
4.2507172E+06,-9.80654E+01
4.2509079E+06,-1.11385E+02
4.2510986E+06,-9.78854E+01
4.2512894E+06,-9.58054E+01
4.2514801E+06,-9.87654E+01
4.2516708E+06,-9.94254E+01
4.2518616E+06,-9.25854E+01
4.2520523E+06,-9.68454E+01
4.2522430E+06,-9.58254E+01
4.2524338E+06,-9.41454E+01
4.2526245E+06,-9.70254E+01
4.2528152E+06,-9.69254E+01
4.2530060E+06,-9.90454E+01
4.2531967E+06,-1.13325E+02
4.2533875E+06,-1.00865E+02
4.2535782E+06,-1.05345E+02
4.2537689E+06,-1.02085E+02
4.2539597E+06,-1.02145E+02
4.2541504E+06,-9.40854E+01
4.2543411E+06,-1.01545E+02
4.2545319E+06,-1.00125E+02
4.2547226E+06,-1.00565E+02
4.2549133E+06,-1.28685E+02
4.2551041E+06,-1.00085E+02
4.2552948E+06,-9.50054E+01
4.2554855E+06,-9.15254E+01
4.2556763E+06,-9.56654E+01
4.2558670E+06,-9.99654E+01
4.2560577E+06,-1.05705E+02
4.2562485E+06,-1.08865E+02
4.2564392E+06,-1.13585E+02
4.2566299E+06,-1.13125E+02
4.2568207E+06,-9.54454E+01
4.2570114E+06,-9.17854E+01
4.2572021E+06,-9.65854E+01
4.2573929E+06,-1.03085E+02
4.2575836E+06,-1.08865E+02
4.2577744E+06,-1.01525E+02
4.2579651E+06,-9.65854E+01
4.2581558E+06,-9.77254E+01
4.2583466E+06,-1.00485E+02
4.2585373E+06,-1.01305E+02
4.2587280E+06,-1.00465E+02
4.2589188E+06,-1.00005E+02
4.2591095E+06,-9.73054E+01
4.2593002E+06,-1.08265E+02
4.2594910E+06,-1.02125E+02
4.2596817E+06,-1.04045E+02
4.2598724E+06,-1.05325E+02
4.2600632E+06,-1.01325E+02
4.2602539E+06,-1.08045E+02
4.2604446E+06,-1.00445E+02
4.2606354E+06,-1.05285E+02
4.2608261E+06,-1.06485E+02
4.2610168E+06,-1.13665E+02
4.2612076E+06,-1.04185E+02
4.2613983E+06,-9.58254E+01
4.2615891E+06,-9.47454E+01
4.2617798E+06,-9.94654E+01
4.2619705E+06,-1.02985E+02
4.2621613E+06,-1.01625E+02
4.2623520E+06,-9.90054E+01
4.2625427E+06,-9.58854E+01
4.2627335E+06,-9.63254E+01
4.2629242E+06,-1.08085E+02
4.2631149E+06,-1.02525E+02
4.2633057E+06,-9.68254E+01
4.2634964E+06,-1.01645E+02
4.2636871E+06,-1.04645E+02
4.2638779E+06,-1.00945E+02
4.2640686E+06,-1.04685E+02
4.2642593E+06,-1.03265E+02
4.2644501E+06,-1.00065E+02
4.2646408E+06,-1.04705E+02
4.2648315E+06,-9.72854E+01
4.2650223E+06,-9.50454E+01
4.2652130E+06,-1.08065E+02
4.2654037E+06,-9.85854E+01
4.2655945E+06,-9.12054E+01
4.2657852E+06,-8.93854E+01
4.2659760E+06,-9.25854E+01
4.2661667E+06,-1.02485E+02
4.2663574E+06,-9.71454E+01
4.2665482E+06,-8.99854E+01
4.2667389E+06,-9.78054E+01
4.2669296E+06,-9.58654E+01
4.2671204E+06,-9.74254E+01
4.2673111E+06,-1.11325E+02
4.2675018E+06,-1.07385E+02
4.2676926E+06,-1.11025E+02
4.2678833E+06,-1.02685E+02
4.2680740E+06,-9.82254E+01
4.2682648E+06,-9.56054E+01
4.2684555E+06,-9.78454E+01
4.2686462E+06,-1.17285E+02
4.2688370E+06,-9.95454E+01
4.2690277E+06,-1.02625E+02
4.2692184E+06,-1.03325E+02
4.2694092E+06,-1.02165E+02
4.2695999E+06,-9.24454E+01
4.2697906E+06,-9.26254E+01
4.2699814E+06,-9.34054E+01
4.2701721E+06,-9.20854E+01
4.2703629E+06,-9.42854E+01
4.2705536E+06,-1.07145E+02
4.2707443E+06,-1.06325E+02
4.2709351E+06,-9.54454E+01
4.2711258E+06,-9.09454E+01
4.2713165E+06,-9.88254E+01
4.2715073E+06,-1.01065E+02
4.2716980E+06,-1.04645E+02
4.2718887E+06,-1.03125E+02
4.2720795E+06,-9.73854E+01
4.2722702E+06,-9.71454E+01
4.2724609E+06,-1.03165E+02
4.2726517E+06,-1.02425E+02
4.2728424E+06,-9.94854E+01
4.2730331E+06,-9.35054E+01
4.2732239E+06,-9.33254E+01
4.2734146E+06,-1.10365E+02
4.2736053E+06,-9.76654E+01
4.2737961E+06,-9.46654E+01
4.2739868E+06,-1.04185E+02
4.2741776E+06,-9.46254E+01
4.2743683E+06,-9.71054E+01
4.2745590E+06,-9.43454E+01
4.2747498E+06,-9.63054E+01
4.2749405E+06,-9.13054E+01
4.2751312E+06,-9.37054E+01
4.2753220E+06,-9.75654E+01
4.2755127E+06,-9.69254E+01
4.2757034E+06,-9.58254E+01
4.2758942E+06,-9.46654E+01
4.2760849E+06,-1.03085E+02
4.2762756E+06,-1.05345E+02
4.2764664E+06,-9.72254E+01
4.2766571E+06,-9.48854E+01
4.2768478E+06,-1.00585E+02
4.2770386E+06,-1.05985E+02
4.2772293E+06,-9.78454E+01
4.2774200E+06,-1.00125E+02
4.2776108E+06,-9.93054E+01
4.2778015E+06,-1.03585E+02
4.2779922E+06,-1.00365E+02
4.2781830E+06,-9.19454E+01
4.2783737E+06,-9.14854E+01
4.2785645E+06,-9.84854E+01
4.2787552E+06,-9.97854E+01
4.2789459E+06,-1.03885E+02
4.2791367E+06,-1.11385E+02
4.2793274E+06,-1.01365E+02
4.2795181E+06,-1.01205E+02
4.2797089E+06,-1.10885E+02
4.2798996E+06,-9.91654E+01
4.2800903E+06,-9.37054E+01
4.2802811E+06,-9.52454E+01
4.2804718E+06,-1.03545E+02
4.2806625E+06,-9.88254E+01
4.2808533E+06,-1.00065E+02
4.2810440E+06,-1.05425E+02
4.2812347E+06,-1.05725E+02
4.2814255E+06,-1.11665E+02
4.2816162E+06,-9.87054E+01
4.2818069E+06,-9.75254E+01
4.2819977E+06,-9.90454E+01
4.2821884E+06,-1.00865E+02
4.2823792E+06,-9.88054E+01
4.2825699E+06,-9.53854E+01
4.2827606E+06,-1.01185E+02
4.2829514E+06,-1.02765E+02
4.2831421E+06,-1.14465E+02
4.2833328E+06,-1.02865E+02
4.2835236E+06,-1.05285E+02
4.2837143E+06,-1.01085E+02
4.2839050E+06,-9.45454E+01
4.2840958E+06,-1.17845E+02
4.2842865E+06,-9.71854E+01
4.2844772E+06,-1.04585E+02
4.2846680E+06,-1.09385E+02
4.2848587E+06,-9.91654E+01
4.2850494E+06,-9.26254E+01
4.2852402E+06,-9.36654E+01
4.2854309E+06,-9.94454E+01
4.2856216E+06,-1.05445E+02
4.2858124E+06,-1.10085E+02
4.2860031E+06,-9.91654E+01
4.2861938E+06,-9.02854E+01
4.2863846E+06,-9.38454E+01
4.2865753E+06,-1.02045E+02
4.2867661E+06,-9.68654E+01
4.2869568E+06,-9.53254E+01
4.2871475E+06,-9.62254E+01
4.2873383E+06,-9.24454E+01
4.2875290E+06,-9.18054E+01
4.2877197E+06,-9.89454E+01
4.2879105E+06,-9.42654E+01
4.2881012E+06,-9.98254E+01
4.2882919E+06,-1.12445E+02
4.2884827E+06,-1.00345E+02
4.2886734E+06,-9.41854E+01
4.2888641E+06,-9.50854E+01
4.2890549E+06,-9.93054E+01
4.2892456E+06,-9.55054E+01
4.2894363E+06,-9.64454E+01
4.2896271E+06,-1.02805E+02
4.2898178E+06,-1.02085E+02
4.2900085E+06,-1.02365E+02
4.2901993E+06,-1.01525E+02
4.2903900E+06,-9.97254E+01
4.2905807E+06,-9.65254E+01
4.2907715E+06,-9.80254E+01
4.2909622E+06,-1.01385E+02
4.2911530E+06,-9.53254E+01
4.2913437E+06,-1.05925E+02
4.2915344E+06,-1.07365E+02
4.2917252E+06,-1.06385E+02
4.2919159E+06,-1.14005E+02
4.2921066E+06,-9.73454E+01
4.2922974E+06,-1.02165E+02
4.2924881E+06,-1.01805E+02
4.2926788E+06,-1.01985E+02
4.2928696E+06,-1.00865E+02
4.2930603E+06,-1.10845E+02
4.2932510E+06,-1.00545E+02
4.2934418E+06,-9.71654E+01
4.2936325E+06,-1.04405E+02
4.2938232E+06,-9.89654E+01
4.2940140E+06,-9.82054E+01
4.2942047E+06,-9.94854E+01
4.2943954E+06,-9.58654E+01
4.2945862E+06,-1.05925E+02
4.2947769E+06,-9.63254E+01
4.2949677E+06,-9.08454E+01
4.2951584E+06,-9.06054E+01
4.2953491E+06,-9.67054E+01
4.2955399E+06,-9.50054E+01
4.2957306E+06,-9.40854E+01
4.2959213E+06,-9.68654E+01
4.2961121E+06,-1.01585E+02
4.2963028E+06,-9.55654E+01
4.2964935E+06,-9.87054E+01
4.2966843E+06,-9.93454E+01
4.2968750E+06,-9.34454E+01
4.2970657E+06,-1.01285E+02
4.2972565E+06,-9.95854E+01
4.2974472E+06,-1.04265E+02
4.2976379E+06,-1.01305E+02
4.2978287E+06,-1.01705E+02
4.2980194E+06,-9.57054E+01
4.2982101E+06,-9.44654E+01
4.2984009E+06,-1.05645E+02
4.2985916E+06,-9.99254E+01
4.2987823E+06,-9.75054E+01
4.2989731E+06,-1.04085E+02
4.2991638E+06,-1.11205E+02
4.2993546E+06,-1.03765E+02
4.2995453E+06,-1.09725E+02
4.2997360E+06,-1.00285E+02
4.2999268E+06,-1.04685E+02
4.3001175E+06,-9.72254E+01
4.3003082E+06,-1.00805E+02
4.3004990E+06,-9.93054E+01
4.3006897E+06,-1.01025E+02
4.3008804E+06,-9.80454E+01
4.3010712E+06,-9.61054E+01
4.3012619E+06,-1.00625E+02
4.3014526E+06,-1.08865E+02
4.3016434E+06,-9.72054E+01
4.3018341E+06,-9.39654E+01
4.3020248E+06,-9.35454E+01
4.3022156E+06,-9.62854E+01
4.3024063E+06,-9.79654E+01
4.3025970E+06,-1.00105E+02
4.3027878E+06,-9.68454E+01
4.3029785E+06,-9.97454E+01
4.3031693E+06,-9.50654E+01
4.3033600E+06,-9.39654E+01
4.3035507E+06,-1.06065E+02
4.3037415E+06,-9.76654E+01
4.3039322E+06,-9.78854E+01
4.3041229E+06,-9.28654E+01
4.3043137E+06,-1.07565E+02
4.3045044E+06,-1.00105E+02
4.3046951E+06,-1.00325E+02
4.3048859E+06,-1.05565E+02
4.3050766E+06,-1.06505E+02
4.3052673E+06,-1.08805E+02
4.3054581E+06,-1.06085E+02
4.3056488E+06,-1.03165E+02
4.3058395E+06,-1.05965E+02
4.3060303E+06,-1.04345E+02
4.3062210E+06,-1.00405E+02
4.3064117E+06,-9.49454E+01
4.3066025E+06,-9.51454E+01
4.3067932E+06,-9.96454E+01
4.3069839E+06,-1.07065E+02
4.3071747E+06,-9.79254E+01
4.3073654E+06,-1.01485E+02
4.3075562E+06,-9.81254E+01
4.3077469E+06,-9.48254E+01
4.3079376E+06,-1.03925E+02
4.3081284E+06,-1.09845E+02
4.3083191E+06,-1.05025E+02
4.3085098E+06,-1.16045E+02
4.3087006E+06,-9.89654E+01
4.3088913E+06,-1.00645E+02
4.3090820E+06,-1.06985E+02
4.3092728E+06,-9.61054E+01
4.3094635E+06,-9.37654E+01
4.3096542E+06,-1.04185E+02
4.3098450E+06,-1.02085E+02
4.3100357E+06,-9.77654E+01
4.3102264E+06,-9.82654E+01
4.3104172E+06,-1.04345E+02
4.3106079E+06,-1.03885E+02
4.3107986E+06,-1.05465E+02
4.3109894E+06,-1.01545E+02
4.3111801E+06,-1.11105E+02
4.3113708E+06,-1.00665E+02
4.3115616E+06,-9.81254E+01
4.3117523E+06,-1.01825E+02
4.3119431E+06,-9.55854E+01
4.3121338E+06,-9.48454E+01
4.3123245E+06,-1.01745E+02
4.3125153E+06,-1.02565E+02
4.3127060E+06,-1.01565E+02
4.3128967E+06,-9.99854E+01
4.3130875E+06,-9.44054E+01
4.3132782E+06,-9.68454E+01
4.3134689E+06,-1.05605E+02
4.3136597E+06,-9.83654E+01
4.3138504E+06,-1.00705E+02
4.3140411E+06,-1.00465E+02
4.3142319E+06,-1.01225E+02
4.3144226E+06,-1.02805E+02
4.3146133E+06,-9.76654E+01
4.3148041E+06,-9.26254E+01
4.3149948E+06,-9.74054E+01
4.3151855E+06,-1.04685E+02
4.3153763E+06,-1.08625E+02
4.3155670E+06,-1.01705E+02
4.3157578E+06,-9.81054E+01
4.3159485E+06,-9.91454E+01
4.3161392E+06,-9.66654E+01
4.3163300E+06,-9.52254E+01
4.3165207E+06,-9.86454E+01
4.3167114E+06,-1.08385E+02
4.3169022E+06,-1.04005E+02
4.3170929E+06,-1.00025E+02
4.3172836E+06,-9.88654E+01
4.3174744E+06,-1.03065E+02
4.3176651E+06,-9.41454E+01
4.3178558E+06,-1.01745E+02
4.3180466E+06,-1.08985E+02
4.3182373E+06,-1.08665E+02
4.3184280E+06,-1.03025E+02
4.3186188E+06,-9.52854E+01
4.3188095E+06,-9.59654E+01
4.3190002E+06,-1.08505E+02
4.3191910E+06,-1.02165E+02
4.3193817E+06,-1.00685E+02
4.3195724E+06,-9.78854E+01
4.3197632E+06,-1.01105E+02
4.3199539E+06,-9.21454E+01
4.3201447E+06,-9.21654E+01
4.3203354E+06,-9.97254E+01
4.3205261E+06,-9.97654E+01
4.3207169E+06,-1.00545E+02
4.3209076E+06,-1.02285E+02
4.3210983E+06,-9.46654E+01
4.3212891E+06,-9.83654E+01
4.3214798E+06,-1.01665E+02
4.3216705E+06,-9.65654E+01
4.3218613E+06,-1.01885E+02
4.3220520E+06,-1.04745E+02
4.3222427E+06,-9.47054E+01
4.3224335E+06,-9.65854E+01
4.3226242E+06,-1.06265E+02
4.3228149E+06,-1.01305E+02
4.3230057E+06,-9.47254E+01
4.3231964E+06,-9.82654E+01
4.3233871E+06,-1.05965E+02
4.3235779E+06,-1.03845E+02
4.3237686E+06,-1.11325E+02
4.3239594E+06,-1.00785E+02
4.3241501E+06,-1.14085E+02
4.3243408E+06,-9.68854E+01
4.3245316E+06,-9.43254E+01
4.3247223E+06,-9.56654E+01
4.3249130E+06,-1.05765E+02
4.3251038E+06,-9.96254E+01
4.3252945E+06,-1.04225E+02
4.3254852E+06,-9.74854E+01
4.3256760E+06,-1.03025E+02
4.3258667E+06,-9.64454E+01
4.3260574E+06,-9.64254E+01
4.3262482E+06,-9.74054E+01
4.3264389E+06,-1.01425E+02
4.3266296E+06,-1.08085E+02
4.3268204E+06,-1.01145E+02
4.3270111E+06,-9.74654E+01
4.3272018E+06,-9.48254E+01
4.3273926E+06,-9.50654E+01
4.3275833E+06,-9.81054E+01
4.3277740E+06,-1.01765E+02
4.3279648E+06,-1.08225E+02
4.3281555E+06,-1.09825E+02
4.3283463E+06,-1.05265E+02
4.3285370E+06,-9.91854E+01
4.3287277E+06,-1.14405E+02
4.3289185E+06,-9.43654E+01
4.3291092E+06,-1.06365E+02
4.3292999E+06,-9.86254E+01
4.3294907E+06,-1.04345E+02
4.3296814E+06,-1.02325E+02
4.3298721E+06,-1.02645E+02
4.3300629E+06,-9.72854E+01
4.3302536E+06,-9.84654E+01
4.3304443E+06,-1.20405E+02
4.3306351E+06,-1.05325E+02
4.3308258E+06,-1.09265E+02
4.3310165E+06,-1.02145E+02
4.3312073E+06,-1.07185E+02
4.3313980E+06,-9.61454E+01
4.3315887E+06,-9.58054E+01
4.3317795E+06,-9.79454E+01
4.3319702E+06,-1.01385E+02
4.3321609E+06,-1.01885E+02
4.3323517E+06,-1.06805E+02
4.3325424E+06,-1.09785E+02
4.3327332E+06,-9.68254E+01
4.3329239E+06,-9.44254E+01
4.3331146E+06,-9.76254E+01
4.3333054E+06,-9.79454E+01
4.3334961E+06,-9.71254E+01
4.3336868E+06,-9.86454E+01
4.3338776E+06,-1.07885E+02
4.3340683E+06,-1.19445E+02
4.3342590E+06,-1.02305E+02
4.3344498E+06,-1.00705E+02
4.3346405E+06,-1.04365E+02
4.3348312E+06,-1.06845E+02
4.3350220E+06,-1.02905E+02
4.3352127E+06,-9.28254E+01
4.3354034E+06,-9.14854E+01
4.3355942E+06,-9.50454E+01
4.3357849E+06,-9.38054E+01
4.3359756E+06,-9.50054E+01
4.3361664E+06,-9.86454E+01
4.3363571E+06,-1.00745E+02
4.3365479E+06,-1.03225E+02
4.3367386E+06,-1.01505E+02
4.3369293E+06,-9.55854E+01
4.3371201E+06,-9.88454E+01
4.3373108E+06,-1.01145E+02
4.3375015E+06,-1.01865E+02
4.3376923E+06,-1.06865E+02
4.3378830E+06,-1.11305E+02
4.3380737E+06,-1.06765E+02
4.3382645E+06,-1.04085E+02
4.3384552E+06,-1.00625E+02
4.3386459E+06,-1.10045E+02
4.3388367E+06,-1.00125E+02
4.3390274E+06,-1.02005E+02
4.3392181E+06,-1.07865E+02
4.3394089E+06,-1.11985E+02
4.3395996E+06,-1.03625E+02
4.3397903E+06,-9.63854E+01
4.3399811E+06,-9.82054E+01
4.3401718E+06,-1.02085E+02
4.3403625E+06,-9.66654E+01
4.3405533E+06,-1.06045E+02
4.3407440E+06,-9.85454E+01
4.3409348E+06,-1.01485E+02
4.3411255E+06,-1.01985E+02
4.3413162E+06,-9.46454E+01
4.3415070E+06,-9.70054E+01
4.3416977E+06,-1.07865E+02
4.3418884E+06,-9.51654E+01
4.3420792E+06,-9.86254E+01
4.3422699E+06,-1.01125E+02
4.3424606E+06,-1.10705E+02
4.3426514E+06,-9.62654E+01
4.3428421E+06,-9.45254E+01
4.3430328E+06,-1.01825E+02
4.3432236E+06,-1.07825E+02
4.3434143E+06,-1.04585E+02
4.3436050E+06,-1.02745E+02
4.3437958E+06,-9.52054E+01
4.3439865E+06,-9.30654E+01
4.3441772E+06,-1.01045E+02
4.3443680E+06,-1.02645E+02
4.3445587E+06,-9.79254E+01
4.3447495E+06,-9.94454E+01
4.3449402E+06,-1.10745E+02
4.3451309E+06,-1.01305E+02
4.3453217E+06,-9.64654E+01
4.3455124E+06,-9.72054E+01
4.3457031E+06,-1.02085E+02
4.3458939E+06,-9.84654E+01
4.3460846E+06,-9.30854E+01
4.3462753E+06,-9.89454E+01
4.3464661E+06,-1.03125E+02
4.3466568E+06,-9.76854E+01
4.3468475E+06,-9.93054E+01
4.3470383E+06,-1.00025E+02
4.3472290E+06,-9.62854E+01
4.3474197E+06,-1.01705E+02
4.3476105E+06,-1.09185E+02
4.3478012E+06,-1.02765E+02
4.3479919E+06,-1.06265E+02
4.3481827E+06,-9.74054E+01
4.3483734E+06,-9.58654E+01
4.3485641E+06,-1.01125E+02
4.3487549E+06,-1.12765E+02
4.3489456E+06,-9.94654E+01
4.3491364E+06,-1.07365E+02
4.3493271E+06,-1.02385E+02
4.3495178E+06,-1.06525E+02
4.3497086E+06,-9.89254E+01
4.3498993E+06,-1.02525E+02
4.3500900E+06,-1.01765E+02
4.3502808E+06,-9.62454E+01
4.3504715E+06,-9.40054E+01
4.3506622E+06,-9.52854E+01
4.3508530E+06,-9.74054E+01
4.3510437E+06,-1.01665E+02
4.3512344E+06,-9.55854E+01
4.3514252E+06,-9.78454E+01
4.3516159E+06,-1.08505E+02
4.3518066E+06,-1.08965E+02
4.3519974E+06,-9.94254E+01
4.3521881E+06,-9.64254E+01
4.3523788E+06,-9.14454E+01
4.3525696E+06,-9.18054E+01
4.3527603E+06,-1.03625E+02
4.3529510E+06,-9.35454E+01
4.3531418E+06,-9.73654E+01
4.3533325E+06,-1.00165E+02
4.3535233E+06,-1.00205E+02
4.3537140E+06,-9.59454E+01
4.3539047E+06,-9.44454E+01
4.3540955E+06,-9.66854E+01
4.3542862E+06,-9.62254E+01
4.3544769E+06,-9.59054E+01
4.3546677E+06,-9.51254E+01
4.3548584E+06,-9.33254E+01
4.3550491E+06,-9.30654E+01
4.3552399E+06,-9.38454E+01
4.3554306E+06,-9.87854E+01
4.3556213E+06,-1.10285E+02
4.3558121E+06,-9.75854E+01
4.3560028E+06,-9.75654E+01
4.3561935E+06,-1.01245E+02
4.3563843E+06,-9.66654E+01
4.3565750E+06,-9.51654E+01
4.3567657E+06,-9.42854E+01
4.3569565E+06,-9.70854E+01
4.3571472E+06,-1.07365E+02
4.3573380E+06,-1.00545E+02
4.3575287E+06,-1.03165E+02
4.3577194E+06,-1.01765E+02
4.3579102E+06,-9.91054E+01
4.3581009E+06,-1.09965E+02
4.3582916E+06,-9.97254E+01
4.3584824E+06,-1.20505E+02
4.3586731E+06,-9.59254E+01
4.3588638E+06,-9.59454E+01
4.3590546E+06,-1.05385E+02
4.3592453E+06,-9.82854E+01
4.3594360E+06,-9.38054E+01
4.3596268E+06,-1.00325E+02
4.3598175E+06,-9.82654E+01
4.3600082E+06,-9.87454E+01
4.3601990E+06,-1.00965E+02
4.3603897E+06,-1.28385E+02
4.3605804E+06,-1.03125E+02
4.3607712E+06,-1.04685E+02
4.3609619E+06,-1.00465E+02
4.3611526E+06,-9.81254E+01
4.3613434E+06,-1.08745E+02
4.3615341E+06,-9.58654E+01
4.3617249E+06,-9.54254E+01
4.3619156E+06,-9.70654E+01
4.3621063E+06,-9.62054E+01
4.3622971E+06,-9.93854E+01
4.3624878E+06,-1.00985E+02
4.3626785E+06,-9.78454E+01
4.3628693E+06,-1.00085E+02
4.3630600E+06,-1.01065E+02
4.3632507E+06,-1.00305E+02
4.3634415E+06,-9.96654E+01
4.3636322E+06,-1.04905E+02
4.3638229E+06,-9.79454E+01
4.3640137E+06,-9.84654E+01
4.3642044E+06,-1.15085E+02
4.3643951E+06,-1.04865E+02
4.3645859E+06,-9.89654E+01
4.3647766E+06,-9.93454E+01
4.3649673E+06,-9.75054E+01
4.3651581E+06,-9.70454E+01
4.3653488E+06,-1.01365E+02
4.3655396E+06,-1.09065E+02
4.3657303E+06,-9.79854E+01
4.3659210E+06,-9.95854E+01
4.3661118E+06,-1.00885E+02
4.3663025E+06,-9.73854E+01
4.3664932E+06,-1.02485E+02
4.3666840E+06,-9.97654E+01
4.3668747E+06,-1.00005E+02
4.3670654E+06,-1.05145E+02
4.3672562E+06,-9.79254E+01
4.3674469E+06,-9.51854E+01
4.3676376E+06,-1.02145E+02
4.3678284E+06,-1.02285E+02
4.3680191E+06,-1.03085E+02
4.3682098E+06,-1.08005E+02
4.3684006E+06,-1.03625E+02
4.3685913E+06,-9.62054E+01
4.3687820E+06,-9.30854E+01
4.3689728E+06,-9.74054E+01
4.3691635E+06,-1.08005E+02
4.3693542E+06,-1.01005E+02
4.3695450E+06,-1.01785E+02
4.3697357E+06,-1.07505E+02
4.3699265E+06,-1.01705E+02
4.3701172E+06,-1.03405E+02
4.3703079E+06,-9.69454E+01
4.3704987E+06,-9.42654E+01
4.3706894E+06,-9.82654E+01
4.3708801E+06,-1.06425E+02
4.3710709E+06,-1.04045E+02
4.3712616E+06,-1.03705E+02
4.3714523E+06,-1.04985E+02
4.3716431E+06,-9.88054E+01
4.3718338E+06,-1.03965E+02
4.3720245E+06,-9.97854E+01
4.3722153E+06,-9.54254E+01
4.3724060E+06,-9.38854E+01
4.3725967E+06,-9.72454E+01
4.3727875E+06,-1.04045E+02
4.3729782E+06,-1.06185E+02
4.3731689E+06,-1.02805E+02
4.3733597E+06,-1.04885E+02
4.3735504E+06,-1.02385E+02
4.3737411E+06,-9.63654E+01
4.3739319E+06,-9.92454E+01
4.3741226E+06,-1.02625E+02
4.3743134E+06,-1.07745E+02
4.3745041E+06,-1.00165E+02
4.3746948E+06,-9.72454E+01
4.3748856E+06,-9.19054E+01
4.3750763E+06,-8.84454E+01
4.3752670E+06,-9.10054E+01
4.3754578E+06,-9.41854E+01
4.3756485E+06,-9.81054E+01
4.3758392E+06,-1.05645E+02
4.3760300E+06,-1.03185E+02
4.3762207E+06,-1.03405E+02
4.3764114E+06,-9.76054E+01
4.3766022E+06,-1.01485E+02
4.3767929E+06,-1.05505E+02
4.3769836E+06,-1.10765E+02
4.3771744E+06,-1.02805E+02
4.3773651E+06,-9.37254E+01
4.3775558E+06,-9.45454E+01
4.3777466E+06,-9.98654E+01
4.3779373E+06,-1.05025E+02
4.3781281E+06,-9.66054E+01
4.3783188E+06,-1.02565E+02
4.3785095E+06,-1.06225E+02
4.3787003E+06,-1.01045E+02
4.3788910E+06,-1.01025E+02
4.3790817E+06,-9.42254E+01
4.3792725E+06,-1.01885E+02
4.3794632E+06,-1.01965E+02
4.3796539E+06,-1.07245E+02
4.3798447E+06,-1.02445E+02
4.3800354E+06,-1.15865E+02
4.3802261E+06,-9.77454E+01
4.3804169E+06,-9.31654E+01
4.3806076E+06,-1.04185E+02
4.3807983E+06,-9.92454E+01
4.3809891E+06,-1.02325E+02
4.3811798E+06,-1.01825E+02
4.3813705E+06,-9.71254E+01
4.3815613E+06,-9.78054E+01
4.3817520E+06,-1.19685E+02
4.3819427E+06,-1.12905E+02
4.3821335E+06,-1.04385E+02
4.3823242E+06,-9.92054E+01
4.3825150E+06,-9.88854E+01
4.3827057E+06,-1.05725E+02
4.3828964E+06,-1.01305E+02
4.3830872E+06,-9.84054E+01
4.3832779E+06,-9.75854E+01
4.3834686E+06,-9.27454E+01
4.3836594E+06,-9.02254E+01
4.3838501E+06,-9.04254E+01
4.3840408E+06,-9.25054E+01
4.3842316E+06,-9.41454E+01
4.3844223E+06,-9.21454E+01
4.3846130E+06,-9.23654E+01
4.3848038E+06,-1.06185E+02
4.3849945E+06,-9.76454E+01
4.3851852E+06,-1.00405E+02
4.3853760E+06,-9.92654E+01
4.3855667E+06,-9.93854E+01
4.3857574E+06,-1.00465E+02
4.3859482E+06,-1.06805E+02
4.3861389E+06,-9.82854E+01
4.3863297E+06,-9.52854E+01
4.3865204E+06,-1.00365E+02
4.3867111E+06,-9.94654E+01
4.3869019E+06,-9.71854E+01
4.3870926E+06,-1.00965E+02
4.3872833E+06,-9.80254E+01
4.3874741E+06,-1.12285E+02
4.3876648E+06,-1.04565E+02
4.3878555E+06,-9.70654E+01
4.3880463E+06,-9.78454E+01
4.3882370E+06,-9.43654E+01
4.3884277E+06,-9.75654E+01
4.3886185E+06,-9.81454E+01
4.3888092E+06,-1.11025E+02
4.3889999E+06,-9.41454E+01
4.3891907E+06,-9.73654E+01
4.3893814E+06,-1.14805E+02
4.3895721E+06,-1.00245E+02
4.3897629E+06,-1.02385E+02
4.3899536E+06,-9.42854E+01
4.3901443E+06,-1.13505E+02
4.3903351E+06,-9.95454E+01
4.3905258E+06,-1.04085E+02
4.3907166E+06,-9.62054E+01
4.3909073E+06,-9.34654E+01
4.3910980E+06,-9.69254E+01
4.3912888E+06,-9.61054E+01
4.3914795E+06,-9.58454E+01
4.3916702E+06,-1.17365E+02
4.3918610E+06,-1.03025E+02
4.3920517E+06,-1.12645E+02
4.3922424E+06,-1.01345E+02
4.3924332E+06,-1.00045E+02
4.3926239E+06,-1.01205E+02
4.3928146E+06,-1.09025E+02
4.3930054E+06,-1.07665E+02
4.3931961E+06,-1.04505E+02
4.3933868E+06,-1.17105E+02
4.3935776E+06,-1.05705E+02
4.3937683E+06,-1.01025E+02
4.3939590E+06,-1.08485E+02
4.3941498E+06,-1.05305E+02
4.3943405E+06,-9.92654E+01
4.3945312E+06,-9.95854E+01
4.3947220E+06,-1.07065E+02
4.3949127E+06,-9.69254E+01
4.3951035E+06,-1.01585E+02
4.3952942E+06,-1.01285E+02
4.3954849E+06,-9.29254E+01
4.3956757E+06,-9.34654E+01
4.3958664E+06,-1.02065E+02
4.3960571E+06,-1.00065E+02
4.3962479E+06,-9.66254E+01
4.3964386E+06,-9.51654E+01
4.3966293E+06,-9.46254E+01
4.3968201E+06,-9.63054E+01
4.3970108E+06,-9.82854E+01
4.3972015E+06,-1.09725E+02
4.3973923E+06,-1.00585E+02
4.3975830E+06,-9.81454E+01
4.3977737E+06,-1.00365E+02
4.3979645E+06,-1.11685E+02
4.3981552E+06,-9.84854E+01
4.3983459E+06,-9.55254E+01
4.3985367E+06,-9.97254E+01
4.3987274E+06,-1.05005E+02
4.3989182E+06,-1.10365E+02
4.3991089E+06,-1.00465E+02
4.3992996E+06,-9.84854E+01
4.3994904E+06,-9.55854E+01
4.3996811E+06,-9.57854E+01
4.3998718E+06,-9.42854E+01
4.4000626E+06,-1.01445E+02
4.4002533E+06,-1.16625E+02
4.4004440E+06,-1.02285E+02
4.4006348E+06,-1.07805E+02
4.4008255E+06,-9.71054E+01
4.4010162E+06,-9.72254E+01
4.4012070E+06,-1.09465E+02
4.4013977E+06,-9.85654E+01
4.4015884E+06,-9.50654E+01
4.4017792E+06,-9.91654E+01
4.4019699E+06,-9.62054E+01
4.4021606E+06,-9.89054E+01
4.4023514E+06,-9.87054E+01
4.4025421E+06,-9.83254E+01
4.4027328E+06,-9.29254E+01
4.4029236E+06,-9.33254E+01
4.4031143E+06,-9.76854E+01
4.4033051E+06,-9.89054E+01
4.4034958E+06,-9.47054E+01
4.4036865E+06,-9.52254E+01
4.4038773E+06,-1.01205E+02
4.4040680E+06,-1.08525E+02
4.4042587E+06,-9.89054E+01
4.4044495E+06,-9.37254E+01
4.4046402E+06,-9.56454E+01
4.4048309E+06,-9.94854E+01
4.4050217E+06,-9.79054E+01
4.4052124E+06,-1.04145E+02
4.4054031E+06,-9.64854E+01
4.4055939E+06,-9.45454E+01
4.4057846E+06,-9.30654E+01
4.4059753E+06,-9.15854E+01
4.4061661E+06,-9.78854E+01
4.4063568E+06,-1.00925E+02
4.4065475E+06,-9.73454E+01
4.4067383E+06,-9.29654E+01
4.4069290E+06,-9.40454E+01
4.4071198E+06,-1.00445E+02
4.4073105E+06,-1.00045E+02
4.4075012E+06,-9.29654E+01
4.4076920E+06,-9.25854E+01
4.4078827E+06,-9.68654E+01
4.4080734E+06,-1.01545E+02
4.4082642E+06,-9.71454E+01
4.4084549E+06,-9.35854E+01
4.4086456E+06,-9.41854E+01
4.4088364E+06,-9.73854E+01
4.4090271E+06,-1.00325E+02
4.4092178E+06,-9.87054E+01
4.4094086E+06,-9.75254E+01
4.4095993E+06,-9.51054E+01
4.4097900E+06,-9.94254E+01
4.4099808E+06,-9.85854E+01
4.4101715E+06,-1.03625E+02
4.4103622E+06,-1.15625E+02
4.4105530E+06,-1.02625E+02
4.4107437E+06,-9.84654E+01
4.4109344E+06,-1.01825E+02
4.4111252E+06,-1.00245E+02
4.4113159E+06,-9.88254E+01
4.4115067E+06,-1.00545E+02
4.4116974E+06,-9.99054E+01
4.4118881E+06,-1.04505E+02
4.4120789E+06,-1.03505E+02
4.4122696E+06,-1.06645E+02
4.4124603E+06,-1.01225E+02
4.4126511E+06,-9.51854E+01
4.4128418E+06,-9.97254E+01
4.4130325E+06,-9.93854E+01
4.4132233E+06,-9.73254E+01
4.4134140E+06,-9.87654E+01
4.4136047E+06,-9.27654E+01
4.4137955E+06,-9.29654E+01
4.4139862E+06,-1.06865E+02
4.4141769E+06,-9.81054E+01
4.4143677E+06,-9.33254E+01
4.4145584E+06,-9.49654E+01
4.4147491E+06,-1.01365E+02
4.4149399E+06,-1.00525E+02
4.4151306E+06,-1.05605E+02
4.4153214E+06,-1.00725E+02
4.4155121E+06,-1.03965E+02
4.4157028E+06,-9.97254E+01
4.4158936E+06,-1.08945E+02
4.4160843E+06,-9.93454E+01
4.4162750E+06,-9.98054E+01
4.4164658E+06,-1.09185E+02
4.4166565E+06,-1.02425E+02
4.4168472E+06,-1.00085E+02
4.4170380E+06,-9.42254E+01
4.4172287E+06,-9.18654E+01
4.4174194E+06,-9.19654E+01
4.4176102E+06,-9.48254E+01
4.4178009E+06,-9.67854E+01
4.4179916E+06,-9.55854E+01
4.4181824E+06,-9.35854E+01
4.4183731E+06,-9.99254E+01
4.4185638E+06,-9.59254E+01
4.4187546E+06,-8.96654E+01
4.4189453E+06,-9.11654E+01
4.4191360E+06,-1.07305E+02
4.4193268E+06,-9.92054E+01
4.4195175E+06,-9.59654E+01
4.4197083E+06,-9.65054E+01
4.4198990E+06,-1.03405E+02
4.4200897E+06,-1.00925E+02
4.4202805E+06,-1.02865E+02
4.4204712E+06,-1.09485E+02
4.4206619E+06,-1.08565E+02
4.4208527E+06,-1.03845E+02
4.4210434E+06,-1.01445E+02
4.4212341E+06,-1.05065E+02
4.4214249E+06,-1.14385E+02
4.4216156E+06,-9.92454E+01
4.4218063E+06,-9.72054E+01
4.4219971E+06,-1.02905E+02
4.4221878E+06,-1.11985E+02
4.4223785E+06,-1.17205E+02
4.4225693E+06,-1.05425E+02
4.4227600E+06,-1.05745E+02
4.4229507E+06,-9.89054E+01
4.4231415E+06,-9.43254E+01
4.4233322E+06,-9.64054E+01
4.4235229E+06,-9.95454E+01
4.4237137E+06,-9.86254E+01
4.4239044E+06,-1.01405E+02
4.4240952E+06,-1.04465E+02
4.4242859E+06,-9.57454E+01
4.4244766E+06,-9.48854E+01
4.4246674E+06,-9.96254E+01
4.4248581E+06,-9.57254E+01
4.4250488E+06,-9.29654E+01
4.4252396E+06,-1.01825E+02
4.4254303E+06,-9.73054E+01
4.4256210E+06,-1.04925E+02
4.4258118E+06,-1.09345E+02
4.4260025E+06,-1.06985E+02
4.4261932E+06,-1.08385E+02
4.4263840E+06,-1.03705E+02
4.4265747E+06,-1.04845E+02
4.4267654E+06,-1.15065E+02
4.4269562E+06,-1.24265E+02
4.4271469E+06,-1.00065E+02
4.4273376E+06,-9.76654E+01
4.4275284E+06,-9.94854E+01
4.4277191E+06,-1.00185E+02
4.4279099E+06,-9.93454E+01
4.4281006E+06,-9.92854E+01
4.4282913E+06,-1.01425E+02
4.4284821E+06,-1.05905E+02
4.4286728E+06,-9.89254E+01
4.4288635E+06,-1.01665E+02
4.4290543E+06,-1.08845E+02
4.4292450E+06,-1.12565E+02
4.4294357E+06,-1.06005E+02
4.4296265E+06,-1.03585E+02
4.4298172E+06,-1.04765E+02
4.4300079E+06,-1.00985E+02
4.4301987E+06,-1.17745E+02
4.4303894E+06,-1.01545E+02
4.4305801E+06,-9.80654E+01
4.4307709E+06,-9.22454E+01
4.4309616E+06,-9.29654E+01
4.4311523E+06,-9.96854E+01
4.4313431E+06,-1.02905E+02
4.4315338E+06,-1.03085E+02
4.4317245E+06,-9.84054E+01
4.4319153E+06,-9.68054E+01
4.4321060E+06,-1.03585E+02
4.4322968E+06,-1.07485E+02
4.4324875E+06,-1.03185E+02
4.4326782E+06,-1.03965E+02
4.4328690E+06,-1.07045E+02
4.4330597E+06,-1.03845E+02
4.4332504E+06,-9.34454E+01
4.4334412E+06,-9.49854E+01
4.4336319E+06,-1.01545E+02
4.4338226E+06,-1.09925E+02
4.4340134E+06,-9.76854E+01
4.4342041E+06,-9.32654E+01
4.4343948E+06,-9.25254E+01
4.4345856E+06,-9.81854E+01
4.4347763E+06,-9.29054E+01
4.4349670E+06,-9.53254E+01
4.4351578E+06,-1.07305E+02
4.4353485E+06,-9.92054E+01
4.4355392E+06,-1.00885E+02
4.4357300E+06,-9.78654E+01
4.4359207E+06,-9.74254E+01
4.4361115E+06,-1.02305E+02
4.4363022E+06,-1.08145E+02
4.4364929E+06,-1.08205E+02
4.4366837E+06,-1.00325E+02
4.4368744E+06,-9.90254E+01
4.4370651E+06,-1.04885E+02
4.4372559E+06,-1.05425E+02
4.4374466E+06,-9.87054E+01
4.4376373E+06,-1.06645E+02
4.4378281E+06,-1.01345E+02
4.4380188E+06,-9.60454E+01
4.4382095E+06,-9.82854E+01
4.4384003E+06,-1.04705E+02
4.4385910E+06,-1.05545E+02
4.4387817E+06,-9.75854E+01
4.4389725E+06,-9.69654E+01
4.4391632E+06,-1.04185E+02
4.4393539E+06,-9.67854E+01
4.4395447E+06,-1.01025E+02
4.4397354E+06,-9.85254E+01
4.4399261E+06,-9.52654E+01
4.4401169E+06,-9.44054E+01
4.4403076E+06,-9.84654E+01
4.4404984E+06,-1.08345E+02
4.4406891E+06,-9.98654E+01
4.4408798E+06,-9.79054E+01
4.4410706E+06,-9.88654E+01
4.4412613E+06,-9.73854E+01
4.4414520E+06,-9.60854E+01
4.4416428E+06,-9.59454E+01
4.4418335E+06,-9.64654E+01
4.4420242E+06,-9.90054E+01
4.4422150E+06,-9.72054E+01
4.4424057E+06,-1.03225E+02
4.4425964E+06,-1.01765E+02
4.4427872E+06,-1.04045E+02
4.4429779E+06,-1.00725E+02
4.4431686E+06,-1.01245E+02
4.4433594E+06,-1.03165E+02
4.4435501E+06,-1.07585E+02
4.4437408E+06,-1.01085E+02
4.4439316E+06,-1.02765E+02
4.4441223E+06,-1.05805E+02
4.4443130E+06,-9.86854E+01
4.4445038E+06,-9.63654E+01
4.4446945E+06,-1.16085E+02
4.4448853E+06,-9.98654E+01
4.4450760E+06,-9.37654E+01
4.4452667E+06,-9.22854E+01
4.4454575E+06,-9.70054E+01
4.4456482E+06,-1.03585E+02
4.4458389E+06,-1.12305E+02
4.4460297E+06,-1.10885E+02
4.4462204E+06,-1.03465E+02
4.4464111E+06,-9.69454E+01
4.4466019E+06,-9.39654E+01
4.4467926E+06,-9.28654E+01
4.4469833E+06,-9.69254E+01
4.4471741E+06,-9.99254E+01
4.4473648E+06,-9.42854E+01
4.4475555E+06,-1.02965E+02
4.4477463E+06,-9.50854E+01
4.4479370E+06,-9.76854E+01
4.4481277E+06,-1.02285E+02
4.4483185E+06,-9.77654E+01
4.4485092E+06,-1.01765E+02
4.4487000E+06,-1.06425E+02
4.4488907E+06,-9.52654E+01
4.4490814E+06,-9.50054E+01
4.4492722E+06,-9.60254E+01
4.4494629E+06,-9.94854E+01
4.4496536E+06,-9.48854E+01
4.4498444E+06,-9.75854E+01
4.4500351E+06,-1.09105E+02
4.4502258E+06,-1.03585E+02
4.4504166E+06,-9.72254E+01
4.4506073E+06,-9.83054E+01
4.4507980E+06,-1.03965E+02
4.4509888E+06,-1.04605E+02
4.4511795E+06,-9.95054E+01
4.4513702E+06,-9.88054E+01
4.4515610E+06,-1.04405E+02
4.4517517E+06,-9.75854E+01
4.4519424E+06,-9.07854E+01
4.4521332E+06,-9.21454E+01
4.4523239E+06,-9.62854E+01
4.4525146E+06,-1.00365E+02
4.4527054E+06,-1.04365E+02
4.4528961E+06,-1.01205E+02
4.4530869E+06,-1.01425E+02
4.4532776E+06,-1.00805E+02
4.4534683E+06,-9.71454E+01
4.4536591E+06,-9.78854E+01
4.4538498E+06,-9.71054E+01
4.4540405E+06,-1.04985E+02
4.4542313E+06,-1.06965E+02
4.4544220E+06,-9.78854E+01
4.4546127E+06,-9.70454E+01
4.4548035E+06,-1.13085E+02
4.4549942E+06,-1.17685E+02
4.4551849E+06,-1.02005E+02
4.4553757E+06,-9.84654E+01
4.4555664E+06,-9.76654E+01
4.4557571E+06,-9.79054E+01
4.4559479E+06,-9.86454E+01
4.4561386E+06,-1.01385E+02
4.4563293E+06,-9.95054E+01
4.4565201E+06,-9.77654E+01
4.4567108E+06,-9.37654E+01
4.4569016E+06,-9.63654E+01
4.4570923E+06,-9.50054E+01
4.4572830E+06,-9.62454E+01
4.4574738E+06,-9.72254E+01
4.4576645E+06,-1.03665E+02
4.4578552E+06,-1.00365E+02
4.4580460E+06,-9.74854E+01
4.4582367E+06,-1.02745E+02
4.4584274E+06,-1.00265E+02
4.4586182E+06,-1.01445E+02
4.4588089E+06,-1.03805E+02
4.4589996E+06,-9.80054E+01
4.4591904E+06,-1.03925E+02
4.4593811E+06,-9.91654E+01
4.4595718E+06,-9.29254E+01
4.4597626E+06,-9.54254E+01
4.4599533E+06,-9.74854E+01
4.4601440E+06,-1.00785E+02
4.4603348E+06,-9.77854E+01
4.4605255E+06,-9.60454E+01
4.4607162E+06,-9.82254E+01
4.4609070E+06,-9.68854E+01
4.4610977E+06,-1.03805E+02
4.4612885E+06,-9.81254E+01
4.4614792E+06,-9.85054E+01
4.4616699E+06,-9.97254E+01
4.4618607E+06,-9.45254E+01
4.4620514E+06,-1.02825E+02
4.4622421E+06,-1.06805E+02
4.4624329E+06,-1.07645E+02
4.4626236E+06,-1.09785E+02
4.4628143E+06,-1.02905E+02
4.4630051E+06,-9.59054E+01
4.4631958E+06,-9.29254E+01
4.4633865E+06,-9.57254E+01
4.4635773E+06,-1.04005E+02
4.4637680E+06,-1.02285E+02
4.4639587E+06,-1.06385E+02
4.4641495E+06,-9.58854E+01
4.4643402E+06,-9.28654E+01
4.4645309E+06,-9.41454E+01
4.4647217E+06,-1.03765E+02
4.4649124E+06,-1.04845E+02
4.4651031E+06,-1.03305E+02
4.4652939E+06,-1.02445E+02
4.4654846E+06,-1.04345E+02
4.4656754E+06,-1.10185E+02
4.4658661E+06,-9.83454E+01
4.4660568E+06,-9.48054E+01
4.4662476E+06,-9.40454E+01
4.4664383E+06,-9.49854E+01
4.4666290E+06,-1.03445E+02
4.4668198E+06,-1.05105E+02
4.4670105E+06,-1.11285E+02
4.4672012E+06,-1.12005E+02
4.4673920E+06,-1.04505E+02
4.4675827E+06,-1.03325E+02
4.4677734E+06,-9.68454E+01
4.4679642E+06,-9.44654E+01
4.4681549E+06,-9.65654E+01
4.4683456E+06,-1.13465E+02
4.4685364E+06,-1.02525E+02
4.4687271E+06,-1.05205E+02
4.4689178E+06,-9.31654E+01
4.4691086E+06,-9.18654E+01
4.4692993E+06,-9.78254E+01
4.4694901E+06,-1.04545E+02
4.4696808E+06,-9.74854E+01
4.4698715E+06,-1.02585E+02
4.4700623E+06,-9.76054E+01
4.4702530E+06,-1.02825E+02
4.4704437E+06,-1.17285E+02
4.4706345E+06,-1.07145E+02
4.4708252E+06,-1.02805E+02
4.4710159E+06,-1.02365E+02
4.4712067E+06,-1.10505E+02
4.4713974E+06,-1.03925E+02
4.4715881E+06,-1.02145E+02
4.4717789E+06,-1.03025E+02
4.4719696E+06,-9.47854E+01
4.4721603E+06,-9.38454E+01
4.4723511E+06,-9.77654E+01
4.4725418E+06,-9.80854E+01
4.4727325E+06,-1.01865E+02
4.4729233E+06,-1.10145E+02
4.4731140E+06,-1.05425E+02
4.4733047E+06,-1.06725E+02
4.4734955E+06,-1.21425E+02
4.4736862E+06,-1.13305E+02
4.4738770E+06,-1.05405E+02
4.4740677E+06,-9.79254E+01
4.4742584E+06,-9.97054E+01
4.4744492E+06,-9.27454E+01
4.4746399E+06,-9.24854E+01
4.4748306E+06,-9.48654E+01
4.4750214E+06,-9.37254E+01
4.4752121E+06,-9.95854E+01
4.4754028E+06,-9.73054E+01
4.4755936E+06,-9.51654E+01
4.4757843E+06,-9.49054E+01
4.4759750E+06,-9.95654E+01
4.4761658E+06,-1.03705E+02
4.4763565E+06,-9.77854E+01
4.4765472E+06,-1.00785E+02
4.4767380E+06,-1.02085E+02
4.4769287E+06,-1.04365E+02
4.4771194E+06,-1.02925E+02
4.4773102E+06,-1.07685E+02
4.4775009E+06,-1.03805E+02
4.4776917E+06,-9.55854E+01
4.4778824E+06,-9.79054E+01
4.4780731E+06,-9.92054E+01
4.4782639E+06,-1.02305E+02
4.4784546E+06,-1.00785E+02
4.4786453E+06,-1.03505E+02
4.4788361E+06,-9.96054E+01
4.4790268E+06,-9.88454E+01
4.4792175E+06,-9.47254E+01
4.4794083E+06,-9.50854E+01
4.4795990E+06,-1.02425E+02
4.4797897E+06,-9.73454E+01
4.4799805E+06,-1.04925E+02
4.4801712E+06,-9.45454E+01
4.4803619E+06,-9.35054E+01
4.4805527E+06,-9.36654E+01
4.4807434E+06,-9.20854E+01
4.4809341E+06,-9.30254E+01
4.4811249E+06,-1.02045E+02
4.4813156E+06,-1.05785E+02
4.4815063E+06,-9.72654E+01
4.4816971E+06,-9.35854E+01
4.4818878E+06,-9.56254E+01
4.4820786E+06,-1.00385E+02
4.4822693E+06,-1.01685E+02
4.4824600E+06,-1.05805E+02
4.4826508E+06,-1.01345E+02
4.4828415E+06,-9.71454E+01
4.4830322E+06,-9.97854E+01
4.4832230E+06,-1.07645E+02
4.4834137E+06,-1.00745E+02
4.4836044E+06,-9.71454E+01
4.4837952E+06,-1.03445E+02
4.4839859E+06,-1.07165E+02
4.4841766E+06,-1.14405E+02
4.4843674E+06,-1.06525E+02
4.4845581E+06,-1.01785E+02
4.4847488E+06,-9.79054E+01
4.4849396E+06,-9.61054E+01
4.4851303E+06,-9.39654E+01
4.4853210E+06,-1.04505E+02
4.4855118E+06,-1.00125E+02
4.4857025E+06,-9.98854E+01
4.4858932E+06,-1.03845E+02
4.4860840E+06,-9.71854E+01
4.4862747E+06,-9.29254E+01
4.4864655E+06,-9.47054E+01
4.4866562E+06,-9.45654E+01
4.4868469E+06,-9.55054E+01
4.4870377E+06,-1.02565E+02
4.4872284E+06,-1.15445E+02
4.4874191E+06,-1.16325E+02
4.4876099E+06,-1.10565E+02
4.4878006E+06,-1.03665E+02
4.4879913E+06,-9.76454E+01
4.4881821E+06,-9.29854E+01
4.4883728E+06,-9.06854E+01
4.4885635E+06,-9.49054E+01
4.4887543E+06,-1.03125E+02
4.4889450E+06,-1.05105E+02
4.4891357E+06,-1.02005E+02
4.4893265E+06,-9.75254E+01
4.4895172E+06,-9.87654E+01
4.4897079E+06,-9.48654E+01
4.4898987E+06,-9.61454E+01
4.4900894E+06,-1.02385E+02
4.4902802E+06,-1.02565E+02
4.4904709E+06,-1.00725E+02
4.4906616E+06,-9.80654E+01
4.4908524E+06,-9.65454E+01
4.4910431E+06,-9.84654E+01
4.4912338E+06,-9.39254E+01
4.4914246E+06,-9.42254E+01
4.4916153E+06,-1.07285E+02
4.4918060E+06,-1.08805E+02
4.4919968E+06,-1.04965E+02
4.4921875E+06,-1.01665E+02
4.4923782E+06,-9.57054E+01
4.4925690E+06,-1.00645E+02
4.4927597E+06,-9.73454E+01
4.4929504E+06,-9.61454E+01
4.4931412E+06,-9.61854E+01
4.4933319E+06,-1.00825E+02
4.4935226E+06,-9.93454E+01
4.4937134E+06,-9.43854E+01
4.4939041E+06,-9.62854E+01
4.4940948E+06,-1.03665E+02
4.4942856E+06,-1.04525E+02
4.4944763E+06,-9.92454E+01
4.4946671E+06,-9.60254E+01
4.4948578E+06,-9.82854E+01
4.4950485E+06,-9.91454E+01
4.4952393E+06,-9.72854E+01
4.4954300E+06,-9.71254E+01
4.4956207E+06,-1.10325E+02
4.4958115E+06,-1.04945E+02
4.4960022E+06,-1.06565E+02
4.4961929E+06,-9.97254E+01
4.4963837E+06,-9.92454E+01
4.4965744E+06,-9.79854E+01
4.4967651E+06,-9.20854E+01
4.4969559E+06,-1.06325E+02
4.4971466E+06,-9.25054E+01
4.4973373E+06,-9.41454E+01
4.4975281E+06,-1.14145E+02
4.4977188E+06,-1.06405E+02
4.4979095E+06,-1.03625E+02
4.4981003E+06,-9.76454E+01
4.4982910E+06,-9.70654E+01
4.4984818E+06,-9.99654E+01
4.4986725E+06,-1.09345E+02
4.4988632E+06,-9.59254E+01
4.4990540E+06,-1.01565E+02
4.4992447E+06,-1.02325E+02
4.4994354E+06,-1.03925E+02
4.4996262E+06,-9.72854E+01
4.4998169E+06,-9.64654E+01
4.5000076E+06,-1.04545E+02
4.5001984E+06,-9.93854E+01
4.5003891E+06,-9.84054E+01
4.5005798E+06,-1.03125E+02
4.5007706E+06,-1.00085E+02
4.5009613E+06,-9.90854E+01
4.5011520E+06,-1.01445E+02
4.5013428E+06,-9.59254E+01
4.5015335E+06,-1.11745E+02
4.5017242E+06,-9.90254E+01
4.5019150E+06,-1.02285E+02
4.5021057E+06,-9.63054E+01
4.5022964E+06,-9.26854E+01
4.5024872E+06,-9.53054E+01
4.5026779E+06,-9.68054E+01
4.5028687E+06,-9.78254E+01
4.5030594E+06,-9.86654E+01
4.5032501E+06,-1.07345E+02
4.5034409E+06,-1.02065E+02
4.5036316E+06,-1.02565E+02
4.5038223E+06,-9.76054E+01
4.5040131E+06,-9.56854E+01
4.5042038E+06,-1.03725E+02
4.5043945E+06,-1.08425E+02
4.5045853E+06,-1.07785E+02
4.5047760E+06,-9.77654E+01
4.5049667E+06,-9.61254E+01
4.5051575E+06,-1.03585E+02
4.5053482E+06,-1.00645E+02
4.5055389E+06,-9.93054E+01
4.5057297E+06,-1.33305E+02
4.5059204E+06,-9.78654E+01
4.5061111E+06,-9.59054E+01
4.5063019E+06,-9.94254E+01
4.5064926E+06,-9.44054E+01
4.5066833E+06,-9.97654E+01
4.5068741E+06,-1.05605E+02
4.5070648E+06,-1.00785E+02
4.5072556E+06,-9.44854E+01
4.5074463E+06,-9.59454E+01
4.5076370E+06,-9.78854E+01
4.5078278E+06,-9.40854E+01
4.5080185E+06,-9.49654E+01
4.5082092E+06,-9.96654E+01
4.5084000E+06,-1.02085E+02
4.5085907E+06,-1.02645E+02
4.5087814E+06,-1.05925E+02
4.5089722E+06,-9.52854E+01
4.5091629E+06,-9.52454E+01
4.5093536E+06,-9.85454E+01
4.5095444E+06,-9.60654E+01
4.5097351E+06,-9.39654E+01
4.5099258E+06,-9.55454E+01
4.5101166E+06,-9.12454E+01
4.5103073E+06,-9.22054E+01
4.5104980E+06,-1.12685E+02
4.5106888E+06,-9.43654E+01
4.5108795E+06,-9.75854E+01
4.5110703E+06,-1.03325E+02
4.5112610E+06,-9.71654E+01
4.5114517E+06,-9.75454E+01
4.5116425E+06,-1.02805E+02
4.5118332E+06,-9.31854E+01
4.5120239E+06,-9.40454E+01
4.5122147E+06,-9.25054E+01
4.5124054E+06,-9.41854E+01
4.5125961E+06,-1.01305E+02
4.5127869E+06,-1.15385E+02
4.5129776E+06,-1.00225E+02
4.5131683E+06,-9.45454E+01
4.5133591E+06,-9.90854E+01
4.5135498E+06,-9.50054E+01
4.5137405E+06,-9.86854E+01
4.5139313E+06,-9.93054E+01
4.5141220E+06,-9.63854E+01
4.5143127E+06,-1.02285E+02
4.5145035E+06,-9.97654E+01
4.5146942E+06,-9.41454E+01
4.5148849E+06,-9.32254E+01
4.5150757E+06,-9.60254E+01
4.5152664E+06,-1.05985E+02
4.5154572E+06,-9.77054E+01
4.5156479E+06,-9.53254E+01
4.5158386E+06,-9.47454E+01
4.5160294E+06,-9.55654E+01
4.5162201E+06,-9.82454E+01
4.5164108E+06,-9.55254E+01
4.5166016E+06,-9.52454E+01
4.5167923E+06,-9.58654E+01
4.5169830E+06,-9.77254E+01
4.5171738E+06,-1.04085E+02
4.5173645E+06,-1.01805E+02
4.5175552E+06,-9.87454E+01
4.5177460E+06,-1.08185E+02
4.5179367E+06,-9.83254E+01
4.5181274E+06,-9.69454E+01
4.5183182E+06,-9.40054E+01
4.5185089E+06,-9.23054E+01
4.5186996E+06,-9.54854E+01
4.5188904E+06,-1.07325E+02
4.5190811E+06,-9.89054E+01
4.5192719E+06,-9.80254E+01
4.5194626E+06,-1.06225E+02
4.5196533E+06,-1.03165E+02
4.5198441E+06,-1.10785E+02
4.5200348E+06,-1.08745E+02
4.5202255E+06,-9.92254E+01
4.5204163E+06,-1.01425E+02
4.5206070E+06,-1.00465E+02
4.5207977E+06,-1.05425E+02
4.5209885E+06,-9.86854E+01
4.5211792E+06,-9.70654E+01
4.5213699E+06,-1.01085E+02
4.5215607E+06,-1.12325E+02
4.5217514E+06,-1.03505E+02
4.5219421E+06,-9.71254E+01
4.5221329E+06,-9.80454E+01
4.5223236E+06,-1.06785E+02
4.5225143E+06,-9.88254E+01
4.5227051E+06,-9.42254E+01
4.5228958E+06,-9.30254E+01
4.5230865E+06,-9.56054E+01
4.5232773E+06,-9.57254E+01
4.5234680E+06,-9.75454E+01
4.5236588E+06,-1.02485E+02
4.5238495E+06,-1.01445E+02
4.5240402E+06,-9.98854E+01
4.5242310E+06,-1.00025E+02
4.5244217E+06,-1.11805E+02
4.5246124E+06,-1.05605E+02
4.5248032E+06,-1.03625E+02
4.5249939E+06,-1.14945E+02
4.5251846E+06,-9.80054E+01
4.5253754E+06,-9.86254E+01
4.5255661E+06,-1.06045E+02
4.5257568E+06,-1.06745E+02
4.5259476E+06,-1.07685E+02
4.5261383E+06,-9.65854E+01
4.5263290E+06,-9.77254E+01
4.5265198E+06,-1.03445E+02
4.5267105E+06,-9.86854E+01
4.5269012E+06,-1.05725E+02
4.5270920E+06,-9.69854E+01
4.5272827E+06,-1.01865E+02
4.5274734E+06,-9.53454E+01
4.5276642E+06,-1.03885E+02
4.5278549E+06,-9.46254E+01
4.5280457E+06,-9.55854E+01
4.5282364E+06,-9.29854E+01
4.5284271E+06,-1.03845E+02
4.5286179E+06,-1.00705E+02
4.5288086E+06,-1.07685E+02
4.5289993E+06,-9.80854E+01
4.5291901E+06,-1.00865E+02
4.5293808E+06,-9.63054E+01
4.5295715E+06,-9.51454E+01
4.5297623E+06,-1.04845E+02
4.5299530E+06,-1.08745E+02
4.5301437E+06,-1.00585E+02
4.5303345E+06,-9.75254E+01
4.5305252E+06,-1.08805E+02
4.5307159E+06,-1.03265E+02
4.5309067E+06,-1.00345E+02
4.5310974E+06,-1.05965E+02
4.5312881E+06,-9.70854E+01
4.5314789E+06,-9.78654E+01
4.5316696E+06,-1.01965E+02
4.5318604E+06,-9.79454E+01
4.5320511E+06,-9.63054E+01
4.5322418E+06,-9.57854E+01
4.5324326E+06,-9.58054E+01
4.5326233E+06,-9.68054E+01
4.5328140E+06,-1.00905E+02
4.5330048E+06,-1.14445E+02
4.5331955E+06,-1.01105E+02
4.5333862E+06,-1.01165E+02
4.5335770E+06,-9.86654E+01
4.5337677E+06,-9.80254E+01
4.5339584E+06,-1.12425E+02
4.5341492E+06,-9.83254E+01
4.5343399E+06,-9.78654E+01
4.5345306E+06,-9.91254E+01
4.5347214E+06,-1.07065E+02
4.5349121E+06,-9.38454E+01
4.5351028E+06,-9.36654E+01
4.5352936E+06,-9.82854E+01
4.5354843E+06,-1.02805E+02
4.5356750E+06,-1.05605E+02
4.5358658E+06,-9.74054E+01
4.5360565E+06,-9.37654E+01
4.5362473E+06,-9.67454E+01
4.5364380E+06,-1.10405E+02
4.5366287E+06,-1.05245E+02
4.5368195E+06,-9.56054E+01
4.5370102E+06,-9.56854E+01
4.5372009E+06,-1.05345E+02
4.5373917E+06,-1.05905E+02
4.5375824E+06,-1.05165E+02
4.5377731E+06,-1.12585E+02
4.5379639E+06,-1.04885E+02
4.5381546E+06,-1.01345E+02
4.5383453E+06,-1.01225E+02
4.5385361E+06,-1.17705E+02
4.5387268E+06,-1.20265E+02
4.5389175E+06,-1.04265E+02
4.5391083E+06,-1.02825E+02
4.5392990E+06,-1.13025E+02
4.5394897E+06,-1.08265E+02
4.5396805E+06,-1.05705E+02
4.5398712E+06,-9.81054E+01
4.5400620E+06,-9.63654E+01
4.5402527E+06,-9.58054E+01
4.5404434E+06,-1.00405E+02
4.5406342E+06,-1.03705E+02
4.5408249E+06,-1.12565E+02
4.5410156E+06,-1.02565E+02
4.5412064E+06,-9.72654E+01
4.5413971E+06,-9.62054E+01
4.5415878E+06,-1.01825E+02
4.5417786E+06,-9.35454E+01
4.5419693E+06,-9.52854E+01
4.5421600E+06,-1.15245E+02
4.5423508E+06,-1.01945E+02
4.5425415E+06,-1.06985E+02
4.5427322E+06,-1.00505E+02
4.5429230E+06,-1.09565E+02
4.5431137E+06,-1.12865E+02
4.5433044E+06,-1.00325E+02
4.5434952E+06,-1.01905E+02
4.5436859E+06,-1.05025E+02
4.5438766E+06,-9.77854E+01
4.5440674E+06,-9.88454E+01
4.5442581E+06,-1.01665E+02
4.5444489E+06,-9.96854E+01
4.5446396E+06,-1.18225E+02
4.5448303E+06,-1.24145E+02
4.5450211E+06,-9.40854E+01
4.5452118E+06,-9.20454E+01
4.5454025E+06,-1.14145E+02
4.5455933E+06,-9.57054E+01
4.5457840E+06,-9.56254E+01
4.5459747E+06,-9.57654E+01
4.5461655E+06,-1.00925E+02
4.5463562E+06,-9.74054E+01
4.5465469E+06,-9.10454E+01
4.5467377E+06,-9.27454E+01
4.5469284E+06,-1.03025E+02
4.5471191E+06,-1.05545E+02
4.5473099E+06,-1.00465E+02
4.5475006E+06,-9.83054E+01
4.5476913E+06,-1.09385E+02
4.5478821E+06,-1.05385E+02
4.5480728E+06,-1.02165E+02
4.5482635E+06,-9.32654E+01
4.5484543E+06,-9.33254E+01
4.5486450E+06,-1.00645E+02
4.5488358E+06,-1.08865E+02
4.5490265E+06,-9.63654E+01
4.5492172E+06,-9.88654E+01
4.5494080E+06,-1.02865E+02
4.5495987E+06,-1.11365E+02
4.5497894E+06,-9.64254E+01
4.5499802E+06,-9.95454E+01
4.5501709E+06,-1.14925E+02
4.5503616E+06,-1.04665E+02
4.5505524E+06,-1.02645E+02
4.5507431E+06,-9.70054E+01
4.5509338E+06,-9.84254E+01
4.5511246E+06,-1.02505E+02
4.5513153E+06,-1.07005E+02
4.5515060E+06,-9.94254E+01
4.5516968E+06,-1.03445E+02
4.5518875E+06,-1.03065E+02
4.5520782E+06,-9.63454E+01
4.5522690E+06,-9.57254E+01
4.5524597E+06,-1.08865E+02
4.5526505E+06,-9.78254E+01
4.5528412E+06,-9.92054E+01
4.5530319E+06,-9.61854E+01
4.5532227E+06,-9.57454E+01
4.5534134E+06,-1.03405E+02
4.5536041E+06,-9.97254E+01
4.5537949E+06,-1.08745E+02
4.5539856E+06,-9.57254E+01
4.5541763E+06,-1.00625E+02
4.5543671E+06,-1.10025E+02
4.5545578E+06,-9.95854E+01
4.5547485E+06,-1.04265E+02
4.5549393E+06,-9.16454E+01
4.5551300E+06,-9.58654E+01
4.5553207E+06,-9.97454E+01
4.5555115E+06,-9.37654E+01
4.5557022E+06,-9.90054E+01
4.5558929E+06,-9.65254E+01
4.5560837E+06,-9.86254E+01
4.5562744E+06,-9.32654E+01
4.5564651E+06,-9.42254E+01
4.5566559E+06,-9.56654E+01
4.5568466E+06,-9.89054E+01
4.5570374E+06,-9.37254E+01
4.5572281E+06,-9.07254E+01
4.5574188E+06,-9.64854E+01
4.5576096E+06,-1.03705E+02
4.5578003E+06,-1.05765E+02
4.5579910E+06,-1.09865E+02
4.5581818E+06,-9.91254E+01
4.5583725E+06,-9.66254E+01
4.5585632E+06,-9.81454E+01
4.5587540E+06,-1.12145E+02
4.5589447E+06,-9.89054E+01
4.5591354E+06,-1.04225E+02
4.5593262E+06,-9.91854E+01
4.5595169E+06,-9.18054E+01
4.5597076E+06,-9.30654E+01
4.5598984E+06,-9.67054E+01
4.5600891E+06,-1.01545E+02
4.5602798E+06,-1.16685E+02
4.5604706E+06,-1.01685E+02
4.5606613E+06,-9.61254E+01
4.5608521E+06,-1.01445E+02
4.5610428E+06,-1.00305E+02
4.5612335E+06,-9.96054E+01
4.5614243E+06,-1.05445E+02
4.5616150E+06,-1.12705E+02
4.5618057E+06,-9.53054E+01
4.5619965E+06,-9.11254E+01
4.5621872E+06,-9.43654E+01
4.5623779E+06,-1.30385E+02
4.5625687E+06,-1.04745E+02
4.5627594E+06,-1.05805E+02
4.5629501E+06,-1.03325E+02
4.5631409E+06,-9.80254E+01
4.5633316E+06,-9.72054E+01
4.5635223E+06,-1.02705E+02
4.5637131E+06,-1.05505E+02
4.5639038E+06,-1.01225E+02
4.5640945E+06,-1.02985E+02
4.5642853E+06,-1.00145E+02
4.5644760E+06,-9.85454E+01
4.5646667E+06,-9.60654E+01
4.5648575E+06,-9.56854E+01
4.5650482E+06,-9.85054E+01
4.5652390E+06,-1.01685E+02
4.5654297E+06,-1.02305E+02
4.5656204E+06,-1.08865E+02
4.5658112E+06,-1.13965E+02
4.5660019E+06,-1.02985E+02
4.5661926E+06,-9.60054E+01
4.5663834E+06,-9.79454E+01
4.5665741E+06,-1.11145E+02
4.5667648E+06,-1.09945E+02
4.5669556E+06,-1.10605E+02
4.5671463E+06,-1.11245E+02
4.5673370E+06,-1.17845E+02
4.5675278E+06,-1.03585E+02
4.5677185E+06,-9.42654E+01
4.5679092E+06,-9.50254E+01
4.5681000E+06,-1.01985E+02
4.5682907E+06,-1.08045E+02
4.5684814E+06,-1.07105E+02
4.5686722E+06,-1.01805E+02
4.5688629E+06,-1.02905E+02
4.5690536E+06,-1.03405E+02
4.5692444E+06,-9.98654E+01
4.5694351E+06,-1.16445E+02
4.5696259E+06,-1.05465E+02
4.5698166E+06,-1.01985E+02
4.5700073E+06,-9.32254E+01
4.5701981E+06,-9.21254E+01
4.5703888E+06,-9.61654E+01
4.5705795E+06,-1.03185E+02
4.5707703E+06,-1.11065E+02
4.5709610E+06,-9.88854E+01
4.5711517E+06,-9.97054E+01
4.5713425E+06,-9.77454E+01
4.5715332E+06,-9.60654E+01
4.5717239E+06,-1.00825E+02
4.5719147E+06,-1.03725E+02
4.5721054E+06,-1.05245E+02
4.5722961E+06,-1.04265E+02
4.5724869E+06,-1.12765E+02
4.5726776E+06,-1.09965E+02
4.5728683E+06,-9.94054E+01
4.5730591E+06,-9.68054E+01
4.5732498E+06,-9.66854E+01
4.5734406E+06,-1.01685E+02
4.5736313E+06,-9.71854E+01
4.5738220E+06,-9.13854E+01
4.5740128E+06,-9.35854E+01
4.5742035E+06,-1.00925E+02
4.5743942E+06,-1.03265E+02
4.5745850E+06,-1.07685E+02
4.5747757E+06,-9.43054E+01
4.5749664E+06,-9.23854E+01
4.5751572E+06,-9.40854E+01
4.5753479E+06,-9.62254E+01
4.5755386E+06,-9.41854E+01
4.5757294E+06,-9.94254E+01
4.5759201E+06,-1.07565E+02
4.5761108E+06,-1.04585E+02
4.5763016E+06,-9.96054E+01
4.5764923E+06,-9.40054E+01
4.5766830E+06,-9.12254E+01
4.5768738E+06,-9.12854E+01
4.5770645E+06,-9.66854E+01
4.5772552E+06,-1.08845E+02
4.5774460E+06,-1.04085E+02
4.5776367E+06,-1.05025E+02
4.5778275E+06,-1.02205E+02
4.5780182E+06,-9.64854E+01
4.5782089E+06,-9.81854E+01
4.5783997E+06,-1.00505E+02
4.5785904E+06,-1.03665E+02
4.5787811E+06,-9.76054E+01
4.5789719E+06,-9.64854E+01
4.5791626E+06,-1.11045E+02
4.5793533E+06,-9.65654E+01
4.5795441E+06,-9.79654E+01
4.5797348E+06,-1.05405E+02
4.5799255E+06,-9.84054E+01
4.5801163E+06,-9.74054E+01
4.5803070E+06,-1.07425E+02
4.5804977E+06,-9.67054E+01
4.5806885E+06,-1.01805E+02
4.5808792E+06,-1.00885E+02
4.5810699E+06,-9.51854E+01
4.5812607E+06,-9.54854E+01
4.5814514E+06,-9.97254E+01
4.5816422E+06,-1.05265E+02
4.5818329E+06,-9.99454E+01
4.5820236E+06,-1.00445E+02
4.5822144E+06,-1.10545E+02
4.5824051E+06,-1.03885E+02
4.5825958E+06,-9.79654E+01
4.5827866E+06,-9.54654E+01
4.5829773E+06,-9.84654E+01
4.5831680E+06,-1.02125E+02
4.5833588E+06,-9.39654E+01
4.5835495E+06,-9.51054E+01
4.5837402E+06,-1.07425E+02
4.5839310E+06,-9.59854E+01
4.5841217E+06,-9.67654E+01
4.5843124E+06,-9.81854E+01
4.5845032E+06,-1.02505E+02
4.5846939E+06,-1.20185E+02
4.5848846E+06,-1.04185E+02
4.5850754E+06,-9.77254E+01
4.5852661E+06,-9.96654E+01
4.5854568E+06,-9.91254E+01
4.5856476E+06,-9.82254E+01
4.5858383E+06,-1.01945E+02
4.5860291E+06,-9.92454E+01
4.5862198E+06,-1.03505E+02
4.5864105E+06,-9.71254E+01
4.5866013E+06,-9.88854E+01
4.5867920E+06,-9.61054E+01
4.5869827E+06,-1.04865E+02
4.5871735E+06,-1.07285E+02
4.5873642E+06,-9.93454E+01
4.5875549E+06,-9.57654E+01
4.5877457E+06,-9.59654E+01
4.5879364E+06,-9.49854E+01
4.5881271E+06,-9.37254E+01
4.5883179E+06,-9.50054E+01
4.5885086E+06,-1.09865E+02
4.5886993E+06,-9.62454E+01
4.5888901E+06,-1.01685E+02
4.5890808E+06,-9.47454E+01
4.5892715E+06,-9.50854E+01
4.5894623E+06,-9.74254E+01
4.5896530E+06,-1.01025E+02
4.5898438E+06,-1.07425E+02
4.5900345E+06,-1.04705E+02
4.5902252E+06,-9.66254E+01
4.5904160E+06,-9.90654E+01
4.5906067E+06,-1.00165E+02
4.5907974E+06,-9.91054E+01
4.5909882E+06,-9.37054E+01
4.5911789E+06,-1.00185E+02
4.5913696E+06,-1.00985E+02
4.5915604E+06,-1.03125E+02
4.5917511E+06,-9.76654E+01
4.5919418E+06,-9.62054E+01
4.5921326E+06,-9.87254E+01
4.5923233E+06,-9.83454E+01
4.5925140E+06,-9.85454E+01
4.5927048E+06,-1.08125E+02
4.5928955E+06,-1.02445E+02
4.5930862E+06,-9.61654E+01
4.5932770E+06,-9.27654E+01
4.5934677E+06,-9.40854E+01
4.5936584E+06,-9.53454E+01
4.5938492E+06,-9.22254E+01
4.5940399E+06,-9.96454E+01
4.5942307E+06,-9.48454E+01
4.5944214E+06,-1.03165E+02
4.5946121E+06,-9.85054E+01
4.5948029E+06,-9.56454E+01
4.5949936E+06,-9.66854E+01
4.5951843E+06,-9.44854E+01
4.5953751E+06,-9.39654E+01
4.5955658E+06,-9.66854E+01
4.5957565E+06,-1.02965E+02
4.5959473E+06,-1.05665E+02
4.5961380E+06,-1.14425E+02
4.5963287E+06,-9.76054E+01
4.5965195E+06,-9.88054E+01
4.5967102E+06,-9.75054E+01
4.5969009E+06,-9.49654E+01
4.5970917E+06,-9.82854E+01
4.5972824E+06,-9.44654E+01
4.5974731E+06,-9.21454E+01
4.5976639E+06,-9.35854E+01
4.5978546E+06,-1.09345E+02
4.5980453E+06,-9.93254E+01
4.5982361E+06,-1.11345E+02
4.5984268E+06,-1.08365E+02
4.5986176E+06,-9.96254E+01
4.5988083E+06,-9.89454E+01
4.5989990E+06,-9.89054E+01
4.5991898E+06,-9.86654E+01
4.5993805E+06,-1.00985E+02
4.5995712E+06,-1.01545E+02
4.5997620E+06,-9.99054E+01
4.5999527E+06,-1.01305E+02
4.6001434E+06,-1.12205E+02
4.6003342E+06,-9.87054E+01
4.6005249E+06,-9.71654E+01
4.6007156E+06,-9.90454E+01
4.6009064E+06,-1.07845E+02
4.6010971E+06,-9.82054E+01
4.6012878E+06,-9.91254E+01
4.6014786E+06,-1.05285E+02
4.6016693E+06,-1.02425E+02
4.6018600E+06,-9.97454E+01
4.6020508E+06,-9.90054E+01
4.6022415E+06,-1.02865E+02
4.6024323E+06,-1.04045E+02
4.6026230E+06,-1.06305E+02
4.6028137E+06,-9.79854E+01
4.6030045E+06,-9.87054E+01
4.6031952E+06,-9.40054E+01
4.6033859E+06,-9.17454E+01
4.6035767E+06,-9.25854E+01
4.6037674E+06,-9.49654E+01
4.6039581E+06,-9.64454E+01
4.6041489E+06,-1.01645E+02
4.6043396E+06,-9.84854E+01
4.6045303E+06,-9.62654E+01
4.6047211E+06,-9.50654E+01
4.6049118E+06,-9.86654E+01
4.6051025E+06,-9.95854E+01
4.6052933E+06,-9.45254E+01
4.6054840E+06,-9.90054E+01
4.6056747E+06,-1.04225E+02
4.6058655E+06,-1.12985E+02
4.6060562E+06,-9.51654E+01
4.6062469E+06,-9.21454E+01
4.6064377E+06,-9.40054E+01
4.6066284E+06,-9.72454E+01
4.6068192E+06,-1.08485E+02
4.6070099E+06,-1.02865E+02
4.6072006E+06,-9.81654E+01
4.6073914E+06,-9.49254E+01
4.6075821E+06,-9.36254E+01
4.6077728E+06,-9.40054E+01
4.6079636E+06,-9.71054E+01
4.6081543E+06,-1.10825E+02
4.6083450E+06,-9.83254E+01
4.6085358E+06,-9.51654E+01
4.6087265E+06,-9.91654E+01
4.6089172E+06,-1.04465E+02
4.6091080E+06,-9.61654E+01
4.6092987E+06,-9.34654E+01
4.6094894E+06,-9.33054E+01
4.6096802E+06,-9.38854E+01
4.6098709E+06,-1.03625E+02
4.6100616E+06,-1.01785E+02
4.6102524E+06,-1.06745E+02
4.6104431E+06,-1.01505E+02
4.6106339E+06,-1.01905E+02
4.6108246E+06,-1.06785E+02
4.6110153E+06,-9.89454E+01
4.6112061E+06,-9.70854E+01
4.6113968E+06,-9.78854E+01
4.6115875E+06,-1.06705E+02
4.6117783E+06,-1.03625E+02
4.6119690E+06,-1.02425E+02
4.6121597E+06,-1.04885E+02
4.6123505E+06,-9.78654E+01
4.6125412E+06,-1.01965E+02
4.6127319E+06,-1.03185E+02
4.6129227E+06,-9.92654E+01
4.6131134E+06,-1.08545E+02
4.6133041E+06,-1.01205E+02
4.6134949E+06,-1.04705E+02
4.6136856E+06,-9.67054E+01
4.6138763E+06,-9.64654E+01
4.6140671E+06,-9.69454E+01
4.6142578E+06,-9.73054E+01
4.6144485E+06,-9.64854E+01
4.6146393E+06,-1.00265E+02
4.6148300E+06,-1.03625E+02
4.6150208E+06,-9.72254E+01
4.6152115E+06,-9.88254E+01
4.6154022E+06,-1.03225E+02
4.6155930E+06,-9.65054E+01
4.6157837E+06,-9.64254E+01
4.6159744E+06,-9.75254E+01
4.6161652E+06,-9.59854E+01
4.6163559E+06,-9.55854E+01
4.6165466E+06,-9.65054E+01
4.6167374E+06,-1.05845E+02
4.6169281E+06,-1.14225E+02
4.6171188E+06,-1.02325E+02
4.6173096E+06,-1.00905E+02
4.6175003E+06,-9.94454E+01
4.6176910E+06,-1.13305E+02
4.6178818E+06,-1.03545E+02
4.6180725E+06,-9.65254E+01
4.6182632E+06,-9.89054E+01
4.6184540E+06,-1.04705E+02
4.6186447E+06,-9.62654E+01
4.6188354E+06,-9.85054E+01
4.6190262E+06,-9.56054E+01
4.6192169E+06,-9.52254E+01
4.6194077E+06,-1.02385E+02
4.6195984E+06,-9.74654E+01
4.6197891E+06,-1.06745E+02
4.6199799E+06,-1.05225E+02
4.6201706E+06,-1.09685E+02
4.6203613E+06,-1.04425E+02
4.6205521E+06,-9.96054E+01
4.6207428E+06,-9.59654E+01
4.6209335E+06,-1.00945E+02
4.6211243E+06,-1.10345E+02
4.6213150E+06,-1.08085E+02
4.6215057E+06,-1.01205E+02
4.6216965E+06,-9.60654E+01
4.6218872E+06,-9.28654E+01
4.6220779E+06,-9.25854E+01
4.6222687E+06,-9.23254E+01
4.6224594E+06,-9.99054E+01
4.6226501E+06,-9.97854E+01
4.6228409E+06,-1.02425E+02
4.6230316E+06,-1.08225E+02
4.6232224E+06,-9.61254E+01
4.6234131E+06,-9.74054E+01
4.6236038E+06,-1.09325E+02
4.6237946E+06,-1.02985E+02
4.6239853E+06,-1.08825E+02
4.6241760E+06,-9.89454E+01
4.6243668E+06,-1.03765E+02
4.6245575E+06,-1.08565E+02
4.6247482E+06,-1.19005E+02
4.6249390E+06,-9.58854E+01
4.6251297E+06,-9.33054E+01
4.6253204E+06,-1.02365E+02
4.6255112E+06,-1.02805E+02
4.6257019E+06,-1.03445E+02
4.6258926E+06,-1.12925E+02
4.6260834E+06,-1.21785E+02
4.6262741E+06,-9.77854E+01
4.6264648E+06,-9.30654E+01
4.6266556E+06,-9.70454E+01
4.6268463E+06,-1.05545E+02
4.6270370E+06,-9.55054E+01
4.6272278E+06,-9.73454E+01
4.6274185E+06,-1.03065E+02
4.6276093E+06,-1.00585E+02
4.6278000E+06,-1.03585E+02
4.6279907E+06,-1.00605E+02
4.6281815E+06,-9.50454E+01
4.6283722E+06,-9.86854E+01
4.6285629E+06,-9.48254E+01
4.6287537E+06,-9.60454E+01
4.6289444E+06,-9.87854E+01
4.6291351E+06,-1.02385E+02
4.6293259E+06,-9.61454E+01
4.6295166E+06,-9.35854E+01
4.6297073E+06,-9.64254E+01
4.6298981E+06,-1.04465E+02
4.6300888E+06,-1.02245E+02
4.6302795E+06,-9.46854E+01
4.6304703E+06,-9.52454E+01
4.6306610E+06,-1.01205E+02
4.6308517E+06,-9.57054E+01
4.6310425E+06,-1.02965E+02
4.6312332E+06,-1.00685E+02
4.6314240E+06,-9.74654E+01
4.6316147E+06,-9.83054E+01
4.6318054E+06,-1.02205E+02
4.6319962E+06,-9.40054E+01
4.6321869E+06,-1.01705E+02
4.6323776E+06,-1.08025E+02
4.6325684E+06,-1.07605E+02
4.6327591E+06,-1.03405E+02
4.6329498E+06,-1.05645E+02
4.6331406E+06,-9.96054E+01
4.6333313E+06,-1.00805E+02
4.6335220E+06,-1.01185E+02
4.6337128E+06,-9.76854E+01
4.6339035E+06,-1.05265E+02
4.6340942E+06,-1.02685E+02
4.6342850E+06,-9.40054E+01
4.6344757E+06,-9.40454E+01
4.6346664E+06,-9.21454E+01
4.6348572E+06,-9.79254E+01
4.6350479E+06,-1.00645E+02
4.6352386E+06,-1.06285E+02
4.6354294E+06,-9.80854E+01
4.6356201E+06,-9.90054E+01
4.6358109E+06,-1.08985E+02
4.6360016E+06,-9.84054E+01
4.6361923E+06,-1.02625E+02
4.6363831E+06,-9.96054E+01
4.6365738E+06,-1.01225E+02
4.6367645E+06,-1.07425E+02
4.6369553E+06,-1.01825E+02
4.6371460E+06,-9.84654E+01
4.6373367E+06,-1.06385E+02
4.6375275E+06,-9.73054E+01
4.6377182E+06,-1.08365E+02
4.6379089E+06,-1.01185E+02
4.6380997E+06,-9.87654E+01
4.6382904E+06,-9.63054E+01
4.6384811E+06,-1.00385E+02
4.6386719E+06,-9.46454E+01
4.6388626E+06,-9.61054E+01
4.6390533E+06,-1.01625E+02
4.6392441E+06,-1.12325E+02
4.6394348E+06,-9.90854E+01
4.6396255E+06,-1.03925E+02
4.6398163E+06,-9.89854E+01
4.6400070E+06,-9.69254E+01
4.6401978E+06,-1.00025E+02
4.6403885E+06,-1.03265E+02
4.6405792E+06,-9.61454E+01
4.6407700E+06,-9.40854E+01
4.6409607E+06,-9.63254E+01
4.6411514E+06,-9.29654E+01
4.6413422E+06,-9.30654E+01
4.6415329E+06,-9.52254E+01
4.6417236E+06,-9.51854E+01
4.6419144E+06,-9.71654E+01
4.6421051E+06,-9.52454E+01
4.6422958E+06,-1.04665E+02
4.6424866E+06,-1.04965E+02
4.6426773E+06,-1.06625E+02
4.6428680E+06,-1.00505E+02
4.6430588E+06,-9.46654E+01
4.6432495E+06,-9.67854E+01
4.6434402E+06,-9.85254E+01
4.6436310E+06,-9.52254E+01
4.6438217E+06,-1.09945E+02
4.6440125E+06,-9.66054E+01
4.6442032E+06,-9.88054E+01
4.6443939E+06,-1.02865E+02
4.6445847E+06,-1.13365E+02
4.6447754E+06,-9.74454E+01
4.6449661E+06,-9.75654E+01
4.6451569E+06,-1.08045E+02
4.6453476E+06,-1.06905E+02
4.6455383E+06,-1.03585E+02
4.6457291E+06,-9.62654E+01
4.6459198E+06,-9.80654E+01
4.6461105E+06,-1.07885E+02
4.6463013E+06,-1.05125E+02
4.6464920E+06,-1.01345E+02
4.6466827E+06,-1.00305E+02
4.6468735E+06,-1.01485E+02
4.6470642E+06,-1.09665E+02
4.6472549E+06,-1.03185E+02
4.6474457E+06,-9.94854E+01
4.6476364E+06,-9.92454E+01
4.6478271E+06,-1.18485E+02
4.6480179E+06,-1.00245E+02
4.6482086E+06,-1.02325E+02
4.6483994E+06,-1.00585E+02
4.6485901E+06,-1.03225E+02
4.6487808E+06,-1.03125E+02
4.6489716E+06,-1.04985E+02
4.6491623E+06,-9.61054E+01
4.6493530E+06,-9.49254E+01
4.6495438E+06,-9.40454E+01
4.6497345E+06,-9.15854E+01
4.6499252E+06,-9.48654E+01
4.6501160E+06,-1.00505E+02
4.6503067E+06,-1.07705E+02
4.6504974E+06,-1.11225E+02
4.6506882E+06,-1.02305E+02
4.6508789E+06,-9.92054E+01
4.6510696E+06,-1.02865E+02
4.6512604E+06,-9.44054E+01
4.6514511E+06,-9.52854E+01
4.6516418E+06,-1.00765E+02
4.6518326E+06,-1.02585E+02
4.6520233E+06,-9.87054E+01
4.6522141E+06,-1.03705E+02
4.6524048E+06,-9.48054E+01
4.6525955E+06,-9.48854E+01
4.6527863E+06,-9.74654E+01
4.6529770E+06,-9.62454E+01
4.6531677E+06,-9.67054E+01
4.6533585E+06,-1.04385E+02
4.6535492E+06,-1.17825E+02
4.6537399E+06,-1.00705E+02
4.6539307E+06,-9.68654E+01
4.6541214E+06,-1.00925E+02
4.6543121E+06,-1.03125E+02
4.6545029E+06,-1.06025E+02
4.6546936E+06,-9.88254E+01
4.6548843E+06,-9.78254E+01
4.6550751E+06,-9.91854E+01
4.6552658E+06,-9.68054E+01
4.6554565E+06,-9.77054E+01
4.6556473E+06,-9.38054E+01
4.6558380E+06,-9.62054E+01
4.6560287E+06,-1.04505E+02
4.6562195E+06,-9.46454E+01
4.6564102E+06,-9.50454E+01
4.6566010E+06,-9.86854E+01
4.6567917E+06,-9.37654E+01
4.6569824E+06,-9.52654E+01
4.6571732E+06,-9.54054E+01
4.6573639E+06,-9.54654E+01
4.6575546E+06,-1.01385E+02
4.6577454E+06,-1.08805E+02
4.6579361E+06,-1.05445E+02
4.6581268E+06,-1.04725E+02
4.6583176E+06,-1.01705E+02
4.6585083E+06,-9.99854E+01
4.6586990E+06,-1.13545E+02
4.6588898E+06,-1.03545E+02
4.6590805E+06,-9.64454E+01
4.6592712E+06,-1.00705E+02
4.6594620E+06,-9.76254E+01
4.6596527E+06,-9.75854E+01
4.6598434E+06,-9.85454E+01
4.6600342E+06,-1.06645E+02
4.6602249E+06,-9.83254E+01
4.6604156E+06,-9.86254E+01
4.6606064E+06,-1.13125E+02
4.6607971E+06,-1.04645E+02
4.6609879E+06,-1.15945E+02
4.6611786E+06,-1.18225E+02
4.6613693E+06,-1.02645E+02
4.6615601E+06,-1.00345E+02
4.6617508E+06,-1.06585E+02
4.6619415E+06,-1.02085E+02
4.6621323E+06,-9.60054E+01
4.6623230E+06,-9.78054E+01
4.6625137E+06,-9.96854E+01
4.6627045E+06,-1.02705E+02
4.6628952E+06,-1.08945E+02
4.6630859E+06,-9.96454E+01
4.6632767E+06,-9.45854E+01
4.6634674E+06,-9.54654E+01
4.6636581E+06,-9.66254E+01
4.6638489E+06,-1.00365E+02
4.6640396E+06,-1.07285E+02
4.6642303E+06,-9.98254E+01
4.6644211E+06,-9.84054E+01
4.6646118E+06,-1.01905E+02
4.6648026E+06,-1.07245E+02
4.6649933E+06,-1.09785E+02
4.6651840E+06,-1.02245E+02
4.6653748E+06,-9.83854E+01
4.6655655E+06,-1.02485E+02
4.6657562E+06,-9.60054E+01
4.6659470E+06,-9.71654E+01
4.6661377E+06,-9.96054E+01
4.6663284E+06,-1.02305E+02
4.6665192E+06,-9.93254E+01
4.6667099E+06,-1.04265E+02
4.6669006E+06,-9.93654E+01
4.6670914E+06,-1.00185E+02
4.6672821E+06,-1.04185E+02
4.6674728E+06,-9.90054E+01
4.6676636E+06,-9.97254E+01
4.6678543E+06,-1.01945E+02
4.6680450E+06,-9.80454E+01
4.6682358E+06,-9.90054E+01
4.6684265E+06,-1.01065E+02
4.6686172E+06,-9.88854E+01
4.6688080E+06,-9.61254E+01
4.6689987E+06,-9.75054E+01
4.6691895E+06,-1.14525E+02
4.6693802E+06,-1.01145E+02
4.6695709E+06,-9.78654E+01
4.6697617E+06,-1.05685E+02
4.6699524E+06,-1.04865E+02
4.6701431E+06,-1.02685E+02
4.6703339E+06,-1.00325E+02
4.6705246E+06,-9.72654E+01
4.6707153E+06,-9.70254E+01
4.6709061E+06,-9.63454E+01
4.6710968E+06,-9.97454E+01
4.6712875E+06,-1.01765E+02
4.6714783E+06,-1.00305E+02
4.6716690E+06,-1.04505E+02
4.6718597E+06,-1.06685E+02
4.6720505E+06,-1.04325E+02
4.6722412E+06,-1.03805E+02
4.6724319E+06,-9.82854E+01
4.6726227E+06,-1.23325E+02
4.6728134E+06,-1.08765E+02
4.6730042E+06,-1.03845E+02
4.6731949E+06,-1.03365E+02
4.6733856E+06,-1.06765E+02
4.6735764E+06,-1.01125E+02
4.6737671E+06,-1.05545E+02
4.6739578E+06,-1.01305E+02
4.6741486E+06,-9.43854E+01
4.6743393E+06,-9.69254E+01
4.6745300E+06,-9.49654E+01
4.6747208E+06,-9.10454E+01
4.6749115E+06,-9.03254E+01
4.6751022E+06,-9.18254E+01
4.6752930E+06,-9.48654E+01
4.6754837E+06,-9.61854E+01
4.6756744E+06,-9.71054E+01
4.6758652E+06,-1.04145E+02
4.6760559E+06,-9.50854E+01
4.6762466E+06,-9.99054E+01
4.6764374E+06,-9.80654E+01
4.6766281E+06,-9.80054E+01
4.6768188E+06,-9.73854E+01
4.6770096E+06,-9.47454E+01
4.6772003E+06,-9.62454E+01
4.6773911E+06,-1.01665E+02
4.6775818E+06,-1.02385E+02
4.6777725E+06,-1.00625E+02
4.6779633E+06,-9.66254E+01
4.6781540E+06,-9.66254E+01
4.6783447E+06,-9.57254E+01
4.6785355E+06,-9.66254E+01
4.6787262E+06,-1.01945E+02
4.6789169E+06,-1.15905E+02
4.6791077E+06,-9.84454E+01
4.6792984E+06,-9.37054E+01
4.6794891E+06,-9.70454E+01
4.6796799E+06,-1.03325E+02
4.6798706E+06,-1.05885E+02
4.6800613E+06,-9.87454E+01
4.6802521E+06,-9.59854E+01
4.6804428E+06,-1.21145E+02
4.6806335E+06,-9.88254E+01
4.6808243E+06,-1.04225E+02
4.6810150E+06,-1.00425E+02
4.6812057E+06,-9.38454E+01
4.6813965E+06,-9.73054E+01
4.6815872E+06,-1.08805E+02
4.6817780E+06,-9.73054E+01
4.6819687E+06,-9.19054E+01
4.6821594E+06,-9.80254E+01
4.6823502E+06,-9.48054E+01
4.6825409E+06,-9.23054E+01
4.6827316E+06,-9.59054E+01
4.6829224E+06,-9.74254E+01
4.6831131E+06,-1.02085E+02
4.6833038E+06,-1.00885E+02
4.6834946E+06,-9.78054E+01
4.6836853E+06,-9.71854E+01
4.6838760E+06,-9.90054E+01
4.6840668E+06,-9.93854E+01
4.6842575E+06,-1.02645E+02
4.6844482E+06,-1.04225E+02
4.6846390E+06,-9.83454E+01
4.6848297E+06,-9.73854E+01
4.6850204E+06,-9.29054E+01
4.6852112E+06,-9.42254E+01
4.6854019E+06,-9.74654E+01
4.6855927E+06,-9.63254E+01
4.6857834E+06,-9.59454E+01
4.6859741E+06,-9.70454E+01
4.6861649E+06,-1.02745E+02
4.6863556E+06,-1.00865E+02
4.6865463E+06,-1.03305E+02
4.6867371E+06,-1.05125E+02
4.6869278E+06,-1.07225E+02
4.6871185E+06,-1.07165E+02
4.6873093E+06,-1.17885E+02
4.6875000E+06,-1.00005E+02
4.6876907E+06,-1.01525E+02
4.6878815E+06,-1.02585E+02
4.6880722E+06,-1.06225E+02
4.6882629E+06,-9.84854E+01
4.6884537E+06,-9.79054E+01
4.6886444E+06,-1.00765E+02
4.6888351E+06,-9.59254E+01
4.6890259E+06,-9.66254E+01
4.6892166E+06,-1.07605E+02
4.6894073E+06,-9.73654E+01
4.6895981E+06,-9.82854E+01
4.6897888E+06,-1.02925E+02
4.6899796E+06,-1.03625E+02
4.6901703E+06,-1.01065E+02
4.6903610E+06,-1.01525E+02
4.6905518E+06,-1.05505E+02
4.6907425E+06,-1.07285E+02
4.6909332E+06,-9.99254E+01
4.6911240E+06,-9.70054E+01
4.6913147E+06,-9.81054E+01
4.6915054E+06,-9.87054E+01
4.6916962E+06,-1.04665E+02
4.6918869E+06,-1.08325E+02
4.6920776E+06,-1.09485E+02
4.6922684E+06,-9.67054E+01
4.6924591E+06,-9.71454E+01
4.6926498E+06,-1.01145E+02
4.6928406E+06,-1.03085E+02
4.6930313E+06,-1.02585E+02
4.6932220E+06,-1.14525E+02
4.6934128E+06,-1.03405E+02
4.6936035E+06,-1.05985E+02
4.6937943E+06,-9.93454E+01
4.6939850E+06,-1.04085E+02
4.6941757E+06,-9.76854E+01
4.6943665E+06,-9.53654E+01
4.6945572E+06,-1.01165E+02
4.6947479E+06,-1.01645E+02
4.6949387E+06,-1.00185E+02
4.6951294E+06,-9.76654E+01
4.6953201E+06,-9.56654E+01
4.6955109E+06,-1.01445E+02
4.6957016E+06,-1.02705E+02
4.6958923E+06,-9.73654E+01
4.6960831E+06,-9.38454E+01
4.6962738E+06,-9.66254E+01
4.6964645E+06,-9.40854E+01
4.6966553E+06,-9.64254E+01
4.6968460E+06,-9.68654E+01
4.6970367E+06,-9.83054E+01
4.6972275E+06,-1.07225E+02
4.6974182E+06,-1.02805E+02
4.6976089E+06,-1.05085E+02
4.6977997E+06,-1.00165E+02
4.6979904E+06,-9.66654E+01
4.6981812E+06,-1.11505E+02
4.6983719E+06,-9.63654E+01
4.6985626E+06,-9.55654E+01
4.6987534E+06,-1.08685E+02
4.6989441E+06,-9.85054E+01
4.6991348E+06,-9.89054E+01
4.6993256E+06,-1.02165E+02
4.6995163E+06,-1.03465E+02
4.6997070E+06,-9.60454E+01
4.6998978E+06,-9.67054E+01
4.7000885E+06,-9.74454E+01
4.7002792E+06,-9.56254E+01
4.7004700E+06,-9.85654E+01
4.7006607E+06,-1.02565E+02
4.7008514E+06,-9.95854E+01
4.7010422E+06,-9.58454E+01
4.7012329E+06,-9.24854E+01
4.7014236E+06,-9.83254E+01
4.7016144E+06,-9.96654E+01
4.7018051E+06,-1.05205E+02
4.7019958E+06,-1.01185E+02
4.7021866E+06,-1.00925E+02
4.7023773E+06,-1.08465E+02
4.7025681E+06,-1.02225E+02
4.7027588E+06,-9.88454E+01
4.7029495E+06,-9.67654E+01
4.7031403E+06,-9.79854E+01
4.7033310E+06,-9.98654E+01
4.7035217E+06,-9.56654E+01
4.7037125E+06,-1.02585E+02
4.7039032E+06,-1.06705E+02
4.7040939E+06,-9.84054E+01
4.7042847E+06,-9.22054E+01
4.7044754E+06,-9.82654E+01
4.7046661E+06,-1.05725E+02
4.7048569E+06,-1.12985E+02
4.7050476E+06,-1.14585E+02
4.7052383E+06,-9.84654E+01
4.7054291E+06,-9.47254E+01
4.7056198E+06,-1.01785E+02
4.7058105E+06,-1.00505E+02
4.7060013E+06,-9.92454E+01
4.7061920E+06,-9.74454E+01
4.7063828E+06,-9.09054E+01
4.7065735E+06,-9.62454E+01
4.7067642E+06,-1.06985E+02
4.7069550E+06,-9.98654E+01
4.7071457E+06,-9.61454E+01
4.7073364E+06,-1.06805E+02
4.7075272E+06,-9.65854E+01
4.7077179E+06,-9.49654E+01
4.7079086E+06,-1.13805E+02
4.7080994E+06,-9.48254E+01
4.7082901E+06,-9.40454E+01
4.7084808E+06,-1.08965E+02
4.7086716E+06,-9.47254E+01
4.7088623E+06,-9.37254E+01
4.7090530E+06,-9.43654E+01
4.7092438E+06,-9.83254E+01
4.7094345E+06,-1.00665E+02
4.7096252E+06,-1.02505E+02
4.7098160E+06,-9.62054E+01
4.7100067E+06,-9.62654E+01
4.7101974E+06,-1.03405E+02
4.7103882E+06,-1.03925E+02
4.7105789E+06,-9.72054E+01
4.7107697E+06,-9.64454E+01
4.7109604E+06,-9.58854E+01
4.7111511E+06,-9.36254E+01
4.7113419E+06,-1.00045E+02
4.7115326E+06,-9.61054E+01
4.7117233E+06,-8.96054E+01
4.7119141E+06,-9.36254E+01
4.7121048E+06,-1.11665E+02
4.7122955E+06,-1.09945E+02
4.7124863E+06,-9.31254E+01
4.7126770E+06,-9.22054E+01
4.7128677E+06,-9.85854E+01
4.7130585E+06,-1.02905E+02
4.7132492E+06,-9.49454E+01
4.7134399E+06,-9.46854E+01
4.7136307E+06,-9.65054E+01
4.7138214E+06,-1.00725E+02
4.7140121E+06,-1.03125E+02
4.7142029E+06,-1.08785E+02
4.7143936E+06,-1.15365E+02
4.7145844E+06,-9.85454E+01
4.7147751E+06,-9.94654E+01
4.7149658E+06,-1.06925E+02
4.7151566E+06,-1.08865E+02
4.7153473E+06,-1.23885E+02
4.7155380E+06,-1.02085E+02
4.7157288E+06,-1.02485E+02
4.7159195E+06,-9.46054E+01
4.7161102E+06,-9.56054E+01
4.7163010E+06,-1.04285E+02
4.7164917E+06,-1.17385E+02
4.7166824E+06,-9.91854E+01
4.7168732E+06,-9.56654E+01
4.7170639E+06,-9.81854E+01
4.7172546E+06,-1.06745E+02
4.7174454E+06,-1.00025E+02
4.7176361E+06,-1.02085E+02
4.7178268E+06,-1.00865E+02
4.7180176E+06,-1.04605E+02
4.7182083E+06,-1.05245E+02
4.7183990E+06,-1.03405E+02
4.7185898E+06,-9.62254E+01
4.7187805E+06,-1.07705E+02
4.7189713E+06,-9.99454E+01
4.7191620E+06,-1.08165E+02
4.7193527E+06,-1.04865E+02
4.7195435E+06,-1.09945E+02
4.7197342E+06,-9.78254E+01
4.7199249E+06,-9.20054E+01
4.7201157E+06,-9.33054E+01
4.7203064E+06,-9.53654E+01
4.7204971E+06,-9.79654E+01
4.7206879E+06,-1.04525E+02
4.7208786E+06,-1.00365E+02
4.7210693E+06,-1.02585E+02
4.7212601E+06,-1.07825E+02
4.7214508E+06,-1.04885E+02
4.7216415E+06,-1.08385E+02
4.7218323E+06,-1.14265E+02
4.7220230E+06,-1.05145E+02
4.7222137E+06,-9.22454E+01
4.7224045E+06,-9.07854E+01
4.7225952E+06,-9.56054E+01
4.7227859E+06,-9.37654E+01
4.7229767E+06,-9.46454E+01
4.7231674E+06,-9.60654E+01
4.7233582E+06,-9.50054E+01
4.7235489E+06,-9.53454E+01
4.7237396E+06,-9.57054E+01
4.7239304E+06,-9.64254E+01
4.7241211E+06,-9.86254E+01
4.7243118E+06,-1.01685E+02
4.7245026E+06,-1.01805E+02
4.7246933E+06,-9.69854E+01
4.7248840E+06,-9.35854E+01
4.7250748E+06,-9.43654E+01
4.7252655E+06,-1.06485E+02
4.7254562E+06,-1.07625E+02
4.7256470E+06,-9.70254E+01
4.7258377E+06,-9.48254E+01
4.7260284E+06,-9.93054E+01
4.7262192E+06,-1.02625E+02
4.7264099E+06,-9.74254E+01
4.7266006E+06,-1.02165E+02
4.7267914E+06,-9.77454E+01
4.7269821E+06,-9.22254E+01
4.7271729E+06,-9.62054E+01
4.7273636E+06,-1.01305E+02
4.7275543E+06,-1.04545E+02
4.7277451E+06,-1.07745E+02
4.7279358E+06,-1.02485E+02
4.7281265E+06,-9.90054E+01
4.7283173E+06,-1.00065E+02
4.7285080E+06,-9.90454E+01
4.7286987E+06,-1.00565E+02
4.7288895E+06,-9.87654E+01
4.7290802E+06,-9.92054E+01
4.7292709E+06,-1.07005E+02
4.7294617E+06,-1.11525E+02
4.7296524E+06,-9.82254E+01
4.7298431E+06,-1.00225E+02
4.7300339E+06,-1.14225E+02
4.7302246E+06,-1.07365E+02
4.7304153E+06,-9.79454E+01
4.7306061E+06,-1.00365E+02
4.7307968E+06,-1.11685E+02
4.7309875E+06,-1.08545E+02
4.7311783E+06,-1.04045E+02
4.7313690E+06,-1.05265E+02
4.7315598E+06,-1.03505E+02
4.7317505E+06,-1.00005E+02
4.7319412E+06,-9.72254E+01
4.7321320E+06,-9.98254E+01
4.7323227E+06,-1.04285E+02
4.7325134E+06,-1.03665E+02
4.7327042E+06,-1.07385E+02
4.7328949E+06,-9.72454E+01
4.7330856E+06,-9.91654E+01
4.7332764E+06,-1.02065E+02
4.7334671E+06,-1.02825E+02
4.7336578E+06,-1.02905E+02
4.7338486E+06,-9.91054E+01
4.7340393E+06,-1.03585E+02
4.7342300E+06,-1.05725E+02
4.7344208E+06,-1.03625E+02
4.7346115E+06,-9.68254E+01
4.7348022E+06,-9.33254E+01
4.7349930E+06,-9.18054E+01
4.7351837E+06,-9.25254E+01
4.7353745E+06,-1.00445E+02
4.7355652E+06,-1.11665E+02
4.7357559E+06,-9.68254E+01
4.7359467E+06,-9.22454E+01
4.7361374E+06,-9.35854E+01
4.7363281E+06,-9.68654E+01
4.7365189E+06,-9.60854E+01
4.7367096E+06,-1.00765E+02
4.7369003E+06,-1.00185E+02
4.7370911E+06,-9.62054E+01
4.7372818E+06,-9.56854E+01
4.7374725E+06,-9.88054E+01
4.7376633E+06,-9.83254E+01
4.7378540E+06,-1.00185E+02
4.7380447E+06,-1.03365E+02
4.7382355E+06,-9.96054E+01
4.7384262E+06,-9.60254E+01
4.7386169E+06,-1.00545E+02
4.7388077E+06,-9.37254E+01
4.7389984E+06,-9.18854E+01
4.7391891E+06,-1.15365E+02
4.7393799E+06,-9.40054E+01
4.7395706E+06,-9.46854E+01
4.7397614E+06,-1.04225E+02
4.7399521E+06,-1.01405E+02
4.7401428E+06,-9.93054E+01
4.7403336E+06,-1.03885E+02
4.7405243E+06,-1.02165E+02
4.7407150E+06,-1.01165E+02
4.7409058E+06,-1.02765E+02
4.7410965E+06,-9.89454E+01
4.7412872E+06,-9.60654E+01
4.7414780E+06,-1.00325E+02
4.7416687E+06,-1.07965E+02
4.7418594E+06,-9.76854E+01
4.7420502E+06,-9.32254E+01
4.7422409E+06,-9.50654E+01
4.7424316E+06,-9.49054E+01
4.7426224E+06,-9.66254E+01
4.7428131E+06,-1.09845E+02
4.7430038E+06,-9.91254E+01
4.7431946E+06,-1.00805E+02
4.7433853E+06,-1.13445E+02
4.7435760E+06,-1.09945E+02
4.7437668E+06,-1.00265E+02
4.7439575E+06,-1.07545E+02
4.7441483E+06,-9.96854E+01
4.7443390E+06,-9.80054E+01
4.7445297E+06,-1.08185E+02
4.7447205E+06,-1.00625E+02
4.7449112E+06,-1.07185E+02
4.7451019E+06,-9.76254E+01
4.7452927E+06,-1.00285E+02
4.7454834E+06,-9.83854E+01
4.7456741E+06,-1.03725E+02
4.7458649E+06,-9.92854E+01
4.7460556E+06,-1.02445E+02
4.7462463E+06,-1.02745E+02
4.7464371E+06,-9.58854E+01
4.7466278E+06,-9.28254E+01
4.7468185E+06,-9.71254E+01
4.7470093E+06,-1.08025E+02
4.7472000E+06,-1.21685E+02
4.7473907E+06,-1.06265E+02
4.7475815E+06,-9.94054E+01
4.7477722E+06,-9.76454E+01
4.7479630E+06,-1.02625E+02
4.7481537E+06,-1.04045E+02
4.7483444E+06,-1.04425E+02
4.7485352E+06,-1.10225E+02
4.7487259E+06,-1.14085E+02
4.7489166E+06,-9.53054E+01
4.7491074E+06,-9.58854E+01
4.7492981E+06,-1.00345E+02
4.7494888E+06,-1.18085E+02
4.7496796E+06,-9.56654E+01
4.7498703E+06,-9.76054E+01
4.7500610E+06,-1.01885E+02
4.7502518E+06,-9.98454E+01
4.7504425E+06,-1.02985E+02
4.7506332E+06,-9.44054E+01
4.7508240E+06,-9.50054E+01
4.7510147E+06,-1.02685E+02
4.7512054E+06,-1.03625E+02
4.7513962E+06,-1.03025E+02
4.7515869E+06,-9.83054E+01
4.7517776E+06,-9.87054E+01
4.7519684E+06,-9.60854E+01
4.7521591E+06,-9.71254E+01
4.7523499E+06,-1.03545E+02
4.7525406E+06,-1.07405E+02
4.7527313E+06,-1.03445E+02
4.7529221E+06,-1.09405E+02
4.7531128E+06,-1.09945E+02
4.7533035E+06,-9.78654E+01
4.7534943E+06,-9.77054E+01
4.7536850E+06,-9.40454E+01
4.7538757E+06,-9.23654E+01
4.7540665E+06,-9.73654E+01
4.7542572E+06,-1.02805E+02
4.7544479E+06,-1.00525E+02
4.7546387E+06,-1.08485E+02
4.7548294E+06,-9.66054E+01
4.7550201E+06,-9.70054E+01
4.7552109E+06,-1.06885E+02
4.7554016E+06,-1.02825E+02
4.7555923E+06,-9.41854E+01
4.7557831E+06,-9.66054E+01
4.7559738E+06,-1.11005E+02
4.7561646E+06,-1.04005E+02
4.7563553E+06,-1.02625E+02
4.7565460E+06,-1.02245E+02
4.7567368E+06,-1.26885E+02
4.7569275E+06,-9.90854E+01
4.7571182E+06,-9.54254E+01
4.7573090E+06,-9.41454E+01
4.7574997E+06,-9.39654E+01
4.7576904E+06,-9.82054E+01
4.7578812E+06,-1.01805E+02
4.7580719E+06,-1.01545E+02
4.7582626E+06,-1.02565E+02
4.7584534E+06,-1.07985E+02
4.7586441E+06,-1.01505E+02
4.7588348E+06,-1.00365E+02
4.7590256E+06,-9.23054E+01
4.7592163E+06,-9.24254E+01
4.7594070E+06,-9.73454E+01
4.7595978E+06,-9.93254E+01
4.7597885E+06,-1.04085E+02
4.7599792E+06,-1.01545E+02
4.7601700E+06,-1.08865E+02
4.7603607E+06,-9.98654E+01
4.7605515E+06,-9.72854E+01
4.7607422E+06,-9.91254E+01
4.7609329E+06,-9.51654E+01
4.7611237E+06,-9.62854E+01
4.7613144E+06,-9.23054E+01
4.7615051E+06,-9.22254E+01
4.7616959E+06,-1.04225E+02
4.7618866E+06,-1.00665E+02
4.7620773E+06,-1.01045E+02
4.7622681E+06,-1.04945E+02
4.7624588E+06,-9.29054E+01
4.7626495E+06,-9.04654E+01
4.7628403E+06,-9.84854E+01
4.7630310E+06,-1.00365E+02
4.7632217E+06,-1.06645E+02
4.7634125E+06,-9.79654E+01
4.7636032E+06,-1.02645E+02
4.7637939E+06,-1.03805E+02
4.7639847E+06,-1.09445E+02
4.7641754E+06,-1.03185E+02
4.7643661E+06,-1.01585E+02
4.7645569E+06,-9.80854E+01
4.7647476E+06,-9.91254E+01
4.7649384E+06,-1.00325E+02
4.7651291E+06,-1.05665E+02
4.7653198E+06,-9.89854E+01
4.7655106E+06,-9.82454E+01
4.7657013E+06,-9.39654E+01
4.7658920E+06,-9.39254E+01
4.7660828E+06,-9.54454E+01
4.7662735E+06,-1.05225E+02
4.7664642E+06,-9.37054E+01
4.7666550E+06,-9.67054E+01
4.7668457E+06,-1.11165E+02
4.7670364E+06,-9.50054E+01
4.7672272E+06,-9.56054E+01
4.7674179E+06,-1.08105E+02
4.7676086E+06,-1.13225E+02
4.7677994E+06,-1.00725E+02
4.7679901E+06,-9.49454E+01
4.7681808E+06,-9.62854E+01
4.7683716E+06,-1.00845E+02
4.7685623E+06,-1.00325E+02
4.7687531E+06,-1.07645E+02
4.7689438E+06,-1.00885E+02
4.7691345E+06,-1.22145E+02
4.7693253E+06,-9.85054E+01
4.7695160E+06,-9.97054E+01
4.7697067E+06,-9.58854E+01
4.7698975E+06,-9.68654E+01
4.7700882E+06,-1.02365E+02
4.7702789E+06,-1.03845E+02
4.7704697E+06,-1.02865E+02
4.7706604E+06,-1.02905E+02
4.7708511E+06,-9.40454E+01
4.7710419E+06,-9.28054E+01
4.7712326E+06,-9.44254E+01
4.7714233E+06,-9.42254E+01
4.7716141E+06,-9.68454E+01
4.7718048E+06,-9.64254E+01
4.7719955E+06,-9.33054E+01
4.7721863E+06,-9.65854E+01
4.7723770E+06,-1.00845E+02
4.7725677E+06,-9.73054E+01
4.7727585E+06,-1.02685E+02
4.7729492E+06,-1.05525E+02
4.7731400E+06,-9.83254E+01
4.7733307E+06,-1.04185E+02
4.7735214E+06,-1.01085E+02
4.7737122E+06,-1.00185E+02
4.7739029E+06,-9.75254E+01
4.7740936E+06,-9.66854E+01
4.7742844E+06,-1.00205E+02
4.7744751E+06,-1.06165E+02
4.7746658E+06,-9.86454E+01
4.7748566E+06,-9.34654E+01
4.7750473E+06,-9.40454E+01
4.7752380E+06,-9.59454E+01
4.7754288E+06,-9.98654E+01
4.7756195E+06,-9.63454E+01
4.7758102E+06,-9.70654E+01
4.7760010E+06,-9.63254E+01
4.7761917E+06,-9.53854E+01
4.7763824E+06,-9.59854E+01
4.7765732E+06,-9.98654E+01
4.7767639E+06,-1.12445E+02
4.7769547E+06,-1.10385E+02
4.7771454E+06,-1.05785E+02
4.7773361E+06,-1.01365E+02
4.7775269E+06,-9.53654E+01
4.7777176E+06,-9.80454E+01
4.7779083E+06,-9.76654E+01
4.7780991E+06,-9.76454E+01
4.7782898E+06,-9.76654E+01
4.7784805E+06,-1.03725E+02
4.7786713E+06,-1.19165E+02
4.7788620E+06,-9.61054E+01
4.7790527E+06,-9.48654E+01
4.7792435E+06,-9.95054E+01
4.7794342E+06,-9.77454E+01
4.7796249E+06,-9.58254E+01
4.7798157E+06,-1.04185E+02
4.7800064E+06,-1.01065E+02
4.7801971E+06,-1.02145E+02
4.7803879E+06,-9.14054E+01
4.7805786E+06,-8.86454E+01
4.7807693E+06,-9.47254E+01
4.7809601E+06,-1.08285E+02
4.7811508E+06,-9.75454E+01
4.7813416E+06,-1.00425E+02
4.7815323E+06,-1.02745E+02
4.7817230E+06,-1.06005E+02
4.7819138E+06,-1.03725E+02
4.7821045E+06,-1.02085E+02
4.7822952E+06,-1.11505E+02
4.7824860E+06,-1.02085E+02
4.7826767E+06,-1.16425E+02
4.7828674E+06,-9.87854E+01
4.7830582E+06,-9.78454E+01
4.7832489E+06,-1.00185E+02
4.7834396E+06,-1.03165E+02
4.7836304E+06,-1.01325E+02
4.7838211E+06,-9.86854E+01
4.7840118E+06,-1.07605E+02
4.7842026E+06,-1.06285E+02
4.7843933E+06,-9.98254E+01
4.7845840E+06,-1.04985E+02
4.7847748E+06,-9.82654E+01
4.7849655E+06,-9.28654E+01
4.7851562E+06,-9.69254E+01
4.7853470E+06,-1.07885E+02
4.7855377E+06,-1.05805E+02
4.7857285E+06,-9.89254E+01
4.7859192E+06,-1.01685E+02
4.7861099E+06,-1.03625E+02
4.7863007E+06,-9.89054E+01
4.7864914E+06,-1.02205E+02
4.7866821E+06,-9.99254E+01
4.7868729E+06,-9.49054E+01
4.7870636E+06,-9.69654E+01
4.7872543E+06,-9.52854E+01
4.7874451E+06,-9.33054E+01
4.7876358E+06,-1.02325E+02
4.7878265E+06,-1.00145E+02
4.7880173E+06,-9.28054E+01
4.7882080E+06,-1.00225E+02
4.7883987E+06,-1.02585E+02
4.7885895E+06,-1.08485E+02
4.7887802E+06,-9.95054E+01
4.7889709E+06,-9.18654E+01
4.7891617E+06,-9.17654E+01
4.7893524E+06,-9.60254E+01
4.7895432E+06,-9.88254E+01
4.7897339E+06,-9.15654E+01
4.7899246E+06,-9.93454E+01
4.7901154E+06,-9.63054E+01
4.7903061E+06,-9.65854E+01
4.7904968E+06,-9.51054E+01
4.7906876E+06,-9.62254E+01
4.7908783E+06,-9.98054E+01
4.7910690E+06,-1.05445E+02
4.7912598E+06,-9.84654E+01
4.7914505E+06,-9.77654E+01
4.7916412E+06,-1.05605E+02
4.7918320E+06,-1.05565E+02
4.7920227E+06,-1.02245E+02
4.7922134E+06,-1.00365E+02
4.7924042E+06,-1.22585E+02
4.7925949E+06,-9.79054E+01
4.7927856E+06,-9.95654E+01
4.7929764E+06,-1.14985E+02
4.7931671E+06,-9.97254E+01
4.7933578E+06,-9.47454E+01
4.7935486E+06,-9.85854E+01
4.7937393E+06,-1.02805E+02
4.7939301E+06,-9.89054E+01
4.7941208E+06,-9.97854E+01
4.7943115E+06,-1.01205E+02
4.7945023E+06,-1.05185E+02
4.7946930E+06,-1.03125E+02
4.7948837E+06,-1.00585E+02
4.7950745E+06,-1.05165E+02
4.7952652E+06,-9.78654E+01
4.7954559E+06,-9.47454E+01
4.7956467E+06,-1.00925E+02
4.7958374E+06,-9.79654E+01
4.7960281E+06,-9.34054E+01
4.7962189E+06,-9.48454E+01
4.7964096E+06,-9.59854E+01
4.7966003E+06,-1.03085E+02
4.7967911E+06,-9.97854E+01
4.7969818E+06,-9.50454E+01
4.7971725E+06,-9.43654E+01
4.7973633E+06,-9.59854E+01
4.7975540E+06,-1.03265E+02
4.7977448E+06,-1.12905E+02
4.7979355E+06,-9.94054E+01
4.7981262E+06,-9.60454E+01
4.7983170E+06,-9.29054E+01
4.7985077E+06,-9.56054E+01
4.7986984E+06,-9.49854E+01
4.7988892E+06,-9.80454E+01
4.7990799E+06,-1.06105E+02
4.7992706E+06,-9.77054E+01
4.7994614E+06,-9.84854E+01
4.7996521E+06,-1.00565E+02
4.7998428E+06,-1.00785E+02
4.8000336E+06,-1.01985E+02
4.8002243E+06,-1.05565E+02
4.8004150E+06,-1.04005E+02
4.8006058E+06,-9.93454E+01
4.8007965E+06,-9.44254E+01
4.8009872E+06,-9.15654E+01
4.8011780E+06,-9.08054E+01
4.8013687E+06,-9.36254E+01
4.8015594E+06,-1.06845E+02
4.8017502E+06,-1.05745E+02
4.8019409E+06,-9.87854E+01
4.8021317E+06,-9.67254E+01
4.8023224E+06,-1.09285E+02
4.8025131E+06,-9.56854E+01
4.8027039E+06,-9.62054E+01
4.8028946E+06,-1.02705E+02
4.8030853E+06,-1.07785E+02
4.8032761E+06,-1.04665E+02
4.8034668E+06,-9.72854E+01
4.8036575E+06,-9.48454E+01
4.8038483E+06,-9.93854E+01
4.8040390E+06,-1.05205E+02
4.8042297E+06,-9.82454E+01
4.8044205E+06,-9.65654E+01
4.8046112E+06,-9.49054E+01
4.8048019E+06,-9.67254E+01
4.8049927E+06,-1.01685E+02
4.8051834E+06,-1.03185E+02
4.8053741E+06,-9.86854E+01
4.8055649E+06,-1.02425E+02
4.8057556E+06,-1.00145E+02
4.8059464E+06,-9.50854E+01
4.8061371E+06,-9.89054E+01
4.8063278E+06,-1.06865E+02
4.8065186E+06,-9.84854E+01
4.8067093E+06,-9.43854E+01
4.8069000E+06,-1.00925E+02
4.8070908E+06,-1.09845E+02
4.8072815E+06,-9.63854E+01
4.8074722E+06,-9.17054E+01
4.8076630E+06,-9.15854E+01
4.8078537E+06,-9.35854E+01
4.8080444E+06,-9.79454E+01
4.8082352E+06,-1.00305E+02
4.8084259E+06,-9.45654E+01
4.8086166E+06,-9.48254E+01
4.8088074E+06,-9.50454E+01
4.8089981E+06,-9.80654E+01
4.8091888E+06,-9.68054E+01
4.8093796E+06,-9.53254E+01
4.8095703E+06,-1.00545E+02
4.8097610E+06,-1.10825E+02
4.8099518E+06,-9.91654E+01
4.8101425E+06,-9.69654E+01
4.8103333E+06,-9.96854E+01
4.8105240E+06,-1.01885E+02
4.8107147E+06,-1.02685E+02
4.8109055E+06,-1.01825E+02
4.8110962E+06,-9.50454E+01
4.8112869E+06,-9.73054E+01
4.8114777E+06,-1.11525E+02
4.8116684E+06,-9.87854E+01
4.8118591E+06,-9.96054E+01
4.8120499E+06,-1.05585E+02
4.8122406E+06,-1.22225E+02
4.8124313E+06,-1.01285E+02
4.8126221E+06,-9.74254E+01
4.8128128E+06,-1.10965E+02
4.8130035E+06,-1.03025E+02
4.8131943E+06,-1.00005E+02
4.8133850E+06,-9.52854E+01
4.8135757E+06,-9.72054E+01
4.8137665E+06,-9.70654E+01
4.8139572E+06,-9.59054E+01
4.8141479E+06,-9.84054E+01
4.8143387E+06,-1.02005E+02
4.8145294E+06,-1.02125E+02
4.8147202E+06,-1.05125E+02
4.8149109E+06,-1.05065E+02
4.8151016E+06,-9.81454E+01
4.8152924E+06,-1.04485E+02
4.8154831E+06,-9.72254E+01
4.8156738E+06,-1.01685E+02
4.8158646E+06,-1.02685E+02
4.8160553E+06,-9.60254E+01
4.8162460E+06,-1.10045E+02
4.8164368E+06,-9.90054E+01
4.8166275E+06,-1.00385E+02
4.8168182E+06,-1.04045E+02
4.8170090E+06,-9.79654E+01
4.8171997E+06,-1.01285E+02
4.8173904E+06,-1.04085E+02
4.8175812E+06,-1.06065E+02
4.8177719E+06,-9.70854E+01
4.8179626E+06,-9.71654E+01
4.8181534E+06,-1.03405E+02
4.8183441E+06,-1.01325E+02
4.8185349E+06,-1.02625E+02
4.8187256E+06,-9.56654E+01
4.8189163E+06,-9.62454E+01
4.8191071E+06,-1.02485E+02
4.8192978E+06,-1.02425E+02
4.8194885E+06,-9.68054E+01
4.8196793E+06,-1.03185E+02
4.8198700E+06,-1.14085E+02
4.8200607E+06,-1.00745E+02
4.8202515E+06,-1.10185E+02
4.8204422E+06,-1.05445E+02
4.8206329E+06,-1.01485E+02
4.8208237E+06,-9.88654E+01
4.8210144E+06,-9.98454E+01
4.8212051E+06,-1.04985E+02
4.8213959E+06,-1.11645E+02
4.8215866E+06,-1.12965E+02
4.8217773E+06,-9.92454E+01
4.8219681E+06,-1.05405E+02
4.8221588E+06,-1.01625E+02
4.8223495E+06,-1.04725E+02
4.8225403E+06,-1.00225E+02
4.8227310E+06,-9.74654E+01
4.8229218E+06,-1.00645E+02
4.8231125E+06,-1.04265E+02
4.8233032E+06,-9.91654E+01
4.8234940E+06,-1.02165E+02
4.8236847E+06,-1.16885E+02
4.8238754E+06,-1.14185E+02
4.8240662E+06,-1.02905E+02
4.8242569E+06,-9.99454E+01
4.8244476E+06,-9.58654E+01
4.8246384E+06,-9.77654E+01
4.8248291E+06,-9.85254E+01
4.8250198E+06,-9.93454E+01
4.8252106E+06,-9.76654E+01
4.8254013E+06,-9.88454E+01
4.8255920E+06,-9.93254E+01
4.8257828E+06,-9.33054E+01
4.8259735E+06,-9.22454E+01
4.8261642E+06,-1.03365E+02
4.8263550E+06,-1.05905E+02
4.8265457E+06,-9.72254E+01
4.8267365E+06,-9.25854E+01
4.8269272E+06,-9.59454E+01
4.8271179E+06,-1.02225E+02
4.8273087E+06,-1.12005E+02
4.8274994E+06,-1.03025E+02
4.8276901E+06,-1.00545E+02
4.8278809E+06,-1.04365E+02
4.8280716E+06,-9.82054E+01
4.8282623E+06,-9.30854E+01
4.8284531E+06,-9.24254E+01
4.8286438E+06,-9.45254E+01
4.8288345E+06,-1.06645E+02
4.8290253E+06,-1.03885E+02
4.8292160E+06,-1.04265E+02
4.8294067E+06,-1.00485E+02
4.8295975E+06,-1.02645E+02
4.8297882E+06,-1.01905E+02
4.8299789E+06,-1.04445E+02
4.8301697E+06,-1.03705E+02
4.8303604E+06,-1.08285E+02
4.8305511E+06,-1.06285E+02
4.8307419E+06,-9.81654E+01
4.8309326E+06,-1.03665E+02
4.8311234E+06,-9.17854E+01
4.8313141E+06,-9.31254E+01
4.8315048E+06,-1.18425E+02
4.8316956E+06,-1.02625E+02
4.8318863E+06,-9.84054E+01
4.8320770E+06,-9.82054E+01
4.8322678E+06,-1.05005E+02
4.8324585E+06,-1.06245E+02
4.8326492E+06,-1.08925E+02
4.8328400E+06,-1.08365E+02
4.8330307E+06,-1.11025E+02
4.8332214E+06,-9.74254E+01
4.8334122E+06,-9.44254E+01
4.8336029E+06,-9.96254E+01
4.8337936E+06,-1.02965E+02
4.8339844E+06,-1.04145E+02
4.8341751E+06,-1.03065E+02
4.8343658E+06,-9.81654E+01
4.8345566E+06,-9.58654E+01
4.8347473E+06,-9.84854E+01
4.8349380E+06,-1.00105E+02
4.8351288E+06,-1.02285E+02
4.8353195E+06,-9.87454E+01
4.8355103E+06,-9.22254E+01
4.8357010E+06,-9.40454E+01
4.8358917E+06,-1.03325E+02
4.8360825E+06,-9.95254E+01
4.8362732E+06,-1.00005E+02
4.8364639E+06,-1.03065E+02
4.8366547E+06,-9.57854E+01
4.8368454E+06,-9.76854E+01
4.8370361E+06,-1.10125E+02
4.8372269E+06,-9.68854E+01
4.8374176E+06,-9.68854E+01
4.8376083E+06,-1.01025E+02
4.8377991E+06,-1.04565E+02
4.8379898E+06,-1.16425E+02
4.8381805E+06,-1.04905E+02
4.8383713E+06,-9.58054E+01
4.8385620E+06,-9.81254E+01
4.8387527E+06,-1.06245E+02
4.8389435E+06,-1.05665E+02
4.8391342E+06,-9.59654E+01
4.8393250E+06,-9.86454E+01
4.8395157E+06,-9.74254E+01
4.8397064E+06,-9.52454E+01
4.8398972E+06,-1.02325E+02
4.8400879E+06,-1.00325E+02
4.8402786E+06,-9.49454E+01
4.8404694E+06,-9.77654E+01
4.8406601E+06,-1.00145E+02
4.8408508E+06,-1.14605E+02
4.8410416E+06,-9.65254E+01
4.8412323E+06,-9.01854E+01
4.8414230E+06,-9.57254E+01
4.8416138E+06,-9.73854E+01
4.8418045E+06,-9.85454E+01
4.8419952E+06,-9.58654E+01
4.8421860E+06,-9.92054E+01
4.8423767E+06,-9.89454E+01
4.8425674E+06,-9.77854E+01
4.8427582E+06,-1.01005E+02
4.8429489E+06,-9.65654E+01
4.8431396E+06,-9.29854E+01
4.8433304E+06,-9.70854E+01
4.8435211E+06,-1.05585E+02
4.8437119E+06,-1.08305E+02
4.8439026E+06,-1.01505E+02
4.8440933E+06,-1.01225E+02
4.8442841E+06,-1.01285E+02
4.8444748E+06,-9.71054E+01
4.8446655E+06,-9.04854E+01
4.8448563E+06,-9.43054E+01
4.8450470E+06,-1.03765E+02
4.8452377E+06,-1.01625E+02
4.8454285E+06,-9.63654E+01
4.8456192E+06,-1.02445E+02
4.8458099E+06,-1.00345E+02
4.8460007E+06,-9.58054E+01
4.8461914E+06,-9.97254E+01
4.8463821E+06,-9.90454E+01
4.8465729E+06,-9.85854E+01
4.8467636E+06,-1.04265E+02
4.8469543E+06,-9.88054E+01
4.8471451E+06,-9.54854E+01
4.8473358E+06,-9.81254E+01
4.8475266E+06,-1.03305E+02
4.8477173E+06,-9.62054E+01
4.8479080E+06,-9.59854E+01
4.8480988E+06,-1.01285E+02
4.8482895E+06,-1.05545E+02
4.8484802E+06,-9.69454E+01
4.8486710E+06,-9.85254E+01
4.8488617E+06,-1.03665E+02
4.8490524E+06,-9.77254E+01
4.8492432E+06,-9.79454E+01
4.8494339E+06,-9.71654E+01
4.8496246E+06,-9.52054E+01
4.8498154E+06,-9.40854E+01
4.8500061E+06,-9.14454E+01
4.8501968E+06,-1.00705E+02
4.8503876E+06,-9.59454E+01
4.8505783E+06,-9.55854E+01
4.8507690E+06,-1.17005E+02
4.8509598E+06,-9.96454E+01
4.8511505E+06,-9.73454E+01
4.8513412E+06,-1.00525E+02
4.8515320E+06,-9.72454E+01
4.8517227E+06,-9.78254E+01
4.8519135E+06,-1.09725E+02
4.8521042E+06,-1.00225E+02
4.8522949E+06,-1.03405E+02
4.8524857E+06,-1.00505E+02
4.8526764E+06,-1.00985E+02
4.8528671E+06,-1.04425E+02
4.8530579E+06,-1.04925E+02
4.8532486E+06,-1.20625E+02
4.8534393E+06,-1.07405E+02
4.8536301E+06,-9.96454E+01
4.8538208E+06,-9.57254E+01
4.8540115E+06,-9.83254E+01
4.8542023E+06,-9.70254E+01
4.8543930E+06,-9.90454E+01
4.8545837E+06,-1.07005E+02
4.8547745E+06,-1.02685E+02
4.8549652E+06,-1.11005E+02
4.8551559E+06,-1.17105E+02
4.8553467E+06,-1.04645E+02
4.8555374E+06,-9.98854E+01
4.8557281E+06,-9.51454E+01
4.8559189E+06,-9.16454E+01
4.8561096E+06,-9.50654E+01
4.8563004E+06,-1.02285E+02
4.8564911E+06,-1.00505E+02
4.8566818E+06,-1.01645E+02
4.8568726E+06,-1.13705E+02
4.8570633E+06,-1.01945E+02
4.8572540E+06,-1.00225E+02
4.8574448E+06,-9.64254E+01
4.8576355E+06,-9.11854E+01
4.8578262E+06,-9.49054E+01
4.8580170E+06,-1.09505E+02
4.8582077E+06,-1.00365E+02
4.8583984E+06,-9.39654E+01
4.8585892E+06,-9.21454E+01
4.8587799E+06,-9.25254E+01
4.8589706E+06,-9.50854E+01
4.8591614E+06,-1.03445E+02
4.8593521E+06,-1.00185E+02
4.8595428E+06,-9.82854E+01
4.8597336E+06,-9.84054E+01
4.8599243E+06,-9.77854E+01
4.8601151E+06,-9.58254E+01
4.8603058E+06,-9.48854E+01
4.8604965E+06,-9.37254E+01
4.8606873E+06,-9.21254E+01
4.8608780E+06,-9.43654E+01
4.8610687E+06,-1.15425E+02
4.8612595E+06,-9.53054E+01
4.8614502E+06,-9.67854E+01
4.8616409E+06,-1.01025E+02
4.8618317E+06,-9.57654E+01
4.8620224E+06,-9.88454E+01
4.8622131E+06,-9.86254E+01
4.8624039E+06,-1.02585E+02
4.8625946E+06,-9.87454E+01
4.8627853E+06,-1.02965E+02
4.8629761E+06,-9.81454E+01
4.8631668E+06,-1.00745E+02
4.8633575E+06,-1.01685E+02
4.8635483E+06,-1.02365E+02
4.8637390E+06,-9.80054E+01
4.8639297E+06,-9.24854E+01
4.8641205E+06,-9.93054E+01
4.8643112E+06,-1.00825E+02
4.8645020E+06,-1.02905E+02
4.8646927E+06,-1.00505E+02
4.8648834E+06,-9.83454E+01
4.8650742E+06,-9.96054E+01
4.8652649E+06,-9.81254E+01
4.8654556E+06,-1.00545E+02
4.8656464E+06,-1.03325E+02
4.8658371E+06,-1.05065E+02
4.8660278E+06,-1.10105E+02
4.8662186E+06,-1.07305E+02
4.8664093E+06,-1.03325E+02
4.8666000E+06,-9.74854E+01
4.8667908E+06,-9.65254E+01
4.8669815E+06,-9.87254E+01
4.8671722E+06,-9.88454E+01
4.8673630E+06,-9.48454E+01
4.8675537E+06,-9.90054E+01
4.8677444E+06,-1.05845E+02
4.8679352E+06,-1.04405E+02
4.8681259E+06,-1.10545E+02
4.8683167E+06,-1.02745E+02
4.8685074E+06,-9.87654E+01
4.8686981E+06,-9.89854E+01
4.8688889E+06,-1.03325E+02
4.8690796E+06,-9.81854E+01
4.8692703E+06,-1.05425E+02
4.8694611E+06,-9.98854E+01
4.8696518E+06,-9.75854E+01
4.8698425E+06,-1.03505E+02
4.8700333E+06,-1.02225E+02
4.8702240E+06,-1.01665E+02
4.8704147E+06,-1.02485E+02
4.8706055E+06,-9.52254E+01
4.8707962E+06,-9.33054E+01
4.8709869E+06,-9.52454E+01
4.8711777E+06,-1.00665E+02
4.8713684E+06,-1.04465E+02
4.8715591E+06,-1.05545E+02
4.8717499E+06,-1.05965E+02
4.8719406E+06,-9.92454E+01
4.8721313E+06,-9.96054E+01
4.8723221E+06,-1.01305E+02
4.8725128E+06,-1.09125E+02
4.8727036E+06,-1.06085E+02
4.8728943E+06,-9.94854E+01
4.8730850E+06,-9.80254E+01
4.8732758E+06,-1.01805E+02
4.8734665E+06,-1.05905E+02
4.8736572E+06,-1.00165E+02
4.8738480E+06,-9.93654E+01
4.8740387E+06,-9.83454E+01
4.8742294E+06,-1.00545E+02
4.8744202E+06,-1.00685E+02
4.8746109E+06,-1.00365E+02
4.8748016E+06,-1.13365E+02
4.8749924E+06,-1.01945E+02
4.8751831E+06,-1.01285E+02
4.8753738E+06,-1.03885E+02
4.8755646E+06,-9.29654E+01
4.8757553E+06,-9.56854E+01
4.8759460E+06,-1.01025E+02
4.8761368E+06,-1.01565E+02
4.8763275E+06,-1.06585E+02
4.8765182E+06,-1.07845E+02
4.8767090E+06,-1.01045E+02
4.8768997E+06,-1.00485E+02
4.8770905E+06,-1.00225E+02
4.8772812E+06,-9.34054E+01
4.8774719E+06,-9.12054E+01
4.8776627E+06,-9.00654E+01
4.8778534E+06,-8.99454E+01
4.8780441E+06,-9.08454E+01
4.8782349E+06,-1.02445E+02
4.8784256E+06,-9.75054E+01
4.8786163E+06,-9.56454E+01
4.8788071E+06,-1.01945E+02
4.8789978E+06,-1.03965E+02
4.8791885E+06,-1.02205E+02
4.8793793E+06,-1.01665E+02
4.8795700E+06,-1.06405E+02
4.8797607E+06,-9.87654E+01
4.8799515E+06,-9.78254E+01
4.8801422E+06,-9.72054E+01
4.8803329E+06,-1.00405E+02
4.8805237E+06,-1.04545E+02
4.8807144E+06,-1.02865E+02
4.8809052E+06,-1.11825E+02
4.8810959E+06,-1.09165E+02
4.8812866E+06,-1.03165E+02
4.8814774E+06,-1.04045E+02
4.8816681E+06,-9.63854E+01
4.8818588E+06,-1.01905E+02
4.8820496E+06,-1.05845E+02
4.8822403E+06,-9.76254E+01
4.8824310E+06,-9.66854E+01
4.8826218E+06,-9.89454E+01
4.8828125E+06,-1.02365E+02
4.8830032E+06,-9.60454E+01
4.8831940E+06,-9.53254E+01
4.8833847E+06,-9.89054E+01
4.8835754E+06,-1.02445E+02
4.8837662E+06,-9.77854E+01
4.8839569E+06,-1.00685E+02
4.8841476E+06,-1.09725E+02
4.8843384E+06,-1.06645E+02
4.8845291E+06,-9.79654E+01
4.8847198E+06,-9.78654E+01
4.8849106E+06,-1.01905E+02
4.8851013E+06,-1.02225E+02
4.8852921E+06,-1.03465E+02
4.8854828E+06,-9.93054E+01
4.8856735E+06,-9.91654E+01
4.8858643E+06,-1.06585E+02
4.8860550E+06,-9.87654E+01
4.8862457E+06,-9.99054E+01
4.8864365E+06,-1.07985E+02
4.8866272E+06,-1.01325E+02
4.8868179E+06,-1.12965E+02
4.8870087E+06,-9.75054E+01
4.8871994E+06,-9.30854E+01
4.8873901E+06,-1.10365E+02
4.8875809E+06,-9.55254E+01
4.8877716E+06,-9.55854E+01
4.8879623E+06,-9.44054E+01
4.8881531E+06,-9.44054E+01
4.8883438E+06,-9.79854E+01
4.8885345E+06,-9.79654E+01
4.8887253E+06,-9.72854E+01
4.8889160E+06,-1.04685E+02
4.8891068E+06,-1.03885E+02
4.8892975E+06,-1.08405E+02
4.8894882E+06,-1.09125E+02
4.8896790E+06,-1.13625E+02
4.8898697E+06,-1.07565E+02
4.8900604E+06,-9.80654E+01
4.8902512E+06,-9.72854E+01
4.8904419E+06,-9.99254E+01
4.8906326E+06,-9.91454E+01
4.8908234E+06,-9.80854E+01
4.8910141E+06,-9.69854E+01
4.8912048E+06,-9.69254E+01
4.8913956E+06,-1.01965E+02
4.8915863E+06,-1.03625E+02
4.8917770E+06,-1.00105E+02
4.8919678E+06,-1.01945E+02
4.8921585E+06,-9.38454E+01
4.8923492E+06,-9.83854E+01
4.8925400E+06,-1.09465E+02
4.8927307E+06,-1.00865E+02
4.8929214E+06,-9.34054E+01
4.8931122E+06,-9.08254E+01
4.8933029E+06,-9.32654E+01
4.8934937E+06,-1.03805E+02
4.8936844E+06,-1.00025E+02
4.8938751E+06,-9.76054E+01
4.8940659E+06,-9.72454E+01
4.8942566E+06,-9.66854E+01
4.8944473E+06,-1.11025E+02
4.8946381E+06,-1.05045E+02
4.8948288E+06,-9.92254E+01
4.8950195E+06,-9.60054E+01
4.8952103E+06,-9.35054E+01
4.8954010E+06,-9.61254E+01
4.8955917E+06,-9.44454E+01
4.8957825E+06,-9.75254E+01
4.8959732E+06,-1.06025E+02
4.8961639E+06,-1.07885E+02
4.8963547E+06,-9.84054E+01
4.8965454E+06,-1.00585E+02
4.8967361E+06,-9.89054E+01
4.8969269E+06,-9.90054E+01
4.8971176E+06,-1.01785E+02
4.8973083E+06,-9.94454E+01
4.8974991E+06,-1.04225E+02
4.8976898E+06,-9.79254E+01
4.8978806E+06,-9.78654E+01
4.8980713E+06,-1.05805E+02
4.8982620E+06,-1.08625E+02
4.8984528E+06,-1.04005E+02
4.8986435E+06,-1.00285E+02
4.8988342E+06,-9.99854E+01
4.8990250E+06,-1.00645E+02
4.8992157E+06,-9.26254E+01
4.8994064E+06,-9.47254E+01
4.8995972E+06,-1.02225E+02
4.8997879E+06,-9.12454E+01
4.8999786E+06,-8.51054E+01
4.9001694E+06,-8.64654E+01
4.9003601E+06,-9.43454E+01
4.9005508E+06,-9.24854E+01
4.9007416E+06,-9.12454E+01
4.9009323E+06,-9.41454E+01
4.9011230E+06,-9.79654E+01
4.9013138E+06,-9.99854E+01
4.9015045E+06,-1.01885E+02
4.9016953E+06,-9.41454E+01
4.9018860E+06,-9.36654E+01
4.9020767E+06,-1.00085E+02
4.9022675E+06,-1.03445E+02
4.9024582E+06,-9.97454E+01
4.9026489E+06,-1.03165E+02
4.9028397E+06,-9.72054E+01
4.9030304E+06,-1.01945E+02
4.9032211E+06,-1.05305E+02
4.9034119E+06,-1.00145E+02
4.9036026E+06,-1.00005E+02
4.9037933E+06,-1.07905E+02
4.9039841E+06,-1.13365E+02
4.9041748E+06,-1.10845E+02
4.9043655E+06,-1.06105E+02
4.9045563E+06,-9.34054E+01
4.9047470E+06,-9.29254E+01
4.9049377E+06,-1.00845E+02
4.9051285E+06,-1.00405E+02
4.9053192E+06,-1.01225E+02
4.9055099E+06,-1.02805E+02
4.9057007E+06,-9.65654E+01
4.9058914E+06,-1.00785E+02
4.9060822E+06,-1.02865E+02
4.9062729E+06,-1.00905E+02
4.9064636E+06,-9.83054E+01
4.9066544E+06,-1.01905E+02
4.9068451E+06,-1.06325E+02
4.9070358E+06,-1.11645E+02
4.9072266E+06,-1.01045E+02
4.9074173E+06,-9.61454E+01
4.9076080E+06,-1.02365E+02
4.9077988E+06,-9.90054E+01
4.9079895E+06,-1.00365E+02
4.9081802E+06,-1.08345E+02
4.9083710E+06,-1.02925E+02
4.9085617E+06,-9.62054E+01
4.9087524E+06,-1.02525E+02
4.9089432E+06,-1.17425E+02
4.9091339E+06,-1.09465E+02
4.9093246E+06,-9.72054E+01
4.9095154E+06,-9.68654E+01
4.9097061E+06,-1.11585E+02
4.9098969E+06,-9.74254E+01
4.9100876E+06,-1.00845E+02
4.9102783E+06,-9.71254E+01
4.9104691E+06,-9.74254E+01
4.9106598E+06,-9.52854E+01
4.9108505E+06,-9.95254E+01
4.9110413E+06,-9.83254E+01
4.9112320E+06,-1.04185E+02
4.9114227E+06,-1.02365E+02
4.9116135E+06,-9.55854E+01
4.9118042E+06,-9.88054E+01
4.9119949E+06,-9.86854E+01
4.9121857E+06,-9.29854E+01
4.9123764E+06,-9.28654E+01
4.9125671E+06,-9.39254E+01
4.9127579E+06,-9.59654E+01
4.9129486E+06,-9.83654E+01
4.9131393E+06,-1.04185E+02
4.9133301E+06,-9.50854E+01
4.9135208E+06,-9.87454E+01
4.9137115E+06,-1.00005E+02
4.9139023E+06,-1.07345E+02
4.9140930E+06,-9.68854E+01
4.9142838E+06,-9.92454E+01
4.9144745E+06,-1.00825E+02
4.9146652E+06,-1.03085E+02
4.9148560E+06,-1.05525E+02
4.9150467E+06,-9.78454E+01
4.9152374E+06,-9.67654E+01
4.9154282E+06,-9.94854E+01
4.9156189E+06,-1.01005E+02
4.9158096E+06,-9.60254E+01
4.9160004E+06,-9.63054E+01
4.9161911E+06,-1.01505E+02
4.9163818E+06,-1.03465E+02
4.9165726E+06,-1.08725E+02
4.9167633E+06,-9.98654E+01
4.9169540E+06,-9.69254E+01
4.9171448E+06,-1.14045E+02
4.9173355E+06,-1.01045E+02
4.9175262E+06,-1.00225E+02
4.9177170E+06,-9.39654E+01
4.9179077E+06,-9.70454E+01
4.9180984E+06,-9.77454E+01
4.9182892E+06,-9.35054E+01
4.9184799E+06,-9.36254E+01
4.9186707E+06,-9.57854E+01
4.9188614E+06,-9.40854E+01
4.9190521E+06,-9.49454E+01
4.9192429E+06,-1.02425E+02
4.9194336E+06,-1.01785E+02
4.9196243E+06,-1.00385E+02
4.9198151E+06,-1.12065E+02
4.9200058E+06,-1.02145E+02
4.9201965E+06,-9.98854E+01
4.9203873E+06,-9.75254E+01
4.9205780E+06,-9.09254E+01
4.9207687E+06,-9.10054E+01
4.9209595E+06,-1.01765E+02
4.9211502E+06,-1.00385E+02
4.9213409E+06,-9.92254E+01
4.9215317E+06,-1.06965E+02
4.9217224E+06,-1.04805E+02
4.9219131E+06,-1.01445E+02
4.9221039E+06,-1.00785E+02
4.9222946E+06,-1.10565E+02
4.9224854E+06,-9.88054E+01
4.9226761E+06,-1.02765E+02
4.9228668E+06,-1.01585E+02
4.9230576E+06,-9.56054E+01
4.9232483E+06,-9.66254E+01
4.9234390E+06,-1.02625E+02
4.9236298E+06,-9.73254E+01
4.9238205E+06,-9.91254E+01
4.9240112E+06,-1.05285E+02
4.9242020E+06,-9.68454E+01
4.9243927E+06,-9.49454E+01
4.9245834E+06,-9.57254E+01
4.9247742E+06,-1.07285E+02
4.9249649E+06,-1.02165E+02
4.9251556E+06,-1.01025E+02
4.9253464E+06,-1.00105E+02
4.9255371E+06,-9.95254E+01
4.9257278E+06,-1.13805E+02
4.9259186E+06,-1.00005E+02
4.9261093E+06,-1.04525E+02
4.9263000E+06,-1.02825E+02
4.9264908E+06,-9.69254E+01
4.9266815E+06,-1.06545E+02
4.9268723E+06,-1.02565E+02
4.9270630E+06,-1.05165E+02
4.9272537E+06,-1.13725E+02
4.9274445E+06,-1.04365E+02
4.9276352E+06,-1.00985E+02
4.9278259E+06,-1.06005E+02
4.9280167E+06,-1.01805E+02
4.9282074E+06,-1.03225E+02
4.9283981E+06,-9.97254E+01
4.9285889E+06,-9.31254E+01
4.9287796E+06,-9.59854E+01
4.9289703E+06,-1.07285E+02
4.9291611E+06,-1.01565E+02
4.9293518E+06,-1.05185E+02
4.9295425E+06,-1.13065E+02
4.9297333E+06,-1.27445E+02
4.9299240E+06,-1.01305E+02
4.9301147E+06,-1.06405E+02
4.9303055E+06,-9.97454E+01
4.9304962E+06,-1.07025E+02
4.9306870E+06,-1.04445E+02
4.9308777E+06,-1.06185E+02
4.9310684E+06,-1.17605E+02
4.9312592E+06,-1.00365E+02
4.9314499E+06,-9.59254E+01
4.9316406E+06,-9.99654E+01
4.9318314E+06,-1.06285E+02
4.9320221E+06,-9.87854E+01
4.9322128E+06,-9.29654E+01
4.9324036E+06,-9.68854E+01
4.9325943E+06,-1.05625E+02
4.9327850E+06,-1.01085E+02
4.9329758E+06,-1.03925E+02
4.9331665E+06,-9.78054E+01
4.9333572E+06,-1.04965E+02
4.9335480E+06,-1.06805E+02
4.9337387E+06,-1.04185E+02
4.9339294E+06,-1.05345E+02
4.9341202E+06,-1.06565E+02
4.9343109E+06,-1.06245E+02
4.9345016E+06,-1.07625E+02
4.9346924E+06,-1.02925E+02
4.9348831E+06,-9.87454E+01
4.9350739E+06,-1.00565E+02
4.9352646E+06,-1.05385E+02
4.9354553E+06,-1.04405E+02
4.9356461E+06,-1.09185E+02
4.9358368E+06,-1.00685E+02
4.9360275E+06,-9.64254E+01
4.9362183E+06,-9.55654E+01
4.9364090E+06,-1.01065E+02
4.9365997E+06,-1.12985E+02
4.9367905E+06,-1.05205E+02
4.9369812E+06,-1.06825E+02
4.9371719E+06,-1.20365E+02
4.9373627E+06,-9.55254E+01
4.9375534E+06,-9.49654E+01
4.9377441E+06,-9.69854E+01
4.9379349E+06,-1.01165E+02
4.9381256E+06,-9.95854E+01
4.9383163E+06,-9.79054E+01
4.9385071E+06,-1.08485E+02
4.9386978E+06,-9.70454E+01
4.9388885E+06,-1.02365E+02
4.9390793E+06,-9.84254E+01
4.9392700E+06,-9.62654E+01
4.9394608E+06,-9.44854E+01
4.9396515E+06,-9.98654E+01
4.9398422E+06,-1.08925E+02
4.9400330E+06,-1.10305E+02
4.9402237E+06,-1.11305E+02
4.9404144E+06,-1.09825E+02
4.9406052E+06,-1.01885E+02
4.9407959E+06,-9.75054E+01
4.9409866E+06,-9.64254E+01
4.9411774E+06,-1.02365E+02
4.9413681E+06,-9.19054E+01
4.9415588E+06,-9.20854E+01
4.9417496E+06,-9.69454E+01
4.9419403E+06,-1.08285E+02
4.9421310E+06,-1.10225E+02
4.9423218E+06,-1.12705E+02
4.9425125E+06,-1.04525E+02
4.9427032E+06,-9.97854E+01
4.9428940E+06,-9.61054E+01
4.9430847E+06,-9.68654E+01
4.9432755E+06,-1.03805E+02
4.9434662E+06,-9.78454E+01
4.9436569E+06,-9.26454E+01
4.9438477E+06,-9.44054E+01
4.9440384E+06,-1.03325E+02
4.9442291E+06,-9.72654E+01
4.9444199E+06,-9.58054E+01
4.9446106E+06,-9.61454E+01
4.9448013E+06,-1.14345E+02
4.9449921E+06,-9.83854E+01
4.9451828E+06,-9.31854E+01
4.9453735E+06,-1.00005E+02
4.9455643E+06,-9.82454E+01
4.9457550E+06,-1.04005E+02
4.9459457E+06,-9.77254E+01
4.9461365E+06,-1.00025E+02
4.9463272E+06,-1.10485E+02
4.9465179E+06,-1.02865E+02
4.9467087E+06,-1.01625E+02
4.9468994E+06,-1.04745E+02
4.9470901E+06,-1.05605E+02
4.9472809E+06,-1.01805E+02
4.9474716E+06,-9.49854E+01
4.9476624E+06,-1.06685E+02
4.9478531E+06,-1.00785E+02
4.9480438E+06,-1.02225E+02
4.9482346E+06,-1.01505E+02
4.9484253E+06,-1.03125E+02
4.9486160E+06,-1.07365E+02
4.9488068E+06,-1.18305E+02
4.9489975E+06,-1.03925E+02
4.9491882E+06,-1.03305E+02
4.9493790E+06,-1.01625E+02
4.9495697E+06,-1.02325E+02
4.9497604E+06,-1.07025E+02
4.9499512E+06,-8.80854E+01
4.9501419E+06,-8.77254E+01
4.9503326E+06,-1.02985E+02
4.9505234E+06,-9.23854E+01
4.9507141E+06,-9.38054E+01
4.9509048E+06,-1.03165E+02
4.9510956E+06,-9.74454E+01
4.9512863E+06,-1.05185E+02
4.9514771E+06,-1.07665E+02
4.9516678E+06,-1.12305E+02
4.9518585E+06,-1.01185E+02
4.9520493E+06,-1.05045E+02
4.9522400E+06,-1.05025E+02
4.9524307E+06,-9.83054E+01
4.9526215E+06,-9.92654E+01
4.9528122E+06,-1.01665E+02
4.9530029E+06,-1.08965E+02
4.9531937E+06,-1.03885E+02
4.9533844E+06,-9.91454E+01
4.9535751E+06,-1.08205E+02
4.9537659E+06,-1.06525E+02
4.9539566E+06,-9.28654E+01
4.9541473E+06,-9.29054E+01
4.9543381E+06,-1.03165E+02
4.9545288E+06,-1.00285E+02
4.9547195E+06,-1.03185E+02
4.9549103E+06,-1.08305E+02
4.9551010E+06,-1.07485E+02
4.9552917E+06,-1.00025E+02
4.9554825E+06,-9.24854E+01
4.9556732E+06,-9.24254E+01
4.9558640E+06,-9.82654E+01
4.9560547E+06,-1.01305E+02
4.9562454E+06,-1.01745E+02
4.9564362E+06,-1.01885E+02
4.9566269E+06,-1.01645E+02
4.9568176E+06,-9.88454E+01
4.9570084E+06,-9.98854E+01
4.9571991E+06,-9.73054E+01
4.9573898E+06,-9.59254E+01
4.9575806E+06,-1.10625E+02
4.9577713E+06,-1.06205E+02
4.9579620E+06,-1.04085E+02
4.9581528E+06,-9.34454E+01
4.9583435E+06,-9.14054E+01
4.9585342E+06,-9.38054E+01
4.9587250E+06,-9.44454E+01
4.9589157E+06,-1.02905E+02
4.9591064E+06,-1.00245E+02
4.9592972E+06,-9.77454E+01
4.9594879E+06,-9.50054E+01
4.9596786E+06,-9.96654E+01
4.9598694E+06,-9.89654E+01
4.9600601E+06,-9.38054E+01
4.9602509E+06,-9.44854E+01
4.9604416E+06,-9.82054E+01
4.9606323E+06,-9.45254E+01
4.9608231E+06,-9.47854E+01
4.9610138E+06,-9.83654E+01
4.9612045E+06,-9.93454E+01
4.9613953E+06,-1.05605E+02
4.9615860E+06,-1.08845E+02
4.9617767E+06,-9.55854E+01
4.9619675E+06,-9.59454E+01
4.9621582E+06,-9.80254E+01
4.9623489E+06,-9.42254E+01
4.9625397E+06,-9.73254E+01
4.9627304E+06,-1.09785E+02
4.9629211E+06,-1.01625E+02
4.9631119E+06,-1.02965E+02
4.9633026E+06,-1.04185E+02
4.9634933E+06,-1.01285E+02
4.9636841E+06,-1.10425E+02
4.9638748E+06,-1.02005E+02
4.9640656E+06,-1.07485E+02
4.9642563E+06,-9.73254E+01
4.9644470E+06,-9.52054E+01
4.9646378E+06,-9.93254E+01
4.9648285E+06,-1.04585E+02
4.9650192E+06,-1.09345E+02
4.9652100E+06,-9.75254E+01
4.9654007E+06,-9.51854E+01
4.9655914E+06,-1.02045E+02
4.9657822E+06,-1.13725E+02
4.9659729E+06,-1.10485E+02
4.9661636E+06,-1.06485E+02
4.9663544E+06,-1.07205E+02
4.9665451E+06,-9.73254E+01
4.9667358E+06,-9.96854E+01
4.9669266E+06,-9.31854E+01
4.9671173E+06,-9.58454E+01
4.9673080E+06,-1.08865E+02
4.9674988E+06,-9.73254E+01
4.9676895E+06,-9.56254E+01
4.9678802E+06,-9.75054E+01
4.9680710E+06,-9.89454E+01
4.9682617E+06,-1.02145E+02
4.9684525E+06,-1.02145E+02
4.9686432E+06,-9.87454E+01
4.9688339E+06,-1.03305E+02
4.9690247E+06,-9.70054E+01
4.9692154E+06,-1.01545E+02
4.9694061E+06,-9.65654E+01
4.9695969E+06,-9.75454E+01
4.9697876E+06,-1.04285E+02
4.9699783E+06,-1.02505E+02
4.9701691E+06,-9.66254E+01
4.9703598E+06,-9.50454E+01
4.9705505E+06,-1.07325E+02
4.9707413E+06,-9.91654E+01
4.9709320E+06,-9.65654E+01
4.9711227E+06,-1.08205E+02
4.9713135E+06,-9.96054E+01
4.9715042E+06,-1.15585E+02
4.9716949E+06,-9.66454E+01
4.9718857E+06,-1.01005E+02
4.9720764E+06,-9.35054E+01
4.9722672E+06,-9.24254E+01
4.9724579E+06,-9.32654E+01
4.9726486E+06,-9.86654E+01
4.9728394E+06,-9.73254E+01
4.9730301E+06,-9.43254E+01
4.9732208E+06,-9.24854E+01
4.9734116E+06,-9.26254E+01
4.9736023E+06,-9.52054E+01
4.9737930E+06,-9.48654E+01
4.9739838E+06,-9.20054E+01
4.9741745E+06,-9.51454E+01
4.9743652E+06,-9.40454E+01
4.9745560E+06,-9.15454E+01
4.9747467E+06,-1.03765E+02
4.9749374E+06,-9.51054E+01
4.9751282E+06,-1.10185E+02
4.9753189E+06,-9.59054E+01
4.9755096E+06,-9.71254E+01
4.9757004E+06,-9.56454E+01
4.9758911E+06,-9.40054E+01
4.9760818E+06,-9.76054E+01
4.9762726E+06,-1.04405E+02
4.9764633E+06,-9.75654E+01
4.9766541E+06,-9.42654E+01
4.9768448E+06,-1.07865E+02
4.9770355E+06,-1.05925E+02
4.9772263E+06,-9.79654E+01
4.9774170E+06,-9.35854E+01
4.9776077E+06,-9.53654E+01
4.9777985E+06,-1.01125E+02
4.9779892E+06,-1.03885E+02
4.9781799E+06,-9.73654E+01
4.9783707E+06,-9.48054E+01
4.9785614E+06,-9.69854E+01
4.9787521E+06,-1.08145E+02
4.9789429E+06,-9.83654E+01
4.9791336E+06,-9.71054E+01
4.9793243E+06,-1.00445E+02
4.9795151E+06,-1.00265E+02
4.9797058E+06,-1.03165E+02
4.9798965E+06,-1.19945E+02
4.9800873E+06,-1.01505E+02
4.9802780E+06,-1.07945E+02
4.9804688E+06,-9.66854E+01
4.9806595E+06,-9.73854E+01
4.9808502E+06,-1.01585E+02
4.9810410E+06,-1.01765E+02
4.9812317E+06,-9.69054E+01
4.9814224E+06,-1.00065E+02
4.9816132E+06,-1.09345E+02
4.9818039E+06,-1.14445E+02
4.9819946E+06,-1.00345E+02
4.9821854E+06,-9.62454E+01
4.9823761E+06,-1.00165E+02
4.9825668E+06,-1.12145E+02
4.9827576E+06,-9.80654E+01
4.9829483E+06,-9.49454E+01
4.9831390E+06,-9.98054E+01
4.9833298E+06,-9.70654E+01
4.9835205E+06,-9.29254E+01
4.9837112E+06,-9.31654E+01
4.9839020E+06,-1.03065E+02
4.9840927E+06,-1.15225E+02
4.9842834E+06,-1.03665E+02
4.9844742E+06,-1.09025E+02
4.9846649E+06,-1.02085E+02
4.9848557E+06,-1.07065E+02
4.9850464E+06,-1.13965E+02
4.9852371E+06,-1.05165E+02
4.9854279E+06,-1.02285E+02
4.9856186E+06,-9.86854E+01
4.9858093E+06,-9.19854E+01
4.9860001E+06,-9.27454E+01
4.9861908E+06,-9.43654E+01
4.9863815E+06,-9.38854E+01
4.9865723E+06,-9.88254E+01
4.9867630E+06,-1.00985E+02
4.9869537E+06,-9.79654E+01
4.9871445E+06,-1.00125E+02
4.9873352E+06,-9.91654E+01
4.9875259E+06,-1.09345E+02
4.9877167E+06,-1.04225E+02
4.9879074E+06,-1.09885E+02
4.9880981E+06,-1.05425E+02
4.9882889E+06,-1.02245E+02
4.9884796E+06,-9.77854E+01
4.9886703E+06,-9.61854E+01
4.9888611E+06,-9.89654E+01
4.9890518E+06,-9.68854E+01
4.9892426E+06,-1.01965E+02
4.9894333E+06,-1.00045E+02
4.9896240E+06,-9.75854E+01
4.9898148E+06,-9.59654E+01
4.9900055E+06,-9.71854E+01
4.9901962E+06,-9.67054E+01
4.9903870E+06,-9.83854E+01
4.9905777E+06,-1.02365E+02
4.9907684E+06,-1.02285E+02
4.9909592E+06,-9.96654E+01
4.9911499E+06,-1.02765E+02
4.9913406E+06,-1.04685E+02
4.9915314E+06,-9.98654E+01
4.9917221E+06,-9.50054E+01
4.9919128E+06,-9.25654E+01
4.9921036E+06,-9.45254E+01
4.9922943E+06,-9.62654E+01
4.9924850E+06,-8.94054E+01
4.9926758E+06,-9.07254E+01
4.9928665E+06,-9.97254E+01
4.9930573E+06,-9.75254E+01
4.9932480E+06,-9.99454E+01
4.9934387E+06,-1.01085E+02
4.9936295E+06,-1.01685E+02
4.9938202E+06,-1.05705E+02
4.9940109E+06,-1.00665E+02
4.9942017E+06,-9.91054E+01
4.9943924E+06,-1.01345E+02
4.9945831E+06,-9.32254E+01
4.9947739E+06,-9.15854E+01
4.9949646E+06,-1.04865E+02
4.9951553E+06,-1.01665E+02
4.9953461E+06,-1.02585E+02
4.9955368E+06,-9.82454E+01
4.9957275E+06,-1.04145E+02
4.9959183E+06,-1.05845E+02
4.9961090E+06,-9.74054E+01
4.9962997E+06,-9.31854E+01
4.9964905E+06,-9.58054E+01
4.9966812E+06,-9.87454E+01
4.9968719E+06,-1.00885E+02
4.9970627E+06,-1.05225E+02
4.9972534E+06,-1.05605E+02
4.9974442E+06,-1.05425E+02
4.9976349E+06,-1.15285E+02
4.9978256E+06,-9.59454E+01
4.9980164E+06,-9.67454E+01
4.9982071E+06,-1.01145E+02
4.9983978E+06,-9.12854E+01
4.9985886E+06,-9.56054E+01
4.9987793E+06,-9.66854E+01
4.9989700E+06,-9.92654E+01
4.9991608E+06,-9.35054E+01
4.9993515E+06,-9.44054E+01
4.9995422E+06,-9.86854E+01
4.9997330E+06,-1.04085E+02
4.9999237E+06,-8.46654E+01
5.0001144E+06,-8.35854E+01
5.0003052E+06,-9.43254E+01
5.0004959E+06,-9.47054E+01
5.0006866E+06,-7.86654E+01
5.0008774E+06,-7.75054E+01
5.0010681E+06,-9.00254E+01
5.0012589E+06,-9.34654E+01
5.0014496E+06,-9.44054E+01
5.0016403E+06,-1.00645E+02
5.0018311E+06,-9.63254E+01
5.0020218E+06,-9.83254E+01
5.0022125E+06,-1.07025E+02
5.0024033E+06,-1.00625E+02
5.0025940E+06,-9.45254E+01
5.0027847E+06,-9.20054E+01
5.0029755E+06,-9.33054E+01
5.0031662E+06,-9.24254E+01
5.0033569E+06,-9.90854E+01
5.0035477E+06,-9.33654E+01
5.0037384E+06,-9.87454E+01
5.0039291E+06,-9.88454E+01
5.0041199E+06,-1.02045E+02
5.0043106E+06,-1.21785E+02
5.0045013E+06,-1.01505E+02
5.0046921E+06,-1.12245E+02
5.0048828E+06,-9.55654E+01
5.0050735E+06,-9.59054E+01
5.0052643E+06,-1.09605E+02
5.0054550E+06,-9.72454E+01
5.0056458E+06,-9.49854E+01
5.0058365E+06,-9.28254E+01
5.0060272E+06,-1.00645E+02
5.0062180E+06,-1.02385E+02
5.0064087E+06,-1.06085E+02
5.0065994E+06,-1.02445E+02
5.0067902E+06,-9.86254E+01
5.0069809E+06,-9.66854E+01
5.0071716E+06,-1.00905E+02
5.0073624E+06,-9.70454E+01
5.0075531E+06,-1.03165E+02
5.0077438E+06,-9.98854E+01
5.0079346E+06,-1.00325E+02
5.0081253E+06,-1.01765E+02
5.0083160E+06,-1.12485E+02
5.0085068E+06,-9.90854E+01
5.0086975E+06,-9.31654E+01
5.0088882E+06,-9.17854E+01
5.0090790E+06,-9.72254E+01
5.0092697E+06,-9.79854E+01
5.0094604E+06,-9.63854E+01
5.0096512E+06,-9.79054E+01
5.0098419E+06,-1.02385E+02
5.0100327E+06,-9.76454E+01
5.0102234E+06,-9.56454E+01
5.0104141E+06,-1.01405E+02
5.0106049E+06,-1.00305E+02
5.0107956E+06,-9.45854E+01
5.0109863E+06,-9.40054E+01
5.0111771E+06,-1.02825E+02
5.0113678E+06,-9.91654E+01
5.0115585E+06,-1.02205E+02
5.0117493E+06,-1.00925E+02
5.0119400E+06,-1.05765E+02
5.0121307E+06,-9.32254E+01
5.0123215E+06,-9.32654E+01
5.0125122E+06,-1.02685E+02
5.0127029E+06,-9.36254E+01
5.0128937E+06,-1.00005E+02
5.0130844E+06,-1.13225E+02
5.0132751E+06,-1.06285E+02
5.0134659E+06,-9.62454E+01
5.0136566E+06,-9.51254E+01
5.0138474E+06,-1.03925E+02
5.0140381E+06,-1.10525E+02
5.0142288E+06,-1.03885E+02
5.0144196E+06,-1.02065E+02
5.0146103E+06,-1.11565E+02
5.0148010E+06,-9.82254E+01
5.0149918E+06,-9.61254E+01
5.0151825E+06,-1.06025E+02
5.0153732E+06,-1.02585E+02
5.0155640E+06,-1.07005E+02
5.0157547E+06,-1.02565E+02
5.0159454E+06,-9.83254E+01
5.0161362E+06,-1.00165E+02
5.0163269E+06,-1.05365E+02
5.0165176E+06,-9.89854E+01
5.0167084E+06,-1.00025E+02
5.0168991E+06,-1.01685E+02
5.0170898E+06,-9.81654E+01
5.0172806E+06,-1.04485E+02
5.0174713E+06,-1.00845E+02
5.0176620E+06,-9.70054E+01
5.0178528E+06,-9.53854E+01
5.0180435E+06,-9.36254E+01
5.0182343E+06,-9.30654E+01
5.0184250E+06,-9.48254E+01
5.0186157E+06,-1.01765E+02
5.0188065E+06,-9.57454E+01
5.0189972E+06,-9.37054E+01
5.0191879E+06,-9.76854E+01
5.0193787E+06,-1.05625E+02
5.0195694E+06,-1.01805E+02
5.0197601E+06,-1.00125E+02
5.0199509E+06,-9.84254E+01
5.0201416E+06,-1.02525E+02
5.0203323E+06,-1.03705E+02
5.0205231E+06,-9.99454E+01
5.0207138E+06,-1.00865E+02
5.0209045E+06,-1.00465E+02
5.0210953E+06,-1.04185E+02
5.0212860E+06,-1.07445E+02
5.0214767E+06,-1.02245E+02
5.0216675E+06,-1.02745E+02
5.0218582E+06,-1.09105E+02
5.0220490E+06,-1.19545E+02
5.0222397E+06,-1.05965E+02
5.0224304E+06,-1.01185E+02
5.0226212E+06,-1.08305E+02
5.0228119E+06,-1.09665E+02
5.0230026E+06,-9.91254E+01
5.0231934E+06,-1.02005E+02
5.0233841E+06,-1.06145E+02
5.0235748E+06,-1.05785E+02
5.0237656E+06,-1.07205E+02
5.0239563E+06,-9.74854E+01
5.0241470E+06,-9.82054E+01
5.0243378E+06,-9.77654E+01
5.0245285E+06,-9.28254E+01
5.0247192E+06,-9.32654E+01
5.0249100E+06,-1.02905E+02
5.0251007E+06,-1.06065E+02
5.0252914E+06,-1.14145E+02
5.0254822E+06,-9.75654E+01
5.0256729E+06,-1.01525E+02
5.0258636E+06,-9.78054E+01
5.0260544E+06,-9.86854E+01
5.0262451E+06,-9.49654E+01
5.0264359E+06,-9.28654E+01
5.0266266E+06,-9.70054E+01
5.0268173E+06,-1.04045E+02
5.0270081E+06,-9.81454E+01
5.0271988E+06,-1.04845E+02
5.0273895E+06,-1.03705E+02
5.0275803E+06,-1.03545E+02
5.0277710E+06,-1.04645E+02
5.0279617E+06,-1.04045E+02
5.0281525E+06,-9.45254E+01
5.0283432E+06,-1.01445E+02
5.0285339E+06,-9.76654E+01
5.0287247E+06,-9.61654E+01
5.0289154E+06,-1.04645E+02
5.0291061E+06,-9.92454E+01
5.0292969E+06,-9.98454E+01
5.0294876E+06,-1.04485E+02
5.0296783E+06,-1.00725E+02
5.0298691E+06,-1.04625E+02
5.0300598E+06,-1.05285E+02
5.0302505E+06,-1.03625E+02
5.0304413E+06,-1.06625E+02
5.0306320E+06,-1.17965E+02
5.0308228E+06,-1.06465E+02
5.0310135E+06,-1.01865E+02
5.0312042E+06,-1.02445E+02
5.0313950E+06,-9.72854E+01
5.0315857E+06,-9.25054E+01
5.0317764E+06,-9.55654E+01
5.0319672E+06,-1.03465E+02
5.0321579E+06,-9.82854E+01
5.0323486E+06,-1.00985E+02
5.0325394E+06,-1.01945E+02
5.0327301E+06,-9.98654E+01
5.0329208E+06,-9.94654E+01
5.0331116E+06,-1.05365E+02
5.0333023E+06,-1.01205E+02
5.0334930E+06,-9.48854E+01
5.0336838E+06,-9.36654E+01
5.0338745E+06,-9.93254E+01
5.0340652E+06,-1.06525E+02
5.0342560E+06,-9.81654E+01
5.0344467E+06,-9.64054E+01
5.0346375E+06,-9.79054E+01
5.0348282E+06,-9.98254E+01
5.0350189E+06,-9.55854E+01
5.0352097E+06,-9.65454E+01
5.0354004E+06,-9.49054E+01
5.0355911E+06,-9.96654E+01
5.0357819E+06,-1.03665E+02
5.0359726E+06,-1.01345E+02
5.0361633E+06,-1.01905E+02
5.0363541E+06,-1.09385E+02
5.0365448E+06,-1.18045E+02
5.0367355E+06,-1.03625E+02
5.0369263E+06,-9.58454E+01
5.0371170E+06,-9.74054E+01
5.0373077E+06,-1.00925E+02
5.0374985E+06,-1.05865E+02
5.0376892E+06,-9.63854E+01
5.0378799E+06,-9.51654E+01
5.0380707E+06,-1.11045E+02
5.0382614E+06,-9.70054E+01
5.0384521E+06,-9.93854E+01
5.0386429E+06,-1.02765E+02
5.0388336E+06,-9.92054E+01
5.0390244E+06,-9.83454E+01
5.0392151E+06,-1.14925E+02
5.0394058E+06,-1.00545E+02
5.0395966E+06,-9.96654E+01
5.0397873E+06,-9.70054E+01
5.0399780E+06,-9.64654E+01
5.0401688E+06,-1.00705E+02
5.0403595E+06,-1.04825E+02
5.0405502E+06,-1.06065E+02
5.0407410E+06,-1.01005E+02
5.0409317E+06,-1.00225E+02
5.0411224E+06,-9.98054E+01
5.0413132E+06,-9.75254E+01
5.0415039E+06,-1.11485E+02
5.0416946E+06,-9.76054E+01
5.0418854E+06,-9.69454E+01
5.0420761E+06,-9.89854E+01
5.0422668E+06,-9.67254E+01
5.0424576E+06,-1.06725E+02
5.0426483E+06,-1.00305E+02
5.0428391E+06,-9.31654E+01
5.0430298E+06,-9.54054E+01
5.0432205E+06,-1.06545E+02
5.0434113E+06,-1.06705E+02
5.0436020E+06,-9.90254E+01
5.0437927E+06,-1.00125E+02
5.0439835E+06,-1.06305E+02
5.0441742E+06,-1.02385E+02
5.0443649E+06,-1.01245E+02
5.0445557E+06,-9.30254E+01
5.0447464E+06,-9.44654E+01
5.0449371E+06,-1.03225E+02
5.0451279E+06,-9.50454E+01
5.0453186E+06,-9.49454E+01
5.0455093E+06,-9.38854E+01
5.0457001E+06,-9.42854E+01
5.0458908E+06,-1.00865E+02
5.0460815E+06,-1.02705E+02
5.0462723E+06,-1.08625E+02
5.0464630E+06,-1.04865E+02
5.0466537E+06,-1.01965E+02
5.0468445E+06,-9.72254E+01
5.0470352E+06,-1.00025E+02
5.0472260E+06,-1.01305E+02
5.0474167E+06,-9.80054E+01
5.0476074E+06,-9.41854E+01
5.0477982E+06,-9.44654E+01
5.0479889E+06,-1.05425E+02
5.0481796E+06,-1.00825E+02
5.0483704E+06,-1.03625E+02
5.0485611E+06,-1.05985E+02
5.0487518E+06,-1.06785E+02
5.0489426E+06,-1.10405E+02
5.0491333E+06,-1.01325E+02
5.0493240E+06,-9.66654E+01
5.0495148E+06,-9.56254E+01
5.0497055E+06,-9.22454E+01
5.0498962E+06,-9.65454E+01
5.0500870E+06,-8.71854E+01
5.0502777E+06,-9.30254E+01
5.0504684E+06,-1.00065E+02
5.0506592E+06,-9.54254E+01
5.0508499E+06,-9.69854E+01
5.0510406E+06,-1.02765E+02
5.0512314E+06,-9.97654E+01
5.0514221E+06,-9.83454E+01
5.0516129E+06,-9.77854E+01
5.0518036E+06,-9.64854E+01
5.0519943E+06,-9.69654E+01
5.0521851E+06,-1.01045E+02
5.0523758E+06,-9.75054E+01
5.0525665E+06,-9.88854E+01
5.0527573E+06,-9.86054E+01
5.0529480E+06,-9.45054E+01
5.0531387E+06,-9.72854E+01
5.0533295E+06,-1.02645E+02
5.0535202E+06,-1.12285E+02
5.0537109E+06,-1.07565E+02
5.0539017E+06,-1.07005E+02
5.0540924E+06,-1.06005E+02
5.0542831E+06,-9.48254E+01
5.0544739E+06,-8.97254E+01
5.0546646E+06,-9.62654E+01
5.0548553E+06,-1.00825E+02
5.0550461E+06,-9.80654E+01
5.0552368E+06,-1.00685E+02
5.0554276E+06,-1.10345E+02
5.0556183E+06,-1.06185E+02
5.0558090E+06,-9.89454E+01
5.0559998E+06,-9.36254E+01
5.0561905E+06,-1.11405E+02
5.0563812E+06,-9.16854E+01
5.0565720E+06,-9.93454E+01
5.0567627E+06,-9.86254E+01
5.0569534E+06,-9.37054E+01
5.0571442E+06,-9.92454E+01
5.0573349E+06,-9.81654E+01
5.0575256E+06,-9.27654E+01
5.0577164E+06,-9.35854E+01
5.0579071E+06,-9.33054E+01
5.0580978E+06,-9.35054E+01
5.0582886E+06,-9.56654E+01
5.0584793E+06,-9.80854E+01
5.0586700E+06,-9.48454E+01
5.0588608E+06,-9.58454E+01
5.0590515E+06,-1.00505E+02
5.0592422E+06,-9.72454E+01
5.0594330E+06,-1.02985E+02
5.0596237E+06,-1.02865E+02
5.0598145E+06,-1.02925E+02
5.0600052E+06,-1.06205E+02
5.0601959E+06,-1.01425E+02
5.0603867E+06,-9.86054E+01
5.0605774E+06,-1.06025E+02
5.0607681E+06,-9.88654E+01
5.0609589E+06,-9.71654E+01
5.0611496E+06,-1.23445E+02
5.0613403E+06,-1.08025E+02
5.0615311E+06,-1.01805E+02
5.0617218E+06,-9.80854E+01
5.0619125E+06,-1.01645E+02
5.0621033E+06,-1.13585E+02
5.0622940E+06,-9.74054E+01
5.0624847E+06,-9.50454E+01
5.0626755E+06,-1.11805E+02
5.0628662E+06,-9.59454E+01
5.0630569E+06,-9.39254E+01
5.0632477E+06,-9.60654E+01
5.0634384E+06,-1.01965E+02
5.0636292E+06,-1.02525E+02
5.0638199E+06,-1.04585E+02
5.0640106E+06,-1.00205E+02
5.0642014E+06,-9.90854E+01
5.0643921E+06,-1.03405E+02
5.0645828E+06,-9.79854E+01
5.0647736E+06,-9.69454E+01
5.0649643E+06,-9.93054E+01
5.0651550E+06,-9.68454E+01
5.0653458E+06,-9.61054E+01
5.0655365E+06,-9.93054E+01
5.0657272E+06,-1.08025E+02
5.0659180E+06,-1.04305E+02
5.0661087E+06,-1.00245E+02
5.0662994E+06,-9.61654E+01
5.0664902E+06,-9.49454E+01
5.0666809E+06,-9.88454E+01
5.0668716E+06,-9.62654E+01
5.0670624E+06,-9.79254E+01
5.0672531E+06,-1.03305E+02
5.0674438E+06,-1.03225E+02
5.0676346E+06,-9.93454E+01
5.0678253E+06,-9.35854E+01
5.0680161E+06,-9.18854E+01
5.0682068E+06,-9.30254E+01
5.0683975E+06,-9.96454E+01
5.0685883E+06,-1.04465E+02
5.0687790E+06,-9.90854E+01
5.0689697E+06,-1.06385E+02
5.0691605E+06,-1.00665E+02
5.0693512E+06,-9.30254E+01
5.0695419E+06,-9.41854E+01
5.0697327E+06,-1.01145E+02
5.0699234E+06,-1.19665E+02
5.0701141E+06,-9.90854E+01
5.0703049E+06,-9.98454E+01
5.0704956E+06,-1.01825E+02
5.0706863E+06,-1.10125E+02
5.0708771E+06,-9.49054E+01
5.0710678E+06,-9.25654E+01
5.0712585E+06,-1.05165E+02
5.0714493E+06,-1.04845E+02
5.0716400E+06,-9.90454E+01
5.0718307E+06,-9.78654E+01
5.0720215E+06,-1.03465E+02
5.0722122E+06,-1.04145E+02
5.0724030E+06,-9.71054E+01
5.0725937E+06,-1.03025E+02
5.0727844E+06,-1.06645E+02
5.0729752E+06,-9.93654E+01
5.0731659E+06,-1.04505E+02
5.0733566E+06,-9.57854E+01
5.0735474E+06,-9.47254E+01
5.0737381E+06,-9.93054E+01
5.0739288E+06,-1.04825E+02
5.0741196E+06,-1.03805E+02
5.0743103E+06,-1.05665E+02
5.0745010E+06,-1.04845E+02
5.0746918E+06,-1.00625E+02
5.0748825E+06,-9.92254E+01
5.0750732E+06,-9.55854E+01
5.0752640E+06,-9.81054E+01
5.0754547E+06,-1.13665E+02
5.0756454E+06,-1.02145E+02
5.0758362E+06,-9.83654E+01
5.0760269E+06,-1.01865E+02
5.0762177E+06,-1.03305E+02
5.0764084E+06,-9.56454E+01
5.0765991E+06,-9.70254E+01
5.0767899E+06,-1.04145E+02
5.0769806E+06,-9.88054E+01
5.0771713E+06,-1.01985E+02
5.0773621E+06,-9.57654E+01
5.0775528E+06,-9.95454E+01
5.0777435E+06,-1.01565E+02
5.0779343E+06,-1.00265E+02
5.0781250E+06,-1.06285E+02
5.0783157E+06,-9.73654E+01
5.0785065E+06,-1.04765E+02
5.0786972E+06,-9.63854E+01
5.0788879E+06,-1.00305E+02
5.0790787E+06,-9.41454E+01
5.0792694E+06,-9.44254E+01
5.0794601E+06,-1.08205E+02
5.0796509E+06,-9.37654E+01
5.0798416E+06,-9.82654E+01
5.0800323E+06,-1.04925E+02
5.0802231E+06,-1.09785E+02
5.0804138E+06,-1.00345E+02
5.0806046E+06,-9.41854E+01
5.0807953E+06,-9.49454E+01
5.0809860E+06,-9.93454E+01
5.0811768E+06,-9.63254E+01
5.0813675E+06,-1.11025E+02
5.0815582E+06,-1.00345E+02
5.0817490E+06,-1.08485E+02
5.0819397E+06,-9.97854E+01
5.0821304E+06,-9.44654E+01
5.0823212E+06,-9.78054E+01
5.0825119E+06,-9.35054E+01
5.0827026E+06,-1.00325E+02
5.0828934E+06,-9.42254E+01
5.0830841E+06,-9.70454E+01
5.0832748E+06,-1.11025E+02
5.0834656E+06,-1.07585E+02
5.0836563E+06,-9.78054E+01
5.0838470E+06,-1.02585E+02
5.0840378E+06,-9.47854E+01
5.0842285E+06,-9.14854E+01
5.0844193E+06,-9.58654E+01
5.0846100E+06,-1.04085E+02
5.0848007E+06,-9.62654E+01
5.0849915E+06,-9.81654E+01
5.0851822E+06,-9.91654E+01
5.0853729E+06,-1.01225E+02
5.0855637E+06,-9.84854E+01
5.0857544E+06,-9.92054E+01
5.0859451E+06,-1.00565E+02
5.0861359E+06,-1.01485E+02
5.0863266E+06,-1.10545E+02
5.0865173E+06,-1.00105E+02
5.0867081E+06,-9.87054E+01
5.0868988E+06,-9.82254E+01
5.0870895E+06,-9.41854E+01
5.0872803E+06,-9.36654E+01
5.0874710E+06,-9.64854E+01
5.0876617E+06,-1.21505E+02
5.0878525E+06,-9.74654E+01
5.0880432E+06,-1.06445E+02
5.0882339E+06,-9.79254E+01
5.0884247E+06,-9.25054E+01
5.0886154E+06,-9.09854E+01
5.0888062E+06,-9.75454E+01
5.0889969E+06,-9.69254E+01
5.0891876E+06,-1.00985E+02
5.0893784E+06,-1.10465E+02
5.0895691E+06,-1.01245E+02
5.0897598E+06,-1.07185E+02
5.0899506E+06,-1.02985E+02
5.0901413E+06,-1.06365E+02
5.0903320E+06,-1.02145E+02
5.0905228E+06,-9.87654E+01
5.0907135E+06,-9.48454E+01
5.0909042E+06,-9.35854E+01
5.0910950E+06,-1.00285E+02
5.0912857E+06,-1.01565E+02
5.0914764E+06,-9.47854E+01
5.0916672E+06,-9.31854E+01
5.0918579E+06,-9.49654E+01
5.0920486E+06,-1.00905E+02
5.0922394E+06,-1.01025E+02
5.0924301E+06,-9.36654E+01
5.0926208E+06,-9.26454E+01
5.0928116E+06,-1.03325E+02
5.0930023E+06,-9.78854E+01
5.0931931E+06,-9.78854E+01
5.0933838E+06,-9.98654E+01
5.0935745E+06,-1.14585E+02
5.0937653E+06,-1.07225E+02
5.0939560E+06,-1.04785E+02
5.0941467E+06,-9.84454E+01
5.0943375E+06,-1.06025E+02
5.0945282E+06,-9.57854E+01
5.0947189E+06,-9.76854E+01
5.0949097E+06,-1.25065E+02
5.0951004E+06,-9.95054E+01
5.0952911E+06,-9.73654E+01
5.0954819E+06,-9.75454E+01
5.0956726E+06,-1.10545E+02
5.0958633E+06,-1.03265E+02
5.0960541E+06,-1.04045E+02
5.0962448E+06,-1.01905E+02
5.0964355E+06,-1.04325E+02
5.0966263E+06,-9.85854E+01
5.0968170E+06,-9.39654E+01
5.0970078E+06,-9.55054E+01
5.0971985E+06,-1.02125E+02
5.0973892E+06,-1.10945E+02
5.0975800E+06,-1.14545E+02
5.0977707E+06,-1.09245E+02
5.0979614E+06,-1.14265E+02
5.0981522E+06,-9.85454E+01
5.0983429E+06,-1.03885E+02
5.0985336E+06,-9.66254E+01
5.0987244E+06,-9.61854E+01
5.0989151E+06,-1.08125E+02
5.0991058E+06,-9.98654E+01
5.0992966E+06,-1.06445E+02
5.0994873E+06,-9.65054E+01
5.0996780E+06,-9.70054E+01
5.0998688E+06,-9.51054E+01
5.1000595E+06,-9.07854E+01
5.1002502E+06,-1.02245E+02
5.1004410E+06,-1.16365E+02
5.1006317E+06,-1.11545E+02
5.1008224E+06,-1.06525E+02
5.1010132E+06,-1.02985E+02
5.1012039E+06,-1.00205E+02
5.1013947E+06,-9.88654E+01
5.1015854E+06,-1.00505E+02
5.1017761E+06,-1.00225E+02
5.1019669E+06,-9.67054E+01
5.1021576E+06,-1.08825E+02
5.1023483E+06,-1.06645E+02
5.1025391E+06,-1.04225E+02
5.1027298E+06,-9.59254E+01
5.1029205E+06,-9.81654E+01
5.1031113E+06,-1.09165E+02
5.1033020E+06,-1.17305E+02
5.1034927E+06,-1.00025E+02
5.1036835E+06,-1.01065E+02
5.1038742E+06,-1.05545E+02
5.1040649E+06,-1.00065E+02
5.1042557E+06,-9.30654E+01
5.1044464E+06,-9.54854E+01
5.1046371E+06,-9.98854E+01
5.1048279E+06,-1.04585E+02
5.1050186E+06,-1.00625E+02
5.1052094E+06,-1.01865E+02
5.1054001E+06,-1.04405E+02
5.1055908E+06,-1.02765E+02
5.1057816E+06,-1.05525E+02
5.1059723E+06,-1.02865E+02
5.1061630E+06,-9.47654E+01
5.1063538E+06,-9.45654E+01
5.1065445E+06,-9.44654E+01
5.1067352E+06,-9.86854E+01
5.1069260E+06,-1.09905E+02
5.1071167E+06,-1.15565E+02
5.1073074E+06,-1.06845E+02
5.1074982E+06,-1.04685E+02
5.1076889E+06,-9.69654E+01
5.1078796E+06,-9.90054E+01
5.1080704E+06,-9.92454E+01
5.1082611E+06,-9.53454E+01
5.1084518E+06,-9.26454E+01
5.1086426E+06,-1.00365E+02
5.1088333E+06,-1.00025E+02
5.1090240E+06,-1.08465E+02
5.1092148E+06,-9.80054E+01
5.1094055E+06,-9.59654E+01
5.1095963E+06,-1.00825E+02
5.1097870E+06,-9.92654E+01
5.1099777E+06,-1.00105E+02
5.1101685E+06,-1.03765E+02
5.1103592E+06,-1.01805E+02
5.1105499E+06,-9.45654E+01
5.1107407E+06,-9.68854E+01
5.1109314E+06,-9.28254E+01
5.1111221E+06,-9.32654E+01
5.1113129E+06,-9.61454E+01
5.1115036E+06,-9.87054E+01
5.1116943E+06,-1.07265E+02
5.1118851E+06,-1.00325E+02
5.1120758E+06,-9.57454E+01
5.1122665E+06,-9.76854E+01
5.1124573E+06,-9.62654E+01
5.1126480E+06,-9.49854E+01
5.1128387E+06,-9.59454E+01
5.1130295E+06,-1.02125E+02
5.1132202E+06,-9.94454E+01
5.1134109E+06,-9.34654E+01
5.1136017E+06,-9.06654E+01
5.1137924E+06,-9.08454E+01
5.1139832E+06,-9.29254E+01
5.1141739E+06,-1.05005E+02
5.1143646E+06,-9.90854E+01
5.1145554E+06,-9.55454E+01
5.1147461E+06,-9.80454E+01
5.1149368E+06,-1.05845E+02
5.1151276E+06,-9.50454E+01
5.1153183E+06,-9.38454E+01
5.1155090E+06,-9.56454E+01
5.1156998E+06,-9.89654E+01
5.1158905E+06,-9.82454E+01
5.1160812E+06,-1.03765E+02
5.1162720E+06,-1.06125E+02
5.1164627E+06,-9.77854E+01
5.1166534E+06,-9.59054E+01
5.1168442E+06,-9.60454E+01
5.1170349E+06,-9.83454E+01
5.1172256E+06,-9.55254E+01
5.1174164E+06,-9.19054E+01
5.1176071E+06,-9.43054E+01
5.1177979E+06,-9.30654E+01
5.1179886E+06,-9.42254E+01
5.1181793E+06,-1.03625E+02
5.1183701E+06,-1.02445E+02
5.1185608E+06,-9.54254E+01
5.1187515E+06,-9.53454E+01
5.1189423E+06,-1.01185E+02
5.1191330E+06,-1.05945E+02
5.1193237E+06,-1.03965E+02
5.1195145E+06,-1.03025E+02
5.1197052E+06,-9.85654E+01
5.1198959E+06,-9.57854E+01
5.1200867E+06,-1.04605E+02
5.1202774E+06,-1.01145E+02
5.1204681E+06,-1.06765E+02
5.1206589E+06,-1.03305E+02
5.1208496E+06,-1.03465E+02
5.1210403E+06,-1.00145E+02
5.1212311E+06,-1.00685E+02
5.1214218E+06,-9.64854E+01
5.1216125E+06,-9.64454E+01
5.1218033E+06,-1.12385E+02
5.1219940E+06,-1.01565E+02
5.1221848E+06,-1.06285E+02
5.1223755E+06,-1.01625E+02
5.1225662E+06,-9.68454E+01
5.1227570E+06,-1.00685E+02
5.1229477E+06,-1.03365E+02
5.1231384E+06,-1.02305E+02
5.1233292E+06,-9.72254E+01
5.1235199E+06,-9.51254E+01
5.1237106E+06,-1.01065E+02
5.1239014E+06,-9.69654E+01
5.1240921E+06,-9.56054E+01
5.1242828E+06,-9.95454E+01
5.1244736E+06,-1.05665E+02
5.1246643E+06,-1.05465E+02
5.1248550E+06,-1.00425E+02
5.1250458E+06,-1.01545E+02
5.1252365E+06,-1.02645E+02
5.1254272E+06,-1.12085E+02
5.1256180E+06,-1.01405E+02
5.1258087E+06,-9.74454E+01
5.1259995E+06,-1.02445E+02
5.1261902E+06,-9.97854E+01
5.1263809E+06,-9.81454E+01
5.1265717E+06,-9.85854E+01
5.1267624E+06,-9.81454E+01
5.1269531E+06,-9.32654E+01
5.1271439E+06,-9.75454E+01
5.1273346E+06,-1.10985E+02
5.1275253E+06,-9.76054E+01
5.1277161E+06,-9.82054E+01
5.1279068E+06,-9.52054E+01
5.1280975E+06,-9.75454E+01
5.1282883E+06,-9.57854E+01
5.1284790E+06,-9.83054E+01
5.1286697E+06,-9.67654E+01
5.1288605E+06,-9.95654E+01
5.1290512E+06,-1.00685E+02
5.1292419E+06,-1.00585E+02
5.1294327E+06,-9.73254E+01
5.1296234E+06,-1.03625E+02
5.1298141E+06,-9.62054E+01
5.1300049E+06,-9.91254E+01
5.1301956E+06,-1.01985E+02
5.1303864E+06,-1.09385E+02
5.1305771E+06,-1.09205E+02
5.1307678E+06,-9.94254E+01
5.1309586E+06,-1.12165E+02
5.1311493E+06,-1.02865E+02
5.1313400E+06,-1.05585E+02
5.1315308E+06,-9.59654E+01
5.1317215E+06,-9.47054E+01
5.1319122E+06,-9.82654E+01
5.1321030E+06,-9.99254E+01
5.1322937E+06,-1.05725E+02
5.1324844E+06,-1.00405E+02
5.1326752E+06,-9.50654E+01
5.1328659E+06,-1.02325E+02
5.1330566E+06,-1.00085E+02
5.1332474E+06,-1.02065E+02
5.1334381E+06,-1.01105E+02
5.1336288E+06,-9.76454E+01
5.1338196E+06,-9.97254E+01
5.1340103E+06,-1.05205E+02
5.1342010E+06,-1.00805E+02
5.1343918E+06,-1.06045E+02
5.1345825E+06,-1.02565E+02
5.1347733E+06,-1.03085E+02
5.1349640E+06,-9.94054E+01
5.1351547E+06,-9.93854E+01
5.1353455E+06,-9.91254E+01
5.1355362E+06,-1.01205E+02
5.1357269E+06,-1.01245E+02
5.1359177E+06,-1.03265E+02
5.1361084E+06,-1.06825E+02
5.1362991E+06,-1.06425E+02
5.1364899E+06,-1.16205E+02
5.1366806E+06,-1.08645E+02
5.1368713E+06,-1.00905E+02
5.1370621E+06,-1.00205E+02
5.1372528E+06,-9.85654E+01
5.1374435E+06,-9.55054E+01
5.1376343E+06,-9.32254E+01
5.1378250E+06,-9.23254E+01
5.1380157E+06,-9.30254E+01
5.1382065E+06,-9.43654E+01
5.1383972E+06,-9.96054E+01
5.1385880E+06,-9.65854E+01
5.1387787E+06,-9.74254E+01
5.1389694E+06,-9.78254E+01
5.1391602E+06,-1.01825E+02
5.1393509E+06,-9.86054E+01
5.1395416E+06,-9.83454E+01
5.1397324E+06,-1.07465E+02
5.1399231E+06,-1.02325E+02
5.1401138E+06,-9.86854E+01
5.1403046E+06,-9.56654E+01
5.1404953E+06,-9.75654E+01
5.1406860E+06,-1.00305E+02
5.1408768E+06,-9.36254E+01
5.1410675E+06,-9.59854E+01
5.1412582E+06,-1.09165E+02
5.1414490E+06,-1.20225E+02
5.1416397E+06,-1.10945E+02
5.1418304E+06,-9.98254E+01
5.1420212E+06,-9.69054E+01
5.1422119E+06,-9.97654E+01
5.1424026E+06,-9.93854E+01
5.1425934E+06,-9.57454E+01
5.1427841E+06,-1.02445E+02
5.1429749E+06,-1.06585E+02
5.1431656E+06,-9.67654E+01
5.1433563E+06,-9.41454E+01
5.1435471E+06,-9.60254E+01
5.1437378E+06,-1.08405E+02
5.1439285E+06,-1.08545E+02
5.1441193E+06,-1.00465E+02
5.1443100E+06,-1.22045E+02
5.1445007E+06,-1.02245E+02
5.1446915E+06,-9.80054E+01
5.1448822E+06,-9.58854E+01
5.1450729E+06,-1.02485E+02
5.1452637E+06,-1.02505E+02
5.1454544E+06,-9.57854E+01
5.1456451E+06,-9.83854E+01
5.1458359E+06,-1.09345E+02
5.1460266E+06,-1.04565E+02
5.1462173E+06,-1.11005E+02
5.1464081E+06,-1.01705E+02
5.1465988E+06,-9.72654E+01
5.1467896E+06,-9.59654E+01
5.1469803E+06,-9.54654E+01
5.1471710E+06,-9.61654E+01
5.1473618E+06,-9.81454E+01
5.1475525E+06,-9.75654E+01
5.1477432E+06,-1.03885E+02
5.1479340E+06,-1.05585E+02
5.1481247E+06,-1.01685E+02
5.1483154E+06,-9.52054E+01
5.1485062E+06,-9.53454E+01
5.1486969E+06,-9.87454E+01
5.1488876E+06,-9.90654E+01
5.1490784E+06,-1.04505E+02
5.1492691E+06,-9.66254E+01
5.1494598E+06,-9.68054E+01
5.1496506E+06,-1.07345E+02
5.1498413E+06,-9.91654E+01
5.1500320E+06,-9.66854E+01
5.1502228E+06,-1.00225E+02
5.1504135E+06,-9.60854E+01
5.1506042E+06,-1.01585E+02
5.1507950E+06,-1.27785E+02
5.1509857E+06,-1.01765E+02
5.1511765E+06,-9.57654E+01
5.1513672E+06,-9.49054E+01
5.1515579E+06,-9.97654E+01
5.1517487E+06,-1.05685E+02
5.1519394E+06,-1.05565E+02
5.1521301E+06,-9.50454E+01
5.1523209E+06,-9.26254E+01
5.1525116E+06,-9.45654E+01
5.1527023E+06,-1.02805E+02
5.1528931E+06,-9.65054E+01
5.1530838E+06,-9.38054E+01
5.1532745E+06,-9.28054E+01
5.1534653E+06,-9.34454E+01
5.1536560E+06,-1.03845E+02
5.1538467E+06,-1.15165E+02
5.1540375E+06,-1.03405E+02
5.1542282E+06,-1.03505E+02
5.1544189E+06,-1.03445E+02
5.1546097E+06,-9.65254E+01
5.1548004E+06,-9.31854E+01
5.1549911E+06,-9.85054E+01
5.1551819E+06,-9.82854E+01
5.1553726E+06,-9.50054E+01
5.1555634E+06,-9.63254E+01
5.1557541E+06,-9.89654E+01
5.1559448E+06,-1.03665E+02
5.1561356E+06,-1.04145E+02
5.1563263E+06,-1.00665E+02
5.1565170E+06,-9.68254E+01
5.1567078E+06,-1.05945E+02
5.1568985E+06,-9.85654E+01
5.1570892E+06,-9.48454E+01
5.1572800E+06,-9.57254E+01
5.1574707E+06,-9.58654E+01
5.1576614E+06,-1.00165E+02
5.1578522E+06,-1.15405E+02
5.1580429E+06,-1.07065E+02
5.1582336E+06,-1.05865E+02
5.1584244E+06,-1.00465E+02
5.1586151E+06,-9.82654E+01
5.1588058E+06,-9.81254E+01
5.1589966E+06,-9.44054E+01
5.1591873E+06,-9.93854E+01
5.1593781E+06,-9.91254E+01
5.1595688E+06,-1.08945E+02
5.1597595E+06,-1.01425E+02
5.1599503E+06,-9.96454E+01
5.1601410E+06,-9.66054E+01
5.1603317E+06,-9.73854E+01
5.1605225E+06,-1.06085E+02
5.1607132E+06,-9.93854E+01
5.1609039E+06,-9.99254E+01
5.1610947E+06,-9.42654E+01
5.1612854E+06,-9.27454E+01
5.1614761E+06,-1.08385E+02
5.1616669E+06,-9.42654E+01
5.1618576E+06,-9.47654E+01
5.1620483E+06,-1.09905E+02
5.1622391E+06,-1.04265E+02
5.1624298E+06,-9.90854E+01
5.1626205E+06,-1.01985E+02
5.1628113E+06,-1.00145E+02
5.1630020E+06,-9.77454E+01
5.1631927E+06,-9.93854E+01
5.1633835E+06,-1.00445E+02
5.1635742E+06,-1.05425E+02
5.1637650E+06,-1.01705E+02
5.1639557E+06,-1.00445E+02
5.1641464E+06,-9.08654E+01
5.1643372E+06,-9.10054E+01
5.1645279E+06,-9.95854E+01
5.1647186E+06,-9.68254E+01
5.1649094E+06,-9.38454E+01
5.1651001E+06,-9.43654E+01
5.1652908E+06,-1.01525E+02
5.1654816E+06,-1.10885E+02
5.1656723E+06,-1.00125E+02
5.1658630E+06,-1.02425E+02
5.1660538E+06,-1.09905E+02
5.1662445E+06,-1.01585E+02
5.1664352E+06,-1.05585E+02
5.1666260E+06,-9.90854E+01
5.1668167E+06,-9.47654E+01
5.1670074E+06,-9.30654E+01
5.1671982E+06,-9.98254E+01
5.1673889E+06,-9.51254E+01
5.1675797E+06,-9.64254E+01
5.1677704E+06,-1.02245E+02
5.1679611E+06,-1.00505E+02
5.1681519E+06,-1.15665E+02
5.1683426E+06,-1.04765E+02
5.1685333E+06,-9.94454E+01
5.1687241E+06,-9.68454E+01
5.1689148E+06,-9.37254E+01
5.1691055E+06,-9.82054E+01
5.1692963E+06,-1.05865E+02
5.1694870E+06,-1.02145E+02
5.1696777E+06,-1.02765E+02
5.1698685E+06,-9.56854E+01
5.1700592E+06,-9.89054E+01
5.1702499E+06,-1.00225E+02
5.1704407E+06,-1.03585E+02
5.1706314E+06,-1.03305E+02
5.1708221E+06,-9.93854E+01
5.1710129E+06,-9.76854E+01
5.1712036E+06,-1.01565E+02
5.1713943E+06,-1.01505E+02
5.1715851E+06,-1.01065E+02
5.1717758E+06,-9.69454E+01
5.1719666E+06,-1.03545E+02
5.1721573E+06,-1.05505E+02
5.1723480E+06,-9.87454E+01
5.1725388E+06,-9.69054E+01
5.1727295E+06,-9.85054E+01
5.1729202E+06,-1.01005E+02
5.1731110E+06,-9.85454E+01
5.1733017E+06,-9.68854E+01
5.1734924E+06,-1.02965E+02
5.1736832E+06,-9.80454E+01
5.1738739E+06,-1.06185E+02
5.1740646E+06,-9.72854E+01
5.1742554E+06,-1.07005E+02
5.1744461E+06,-1.02485E+02
5.1746368E+06,-9.58054E+01
5.1748276E+06,-9.43254E+01
5.1750183E+06,-9.78854E+01
5.1752090E+06,-1.00445E+02
5.1753998E+06,-9.35054E+01
5.1755905E+06,-9.88454E+01
5.1757812E+06,-1.06465E+02
5.1759720E+06,-9.94054E+01
5.1761627E+06,-1.06645E+02
5.1763535E+06,-9.53254E+01
5.1765442E+06,-9.12054E+01
5.1767349E+06,-9.32254E+01
5.1769257E+06,-9.66254E+01
5.1771164E+06,-1.07605E+02
5.1773071E+06,-1.10805E+02
5.1774979E+06,-1.07805E+02
5.1776886E+06,-1.02325E+02
5.1778793E+06,-9.59054E+01
5.1780701E+06,-9.50054E+01
5.1782608E+06,-1.04945E+02
5.1784515E+06,-1.01305E+02
5.1786423E+06,-9.39254E+01
5.1788330E+06,-9.52654E+01
5.1790237E+06,-1.01405E+02
5.1792145E+06,-1.04525E+02
5.1794052E+06,-9.79254E+01
5.1795959E+06,-1.01205E+02
5.1797867E+06,-1.16965E+02
5.1799774E+06,-1.03665E+02
5.1801682E+06,-1.08125E+02
5.1803589E+06,-1.03545E+02
5.1805496E+06,-9.38454E+01
5.1807404E+06,-9.22854E+01
5.1809311E+06,-1.05405E+02
5.1811218E+06,-1.00305E+02
5.1813126E+06,-9.90054E+01
5.1815033E+06,-1.03405E+02
5.1816940E+06,-1.03405E+02
5.1818848E+06,-1.00925E+02
5.1820755E+06,-9.81854E+01
5.1822662E+06,-1.13585E+02
5.1824570E+06,-9.67054E+01
5.1826477E+06,-9.78854E+01
5.1828384E+06,-1.12005E+02
5.1830292E+06,-9.99054E+01
5.1832199E+06,-9.49654E+01
5.1834106E+06,-9.46854E+01
5.1836014E+06,-9.94654E+01
5.1837921E+06,-1.01645E+02
5.1839828E+06,-9.52854E+01
5.1841736E+06,-9.42654E+01
5.1843643E+06,-9.62054E+01
5.1845551E+06,-1.03585E+02
5.1847458E+06,-1.00425E+02
5.1849365E+06,-1.03805E+02
5.1851273E+06,-9.80854E+01
5.1853180E+06,-9.49454E+01
5.1855087E+06,-9.74854E+01
5.1856995E+06,-9.96654E+01
5.1858902E+06,-9.79854E+01
5.1860809E+06,-9.48654E+01
5.1862717E+06,-9.40454E+01
5.1864624E+06,-1.02565E+02
5.1866531E+06,-1.03125E+02
5.1868439E+06,-9.98654E+01
5.1870346E+06,-1.01645E+02
5.1872253E+06,-1.03545E+02
5.1874161E+06,-9.91254E+01
5.1876068E+06,-9.60454E+01
5.1877975E+06,-9.86654E+01
5.1879883E+06,-1.10285E+02
5.1881790E+06,-1.11785E+02
5.1883698E+06,-1.10005E+02
5.1885605E+06,-1.01905E+02
5.1887512E+06,-9.88654E+01
5.1889420E+06,-9.71454E+01
5.1891327E+06,-1.02125E+02
5.1893234E+06,-1.01885E+02
5.1895142E+06,-1.00205E+02
5.1897049E+06,-9.91254E+01
5.1898956E+06,-9.62854E+01
5.1900864E+06,-1.04225E+02
5.1902771E+06,-9.95054E+01
5.1904678E+06,-9.93454E+01
5.1906586E+06,-1.16585E+02
5.1908493E+06,-1.01445E+02
5.1910400E+06,-1.03085E+02
5.1912308E+06,-1.24725E+02
5.1914215E+06,-1.05345E+02
5.1916122E+06,-1.06065E+02
5.1918030E+06,-9.90654E+01
5.1919937E+06,-1.01785E+02
5.1921844E+06,-1.06125E+02
5.1923752E+06,-9.99454E+01
5.1925659E+06,-9.88254E+01
5.1927567E+06,-1.00965E+02
5.1929474E+06,-1.07445E+02
5.1931381E+06,-1.03965E+02
5.1933289E+06,-1.00545E+02
5.1935196E+06,-1.03445E+02
5.1937103E+06,-9.74854E+01
5.1939011E+06,-9.36254E+01
5.1940918E+06,-9.36654E+01
5.1942825E+06,-9.92854E+01
5.1944733E+06,-1.09165E+02
5.1946640E+06,-9.90854E+01
5.1948547E+06,-9.84654E+01
5.1950455E+06,-1.05265E+02
5.1952362E+06,-9.50454E+01
5.1954269E+06,-9.74254E+01
5.1956177E+06,-1.02305E+02
5.1958084E+06,-1.04505E+02
5.1959991E+06,-9.64854E+01
5.1961899E+06,-9.21654E+01
5.1963806E+06,-9.48054E+01
5.1965714E+06,-9.73854E+01
5.1967621E+06,-9.25254E+01
5.1969528E+06,-9.45254E+01
5.1971436E+06,-9.61454E+01
5.1973343E+06,-9.87654E+01
5.1975250E+06,-1.02485E+02
5.1977158E+06,-9.57254E+01
5.1979065E+06,-9.11654E+01
5.1980972E+06,-9.16254E+01
5.1982880E+06,-9.74254E+01
5.1984787E+06,-1.01665E+02
5.1986694E+06,-9.43254E+01
5.1988602E+06,-9.43054E+01
5.1990509E+06,-9.84854E+01
5.1992416E+06,-9.98054E+01
5.1994324E+06,-1.13665E+02
5.1996231E+06,-9.59854E+01
5.1998138E+06,-9.16454E+01
5.2000046E+06,-9.17454E+01
5.2001953E+06,-9.50254E+01
5.2003860E+06,-9.47854E+01
5.2005768E+06,-9.52054E+01
5.2007675E+06,-1.01945E+02
5.2009583E+06,-1.00285E+02
5.2011490E+06,-9.78654E+01
5.2013397E+06,-9.72654E+01
5.2015305E+06,-9.67654E+01
5.2017212E+06,-9.67054E+01
5.2019119E+06,-9.45654E+01
5.2021027E+06,-9.52254E+01
5.2022934E+06,-1.00185E+02
5.2024841E+06,-1.13585E+02
5.2026749E+06,-9.59654E+01
5.2028656E+06,-9.76454E+01
5.2030563E+06,-9.96454E+01
5.2032471E+06,-1.03505E+02
5.2034378E+06,-9.52054E+01
5.2036285E+06,-9.40454E+01
5.2038193E+06,-1.01765E+02
5.2040100E+06,-9.73054E+01
5.2042007E+06,-9.83854E+01
5.2043915E+06,-9.68254E+01
5.2045822E+06,-9.58654E+01
5.2047729E+06,-1.00505E+02
5.2049637E+06,-1.07645E+02
5.2051544E+06,-9.73654E+01
5.2053452E+06,-9.38854E+01
5.2055359E+06,-9.27454E+01
5.2057266E+06,-9.60054E+01
5.2059174E+06,-9.80854E+01
5.2061081E+06,-1.07945E+02
5.2062988E+06,-9.52054E+01
5.2064896E+06,-9.66854E+01
5.2066803E+06,-1.02285E+02
5.2068710E+06,-1.05965E+02
5.2070618E+06,-1.03505E+02
5.2072525E+06,-1.04485E+02
5.2074432E+06,-9.87054E+01
5.2076340E+06,-1.00625E+02
5.2078247E+06,-1.02585E+02
5.2080154E+06,-1.05805E+02
5.2082062E+06,-1.00585E+02
5.2083969E+06,-1.09665E+02
5.2085876E+06,-1.02825E+02
5.2087784E+06,-9.98654E+01
5.2089691E+06,-1.05125E+02
5.2091599E+06,-1.04005E+02
5.2093506E+06,-1.18185E+02
5.2095413E+06,-1.01885E+02
5.2097321E+06,-1.22205E+02
5.2099228E+06,-1.12645E+02
5.2101135E+06,-9.76254E+01
5.2103043E+06,-1.00545E+02
5.2104950E+06,-1.08005E+02
5.2106857E+06,-1.05005E+02
5.2108765E+06,-1.04905E+02
5.2110672E+06,-1.00225E+02
5.2112579E+06,-9.52654E+01
5.2114487E+06,-9.24254E+01
5.2116394E+06,-9.43654E+01
5.2118301E+06,-9.29054E+01
5.2120209E+06,-9.61454E+01
5.2122116E+06,-9.97854E+01
5.2124023E+06,-9.74254E+01
5.2125931E+06,-1.04305E+02
5.2127838E+06,-9.68854E+01
5.2129745E+06,-1.02325E+02
5.2131653E+06,-1.04405E+02
5.2133560E+06,-1.05825E+02
5.2135468E+06,-1.01525E+02
5.2137375E+06,-1.03085E+02
5.2139282E+06,-9.53054E+01
5.2141190E+06,-9.75854E+01
5.2143097E+06,-1.07785E+02
5.2145004E+06,-9.48054E+01
5.2146912E+06,-9.27454E+01
5.2148819E+06,-9.63654E+01
5.2150726E+06,-9.98054E+01
5.2152634E+06,-9.95454E+01
5.2154541E+06,-9.95854E+01
5.2156448E+06,-1.11025E+02
5.2158356E+06,-9.79054E+01
5.2160263E+06,-9.54454E+01
5.2162170E+06,-9.63054E+01
5.2164078E+06,-9.96654E+01
5.2165985E+06,-1.00105E+02
5.2167892E+06,-1.00065E+02
5.2169800E+06,-9.60854E+01
5.2171707E+06,-9.73854E+01
5.2173615E+06,-1.03165E+02
5.2175522E+06,-9.98654E+01
5.2177429E+06,-9.61254E+01
5.2179337E+06,-9.56054E+01
5.2181244E+06,-1.05525E+02
5.2183151E+06,-1.09385E+02
5.2185059E+06,-1.02765E+02
5.2186966E+06,-1.07405E+02
5.2188873E+06,-9.76854E+01
5.2190781E+06,-9.25854E+01
5.2192688E+06,-9.37254E+01
5.2194595E+06,-9.91054E+01
5.2196503E+06,-9.62454E+01
5.2198410E+06,-9.98254E+01
5.2200317E+06,-1.04685E+02
5.2202225E+06,-1.09665E+02
5.2204132E+06,-9.74054E+01
5.2206039E+06,-9.51654E+01
5.2207947E+06,-9.69054E+01
5.2209854E+06,-9.96854E+01
5.2211761E+06,-1.02985E+02
5.2213669E+06,-9.68654E+01
5.2215576E+06,-9.78654E+01
5.2217484E+06,-9.78054E+01
5.2219391E+06,-1.13225E+02
5.2221298E+06,-9.89854E+01
5.2223206E+06,-9.93254E+01
5.2225113E+06,-9.63654E+01
5.2227020E+06,-1.01405E+02
5.2228928E+06,-9.44654E+01
5.2230835E+06,-9.47854E+01
5.2232742E+06,-1.00325E+02
5.2234650E+06,-1.08285E+02
5.2236557E+06,-1.14185E+02
5.2238464E+06,-9.84654E+01
5.2240372E+06,-9.49454E+01
5.2242279E+06,-1.02065E+02
5.2244186E+06,-1.06005E+02
5.2246094E+06,-1.04805E+02
5.2248001E+06,-1.02485E+02
5.2249908E+06,-1.02365E+02
5.2251816E+06,-1.08745E+02
5.2253723E+06,-1.05905E+02
5.2255630E+06,-1.01125E+02
5.2257538E+06,-9.84854E+01
5.2259445E+06,-1.00205E+02
5.2261353E+06,-9.86854E+01
5.2263260E+06,-9.84854E+01
5.2265167E+06,-9.50054E+01
5.2267075E+06,-9.32254E+01
5.2268982E+06,-9.70054E+01
5.2270889E+06,-1.08645E+02
5.2272797E+06,-1.04145E+02
5.2274704E+06,-1.14405E+02
5.2276611E+06,-1.11305E+02
5.2278519E+06,-1.03065E+02
5.2280426E+06,-9.85854E+01
5.2282333E+06,-9.74254E+01
5.2284241E+06,-1.02165E+02
5.2286148E+06,-1.02985E+02
5.2288055E+06,-1.03705E+02
5.2289963E+06,-1.04685E+02
5.2291870E+06,-1.03965E+02
5.2293777E+06,-9.47654E+01
5.2295685E+06,-9.54254E+01
5.2297592E+06,-1.03805E+02
5.2299500E+06,-1.02305E+02
5.2301407E+06,-9.85854E+01
5.2303314E+06,-1.00085E+02
5.2305222E+06,-1.07625E+02
5.2307129E+06,-1.03925E+02
5.2309036E+06,-1.00145E+02
5.2310944E+06,-1.00125E+02
5.2312851E+06,-9.73454E+01
5.2314758E+06,-1.02925E+02
5.2316666E+06,-1.03725E+02
5.2318573E+06,-1.04285E+02
5.2320480E+06,-9.69054E+01
5.2322388E+06,-1.06025E+02
5.2324295E+06,-1.05105E+02
5.2326202E+06,-9.86454E+01
5.2328110E+06,-9.05054E+01
5.2330017E+06,-8.93654E+01
5.2331924E+06,-9.44454E+01
5.2333832E+06,-9.61254E+01
5.2335739E+06,-1.00525E+02
5.2337646E+06,-9.68854E+01
5.2339554E+06,-9.35054E+01
5.2341461E+06,-1.01285E+02
5.2343369E+06,-1.07105E+02
5.2345276E+06,-1.12085E+02
5.2347183E+06,-1.04465E+02
5.2349091E+06,-9.85854E+01
5.2350998E+06,-9.39654E+01
5.2352905E+06,-9.70654E+01
5.2354813E+06,-1.02765E+02
5.2356720E+06,-9.46254E+01
5.2358627E+06,-9.64454E+01
5.2360535E+06,-1.07205E+02
5.2362442E+06,-1.08685E+02
5.2364349E+06,-9.57054E+01
5.2366257E+06,-9.42254E+01
5.2368164E+06,-1.03625E+02
5.2370071E+06,-1.01025E+02
5.2371979E+06,-9.55254E+01
5.2373886E+06,-9.46054E+01
5.2375793E+06,-9.96054E+01
5.2377701E+06,-1.05685E+02
5.2379608E+06,-1.04385E+02
5.2381516E+06,-9.38854E+01
5.2383423E+06,-9.46454E+01
5.2385330E+06,-1.08025E+02
5.2387238E+06,-1.12045E+02
5.2389145E+06,-1.10345E+02
5.2391052E+06,-1.05425E+02
5.2392960E+06,-1.00825E+02
5.2394867E+06,-9.70254E+01
5.2396774E+06,-1.03165E+02
5.2398682E+06,-1.05065E+02
5.2400589E+06,-9.88654E+01
5.2402496E+06,-9.71254E+01
5.2404404E+06,-9.91454E+01
5.2406311E+06,-9.88454E+01
5.2408218E+06,-1.04365E+02
5.2410126E+06,-1.05925E+02
5.2412033E+06,-1.09385E+02
5.2413940E+06,-1.02685E+02
5.2415848E+06,-1.03125E+02
5.2417755E+06,-9.92454E+01
5.2419662E+06,-1.01525E+02
5.2421570E+06,-1.01705E+02
5.2423477E+06,-9.66654E+01
5.2425385E+06,-1.03805E+02
5.2427292E+06,-9.97254E+01
5.2429199E+06,-1.04465E+02
5.2431107E+06,-1.00945E+02
5.2433014E+06,-1.02565E+02
5.2434921E+06,-1.33305E+02
5.2436829E+06,-9.71854E+01
5.2438736E+06,-9.71454E+01
5.2440643E+06,-1.01185E+02
5.2442551E+06,-9.97054E+01
5.2444458E+06,-1.04825E+02
5.2446365E+06,-1.09425E+02
5.2448273E+06,-9.97254E+01
5.2450180E+06,-9.77054E+01
5.2452087E+06,-9.62054E+01
5.2453995E+06,-1.00025E+02
5.2455902E+06,-1.20445E+02
5.2457809E+06,-1.00225E+02
5.2459717E+06,-1.08745E+02
5.2461624E+06,-9.61254E+01
5.2463531E+06,-9.48454E+01
5.2465439E+06,-9.92054E+01
5.2467346E+06,-9.69854E+01
5.2469254E+06,-1.07405E+02
5.2471161E+06,-1.02985E+02
5.2473068E+06,-9.74854E+01
5.2474976E+06,-1.01625E+02
5.2476883E+06,-9.34054E+01
5.2478790E+06,-1.00325E+02
5.2480698E+06,-1.08405E+02
5.2482605E+06,-1.05685E+02
5.2484512E+06,-1.10225E+02
5.2486420E+06,-1.15285E+02
5.2488327E+06,-1.04005E+02
5.2490234E+06,-9.82454E+01
5.2492142E+06,-1.00845E+02
5.2494049E+06,-1.10005E+02
5.2495956E+06,-9.87654E+01
5.2497864E+06,-9.78654E+01
5.2499771E+06,-1.00585E+02
5.2501678E+06,-9.50454E+01
5.2503586E+06,-1.02205E+02
5.2505493E+06,-1.15265E+02
5.2507401E+06,-1.08285E+02
5.2509308E+06,-1.01325E+02
5.2511215E+06,-9.52054E+01
5.2513123E+06,-1.02385E+02
5.2515030E+06,-9.98254E+01
5.2516937E+06,-9.77654E+01
5.2518845E+06,-9.47254E+01
5.2520752E+06,-9.33054E+01
5.2522659E+06,-1.02565E+02
5.2524567E+06,-1.09305E+02
5.2526474E+06,-9.93654E+01
5.2528381E+06,-9.44454E+01
5.2530289E+06,-9.83854E+01
5.2532196E+06,-1.00885E+02
5.2534103E+06,-9.53654E+01
5.2536011E+06,-9.22254E+01
5.2537918E+06,-9.18254E+01
5.2539825E+06,-1.12305E+02
5.2541733E+06,-9.44254E+01
5.2543640E+06,-9.14054E+01
5.2545547E+06,-9.08054E+01
5.2547455E+06,-9.86254E+01
5.2549362E+06,-1.00965E+02
5.2551270E+06,-1.01505E+02
5.2553177E+06,-9.54054E+01
5.2555084E+06,-9.35054E+01
5.2556992E+06,-9.70054E+01
5.2558899E+06,-1.01385E+02
5.2560806E+06,-9.80454E+01
5.2562714E+06,-9.09254E+01
5.2564621E+06,-9.09254E+01
5.2566528E+06,-9.84854E+01
5.2568436E+06,-9.97454E+01
5.2570343E+06,-9.49454E+01
5.2572250E+06,-9.68454E+01
5.2574158E+06,-1.03065E+02
5.2576065E+06,-9.57254E+01
5.2577972E+06,-9.00454E+01
5.2579880E+06,-9.62854E+01
5.2581787E+06,-9.90854E+01
5.2583694E+06,-9.67454E+01
5.2585602E+06,-9.96454E+01
5.2587509E+06,-1.05465E+02
5.2589417E+06,-1.06685E+02
5.2591324E+06,-9.71854E+01
5.2593231E+06,-9.23054E+01
5.2595139E+06,-9.43654E+01
5.2597046E+06,-9.64254E+01
5.2598953E+06,-1.03085E+02
5.2600861E+06,-1.03305E+02
5.2602768E+06,-1.10045E+02
5.2604675E+06,-1.11225E+02
5.2606583E+06,-1.02645E+02
5.2608490E+06,-9.82654E+01
5.2610397E+06,-9.63454E+01
5.2612305E+06,-9.62254E+01
5.2614212E+06,-9.85254E+01
5.2616119E+06,-1.00765E+02
5.2618027E+06,-9.81454E+01
5.2619934E+06,-9.53254E+01
5.2621841E+06,-9.41454E+01
5.2623749E+06,-9.18654E+01
5.2625656E+06,-9.86454E+01
5.2627563E+06,-1.01565E+02
5.2629471E+06,-9.44254E+01
5.2631378E+06,-9.46054E+01
5.2633286E+06,-9.65654E+01
5.2635193E+06,-9.84454E+01
5.2637100E+06,-1.01765E+02
5.2639008E+06,-1.01765E+02
5.2640915E+06,-1.04445E+02
5.2642822E+06,-1.00665E+02
5.2644730E+06,-9.77454E+01
5.2646637E+06,-9.43454E+01
5.2648544E+06,-1.01005E+02
5.2650452E+06,-1.07385E+02
5.2652359E+06,-9.53254E+01
5.2654266E+06,-9.64654E+01
5.2656174E+06,-9.77054E+01
5.2658081E+06,-9.32654E+01
5.2659988E+06,-9.37654E+01
5.2661896E+06,-9.60054E+01
5.2663803E+06,-1.05985E+02
5.2665710E+06,-9.85254E+01
5.2667618E+06,-1.15085E+02
5.2669525E+06,-1.01865E+02
5.2671432E+06,-1.03805E+02
5.2673340E+06,-1.06745E+02
5.2675247E+06,-1.01205E+02
5.2677155E+06,-9.94454E+01
5.2679062E+06,-1.01985E+02
5.2680969E+06,-9.74454E+01
5.2682877E+06,-9.31654E+01
5.2684784E+06,-9.92854E+01
5.2686691E+06,-1.04045E+02
5.2688599E+06,-9.29054E+01
5.2690506E+06,-9.29254E+01
5.2692413E+06,-1.03925E+02
5.2694321E+06,-9.64254E+01
5.2696228E+06,-1.07305E+02
5.2698135E+06,-1.08305E+02
5.2700043E+06,-1.02145E+02
5.2701950E+06,-1.01345E+02
5.2703857E+06,-9.51454E+01
5.2705765E+06,-9.86254E+01
5.2707672E+06,-1.03505E+02
5.2709579E+06,-9.65654E+01
5.2711487E+06,-1.04545E+02
5.2713394E+06,-1.01145E+02
5.2715302E+06,-1.06265E+02
5.2717209E+06,-1.03225E+02
5.2719116E+06,-9.96054E+01
5.2721024E+06,-9.29054E+01
5.2722931E+06,-9.42854E+01
5.2724838E+06,-1.02765E+02
5.2726746E+06,-9.31654E+01
5.2728653E+06,-9.77454E+01
5.2730560E+06,-1.06925E+02
5.2732468E+06,-1.04565E+02
5.2734375E+06,-9.98454E+01
5.2736282E+06,-9.67454E+01
5.2738190E+06,-1.07145E+02
5.2740097E+06,-1.05745E+02
5.2742004E+06,-1.10345E+02
5.2743912E+06,-1.04925E+02
5.2745819E+06,-1.04185E+02
5.2747726E+06,-9.78054E+01
5.2749634E+06,-9.78854E+01
5.2751541E+06,-9.88454E+01
5.2753448E+06,-1.05425E+02
5.2755356E+06,-9.40054E+01
5.2757263E+06,-9.32654E+01
5.2759171E+06,-9.97054E+01
5.2761078E+06,-1.01445E+02
5.2762985E+06,-9.97854E+01
5.2764893E+06,-9.42654E+01
5.2766800E+06,-9.69254E+01
5.2768707E+06,-1.06465E+02
5.2770615E+06,-9.82854E+01
5.2772522E+06,-9.55454E+01
5.2774429E+06,-9.48454E+01
5.2776337E+06,-1.00085E+02
5.2778244E+06,-1.13185E+02
5.2780151E+06,-1.04465E+02
5.2782059E+06,-1.06225E+02
5.2783966E+06,-9.80254E+01
5.2785873E+06,-9.38854E+01
5.2787781E+06,-9.57454E+01
5.2789688E+06,-9.67454E+01
5.2791595E+06,-9.38454E+01
5.2793503E+06,-9.59054E+01
5.2795410E+06,-1.10385E+02
5.2797318E+06,-1.03085E+02
5.2799225E+06,-1.03585E+02
5.2801132E+06,-1.00525E+02
5.2803040E+06,-1.02985E+02
5.2804947E+06,-1.01025E+02
5.2806854E+06,-9.63254E+01
5.2808762E+06,-9.93054E+01
5.2810669E+06,-1.02165E+02
5.2812576E+06,-9.48854E+01
5.2814484E+06,-8.97054E+01
5.2816391E+06,-9.33254E+01
5.2818298E+06,-9.58054E+01
5.2820206E+06,-9.27654E+01
5.2822113E+06,-9.76254E+01
5.2824020E+06,-1.05625E+02
5.2825928E+06,-1.03125E+02
5.2827835E+06,-1.00005E+02
5.2829742E+06,-1.02045E+02
5.2831650E+06,-9.95054E+01
5.2833557E+06,-9.45654E+01
5.2835464E+06,-9.29054E+01
5.2837372E+06,-9.45454E+01
5.2839279E+06,-9.69254E+01
5.2841187E+06,-1.05965E+02
5.2843094E+06,-1.12625E+02
5.2845001E+06,-1.00565E+02
5.2846909E+06,-1.00985E+02
5.2848816E+06,-1.10025E+02
5.2850723E+06,-1.00205E+02
5.2852631E+06,-1.00225E+02
5.2854538E+06,-1.05265E+02
5.2856445E+06,-9.90454E+01
5.2858353E+06,-9.48654E+01
5.2860260E+06,-9.45254E+01
5.2862167E+06,-9.80454E+01
5.2864075E+06,-1.02565E+02
5.2865982E+06,-1.10465E+02
5.2867889E+06,-1.00185E+02
5.2869797E+06,-9.55254E+01
5.2871704E+06,-9.96054E+01
5.2873611E+06,-9.93454E+01
5.2875519E+06,-1.04845E+02
5.2877426E+06,-9.74654E+01
5.2879333E+06,-9.75854E+01
5.2881241E+06,-9.44254E+01
5.2883148E+06,-9.94854E+01
5.2885056E+06,-9.84254E+01
5.2886963E+06,-9.35854E+01
5.2888870E+06,-9.57654E+01
5.2890778E+06,-9.92454E+01
5.2892685E+06,-9.78454E+01
5.2894592E+06,-9.44654E+01
5.2896500E+06,-9.49454E+01
5.2898407E+06,-1.02925E+02
5.2900314E+06,-1.13225E+02
5.2902222E+06,-1.11065E+02
5.2904129E+06,-1.05545E+02
5.2906036E+06,-1.00925E+02
5.2907944E+06,-1.00665E+02
5.2909851E+06,-9.59454E+01
5.2911758E+06,-9.44654E+01
5.2913666E+06,-9.77854E+01
5.2915573E+06,-1.05405E+02
5.2917480E+06,-1.01805E+02
5.2919388E+06,-1.01865E+02
5.2921295E+06,-9.71054E+01
5.2923203E+06,-9.73654E+01
5.2925110E+06,-1.01545E+02
5.2927017E+06,-9.51254E+01
5.2928925E+06,-1.02445E+02
5.2930832E+06,-9.85654E+01
5.2932739E+06,-9.18254E+01
5.2934647E+06,-9.41854E+01
5.2936554E+06,-9.82854E+01
5.2938461E+06,-1.00785E+02
5.2940369E+06,-9.81854E+01
5.2942276E+06,-9.27054E+01
5.2944183E+06,-9.26454E+01
5.2946091E+06,-9.02654E+01
5.2947998E+06,-9.09654E+01
5.2949905E+06,-1.00585E+02
5.2951813E+06,-9.73454E+01
5.2953720E+06,-1.11585E+02
5.2955627E+06,-9.75054E+01
5.2957535E+06,-9.63454E+01
5.2959442E+06,-1.03185E+02
5.2961349E+06,-9.55654E+01
5.2963257E+06,-9.09054E+01
5.2965164E+06,-9.23654E+01
5.2967072E+06,-9.96854E+01
5.2968979E+06,-9.81254E+01
5.2970886E+06,-1.01765E+02
5.2972794E+06,-9.90654E+01
5.2974701E+06,-1.03625E+02
5.2976608E+06,-1.00445E+02
5.2978516E+06,-9.96854E+01
5.2980423E+06,-1.03025E+02
5.2982330E+06,-9.74854E+01
5.2984238E+06,-1.01625E+02
5.2986145E+06,-1.09445E+02
5.2988052E+06,-1.09225E+02
5.2989960E+06,-9.93854E+01
5.2991867E+06,-9.51654E+01
5.2993774E+06,-1.01505E+02
5.2995682E+06,-9.49254E+01
5.2997589E+06,-9.54854E+01
5.2999496E+06,-9.94054E+01
5.3001404E+06,-1.04045E+02
5.3003311E+06,-1.02445E+02
5.3005219E+06,-1.08185E+02
5.3007126E+06,-9.70654E+01
5.3009033E+06,-9.96854E+01
5.3010941E+06,-9.93454E+01
5.3012848E+06,-9.49254E+01
5.3014755E+06,-9.23054E+01
5.3016663E+06,-9.19854E+01
5.3018570E+06,-1.01445E+02
5.3020477E+06,-1.04265E+02
5.3022385E+06,-1.02485E+02
5.3024292E+06,-1.06105E+02
5.3026199E+06,-9.68454E+01
5.3028107E+06,-9.48054E+01
5.3030014E+06,-9.64454E+01
5.3031921E+06,-9.66054E+01
5.3033829E+06,-9.56454E+01
5.3035736E+06,-9.69654E+01
5.3037643E+06,-9.50054E+01
5.3039551E+06,-1.01225E+02
5.3041458E+06,-1.10845E+02
5.3043365E+06,-9.90454E+01
5.3045273E+06,-9.66054E+01
5.3047180E+06,-1.01945E+02
5.3049088E+06,-1.09925E+02
5.3050995E+06,-1.11545E+02
5.3052902E+06,-1.03025E+02
5.3054810E+06,-9.77054E+01
5.3056717E+06,-9.60254E+01
5.3058624E+06,-9.63854E+01
5.3060532E+06,-9.51854E+01
5.3062439E+06,-9.74054E+01
5.3064346E+06,-9.95054E+01
5.3066254E+06,-9.82454E+01
5.3068161E+06,-1.03625E+02
5.3070068E+06,-1.02385E+02
5.3071976E+06,-9.71054E+01
5.3073883E+06,-9.43254E+01
5.3075790E+06,-9.91054E+01
5.3077698E+06,-1.01025E+02
5.3079605E+06,-1.06805E+02
5.3081512E+06,-9.78254E+01
5.3083420E+06,-1.05585E+02
5.3085327E+06,-9.52054E+01
5.3087234E+06,-9.89254E+01
5.3089142E+06,-9.94454E+01
5.3091049E+06,-9.55054E+01
5.3092957E+06,-9.56254E+01
5.3094864E+06,-9.65654E+01
5.3096771E+06,-9.53854E+01
5.3098679E+06,-9.12054E+01
5.3100586E+06,-9.03254E+01
5.3102493E+06,-9.59254E+01
5.3104401E+06,-9.72254E+01
5.3106308E+06,-1.00945E+02
5.3108215E+06,-1.07505E+02
5.3110123E+06,-1.04365E+02
5.3112030E+06,-1.01765E+02
5.3113937E+06,-9.80254E+01
5.3115845E+06,-1.14665E+02
5.3117752E+06,-9.97854E+01
5.3119659E+06,-1.01105E+02
5.3121567E+06,-1.08805E+02
5.3123474E+06,-1.07685E+02
5.3125381E+06,-1.13305E+02
5.3127289E+06,-1.13665E+02
5.3129196E+06,-1.02625E+02
5.3131104E+06,-9.42254E+01
5.3133011E+06,-9.99254E+01
5.3134918E+06,-1.03545E+02
5.3136826E+06,-1.03325E+02
5.3138733E+06,-1.03845E+02
5.3140640E+06,-1.00065E+02
5.3142548E+06,-9.29054E+01
5.3144455E+06,-9.03454E+01
5.3146362E+06,-9.25854E+01
5.3148270E+06,-9.63254E+01
5.3150177E+06,-1.02285E+02
5.3152084E+06,-9.99054E+01
5.3153992E+06,-1.02425E+02
5.3155899E+06,-1.04725E+02
5.3157806E+06,-1.00665E+02
5.3159714E+06,-1.01205E+02
5.3161621E+06,-9.43254E+01
5.3163528E+06,-9.53254E+01
5.3165436E+06,-9.74054E+01
5.3167343E+06,-9.64854E+01
5.3169250E+06,-9.52454E+01
5.3171158E+06,-9.64654E+01
5.3173065E+06,-9.72054E+01
5.3174973E+06,-9.39254E+01
5.3176880E+06,-9.68054E+01
5.3178787E+06,-1.10705E+02
5.3180695E+06,-1.04845E+02
5.3182602E+06,-1.00165E+02
5.3184509E+06,-1.06965E+02
5.3186417E+06,-1.04145E+02
5.3188324E+06,-9.62454E+01
5.3190231E+06,-9.80654E+01
5.3192139E+06,-1.03225E+02
5.3194046E+06,-1.04585E+02
5.3195953E+06,-1.11285E+02
5.3197861E+06,-9.91054E+01
5.3199768E+06,-9.22254E+01
5.3201675E+06,-9.59054E+01
5.3203583E+06,-9.68854E+01
5.3205490E+06,-9.60454E+01
5.3207397E+06,-1.00925E+02
5.3209305E+06,-9.95254E+01
5.3211212E+06,-9.26454E+01
5.3213120E+06,-9.70654E+01
5.3215027E+06,-1.01205E+02
5.3216934E+06,-9.48654E+01
5.3218842E+06,-9.74054E+01
5.3220749E+06,-9.34054E+01
5.3222656E+06,-9.32654E+01
5.3224564E+06,-9.69254E+01
5.3226471E+06,-9.62254E+01
5.3228378E+06,-9.98654E+01
5.3230286E+06,-1.04145E+02
5.3232193E+06,-1.02505E+02
5.3234100E+06,-9.89854E+01
5.3236008E+06,-1.01745E+02
5.3237915E+06,-1.12165E+02
5.3239822E+06,-1.02305E+02
5.3241730E+06,-1.04785E+02
5.3243637E+06,-9.65054E+01
5.3245544E+06,-9.47854E+01
5.3247452E+06,-1.00605E+02
5.3249359E+06,-9.99054E+01
5.3251266E+06,-9.40854E+01
5.3253174E+06,-9.63654E+01
5.3255081E+06,-1.05865E+02
5.3256989E+06,-1.09125E+02
5.3258896E+06,-1.00945E+02
5.3260803E+06,-9.86254E+01
5.3262711E+06,-9.66854E+01
5.3264618E+06,-9.54454E+01
5.3266525E+06,-1.00725E+02
5.3268433E+06,-9.73654E+01
5.3270340E+06,-1.01825E+02
5.3272247E+06,-1.01445E+02
5.3274155E+06,-9.36654E+01
5.3276062E+06,-9.40854E+01
5.3277969E+06,-9.58054E+01
5.3279877E+06,-9.57254E+01
5.3281784E+06,-9.72454E+01
5.3283691E+06,-9.73254E+01
5.3285599E+06,-9.91654E+01
5.3287506E+06,-1.10105E+02
5.3289413E+06,-1.10045E+02
5.3291321E+06,-1.06285E+02
5.3293228E+06,-1.11965E+02
5.3295135E+06,-1.11625E+02
5.3297043E+06,-1.02745E+02
5.3298950E+06,-9.58254E+01
5.3300858E+06,-9.74454E+01
5.3302765E+06,-9.25854E+01
5.3304672E+06,-9.78454E+01
5.3306580E+06,-1.07705E+02
5.3308487E+06,-1.06985E+02
5.3310394E+06,-1.05805E+02
5.3312302E+06,-1.00505E+02
5.3314209E+06,-9.67654E+01
5.3316116E+06,-9.56854E+01
5.3318024E+06,-9.83854E+01
5.3319931E+06,-9.60254E+01
5.3321838E+06,-9.71454E+01
5.3323746E+06,-9.40854E+01
5.3325653E+06,-9.93654E+01
5.3327560E+06,-9.79254E+01
5.3329468E+06,-9.60654E+01
5.3331375E+06,-9.37654E+01
5.3333282E+06,-9.45054E+01
5.3335190E+06,-9.76054E+01
5.3337097E+06,-1.06545E+02
5.3339005E+06,-1.01905E+02
5.3340912E+06,-1.07085E+02
5.3342819E+06,-1.05525E+02
5.3344727E+06,-9.66854E+01
5.3346634E+06,-9.85454E+01
5.3348541E+06,-1.08685E+02
5.3350449E+06,-1.04765E+02
5.3352356E+06,-9.76654E+01
5.3354263E+06,-9.60854E+01
5.3356171E+06,-1.14465E+02
5.3358078E+06,-9.89854E+01
5.3359985E+06,-9.48654E+01
5.3361893E+06,-9.62854E+01
5.3363800E+06,-1.01425E+02
5.3365707E+06,-1.07985E+02
5.3367615E+06,-1.01365E+02
5.3369522E+06,-1.03025E+02
5.3371429E+06,-1.04505E+02
5.3373337E+06,-9.58054E+01
5.3375244E+06,-9.22054E+01
5.3377151E+06,-9.51254E+01
5.3379059E+06,-1.04305E+02
5.3380966E+06,-1.06685E+02
5.3382874E+06,-9.96654E+01
5.3384781E+06,-9.92054E+01
5.3386688E+06,-9.83654E+01
5.3388596E+06,-1.03725E+02
5.3390503E+06,-1.10725E+02
5.3392410E+06,-1.02965E+02
5.3394318E+06,-1.00865E+02
5.3396225E+06,-1.00125E+02
5.3398132E+06,-1.05845E+02
5.3400040E+06,-1.04005E+02
5.3401947E+06,-9.82654E+01
5.3403854E+06,-9.88454E+01
5.3405762E+06,-9.72454E+01
5.3407669E+06,-9.70654E+01
5.3409576E+06,-1.01125E+02
5.3411484E+06,-1.02385E+02
5.3413391E+06,-1.01165E+02
5.3415298E+06,-1.00205E+02
5.3417206E+06,-9.73054E+01
5.3419113E+06,-9.64254E+01
5.3421021E+06,-9.79654E+01
5.3422928E+06,-9.59854E+01
5.3424835E+06,-9.69254E+01
5.3426743E+06,-9.87454E+01
5.3428650E+06,-1.00965E+02
5.3430557E+06,-1.06645E+02
5.3432465E+06,-9.65254E+01
5.3434372E+06,-9.47054E+01
5.3436279E+06,-9.87254E+01
5.3438187E+06,-1.01125E+02
5.3440094E+06,-1.11765E+02
5.3442001E+06,-1.09305E+02
5.3443909E+06,-9.50054E+01
5.3445816E+06,-9.84854E+01
5.3447723E+06,-1.01245E+02
5.3449631E+06,-1.01445E+02
5.3451538E+06,-1.01225E+02
5.3453445E+06,-9.95654E+01
5.3455353E+06,-1.08965E+02
5.3457260E+06,-9.63854E+01
5.3459167E+06,-9.80254E+01
5.3461075E+06,-9.72054E+01
5.3462982E+06,-9.58654E+01
5.3464890E+06,-9.70254E+01
5.3466797E+06,-1.10625E+02
5.3468704E+06,-9.89854E+01
5.3470612E+06,-9.89454E+01
5.3472519E+06,-1.03445E+02
5.3474426E+06,-1.00925E+02
5.3476334E+06,-1.09385E+02
5.3478241E+06,-1.02005E+02
5.3480148E+06,-1.05845E+02
5.3482056E+06,-1.04765E+02
5.3483963E+06,-1.05765E+02
5.3485870E+06,-9.87654E+01
5.3487778E+06,-9.47854E+01
5.3489685E+06,-1.02165E+02
5.3491592E+06,-1.04045E+02
5.3493500E+06,-1.02805E+02
5.3495407E+06,-9.74254E+01
5.3497314E+06,-1.07525E+02
5.3499222E+06,-1.09125E+02
5.3501129E+06,-9.72054E+01
5.3503036E+06,-9.67454E+01
5.3504944E+06,-9.61254E+01
5.3506851E+06,-9.55054E+01
5.3508759E+06,-1.04145E+02
5.3510666E+06,-9.70654E+01
5.3512573E+06,-1.04965E+02
5.3514481E+06,-9.96054E+01
5.3516388E+06,-9.67854E+01
5.3518295E+06,-9.35454E+01
5.3520203E+06,-9.32254E+01
5.3522110E+06,-1.07685E+02
5.3524017E+06,-1.10525E+02
5.3525925E+06,-9.52454E+01
5.3527832E+06,-9.26254E+01
5.3529739E+06,-9.51654E+01
5.3531647E+06,-1.00365E+02
5.3533554E+06,-9.87854E+01
5.3535461E+06,-9.78254E+01
5.3537369E+06,-9.36654E+01
5.3539276E+06,-9.50854E+01
5.3541183E+06,-9.90054E+01
5.3543091E+06,-9.95654E+01
5.3544998E+06,-9.77854E+01
5.3546906E+06,-1.04085E+02
5.3548813E+06,-1.04945E+02
5.3550720E+06,-1.08645E+02
5.3552628E+06,-1.01525E+02
5.3554535E+06,-9.65854E+01
5.3556442E+06,-9.98654E+01
5.3558350E+06,-1.00765E+02
5.3560257E+06,-1.11125E+02
5.3562164E+06,-1.02525E+02
5.3564072E+06,-1.00705E+02
5.3565979E+06,-9.35454E+01
5.3567886E+06,-9.35454E+01
5.3569794E+06,-1.11705E+02
5.3571701E+06,-1.09205E+02
5.3573608E+06,-1.00905E+02
5.3575516E+06,-1.00845E+02
5.3577423E+06,-1.02625E+02
5.3579330E+06,-9.96654E+01
5.3581238E+06,-9.74654E+01
5.3583145E+06,-9.69054E+01
5.3585052E+06,-1.02765E+02
5.3586960E+06,-1.02705E+02
5.3588867E+06,-9.85454E+01
5.3590775E+06,-9.26454E+01
5.3592682E+06,-9.26454E+01
5.3594589E+06,-9.74454E+01
5.3596497E+06,-1.01945E+02
5.3598404E+06,-1.02425E+02
5.3600311E+06,-9.92854E+01
5.3602219E+06,-9.49254E+01
5.3604126E+06,-9.94254E+01
5.3606033E+06,-9.78054E+01
5.3607941E+06,-9.53054E+01
5.3609848E+06,-1.03365E+02
5.3611755E+06,-9.82054E+01
5.3613663E+06,-9.11654E+01
5.3615570E+06,-9.24454E+01
5.3617477E+06,-9.54254E+01
5.3619385E+06,-9.83854E+01
5.3621292E+06,-9.55254E+01
5.3623199E+06,-1.05485E+02
5.3625107E+06,-1.01325E+02
5.3627014E+06,-1.03265E+02
5.3628922E+06,-9.86054E+01
5.3630829E+06,-1.00305E+02
5.3632736E+06,-1.05265E+02
5.3634644E+06,-1.03165E+02
5.3636551E+06,-9.35054E+01
5.3638458E+06,-9.15054E+01
5.3640366E+06,-9.61254E+01
5.3642273E+06,-9.64254E+01
5.3644180E+06,-1.00685E+02
5.3646088E+06,-1.05425E+02
5.3647995E+06,-9.88654E+01
5.3649902E+06,-1.06645E+02
5.3651810E+06,-1.16045E+02
5.3653717E+06,-1.09565E+02
5.3655624E+06,-9.93254E+01
5.3657532E+06,-1.02965E+02
5.3659439E+06,-1.00405E+02
5.3661346E+06,-9.48054E+01
5.3663254E+06,-9.78654E+01
5.3665161E+06,-1.14305E+02
5.3667068E+06,-9.84054E+01
5.3668976E+06,-1.00665E+02
5.3670883E+06,-1.00705E+02
5.3672791E+06,-9.61254E+01
5.3674698E+06,-9.93454E+01
5.3676605E+06,-1.06025E+02
5.3678513E+06,-1.02705E+02
5.3680420E+06,-1.01565E+02
5.3682327E+06,-1.08265E+02
5.3684235E+06,-1.04045E+02
5.3686142E+06,-9.69054E+01
5.3688049E+06,-9.47654E+01
5.3689957E+06,-1.04185E+02
5.3691864E+06,-1.03665E+02
5.3693771E+06,-1.04045E+02
5.3695679E+06,-9.40454E+01
5.3697586E+06,-9.59454E+01
5.3699493E+06,-1.01425E+02
5.3701401E+06,-9.66054E+01
5.3703308E+06,-9.37654E+01
5.3705215E+06,-9.82654E+01
5.3707123E+06,-9.22054E+01
5.3709030E+06,-9.15654E+01
5.3710938E+06,-1.02285E+02
5.3712845E+06,-1.12825E+02
5.3714752E+06,-1.11145E+02
5.3716660E+06,-1.09345E+02
5.3718567E+06,-1.12425E+02
5.3720474E+06,-1.05545E+02
5.3722382E+06,-9.92854E+01
5.3724289E+06,-1.00825E+02
5.3726196E+06,-1.02165E+02
5.3728104E+06,-1.00705E+02
5.3730011E+06,-9.95054E+01
5.3731918E+06,-9.81654E+01
5.3733826E+06,-1.07425E+02
5.3735733E+06,-1.14585E+02
5.3737640E+06,-9.88654E+01
5.3739548E+06,-9.41854E+01
5.3741455E+06,-9.41454E+01
5.3743362E+06,-1.01805E+02
5.3745270E+06,-1.02745E+02
5.3747177E+06,-9.69054E+01
5.3749084E+06,-9.45254E+01
5.3750992E+06,-9.40854E+01
5.3752899E+06,-9.55654E+01
5.3754807E+06,-9.79454E+01
5.3756714E+06,-9.65454E+01
5.3758621E+06,-9.36654E+01
5.3760529E+06,-9.90454E+01
5.3762436E+06,-1.20005E+02
5.3764343E+06,-1.12625E+02
5.3766251E+06,-1.02825E+02
5.3768158E+06,-9.90854E+01
5.3770065E+06,-9.79054E+01
5.3771973E+06,-9.63654E+01
5.3773880E+06,-9.61254E+01
5.3775787E+06,-1.06585E+02
5.3777695E+06,-9.89254E+01
5.3779602E+06,-1.00525E+02
5.3781509E+06,-1.02525E+02
5.3783417E+06,-9.62654E+01
5.3785324E+06,-1.00925E+02
5.3787231E+06,-1.07845E+02
5.3789139E+06,-9.80654E+01
5.3791046E+06,-1.00625E+02
5.3792953E+06,-1.00785E+02
5.3794861E+06,-1.00565E+02
5.3796768E+06,-1.09425E+02
5.3798676E+06,-9.49254E+01
5.3800583E+06,-9.75054E+01
5.3802490E+06,-9.64254E+01
5.3804398E+06,-9.37054E+01
5.3806305E+06,-9.35854E+01
5.3808212E+06,-9.63854E+01
5.3810120E+06,-1.06485E+02
5.3812027E+06,-1.05065E+02
5.3813934E+06,-1.03325E+02
5.3815842E+06,-1.00185E+02
5.3817749E+06,-1.08465E+02
5.3819656E+06,-9.93654E+01
5.3821564E+06,-9.81654E+01
5.3823471E+06,-1.04305E+02
5.3825378E+06,-1.08725E+02
5.3827286E+06,-1.04185E+02
5.3829193E+06,-1.02985E+02
5.3831100E+06,-9.90654E+01
5.3833008E+06,-9.91454E+01
5.3834915E+06,-9.89854E+01
5.3836823E+06,-1.00485E+02
5.3838730E+06,-1.00785E+02
5.3840637E+06,-1.14865E+02
5.3842545E+06,-1.05805E+02
5.3844452E+06,-9.94454E+01
5.3846359E+06,-9.39254E+01
5.3848267E+06,-9.75054E+01
5.3850174E+06,-9.66454E+01
5.3852081E+06,-9.75254E+01
5.3853989E+06,-1.16505E+02
5.3855896E+06,-1.05505E+02
5.3857803E+06,-1.02985E+02
5.3859711E+06,-9.95454E+01
5.3861618E+06,-1.20025E+02
5.3863525E+06,-1.14525E+02
5.3865433E+06,-1.01205E+02
5.3867340E+06,-9.91454E+01
5.3869247E+06,-9.47654E+01
5.3871155E+06,-9.83254E+01
5.3873062E+06,-1.06485E+02
5.3874969E+06,-1.05685E+02
5.3876877E+06,-1.16425E+02
5.3878784E+06,-1.11365E+02
5.3880692E+06,-9.86254E+01
5.3882599E+06,-1.01685E+02
5.3884506E+06,-1.09845E+02
5.3886414E+06,-1.02245E+02
5.3888321E+06,-1.02045E+02
5.3890228E+06,-9.49054E+01
5.3892136E+06,-9.49854E+01
5.3894043E+06,-9.86654E+01
5.3895950E+06,-9.73254E+01
5.3897858E+06,-9.58254E+01
5.3899765E+06,-1.01285E+02
5.3901672E+06,-1.00205E+02
5.3903580E+06,-9.94854E+01
5.3905487E+06,-1.03065E+02
5.3907394E+06,-1.00625E+02
5.3909302E+06,-1.01625E+02
5.3911209E+06,-1.04405E+02
5.3913116E+06,-9.77254E+01
5.3915024E+06,-1.03465E+02
5.3916931E+06,-9.54454E+01
5.3918839E+06,-9.57854E+01
5.3920746E+06,-1.04685E+02
5.3922653E+06,-1.02005E+02
5.3924561E+06,-9.97854E+01
5.3926468E+06,-9.96254E+01
5.3928375E+06,-9.80254E+01
5.3930283E+06,-1.01225E+02
5.3932190E+06,-1.10945E+02
5.3934097E+06,-9.87454E+01
5.3936005E+06,-9.58054E+01
5.3937912E+06,-1.07445E+02
5.3939819E+06,-1.04445E+02
5.3941727E+06,-1.01005E+02
5.3943634E+06,-9.76454E+01
5.3945541E+06,-1.05565E+02
5.3947449E+06,-9.60854E+01
5.3949356E+06,-9.72454E+01
5.3951263E+06,-1.00545E+02
5.3953171E+06,-1.03305E+02
5.3955078E+06,-1.04945E+02
5.3956985E+06,-1.06705E+02
5.3958893E+06,-1.04645E+02
5.3960800E+06,-1.04425E+02
5.3962708E+06,-1.02045E+02
5.3964615E+06,-1.00305E+02
5.3966522E+06,-1.10965E+02
5.3968430E+06,-9.57454E+01
5.3970337E+06,-9.06654E+01
5.3972244E+06,-9.37054E+01
5.3974152E+06,-1.05085E+02
5.3976059E+06,-1.02825E+02
5.3977966E+06,-9.88254E+01
5.3979874E+06,-1.04485E+02
5.3981781E+06,-9.64654E+01
5.3983688E+06,-9.47854E+01
5.3985596E+06,-9.69254E+01
5.3987503E+06,-1.03725E+02
5.3989410E+06,-1.08085E+02
5.3991318E+06,-1.00505E+02
5.3993225E+06,-9.81654E+01
5.3995132E+06,-9.88054E+01
5.3997040E+06,-1.04185E+02
5.3998947E+06,-1.19445E+02
5.4000854E+06,-1.10225E+02
5.4002762E+06,-1.10945E+02
5.4004669E+06,-1.00065E+02
5.4006577E+06,-1.00625E+02
5.4008484E+06,-9.51254E+01
5.4010391E+06,-9.08854E+01
5.4012299E+06,-9.63654E+01
5.4014206E+06,-9.99254E+01
5.4016113E+06,-9.66854E+01
5.4018021E+06,-1.05725E+02
5.4019928E+06,-9.66854E+01
5.4021835E+06,-1.08745E+02
5.4023743E+06,-1.00545E+02
5.4025650E+06,-1.06945E+02
5.4027557E+06,-9.60654E+01
5.4029465E+06,-9.72454E+01
5.4031372E+06,-1.01405E+02
5.4033279E+06,-9.64254E+01
5.4035187E+06,-1.08925E+02
5.4037094E+06,-1.08645E+02
5.4039001E+06,-1.00945E+02
5.4040909E+06,-1.04225E+02
5.4042816E+06,-9.94454E+01
5.4044724E+06,-9.67254E+01
5.4046631E+06,-9.71054E+01
5.4048538E+06,-9.72654E+01
5.4050446E+06,-9.55654E+01
5.4052353E+06,-9.97854E+01
5.4054260E+06,-1.15185E+02
5.4056168E+06,-1.04725E+02
5.4058075E+06,-9.87654E+01
5.4059982E+06,-1.02305E+02
5.4061890E+06,-1.00925E+02
5.4063797E+06,-9.79054E+01
5.4065704E+06,-9.72054E+01
5.4067612E+06,-9.95854E+01
5.4069519E+06,-9.66454E+01
5.4071426E+06,-1.03305E+02
5.4073334E+06,-1.09705E+02
5.4075241E+06,-1.09145E+02
5.4077148E+06,-1.00825E+02
5.4079056E+06,-9.79854E+01
5.4080963E+06,-9.79454E+01
5.4082870E+06,-1.02925E+02
5.4084778E+06,-1.02445E+02
5.4086685E+06,-9.78254E+01
5.4088593E+06,-1.02425E+02
5.4090500E+06,-9.68054E+01
5.4092407E+06,-9.44254E+01
5.4094315E+06,-9.89454E+01
5.4096222E+06,-1.02045E+02
5.4098129E+06,-1.01905E+02
5.4100037E+06,-1.04865E+02
5.4101944E+06,-9.46254E+01
5.4103851E+06,-9.02454E+01
5.4105759E+06,-9.50454E+01
5.4107666E+06,-1.10345E+02
5.4109573E+06,-1.08405E+02
5.4111481E+06,-1.01865E+02
5.4113388E+06,-1.02925E+02
5.4115295E+06,-1.02245E+02
5.4117203E+06,-9.75454E+01
5.4119110E+06,-1.20025E+02
5.4121017E+06,-9.60254E+01
5.4122925E+06,-9.69054E+01
5.4124832E+06,-1.02865E+02
5.4126740E+06,-1.06045E+02
5.4128647E+06,-9.66454E+01
5.4130554E+06,-9.51054E+01
5.4132462E+06,-1.02045E+02
5.4134369E+06,-9.64254E+01
5.4136276E+06,-1.03625E+02
5.4138184E+06,-1.13505E+02
5.4140091E+06,-1.08065E+02
5.4141998E+06,-1.01045E+02
5.4143906E+06,-1.00665E+02
5.4145813E+06,-1.02905E+02
5.4147720E+06,-1.04005E+02
5.4149628E+06,-9.58054E+01
5.4151535E+06,-1.00645E+02
5.4153442E+06,-1.01045E+02
5.4155350E+06,-9.67054E+01
5.4157257E+06,-1.02485E+02
5.4159164E+06,-9.80854E+01
5.4161072E+06,-9.73654E+01
5.4162979E+06,-1.07565E+02
5.4164886E+06,-9.64054E+01
5.4166794E+06,-9.51254E+01
5.4168701E+06,-9.39254E+01
5.4170609E+06,-9.33254E+01
5.4172516E+06,-9.33254E+01
5.4174423E+06,-9.06654E+01
5.4176331E+06,-9.14054E+01
5.4178238E+06,-9.35854E+01
5.4180145E+06,-1.00905E+02
5.4182053E+06,-9.97454E+01
5.4183960E+06,-1.06565E+02
5.4185867E+06,-1.01065E+02
5.4187775E+06,-9.78654E+01
5.4189682E+06,-1.02365E+02
5.4191589E+06,-1.01785E+02
5.4193497E+06,-1.02685E+02
5.4195404E+06,-1.01185E+02
5.4197311E+06,-1.02485E+02
5.4199219E+06,-1.00265E+02
5.4201126E+06,-1.14185E+02
5.4203033E+06,-1.04445E+02
5.4204941E+06,-1.01085E+02
5.4206848E+06,-1.00365E+02
5.4208755E+06,-1.01585E+02
5.4210663E+06,-1.02705E+02
5.4212570E+06,-9.61854E+01
5.4214478E+06,-1.02525E+02
5.4216385E+06,-9.62254E+01
5.4218292E+06,-9.42654E+01
5.4220200E+06,-1.03465E+02
5.4222107E+06,-1.15145E+02
5.4224014E+06,-9.95654E+01
5.4225922E+06,-1.01505E+02
5.4227829E+06,-1.04145E+02
5.4229736E+06,-1.12825E+02
5.4231644E+06,-9.67654E+01
5.4233551E+06,-1.00205E+02
5.4235458E+06,-1.03845E+02
5.4237366E+06,-1.01945E+02
5.4239273E+06,-1.03805E+02
5.4241180E+06,-1.04265E+02
5.4243088E+06,-1.13705E+02
5.4244995E+06,-1.02365E+02
5.4246902E+06,-9.75254E+01
5.4248810E+06,-9.59454E+01
5.4250717E+06,-9.55454E+01
5.4252625E+06,-1.12125E+02
5.4254532E+06,-1.03585E+02
5.4256439E+06,-1.06725E+02
5.4258347E+06,-1.05025E+02
5.4260254E+06,-1.06045E+02
5.4262161E+06,-1.06605E+02
5.4264069E+06,-9.82454E+01
5.4265976E+06,-9.63254E+01
5.4267883E+06,-9.82454E+01
5.4269791E+06,-1.00245E+02
5.4271698E+06,-1.01585E+02
5.4273605E+06,-9.93254E+01
5.4275513E+06,-1.01965E+02
5.4277420E+06,-1.00845E+02
5.4279327E+06,-1.05245E+02
5.4281235E+06,-1.06185E+02
5.4283142E+06,-9.75254E+01
5.4285049E+06,-9.46854E+01
5.4286957E+06,-1.02005E+02
5.4288864E+06,-1.01645E+02
5.4290771E+06,-9.42254E+01
5.4292679E+06,-9.32254E+01
5.4294586E+06,-9.61654E+01
5.4296494E+06,-1.08125E+02
5.4298401E+06,-9.97454E+01
5.4300308E+06,-9.43254E+01
5.4302216E+06,-9.55254E+01
5.4304123E+06,-1.00125E+02
5.4306030E+06,-9.70454E+01
5.4307938E+06,-9.62454E+01
5.4309845E+06,-9.31654E+01
5.4311752E+06,-9.38854E+01
5.4313660E+06,-9.65654E+01
5.4315567E+06,-9.74854E+01
5.4317474E+06,-9.67254E+01
5.4319382E+06,-1.03805E+02
5.4321289E+06,-1.00185E+02
5.4323196E+06,-1.06525E+02
5.4325104E+06,-9.93054E+01
5.4327011E+06,-9.82854E+01
5.4328918E+06,-1.04685E+02
5.4330826E+06,-9.57654E+01
5.4332733E+06,-9.95254E+01
5.4334641E+06,-9.84254E+01
5.4336548E+06,-9.83054E+01
5.4338455E+06,-1.02705E+02
5.4340363E+06,-1.02585E+02
5.4342270E+06,-1.05505E+02
5.4344177E+06,-9.84854E+01
5.4346085E+06,-9.51454E+01
5.4347992E+06,-9.79254E+01
5.4349899E+06,-9.64454E+01
5.4351807E+06,-1.00245E+02
5.4353714E+06,-1.26645E+02
5.4355621E+06,-1.05765E+02
5.4357529E+06,-1.04345E+02
5.4359436E+06,-1.02865E+02
5.4361343E+06,-9.74054E+01
5.4363251E+06,-9.51454E+01
5.4365158E+06,-9.42854E+01
5.4367065E+06,-9.67254E+01
5.4368973E+06,-9.59654E+01
5.4370880E+06,-9.66054E+01
5.4372787E+06,-1.22825E+02
5.4374695E+06,-9.56054E+01
5.4376602E+06,-9.72454E+01
5.4378510E+06,-1.04445E+02
5.4380417E+06,-1.06485E+02
5.4382324E+06,-1.03705E+02
5.4384232E+06,-1.03085E+02
5.4386139E+06,-9.64054E+01
5.4388046E+06,-9.40854E+01
5.4389954E+06,-9.94454E+01
5.4391861E+06,-9.50654E+01
5.4393768E+06,-1.00745E+02
5.4395676E+06,-9.46854E+01
5.4397583E+06,-1.01125E+02
5.4399490E+06,-1.03445E+02
5.4401398E+06,-9.81654E+01
5.4403305E+06,-1.05185E+02
5.4405212E+06,-9.88654E+01
5.4407120E+06,-9.58254E+01
5.4409027E+06,-9.98654E+01
5.4410934E+06,-1.04805E+02
5.4412842E+06,-1.03585E+02
5.4414749E+06,-1.01785E+02
5.4416656E+06,-9.88654E+01
5.4418564E+06,-9.44654E+01
5.4420471E+06,-9.56054E+01
5.4422379E+06,-1.00225E+02
5.4424286E+06,-9.90454E+01
5.4426193E+06,-1.10685E+02
5.4428101E+06,-1.03885E+02
5.4430008E+06,-1.07105E+02
5.4431915E+06,-1.06785E+02
5.4433823E+06,-9.73454E+01
5.4435730E+06,-9.57054E+01
5.4437637E+06,-1.03465E+02
5.4439545E+06,-1.01305E+02
5.4441452E+06,-1.00745E+02
5.4443359E+06,-1.11205E+02
5.4445267E+06,-1.02005E+02
5.4447174E+06,-1.09845E+02
5.4449081E+06,-1.06865E+02
5.4450989E+06,-1.03445E+02
5.4452896E+06,-9.49854E+01
5.4454803E+06,-9.10054E+01
5.4456711E+06,-9.53254E+01
5.4458618E+06,-9.37054E+01
5.4460526E+06,-9.66454E+01
5.4462433E+06,-1.08925E+02
5.4464340E+06,-1.04185E+02
5.4466248E+06,-1.00085E+02
5.4468155E+06,-1.03305E+02
5.4470062E+06,-9.92054E+01
5.4471970E+06,-1.00945E+02
5.4473877E+06,-1.04825E+02
5.4475784E+06,-1.04425E+02
5.4477692E+06,-9.87454E+01
5.4479599E+06,-9.57454E+01
5.4481506E+06,-9.90054E+01
5.4483414E+06,-1.12565E+02
5.4485321E+06,-1.04405E+02
5.4487228E+06,-1.12485E+02
5.4489136E+06,-1.00745E+02
5.4491043E+06,-1.03125E+02
5.4492950E+06,-1.01405E+02
5.4494858E+06,-9.77254E+01
5.4496765E+06,-9.47454E+01
5.4498672E+06,-9.42654E+01
5.4500580E+06,-9.56254E+01
5.4502487E+06,-9.37654E+01
5.4504395E+06,-9.98654E+01
5.4506302E+06,-1.01805E+02
5.4508209E+06,-9.53254E+01
5.4510117E+06,-9.34654E+01
5.4512024E+06,-9.64054E+01
5.4513931E+06,-1.05965E+02
5.4515839E+06,-1.01125E+02
5.4517746E+06,-9.86454E+01
5.4519653E+06,-1.03225E+02
5.4521561E+06,-1.04445E+02
5.4523468E+06,-1.06725E+02
5.4525375E+06,-1.02085E+02
5.4527283E+06,-1.01005E+02
5.4529190E+06,-1.10025E+02
5.4531097E+06,-1.14425E+02
5.4533005E+06,-1.02565E+02
5.4534912E+06,-9.26854E+01
5.4536819E+06,-9.06854E+01
5.4538727E+06,-9.66054E+01
5.4540634E+06,-1.12165E+02
5.4542542E+06,-9.95054E+01
5.4544449E+06,-1.00945E+02
5.4546356E+06,-9.81854E+01
5.4548264E+06,-1.03625E+02
5.4550171E+06,-1.01425E+02
5.4552078E+06,-9.61454E+01
5.4553986E+06,-9.98654E+01
5.4555893E+06,-1.14985E+02
5.4557800E+06,-1.10045E+02
5.4559708E+06,-1.12045E+02
5.4561615E+06,-9.69054E+01
5.4563522E+06,-9.34454E+01
5.4565430E+06,-9.24854E+01
5.4567337E+06,-9.54854E+01
5.4569244E+06,-1.01825E+02
5.4571152E+06,-9.34054E+01
5.4573059E+06,-9.49054E+01
5.4574966E+06,-9.51654E+01
5.4576874E+06,-9.63654E+01
5.4578781E+06,-1.00165E+02
5.4580688E+06,-9.92454E+01
5.4582596E+06,-1.07545E+02
5.4584503E+06,-1.01905E+02
5.4586411E+06,-1.05645E+02
5.4588318E+06,-9.68454E+01
5.4590225E+06,-9.16854E+01
5.4592133E+06,-9.23254E+01
5.4594040E+06,-9.57654E+01
5.4595947E+06,-9.51854E+01
5.4597855E+06,-9.18254E+01
5.4599762E+06,-9.34654E+01
5.4601669E+06,-9.73454E+01
5.4603577E+06,-1.03405E+02
5.4605484E+06,-9.59654E+01
5.4607391E+06,-9.67654E+01
5.4609299E+06,-1.04745E+02
5.4611206E+06,-1.03845E+02
5.4613113E+06,-9.82854E+01
5.4615021E+06,-9.73854E+01
5.4616928E+06,-9.94054E+01
5.4618835E+06,-9.58654E+01
5.4620743E+06,-9.65454E+01
5.4622650E+06,-9.80454E+01
5.4624557E+06,-1.05265E+02
5.4626465E+06,-1.04425E+02
5.4628372E+06,-1.02805E+02
5.4630280E+06,-9.63854E+01
5.4632187E+06,-9.80654E+01
5.4634094E+06,-1.00045E+02
5.4636002E+06,-1.02125E+02
5.4637909E+06,-9.29054E+01
5.4639816E+06,-9.79054E+01
5.4641724E+06,-1.04965E+02
5.4643631E+06,-9.44454E+01
5.4645538E+06,-9.60854E+01
5.4647446E+06,-1.06805E+02
5.4649353E+06,-9.40454E+01
5.4651260E+06,-9.37254E+01
5.4653168E+06,-1.00125E+02
5.4655075E+06,-9.79454E+01
5.4656982E+06,-9.79654E+01
5.4658890E+06,-1.19445E+02
5.4660797E+06,-9.73254E+01
5.4662704E+06,-9.63654E+01
5.4664612E+06,-9.43454E+01
5.4666519E+06,-9.59054E+01
5.4668427E+06,-1.01885E+02
5.4670334E+06,-9.89054E+01
5.4672241E+06,-1.02705E+02
5.4674149E+06,-1.06425E+02
5.4676056E+06,-1.23505E+02
5.4677963E+06,-1.00425E+02
5.4679871E+06,-9.59454E+01
5.4681778E+06,-1.03445E+02
5.4683685E+06,-1.01965E+02
5.4685593E+06,-1.01885E+02
5.4687500E+06,-9.34454E+01
5.4689407E+06,-1.04645E+02
5.4691315E+06,-1.01645E+02
5.4693222E+06,-1.11485E+02
5.4695129E+06,-9.35854E+01
5.4697037E+06,-9.53254E+01
5.4698944E+06,-1.06345E+02
5.4700851E+06,-9.89254E+01
5.4702759E+06,-9.57254E+01
5.4704666E+06,-9.19454E+01
5.4706573E+06,-9.67454E+01
5.4708481E+06,-1.08825E+02
5.4710388E+06,-1.28325E+02
5.4712296E+06,-1.06765E+02
5.4714203E+06,-1.08805E+02
5.4716110E+06,-1.04325E+02
5.4718018E+06,-9.82054E+01
5.4719925E+06,-9.50054E+01
5.4721832E+06,-9.97054E+01
5.4723740E+06,-1.06285E+02
5.4725647E+06,-1.00645E+02
5.4727554E+06,-9.77454E+01
5.4729462E+06,-1.05985E+02
5.4731369E+06,-9.94854E+01
5.4733276E+06,-9.89454E+01
5.4735184E+06,-9.87454E+01
5.4737091E+06,-9.88054E+01
5.4738998E+06,-9.90854E+01
5.4740906E+06,-1.01665E+02
5.4742813E+06,-9.97254E+01
5.4744720E+06,-9.52254E+01
5.4746628E+06,-1.00185E+02
5.4748535E+06,-1.03405E+02
5.4750443E+06,-9.80854E+01
5.4752350E+06,-1.03465E+02
5.4754257E+06,-9.81454E+01
5.4756165E+06,-9.93054E+01
5.4758072E+06,-1.01125E+02
5.4759979E+06,-1.02585E+02
5.4761887E+06,-1.08545E+02
5.4763794E+06,-9.82454E+01
5.4765701E+06,-9.60854E+01
5.4767609E+06,-1.01225E+02
5.4769516E+06,-9.37054E+01
5.4771423E+06,-9.48854E+01
5.4773331E+06,-9.89254E+01
5.4775238E+06,-9.99254E+01
5.4777145E+06,-9.68054E+01
5.4779053E+06,-9.39254E+01
5.4780960E+06,-9.82854E+01
5.4782867E+06,-9.22254E+01
5.4784775E+06,-9.44854E+01
5.4786682E+06,-1.02385E+02
5.4788589E+06,-1.05645E+02
5.4790497E+06,-1.02565E+02
5.4792404E+06,-1.00545E+02
5.4794312E+06,-1.09265E+02
5.4796219E+06,-9.58054E+01
5.4798126E+06,-9.49054E+01
5.4800034E+06,-1.02485E+02
5.4801941E+06,-9.65854E+01
5.4803848E+06,-9.69654E+01
5.4805756E+06,-1.04645E+02
5.4807663E+06,-1.04185E+02
5.4809570E+06,-1.08765E+02
5.4811478E+06,-9.44454E+01
5.4813385E+06,-9.28654E+01
5.4815292E+06,-9.54654E+01
5.4817200E+06,-1.01105E+02
5.4819107E+06,-9.95254E+01
5.4821014E+06,-1.01785E+02
5.4822922E+06,-1.06705E+02
5.4824829E+06,-1.01185E+02
5.4826736E+06,-1.12505E+02
5.4828644E+06,-1.04005E+02
5.4830551E+06,-1.04085E+02
5.4832458E+06,-1.02505E+02
5.4834366E+06,-9.66854E+01
5.4836273E+06,-1.01025E+02
5.4838181E+06,-9.94854E+01
5.4840088E+06,-9.81054E+01
5.4841995E+06,-9.06054E+01
5.4843903E+06,-9.86454E+01
5.4845810E+06,-9.67454E+01
5.4847717E+06,-9.77454E+01
5.4849625E+06,-1.07345E+02
5.4851532E+06,-1.08925E+02
5.4853439E+06,-1.17245E+02
5.4855347E+06,-1.04985E+02
5.4857254E+06,-9.97054E+01
5.4859161E+06,-1.00425E+02
5.4861069E+06,-1.07685E+02
5.4862976E+06,-1.03765E+02
5.4864883E+06,-9.93454E+01
5.4866791E+06,-1.00265E+02
5.4868698E+06,-1.01545E+02
5.4870605E+06,-1.13445E+02
5.4872513E+06,-1.01785E+02
5.4874420E+06,-1.05605E+02
5.4876328E+06,-1.02525E+02
5.4878235E+06,-1.11065E+02
5.4880142E+06,-1.12205E+02
5.4882050E+06,-9.60254E+01
5.4883957E+06,-1.01225E+02
5.4885864E+06,-9.77854E+01
5.4887772E+06,-9.67054E+01
5.4889679E+06,-1.01145E+02
5.4891586E+06,-1.02965E+02
5.4893494E+06,-1.03125E+02
5.4895401E+06,-1.00805E+02
5.4897308E+06,-1.03505E+02
5.4899216E+06,-1.17965E+02
5.4901123E+06,-9.93854E+01
5.4903030E+06,-9.38854E+01
5.4904938E+06,-1.00725E+02
5.4906845E+06,-1.09625E+02
5.4908752E+06,-9.98654E+01
5.4910660E+06,-9.82854E+01
5.4912567E+06,-1.00525E+02
5.4914474E+06,-1.16165E+02
5.4916382E+06,-1.04285E+02
5.4918289E+06,-1.13665E+02
5.4920197E+06,-1.01505E+02
5.4922104E+06,-9.75654E+01
5.4924011E+06,-9.49854E+01
5.4925919E+06,-8.90854E+01
5.4927826E+06,-9.01254E+01
5.4929733E+06,-9.78454E+01
5.4931641E+06,-1.05265E+02
5.4933548E+06,-1.00745E+02
5.4935455E+06,-9.98854E+01
5.4937363E+06,-1.06645E+02
5.4939270E+06,-9.94454E+01
5.4941177E+06,-1.01385E+02
5.4943085E+06,-9.80054E+01
5.4944992E+06,-1.00265E+02
5.4946899E+06,-1.08485E+02
5.4948807E+06,-9.93854E+01
5.4950714E+06,-9.96054E+01
5.4952621E+06,-1.03665E+02
5.4954529E+06,-9.61254E+01
5.4956436E+06,-9.53454E+01
5.4958344E+06,-9.12054E+01
5.4960251E+06,-8.99454E+01
5.4962158E+06,-9.20454E+01
5.4964066E+06,-9.57254E+01
5.4965973E+06,-9.92054E+01
5.4967880E+06,-1.08865E+02
5.4969788E+06,-1.02805E+02
5.4971695E+06,-1.10085E+02
5.4973602E+06,-1.01585E+02
5.4975510E+06,-9.74254E+01
5.4977417E+06,-1.02365E+02
5.4979324E+06,-9.21254E+01
5.4981232E+06,-9.59254E+01
5.4983139E+06,-9.73654E+01
5.4985046E+06,-1.26665E+02
5.4986954E+06,-9.98254E+01
5.4988861E+06,-1.14565E+02
5.4990768E+06,-1.02905E+02
5.4992676E+06,-9.94454E+01
5.4994583E+06,-9.45454E+01
5.4996490E+06,-9.26254E+01
5.4998398E+06,-9.76054E+01
5.5000305E+06,-1.00425E+02
5.5002213E+06,-1.03065E+02
5.5004120E+06,-1.03505E+02
5.5006027E+06,-9.65054E+01
5.5007935E+06,-1.08005E+02
5.5009842E+06,-9.25854E+01
5.5011749E+06,-9.31654E+01
5.5013657E+06,-9.23854E+01
5.5015564E+06,-9.24454E+01
5.5017471E+06,-9.28654E+01
5.5019379E+06,-9.50454E+01
5.5021286E+06,-1.01885E+02
5.5023193E+06,-1.05885E+02
5.5025101E+06,-9.46254E+01
5.5027008E+06,-9.88454E+01
5.5028915E+06,-1.03165E+02
5.5030823E+06,-9.70454E+01
5.5032730E+06,-1.01145E+02
5.5034637E+06,-1.10145E+02
5.5036545E+06,-1.03725E+02
5.5038452E+06,-9.80254E+01
5.5040359E+06,-9.80454E+01
5.5042267E+06,-1.01505E+02
5.5044174E+06,-9.55454E+01
5.5046082E+06,-9.68854E+01
5.5047989E+06,-9.87054E+01
5.5049896E+06,-1.03225E+02
5.5051804E+06,-1.00165E+02
5.5053711E+06,-1.02805E+02
5.5055618E+06,-1.08245E+02
5.5057526E+06,-1.15425E+02
5.5059433E+06,-1.02085E+02
5.5061340E+06,-1.05805E+02
5.5063248E+06,-1.03505E+02
5.5065155E+06,-1.06965E+02
5.5067062E+06,-1.08245E+02
5.5068970E+06,-1.12325E+02
5.5070877E+06,-1.08585E+02
5.5072784E+06,-9.96454E+01
5.5074692E+06,-9.42254E+01
5.5076599E+06,-9.85454E+01
5.5078506E+06,-9.89454E+01
5.5080414E+06,-9.76454E+01
5.5082321E+06,-1.19785E+02
5.5084229E+06,-9.93454E+01
5.5086136E+06,-1.01885E+02
5.5088043E+06,-9.93054E+01
5.5089951E+06,-9.80054E+01
5.5091858E+06,-9.36654E+01
5.5093765E+06,-9.19454E+01
5.5095673E+06,-9.61054E+01
5.5097580E+06,-1.08165E+02
5.5099487E+06,-9.65854E+01
5.5101395E+06,-9.34054E+01
5.5103302E+06,-9.99454E+01
5.5105209E+06,-1.15005E+02
5.5107117E+06,-1.03325E+02
5.5109024E+06,-1.19305E+02
5.5110931E+06,-1.06405E+02
5.5112839E+06,-9.82854E+01
5.5114746E+06,-9.83254E+01
5.5116653E+06,-1.01405E+02
5.5118561E+06,-1.02225E+02
5.5120468E+06,-9.70654E+01
5.5122375E+06,-9.39654E+01
5.5124283E+06,-9.47454E+01
5.5126190E+06,-9.56454E+01
5.5128098E+06,-9.62854E+01
5.5130005E+06,-9.93854E+01
5.5131912E+06,-1.01045E+02
5.5133820E+06,-1.00445E+02
5.5135727E+06,-9.88254E+01
5.5137634E+06,-9.77254E+01
5.5139542E+06,-1.07845E+02
5.5141449E+06,-1.04705E+02
5.5143356E+06,-1.06525E+02
5.5145264E+06,-1.03705E+02
5.5147171E+06,-1.14365E+02
5.5149078E+06,-1.07785E+02
5.5150986E+06,-9.77654E+01
5.5152893E+06,-9.52454E+01
5.5154800E+06,-9.43454E+01
5.5156708E+06,-9.73854E+01
5.5158615E+06,-1.00785E+02
5.5160522E+06,-9.98254E+01
5.5162430E+06,-1.00025E+02
5.5164337E+06,-9.54454E+01
5.5166245E+06,-9.62054E+01
5.5168152E+06,-1.02505E+02
5.5170059E+06,-1.28325E+02
5.5171967E+06,-1.05625E+02
5.5173874E+06,-9.61054E+01
5.5175781E+06,-9.33654E+01
5.5177689E+06,-9.81854E+01
5.5179596E+06,-1.13125E+02
5.5181503E+06,-9.67854E+01
5.5183411E+06,-9.40854E+01
5.5185318E+06,-9.53454E+01
5.5187225E+06,-9.57654E+01
5.5189133E+06,-9.65854E+01
5.5191040E+06,-1.10145E+02
5.5192947E+06,-1.00365E+02
5.5194855E+06,-9.57654E+01
5.5196762E+06,-9.52054E+01
5.5198669E+06,-9.74654E+01
5.5200577E+06,-9.69254E+01
5.5202484E+06,-1.01765E+02
5.5204391E+06,-1.01205E+02
5.5206299E+06,-9.74054E+01
5.5208206E+06,-9.92254E+01
5.5210114E+06,-9.75854E+01
5.5212021E+06,-9.34454E+01
5.5213928E+06,-9.12854E+01
5.5215836E+06,-9.02654E+01
5.5217743E+06,-9.28254E+01
5.5219650E+06,-1.05145E+02
5.5221558E+06,-1.07525E+02
5.5223465E+06,-1.01085E+02
5.5225372E+06,-9.82254E+01
5.5227280E+06,-1.00605E+02
5.5229187E+06,-1.02805E+02
5.5231094E+06,-1.00685E+02
5.5233002E+06,-1.03625E+02
5.5234909E+06,-1.09145E+02
5.5236816E+06,-1.01105E+02
5.5238724E+06,-9.77254E+01
5.5240631E+06,-9.79454E+01
5.5242538E+06,-1.06585E+02
5.5244446E+06,-1.05925E+02
5.5246353E+06,-1.05805E+02
5.5248260E+06,-9.61454E+01
5.5250168E+06,-9.22454E+01
5.5252075E+06,-9.71254E+01
5.5253983E+06,-1.02485E+02
5.5255890E+06,-9.75454E+01
5.5257797E+06,-9.55454E+01
5.5259705E+06,-1.02365E+02
5.5261612E+06,-1.00145E+02
5.5263519E+06,-1.05125E+02
5.5265427E+06,-1.02225E+02
5.5267334E+06,-9.95254E+01
5.5269241E+06,-9.99054E+01
5.5271149E+06,-1.10165E+02
5.5273056E+06,-1.02925E+02
5.5274963E+06,-1.00525E+02
5.5276871E+06,-9.81854E+01
5.5278778E+06,-1.00245E+02
5.5280685E+06,-1.03125E+02
5.5282593E+06,-1.00165E+02
5.5284500E+06,-1.03965E+02
5.5286407E+06,-1.11705E+02
5.5288315E+06,-9.73854E+01
5.5290222E+06,-9.65454E+01
5.5292130E+06,-1.12745E+02
5.5294037E+06,-9.97854E+01
5.5295944E+06,-1.02245E+02
5.5297852E+06,-9.39654E+01
5.5299759E+06,-9.33254E+01
5.5301666E+06,-9.67454E+01
5.5303574E+06,-9.69254E+01
5.5305481E+06,-9.87054E+01
5.5307388E+06,-1.02305E+02
5.5309296E+06,-9.57054E+01
5.5311203E+06,-9.23854E+01
5.5313110E+06,-9.77854E+01
5.5315018E+06,-9.35854E+01
5.5316925E+06,-9.37254E+01
5.5318832E+06,-9.69454E+01
5.5320740E+06,-1.04805E+02
5.5322647E+06,-1.02145E+02
5.5324554E+06,-1.04325E+02
5.5326462E+06,-1.02565E+02
5.5328369E+06,-1.03805E+02
5.5330276E+06,-9.82454E+01
5.5332184E+06,-1.00765E+02
5.5334091E+06,-9.59854E+01
5.5335999E+06,-9.63854E+01
5.5337906E+06,-1.19345E+02
5.5339813E+06,-1.00125E+02
5.5341721E+06,-9.61254E+01
5.5343628E+06,-1.01025E+02
5.5345535E+06,-1.08465E+02
5.5347443E+06,-9.68454E+01
5.5349350E+06,-9.55454E+01
5.5351257E+06,-9.71054E+01
5.5353165E+06,-9.85454E+01
5.5355072E+06,-1.02445E+02
5.5356979E+06,-1.09105E+02
5.5358887E+06,-1.04845E+02
5.5360794E+06,-9.94454E+01
5.5362701E+06,-9.70854E+01
5.5364609E+06,-9.68854E+01
5.5366516E+06,-1.02485E+02
5.5368423E+06,-9.70054E+01
5.5370331E+06,-9.38854E+01
5.5372238E+06,-1.02385E+02
5.5374146E+06,-1.00105E+02
5.5376053E+06,-9.36254E+01
5.5377960E+06,-9.46254E+01
5.5379868E+06,-1.01305E+02
5.5381775E+06,-1.04505E+02
5.5383682E+06,-1.01525E+02
5.5385590E+06,-9.80254E+01
5.5387497E+06,-1.02805E+02
5.5389404E+06,-9.63654E+01
5.5391312E+06,-9.81854E+01
5.5393219E+06,-1.01865E+02
5.5395126E+06,-1.03185E+02
5.5397034E+06,-9.65054E+01
5.5398941E+06,-9.52654E+01
5.5400848E+06,-9.72854E+01
5.5402756E+06,-9.80454E+01
5.5404663E+06,-1.07185E+02
5.5406570E+06,-1.17045E+02
5.5408478E+06,-1.02865E+02
5.5410385E+06,-9.85454E+01
5.5412292E+06,-9.85654E+01
5.5414200E+06,-1.00545E+02
5.5416107E+06,-9.48054E+01
5.5418015E+06,-1.05745E+02
5.5419922E+06,-1.09085E+02
5.5421829E+06,-1.02565E+02
5.5423737E+06,-9.63654E+01
5.5425644E+06,-9.71254E+01
5.5427551E+06,-1.00885E+02
5.5429459E+06,-1.02985E+02
5.5431366E+06,-1.06225E+02
5.5433273E+06,-1.10345E+02
5.5435181E+06,-9.97454E+01
5.5437088E+06,-1.08965E+02
5.5438995E+06,-1.01565E+02
5.5440903E+06,-1.11685E+02
5.5442810E+06,-9.58454E+01
5.5444717E+06,-9.47854E+01
5.5446625E+06,-1.00565E+02
5.5448532E+06,-9.66054E+01
5.5450439E+06,-9.68854E+01
5.5452347E+06,-1.06805E+02
5.5454254E+06,-9.74654E+01
5.5456161E+06,-9.70054E+01
5.5458069E+06,-1.01825E+02
5.5459976E+06,-1.03465E+02
5.5461884E+06,-1.03125E+02
5.5463791E+06,-9.87054E+01
5.5465698E+06,-9.36654E+01
5.5467606E+06,-9.49054E+01
5.5469513E+06,-1.04565E+02
5.5471420E+06,-1.03505E+02
5.5473328E+06,-1.00225E+02
5.5475235E+06,-9.56054E+01
5.5477142E+06,-9.94654E+01
5.5479050E+06,-1.09785E+02
5.5480957E+06,-1.05225E+02
5.5482864E+06,-1.10965E+02
5.5484772E+06,-1.06585E+02
5.5486679E+06,-1.08465E+02
5.5488586E+06,-1.00885E+02
5.5490494E+06,-1.01105E+02
5.5492401E+06,-9.85054E+01
5.5494308E+06,-9.53254E+01
5.5496216E+06,-9.15254E+01
5.5498123E+06,-9.26854E+01
5.5500031E+06,-9.89054E+01
5.5501938E+06,-9.56854E+01
5.5503845E+06,-9.93254E+01
5.5505753E+06,-1.03705E+02
5.5507660E+06,-9.99454E+01
5.5509567E+06,-9.95454E+01
5.5511475E+06,-9.91054E+01
5.5513382E+06,-9.74254E+01
5.5515289E+06,-9.40854E+01
5.5517197E+06,-9.99654E+01
5.5519104E+06,-1.10865E+02
5.5521011E+06,-1.05445E+02
5.5522919E+06,-9.81654E+01
5.5524826E+06,-1.13065E+02
5.5526733E+06,-1.01425E+02
5.5528641E+06,-9.69854E+01
5.5530548E+06,-9.46254E+01
5.5532455E+06,-9.52654E+01
5.5534363E+06,-9.53854E+01
5.5536270E+06,-9.55254E+01
5.5538177E+06,-9.53854E+01
5.5540085E+06,-9.80654E+01
5.5541992E+06,-9.71654E+01
5.5543900E+06,-9.25054E+01
5.5545807E+06,-9.38054E+01
5.5547714E+06,-1.04665E+02
5.5549622E+06,-1.07525E+02
5.5551529E+06,-9.69654E+01
5.5553436E+06,-9.86654E+01
5.5555344E+06,-1.07465E+02
5.5557251E+06,-1.07985E+02
5.5559158E+06,-1.01365E+02
5.5561066E+06,-9.54054E+01
5.5562973E+06,-9.16854E+01
5.5564880E+06,-9.42854E+01
5.5566788E+06,-1.01965E+02
5.5568695E+06,-1.16845E+02
5.5570602E+06,-9.78254E+01
5.5572510E+06,-1.02305E+02
5.5574417E+06,-1.01045E+02
5.5576324E+06,-1.00845E+02
5.5578232E+06,-1.07465E+02
5.5580139E+06,-9.40454E+01
5.5582047E+06,-9.33654E+01
5.5583954E+06,-9.41454E+01
5.5585861E+06,-9.41454E+01
5.5587769E+06,-9.89854E+01
5.5589676E+06,-9.76854E+01
5.5591583E+06,-9.64254E+01
5.5593491E+06,-9.70854E+01
5.5595398E+06,-1.03625E+02
5.5597305E+06,-9.62654E+01
5.5599213E+06,-9.68854E+01
5.5601120E+06,-1.06205E+02
5.5603027E+06,-9.83254E+01
5.5604935E+06,-9.64454E+01
5.5606842E+06,-9.26454E+01
5.5608749E+06,-8.96654E+01
5.5610657E+06,-9.25654E+01
5.5612564E+06,-9.89254E+01
5.5614471E+06,-1.04145E+02
5.5616379E+06,-1.11245E+02
5.5618286E+06,-1.00985E+02
5.5620193E+06,-9.51254E+01
5.5622101E+06,-9.58854E+01
5.5624008E+06,-9.83854E+01
5.5625916E+06,-9.82254E+01
5.5627823E+06,-9.63654E+01
5.5629730E+06,-1.01765E+02
5.5631638E+06,-1.07105E+02
5.5633545E+06,-9.94054E+01
5.5635452E+06,-9.43454E+01
5.5637360E+06,-9.90854E+01
5.5639267E+06,-1.03545E+02
5.5641174E+06,-1.03925E+02
5.5643082E+06,-9.77454E+01
5.5644989E+06,-9.90454E+01
5.5646896E+06,-1.13845E+02
5.5648804E+06,-1.02805E+02
5.5650711E+06,-1.04265E+02
5.5652618E+06,-1.15525E+02
5.5654526E+06,-9.98254E+01
5.5656433E+06,-9.88854E+01
5.5658340E+06,-1.00165E+02
5.5660248E+06,-9.94854E+01
5.5662155E+06,-1.14725E+02
5.5664062E+06,-1.03065E+02
5.5665970E+06,-1.00525E+02
5.5667877E+06,-1.01085E+02
5.5669785E+06,-1.02065E+02
5.5671692E+06,-1.00285E+02
5.5673599E+06,-1.02445E+02
5.5675507E+06,-1.03805E+02
5.5677414E+06,-9.89254E+01
5.5679321E+06,-9.86054E+01
5.5681229E+06,-1.02985E+02
5.5683136E+06,-9.97854E+01
5.5685043E+06,-9.63054E+01
5.5686951E+06,-9.98254E+01
5.5688858E+06,-9.57854E+01
5.5690765E+06,-9.79054E+01
5.5692673E+06,-1.06085E+02
5.5694580E+06,-9.78254E+01
5.5696487E+06,-1.03805E+02
5.5698395E+06,-1.07925E+02
5.5700302E+06,-9.76054E+01
5.5702209E+06,-1.00025E+02
5.5704117E+06,-1.06665E+02
5.5706024E+06,-9.86454E+01
5.5707932E+06,-9.80054E+01
5.5709839E+06,-1.02625E+02
5.5711746E+06,-1.03925E+02
5.5713654E+06,-1.01045E+02
5.5715561E+06,-1.04425E+02
5.5717468E+06,-9.99054E+01
5.5719376E+06,-1.00005E+02
5.5721283E+06,-1.02825E+02
5.5723190E+06,-9.58654E+01
5.5725098E+06,-9.55054E+01
5.5727005E+06,-9.88654E+01
5.5728912E+06,-1.01825E+02
5.5730820E+06,-1.02305E+02
5.5732727E+06,-1.06785E+02
5.5734634E+06,-1.15545E+02
5.5736542E+06,-1.05725E+02
5.5738449E+06,-1.15365E+02
5.5740356E+06,-1.02005E+02
5.5742264E+06,-9.31254E+01
5.5744171E+06,-9.51054E+01
5.5746078E+06,-9.61454E+01
5.5747986E+06,-9.35454E+01
5.5749893E+06,-1.00145E+02
5.5751801E+06,-9.96254E+01
5.5753708E+06,-1.01685E+02
5.5755615E+06,-1.13085E+02
5.5757523E+06,-9.84654E+01
5.5759430E+06,-9.78254E+01
5.5761337E+06,-1.02865E+02
5.5763245E+06,-9.92854E+01
5.5765152E+06,-9.26254E+01
5.5767059E+06,-9.34054E+01
5.5768967E+06,-1.04185E+02
5.5770874E+06,-9.54054E+01
5.5772781E+06,-1.10365E+02
5.5774689E+06,-1.02965E+02
5.5776596E+06,-1.01505E+02
5.5778503E+06,-1.02085E+02
5.5780411E+06,-9.68454E+01
5.5782318E+06,-1.01345E+02
5.5784225E+06,-9.84054E+01
5.5786133E+06,-1.00325E+02
5.5788040E+06,-9.67854E+01
5.5789948E+06,-9.32254E+01
5.5791855E+06,-9.47054E+01
5.5793762E+06,-9.74854E+01
5.5795670E+06,-1.05345E+02
5.5797577E+06,-1.11005E+02
5.5799484E+06,-1.05805E+02
5.5801392E+06,-1.07325E+02
5.5803299E+06,-1.02525E+02
5.5805206E+06,-9.42254E+01
5.5807114E+06,-9.97854E+01
5.5809021E+06,-1.02125E+02
5.5810928E+06,-9.94254E+01
5.5812836E+06,-9.45054E+01
5.5814743E+06,-9.89654E+01
5.5816650E+06,-9.77654E+01
5.5818558E+06,-9.87454E+01
5.5820465E+06,-1.00505E+02
5.5822372E+06,-9.76254E+01
5.5824280E+06,-9.68854E+01
5.5826187E+06,-1.00365E+02
5.5828094E+06,-1.07705E+02
5.5830002E+06,-1.16065E+02
5.5831909E+06,-1.01525E+02
5.5833817E+06,-9.35854E+01
5.5835724E+06,-9.25854E+01
5.5837631E+06,-9.27054E+01
5.5839539E+06,-9.52654E+01
5.5841446E+06,-9.99254E+01
5.5843353E+06,-1.04725E+02
5.5845261E+06,-9.58054E+01
5.5847168E+06,-9.11654E+01
5.5849075E+06,-1.00265E+02
5.5850983E+06,-1.01205E+02
5.5852890E+06,-1.00185E+02
5.5854797E+06,-1.05545E+02
5.5856705E+06,-1.06525E+02
5.5858612E+06,-1.03625E+02
5.5860519E+06,-1.01245E+02
5.5862427E+06,-1.05365E+02
5.5864334E+06,-1.01445E+02
5.5866241E+06,-9.82054E+01
5.5868149E+06,-1.02485E+02
5.5870056E+06,-1.06405E+02
5.5871964E+06,-1.00185E+02
5.5873871E+06,-1.01285E+02
5.5875778E+06,-9.91054E+01
5.5877686E+06,-9.82654E+01
5.5879593E+06,-1.06645E+02
5.5881500E+06,-1.01125E+02
5.5883408E+06,-1.03305E+02
5.5885315E+06,-9.84254E+01
5.5887222E+06,-9.95054E+01
5.5889130E+06,-9.52654E+01
5.5891037E+06,-9.30854E+01
5.5892944E+06,-1.01185E+02
5.5894852E+06,-1.05485E+02
5.5896759E+06,-1.00805E+02
5.5898666E+06,-1.00605E+02
5.5900574E+06,-9.67854E+01
5.5902481E+06,-9.92054E+01
5.5904388E+06,-9.66454E+01
5.5906296E+06,-9.51054E+01
5.5908203E+06,-9.63454E+01
5.5910110E+06,-1.12245E+02
5.5912018E+06,-1.05045E+02
5.5913925E+06,-9.98454E+01
5.5915833E+06,-1.03225E+02
5.5917740E+06,-9.83054E+01
5.5919647E+06,-9.61054E+01
5.5921555E+06,-9.33254E+01
5.5923462E+06,-9.23654E+01
5.5925369E+06,-9.30254E+01
5.5927277E+06,-1.00245E+02
5.5929184E+06,-9.69654E+01
5.5931091E+06,-9.85454E+01
5.5932999E+06,-1.04385E+02
5.5934906E+06,-1.06765E+02
5.5936813E+06,-9.86454E+01
5.5938721E+06,-9.96854E+01
5.5940628E+06,-9.94654E+01
5.5942535E+06,-9.66254E+01
5.5944443E+06,-9.67454E+01
5.5946350E+06,-1.03125E+02
5.5948257E+06,-9.85454E+01
5.5950165E+06,-9.98654E+01
5.5952072E+06,-1.06485E+02
5.5953979E+06,-1.00605E+02
5.5955887E+06,-9.55654E+01
5.5957794E+06,-1.00605E+02
5.5959702E+06,-9.79654E+01
5.5961609E+06,-9.64454E+01
5.5963516E+06,-1.03625E+02
5.5965424E+06,-1.04805E+02
5.5967331E+06,-9.98654E+01
5.5969238E+06,-1.02285E+02
5.5971146E+06,-1.11505E+02
5.5973053E+06,-9.71654E+01
5.5974960E+06,-9.37054E+01
5.5976868E+06,-9.93254E+01
5.5978775E+06,-9.91654E+01
5.5980682E+06,-9.73854E+01
5.5982590E+06,-9.57254E+01
5.5984497E+06,-1.01405E+02
5.5986404E+06,-1.11285E+02
5.5988312E+06,-1.07225E+02
5.5990219E+06,-1.08705E+02
5.5992126E+06,-1.07805E+02
5.5994034E+06,-9.88854E+01
5.5995941E+06,-9.65854E+01
5.5997849E+06,-9.63654E+01
5.5999756E+06,-9.75854E+01
5.6001663E+06,-1.04365E+02
5.6003571E+06,-1.02705E+02
5.6005478E+06,-9.33254E+01
5.6007385E+06,-9.02654E+01
5.6009293E+06,-9.29854E+01
5.6011200E+06,-1.05585E+02
5.6013107E+06,-1.04705E+02
5.6015015E+06,-9.90054E+01
5.6016922E+06,-1.01485E+02
5.6018829E+06,-9.87854E+01
5.6020737E+06,-1.03805E+02
5.6022644E+06,-9.78254E+01
5.6024551E+06,-9.46254E+01
5.6026459E+06,-9.74054E+01
5.6028366E+06,-9.87654E+01
5.6030273E+06,-1.00145E+02
5.6032181E+06,-9.88454E+01
5.6034088E+06,-1.04685E+02
5.6035995E+06,-1.10185E+02
5.6037903E+06,-1.04885E+02
5.6039810E+06,-1.10145E+02
5.6041718E+06,-1.02865E+02
5.6043625E+06,-1.05565E+02
5.6045532E+06,-9.87054E+01
5.6047440E+06,-1.06545E+02
5.6049347E+06,-1.02325E+02
5.6051254E+06,-1.02005E+02
5.6053162E+06,-9.38054E+01
5.6055069E+06,-9.06854E+01
5.6056976E+06,-9.26854E+01
5.6058884E+06,-1.00725E+02
5.6060791E+06,-9.92454E+01
5.6062698E+06,-1.16305E+02
5.6064606E+06,-1.04825E+02
5.6066513E+06,-9.69454E+01
5.6068420E+06,-9.34054E+01
5.6070328E+06,-9.37254E+01
5.6072235E+06,-1.07485E+02
5.6074142E+06,-9.97254E+01
5.6076050E+06,-9.90854E+01
5.6077957E+06,-1.04945E+02
5.6079865E+06,-9.96254E+01
5.6081772E+06,-9.68654E+01
5.6083679E+06,-1.02005E+02
5.6085587E+06,-1.14045E+02
5.6087494E+06,-9.75054E+01
5.6089401E+06,-9.34654E+01
5.6091309E+06,-9.75054E+01
5.6093216E+06,-1.01985E+02
5.6095123E+06,-9.83254E+01
5.6097031E+06,-1.11565E+02
5.6098938E+06,-1.07025E+02
5.6100845E+06,-9.59854E+01
5.6102753E+06,-9.02854E+01
5.6104660E+06,-9.43054E+01
5.6106567E+06,-1.02805E+02
5.6108475E+06,-1.06505E+02
5.6110382E+06,-1.09245E+02
5.6112289E+06,-1.07365E+02
5.6114197E+06,-9.65054E+01
5.6116104E+06,-9.74254E+01
5.6118011E+06,-1.12205E+02
5.6119919E+06,-1.04425E+02
5.6121826E+06,-1.05025E+02
5.6123734E+06,-1.00965E+02
5.6125641E+06,-9.55454E+01
5.6127548E+06,-9.29054E+01
5.6129456E+06,-1.00365E+02
5.6131363E+06,-9.84854E+01
5.6133270E+06,-1.05365E+02
5.6135178E+06,-1.07245E+02
5.6137085E+06,-1.01525E+02
5.6138992E+06,-9.98254E+01
5.6140900E+06,-1.06585E+02
5.6142807E+06,-9.82854E+01
5.6144714E+06,-9.92054E+01
5.6146622E+06,-9.51654E+01
5.6148529E+06,-8.98054E+01
5.6150436E+06,-9.16254E+01
5.6152344E+06,-9.70854E+01
5.6154251E+06,-9.56454E+01
5.6156158E+06,-1.01665E+02
5.6158066E+06,-1.04225E+02
5.6159973E+06,-1.05665E+02
5.6161880E+06,-9.91054E+01
5.6163788E+06,-9.84054E+01
5.6165695E+06,-1.05285E+02
5.6167603E+06,-1.02425E+02
5.6169510E+06,-9.33254E+01
5.6171417E+06,-9.83454E+01
5.6173325E+06,-9.47254E+01
5.6175232E+06,-9.35854E+01
5.6177139E+06,-1.05905E+02
5.6179047E+06,-9.37654E+01
5.6180954E+06,-9.48054E+01
5.6182861E+06,-1.04305E+02
5.6184769E+06,-9.61254E+01
5.6186676E+06,-9.38454E+01
5.6188583E+06,-9.94854E+01
5.6190491E+06,-1.02985E+02
5.6192398E+06,-1.03165E+02
5.6194305E+06,-1.06325E+02
5.6196213E+06,-9.94854E+01
5.6198120E+06,-9.86854E+01
5.6200027E+06,-1.00625E+02
5.6201935E+06,-1.14045E+02
5.6203842E+06,-9.95854E+01
5.6205750E+06,-1.00225E+02
5.6207657E+06,-9.91654E+01
5.6209564E+06,-9.95454E+01
5.6211472E+06,-1.11545E+02
5.6213379E+06,-1.05565E+02
5.6215286E+06,-9.81854E+01
5.6217194E+06,-1.02525E+02
5.6219101E+06,-1.07965E+02
5.6221008E+06,-1.04265E+02
5.6222916E+06,-9.96054E+01
5.6224823E+06,-1.00305E+02
5.6226730E+06,-1.06285E+02
5.6228638E+06,-1.02425E+02
5.6230545E+06,-9.73254E+01
5.6232452E+06,-9.92254E+01
5.6234360E+06,-9.59054E+01
5.6236267E+06,-9.49654E+01
5.6238174E+06,-1.13025E+02
5.6240082E+06,-1.03965E+02
5.6241989E+06,-1.05525E+02
5.6243896E+06,-1.07605E+02
5.6245804E+06,-9.83654E+01
5.6247711E+06,-1.00645E+02
5.6249619E+06,-1.06325E+02
5.6251526E+06,-9.48254E+01
5.6253433E+06,-9.57454E+01
5.6255341E+06,-9.23254E+01
5.6257248E+06,-1.03845E+02
5.6259155E+06,-1.02825E+02
5.6261063E+06,-1.03665E+02
5.6262970E+06,-1.12165E+02
5.6264877E+06,-9.70854E+01
5.6266785E+06,-9.51454E+01
5.6268692E+06,-9.61854E+01
5.6270599E+06,-1.02365E+02
5.6272507E+06,-9.16454E+01
5.6274414E+06,-8.95054E+01
5.6276321E+06,-9.66054E+01
5.6278229E+06,-9.74254E+01
5.6280136E+06,-9.10854E+01
5.6282043E+06,-9.34454E+01
5.6283951E+06,-9.99454E+01
5.6285858E+06,-1.05865E+02
5.6287766E+06,-1.04265E+02
5.6289673E+06,-9.54254E+01
5.6291580E+06,-9.26854E+01
5.6293488E+06,-9.93854E+01
5.6295395E+06,-1.16985E+02
5.6297302E+06,-1.04485E+02
5.6299210E+06,-1.01545E+02
5.6301117E+06,-1.02505E+02
5.6303024E+06,-1.08365E+02
5.6304932E+06,-1.04045E+02
5.6306839E+06,-9.81654E+01
5.6308746E+06,-1.02225E+02
5.6310654E+06,-1.03625E+02
5.6312561E+06,-9.99854E+01
5.6314468E+06,-9.61454E+01
5.6316376E+06,-9.99454E+01
5.6318283E+06,-1.03325E+02
5.6320190E+06,-9.29254E+01
5.6322098E+06,-9.40854E+01
5.6324005E+06,-9.53454E+01
5.6325912E+06,-9.93054E+01
5.6327820E+06,-1.09125E+02
5.6329727E+06,-9.93454E+01
5.6331635E+06,-9.24454E+01
5.6333542E+06,-9.17654E+01
5.6335449E+06,-9.79854E+01
5.6337357E+06,-1.07745E+02
5.6339264E+06,-9.59654E+01
5.6341171E+06,-9.16454E+01
5.6343079E+06,-9.06654E+01
5.6344986E+06,-9.62854E+01
5.6346893E+06,-1.02445E+02
5.6348801E+06,-1.00365E+02
5.6350708E+06,-1.02985E+02
5.6352615E+06,-9.66454E+01
5.6354523E+06,-9.79854E+01
5.6356430E+06,-9.94454E+01
5.6358337E+06,-9.83654E+01
5.6360245E+06,-9.38054E+01
5.6362152E+06,-9.92054E+01
5.6364059E+06,-9.96854E+01
5.6365967E+06,-1.02125E+02
5.6367874E+06,-9.36254E+01
5.6369781E+06,-9.22254E+01
5.6371689E+06,-9.55654E+01
5.6373596E+06,-9.46654E+01
5.6375504E+06,-9.84054E+01
5.6377411E+06,-1.02825E+02
5.6379318E+06,-9.86854E+01
5.6381226E+06,-9.68254E+01
5.6383133E+06,-9.25054E+01
5.6385040E+06,-9.73254E+01
5.6386948E+06,-9.90054E+01
5.6388855E+06,-9.51054E+01
5.6390762E+06,-1.01185E+02
5.6392670E+06,-1.05345E+02
5.6394577E+06,-9.85854E+01
5.6396484E+06,-9.49454E+01
5.6398392E+06,-9.54454E+01
5.6400299E+06,-9.31854E+01
5.6402206E+06,-9.46054E+01
5.6404114E+06,-9.96654E+01
5.6406021E+06,-1.06605E+02
5.6407928E+06,-9.86254E+01
5.6409836E+06,-1.03165E+02
5.6411743E+06,-1.03065E+02
5.6413651E+06,-9.88854E+01
5.6415558E+06,-1.20845E+02
5.6417465E+06,-9.46454E+01
5.6419373E+06,-9.57054E+01
5.6421280E+06,-1.13765E+02
5.6423187E+06,-9.94054E+01
5.6425095E+06,-1.12525E+02
5.6427002E+06,-1.04465E+02
5.6428909E+06,-1.04005E+02
5.6430817E+06,-1.07985E+02
5.6432724E+06,-9.52654E+01
5.6434631E+06,-9.95454E+01
5.6436539E+06,-1.00225E+02
5.6438446E+06,-9.82654E+01
5.6440353E+06,-1.02925E+02
5.6442261E+06,-9.94454E+01
5.6444168E+06,-1.02485E+02
5.6446075E+06,-1.06225E+02
5.6447983E+06,-1.12485E+02
5.6449890E+06,-1.10465E+02
5.6451797E+06,-9.95254E+01
5.6453705E+06,-9.70054E+01
5.6455612E+06,-1.04445E+02
5.6457520E+06,-1.06265E+02
5.6459427E+06,-1.02585E+02
5.6461334E+06,-1.11545E+02
5.6463242E+06,-1.01545E+02
5.6465149E+06,-1.06205E+02
5.6467056E+06,-1.03305E+02
5.6468964E+06,-9.90054E+01
5.6470871E+06,-9.69054E+01
5.6472778E+06,-9.72854E+01
5.6474686E+06,-9.45054E+01
5.6476593E+06,-9.79454E+01
5.6478500E+06,-9.97454E+01
5.6480408E+06,-1.02965E+02
5.6482315E+06,-9.97654E+01
5.6484222E+06,-1.04285E+02
5.6486130E+06,-1.06945E+02
5.6488037E+06,-9.86654E+01
5.6489944E+06,-9.69054E+01
5.6491852E+06,-9.40854E+01
5.6493759E+06,-9.42654E+01
5.6495667E+06,-1.02525E+02
5.6497574E+06,-9.93854E+01
5.6499481E+06,-1.00065E+02
5.6501389E+06,-1.04225E+02
5.6503296E+06,-9.70654E+01
5.6505203E+06,-1.02865E+02
5.6507111E+06,-9.50054E+01
5.6509018E+06,-9.45454E+01
5.6510925E+06,-1.02225E+02
5.6512833E+06,-9.40454E+01
5.6514740E+06,-9.55654E+01
5.6516647E+06,-9.49854E+01
5.6518555E+06,-9.95254E+01
5.6520462E+06,-9.70054E+01
5.6522369E+06,-9.33254E+01
5.6524277E+06,-9.49454E+01
5.6526184E+06,-1.00685E+02
5.6528091E+06,-1.00445E+02
5.6529999E+06,-9.75454E+01
5.6531906E+06,-9.56254E+01
5.6533813E+06,-9.60654E+01
5.6535721E+06,-9.61454E+01
5.6537628E+06,-9.81054E+01
5.6539536E+06,-9.68054E+01
5.6541443E+06,-9.81454E+01
5.6543350E+06,-1.07405E+02
5.6545258E+06,-1.21445E+02
5.6547165E+06,-1.00505E+02
5.6549072E+06,-9.79054E+01
5.6550980E+06,-9.80854E+01
5.6552887E+06,-9.44654E+01
5.6554794E+06,-9.51854E+01
5.6556702E+06,-1.00085E+02
5.6558609E+06,-9.63254E+01
5.6560516E+06,-9.58254E+01
5.6562424E+06,-9.76454E+01
5.6564331E+06,-1.01885E+02
5.6566238E+06,-9.95854E+01
5.6568146E+06,-9.73654E+01
5.6570053E+06,-1.01225E+02
5.6571960E+06,-9.65654E+01
5.6573868E+06,-9.31254E+01
5.6575775E+06,-1.02905E+02
5.6577682E+06,-1.00225E+02
5.6579590E+06,-9.55254E+01
5.6581497E+06,-9.39654E+01
5.6583405E+06,-9.41854E+01
5.6585312E+06,-9.83254E+01
5.6587219E+06,-1.12965E+02
5.6589127E+06,-9.41454E+01
5.6591034E+06,-9.32254E+01
5.6592941E+06,-9.96654E+01
5.6594849E+06,-1.04865E+02
5.6596756E+06,-1.06445E+02
5.6598663E+06,-1.13805E+02
5.6600571E+06,-1.01185E+02
5.6602478E+06,-1.08545E+02
5.6604385E+06,-1.19665E+02
5.6606293E+06,-1.01705E+02
5.6608200E+06,-9.52254E+01
5.6610107E+06,-9.70054E+01
5.6612015E+06,-1.04905E+02
5.6613922E+06,-1.03925E+02
5.6615829E+06,-1.07005E+02
5.6617737E+06,-1.03545E+02
5.6619644E+06,-1.03725E+02
5.6621552E+06,-1.03225E+02
5.6623459E+06,-1.00645E+02
5.6625366E+06,-9.98054E+01
5.6627274E+06,-1.11905E+02
5.6629181E+06,-1.01705E+02
5.6631088E+06,-1.04585E+02
5.6632996E+06,-9.69654E+01
5.6634903E+06,-9.54054E+01
5.6636810E+06,-9.74054E+01
5.6638718E+06,-9.60254E+01
5.6640625E+06,-1.04645E+02
5.6642532E+06,-1.04405E+02
5.6644440E+06,-1.03765E+02
5.6646347E+06,-9.90254E+01
5.6648254E+06,-1.02985E+02
5.6650162E+06,-1.05285E+02
5.6652069E+06,-9.90254E+01
5.6653976E+06,-9.81654E+01
5.6655884E+06,-9.84654E+01
5.6657791E+06,-1.08045E+02
5.6659698E+06,-1.11705E+02
5.6661606E+06,-1.18365E+02
5.6663513E+06,-1.08205E+02
5.6665421E+06,-1.01885E+02
5.6667328E+06,-1.07845E+02
5.6669235E+06,-1.03665E+02
5.6671143E+06,-9.96654E+01
5.6673050E+06,-9.85454E+01
5.6674957E+06,-1.05285E+02
5.6676865E+06,-9.71454E+01
5.6678772E+06,-9.33054E+01
5.6680679E+06,-9.24454E+01
5.6682587E+06,-9.72054E+01
5.6684494E+06,-9.91054E+01
5.6686401E+06,-9.90054E+01
5.6688309E+06,-9.67254E+01
5.6690216E+06,-1.07165E+02
5.6692123E+06,-1.10945E+02
5.6694031E+06,-1.00285E+02
5.6695938E+06,-9.68054E+01
5.6697845E+06,-9.44854E+01
5.6699753E+06,-1.10525E+02
5.6701660E+06,-9.78654E+01
5.6703568E+06,-9.65654E+01
5.6705475E+06,-1.00125E+02
5.6707382E+06,-9.78454E+01
5.6709290E+06,-9.55654E+01
5.6711197E+06,-9.31654E+01
5.6713104E+06,-9.13254E+01
5.6715012E+06,-9.19854E+01
5.6716919E+06,-9.99054E+01
5.6718826E+06,-1.01385E+02
5.6720734E+06,-9.75454E+01
5.6722641E+06,-9.35854E+01
5.6724548E+06,-9.33254E+01
5.6726456E+06,-9.97054E+01
5.6728363E+06,-1.02045E+02
5.6730270E+06,-9.64454E+01
5.6732178E+06,-9.85654E+01
5.6734085E+06,-1.02905E+02
5.6735992E+06,-9.55054E+01
5.6737900E+06,-9.33254E+01
5.6739807E+06,-9.51254E+01
5.6741714E+06,-1.02165E+02
5.6743622E+06,-1.01505E+02
5.6745529E+06,-9.52054E+01
5.6747437E+06,-9.66854E+01
5.6749344E+06,-9.25854E+01
5.6751251E+06,-9.24454E+01
5.6753159E+06,-9.56054E+01
5.6755066E+06,-1.10125E+02
5.6756973E+06,-9.36654E+01
5.6758881E+06,-9.97654E+01
5.6760788E+06,-1.22445E+02
5.6762695E+06,-1.06865E+02
5.6764603E+06,-9.96054E+01
5.6766510E+06,-9.58854E+01
5.6768417E+06,-1.14005E+02
5.6770325E+06,-9.76654E+01
5.6772232E+06,-9.59054E+01
5.6774139E+06,-9.51454E+01
5.6776047E+06,-9.78054E+01
5.6777954E+06,-1.09705E+02
5.6779861E+06,-1.04465E+02
5.6781769E+06,-1.11045E+02
5.6783676E+06,-9.81854E+01
5.6785583E+06,-9.45854E+01
5.6787491E+06,-1.04045E+02
5.6789398E+06,-1.00025E+02
5.6791306E+06,-1.02165E+02
5.6793213E+06,-1.01505E+02
5.6795120E+06,-1.09005E+02
5.6797028E+06,-1.00485E+02
5.6798935E+06,-9.69054E+01
5.6800842E+06,-1.03305E+02
5.6802750E+06,-9.68054E+01
5.6804657E+06,-9.90054E+01
5.6806564E+06,-9.95454E+01
5.6808472E+06,-1.06825E+02
5.6810379E+06,-1.03445E+02
5.6812286E+06,-1.05905E+02
5.6814194E+06,-9.58054E+01
5.6816101E+06,-9.63254E+01
5.6818008E+06,-9.62054E+01
5.6819916E+06,-1.02805E+02
5.6821823E+06,-1.01145E+02
5.6823730E+06,-9.78454E+01
5.6825638E+06,-9.38454E+01
5.6827545E+06,-9.53054E+01
5.6829453E+06,-1.07425E+02
5.6831360E+06,-9.99454E+01
5.6833267E+06,-1.07525E+02
5.6835175E+06,-1.03805E+02
5.6837082E+06,-1.01485E+02
5.6838989E+06,-9.59654E+01
5.6840897E+06,-9.44254E+01
5.6842804E+06,-9.23854E+01
5.6844711E+06,-9.47454E+01
5.6846619E+06,-1.07225E+02
5.6848526E+06,-1.01145E+02
5.6850433E+06,-9.64054E+01
5.6852341E+06,-9.62854E+01
5.6854248E+06,-1.03465E+02
5.6856155E+06,-9.82854E+01
5.6858063E+06,-9.60454E+01
5.6859970E+06,-9.86254E+01
5.6861877E+06,-9.61854E+01
5.6863785E+06,-9.33254E+01
5.6865692E+06,-9.95654E+01
5.6867599E+06,-1.03365E+02
5.6869507E+06,-1.00205E+02
5.6871414E+06,-1.00765E+02
5.6873322E+06,-1.03225E+02
5.6875229E+06,-1.04585E+02
5.6877136E+06,-1.01485E+02
5.6879044E+06,-9.77454E+01
5.6880951E+06,-9.65054E+01
5.6882858E+06,-1.00125E+02
5.6884766E+06,-1.00965E+02
5.6886673E+06,-9.73854E+01
5.6888580E+06,-9.66654E+01
5.6890488E+06,-9.38454E+01
5.6892395E+06,-9.38854E+01
5.6894302E+06,-9.88854E+01
5.6896210E+06,-1.04725E+02
5.6898117E+06,-1.07345E+02
5.6900024E+06,-1.11165E+02
5.6901932E+06,-1.01425E+02
5.6903839E+06,-1.04805E+02
5.6905746E+06,-1.02325E+02
5.6907654E+06,-1.00025E+02
5.6909561E+06,-9.80254E+01
5.6911469E+06,-9.62854E+01
5.6913376E+06,-1.00205E+02
5.6915283E+06,-1.12165E+02
5.6917191E+06,-1.12905E+02
5.6919098E+06,-9.58654E+01
5.6921005E+06,-9.25254E+01
5.6922913E+06,-9.37254E+01
5.6924820E+06,-1.01905E+02
5.6926727E+06,-1.04085E+02
5.6928635E+06,-1.04345E+02
5.6930542E+06,-9.99854E+01
5.6932449E+06,-9.23054E+01
5.6934357E+06,-9.09054E+01
5.6936264E+06,-9.44254E+01
5.6938171E+06,-9.73654E+01
5.6940079E+06,-1.01085E+02
5.6941986E+06,-9.84854E+01
5.6943893E+06,-9.86454E+01
5.6945801E+06,-9.52654E+01
5.6947708E+06,-9.51054E+01
5.6949615E+06,-9.80054E+01
5.6951523E+06,-1.05245E+02
5.6953430E+06,-1.05805E+02
5.6955338E+06,-1.00445E+02
5.6957245E+06,-9.76854E+01
5.6959152E+06,-9.75654E+01
5.6961060E+06,-9.98854E+01
5.6962967E+06,-9.71054E+01
5.6964874E+06,-9.36254E+01
5.6966782E+06,-9.62654E+01
5.6968689E+06,-1.07245E+02
5.6970596E+06,-1.02965E+02
5.6972504E+06,-1.00665E+02
5.6974411E+06,-1.08345E+02
5.6976318E+06,-1.00585E+02
5.6978226E+06,-1.03125E+02
5.6980133E+06,-9.79254E+01
5.6982040E+06,-9.72854E+01
5.6983948E+06,-9.85654E+01
5.6985855E+06,-9.90454E+01
5.6987762E+06,-1.02505E+02
5.6989670E+06,-1.05105E+02
5.6991577E+06,-9.74854E+01
5.6993484E+06,-9.33654E+01
5.6995392E+06,-1.01125E+02
5.6997299E+06,-1.05745E+02
5.6999207E+06,-1.01765E+02
5.7001114E+06,-9.79054E+01
5.7003021E+06,-9.52254E+01
5.7004929E+06,-9.96254E+01
5.7006836E+06,-1.02645E+02
5.7008743E+06,-1.00165E+02
5.7010651E+06,-9.80654E+01
5.7012558E+06,-9.47254E+01
5.7014465E+06,-9.72654E+01
5.7016373E+06,-1.10705E+02
5.7018280E+06,-9.94854E+01
5.7020187E+06,-9.86254E+01
5.7022095E+06,-9.69254E+01
5.7024002E+06,-9.40854E+01
5.7025909E+06,-1.02045E+02
5.7027817E+06,-1.02525E+02
5.7029724E+06,-9.92654E+01
5.7031631E+06,-1.09185E+02
5.7033539E+06,-9.89254E+01
5.7035446E+06,-9.95654E+01
5.7037354E+06,-1.06745E+02
5.7039261E+06,-1.03965E+02
5.7041168E+06,-1.11745E+02
5.7043076E+06,-1.01205E+02
5.7044983E+06,-9.57254E+01
5.7046890E+06,-9.46654E+01
5.7048798E+06,-9.62054E+01
5.7050705E+06,-9.81454E+01
5.7052612E+06,-9.36654E+01
5.7054520E+06,-9.35054E+01
5.7056427E+06,-1.02585E+02
5.7058334E+06,-9.68854E+01
5.7060242E+06,-9.51254E+01
5.7062149E+06,-9.86854E+01
5.7064056E+06,-9.90654E+01
5.7065964E+06,-9.79854E+01
5.7067871E+06,-9.74054E+01
5.7069778E+06,-9.99654E+01
5.7071686E+06,-1.07925E+02
5.7073593E+06,-9.72654E+01
5.7075500E+06,-1.06185E+02
5.7077408E+06,-1.06005E+02
5.7079315E+06,-9.78654E+01
5.7081223E+06,-1.08945E+02
5.7083130E+06,-9.44854E+01
5.7085037E+06,-9.67654E+01
5.7086945E+06,-1.03705E+02
5.7088852E+06,-9.82854E+01
5.7090759E+06,-1.00125E+02
5.7092667E+06,-9.54654E+01
5.7094574E+06,-9.49654E+01
5.7096481E+06,-1.04345E+02
5.7098389E+06,-1.01545E+02
5.7100296E+06,-1.02085E+02
5.7102203E+06,-1.03225E+02
5.7104111E+06,-1.13585E+02
5.7106018E+06,-1.00205E+02
5.7107925E+06,-1.05505E+02
5.7109833E+06,-1.02365E+02
5.7111740E+06,-1.02005E+02
5.7113647E+06,-1.04705E+02
5.7115555E+06,-1.08265E+02
5.7117462E+06,-9.87454E+01
5.7119370E+06,-9.13054E+01
5.7121277E+06,-9.31254E+01
5.7123184E+06,-1.01805E+02
5.7125092E+06,-9.78854E+01
5.7126999E+06,-1.02165E+02
5.7128906E+06,-1.05565E+02
5.7130814E+06,-1.11285E+02
5.7132721E+06,-1.14805E+02
5.7134628E+06,-9.61654E+01
5.7136536E+06,-9.26854E+01
5.7138443E+06,-9.64254E+01
5.7140350E+06,-9.84654E+01
5.7142258E+06,-9.62054E+01
5.7144165E+06,-9.79054E+01
5.7146072E+06,-1.02205E+02
5.7147980E+06,-1.05145E+02
5.7149887E+06,-1.02325E+02
5.7151794E+06,-1.03805E+02
5.7153702E+06,-1.05125E+02
5.7155609E+06,-9.67454E+01
5.7157516E+06,-9.76854E+01
5.7159424E+06,-1.00165E+02
5.7161331E+06,-9.80454E+01
5.7163239E+06,-1.00645E+02
5.7165146E+06,-9.45654E+01
5.7167053E+06,-9.69454E+01
5.7168961E+06,-1.07145E+02
5.7170868E+06,-1.00265E+02
5.7172775E+06,-1.01185E+02
5.7174683E+06,-9.66654E+01
5.7176590E+06,-1.22225E+02
5.7178497E+06,-1.03665E+02
5.7180405E+06,-1.02005E+02
5.7182312E+06,-9.71854E+01
5.7184219E+06,-9.61454E+01
5.7186127E+06,-9.57854E+01
5.7188034E+06,-9.48654E+01
5.7189941E+06,-9.77654E+01
5.7191849E+06,-1.07485E+02
5.7193756E+06,-1.01125E+02
5.7195663E+06,-9.40454E+01
5.7197571E+06,-1.00665E+02
5.7199478E+06,-1.01385E+02
5.7201385E+06,-9.56854E+01
5.7203293E+06,-9.45054E+01
5.7205200E+06,-9.49454E+01
5.7207108E+06,-9.54454E+01
5.7209015E+06,-1.05045E+02
5.7210922E+06,-9.64454E+01
5.7212830E+06,-9.43054E+01
5.7214737E+06,-9.87854E+01
5.7216644E+06,-1.05345E+02
5.7218552E+06,-1.14005E+02
5.7220459E+06,-1.06845E+02
5.7222366E+06,-9.88054E+01
5.7224274E+06,-9.35054E+01
5.7226181E+06,-9.35454E+01
5.7228088E+06,-9.96654E+01
5.7229996E+06,-9.89254E+01
5.7231903E+06,-9.43854E+01
5.7233810E+06,-9.92654E+01
5.7235718E+06,-9.85454E+01
5.7237625E+06,-1.03465E+02
5.7239532E+06,-1.01985E+02
5.7241440E+06,-9.71254E+01
5.7243347E+06,-9.32654E+01
5.7245255E+06,-9.31654E+01
5.7247162E+06,-9.56654E+01
5.7249069E+06,-9.96654E+01
5.7250977E+06,-9.50054E+01
5.7252884E+06,-9.38454E+01
5.7254791E+06,-9.49054E+01
5.7256699E+06,-9.82054E+01
5.7258606E+06,-1.01245E+02
5.7260513E+06,-1.03625E+02
5.7262421E+06,-1.15565E+02
5.7264328E+06,-1.14585E+02
5.7266235E+06,-1.14985E+02
5.7268143E+06,-1.08125E+02
5.7270050E+06,-1.10905E+02
5.7271957E+06,-9.84654E+01
5.7273865E+06,-1.02585E+02
5.7275772E+06,-1.05725E+02
5.7277679E+06,-1.00185E+02
5.7279587E+06,-1.01045E+02
5.7281494E+06,-1.09785E+02
5.7283401E+06,-1.02385E+02
5.7285309E+06,-9.63454E+01
5.7287216E+06,-1.15145E+02
5.7289124E+06,-9.78454E+01
5.7291031E+06,-1.04605E+02
5.7292938E+06,-1.06685E+02
5.7294846E+06,-1.00385E+02
5.7296753E+06,-1.01065E+02
5.7298660E+06,-1.07085E+02
5.7300568E+06,-1.02385E+02
5.7302475E+06,-1.04225E+02
5.7304382E+06,-1.06445E+02
5.7306290E+06,-1.00425E+02
5.7308197E+06,-9.34454E+01
5.7310104E+06,-9.15054E+01
5.7312012E+06,-9.81854E+01
5.7313919E+06,-9.97054E+01
5.7315826E+06,-1.01905E+02
5.7317734E+06,-1.00265E+02
5.7319641E+06,-1.04665E+02
5.7321548E+06,-1.07225E+02
5.7323456E+06,-9.74654E+01
5.7325363E+06,-9.40854E+01
5.7327271E+06,-9.38054E+01
5.7329178E+06,-9.43054E+01
5.7331085E+06,-9.74254E+01
5.7332993E+06,-1.07925E+02
5.7334900E+06,-1.03085E+02
5.7336807E+06,-1.03405E+02
5.7338715E+06,-9.79654E+01
5.7340622E+06,-9.93254E+01
5.7342529E+06,-9.46454E+01
5.7344437E+06,-9.46854E+01
5.7346344E+06,-9.50854E+01
5.7348251E+06,-9.80654E+01
5.7350159E+06,-1.01305E+02
5.7352066E+06,-1.01505E+02
5.7353973E+06,-1.16745E+02
5.7355881E+06,-9.76854E+01
5.7357788E+06,-9.26454E+01
5.7359695E+06,-9.12454E+01
5.7361603E+06,-9.28054E+01
5.7363510E+06,-9.55054E+01
5.7365417E+06,-9.61254E+01
5.7367325E+06,-9.49654E+01
5.7369232E+06,-1.07405E+02
5.7371140E+06,-1.04345E+02
5.7373047E+06,-1.06105E+02
5.7374954E+06,-1.15505E+02
5.7376862E+06,-9.50454E+01
5.7378769E+06,-9.59054E+01
5.7380676E+06,-1.12505E+02
5.7382584E+06,-1.05805E+02
5.7384491E+06,-9.64454E+01
5.7386398E+06,-1.02705E+02
5.7388306E+06,-1.02445E+02
5.7390213E+06,-1.03085E+02
5.7392120E+06,-9.85654E+01
5.7394028E+06,-9.28054E+01
5.7395935E+06,-9.37654E+01
5.7397842E+06,-1.01945E+02
5.7399750E+06,-1.14885E+02
5.7401657E+06,-1.02985E+02
5.7403564E+06,-9.52854E+01
5.7405472E+06,-9.98854E+01
5.7407379E+06,-1.07045E+02
5.7409286E+06,-1.01625E+02
5.7411194E+06,-1.00965E+02
5.7413101E+06,-9.80454E+01
5.7415009E+06,-9.92454E+01
5.7416916E+06,-1.10625E+02
5.7418823E+06,-1.02985E+02
5.7420731E+06,-1.04785E+02
5.7422638E+06,-9.44654E+01
5.7424545E+06,-9.35454E+01
5.7426453E+06,-1.00705E+02
5.7428360E+06,-1.04705E+02
5.7430267E+06,-9.64254E+01
5.7432175E+06,-9.46854E+01
5.7434082E+06,-1.01445E+02
5.7435989E+06,-9.85654E+01
5.7437897E+06,-9.65054E+01
5.7439804E+06,-1.19485E+02
5.7441711E+06,-9.55254E+01
5.7443619E+06,-9.87654E+01
5.7445526E+06,-9.92054E+01
5.7447433E+06,-9.67254E+01
5.7449341E+06,-9.87254E+01
5.7451248E+06,-9.93854E+01
5.7453156E+06,-1.05365E+02
5.7455063E+06,-1.11785E+02
5.7456970E+06,-1.13665E+02
5.7458878E+06,-1.24545E+02
5.7460785E+06,-1.05325E+02
5.7462692E+06,-1.04265E+02
5.7464600E+06,-1.04645E+02
5.7466507E+06,-9.87454E+01
5.7468414E+06,-1.01085E+02
5.7470322E+06,-1.03325E+02
5.7472229E+06,-9.79054E+01
5.7474136E+06,-9.10454E+01
5.7476044E+06,-9.31854E+01
5.7477951E+06,-1.03465E+02
5.7479858E+06,-9.67454E+01
5.7481766E+06,-9.69254E+01
5.7483673E+06,-9.54254E+01
5.7485580E+06,-1.00045E+02
5.7487488E+06,-1.03025E+02
5.7489395E+06,-9.91254E+01
5.7491302E+06,-9.58054E+01
5.7493210E+06,-9.91654E+01
5.7495117E+06,-1.03445E+02
5.7497025E+06,-1.00825E+02
5.7498932E+06,-9.62054E+01
5.7500839E+06,-9.71054E+01
5.7502747E+06,-1.01325E+02
5.7504654E+06,-1.00105E+02
5.7506561E+06,-9.79254E+01
5.7508469E+06,-1.01085E+02
5.7510376E+06,-1.04745E+02
5.7512283E+06,-1.01905E+02
5.7514191E+06,-1.10505E+02
5.7516098E+06,-1.02245E+02
5.7518005E+06,-1.02985E+02
5.7519913E+06,-1.07325E+02
5.7521820E+06,-9.87854E+01
5.7523727E+06,-9.66654E+01
5.7525635E+06,-9.34054E+01
5.7527542E+06,-9.56654E+01
5.7529449E+06,-9.65254E+01
5.7531357E+06,-1.04085E+02
5.7533264E+06,-1.03625E+02
5.7535172E+06,-9.49854E+01
5.7537079E+06,-9.40454E+01
5.7538986E+06,-9.85054E+01
5.7540894E+06,-1.00445E+02
5.7542801E+06,-1.06805E+02
5.7544708E+06,-9.38054E+01
5.7546616E+06,-9.56054E+01
5.7548523E+06,-9.93454E+01
5.7550430E+06,-9.77854E+01
5.7552338E+06,-1.04145E+02
5.7554245E+06,-1.05565E+02
5.7556152E+06,-1.01385E+02
5.7558060E+06,-1.12745E+02
5.7559967E+06,-9.77254E+01
5.7561874E+06,-9.54054E+01
5.7563782E+06,-9.62654E+01
5.7565689E+06,-1.17225E+02
5.7567596E+06,-1.00365E+02
5.7569504E+06,-1.05725E+02
5.7571411E+06,-1.05045E+02
5.7573318E+06,-1.01705E+02
5.7575226E+06,-1.02145E+02
5.7577133E+06,-9.85854E+01
5.7579041E+06,-9.34054E+01
5.7580948E+06,-9.27454E+01
5.7582855E+06,-9.62054E+01
5.7584763E+06,-1.02965E+02
5.7586670E+06,-1.16265E+02
5.7588577E+06,-1.03805E+02
5.7590485E+06,-9.93854E+01
5.7592392E+06,-1.07345E+02
5.7594299E+06,-1.00105E+02
5.7596207E+06,-9.97054E+01
5.7598114E+06,-1.00745E+02
5.7600021E+06,-1.11705E+02
5.7601929E+06,-1.10445E+02
5.7603836E+06,-1.02685E+02
5.7605743E+06,-9.63454E+01
5.7607651E+06,-9.68254E+01
5.7609558E+06,-1.02145E+02
5.7611465E+06,-1.17725E+02
5.7613373E+06,-9.92454E+01
5.7615280E+06,-1.03165E+02
5.7617188E+06,-1.06605E+02
5.7619095E+06,-1.02045E+02
5.7621002E+06,-1.14405E+02
5.7622910E+06,-1.09185E+02
5.7624817E+06,-1.07645E+02
5.7626724E+06,-9.83854E+01
5.7628632E+06,-9.85654E+01
5.7630539E+06,-1.12565E+02
5.7632446E+06,-1.01165E+02
5.7634354E+06,-9.50254E+01
5.7636261E+06,-1.00225E+02
5.7638168E+06,-9.25054E+01
5.7640076E+06,-9.37654E+01
5.7641983E+06,-1.06885E+02
5.7643890E+06,-1.10525E+02
5.7645798E+06,-1.07165E+02
5.7647705E+06,-9.84054E+01
5.7649612E+06,-1.03165E+02
5.7651520E+06,-1.14965E+02
5.7653427E+06,-9.91054E+01
5.7655334E+06,-9.81854E+01
5.7657242E+06,-1.08145E+02
5.7659149E+06,-1.00565E+02
5.7661057E+06,-1.10085E+02
5.7662964E+06,-1.04365E+02
5.7664871E+06,-1.03445E+02
5.7666779E+06,-1.02225E+02
5.7668686E+06,-9.96454E+01
5.7670593E+06,-9.36654E+01
5.7672501E+06,-9.21454E+01
5.7674408E+06,-9.27054E+01
5.7676315E+06,-9.40854E+01
5.7678223E+06,-9.80454E+01
5.7680130E+06,-1.17585E+02
5.7682037E+06,-1.02445E+02
5.7683945E+06,-9.93854E+01
5.7685852E+06,-9.50654E+01
5.7687759E+06,-1.00645E+02
5.7689667E+06,-1.00265E+02
5.7691574E+06,-9.67454E+01
5.7693481E+06,-1.00105E+02
5.7695389E+06,-9.75254E+01
5.7697296E+06,-9.40854E+01
5.7699203E+06,-9.87854E+01
5.7701111E+06,-1.10565E+02
5.7703018E+06,-1.05685E+02
5.7704926E+06,-9.76254E+01
5.7706833E+06,-9.51254E+01
5.7708740E+06,-9.61654E+01
5.7710648E+06,-1.00065E+02
5.7712555E+06,-1.02485E+02
5.7714462E+06,-1.07885E+02
5.7716370E+06,-1.08485E+02
5.7718277E+06,-1.05005E+02
5.7720184E+06,-1.05625E+02
5.7722092E+06,-1.00685E+02
5.7723999E+06,-9.45454E+01
5.7725906E+06,-9.56854E+01
5.7727814E+06,-1.04385E+02
5.7729721E+06,-1.05345E+02
5.7731628E+06,-1.14085E+02
5.7733536E+06,-1.07965E+02
5.7735443E+06,-1.02905E+02
5.7737350E+06,-9.94854E+01
5.7739258E+06,-9.28054E+01
5.7741165E+06,-9.65254E+01
5.7743073E+06,-1.04385E+02
5.7744980E+06,-1.02765E+02
5.7746887E+06,-1.02985E+02
5.7748795E+06,-1.03325E+02
5.7750702E+06,-1.01825E+02
5.7752609E+06,-1.10385E+02
5.7754517E+06,-9.85454E+01
5.7756424E+06,-9.32654E+01
5.7758331E+06,-9.41454E+01
5.7760239E+06,-9.58854E+01
5.7762146E+06,-9.43654E+01
5.7764053E+06,-9.37654E+01
5.7765961E+06,-9.30654E+01
5.7767868E+06,-9.89054E+01
5.7769775E+06,-1.13585E+02
5.7771683E+06,-1.01825E+02
5.7773590E+06,-9.28254E+01
5.7775497E+06,-9.39654E+01
5.7777405E+06,-1.06265E+02
5.7779312E+06,-1.11425E+02
5.7781219E+06,-9.91654E+01
5.7783127E+06,-9.46254E+01
5.7785034E+06,-9.46854E+01
5.7786942E+06,-1.00505E+02
5.7788849E+06,-1.02825E+02
5.7790756E+06,-9.94254E+01
5.7792664E+06,-9.64454E+01
5.7794571E+06,-9.86854E+01
5.7796478E+06,-9.74454E+01
5.7798386E+06,-9.45654E+01
5.7800293E+06,-9.62854E+01
5.7802200E+06,-1.05465E+02
5.7804108E+06,-9.38854E+01
5.7806015E+06,-9.57654E+01
5.7807922E+06,-9.83054E+01
5.7809830E+06,-9.92454E+01
5.7811737E+06,-9.97254E+01
5.7813644E+06,-1.01285E+02
5.7815552E+06,-1.09985E+02
5.7817459E+06,-9.84254E+01
5.7819366E+06,-1.04565E+02
5.7821274E+06,-1.00345E+02
5.7823181E+06,-9.83054E+01
5.7825089E+06,-9.65854E+01
5.7826996E+06,-9.39254E+01
5.7828903E+06,-9.36254E+01
5.7830811E+06,-9.42254E+01
5.7832718E+06,-1.00645E+02
5.7834625E+06,-9.80254E+01
5.7836533E+06,-1.02745E+02
5.7838440E+06,-1.05905E+02
5.7840347E+06,-1.06625E+02
5.7842255E+06,-1.05045E+02
5.7844162E+06,-9.89054E+01
5.7846069E+06,-9.76054E+01
5.7847977E+06,-9.53254E+01
5.7849884E+06,-9.86454E+01
5.7851791E+06,-9.74654E+01
5.7853699E+06,-9.40054E+01
5.7855606E+06,-9.88854E+01
5.7857513E+06,-1.04225E+02
5.7859421E+06,-9.95654E+01
5.7861328E+06,-1.02005E+02
5.7863235E+06,-1.00265E+02
5.7865143E+06,-1.02645E+02
5.7867050E+06,-9.69454E+01
5.7868958E+06,-9.34654E+01
5.7870865E+06,-9.58254E+01
5.7872772E+06,-9.98654E+01
5.7874680E+06,-1.13365E+02
5.7876587E+06,-1.01065E+02
5.7878494E+06,-1.02825E+02
5.7880402E+06,-1.01985E+02
5.7882309E+06,-1.03365E+02
5.7884216E+06,-1.02625E+02
5.7886124E+06,-1.00025E+02
5.7888031E+06,-1.00505E+02
5.7889938E+06,-1.11225E+02
5.7891846E+06,-9.64854E+01
5.7893753E+06,-1.05025E+02
5.7895660E+06,-9.81654E+01
5.7897568E+06,-9.72054E+01
5.7899475E+06,-9.61054E+01
5.7901382E+06,-9.85454E+01
5.7903290E+06,-9.48054E+01
5.7905197E+06,-9.31854E+01
5.7907104E+06,-9.57854E+01
5.7909012E+06,-1.03925E+02
5.7910919E+06,-1.00885E+02
5.7912827E+06,-9.71654E+01
5.7914734E+06,-9.72454E+01
5.7916641E+06,-9.45654E+01
5.7918549E+06,-9.69854E+01
5.7920456E+06,-1.09425E+02
5.7922363E+06,-1.23625E+02
5.7924271E+06,-1.12485E+02
5.7926178E+06,-1.05605E+02
5.7928085E+06,-1.02805E+02
5.7929993E+06,-1.05805E+02
5.7931900E+06,-1.02005E+02
5.7933807E+06,-1.00585E+02
5.7935715E+06,-1.03085E+02
5.7937622E+06,-1.01105E+02
5.7939529E+06,-1.00505E+02
5.7941437E+06,-9.90654E+01
5.7943344E+06,-9.72254E+01
5.7945251E+06,-9.95654E+01
5.7947159E+06,-9.99054E+01
5.7949066E+06,-1.05105E+02
5.7950974E+06,-1.00385E+02
5.7952881E+06,-1.02985E+02
5.7954788E+06,-1.08865E+02
5.7956696E+06,-1.03665E+02
5.7958603E+06,-1.09625E+02
5.7960510E+06,-1.01545E+02
5.7962418E+06,-9.86854E+01
5.7964325E+06,-1.01525E+02
5.7966232E+06,-1.05585E+02
5.7968140E+06,-9.65854E+01
5.7970047E+06,-9.78654E+01
5.7971954E+06,-1.06805E+02
5.7973862E+06,-1.08245E+02
5.7975769E+06,-1.01085E+02
5.7977676E+06,-9.46454E+01
5.7979584E+06,-9.51454E+01
5.7981491E+06,-1.05465E+02
5.7983398E+06,-1.04505E+02
5.7985306E+06,-1.19585E+02
5.7987213E+06,-1.01625E+02
5.7989120E+06,-1.00665E+02
5.7991028E+06,-9.99454E+01
5.7992935E+06,-9.70854E+01
5.7994843E+06,-9.64854E+01
5.7996750E+06,-9.45054E+01
5.7998657E+06,-9.74454E+01
5.8000565E+06,-1.01545E+02
5.8002472E+06,-9.46054E+01
5.8004379E+06,-9.24854E+01
5.8006287E+06,-9.97854E+01
5.8008194E+06,-1.15125E+02
5.8010101E+06,-9.96054E+01
5.8012009E+06,-9.80454E+01
5.8013916E+06,-1.01145E+02
5.8015823E+06,-1.01205E+02
5.8017731E+06,-1.10325E+02
5.8019638E+06,-9.76854E+01
5.8021545E+06,-9.76054E+01
5.8023453E+06,-1.00425E+02
5.8025360E+06,-1.07065E+02
5.8027267E+06,-9.96254E+01
5.8029175E+06,-1.03845E+02
5.8031082E+06,-1.07965E+02
5.8032990E+06,-1.06625E+02
5.8034897E+06,-9.93054E+01
5.8036804E+06,-9.67054E+01
5.8038712E+06,-9.76854E+01
5.8040619E+06,-1.01125E+02
5.8042526E+06,-1.00845E+02
5.8044434E+06,-9.51654E+01
5.8046341E+06,-9.99454E+01
5.8048248E+06,-1.07105E+02
5.8050156E+06,-1.11765E+02
5.8052063E+06,-9.90854E+01
5.8053970E+06,-9.71654E+01
5.8055878E+06,-9.95254E+01
5.8057785E+06,-1.08545E+02
5.8059692E+06,-1.07865E+02
5.8061600E+06,-1.06225E+02
5.8063507E+06,-1.11505E+02
5.8065414E+06,-9.46254E+01
5.8067322E+06,-9.31654E+01
5.8069229E+06,-9.37254E+01
5.8071136E+06,-9.18854E+01
5.8073044E+06,-1.06525E+02
5.8074951E+06,-9.61254E+01
5.8076859E+06,-9.74854E+01
5.8078766E+06,-9.81454E+01
5.8080673E+06,-9.71454E+01
5.8082581E+06,-9.95454E+01
5.8084488E+06,-9.79654E+01
5.8086395E+06,-1.05425E+02
5.8088303E+06,-1.03845E+02
5.8090210E+06,-1.02165E+02
5.8092117E+06,-9.51254E+01
5.8094025E+06,-9.51854E+01
5.8095932E+06,-9.97854E+01
5.8097839E+06,-1.05405E+02
5.8099747E+06,-9.75854E+01
5.8101654E+06,-9.64854E+01
5.8103561E+06,-9.66454E+01
5.8105469E+06,-9.60054E+01
5.8107376E+06,-1.06505E+02
5.8109283E+06,-1.14965E+02
5.8111191E+06,-1.00025E+02
5.8113098E+06,-9.53654E+01
5.8115005E+06,-9.47454E+01
5.8116913E+06,-9.84054E+01
5.8118820E+06,-9.86854E+01
5.8120728E+06,-1.00525E+02
5.8122635E+06,-1.16825E+02
5.8124542E+06,-1.11045E+02
5.8126450E+06,-1.01145E+02
5.8128357E+06,-1.01805E+02
5.8130264E+06,-9.71654E+01
5.8132172E+06,-1.00025E+02
5.8134079E+06,-9.62254E+01
5.8135986E+06,-9.50854E+01
5.8137894E+06,-1.08005E+02
5.8139801E+06,-9.78854E+01
5.8141708E+06,-1.03765E+02
5.8143616E+06,-1.08665E+02
5.8145523E+06,-1.08325E+02
5.8147430E+06,-1.03445E+02
5.8149338E+06,-1.01685E+02
5.8151245E+06,-1.02905E+02
5.8153152E+06,-9.55854E+01
5.8155060E+06,-1.01665E+02
5.8156967E+06,-9.72054E+01
5.8158875E+06,-9.83054E+01
5.8160782E+06,-1.01645E+02
5.8162689E+06,-9.86454E+01
5.8164597E+06,-1.01305E+02
5.8166504E+06,-9.98454E+01
5.8168411E+06,-1.07105E+02
5.8170319E+06,-1.03445E+02
5.8172226E+06,-1.05925E+02
5.8174133E+06,-1.04585E+02
5.8176041E+06,-9.60254E+01
5.8177948E+06,-9.51254E+01
5.8179855E+06,-1.02825E+02
5.8181763E+06,-9.74654E+01
5.8183670E+06,-9.06054E+01
5.8185577E+06,-9.07654E+01
5.8187485E+06,-9.78054E+01
5.8189392E+06,-1.01645E+02
5.8191299E+06,-9.51654E+01
5.8193207E+06,-9.43254E+01
5.8195114E+06,-9.76454E+01
5.8197021E+06,-1.03365E+02
5.8198929E+06,-1.02425E+02
5.8200836E+06,-9.94654E+01
5.8202744E+06,-9.58054E+01
5.8204651E+06,-9.66454E+01
5.8206558E+06,-9.61654E+01
5.8208466E+06,-9.38454E+01
5.8210373E+06,-9.36254E+01
5.8212280E+06,-9.50854E+01
5.8214188E+06,-9.81654E+01
5.8216095E+06,-9.87654E+01
5.8218002E+06,-1.00985E+02
5.8219910E+06,-1.11525E+02
5.8221817E+06,-1.00505E+02
5.8223724E+06,-9.61254E+01
5.8225632E+06,-9.85054E+01
5.8227539E+06,-9.79654E+01
5.8229446E+06,-9.33054E+01
5.8231354E+06,-9.59054E+01
5.8233261E+06,-9.96254E+01
5.8235168E+06,-9.62254E+01
5.8237076E+06,-9.81254E+01
5.8238983E+06,-1.09045E+02
5.8240891E+06,-9.57254E+01
5.8242798E+06,-9.40854E+01
5.8244705E+06,-1.00665E+02
5.8246613E+06,-1.02865E+02
5.8248520E+06,-9.11054E+01
5.8250427E+06,-8.86054E+01
5.8252335E+06,-9.47254E+01
5.8254242E+06,-9.96254E+01
5.8256149E+06,-1.00185E+02
5.8258057E+06,-1.12805E+02
5.8259964E+06,-1.08185E+02
5.8261871E+06,-9.80054E+01
5.8263779E+06,-9.31254E+01
5.8265686E+06,-9.63254E+01
5.8267593E+06,-1.00905E+02
5.8269501E+06,-1.00605E+02
5.8271408E+06,-1.03225E+02
5.8273315E+06,-1.02985E+02
5.8275223E+06,-9.53654E+01
5.8277130E+06,-9.70654E+01
5.8279037E+06,-1.05665E+02
5.8280945E+06,-1.11545E+02
5.8282852E+06,-1.13265E+02
5.8284760E+06,-9.91654E+01
5.8286667E+06,-9.91854E+01
5.8288574E+06,-9.85054E+01
5.8290482E+06,-1.03765E+02
5.8292389E+06,-1.04265E+02
5.8294296E+06,-9.38854E+01
5.8296204E+06,-9.21654E+01
5.8298111E+06,-9.78254E+01
5.8300018E+06,-1.07725E+02
5.8301926E+06,-1.15285E+02
5.8303833E+06,-1.05665E+02
5.8305740E+06,-1.04045E+02
5.8307648E+06,-9.78254E+01
5.8309555E+06,-9.70254E+01
5.8311462E+06,-9.58254E+01
5.8313370E+06,-9.80254E+01
5.8315277E+06,-9.66054E+01
5.8317184E+06,-9.70654E+01
5.8319092E+06,-1.01345E+02
5.8320999E+06,-9.52454E+01
5.8322906E+06,-1.05025E+02
5.8324814E+06,-9.80054E+01
5.8326721E+06,-1.01345E+02
5.8328629E+06,-1.02745E+02
5.8330536E+06,-9.79054E+01
5.8332443E+06,-9.45654E+01
5.8334351E+06,-9.76254E+01
5.8336258E+06,-9.81254E+01
5.8338165E+06,-9.94454E+01
5.8340073E+06,-1.02565E+02
5.8341980E+06,-9.86854E+01
5.8343887E+06,-9.94654E+01
5.8345795E+06,-9.52054E+01
5.8347702E+06,-1.01865E+02
5.8349609E+06,-9.48654E+01
5.8351517E+06,-9.51054E+01
5.8353424E+06,-9.75254E+01
5.8355331E+06,-9.64254E+01
5.8357239E+06,-9.44654E+01
5.8359146E+06,-9.54654E+01
5.8361053E+06,-1.00365E+02
5.8362961E+06,-9.60854E+01
5.8364868E+06,-1.00185E+02
5.8366776E+06,-1.02805E+02
5.8368683E+06,-1.01305E+02
5.8370590E+06,-1.09285E+02
5.8372498E+06,-9.96254E+01
5.8374405E+06,-1.08625E+02
5.8376312E+06,-1.02385E+02
5.8378220E+06,-1.00605E+02
5.8380127E+06,-9.62254E+01
5.8382034E+06,-9.61054E+01
5.8383942E+06,-9.66654E+01
5.8385849E+06,-9.66854E+01
5.8387756E+06,-1.22965E+02
5.8389664E+06,-1.01785E+02
5.8391571E+06,-1.04825E+02
5.8393478E+06,-9.44454E+01
5.8395386E+06,-1.01365E+02
5.8397293E+06,-9.84054E+01
5.8399200E+06,-9.62054E+01
5.8401108E+06,-1.06285E+02
5.8403015E+06,-9.23654E+01
5.8404922E+06,-9.00654E+01
5.8406830E+06,-9.40854E+01
5.8408737E+06,-1.08285E+02
5.8410645E+06,-1.07985E+02
5.8412552E+06,-9.96854E+01
5.8414459E+06,-9.77854E+01
5.8416367E+06,-1.03705E+02
5.8418274E+06,-1.01205E+02
5.8420181E+06,-9.34654E+01
5.8422089E+06,-9.87454E+01
5.8423996E+06,-1.08265E+02
5.8425903E+06,-9.65254E+01
5.8427811E+06,-9.28654E+01
5.8429718E+06,-9.43454E+01
5.8431625E+06,-9.92054E+01
5.8433533E+06,-1.03185E+02
5.8435440E+06,-1.08205E+02
5.8437347E+06,-1.03405E+02
5.8439255E+06,-9.24254E+01
5.8441162E+06,-9.01654E+01
5.8443069E+06,-9.52454E+01
5.8444977E+06,-9.66654E+01
5.8446884E+06,-1.00225E+02
5.8448792E+06,-9.32654E+01
5.8450699E+06,-9.43854E+01
5.8452606E+06,-1.01585E+02
5.8454514E+06,-1.04345E+02
5.8456421E+06,-1.00145E+02
5.8458328E+06,-1.01205E+02
5.8460236E+06,-1.06245E+02
5.8462143E+06,-1.03625E+02
5.8464050E+06,-9.87654E+01
5.8465958E+06,-1.00745E+02
5.8467865E+06,-9.97854E+01
5.8469772E+06,-1.00425E+02
5.8471680E+06,-9.84654E+01
5.8473587E+06,-9.79454E+01
5.8475494E+06,-9.90454E+01
5.8477402E+06,-1.01865E+02
5.8479309E+06,-9.94454E+01
5.8481216E+06,-1.00005E+02
5.8483124E+06,-1.00705E+02
5.8485031E+06,-1.01285E+02
5.8486938E+06,-1.05165E+02
5.8488846E+06,-1.03725E+02
5.8490753E+06,-1.02905E+02
5.8492661E+06,-9.71054E+01
5.8494568E+06,-1.01485E+02
5.8496475E+06,-1.02905E+02
5.8498383E+06,-9.24454E+01
5.8500290E+06,-8.95854E+01
5.8502197E+06,-9.60454E+01
5.8504105E+06,-1.02865E+02
5.8506012E+06,-9.57254E+01
5.8507919E+06,-9.81654E+01
5.8509827E+06,-9.93454E+01
5.8511734E+06,-1.11765E+02
5.8513641E+06,-9.92054E+01
5.8515549E+06,-9.72054E+01
5.8517456E+06,-1.02625E+02
5.8519363E+06,-9.19854E+01
5.8521271E+06,-9.36254E+01
5.8523178E+06,-1.00585E+02
5.8525085E+06,-1.04765E+02
5.8526993E+06,-1.22485E+02
5.8528900E+06,-1.05165E+02
5.8530807E+06,-1.00685E+02
5.8532715E+06,-1.02285E+02
5.8534622E+06,-9.70254E+01
5.8536530E+06,-9.31854E+01
5.8538437E+06,-9.52654E+01
5.8540344E+06,-1.09105E+02
5.8542252E+06,-9.75254E+01
5.8544159E+06,-9.73054E+01
5.8546066E+06,-1.01885E+02
5.8547974E+06,-1.08705E+02
5.8549881E+06,-1.06765E+02
5.8551788E+06,-9.82654E+01
5.8553696E+06,-9.37054E+01
5.8555603E+06,-9.28054E+01
5.8557510E+06,-9.21254E+01
5.8559418E+06,-9.47854E+01
5.8561325E+06,-1.00485E+02
5.8563232E+06,-1.01685E+02
5.8565140E+06,-1.04825E+02
5.8567047E+06,-1.02125E+02
5.8568954E+06,-1.00925E+02
5.8570862E+06,-1.01065E+02
5.8572769E+06,-9.95454E+01
5.8574677E+06,-9.94454E+01
5.8576584E+06,-1.01205E+02
5.8578491E+06,-1.00565E+02
5.8580399E+06,-1.00325E+02
5.8582306E+06,-1.00385E+02
5.8584213E+06,-1.00045E+02
5.8586121E+06,-9.50854E+01
5.8588028E+06,-1.12645E+02
5.8589935E+06,-9.53254E+01
5.8591843E+06,-9.28254E+01
5.8593750E+06,-9.31854E+01
5.8595657E+06,-9.52654E+01
5.8597565E+06,-9.79454E+01
5.8599472E+06,-1.02525E+02
5.8601379E+06,-1.12485E+02
5.8603287E+06,-9.86254E+01
5.8605194E+06,-9.57454E+01
5.8607101E+06,-1.06485E+02
5.8609009E+06,-1.13165E+02
5.8610916E+06,-1.00865E+02
5.8612823E+06,-9.40854E+01
5.8614731E+06,-9.81254E+01
5.8616638E+06,-1.02805E+02
5.8618546E+06,-9.88254E+01
5.8620453E+06,-1.01005E+02
5.8622360E+06,-1.02205E+02
5.8624268E+06,-1.03405E+02
5.8626175E+06,-9.71254E+01
5.8628082E+06,-9.37054E+01
5.8629990E+06,-9.86054E+01
5.8631897E+06,-9.51454E+01
5.8633804E+06,-9.38454E+01
5.8635712E+06,-9.63854E+01
5.8637619E+06,-9.98054E+01
5.8639526E+06,-1.09165E+02
5.8641434E+06,-1.11685E+02
5.8643341E+06,-1.13845E+02
5.8645248E+06,-1.12505E+02
5.8647156E+06,-1.11085E+02
5.8649063E+06,-9.82054E+01
5.8650970E+06,-9.56654E+01
5.8652878E+06,-9.44254E+01
5.8654785E+06,-9.70654E+01
5.8656693E+06,-1.05945E+02
5.8658600E+06,-1.07545E+02
5.8660507E+06,-1.03845E+02
5.8662415E+06,-1.35945E+02
5.8664322E+06,-1.02365E+02
5.8666229E+06,-1.01105E+02
5.8668137E+06,-1.01625E+02
5.8670044E+06,-1.06365E+02
5.8671951E+06,-1.07605E+02
5.8673859E+06,-1.01965E+02
5.8675766E+06,-1.00145E+02
5.8677673E+06,-9.96054E+01
5.8679581E+06,-9.90254E+01
5.8681488E+06,-9.94254E+01
5.8683395E+06,-9.44254E+01
5.8685303E+06,-9.28054E+01
5.8687210E+06,-9.95454E+01
5.8689117E+06,-1.10325E+02
5.8691025E+06,-1.05505E+02
5.8692932E+06,-1.05405E+02
5.8694839E+06,-1.04265E+02
5.8696747E+06,-9.79654E+01
5.8698654E+06,-9.65654E+01
5.8700562E+06,-9.67054E+01
5.8702469E+06,-1.01305E+02
5.8704376E+06,-9.58654E+01
5.8706284E+06,-9.68054E+01
5.8708191E+06,-1.00205E+02
5.8710098E+06,-9.84054E+01
5.8712006E+06,-9.22454E+01
5.8713913E+06,-9.42254E+01
5.8715820E+06,-9.74854E+01
5.8717728E+06,-1.03845E+02
5.8719635E+06,-1.02005E+02
5.8721542E+06,-1.03305E+02
5.8723450E+06,-1.03925E+02
5.8725357E+06,-9.78654E+01
5.8727264E+06,-9.89454E+01
5.8729172E+06,-9.73854E+01
5.8731079E+06,-9.74654E+01
5.8732986E+06,-1.05325E+02
5.8734894E+06,-9.85454E+01
5.8736801E+06,-1.04985E+02
5.8738708E+06,-9.86254E+01
5.8740616E+06,-1.12805E+02
5.8742523E+06,-1.08685E+02
5.8744431E+06,-9.70454E+01
5.8746338E+06,-9.29054E+01
5.8748245E+06,-9.09254E+01
5.8750153E+06,-8.83454E+01
5.8752060E+06,-9.21254E+01
5.8753967E+06,-9.22854E+01
5.8755875E+06,-9.06854E+01
5.8757782E+06,-9.99054E+01
5.8759689E+06,-1.05465E+02
5.8761597E+06,-9.70054E+01
5.8763504E+06,-9.84654E+01
5.8765411E+06,-1.04225E+02
5.8767319E+06,-9.70854E+01
5.8769226E+06,-9.21454E+01
5.8771133E+06,-9.49854E+01
5.8773041E+06,-1.00885E+02
5.8774948E+06,-9.29854E+01
5.8776855E+06,-9.81054E+01
5.8778763E+06,-1.00325E+02
5.8780670E+06,-9.54654E+01
5.8782578E+06,-9.59054E+01
5.8784485E+06,-9.39654E+01
5.8786392E+06,-9.18054E+01
5.8788300E+06,-9.82654E+01
5.8790207E+06,-1.00845E+02
5.8792114E+06,-1.06645E+02
5.8794022E+06,-1.03305E+02
5.8795929E+06,-1.02425E+02
5.8797836E+06,-9.84054E+01
5.8799744E+06,-1.00505E+02
5.8801651E+06,-1.05345E+02
5.8803558E+06,-1.04465E+02
5.8805466E+06,-9.96854E+01
5.8807373E+06,-1.07665E+02
5.8809280E+06,-1.00685E+02
5.8811188E+06,-9.60054E+01
5.8813095E+06,-9.72854E+01
5.8815002E+06,-1.21205E+02
5.8816910E+06,-9.94454E+01
5.8818817E+06,-1.10625E+02
5.8820724E+06,-9.55654E+01
5.8822632E+06,-1.00645E+02
5.8824539E+06,-1.00465E+02
5.8826447E+06,-1.04985E+02
5.8828354E+06,-1.01405E+02
5.8830261E+06,-9.23254E+01
5.8832169E+06,-9.68054E+01
5.8834076E+06,-1.00145E+02
5.8835983E+06,-9.72454E+01
5.8837891E+06,-9.61654E+01
5.8839798E+06,-9.72654E+01
5.8841705E+06,-9.73054E+01
5.8843613E+06,-9.47854E+01
5.8845520E+06,-1.05645E+02
5.8847427E+06,-1.02165E+02
5.8849335E+06,-1.09345E+02
5.8851242E+06,-1.02765E+02
5.8853149E+06,-1.00485E+02
5.8855057E+06,-9.87454E+01
5.8856964E+06,-9.91454E+01
5.8858871E+06,-1.07905E+02
5.8860779E+06,-1.08205E+02
5.8862686E+06,-9.76254E+01
5.8864594E+06,-9.33054E+01
5.8866501E+06,-9.84054E+01
5.8868408E+06,-1.05185E+02
5.8870316E+06,-1.09785E+02
5.8872223E+06,-1.09385E+02
5.8874130E+06,-1.04145E+02
5.8876038E+06,-1.09345E+02
5.8877945E+06,-1.01765E+02
5.8879852E+06,-1.01965E+02
5.8881760E+06,-9.54254E+01
5.8883667E+06,-9.91054E+01
5.8885574E+06,-1.14185E+02
5.8887482E+06,-9.94854E+01
5.8889389E+06,-9.77054E+01
5.8891296E+06,-9.78854E+01
5.8893204E+06,-1.02005E+02
5.8895111E+06,-9.33654E+01
5.8897018E+06,-9.31854E+01
5.8898926E+06,-1.02645E+02
5.8900833E+06,-9.79454E+01
5.8902740E+06,-9.77454E+01
5.8904648E+06,-1.06525E+02
5.8906555E+06,-1.06845E+02
5.8908463E+06,-1.13665E+02
5.8910370E+06,-9.62054E+01
5.8912277E+06,-9.30654E+01
5.8914185E+06,-9.90854E+01
5.8916092E+06,-9.77654E+01
5.8917999E+06,-9.69654E+01
5.8919907E+06,-9.84054E+01
5.8921814E+06,-1.10625E+02
5.8923721E+06,-9.95454E+01
5.8925629E+06,-1.00005E+02
5.8927536E+06,-9.91854E+01
5.8929443E+06,-9.59854E+01
5.8931351E+06,-1.05145E+02
5.8933258E+06,-9.78654E+01
5.8935165E+06,-1.00265E+02
5.8937073E+06,-1.06365E+02
5.8938980E+06,-9.58654E+01
5.8940887E+06,-9.47054E+01
5.8942795E+06,-9.37054E+01
5.8944702E+06,-9.39654E+01
5.8946609E+06,-9.57654E+01
5.8948517E+06,-1.00005E+02
5.8950424E+06,-9.45454E+01
5.8952332E+06,-9.39654E+01
5.8954239E+06,-8.89454E+01
5.8956146E+06,-9.18254E+01
5.8958054E+06,-9.94454E+01
5.8959961E+06,-1.04965E+02
5.8961868E+06,-1.09725E+02
5.8963776E+06,-9.61654E+01
5.8965683E+06,-9.70254E+01
5.8967590E+06,-9.62054E+01
5.8969498E+06,-9.42654E+01
5.8971405E+06,-9.44454E+01
5.8973312E+06,-9.65254E+01
5.8975220E+06,-9.74254E+01
5.8977127E+06,-1.03265E+02
5.8979034E+06,-1.04325E+02
5.8980942E+06,-9.85654E+01
5.8982849E+06,-9.80054E+01
5.8984756E+06,-1.10825E+02
5.8986664E+06,-9.97054E+01
5.8988571E+06,-9.57654E+01
5.8990479E+06,-9.32254E+01
5.8992386E+06,-9.66454E+01
5.8994293E+06,-1.03025E+02
5.8996201E+06,-9.19454E+01
5.8998108E+06,-9.19654E+01
5.9000015E+06,-9.36654E+01
5.9001923E+06,-9.92054E+01
5.9003830E+06,-9.88054E+01
5.9005737E+06,-1.07865E+02
5.9007645E+06,-1.01805E+02
5.9009552E+06,-1.00745E+02
5.9011459E+06,-1.02585E+02
5.9013367E+06,-9.96054E+01
5.9015274E+06,-9.75454E+01
5.9017181E+06,-1.06205E+02
5.9019089E+06,-9.61454E+01
5.9020996E+06,-1.03365E+02
5.9022903E+06,-9.87454E+01
5.9024811E+06,-9.98854E+01
5.9026718E+06,-1.09545E+02
5.9028625E+06,-9.58054E+01
5.9030533E+06,-1.01125E+02
5.9032440E+06,-9.90254E+01
5.9034348E+06,-9.43854E+01
5.9036255E+06,-9.52654E+01
5.9038162E+06,-1.06645E+02
5.9040070E+06,-9.83854E+01
5.9041977E+06,-9.33254E+01
5.9043884E+06,-9.57654E+01
5.9045792E+06,-9.79454E+01
5.9047699E+06,-1.01345E+02
5.9049606E+06,-9.71854E+01
5.9051514E+06,-1.03225E+02
5.9053421E+06,-1.05845E+02
5.9055328E+06,-1.01365E+02
5.9057236E+06,-1.11565E+02
5.9059143E+06,-1.09745E+02
5.9061050E+06,-1.08985E+02
5.9062958E+06,-1.07865E+02
5.9064865E+06,-1.02305E+02
5.9066772E+06,-1.01045E+02
5.9068680E+06,-1.00785E+02
5.9070587E+06,-9.41854E+01
5.9072495E+06,-9.66854E+01
5.9074402E+06,-1.02305E+02
5.9076309E+06,-9.91254E+01
5.9078217E+06,-1.14265E+02
5.9080124E+06,-1.00585E+02
5.9082031E+06,-9.77854E+01
5.9083939E+06,-9.27654E+01
5.9085846E+06,-9.16654E+01
5.9087753E+06,-9.42854E+01
5.9089661E+06,-9.69654E+01
5.9091568E+06,-9.92054E+01
5.9093475E+06,-1.00205E+02
5.9095383E+06,-1.00545E+02
5.9097290E+06,-1.10025E+02
5.9099197E+06,-1.06825E+02
5.9101105E+06,-1.08785E+02
5.9103012E+06,-1.04285E+02
5.9104919E+06,-9.46854E+01
5.9106827E+06,-9.37254E+01
5.9108734E+06,-1.00265E+02
5.9110641E+06,-1.12285E+02
5.9112549E+06,-1.07105E+02
5.9114456E+06,-1.03185E+02
5.9116364E+06,-9.98254E+01
5.9118271E+06,-1.08425E+02
5.9120178E+06,-1.10845E+02
5.9122086E+06,-9.57454E+01
5.9123993E+06,-9.96054E+01
5.9125900E+06,-1.01425E+02
5.9127808E+06,-1.01005E+02
5.9129715E+06,-9.99854E+01
5.9131622E+06,-9.64854E+01
5.9133530E+06,-1.09945E+02
5.9135437E+06,-9.66654E+01
5.9137344E+06,-9.68454E+01
5.9139252E+06,-1.02565E+02
5.9141159E+06,-1.13225E+02
5.9143066E+06,-1.09005E+02
5.9144974E+06,-1.07205E+02
5.9146881E+06,-1.08385E+02
5.9148788E+06,-1.07945E+02
5.9150696E+06,-1.07025E+02
5.9152603E+06,-9.80654E+01
5.9154510E+06,-9.46654E+01
5.9156418E+06,-9.53054E+01
5.9158325E+06,-9.41854E+01
5.9160233E+06,-9.62454E+01
5.9162140E+06,-1.08985E+02
5.9164047E+06,-9.50654E+01
5.9165955E+06,-9.81254E+01
5.9167862E+06,-1.03085E+02
5.9169769E+06,-1.02285E+02
5.9171677E+06,-1.02705E+02
5.9173584E+06,-1.03725E+02
5.9175491E+06,-1.01065E+02
5.9177399E+06,-1.05565E+02
5.9179306E+06,-1.01405E+02
5.9181213E+06,-9.93454E+01
5.9183121E+06,-1.00765E+02
5.9185028E+06,-1.06425E+02
5.9186935E+06,-1.00905E+02
5.9188843E+06,-9.75254E+01
5.9190750E+06,-9.88054E+01
5.9192657E+06,-9.86854E+01
5.9194565E+06,-1.04525E+02
5.9196472E+06,-1.00105E+02
5.9198380E+06,-9.16854E+01
5.9200287E+06,-9.82054E+01
5.9202194E+06,-9.57854E+01
5.9204102E+06,-9.68054E+01
5.9206009E+06,-9.86254E+01
5.9207916E+06,-1.02485E+02
5.9209824E+06,-1.00125E+02
5.9211731E+06,-9.36654E+01
5.9213638E+06,-9.29654E+01
5.9215546E+06,-9.20454E+01
5.9217453E+06,-9.11854E+01
5.9219360E+06,-9.48254E+01
5.9221268E+06,-1.01325E+02
5.9223175E+06,-1.03965E+02
5.9225082E+06,-9.79854E+01
5.9226990E+06,-9.86854E+01
5.9228897E+06,-1.07425E+02
5.9230804E+06,-1.01365E+02
5.9232712E+06,-9.59254E+01
5.9234619E+06,-1.01025E+02
5.9236526E+06,-1.08265E+02
5.9238434E+06,-1.04785E+02
5.9240341E+06,-9.59854E+01
5.9242249E+06,-9.63854E+01
5.9244156E+06,-1.12965E+02
5.9246063E+06,-9.82654E+01
5.9247971E+06,-1.02425E+02
5.9249878E+06,-9.93454E+01
5.9251785E+06,-9.75654E+01
5.9253693E+06,-9.40454E+01
5.9255600E+06,-9.04654E+01
5.9257507E+06,-9.19454E+01
5.9259415E+06,-1.03765E+02
5.9261322E+06,-1.05545E+02
5.9263229E+06,-1.05005E+02
5.9265137E+06,-1.04665E+02
5.9267044E+06,-1.02145E+02
5.9268951E+06,-9.98254E+01
5.9270859E+06,-9.52054E+01
5.9272766E+06,-9.73454E+01
5.9274673E+06,-1.00245E+02
5.9276581E+06,-1.00345E+02
5.9278488E+06,-1.00265E+02
5.9280396E+06,-1.02805E+02
5.9282303E+06,-1.08725E+02
5.9284210E+06,-1.07605E+02
5.9286118E+06,-9.67454E+01
5.9288025E+06,-9.64054E+01
5.9289932E+06,-1.01765E+02
5.9291840E+06,-1.00365E+02
5.9293747E+06,-1.08865E+02
5.9295654E+06,-1.05145E+02
5.9297562E+06,-9.95654E+01
5.9299469E+06,-9.63254E+01
5.9301376E+06,-9.56454E+01
5.9303284E+06,-9.88054E+01
5.9305191E+06,-9.96054E+01
5.9307098E+06,-9.88054E+01
5.9309006E+06,-9.86854E+01
5.9310913E+06,-9.67454E+01
5.9312820E+06,-9.22854E+01
5.9314728E+06,-9.33254E+01
5.9316635E+06,-1.07525E+02
5.9318542E+06,-9.87454E+01
5.9320450E+06,-1.10245E+02
5.9322357E+06,-1.10825E+02
5.9324265E+06,-1.00585E+02
5.9326172E+06,-9.92254E+01
5.9328079E+06,-1.04005E+02
5.9329987E+06,-1.10365E+02
5.9331894E+06,-1.07085E+02
5.9333801E+06,-9.86254E+01
5.9335709E+06,-9.73454E+01
5.9337616E+06,-9.98654E+01
5.9339523E+06,-9.71854E+01
5.9341431E+06,-9.97854E+01
5.9343338E+06,-1.12165E+02
5.9345245E+06,-9.68054E+01
5.9347153E+06,-9.86454E+01
5.9349060E+06,-1.01545E+02
5.9350967E+06,-1.06305E+02
5.9352875E+06,-9.82854E+01
5.9354782E+06,-9.52654E+01
5.9356689E+06,-1.20965E+02
5.9358597E+06,-1.00745E+02
5.9360504E+06,-1.04225E+02
5.9362411E+06,-1.07265E+02
5.9364319E+06,-1.00965E+02
5.9366226E+06,-9.92054E+01
5.9368134E+06,-1.02645E+02
5.9370041E+06,-1.01825E+02
5.9371948E+06,-1.04425E+02
5.9373856E+06,-1.01905E+02
5.9375763E+06,-9.91854E+01
5.9377670E+06,-1.00245E+02
5.9379578E+06,-1.07885E+02
5.9381485E+06,-9.88454E+01
5.9383392E+06,-9.97454E+01
5.9385300E+06,-1.08605E+02
5.9387207E+06,-1.03705E+02
5.9389114E+06,-9.98254E+01
5.9391022E+06,-9.23654E+01
5.9392929E+06,-9.78254E+01
5.9394836E+06,-1.01485E+02
5.9396744E+06,-1.03065E+02
5.9398651E+06,-1.01085E+02
5.9400558E+06,-9.86654E+01
5.9402466E+06,-1.03325E+02
5.9404373E+06,-1.09025E+02
5.9406281E+06,-1.01745E+02
5.9408188E+06,-9.85654E+01
5.9410095E+06,-9.70054E+01
5.9412003E+06,-9.99854E+01
5.9413910E+06,-9.76654E+01
5.9415817E+06,-9.67054E+01
5.9417725E+06,-9.76454E+01
5.9419632E+06,-1.17505E+02
5.9421539E+06,-1.06265E+02
5.9423447E+06,-1.03625E+02
5.9425354E+06,-9.67054E+01
5.9427261E+06,-9.46654E+01
5.9429169E+06,-9.58654E+01
5.9431076E+06,-9.72054E+01
5.9432983E+06,-1.00445E+02
5.9434891E+06,-1.05225E+02
5.9436798E+06,-9.79654E+01
5.9438705E+06,-9.77254E+01
5.9440613E+06,-1.01045E+02
5.9442520E+06,-9.70254E+01
5.9444427E+06,-9.85054E+01
5.9446335E+06,-1.00925E+02
5.9448242E+06,-1.19925E+02
5.9450150E+06,-1.05485E+02
5.9452057E+06,-9.90454E+01
5.9453964E+06,-1.07185E+02
5.9455872E+06,-1.01505E+02
5.9457779E+06,-9.81854E+01
5.9459686E+06,-1.00185E+02
5.9461594E+06,-9.72054E+01
5.9463501E+06,-9.63854E+01
5.9465408E+06,-9.88454E+01
5.9467316E+06,-9.98454E+01
5.9469223E+06,-1.02685E+02
5.9471130E+06,-1.02145E+02
5.9473038E+06,-9.85654E+01
5.9474945E+06,-1.03185E+02
5.9476852E+06,-1.03665E+02
5.9478760E+06,-1.07225E+02
5.9480667E+06,-9.70254E+01
5.9482574E+06,-9.66254E+01
5.9484482E+06,-1.00765E+02
5.9486389E+06,-9.48654E+01
5.9488297E+06,-1.03665E+02
5.9490204E+06,-1.06805E+02
5.9492111E+06,-1.20805E+02
5.9494019E+06,-9.71054E+01
5.9495926E+06,-9.31854E+01
5.9497833E+06,-9.55254E+01
5.9499741E+06,-9.87054E+01
5.9501648E+06,-1.02705E+02
5.9503555E+06,-1.17005E+02
5.9505463E+06,-1.06985E+02
5.9507370E+06,-1.01545E+02
5.9509277E+06,-9.81454E+01
5.9511185E+06,-9.76854E+01
5.9513092E+06,-1.04365E+02
5.9514999E+06,-1.03805E+02
5.9516907E+06,-1.01185E+02
5.9518814E+06,-9.66454E+01
5.9520721E+06,-1.01765E+02
5.9522629E+06,-1.07685E+02
5.9524536E+06,-1.03845E+02
5.9526443E+06,-9.57454E+01
5.9528351E+06,-1.02305E+02
5.9530258E+06,-1.01745E+02
5.9532166E+06,-1.12325E+02
5.9534073E+06,-9.81454E+01
5.9535980E+06,-9.51454E+01
5.9537888E+06,-9.66454E+01
5.9539795E+06,-1.06485E+02
5.9541702E+06,-1.04625E+02
5.9543610E+06,-9.85054E+01
5.9545517E+06,-9.58054E+01
5.9547424E+06,-1.04225E+02
5.9549332E+06,-1.04445E+02
5.9551239E+06,-1.02985E+02
5.9553146E+06,-9.55054E+01
5.9555054E+06,-9.62054E+01
5.9556961E+06,-9.97454E+01
5.9558868E+06,-9.47054E+01
5.9560776E+06,-1.08365E+02
5.9562683E+06,-9.63054E+01
5.9564590E+06,-9.70054E+01
5.9566498E+06,-1.02305E+02
5.9568405E+06,-9.21654E+01
5.9570312E+06,-9.57254E+01
5.9572220E+06,-1.03265E+02
5.9574127E+06,-9.90854E+01
5.9576035E+06,-1.00885E+02
5.9577942E+06,-9.72654E+01
5.9579849E+06,-9.59254E+01
5.9581757E+06,-9.87454E+01
5.9583664E+06,-1.00245E+02
5.9585571E+06,-1.03125E+02
5.9587479E+06,-9.52254E+01
5.9589386E+06,-1.04525E+02
5.9591293E+06,-1.04045E+02
5.9593201E+06,-1.01745E+02
5.9595108E+06,-9.69654E+01
5.9597015E+06,-9.20454E+01
5.9598923E+06,-9.70454E+01
5.9600830E+06,-1.08725E+02
5.9602737E+06,-1.08825E+02
5.9604645E+06,-1.09725E+02
5.9606552E+06,-9.73654E+01
5.9608459E+06,-9.85254E+01
5.9610367E+06,-9.39654E+01
5.9612274E+06,-9.26454E+01
5.9614182E+06,-1.01645E+02
5.9616089E+06,-9.84454E+01
5.9617996E+06,-9.28654E+01
5.9619904E+06,-9.77054E+01
5.9621811E+06,-9.93454E+01
5.9623718E+06,-9.48454E+01
5.9625626E+06,-9.78454E+01
5.9627533E+06,-1.09385E+02
5.9629440E+06,-9.91054E+01
5.9631348E+06,-9.72854E+01
5.9633255E+06,-1.00325E+02
5.9635162E+06,-1.05225E+02
5.9637070E+06,-1.00965E+02
5.9638977E+06,-9.74254E+01
5.9640884E+06,-9.96454E+01
5.9642792E+06,-9.60854E+01
5.9644699E+06,-9.94454E+01
5.9646606E+06,-1.06525E+02
5.9648514E+06,-1.11705E+02
5.9650421E+06,-1.12865E+02
5.9652328E+06,-1.16925E+02
5.9654236E+06,-1.04465E+02
5.9656143E+06,-1.08085E+02
5.9658051E+06,-9.49254E+01
5.9659958E+06,-9.74054E+01
5.9661865E+06,-1.11665E+02
5.9663773E+06,-1.08565E+02
5.9665680E+06,-9.96654E+01
5.9667587E+06,-1.09105E+02
5.9669495E+06,-9.94254E+01
5.9671402E+06,-9.48054E+01
5.9673309E+06,-9.70054E+01
5.9675217E+06,-1.02365E+02
5.9677124E+06,-1.04225E+02
5.9679031E+06,-9.84054E+01
5.9680939E+06,-1.03025E+02
5.9682846E+06,-1.16485E+02
5.9684753E+06,-1.06585E+02
5.9686661E+06,-9.85454E+01
5.9688568E+06,-1.00825E+02
5.9690475E+06,-1.08305E+02
5.9692383E+06,-9.97454E+01
5.9694290E+06,-1.00665E+02
5.9696198E+06,-9.67454E+01
5.9698105E+06,-9.49654E+01
5.9700012E+06,-1.01185E+02
5.9701920E+06,-1.02685E+02
5.9703827E+06,-1.00785E+02
5.9705734E+06,-9.94854E+01
5.9707642E+06,-9.27654E+01
5.9709549E+06,-9.12054E+01
5.9711456E+06,-9.77454E+01
5.9713364E+06,-9.73454E+01
5.9715271E+06,-1.00465E+02
5.9717178E+06,-1.00805E+02
5.9719086E+06,-9.43054E+01
5.9720993E+06,-1.07865E+02
5.9722900E+06,-9.40854E+01
5.9724808E+06,-9.56654E+01
5.9726715E+06,-9.69654E+01
5.9728622E+06,-9.58854E+01
5.9730530E+06,-1.02005E+02
5.9732437E+06,-1.00005E+02
5.9734344E+06,-9.78454E+01
5.9736252E+06,-1.02965E+02
5.9738159E+06,-9.68654E+01
5.9740067E+06,-9.88454E+01
5.9741974E+06,-9.85454E+01
5.9743881E+06,-9.87454E+01
5.9745789E+06,-1.04825E+02
5.9747696E+06,-9.96054E+01
5.9749603E+06,-9.58454E+01
5.9751511E+06,-9.96054E+01
5.9753418E+06,-1.17605E+02
5.9755325E+06,-1.03445E+02
5.9757233E+06,-9.83254E+01
5.9759140E+06,-9.78654E+01
5.9761047E+06,-1.02525E+02
5.9762955E+06,-1.01325E+02
5.9764862E+06,-9.72854E+01
5.9766769E+06,-1.01525E+02
5.9768677E+06,-9.90254E+01
5.9770584E+06,-9.98854E+01
5.9772491E+06,-9.19654E+01
5.9774399E+06,-9.19054E+01
5.9776306E+06,-9.94054E+01
5.9778214E+06,-1.02485E+02
5.9780121E+06,-1.07105E+02
5.9782028E+06,-1.00965E+02
5.9783936E+06,-1.10065E+02
5.9785843E+06,-1.01745E+02
5.9787750E+06,-9.82054E+01
5.9789658E+06,-9.65454E+01
5.9791565E+06,-9.78654E+01
5.9793472E+06,-1.15525E+02
5.9795380E+06,-9.63254E+01
5.9797287E+06,-9.48454E+01
5.9799194E+06,-9.59254E+01
5.9801102E+06,-1.01945E+02
5.9803009E+06,-1.00605E+02
5.9804916E+06,-9.86254E+01
5.9806824E+06,-9.98254E+01
5.9808731E+06,-1.01145E+02
5.9810638E+06,-1.04905E+02
5.9812546E+06,-1.09805E+02
5.9814453E+06,-9.81454E+01
5.9816360E+06,-9.87054E+01
5.9818268E+06,-9.86454E+01
5.9820175E+06,-1.03705E+02
5.9822083E+06,-1.11625E+02
5.9823990E+06,-1.04005E+02
5.9825897E+06,-1.00905E+02
5.9827805E+06,-9.72654E+01
5.9829712E+06,-9.72854E+01
5.9831619E+06,-9.43854E+01
5.9833527E+06,-9.27454E+01
5.9835434E+06,-1.00505E+02
5.9837341E+06,-1.04005E+02
5.9839249E+06,-9.63254E+01
5.9841156E+06,-9.69254E+01
5.9843063E+06,-9.83454E+01
5.9844971E+06,-1.04565E+02
5.9846878E+06,-1.07225E+02
5.9848785E+06,-1.04885E+02
5.9850693E+06,-9.71054E+01
5.9852600E+06,-1.02445E+02
5.9854507E+06,-9.81654E+01
5.9856415E+06,-1.00745E+02
5.9858322E+06,-9.99254E+01
5.9860229E+06,-1.26285E+02
5.9862137E+06,-9.80054E+01
5.9864044E+06,-9.73854E+01
5.9865952E+06,-9.20854E+01
5.9867859E+06,-9.57854E+01
5.9869766E+06,-9.90054E+01
5.9871674E+06,-9.72854E+01
5.9873581E+06,-9.72854E+01
5.9875488E+06,-1.04805E+02
5.9877396E+06,-1.09545E+02
5.9879303E+06,-1.08785E+02
5.9881210E+06,-1.00165E+02
5.9883118E+06,-1.01905E+02
5.9885025E+06,-9.94454E+01
5.9886932E+06,-9.32654E+01
5.9888840E+06,-9.84854E+01
5.9890747E+06,-1.11745E+02
5.9892654E+06,-9.77054E+01
5.9894562E+06,-9.97654E+01
5.9896469E+06,-1.05125E+02
5.9898376E+06,-9.93454E+01
5.9900284E+06,-9.37254E+01
5.9902191E+06,-9.54854E+01
5.9904099E+06,-9.88854E+01
5.9906006E+06,-9.38854E+01
5.9907913E+06,-9.47854E+01
5.9909821E+06,-1.04585E+02
5.9911728E+06,-1.02765E+02
5.9913635E+06,-9.55454E+01
5.9915543E+06,-9.39654E+01
5.9917450E+06,-9.45654E+01
5.9919357E+06,-9.39654E+01
5.9921265E+06,-9.91654E+01
5.9923172E+06,-9.81254E+01
5.9925079E+06,-1.03305E+02
5.9926987E+06,-9.29854E+01
5.9928894E+06,-9.58254E+01
5.9930801E+06,-9.97854E+01
5.9932709E+06,-9.89654E+01
5.9934616E+06,-1.23625E+02
5.9936523E+06,-9.80054E+01
5.9938431E+06,-9.78854E+01
5.9940338E+06,-1.04945E+02
5.9942245E+06,-1.01345E+02
5.9944153E+06,-1.03845E+02
5.9946060E+06,-1.04145E+02
5.9947968E+06,-1.02905E+02
5.9949875E+06,-9.99654E+01
5.9951782E+06,-9.23254E+01
5.9953690E+06,-9.35054E+01
5.9955597E+06,-1.09105E+02
5.9957504E+06,-9.87454E+01
5.9959412E+06,-9.78254E+01
5.9961319E+06,-1.05305E+02
5.9963226E+06,-1.09805E+02
5.9965134E+06,-1.05665E+02
5.9967041E+06,-1.08285E+02
5.9968948E+06,-9.97054E+01
5.9970856E+06,-9.87054E+01
5.9972763E+06,-1.10505E+02
5.9974670E+06,-9.95254E+01
5.9976578E+06,-1.07845E+02
5.9978485E+06,-9.89254E+01
5.9980392E+06,-9.73054E+01
5.9982300E+06,-9.83654E+01
5.9984207E+06,-9.58054E+01
5.9986115E+06,-9.85054E+01
5.9988022E+06,-9.97054E+01
5.9989929E+06,-1.03325E+02
5.9991837E+06,-9.64054E+01
5.9993744E+06,-9.87454E+01
5.9995651E+06,-9.63454E+01
5.9997559E+06,-9.25254E+01
5.9999466E+06,-8.96254E+01
6.0001373E+06,-9.35454E+01
6.0003281E+06,-1.01685E+02
6.0005188E+06,-1.02365E+02
6.0007095E+06,-1.13265E+02
6.0009003E+06,-1.01765E+02
6.0010910E+06,-9.87854E+01
6.0012817E+06,-9.95454E+01
6.0014725E+06,-9.71454E+01
6.0016632E+06,-9.83054E+01
6.0018539E+06,-9.49854E+01
6.0020447E+06,-9.83454E+01
6.0022354E+06,-1.05005E+02
6.0024261E+06,-9.97254E+01
6.0026169E+06,-1.01565E+02
6.0028076E+06,-1.02065E+02
6.0029984E+06,-1.03925E+02
6.0031891E+06,-1.09645E+02
6.0033798E+06,-1.05365E+02
6.0035706E+06,-1.02625E+02
6.0037613E+06,-9.65254E+01
6.0039520E+06,-9.51454E+01
6.0041428E+06,-9.47454E+01
6.0043335E+06,-9.70854E+01
6.0045242E+06,-9.61254E+01
6.0047150E+06,-1.00365E+02
6.0049057E+06,-1.04605E+02
6.0050964E+06,-1.03125E+02
6.0052872E+06,-1.04265E+02
6.0054779E+06,-1.01665E+02
6.0056686E+06,-1.04705E+02
6.0058594E+06,-1.11185E+02
6.0060501E+06,-1.16125E+02
6.0062408E+06,-1.03365E+02
6.0064316E+06,-1.05245E+02
6.0066223E+06,-9.79654E+01
6.0068130E+06,-9.64254E+01
6.0070038E+06,-1.07705E+02
6.0071945E+06,-1.07725E+02
6.0073853E+06,-1.07005E+02
6.0075760E+06,-1.04185E+02
6.0077667E+06,-9.48854E+01
6.0079575E+06,-9.40454E+01
6.0081482E+06,-1.04645E+02
6.0083389E+06,-9.86854E+01
6.0085297E+06,-1.03165E+02
6.0087204E+06,-1.02625E+02
6.0089111E+06,-1.16065E+02
6.0091019E+06,-1.02525E+02
6.0092926E+06,-1.03885E+02
6.0094833E+06,-9.72854E+01
6.0096741E+06,-9.99054E+01
6.0098648E+06,-9.57254E+01
6.0100555E+06,-9.87654E+01
6.0102463E+06,-1.02325E+02
6.0104370E+06,-9.81454E+01
6.0106277E+06,-9.43454E+01
6.0108185E+06,-9.46654E+01
6.0110092E+06,-1.00505E+02
6.0112000E+06,-9.90854E+01
6.0113907E+06,-9.84054E+01
6.0115814E+06,-1.05265E+02
6.0117722E+06,-9.61054E+01
6.0119629E+06,-9.76854E+01
6.0121536E+06,-1.07285E+02
6.0123444E+06,-1.01965E+02
6.0125351E+06,-9.47054E+01
6.0127258E+06,-9.20454E+01
6.0129166E+06,-9.40854E+01
6.0131073E+06,-9.74454E+01
6.0132980E+06,-1.03505E+02
6.0134888E+06,-9.50854E+01
6.0136795E+06,-9.45454E+01
6.0138702E+06,-9.76254E+01
6.0140610E+06,-1.00985E+02
6.0142517E+06,-1.01345E+02
6.0144424E+06,-1.08345E+02
6.0146332E+06,-1.06365E+02
6.0148239E+06,-1.01885E+02
6.0150146E+06,-9.61654E+01
6.0152054E+06,-1.06385E+02
6.0153961E+06,-9.67054E+01
6.0155869E+06,-9.39254E+01
6.0157776E+06,-9.80254E+01
6.0159683E+06,-1.12625E+02
6.0161591E+06,-1.01745E+02
6.0163498E+06,-9.63854E+01
6.0165405E+06,-1.08405E+02
6.0167313E+06,-1.01765E+02
6.0169220E+06,-1.04665E+02
6.0171127E+06,-1.00425E+02
6.0173035E+06,-9.63654E+01
6.0174942E+06,-9.71654E+01
6.0176849E+06,-1.00925E+02
6.0178757E+06,-9.61054E+01
6.0180664E+06,-9.74254E+01
6.0182571E+06,-9.64454E+01
6.0184479E+06,-1.00545E+02
6.0186386E+06,-9.93654E+01
6.0188293E+06,-9.53854E+01
6.0190201E+06,-9.76854E+01
6.0192108E+06,-1.03025E+02
6.0194016E+06,-9.80054E+01
6.0195923E+06,-9.81054E+01
6.0197830E+06,-1.00405E+02
6.0199738E+06,-1.01825E+02
6.0201645E+06,-1.01205E+02
6.0203552E+06,-1.04525E+02
6.0205460E+06,-1.16405E+02
6.0207367E+06,-1.03765E+02
6.0209274E+06,-1.00925E+02
6.0211182E+06,-9.98654E+01
6.0213089E+06,-9.30254E+01
6.0214996E+06,-9.37054E+01
6.0216904E+06,-9.73454E+01
6.0218811E+06,-9.63054E+01
6.0220718E+06,-1.06005E+02
6.0222626E+06,-1.06945E+02
6.0224533E+06,-9.57854E+01
6.0226440E+06,-9.72654E+01
6.0228348E+06,-9.87054E+01
6.0230255E+06,-9.95454E+01
6.0232162E+06,-1.03125E+02
6.0234070E+06,-1.05725E+02
6.0235977E+06,-9.96254E+01
6.0237885E+06,-9.99854E+01
6.0239792E+06,-1.11125E+02
6.0241699E+06,-9.68054E+01
6.0243607E+06,-9.68454E+01
6.0245514E+06,-1.08265E+02
6.0247421E+06,-9.70854E+01
6.0249329E+06,-1.03065E+02
6.0251236E+06,-1.04625E+02
6.0253143E+06,-1.01385E+02
6.0255051E+06,-9.65654E+01
6.0256958E+06,-9.60054E+01
6.0258865E+06,-9.79854E+01
6.0260773E+06,-1.00205E+02
6.0262680E+06,-9.99254E+01
6.0264587E+06,-9.97254E+01
6.0266495E+06,-1.06025E+02
6.0268402E+06,-1.01805E+02
6.0270309E+06,-1.01765E+02
6.0272217E+06,-1.13505E+02
6.0274124E+06,-1.00425E+02
6.0276031E+06,-1.04325E+02
6.0277939E+06,-1.01945E+02
6.0279846E+06,-9.79854E+01
6.0281754E+06,-1.03025E+02
6.0283661E+06,-9.94654E+01
6.0285568E+06,-1.02625E+02
6.0287476E+06,-1.19245E+02
6.0289383E+06,-1.01305E+02
6.0291290E+06,-1.00025E+02
6.0293198E+06,-1.12685E+02
6.0295105E+06,-9.58054E+01
6.0297012E+06,-9.30854E+01
6.0298920E+06,-9.63254E+01
6.0300827E+06,-9.62854E+01
6.0302734E+06,-9.74854E+01
6.0304642E+06,-1.00245E+02
6.0306549E+06,-1.00885E+02
6.0308456E+06,-1.02525E+02
6.0310364E+06,-9.85054E+01
6.0312271E+06,-9.65654E+01
6.0314178E+06,-1.00985E+02
6.0316086E+06,-1.12005E+02
6.0317993E+06,-1.01285E+02
6.0319901E+06,-9.80054E+01
6.0321808E+06,-9.91854E+01
6.0323715E+06,-9.87454E+01
6.0325623E+06,-9.67654E+01
6.0327530E+06,-9.63654E+01
6.0329437E+06,-9.56254E+01
6.0331345E+06,-9.57054E+01
6.0333252E+06,-1.05765E+02
6.0335159E+06,-9.61054E+01
6.0337067E+06,-9.73054E+01
6.0338974E+06,-1.05485E+02
6.0340881E+06,-1.02505E+02
6.0342789E+06,-1.00365E+02
6.0344696E+06,-1.05005E+02
6.0346603E+06,-1.04965E+02
6.0348511E+06,-1.07105E+02
6.0350418E+06,-1.17245E+02
6.0352325E+06,-9.99254E+01
6.0354233E+06,-1.17885E+02
6.0356140E+06,-9.93854E+01
6.0358047E+06,-1.01765E+02
6.0359955E+06,-1.00765E+02
6.0361862E+06,-1.01785E+02
6.0363770E+06,-1.01285E+02
6.0365677E+06,-1.09045E+02
6.0367584E+06,-1.00385E+02
6.0369492E+06,-9.19654E+01
6.0371399E+06,-9.15654E+01
6.0373306E+06,-9.60854E+01
6.0375214E+06,-9.40854E+01
6.0377121E+06,-9.28654E+01
6.0379028E+06,-9.99054E+01
6.0380936E+06,-9.79654E+01
6.0382843E+06,-9.35054E+01
6.0384750E+06,-9.94254E+01
6.0386658E+06,-9.92254E+01
6.0388565E+06,-9.56254E+01
6.0390472E+06,-9.23854E+01
6.0392380E+06,-9.17654E+01
6.0394287E+06,-9.46254E+01
6.0396194E+06,-1.01105E+02
6.0398102E+06,-1.04765E+02
6.0400009E+06,-1.00325E+02
6.0401917E+06,-1.00525E+02
6.0403824E+06,-1.02965E+02
6.0405731E+06,-9.77054E+01
6.0407639E+06,-9.79454E+01
6.0409546E+06,-1.02165E+02
6.0411453E+06,-1.07745E+02
6.0413361E+06,-9.37654E+01
6.0415268E+06,-9.61654E+01
6.0417175E+06,-1.01545E+02
6.0419083E+06,-1.01425E+02
6.0420990E+06,-9.85254E+01
6.0422897E+06,-9.86454E+01
6.0424805E+06,-1.04865E+02
6.0426712E+06,-9.88654E+01
6.0428619E+06,-9.69054E+01
6.0430527E+06,-9.48254E+01
6.0432434E+06,-9.75254E+01
6.0434341E+06,-9.90454E+01
6.0436249E+06,-9.98654E+01
6.0438156E+06,-1.03305E+02
6.0440063E+06,-1.03885E+02
6.0441971E+06,-1.04665E+02
6.0443878E+06,-9.90854E+01
6.0445786E+06,-9.43454E+01
6.0447693E+06,-1.02285E+02
6.0449600E+06,-9.94454E+01
6.0451508E+06,-1.02585E+02
6.0453415E+06,-1.02685E+02
6.0455322E+06,-9.64454E+01
6.0457230E+06,-9.31654E+01
6.0459137E+06,-9.69454E+01
6.0461044E+06,-1.12305E+02
6.0462952E+06,-1.03845E+02
6.0464859E+06,-9.52054E+01
6.0466766E+06,-9.81654E+01
6.0468674E+06,-1.04725E+02
6.0470581E+06,-9.98054E+01
6.0472488E+06,-1.03965E+02
6.0474396E+06,-1.06505E+02
6.0476303E+06,-9.45854E+01
6.0478210E+06,-9.08854E+01
6.0480118E+06,-9.49854E+01
6.0482025E+06,-9.81454E+01
6.0483932E+06,-1.01885E+02
6.0485840E+06,-1.00845E+02
6.0487747E+06,-9.86854E+01
6.0489655E+06,-9.64454E+01
6.0491562E+06,-9.53454E+01
6.0493469E+06,-9.85854E+01
6.0495377E+06,-1.05225E+02
6.0497284E+06,-1.01565E+02
6.0499191E+06,-9.93854E+01
6.0501099E+06,-1.00325E+02
6.0503006E+06,-1.04185E+02
6.0504913E+06,-1.00525E+02
6.0506821E+06,-1.01445E+02
6.0508728E+06,-1.15825E+02
6.0510635E+06,-1.00905E+02
6.0512543E+06,-1.10985E+02
6.0514450E+06,-9.71054E+01
6.0516357E+06,-9.34654E+01
6.0518265E+06,-9.57654E+01
6.0520172E+06,-1.01345E+02
6.0522079E+06,-9.72454E+01
6.0523987E+06,-1.10565E+02
6.0525894E+06,-9.36654E+01
6.0527802E+06,-9.73654E+01
6.0529709E+06,-9.90254E+01
6.0531616E+06,-9.83254E+01
6.0533524E+06,-1.07525E+02
6.0535431E+06,-9.52254E+01
6.0537338E+06,-9.61854E+01
6.0539246E+06,-1.01325E+02
6.0541153E+06,-9.91654E+01
6.0543060E+06,-1.01665E+02
6.0544968E+06,-9.48654E+01
6.0546875E+06,-9.26454E+01
6.0548782E+06,-9.49454E+01
6.0550690E+06,-9.95054E+01
6.0552597E+06,-9.63254E+01
6.0554504E+06,-9.79654E+01
6.0556412E+06,-9.84254E+01
6.0558319E+06,-9.61654E+01
6.0560226E+06,-9.66054E+01
6.0562134E+06,-9.26454E+01
6.0564041E+06,-9.23254E+01
6.0565948E+06,-9.56454E+01
6.0567856E+06,-9.37054E+01
6.0569763E+06,-9.95854E+01
6.0571671E+06,-1.17545E+02
6.0573578E+06,-9.91054E+01
6.0575485E+06,-9.37654E+01
6.0577393E+06,-9.20854E+01
6.0579300E+06,-9.51654E+01
6.0581207E+06,-1.05305E+02
6.0583115E+06,-9.82854E+01
6.0585022E+06,-9.85854E+01
6.0586929E+06,-9.86654E+01
6.0588837E+06,-9.93454E+01
6.0590744E+06,-1.09405E+02
6.0592651E+06,-9.71054E+01
6.0594559E+06,-9.60054E+01
6.0596466E+06,-9.89854E+01
6.0598373E+06,-9.96654E+01
6.0600281E+06,-9.63254E+01
6.0602188E+06,-9.51054E+01
6.0604095E+06,-9.46854E+01
6.0606003E+06,-9.76254E+01
6.0607910E+06,-1.05285E+02
6.0609818E+06,-9.91654E+01
6.0611725E+06,-1.13305E+02
6.0613632E+06,-1.05085E+02
6.0615540E+06,-1.04445E+02
6.0617447E+06,-1.04185E+02
6.0619354E+06,-1.12425E+02
6.0621262E+06,-9.53854E+01
6.0623169E+06,-9.29854E+01
6.0625076E+06,-9.79054E+01
6.0626984E+06,-1.16605E+02
6.0628891E+06,-1.09645E+02
6.0630798E+06,-1.03165E+02
6.0632706E+06,-1.01225E+02
6.0634613E+06,-1.08365E+02
6.0636520E+06,-1.02285E+02
6.0638428E+06,-9.95454E+01
6.0640335E+06,-1.06765E+02
6.0642242E+06,-9.87654E+01
6.0644150E+06,-1.01665E+02
6.0646057E+06,-1.08905E+02
6.0647964E+06,-9.84454E+01
6.0649872E+06,-9.62654E+01
6.0651779E+06,-9.94254E+01
6.0653687E+06,-1.04085E+02
6.0655594E+06,-9.88454E+01
6.0657501E+06,-9.70854E+01
6.0659409E+06,-1.00465E+02
6.0661316E+06,-1.08465E+02
6.0663223E+06,-1.01145E+02
6.0665131E+06,-9.89054E+01
6.0667038E+06,-9.72254E+01
6.0668945E+06,-9.63254E+01
6.0670853E+06,-9.71254E+01
6.0672760E+06,-9.77454E+01
6.0674667E+06,-1.11645E+02
6.0676575E+06,-1.01505E+02
6.0678482E+06,-9.93454E+01
6.0680389E+06,-9.76654E+01
6.0682297E+06,-9.62654E+01
6.0684204E+06,-1.01225E+02
6.0686111E+06,-1.07725E+02
6.0688019E+06,-9.59054E+01
6.0689926E+06,-1.02825E+02
6.0691833E+06,-9.98654E+01
6.0693741E+06,-1.01405E+02
6.0695648E+06,-9.79654E+01
6.0697556E+06,-9.99454E+01
6.0699463E+06,-1.05125E+02
6.0701370E+06,-9.58254E+01
6.0703278E+06,-9.29854E+01
6.0705185E+06,-9.92454E+01
6.0707092E+06,-9.97054E+01
6.0709000E+06,-9.79654E+01
6.0710907E+06,-9.57254E+01
6.0712814E+06,-1.02165E+02
6.0714722E+06,-9.89654E+01
6.0716629E+06,-9.54854E+01
6.0718536E+06,-9.42254E+01
6.0720444E+06,-9.85854E+01
6.0722351E+06,-1.01825E+02
6.0724258E+06,-9.81654E+01
6.0726166E+06,-9.51054E+01
6.0728073E+06,-9.46854E+01
6.0729980E+06,-9.68454E+01
6.0731888E+06,-1.00945E+02
6.0733795E+06,-1.06525E+02
6.0735703E+06,-1.02365E+02
6.0737610E+06,-1.05265E+02
6.0739517E+06,-1.09825E+02
6.0741425E+06,-1.02965E+02
6.0743332E+06,-9.73054E+01
6.0745239E+06,-9.74254E+01
6.0747147E+06,-9.88254E+01
6.0749054E+06,-1.03445E+02
6.0750961E+06,-1.00125E+02
6.0752869E+06,-1.04645E+02
6.0754776E+06,-9.92254E+01
6.0756683E+06,-9.64454E+01
6.0758591E+06,-9.64854E+01
6.0760498E+06,-9.86254E+01
6.0762405E+06,-1.18265E+02
6.0764313E+06,-9.93454E+01
6.0766220E+06,-9.37654E+01
6.0768127E+06,-9.23054E+01
6.0770035E+06,-1.08465E+02
6.0771942E+06,-9.99454E+01
6.0773849E+06,-9.97854E+01
6.0775757E+06,-9.26854E+01
6.0777664E+06,-9.46854E+01
6.0779572E+06,-1.00545E+02
6.0781479E+06,-1.04045E+02
6.0783386E+06,-9.49654E+01
6.0785294E+06,-9.36254E+01
6.0787201E+06,-9.40854E+01
6.0789108E+06,-9.32654E+01
6.0791016E+06,-9.58054E+01
6.0792923E+06,-1.03725E+02
6.0794830E+06,-1.00185E+02
6.0796738E+06,-1.02385E+02
6.0798645E+06,-1.01905E+02
6.0800552E+06,-9.50654E+01
6.0802460E+06,-9.93454E+01
6.0804367E+06,-1.02865E+02
6.0806274E+06,-1.10045E+02
6.0808182E+06,-1.03885E+02
6.0810089E+06,-1.02305E+02
6.0811996E+06,-9.59854E+01
6.0813904E+06,-9.76454E+01
6.0815811E+06,-1.01405E+02
6.0817719E+06,-1.01065E+02
6.0819626E+06,-9.69254E+01
6.0821533E+06,-9.83254E+01
6.0823441E+06,-1.07625E+02
6.0825348E+06,-1.06125E+02
6.0827255E+06,-1.03065E+02
6.0829163E+06,-1.07205E+02
6.0831070E+06,-1.06365E+02
6.0832977E+06,-1.15345E+02
6.0834885E+06,-9.91054E+01
6.0836792E+06,-9.64254E+01
6.0838699E+06,-9.76254E+01
6.0840607E+06,-9.71654E+01
6.0842514E+06,-9.72454E+01
6.0844421E+06,-9.84854E+01
6.0846329E+06,-9.60254E+01
6.0848236E+06,-9.51654E+01
6.0850143E+06,-1.00705E+02
6.0852051E+06,-9.78254E+01
6.0853958E+06,-9.84054E+01
6.0855865E+06,-9.38854E+01
6.0857773E+06,-9.68854E+01
6.0859680E+06,-1.01325E+02
6.0861588E+06,-1.02045E+02
6.0863495E+06,-1.06285E+02
6.0865402E+06,-1.07285E+02
6.0867310E+06,-1.02985E+02
6.0869217E+06,-1.09945E+02
6.0871124E+06,-9.61054E+01
6.0873032E+06,-9.53254E+01
6.0874939E+06,-1.02125E+02
6.0876846E+06,-1.14345E+02
6.0878754E+06,-1.03925E+02
6.0880661E+06,-9.99854E+01
6.0882568E+06,-1.01545E+02
6.0884476E+06,-9.68254E+01
6.0886383E+06,-9.82054E+01
6.0888290E+06,-1.01445E+02
6.0890198E+06,-1.01765E+02
6.0892105E+06,-9.73454E+01
6.0894012E+06,-1.00825E+02
6.0895920E+06,-1.03545E+02
6.0897827E+06,-1.01565E+02
6.0899734E+06,-9.76054E+01
6.0901642E+06,-1.17365E+02
6.0903549E+06,-1.01625E+02
6.0905457E+06,-1.00085E+02
6.0907364E+06,-9.94254E+01
6.0909271E+06,-1.03305E+02
6.0911179E+06,-1.03305E+02
6.0913086E+06,-9.64654E+01
6.0914993E+06,-9.91654E+01
6.0916901E+06,-1.08025E+02
6.0918808E+06,-9.71854E+01
6.0920715E+06,-9.58454E+01
6.0922623E+06,-1.02085E+02
6.0924530E+06,-1.02965E+02
6.0926437E+06,-9.88654E+01
6.0928345E+06,-1.05425E+02
6.0930252E+06,-1.04765E+02
6.0932159E+06,-1.09305E+02
6.0934067E+06,-1.13445E+02
6.0935974E+06,-9.75854E+01
6.0937881E+06,-1.01085E+02
6.0939789E+06,-9.57854E+01
6.0941696E+06,-1.00145E+02
6.0943604E+06,-1.14585E+02
6.0945511E+06,-1.09125E+02
6.0947418E+06,-9.92454E+01
6.0949326E+06,-9.71254E+01
6.0951233E+06,-9.71654E+01
6.0953140E+06,-1.00205E+02
6.0955048E+06,-9.43054E+01
6.0956955E+06,-9.62654E+01
6.0958862E+06,-1.00005E+02
6.0960770E+06,-1.01185E+02
6.0962677E+06,-1.07385E+02
6.0964584E+06,-9.83854E+01
6.0966492E+06,-9.63854E+01
6.0968399E+06,-1.05385E+02
6.0970306E+06,-1.09745E+02
6.0972214E+06,-1.05125E+02
6.0974121E+06,-1.10425E+02
6.0976028E+06,-1.04945E+02
6.0977936E+06,-9.64854E+01
6.0979843E+06,-9.71654E+01
6.0981750E+06,-1.06485E+02
6.0983658E+06,-9.86254E+01
6.0985565E+06,-9.51254E+01
6.0987473E+06,-9.55254E+01
6.0989380E+06,-9.61654E+01
6.0991287E+06,-1.00725E+02
6.0993195E+06,-1.00025E+02
6.0995102E+06,-9.85054E+01
6.0997009E+06,-9.44254E+01
6.0998917E+06,-9.30854E+01
6.1000824E+06,-9.56454E+01
6.1002731E+06,-1.03625E+02
6.1004639E+06,-1.01205E+02
6.1006546E+06,-1.05725E+02
6.1008453E+06,-9.96054E+01
6.1010361E+06,-1.10485E+02
6.1012268E+06,-1.02225E+02
6.1014175E+06,-1.01165E+02
6.1016083E+06,-9.94654E+01
6.1017990E+06,-1.02525E+02
6.1019897E+06,-1.01985E+02
6.1021805E+06,-1.04765E+02
6.1023712E+06,-1.03185E+02
6.1025620E+06,-1.11645E+02
6.1027527E+06,-9.82054E+01
6.1029434E+06,-9.74654E+01
6.1031342E+06,-1.02865E+02
6.1033249E+06,-1.03325E+02
6.1035156E+06,-9.64854E+01
6.1037064E+06,-1.00185E+02
6.1038971E+06,-1.00565E+02
6.1040878E+06,-9.93454E+01
6.1042786E+06,-1.04465E+02
6.1044693E+06,-9.87054E+01
6.1046600E+06,-9.96654E+01
6.1048508E+06,-1.11125E+02
6.1050415E+06,-1.00885E+02
6.1052322E+06,-9.59454E+01
6.1054230E+06,-1.05705E+02
6.1056137E+06,-9.57054E+01
6.1058044E+06,-9.23654E+01
6.1059952E+06,-9.37254E+01
6.1061859E+06,-9.12054E+01
6.1063766E+06,-9.21654E+01
6.1065674E+06,-1.03305E+02
6.1067581E+06,-9.96454E+01
6.1069489E+06,-9.59054E+01
6.1071396E+06,-1.01665E+02
6.1073303E+06,-1.07165E+02
6.1075211E+06,-1.04085E+02
6.1077118E+06,-1.05665E+02
6.1079025E+06,-9.49854E+01
6.1080933E+06,-9.59054E+01
6.1082840E+06,-9.72454E+01
6.1084747E+06,-9.58854E+01
6.1086655E+06,-1.15025E+02
6.1088562E+06,-9.46654E+01
6.1090469E+06,-9.65254E+01
6.1092377E+06,-9.91654E+01
6.1094284E+06,-9.57254E+01
6.1096191E+06,-9.25254E+01
6.1098099E+06,-9.09654E+01
6.1100006E+06,-9.19454E+01
6.1101913E+06,-9.78254E+01
6.1103821E+06,-9.85054E+01
6.1105728E+06,-9.69254E+01
6.1107635E+06,-9.98054E+01
6.1109543E+06,-1.04085E+02
6.1111450E+06,-1.01905E+02
6.1113358E+06,-1.01565E+02
6.1115265E+06,-1.09045E+02
6.1117172E+06,-9.65854E+01
6.1119080E+06,-9.75654E+01
6.1120987E+06,-1.00325E+02
6.1122894E+06,-9.87454E+01
6.1124802E+06,-9.77854E+01
6.1126709E+06,-9.49854E+01
6.1128616E+06,-9.68254E+01
6.1130524E+06,-9.82454E+01
6.1132431E+06,-1.06765E+02
6.1134338E+06,-9.25854E+01
6.1136246E+06,-9.30254E+01
6.1138153E+06,-9.95454E+01
6.1140060E+06,-1.04945E+02
6.1141968E+06,-9.66854E+01
6.1143875E+06,-1.02305E+02
6.1145782E+06,-1.14705E+02
6.1147690E+06,-1.10665E+02
6.1149597E+06,-1.09225E+02
6.1151505E+06,-1.00865E+02
6.1153412E+06,-1.01745E+02
6.1155319E+06,-1.08865E+02
6.1157227E+06,-1.03365E+02
6.1159134E+06,-1.08525E+02
6.1161041E+06,-1.00505E+02
6.1162949E+06,-1.00225E+02
6.1164856E+06,-1.38145E+02
6.1166763E+06,-9.86854E+01
6.1168671E+06,-9.81854E+01
6.1170578E+06,-1.00305E+02
6.1172485E+06,-1.14225E+02
6.1174393E+06,-1.01485E+02
6.1176300E+06,-1.02625E+02
6.1178207E+06,-1.02285E+02
6.1180115E+06,-9.56454E+01
6.1182022E+06,-9.28254E+01
6.1183929E+06,-9.38454E+01
6.1185837E+06,-9.76654E+01
6.1187744E+06,-1.16645E+02
6.1189651E+06,-1.13365E+02
6.1191559E+06,-9.71454E+01
6.1193466E+06,-1.00905E+02
6.1195374E+06,-1.00545E+02
6.1197281E+06,-1.03325E+02
6.1199188E+06,-9.92254E+01
6.1201096E+06,-1.01645E+02
6.1203003E+06,-1.01685E+02
6.1204910E+06,-9.46854E+01
6.1206818E+06,-9.67254E+01
6.1208725E+06,-9.21654E+01
6.1210632E+06,-9.64654E+01
6.1212540E+06,-1.02125E+02
6.1214447E+06,-1.03925E+02
6.1216354E+06,-1.02385E+02
6.1218262E+06,-1.03585E+02
6.1220169E+06,-9.97654E+01
6.1222076E+06,-9.77254E+01
6.1223984E+06,-9.94454E+01
6.1225891E+06,-1.03925E+02
6.1227798E+06,-9.74654E+01
6.1229706E+06,-9.89454E+01
6.1231613E+06,-9.49454E+01
6.1233521E+06,-9.20454E+01
6.1235428E+06,-9.51054E+01
6.1237335E+06,-1.01765E+02
6.1239243E+06,-1.01425E+02
6.1241150E+06,-9.81254E+01
6.1243057E+06,-9.56054E+01
6.1244965E+06,-9.66654E+01
6.1246872E+06,-9.79854E+01
6.1248779E+06,-1.04345E+02
6.1250687E+06,-1.00125E+02
6.1252594E+06,-9.20854E+01
6.1254501E+06,-9.25854E+01
6.1256409E+06,-9.53454E+01
6.1258316E+06,-9.63054E+01
6.1260223E+06,-9.89854E+01
6.1262131E+06,-9.93454E+01
6.1264038E+06,-1.04825E+02
6.1265945E+06,-1.01025E+02
6.1267853E+06,-1.05565E+02
6.1269760E+06,-9.43454E+01
6.1271667E+06,-9.50254E+01
6.1273575E+06,-1.11685E+02
6.1275482E+06,-1.03305E+02
6.1277390E+06,-1.02685E+02
6.1279297E+06,-9.78454E+01
6.1281204E+06,-9.65854E+01
6.1283112E+06,-1.04985E+02
6.1285019E+06,-1.01365E+02
6.1286926E+06,-1.05025E+02
6.1288834E+06,-9.79854E+01
6.1290741E+06,-9.55254E+01
6.1292648E+06,-1.07545E+02
6.1294556E+06,-1.00825E+02
6.1296463E+06,-9.92054E+01
6.1298370E+06,-1.02825E+02
6.1300278E+06,-9.87054E+01
6.1302185E+06,-1.08605E+02
6.1304092E+06,-1.02325E+02
6.1306000E+06,-1.00345E+02
6.1307907E+06,-9.74454E+01
6.1309814E+06,-1.02245E+02
6.1311722E+06,-1.14885E+02
6.1313629E+06,-1.00365E+02
6.1315536E+06,-9.77854E+01
6.1317444E+06,-8.93054E+01
6.1319351E+06,-9.36654E+01
6.1321259E+06,-1.04085E+02
6.1323166E+06,-1.03505E+02
6.1325073E+06,-9.58054E+01
6.1326981E+06,-9.99254E+01
6.1328888E+06,-1.07625E+02
6.1330795E+06,-1.00825E+02
6.1332703E+06,-9.87454E+01
6.1334610E+06,-1.05505E+02
6.1336517E+06,-9.59054E+01
6.1338425E+06,-9.75054E+01
6.1340332E+06,-9.70254E+01
6.1342239E+06,-9.40054E+01
6.1344147E+06,-9.66454E+01
6.1346054E+06,-9.74054E+01
6.1347961E+06,-9.99054E+01
6.1349869E+06,-1.01105E+02
6.1351776E+06,-9.49254E+01
6.1353683E+06,-9.05454E+01
6.1355591E+06,-9.44854E+01
6.1357498E+06,-1.03445E+02
6.1359406E+06,-1.04385E+02
6.1361313E+06,-1.01425E+02
6.1363220E+06,-9.67054E+01
6.1365128E+06,-9.61454E+01
6.1367035E+06,-9.59054E+01
6.1368942E+06,-1.02525E+02
6.1370850E+06,-1.10685E+02
6.1372757E+06,-1.09945E+02
6.1374664E+06,-1.01365E+02
6.1376572E+06,-9.90054E+01
6.1378479E+06,-9.59254E+01
6.1380386E+06,-9.38454E+01
6.1382294E+06,-9.74054E+01
6.1384201E+06,-1.05385E+02
6.1386108E+06,-1.00525E+02
6.1388016E+06,-1.05845E+02
6.1389923E+06,-1.01585E+02
6.1391830E+06,-1.12905E+02
6.1393738E+06,-1.16345E+02
6.1395645E+06,-1.04345E+02
6.1397552E+06,-1.00165E+02
6.1399460E+06,-1.00705E+02
6.1401367E+06,-1.01245E+02
6.1403275E+06,-1.00585E+02
6.1405182E+06,-9.60854E+01
6.1407089E+06,-9.63654E+01
6.1408997E+06,-9.72654E+01
6.1410904E+06,-9.64254E+01
6.1412811E+06,-1.03545E+02
6.1414719E+06,-9.72854E+01
6.1416626E+06,-9.33254E+01
6.1418533E+06,-9.62454E+01
6.1420441E+06,-9.82854E+01
6.1422348E+06,-9.57454E+01
6.1424255E+06,-9.93054E+01
6.1426163E+06,-9.62654E+01
6.1428070E+06,-9.31654E+01
6.1429977E+06,-9.83254E+01
6.1431885E+06,-1.10545E+02
6.1433792E+06,-9.56254E+01
6.1435699E+06,-1.00805E+02
6.1437607E+06,-1.03265E+02
6.1439514E+06,-1.05465E+02
6.1441422E+06,-9.94654E+01
6.1443329E+06,-1.00305E+02
6.1445236E+06,-1.02065E+02
6.1447144E+06,-9.93054E+01
6.1449051E+06,-9.63854E+01
6.1450958E+06,-9.81254E+01
6.1452866E+06,-1.01745E+02
6.1454773E+06,-1.00625E+02
6.1456680E+06,-1.00265E+02
6.1458588E+06,-1.03885E+02
6.1460495E+06,-1.10205E+02
6.1462402E+06,-1.01225E+02
6.1464310E+06,-9.85654E+01
6.1466217E+06,-9.87654E+01
6.1468124E+06,-9.63854E+01
6.1470032E+06,-9.61854E+01
6.1471939E+06,-1.06145E+02
6.1473846E+06,-1.11165E+02
6.1475754E+06,-1.01385E+02
6.1477661E+06,-9.38054E+01
6.1479568E+06,-9.51254E+01
6.1481476E+06,-1.07105E+02
6.1483383E+06,-1.03445E+02
6.1485291E+06,-9.37254E+01
6.1487198E+06,-9.76454E+01
6.1489105E+06,-1.09305E+02
6.1491013E+06,-1.06585E+02
6.1492920E+06,-1.05225E+02
6.1494827E+06,-9.76254E+01
6.1496735E+06,-9.68254E+01
6.1498642E+06,-8.56654E+01
6.1500549E+06,-8.45854E+01
6.1502457E+06,-9.50054E+01
6.1504364E+06,-1.00225E+02
6.1506271E+06,-9.32254E+01
6.1508179E+06,-9.84454E+01
6.1510086E+06,-1.02085E+02
6.1511993E+06,-1.02005E+02
6.1513901E+06,-1.04005E+02
6.1515808E+06,-1.00885E+02
6.1517715E+06,-1.00605E+02
6.1519623E+06,-1.06845E+02
6.1521530E+06,-1.16045E+02
6.1523438E+06,-1.08165E+02
6.1525345E+06,-1.05305E+02
6.1527252E+06,-1.07965E+02
6.1529160E+06,-1.08385E+02
6.1531067E+06,-9.99654E+01
6.1532974E+06,-1.01665E+02
6.1534882E+06,-1.03405E+02
6.1536789E+06,-1.04225E+02
6.1538696E+06,-1.00805E+02
6.1540604E+06,-1.01865E+02
6.1542511E+06,-9.77654E+01
6.1544418E+06,-9.85054E+01
6.1546326E+06,-1.00045E+02
6.1548233E+06,-1.07465E+02
6.1550140E+06,-9.43654E+01
6.1552048E+06,-9.21654E+01
6.1553955E+06,-9.56854E+01
6.1555862E+06,-9.33054E+01
6.1557770E+06,-9.44254E+01
6.1559677E+06,-1.02585E+02
6.1561584E+06,-1.01485E+02
6.1563492E+06,-1.02905E+02
6.1565399E+06,-9.71054E+01
6.1567307E+06,-9.52854E+01
6.1569214E+06,-1.03305E+02
6.1571121E+06,-1.01945E+02
6.1573029E+06,-9.90254E+01
6.1574936E+06,-1.01805E+02
6.1576843E+06,-1.07165E+02
6.1578751E+06,-1.08545E+02
6.1580658E+06,-1.04725E+02
6.1582565E+06,-9.26454E+01
6.1584473E+06,-9.13054E+01
6.1586380E+06,-1.03665E+02
6.1588287E+06,-1.06845E+02
6.1590195E+06,-9.53454E+01
6.1592102E+06,-9.93854E+01
6.1594009E+06,-1.11825E+02
6.1595917E+06,-1.05825E+02
6.1597824E+06,-1.06165E+02
6.1599731E+06,-1.07785E+02
6.1601639E+06,-1.07165E+02
6.1603546E+06,-1.03445E+02
6.1605453E+06,-1.00225E+02
6.1607361E+06,-1.05025E+02
6.1609268E+06,-1.01665E+02
6.1611176E+06,-1.04625E+02
6.1613083E+06,-1.01045E+02
6.1614990E+06,-1.01505E+02
6.1616898E+06,-9.97854E+01
6.1618805E+06,-1.03545E+02
6.1620712E+06,-9.44054E+01
6.1622620E+06,-9.32254E+01
6.1624527E+06,-1.10225E+02
6.1626434E+06,-9.45054E+01
6.1628342E+06,-9.66054E+01
6.1630249E+06,-1.00905E+02
6.1632156E+06,-9.62654E+01
6.1634064E+06,-9.99254E+01
6.1635971E+06,-1.01765E+02
6.1637878E+06,-1.04045E+02
6.1639786E+06,-9.32654E+01
6.1641693E+06,-9.18854E+01
6.1643600E+06,-1.03305E+02
6.1645508E+06,-1.01545E+02
6.1647415E+06,-1.17445E+02
6.1649323E+06,-1.03545E+02
6.1651230E+06,-1.02285E+02
6.1653137E+06,-9.66254E+01
6.1655045E+06,-9.68454E+01
6.1656952E+06,-9.53254E+01
6.1658859E+06,-9.26854E+01
6.1660767E+06,-9.54654E+01
6.1662674E+06,-9.55254E+01
6.1664581E+06,-9.42254E+01
6.1666489E+06,-9.89454E+01
6.1668396E+06,-1.05325E+02
6.1670303E+06,-9.19654E+01
6.1672211E+06,-9.09454E+01
6.1674118E+06,-9.60654E+01
6.1676025E+06,-9.55654E+01
6.1677933E+06,-1.03965E+02
6.1679840E+06,-1.03845E+02
6.1681747E+06,-1.04045E+02
6.1683655E+06,-9.37254E+01
6.1685562E+06,-9.64054E+01
6.1687469E+06,-1.03325E+02
6.1689377E+06,-9.80054E+01
6.1691284E+06,-1.02305E+02
6.1693192E+06,-9.62854E+01
6.1695099E+06,-9.62254E+01
6.1697006E+06,-1.00585E+02
6.1698914E+06,-9.75054E+01
6.1700821E+06,-1.01665E+02
6.1702728E+06,-1.05265E+02
6.1704636E+06,-1.00005E+02
6.1706543E+06,-1.03925E+02
6.1708450E+06,-1.01985E+02
6.1710358E+06,-1.01345E+02
6.1712265E+06,-9.38854E+01
6.1714172E+06,-9.43454E+01
6.1716080E+06,-1.01785E+02
6.1717987E+06,-1.07305E+02
6.1719894E+06,-1.11445E+02
6.1721802E+06,-9.98454E+01
6.1723709E+06,-1.00065E+02
6.1725616E+06,-9.96654E+01
6.1727524E+06,-1.00525E+02
6.1729431E+06,-1.12525E+02
6.1731339E+06,-9.87654E+01
6.1733246E+06,-9.90054E+01
6.1735153E+06,-1.01825E+02
6.1737061E+06,-1.01485E+02
6.1738968E+06,-1.02125E+02
6.1740875E+06,-9.68854E+01
6.1742783E+06,-1.02045E+02
6.1744690E+06,-1.06785E+02
6.1746597E+06,-9.82254E+01
6.1748505E+06,-9.39654E+01
6.1750412E+06,-9.54654E+01
6.1752319E+06,-9.86654E+01
6.1754227E+06,-1.00285E+02
6.1756134E+06,-9.55854E+01
6.1758041E+06,-9.42654E+01
6.1759949E+06,-9.27054E+01
6.1761856E+06,-9.66254E+01
6.1763763E+06,-1.04345E+02
6.1765671E+06,-9.65854E+01
6.1767578E+06,-1.00645E+02
6.1769485E+06,-1.00425E+02
6.1771393E+06,-9.92854E+01
6.1773300E+06,-9.84254E+01
6.1775208E+06,-1.02925E+02
6.1777115E+06,-1.02425E+02
6.1779022E+06,-9.45854E+01
6.1780930E+06,-9.91654E+01
6.1782837E+06,-1.08965E+02
6.1784744E+06,-9.66454E+01
6.1786652E+06,-9.73054E+01
6.1788559E+06,-1.01445E+02
6.1790466E+06,-1.05065E+02
6.1792374E+06,-1.04185E+02
6.1794281E+06,-1.03325E+02
6.1796188E+06,-1.23885E+02
6.1798096E+06,-1.00485E+02
6.1800003E+06,-1.01145E+02
6.1801910E+06,-9.58654E+01
6.1803818E+06,-9.33054E+01
6.1805725E+06,-9.60054E+01
6.1807632E+06,-1.07885E+02
6.1809540E+06,-1.00205E+02
6.1811447E+06,-9.87654E+01
6.1813354E+06,-9.42654E+01
6.1815262E+06,-9.45454E+01
6.1817169E+06,-9.52654E+01
6.1819077E+06,-9.44054E+01
6.1820984E+06,-9.22854E+01
6.1822891E+06,-9.42654E+01
6.1824799E+06,-9.80054E+01
6.1826706E+06,-1.04005E+02
6.1828613E+06,-1.09445E+02
6.1830521E+06,-1.04085E+02
6.1832428E+06,-1.07505E+02
6.1834335E+06,-1.07525E+02
6.1836243E+06,-1.12905E+02
6.1838150E+06,-1.03725E+02
6.1840057E+06,-9.56054E+01
6.1841965E+06,-9.79054E+01
6.1843872E+06,-1.03165E+02
6.1845779E+06,-1.18325E+02
6.1847687E+06,-1.02625E+02
6.1849594E+06,-1.10925E+02
6.1851501E+06,-1.05665E+02
6.1853409E+06,-9.80454E+01
6.1855316E+06,-9.51254E+01
6.1857224E+06,-9.51654E+01
6.1859131E+06,-1.05205E+02
6.1861038E+06,-1.01945E+02
6.1862946E+06,-1.03365E+02
6.1864853E+06,-1.07045E+02
6.1866760E+06,-1.06525E+02
6.1868668E+06,-1.03465E+02
6.1870575E+06,-1.01505E+02
6.1872482E+06,-9.95854E+01
6.1874390E+06,-9.99854E+01
6.1876297E+06,-9.85054E+01
6.1878204E+06,-1.01485E+02
6.1880112E+06,-9.67454E+01
6.1882019E+06,-9.96654E+01
6.1883926E+06,-1.09525E+02
6.1885834E+06,-9.77054E+01
6.1887741E+06,-1.08285E+02
6.1889648E+06,-9.97054E+01
6.1891556E+06,-9.92054E+01
6.1893463E+06,-9.82654E+01
6.1895370E+06,-1.00965E+02
6.1897278E+06,-1.04845E+02
6.1899185E+06,-1.03085E+02
6.1901093E+06,-9.84254E+01
6.1903000E+06,-9.65454E+01
6.1904907E+06,-9.85254E+01
6.1906815E+06,-1.12965E+02
6.1908722E+06,-1.22425E+02
6.1910629E+06,-1.05725E+02
6.1912537E+06,-9.56454E+01
6.1914444E+06,-9.51854E+01
6.1916351E+06,-1.10765E+02
6.1918259E+06,-9.96654E+01
6.1920166E+06,-1.00545E+02
6.1922073E+06,-9.99254E+01
6.1923981E+06,-9.98654E+01
6.1925888E+06,-9.26254E+01
6.1927795E+06,-9.30854E+01
6.1929703E+06,-9.63854E+01
6.1931610E+06,-9.79054E+01
6.1933517E+06,-9.93654E+01
6.1935425E+06,-9.75654E+01
6.1937332E+06,-9.70054E+01
6.1939240E+06,-9.37254E+01
6.1941147E+06,-9.33054E+01
6.1943054E+06,-1.02225E+02
6.1944962E+06,-1.08905E+02
6.1946869E+06,-1.01105E+02
6.1948776E+06,-9.65254E+01
6.1950684E+06,-9.68854E+01
6.1952591E+06,-9.71654E+01
6.1954498E+06,-1.07865E+02
6.1956406E+06,-1.05045E+02
6.1958313E+06,-1.03265E+02
6.1960220E+06,-9.53654E+01
6.1962128E+06,-9.97654E+01
6.1964035E+06,-9.90054E+01
6.1965942E+06,-1.00845E+02
6.1967850E+06,-9.88054E+01
6.1969757E+06,-9.70054E+01
6.1971664E+06,-9.74454E+01
6.1973572E+06,-9.99454E+01
6.1975479E+06,-9.60254E+01
6.1977386E+06,-1.10045E+02
6.1979294E+06,-1.18425E+02
6.1981201E+06,-1.09485E+02
6.1983109E+06,-9.90454E+01
6.1985016E+06,-9.90654E+01
6.1986923E+06,-1.16125E+02
6.1988831E+06,-9.80254E+01
6.1990738E+06,-1.01285E+02
6.1992645E+06,-9.57654E+01
6.1994553E+06,-9.61454E+01
6.1996460E+06,-9.72854E+01
6.1998367E+06,-9.47654E+01
6.2000275E+06,-1.00725E+02
6.2002182E+06,-9.85854E+01
6.2004089E+06,-1.09925E+02
6.2005997E+06,-9.74654E+01
6.2007904E+06,-9.74254E+01
6.2009811E+06,-1.00305E+02
6.2011719E+06,-9.61254E+01
6.2013626E+06,-9.67854E+01
6.2015533E+06,-1.12205E+02
6.2017441E+06,-1.04745E+02
6.2019348E+06,-1.15585E+02
6.2021255E+06,-1.02125E+02
6.2023163E+06,-1.08625E+02
6.2025070E+06,-9.88054E+01
6.2026978E+06,-9.43654E+01
6.2028885E+06,-9.48054E+01
6.2030792E+06,-9.80254E+01
6.2032700E+06,-1.01905E+02
6.2034607E+06,-1.06005E+02
6.2036514E+06,-9.92254E+01
6.2038422E+06,-1.04265E+02
6.2040329E+06,-1.10945E+02
6.2042236E+06,-9.60054E+01
6.2044144E+06,-9.25254E+01
6.2046051E+06,-9.34454E+01
6.2047958E+06,-1.00825E+02
6.2049866E+06,-1.08425E+02
6.2051773E+06,-1.01625E+02
6.2053680E+06,-1.02705E+02
6.2055588E+06,-1.03265E+02
6.2057495E+06,-1.08185E+02
6.2059402E+06,-9.77854E+01
6.2061310E+06,-9.63054E+01
6.2063217E+06,-1.05465E+02
6.2065125E+06,-1.07365E+02
6.2067032E+06,-1.01105E+02
6.2068939E+06,-1.08345E+02
6.2070847E+06,-1.08685E+02
6.2072754E+06,-9.61254E+01
6.2074661E+06,-1.02645E+02
6.2076569E+06,-9.88454E+01
6.2078476E+06,-1.04045E+02
6.2080383E+06,-1.02765E+02
6.2082291E+06,-1.02765E+02
6.2084198E+06,-9.48054E+01
6.2086105E+06,-9.39654E+01
6.2088013E+06,-9.98654E+01
6.2089920E+06,-1.00285E+02
6.2091827E+06,-9.82854E+01
6.2093735E+06,-9.43054E+01
6.2095642E+06,-9.94854E+01
6.2097549E+06,-9.80054E+01
6.2099457E+06,-9.74254E+01
6.2101364E+06,-1.06865E+02
6.2103271E+06,-1.01005E+02
6.2105179E+06,-9.62254E+01
6.2107086E+06,-9.89054E+01
6.2108994E+06,-1.01625E+02
6.2110901E+06,-1.00325E+02
6.2112808E+06,-1.02965E+02
6.2114716E+06,-1.05865E+02
6.2116623E+06,-1.09045E+02
6.2118530E+06,-9.87654E+01
6.2120438E+06,-9.94454E+01
6.2122345E+06,-9.62054E+01
6.2124252E+06,-9.69454E+01
6.2126160E+06,-1.03845E+02
6.2128067E+06,-1.00285E+02
6.2129974E+06,-9.68054E+01
6.2131882E+06,-9.54254E+01
6.2133789E+06,-9.47654E+01
6.2135696E+06,-9.74254E+01
6.2137604E+06,-9.96254E+01
6.2139511E+06,-1.05825E+02
6.2141418E+06,-1.04805E+02
6.2143326E+06,-9.71854E+01
6.2145233E+06,-9.57654E+01
6.2147141E+06,-1.01945E+02
6.2149048E+06,-1.01525E+02
6.2150955E+06,-1.12485E+02
6.2152863E+06,-1.05805E+02
6.2154770E+06,-1.04225E+02
6.2156677E+06,-1.07525E+02
6.2158585E+06,-1.01245E+02
6.2160492E+06,-1.02385E+02
6.2162399E+06,-9.63254E+01
6.2164307E+06,-9.73054E+01
6.2166214E+06,-9.54454E+01
6.2168121E+06,-1.07225E+02
6.2170029E+06,-1.00725E+02
6.2171936E+06,-1.00965E+02
6.2173843E+06,-1.05705E+02
6.2175751E+06,-1.07785E+02
6.2177658E+06,-1.01905E+02
6.2179565E+06,-1.00405E+02
6.2181473E+06,-9.64454E+01
6.2183380E+06,-9.70654E+01
6.2185287E+06,-9.69654E+01
6.2187195E+06,-9.40454E+01
6.2189102E+06,-9.72254E+01
6.2191010E+06,-1.00225E+02
6.2192917E+06,-9.95654E+01
6.2194824E+06,-1.00565E+02
6.2196732E+06,-9.34654E+01
6.2198639E+06,-9.47054E+01
6.2200546E+06,-9.52454E+01
6.2202454E+06,-1.01785E+02
6.2204361E+06,-1.20025E+02
6.2206268E+06,-1.03765E+02
6.2208176E+06,-1.00245E+02
6.2210083E+06,-1.12765E+02
6.2211990E+06,-1.00025E+02
6.2213898E+06,-9.74454E+01
6.2215805E+06,-1.10545E+02
6.2217712E+06,-9.83854E+01
6.2219620E+06,-1.04945E+02
6.2221527E+06,-1.08365E+02
6.2223434E+06,-1.11985E+02
6.2225342E+06,-1.00745E+02
6.2227249E+06,-1.03025E+02
6.2229156E+06,-1.01665E+02
6.2231064E+06,-9.46454E+01
6.2232971E+06,-9.95654E+01
6.2234879E+06,-1.02525E+02
6.2236786E+06,-9.99054E+01
6.2238693E+06,-9.76854E+01
6.2240601E+06,-1.04845E+02
6.2242508E+06,-1.01565E+02
6.2244415E+06,-1.10125E+02
6.2246323E+06,-9.65454E+01
6.2248230E+06,-9.42254E+01
6.2250137E+06,-9.75054E+01
6.2252045E+06,-9.75054E+01
6.2253952E+06,-9.89054E+01
6.2255859E+06,-9.96054E+01
6.2257767E+06,-9.78254E+01
6.2259674E+06,-1.04045E+02
6.2261581E+06,-1.04865E+02
6.2263489E+06,-1.00965E+02
6.2265396E+06,-9.93654E+01
6.2267303E+06,-9.92454E+01
6.2269211E+06,-9.49854E+01
6.2271118E+06,-9.48454E+01
6.2273026E+06,-9.83454E+01
6.2274933E+06,-1.00405E+02
6.2276840E+06,-9.33654E+01
6.2278748E+06,-9.26854E+01
6.2280655E+06,-1.01805E+02
6.2282562E+06,-9.89054E+01
6.2284470E+06,-9.92054E+01
6.2286377E+06,-1.07005E+02
6.2288284E+06,-1.01585E+02
6.2290192E+06,-1.00945E+02
6.2292099E+06,-1.03965E+02
6.2294006E+06,-1.03405E+02
6.2295914E+06,-9.81654E+01
6.2297821E+06,-1.02765E+02
6.2299728E+06,-1.01625E+02
6.2301636E+06,-9.94854E+01
6.2303543E+06,-1.02085E+02
6.2305450E+06,-9.75654E+01
6.2307358E+06,-9.47254E+01
6.2309265E+06,-9.62854E+01
6.2311172E+06,-1.07965E+02
6.2313080E+06,-1.15225E+02
6.2314987E+06,-9.98254E+01
6.2316895E+06,-9.73854E+01
6.2318802E+06,-9.52654E+01
6.2320709E+06,-1.00365E+02
6.2322617E+06,-1.00605E+02
6.2324524E+06,-9.67054E+01
6.2326431E+06,-9.65054E+01
6.2328339E+06,-1.02125E+02
6.2330246E+06,-1.00685E+02
6.2332153E+06,-9.64054E+01
6.2334061E+06,-9.81654E+01
6.2335968E+06,-9.96854E+01
6.2337875E+06,-9.89054E+01
6.2339783E+06,-1.03665E+02
6.2341690E+06,-9.71054E+01
6.2343597E+06,-9.46454E+01
6.2345505E+06,-9.66454E+01
6.2347412E+06,-1.03925E+02
6.2349319E+06,-9.71254E+01
6.2351227E+06,-1.00545E+02
6.2353134E+06,-9.52454E+01
6.2355042E+06,-1.00525E+02
6.2356949E+06,-9.64854E+01
6.2358856E+06,-9.49654E+01
6.2360764E+06,-1.06805E+02
6.2362671E+06,-9.84854E+01
6.2364578E+06,-1.06465E+02
6.2366486E+06,-1.15525E+02
6.2368393E+06,-9.87054E+01
6.2370300E+06,-9.42854E+01
6.2372208E+06,-9.85854E+01
6.2374115E+06,-9.26454E+01
6.2376022E+06,-9.52454E+01
6.2377930E+06,-9.60054E+01
6.2379837E+06,-9.79054E+01
6.2381744E+06,-1.01105E+02
6.2383652E+06,-1.05565E+02
6.2385559E+06,-9.60254E+01
6.2387466E+06,-9.27054E+01
6.2389374E+06,-9.95654E+01
6.2391281E+06,-1.03065E+02
6.2393188E+06,-1.00365E+02
6.2395096E+06,-1.02125E+02
6.2397003E+06,-1.03465E+02
6.2398911E+06,-9.99654E+01
6.2400818E+06,-1.18705E+02
6.2402725E+06,-1.03965E+02
6.2404633E+06,-1.02085E+02
6.2406540E+06,-1.12705E+02
6.2408447E+06,-9.84054E+01
6.2410355E+06,-9.79454E+01
6.2412262E+06,-1.02425E+02
6.2414169E+06,-9.82854E+01
6.2416077E+06,-9.68654E+01
6.2417984E+06,-1.00705E+02
6.2419891E+06,-1.04285E+02
6.2421799E+06,-9.98254E+01
6.2423706E+06,-9.79054E+01
6.2425613E+06,-1.02065E+02
6.2427521E+06,-9.43654E+01
6.2429428E+06,-9.53454E+01
6.2431335E+06,-1.13465E+02
6.2433243E+06,-1.02205E+02
6.2435150E+06,-9.54254E+01
6.2437057E+06,-9.35054E+01
6.2438965E+06,-9.70454E+01
6.2440872E+06,-9.94054E+01
6.2442780E+06,-9.92054E+01
6.2444687E+06,-9.84854E+01
6.2446594E+06,-1.14985E+02
6.2448502E+06,-9.91854E+01
6.2450409E+06,-9.90054E+01
6.2452316E+06,-1.04505E+02
6.2454224E+06,-1.06445E+02
6.2456131E+06,-9.92254E+01
6.2458038E+06,-1.02045E+02
6.2459946E+06,-9.20654E+01
6.2461853E+06,-9.02054E+01
6.2463760E+06,-9.58454E+01
6.2465668E+06,-9.77454E+01
6.2467575E+06,-1.00885E+02
6.2469482E+06,-9.96654E+01
6.2471390E+06,-9.85454E+01
6.2473297E+06,-1.02065E+02
6.2475204E+06,-9.87654E+01
6.2477112E+06,-9.87654E+01
6.2479019E+06,-1.23305E+02
6.2480927E+06,-9.86254E+01
6.2482834E+06,-9.70054E+01
6.2484741E+06,-9.76454E+01
6.2486649E+06,-9.91854E+01
6.2488556E+06,-1.01185E+02
6.2490463E+06,-1.07825E+02
6.2492371E+06,-1.01625E+02
6.2494278E+06,-1.04585E+02
6.2496185E+06,-1.04285E+02
6.2498093E+06,-9.40854E+01
