Model,TBS2074B
Firmware Version,v1.31.16

Point Format,Y,,,,,Point Format,Y
Horizontal Units,S,,,,,Horizontal Units,S
Horizontal Scale,0.0002,,,,,Horizontal Scale,0.0002
Sample Interval,1.6e-06,,,,,Sample Interval,1.6e-06
Filter Frequency,2e+08,,,,,Filter Frequency,2e+08
Record Length,2000,,,,,Record Length,2000
Gating,0.0% to 100.0%,0.0% to 100.0%,0.0% to 100.0%,0.0% to 100.0%,,Gating,0.0% to 100.0%
Probe Attenuation,10,10,1,1,,Probe Attenuation,1
Vertical Units,V,V,V,V,,Vertical Units,V
Vertical Offset,0,0,0,0,,Vertical Offset,0
Vertical Scale,5,0.01,0.5,1,,Vertical Scale,5
Label,,,,,,Label,
TIME,CH1,CH2,CH3,CH4,,TIME,MATH
-6.560e-04,-2.95781,0.0728,-2.07938,0.0442187,,-6.560e-04,-2.88672
-6.544e-04,-2.95156,0.0728,-2.07023,0.0437499,,-6.544e-04,-2.88047
-6.528e-04,-2.95,0.0728,-2.07008,0.0470312,,-6.528e-04,-2.87891
-6.512e-04,-2.94062,0.0728,-2.07,0.0599999,,-6.512e-04,-2.86953
-6.496e-04,-2.94297,0.0728,-2.07,0.0599999,,-6.496e-04,-2.87188
-6.480e-04,-2.93281,0.0728,-2.06992,0.0464062,,-6.480e-04,-2.86172
-6.464e-04,-2.94453,0.0728,-2.06695,0.0440624,,-6.464e-04,-2.87344
-6.448e-04,-2.94219,0.0728,-2.06547,0.0239062,,-6.448e-04,-2.87109
-6.432e-04,-2.93594,0.0728,-2.06289,0.0456249,,-6.432e-04,-2.86484
-6.416e-04,-2.93125,0.0728,-2.06234,0.0467187,,-6.416e-04,-2.86016
-6.400e-04,-2.93672,0.0728,-2.06234,0.0465624,,-6.400e-04,-2.86563
-6.384e-04,-2.93359,0.0728,-2.06227,0.0446874,,-6.384e-04,-2.8625
-6.368e-04,-2.92891,0.0728,-2.05195,0.0478124,,-6.368e-04,-2.85781
-6.352e-04,-2.92109,0.0728,-2.05914,0.0437499,,-6.352e-04,-2.85
-6.336e-04,-2.93828,0.0728,-2.05734,0.0435937,,-6.336e-04,-2.86719
-6.320e-04,-2.91719,0.0728,-2.05,0.0459374,,-6.320e-04,-2.84609
-6.304e-04,-3.02969,0.0728,-2.05,0.0428124,,-6.304e-04,-2.95859
-6.288e-04,-2.91562,0.0728,-2.04992,0.0446874,,-6.288e-04,-2.84453
-6.272e-04,-2.90547,0.0728,-2.05,0.0453124,,-6.272e-04,-2.83438
-6.256e-04,-2.90859,0.0728,-2.05,0.0437499,,-6.256e-04,-2.8375
-6.240e-04,-2.89922,0.0728,-2.04672,0.0442187,,-6.240e-04,-2.82812
-6.224e-04,-2.9,0.0728,-2.04359,0.0440624,,-6.224e-04,-2.82891
-6.208e-04,-2.98125,0.0728,-2.04336,0.0424999,,-6.208e-04,-2.91016
-6.192e-04,-2.89922,0.0728,-2.04242,0.0440624,,-6.192e-04,-2.82812
-6.176e-04,-2.89922,0.0728,-2.04117,0.0420312,,-6.176e-04,-2.82812
-6.160e-04,-2.9,0.0728,-2.04016,0.0420312,,-6.160e-04,-2.82891
-6.144e-04,-2.89922,0.0728,-2.03742,0.0435937,,-6.144e-04,-2.82812
-6.128e-04,-2.89922,0.0728,-2.03,0.0232812,,-6.128e-04,-2.82812
-6.112e-04,-2.89922,0.0728,-2.03008,0.0245312,,-6.112e-04,-2.82812
-6.096e-04,-2.89922,0.0728,-2.03,0.0429687,,-6.096e-04,-2.82812
-6.080e-04,-2.89922,0.0728,-2.03,0.0456249,,-6.080e-04,-2.82812
-6.064e-04,-2.89922,0.0728,-2.03,0.0437499,,-6.064e-04,-2.82812
-6.048e-04,-2.89922,0.0728,-2.02859,0.0595312,,-6.048e-04,-2.82812
-6.032e-04,-2.89922,0.0728,-2.02656,0.0439062,,-6.032e-04,-2.82812
-6.016e-04,-2.89922,0.0728,-2.02461,0.0443749,,-6.016e-04,-2.82812
-6.000e-04,-2.89922,0.0728,-2.02992,0.0440624,,-6.000e-04,-2.82812
-5.984e-04,-2.89922,0.0728,-2.02063,0.0439062,,-5.984e-04,-2.82812
-5.968e-04,-2.89922,0.0728,-2.02,0.0446874,,-5.968e-04,-2.82812
-5.952e-04,-2.89922,0.0728,-2.01727,0.0460937,,-5.952e-04,-2.82812
-5.936e-04,-2.89922,0.0728,-2.01328,0.0235937,,-5.936e-04,-2.82812
-5.920e-04,-2.89922,0.0728,-2.01,0.0467187,,-5.920e-04,-2.82812
-5.904e-04,-2.9,0.0728,-2.01,0.0445312,,-5.904e-04,-2.82891
-5.888e-04,-2.89922,0.0728,-2.01,0.0451562,,-5.888e-04,-2.82812
-5.872e-04,-2.89922,0.0728,-2.01,0.0457812,,-5.872e-04,-2.82812
-5.856e-04,-2.89922,0.0728,-2.00695,0.0448437,,-5.856e-04,-2.82812
-5.840e-04,-2.89922,0.0728,-2.00453,0.0453124,,-5.840e-04,-2.82812
-5.824e-04,-2.89922,0.0728,-2.00313,0.0451562,,-5.824e-04,-2.82812
-5.808e-04,-2.89922,0.0728,-2.00992,0.0457812,,-5.808e-04,-2.82812
-5.792e-04,-2.89922,0.0728,-2.00227,0.0453124,,-5.792e-04,-2.82812
-5.776e-04,-2.89922,0.0728,-2.0018,0.0599999,,-5.776e-04,-2.82812
-5.760e-04,-2.89922,0.0728,-1.99883,0.0465624,,-5.760e-04,-2.82812
-5.744e-04,-2.89922,0.0728,-1.99672,0.0432812,,-5.744e-04,-2.82812
-5.728e-04,-2.89922,0.0728,-1.99016,0.0220312,,-5.728e-04,-2.82812
-5.712e-04,-2.9,0.0728,-1.99,0.0249999,,-5.712e-04,-2.82891
-5.696e-04,-2.89922,0.0728,-1.99,0.0440624,,-5.696e-04,-2.82812
-5.680e-04,-2.89922,0.0728,-1.99,0.0457812,,-5.680e-04,-2.82812
-5.664e-04,-2.89922,0.0728,-1.99,0.0449999,,-5.664e-04,-2.82812
-5.648e-04,-2.89922,0.0728,-1.98602,0.0601562,,-5.648e-04,-2.82812
-5.632e-04,-2.89922,0.0728,-1.9843,0.0449999,,-5.632e-04,-2.82812
-5.616e-04,-2.89922,0.0728,-1.98234,0.0424999,,-5.616e-04,-2.82812
-5.600e-04,-2.89922,0.0728,-1.98094,0.0599999,,-5.600e-04,-2.82812
-5.584e-04,-2.89922,0.0728,-1.98031,0.0457812,,-5.584e-04,-2.82812
-5.568e-04,-2.89922,0.0728,-1.97719,0.0453124,,-5.568e-04,-2.82812
-5.552e-04,-2.89922,0.0728,-1.97391,0.0234374,,-5.552e-04,-2.82812
-5.536e-04,-2.89922,0.0728,-1.97,0.0465624,,-5.536e-04,-2.82812
-5.520e-04,-2.89922,0.0728,-1.97,0.0443749,,-5.520e-04,-2.82812
-5.504e-04,-2.89922,0.0728,-1.97,0.0434374,,-5.504e-04,-2.82812
-5.488e-04,-2.89922,0.0728,-1.97,0.0437499,,-5.488e-04,-2.82812
-5.472e-04,-2.89922,0.0728,-1.9682,0.0440624,,-5.472e-04,-2.82812
-5.456e-04,-2.89922,0.0728,-1.96438,0.0598437,,-5.456e-04,-2.82812
-5.440e-04,-2.89922,0.0728,-1.96375,0.0456249,,-5.440e-04,-2.82812
-5.424e-04,-2.89922,0.0728,-1.9625,0.0442187,,-5.424e-04,-2.82812
-5.408e-04,-2.89922,0.0728,-1.96203,0.0445312,,-5.408e-04,-2.82812
-5.392e-04,-2.89922,0.0728,-1.95961,0.0442187,,-5.392e-04,-2.82812
-5.376e-04,-2.89531,0.0728,-1.95008,0.0464062,,-5.376e-04,-2.82422
-5.360e-04,-2.87656,0.0728,-1.95242,0.0431249,,-5.360e-04,-2.80547
-5.344e-04,-2.89922,0.0728,-1.95,0.0459374,,-5.344e-04,-2.82812
-5.328e-04,-2.88359,0.0728,-1.94992,0.0459374,,-5.328e-04,-2.8125
-5.312e-04,-2.89922,0.0728,-1.94992,0.0451562,,-5.312e-04,-2.82812
-5.296e-04,-2.89922,0.0728,-1.94953,0.0440624,,-5.296e-04,-2.82812
-5.280e-04,-2.86016,0.0728,-1.94531,0.0456249,,-5.280e-04,-2.78906
-5.264e-04,-2.85625,0.0728,-1.94516,0.0468749,,-5.264e-04,-2.78516
-5.248e-04,-2.89922,0.0728,-1.94305,0.0437499,,-5.248e-04,-2.82812
-5.232e-04,-2.84766,0.0728,-1.94305,0.0454687,,-5.232e-04,-2.77656
-5.216e-04,-2.89922,0.0728,-1.94133,0.0445312,,-5.216e-04,-2.82812
-5.200e-04,-2.89687,0.0728,-1.94008,0.0446874,,-5.200e-04,-2.82578
-5.184e-04,-2.9,0.0728,-1.93781,0.0460937,,-5.184e-04,-2.82891
-5.168e-04,-2.89766,0.0728,-1.93,0.0473437,,-5.168e-04,-2.82656
-5.152e-04,-2.82891,0.0728,-1.93,0.0462499,,-5.152e-04,-2.75781
-5.136e-04,-2.83594,0.0728,-1.93,0.0429687,,-5.136e-04,-2.76484
-5.120e-04,-2.81875,0.0728,-1.93,0.0445312,,-5.120e-04,-2.74766
-5.104e-04,-2.82656,0.0728,-1.93,0.0446874,,-5.104e-04,-2.75547
-5.088e-04,-2.83203,0.0728,-1.9257,0.0440624,,-5.088e-04,-2.76094
-5.072e-04,-2.81172,0.0728,-1.9243,0.0434374,,-5.072e-04,-2.74063
-5.056e-04,-2.80625,0.0728,-1.92328,0.0457812,,-5.056e-04,-2.73516
-5.040e-04,-2.8125,0.0728,-1.92125,0.0599999,,-5.040e-04,-2.74141
-5.024e-04,-2.79453,0.0728,-1.91859,0.0437499,,-5.024e-04,-2.72344
-5.008e-04,-2.8875,0.0728,-1.91539,0.0445312,,-5.008e-04,-2.81641
-4.992e-04,-2.80781,0.0728,-1.91008,0.0459374,,-4.992e-04,-2.73672
-4.976e-04,-2.79844,0.0728,-1.91,0.0470312,,-4.976e-04,-2.72734
-4.960e-04,-2.79844,0.0728,-1.91,0.0599999,,-4.960e-04,-2.72734
-4.944e-04,-2.78594,0.0728,-1.91,0.0448437,,-4.944e-04,-2.71484
-4.928e-04,-2.77969,0.0728,-1.90734,0.0462499,,-4.928e-04,-2.70859
-4.912e-04,-2.78437,0.0728,-1.90563,0.0445312,,-4.912e-04,-2.71328
-4.896e-04,-2.77031,0.0728,-1.90992,0.0446874,,-4.896e-04,-2.69922
-4.880e-04,-2.75859,0.0728,-1.90258,0.0467187,,-4.880e-04,-2.6875
-4.864e-04,-2.76094,0.0728,-1.90109,0.0468749,,-4.864e-04,-2.68984
-4.848e-04,-2.75156,0.0728,-1.89891,0.0598437,,-4.848e-04,-2.68047
-4.832e-04,-2.84844,0.0728,-1.89484,0.0242187,,-4.832e-04,-2.77734
-4.816e-04,-2.73203,0.0728,-1.89,0.0445312,,-4.816e-04,-2.66094
-4.800e-04,-2.72578,0.0728,-1.89,0.0484374,,-4.800e-04,-2.65469
-4.784e-04,-2.71328,0.0728,-1.89,0.0489062,,-4.784e-04,-2.64219
-4.768e-04,-2.70547,0.0728,-1.89,0.0459374,,-4.768e-04,-2.63438
-4.752e-04,-2.69922,0.0728,-1.88727,0.0474999,,-4.752e-04,-2.62813
-4.736e-04,-2.69922,0.0728,-1.88547,0.0251562,,-4.736e-04,-2.62813
-4.720e-04,-2.69922,0.0728,-1.88398,0.0460937,,-4.720e-04,-2.62813
-4.704e-04,-2.69922,0.0728,-1.88336,0.0457812,,-4.704e-04,-2.62813
-4.688e-04,-2.7,0.0728,-1.88195,0.0443749,,-4.688e-04,-2.62891
-4.672e-04,-2.69922,0.0728,-1.88039,0.0443749,,-4.672e-04,-2.62813
-4.656e-04,-2.69922,0.0728,-1.87641,0.0443749,,-4.656e-04,-2.62813
-4.640e-04,-2.69922,0.0728,-1.87234,0.0457812,,-4.640e-04,-2.62813
-4.624e-04,-2.69922,0.0728,-1.87008,0.0457812,,-4.624e-04,-2.62813
-4.608e-04,-2.69922,0.0728,-1.87,0.0599999,,-4.608e-04,-2.62813
-4.592e-04,-2.69922,0.0728,-1.87,0.0598437,,-4.592e-04,-2.62813
-4.576e-04,-2.69922,0.0728,-1.86836,0.0454687,,-4.576e-04,-2.62813
-4.560e-04,-2.69844,0.0728,-1.86531,0.0429687,,-4.560e-04,-2.62734
-4.544e-04,-2.69922,0.0728,-1.865,0.0434374,,-4.544e-04,-2.62813
-4.528e-04,-2.66094,0.0728,-1.86297,0.0476562,,-4.528e-04,-2.58984
-4.512e-04,-2.69531,0.0728,-1.86203,0.0429687,,-4.512e-04,-2.62422
-4.496e-04,-2.69844,0.0728,-1.86031,0.0476562,,-4.496e-04,-2.62734
-4.480e-04,-2.61875,0.0728,-1.85008,0.0457812,,-4.480e-04,-2.54766
-4.464e-04,-2.69141,0.0728,-1.85,0.0473437,,-4.464e-04,-2.62031
-4.448e-04,-2.60547,0.0728,-1.85,0.0457812,,-4.448e-04,-2.53438
-4.432e-04,-2.58984,0.0728,-1.85,0.0454687,,-4.432e-04,-2.51875
-4.416e-04,-2.66562,0.0728,-1.85,0.0453124,,-4.416e-04,-2.59453
-4.400e-04,-2.56875,0.0728,-1.84875,0.0449999,,-4.400e-04,-2.49766
-4.384e-04,-2.53984,0.0728,-1.84477,0.0448437,,-4.384e-04,-2.46875
-4.368e-04,-2.50937,0.0728,-1.84305,0.0442187,,-4.368e-04,-2.43828
-4.352e-04,-2.5,0.0728,-1.84992,0.0457812,,-4.352e-04,-2.42891
-4.336e-04,-2.49922,0.0728,-1.84281,0.0440624,,-4.336e-04,-2.42813
-4.320e-04,-2.49922,0.0728,-1.83125,0.0454687,,-4.320e-04,-2.42813
-4.304e-04,-2.5,0.0728,-1.83039,0.0451562,,-4.304e-04,-2.42891
-4.288e-04,-2.5,0.0728,-1.83289,0.0443749,,-4.288e-04,-2.42891
-4.272e-04,-2.49922,0.0728,-1.83,0.0228124,,-4.272e-04,-2.42813
-4.256e-04,-2.49922,0.0728,-1.83,0.0446874,,-4.256e-04,-2.42813
-4.240e-04,-2.5,0.0727984,-1.83,0.0451562,,-4.240e-04,-2.42969
-4.224e-04,-2.49922,0.0727953,-1.82734,0.0473437,,-4.224e-04,-2.42891
-4.208e-04,-2.49922,0.0727984,-1.82406,0.0453124,,-4.208e-04,-2.42891
-4.192e-04,-2.5,0.0727969,-1.82445,0.0454687,,-4.192e-04,-2.42969
-4.176e-04,-2.49922,0.0727891,-1.82398,0.0465624,,-4.176e-04,-2.42891
-4.160e-04,-2.45625,0.072775,-1.82992,0.0599999,,-4.160e-04,-2.38594
-4.144e-04,-2.42891,0.0727703,-1.82188,0.0442187,,-4.144e-04,-2.35859
-4.128e-04,-2.48984,0.0727578,-1.82,0.0457812,,-4.128e-04,-2.41953
-4.112e-04,-2.41172,0.0727469,-1.81742,0.0465624,,-4.112e-04,-2.34141
-4.096e-04,-2.39219,0.0726875,-1.8118,0.0456249,,-4.096e-04,-2.32187
-4.080e-04,-2.34375,0.0726141,-1.81,0.0435937,,-4.080e-04,-2.27344
-4.064e-04,-2.32266,0.07265,-1.81,0.0453124,,-4.064e-04,-2.25234
-4.048e-04,-2.29922,0.0726,-1.80992,0.0462499,,-4.048e-04,-2.22891
-4.032e-04,-2.29922,0.0726016,-1.80766,0.0474999,,-4.032e-04,-2.22891
-4.016e-04,-2.29922,0.0725984,-1.80477,0.0599999,,-4.016e-04,-2.22891
-4.000e-04,-2.3,0.0725984,-1.80406,0.0459374,,-4.000e-04,-2.22969
-3.984e-04,-2.29922,0.0725422,-1.80273,0.0429687,,-3.984e-04,-2.22891
-3.968e-04,-2.29922,0.0724266,-1.80227,0.0443749,,-3.968e-04,-2.22891
-3.952e-04,-2.29766,0.0723094,-1.79773,0.0465624,,-3.952e-04,-2.22734
-3.936e-04,-2.22812,0.0721281,-1.79,0.0246874,,-3.936e-04,-2.15781
-3.920e-04,-2.18594,0.0718016,-1.79008,0.0440624,,-3.920e-04,-2.11641
-3.904e-04,-2.23437,0.0719812,-1.79,0.0481249,,-3.904e-04,-2.16484
-3.888e-04,-2.10156,0.0717875,-1.79,0.0446874,,-3.888e-04,-2.03203
-3.872e-04,-2.1,0.0717484,-1.78828,0.0448437,,-3.872e-04,-2.03047
-3.856e-04,-2.09922,0.0714703,-1.78484,0.0454687,,-3.856e-04,-2.02969
-3.840e-04,-2.09922,0.0713844,-1.78219,0.0465624,,-3.840e-04,-2.02969
-3.824e-04,-2.09141,0.0712,-1.78992,0.0448437,,-3.824e-04,-2.02188
-3.808e-04,-2.06719,0.0709297,-1.78313,0.0453124,,-3.808e-04,-1.99844
-3.792e-04,-2.03672,0.0708953,-1.7818,0.0460937,,-3.792e-04,-1.96797
-3.776e-04,-1.94062,0.0706391,-1.78031,0.0449999,,-3.776e-04,-1.87188
-3.760e-04,-1.89922,0.0705531,-1.77008,0.0421874,,-3.760e-04,-1.83047
-3.744e-04,-1.89922,0.0702484,-1.77,0.0462499,,-3.744e-04,-1.83125
-3.728e-04,-1.89531,0.0701812,-1.77,0.0457812,,-3.728e-04,-1.82734
-3.712e-04,-1.86719,0.0700016,-1.77,0.0476562,,-3.712e-04,-1.79922
-3.696e-04,-1.81406,0.0698656,-1.77,0.0449999,,-3.696e-04,-1.74609
-3.680e-04,-1.71172,0.0696609,-1.76805,0.0470312,,-3.680e-04,-1.64375
-3.664e-04,-1.69609,0.0695172,-1.76516,0.0484374,,-3.664e-04,-1.62891
-3.648e-04,-1.65547,0.0696125,-1.76375,0.0446874,,-3.648e-04,-1.5875
-3.632e-04,-1.61094,0.0693547,-1.76266,0.0470312,,-3.632e-04,-1.54375
-3.616e-04,-1.55859,0.0690781,-1.76148,0.0446874,,-3.616e-04,-1.49141
-3.600e-04,-1.49609,0.0688719,-1.75719,0.0453124,,-3.600e-04,-1.42891
-3.584e-04,-1.41953,0.0686797,-1.75297,0.0598437,,-3.584e-04,-1.35313
-3.568e-04,-1.37422,0.0687281,-1.75023,0.0445312,,-3.568e-04,-1.30781
-3.552e-04,-1.29922,0.0683672,-1.75,0.0459374,,-3.552e-04,-1.23281
-3.536e-04,-1.25859,0.0683062,-1.75,0.0234374,,-3.536e-04,-1.19219
-3.520e-04,-1.16562,0.0682781,-1.74992,0.0467187,,-3.520e-04,-1.09922
-3.504e-04,-1.09844,0.068125,-1.74531,0.0443749,,-3.504e-04,-1.03203
-3.488e-04,-1.00625,0.0677953,-1.74461,0.0456249,,-3.488e-04,-0.940625
-3.472e-04,-0.930468,0.0677703,-1.74352,0.0456249,,-3.472e-04,-0.864844
-3.456e-04,-0.857812,0.0675625,-1.73313,0.0449999,,-3.456e-04,-0.792188
-3.440e-04,-0.722656,0.0673609,-1.74109,0.0456249,,-3.440e-04,-0.657031
-3.424e-04,-0.633593,0.0673594,-1.73867,0.0243749,,-3.424e-04,-0.567969
-3.408e-04,-0.500781,0.06735,-1.73,0.0468749,,-3.408e-04,-0.435156
-3.392e-04,-0.378125,0.0668734,-1.73,0.0460937,,-3.392e-04,-0.313281
-3.376e-04,-0.252343,0.0669906,-1.73008,0.0453124,,-3.376e-04,-0.1875
-3.360e-04,-0.103906,0.0669672,-1.73,0.0440624,,-3.360e-04,-0.0390625
-3.344e-04,0.0539067,0.0670031,-1.72914,0.0443749,,-3.344e-04,0.11875
-3.328e-04,0.242969,0.0668859,-1.72469,0.0453124,,-3.328e-04,0.307813
-3.312e-04,0.457032,0.0669328,-1.73,0.0453124,,-3.312e-04,0.521875
-3.296e-04,0.640625,0.066575,-1.72352,0.0457812,,-3.296e-04,0.705469
-3.280e-04,0.922657,0.0662891,-1.72305,0.0465624,,-3.280e-04,0.986719
-3.264e-04,1.16328,0.0665391,-1.72297,0.0599999,,-3.264e-04,1.22813
-3.248e-04,1.46016,0.0665156,-1.72055,0.0592187,,-3.248e-04,1.525
-3.232e-04,1.79922,0.0662187,-1.71766,0.0435937,,-3.232e-04,1.86328
-3.216e-04,2.20078,0.0660484,-1.71016,0.0599999,,-3.216e-04,2.26484
-3.200e-04,2.62656,0.0657797,-1.71,0.0434374,,-3.200e-04,2.69063
-3.184e-04,3.12031,0.0655937,-1.71,0.0443749,,-3.184e-04,3.18359
-3.168e-04,3.71563,0.0653203,-1.70992,0.0448437,,-3.168e-04,3.77891
-3.152e-04,4.39609,0.0650703,-1.71,0.0457812,,-3.152e-04,4.45938
-3.136e-04,5.21484,0.0650391,-1.70508,0.0454687,,-3.136e-04,5.27813
-3.120e-04,6.21484,0.0645937,-1.70406,0.0442187,,-3.120e-04,6.27734
-3.104e-04,7.41641,0.0641266,-1.70289,0.0459374,,-3.104e-04,7.47891
-3.088e-04,8.84922,0.0638344,-1.70258,0.0448437,,-3.088e-04,8.91094
-3.072e-04,10.5391,0.0634141,-1.70273,0.0467187,,-3.072e-04,10.6008
-3.056e-04,12.6,0.0631906,-1.69141,0.0456249,,-3.056e-04,12.6609
-3.040e-04,15.1484,0.0627781,-1.6975,0.0449999,,-3.040e-04,15.2094
-3.024e-04,18.3586,0.0626016,-1.69422,0.0424999,,-3.024e-04,18.4195
-3.008e-04,22.5352,0.0624109,-1.69,0.0437499,,-3.008e-04,22.5961
-2.992e-04,27.9266,0.0621672,-1.69,0.0456249,,-2.992e-04,25.5992
-2.976e-04,33.8984,0.0620469,-1.68992,0.0467187,,-2.976e-04,25.5992
-2.960e-04,38.2773,0.0617125,-1.68969,0.0435937,,-2.960e-04,25.5992
-2.944e-04,41.5914,0.0616266,-1.68469,0.0251562,,-2.944e-04,25.5992
-2.928e-04,43.9914,0.06105,-1.6843,0.0249999,,-2.928e-04,25.5992
-2.912e-04,45.8297,0.0610422,-1.68258,0.0232812,,-2.912e-04,25.5992
-2.896e-04,47.3008,0.0606797,-1.68258,0.0440624,,-2.896e-04,25.5992
-2.880e-04,47.3703,0.0603734,-1.68117,0.0442187,,-2.880e-04,25.5992
-2.864e-04,47.4,0.0602016,-1.67852,0.0476562,,-2.864e-04,25.5992
-2.848e-04,47.4,0.0600391,-1.67281,0.0454687,,-2.848e-04,25.5992
-2.832e-04,47.4,0.0600078,-1.67,0.0451562,,-2.832e-04,25.5992
-2.816e-04,47.4,0.0596781,-1.67,0.0439062,,-2.816e-04,25.5992
-2.800e-04,47.4,0.0596047,-1.66992,0.0229687,,-2.800e-04,25.5992
-2.784e-04,47.4,0.0593234,-1.66781,0.0468749,,-2.784e-04,25.5992
-2.768e-04,47.4,0.0590922,-1.66453,0.0445312,,-2.768e-04,25.5992
-2.752e-04,47.4,0.0589937,-1.6632,0.0471874,,-2.752e-04,25.5992
-2.736e-04,47.4,0.05875,-1.66219,0.0482812,,-2.736e-04,25.5992
-2.720e-04,47.4,0.0585687,-1.66273,0.0445312,,-2.720e-04,25.5992
-2.704e-04,47.4,0.0582156,-1.66234,0.0446874,,-2.704e-04,25.5992
-2.688e-04,47.4,0.0580578,-1.66242,0.0439062,,-2.688e-04,25.5992
-2.672e-04,47.4,0.0578641,-1.66086,0.0449999,,-2.672e-04,25.5992
-2.656e-04,47.4,0.0577078,-1.65625,0.0448437,,-2.656e-04,25.5992
-2.640e-04,47.4,0.0572719,-1.65172,0.0470312,,-2.640e-04,25.5992
-2.624e-04,47.4,0.0572312,-1.65,0.0431249,,-2.624e-04,25.5992
-2.608e-04,47.4,0.0571437,-1.65,0.0442187,,-2.608e-04,25.5992
-2.592e-04,47.4,0.0568531,-1.65,0.0456249,,-2.592e-04,25.5992
-2.576e-04,47.4,0.0565859,-1.64609,0.0456249,,-2.576e-04,25.5992
-2.560e-04,47.4,0.0565219,-1.64563,0.0451562,,-2.560e-04,25.5992
-2.544e-04,47.3945,0.0563344,-1.64992,0.0460937,,-2.544e-04,25.5992
-2.528e-04,47.1203,0.0561719,-1.6425,0.0464062,,-2.528e-04,25.5992
-2.512e-04,45.8563,0.0558078,-1.6407,0.0462499,,-2.512e-04,25.5992
-2.496e-04,43.5164,0.0557156,-1.63953,0.0459374,,-2.496e-04,25.5992
-2.480e-04,40.518,0.0557016,-1.63477,0.0448437,,-2.480e-04,25.5992
-2.464e-04,37.1742,0.0555984,-1.63,0.0443749,,-2.464e-04,25.5992
-2.448e-04,33.8875,0.0550859,-1.62992,0.0453124,,-2.448e-04,25.5992
-2.432e-04,30.2453,0.0553047,-1.62992,0.0451562,,-2.432e-04,25.5992
-2.416e-04,26.7945,0.0549906,-1.62977,0.0465624,,-2.416e-04,25.5992
-2.400e-04,23.8773,0.0549,-1.62508,0.0462499,,-2.400e-04,23.9305
-2.384e-04,21.3195,0.0545781,-1.62313,0.0445312,,-2.384e-04,21.3727
-2.368e-04,19.1281,0.0544484,-1.62297,0.0465624,,-2.368e-04,19.1813
-2.352e-04,17.2359,0.0541734,-1.62211,0.0467187,,-2.352e-04,17.2883
-2.336e-04,15.5617,0.0543203,-1.6232,0.0470312,,-2.336e-04,15.6141
-2.320e-04,14.1281,0.0539719,-1.62344,0.0434374,,-2.320e-04,14.1805
-2.304e-04,12.8414,0.0540922,-1.62117,0.0451562,,-2.304e-04,12.8938
-2.288e-04,11.6664,0.0539797,-1.61852,0.0465624,,-2.288e-04,11.7188
-2.272e-04,10.6336,0.0536172,-1.61453,0.0445312,,-2.272e-04,10.6859
-2.256e-04,9.69766,0.0535891,-1.61039,0.0598437,,-2.256e-04,9.74922
-2.240e-04,8.85391,0.0534859,-1.61,0.0243749,,-2.240e-04,8.90547
-2.224e-04,8.08516,0.0532672,-1.60992,0.0476562,,-2.224e-04,8.13672
-2.208e-04,7.39453,0.0532125,-1.60992,0.0435937,,-2.208e-04,7.44609
-2.192e-04,6.75938,0.0528234,-1.60602,0.0460937,,-2.192e-04,6.81094
-2.176e-04,6.16563,0.0528391,-1.60992,0.0240624,,-2.176e-04,6.21719
-2.160e-04,5.64609,0.0528062,-1.60289,0.0479687,,-2.160e-04,5.69766
-2.144e-04,5.12656,0.0525703,-1.60305,0.0459374,,-2.144e-04,5.17734
-2.128e-04,4.65781,0.0524687,-1.60203,0.0460937,,-2.128e-04,4.70859
-2.112e-04,4.25156,0.0525172,-1.60148,0.0460937,,-2.112e-04,4.30234
-2.096e-04,3.81875,0.0521672,-1.60141,0.0460937,,-2.096e-04,3.86953
-2.080e-04,3.44766,0.0522297,-1.59891,0.0445312,,-2.080e-04,3.49844
-2.064e-04,3.0625,0.0520219,-1.59617,0.0445312,,-2.064e-04,3.11328
-2.048e-04,2.71719,0.0519,-1.59156,0.0249999,,-2.048e-04,2.76719
-2.032e-04,2.44531,0.0517891,-1.58992,0.0476562,,-2.032e-04,2.49531
-2.016e-04,2.15313,0.0514359,-1.59,0.0456249,,-2.016e-04,2.20312
-2.000e-04,1.89219,0.0517172,-1.58992,0.0454687,,-2.000e-04,1.94219
-1.984e-04,1.64219,0.0514953,-1.59,0.0448437,,-1.984e-04,1.69219
-1.968e-04,1.41172,0.0513984,-1.58578,0.0440624,,-1.968e-04,1.46172
-1.952e-04,1.18828,0.0512734,-1.58289,0.0470312,,-1.952e-04,1.23828
-1.936e-04,0.960157,0.0512969,-1.58227,0.0478124,,-1.936e-04,1.01016
-1.920e-04,0.789844,0.0510016,-1.58148,0.0599999,,-1.920e-04,0.839063
-1.904e-04,0.600782,0.0510344,-1.58031,0.0456249,,-1.904e-04,0.65
-1.888e-04,0.430469,0.0510375,-1.57813,0.0242187,,-1.888e-04,0.479688
-1.872e-04,0.2625,0.0509656,-1.57,0.0415624,,-1.872e-04,0.311719
-1.856e-04,0.0937505,0.0508578,-1.57141,0.0431249,,-1.856e-04,0.142969
-1.840e-04,-0.0429683,0.0508797,-1.57,0.0454687,,-1.840e-04,0.00625
-1.824e-04,-0.184375,0.0506234,-1.57,0.0462499,,-1.824e-04,-0.135156
-1.808e-04,-0.302343,0.0505969,-1.57,0.0449999,,-1.808e-04,-0.253125
-1.792e-04,-0.43125,0.0509375,-1.56945,0.0453124,,-1.792e-04,-0.382031
-1.776e-04,-0.525,0.0507141,-1.56547,0.0448437,,-1.776e-04,-0.475781
-1.760e-04,-0.660937,0.0509672,-1.57,0.0446874,,-1.760e-04,-0.611719
-1.744e-04,-0.748437,0.0507547,-1.56172,0.0437499,,-1.744e-04,-0.699219
-1.728e-04,-0.879687,0.0509453,-1.56039,0.0437499,,-1.728e-04,-0.830469
-1.712e-04,-0.940625,0.0509109,-1.55023,0.0462499,,-1.712e-04,-0.891406
-1.696e-04,-1.01797,0.0510641,-1.5525,0.0451562,,-1.696e-04,-0.96875
-1.680e-04,-1.11484,0.0512594,-1.55,0.0428124,,-1.680e-04,-1.06484
-1.664e-04,-1.19922,0.0517266,-1.55,0.0598437,,-1.664e-04,-1.14922
-1.648e-04,-1.29922,0.0517453,-1.55,0.0457812,,-1.648e-04,-1.24922
-1.632e-04,-1.34922,0.0521906,-1.54969,0.0448437,,-1.632e-04,-1.29844
-1.616e-04,-1.42187,0.0524328,-1.55,0.0446874,,-1.616e-04,-1.37109
-1.600e-04,-1.50859,0.0527641,-1.54328,0.0437499,,-1.600e-04,-1.45781
-1.584e-04,-1.56094,0.0534078,-1.54266,0.0598437,,-1.584e-04,-1.50938
-1.568e-04,-1.64297,0.0540062,-1.54195,0.0476562,,-1.568e-04,-1.59063
-1.552e-04,-1.70078,0.0547234,-1.54055,0.0599999,,-1.552e-04,-1.64766
-1.536e-04,-1.72969,0.0556391,-1.54031,0.0456249,,-1.536e-04,-1.67578
-1.520e-04,-1.79297,0.0564516,-1.53844,0.0454687,,-1.520e-04,-1.73828
-1.504e-04,-1.89922,0.057375,-1.53484,0.0473437,,-1.504e-04,-1.84375
-1.488e-04,-1.90078,0.0581594,-1.53023,0.0599999,,-1.488e-04,-1.84453
-1.472e-04,-1.91953,0.0587641,-1.53,0.0243749,,-1.472e-04,-1.8625
-1.456e-04,-1.98437,0.0594328,-1.53,0.0598437,,-1.456e-04,-1.92656
-1.440e-04,-2.09922,0.0598203,-1.53,0.0459374,,-1.440e-04,-2.04141
-1.424e-04,-2.09922,0.0600328,-1.5275,0.0445312,,-1.424e-04,-2.04062
-1.408e-04,-2.10625,0.0601141,-1.52539,0.0442187,,-1.408e-04,-2.04766
-1.392e-04,-2.14453,0.0596844,-1.52328,0.0464062,,-1.392e-04,-2.08672
-1.376e-04,-2.23828,0.0590984,-1.52313,0.0599999,,-1.376e-04,-2.18125
-1.360e-04,-2.29922,0.0589109,-1.5218,0.0462499,,-1.360e-04,-2.24219
-1.344e-04,-2.3,0.0581297,-1.52063,0.0456249,,-1.344e-04,-2.24375
-1.328e-04,-2.30234,0.0572719,-1.51836,0.0468749,,-1.328e-04,-2.24688
-1.312e-04,-2.30391,0.0561844,-1.51664,0.0456249,,-1.312e-04,-2.24922
-1.296e-04,-2.31016,0.0552516,-1.51203,0.0437499,,-1.296e-04,-2.25625
-1.280e-04,-2.41484,0.0544156,-1.51,0.0449999,,-1.280e-04,-2.36172
-1.264e-04,-2.44609,0.0533828,-1.51,0.0459374,,-1.264e-04,-2.39453
-1.248e-04,-2.49219,0.0521172,-1.50992,0.0462499,,-1.248e-04,-2.44141
-1.232e-04,-2.49922,0.0512266,-1.50875,0.0448437,,-1.232e-04,-2.44922
-1.216e-04,-2.49922,0.0504812,-1.50992,0.0473437,,-1.216e-04,-2.45
-1.200e-04,-2.49922,0.0493937,-1.51,0.0432812,,-1.200e-04,-2.45156
-1.184e-04,-2.54297,0.0484125,-1.50148,0.0474999,,-1.184e-04,-2.49609
-1.168e-04,-2.58516,0.0475469,-1.50102,0.0239062,,-1.168e-04,-2.53906
-1.152e-04,-2.61797,0.0468016,-1.49977,0.0470312,,-1.152e-04,-2.57266
-1.136e-04,-2.65,0.0462828,-1.49836,0.0460937,,-1.136e-04,-2.60547
-1.120e-04,-2.66641,0.0453953,-1.49,0.0464062,,-1.120e-04,-2.62266
-1.104e-04,-2.68516,0.0449828,-1.49,0.0462499,,-1.104e-04,-2.64141
-1.088e-04,-2.69922,0.0444719,-1.49,0.0454687,,-1.088e-04,-2.65625
-1.072e-04,-2.69922,0.0437922,-1.49,0.0426562,,-1.072e-04,-2.65703
-1.056e-04,-2.7,0.0433016,-1.49,0.0459374,,-1.056e-04,-2.65781
-1.040e-04,-2.7,0.0428703,-1.48758,0.0453124,,-1.040e-04,-2.65859
-1.024e-04,-2.73437,0.0422328,-1.48539,0.0442187,,-1.024e-04,-2.69375
-1.008e-04,-2.76641,0.0418719,-1.48195,0.0453124,,-1.008e-04,-2.72578
-9.920e-05,-2.78594,0.0414156,-1.48102,0.0449999,,-9.920e-05,-2.74609
-9.760e-05,-2.80312,0.0409937,-1.48016,0.0459374,,-9.760e-05,-2.76328
-9.600e-05,-2.89922,0.0406141,-1.47859,0.0246874,,-9.600e-05,-2.86016
-9.440e-05,-2.83437,0.0402172,-1.47695,0.0449999,,-9.440e-05,-2.79531
-9.280e-05,-2.83906,0.0398,-1.47297,0.0471874,,-9.280e-05,-2.80078
-9.120e-05,-2.85391,0.0393875,-1.47,0.0453124,,-9.120e-05,-2.81563
-8.960e-05,-2.89922,0.0392312,-1.47,0.0462499,,-8.960e-05,-2.86094
-8.800e-05,-2.89922,0.0387562,-1.47,0.0451562,,-8.800e-05,-2.86172
-8.640e-05,-2.89922,0.0384687,-1.46992,0.0442187,,-8.640e-05,-2.86172
-8.480e-05,-2.9,0.0381797,-1.46516,0.0462499,,-8.480e-05,-2.86328
-8.320e-05,-2.89922,0.0374906,-1.46328,0.0464062,,-8.320e-05,-2.86328
-8.160e-05,-2.89922,0.0375922,-1.46203,0.0464062,,-8.160e-05,-2.86328
-8.000e-05,-2.9,0.0372109,-1.46031,0.0459374,,-8.000e-05,-2.86406
-7.840e-05,-2.89922,0.0369812,-1.46016,0.0242187,,-7.840e-05,-2.86328
-7.680e-05,-2.9,0.0367375,-1.45875,0.0468749,,-7.680e-05,-2.86484
-7.520e-05,-2.9,0.0362703,-1.45617,0.0460937,,-7.520e-05,-2.86484
-7.360e-05,-2.91406,0.0361359,-1.4525,0.0473437,,-7.360e-05,-2.87891
-7.200e-05,-2.94531,0.0360516,-1.45,0.0457812,,-7.200e-05,-2.91016
-7.040e-05,-2.95,0.0356875,-1.44992,0.0443749,,-7.040e-05,-2.91563
-6.880e-05,-2.97812,0.0354656,-1.45,0.0599999,,-6.880e-05,-2.94375
-6.720e-05,-2.98125,0.0350844,-1.44805,0.0468749,,-6.720e-05,-2.94766
-6.560e-05,-2.98984,0.0347281,-1.44563,0.0471874,,-6.560e-05,-2.95625
-6.400e-05,-3.08984,0.0344984,-1.44242,0.0482812,,-6.400e-05,-3.05625
-6.240e-05,-3.01016,0.0342344,-1.44109,0.0464062,,-6.240e-05,-2.97734
-6.080e-05,-3.00937,0.0340641,-1.44078,0.0454687,,-6.080e-05,-2.97656
-5.920e-05,-3.01484,0.0337062,-1.44016,0.0451562,,-5.920e-05,-2.98203
-5.760e-05,-3.02812,0.0334562,-1.43008,0.0462499,,-5.760e-05,-2.99609
-5.600e-05,-3.02734,0.0331937,-1.43633,0.0467187,,-5.600e-05,-2.99531
-5.440e-05,-3.02422,0.0330125,-1.43242,0.0231249,,-5.440e-05,-2.99219
-5.280e-05,-3.03359,0.0329281,-1.43,0.0474999,,-5.280e-05,-3.00156
-5.120e-05,-3.02812,0.032675,-1.42992,0.0476562,,-5.120e-05,-2.99688
-4.960e-05,-3.03672,0.0324672,-1.42992,0.0253124,,-4.960e-05,-3.00547
-4.800e-05,-3.04375,0.0321812,-1.42945,0.0448437,,-4.800e-05,-3.0125
-4.640e-05,-3.03437,0.0318266,-1.42625,0.0599999,,-4.640e-05,-3.00391
-4.480e-05,-3.03594,0.0316062,-1.42336,0.0459374,,-4.480e-05,-3.00547
-4.320e-05,-3.04609,0.0313797,-1.42156,0.0457812,,-4.320e-05,-3.01562
-4.160e-05,-3.09922,0.0311734,-1.41078,0.0464062,,-4.160e-05,-3.06953
-4.000e-05,-3.05859,0.031,-1.4182,0.0459374,,-4.000e-05,-3.02891
-3.840e-05,-3.09922,0.0309719,-1.41547,0.0451562,,-3.840e-05,-3.06953
-3.680e-05,-3.05156,0.0305437,-1.41289,0.0599999,,-3.680e-05,-3.02188
-3.520e-05,-3.09922,0.0303734,-1.41,0.0460937,,-3.520e-05,-3.07031
-3.360e-05,-3.06406,0.0302016,-1.41,0.0599999,,-3.360e-05,-3.03516
-3.200e-05,-3.07422,0.0301125,-1.40992,0.0599999,,-3.200e-05,-3.04531
-3.040e-05,-3.05703,0.0297484,-1.40961,0.0599999,,-3.040e-05,-3.02813
-2.880e-05,-3.07656,0.0295516,-1.40563,0.0451562,,-2.880e-05,-3.04844
-2.720e-05,-3.075,0.0293547,-1.40406,0.0435937,,-2.720e-05,-3.04688
-2.560e-05,-3.07891,0.0291969,-1.40164,0.0474999,,-2.560e-05,-3.05078
-2.400e-05,-3.09922,0.0292734,-1.40078,0.0471874,,-2.400e-05,-3.07109
-2.240e-05,-3.09531,0.0289656,-1.39039,0.0479687,,-2.240e-05,-3.06719
-2.080e-05,-3.09922,0.0287937,-1.39,0.0492187,,-2.080e-05,-3.07188
-1.920e-05,-3.09922,0.0285797,-1.39234,0.0510937,,-1.920e-05,-3.07188
-1.760e-05,-3.09922,0.0283844,-1.39,0.0509374,,-1.760e-05,-3.07188
-1.600e-05,-3.09922,0.0280703,-1.39,0.0521874,,-1.600e-05,-3.07188
-1.440e-05,-3.09922,0.0280594,-1.38992,0.0528124,,-1.440e-05,-3.07188
-1.280e-05,-3.1,0.027775,-1.38992,0.0546874,,-1.280e-05,-3.07344
-1.120e-05,-3.09922,0.0276625,-1.37477,0.0359374,,-1.120e-05,-3.07266
-9.600e-06,-3.09922,0.0277328,-1.38484,0.0599999,,-9.600e-06,-3.07266
-8.000e-06,-3.09922,0.0274125,-1.38297,0.225156,,-8.000e-06,-3.07266
-6.400e-06,-3.09922,0.027375,-1.38195,1.35469,,-6.400e-06,-3.07266
-4.800e-06,-3.09922,0.0272312,-1.37992,2.74641,,-4.800e-06,-3.07266
-3.200e-06,-3.09922,0.02705,-1.37609,3.80859,,-3.200e-06,-3.07344
-1.600e-06,-3.09922,0.0270844,-1.37,4.22547,,-1.600e-06,-3.07344
2.578e-18,-3.09922,0.0269734,-1.37,4.26,,2.578e-18,-3.07344
1.600e-06,-3.1,0.0266281,-1.36992,4.26,,1.600e-06,-3.07422
3.200e-06,-3.1,0.0266031,-1.36992,4.26016,,3.200e-06,-3.07422
4.800e-06,-3.09922,0.0265906,-1.36797,4.26,,4.800e-06,-3.07344
6.400e-06,-3.1,0.0265906,-1.36531,4.26562,,6.400e-06,-3.07422
8.000e-06,-3.09922,0.026575,-1.36258,4.27109,,8.000e-06,-3.07344
9.600e-06,-3.1,0.0269812,-1.3632,4.27484,,9.600e-06,-3.07422
1.120e-05,-3.1,0.0267219,-1.36219,4.28328,,1.120e-05,-3.07422
1.280e-05,-3.09922,0.0269766,-1.36023,4.29453,,1.280e-05,-3.07344
1.440e-05,-3.09922,0.0269203,-1.35898,4.3,,1.440e-05,-3.07344
1.600e-05,-3.09922,0.0270016,-1.35695,4.30016,,1.600e-05,-3.07344
1.760e-05,-3.09922,0.0271875,-1.35367,4.30016,,1.760e-05,-3.07344
1.920e-05,-3.1,0.0276797,-1.35008,4.30016,,1.920e-05,-3.07344
2.080e-05,-3.09922,0.0276406,-1.35,4.30781,,2.080e-05,-3.07266
2.240e-05,-3.09922,0.0281219,-1.35,4.31234,,2.240e-05,-3.07188
2.400e-05,-3.09922,0.0284297,-1.35,4.31344,,2.400e-05,-3.07188
2.560e-05,-3.09922,0.0289609,-1.34672,4.31578,,2.560e-05,-3.07109
2.720e-05,-3.09922,0.0295281,-1.34461,4.33687,,2.720e-05,-3.07109
2.880e-05,-3.1,0.0300469,-1.34242,4.31891,,2.880e-05,-3.07109
3.040e-05,-3.1,0.0305125,-1.34172,4.30141,,3.040e-05,-3.07031
3.200e-05,-3.1,0.0310375,-1.33055,4.32437,,3.200e-05,-3.07031
3.360e-05,-3.09922,0.0317984,-1.3368,4.32687,,3.360e-05,-3.06875
3.520e-05,-3.09922,0.0319016,-1.33,4.32719,,3.520e-05,-3.06875
3.680e-05,-3.09922,0.0322875,-1.33,4.33078,,3.680e-05,-3.06797
3.840e-05,-3.09922,0.032575,-1.33,4.33094,,3.840e-05,-3.06797
4.000e-05,-3.1,0.0324828,-1.33,4.33016,,4.000e-05,-3.06875
4.160e-05,-3.1,0.0322594,-1.32859,4.33141,,4.160e-05,-3.06875
4.320e-05,-3.1,0.0318125,-1.32586,4.33406,,4.320e-05,-3.06953
4.480e-05,-3.1,0.0314203,-1.32375,4.33375,,4.480e-05,-3.06953
4.640e-05,-3.09922,0.0307859,-1.32313,4.335,,4.640e-05,-3.06953
4.800e-05,-3.1,0.0297266,-1.32992,4.33312,,4.800e-05,-3.07109
4.960e-05,-3.09922,0.0293937,-1.32188,4.33344,,4.960e-05,-3.07109
5.120e-05,-3.1,0.0285641,-1.31945,4.33531,,5.120e-05,-3.07266
5.280e-05,-3.1,0.0278109,-1.31672,4.33516,,5.280e-05,-3.07344
5.440e-05,-3.09922,0.0270047,-1.31336,4.3375,,5.440e-05,-3.07344
5.600e-05,-3.1,0.0263172,-1.31008,4.33797,,5.600e-05,-3.075
5.760e-05,-3.1,0.0254797,-1.31,4.34,,5.760e-05,-3.07578
5.920e-05,-3.17812,0.0248703,-1.31,4.33484,,5.920e-05,-3.15391
6.080e-05,-3.1,0.0241844,-1.30992,4.33641,,6.080e-05,-3.07656
6.240e-05,-3.09922,0.0236391,-1.30641,4.33312,,6.240e-05,-3.07656
6.400e-05,-3.09922,0.023,-1.30992,4.34,,6.400e-05,-3.07734
6.560e-05,-3.09922,0.0225031,-1.30297,4.33453,,6.560e-05,-3.07734
6.720e-05,-3.1,0.0219078,-1.30219,4.33609,,6.720e-05,-3.07891
6.880e-05,-3.1,0.0216016,-1.29102,4.33578,,6.880e-05,-3.07891
7.040e-05,-3.1,0.0209391,-1.29906,4.34,,7.040e-05,-3.07969
7.200e-05,-3.09922,0.0205594,-1.29016,4.33562,,7.200e-05,-3.07969
7.360e-05,-3.1,0.0201578,-1.29008,4.3375,,7.360e-05,-3.08047
7.520e-05,-3.09922,0.0197688,-1.29,4.34,,7.520e-05,-3.08047
7.680e-05,-3.1,0.0193891,-1.28992,4.34,,7.680e-05,-3.08125
7.840e-05,-3.1,0.0190156,-1.29,4.33562,,7.840e-05,-3.08203
8.000e-05,-3.1,0.01875,-1.28828,4.33687,,8.000e-05,-3.08203
8.160e-05,-3.1,0.0185281,-1.28531,4.33719,,8.160e-05,-3.08203
8.320e-05,-3.09922,0.0179328,-1.28281,4.33531,,8.320e-05,-3.08203
8.480e-05,-3.1,0.0177859,-1.2825,4.33703,,8.480e-05,-3.08281
8.640e-05,-3.1,0.0175484,-1.28063,4.33609,,8.640e-05,-3.08359
8.800e-05,-3.09922,0.0173188,-1.27742,4.34,,8.800e-05,-3.08281
8.960e-05,-3.09922,0.0170031,-1.2743,4.33547,,8.960e-05,-3.08281
9.120e-05,-3.09922,0.0168516,-1.27,4.34,,9.120e-05,-3.08281
9.280e-05,-3.1,0.0166094,-1.27,4.33719,,9.280e-05,-3.08438
9.440e-05,-3.09922,0.0164922,-1.27,4.33641,,9.440e-05,-3.08359
9.600e-05,-3.09922,0.0161766,-1.26992,4.34,,9.600e-05,-3.08359
9.760e-05,-3.1,0.0160891,-1.26703,4.33578,,9.760e-05,-3.08438
9.920e-05,-3.1,0.0157922,-1.26547,4.33281,,9.920e-05,-3.08516
1.008e-04,-3.09922,0.0154016,-1.26414,4.33656,,1.008e-04,-3.08438
1.024e-04,-3.1,0.0152547,-1.26289,4.34,,1.024e-04,-3.08516
1.040e-04,-3.1,0.0153391,-1.26258,4.33453,,1.040e-04,-3.08516
1.056e-04,-3.1,0.0151422,-1.26156,4.34,,1.056e-04,-3.08594
1.072e-04,-3.1,0.0150063,-1.26047,4.34,,1.072e-04,-3.08594
1.088e-04,-3.09922,0.0148188,-1.25016,4.34,,1.088e-04,-3.08516
1.104e-04,-3.09922,0.0145766,-1.25,4.34,,1.104e-04,-3.08516
1.120e-04,-3.10078,0.0145953,-1.25,4.33453,,1.120e-04,-3.08672
1.136e-04,-3.09922,0.0143141,-1.25,4.33609,,1.136e-04,-3.08594
1.152e-04,-3.1,0.0142141,-1.25,4.33484,,1.152e-04,-3.08672
1.168e-04,-3.1,0.0141188,-1.24992,4.33406,,1.168e-04,-3.08672
1.184e-04,-3.1,0.0138078,-1.24992,4.33437,,1.184e-04,-3.08672
1.200e-04,-3.1,0.0138219,-1.24523,4.33453,,1.200e-04,-3.08672
1.216e-04,-3.09922,0.0137547,-1.24297,4.33375,,1.216e-04,-3.08594
1.232e-04,-3.09922,0.0134172,-1.24992,4.33422,,1.232e-04,-3.08672
1.248e-04,-3.09922,0.0133828,-1.24031,4.33328,,1.248e-04,-3.08672
1.264e-04,-3.10078,0.0131813,-1.23008,4.33281,,1.264e-04,-3.08828
1.280e-04,-3.1,0.0133844,-1.23211,4.33531,,1.280e-04,-3.0875
1.296e-04,-3.1,0.0132188,-1.23008,4.33281,,1.296e-04,-3.0875
1.312e-04,-3.18828,0.0133953,-1.23,4.34,,1.312e-04,-3.17578
1.328e-04,-3.1,0.0133828,-1.22992,4.33297,,1.328e-04,-3.0875
1.344e-04,-3.1,0.0134094,-1.23,4.33609,,1.344e-04,-3.0875
1.360e-04,-3.09922,0.0134172,-1.22648,4.34,,1.360e-04,-3.08672
1.376e-04,-3.09922,0.0135469,-1.22414,4.33484,,1.376e-04,-3.08672
1.392e-04,-3.09922,0.0136016,-1.22305,4.33344,,1.392e-04,-3.08594
1.408e-04,-3.09922,0.0137813,-1.22258,4.33406,,1.408e-04,-3.08594
1.424e-04,-3.09922,0.0139203,-1.22219,4.33984,,1.424e-04,-3.08594
1.440e-04,-3.10547,0.0143031,-1.21953,4.33422,,1.440e-04,-3.09219
1.456e-04,-3.09922,0.0146703,-1.21711,4.33562,,1.456e-04,-3.08516
1.472e-04,-3.09922,0.0150625,-1.21,4.33625,,1.472e-04,-3.08516
1.488e-04,-3.09922,0.0156484,-1.21,4.34,,1.488e-04,-3.08438
1.504e-04,-3.1,0.0161797,-1.20992,4.33281,,1.504e-04,-3.08438
1.520e-04,-3.1,0.0169938,-1.21,4.33562,,1.520e-04,-3.08359
1.536e-04,-3.09922,0.0178375,-1.21,4.33625,,1.536e-04,-3.08203
1.552e-04,-3.09922,0.0189578,-1.20742,4.34,,1.552e-04,-3.08125
1.568e-04,-3.1,0.0201219,-1.20359,4.33578,,1.568e-04,-3.08047
1.584e-04,-3.09922,0.0214281,-1.20359,4.33109,,1.584e-04,-3.07891
1.600e-04,-3.09922,0.0229625,-1.20203,4.34,,1.600e-04,-3.07734
1.616e-04,-3.09922,0.0241984,-1.20203,4.33109,,1.616e-04,-3.07578
1.632e-04,-3.1,0.0251937,-1.19102,4.33344,,1.632e-04,-3.07578
1.648e-04,-3.09922,0.0260391,-1.19758,4.33187,,1.648e-04,-3.07422
1.664e-04,-3.09922,0.02685,-1.19,4.33203,,1.664e-04,-3.07344
1.680e-04,-3.10391,0.027325,-1.19,4.33281,,1.680e-04,-3.07734
1.696e-04,-3.10156,0.0274422,-1.19,4.33297,,1.696e-04,-3.075
1.712e-04,-3.09922,0.0269656,-1.18992,4.33406,,1.712e-04,-3.07344
1.728e-04,-3.09922,0.0265125,-1.18828,4.33234,,1.728e-04,-3.07344
1.744e-04,-3.09922,0.0258609,-1.18461,4.33344,,1.744e-04,-3.07422
1.760e-04,-3.1,0.0250391,-1.18273,4.33578,,1.760e-04,-3.07578
1.776e-04,-3.1,0.02355,-1.18258,4.33344,,1.776e-04,-3.07734
1.792e-04,-3.20234,0.0226031,-1.18328,4.33328,,1.792e-04,-3.18047
1.808e-04,-3.09922,0.0213875,-1.18219,4.33391,,1.808e-04,-3.07891
1.824e-04,-3.09922,0.0200578,-1.18125,4.33359,,1.824e-04,-3.07969
1.840e-04,-3.1,0.0190547,-1.17898,4.33062,,1.840e-04,-3.08203
1.856e-04,-3.09922,0.0177484,-1.17695,4.33266,,1.856e-04,-3.08203
1.872e-04,-3.09922,0.0163719,-1.17039,4.34016,,1.872e-04,-3.08359
1.888e-04,-3.09922,0.0153859,-1.17,4.33516,,1.888e-04,-3.08438
1.904e-04,-3.09922,0.0143219,-1.17,4.33453,,1.904e-04,-3.08594
1.920e-04,-3.1,0.0132156,-1.17,4.33219,,1.920e-04,-3.0875
1.936e-04,-3.09922,0.0123922,-1.1668,4.34,,1.936e-04,-3.0875
1.952e-04,-3.09922,0.0114125,-1.16477,4.33594,,1.952e-04,-3.08828
1.968e-04,-3.09922,0.0108391,-1.16414,4.33484,,1.968e-04,-3.08906
1.984e-04,-3.09922,0.0100953,-1.16367,4.33672,,1.984e-04,-3.08984
2.000e-04,-3.1,0.00939844,-1.16266,4.34,,2.000e-04,-3.09141
2.016e-04,-3.1,0.00879531,-1.16164,4.33297,,2.016e-04,-3.09219
2.032e-04,-3.09922,0.00833281,-1.15906,4.33328,,2.032e-04,-3.09141
2.048e-04,-3.1,0.00779219,-1.15555,4.34,,2.048e-04,-3.09297
2.064e-04,-3.1,0.00737813,-1.15,4.34,,2.064e-04,-3.09297
2.080e-04,-3.1,0.00677813,-1.15,4.34,,2.080e-04,-3.09375
2.096e-04,-3.1,0.0062875,-1.15,4.33359,,2.096e-04,-3.09453
2.112e-04,-3.1,0.00596094,-1.15,4.33406,,2.112e-04,-3.09453
2.128e-04,-3.09922,0.00557813,-1.14773,4.34,,2.128e-04,-3.09453
2.144e-04,-3.09922,0.00530469,-1.14477,4.33328,,2.144e-04,-3.09453
2.160e-04,-3.16797,0.0049875,-1.14305,4.335,,2.160e-04,-3.16328
2.176e-04,-3.09922,0.00459063,-1.14195,4.33547,,2.176e-04,-3.09531
2.192e-04,-3.09922,0.00433125,-1.14383,4.34,,2.192e-04,-3.09531
2.208e-04,-3.09922,0.00405156,-1.14125,4.33469,,2.208e-04,-3.09531
2.224e-04,-3.09922,0.00367344,-1.13094,4.34016,,2.224e-04,-3.09609
2.240e-04,-3.09922,0.00336875,-1.13656,4.34,,2.240e-04,-3.09609
2.256e-04,-3.1,0.003075,-1.13391,4.33219,,2.256e-04,-3.09766
2.272e-04,-3.09922,0.00277188,-1.13,4.33187,,2.272e-04,-3.09688
2.288e-04,-3.09922,0.00259219,-1.13,4.33109,,2.288e-04,-3.09688
2.304e-04,-3.1,0.0024125,-1.13,4.33234,,2.304e-04,-3.09766
2.320e-04,-3.09922,0.00250469,-1.12867,4.34,,2.320e-04,-3.09688
2.336e-04,-3.09922,0.00211563,-1.12523,4.33437,,2.336e-04,-3.09766
2.352e-04,-3.1,0.00192031,-1.12992,4.33219,,2.352e-04,-3.09844
2.368e-04,-3.09922,0.00173594,-1.12359,4.33219,,2.368e-04,-3.09766
2.384e-04,-3.09922,0.00139844,-1.12203,4.3325,,2.384e-04,-3.09844
2.400e-04,-3.09922,0.00134531,-1.12063,4.335,,2.400e-04,-3.09844
2.416e-04,-3.09922,0.00110625,-1.11766,4.33203,,2.416e-04,-3.09844
2.432e-04,-3.09922,0.00065,-1.11344,4.33297,,2.432e-04,-3.09922
2.448e-04,-3.09922,0.000584375,-1.11,4.34,,2.448e-04,-3.09922
2.464e-04,-3.09922,0.000204688,-1.11,4.34,,2.464e-04,-3.09922
2.480e-04,-3.09922,0.000190625,-1.10992,4.33406,,2.480e-04,-3.09922
2.496e-04,-3.09922,-0.000175,-1.10883,4.33172,,2.496e-04,-3.1
2.512e-04,-3.09922,0.000178125,-1.10461,4.33219,,2.512e-04,-3.09922
2.528e-04,-3.09922,-0.000235937,-1.10336,4.34,,2.528e-04,-3.1
2.544e-04,-3.1,-0.000207812,-1.10328,4.34,,2.544e-04,-3.10078
2.560e-04,-3.09922,-0.00025,-1.10289,4.33297,,2.560e-04,-3.1
2.576e-04,-3.09922,-0.000279687,-1.10148,4.32937,,2.576e-04,-3.1
2.592e-04,-3.09922,-0.000428125,-1.09102,4.3325,,2.592e-04,-3.1
2.608e-04,-3.1,-0.00039375,-1.09547,4.34,,2.608e-04,-3.10078
2.624e-04,-3.09922,-0.000695312,-1.09,4.34,,2.624e-04,-3.1
2.640e-04,-3.09922,-0.000604687,-1.09008,4.33375,,2.640e-04,-3.1
2.656e-04,-3.09922,-0.0007,-1.09,4.33266,,2.656e-04,-3.1
2.672e-04,-3.09922,-0.000776562,-1.08992,4.33109,,2.672e-04,-3.1
2.688e-04,-3.1,-0.00100156,-1.08797,4.33219,,2.688e-04,-3.10156
2.704e-04,-3.09922,-0.00102344,-1.08586,4.34,,2.704e-04,-3.10078
2.720e-04,-3.09922,-0.00136094,-1.08344,4.33062,,2.720e-04,-3.10078
2.736e-04,-3.1,-0.00103437,-1.08992,4.33094,,2.736e-04,-3.10156
2.752e-04,-3.09922,-0.00124687,-1.08219,4.33281,,2.752e-04,-3.10078
2.768e-04,-3.09922,-0.00139062,-1.07203,4.33312,,2.768e-04,-3.10078
2.784e-04,-3.1,-0.00140781,-1.07938,4.33031,,2.784e-04,-3.10156
2.800e-04,-3.09922,-0.00140156,-1.07016,4.33375,,2.800e-04,-3.10078
2.816e-04,-3.09922,-0.00141406,-1.07055,4.33156,,2.816e-04,-3.10078
2.832e-04,-3.09922,-0.00135156,-1.07,4.33375,,2.832e-04,-3.10078
2.848e-04,-3.09922,-0.00138125,-1.07,4.33094,,2.848e-04,-3.10078
2.864e-04,-3.1,-0.00108437,-1.07,4.33125,,2.864e-04,-3.10156
2.880e-04,-3.09922,-0.00127812,-1.06672,4.33312,,2.880e-04,-3.10078
2.896e-04,-3.09922,-0.00147187,-1.06344,4.33422,,2.896e-04,-3.10078
2.912e-04,-3.09922,-0.00139375,-1.06258,4.33219,,2.912e-04,-3.10078
2.928e-04,-3.09922,-0.00132031,-1.06281,4.34,,2.928e-04,-3.10078
2.944e-04,-3.09922,-0.00135312,-1.06172,4.33203,,2.944e-04,-3.10078
2.960e-04,-3.1,-0.00100625,-1.06023,4.33281,,2.960e-04,-3.10156
2.976e-04,-3.1,-0.00100156,-1.05883,4.33125,,2.976e-04,-3.10156
2.992e-04,-3.09922,-0.000996875,-1.05,4.32969,,2.992e-04,-3.10078
3.008e-04,-3.1,-0.000723437,-1.05,4.33156,,3.008e-04,-3.10078
3.024e-04,-3.09922,-0.000695312,-1.05,4.33125,,3.024e-04,-3.1
3.040e-04,-3.09922,-0.000546875,-1.05,4.33078,,3.040e-04,-3.1
3.056e-04,-3.09922,-0.00021875,-1.04992,4.34,,3.056e-04,-3.1
3.072e-04,-3.09922,-0.000329687,-1.04586,4.33266,,3.072e-04,-3.1
3.088e-04,-3.09922,0.0001625,-1.04445,4.33078,,3.088e-04,-3.09922
3.104e-04,-3.1,0.000503125,-1.04281,4.33391,,3.104e-04,-3.1
3.120e-04,-3.1,0.00056875,-1.0432,4.34,,3.120e-04,-3.1
3.136e-04,-3.1,0.00105313,-1.04258,4.33156,,3.136e-04,-3.09922
3.152e-04,-3.09922,0.00153125,-1.04117,4.33172,,3.152e-04,-3.09844
3.168e-04,-3.09922,0.00188438,-1.03016,4.34,,3.168e-04,-3.09766
3.184e-04,-3.09922,0.00259063,-1.03398,4.33094,,3.184e-04,-3.09688
3.200e-04,-3.09922,0.00294219,-1.03,4.34,,3.200e-04,-3.09688
3.216e-04,-3.1,0.00359063,-1.03,4.33234,,3.216e-04,-3.09688
3.232e-04,-3.09922,0.00435469,-1.03,4.34,,3.232e-04,-3.09531
3.248e-04,-3.1,0.00537344,-1.03,4.33125,,3.248e-04,-3.09531
3.264e-04,-3.09922,0.00617031,-1.02563,4.33344,,3.264e-04,-3.09375
3.280e-04,-3.09922,0.00709844,-1.02336,4.33359,,3.280e-04,-3.09297
3.296e-04,-3.09922,0.00844063,-1.0232,4.33266,,3.296e-04,-3.09141
3.312e-04,-3.1,0.0101344,-1.02289,4.34,,3.312e-04,-3.09063
3.328e-04,-3.09922,0.0116656,-1.02234,4.33531,,3.328e-04,-3.08828
3.344e-04,-3.1,0.0135188,-1.01992,4.33234,,3.344e-04,-3.0875
3.360e-04,-3.09922,0.0155219,-1.01016,4.33266,,3.360e-04,-3.08438
3.376e-04,-3.1,0.0174703,-1.01266,4.33094,,3.376e-04,-3.08359
3.392e-04,-3.09922,0.0195781,-1.01,4.33125,,3.392e-04,-3.08047
3.408e-04,-3.09922,0.0219125,-1.01,4.33203,,3.408e-04,-3.07812
3.424e-04,-3.09922,0.0237656,-1.01,4.335,,3.424e-04,-3.07656
3.440e-04,-3.09844,0.0256984,-1.00906,4.33234,,3.440e-04,-3.07344
3.456e-04,-3.09922,0.0274547,-1.00648,4.33203,,3.456e-04,-3.07266
3.472e-04,-3.08906,0.0285453,-1.00438,4.33156,,3.472e-04,-3.06172
3.488e-04,-3.09922,0.0293516,-1.00344,4.33531,,3.488e-04,-3.07109
3.504e-04,-3.09922,0.0298203,-1.0018,4.33219,,3.504e-04,-3.07031
3.520e-04,-3.09922,0.0297062,-1.00109,4.33187,,3.520e-04,-3.07031
3.536e-04,-3.09922,0.02905,-0.997578,4.33141,,3.536e-04,-3.07109
3.552e-04,-3.09922,0.0281172,-0.99375,4.33281,,3.552e-04,-3.07188
3.568e-04,-3.09922,0.0270125,-0.990078,4.32969,,3.568e-04,-3.07344
3.584e-04,-3.07031,0.0253859,-0.99,4.32906,,3.584e-04,-3.04609
3.600e-04,-3.06562,0.0239719,-0.99,4.33203,,3.600e-04,-3.04297
3.616e-04,-3.07656,0.0223031,-0.989219,4.33562,,3.616e-04,-3.05547
3.632e-04,-3.09922,0.0202,-0.985078,4.33047,,3.632e-04,-3.07969
3.648e-04,-3.09922,0.0185766,-0.984688,4.33016,,3.648e-04,-3.08125
3.664e-04,-3.09922,0.0166375,-0.984609,4.34,,3.664e-04,-3.08359
3.680e-04,-3.05781,0.0147828,-0.98375,4.34,,3.680e-04,-3.04375
3.696e-04,-3.09922,0.0131188,-0.982109,4.33094,,3.696e-04,-3.08672
3.712e-04,-3.09922,0.0116563,-0.981016,4.34,,3.712e-04,-3.08828
3.728e-04,-3.05312,0.0100375,-0.9775,4.33016,,3.728e-04,-3.04375
3.744e-04,-3.04687,0.00855938,-0.971797,4.33047,,3.744e-04,-3.03906
3.760e-04,-3.03828,0.00689688,-0.97,4.33141,,3.760e-04,-3.03203
3.776e-04,-3.09922,0.00581094,-0.97,4.33266,,3.776e-04,-3.09375
3.792e-04,-3.02656,0.00485938,-0.97,4.33125,,3.792e-04,-3.02188
3.808e-04,-3.03203,0.0036,-0.967109,4.32969,,3.808e-04,-3.02891
3.824e-04,-3.02422,0.0028625,-0.964922,4.33094,,3.824e-04,-3.02188
3.840e-04,-3.02422,0.00177188,-0.963672,4.32969,,3.840e-04,-3.02266
3.856e-04,-3.09922,0.000854688,-0.962969,4.34,,3.856e-04,-3.09844
3.872e-04,-3.09922,0.000115625,-0.962656,4.33172,,3.872e-04,-3.09922
3.888e-04,-3.02734,-0.0007125,-0.962344,4.33156,,3.888e-04,-3.02813
3.904e-04,-3.09922,-0.00132344,-0.961563,4.34016,,3.904e-04,-3.10078
3.920e-04,-3.02422,-0.00201406,-0.950078,4.32969,,3.920e-04,-3.02656
3.936e-04,-3.02109,-0.00268594,-0.950156,4.34,,3.936e-04,-3.02422
3.952e-04,-3.02187,-0.00321406,-0.950078,4.33984,,3.952e-04,-3.02578
3.968e-04,-3.01953,-0.00356562,-0.95,4.32984,,3.968e-04,-3.02344
3.984e-04,-3.02812,-0.00439375,-0.95,4.33266,,3.984e-04,-3.03281
4.000e-04,-3.01797,-0.00465312,-0.95,4.33016,,4.000e-04,-3.02266
4.016e-04,-3.02344,-0.00535156,-0.945547,4.32953,,4.016e-04,-3.02891
4.032e-04,-3.03125,-0.00540469,-0.943672,4.34,,4.032e-04,-3.03672
4.048e-04,-3.02812,-0.00613125,-0.943281,4.33375,,4.048e-04,-3.03438
4.064e-04,-3.02266,-0.00637656,-0.942109,4.33078,,4.064e-04,-3.02891
4.080e-04,-3.03437,-0.00682969,-0.942188,4.33344,,4.080e-04,-3.04141
4.096e-04,-3.02734,-0.00741406,-0.939609,4.34,,4.096e-04,-3.03516
4.112e-04,-3.03281,-0.0077125,-0.935078,4.32906,,4.112e-04,-3.04063
4.128e-04,-3.01953,-0.00812656,-0.93,4.33984,,4.128e-04,-3.02813
4.144e-04,-3.01328,-0.00844375,-0.93,4.33297,,4.144e-04,-3.02188
4.160e-04,-3.02187,-0.00845625,-0.93,4.32906,,4.160e-04,-3.03047
4.176e-04,-3.09844,-0.00906719,-0.93,4.33047,,4.176e-04,-3.10781
4.192e-04,-3.02187,-0.00933125,-0.925859,4.32906,,4.192e-04,-3.03125
4.208e-04,-3.01562,-0.00980312,-0.923438,4.33281,,4.208e-04,-3.02578
4.224e-04,-3.00937,-0.00981875,-0.922891,4.34,,4.224e-04,-3.01953
4.240e-04,-3.09844,-0.0102656,-0.922813,4.34,,4.240e-04,-3.10859
4.256e-04,-3.01016,-0.0105375,-0.922188,4.33234,,4.256e-04,-3.02109
4.272e-04,-3.01484,-0.0108094,-0.93,4.33109,,4.272e-04,-3.02578
4.288e-04,-3.00391,-0.0110031,-0.920391,4.33016,,4.288e-04,-3.01484
4.304e-04,-3.00234,-0.0110734,-0.918125,4.33172,,4.304e-04,-3.01328
4.320e-04,-2.99609,-0.0111266,-0.910156,4.33156,,4.320e-04,-3.00703
4.336e-04,-2.99375,-0.0116453,-0.91,4.32969,,4.336e-04,-3.00547
4.352e-04,-2.98516,-0.0118125,-0.909922,4.33016,,4.352e-04,-2.99688
4.368e-04,-2.98047,-0.0121328,-0.909922,4.32984,,4.368e-04,-2.99297
4.384e-04,-2.97812,-0.0122719,-0.909141,4.32891,,4.384e-04,-2.99063
4.400e-04,-2.97187,-0.012475,-0.905391,4.33328,,4.400e-04,-2.98438
4.416e-04,-2.95391,-0.0126047,-0.903984,4.33187,,4.416e-04,-2.96641
4.432e-04,-2.95156,-0.0127703,-0.903828,4.33203,,4.432e-04,-2.96406
4.448e-04,-2.93594,-0.0130766,-0.902578,4.32937,,4.448e-04,-2.94922
4.464e-04,-2.9375,-0.0130562,-0.899844,4.33172,,4.464e-04,-2.95078
4.480e-04,-2.92578,-0.0134141,-0.897969,4.33281,,4.480e-04,-2.93906
4.496e-04,-2.92266,-0.0134391,-0.892266,4.34,,4.496e-04,-2.93594
4.512e-04,-2.90937,-0.0136766,-0.890156,4.34,,4.512e-04,-2.92344
4.528e-04,-2.89922,-0.0139328,-0.89,4.33156,,4.528e-04,-2.91328
4.544e-04,-2.89922,-0.0140484,-0.890078,4.33109,,4.544e-04,-2.91328
4.560e-04,-2.9,-0.0143469,-0.888047,4.33984,,4.560e-04,-2.91406
4.576e-04,-2.9,-0.0144516,-0.885469,4.33094,,4.576e-04,-2.91484
4.592e-04,-2.9,-0.0147391,-0.883203,4.32812,,4.592e-04,-2.91484
4.608e-04,-2.9,-0.0145609,-0.882813,4.33125,,4.608e-04,-2.91484
4.624e-04,-2.89922,-0.0147312,-0.882344,4.34,,4.624e-04,-2.91406
4.640e-04,-2.89922,-0.0150187,-0.880547,4.33062,,4.640e-04,-2.91406
4.656e-04,-2.9,-0.01505,-0.878047,4.33281,,4.656e-04,-2.91484
4.672e-04,-2.89922,-0.0152656,-0.875547,4.32844,,4.672e-04,-2.91484
4.688e-04,-2.89922,-0.0153984,-0.871875,4.33297,,4.688e-04,-2.91484
4.704e-04,-2.89922,-0.0154594,-0.87,4.33297,,4.704e-04,-2.91484
4.720e-04,-2.89922,-0.0155516,-0.87,4.33266,,4.720e-04,-2.91484
4.736e-04,-2.89922,-0.0157984,-0.87,4.32953,,4.736e-04,-2.91484
4.752e-04,-2.9,-0.0161812,-0.8675,4.33344,,4.752e-04,-2.91641
4.768e-04,-2.89922,-0.0161094,-0.865859,4.33125,,4.768e-04,-2.91563
4.784e-04,-2.89922,-0.0161922,-0.863984,4.33047,,4.784e-04,-2.91563
4.800e-04,-2.89922,-0.0161922,-0.863984,4.32984,,4.800e-04,-2.91563
4.816e-04,-2.89922,-0.0161969,-0.863047,4.34,,4.816e-04,-2.91563
4.832e-04,-2.89922,-0.0162359,-0.861641,4.32844,,4.832e-04,-2.91563
4.848e-04,-2.89922,-0.0169031,-0.859219,4.34016,,4.848e-04,-2.91641
4.864e-04,-2.89922,-0.0166,-0.857266,4.32969,,4.864e-04,-2.91563
4.880e-04,-2.89219,-0.0167469,-0.85,4.33984,,4.880e-04,-2.90859
4.896e-04,-2.89922,-0.0167391,-0.85,4.32953,,4.896e-04,-2.91563
4.912e-04,-2.89922,-0.0169844,-0.85,4.33031,,4.912e-04,-2.91641
4.928e-04,-2.86719,-0.0170578,-0.85,4.32859,,4.928e-04,-2.88438
4.944e-04,-2.84531,-0.0170781,-0.848281,4.33156,,4.944e-04,-2.8625
4.960e-04,-2.84453,-0.0170062,-0.849922,4.33266,,4.960e-04,-2.86172
4.976e-04,-2.81953,-0.0171984,-0.849922,4.33109,,4.976e-04,-2.83672
4.992e-04,-2.79219,-0.0172562,-0.843594,4.32922,,4.992e-04,-2.80938
5.008e-04,-2.76484,-0.0173609,-0.843828,4.32859,,5.008e-04,-2.78203
5.024e-04,-2.74297,-0.0174234,-0.842031,4.33125,,5.024e-04,-2.76016
5.040e-04,-2.70156,-0.0176797,-0.840859,4.32906,,5.040e-04,-2.71953
5.056e-04,-2.7,-0.0178156,-0.837734,4.33,,5.056e-04,-2.71797
5.072e-04,-2.69922,-0.0178031,-0.832266,4.33094,,5.072e-04,-2.71719
5.088e-04,-2.69922,-0.0176672,-0.829922,4.33047,,5.088e-04,-2.71719
5.104e-04,-2.69922,-0.017825,-0.83,4.33156,,5.104e-04,-2.71719
5.120e-04,-2.69922,-0.0178031,-0.83,4.32891,,5.120e-04,-2.71719
5.136e-04,-2.69922,-0.0178641,-0.827656,4.33094,,5.136e-04,-2.71719
5.152e-04,-2.69375,-0.0178453,-0.825313,4.33219,,5.152e-04,-2.71172
5.168e-04,-2.68516,-0.0181703,-0.829922,4.32734,,5.168e-04,-2.70312
5.184e-04,-2.60078,-0.0180437,-0.822656,4.32891,,5.184e-04,-2.61875
5.200e-04,-2.62891,-0.0181344,-0.822656,4.33094,,5.200e-04,-2.64688
5.216e-04,-2.53125,-0.0182422,-0.821016,4.32969,,5.216e-04,-2.54922
5.232e-04,-2.49922,-0.0182172,-0.820313,4.33047,,5.232e-04,-2.51719
5.248e-04,-2.49922,-0.0182375,-0.817813,4.33016,,5.248e-04,-2.51719
5.264e-04,-2.49922,-0.0182437,-0.81,4.33016,,5.264e-04,-2.51719
5.280e-04,-2.49922,-0.0182703,-0.81,4.33062,,5.280e-04,-2.51719
5.296e-04,-2.49922,-0.0182344,-0.81,4.34,,5.296e-04,-2.51719
5.312e-04,-2.49766,-0.0186203,-0.81,4.32953,,5.312e-04,-2.51641
5.328e-04,-2.49922,-0.0184891,-0.809297,4.33187,,5.328e-04,-2.51797
5.344e-04,-2.48516,-0.0186125,-0.806094,4.33156,,5.344e-04,-2.50391
5.360e-04,-2.36719,-0.0187172,-0.806016,4.33031,,5.360e-04,-2.38594
5.376e-04,-2.31172,-0.0187859,-0.803359,4.33172,,5.376e-04,-2.33047
5.392e-04,-2.29922,-0.0189812,-0.802813,4.33984,,5.392e-04,-2.31797
5.408e-04,-2.28125,-0.0186406,-0.800938,4.32969,,5.408e-04,-2.3
5.424e-04,-2.21328,-0.0187094,-0.799375,4.33047,,5.424e-04,-2.23203
5.440e-04,-2.16641,-0.0186297,-0.796797,4.32859,,5.440e-04,-2.18516
5.456e-04,-2.08906,-0.0187156,-0.79,4.33141,,5.456e-04,-2.10781
5.472e-04,-1.99531,-0.0188,-0.789922,4.30797,,5.472e-04,-2.01406
5.488e-04,-1.94453,-0.0189641,-0.79,4.32844,,5.488e-04,-1.96328
5.504e-04,-1.86172,-0.0190125,-0.79,4.32906,,5.504e-04,-1.88047
5.520e-04,-1.73984,-0.0188734,-0.79,4.32984,,5.520e-04,-1.75859
5.536e-04,-1.65078,-0.018975,-0.789922,4.32812,,5.536e-04,-1.66953
5.552e-04,-1.5,-0.0191469,-0.78375,4.32844,,5.552e-04,-1.51875
5.568e-04,-1.36328,-0.0191281,-0.782891,4.33062,,5.568e-04,-1.38203
5.584e-04,-1.19375,-0.0190703,-0.782344,4.33062,,5.584e-04,-1.2125
5.600e-04,-0.985156,-0.0190766,-0.781563,4.33016,,5.600e-04,-1.00391
5.616e-04,-0.728125,-0.0191781,-0.780781,4.33141,,5.616e-04,-0.746875
5.632e-04,-0.399218,-0.0191578,-0.779063,4.34,,5.632e-04,-0.417969
5.648e-04,0.0429692,-0.0190953,-0.777109,4.32906,,5.648e-04,0.0242188
5.664e-04,0.600782,-0.019,-0.773359,4.34,,5.664e-04,0.582031
5.680e-04,1.3375,-0.0190406,-0.77,4.33125,,5.680e-04,1.31875
5.696e-04,2.32109,-0.0190062,-0.77,4.32625,,5.696e-04,2.30234
5.712e-04,3.61406,-0.019175,-0.77,4.33,,5.712e-04,3.59531
5.728e-04,5.34844,-0.0189406,-0.77,4.33078,,5.728e-04,5.32969
5.744e-04,7.61953,-0.0190094,-0.767266,4.32812,,5.744e-04,7.60078
5.760e-04,10.3742,-0.0187641,-0.764141,4.34,,5.760e-04,10.3555
5.776e-04,13.5188,-0.019,-0.761953,4.32875,,5.776e-04,13.5
5.792e-04,16.8383,-0.0190062,-0.761719,4.33094,,5.792e-04,16.8195
5.808e-04,20.068,-0.0190078,-0.759531,4.32891,,5.808e-04,20.0492
5.824e-04,22.7703,-0.0188937,-0.757891,4.32828,,5.824e-04,22.7516
5.840e-04,24.5617,-0.019,-0.754688,4.34,,5.840e-04,24.543
5.856e-04,25.2055,-0.0187031,-0.75,4.32828,,5.856e-04,25.1867
5.872e-04,24.632,-0.0188922,-0.749922,4.34,,5.872e-04,24.6133
5.888e-04,23.0547,-0.0184359,-0.75,4.33141,,5.888e-04,23.0359
5.904e-04,20.6914,-0.0188578,-0.749922,4.32969,,5.904e-04,20.6727
5.920e-04,17.843,-0.0186344,-0.747891,4.34016,,5.920e-04,17.8242
5.936e-04,14.8352,-0.0184359,-0.744531,4.32719,,5.936e-04,14.8164
5.952e-04,11.8891,-0.0188453,-0.742734,4.34,,5.952e-04,11.8703
5.968e-04,9.18125,-0.0188609,-0.741641,4.33062,,5.968e-04,9.1625
5.984e-04,6.85078,-0.0186016,-0.740781,4.32984,,5.984e-04,6.83203
6.000e-04,4.91953,-0.0186094,-0.739844,4.32812,,6.000e-04,4.90078
6.016e-04,3.33359,-0.0185625,-0.738125,4.34016,,6.016e-04,3.31484
6.032e-04,2.08828,-0.0185219,-0.73,4.32875,,6.032e-04,2.06953
6.048e-04,1.11563,-0.0181891,-0.73,4.33344,,6.048e-04,1.09766
6.064e-04,0.358594,-0.0182156,-0.73,4.34,,6.064e-04,0.340625
6.080e-04,-0.238281,-0.0182047,-0.73,4.33031,,6.080e-04,-0.25625
6.096e-04,-0.725,-0.0181703,-0.73,4.34,,6.096e-04,-0.742969
6.112e-04,-1.08047,-0.0178687,-0.728984,4.33172,,6.112e-04,-1.09844
6.128e-04,-1.37891,-0.0178516,-0.725781,4.32984,,6.128e-04,-1.39688
6.144e-04,-1.63437,-0.0178094,-0.729922,4.32781,,6.144e-04,-1.65234
6.160e-04,-1.83359,-0.0176797,-0.7225,4.32953,,6.160e-04,-1.85156
6.176e-04,-1.97656,-0.0177312,-0.720391,4.33062,,6.176e-04,-1.99453
6.192e-04,-2.12266,-0.0176203,-0.718594,4.32828,,6.192e-04,-2.14062
6.208e-04,-2.25859,-0.0172703,-0.71,4.34,,6.208e-04,-2.27578
6.224e-04,-2.3125,-0.0174953,-0.712813,4.34,,6.224e-04,-2.32969
6.240e-04,-2.40234,-0.0171172,-0.71,4.33031,,6.240e-04,-2.41953
6.256e-04,-2.50078,-0.0168687,-0.71,4.34,,6.256e-04,-2.51797
6.272e-04,-2.52031,-0.0167422,-0.71,4.34,,6.272e-04,-2.53672
6.288e-04,-2.54922,-0.0165484,-0.71,4.32828,,6.288e-04,-2.56563
6.304e-04,-2.60547,-0.0164062,-0.706563,4.33125,,6.304e-04,-2.62188
6.320e-04,-2.69922,-0.0160984,-0.709922,4.34,,6.320e-04,-2.71563
6.336e-04,-2.7,-0.0157969,-0.70375,4.33,,6.336e-04,-2.71563
6.352e-04,-2.70781,-0.0153859,-0.702109,4.32984,,6.352e-04,-2.72344
6.368e-04,-2.77422,-0.0151672,-0.699375,4.33031,,6.368e-04,-2.78906
6.384e-04,-2.825,-0.0146266,-0.696875,4.33047,,6.384e-04,-2.83984
6.400e-04,-2.89922,-0.0142562,-0.693438,4.34,,6.400e-04,-2.91328
6.416e-04,-2.875,-0.0135,-0.69,4.33031,,6.416e-04,-2.88828
6.432e-04,-2.9,-0.0132109,-0.69,4.33016,,6.432e-04,-2.91328
6.448e-04,-2.89922,-0.0126094,-0.69,4.32969,,6.448e-04,-2.91172
6.464e-04,-2.9,-0.0126453,-0.687422,4.32906,,6.464e-04,-2.9125
6.480e-04,-2.9,-0.012125,-0.689922,4.32969,,6.480e-04,-2.9125
6.496e-04,-2.9,-0.0117969,-0.683672,4.33016,,6.496e-04,-2.91172
6.512e-04,-2.93359,-0.0117687,-0.683828,4.32984,,6.512e-04,-2.94531
6.528e-04,-2.96953,-0.0117062,-0.683047,4.33109,,6.528e-04,-2.98125
6.544e-04,-2.97734,-0.01155,-0.680859,4.32875,,6.544e-04,-2.98906
6.560e-04,-3.00156,-0.0118172,-0.679063,4.32891,,6.560e-04,-3.01328
6.576e-04,-3.01562,-0.0121156,-0.670234,4.34,,6.576e-04,-3.02813
6.592e-04,-3.01328,-0.0121766,-0.67,4.34,,6.592e-04,-3.02578
6.608e-04,-3.01953,-0.0125406,-0.67,4.34,,6.608e-04,-3.03203
6.624e-04,-3.02187,-0.0127453,-0.67,4.32797,,6.624e-04,-3.03438
6.640e-04,-3.03516,-0.0130109,-0.67,4.32719,,6.640e-04,-3.04844
6.656e-04,-3.03281,-0.0134109,-0.667734,4.33187,,6.656e-04,-3.04609
6.672e-04,-3.03984,-0.0138531,-0.664375,4.33031,,6.672e-04,-3.05391
6.688e-04,-3.03984,-0.0139187,-0.664219,4.34,,6.688e-04,-3.05391
6.704e-04,-3.09922,-0.0142078,-0.663516,4.3075,,6.704e-04,-3.11328
6.720e-04,-3.04141,-0.0146187,-0.669922,4.34,,6.720e-04,-3.05625
6.736e-04,-3.04844,-0.0146156,-0.661016,4.34,,6.736e-04,-3.06328
6.752e-04,-3.04297,-0.0149891,-0.658594,4.32828,,6.752e-04,-3.05781
6.768e-04,-3.05781,-0.0149266,-0.65,4.32781,,6.768e-04,-3.07266
6.784e-04,-3.09922,-0.0150547,-0.650078,4.33109,,6.784e-04,-3.11406
6.800e-04,-3.05391,-0.0150141,-0.65,4.33078,,6.800e-04,-3.06875
6.816e-04,-3.05469,-0.0151047,-0.649922,4.33078,,6.816e-04,-3.06953
6.832e-04,-3.06953,-0.0151797,-0.648984,4.33047,,6.832e-04,-3.08438
6.848e-04,-3.09922,-0.0152344,-0.645,4.34,,6.848e-04,-3.11484
6.864e-04,-3.0625,-0.0152641,-0.642891,4.33437,,6.864e-04,-3.07812
6.880e-04,-3.09922,-0.01565,-0.642109,4.3325,,6.880e-04,-3.11484
6.896e-04,-3.07656,-0.0155734,-0.642656,4.34,,6.896e-04,-3.09219
6.912e-04,-3.07578,-0.0156687,-0.642578,4.33141,,6.912e-04,-3.09141
6.928e-04,-3.09922,-0.0154094,-0.641563,4.33187,,6.928e-04,-3.11484
6.944e-04,-3.09922,-0.0154203,-0.648125,4.32922,,6.944e-04,-3.11484
6.960e-04,-3.08594,-0.0154375,-0.633906,4.32922,,6.960e-04,-3.10156
6.976e-04,-3.09922,-0.0154187,-0.63,4.32953,,6.976e-04,-3.11484
6.992e-04,-3.09375,-0.0154344,-0.629922,4.32812,,6.992e-04,-3.10938
7.008e-04,-3.09922,-0.0153641,-0.63,4.34,,7.008e-04,-3.11484
7.024e-04,-3.09922,-0.0154172,-0.629375,4.33016,,7.024e-04,-3.11484
7.040e-04,-3.09922,-0.0153875,-0.625547,4.33,,7.040e-04,-3.11484
7.056e-04,-3.09922,-0.0153625,-0.623047,4.33,,7.056e-04,-3.11484
7.072e-04,-3.09922,-0.0150047,-0.622969,4.33,,7.072e-04,-3.11406
7.088e-04,-3.09922,-0.015125,-0.622969,4.34,,7.088e-04,-3.11406
7.104e-04,-3.09922,-0.0150094,-0.629922,4.33234,,7.104e-04,-3.11406
7.120e-04,-3.1,-0.0149297,-0.622422,4.32641,,7.120e-04,-3.11484
7.136e-04,-3.1,-0.0147703,-0.622031,4.32875,,7.136e-04,-3.11484
7.152e-04,-3.09922,-0.0147297,-0.618906,4.32844,,7.152e-04,-3.11406
7.168e-04,-3.09922,-0.0147609,-0.610078,4.32891,,7.168e-04,-3.11406
7.184e-04,-3.09922,-0.0146047,-0.61,4.32687,,7.184e-04,-3.11406
7.200e-04,-3.09922,-0.0146172,-0.61,4.33203,,7.200e-04,-3.11406
7.216e-04,-3.09922,-0.0144016,-0.61,4.32937,,7.216e-04,-3.11406
7.232e-04,-3.09922,-0.0144172,-0.61,4.32906,,7.232e-04,-3.11406
7.248e-04,-3.09922,-0.0144922,-0.606094,4.34,,7.248e-04,-3.11406
7.264e-04,-3.09922,-0.0142109,-0.603906,4.33016,,7.264e-04,-3.11328
7.280e-04,-3.09922,-0.0143766,-0.609922,4.32859,,7.280e-04,-3.11328
7.296e-04,-3.09922,-0.0142234,-0.603125,4.30547,,7.296e-04,-3.11328
7.312e-04,-3.09922,-0.0141844,-0.604375,4.34,,7.312e-04,-3.11328
7.328e-04,-3.09922,-0.0138234,-0.60125,4.34,,7.328e-04,-3.11328
7.344e-04,-3.09922,-0.0140719,-0.59875,4.32906,,7.344e-04,-3.11328
7.360e-04,-3.09922,-0.0137578,-0.593672,4.32891,,7.360e-04,-3.11328
7.376e-04,-3.09922,-0.0137625,-0.59,4.32969,,7.376e-04,-3.11328
7.392e-04,-3.09922,-0.0138,-0.59,4.32984,,7.392e-04,-3.11328
7.408e-04,-3.09922,-0.0134016,-0.59,4.33172,,7.408e-04,-3.1125
7.424e-04,-3.09922,-0.0133984,-0.59,4.33172,,7.424e-04,-3.1125
7.440e-04,-3.09922,-0.0132547,-0.586719,4.32719,,7.440e-04,-3.1125
7.456e-04,-3.1,-0.0131984,-0.58375,4.32922,,7.456e-04,-3.11328
7.472e-04,-3.1,-0.0131047,-0.584297,4.34,,7.472e-04,-3.11328
7.488e-04,-3.09922,-0.0130016,-0.583203,4.33016,,7.488e-04,-3.1125
7.504e-04,-3.09922,-0.0128578,-0.581719,4.34,,7.504e-04,-3.1125
7.520e-04,-3.09922,-0.0129031,-0.579609,4.34,,7.520e-04,-3.1125
7.536e-04,-3.09922,-0.0127297,-0.576094,4.33047,,7.536e-04,-3.11172
7.552e-04,-3.09922,-0.0127219,-0.57,4.32969,,7.552e-04,-3.11172
7.568e-04,-3.09922,-0.0125797,-0.570078,4.32875,,7.568e-04,-3.11172
7.584e-04,-3.09922,-0.0123719,-0.57,4.32766,,7.584e-04,-3.11172
7.600e-04,-3.09922,-0.0124625,-0.57,4.32906,,7.600e-04,-3.11172
7.616e-04,-3.1,-0.0122516,-0.569922,4.32828,,7.616e-04,-3.1125
7.632e-04,-3.09922,-0.0121547,-0.569922,4.33031,,7.632e-04,-3.11172
7.648e-04,-3.09922,-0.0119812,-0.562656,4.32734,,7.648e-04,-3.11094
7.664e-04,-3.1,-0.0118031,-0.561797,4.33109,,7.664e-04,-3.11172
7.680e-04,-3.09922,-0.0116,-0.569922,4.34,,7.680e-04,-3.11094
7.696e-04,-3.09922,-0.0114875,-0.562266,4.34,,7.696e-04,-3.11094
7.712e-04,-3.09922,-0.0113969,-0.562578,4.32891,,7.712e-04,-3.11094
7.728e-04,-3.1,-0.0114078,-0.559609,4.32922,,7.728e-04,-3.11172
7.744e-04,-3.09922,-0.0113422,-0.555781,4.32734,,7.744e-04,-3.11094
7.760e-04,-3.09922,-0.0110094,-0.552188,4.34,,7.760e-04,-3.11016
7.776e-04,-3.1,-0.0109812,-0.55,4.34,,7.776e-04,-3.11094
7.792e-04,-3.09922,-0.0108531,-0.55,4.32875,,7.792e-04,-3.11016
7.808e-04,-3.1,-0.0108687,-0.55,4.33031,,7.808e-04,-3.11094
7.824e-04,-3.1,-0.0105547,-0.548828,4.32703,,7.824e-04,-3.11094
7.840e-04,-3.1,-0.0106016,-0.544453,4.33078,,7.840e-04,-3.11094
7.856e-04,-3.09922,-0.0102297,-0.544531,4.33047,,7.856e-04,-3.10938
7.872e-04,-3.09922,-0.0102219,-0.542891,4.32984,,7.872e-04,-3.10938
7.888e-04,-3.09922,-0.00981562,-0.542109,4.32937,,7.888e-04,-3.10938
7.904e-04,-3.09922,-0.00993281,-0.540391,4.32906,,7.904e-04,-3.10938
7.920e-04,-3.09922,-0.0099625,-0.538203,4.32906,,7.920e-04,-3.10938
7.936e-04,-3.1,-0.00978906,-0.535078,4.34,,7.936e-04,-3.11016
7.952e-04,-3.09922,-0.00958437,-0.53,4.32766,,7.952e-04,-3.10859
7.968e-04,-3.09922,-0.00941406,-0.529922,4.32844,,7.968e-04,-3.10859
7.984e-04,-3.09922,-0.00905312,-0.53,4.32906,,7.984e-04,-3.10859
8.000e-04,-3.09922,-0.00908437,-0.529609,4.32828,,8.000e-04,-3.10859
8.016e-04,-3.09922,-0.00915937,-0.525313,4.33062,,8.016e-04,-3.10859
8.032e-04,-3.09922,-0.00891094,-0.523438,4.32891,,8.032e-04,-3.10859
8.048e-04,-3.09922,-0.00860156,-0.522891,4.32906,,8.048e-04,-3.10781
8.064e-04,-3.09922,-0.00861719,-0.522656,4.33016,,8.064e-04,-3.10781
8.080e-04,-3.09922,-0.00837969,-0.529922,4.32859,,8.080e-04,-3.10781
8.096e-04,-3.09922,-0.00834687,-0.522031,4.32891,,8.096e-04,-3.10781
8.112e-04,-3.09922,-0.00824375,-0.52,4.32859,,8.112e-04,-3.10781
8.128e-04,-3.09922,-0.00815,-0.517813,4.34,,8.128e-04,-3.10781
8.144e-04,-3.09922,-0.00787187,-0.512188,4.32984,,8.144e-04,-3.10703
8.160e-04,-3.1,-0.00762344,-0.509922,4.32781,,8.160e-04,-3.10781
8.176e-04,-3.09922,-0.00776875,-0.51,4.33094,,8.176e-04,-3.10703
8.192e-04,-3.09922,-0.00741094,-0.51,4.33141,,8.192e-04,-3.10703
8.208e-04,-3.09922,-0.00739531,-0.509453,4.3275,,8.208e-04,-3.10703
8.224e-04,-3.09922,-0.00704375,-0.504375,4.33156,,8.224e-04,-3.10625
8.240e-04,-3.1,-0.00699062,-0.503516,4.32969,,8.240e-04,-3.10703
8.256e-04,-3.09922,-0.0063125,-0.503281,4.34,,8.256e-04,-3.10547
8.272e-04,-3.09922,-0.00645312,-0.502813,4.32953,,8.272e-04,-3.10625
8.288e-04,-3.09922,-0.00625,-0.502578,4.32922,,8.288e-04,-3.10547
8.304e-04,-3.09922,-0.00632812,-0.500781,4.33094,,8.304e-04,-3.10547
8.320e-04,-3.09922,-0.00612969,-0.490313,4.32734,,8.320e-04,-3.10547
8.336e-04,-3.1,-0.00604219,-0.495469,4.32797,,8.336e-04,-3.10625
8.352e-04,-3.09922,-0.00589687,-0.490078,4.33031,,8.352e-04,-3.10547
8.368e-04,-3.09922,-0.00579375,-0.489922,4.34,,8.368e-04,-3.10547
8.384e-04,-3.09922,-0.00574219,-0.49,4.33016,,8.384e-04,-3.10547
8.400e-04,-3.1,-0.005275,-0.49,4.32844,,8.400e-04,-3.10547
8.416e-04,-3.1,-0.0052125,-0.486328,4.32891,,8.416e-04,-3.10547
8.432e-04,-3.09922,-0.00504844,-0.484531,4.34,,8.432e-04,-3.10469
8.448e-04,-3.09922,-0.00469062,-0.482891,4.33,,8.448e-04,-3.10391
8.464e-04,-3.09922,-0.00462031,-0.48375,4.32906,,8.464e-04,-3.10391
8.480e-04,-3.09922,-0.00454375,-0.483594,4.33062,,8.480e-04,-3.10391
8.496e-04,-3.09922,-0.00437187,-0.481484,4.32922,,8.496e-04,-3.10391
8.512e-04,-3.09922,-0.00419687,-0.478125,4.32687,,8.512e-04,-3.10391
8.528e-04,-3.09922,-0.00396562,-0.47375,4.32672,,8.528e-04,-3.10313
8.544e-04,-3.09922,-0.00378281,-0.47,4.32828,,8.544e-04,-3.10313
8.560e-04,-3.1,-0.00357344,-0.47,4.32859,,8.560e-04,-3.10391
8.576e-04,-3.09922,-0.00348125,-0.469922,4.33047,,8.576e-04,-3.10313
8.592e-04,-3.1,-0.00339531,-0.469844,4.32922,,8.592e-04,-3.10391
8.608e-04,-3.09922,-0.00299844,-0.466172,4.32984,,8.608e-04,-3.10234
8.624e-04,-3.09922,-0.00295312,-0.462969,4.30578,,8.624e-04,-3.10234
8.640e-04,-3.09922,-0.00267969,-0.462734,4.32828,,8.640e-04,-3.10234
8.656e-04,-3.09922,-0.00239531,-0.463359,4.33016,,8.656e-04,-3.10156
8.672e-04,-3.1,-0.00226875,-0.462969,4.32906,,8.672e-04,-3.10234
8.688e-04,-3.09922,-0.00215469,-0.469922,4.32969,,8.688e-04,-3.10156
8.704e-04,-3.09922,-0.00185937,-0.459219,4.32719,,8.704e-04,-3.10156
8.720e-04,-3.1,-0.0017375,-0.455391,4.34,,8.720e-04,-3.10234
8.736e-04,-3.09922,-0.00179687,-0.45,4.32875,,8.736e-04,-3.10156
8.752e-04,-3.09922,-0.00145312,-0.45,4.32984,,8.752e-04,-3.10078
8.768e-04,-3.1,-0.00125625,-0.45,4.33187,,8.768e-04,-3.10156
8.784e-04,-3.09922,-0.00113906,-0.449609,4.32969,,8.784e-04,-3.10078
8.800e-04,-3.09922,-0.000892187,-0.445078,4.32672,,8.800e-04,-3.10078
8.816e-04,-3.09922,-0.000601562,-0.449922,4.34,,8.816e-04,-3.1
8.832e-04,-3.09922,-0.00021875,-0.443047,4.32812,,8.832e-04,-3.1
8.848e-04,-3.09922,-0.000270312,-0.442813,4.34,,8.848e-04,-3.1
8.864e-04,-3.09922,-4.06245e-05,-0.443438,4.34,,8.864e-04,-3.1
8.880e-04,-3.09922,0.0003625,-0.441641,4.32719,,8.880e-04,-3.09922
8.896e-04,-3.09922,0.000451563,-0.449922,4.32781,,8.896e-04,-3.09922
8.912e-04,-3.09922,0.000584375,-0.437188,4.32891,,8.912e-04,-3.09922
8.928e-04,-3.09922,0.000667188,-0.43,4.32719,,8.928e-04,-3.09922
8.944e-04,-3.09922,0.000989063,-0.430078,4.33047,,8.944e-04,-3.09844
8.960e-04,-3.09922,0.00106875,-0.429922,4.32953,,8.960e-04,-3.09844
8.976e-04,-3.09922,0.00129844,-0.429922,4.32922,,8.976e-04,-3.09844
8.992e-04,-3.09922,0.00141406,-0.427344,4.32766,,8.992e-04,-3.09844
9.008e-04,-3.09922,0.00177031,-0.424219,4.33969,,9.008e-04,-3.09766
9.024e-04,-3.09922,0.00212813,-0.424063,4.34,,9.024e-04,-3.09766
9.040e-04,-3.09922,0.00222188,-0.422734,4.34,,9.040e-04,-3.09766
9.056e-04,-3.09922,0.00254688,-0.423047,4.32844,,9.056e-04,-3.09688
9.072e-04,-3.1,0.00264844,-0.421719,4.32891,,9.072e-04,-3.09766
9.088e-04,-3.1,0.00288906,-0.420547,4.34,,9.088e-04,-3.09766
9.104e-04,-3.09922,0.003,-0.416953,4.33,,9.104e-04,-3.09688
9.120e-04,-3.09922,0.00337813,-0.41125,4.32937,,9.120e-04,-3.09609
9.136e-04,-3.09922,0.00357969,-0.41,4.33078,,9.136e-04,-3.09609
9.152e-04,-3.1,0.00377344,-0.409922,4.33047,,9.152e-04,-3.09688
9.168e-04,-3.09922,0.00414375,-0.41,4.32922,,9.168e-04,-3.09531
9.184e-04,-3.09922,0.00419219,-0.406094,4.33328,,9.184e-04,-3.09531
9.200e-04,-3.09922,0.00419688,-0.403828,4.33031,,9.200e-04,-3.09531
9.216e-04,-3.1,0.00468281,-0.402422,4.32953,,9.216e-04,-3.09609
9.232e-04,-3.09922,0.00480781,-0.403438,4.32937,,9.232e-04,-3.09453
9.248e-04,-3.1,0.00485781,-0.402734,4.34,,9.248e-04,-3.09531
9.264e-04,-3.1,0.00518125,-0.391328,4.32844,,9.264e-04,-3.09531
9.280e-04,-3.09922,0.00548125,-0.399844,4.32781,,9.280e-04,-3.09453
9.296e-04,-3.09922,0.00574063,-0.394219,4.33031,,9.296e-04,-3.09375
9.312e-04,-3.09922,0.00561094,-0.39,4.32859,,9.312e-04,-3.09375
9.328e-04,-3.09922,0.00580156,-0.39,4.34,,9.328e-04,-3.09375
9.344e-04,-3.09922,0.00605938,-0.389922,4.34,,9.344e-04,-3.09375
9.360e-04,-3.1,0.00630156,-0.39,4.32578,,9.360e-04,-3.09453
9.376e-04,-3.09922,0.00661406,-0.386641,4.32625,,9.376e-04,-3.09297
9.392e-04,-3.09922,0.00672656,-0.383203,4.32937,,9.392e-04,-3.09297
9.408e-04,-3.09922,0.00694531,-0.382422,4.34,,9.408e-04,-3.09297
9.424e-04,-3.09922,0.00715313,-0.3825,4.34,,9.424e-04,-3.09297
9.440e-04,-3.09922,0.00740625,-0.383125,4.32578,,9.440e-04,-3.09219
9.456e-04,-3.09922,0.00749844,-0.383125,4.34,,9.456e-04,-3.09219
9.472e-04,-3.1,0.00786406,-0.382422,4.32859,,9.472e-04,-3.09297
9.488e-04,-3.09922,0.00797188,-0.378984,4.32859,,9.488e-04,-3.09219
9.504e-04,-3.09922,0.00819688,-0.375781,4.32703,,9.504e-04,-3.09141
9.520e-04,-3.09922,0.00836563,-0.37,4.33984,,9.520e-04,-3.09141
9.536e-04,-3.09922,0.00865156,-0.37,4.32641,,9.536e-04,-3.09141
9.552e-04,-3.09922,0.00884063,-0.37,4.34,,9.552e-04,-3.09063
9.568e-04,-3.09922,0.00913281,-0.37,4.34,,9.568e-04,-3.09063
9.584e-04,-3.09922,0.00925469,-0.367109,4.32859,,9.584e-04,-3.09063
9.600e-04,-3.09922,0.00970625,-0.363828,4.32781,,9.600e-04,-3.08984
9.616e-04,-3.1,0.009875,-0.363906,4.30781,,9.616e-04,-3.09063
9.632e-04,-3.1,0.0100703,-0.369766,4.33984,,9.632e-04,-3.09063
9.648e-04,-3.09922,0.0102375,-0.361484,4.33047,,9.648e-04,-3.08984
9.664e-04,-3.09922,0.0105578,-0.360156,4.32891,,9.664e-04,-3.08906
9.680e-04,-3.09922,0.0108703,-0.356797,4.32953,,9.680e-04,-3.08906
9.696e-04,-3.09922,0.0109563,-0.352578,4.32906,,9.696e-04,-3.08906
9.712e-04,-3.09922,0.0111594,-0.350078,4.32859,,9.712e-04,-3.08906
9.728e-04,-3.1,0.0114031,-0.35,4.34,,9.728e-04,-3.08906
9.744e-04,-3.1,0.0116703,-0.35,4.32812,,9.744e-04,-3.08906
9.760e-04,-3.09922,0.0119297,-0.348672,4.32812,,9.760e-04,-3.08828
9.776e-04,-3.09922,0.0120438,-0.345469,4.32906,,9.776e-04,-3.0875
9.792e-04,-3.09922,0.0122563,-0.343984,4.32828,,9.792e-04,-3.0875
9.808e-04,-3.09922,0.0125281,-0.342656,4.34,,9.808e-04,-3.0875
9.824e-04,-3.09922,0.0130016,-0.349922,4.32781,,9.824e-04,-3.08672
9.840e-04,-3.09922,0.0131969,-0.341875,4.32875,,9.840e-04,-3.08672
9.856e-04,-3.09922,0.0134797,-0.340703,4.34,,9.856e-04,-3.08672
9.872e-04,-3.09922,0.0136422,-0.338906,4.32937,,9.872e-04,-3.08594
9.888e-04,-3.09922,0.0137641,-0.336328,4.32906,,9.888e-04,-3.08594
9.904e-04,-3.09922,0.0138625,-0.33125,4.32859,,9.904e-04,-3.08594
9.920e-04,-3.1,0.0141984,-0.33,4.33078,,9.920e-04,-3.08672
9.936e-04,-3.09922,0.0145375,-0.33,4.32687,,9.936e-04,-3.08516
9.952e-04,-3.09141,0.0146125,-0.33,4.34,,9.952e-04,-3.07734
9.968e-04,-3.09922,0.0148844,-0.327891,4.32891,,9.968e-04,-3.08516
9.984e-04,-3.09922,0.0148688,-0.326328,4.32766,,9.984e-04,-3.08516
1.000e-03,-3.09922,0.0151625,-0.324063,4.32922,,1.000e-03,-3.08516
1.002e-03,-3.09922,0.0156203,-0.322969,4.34,,1.002e-03,-3.08438
1.003e-03,-3.09922,0.0157984,-0.322266,4.32984,,1.003e-03,-3.08438
1.005e-03,-3.09922,0.0160438,-0.310625,4.32984,,1.005e-03,-3.08359
1.006e-03,-3.09922,0.0161609,-0.315,4.32828,,1.006e-03,-3.08359
1.008e-03,-3.09531,0.0162297,-0.31,4.34016,,1.008e-03,-3.07969
1.010e-03,-3.07734,0.0165328,-0.309922,4.34,,1.010e-03,-3.06172
1.011e-03,-3.09922,0.0166766,-0.309922,4.32828,,1.011e-03,-3.08359
1.013e-03,-3.09922,0.0170375,-0.31,4.32969,,1.013e-03,-3.08281
1.014e-03,-3.1,0.0173766,-0.305547,4.34,,1.014e-03,-3.08359
1.016e-03,-3.09922,0.0174438,-0.304844,4.32797,,1.016e-03,-3.08281
1.018e-03,-3.09922,0.0177938,-0.303594,4.33016,,1.018e-03,-3.08203
1.019e-03,-3.09922,0.0179406,-0.302813,4.34,,1.019e-03,-3.08203
1.021e-03,-3.09922,0.0180422,-0.302578,4.32859,,1.021e-03,-3.08203
1.022e-03,-3.08594,0.0183234,-0.301484,4.32844,,1.022e-03,-3.06875
1.024e-03,-3.09922,0.0185219,-0.298828,4.32812,,1.024e-03,-3.08125
1.026e-03,-3.09922,0.0189,-0.295313,4.32797,,1.026e-03,-3.08125
1.027e-03,-3.09922,0.0190828,-0.291719,4.32812,,1.027e-03,-3.08125
1.029e-03,-3.07031,0.0190641,-0.29,4.32734,,1.029e-03,-3.05234
1.030e-03,-3.09922,0.0196922,-0.29,4.32906,,1.030e-03,-3.08047
1.032e-03,-3.09922,0.0198016,-0.29,4.32828,,1.032e-03,-3.08047
1.034e-03,-3.08125,0.0200563,-0.286563,4.32937,,1.034e-03,-3.06172
1.035e-03,-3.07656,0.0201875,-0.28375,4.32766,,1.035e-03,-3.05703
1.037e-03,-3.05703,0.0205703,-0.283281,4.34,,1.037e-03,-3.0375
1.038e-03,-3.06484,0.0209734,-0.282891,4.32812,,1.038e-03,-3.04453
1.040e-03,-3.09922,0.0209813,-0.282969,4.32891,,1.040e-03,-3.07891
1.042e-03,-3.09922,0.0213625,-0.283438,4.33047,,1.042e-03,-3.07891
1.043e-03,-3.07812,0.0213172,-0.280625,4.32719,,1.043e-03,-3.05781
1.045e-03,-3.07109,0.0215125,-0.278438,4.32891,,1.045e-03,-3.05078
1.046e-03,-3.07109,0.0218047,-0.273438,4.34,,1.046e-03,-3.05
1.048e-03,-3.09922,0.0221953,-0.27,4.32875,,1.048e-03,-3.07812
1.050e-03,-3.06484,0.022225,-0.27,4.32953,,1.050e-03,-3.04375
1.051e-03,-3.05625,0.0222359,-0.269922,4.33141,,1.051e-03,-3.03516
1.053e-03,-3.09922,0.0227906,-0.269922,4.33984,,1.053e-03,-3.07734
1.054e-03,-3.05859,0.022975,-0.266484,4.32578,,1.054e-03,-3.03672
1.056e-03,-3.09922,0.0233734,-0.264219,4.32828,,1.056e-03,-3.07656
1.058e-03,-3.05859,0.0234812,-0.263047,4.32797,,1.058e-03,-3.03594
1.059e-03,-3.05,0.0234266,-0.261875,4.32859,,1.059e-03,-3.02734
1.061e-03,-3.05,0.0238812,-0.261484,4.32891,,1.061e-03,-3.02734
1.062e-03,-3.05469,0.0242078,-0.260547,4.33,,1.062e-03,-3.03125
1.064e-03,-3.09922,0.0243625,-0.259063,4.32891,,1.064e-03,-3.07578
1.066e-03,-3.05,0.0245969,-0.256563,4.32891,,1.066e-03,-3.02656
1.067e-03,-3.09922,0.0246734,-0.251484,4.32844,,1.067e-03,-3.07578
1.069e-03,-3.06172,0.0250531,-0.249922,4.32953,,1.069e-03,-3.0375
1.070e-03,-3.05859,0.0254,-0.25,4.32891,,1.070e-03,-3.03438
1.072e-03,-3.04922,0.0255594,-0.249922,4.32969,,1.072e-03,-3.025
1.074e-03,-3.09922,0.0256969,-0.249922,4.32781,,1.074e-03,-3.07422
1.075e-03,-3.04922,0.0261641,-0.249922,4.32937,,1.075e-03,-3.02422
1.077e-03,-3.04297,0.0265297,-0.244766,4.34,,1.077e-03,-3.01719
1.078e-03,-3.05156,0.0266891,-0.243516,4.34,,1.078e-03,-3.02578
1.080e-03,-3.04844,0.0269062,-0.242422,4.33984,,1.080e-03,-3.02266
1.082e-03,-3.09922,0.0273141,-0.240391,4.33984,,1.082e-03,-3.07266
1.083e-03,-3.09922,0.0276359,-0.237031,4.32922,,1.083e-03,-3.07266
1.085e-03,-3.09922,0.0279187,-0.233359,4.32953,,1.085e-03,-3.07266
1.086e-03,-3.09922,0.0278062,-0.23,4.32922,,1.086e-03,-3.07266
1.088e-03,-3.09922,0.0281828,-0.230078,4.32906,,1.088e-03,-3.07188
1.090e-03,-3.04453,0.0285484,-0.23,4.34,,1.090e-03,-3.01719
1.091e-03,-3.03984,0.0286047,-0.23,4.34,,1.091e-03,-3.0125
1.093e-03,-3.09922,0.0289922,-0.226797,4.3275,,1.093e-03,-3.07109
1.094e-03,-3.0375,0.0290734,-0.223438,4.32656,,1.094e-03,-3.00938
1.096e-03,-3.09922,0.0292547,-0.222578,4.32922,,1.096e-03,-3.07109
1.098e-03,-3.09922,0.0294203,-0.223594,4.32937,,1.098e-03,-3.07109
1.099e-03,-3.09922,0.0296922,-0.222813,4.32828,,1.099e-03,-3.07031
1.101e-03,-3.09922,0.0299609,-0.221953,4.32828,,1.101e-03,-3.07031
1.102e-03,-3.03516,0.0303453,-0.220703,4.32828,,1.102e-03,-3.00625
1.104e-03,-3.03281,0.0305984,-0.218672,4.33109,,1.104e-03,-3.00313
1.106e-03,-3.03437,0.0309984,-0.215078,4.32906,,1.106e-03,-3.00469
1.107e-03,-3.03594,0.0310516,-0.21,4.32906,,1.107e-03,-3.00625
1.109e-03,-3.03984,0.0313437,-0.209922,4.32797,,1.109e-03,-3.00938
1.110e-03,-3.04453,0.0315594,-0.209922,4.32844,,1.110e-03,-3.01406
1.112e-03,-3.04141,0.0318437,-0.209922,4.32656,,1.112e-03,-3.01094
1.114e-03,-3.02969,0.0322156,-0.209922,4.34,,1.114e-03,-2.99844
1.115e-03,-3.04141,0.0325656,-0.209922,4.32625,,1.115e-03,-3.01016
1.117e-03,-3.0375,0.0326594,-0.203672,4.32687,,1.117e-03,-3.00625
1.118e-03,-3.03359,0.0329922,-0.202656,4.32719,,1.118e-03,-3.00156
1.120e-03,-3.03594,0.0334016,-0.199688,4.32656,,1.120e-03,-3.00391
1.122e-03,-3.03984,0.0335141,-0.198906,4.32891,,1.122e-03,-3.00781
1.123e-03,-3.03594,0.0335234,-0.195625,4.34,,1.123e-03,-3.00391
1.125e-03,-3.09922,0.0339687,-0.189922,4.33172,,1.125e-03,-3.06641
1.126e-03,-3.09922,0.03425,-0.189922,4.32969,,1.126e-03,-3.06641
1.128e-03,-3.03437,0.0345812,-0.19,4.32891,,1.128e-03,-3.00078
1.130e-03,-3.09844,0.0350031,-0.19,4.33016,,1.130e-03,-3.06484
1.131e-03,-3.01719,0.0353234,-0.187578,4.33047,,1.131e-03,-2.98281
1.133e-03,-3.02969,0.0353219,-0.184141,4.34,,1.133e-03,-2.99531
1.134e-03,-3.02969,0.0355,-0.182734,4.32812,,1.134e-03,-2.99531
1.136e-03,-3.02891,0.0358672,-0.183125,4.3275,,1.136e-03,-2.99453
1.138e-03,-3.09687,0.0361922,-0.182734,4.32937,,1.138e-03,-3.06172
1.139e-03,-3.02656,0.0363766,-0.182578,4.3275,,1.139e-03,-2.99141
1.141e-03,-3.02656,0.0366312,-0.182734,4.32641,,1.141e-03,-2.99141
1.142e-03,-3.025,0.0369734,-0.189922,4.3275,,1.142e-03,-2.98906
1.144e-03,-3.02344,0.0371687,-0.178594,4.34,,1.144e-03,-2.9875
1.146e-03,-3.02031,0.0373984,-0.174609,4.34,,1.146e-03,-2.98438
1.147e-03,-3.02031,0.0376312,-0.170391,4.32922,,1.147e-03,-2.98359
1.149e-03,-3.02187,0.0378516,-0.17,4.33,,1.149e-03,-2.98516
1.150e-03,-3.02422,0.0381953,-0.169922,4.34,,1.150e-03,-2.9875
1.152e-03,-3.02187,0.0383172,-0.169922,4.32781,,1.152e-03,-2.98516
1.154e-03,-3.01875,0.0386187,-0.169922,4.32734,,1.154e-03,-2.98125
1.155e-03,-3.01797,0.0388469,-0.165859,4.32891,,1.155e-03,-2.98047
1.157e-03,-3.03047,0.0391328,-0.164609,4.32906,,1.157e-03,-2.99297
1.158e-03,-3.02187,0.0393141,-0.163672,4.34016,,1.158e-03,-2.98359
1.160e-03,-3.02187,0.0395672,-0.169922,4.32859,,1.160e-03,-2.98359
1.162e-03,-3.00781,0.0398156,-0.169922,4.34,,1.162e-03,-2.96953
1.163e-03,-3.0125,0.0402,-0.160703,4.32812,,1.163e-03,-2.97344
1.165e-03,-3.00547,0.0404531,-0.159766,4.3275,,1.165e-03,-2.96641
1.166e-03,-3.01094,0.0406141,-0.158516,4.33094,,1.166e-03,-2.97188
1.168e-03,-3.00937,0.0407672,-0.156016,4.32891,,1.168e-03,-2.97031
1.170e-03,-2.99687,0.0412922,-0.151484,4.32875,,1.170e-03,-2.95703
1.171e-03,-2.99219,0.0414016,-0.149922,4.32781,,1.171e-03,-2.95234
1.173e-03,-2.99219,0.0415734,-0.15,4.33031,,1.173e-03,-2.95234
1.174e-03,-2.98047,0.0419531,-0.149922,4.32812,,1.174e-03,-2.93984
1.176e-03,-2.98281,0.0423016,-0.148906,4.32625,,1.176e-03,-2.94219
1.178e-03,-2.97969,0.0425672,-0.15,4.32906,,1.178e-03,-2.93828
1.179e-03,-2.98281,0.0427734,-0.143672,4.32828,,1.179e-03,-2.94141
1.181e-03,-2.98281,0.0430562,-0.142031,4.32797,,1.181e-03,-2.94141
1.182e-03,-2.97891,0.0432547,-0.141406,4.32906,,1.182e-03,-2.93672
1.184e-03,-2.98594,0.0434875,-0.14,4.32797,,1.184e-03,-2.94375
1.186e-03,-2.97969,0.0438031,-0.13875,4.32781,,1.186e-03,-2.9375
1.187e-03,-2.97578,0.0439781,-0.137344,4.32734,,1.187e-03,-2.93359
1.189e-03,-2.97969,0.0442672,-0.133828,4.32766,,1.189e-03,-2.93672
1.190e-03,-2.98359,0.0445937,-0.13,4.32891,,1.190e-03,-2.94063
1.192e-03,-3.05937,0.0447906,-0.13,4.33219,,1.192e-03,-3.01641
1.194e-03,-2.96641,0.0449969,-0.13,4.32922,,1.194e-03,-2.92266
1.195e-03,-2.97031,0.0453906,-0.13,4.33984,,1.195e-03,-2.92656
1.197e-03,-2.96016,0.0456344,-0.128438,4.32734,,1.197e-03,-2.91563
1.198e-03,-2.95469,0.0458562,-0.124297,4.32766,,1.198e-03,-2.91016
1.200e-03,-2.95156,0.0459641,-0.122422,4.34,,1.200e-03,-2.90703
1.202e-03,-2.95625,0.0462312,-0.121641,4.3275,,1.202e-03,-2.91172
1.203e-03,-2.94766,0.0466016,-0.120547,4.32797,,1.203e-03,-2.90234
1.205e-03,-3.03828,0.0468203,-0.117031,4.32719,,1.205e-03,-2.99297
1.206e-03,-2.95234,0.0470844,-0.112734,4.32859,,1.206e-03,-2.90703
1.208e-03,-2.92891,0.0470828,-0.11,4.34,,1.208e-03,-2.88359
1.210e-03,-2.93203,0.0473406,-0.11,4.32844,,1.210e-03,-2.88594
1.211e-03,-2.91953,0.0477859,-0.11,4.32766,,1.211e-03,-2.87344
1.213e-03,-2.92344,0.0478781,-0.11,4.34,,1.213e-03,-2.87734
1.214e-03,-2.91172,0.0482,-0.107109,4.32969,,1.214e-03,-2.86484
1.216e-03,-2.91484,0.0483391,-0.109922,4.34016,,1.216e-03,-2.86797
1.218e-03,-2.89922,0.0486156,-0.103438,4.32937,,1.218e-03,-2.85234
1.219e-03,-2.9,0.0489078,-0.1025,4.32984,,1.219e-03,-2.85234
1.221e-03,-2.9,0.0489937,-0.101953,4.32734,,1.221e-03,-2.85234
1.222e-03,-2.89922,0.0493609,-0.100625,4.32859,,1.222e-03,-2.85156
1.224e-03,-2.89922,0.0496344,-0.0995313,4.32672,,1.224e-03,-2.85078
1.226e-03,-2.89922,0.0496703,-0.0976563,4.32891,,1.226e-03,-2.85078
1.227e-03,-2.89922,0.0499641,-0.09,4.32953,,1.227e-03,-2.85078
1.229e-03,-2.9,0.0502391,-0.09,4.32719,,1.229e-03,-2.85156
1.230e-03,-2.89922,0.050475,-0.09,4.32859,,1.230e-03,-2.85
1.232e-03,-2.89922,0.0507234,-0.09,4.32719,,1.232e-03,-2.85
1.234e-03,-2.89922,0.0509266,-0.0899219,4.32844,,1.234e-03,-2.85
1.235e-03,-2.89922,0.0511797,-0.0870313,4.3275,,1.235e-03,-2.85
1.237e-03,-2.89922,0.0517047,-0.085,4.32719,,1.237e-03,-2.84922
1.238e-03,-2.89922,0.051825,-0.0833594,4.32703,,1.238e-03,-2.84922
1.240e-03,-2.89922,0.0518141,-0.0825781,4.33984,,1.240e-03,-2.84922
1.242e-03,-2.89922,0.0522453,-0.0829688,4.32812,,1.242e-03,-2.84844
1.243e-03,-2.9,0.0523547,-0.0813281,4.32859,,1.243e-03,-2.84922
1.245e-03,-2.89922,0.0526766,-0.0796875,4.3275,,1.245e-03,-2.84844
1.246e-03,-2.89922,0.0529937,-0.0772656,4.32828,,1.246e-03,-2.84766
1.248e-03,-2.89922,0.0533234,-0.0749219,4.32969,,1.248e-03,-2.84766
1.250e-03,-2.89922,0.0533219,-0.07,4.32672,,1.250e-03,-2.84766
1.251e-03,-2.89922,0.0536094,-0.07,4.34,,1.251e-03,-2.84688
1.253e-03,-2.89922,0.0538266,-0.07,4.33,,1.253e-03,-2.84688
1.254e-03,-2.89922,0.0540703,-0.0699219,4.32719,,1.254e-03,-2.84688
1.256e-03,-2.89922,0.0542281,-0.0671875,4.32828,,1.256e-03,-2.84688
1.258e-03,-2.89922,0.0543391,-0.0646875,4.32797,,1.258e-03,-2.84688
1.259e-03,-2.89375,0.0547781,-0.0640625,4.32937,,1.259e-03,-2.84063
1.261e-03,-2.88906,0.055,-0.0624219,4.32828,,1.261e-03,-2.83594
1.262e-03,-2.88672,0.0550781,-0.0617969,4.32844,,1.262e-03,-2.83359
1.264e-03,-2.89922,0.0552141,-0.0603125,4.32625,,1.264e-03,-2.84531
1.266e-03,-2.89922,0.0554953,-0.0583594,4.34,,1.266e-03,-2.84531
1.267e-03,-2.89922,0.0557406,-0.0502344,4.32609,,1.267e-03,-2.84531
1.269e-03,-2.87109,0.0560578,-0.05,4.32891,,1.269e-03,-2.81641
1.270e-03,-2.89922,0.0562078,-0.05,4.32766,,1.270e-03,-2.84453
1.272e-03,-2.86328,0.0562562,-0.05,4.32687,,1.272e-03,-2.80859
1.274e-03,-2.89922,0.0567609,-0.05,4.33047,,1.274e-03,-2.84453
1.275e-03,-2.85703,0.0570031,-0.0499219,4.32828,,1.275e-03,-2.80156
1.277e-03,-2.89922,0.0571016,-0.0460156,4.32906,,1.277e-03,-2.84375
1.278e-03,-2.89922,0.0573969,-0.0433594,4.32953,,1.278e-03,-2.84375
1.280e-03,-2.89844,0.0575906,-0.0435938,4.32844,,1.280e-03,-2.84297
1.282e-03,-2.84219,0.0576719,-0.0423438,4.32719,,1.282e-03,-2.78594
1.283e-03,-2.83359,0.0580047,-0.0407813,4.32594,,1.283e-03,-2.77734
1.285e-03,-2.89219,0.0581016,-0.0392969,4.33172,,1.285e-03,-2.83594
1.286e-03,-2.89375,0.0585484,-0.0367969,4.32797,,1.286e-03,-2.83672
1.288e-03,-2.81172,0.0588937,-0.0320313,4.3275,,1.288e-03,-2.75469
1.290e-03,-2.80469,0.0589656,-0.03,4.32797,,1.290e-03,-2.74766
1.291e-03,-2.8125,0.0591094,-0.03,4.32812,,1.291e-03,-2.75547
1.293e-03,-2.80937,0.0594578,-0.0299219,4.3275,,1.293e-03,-2.75156
1.294e-03,-2.88828,0.0595641,-0.0297656,4.32781,,1.294e-03,-2.83047
1.296e-03,-2.88906,0.0600656,-0.0263281,4.3275,,1.296e-03,-2.83047
1.298e-03,-2.80234,0.0601969,-0.0242188,4.34,,1.298e-03,-2.74375
1.299e-03,-2.87656,0.0603141,-0.0233594,4.32687,,1.299e-03,-2.81797
1.301e-03,-2.77578,0.0606078,-0.0221094,4.32984,,1.301e-03,-2.71719
1.302e-03,-2.78125,0.0610016,-0.0214844,4.325,,1.302e-03,-2.72188
1.304e-03,-2.77187,0.0610266,-0.0202344,4.33047,,1.304e-03,-2.7125
1.306e-03,-2.76016,0.0613047,-0.0171094,4.32812,,1.306e-03,-2.70078
1.307e-03,-2.73516,0.0619844,-0.0139844,4.32781,,1.307e-03,-2.675
1.309e-03,-2.71172,0.0618828,-0.01,4.32484,,1.309e-03,-2.65156
1.310e-03,-2.69922,0.0621125,-0.01,4.32953,,1.310e-03,-2.63906
1.312e-03,-2.7,0.0623859,-0.01,4.32859,,1.312e-03,-2.63984
1.314e-03,-2.69922,0.0625953,-0.00992188,4.34,,1.314e-03,-2.63828
1.315e-03,-2.7,0.0625969,-0.00664063,4.33078,,1.315e-03,-2.63906
1.317e-03,-2.69922,0.0630125,-0.00539063,4.32828,,1.317e-03,-2.63828
1.318e-03,-2.69922,0.0632781,-0.00304688,4.32766,,1.318e-03,-2.6375
1.320e-03,-2.69922,0.0631437,-0.00257813,4.34,,1.320e-03,-2.63828
1.322e-03,-2.69922,0.0636797,-0.00117188,4.32719,,1.322e-03,-2.6375
1.323e-03,-2.69922,0.0637937,-0.000312501,4.34,,1.323e-03,-2.6375
1.325e-03,-2.69922,0.0638562,0.00179687,4.32641,,1.325e-03,-2.6375
1.326e-03,-2.69922,0.0642266,0.00570312,4.34,,1.326e-03,-2.63672
1.328e-03,-2.67578,0.0645516,0.00984375,4.34,,1.328e-03,-2.61328
1.330e-03,-2.69531,0.0644812,0.01,4.32734,,1.330e-03,-2.63281
1.331e-03,-2.64766,0.0646203,0.0100781,4.34,,1.331e-03,-2.58516
1.333e-03,-2.69062,0.0650062,0.01,4.32859,,1.333e-03,-2.62734
1.334e-03,-2.61172,0.0652312,0.0114062,4.32609,,1.334e-03,-2.54844
1.336e-03,-2.58516,0.0654906,0.015,4.32781,,1.336e-03,-2.52188
1.338e-03,-2.5625,0.0654516,0.0169531,4.32844,,1.338e-03,-2.49922
1.339e-03,-2.52031,0.0658922,0.0166406,4.33984,,1.339e-03,-2.45625
1.341e-03,-2.49922,0.0660109,0.0100781,4.32672,,1.341e-03,-2.43516
1.342e-03,-2.49922,0.0662891,0.0203906,4.34,,1.342e-03,-2.43516
1.344e-03,-2.49922,0.0668,0.0242187,4.3275,,1.344e-03,-2.43438
1.346e-03,-2.5,0.0670109,0.0282031,4.3075,,1.346e-03,-2.43516
1.347e-03,-2.49687,0.0667687,0.03,4.32656,,1.347e-03,-2.43203
1.349e-03,-2.43437,0.0670594,0.03,4.32828,,1.349e-03,-2.36953
1.350e-03,-2.45391,0.0671703,0.03,4.32906,,1.350e-03,-2.38906
1.352e-03,-2.32891,0.0675078,0.0301562,4.32797,,1.352e-03,-2.26328
1.354e-03,-2.3,0.06765,0.0333594,4.32906,,1.354e-03,-2.23438
1.355e-03,-2.29922,0.0679422,0.0351562,4.34,,1.355e-03,-2.23359
1.357e-03,-2.29687,0.06815,0.0365625,4.34,,1.357e-03,-2.23047
1.358e-03,-2.27656,0.0683781,0.0373437,4.32984,,1.358e-03,-2.21016
1.360e-03,-2.23828,0.0686859,0.03875,4.32891,,1.360e-03,-2.17188
1.362e-03,-2.19922,0.0688609,0.0407031,4.32797,,1.362e-03,-2.13203
1.363e-03,-2.14297,0.0691,0.0445312,4.33047,,1.363e-03,-2.07578
1.365e-03,-2.08906,0.0693937,0.0499219,4.33062,,1.365e-03,-2.02188
1.366e-03,-2.05781,0.0694219,0.05,4.32797,,1.366e-03,-1.99063
1.368e-03,-2.01328,0.0696562,0.05,4.32844,,1.368e-03,-1.94531
1.370e-03,-1.96406,0.0700406,0.0500781,4.32734,,1.370e-03,-1.89609
1.371e-03,-1.87734,0.0702437,0.0526562,4.32828,,1.371e-03,-1.80938
1.373e-03,-1.79687,0.0703641,0.0557031,4.32828,,1.373e-03,-1.72891
1.374e-03,-1.71719,0.0706047,0.056875,4.33969,,1.374e-03,-1.64844
1.376e-03,-1.65234,0.0707016,0.0566406,4.32687,,1.376e-03,-1.58359
1.378e-03,-1.51719,0.0708016,0.0570312,4.32578,,1.378e-03,-1.44844
1.379e-03,-1.44297,0.0712703,0.0582812,4.33125,,1.379e-03,-1.37344
1.381e-03,-1.30781,0.0714016,0.0625781,4.32922,,1.381e-03,-1.23828
1.382e-03,-1.19531,0.0715703,0.0698437,4.33047,,1.382e-03,-1.12578
1.384e-03,-1.06484,0.0718031,0.07,4.34,,1.384e-03,-0.995313
1.386e-03,-0.890625,0.0719375,0.0699219,4.34,,1.386e-03,-0.821094
1.387e-03,-0.74375,0.0719797,0.0700781,4.32656,,1.387e-03,-0.674219
1.389e-03,-0.559375,0.0722,0.0700781,4.32875,,1.389e-03,-0.489063
1.390e-03,-0.292187,0.0722641,0.07375,4.32609,,1.390e-03,-0.221875
1.392e-03,-0.0320308,0.0723312,0.0700781,4.34,,1.392e-03,0.0382813
1.394e-03,0.288282,0.0724187,0.0763281,4.32781,,1.394e-03,0.358594
1.395e-03,0.629688,0.0725922,0.07625,4.34,,1.395e-03,0.7
1.397e-03,1.07734,0.0726,0.0763281,4.34,,1.397e-03,1.14766
1.398e-03,1.60391,0.0726016,0.0785937,4.32734,,1.398e-03,1.67422
1.400e-03,2.22344,0.072575,0.0810937,4.34,,1.400e-03,2.29375
1.402e-03,2.95,0.0726016,0.0857812,4.32875,,1.402e-03,3.02031
1.403e-03,3.90625,0.0725984,0.09,4.32859,,1.403e-03,3.97656
1.405e-03,5.05703,0.0726484,0.09,4.34,,1.405e-03,5.12734
1.406e-03,6.59766,0.0726719,0.0900781,4.32734,,1.406e-03,6.66797
1.408e-03,8.65781,0.0727281,0.09,4.34,,1.408e-03,8.72813
1.410e-03,11.4289,0.0727344,0.093125,4.34,,1.410e-03,11.4992
1.411e-03,15.2563,0.0727703,0.0963281,4.32937,,1.411e-03,15.3266
1.413e-03,20.525,0.0727703,0.0967187,4.32734,,1.413e-03,20.5953
1.414e-03,27.2805,0.0727875,0.0967187,4.33031,,1.414e-03,25.5992
1.416e-03,33.0523,0.0727828,0.0978906,4.33016,,1.416e-03,25.5992
1.418e-03,37.1836,0.0727969,0.0990625,4.33,,1.418e-03,25.5992
1.419e-03,40.8039,0.0727937,0.101094,4.33969,,1.419e-03,25.5992
1.421e-03,43.2383,0.0728,0.106094,4.3275,,1.421e-03,25.5992
1.422e-03,45.0344,0.0727984,0.110078,4.32797,,1.422e-03,25.5992
1.424e-03,46.7445,0.0728,0.110078,4.32672,,1.424e-03,25.5992
1.426e-03,47.3008,0.0728,0.11,4.32797,,1.426e-03,25.5992
1.427e-03,47.3961,0.0727984,0.11,4.32812,,1.427e-03,25.5992
1.429e-03,47.4,0.0728,0.114219,4.34,,1.429e-03,25.5992
1.430e-03,47.4,0.0728,0.116953,4.32844,,1.430e-03,25.5992
1.432e-03,47.3352,0.0728,0.117344,4.32812,,1.432e-03,25.5992
1.434e-03,45.5992,0.0728,0.116406,4.34,,1.434e-03,25.5992
1.435e-03,41.6055,0.0728,0.116953,4.32859,,1.435e-03,25.5992
1.437e-03,37.2469,0.0728,0.117812,4.32703,,1.437e-03,25.5992
1.438e-03,32.2742,0.0728,0.120156,4.34,,1.438e-03,25.5992
1.440e-03,27.3438,0.0728,0.123594,4.30469,,1.440e-03,25.5992
1.442e-03,22.875,0.0728,0.128203,4.33016,,1.442e-03,22.9461
1.443e-03,18.2656,0.0728,0.130078,4.32687,,1.443e-03,18.3367
1.445e-03,14.0742,0.0728,0.130078,4.32625,,1.445e-03,14.1453
1.446e-03,10.7344,0.0728,0.13,4.32703,,1.446e-03,10.8055
1.448e-03,8.1375,0.0728,0.131094,4.3275,,1.448e-03,8.20859
1.450e-03,6.10547,0.0728,0.133359,4.32734,,1.450e-03,6.17656
1.451e-03,4.50156,0.0728,0.130078,4.32656,,1.451e-03,4.57266
1.453e-03,3.26719,0.0728,0.130078,4.32828,,1.453e-03,3.33828
1.454e-03,2.28828,0.0728,0.137344,4.32828,,1.454e-03,2.35938
1.456e-03,1.52109,0.0728,0.138906,4.32734,,1.456e-03,1.59219
1.458e-03,0.883594,0.0728,0.140625,4.34,,1.458e-03,0.954688
1.459e-03,0.3875,0.0728,0.144219,4.32844,,1.459e-03,0.458594
1.461e-03,-0.0218745,0.0728,0.149219,4.32859,,1.461e-03,0.0492188
1.462e-03,-0.361718,0.0728,0.150078,4.32828,,1.462e-03,-0.290625
1.464e-03,-0.660937,0.0728,0.150078,4.3275,,1.464e-03,-0.589844
1.466e-03,-0.877343,0.0728,0.150078,4.32891,,1.466e-03,-0.80625
1.467e-03,-1.09922,0.0728,0.150078,4.32547,,1.467e-03,-1.02812
1.469e-03,-1.27969,0.0728,0.154922,4.32828,,1.469e-03,-1.20859
1.470e-03,-1.43281,0.0728,0.155937,4.32781,,1.470e-03,-1.36172
1.472e-03,-1.55937,0.0728,0.156719,4.32828,,1.472e-03,-1.48828
1.474e-03,-1.70156,0.0728,0.156875,4.33,,1.474e-03,-1.63047
1.475e-03,-1.80469,0.0728,0.159922,4.32781,,1.475e-03,-1.73359
1.477e-03,-1.91094,0.0728,0.163281,4.32859,,1.477e-03,-1.83984
1.478e-03,-2.00547,0.0728,0.169766,4.32937,,1.478e-03,-1.93438
1.480e-03,-2.075,0.0728,0.17,4.32922,,1.480e-03,-2.00391
1.482e-03,-2.12031,0.0728,0.17,4.34,,1.482e-03,-2.04922
1.483e-03,-2.19766,0.0728,0.170078,4.34,,1.483e-03,-2.12656
1.485e-03,-2.27031,0.0728,0.172187,4.34,,1.485e-03,-2.19922
1.486e-03,-2.30234,0.0728,0.175,4.34,,1.486e-03,-2.23125
1.488e-03,-2.31406,0.0728,0.177109,4.32766,,1.488e-03,-2.24297
1.490e-03,-2.39375,0.0728,0.177656,4.32609,,1.490e-03,-2.32266
1.491e-03,-2.46484,0.0728,0.170078,4.32719,,1.491e-03,-2.39375
1.493e-03,-2.5,0.0728,0.177344,4.34,,1.493e-03,-2.42891
1.494e-03,-2.5,0.0728,0.178047,4.32891,,1.494e-03,-2.42891
1.496e-03,-2.50781,0.0728,0.180234,4.32812,,1.496e-03,-2.43672
1.498e-03,-2.55547,0.0728,0.183594,4.34016,,1.498e-03,-2.48438
1.499e-03,-2.52344,0.0728,0.189922,4.33031,,1.499e-03,-2.45234
1.501e-03,-2.64453,0.0728,0.189922,4.33031,,1.501e-03,-2.57344
1.502e-03,-2.67812,0.0728,0.19,4.32641,,1.502e-03,-2.60703
1.504e-03,-2.7,0.0728,0.19,4.32797,,1.504e-03,-2.62891
1.506e-03,-2.7,0.0728,0.190078,4.32734,,1.506e-03,-2.62891
1.507e-03,-2.7,0.0728,0.191719,4.32672,,1.507e-03,-2.62891
1.509e-03,-2.69922,0.0728,0.195234,4.34,,1.509e-03,-2.62813
1.510e-03,-2.72031,0.0728,0.195937,4.32703,,1.510e-03,-2.64922
1.512e-03,-2.76016,0.0728,0.1975,4.3275,,1.512e-03,-2.68906
1.514e-03,-2.79297,0.0728,0.190078,4.32875,,1.514e-03,-2.72188
1.515e-03,-2.80547,0.0728,0.200312,4.34016,,1.515e-03,-2.73438
1.517e-03,-2.82734,0.0728,0.21,4.34,,1.517e-03,-2.75625
1.518e-03,-2.8375,0.0728,0.21,4.32812,,1.518e-03,-2.76641
1.520e-03,-2.84062,0.0728,0.21,4.32922,,1.520e-03,-2.76953
1.522e-03,-2.84687,0.0728,0.210078,4.3275,,1.522e-03,-2.77578
1.523e-03,-2.86719,0.0728,0.210078,4.34,,1.523e-03,-2.79609
1.525e-03,-2.88516,0.0728,0.211094,4.34016,,1.525e-03,-2.81406
1.526e-03,-2.88984,0.0728,0.215547,4.32687,,1.526e-03,-2.81875
1.528e-03,-2.89922,0.0728,0.216406,4.32578,,1.528e-03,-2.82812
1.530e-03,-2.9,0.0728,0.216641,4.33984,,1.530e-03,-2.82891
1.531e-03,-2.9,0.0728,0.210078,4.32875,,1.531e-03,-2.82891
1.533e-03,-2.89922,0.0728,0.217969,4.3275,,1.533e-03,-2.82812
1.534e-03,-2.89922,0.0728,0.220156,4.34,,1.534e-03,-2.82812
1.536e-03,-2.9,0.0728,0.222656,4.32703,,1.536e-03,-2.82891
1.538e-03,-2.9,0.0728,0.23,4.34016,,1.538e-03,-2.82891
1.539e-03,-2.89922,0.0728,0.23,4.32844,,1.539e-03,-2.82812
1.541e-03,-2.89922,0.0728,0.230078,4.32844,,1.541e-03,-2.82812
1.542e-03,-2.9,0.0728,0.23,4.32531,,1.542e-03,-2.82891
1.544e-03,-2.9,0.0728,0.23,4.32656,,1.544e-03,-2.82891
1.546e-03,-2.94687,0.0728,0.234609,4.32578,,1.546e-03,-2.87578
1.547e-03,-2.94453,0.0728,0.237109,4.32766,,1.547e-03,-2.87344
1.549e-03,-2.97109,0.0728,0.236016,4.32891,,1.549e-03,-2.9
1.550e-03,-2.9,0.0728,0.236406,4.32672,,1.550e-03,-2.82891
1.552e-03,-2.9,0.0728,0.236719,4.32719,,1.552e-03,-2.82891
1.554e-03,-2.98984,0.0728,0.240312,4.32844,,1.554e-03,-2.91875
1.555e-03,-2.99062,0.0728,0.242578,4.32891,,1.555e-03,-2.91953
1.557e-03,-2.99375,0.0728,0.247891,4.32984,,1.557e-03,-2.92266
1.558e-03,-3.00312,0.0728,0.25,4.32812,,1.558e-03,-2.93203
1.560e-03,-3.00859,0.0728,0.25,4.32594,,1.560e-03,-2.9375
1.562e-03,-3.00937,0.0728,0.25,4.32797,,1.562e-03,-2.93828
1.563e-03,-3.00547,0.0728,0.252266,4.32625,,1.563e-03,-2.93438
1.565e-03,-3.01328,0.0728,0.255859,4.32844,,1.565e-03,-2.94219
1.566e-03,-3.01953,0.0728,0.256172,4.32719,,1.566e-03,-2.94844
1.568e-03,-3.00937,0.0728,0.256797,4.34,,1.568e-03,-2.93828
1.570e-03,-3.01406,0.0728,0.256797,4.32656,,1.570e-03,-2.94297
1.571e-03,-3.03984,0.0728,0.250078,4.32953,,1.571e-03,-2.96875
1.573e-03,-3.02187,0.0728,0.257656,4.32734,,1.573e-03,-2.95078
1.574e-03,-3.09922,0.0728,0.259297,4.32781,,1.574e-03,-3.02813
1.576e-03,-3.04219,0.0728,0.262109,4.32906,,1.576e-03,-2.97109
1.578e-03,-3.02344,0.0728,0.266875,4.32703,,1.578e-03,-2.95234
1.579e-03,-3.03516,0.0728,0.27,4.32859,,1.579e-03,-2.96406
1.581e-03,-3.09922,0.0728,0.27,4.32484,,1.581e-03,-3.02813
1.582e-03,-3.02812,0.0728,0.27,4.32703,,1.582e-03,-2.95703
1.584e-03,-3.03437,0.0728,0.271172,4.34,,1.584e-03,-2.96328
1.586e-03,-3.09922,0.0728,0.273359,4.32719,,1.586e-03,-3.02813
1.587e-03,-3.0375,0.0728,0.275078,4.32641,,1.587e-03,-2.96641
1.589e-03,-3.03047,0.0728,0.276094,4.32969,,1.589e-03,-2.95938
1.590e-03,-3.0375,0.0728,0.277109,4.3275,,1.590e-03,-2.96641
1.592e-03,-3.03672,0.0728,0.2775,4.33016,,1.592e-03,-2.96563
1.594e-03,-3.09922,0.0728,0.279219,4.32531,,1.594e-03,-3.02813
1.595e-03,-3.05469,0.0728,0.281484,4.34,,1.595e-03,-2.98359
1.597e-03,-3.04453,0.0728,0.285078,4.32672,,1.597e-03,-2.97344
1.598e-03,-3.04375,0.0728,0.29,4.32828,,1.598e-03,-2.97266
1.600e-03,-3.04375,0.0728,0.29,4.32719,,1.600e-03,-2.97266
1.602e-03,-3.03906,0.0728,0.290078,4.32812,,1.602e-03,-2.96797
1.603e-03,-3.04297,0.0728,0.290078,4.32812,,1.603e-03,-2.97188
1.605e-03,-3.04141,0.0728,0.293672,4.32734,,1.605e-03,-2.97031
1.606e-03,-3.05,0.0728,0.295703,4.32922,,1.606e-03,-2.97891
1.608e-03,-3.04844,0.0728,0.296797,4.32859,,1.608e-03,-2.97734
1.610e-03,-3.03828,0.0728,0.297578,4.33984,,1.610e-03,-2.96719
1.611e-03,-3.04687,0.0728,0.297109,4.32594,,1.611e-03,-2.97578
1.613e-03,-3.05078,0.0728,0.290078,4.32766,,1.613e-03,-2.97969
1.614e-03,-3.05234,0.0728,0.298672,4.33984,,1.614e-03,-2.98125
1.616e-03,-3.09922,0.0728,0.301484,4.32672,,1.616e-03,-3.02813
1.618e-03,-3.05312,0.0728,0.304609,4.32953,,1.618e-03,-2.98203
1.619e-03,-3.04453,0.0728,0.309375,4.32937,,1.619e-03,-2.97344
1.621e-03,-3.06094,0.0728,0.31,4.32859,,1.621e-03,-2.98984
1.622e-03,-3.05547,0.0728,0.31,4.33984,,1.622e-03,-2.98438
1.624e-03,-3.09922,0.0728,0.310078,4.34,,1.624e-03,-3.02813
1.626e-03,-3.05547,0.0728,0.313281,4.34,,1.626e-03,-2.98438
1.627e-03,-3.05703,0.0728,0.314531,4.32969,,1.627e-03,-2.98594
1.629e-03,-3.09922,0.0728,0.316484,4.32812,,1.629e-03,-3.02813
1.630e-03,-3.09922,0.0728,0.316797,4.34,,1.630e-03,-3.02813
1.632e-03,-3.07187,0.0728,0.316719,4.32828,,1.632e-03,-3.00078
1.634e-03,-3.07422,0.0728,0.318516,4.34,,1.634e-03,-3.00313
1.635e-03,-3.09922,0.0728,0.329844,4.32766,,1.635e-03,-3.02813
1.637e-03,-3.05312,0.0728,0.323828,4.32812,,1.637e-03,-2.98203
1.638e-03,-3.05469,0.0728,0.329922,4.32812,,1.638e-03,-2.98359
1.640e-03,-3.06641,0.0728,0.330078,4.3275,,1.640e-03,-2.99531
1.642e-03,-3.09922,0.0728,0.330078,4.32641,,1.642e-03,-3.02813
1.643e-03,-3.06172,0.0728,0.33,4.32562,,1.643e-03,-2.99063
1.645e-03,-3.06641,0.0728,0.331797,4.32766,,1.645e-03,-2.99531
1.646e-03,-3.09922,0.0728,0.335859,4.33062,,1.646e-03,-3.02813
1.648e-03,-3.09922,0.0728,0.335547,4.32828,,1.648e-03,-3.02813
1.650e-03,-3.09922,0.0728,0.336016,4.32859,,1.650e-03,-3.02813
1.651e-03,-3.09922,0.0728,0.33,4.32937,,1.651e-03,-3.02813
1.653e-03,-3.07344,0.0728,0.338125,4.32672,,1.653e-03,-3.00234
1.654e-03,-3.1,0.0728,0.34,4.32859,,1.654e-03,-3.02891
1.656e-03,-3.06328,0.0728,0.342109,4.32672,,1.656e-03,-2.99219
1.658e-03,-3.09922,0.0728,0.344062,4.32766,,1.658e-03,-3.02813
1.659e-03,-3.06094,0.0728,0.349531,4.32781,,1.659e-03,-2.98984
1.661e-03,-3.08359,0.0728,0.35,4.32437,,1.661e-03,-3.0125
1.662e-03,-3.07187,0.0728,0.35,4.32531,,1.662e-03,-3.00078
1.664e-03,-3.07187,0.0728,0.35,4.32766,,1.664e-03,-3.00078
1.666e-03,-3.08203,0.0728,0.352109,4.3275,,1.666e-03,-3.01094
1.667e-03,-3.05625,0.0728,0.355312,4.32641,,1.667e-03,-2.98516
1.669e-03,-3.075,0.0728,0.355469,4.3275,,1.669e-03,-3.00391
1.670e-03,-3.07031,0.0728,0.357344,4.32703,,1.670e-03,-2.99922
1.672e-03,-3.09922,0.0728,0.356953,4.34,,1.672e-03,-3.02813
1.674e-03,-3.08516,0.0728,0.357891,4.32766,,1.674e-03,-3.01406
1.675e-03,-3.08281,0.0728,0.360312,4.32969,,1.675e-03,-3.01172
1.677e-03,-3.07266,0.0728,0.362891,4.32875,,1.677e-03,-3.00156
1.678e-03,-3.07969,0.0728,0.367891,4.32937,,1.678e-03,-3.00859
1.680e-03,-3.07969,0.0728,0.370078,4.32578,,1.680e-03,-3.00859
1.682e-03,-3.1,0.0728,0.370078,4.32875,,1.682e-03,-3.02891
1.683e-03,-3.08203,0.0728,0.370078,4.32766,,1.683e-03,-3.01094
1.685e-03,-3.07578,0.0728,0.372109,4.32672,,1.685e-03,-3.00469
1.686e-03,-3.06797,0.0728,0.373984,4.32687,,1.686e-03,-2.99688
1.688e-03,-3.07656,0.0728,0.376406,4.32578,,1.688e-03,-3.00547
1.690e-03,-3.075,0.0728,0.377109,4.32797,,1.690e-03,-3.00391
1.691e-03,-3.08047,0.0728,0.377344,4.32781,,1.691e-03,-3.00938
1.693e-03,-3.07891,0.0728,0.378281,4.32812,,1.693e-03,-3.00781
1.694e-03,-3.09922,0.0728,0.378984,4.32891,,1.694e-03,-3.02813
1.696e-03,-3.08594,0.0728,0.3825,4.32984,,1.696e-03,-3.01484
1.698e-03,-3.1,0.0728,0.386172,4.32734,,1.698e-03,-3.02891
1.699e-03,-3.09922,0.0728,0.39,4.32625,,1.699e-03,-3.02813
1.701e-03,-3.07578,0.0728,0.39,4.32937,,1.701e-03,-3.00469
1.702e-03,-3.08359,0.0728,0.390078,4.32797,,1.702e-03,-3.0125
1.704e-03,-3.09922,0.0728,0.390078,4.32828,,1.704e-03,-3.02813
1.706e-03,-3.08437,0.0728,0.394453,4.33984,,1.706e-03,-3.01328
1.707e-03,-3.09922,0.0728,0.396562,4.32687,,1.707e-03,-3.02813
1.709e-03,-3.09922,0.0728,0.397266,4.32891,,1.709e-03,-3.02813
1.710e-03,-3.08281,0.0728,0.397109,4.32656,,1.710e-03,-3.01172
1.712e-03,-3.09062,0.0728,0.397031,4.32984,,1.712e-03,-3.01953
1.714e-03,-3.07969,0.0728,0.396719,4.32656,,1.714e-03,-3.00859
1.715e-03,-3.0875,0.0728,0.397891,4.32844,,1.715e-03,-3.01641
1.717e-03,-3.09922,0.0728,0.399766,4.33031,,1.717e-03,-3.02813
1.718e-03,-3.08359,0.0728,0.403359,4.32781,,1.718e-03,-3.0125
1.720e-03,-3.07891,0.0728,0.406484,4.34016,,1.720e-03,-3.00781
1.722e-03,-3.08672,0.0728,0.41,4.33016,,1.722e-03,-3.01562
1.723e-03,-3.1,0.0728,0.41,4.3275,,1.723e-03,-3.02891
1.725e-03,-3.07969,0.0728,0.41,4.32562,,1.725e-03,-3.00859
1.726e-03,-3.09141,0.0728,0.41,4.32875,,1.726e-03,-3.02031
1.728e-03,-3.09922,0.0728,0.412031,4.32531,,1.728e-03,-3.02813
1.730e-03,-3.09922,0.0728,0.415859,4.32734,,1.730e-03,-3.02813
1.731e-03,-3.09922,0.0728,0.416484,4.32922,,1.731e-03,-3.02813
1.733e-03,-3.09922,0.0728,0.417578,4.34,,1.733e-03,-3.02813
1.734e-03,-3.07656,0.0728,0.417891,4.32844,,1.734e-03,-3.00547
1.736e-03,-3.09922,0.0728,0.418828,4.32687,,1.736e-03,-3.02813
1.738e-03,-3.1,0.0728,0.42125,4.32672,,1.738e-03,-3.02891
1.739e-03,-3.09922,0.0728,0.425781,4.32719,,1.739e-03,-3.02813
1.741e-03,-3.09922,0.0728,0.43,4.32875,,1.741e-03,-3.02813
1.742e-03,-3.09922,0.0728,0.43,4.32969,,1.742e-03,-3.02813
1.744e-03,-3.08281,0.0728,0.43,4.32453,,1.744e-03,-3.01172
1.746e-03,-3.07969,0.0728,0.430391,4.32578,,1.746e-03,-3.00859
1.747e-03,-3.075,0.0728,0.433906,4.32891,,1.747e-03,-3.00391
1.749e-03,-3.07422,0.0728,0.436016,4.32656,,1.749e-03,-3.00313
1.750e-03,-3.08672,0.0728,0.437344,4.32531,,1.750e-03,-3.01562
1.752e-03,-3.09922,0.0728,0.43625,4.34,,1.752e-03,-3.02813
1.754e-03,-3.08281,0.0728,0.436484,4.32656,,1.754e-03,-3.01172
1.755e-03,-3.09922,0.0728,0.437969,4.32594,,1.755e-03,-3.02813
1.757e-03,-3.09922,0.0728,0.440469,4.32703,,1.757e-03,-3.02813
1.758e-03,-3.075,0.0728,0.443203,4.32656,,1.758e-03,-3.00391
1.760e-03,-3.08125,0.0728,0.448516,4.32844,,1.760e-03,-3.01016
1.762e-03,-3.07969,0.0728,0.45,4.32594,,1.762e-03,-3.00859
1.763e-03,-3.07734,0.0728,0.45,4.34,,1.763e-03,-3.00625
1.765e-03,-3.08516,0.0728,0.450078,4.32547,,1.765e-03,-3.01406
1.766e-03,-3.09922,0.0728,0.450078,4.32641,,1.766e-03,-3.02813
1.768e-03,-3.07656,0.0728,0.454687,4.32703,,1.768e-03,-3.00547
1.770e-03,-3.08672,0.0728,0.456719,4.34,,1.770e-03,-3.01562
1.771e-03,-3.07187,0.0728,0.457266,4.32922,,1.771e-03,-3.00078
1.773e-03,-3.07422,0.0728,0.457969,4.32625,,1.773e-03,-3.00313
1.774e-03,-3.09922,0.0728,0.457656,4.32625,,1.774e-03,-3.02813
1.776e-03,-3.07812,0.0728,0.459141,4.33016,,1.776e-03,-3.00703
1.778e-03,-3.08281,0.0728,0.4625,4.32641,,1.778e-03,-3.01172
1.779e-03,-3.06797,0.0728,0.469922,4.32703,,1.779e-03,-2.99688
1.781e-03,-3.07344,0.0728,0.47,4.32922,,1.781e-03,-3.00234
1.782e-03,-3.07969,0.0728,0.470078,4.32609,,1.782e-03,-3.00859
1.784e-03,-3.06797,0.0728,0.470078,4.32781,,1.784e-03,-2.99688
1.786e-03,-3.09141,0.0728,0.47,4.34,,1.786e-03,-3.02031
1.787e-03,-3.07891,0.0728,0.475156,4.32641,,1.787e-03,-3.00781
1.789e-03,-3.09922,0.0728,0.477344,4.32969,,1.789e-03,-3.02813
1.790e-03,-3.09922,0.0728,0.477656,4.33984,,1.790e-03,-3.02813
1.792e-03,-3.09922,0.0728,0.470078,4.32625,,1.792e-03,-3.02813
1.794e-03,-3.06875,0.0728,0.476953,4.32812,,1.794e-03,-2.99766
1.795e-03,-3.09922,0.0728,0.478281,4.32891,,1.795e-03,-3.02813
1.797e-03,-3.09922,0.0728,0.478125,4.32906,,1.797e-03,-3.02813
1.798e-03,-3.09922,0.0728,0.48125,4.32875,,1.798e-03,-3.02813
1.800e-03,-3.07578,0.0728,0.485469,4.32625,,1.800e-03,-3.00469
1.802e-03,-3.06797,0.0728,0.490078,4.32891,,1.802e-03,-2.99688
1.803e-03,-3.075,0.0728,0.49,4.32859,,1.803e-03,-3.00391
1.805e-03,-3.09922,0.0728,0.49,4.32937,,1.805e-03,-3.02813
1.806e-03,-3.06328,0.0728,0.490078,4.32734,,1.806e-03,-2.99219
1.808e-03,-3.09922,0.0728,0.492187,4.32844,,1.808e-03,-3.02813
1.810e-03,-3.07187,0.0728,0.494922,4.32781,,1.810e-03,-3.00078
1.811e-03,-3.08203,0.0728,0.496797,4.32875,,1.811e-03,-3.01094
1.813e-03,-3.1,0.0728,0.496875,4.32766,,1.813e-03,-3.02891
1.814e-03,-3.0625,0.0728,0.497969,4.32703,,1.814e-03,-2.99141
1.816e-03,-3.05781,0.0728,0.498984,4.3275,,1.816e-03,-2.98672
1.818e-03,-3.07031,0.0728,0.502266,4.32687,,1.818e-03,-2.99922
1.819e-03,-3.05625,0.0728,0.506328,4.32828,,1.819e-03,-2.98516
1.821e-03,-3.06328,0.0728,0.51,4.32828,,1.821e-03,-2.99219
1.822e-03,-3.04922,0.0728,0.51,4.32719,,1.822e-03,-2.97813
1.824e-03,-3.09922,0.0728,0.510078,4.32609,,1.824e-03,-3.02813
1.826e-03,-3.08203,0.0728,0.510859,4.32922,,1.826e-03,-3.01094
1.827e-03,-3.06328,0.0728,0.515312,4.32578,,1.827e-03,-2.99219
1.829e-03,-3.09922,0.0728,0.516406,4.33109,,1.829e-03,-3.02813
1.830e-03,-3.06328,0.0728,0.5175,4.32891,,1.830e-03,-2.99219
1.832e-03,-3.06875,0.0728,0.517578,4.32906,,1.832e-03,-2.99766
1.834e-03,-3.04687,0.0728,0.516719,4.32641,,1.834e-03,-2.97578
1.835e-03,-3.05703,0.0728,0.510078,4.34016,,1.835e-03,-2.98594
1.837e-03,-3.09922,0.0728,0.518359,4.32969,,1.837e-03,-3.02813
1.838e-03,-3.06094,0.0728,0.520703,4.32906,,1.838e-03,-2.98984
1.840e-03,-3.09922,0.0728,0.522891,4.34,,1.840e-03,-3.02813
1.842e-03,-3.09922,0.0728,0.528672,4.33984,,1.842e-03,-3.02813
1.843e-03,-3.05234,0.0728,0.53,4.34,,1.843e-03,-2.98125
1.845e-03,-3.09922,0.0728,0.530078,4.32844,,1.845e-03,-3.02813
1.846e-03,-3.09922,0.0728,0.53,4.32672,,1.846e-03,-3.02813
1.848e-03,-3.06406,0.0728,0.531953,4.34,,1.848e-03,-2.99297
1.850e-03,-3.09922,0.0728,0.534453,4.32781,,1.850e-03,-3.02813
1.851e-03,-3.06484,0.0728,0.535078,4.3275,,1.851e-03,-2.99375
1.853e-03,-3.06875,0.0728,0.537266,4.32687,,1.853e-03,-2.99766
1.854e-03,-3.05781,0.0728,0.537969,4.30391,,1.854e-03,-2.98672
1.856e-03,-3.09922,0.0728,0.530469,4.32734,,1.856e-03,-3.02813
1.858e-03,-3.09922,0.0728,0.542422,4.32578,,1.858e-03,-3.02813
1.859e-03,-3.05312,0.0728,0.536562,4.32641,,1.859e-03,-2.98203
1.861e-03,-3.06641,0.0728,0.55,4.32859,,1.861e-03,-2.99531
1.862e-03,-3.06562,0.0728,0.55,4.32687,,1.862e-03,-2.99453
1.864e-03,-3.05,0.0728,0.55,4.32562,,1.864e-03,-2.97891
1.866e-03,-3.05078,0.0728,0.550078,4.325,,1.866e-03,-2.97969
1.867e-03,-3.05469,0.0728,0.553359,4.32594,,1.867e-03,-2.98359
1.869e-03,-3.06406,0.0728,0.556172,4.32891,,1.869e-03,-2.99297
1.870e-03,-3.06016,0.0728,0.555937,4.32687,,1.870e-03,-2.98906
1.872e-03,-3.09922,0.0728,0.558281,4.32719,,1.872e-03,-3.02813
1.874e-03,-3.09922,0.0728,0.559531,4.32875,,1.874e-03,-3.02813
1.875e-03,-3.09922,0.0728,0.562656,4.32594,,1.875e-03,-3.02813
1.877e-03,-3.05625,0.0728,0.566328,4.32859,,1.877e-03,-2.98516
1.878e-03,-3.05547,0.0728,0.57,4.32906,,1.878e-03,-2.98438
1.880e-03,-3.06328,0.0728,0.57,4.34,,1.880e-03,-2.99219
1.882e-03,-3.09922,0.0728,0.570078,4.32906,,1.882e-03,-3.02813
1.883e-03,-3.04297,0.0728,0.57,4.32672,,1.883e-03,-2.97188
1.885e-03,-3.1,0.0728,0.573984,4.32828,,1.885e-03,-3.02891
1.886e-03,-3.09922,0.0728,0.576016,4.32781,,1.886e-03,-3.02813
1.888e-03,-3.09922,0.0728,0.577266,4.32906,,1.888e-03,-3.02813
1.890e-03,-3.09922,0.0728,0.576797,4.32844,,1.890e-03,-3.02813
1.891e-03,-3.04922,0.0728,0.577187,4.32797,,1.891e-03,-2.97813
1.893e-03,-3.09922,0.0728,0.578516,4.34,,1.893e-03,-3.02813
1.894e-03,-3.04609,0.0728,0.582031,4.32609,,1.894e-03,-2.975
1.896e-03,-3.05156,0.0728,0.584922,4.32937,,1.896e-03,-2.98047
1.898e-03,-3.05234,0.0728,0.589922,4.34,,1.898e-03,-2.98125
1.899e-03,-3.05156,0.0728,0.590078,4.32953,,1.899e-03,-2.98047
1.901e-03,-3.04453,0.0728,0.590078,4.32672,,1.901e-03,-2.97344
1.902e-03,-3.09922,0.0728,0.59,4.32719,,1.902e-03,-3.02813
1.904e-03,-3.09922,0.0728,0.594141,4.32719,,1.904e-03,-3.02813
1.906e-03,-3.09922,0.0728,0.59625,4.33031,,1.906e-03,-3.02813
1.907e-03,-3.04609,0.0728,0.596016,4.32969,,1.907e-03,-2.975
1.909e-03,-3.09922,0.0728,0.597031,4.32797,,1.909e-03,-3.02813
1.910e-03,-3.04453,0.0728,0.597031,4.32578,,1.910e-03,-2.97344
1.912e-03,-3.05234,0.0728,0.597656,4.32547,,1.912e-03,-2.98125
1.914e-03,-3.04219,0.0728,0.598359,4.32687,,1.914e-03,-2.97109
1.915e-03,-3.04297,0.0728,0.601562,4.32672,,1.915e-03,-2.97188
1.917e-03,-3.04062,0.0728,0.605547,4.32703,,1.917e-03,-2.96953
1.918e-03,-3.05469,0.0728,0.61,4.32828,,1.918e-03,-2.98359
1.920e-03,-3.04687,0.0728,0.61,4.32672,,1.920e-03,-2.97578
1.922e-03,-3.04844,0.0728,0.61,4.32937,,1.922e-03,-2.97734
1.923e-03,-3.04297,0.0728,0.610078,4.32828,,1.923e-03,-2.97188
1.925e-03,-3.04531,0.0728,0.61375,4.34,,1.925e-03,-2.97422
1.926e-03,-3.04609,0.0728,0.616094,4.32656,,1.926e-03,-2.975
1.928e-03,-3.05156,0.0727969,0.617187,4.32828,,1.928e-03,-2.98125
1.930e-03,-3.03203,0.0727969,0.616719,4.33062,,1.930e-03,-2.96172
1.931e-03,-3.09922,0.0727984,0.617187,4.3275,,1.931e-03,-3.02891
1.933e-03,-3.03594,0.0727922,0.618672,4.32719,,1.933e-03,-2.96563
1.934e-03,-3.04219,0.0727859,0.620469,4.30641,,1.934e-03,-2.97188
1.936e-03,-3.04453,0.0727578,0.624219,4.32797,,1.936e-03,-2.97422
1.938e-03,-3.09922,0.0727562,0.629609,4.34,,1.938e-03,-3.02891
1.939e-03,-3.03828,0.0727094,0.63,4.32609,,1.939e-03,-2.96797
1.941e-03,-3.03984,0.0726953,0.63,4.33,,1.941e-03,-2.96953
1.942e-03,-3.04219,0.0726469,0.63,4.32656,,1.942e-03,-2.97188
1.944e-03,-3.03359,0.0725969,0.630078,4.33,,1.944e-03,-2.96328
1.946e-03,-3.03828,0.0725953,0.635391,4.32812,,1.946e-03,-2.96797
1.947e-03,-3.03672,0.0725875,0.636797,4.32969,,1.947e-03,-2.96641
1.949e-03,-3.09922,0.0725406,0.630078,4.32844,,1.949e-03,-3.02891
1.950e-03,-3.04453,0.0724109,0.637891,4.3275,,1.950e-03,-2.97422
1.952e-03,-3.09922,0.0722031,0.638281,4.32812,,1.952e-03,-3.02891
1.954e-03,-3.0375,0.0721516,0.640469,4.32844,,1.954e-03,-2.96719
1.955e-03,-3.03281,0.0719203,0.642656,4.32641,,1.955e-03,-2.96328
1.957e-03,-3.03984,0.0717469,0.645469,4.32656,,1.957e-03,-2.97031
1.958e-03,-3.02891,0.0716531,0.65,4.32672,,1.958e-03,-2.95938
1.960e-03,-3.02969,0.0714578,0.65,4.3275,,1.960e-03,-2.96016
1.962e-03,-3.02812,0.0713234,0.65,4.32797,,1.962e-03,-2.95859
1.963e-03,-3.03203,0.0709953,0.650859,4.32625,,1.963e-03,-2.96328
1.965e-03,-3.03359,0.0708656,0.654297,4.32609,,1.965e-03,-2.96484
1.966e-03,-3.02969,0.0705687,0.657187,4.32656,,1.966e-03,-2.96094
1.968e-03,-3.09922,0.0702453,0.657422,4.32781,,1.968e-03,-3.03125
1.970e-03,-3.0375,0.0701859,0.657812,4.32812,,1.970e-03,-2.96953
1.971e-03,-3.09844,0.0697156,0.657422,4.32641,,1.971e-03,-3.03047
1.973e-03,-3.03281,0.0693953,0.657578,4.34,,1.973e-03,-2.96563
1.974e-03,-3.09922,0.0693297,0.659531,4.32672,,1.974e-03,-3.03203
1.976e-03,-3.02891,0.0689641,0.660781,4.32844,,1.976e-03,-2.96172
1.978e-03,-3.02344,0.0687953,0.66625,4.32703,,1.978e-03,-2.95703
1.979e-03,-3.03672,0.0685875,0.670078,4.32891,,1.979e-03,-2.97031
1.981e-03,-3.025,0.0682047,0.670078,4.34,,1.981e-03,-2.95859
1.982e-03,-3.03437,0.0679047,0.67,4.32891,,1.982e-03,-2.96875
1.984e-03,-3.03125,0.0675125,0.67,4.33219,,1.984e-03,-2.96563
1.986e-03,-3.01797,0.0673797,0.673125,4.32828,,1.986e-03,-2.95234
1.987e-03,-3.01562,0.0670891,0.675078,4.32734,,1.987e-03,-2.95078
1.989e-03,-3.02187,0.0670609,0.675781,4.32766,,1.989e-03,-2.95703
1.990e-03,-3.01641,0.0667312,0.676797,4.32891,,1.990e-03,-2.95156
1.992e-03,-3.02812,0.0662391,0.677187,4.32781,,1.992e-03,-2.96406
1.994e-03,-3.02344,0.0661766,0.679141,4.32719,,1.994e-03,-2.95938
1.995e-03,-3.02031,0.0659062,0.679766,4.32781,,1.995e-03,-2.95625
1.997e-03,-3.01484,0.0656609,0.689844,4.32562,,1.997e-03,-2.95078
1.998e-03,-3.00781,0.0652187,0.69,4.32562,,1.998e-03,-2.94453
2.000e-03,-3.01016,0.0649547,0.69,4.34,,2.000e-03,-2.94688
2.002e-03,-3.00859,0.0646266,0.69,4.32562,,2.002e-03,-2.94609
2.003e-03,-3.01094,0.0644516,0.690078,4.32922,,2.003e-03,-2.94844
2.005e-03,-3.08984,0.0641766,0.691875,4.3275,,2.005e-03,-3.02734
2.006e-03,-3.08437,0.0639375,0.694531,4.32516,,2.006e-03,-3.02266
2.008e-03,-2.99453,0.0634984,0.696484,4.32719,,2.008e-03,-2.93281
2.010e-03,-2.99766,0.0633203,0.696406,4.32844,,2.010e-03,-2.93594
2.011e-03,-2.99766,0.0628109,0.696562,4.32844,,2.011e-03,-2.93672
2.013e-03,-2.98516,0.0625516,0.697812,4.32812,,2.013e-03,-2.92422
2.014e-03,-2.99531,0.0622672,0.690625,4.32437,,2.014e-03,-2.93516
2.016e-03,-2.98672,0.0622375,0.692344,4.32766,,2.016e-03,-2.92656
2.018e-03,-2.99766,0.061675,0.707109,4.34,,2.018e-03,-2.9375
2.019e-03,-3.08594,0.0614,0.71,4.32828,,2.019e-03,-3.02656
2.021e-03,-2.9875,0.0610125,0.710078,4.32844,,2.021e-03,-2.92813
2.022e-03,-2.97031,0.060825,0.71,4.32781,,2.022e-03,-2.91094
2.024e-03,-2.98437,0.0604641,0.711016,4.32875,,2.024e-03,-2.92578
2.026e-03,-2.96484,0.0602672,0.710078,4.32828,,2.026e-03,-2.90625
2.027e-03,-2.96953,0.0601141,0.715,4.33,,2.027e-03,-2.91094
2.029e-03,-2.96562,0.0597484,0.716562,4.32797,,2.029e-03,-2.90781
2.030e-03,-2.96172,0.0592641,0.717656,4.32828,,2.030e-03,-2.90391
2.032e-03,-2.96172,0.0591531,0.717578,4.32922,,2.032e-03,-2.90469
2.034e-03,-2.96406,0.0585984,0.719844,4.32906,,2.034e-03,-2.90703
2.035e-03,-2.95859,0.0583187,0.721719,4.32656,,2.035e-03,-2.90234
2.037e-03,-2.95547,0.0578594,0.73,4.32641,,2.037e-03,-2.89922
2.038e-03,-3.05625,0.0576953,0.73,4.34,,2.038e-03,-3
2.040e-03,-2.97187,0.0573125,0.730078,4.32766,,2.040e-03,-2.91641
2.042e-03,-2.97578,0.0569797,0.73,4.32781,,2.042e-03,-2.92031
2.043e-03,-3.0625,0.0566078,0.73125,4.32891,,2.043e-03,-3.00781
2.045e-03,-2.97656,0.0565422,0.734531,4.32719,,2.045e-03,-2.92188
2.046e-03,-2.97031,0.0560906,0.736484,4.33984,,2.046e-03,-2.91563
2.048e-03,-2.97031,0.0556609,0.735859,4.34,,2.048e-03,-2.91641
2.050e-03,-2.97031,0.0553844,0.737578,4.32609,,2.050e-03,-2.91641
2.051e-03,-2.97187,0.0549781,0.737969,4.32844,,2.051e-03,-2.91875
2.053e-03,-2.98359,0.0547094,0.740547,4.32828,,2.053e-03,-2.93047
2.054e-03,-2.96953,0.0544266,0.742266,4.32891,,2.054e-03,-2.91641
2.056e-03,-2.97734,0.0541922,0.747109,4.32781,,2.056e-03,-2.925
2.058e-03,-2.97656,0.0536984,0.75,4.32594,,2.058e-03,-2.92422
2.059e-03,-2.98437,0.0533187,0.75,4.34,,2.059e-03,-2.93281
2.061e-03,-2.96719,0.0529828,0.75,4.32797,,2.061e-03,-2.91563
2.062e-03,-2.98047,0.0528141,0.751094,4.32812,,2.062e-03,-2.92891
2.064e-03,-2.98359,0.0524953,0.753203,4.32875,,2.064e-03,-2.93281
2.066e-03,-2.97344,0.0520891,0.75625,4.32766,,2.066e-03,-2.92266
2.067e-03,-3.07344,0.0517375,0.756797,4.33984,,2.067e-03,-3.02344
2.069e-03,-2.97578,0.051075,0.756875,4.33984,,2.069e-03,-2.92656
2.070e-03,-2.97031,0.0508844,0.757422,4.32687,,2.070e-03,-2.92109
2.072e-03,-2.97109,0.0505922,0.750078,4.3275,,2.072e-03,-2.92188
2.074e-03,-2.95703,0.0504391,0.760234,4.32703,,2.074e-03,-2.90781
2.075e-03,-2.95859,0.0498312,0.763984,4.32812,,2.075e-03,-2.91016
2.077e-03,-2.94375,0.0496125,0.769453,4.32766,,2.077e-03,-2.89531
2.078e-03,-2.93594,0.0492391,0.77,4.32719,,2.078e-03,-2.88828
2.080e-03,-2.9375,0.0491734,0.77,4.34,,2.080e-03,-2.88984
2.082e-03,-2.93125,0.0487625,0.77,4.33969,,2.082e-03,-2.88438
2.083e-03,-2.92812,0.0483719,0.770312,4.32906,,2.083e-03,-2.88125
2.085e-03,-2.90391,0.0478078,0.774844,4.32828,,2.085e-03,-2.85781
2.086e-03,-2.9,0.0475422,0.775547,4.32891,,2.086e-03,-2.85391
2.088e-03,-2.9,0.0472687,0.770078,4.32797,,2.088e-03,-2.85391
2.090e-03,-2.89922,0.0468141,0.777656,4.32828,,2.090e-03,-2.85391
2.091e-03,-2.9,0.0464547,0.777812,4.32766,,2.091e-03,-2.85469
2.093e-03,-2.9,0.0461812,0.779297,4.32766,,2.093e-03,-2.85547
2.094e-03,-2.89922,0.0457766,0.782969,4.34,,2.094e-03,-2.85469
2.096e-03,-2.93906,0.0452844,0.786328,4.32672,,2.096e-03,-2.89531
2.098e-03,-2.9,0.0447422,0.79,4.32531,,2.098e-03,-2.85703
2.099e-03,-2.9,0.0444656,0.79,4.32875,,2.099e-03,-2.85703
2.101e-03,-2.89922,0.0441859,0.79,4.32547,,2.101e-03,-2.85625
2.102e-03,-2.9,0.0438234,0.790078,4.32641,,2.102e-03,-2.85781
2.104e-03,-2.9,0.0436891,0.794219,4.32844,,2.104e-03,-2.85781
2.106e-03,-2.9,0.0432344,0.79625,4.32531,,2.106e-03,-2.85781
2.107e-03,-2.9,0.0426906,0.796094,4.32781,,2.107e-03,-2.85859
2.109e-03,-2.9,0.0424891,0.797187,4.32687,,2.109e-03,-2.85859
2.110e-03,-2.9,0.0419187,0.796797,4.32844,,2.110e-03,-2.85938
2.112e-03,-2.9,0.0416859,0.790078,4.32719,,2.112e-03,-2.85938
2.114e-03,-2.89922,0.0414922,0.799609,4.32703,,2.114e-03,-2.85938
2.115e-03,-2.89922,0.0407281,0.804375,4.32797,,2.115e-03,-2.86016
2.117e-03,-2.89922,0.0405312,0.81,4.32656,,2.117e-03,-2.86016
2.118e-03,-2.89922,0.0400141,0.81,4.32719,,2.118e-03,-2.86016
2.120e-03,-2.89922,0.0397359,0.81,4.32734,,2.120e-03,-2.86094
2.122e-03,-2.9,0.0396,0.810078,4.32797,,2.122e-03,-2.86172
2.123e-03,-2.89922,0.0390078,0.813594,4.32672,,2.123e-03,-2.86172
2.125e-03,-2.89922,0.0387031,0.815781,4.32672,,2.125e-03,-2.86172
2.126e-03,-2.89922,0.0382703,0.817812,4.32922,,2.126e-03,-2.8625
2.128e-03,-2.89922,0.0378078,0.818047,4.32703,,2.128e-03,-2.8625
2.130e-03,-2.87187,0.037575,0.817187,4.32812,,2.130e-03,-2.83594
2.131e-03,-2.89922,0.0371219,0.8175,4.32641,,2.131e-03,-2.86328
2.133e-03,-2.89922,0.0366437,0.816719,4.32641,,2.133e-03,-2.86406
2.134e-03,-2.88047,0.0363531,0.818516,4.32812,,2.134e-03,-2.84531
2.136e-03,-2.89922,0.0360344,0.821875,4.32687,,2.136e-03,-2.86406
2.138e-03,-2.89922,0.0357172,0.826562,4.32734,,2.138e-03,-2.86484
2.139e-03,-2.89922,0.035,0.83,4.34,,2.139e-03,-2.86563
2.141e-03,-2.89922,0.0348687,0.83,4.32687,,2.141e-03,-2.86563
2.142e-03,-2.84141,0.0345156,0.83,4.32672,,2.142e-03,-2.80781
2.144e-03,-2.83984,0.0341141,0.830312,4.32703,,2.144e-03,-2.80703
2.146e-03,-2.89922,0.0337469,0.832578,4.34,,2.146e-03,-2.86641
2.147e-03,-2.89922,0.0332656,0.835625,4.32766,,2.147e-03,-2.86719
2.149e-03,-2.89844,0.0329312,0.836875,4.32781,,2.149e-03,-2.86641
2.150e-03,-2.89922,0.0322734,0.837031,4.32797,,2.150e-03,-2.86797
2.152e-03,-2.89922,0.0321844,0.837344,4.32719,,2.152e-03,-2.86797
2.154e-03,-2.83672,0.0317141,0.837734,4.34,,2.154e-03,-2.80625
2.155e-03,-2.89766,0.0311516,0.840078,4.32547,,2.155e-03,-2.86797
2.157e-03,-2.82656,0.0307406,0.844062,4.32719,,2.157e-03,-2.79688
2.158e-03,-2.81797,0.0304781,0.85,4.32609,,2.158e-03,-2.78828
2.160e-03,-2.89062,0.0299766,0.85,4.34,,2.160e-03,-2.86172
2.162e-03,-2.875,0.0295781,0.85,4.32641,,2.162e-03,-2.84688
2.163e-03,-2.78984,0.0293297,0.850078,4.32719,,2.163e-03,-2.76172
2.165e-03,-2.7625,0.0288234,0.853047,4.32703,,2.165e-03,-2.73438
2.166e-03,-2.76562,0.0285141,0.853984,4.34,,2.166e-03,-2.73828
2.168e-03,-2.74062,0.0279734,0.850078,4.32594,,2.168e-03,-2.71406
2.170e-03,-2.74219,0.0276437,0.850078,4.32875,,2.170e-03,-2.71563
2.171e-03,-2.73516,0.0271453,0.8575,4.32766,,2.171e-03,-2.70938
2.173e-03,-2.73906,0.0266109,0.857812,4.32766,,2.173e-03,-2.71328
2.174e-03,-2.71562,0.0262937,0.859687,4.32797,,2.174e-03,-2.69063
2.176e-03,-2.72891,0.0258594,0.862969,4.32812,,2.176e-03,-2.70391
2.178e-03,-2.71328,0.0255172,0.855859,4.32672,,2.178e-03,-2.68906
2.179e-03,-2.70078,0.0252484,0.87,4.32516,,2.179e-03,-2.67656
2.181e-03,-2.7,0.0247422,0.870078,4.32609,,2.181e-03,-2.67656
2.182e-03,-2.7,0.0243906,0.870078,4.34,,2.182e-03,-2.67656
2.184e-03,-2.69922,0.0239578,0.870078,4.32734,,2.184e-03,-2.67656
2.186e-03,-2.7,0.0234172,0.875391,4.34,,2.186e-03,-2.67734
2.187e-03,-2.7,0.0231156,0.877266,4.34,,2.187e-03,-2.67813
2.189e-03,-2.69922,0.0226062,0.877812,4.32641,,2.189e-03,-2.67734
2.190e-03,-2.69922,0.0222203,0.876953,4.32609,,2.190e-03,-2.67813
2.192e-03,-2.69922,0.0218781,0.877734,4.3275,,2.192e-03,-2.67813
2.194e-03,-2.69922,0.0215141,0.877656,4.32828,,2.194e-03,-2.67891
2.195e-03,-2.69922,0.0210688,0.87875,4.34,,2.195e-03,-2.67891
2.197e-03,-2.68594,0.0205781,0.879609,4.32516,,2.197e-03,-2.66641
2.198e-03,-2.69766,0.0202,0.883437,4.3275,,2.198e-03,-2.67813
2.200e-03,-2.65234,0.0196297,0.887578,4.32547,,2.200e-03,-2.63359
2.202e-03,-2.67187,0.0193391,0.89,4.32672,,2.202e-03,-2.65313
2.203e-03,-2.58203,0.0186672,0.890078,4.32969,,2.203e-03,-2.56406
2.205e-03,-2.60391,0.0184344,0.89,4.32672,,2.205e-03,-2.58594
2.206e-03,-2.49922,0.0178688,0.890469,4.32797,,2.206e-03,-2.48203
2.208e-03,-2.52187,0.0176234,0.892734,4.32828,,2.208e-03,-2.50469
2.210e-03,-2.49922,0.0170531,0.895547,4.34,,2.210e-03,-2.48281
2.211e-03,-2.49922,0.0167406,0.896797,4.32875,,2.211e-03,-2.48359
2.213e-03,-2.49922,0.0161906,0.897578,4.34,,2.213e-03,-2.48359
2.214e-03,-2.49844,0.0157906,0.898437,4.32875,,2.214e-03,-2.48359
2.216e-03,-2.48359,0.0153453,0.899219,4.32656,,2.216e-03,-2.46875
2.218e-03,-2.38906,0.0149875,0.902578,4.32562,,2.218e-03,-2.375
2.219e-03,-2.33594,0.0146313,0.905781,4.32609,,2.219e-03,-2.32187
2.221e-03,-2.29922,0.013925,0.91,4.32875,,2.221e-03,-2.28594
2.222e-03,-2.32891,0.013425,0.910078,4.32844,,2.222e-03,-2.31641
2.224e-03,-2.26953,0.0129688,0.91,4.32656,,2.224e-03,-2.25703
2.226e-03,-2.22031,0.0125141,0.91,4.32656,,2.226e-03,-2.20859
2.227e-03,-2.17187,0.0121781,0.913984,4.32578,,2.227e-03,-2.16016
2.229e-03,-2.08828,0.0115516,0.914766,4.32828,,2.229e-03,-2.07734
2.230e-03,-2.00625,0.0114328,0.916641,4.32828,,2.230e-03,-1.99531
2.232e-03,-1.92266,0.0107234,0.916406,4.32703,,2.232e-03,-1.9125
2.234e-03,-1.83359,0.0101719,0.916562,4.32609,,2.234e-03,-1.82422
2.235e-03,-1.6875,0.00972188,0.916328,4.32766,,2.235e-03,-1.67813
2.237e-03,-1.53672,0.00916406,0.918672,4.32469,,2.237e-03,-1.52813
2.238e-03,-1.32031,0.00878906,0.920781,4.32953,,2.238e-03,-1.3125
2.240e-03,-1.05391,0.00827656,0.923672,4.33984,,2.240e-03,-1.04609
2.242e-03,-0.725781,0.00782031,0.929453,4.32937,,2.242e-03,-0.71875
2.243e-03,-0.336718,0.0073125,0.93,4.32578,,2.243e-03,-0.329688
2.245e-03,0.175782,0.00693125,0.93,4.32531,,2.245e-03,0.182031
2.246e-03,0.903907,0.00636563,0.93,4.32531,,2.246e-03,0.909375
2.248e-03,1.77188,0.00595469,0.93,4.32734,,2.248e-03,1.77734
2.250e-03,2.84766,0.00539375,0.933984,4.32625,,2.250e-03,2.85234
2.251e-03,3.96641,0.00489063,0.935547,4.32687,,2.251e-03,3.97109
2.253e-03,5.03125,0.00448438,0.937344,4.32656,,2.253e-03,5.03516
2.254e-03,5.94609,0.00401719,0.9375,4.34,,2.254e-03,5.95
2.256e-03,6.70547,0.00369688,0.938359,4.33984,,2.256e-03,6.70859
2.258e-03,7.28516,0.00304844,0.939141,4.32766,,2.258e-03,7.2875
2.259e-03,7.62969,0.0025875,0.940625,4.32672,,2.259e-03,7.63203
2.261e-03,7.69844,0.00200938,0.943437,4.32656,,2.261e-03,7.7
2.262e-03,7.45781,0.0014875,0.946953,4.32578,,2.262e-03,7.45859
2.264e-03,6.91797,0.000995313,0.950078,4.32641,,2.264e-03,6.91875
2.266e-03,6.11484,0.000553125,0.95,4.32422,,2.266e-03,6.11484
2.267e-03,5.15625,-0.000117187,0.950078,4.32687,,2.267e-03,5.15547
2.269e-03,4.13359,-0.000453125,0.95,4.32531,,2.269e-03,4.13281
2.270e-03,3.12266,-0.00083125,0.953281,4.32781,,2.270e-03,3.12109
2.272e-03,2.12891,-0.00169062,0.955,4.33,,2.272e-03,2.12656
2.274e-03,1.2375,-0.00205937,0.956094,4.32891,,2.274e-03,1.23516
2.275e-03,0.464063,-0.00259844,0.957578,4.32656,,2.275e-03,0.460938
2.277e-03,-0.197656,-0.00301719,0.950078,4.32766,,2.277e-03,-0.200781
2.278e-03,-0.73125,-0.00364531,0.959766,4.3275,,2.278e-03,-0.735156
2.280e-03,-1.16484,-0.00401875,0.962578,4.32594,,2.280e-03,-1.16953
2.282e-03,-1.51875,-0.00454219,0.965547,4.32812,,2.282e-03,-1.52344
2.283e-03,-1.80625,-0.00501562,0.969922,4.32687,,2.283e-03,-1.81172
2.285e-03,-2.01484,-0.00541406,0.970078,4.32672,,2.285e-03,-2.02031
2.286e-03,-2.14609,-0.00599375,0.969922,4.33984,,2.286e-03,-2.15234
2.288e-03,-2.30547,-0.00640937,0.970078,4.32703,,2.288e-03,-2.3125
2.290e-03,-2.39687,-0.00705469,0.973437,4.34,,2.290e-03,-2.40391
2.291e-03,-2.5,-0.00759375,0.975781,4.34,,2.291e-03,-2.50781
2.293e-03,-2.50937,-0.00799062,0.976719,4.32609,,2.293e-03,-2.51719
2.294e-03,-2.59844,-0.00853125,0.976719,4.32625,,2.294e-03,-2.60703
2.296e-03,-2.7,-0.00908594,0.978047,4.32641,,2.296e-03,-2.70938
2.298e-03,-2.7,-0.00958906,0.979062,4.32797,,2.298e-03,-2.70938
2.299e-03,-2.70312,-0.00989687,0.980703,4.32578,,2.299e-03,-2.71328
2.301e-03,-2.74219,-0.0106078,0.982109,4.32937,,2.301e-03,-2.75313
2.302e-03,-2.79766,-0.0110969,0.99,4.32516,,2.302e-03,-2.80859
2.304e-03,-2.82656,-0.0117812,0.989922,4.32594,,2.304e-03,-2.83828
2.306e-03,-2.85,-0.0121203,0.99,4.32703,,2.306e-03,-2.8625
2.307e-03,-2.86875,-0.0126375,0.990078,4.34,,2.307e-03,-2.88125
2.309e-03,-2.89922,-0.0132109,0.990078,4.34,,2.309e-03,-2.9125
2.310e-03,-2.89922,-0.0134656,0.994297,4.32578,,2.310e-03,-2.9125
2.312e-03,-2.89922,-0.0142047,0.996562,4.32578,,2.312e-03,-2.91328
2.314e-03,-2.89922,-0.0147437,0.996328,4.32719,,2.314e-03,-2.91406
2.315e-03,-2.89922,-0.0150516,0.990078,4.32797,,2.315e-03,-2.91406
2.317e-03,-2.89922,-0.0158219,0.997578,4.32687,,2.317e-03,-2.91484
2.318e-03,-2.9,-0.0162016,1.00773,4.32859,,2.318e-03,-2.91641
2.320e-03,-2.9,-0.016625,0.999453,4.34,,2.320e-03,-2.91641
2.322e-03,-2.9,-0.0174016,1.01,4.3275,,2.322e-03,-2.91719
2.323e-03,-2.9,-0.0177656,1.01,4.33984,,2.323e-03,-2.91797
2.325e-03,-2.92031,-0.0180672,1.01,4.32875,,2.325e-03,-2.93828
2.326e-03,-3.03359,-0.0186922,1.01,4.32828,,2.326e-03,-3.05234
2.328e-03,-2.93594,-0.0193437,1.01,4.32594,,2.328e-03,-2.95547
2.330e-03,-2.95781,-0.0198062,1.01031,4.32828,,2.330e-03,-2.97734
2.331e-03,-2.96328,-0.0202156,1.01359,4.32594,,2.331e-03,-2.98359
2.333e-03,-2.96953,-0.0206016,1.01562,4.32625,,2.333e-03,-2.98984
2.334e-03,-2.98125,-0.0212906,1.01648,4.32734,,2.334e-03,-3.00234
2.336e-03,-3.07969,-0.0218484,1.01656,4.32719,,2.336e-03,-3.10156
2.338e-03,-2.97812,-0.0220422,1.01773,4.34,,2.338e-03,-3
2.339e-03,-2.98516,-0.0227062,1.01766,4.34016,,2.339e-03,-3.00781
2.341e-03,-2.98984,-0.0232141,1.02,4.32906,,2.341e-03,-3.01328
2.342e-03,-2.98281,-0.0238531,1.02258,4.32891,,2.342e-03,-3.00625
2.344e-03,-3.09141,-0.0242312,1.0268,4.32828,,2.344e-03,-3.11563
2.346e-03,-2.98828,-0.0245969,1.03,4.32656,,2.346e-03,-3.0125
2.347e-03,-3.00156,-0.0249906,1.03,4.3275,,2.347e-03,-3.02656
2.349e-03,-2.99844,-0.0256797,1.03,4.325,,2.349e-03,-3.02422
2.350e-03,-3.01172,-0.0261953,1.03008,4.32812,,2.350e-03,-3.0375
2.352e-03,-3.00703,-0.0267125,1.03383,4.32797,,2.352e-03,-3.03359
2.354e-03,-3.00625,-0.0268812,1.03562,4.32734,,2.354e-03,-3.03281
2.355e-03,-3.00859,-0.0274109,1.03625,4.32687,,2.355e-03,-3.03594
2.357e-03,-3.00781,-0.0277375,1.03672,4.32844,,2.357e-03,-3.03516
2.358e-03,-3.09453,-0.0281672,1.03703,4.32719,,2.358e-03,-3.12266
2.360e-03,-3.00234,-0.0282953,1.03758,4.32734,,2.360e-03,-3.03047
2.362e-03,-3.01328,-0.0285797,1.04031,4.32625,,2.362e-03,-3.04141
2.363e-03,-3.01875,-0.0286,1.0432,4.34,,2.363e-03,-3.04688
2.365e-03,-3.0125,-0.02845,1.04703,4.32703,,2.365e-03,-3.04063
2.366e-03,-3.00781,-0.0286,1.05,4.32797,,2.366e-03,-3.03594
2.368e-03,-3.01016,-0.0287391,1.05,4.34016,,2.368e-03,-3.03828
2.370e-03,-3.01562,-0.0286,1.05,4.34,,2.370e-03,-3.04375
2.371e-03,-3.01328,-0.0287953,1.05,4.32719,,2.371e-03,-3.04141
2.373e-03,-3.01172,-0.0287984,1.05008,4.32844,,2.373e-03,-3.03984
2.374e-03,-3.0125,-0.0287984,1.05656,4.32672,,2.374e-03,-3.04063
2.376e-03,-3.00625,-0.0287984,1.05008,4.32672,,2.376e-03,-3.03438
2.378e-03,-3.01328,-0.0287984,1.05672,4.33984,,2.378e-03,-3.04141
2.379e-03,-3.01016,-0.0288,1.05766,4.32781,,2.379e-03,-3.03828
2.381e-03,-3.01641,-0.0288,1.05719,4.32781,,2.381e-03,-3.04453
2.382e-03,-3.0125,-0.0288,1.0582,4.32828,,2.382e-03,-3.04063
2.384e-03,-3.01484,-0.0288,1.05969,4.32687,,2.384e-03,-3.04297
2.386e-03,-3.01484,-0.0288,1.0625,4.34,,2.386e-03,-3.04297
2.387e-03,-3.09844,-0.0288,1.06508,4.30547,,2.387e-03,-3.12656
2.389e-03,-3.00859,-0.0288,1.06992,4.32641,,2.389e-03,-3.03672
2.390e-03,-3.01328,-0.0288,1.07008,4.32797,,2.390e-03,-3.04141
2.392e-03,-3.01875,-0.0288,1.07008,4.32641,,2.392e-03,-3.04688
2.394e-03,-3.01172,-0.0288,1.07008,4.3275,,2.394e-03,-3.03984
2.395e-03,-3.01641,-0.0288,1.07187,4.3275,,2.395e-03,-3.04453
2.397e-03,-3.02031,-0.0288,1.07562,4.32844,,2.397e-03,-3.04844
2.398e-03,-3.01328,-0.0288,1.07539,4.32578,,2.398e-03,-3.04141
2.400e-03,-3.00703,-0.0288,1.07625,4.32922,,2.400e-03,-3.03516
2.402e-03,-3.01172,-0.0288,1.07656,4.32828,,2.402e-03,-3.03984
2.403e-03,-3.09922,-0.0288,1.07914,4.32656,,2.403e-03,-3.12734
2.405e-03,-3.01484,-0.0288,1.08172,4.32937,,2.405e-03,-3.04297
2.406e-03,-3.01875,-0.0288,1.08391,4.32734,,2.406e-03,-3.04688
2.408e-03,-3.02109,-0.0288,1.09,4.32625,,2.408e-03,-3.04922
2.410e-03,-3.01953,-0.0288,1.09008,4.32687,,2.410e-03,-3.04766
2.411e-03,-3.01797,-0.0288,1.09008,4.32844,,2.411e-03,-3.04609
2.413e-03,-3.01172,-0.0288,1.09,4.34,,2.413e-03,-3.03984
2.414e-03,-3.01172,-0.0288,1.09391,4.34,,2.414e-03,-3.03984
2.416e-03,-3.09922,-0.0288,1.09437,4.32625,,2.416e-03,-3.12734
2.418e-03,-3.02187,-0.0288,1.09703,4.3275,,2.418e-03,-3.05
2.419e-03,-3.01719,-0.0288,1.09734,4.32703,,2.419e-03,-3.04531
2.421e-03,-3.01562,-0.0288,1.09609,4.32687,,2.421e-03,-3.04375
2.422e-03,-3.01328,-0.0288,1.09695,4.32937,,2.422e-03,-3.04141
2.424e-03,-3.02109,-0.0288,1.09898,4.32828,,2.424e-03,-3.04922
2.426e-03,-3.01484,-0.0288,1.10117,4.32766,,2.426e-03,-3.04297
2.427e-03,-3.01562,-0.0288,1.11,4.32594,,2.427e-03,-3.04375
2.429e-03,-3.01719,-0.0288,1.11,4.32781,,2.429e-03,-3.04531
2.430e-03,-3.01953,-0.0288,1.11008,4.32875,,2.430e-03,-3.04766
2.432e-03,-3.02422,-0.0288,1.11008,4.32641,,2.432e-03,-3.05234
2.434e-03,-3.01797,-0.0288,1.11,4.32625,,2.434e-03,-3.04609
2.435e-03,-3.02109,-0.0288,1.11211,4.32656,,2.435e-03,-3.04922
2.437e-03,-3.02031,-0.0288,1.11484,4.32734,,2.437e-03,-3.04844
2.438e-03,-3.01875,-0.0288,1.11594,4.32844,,2.438e-03,-3.04688
2.440e-03,-3.01875,-0.0288,1.11703,4.32828,,2.440e-03,-3.04688
2.442e-03,-3.01094,-0.0288,1.11734,4.32484,,2.442e-03,-3.03906
2.443e-03,-3.02109,-0.0288,1.11844,4.32781,,2.443e-03,-3.04922
2.445e-03,-3.01875,-0.0288,1.12047,4.32781,,2.445e-03,-3.04688
2.446e-03,-3.01016,-0.0288,1.12148,4.325,,2.446e-03,-3.03828
2.448e-03,-3.00937,-0.0288,1.1257,4.32719,,2.448e-03,-3.0375
2.450e-03,-3.00937,-0.0288,1.13,4.32875,,2.450e-03,-3.0375
2.451e-03,-3.00937,-0.0288,1.13,4.34,,2.451e-03,-3.0375
2.453e-03,-3.01953,-0.0288,1.13,4.325,,2.453e-03,-3.04766
2.454e-03,-3.02656,-0.0288,1.13008,4.32594,,2.454e-03,-3.05469
2.456e-03,-3.09609,-0.0288,1.13008,4.34,,2.456e-03,-3.12422
2.458e-03,-3.00937,-0.0288,1.13516,4.32812,,2.458e-03,-3.0375
2.459e-03,-3.09844,-0.0288,1.13008,4.3275,,2.459e-03,-3.12656
2.461e-03,-3.00937,-0.0288,1.13656,4.32734,,2.461e-03,-3.0375
2.462e-03,-3.00625,-0.0288,1.13742,4.32781,,2.462e-03,-3.03438
2.464e-03,-3.00859,-0.0288,1.13828,4.32531,,2.464e-03,-3.03672
2.466e-03,-3.01094,-0.0288,1.14008,4.32687,,2.466e-03,-3.03906
2.467e-03,-3.01406,-0.0288,1.14305,4.32672,,2.467e-03,-3.04219
2.469e-03,-3.02578,-0.0288,1.14695,4.32672,,2.469e-03,-3.05391
2.470e-03,-3.02187,-0.0288,1.15,4.34016,,2.470e-03,-3.05
2.472e-03,-3.02031,-0.0288,1.15,4.32828,,2.472e-03,-3.04844
2.474e-03,-3.09844,-0.0288,1.15,4.32516,,2.474e-03,-3.12656
2.475e-03,-3.00859,-0.0288,1.15008,4.32469,,2.475e-03,-3.03672
2.477e-03,-3.00859,-0.0288,1.15484,4.32656,,2.477e-03,-3.03672
2.478e-03,-3.01562,-0.0288,1.15633,4.32922,,2.478e-03,-3.04375
2.480e-03,-3.00156,-0.0288,1.1568,4.34,,2.480e-03,-3.02969
2.482e-03,-3.01172,-0.0288,1.15641,4.32578,,2.482e-03,-3.03984
2.483e-03,-3.09297,-0.0288,1.15672,4.32891,,2.483e-03,-3.12109
2.485e-03,-2.99844,-0.0288,1.15008,4.32578,,2.485e-03,-3.02656
2.486e-03,-3.01406,-0.0288,1.15781,4.30531,,2.486e-03,-3.04219
2.488e-03,-3.01641,-0.0288,1.16109,4.34016,,2.488e-03,-3.04453
2.490e-03,-3.01641,-0.0288,1.16391,4.32875,,2.490e-03,-3.04453
2.491e-03,-3.02578,-0.0288,1.16883,4.32812,,2.491e-03,-3.05391
2.493e-03,-3.00391,-0.0288,1.17,4.32672,,2.493e-03,-3.03203
2.494e-03,-3.00937,-0.0288,1.17,4.32906,,2.494e-03,-3.0375
2.496e-03,-3.00859,-0.0288,1.17008,4.32797,,2.496e-03,-3.03672
2.498e-03,-3.00312,-0.0288,1.17008,4.32672,,2.498e-03,-3.03125
2.499e-03,-3.01016,-0.0288,1.17414,4.32578,,2.499e-03,-3.03828
2.501e-03,-3.00391,-0.0288,1.17562,4.32641,,2.501e-03,-3.03203
2.502e-03,-3.01406,-0.0288,1.17648,4.32969,,2.502e-03,-3.04219
2.504e-03,-3.09609,-0.0288,1.17648,4.32719,,2.504e-03,-3.12422
2.506e-03,-3.00937,-0.0288,1.17891,4.32766,,2.506e-03,-3.0375
2.507e-03,-3.01016,-0.0288,1.1807,4.33031,,2.507e-03,-3.03828
2.509e-03,-3.01172,-0.0288,1.18273,4.32891,,2.509e-03,-3.03984
2.510e-03,-3.09453,-0.0288,1.18828,4.33984,,2.510e-03,-3.12266
2.512e-03,-3.00312,-0.0288,1.19008,4.32766,,2.512e-03,-3.03125
2.514e-03,-3.00547,-0.0288,1.19008,4.32797,,2.514e-03,-3.03359
2.515e-03,-3.00156,-0.0288,1.19008,4.30703,,2.515e-03,-3.02969
2.517e-03,-3.00781,-0.0288,1.1918,4.3275,,2.517e-03,-3.03594
2.518e-03,-2.99922,-0.0288,1.19461,4.32594,,2.518e-03,-3.02734
2.520e-03,-3.00469,-0.0288,1.19602,4.32641,,2.520e-03,-3.03281
2.522e-03,-3.00469,-0.0288,1.19602,4.32703,,2.522e-03,-3.03281
2.523e-03,-2.99453,-0.0288,1.1975,4.32625,,2.523e-03,-3.02266
2.525e-03,-3.00156,-0.0288,1.20945,4.32766,,2.525e-03,-3.02969
2.526e-03,-2.99609,-0.0288,1.20953,4.32766,,2.526e-03,-3.02422
2.528e-03,-3.09062,-0.0288,1.20445,4.32531,,2.528e-03,-3.11875
2.530e-03,-2.99609,-0.0288,1.20922,4.32672,,2.530e-03,-3.02422
2.531e-03,-3.00391,-0.0288,1.21,4.3275,,2.531e-03,-3.03203
2.533e-03,-2.99453,-0.0288,1.21008,4.30547,,2.533e-03,-3.02266
2.534e-03,-2.99609,-0.0288,1.21008,4.32687,,2.534e-03,-3.02422
2.536e-03,-3.00391,-0.0288,1.21195,4.32969,,2.536e-03,-3.03203
2.538e-03,-3.00156,-0.0288,1.21453,4.32937,,2.538e-03,-3.02969
2.539e-03,-3.00859,-0.0288,1.21648,4.32766,,2.539e-03,-3.03672
2.541e-03,-3.00547,-0.0288,1.2168,4.32531,,2.541e-03,-3.03359
2.542e-03,-2.99609,-0.0288,1.2175,4.32547,,2.542e-03,-3.02422

