[s],CH2[V]
-2.0394E-05,3.187E-01
-2.0394E-05,3.267E-01
-2.0388E-05,3.227E-01
-2.0388E-05,3.267E-01
-2.0382E-05,3.227E-01
-2.0382E-05,3.267E-01
-2.0376E-05,3.227E-01
-2.0376E-05,3.267E-01
-2.0370E-05,3.227E-01
-2.0370E-05,3.267E-01
-2.0364E-05,3.227E-01
-2.0364E-05,3.307E-01
-2.0358E-05,3.227E-01
-2.0358E-05,3.307E-01
-2.0352E-05,3.267E-01
-2.0352E-05,3.307E-01
-2.0346E-05,3.267E-01
-2.0346E-05,3.307E-01
-2.0340E-05,3.267E-01
-2.0340E-05,3.307E-01
-2.0334E-05,3.307E-01
-2.0334E-05,3.307E-01
-2.0328E-05,3.267E-01
-2.0328E-05,3.307E-01
-2.0322E-05,3.267E-01
-2.0322E-05,3.347E-01
-2.0316E-05,3.307E-01
-2.0316E-05,3.347E-01
-2.0310E-05,3.307E-01
-2.0310E-05,3.347E-01
-2.0304E-05,3.307E-01
-2.0304E-05,3.347E-01
-2.0298E-05,3.307E-01
-2.0298E-05,3.347E-01
-2.0292E-05,3.307E-01
-2.0292E-05,3.347E-01
-2.0286E-05,3.347E-01
-2.0286E-05,3.387E-01
-2.0280E-05,3.347E-01
-2.0280E-05,3.387E-01
-2.0274E-05,3.347E-01
-2.0274E-05,3.387E-01
-2.0268E-05,3.347E-01
-2.0268E-05,3.387E-01
-2.0262E-05,3.347E-01
-2.0262E-05,3.387E-01
-2.0256E-05,3.347E-01
-2.0256E-05,3.387E-01
-2.0250E-05,3.347E-01
-2.0250E-05,3.387E-01
-2.0244E-05,3.347E-01
-2.0244E-05,3.387E-01
-2.0238E-05,3.347E-01
-2.0238E-05,3.427E-01
-2.0232E-05,3.347E-01
-2.0232E-05,3.427E-01
-2.0226E-05,3.387E-01
-2.0226E-05,3.427E-01
-2.0220E-05,3.347E-01
-2.0220E-05,3.427E-01
-2.0214E-05,3.347E-01
-2.0214E-05,3.427E-01
-2.0208E-05,3.387E-01
-2.0208E-05,3.427E-01
-2.0202E-05,3.427E-01
-2.0202E-05,3.427E-01
-2.0196E-05,3.427E-01
-2.0196E-05,3.427E-01
-2.0190E-05,3.427E-01
-2.0190E-05,3.467E-01
-2.0184E-05,3.427E-01
-2.0184E-05,3.467E-01
-2.0178E-05,3.427E-01
-2.0178E-05,3.467E-01
-2.0172E-05,3.427E-01
-2.0172E-05,3.507E-01
-2.0166E-05,3.427E-01
-2.0166E-05,3.507E-01
-2.0160E-05,3.467E-01
-2.0160E-05,3.507E-01
-2.0154E-05,3.427E-01
-2.0154E-05,3.507E-01
-2.0148E-05,3.467E-01
-2.0148E-05,3.507E-01
-2.0142E-05,3.467E-01
-2.0142E-05,3.507E-01
-2.0136E-05,3.467E-01
-2.0136E-05,3.507E-01
-2.0130E-05,3.507E-01
-2.0130E-05,3.547E-01
-2.0124E-05,3.507E-01
-2.0124E-05,3.547E-01
-2.0118E-05,3.507E-01
-2.0118E-05,3.547E-01
-2.0112E-05,3.507E-01
-2.0112E-05,3.547E-01
-2.0106E-05,3.507E-01
-2.0106E-05,3.547E-01
-2.0100E-05,3.507E-01
-2.0100E-05,3.547E-01
-2.0094E-05,3.507E-01
-2.0094E-05,3.587E-01
-2.0088E-05,3.547E-01
-2.0088E-05,3.587E-01
-2.0082E-05,3.547E-01
-2.0082E-05,3.587E-01
-2.0076E-05,3.547E-01
-2.0076E-05,3.587E-01
-2.0070E-05,3.547E-01
-2.0070E-05,3.587E-01
-2.0064E-05,3.587E-01
-2.0064E-05,3.587E-01
-2.0058E-05,3.587E-01
-2.0058E-05,3.587E-01
-2.0052E-05,3.587E-01
-2.0052E-05,3.627E-01
-2.0046E-05,3.587E-01
-2.0046E-05,3.627E-01
-2.0040E-05,3.587E-01
-2.0040E-05,3.627E-01
-2.0034E-05,3.587E-01
-2.0034E-05,3.667E-01
-2.0028E-05,3.627E-01
-2.0028E-05,3.667E-01
-2.0022E-05,3.627E-01
-2.0022E-05,3.667E-01
-2.0016E-05,3.627E-01
-2.0016E-05,3.667E-01
-2.0010E-05,3.627E-01
-2.0010E-05,3.667E-01
-2.0004E-05,3.627E-01
-2.0004E-05,3.667E-01
-1.9998E-05,3.627E-01
-1.9998E-05,3.667E-01
-1.9992E-05,3.667E-01
-1.9992E-05,3.707E-01
-1.9986E-05,3.667E-01
-1.9986E-05,3.707E-01
-1.9980E-05,3.627E-01
-1.9980E-05,3.707E-01
-1.9974E-05,3.627E-01
-1.9974E-05,3.707E-01
-1.9968E-05,3.667E-01
-1.9968E-05,3.707E-01
-1.9962E-05,3.667E-01
-1.9962E-05,3.707E-01
-1.9956E-05,3.667E-01
-1.9956E-05,3.707E-01
-1.9950E-05,3.667E-01
-1.9950E-05,3.747E-01
-1.9944E-05,3.707E-01
-1.9944E-05,3.747E-01
-1.9938E-05,3.707E-01
-1.9938E-05,3.747E-01
-1.9932E-05,3.707E-01
-1.9932E-05,3.747E-01
-1.9926E-05,3.707E-01
-1.9926E-05,3.747E-01
-1.9920E-05,3.707E-01
-1.9920E-05,3.747E-01
-1.9914E-05,3.707E-01
-1.9914E-05,3.747E-01
-1.9908E-05,3.707E-01
-1.9908E-05,3.747E-01
-1.9902E-05,3.747E-01
-1.9902E-05,3.747E-01
-1.9896E-05,3.747E-01
-1.9896E-05,3.747E-01
-1.9890E-05,3.747E-01
-1.9890E-05,3.787E-01
-1.9884E-05,3.747E-01
-1.9884E-05,3.787E-01
-1.9878E-05,3.787E-01
-1.9878E-05,3.787E-01
-1.9872E-05,3.747E-01
-1.9872E-05,3.787E-01
-1.9866E-05,3.747E-01
-1.9866E-05,3.827E-01
-1.9860E-05,3.787E-01
-1.9860E-05,3.827E-01
-1.9854E-05,3.787E-01
-1.9854E-05,3.787E-01
-1.9848E-05,3.787E-01
-1.9848E-05,3.867E-01
-1.9842E-05,3.787E-01
-1.9842E-05,3.867E-01
-1.9836E-05,3.787E-01
-1.9836E-05,3.827E-01
-1.9830E-05,3.827E-01
-1.9830E-05,3.827E-01
-1.9824E-05,3.827E-01
-1.9824E-05,3.867E-01
-1.9818E-05,3.787E-01
-1.9818E-05,3.867E-01
-1.9812E-05,3.827E-01
-1.9812E-05,3.907E-01
-1.9806E-05,3.867E-01
-1.9806E-05,3.907E-01
-1.9800E-05,3.867E-01
-1.9800E-05,3.867E-01
-1.9794E-05,3.867E-01
-1.9794E-05,3.907E-01
-1.9788E-05,3.867E-01
-1.9788E-05,3.907E-01
-1.9782E-05,3.827E-01
-1.9782E-05,3.907E-01
-1.9776E-05,3.867E-01
-1.9776E-05,3.907E-01
-1.9770E-05,3.867E-01
-1.9770E-05,3.907E-01
-1.9764E-05,3.867E-01
-1.9764E-05,3.947E-01
-1.9758E-05,3.867E-01
-1.9758E-05,3.907E-01
-1.9752E-05,3.907E-01
-1.9752E-05,3.947E-01
-1.9746E-05,3.907E-01
-1.9746E-05,3.987E-01
-1.9740E-05,3.907E-01
-1.9740E-05,3.987E-01
-1.9734E-05,3.907E-01
-1.9734E-05,3.947E-01
-1.9728E-05,3.907E-01
-1.9728E-05,3.947E-01
-1.9722E-05,3.907E-01
-1.9722E-05,3.987E-01
-1.9716E-05,3.907E-01
-1.9716E-05,3.947E-01
-1.9710E-05,3.947E-01
-1.9710E-05,3.987E-01
-1.9704E-05,3.907E-01
-1.9704E-05,3.987E-01
-1.9698E-05,3.947E-01
-1.9698E-05,3.987E-01
-1.9692E-05,3.947E-01
-1.9692E-05,3.987E-01
-1.9686E-05,3.947E-01
-1.9686E-05,3.987E-01
-1.9680E-05,3.987E-01
-1.9680E-05,3.987E-01
-1.9674E-05,3.987E-01
-1.9674E-05,4.027E-01
-1.9668E-05,3.987E-01
-1.9668E-05,4.027E-01
-1.9662E-05,3.987E-01
-1.9662E-05,4.027E-01
-1.9656E-05,3.987E-01
-1.9656E-05,4.027E-01
-1.9650E-05,3.987E-01
-1.9650E-05,4.027E-01
-1.9644E-05,3.947E-01
-1.9644E-05,4.027E-01
-1.9638E-05,3.987E-01
-1.9638E-05,4.027E-01
-1.9632E-05,4.027E-01
-1.9632E-05,4.067E-01
-1.9626E-05,3.987E-01
-1.9626E-05,4.067E-01
-1.9620E-05,4.027E-01
-1.9620E-05,4.067E-01
-1.9614E-05,3.987E-01
-1.9614E-05,4.067E-01
-1.9608E-05,4.027E-01
-1.9608E-05,4.067E-01
-1.9602E-05,4.027E-01
-1.9602E-05,4.067E-01
-1.9596E-05,4.027E-01
-1.9596E-05,4.067E-01
-1.9590E-05,4.027E-01
-1.9590E-05,4.067E-01
-1.9584E-05,4.027E-01
-1.9584E-05,4.067E-01
-1.9578E-05,4.027E-01
-1.9578E-05,4.067E-01
-1.9572E-05,4.027E-01
-1.9572E-05,4.107E-01
-1.9566E-05,4.067E-01
-1.9566E-05,4.107E-01
-1.9560E-05,4.067E-01
-1.9560E-05,4.107E-01
-1.9554E-05,4.067E-01
-1.9554E-05,4.107E-01
-1.9548E-05,4.067E-01
-1.9548E-05,4.147E-01
-1.9542E-05,4.067E-01
-1.9542E-05,4.147E-01
-1.9536E-05,4.067E-01
-1.9536E-05,4.147E-01
-1.9530E-05,4.107E-01
-1.9530E-05,4.147E-01
-1.9524E-05,4.107E-01
-1.9524E-05,4.107E-01
-1.9518E-05,4.107E-01
-1.9518E-05,4.147E-01
-1.9512E-05,4.067E-01
-1.9512E-05,4.147E-01
-1.9506E-05,4.067E-01
-1.9506E-05,4.147E-01
-1.9500E-05,4.107E-01
-1.9500E-05,4.187E-01
-1.9494E-05,4.107E-01
-1.9494E-05,4.187E-01
-1.9488E-05,4.107E-01
-1.9488E-05,4.187E-01
-1.9482E-05,4.107E-01
-1.9482E-05,4.147E-01
-1.9476E-05,4.107E-01
-1.9476E-05,4.147E-01
-1.9470E-05,4.107E-01
-1.9470E-05,4.187E-01
-1.9464E-05,4.147E-01
-1.9464E-05,4.187E-01
-1.9458E-05,4.147E-01
-1.9458E-05,4.187E-01
-1.9452E-05,4.147E-01
-1.9452E-05,4.187E-01
-1.9446E-05,4.147E-01
-1.9446E-05,4.187E-01
-1.9440E-05,4.187E-01
-1.9440E-05,4.187E-01
-1.9434E-05,4.187E-01
-1.9434E-05,4.187E-01
-1.9428E-05,4.147E-01
-1.9428E-05,4.227E-01
-1.9422E-05,4.147E-01
-1.9422E-05,4.227E-01
-1.9416E-05,4.147E-01
-1.9416E-05,4.227E-01
-1.9410E-05,4.187E-01
-1.9410E-05,4.227E-01
-1.9404E-05,4.187E-01
-1.9404E-05,4.227E-01
-1.9398E-05,4.187E-01
-1.9398E-05,4.227E-01
-1.9392E-05,4.187E-01
-1.9392E-05,4.227E-01
-1.9386E-05,4.187E-01
-1.9386E-05,4.227E-01
-1.9380E-05,4.187E-01
-1.9380E-05,4.227E-01
-1.9374E-05,4.187E-01
-1.9374E-05,4.227E-01
-1.9368E-05,4.187E-01
-1.9368E-05,4.227E-01
-1.9362E-05,4.187E-01
-1.9362E-05,4.227E-01
-1.9356E-05,4.187E-01
-1.9356E-05,4.227E-01
-1.9350E-05,4.187E-01
-1.9350E-05,4.267E-01
-1.9344E-05,4.227E-01
-1.9344E-05,4.267E-01
-1.9338E-05,4.227E-01
-1.9338E-05,4.267E-01
-1.9332E-05,4.227E-01
-1.9332E-05,4.267E-01
-1.9326E-05,4.227E-01
-1.9326E-05,4.267E-01
-1.9320E-05,4.227E-01
-1.9320E-05,4.267E-01
-1.9314E-05,4.227E-01
-1.9314E-05,4.267E-01
-1.9308E-05,4.227E-01
-1.9308E-05,4.307E-01
-1.9302E-05,4.267E-01
-1.9302E-05,4.307E-01
-1.9296E-05,4.227E-01
-1.9296E-05,4.267E-01
-1.9290E-05,4.227E-01
-1.9290E-05,4.267E-01
-1.9284E-05,4.267E-01
-1.9284E-05,4.307E-01
-1.9278E-05,4.267E-01
-1.9278E-05,4.307E-01
-1.9272E-05,4.267E-01
-1.9272E-05,4.307E-01
-1.9266E-05,4.267E-01
-1.9266E-05,4.347E-01
-1.9260E-05,4.267E-01
-1.9260E-05,4.347E-01
-1.9254E-05,4.267E-01
-1.9254E-05,4.347E-01
-1.9248E-05,4.307E-01
-1.9248E-05,4.347E-01
-1.9242E-05,4.307E-01
-1.9242E-05,4.347E-01
-1.9236E-05,4.307E-01
-1.9236E-05,4.307E-01
-1.9230E-05,4.307E-01
-1.9230E-05,4.347E-01
-1.9224E-05,4.307E-01
-1.9224E-05,4.347E-01
-1.9218E-05,4.307E-01
-1.9218E-05,4.307E-01
-1.9212E-05,4.307E-01
-1.9212E-05,4.347E-01
-1.9206E-05,4.307E-01
-1.9206E-05,4.347E-01
-1.9200E-05,4.307E-01
-1.9200E-05,4.347E-01
-1.9194E-05,4.307E-01
-1.9194E-05,4.307E-01
-1.9188E-05,4.307E-01
-1.9188E-05,4.347E-01
-1.9182E-05,4.307E-01
-1.9182E-05,4.347E-01
-1.9176E-05,4.307E-01
-1.9176E-05,4.347E-01
-1.9170E-05,4.307E-01
-1.9170E-05,4.347E-01
-1.9164E-05,4.307E-01
-1.9164E-05,4.347E-01
-1.9158E-05,4.307E-01
-1.9158E-05,4.387E-01
-1.9152E-05,4.307E-01
-1.9152E-05,4.347E-01
-1.9146E-05,4.307E-01
-1.9146E-05,4.347E-01
-1.9140E-05,4.307E-01
-1.9140E-05,4.347E-01
-1.9134E-05,4.307E-01
-1.9134E-05,4.387E-01
-1.9128E-05,4.307E-01
-1.9128E-05,4.347E-01
-1.9122E-05,4.307E-01
-1.9122E-05,4.347E-01
-1.9116E-05,4.347E-01
-1.9116E-05,4.387E-01
-1.9110E-05,4.347E-01
-1.9110E-05,4.387E-01
-1.9104E-05,4.347E-01
-1.9104E-05,4.387E-01
-1.9098E-05,4.347E-01
-1.9098E-05,4.387E-01
-1.9092E-05,4.347E-01
-1.9092E-05,4.427E-01
-1.9086E-05,4.347E-01
-1.9086E-05,4.387E-01
-1.9080E-05,4.347E-01
-1.9080E-05,4.387E-01
-1.9074E-05,4.347E-01
-1.9074E-05,4.387E-01
-1.9068E-05,4.347E-01
-1.9068E-05,4.387E-01
-1.9062E-05,4.347E-01
-1.9062E-05,4.387E-01
-1.9056E-05,4.347E-01
-1.9056E-05,4.387E-01
-1.9050E-05,4.387E-01
-1.9050E-05,4.387E-01
-1.9044E-05,4.387E-01
-1.9044E-05,4.387E-01
-1.9038E-05,4.347E-01
-1.9038E-05,4.387E-01
-1.9032E-05,4.347E-01
-1.9032E-05,4.387E-01
-1.9026E-05,4.347E-01
-1.9026E-05,4.427E-01
-1.9020E-05,4.387E-01
-1.9020E-05,4.387E-01
-1.9014E-05,4.387E-01
-1.9014E-05,4.427E-01
-1.9008E-05,4.387E-01
-1.9008E-05,4.427E-01
-1.9002E-05,4.387E-01
-1.9002E-05,4.427E-01
-1.8996E-05,4.387E-01
-1.8996E-05,4.427E-01
-1.8990E-05,4.387E-01
-1.8990E-05,4.427E-01
-1.8984E-05,4.387E-01
-1.8984E-05,4.427E-01
-1.8978E-05,4.387E-01
-1.8978E-05,4.427E-01
-1.8972E-05,4.387E-01
-1.8972E-05,4.427E-01
-1.8966E-05,4.387E-01
-1.8966E-05,4.427E-01
-1.8960E-05,4.427E-01
-1.8960E-05,4.427E-01
-1.8954E-05,4.427E-01
-1.8954E-05,4.427E-01
-1.8948E-05,4.387E-01
-1.8948E-05,4.427E-01
-1.8942E-05,4.387E-01
-1.8942E-05,4.427E-01
-1.8936E-05,4.387E-01
-1.8936E-05,4.427E-01
-1.8930E-05,4.387E-01
-1.8930E-05,4.467E-01
-1.8924E-05,4.427E-01
-1.8924E-05,4.427E-01
-1.8918E-05,4.387E-01
-1.8918E-05,4.427E-01
-1.8912E-05,4.387E-01
-1.8912E-05,4.467E-01
-1.8906E-05,4.387E-01
-1.8906E-05,4.467E-01
-1.8900E-05,4.387E-01
-1.8900E-05,4.467E-01
-1.8894E-05,4.427E-01
-1.8894E-05,4.427E-01
-1.8888E-05,4.427E-01
-1.8888E-05,4.427E-01
-1.8882E-05,4.427E-01
-1.8882E-05,4.467E-01
-1.8876E-05,4.427E-01
-1.8876E-05,4.467E-01
-1.8870E-05,4.427E-01
-1.8870E-05,4.467E-01
-1.8864E-05,4.427E-01
-1.8864E-05,4.467E-01
-1.8858E-05,4.427E-01
-1.8858E-05,4.467E-01
-1.8852E-05,4.427E-01
-1.8852E-05,4.467E-01
-1.8846E-05,4.427E-01
-1.8846E-05,4.467E-01
-1.8840E-05,4.387E-01
-1.8840E-05,4.427E-01
-1.8834E-05,4.387E-01
-1.8834E-05,4.467E-01
-1.8828E-05,4.387E-01
-1.8828E-05,4.467E-01
-1.8822E-05,4.427E-01
-1.8822E-05,4.467E-01
-1.8816E-05,4.427E-01
-1.8816E-05,4.467E-01
-1.8810E-05,4.427E-01
-1.8810E-05,4.467E-01
-1.8804E-05,4.427E-01
-1.8804E-05,4.467E-01
-1.8798E-05,4.427E-01
-1.8798E-05,4.467E-01
-1.8792E-05,4.427E-01
-1.8792E-05,4.427E-01
-1.8786E-05,4.427E-01
-1.8786E-05,4.467E-01
-1.8780E-05,4.427E-01
-1.8780E-05,4.467E-01
-1.8774E-05,4.427E-01
-1.8774E-05,4.467E-01
-1.8768E-05,4.387E-01
-1.8768E-05,4.467E-01
-1.8762E-05,4.427E-01
-1.8762E-05,4.467E-01
-1.8756E-05,4.427E-01
-1.8756E-05,4.427E-01
-1.8750E-05,4.427E-01
-1.8750E-05,4.467E-01
-1.8744E-05,4.427E-01
-1.8744E-05,4.427E-01
-1.8738E-05,4.427E-01
-1.8738E-05,4.467E-01
-1.8732E-05,4.387E-01
-1.8732E-05,4.467E-01
-1.8726E-05,4.427E-01
-1.8726E-05,4.467E-01
-1.8720E-05,4.427E-01
-1.8720E-05,4.467E-01
-1.8714E-05,4.427E-01
-1.8714E-05,4.467E-01
-1.8708E-05,4.427E-01
-1.8708E-05,4.467E-01
-1.8702E-05,4.427E-01
-1.8702E-05,4.467E-01
-1.8696E-05,4.427E-01
-1.8696E-05,4.427E-01
-1.8690E-05,4.427E-01
-1.8690E-05,4.467E-01
-1.8684E-05,4.387E-01
-1.8684E-05,4.467E-01
-1.8678E-05,4.427E-01
-1.8678E-05,4.467E-01
-1.8672E-05,4.427E-01
-1.8672E-05,4.467E-01
-1.8666E-05,4.427E-01
-1.8666E-05,4.467E-01
-1.8660E-05,4.427E-01
-1.8660E-05,4.467E-01
-1.8654E-05,4.427E-01
-1.8654E-05,4.467E-01
-1.8648E-05,4.427E-01
-1.8648E-05,4.467E-01
-1.8642E-05,4.427E-01
-1.8642E-05,4.467E-01
-1.8636E-05,4.387E-01
-1.8636E-05,4.467E-01
-1.8630E-05,4.387E-01
-1.8630E-05,4.427E-01
-1.8624E-05,4.387E-01
-1.8624E-05,4.427E-01
-1.8618E-05,4.387E-01
-1.8618E-05,4.467E-01
-1.8612E-05,4.347E-01
-1.8612E-05,4.467E-01
-1.8606E-05,4.387E-01
-1.8606E-05,4.467E-01
-1.8600E-05,4.387E-01
-1.8600E-05,4.467E-01
-1.8594E-05,4.387E-01
-1.8594E-05,4.427E-01
-1.8588E-05,4.387E-01
-1.8588E-05,4.427E-01
-1.8582E-05,4.387E-01
-1.8582E-05,4.467E-01
-1.8576E-05,4.387E-01
-1.8576E-05,4.467E-01
-1.8570E-05,4.387E-01
-1.8570E-05,4.427E-01
-1.8564E-05,4.387E-01
-1.8564E-05,4.427E-01
-1.8558E-05,4.387E-01
-1.8558E-05,4.427E-01
-1.8552E-05,4.387E-01
-1.8552E-05,4.427E-01
-1.8546E-05,4.387E-01
-1.8546E-05,4.427E-01
-1.8540E-05,4.387E-01
-1.8540E-05,4.427E-01
-1.8534E-05,4.387E-01
-1.8534E-05,4.427E-01
-1.8528E-05,4.387E-01
-1.8528E-05,4.387E-01
-1.8522E-05,4.387E-01
-1.8522E-05,4.427E-01
-1.8516E-05,4.387E-01
-1.8516E-05,4.427E-01
-1.8510E-05,4.387E-01
-1.8510E-05,4.427E-01
-1.8504E-05,4.387E-01
-1.8504E-05,4.427E-01
-1.8498E-05,4.387E-01
-1.8498E-05,4.427E-01
-1.8492E-05,4.347E-01
-1.8492E-05,4.387E-01
-1.8486E-05,4.347E-01
-1.8486E-05,4.387E-01
-1.8480E-05,4.347E-01
-1.8480E-05,4.387E-01
-1.8474E-05,4.347E-01
-1.8474E-05,4.387E-01
-1.8468E-05,4.347E-01
-1.8468E-05,4.387E-01
-1.8462E-05,4.347E-01
-1.8462E-05,4.387E-01
-1.8456E-05,4.347E-01
-1.8456E-05,4.387E-01
-1.8450E-05,4.347E-01
-1.8450E-05,4.387E-01
-1.8444E-05,4.347E-01
-1.8444E-05,4.387E-01
-1.8438E-05,4.307E-01
-1.8438E-05,4.387E-01
-1.8432E-05,4.307E-01
-1.8432E-05,4.427E-01
-1.8426E-05,4.307E-01
-1.8426E-05,4.387E-01
-1.8420E-05,4.347E-01
-1.8420E-05,4.387E-01
-1.8414E-05,4.307E-01
-1.8414E-05,4.387E-01
-1.8408E-05,4.307E-01
-1.8408E-05,4.387E-01
-1.8402E-05,4.307E-01
-1.8402E-05,4.387E-01
-1.8396E-05,4.307E-01
-1.8396E-05,4.387E-01
-1.8390E-05,4.307E-01
-1.8390E-05,4.387E-01
-1.8384E-05,4.307E-01
-1.8384E-05,4.387E-01
-1.8378E-05,4.307E-01
-1.8378E-05,4.347E-01
-1.8372E-05,4.307E-01
-1.8372E-05,4.347E-01
-1.8366E-05,4.307E-01
-1.8366E-05,4.347E-01
-1.8360E-05,4.307E-01
-1.8360E-05,4.347E-01
-1.8354E-05,4.307E-01
-1.8354E-05,4.347E-01
-1.8348E-05,4.307E-01
-1.8348E-05,4.347E-01
-1.8342E-05,4.307E-01
-1.8342E-05,4.347E-01
-1.8336E-05,4.307E-01
-1.8336E-05,4.307E-01
-1.8330E-05,4.307E-01
-1.8330E-05,4.347E-01
-1.8324E-05,4.307E-01
-1.8324E-05,4.347E-01
-1.8318E-05,4.267E-01
-1.8318E-05,4.347E-01
-1.8312E-05,4.267E-01
-1.8312E-05,4.307E-01
-1.8306E-05,4.267E-01
-1.8306E-05,4.307E-01
-1.8300E-05,4.267E-01
-1.8300E-05,4.307E-01
-1.8294E-05,4.267E-01
-1.8294E-05,4.307E-01
-1.8288E-05,4.267E-01
-1.8288E-05,4.267E-01
-1.8282E-05,4.267E-01
-1.8282E-05,4.307E-01
-1.8276E-05,4.227E-01
-1.8276E-05,4.267E-01
-1.8270E-05,4.227E-01
-1.8270E-05,4.307E-01
-1.8264E-05,4.227E-01
-1.8264E-05,4.267E-01
-1.8258E-05,4.227E-01
-1.8258E-05,4.267E-01
-1.8252E-05,4.227E-01
-1.8252E-05,4.267E-01
-1.8246E-05,4.227E-01
-1.8246E-05,4.267E-01
-1.8240E-05,4.227E-01
-1.8240E-05,4.267E-01
-1.8234E-05,4.227E-01
-1.8234E-05,4.267E-01
-1.8228E-05,4.227E-01
-1.8228E-05,4.267E-01
-1.8222E-05,4.187E-01
-1.8222E-05,4.267E-01
-1.8216E-05,4.187E-01
-1.8216E-05,4.267E-01
-1.8210E-05,4.187E-01
-1.8210E-05,4.267E-01
-1.8204E-05,4.227E-01
-1.8204E-05,4.267E-01
-1.8198E-05,4.227E-01
-1.8198E-05,4.227E-01
-1.8192E-05,4.187E-01
-1.8192E-05,4.227E-01
-1.8186E-05,4.147E-01
-1.8186E-05,4.227E-01
-1.8180E-05,4.187E-01
-1.8180E-05,4.227E-01
-1.8174E-05,4.187E-01
-1.8174E-05,4.227E-01
-1.8168E-05,4.187E-01
-1.8168E-05,4.227E-01
-1.8162E-05,4.187E-01
-1.8162E-05,4.227E-01
-1.8156E-05,4.187E-01
-1.8156E-05,4.227E-01
-1.8150E-05,4.187E-01
-1.8150E-05,4.227E-01
-1.8144E-05,4.147E-01
-1.8144E-05,4.187E-01
-1.8138E-05,4.147E-01
-1.8138E-05,4.187E-01
-1.8132E-05,4.147E-01
-1.8132E-05,4.187E-01
-1.8126E-05,4.147E-01
-1.8126E-05,4.187E-01
-1.8120E-05,4.107E-01
-1.8120E-05,4.187E-01
-1.8114E-05,4.107E-01
-1.8114E-05,4.187E-01
-1.8108E-05,4.147E-01
-1.8108E-05,4.187E-01
-1.8102E-05,4.147E-01
-1.8102E-05,4.147E-01
-1.8096E-05,4.107E-01
-1.8096E-05,4.187E-01
-1.8090E-05,4.107E-01
-1.8090E-05,4.187E-01
-1.8084E-05,4.107E-01
-1.8084E-05,4.187E-01
-1.8078E-05,4.107E-01
-1.8078E-05,4.147E-01
-1.8072E-05,4.107E-01
-1.8072E-05,4.147E-01
-1.8066E-05,4.107E-01
-1.8066E-05,4.147E-01
-1.8060E-05,4.107E-01
-1.8060E-05,4.147E-01
-1.8054E-05,4.107E-01
-1.8054E-05,4.147E-01
-1.8048E-05,4.107E-01
-1.8048E-05,4.147E-01
-1.8042E-05,4.107E-01
-1.8042E-05,4.107E-01
-1.8036E-05,4.067E-01
-1.8036E-05,4.107E-01
-1.8030E-05,4.067E-01
-1.8030E-05,4.107E-01
-1.8024E-05,4.067E-01
-1.8024E-05,4.107E-01
-1.8018E-05,4.067E-01
-1.8018E-05,4.107E-01
-1.8012E-05,4.027E-01
-1.8012E-05,4.067E-01
-1.8006E-05,4.027E-01
-1.8006E-05,4.107E-01
-1.8000E-05,4.027E-01
-1.8000E-05,4.107E-01
-1.7994E-05,4.027E-01
-1.7994E-05,4.067E-01
-1.7988E-05,4.027E-01
-1.7988E-05,4.067E-01
-1.7982E-05,4.027E-01
-1.7982E-05,4.067E-01
-1.7976E-05,4.027E-01
-1.7976E-05,4.067E-01
-1.7970E-05,4.027E-01
-1.7970E-05,4.067E-01
-1.7964E-05,3.987E-01
-1.7964E-05,4.027E-01
-1.7958E-05,4.027E-01
-1.7958E-05,4.027E-01
-1.7952E-05,3.987E-01
-1.7952E-05,4.027E-01
-1.7946E-05,3.987E-01
-1.7946E-05,4.027E-01
-1.7940E-05,3.987E-01
-1.7940E-05,4.027E-01
-1.7934E-05,3.987E-01
-1.7934E-05,4.027E-01
-1.7928E-05,3.947E-01
-1.7928E-05,4.027E-01
-1.7922E-05,3.947E-01
-1.7922E-05,4.027E-01
-1.7916E-05,3.947E-01
-1.7916E-05,4.027E-01
-1.7910E-05,3.947E-01
-1.7910E-05,4.027E-01
-1.7904E-05,3.947E-01
-1.7904E-05,3.987E-01
-1.7898E-05,3.947E-01
-1.7898E-05,3.987E-01
-1.7892E-05,3.947E-01
-1.7892E-05,3.987E-01
-1.7886E-05,3.947E-01
-1.7886E-05,3.987E-01
-1.7880E-05,3.947E-01
-1.7880E-05,3.987E-01
-1.7874E-05,3.947E-01
-1.7874E-05,3.987E-01
-1.7868E-05,3.907E-01
-1.7868E-05,3.947E-01
-1.7862E-05,3.907E-01
-1.7862E-05,3.947E-01
-1.7856E-05,3.907E-01
-1.7856E-05,3.947E-01
-1.7850E-05,3.907E-01
-1.7850E-05,3.947E-01
-1.7844E-05,3.867E-01
-1.7844E-05,3.947E-01
-1.7838E-05,3.907E-01
-1.7838E-05,3.947E-01
-1.7832E-05,3.867E-01
-1.7832E-05,3.947E-01
-1.7826E-05,3.867E-01
-1.7826E-05,3.907E-01
-1.7820E-05,3.867E-01
-1.7820E-05,3.907E-01
-1.7814E-05,3.867E-01
-1.7814E-05,3.907E-01
-1.7808E-05,3.827E-01
-1.7808E-05,3.907E-01
-1.7802E-05,3.867E-01
-1.7802E-05,3.907E-01
-1.7796E-05,3.867E-01
-1.7796E-05,3.867E-01
-1.7790E-05,3.827E-01
-1.7790E-05,3.867E-01
-1.7784E-05,3.787E-01
-1.7784E-05,3.867E-01
-1.7778E-05,3.787E-01
-1.7778E-05,3.867E-01
-1.7772E-05,3.827E-01
-1.7772E-05,3.867E-01
-1.7766E-05,3.787E-01
-1.7766E-05,3.867E-01
-1.7760E-05,3.827E-01
-1.7760E-05,3.867E-01
-1.7754E-05,3.787E-01
-1.7754E-05,3.827E-01
-1.7748E-05,3.787E-01
-1.7748E-05,3.827E-01
-1.7742E-05,3.787E-01
-1.7742E-05,3.827E-01
-1.7736E-05,3.747E-01
-1.7736E-05,3.827E-01
-1.7730E-05,3.787E-01
-1.7730E-05,3.827E-01
-1.7724E-05,3.747E-01
-1.7724E-05,3.827E-01
-1.7718E-05,3.747E-01
-1.7718E-05,3.827E-01
-1.7712E-05,3.747E-01
-1.7712E-05,3.787E-01
-1.7706E-05,3.747E-01
-1.7706E-05,3.787E-01
-1.7700E-05,3.747E-01
-1.7700E-05,3.787E-01
-1.7694E-05,3.707E-01
-1.7694E-05,3.747E-01
-1.7688E-05,3.707E-01
-1.7688E-05,3.747E-01
-1.7682E-05,3.707E-01
-1.7682E-05,3.747E-01
-1.7676E-05,3.707E-01
-1.7676E-05,3.747E-01
-1.7670E-05,3.707E-01
-1.7670E-05,3.747E-01
-1.7664E-05,3.707E-01
-1.7664E-05,3.747E-01
-1.7658E-05,3.707E-01
-1.7658E-05,3.707E-01
-1.7652E-05,3.707E-01
-1.7652E-05,3.707E-01
-1.7646E-05,3.707E-01
-1.7646E-05,3.707E-01
-1.7640E-05,3.627E-01
-1.7640E-05,3.707E-01
-1.7634E-05,3.627E-01
-1.7634E-05,3.707E-01
-1.7628E-05,3.627E-01
-1.7628E-05,3.707E-01
-1.7622E-05,3.627E-01
-1.7622E-05,3.707E-01
-1.7616E-05,3.627E-01
-1.7616E-05,3.707E-01
-1.7610E-05,3.627E-01
-1.7610E-05,3.707E-01
-1.7604E-05,3.627E-01
-1.7604E-05,3.707E-01
-1.7598E-05,3.627E-01
-1.7598E-05,3.667E-01
-1.7592E-05,3.627E-01
-1.7592E-05,3.667E-01
-1.7586E-05,3.587E-01
-1.7586E-05,3.667E-01
-1.7580E-05,3.627E-01
-1.7580E-05,3.627E-01
-1.7574E-05,3.587E-01
-1.7574E-05,3.627E-01
-1.7568E-05,3.587E-01
-1.7568E-05,3.627E-01
-1.7562E-05,3.587E-01
-1.7562E-05,3.627E-01
-1.7556E-05,3.587E-01
-1.7556E-05,3.627E-01
-1.7550E-05,3.587E-01
-1.7550E-05,3.627E-01
-1.7544E-05,3.547E-01
-1.7544E-05,3.587E-01
-1.7538E-05,3.547E-01
-1.7538E-05,3.587E-01
-1.7532E-05,3.547E-01
-1.7532E-05,3.587E-01
-1.7526E-05,3.547E-01
-1.7526E-05,3.587E-01
-1.7520E-05,3.547E-01
-1.7520E-05,3.587E-01
-1.7514E-05,3.507E-01
-1.7514E-05,3.587E-01
-1.7508E-05,3.507E-01
-1.7508E-05,3.587E-01
-1.7502E-05,3.507E-01
-1.7502E-05,3.547E-01
-1.7496E-05,3.507E-01
-1.7496E-05,3.587E-01
-1.7490E-05,3.507E-01
-1.7490E-05,3.547E-01
-1.7484E-05,3.507E-01
-1.7484E-05,3.507E-01
-1.7478E-05,3.467E-01
-1.7478E-05,3.507E-01
-1.7472E-05,3.467E-01
-1.7472E-05,3.547E-01
-1.7466E-05,3.467E-01
-1.7466E-05,3.507E-01
-1.7460E-05,3.467E-01
-1.7460E-05,3.507E-01
-1.7454E-05,3.467E-01
-1.7454E-05,3.507E-01
-1.7448E-05,3.467E-01
-1.7448E-05,3.507E-01
-1.7442E-05,3.467E-01
-1.7442E-05,3.467E-01
-1.7436E-05,3.427E-01
-1.7436E-05,3.467E-01
-1.7430E-05,3.427E-01
-1.7430E-05,3.507E-01
-1.7424E-05,3.427E-01
-1.7424E-05,3.467E-01
-1.7418E-05,3.427E-01
-1.7418E-05,3.467E-01
-1.7412E-05,3.427E-01
-1.7412E-05,3.467E-01
-1.7406E-05,3.427E-01
-1.7406E-05,3.467E-01
-1.7400E-05,3.387E-01
-1.7400E-05,3.467E-01
-1.7394E-05,3.387E-01
-1.7394E-05,3.427E-01
-1.7388E-05,3.387E-01
-1.7388E-05,3.427E-01
-1.7382E-05,3.387E-01
-1.7382E-05,3.427E-01
-1.7376E-05,3.387E-01
-1.7376E-05,3.427E-01
-1.7370E-05,3.387E-01
-1.7370E-05,3.427E-01
-1.7364E-05,3.347E-01
-1.7364E-05,3.427E-01
-1.7358E-05,3.347E-01
-1.7358E-05,3.387E-01
-1.7352E-05,3.347E-01
-1.7352E-05,3.347E-01
-1.7346E-05,3.307E-01
-1.7346E-05,3.387E-01
-1.7340E-05,3.347E-01
-1.7340E-05,3.387E-01
-1.7334E-05,3.347E-01
-1.7334E-05,3.387E-01
-1.7328E-05,3.307E-01
-1.7328E-05,3.387E-01
-1.7322E-05,3.307E-01
-1.7322E-05,3.347E-01
-1.7316E-05,3.307E-01
-1.7316E-05,3.347E-01
-1.7310E-05,3.307E-01
-1.7310E-05,3.387E-01
-1.7304E-05,3.307E-01
-1.7304E-05,3.347E-01
-1.7298E-05,3.307E-01
-1.7298E-05,3.347E-01
-1.7292E-05,3.307E-01
-1.7292E-05,3.347E-01
-1.7286E-05,3.267E-01
-1.7286E-05,3.307E-01
-1.7280E-05,3.267E-01
-1.7280E-05,3.347E-01
-1.7274E-05,3.267E-01
-1.7274E-05,3.307E-01
-1.7268E-05,3.267E-01
-1.7268E-05,3.307E-01
-1.7262E-05,3.267E-01
-1.7262E-05,3.307E-01
-1.7256E-05,3.267E-01
-1.7256E-05,3.307E-01
-1.7250E-05,3.267E-01
-1.7250E-05,3.307E-01
-1.7244E-05,3.227E-01
-1.7244E-05,3.267E-01
-1.7238E-05,3.227E-01
-1.7238E-05,3.267E-01
-1.7232E-05,3.227E-01
-1.7232E-05,3.267E-01
-1.7226E-05,3.227E-01
-1.7226E-05,3.267E-01
-1.7220E-05,3.227E-01
-1.7220E-05,3.267E-01
-1.7214E-05,3.187E-01
-1.7214E-05,3.267E-01
-1.7208E-05,3.187E-01
-1.7208E-05,3.227E-01
-1.7202E-05,3.187E-01
-1.7202E-05,3.227E-01
-1.7196E-05,3.227E-01
-1.7196E-05,3.227E-01
-1.7190E-05,3.187E-01
-1.7190E-05,3.227E-01
-1.7184E-05,3.187E-01
-1.7184E-05,3.227E-01
-1.7178E-05,3.187E-01
-1.7178E-05,3.227E-01
-1.7172E-05,3.187E-01
-1.7172E-05,3.227E-01
-1.7166E-05,3.187E-01
-1.7166E-05,3.187E-01
-1.7160E-05,3.147E-01
-1.7160E-05,3.187E-01
-1.7154E-05,3.147E-01
-1.7154E-05,3.227E-01
-1.7148E-05,3.147E-01
-1.7148E-05,3.187E-01
-1.7142E-05,3.147E-01
-1.7142E-05,3.187E-01
-1.7136E-05,3.147E-01
-1.7136E-05,3.187E-01
-1.7130E-05,3.107E-01
-1.7130E-05,3.187E-01
-1.7124E-05,3.107E-01
-1.7124E-05,3.187E-01
-1.7118E-05,3.107E-01
-1.7118E-05,3.147E-01
-1.7112E-05,3.107E-01
-1.7112E-05,3.187E-01
-1.7106E-05,3.107E-01
-1.7106E-05,3.147E-01
-1.7100E-05,3.147E-01
-1.7100E-05,3.187E-01
-1.7094E-05,3.107E-01
-1.7094E-05,3.147E-01
-1.7088E-05,3.107E-01
-1.7088E-05,3.147E-01
-1.7082E-05,3.107E-01
-1.7082E-05,3.147E-01
-1.7076E-05,3.107E-01
-1.7076E-05,3.147E-01
-1.7070E-05,3.067E-01
-1.7070E-05,3.147E-01
-1.7064E-05,3.067E-01
-1.7064E-05,3.107E-01
-1.7058E-05,3.067E-01
-1.7058E-05,3.107E-01
-1.7052E-05,3.067E-01
-1.7052E-05,3.147E-01
-1.7046E-05,3.067E-01
-1.7046E-05,3.107E-01
-1.7040E-05,3.067E-01
-1.7040E-05,3.107E-01
-1.7034E-05,3.067E-01
-1.7034E-05,3.067E-01
-1.7028E-05,3.027E-01
-1.7028E-05,3.067E-01
-1.7022E-05,3.067E-01
-1.7022E-05,3.107E-01
-1.7016E-05,3.067E-01
-1.7016E-05,3.067E-01
-1.7010E-05,3.027E-01
-1.7010E-05,3.067E-01
-1.7004E-05,3.027E-01
-1.7004E-05,3.067E-01
-1.6998E-05,3.027E-01
-1.6998E-05,3.067E-01
-1.6992E-05,3.027E-01
-1.6992E-05,3.067E-01
-1.6986E-05,3.027E-01
-1.6986E-05,3.067E-01
-1.6980E-05,2.987E-01
-1.6980E-05,3.067E-01
-1.6974E-05,2.987E-01
-1.6974E-05,3.067E-01
-1.6968E-05,2.987E-01
-1.6968E-05,3.067E-01
-1.6962E-05,2.987E-01
-1.6962E-05,3.027E-01
-1.6956E-05,2.987E-01
-1.6956E-05,3.027E-01
-1.6950E-05,2.987E-01
-1.6950E-05,3.027E-01
-1.6944E-05,2.987E-01
-1.6944E-05,3.027E-01
-1.6938E-05,2.987E-01
-1.6938E-05,3.067E-01
-1.6932E-05,2.947E-01
-1.6932E-05,3.067E-01
-1.6926E-05,2.947E-01
-1.6926E-05,2.987E-01
-1.6920E-05,2.947E-01
-1.6920E-05,2.987E-01
-1.6914E-05,2.987E-01
-1.6914E-05,2.987E-01
-1.6908E-05,2.947E-01
-1.6908E-05,2.987E-01
-1.6902E-05,2.987E-01
-1.6902E-05,3.027E-01
-1.6896E-05,2.947E-01
-1.6896E-05,3.027E-01
-1.6890E-05,2.947E-01
-1.6890E-05,2.987E-01
-1.6884E-05,2.947E-01
-1.6884E-05,2.987E-01
-1.6878E-05,2.947E-01
-1.6878E-05,2.987E-01
-1.6872E-05,2.947E-01
-1.6872E-05,2.987E-01
-1.6866E-05,2.947E-01
-1.6866E-05,2.987E-01
-1.6860E-05,2.907E-01
-1.6860E-05,2.987E-01
-1.6854E-05,2.907E-01
-1.6854E-05,2.947E-01
-1.6848E-05,2.907E-01
-1.6848E-05,2.947E-01
-1.6842E-05,2.907E-01
-1.6842E-05,2.987E-01
-1.6836E-05,2.907E-01
-1.6836E-05,2.947E-01
-1.6830E-05,2.907E-01
-1.6830E-05,2.947E-01
-1.6824E-05,2.907E-01
-1.6824E-05,2.947E-01
-1.6818E-05,2.907E-01
-1.6818E-05,2.947E-01
-1.6812E-05,2.907E-01
-1.6812E-05,2.947E-01
-1.6806E-05,2.867E-01
-1.6806E-05,2.907E-01
-1.6800E-05,2.867E-01
-1.6800E-05,2.907E-01
-1.6794E-05,2.867E-01
-1.6794E-05,2.907E-01
-1.6788E-05,2.867E-01
-1.6788E-05,2.907E-01
-1.6782E-05,2.867E-01
-1.6782E-05,2.907E-01
-1.6776E-05,2.867E-01
-1.6776E-05,2.907E-01
-1.6770E-05,2.867E-01
-1.6770E-05,2.907E-01
-1.6764E-05,2.867E-01
-1.6764E-05,2.907E-01
-1.6758E-05,2.867E-01
-1.6758E-05,2.907E-01
-1.6752E-05,2.867E-01
-1.6752E-05,2.907E-01
-1.6746E-05,2.867E-01
-1.6746E-05,2.907E-01
-1.6740E-05,2.827E-01
-1.6740E-05,2.867E-01
-1.6734E-05,2.867E-01
-1.6734E-05,2.867E-01
-1.6728E-05,2.827E-01
-1.6728E-05,2.867E-01
-1.6722E-05,2.827E-01
-1.6722E-05,2.867E-01
-1.6716E-05,2.827E-01
-1.6716E-05,2.867E-01
-1.6710E-05,2.827E-01
-1.6710E-05,2.867E-01
-1.6704E-05,2.827E-01
-1.6704E-05,2.867E-01
-1.6698E-05,2.827E-01
-1.6698E-05,2.867E-01
-1.6692E-05,2.827E-01
-1.6692E-05,2.867E-01
-1.6686E-05,2.827E-01
-1.6686E-05,2.867E-01
-1.6680E-05,2.787E-01
-1.6680E-05,2.827E-01
-1.6674E-05,2.787E-01
-1.6674E-05,2.827E-01
-1.6668E-05,2.787E-01
-1.6668E-05,2.867E-01
-1.6662E-05,2.787E-01
-1.6662E-05,2.867E-01
-1.6656E-05,2.787E-01
-1.6656E-05,2.867E-01
-1.6650E-05,2.787E-01
-1.6650E-05,2.827E-01
-1.6644E-05,2.787E-01
-1.6644E-05,2.827E-01
-1.6638E-05,2.787E-01
-1.6638E-05,2.827E-01
-1.6632E-05,2.787E-01
-1.6632E-05,2.827E-01
-1.6626E-05,2.747E-01
-1.6626E-05,2.827E-01
-1.6620E-05,2.747E-01
-1.6620E-05,2.827E-01
-1.6614E-05,2.787E-01
-1.6614E-05,2.827E-01
-1.6608E-05,2.787E-01
-1.6608E-05,2.827E-01
-1.6602E-05,2.747E-01
-1.6602E-05,2.827E-01
-1.6596E-05,2.787E-01
-1.6596E-05,2.827E-01
-1.6590E-05,2.787E-01
-1.6590E-05,2.827E-01
-1.6584E-05,2.747E-01
-1.6584E-05,2.827E-01
-1.6578E-05,2.787E-01
-1.6578E-05,2.827E-01
-1.6572E-05,2.747E-01
-1.6572E-05,2.787E-01
-1.6566E-05,2.747E-01
-1.6566E-05,2.827E-01
-1.6560E-05,2.747E-01
-1.6560E-05,2.787E-01
-1.6554E-05,2.747E-01
-1.6554E-05,2.787E-01
-1.6548E-05,2.787E-01
-1.6548E-05,2.787E-01
-1.6542E-05,2.747E-01
-1.6542E-05,2.787E-01
-1.6536E-05,2.747E-01
-1.6536E-05,2.787E-01
-1.6530E-05,2.787E-01
-1.6530E-05,2.787E-01
-1.6524E-05,2.747E-01
-1.6524E-05,2.787E-01
-1.6518E-05,2.747E-01
-1.6518E-05,2.787E-01
-1.6512E-05,2.747E-01
-1.6512E-05,2.787E-01
-1.6506E-05,2.747E-01
-1.6506E-05,2.827E-01
-1.6500E-05,2.707E-01
-1.6500E-05,2.827E-01
-1.6494E-05,2.747E-01
-1.6494E-05,2.787E-01
-1.6488E-05,2.747E-01
-1.6488E-05,2.787E-01
-1.6482E-05,2.747E-01
-1.6482E-05,2.787E-01
-1.6476E-05,2.747E-01
-1.6476E-05,2.787E-01
-1.6470E-05,2.707E-01
-1.6470E-05,2.787E-01
-1.6464E-05,2.707E-01
-1.6464E-05,2.787E-01
-1.6458E-05,2.747E-01
-1.6458E-05,2.787E-01
-1.6452E-05,2.747E-01
-1.6452E-05,2.787E-01
-1.6446E-05,2.747E-01
-1.6446E-05,2.787E-01
-1.6440E-05,2.747E-01
-1.6440E-05,2.787E-01
-1.6434E-05,2.747E-01
-1.6434E-05,2.787E-01
-1.6428E-05,2.707E-01
-1.6428E-05,2.787E-01
-1.6422E-05,2.707E-01
-1.6422E-05,2.747E-01
-1.6416E-05,2.747E-01
-1.6416E-05,2.747E-01
-1.6410E-05,2.747E-01
-1.6410E-05,2.787E-01
-1.6404E-05,2.707E-01
-1.6404E-05,2.747E-01
-1.6398E-05,2.747E-01
-1.6398E-05,2.787E-01
-1.6392E-05,2.747E-01
-1.6392E-05,2.787E-01
-1.6386E-05,2.747E-01
-1.6386E-05,2.747E-01
-1.6380E-05,2.747E-01
-1.6380E-05,2.787E-01
-1.6374E-05,2.747E-01
-1.6374E-05,2.747E-01
-1.6368E-05,2.707E-01
-1.6368E-05,2.747E-01
-1.6362E-05,2.707E-01
-1.6362E-05,2.787E-01
-1.6356E-05,2.707E-01
-1.6356E-05,2.747E-01
-1.6350E-05,2.747E-01
-1.6350E-05,2.747E-01
-1.6344E-05,2.707E-01
-1.6344E-05,2.747E-01
-1.6338E-05,2.707E-01
-1.6338E-05,2.747E-01
-1.6332E-05,2.747E-01
-1.6332E-05,2.787E-01
-1.6326E-05,2.747E-01
-1.6326E-05,2.787E-01
-1.6320E-05,2.707E-01
-1.6320E-05,2.787E-01
-1.6314E-05,2.707E-01
-1.6314E-05,2.787E-01
-1.6308E-05,2.707E-01
-1.6308E-05,2.787E-01
-1.6302E-05,2.707E-01
-1.6302E-05,2.787E-01
-1.6296E-05,2.747E-01
-1.6296E-05,2.787E-01
-1.6290E-05,2.747E-01
-1.6290E-05,2.747E-01
-1.6284E-05,2.747E-01
-1.6284E-05,2.787E-01
-1.6278E-05,2.747E-01
-1.6278E-05,2.747E-01
-1.6272E-05,2.747E-01
-1.6272E-05,2.787E-01
-1.6266E-05,2.747E-01
-1.6266E-05,2.787E-01
-1.6260E-05,2.747E-01
-1.6260E-05,2.787E-01
-1.6254E-05,2.747E-01
-1.6254E-05,2.787E-01
-1.6248E-05,2.707E-01
-1.6248E-05,2.787E-01
-1.6242E-05,2.707E-01
-1.6242E-05,2.787E-01
-1.6236E-05,2.747E-01
-1.6236E-05,2.787E-01
-1.6230E-05,2.747E-01
-1.6230E-05,2.787E-01
-1.6224E-05,2.707E-01
-1.6224E-05,2.787E-01
-1.6218E-05,2.707E-01
-1.6218E-05,2.747E-01
-1.6212E-05,2.707E-01
-1.6212E-05,2.787E-01
-1.6206E-05,2.707E-01
-1.6206E-05,2.747E-01
-1.6200E-05,2.747E-01
-1.6200E-05,2.787E-01
-1.6194E-05,2.707E-01
-1.6194E-05,2.747E-01
-1.6188E-05,2.747E-01
-1.6188E-05,2.787E-01
-1.6182E-05,2.747E-01
-1.6182E-05,2.787E-01
-1.6176E-05,2.747E-01
-1.6176E-05,2.787E-01
-1.6170E-05,2.747E-01
-1.6170E-05,2.787E-01
-1.6164E-05,2.747E-01
-1.6164E-05,2.787E-01
-1.6158E-05,2.747E-01
-1.6158E-05,2.787E-01
-1.6152E-05,2.747E-01
-1.6152E-05,2.787E-01
-1.6146E-05,2.747E-01
-1.6146E-05,2.787E-01
-1.6140E-05,2.747E-01
-1.6140E-05,2.787E-01
-1.6134E-05,2.747E-01
-1.6134E-05,2.787E-01
-1.6128E-05,2.747E-01
-1.6128E-05,2.787E-01
-1.6122E-05,2.747E-01
-1.6122E-05,2.787E-01
-1.6116E-05,2.747E-01
-1.6116E-05,2.787E-01
-1.6110E-05,2.747E-01
-1.6110E-05,2.787E-01
-1.6104E-05,2.747E-01
-1.6104E-05,2.787E-01
-1.6098E-05,2.747E-01
-1.6098E-05,2.787E-01
-1.6092E-05,2.787E-01
-1.6092E-05,2.787E-01
-1.6086E-05,2.747E-01
-1.6086E-05,2.787E-01
-1.6080E-05,2.747E-01
-1.6080E-05,2.787E-01
-1.6074E-05,2.747E-01
-1.6074E-05,2.827E-01
-1.6068E-05,2.747E-01
-1.6068E-05,2.787E-01
-1.6062E-05,2.747E-01
-1.6062E-05,2.827E-01
-1.6056E-05,2.787E-01
-1.6056E-05,2.827E-01
-1.6050E-05,2.787E-01
-1.6050E-05,2.827E-01
-1.6044E-05,2.747E-01
-1.6044E-05,2.827E-01
-1.6038E-05,2.787E-01
-1.6038E-05,2.827E-01
-1.6032E-05,2.787E-01
-1.6032E-05,2.827E-01
-1.6026E-05,2.787E-01
-1.6026E-05,2.827E-01
-1.6020E-05,2.787E-01
-1.6020E-05,2.827E-01
-1.6014E-05,2.787E-01
-1.6014E-05,2.827E-01
-1.6008E-05,2.787E-01
-1.6008E-05,2.827E-01
-1.6002E-05,2.787E-01
-1.6002E-05,2.827E-01
-1.5996E-05,2.747E-01
-1.5996E-05,2.827E-01
-1.5990E-05,2.787E-01
-1.5990E-05,2.827E-01
-1.5984E-05,2.787E-01
-1.5984E-05,2.827E-01
-1.5978E-05,2.787E-01
-1.5978E-05,2.827E-01
-1.5972E-05,2.787E-01
-1.5972E-05,2.827E-01
-1.5966E-05,2.787E-01
-1.5966E-05,2.827E-01
-1.5960E-05,2.827E-01
-1.5960E-05,2.827E-01
-1.5954E-05,2.827E-01
-1.5954E-05,2.827E-01
-1.5948E-05,2.827E-01
-1.5948E-05,2.867E-01
-1.5942E-05,2.827E-01
-1.5942E-05,2.867E-01
-1.5936E-05,2.827E-01
-1.5936E-05,2.867E-01
-1.5930E-05,2.827E-01
-1.5930E-05,2.867E-01
-1.5924E-05,2.827E-01
-1.5924E-05,2.827E-01
-1.5918E-05,2.827E-01
-1.5918E-05,2.867E-01
-1.5912E-05,2.827E-01
-1.5912E-05,2.867E-01
-1.5906E-05,2.827E-01
-1.5906E-05,2.867E-01
-1.5900E-05,2.827E-01
-1.5900E-05,2.867E-01
-1.5894E-05,2.827E-01
-1.5894E-05,2.867E-01
-1.5888E-05,2.827E-01
-1.5888E-05,2.867E-01
-1.5882E-05,2.867E-01
-1.5882E-05,2.867E-01
-1.5876E-05,2.867E-01
-1.5876E-05,2.907E-01
-1.5870E-05,2.867E-01
-1.5870E-05,2.907E-01
-1.5864E-05,2.827E-01
-1.5864E-05,2.867E-01
-1.5858E-05,2.867E-01
-1.5858E-05,2.907E-01
-1.5852E-05,2.867E-01
-1.5852E-05,2.907E-01
-1.5846E-05,2.867E-01
-1.5846E-05,2.907E-01
-1.5840E-05,2.867E-01
-1.5840E-05,2.907E-01
-1.5834E-05,2.867E-01
-1.5834E-05,2.907E-01
-1.5828E-05,2.867E-01
-1.5828E-05,2.907E-01
-1.5822E-05,2.867E-01
-1.5822E-05,2.907E-01
-1.5816E-05,2.867E-01
-1.5816E-05,2.907E-01
-1.5810E-05,2.907E-01
-1.5810E-05,2.947E-01
-1.5804E-05,2.867E-01
-1.5804E-05,2.947E-01
-1.5798E-05,2.867E-01
-1.5798E-05,2.907E-01
-1.5792E-05,2.907E-01
-1.5792E-05,2.947E-01
-1.5786E-05,2.907E-01
-1.5786E-05,2.947E-01
-1.5780E-05,2.907E-01
-1.5780E-05,2.947E-01
-1.5774E-05,2.907E-01
-1.5774E-05,2.947E-01
-1.5768E-05,2.907E-01
-1.5768E-05,2.947E-01
-1.5762E-05,2.907E-01
-1.5762E-05,2.947E-01
-1.5756E-05,2.907E-01
-1.5756E-05,2.947E-01
-1.5750E-05,2.907E-01
-1.5750E-05,2.947E-01
-1.5744E-05,2.907E-01
-1.5744E-05,2.987E-01
-1.5738E-05,2.907E-01
-1.5738E-05,2.987E-01
-1.5732E-05,2.907E-01
-1.5732E-05,2.947E-01
-1.5726E-05,2.947E-01
-1.5726E-05,2.987E-01
-1.5720E-05,2.947E-01
-1.5720E-05,2.987E-01
-1.5714E-05,2.947E-01
-1.5714E-05,2.987E-01
-1.5708E-05,2.947E-01
-1.5708E-05,2.987E-01
-1.5702E-05,2.947E-01
-1.5702E-05,2.987E-01
-1.5696E-05,2.947E-01
-1.5696E-05,2.987E-01
-1.5690E-05,2.987E-01
-1.5690E-05,3.027E-01
-1.5684E-05,2.987E-01
-1.5684E-05,3.027E-01
-1.5678E-05,2.987E-01
-1.5678E-05,3.027E-01
-1.5672E-05,2.987E-01
-1.5672E-05,3.027E-01
-1.5666E-05,2.987E-01
-1.5666E-05,3.027E-01
-1.5660E-05,2.987E-01
-1.5660E-05,3.027E-01
-1.5654E-05,2.987E-01
-1.5654E-05,3.027E-01
-1.5648E-05,3.027E-01
-1.5648E-05,3.027E-01
-1.5642E-05,2.987E-01
-1.5642E-05,3.027E-01
-1.5636E-05,2.987E-01
-1.5636E-05,3.067E-01
-1.5630E-05,3.027E-01
-1.5630E-05,3.067E-01
-1.5624E-05,3.027E-01
-1.5624E-05,3.067E-01
-1.5618E-05,3.027E-01
-1.5618E-05,3.067E-01
-1.5612E-05,3.027E-01
-1.5612E-05,3.067E-01
-1.5606E-05,3.027E-01
-1.5606E-05,3.067E-01
-1.5600E-05,3.027E-01
-1.5600E-05,3.067E-01
-1.5594E-05,3.027E-01
-1.5594E-05,3.107E-01
-1.5588E-05,3.027E-01
-1.5588E-05,3.107E-01
-1.5582E-05,3.067E-01
-1.5582E-05,3.107E-01
-1.5576E-05,3.067E-01
-1.5576E-05,3.107E-01
-1.5570E-05,3.067E-01
-1.5570E-05,3.107E-01
-1.5564E-05,3.067E-01
-1.5564E-05,3.107E-01
-1.5558E-05,3.067E-01
-1.5558E-05,3.107E-01
-1.5552E-05,3.107E-01
-1.5552E-05,3.107E-01
-1.5546E-05,3.067E-01
-1.5546E-05,3.107E-01
-1.5540E-05,3.067E-01
-1.5540E-05,3.107E-01
-1.5534E-05,3.067E-01
-1.5534E-05,3.107E-01
-1.5528E-05,3.107E-01
-1.5528E-05,3.147E-01
-1.5522E-05,3.107E-01
-1.5522E-05,3.147E-01
-1.5516E-05,3.107E-01
-1.5516E-05,3.187E-01
-1.5510E-05,3.107E-01
-1.5510E-05,3.147E-01
-1.5504E-05,3.107E-01
-1.5504E-05,3.187E-01
-1.5498E-05,3.107E-01
-1.5498E-05,3.147E-01
-1.5492E-05,3.107E-01
-1.5492E-05,3.147E-01
-1.5486E-05,3.147E-01
-1.5486E-05,3.147E-01
-1.5480E-05,3.107E-01
-1.5480E-05,3.147E-01
-1.5474E-05,3.107E-01
-1.5474E-05,3.147E-01
-1.5468E-05,3.147E-01
-1.5468E-05,3.187E-01
-1.5462E-05,3.147E-01
-1.5462E-05,3.187E-01
-1.5456E-05,3.147E-01
-1.5456E-05,3.187E-01
-1.5450E-05,3.147E-01
-1.5450E-05,3.227E-01
-1.5444E-05,3.147E-01
-1.5444E-05,3.187E-01
-1.5438E-05,3.147E-01
-1.5438E-05,3.187E-01
-1.5432E-05,3.187E-01
-1.5432E-05,3.227E-01
-1.5426E-05,3.187E-01
-1.5426E-05,3.227E-01
-1.5420E-05,3.187E-01
-1.5420E-05,3.227E-01
-1.5414E-05,3.187E-01
-1.5414E-05,3.267E-01
-1.5408E-05,3.227E-01
-1.5408E-05,3.267E-01
-1.5402E-05,3.227E-01
-1.5402E-05,3.227E-01
-1.5396E-05,3.227E-01
-1.5396E-05,3.267E-01
-1.5390E-05,3.227E-01
-1.5390E-05,3.267E-01
-1.5384E-05,3.227E-01
-1.5384E-05,3.267E-01
-1.5378E-05,3.267E-01
-1.5378E-05,3.267E-01
-1.5372E-05,3.227E-01
-1.5372E-05,3.267E-01
-1.5366E-05,3.227E-01
-1.5366E-05,3.267E-01
-1.5360E-05,3.267E-01
-1.5360E-05,3.267E-01
-1.5354E-05,3.227E-01
-1.5354E-05,3.307E-01
-1.5348E-05,3.267E-01
-1.5348E-05,3.307E-01
-1.5342E-05,3.267E-01
-1.5342E-05,3.307E-01
-1.5336E-05,3.267E-01
-1.5336E-05,3.347E-01
-1.5330E-05,3.307E-01
-1.5330E-05,3.347E-01
-1.5324E-05,3.307E-01
-1.5324E-05,3.307E-01
-1.5318E-05,3.307E-01
-1.5318E-05,3.347E-01
-1.5312E-05,3.307E-01
-1.5312E-05,3.347E-01
-1.5306E-05,3.307E-01
-1.5306E-05,3.347E-01
-1.5300E-05,3.307E-01
-1.5300E-05,3.347E-01
-1.5294E-05,3.307E-01
-1.5294E-05,3.347E-01
-1.5288E-05,3.307E-01
-1.5288E-05,3.347E-01
-1.5282E-05,3.307E-01
-1.5282E-05,3.347E-01
-1.5276E-05,3.347E-01
-1.5276E-05,3.347E-01
-1.5270E-05,3.347E-01
-1.5270E-05,3.387E-01
-1.5264E-05,3.347E-01
-1.5264E-05,3.387E-01
-1.5258E-05,3.347E-01
-1.5258E-05,3.387E-01
-1.5252E-05,3.347E-01
-1.5252E-05,3.387E-01
-1.5246E-05,3.347E-01
-1.5246E-05,3.387E-01
-1.5240E-05,3.347E-01
-1.5240E-05,3.387E-01
-1.5234E-05,3.387E-01
-1.5234E-05,3.427E-01
-1.5228E-05,3.347E-01
-1.5228E-05,3.427E-01
-1.5222E-05,3.347E-01
-1.5222E-05,3.427E-01
-1.5216E-05,3.387E-01
-1.5216E-05,3.427E-01
-1.5210E-05,3.387E-01
-1.5210E-05,3.467E-01
-1.5204E-05,3.427E-01
-1.5204E-05,3.467E-01
-1.5198E-05,3.427E-01
-1.5198E-05,3.467E-01
-1.5192E-05,3.427E-01
-1.5192E-05,3.467E-01
-1.5186E-05,3.427E-01
-1.5186E-05,3.467E-01
-1.5180E-05,3.427E-01
-1.5180E-05,3.467E-01
-1.5174E-05,3.427E-01
-1.5174E-05,3.507E-01
-1.5168E-05,3.427E-01
-1.5168E-05,3.507E-01
-1.5162E-05,3.427E-01
-1.5162E-05,3.507E-01
-1.5156E-05,3.467E-01
-1.5156E-05,3.507E-01
-1.5150E-05,3.467E-01
-1.5150E-05,3.507E-01
-1.5144E-05,3.467E-01
-1.5144E-05,3.507E-01
-1.5138E-05,3.467E-01
-1.5138E-05,3.507E-01
-1.5132E-05,3.467E-01
-1.5132E-05,3.507E-01
-1.5126E-05,3.507E-01
-1.5126E-05,3.547E-01
-1.5120E-05,3.507E-01
-1.5120E-05,3.547E-01
-1.5114E-05,3.507E-01
-1.5114E-05,3.547E-01
-1.5108E-05,3.507E-01
-1.5108E-05,3.547E-01
-1.5102E-05,3.507E-01
-1.5102E-05,3.587E-01
-1.5096E-05,3.547E-01
-1.5096E-05,3.587E-01
-1.5090E-05,3.547E-01
-1.5090E-05,3.587E-01
-1.5084E-05,3.547E-01
-1.5084E-05,3.587E-01
-1.5078E-05,3.547E-01
-1.5078E-05,3.587E-01
-1.5072E-05,3.547E-01
-1.5072E-05,3.587E-01
-1.5066E-05,3.547E-01
-1.5066E-05,3.587E-01
-1.5060E-05,3.547E-01
-1.5060E-05,3.587E-01
-1.5054E-05,3.547E-01
-1.5054E-05,3.627E-01
-1.5048E-05,3.587E-01
-1.5048E-05,3.627E-01
-1.5042E-05,3.587E-01
-1.5042E-05,3.627E-01
-1.5036E-05,3.587E-01
-1.5036E-05,3.627E-01
-1.5030E-05,3.587E-01
-1.5030E-05,3.627E-01
-1.5024E-05,3.587E-01
-1.5024E-05,3.667E-01
-1.5018E-05,3.587E-01
-1.5018E-05,3.627E-01
-1.5012E-05,3.627E-01
-1.5012E-05,3.667E-01
-1.5006E-05,3.627E-01
-1.5006E-05,3.667E-01
-1.5000E-05,3.627E-01
-1.5000E-05,3.667E-01
-1.4994E-05,3.627E-01
-1.4994E-05,3.667E-01
-1.4988E-05,3.627E-01
-1.4988E-05,3.667E-01
-1.4982E-05,3.667E-01
-1.4982E-05,3.707E-01
-1.4976E-05,3.667E-01
-1.4976E-05,3.707E-01
-1.4970E-05,3.667E-01
-1.4970E-05,3.707E-01
-1.4964E-05,3.667E-01
-1.4964E-05,3.707E-01
-1.4958E-05,3.667E-01
-1.4958E-05,3.707E-01
-1.4952E-05,3.667E-01
-1.4952E-05,3.707E-01
-1.4946E-05,3.667E-01
-1.4946E-05,3.747E-01
-1.4940E-05,3.707E-01
-1.4940E-05,3.747E-01
-1.4934E-05,3.707E-01
-1.4934E-05,3.747E-01
-1.4928E-05,3.707E-01
-1.4928E-05,3.747E-01
-1.4922E-05,3.707E-01
-1.4922E-05,3.747E-01
-1.4916E-05,3.707E-01
-1.4916E-05,3.747E-01
-1.4910E-05,3.747E-01
-1.4910E-05,3.747E-01
-1.4904E-05,3.747E-01
-1.4904E-05,3.747E-01
-1.4898E-05,3.747E-01
-1.4898E-05,3.787E-01
-1.4892E-05,3.747E-01
-1.4892E-05,3.787E-01
-1.4886E-05,3.747E-01
-1.4886E-05,3.787E-01
-1.4880E-05,3.747E-01
-1.4880E-05,3.787E-01
-1.4874E-05,3.747E-01
-1.4874E-05,3.827E-01
-1.4868E-05,3.747E-01
-1.4868E-05,3.827E-01
-1.4862E-05,3.747E-01
-1.4862E-05,3.787E-01
-1.4856E-05,3.747E-01
-1.4856E-05,3.827E-01
-1.4850E-05,3.787E-01
-1.4850E-05,3.827E-01
-1.4844E-05,3.787E-01
-1.4844E-05,3.827E-01
-1.4838E-05,3.787E-01
-1.4838E-05,3.827E-01
-1.4832E-05,3.787E-01
-1.4832E-05,3.827E-01
-1.4826E-05,3.787E-01
-1.4826E-05,3.827E-01
-1.4820E-05,3.827E-01
-1.4820E-05,3.867E-01
-1.4814E-05,3.827E-01
-1.4814E-05,3.867E-01
-1.4808E-05,3.827E-01
-1.4808E-05,3.867E-01
-1.4802E-05,3.827E-01
-1.4802E-05,3.867E-01
-1.4796E-05,3.827E-01
-1.4796E-05,3.907E-01
-1.4790E-05,3.827E-01
-1.4790E-05,3.907E-01
-1.4784E-05,3.867E-01
-1.4784E-05,3.907E-01
-1.4778E-05,3.867E-01
-1.4778E-05,3.907E-01
-1.4772E-05,3.867E-01
-1.4772E-05,3.907E-01
-1.4766E-05,3.867E-01
-1.4766E-05,3.947E-01
-1.4760E-05,3.867E-01
-1.4760E-05,3.947E-01
-1.4754E-05,3.907E-01
-1.4754E-05,3.947E-01
-1.4748E-05,3.867E-01
-1.4748E-05,3.947E-01
-1.4742E-05,3.907E-01
-1.4742E-05,3.947E-01
-1.4736E-05,3.907E-01
-1.4736E-05,3.947E-01
-1.4730E-05,3.907E-01
-1.4730E-05,3.987E-01
-1.4724E-05,3.907E-01
-1.4724E-05,3.987E-01
-1.4718E-05,3.907E-01
-1.4718E-05,3.987E-01
-1.4712E-05,3.907E-01
-1.4712E-05,3.947E-01
-1.4706E-05,3.947E-01
-1.4706E-05,3.987E-01
-1.4700E-05,3.947E-01
-1.4700E-05,3.987E-01
-1.4694E-05,3.947E-01
-1.4694E-05,3.987E-01
-1.4688E-05,3.947E-01
-1.4688E-05,3.987E-01
-1.4682E-05,3.947E-01
-1.4682E-05,4.027E-01
-1.4676E-05,3.947E-01
-1.4676E-05,3.987E-01
-1.4670E-05,3.947E-01
-1.4670E-05,3.987E-01
-1.4664E-05,3.947E-01
-1.4664E-05,3.987E-01
-1.4658E-05,3.987E-01
-1.4658E-05,4.027E-01
-1.4652E-05,3.987E-01
-1.4652E-05,4.027E-01
-1.4646E-05,3.947E-01
-1.4646E-05,4.027E-01
-1.4640E-05,3.987E-01
-1.4640E-05,4.027E-01
-1.4634E-05,3.987E-01
-1.4634E-05,4.027E-01
-1.4628E-05,3.987E-01
-1.4628E-05,4.067E-01
-1.4622E-05,3.987E-01
-1.4622E-05,4.067E-01
-1.4616E-05,3.987E-01
-1.4616E-05,4.027E-01
-1.4610E-05,3.987E-01
-1.4610E-05,4.067E-01
-1.4604E-05,3.987E-01
-1.4604E-05,4.027E-01
-1.4598E-05,4.027E-01
-1.4598E-05,4.067E-01
-1.4592E-05,4.027E-01
-1.4592E-05,4.067E-01
-1.4586E-05,4.027E-01
-1.4586E-05,4.067E-01
-1.4580E-05,4.067E-01
-1.4580E-05,4.067E-01
-1.4574E-05,4.067E-01
-1.4574E-05,4.067E-01
-1.4568E-05,4.067E-01
-1.4568E-05,4.107E-01
-1.4562E-05,4.067E-01
-1.4562E-05,4.107E-01
-1.4556E-05,4.067E-01
-1.4556E-05,4.107E-01
-1.4550E-05,4.067E-01
-1.4550E-05,4.107E-01
-1.4544E-05,4.067E-01
-1.4544E-05,4.107E-01
-1.4538E-05,4.067E-01
-1.4538E-05,4.107E-01
-1.4532E-05,4.107E-01
-1.4532E-05,4.107E-01
-1.4526E-05,4.107E-01
-1.4526E-05,4.107E-01
-1.4520E-05,4.107E-01
-1.4520E-05,4.147E-01
-1.4514E-05,4.067E-01
-1.4514E-05,4.147E-01
-1.4508E-05,4.107E-01
-1.4508E-05,4.147E-01
-1.4502E-05,4.067E-01
-1.4502E-05,4.147E-01
-1.4496E-05,4.067E-01
-1.4496E-05,4.187E-01
-1.4490E-05,4.107E-01
-1.4490E-05,4.187E-01
-1.4484E-05,4.107E-01
-1.4484E-05,4.187E-01
-1.4478E-05,4.147E-01
-1.4478E-05,4.187E-01
-1.4472E-05,4.147E-01
-1.4472E-05,4.187E-01
-1.4466E-05,4.107E-01
-1.4466E-05,4.227E-01
-1.4460E-05,4.147E-01
-1.4460E-05,4.227E-01
-1.4454E-05,4.147E-01
-1.4454E-05,4.187E-01
-1.4448E-05,4.147E-01
-1.4448E-05,4.187E-01
-1.4442E-05,4.187E-01
-1.4442E-05,4.227E-01
-1.4436E-05,4.147E-01
-1.4436E-05,4.187E-01
-1.4430E-05,4.187E-01
-1.4430E-05,4.227E-01
-1.4424E-05,4.187E-01
-1.4424E-05,4.227E-01
-1.4418E-05,4.187E-01
-1.4418E-05,4.187E-01
-1.4412E-05,4.187E-01
-1.4412E-05,4.227E-01
-1.4406E-05,4.187E-01
-1.4406E-05,4.227E-01
-1.4400E-05,4.187E-01
-1.4400E-05,4.267E-01
-1.4394E-05,4.187E-01
-1.4394E-05,4.227E-01
-1.4388E-05,4.187E-01
-1.4388E-05,4.227E-01
-1.4382E-05,4.187E-01
-1.4382E-05,4.227E-01
-1.4376E-05,4.227E-01
-1.4376E-05,4.267E-01
-1.4370E-05,4.227E-01
-1.4370E-05,4.267E-01
-1.4364E-05,4.227E-01
-1.4364E-05,4.267E-01
-1.4358E-05,4.187E-01
-1.4358E-05,4.267E-01
-1.4352E-05,4.187E-01
-1.4352E-05,4.267E-01
-1.4346E-05,4.187E-01
-1.4346E-05,4.267E-01
-1.4340E-05,4.227E-01
-1.4340E-05,4.267E-01
-1.4334E-05,4.227E-01
-1.4334E-05,4.267E-01
-1.4328E-05,4.227E-01
-1.4328E-05,4.267E-01
-1.4322E-05,4.227E-01
-1.4322E-05,4.307E-01
-1.4316E-05,4.227E-01
-1.4316E-05,4.267E-01
-1.4310E-05,4.227E-01
-1.4310E-05,4.267E-01
-1.4304E-05,4.267E-01
-1.4304E-05,4.307E-01
-1.4298E-05,4.227E-01
-1.4298E-05,4.307E-01
-1.4292E-05,4.267E-01
-1.4292E-05,4.307E-01
-1.4286E-05,4.267E-01
-1.4286E-05,4.307E-01
-1.4280E-05,4.267E-01
-1.4280E-05,4.307E-01
-1.4274E-05,4.267E-01
-1.4274E-05,4.307E-01
-1.4268E-05,4.267E-01
-1.4268E-05,4.307E-01
-1.4262E-05,4.267E-01
-1.4262E-05,4.307E-01
-1.4256E-05,4.267E-01
-1.4256E-05,4.307E-01
-1.4250E-05,4.267E-01
-1.4250E-05,4.307E-01
-1.4244E-05,4.267E-01
-1.4244E-05,4.347E-01
-1.4238E-05,4.267E-01
-1.4238E-05,4.347E-01
-1.4232E-05,4.267E-01
-1.4232E-05,4.347E-01
-1.4226E-05,4.307E-01
-1.4226E-05,4.347E-01
-1.4220E-05,4.267E-01
-1.4220E-05,4.347E-01
-1.4214E-05,4.267E-01
-1.4214E-05,4.347E-01
-1.4208E-05,4.307E-01
-1.4208E-05,4.347E-01
-1.4202E-05,4.307E-01
-1.4202E-05,4.347E-01
-1.4196E-05,4.307E-01
-1.4196E-05,4.347E-01
-1.4190E-05,4.307E-01
-1.4190E-05,4.347E-01
-1.4184E-05,4.307E-01
-1.4184E-05,4.387E-01
-1.4178E-05,4.307E-01
-1.4178E-05,4.387E-01
-1.4172E-05,4.307E-01
-1.4172E-05,4.347E-01
-1.4166E-05,4.307E-01
-1.4166E-05,4.387E-01
-1.4160E-05,4.267E-01
-1.4160E-05,4.347E-01
-1.4154E-05,4.267E-01
-1.4154E-05,4.387E-01
-1.4148E-05,4.347E-01
-1.4148E-05,4.347E-01
-1.4142E-05,4.307E-01
-1.4142E-05,4.347E-01
-1.4136E-05,4.307E-01
-1.4136E-05,4.347E-01
-1.4130E-05,4.307E-01
-1.4130E-05,4.347E-01
-1.4124E-05,4.347E-01
-1.4124E-05,4.427E-01
-1.4118E-05,4.307E-01
-1.4118E-05,4.427E-01
-1.4112E-05,4.307E-01
-1.4112E-05,4.347E-01
-1.4106E-05,4.347E-01
-1.4106E-05,4.387E-01
-1.4100E-05,4.347E-01
-1.4100E-05,4.387E-01
-1.4094E-05,4.347E-01
-1.4094E-05,4.387E-01
-1.4088E-05,4.347E-01
-1.4088E-05,4.387E-01
-1.4082E-05,4.347E-01
-1.4082E-05,4.427E-01
-1.4076E-05,4.347E-01
-1.4076E-05,4.387E-01
-1.4070E-05,4.347E-01
-1.4070E-05,4.387E-01
-1.4064E-05,4.347E-01
-1.4064E-05,4.387E-01
-1.4058E-05,4.347E-01
-1.4058E-05,4.427E-01
-1.4052E-05,4.347E-01
-1.4052E-05,4.427E-01
-1.4046E-05,4.347E-01
-1.4046E-05,4.387E-01
-1.4040E-05,4.347E-01
-1.4040E-05,4.387E-01
-1.4034E-05,4.347E-01
-1.4034E-05,4.427E-01
-1.4028E-05,4.387E-01
-1.4028E-05,4.387E-01
-1.4022E-05,4.387E-01
-1.4022E-05,4.427E-01
-1.4016E-05,4.387E-01
-1.4016E-05,4.387E-01
-1.4010E-05,4.347E-01
-1.4010E-05,4.427E-01
-1.4004E-05,4.347E-01
-1.4004E-05,4.427E-01
-1.3998E-05,4.387E-01
-1.3998E-05,4.427E-01
-1.3992E-05,4.387E-01
-1.3992E-05,4.427E-01
-1.3986E-05,4.347E-01
-1.3986E-05,4.427E-01
-1.3980E-05,4.347E-01
-1.3980E-05,4.387E-01
-1.3974E-05,4.347E-01
-1.3974E-05,4.427E-01
-1.3968E-05,4.387E-01
-1.3968E-05,4.427E-01
-1.3962E-05,4.347E-01
-1.3962E-05,4.427E-01
-1.3956E-05,4.347E-01
-1.3956E-05,4.387E-01
-1.3950E-05,4.387E-01
-1.3950E-05,4.427E-01
-1.3944E-05,4.387E-01
-1.3944E-05,4.427E-01
-1.3938E-05,4.347E-01
-1.3938E-05,4.427E-01
-1.3932E-05,4.347E-01
-1.3932E-05,4.427E-01
-1.3926E-05,4.387E-01
-1.3926E-05,4.427E-01
-1.3920E-05,4.387E-01
-1.3920E-05,4.427E-01
-1.3914E-05,4.387E-01
-1.3914E-05,4.427E-01
-1.3908E-05,4.387E-01
-1.3908E-05,4.427E-01
-1.3902E-05,4.387E-01
-1.3902E-05,4.427E-01
-1.3896E-05,4.387E-01
-1.3896E-05,4.427E-01
-1.3890E-05,4.387E-01
-1.3890E-05,4.427E-01
-1.3884E-05,4.387E-01
-1.3884E-05,4.427E-01
-1.3878E-05,4.387E-01
-1.3878E-05,4.427E-01
-1.3872E-05,4.387E-01
-1.3872E-05,4.427E-01
-1.3866E-05,4.387E-01
-1.3866E-05,4.427E-01
-1.3860E-05,4.387E-01
-1.3860E-05,4.427E-01
-1.3854E-05,4.387E-01
-1.3854E-05,4.427E-01
-1.3848E-05,4.387E-01
-1.3848E-05,4.427E-01
-1.3842E-05,4.387E-01
-1.3842E-05,4.427E-01
-1.3836E-05,4.387E-01
-1.3836E-05,4.427E-01
-1.3830E-05,4.347E-01
-1.3830E-05,4.427E-01
-1.3824E-05,4.347E-01
-1.3824E-05,4.427E-01
-1.3818E-05,4.387E-01
-1.3818E-05,4.427E-01
-1.3812E-05,4.387E-01
-1.3812E-05,4.387E-01
-1.3806E-05,4.387E-01
-1.3806E-05,4.427E-01
-1.3800E-05,4.387E-01
-1.3800E-05,4.427E-01
-1.3794E-05,4.387E-01
-1.3794E-05,4.427E-01
-1.3788E-05,4.387E-01
-1.3788E-05,4.427E-01
-1.3782E-05,4.387E-01
-1.3782E-05,4.427E-01
-1.3776E-05,4.347E-01
-1.3776E-05,4.427E-01
-1.3770E-05,4.387E-01
-1.3770E-05,4.427E-01
-1.3764E-05,4.387E-01
-1.3764E-05,4.427E-01
-1.3758E-05,4.347E-01
-1.3758E-05,4.427E-01
-1.3752E-05,4.387E-01
-1.3752E-05,4.427E-01
-1.3746E-05,4.387E-01
-1.3746E-05,4.387E-01
-1.3740E-05,4.387E-01
-1.3740E-05,4.427E-01
-1.3734E-05,4.387E-01
-1.3734E-05,4.427E-01
-1.3728E-05,4.387E-01
-1.3728E-05,4.427E-01
-1.3722E-05,4.387E-01
-1.3722E-05,4.427E-01
-1.3716E-05,4.387E-01
-1.3716E-05,4.427E-01
-1.3710E-05,4.387E-01
-1.3710E-05,4.427E-01
-1.3704E-05,4.387E-01
-1.3704E-05,4.427E-01
-1.3698E-05,4.387E-01
-1.3698E-05,4.427E-01
-1.3692E-05,4.387E-01
-1.3692E-05,4.427E-01
-1.3686E-05,4.387E-01
-1.3686E-05,4.427E-01
-1.3680E-05,4.387E-01
-1.3680E-05,4.427E-01
-1.3674E-05,4.387E-01
-1.3674E-05,4.427E-01
-1.3668E-05,4.387E-01
-1.3668E-05,4.427E-01
-1.3662E-05,4.387E-01
-1.3662E-05,4.427E-01
-1.3656E-05,4.387E-01
-1.3656E-05,4.427E-01
-1.3650E-05,4.387E-01
-1.3650E-05,4.427E-01
-1.3644E-05,4.387E-01
-1.3644E-05,4.427E-01
-1.3638E-05,4.387E-01
-1.3638E-05,4.427E-01
-1.3632E-05,4.347E-01
-1.3632E-05,4.427E-01
-1.3626E-05,4.387E-01
-1.3626E-05,4.427E-01
-1.3620E-05,4.387E-01
-1.3620E-05,4.427E-01
-1.3614E-05,4.387E-01
-1.3614E-05,4.387E-01
-1.3608E-05,4.387E-01
-1.3608E-05,4.427E-01
-1.3602E-05,4.347E-01
-1.3602E-05,4.427E-01
-1.3596E-05,4.347E-01
-1.3596E-05,4.387E-01
-1.3590E-05,4.347E-01
-1.3590E-05,4.387E-01
-1.3584E-05,4.347E-01
-1.3584E-05,4.387E-01
-1.3578E-05,4.347E-01
-1.3578E-05,4.387E-01
-1.3572E-05,4.347E-01
-1.3572E-05,4.387E-01
-1.3566E-05,4.347E-01
-1.3566E-05,4.387E-01
-1.3560E-05,4.347E-01
-1.3560E-05,4.387E-01
-1.3554E-05,4.347E-01
-1.3554E-05,4.387E-01
-1.3548E-05,4.347E-01
-1.3548E-05,4.387E-01
-1.3542E-05,4.347E-01
-1.3542E-05,4.387E-01
-1.3536E-05,4.347E-01
-1.3536E-05,4.387E-01
-1.3530E-05,4.307E-01
-1.3530E-05,4.387E-01
-1.3524E-05,4.347E-01
-1.3524E-05,4.387E-01
-1.3518E-05,4.347E-01
-1.3518E-05,4.387E-01
-1.3512E-05,4.307E-01
-1.3512E-05,4.347E-01
-1.3506E-05,4.347E-01
-1.3506E-05,4.387E-01
-1.3500E-05,4.347E-01
-1.3500E-05,4.387E-01
-1.3494E-05,4.307E-01
-1.3494E-05,4.347E-01
-1.3488E-05,4.307E-01
-1.3488E-05,4.387E-01
-1.3482E-05,4.307E-01
-1.3482E-05,4.347E-01
-1.3476E-05,4.307E-01
-1.3476E-05,4.347E-01
-1.3470E-05,4.307E-01
-1.3470E-05,4.347E-01
-1.3464E-05,4.307E-01
-1.3464E-05,4.347E-01
-1.3458E-05,4.307E-01
-1.3458E-05,4.347E-01
-1.3452E-05,4.307E-01
-1.3452E-05,4.347E-01
-1.3446E-05,4.307E-01
-1.3446E-05,4.347E-01
-1.3440E-05,4.307E-01
-1.3440E-05,4.347E-01
-1.3434E-05,4.307E-01
-1.3434E-05,4.307E-01
-1.3428E-05,4.267E-01
-1.3428E-05,4.307E-01
-1.3422E-05,4.307E-01
-1.3422E-05,4.307E-01
-1.3416E-05,4.307E-01
-1.3416E-05,4.307E-01
-1.3410E-05,4.307E-01
-1.3410E-05,4.307E-01
-1.3404E-05,4.307E-01
-1.3404E-05,4.307E-01
-1.3398E-05,4.307E-01
-1.3398E-05,4.307E-01
-1.3392E-05,4.307E-01
-1.3392E-05,4.307E-01
-1.3386E-05,4.307E-01
-1.3386E-05,4.347E-01
-1.3380E-05,4.267E-01
-1.3380E-05,4.307E-01
-1.3374E-05,4.267E-01
-1.3374E-05,4.307E-01
-1.3368E-05,4.267E-01
-1.3368E-05,4.307E-01
-1.3362E-05,4.227E-01
-1.3362E-05,4.307E-01
-1.3356E-05,4.227E-01
-1.3356E-05,4.307E-01
-1.3350E-05,4.267E-01
-1.3350E-05,4.307E-01
-1.3344E-05,4.267E-01
-1.3344E-05,4.307E-01
-1.3338E-05,4.267E-01
-1.3338E-05,4.307E-01
-1.3332E-05,4.227E-01
-1.3332E-05,4.307E-01
-1.3326E-05,4.227E-01
-1.3326E-05,4.307E-01
-1.3320E-05,4.227E-01
-1.3320E-05,4.307E-01
-1.3314E-05,4.267E-01
-1.3314E-05,4.307E-01
-1.3308E-05,4.227E-01
-1.3308E-05,4.307E-01
-1.3302E-05,4.227E-01
-1.3302E-05,4.267E-01
-1.3296E-05,4.227E-01
-1.3296E-05,4.267E-01
-1.3290E-05,4.267E-01
-1.3290E-05,4.267E-01
-1.3284E-05,4.227E-01
-1.3284E-05,4.267E-01
-1.3278E-05,4.227E-01
-1.3278E-05,4.267E-01
-1.3272E-05,4.187E-01
-1.3272E-05,4.267E-01
-1.3266E-05,4.187E-01
-1.3266E-05,4.227E-01
-1.3260E-05,4.187E-01
-1.3260E-05,4.227E-01
-1.3254E-05,4.187E-01
-1.3254E-05,4.227E-01
-1.3248E-05,4.187E-01
-1.3248E-05,4.227E-01
-1.3242E-05,4.187E-01
-1.3242E-05,4.227E-01
-1.3236E-05,4.187E-01
-1.3236E-05,4.227E-01
-1.3230E-05,4.187E-01
-1.3230E-05,4.227E-01
-1.3224E-05,4.187E-01
-1.3224E-05,4.227E-01
-1.3218E-05,4.147E-01
-1.3218E-05,4.187E-01
-1.3212E-05,4.147E-01
-1.3212E-05,4.227E-01
-1.3206E-05,4.187E-01
-1.3206E-05,4.227E-01
-1.3200E-05,4.147E-01
-1.3200E-05,4.187E-01
-1.3194E-05,4.147E-01
-1.3194E-05,4.187E-01
-1.3188E-05,4.107E-01
-1.3188E-05,4.187E-01
-1.3182E-05,4.147E-01
-1.3182E-05,4.187E-01
-1.3176E-05,4.107E-01
-1.3176E-05,4.187E-01
-1.3170E-05,4.147E-01
-1.3170E-05,4.187E-01
-1.3164E-05,4.107E-01
-1.3164E-05,4.147E-01
-1.3158E-05,4.107E-01
-1.3158E-05,4.187E-01
-1.3152E-05,4.107E-01
-1.3152E-05,4.147E-01
-1.3146E-05,4.107E-01
-1.3146E-05,4.147E-01
-1.3140E-05,4.107E-01
-1.3140E-05,4.147E-01
-1.3134E-05,4.107E-01
-1.3134E-05,4.147E-01
-1.3128E-05,4.107E-01
-1.3128E-05,4.147E-01
-1.3122E-05,4.067E-01
-1.3122E-05,4.147E-01
-1.3116E-05,4.067E-01
-1.3116E-05,4.147E-01
-1.3110E-05,4.107E-01
-1.3110E-05,4.147E-01
-1.3104E-05,4.107E-01
-1.3104E-05,4.107E-01
-1.3098E-05,4.107E-01
-1.3098E-05,4.107E-01
-1.3092E-05,4.067E-01
-1.3092E-05,4.107E-01
-1.3086E-05,4.107E-01
-1.3086E-05,4.107E-01
-1.3080E-05,4.067E-01
-1.3080E-05,4.107E-01
-1.3074E-05,4.027E-01
-1.3074E-05,4.107E-01
-1.3068E-05,4.067E-01
-1.3068E-05,4.107E-01
-1.3062E-05,4.027E-01
-1.3062E-05,4.067E-01
-1.3056E-05,4.027E-01
-1.3056E-05,4.107E-01
-1.3050E-05,4.027E-01
-1.3050E-05,4.067E-01
-1.3044E-05,4.067E-01
-1.3044E-05,4.107E-01
-1.3038E-05,4.027E-01
-1.3038E-05,4.067E-01
-1.3032E-05,4.027E-01
-1.3032E-05,4.107E-01
-1.3026E-05,4.027E-01
-1.3026E-05,4.067E-01
-1.3020E-05,3.987E-01
-1.3020E-05,4.067E-01
-1.3014E-05,3.987E-01
-1.3014E-05,4.027E-01
-1.3008E-05,3.947E-01
-1.3008E-05,4.067E-01
-1.3002E-05,3.947E-01
-1.3002E-05,4.027E-01
-1.2996E-05,4.027E-01
-1.2996E-05,4.027E-01
-1.2990E-05,3.987E-01
-1.2990E-05,4.027E-01
-1.2984E-05,3.987E-01
-1.2984E-05,4.027E-01
-1.2978E-05,3.987E-01
-1.2978E-05,4.027E-01
-1.2972E-05,3.987E-01
-1.2972E-05,4.027E-01
-1.2966E-05,3.947E-01
-1.2966E-05,4.027E-01
-1.2960E-05,3.947E-01
-1.2960E-05,3.987E-01
-1.2954E-05,3.947E-01
-1.2954E-05,3.987E-01
-1.2948E-05,3.947E-01
-1.2948E-05,3.987E-01
-1.2942E-05,3.947E-01
-1.2942E-05,3.987E-01
-1.2936E-05,3.947E-01
-1.2936E-05,3.987E-01
-1.2930E-05,3.947E-01
-1.2930E-05,3.947E-01
-1.2924E-05,3.947E-01
-1.2924E-05,3.987E-01
-1.2918E-05,3.907E-01
-1.2918E-05,3.987E-01
-1.2912E-05,3.907E-01
-1.2912E-05,3.947E-01
-1.2906E-05,3.907E-01
-1.2906E-05,3.947E-01
-1.2900E-05,3.907E-01
-1.2900E-05,3.947E-01
-1.2894E-05,3.907E-01
-1.2894E-05,3.947E-01
-1.2888E-05,3.907E-01
-1.2888E-05,3.947E-01
-1.2882E-05,3.867E-01
-1.2882E-05,3.907E-01
-1.2876E-05,3.867E-01
-1.2876E-05,3.907E-01
-1.2870E-05,3.867E-01
-1.2870E-05,3.907E-01
-1.2864E-05,3.907E-01
-1.2864E-05,3.907E-01
-1.2858E-05,3.867E-01
-1.2858E-05,3.907E-01
-1.2852E-05,3.867E-01
-1.2852E-05,3.907E-01
-1.2846E-05,3.867E-01
-1.2846E-05,3.907E-01
-1.2840E-05,3.827E-01
-1.2840E-05,3.907E-01
-1.2834E-05,3.827E-01
-1.2834E-05,3.907E-01
-1.2828E-05,3.827E-01
-1.2828E-05,3.867E-01
-1.2822E-05,3.827E-01
-1.2822E-05,3.867E-01
-1.2816E-05,3.827E-01
-1.2816E-05,3.867E-01
-1.2810E-05,3.787E-01
-1.2810E-05,3.827E-01
-1.2804E-05,3.787E-01
-1.2804E-05,3.867E-01
-1.2798E-05,3.787E-01
-1.2798E-05,3.827E-01
-1.2792E-05,3.787E-01
-1.2792E-05,3.827E-01
-1.2786E-05,3.747E-01
-1.2786E-05,3.827E-01
-1.2780E-05,3.787E-01
-1.2780E-05,3.827E-01
-1.2774E-05,3.747E-01
-1.2774E-05,3.827E-01
-1.2768E-05,3.747E-01
-1.2768E-05,3.827E-01
-1.2762E-05,3.747E-01
-1.2762E-05,3.787E-01
-1.2756E-05,3.747E-01
-1.2756E-05,3.787E-01
-1.2750E-05,3.747E-01
-1.2750E-05,3.787E-01
-1.2744E-05,3.747E-01
-1.2744E-05,3.787E-01
-1.2738E-05,3.747E-01
-1.2738E-05,3.787E-01
-1.2732E-05,3.707E-01
-1.2732E-05,3.787E-01
-1.2726E-05,3.707E-01
-1.2726E-05,3.787E-01
-1.2720E-05,3.707E-01
-1.2720E-05,3.747E-01
-1.2714E-05,3.747E-01
-1.2714E-05,3.747E-01
-1.2708E-05,3.707E-01
-1.2708E-05,3.747E-01
-1.2702E-05,3.707E-01
-1.2702E-05,3.747E-01
-1.2696E-05,3.707E-01
-1.2696E-05,3.747E-01
-1.2690E-05,3.707E-01
-1.2690E-05,3.747E-01
-1.2684E-05,3.707E-01
-1.2684E-05,3.707E-01
-1.2678E-05,3.667E-01
-1.2678E-05,3.707E-01
-1.2672E-05,3.667E-01
-1.2672E-05,3.707E-01
-1.2666E-05,3.667E-01
-1.2666E-05,3.707E-01
-1.2660E-05,3.667E-01
-1.2660E-05,3.667E-01
-1.2654E-05,3.627E-01
-1.2654E-05,3.707E-01
-1.2648E-05,3.627E-01
-1.2648E-05,3.707E-01
-1.2642E-05,3.627E-01
-1.2642E-05,3.707E-01
-1.2636E-05,3.627E-01
-1.2636E-05,3.707E-01
-1.2630E-05,3.627E-01
-1.2630E-05,3.667E-01
-1.2624E-05,3.627E-01
-1.2624E-05,3.667E-01
-1.2618E-05,3.587E-01
-1.2618E-05,3.667E-01
-1.2612E-05,3.587E-01
-1.2612E-05,3.667E-01
-1.2606E-05,3.587E-01
-1.2606E-05,3.627E-01
-1.2600E-05,3.587E-01
-1.2600E-05,3.627E-01
-1.2594E-05,3.587E-01
-1.2594E-05,3.627E-01
-1.2588E-05,3.587E-01
-1.2588E-05,3.627E-01
-1.2582E-05,3.587E-01
-1.2582E-05,3.627E-01
-1.2576E-05,3.547E-01
-1.2576E-05,3.587E-01
-1.2570E-05,3.587E-01
-1.2570E-05,3.627E-01
-1.2564E-05,3.507E-01
-1.2564E-05,3.587E-01
-1.2558E-05,3.547E-01
-1.2558E-05,3.587E-01
-1.2552E-05,3.547E-01
-1.2552E-05,3.587E-01
-1.2546E-05,3.547E-01
-1.2546E-05,3.587E-01
-1.2540E-05,3.507E-01
-1.2540E-05,3.587E-01
-1.2534E-05,3.507E-01
-1.2534E-05,3.547E-01
-1.2528E-05,3.467E-01
-1.2528E-05,3.547E-01
-1.2522E-05,3.507E-01
-1.2522E-05,3.547E-01
-1.2516E-05,3.507E-01
-1.2516E-05,3.547E-01
-1.2510E-05,3.507E-01
-1.2510E-05,3.547E-01
-1.2504E-05,3.467E-01
-1.2504E-05,3.507E-01
-1.2498E-05,3.467E-01
-1.2498E-05,3.507E-01
-1.2492E-05,3.467E-01
-1.2492E-05,3.507E-01
-1.2486E-05,3.467E-01
-1.2486E-05,3.507E-01
-1.2480E-05,3.427E-01
-1.2480E-05,3.507E-01
-1.2474E-05,3.427E-01
-1.2474E-05,3.467E-01
-1.2468E-05,3.467E-01
-1.2468E-05,3.507E-01
-1.2462E-05,3.467E-01
-1.2462E-05,3.507E-01
-1.2456E-05,3.427E-01
-1.2456E-05,3.507E-01
-1.2450E-05,3.427E-01
-1.2450E-05,3.467E-01
-1.2444E-05,3.427E-01
-1.2444E-05,3.467E-01
-1.2438E-05,3.427E-01
-1.2438E-05,3.467E-01
-1.2432E-05,3.427E-01
-1.2432E-05,3.467E-01
-1.2426E-05,3.427E-01
-1.2426E-05,3.467E-01
-1.2420E-05,3.387E-01
-1.2420E-05,3.467E-01
-1.2414E-05,3.387E-01
-1.2414E-05,3.427E-01
-1.2408E-05,3.387E-01
-1.2408E-05,3.427E-01
-1.2402E-05,3.387E-01
-1.2402E-05,3.427E-01
-1.2396E-05,3.387E-01
-1.2396E-05,3.427E-01
-1.2390E-05,3.347E-01
-1.2390E-05,3.427E-01
-1.2384E-05,3.347E-01
-1.2384E-05,3.427E-01
-1.2378E-05,3.347E-01
-1.2378E-05,3.427E-01
-1.2372E-05,3.347E-01
-1.2372E-05,3.387E-01
-1.2366E-05,3.347E-01
-1.2366E-05,3.387E-01
-1.2360E-05,3.307E-01
-1.2360E-05,3.387E-01
-1.2354E-05,3.307E-01
-1.2354E-05,3.347E-01
-1.2348E-05,3.307E-01
-1.2348E-05,3.347E-01
-1.2342E-05,3.307E-01
-1.2342E-05,3.347E-01
-1.2336E-05,3.307E-01
-1.2336E-05,3.347E-01
-1.2330E-05,3.307E-01
-1.2330E-05,3.347E-01
-1.2324E-05,3.307E-01
-1.2324E-05,3.347E-01
-1.2318E-05,3.307E-01
-1.2318E-05,3.307E-01
-1.2312E-05,3.267E-01
-1.2312E-05,3.347E-01
-1.2306E-05,3.267E-01
-1.2306E-05,3.307E-01
-1.2300E-05,3.307E-01
-1.2300E-05,3.307E-01
-1.2294E-05,3.267E-01
-1.2294E-05,3.307E-01
-1.2288E-05,3.227E-01
-1.2288E-05,3.307E-01
-1.2282E-05,3.227E-01
-1.2282E-05,3.307E-01
-1.2276E-05,3.267E-01
-1.2276E-05,3.307E-01
-1.2270E-05,3.227E-01
-1.2270E-05,3.307E-01
-1.2264E-05,3.227E-01
-1.2264E-05,3.307E-01
-1.2258E-05,3.227E-01
-1.2258E-05,3.267E-01
-1.2252E-05,3.227E-01
-1.2252E-05,3.267E-01
-1.2246E-05,3.227E-01
-1.2246E-05,3.267E-01
-1.2240E-05,3.187E-01
-1.2240E-05,3.267E-01
-1.2234E-05,3.187E-01
-1.2234E-05,3.267E-01
-1.2228E-05,3.187E-01
-1.2228E-05,3.227E-01
-1.2222E-05,3.187E-01
-1.2222E-05,3.227E-01
-1.2216E-05,3.187E-01
-1.2216E-05,3.227E-01
-1.2210E-05,3.187E-01
-1.2210E-05,3.227E-01
-1.2204E-05,3.187E-01
-1.2204E-05,3.227E-01
-1.2198E-05,3.147E-01
-1.2198E-05,3.227E-01
-1.2192E-05,3.147E-01
-1.2192E-05,3.227E-01
-1.2186E-05,3.147E-01
-1.2186E-05,3.227E-01
-1.2180E-05,3.147E-01
-1.2180E-05,3.227E-01
-1.2174E-05,3.147E-01
-1.2174E-05,3.187E-01
-1.2168E-05,3.147E-01
-1.2168E-05,3.187E-01
-1.2162E-05,3.147E-01
-1.2162E-05,3.187E-01
-1.2156E-05,3.147E-01
-1.2156E-05,3.187E-01
-1.2150E-05,3.147E-01
-1.2150E-05,3.187E-01
-1.2144E-05,3.147E-01
-1.2144E-05,3.187E-01
-1.2138E-05,3.107E-01
-1.2138E-05,3.147E-01
-1.2132E-05,3.107E-01
-1.2132E-05,3.147E-01
-1.2126E-05,3.107E-01
-1.2126E-05,3.147E-01
-1.2120E-05,3.107E-01
-1.2120E-05,3.147E-01
-1.2114E-05,3.107E-01
-1.2114E-05,3.147E-01
-1.2108E-05,3.107E-01
-1.2108E-05,3.147E-01
-1.2102E-05,3.107E-01
-1.2102E-05,3.147E-01
-1.2096E-05,3.107E-01
-1.2096E-05,3.107E-01
-1.2090E-05,3.067E-01
-1.2090E-05,3.107E-01
-1.2084E-05,3.067E-01
-1.2084E-05,3.107E-01
-1.2078E-05,3.067E-01
-1.2078E-05,3.107E-01
-1.2072E-05,3.067E-01
-1.2072E-05,3.107E-01
-1.2066E-05,3.067E-01
-1.2066E-05,3.107E-01
-1.2060E-05,3.067E-01
-1.2060E-05,3.067E-01
-1.2054E-05,3.067E-01
-1.2054E-05,3.107E-01
-1.2048E-05,3.027E-01
-1.2048E-05,3.067E-01
-1.2042E-05,3.027E-01
-1.2042E-05,3.067E-01
-1.2036E-05,3.027E-01
-1.2036E-05,3.067E-01
-1.2030E-05,3.027E-01
-1.2030E-05,3.067E-01
-1.2024E-05,3.027E-01
-1.2024E-05,3.067E-01
-1.2018E-05,3.027E-01
-1.2018E-05,3.027E-01
-1.2012E-05,3.027E-01
-1.2012E-05,3.067E-01
-1.2006E-05,3.027E-01
-1.2006E-05,3.067E-01
-1.2000E-05,2.987E-01
-1.2000E-05,3.067E-01
-1.1994E-05,2.987E-01
-1.1994E-05,3.067E-01
-1.1988E-05,2.987E-01
-1.1988E-05,3.027E-01
-1.1982E-05,3.027E-01
-1.1982E-05,3.067E-01
-1.1976E-05,2.987E-01
-1.1976E-05,3.027E-01
-1.1970E-05,2.987E-01
-1.1970E-05,3.027E-01
-1.1964E-05,2.987E-01
-1.1964E-05,3.027E-01
-1.1958E-05,2.947E-01
-1.1958E-05,3.027E-01
-1.1952E-05,2.947E-01
-1.1952E-05,3.027E-01
-1.1946E-05,2.947E-01
-1.1946E-05,3.027E-01
-1.1940E-05,2.947E-01
-1.1940E-05,3.027E-01
-1.1934E-05,2.947E-01
-1.1934E-05,2.987E-01
-1.1928E-05,2.947E-01
-1.1928E-05,2.987E-01
-1.1922E-05,2.947E-01
-1.1922E-05,2.987E-01
-1.1916E-05,2.947E-01
-1.1916E-05,2.987E-01
-1.1910E-05,2.907E-01
-1.1910E-05,2.987E-01
-1.1904E-05,2.907E-01
-1.1904E-05,2.987E-01
-1.1898E-05,2.907E-01
-1.1898E-05,2.947E-01
-1.1892E-05,2.907E-01
-1.1892E-05,2.947E-01
-1.1886E-05,2.907E-01
-1.1886E-05,2.947E-01
-1.1880E-05,2.907E-01
-1.1880E-05,2.947E-01
-1.1874E-05,2.907E-01
-1.1874E-05,2.947E-01
-1.1868E-05,2.907E-01
-1.1868E-05,2.947E-01
-1.1862E-05,2.907E-01
-1.1862E-05,2.947E-01
-1.1856E-05,2.867E-01
-1.1856E-05,2.907E-01
-1.1850E-05,2.867E-01
-1.1850E-05,2.947E-01
-1.1844E-05,2.867E-01
-1.1844E-05,2.947E-01
-1.1838E-05,2.867E-01
-1.1838E-05,2.947E-01
-1.1832E-05,2.907E-01
-1.1832E-05,2.947E-01
-1.1826E-05,2.867E-01
-1.1826E-05,2.907E-01
-1.1820E-05,2.867E-01
-1.1820E-05,2.907E-01
-1.1814E-05,2.867E-01
-1.1814E-05,2.907E-01
-1.1808E-05,2.867E-01
-1.1808E-05,2.907E-01
-1.1802E-05,2.867E-01
-1.1802E-05,2.907E-01
-1.1796E-05,2.827E-01
-1.1796E-05,2.907E-01
-1.1790E-05,2.827E-01
-1.1790E-05,2.907E-01
-1.1784E-05,2.867E-01
-1.1784E-05,2.907E-01
-1.1778E-05,2.867E-01
-1.1778E-05,2.907E-01
-1.1772E-05,2.867E-01
-1.1772E-05,2.907E-01
-1.1766E-05,2.827E-01
-1.1766E-05,2.867E-01
-1.1760E-05,2.827E-01
-1.1760E-05,2.907E-01
-1.1754E-05,2.827E-01
-1.1754E-05,2.867E-01
-1.1748E-05,2.827E-01
-1.1748E-05,2.867E-01
-1.1742E-05,2.867E-01
-1.1742E-05,2.907E-01
-1.1736E-05,2.827E-01
-1.1736E-05,2.867E-01
-1.1730E-05,2.827E-01
-1.1730E-05,2.867E-01
-1.1724E-05,2.827E-01
-1.1724E-05,2.867E-01
-1.1718E-05,2.827E-01
-1.1718E-05,2.827E-01
-1.1712E-05,2.827E-01
-1.1712E-05,2.827E-01
-1.1706E-05,2.827E-01
-1.1706E-05,2.867E-01
-1.1700E-05,2.787E-01
-1.1700E-05,2.827E-01
-1.1694E-05,2.787E-01
-1.1694E-05,2.867E-01
-1.1688E-05,2.787E-01
-1.1688E-05,2.827E-01
-1.1682E-05,2.787E-01
-1.1682E-05,2.827E-01
-1.1676E-05,2.787E-01
-1.1676E-05,2.827E-01
-1.1670E-05,2.787E-01
-1.1670E-05,2.827E-01
-1.1664E-05,2.787E-01
-1.1664E-05,2.827E-01
-1.1658E-05,2.787E-01
-1.1658E-05,2.827E-01
-1.1652E-05,2.787E-01
-1.1652E-05,2.827E-01
-1.1646E-05,2.787E-01
-1.1646E-05,2.827E-01
-1.1640E-05,2.747E-01
-1.1640E-05,2.827E-01
-1.1634E-05,2.787E-01
-1.1634E-05,2.827E-01
-1.1628E-05,2.747E-01
-1.1628E-05,2.827E-01
-1.1622E-05,2.747E-01
-1.1622E-05,2.827E-01
-1.1616E-05,2.747E-01
-1.1616E-05,2.827E-01
-1.1610E-05,2.747E-01
-1.1610E-05,2.827E-01
-1.1604E-05,2.747E-01
-1.1604E-05,2.787E-01
-1.1598E-05,2.747E-01
-1.1598E-05,2.787E-01
-1.1592E-05,2.747E-01
-1.1592E-05,2.787E-01
-1.1586E-05,2.747E-01
-1.1586E-05,2.787E-01
-1.1580E-05,2.787E-01
-1.1580E-05,2.827E-01
-1.1574E-05,2.747E-01
-1.1574E-05,2.787E-01
-1.1568E-05,2.747E-01
-1.1568E-05,2.787E-01
-1.1562E-05,2.747E-01
-1.1562E-05,2.787E-01
-1.1556E-05,2.747E-01
-1.1556E-05,2.787E-01
-1.1550E-05,2.747E-01
-1.1550E-05,2.787E-01
-1.1544E-05,2.747E-01
-1.1544E-05,2.787E-01
-1.1538E-05,2.747E-01
-1.1538E-05,2.747E-01
-1.1532E-05,2.747E-01
-1.1532E-05,2.787E-01
-1.1526E-05,2.747E-01
-1.1526E-05,2.787E-01
-1.1520E-05,2.747E-01
-1.1520E-05,2.787E-01
-1.1514E-05,2.747E-01
-1.1514E-05,2.787E-01
-1.1508E-05,2.747E-01
-1.1508E-05,2.787E-01
-1.1502E-05,2.747E-01
-1.1502E-05,2.747E-01
-1.1496E-05,2.707E-01
-1.1496E-05,2.787E-01
-1.1490E-05,2.707E-01
-1.1490E-05,2.747E-01
-1.1484E-05,2.707E-01
-1.1484E-05,2.787E-01
-1.1478E-05,2.707E-01
-1.1478E-05,2.787E-01
-1.1472E-05,2.707E-01
-1.1472E-05,2.787E-01
-1.1466E-05,2.707E-01
-1.1466E-05,2.747E-01
-1.1460E-05,2.747E-01
-1.1460E-05,2.787E-01
-1.1454E-05,2.707E-01
-1.1454E-05,2.787E-01
-1.1448E-05,2.707E-01
-1.1448E-05,2.787E-01
-1.1442E-05,2.707E-01
-1.1442E-05,2.787E-01
-1.1436E-05,2.707E-01
-1.1436E-05,2.747E-01
-1.1430E-05,2.707E-01
-1.1430E-05,2.747E-01
-1.1424E-05,2.707E-01
-1.1424E-05,2.747E-01
-1.1418E-05,2.707E-01
-1.1418E-05,2.747E-01
-1.1412E-05,2.747E-01
-1.1412E-05,2.747E-01
-1.1406E-05,2.747E-01
-1.1406E-05,2.747E-01
-1.1400E-05,2.707E-01
-1.1400E-05,2.747E-01
-1.1394E-05,2.707E-01
-1.1394E-05,2.747E-01
-1.1388E-05,2.707E-01
-1.1388E-05,2.747E-01
-1.1382E-05,2.707E-01
-1.1382E-05,2.787E-01
-1.1376E-05,2.707E-01
-1.1376E-05,2.747E-01
-1.1370E-05,2.707E-01
-1.1370E-05,2.747E-01
-1.1364E-05,2.707E-01
-1.1364E-05,2.747E-01
-1.1358E-05,2.707E-01
-1.1358E-05,2.747E-01
-1.1352E-05,2.707E-01
-1.1352E-05,2.747E-01
-1.1346E-05,2.707E-01
-1.1346E-05,2.787E-01
-1.1340E-05,2.707E-01
-1.1340E-05,2.787E-01
-1.1334E-05,2.707E-01
-1.1334E-05,2.747E-01
-1.1328E-05,2.707E-01
-1.1328E-05,2.747E-01
-1.1322E-05,2.707E-01
-1.1322E-05,2.747E-01
-1.1316E-05,2.707E-01
-1.1316E-05,2.747E-01
-1.1310E-05,2.707E-01
-1.1310E-05,2.747E-01
-1.1304E-05,2.707E-01
-1.1304E-05,2.747E-01
-1.1298E-05,2.707E-01
-1.1298E-05,2.747E-01
-1.1292E-05,2.707E-01
-1.1292E-05,2.747E-01
-1.1286E-05,2.707E-01
-1.1286E-05,2.747E-01
-1.1280E-05,2.707E-01
-1.1280E-05,2.747E-01
-1.1274E-05,2.707E-01
-1.1274E-05,2.747E-01
-1.1268E-05,2.707E-01
-1.1268E-05,2.747E-01
-1.1262E-05,2.707E-01
-1.1262E-05,2.747E-01
-1.1256E-05,2.707E-01
-1.1256E-05,2.747E-01
-1.1250E-05,2.707E-01
-1.1250E-05,2.747E-01
-1.1244E-05,2.707E-01
-1.1244E-05,2.747E-01
-1.1238E-05,2.707E-01
-1.1238E-05,2.787E-01
-1.1232E-05,2.707E-01
-1.1232E-05,2.747E-01
-1.1226E-05,2.707E-01
-1.1226E-05,2.747E-01
-1.1220E-05,2.707E-01
-1.1220E-05,2.747E-01
-1.1214E-05,2.707E-01
-1.1214E-05,2.747E-01
-1.1208E-05,2.707E-01
-1.1208E-05,2.747E-01
-1.1202E-05,2.747E-01
-1.1202E-05,2.747E-01
-1.1196E-05,2.707E-01
-1.1196E-05,2.787E-01
-1.1190E-05,2.707E-01
-1.1190E-05,2.787E-01
-1.1184E-05,2.707E-01
-1.1184E-05,2.787E-01
-1.1178E-05,2.707E-01
-1.1178E-05,2.787E-01
-1.1172E-05,2.707E-01
-1.1172E-05,2.747E-01
-1.1166E-05,2.707E-01
-1.1166E-05,2.747E-01
-1.1160E-05,2.747E-01
-1.1160E-05,2.787E-01
-1.1154E-05,2.707E-01
-1.1154E-05,2.747E-01
-1.1148E-05,2.707E-01
-1.1148E-05,2.787E-01
-1.1142E-05,2.707E-01
-1.1142E-05,2.787E-01
-1.1136E-05,2.707E-01
-1.1136E-05,2.787E-01
-1.1130E-05,2.707E-01
-1.1130E-05,2.747E-01
-1.1124E-05,2.707E-01
-1.1124E-05,2.787E-01
-1.1118E-05,2.707E-01
-1.1118E-05,2.787E-01
-1.1112E-05,2.707E-01
-1.1112E-05,2.747E-01
-1.1106E-05,2.707E-01
-1.1106E-05,2.747E-01
-1.1100E-05,2.747E-01
-1.1100E-05,2.787E-01
-1.1094E-05,2.747E-01
-1.1094E-05,2.787E-01
-1.1088E-05,2.747E-01
-1.1088E-05,2.787E-01
-1.1082E-05,2.747E-01
-1.1082E-05,2.787E-01
-1.1076E-05,2.747E-01
-1.1076E-05,2.787E-01
-1.1070E-05,2.747E-01
-1.1070E-05,2.787E-01
-1.1064E-05,2.747E-01
-1.1064E-05,2.787E-01
-1.1058E-05,2.747E-01
-1.1058E-05,2.787E-01
-1.1052E-05,2.747E-01
-1.1052E-05,2.787E-01
-1.1046E-05,2.747E-01
-1.1046E-05,2.787E-01
-1.1040E-05,2.747E-01
-1.1040E-05,2.787E-01
-1.1034E-05,2.747E-01
-1.1034E-05,2.787E-01
-1.1028E-05,2.787E-01
-1.1028E-05,2.827E-01
-1.1022E-05,2.747E-01
-1.1022E-05,2.827E-01
-1.1016E-05,2.747E-01
-1.1016E-05,2.827E-01
-1.1010E-05,2.747E-01
-1.1010E-05,2.827E-01
-1.1004E-05,2.787E-01
-1.1004E-05,2.787E-01
-1.0998E-05,2.747E-01
-1.0998E-05,2.827E-01
-1.0992E-05,2.787E-01
-1.0992E-05,2.827E-01
-1.0986E-05,2.787E-01
-1.0986E-05,2.827E-01
-1.0980E-05,2.787E-01
-1.0980E-05,2.787E-01
-1.0974E-05,2.787E-01
-1.0974E-05,2.827E-01
-1.0968E-05,2.787E-01
-1.0968E-05,2.827E-01
-1.0962E-05,2.787E-01
-1.0962E-05,2.827E-01
-1.0956E-05,2.787E-01
-1.0956E-05,2.827E-01
-1.0950E-05,2.787E-01
-1.0950E-05,2.827E-01
-1.0944E-05,2.827E-01
-1.0944E-05,2.827E-01
-1.0938E-05,2.787E-01
-1.0938E-05,2.827E-01
-1.0932E-05,2.787E-01
-1.0932E-05,2.867E-01
-1.0926E-05,2.787E-01
-1.0926E-05,2.867E-01
-1.0920E-05,2.787E-01
-1.0920E-05,2.867E-01
-1.0914E-05,2.827E-01
-1.0914E-05,2.867E-01
-1.0908E-05,2.827E-01
-1.0908E-05,2.867E-01
-1.0902E-05,2.827E-01
-1.0902E-05,2.867E-01
-1.0896E-05,2.827E-01
-1.0896E-05,2.867E-01
-1.0890E-05,2.827E-01
-1.0890E-05,2.867E-01
-1.0884E-05,2.827E-01
-1.0884E-05,2.867E-01
-1.0878E-05,2.827E-01
-1.0878E-05,2.867E-01
-1.0872E-05,2.827E-01
-1.0872E-05,2.867E-01
-1.0866E-05,2.827E-01
-1.0866E-05,2.867E-01
-1.0860E-05,2.867E-01
-1.0860E-05,2.867E-01
-1.0854E-05,2.827E-01
-1.0854E-05,2.867E-01
-1.0848E-05,2.867E-01
-1.0848E-05,2.907E-01
-1.0842E-05,2.867E-01
-1.0842E-05,2.907E-01
-1.0836E-05,2.867E-01
-1.0836E-05,2.907E-01
-1.0830E-05,2.867E-01
-1.0830E-05,2.907E-01
-1.0824E-05,2.867E-01
-1.0824E-05,2.907E-01
-1.0818E-05,2.867E-01
-1.0818E-05,2.907E-01
-1.0812E-05,2.827E-01
-1.0812E-05,2.907E-01
-1.0806E-05,2.827E-01
-1.0806E-05,2.907E-01
-1.0800E-05,2.867E-01
-1.0800E-05,2.907E-01
-1.0794E-05,2.867E-01
-1.0794E-05,2.907E-01
-1.0788E-05,2.827E-01
-1.0788E-05,2.907E-01
-1.0782E-05,2.907E-01
-1.0782E-05,2.947E-01
-1.0776E-05,2.907E-01
-1.0776E-05,2.907E-01
-1.0770E-05,2.907E-01
-1.0770E-05,2.947E-01
-1.0764E-05,2.867E-01
-1.0764E-05,2.987E-01
-1.0758E-05,2.907E-01
-1.0758E-05,2.987E-01
-1.0752E-05,2.907E-01
-1.0752E-05,2.907E-01
-1.0746E-05,2.907E-01
-1.0746E-05,2.907E-01
-1.0740E-05,2.907E-01
-1.0740E-05,2.947E-01
-1.0734E-05,2.907E-01
-1.0734E-05,2.947E-01
-1.0728E-05,2.907E-01
-1.0728E-05,2.947E-01
-1.0722E-05,2.907E-01
-1.0722E-05,2.947E-01
-1.0716E-05,2.947E-01
-1.0716E-05,2.987E-01
-1.0710E-05,2.907E-01
-1.0710E-05,2.987E-01
-1.0704E-05,2.947E-01
-1.0704E-05,2.987E-01
-1.0698E-05,2.947E-01
-1.0698E-05,2.987E-01
-1.0692E-05,2.947E-01
-1.0692E-05,2.987E-01
-1.0686E-05,2.947E-01
-1.0686E-05,2.987E-01
-1.0680E-05,2.947E-01
-1.0680E-05,3.027E-01
-1.0674E-05,2.987E-01
-1.0674E-05,3.027E-01
-1.0668E-05,2.987E-01
-1.0668E-05,2.987E-01
-1.0662E-05,2.987E-01
-1.0662E-05,3.027E-01
-1.0656E-05,2.987E-01
-1.0656E-05,3.027E-01
-1.0650E-05,2.987E-01
-1.0650E-05,3.027E-01
-1.0644E-05,2.987E-01
-1.0644E-05,3.027E-01
-1.0638E-05,2.987E-01
-1.0638E-05,3.027E-01
-1.0632E-05,2.987E-01
-1.0632E-05,3.027E-01
-1.0626E-05,2.987E-01
-1.0626E-05,3.027E-01
-1.0620E-05,2.987E-01
-1.0620E-05,3.027E-01
-1.0614E-05,2.987E-01
-1.0614E-05,3.067E-01
-1.0608E-05,3.027E-01
-1.0608E-05,3.067E-01
-1.0602E-05,3.027E-01
-1.0602E-05,3.067E-01
-1.0596E-05,3.027E-01
-1.0596E-05,3.027E-01
-1.0590E-05,3.027E-01
-1.0590E-05,3.067E-01
-1.0584E-05,3.027E-01
-1.0584E-05,3.067E-01
-1.0578E-05,3.027E-01
-1.0578E-05,3.067E-01
-1.0572E-05,3.027E-01
-1.0572E-05,3.067E-01
-1.0566E-05,3.067E-01
-1.0566E-05,3.107E-01
-1.0560E-05,3.067E-01
-1.0560E-05,3.107E-01
-1.0554E-05,3.067E-01
-1.0554E-05,3.107E-01
-1.0548E-05,3.067E-01
-1.0548E-05,3.107E-01
-1.0542E-05,3.067E-01
-1.0542E-05,3.107E-01
-1.0536E-05,3.107E-01
-1.0536E-05,3.107E-01
-1.0530E-05,3.067E-01
-1.0530E-05,3.107E-01
-1.0524E-05,3.067E-01
-1.0524E-05,3.107E-01
-1.0518E-05,3.067E-01
-1.0518E-05,3.107E-01
-1.0512E-05,3.107E-01
-1.0512E-05,3.147E-01
-1.0506E-05,3.107E-01
-1.0506E-05,3.147E-01
-1.0500E-05,3.067E-01
-1.0500E-05,3.147E-01
-1.0494E-05,3.067E-01
-1.0494E-05,3.147E-01
-1.0488E-05,3.107E-01
-1.0488E-05,3.147E-01
-1.0482E-05,3.107E-01
-1.0482E-05,3.147E-01
-1.0476E-05,3.147E-01
-1.0476E-05,3.187E-01
-1.0470E-05,3.107E-01
-1.0470E-05,3.187E-01
-1.0464E-05,3.147E-01
-1.0464E-05,3.187E-01
-1.0458E-05,3.147E-01
-1.0458E-05,3.187E-01
-1.0452E-05,3.147E-01
-1.0452E-05,3.187E-01
-1.0446E-05,3.147E-01
-1.0446E-05,3.187E-01
-1.0440E-05,3.147E-01
-1.0440E-05,3.187E-01
-1.0434E-05,3.147E-01
-1.0434E-05,3.227E-01
-1.0428E-05,3.187E-01
-1.0428E-05,3.227E-01
-1.0422E-05,3.187E-01
-1.0422E-05,3.227E-01
-1.0416E-05,3.187E-01
-1.0416E-05,3.187E-01
-1.0410E-05,3.187E-01
-1.0410E-05,3.227E-01
-1.0404E-05,3.187E-01
-1.0404E-05,3.227E-01
-1.0398E-05,3.187E-01
-1.0398E-05,3.227E-01
-1.0392E-05,3.187E-01
-1.0392E-05,3.267E-01
-1.0386E-05,3.187E-01
-1.0386E-05,3.227E-01
-1.0380E-05,3.227E-01
-1.0380E-05,3.267E-01
-1.0374E-05,3.227E-01
-1.0374E-05,3.267E-01
-1.0368E-05,3.227E-01
-1.0368E-05,3.267E-01
-1.0362E-05,3.227E-01
-1.0362E-05,3.267E-01
-1.0356E-05,3.227E-01
-1.0356E-05,3.267E-01
-1.0350E-05,3.267E-01
-1.0350E-05,3.267E-01
-1.0344E-05,3.267E-01
-1.0344E-05,3.307E-01
-1.0338E-05,3.267E-01
-1.0338E-05,3.307E-01
-1.0332E-05,3.267E-01
-1.0332E-05,3.307E-01
-1.0326E-05,3.267E-01
-1.0326E-05,3.307E-01
-1.0320E-05,3.307E-01
-1.0320E-05,3.307E-01
-1.0314E-05,3.307E-01
-1.0314E-05,3.307E-01
-1.0308E-05,3.307E-01
-1.0308E-05,3.347E-01
-1.0302E-05,3.307E-01
-1.0302E-05,3.347E-01
-1.0296E-05,3.307E-01
-1.0296E-05,3.347E-01
-1.0290E-05,3.307E-01
-1.0290E-05,3.347E-01
-1.0284E-05,3.307E-01
-1.0284E-05,3.347E-01
-1.0278E-05,3.347E-01
-1.0278E-05,3.347E-01
-1.0272E-05,3.307E-01
-1.0272E-05,3.347E-01
-1.0266E-05,3.307E-01
-1.0266E-05,3.387E-01
-1.0260E-05,3.347E-01
-1.0260E-05,3.387E-01
-1.0254E-05,3.347E-01
-1.0254E-05,3.387E-01
-1.0248E-05,3.347E-01
-1.0248E-05,3.387E-01
-1.0242E-05,3.347E-01
-1.0242E-05,3.387E-01
-1.0236E-05,3.347E-01
-1.0236E-05,3.387E-01
-1.0230E-05,3.347E-01
-1.0230E-05,3.467E-01
-1.0224E-05,3.347E-01
-1.0224E-05,3.427E-01
-1.0218E-05,3.387E-01
-1.0218E-05,3.427E-01
-1.0212E-05,3.387E-01
-1.0212E-05,3.467E-01
-1.0206E-05,3.387E-01
-1.0206E-05,3.427E-01
-1.0200E-05,3.387E-01
-1.0200E-05,3.467E-01
-1.0194E-05,3.427E-01
-1.0194E-05,3.467E-01
-1.0188E-05,3.427E-01
-1.0188E-05,3.467E-01
-1.0182E-05,3.427E-01
-1.0182E-05,3.467E-01
-1.0176E-05,3.427E-01
-1.0176E-05,3.467E-01
-1.0170E-05,3.427E-01
-1.0170E-05,3.467E-01
-1.0164E-05,3.427E-01
-1.0164E-05,3.467E-01
-1.0158E-05,3.427E-01
-1.0158E-05,3.467E-01
-1.0152E-05,3.427E-01
-1.0152E-05,3.507E-01
-1.0146E-05,3.427E-01
-1.0146E-05,3.507E-01
-1.0140E-05,3.467E-01
-1.0140E-05,3.507E-01
-1.0134E-05,3.467E-01
-1.0134E-05,3.507E-01
-1.0128E-05,3.467E-01
-1.0128E-05,3.507E-01
-1.0122E-05,3.467E-01
-1.0122E-05,3.507E-01
-1.0116E-05,3.467E-01
-1.0116E-05,3.547E-01
-1.0110E-05,3.467E-01
-1.0110E-05,3.547E-01
-1.0104E-05,3.467E-01
-1.0104E-05,3.547E-01
-1.0098E-05,3.507E-01
-1.0098E-05,3.547E-01
-1.0092E-05,3.507E-01
-1.0092E-05,3.547E-01
-1.0086E-05,3.507E-01
-1.0086E-05,3.587E-01
-1.0080E-05,3.547E-01
-1.0080E-05,3.587E-01
-1.0074E-05,3.507E-01
-1.0074E-05,3.587E-01
-1.0068E-05,3.547E-01
-1.0068E-05,3.587E-01
-1.0062E-05,3.547E-01
-1.0062E-05,3.587E-01
-1.0056E-05,3.547E-01
-1.0056E-05,3.587E-01
-1.0050E-05,3.547E-01
-1.0050E-05,3.587E-01
-1.0044E-05,3.547E-01
-1.0044E-05,3.587E-01
-1.0038E-05,3.587E-01
-1.0038E-05,3.627E-01
-1.0032E-05,3.587E-01
-1.0032E-05,3.627E-01
-1.0026E-05,3.587E-01
-1.0026E-05,3.627E-01
-1.0020E-05,3.587E-01
-1.0020E-05,3.667E-01
-1.0014E-05,3.627E-01
-1.0014E-05,3.667E-01
-1.0008E-05,3.587E-01
-1.0008E-05,3.627E-01
-1.0002E-05,3.587E-01
-1.0002E-05,3.627E-01
-9.9960E-06,3.587E-01
-9.9960E-06,3.667E-01
-9.9900E-06,3.627E-01
-9.9900E-06,3.707E-01
-9.9840E-06,3.667E-01
-9.9840E-06,3.707E-01
-9.9780E-06,3.587E-01
-9.9780E-06,3.667E-01
-9.9720E-06,3.667E-01
-9.9720E-06,3.707E-01
-9.9660E-06,3.667E-01
-9.9660E-06,3.707E-01
-9.9600E-06,3.667E-01
-9.9600E-06,3.707E-01
-9.9540E-06,3.667E-01
-9.9540E-06,3.707E-01
-9.9480E-06,3.667E-01
-9.9480E-06,3.707E-01
-9.9420E-06,3.667E-01
-9.9420E-06,3.747E-01
-9.9360E-06,3.707E-01
-9.9360E-06,3.707E-01
-9.9300E-06,3.707E-01
-9.9300E-06,3.707E-01
-9.9240E-06,3.707E-01
-9.9240E-06,3.747E-01
-9.9180E-06,3.707E-01
-9.9180E-06,3.747E-01
-9.9120E-06,3.707E-01
-9.9120E-06,3.747E-01
-9.9060E-06,3.707E-01
-9.9060E-06,3.747E-01
-9.9000E-06,3.707E-01
-9.9000E-06,3.747E-01
-9.8940E-06,3.707E-01
-9.8940E-06,3.787E-01
-9.8880E-06,3.707E-01
-9.8880E-06,3.787E-01
-9.8820E-06,3.707E-01
-9.8820E-06,3.747E-01
-9.8760E-06,3.747E-01
-9.8760E-06,3.787E-01
-9.8700E-06,3.747E-01
-9.8700E-06,3.787E-01
-9.8640E-06,3.747E-01
-9.8640E-06,3.827E-01
-9.8580E-06,3.747E-01
-9.8580E-06,3.827E-01
-9.8520E-06,3.787E-01
-9.8520E-06,3.827E-01
-9.8460E-06,3.747E-01
-9.8460E-06,3.787E-01
-9.8400E-06,3.787E-01
-9.8400E-06,3.827E-01
-9.8340E-06,3.787E-01
-9.8340E-06,3.827E-01
-9.8280E-06,3.787E-01
-9.8280E-06,3.827E-01
-9.8220E-06,3.787E-01
-9.8220E-06,3.827E-01
-9.8160E-06,3.787E-01
-9.8160E-06,3.827E-01
-9.8100E-06,3.787E-01
-9.8100E-06,3.827E-01
-9.8040E-06,3.787E-01
-9.8040E-06,3.827E-01
-9.7980E-06,3.787E-01
-9.7980E-06,3.827E-01
-9.7920E-06,3.827E-01
-9.7920E-06,3.867E-01
-9.7860E-06,3.827E-01
-9.7860E-06,3.867E-01
-9.7800E-06,3.827E-01
-9.7800E-06,3.867E-01
-9.7740E-06,3.827E-01
-9.7740E-06,3.907E-01
-9.7680E-06,3.867E-01
-9.7680E-06,3.867E-01
-9.7620E-06,3.827E-01
-9.7620E-06,3.907E-01
-9.7560E-06,3.827E-01
-9.7560E-06,3.947E-01
-9.7500E-06,3.867E-01
-9.7500E-06,3.907E-01
-9.7440E-06,3.867E-01
-9.7440E-06,3.907E-01
-9.7380E-06,3.907E-01
-9.7380E-06,3.907E-01
-9.7320E-06,3.907E-01
-9.7320E-06,3.947E-01
-9.7260E-06,3.907E-01
-9.7260E-06,3.947E-01
-9.7200E-06,3.907E-01
-9.7200E-06,3.947E-01
-9.7140E-06,3.907E-01
-9.7140E-06,3.987E-01
-9.7080E-06,3.907E-01
-9.7080E-06,3.987E-01
-9.7020E-06,3.907E-01
-9.7020E-06,3.987E-01
-9.6960E-06,3.947E-01
-9.6960E-06,3.987E-01
-9.6900E-06,3.907E-01
-9.6900E-06,3.987E-01
-9.6840E-06,3.907E-01
-9.6840E-06,3.987E-01
-9.6780E-06,3.947E-01
-9.6780E-06,3.987E-01
-9.6720E-06,3.947E-01
-9.6720E-06,4.027E-01
-9.6660E-06,3.947E-01
-9.6660E-06,4.027E-01
-9.6600E-06,3.987E-01
-9.6600E-06,3.987E-01
-9.6540E-06,3.947E-01
-9.6540E-06,4.027E-01
-9.6480E-06,3.947E-01
-9.6480E-06,4.027E-01
-9.6420E-06,3.947E-01
-9.6420E-06,4.027E-01
-9.6360E-06,3.987E-01
-9.6360E-06,4.027E-01
-9.6300E-06,4.027E-01
-9.6300E-06,4.067E-01
-9.6240E-06,3.987E-01
-9.6240E-06,4.067E-01
-9.6180E-06,3.987E-01
-9.6180E-06,4.067E-01
-9.6120E-06,3.987E-01
-9.6120E-06,4.067E-01
-9.6060E-06,3.987E-01
-9.6060E-06,4.067E-01
-9.6000E-06,4.027E-01
-9.6000E-06,4.067E-01
-9.5940E-06,3.987E-01
-9.5940E-06,4.067E-01
-9.5880E-06,4.027E-01
-9.5880E-06,4.067E-01
-9.5820E-06,3.987E-01
-9.5820E-06,4.067E-01
-9.5760E-06,3.987E-01
-9.5760E-06,4.067E-01
-9.5700E-06,4.027E-01
-9.5700E-06,4.067E-01
-9.5640E-06,4.027E-01
-9.5640E-06,4.067E-01
-9.5580E-06,4.027E-01
-9.5580E-06,4.067E-01
-9.5520E-06,4.067E-01
-9.5520E-06,4.107E-01
-9.5460E-06,4.067E-01
-9.5460E-06,4.107E-01
-9.5400E-06,4.067E-01
-9.5400E-06,4.107E-01
-9.5340E-06,4.107E-01
-9.5340E-06,4.107E-01
-9.5280E-06,4.027E-01
-9.5280E-06,4.107E-01
-9.5220E-06,4.027E-01
-9.5220E-06,4.147E-01
-9.5160E-06,4.067E-01
-9.5160E-06,4.107E-01
-9.5100E-06,4.107E-01
-9.5100E-06,4.147E-01
-9.5040E-06,4.107E-01
-9.5040E-06,4.147E-01
-9.4980E-06,4.107E-01
-9.4980E-06,4.147E-01
-9.4920E-06,4.107E-01
-9.4920E-06,4.147E-01
-9.4860E-06,4.107E-01
-9.4860E-06,4.147E-01
-9.4800E-06,4.107E-01
-9.4800E-06,4.147E-01
-9.4740E-06,4.107E-01
-9.4740E-06,4.147E-01
-9.4680E-06,4.107E-01
-9.4680E-06,4.187E-01
-9.4620E-06,4.147E-01
-9.4620E-06,4.187E-01
-9.4560E-06,4.147E-01
-9.4560E-06,4.187E-01
-9.4500E-06,4.187E-01
-9.4500E-06,4.187E-01
-9.4440E-06,4.147E-01
-9.4440E-06,4.187E-01
-9.4380E-06,4.187E-01
-9.4380E-06,4.187E-01
-9.4320E-06,4.187E-01
-9.4320E-06,4.227E-01
-9.4260E-06,4.147E-01
-9.4260E-06,4.187E-01
-9.4200E-06,4.147E-01
-9.4200E-06,4.187E-01
-9.4140E-06,4.187E-01
-9.4140E-06,4.187E-01
-9.4080E-06,4.147E-01
-9.4080E-06,4.227E-01
-9.4020E-06,4.147E-01
-9.4020E-06,4.227E-01
-9.3960E-06,4.147E-01
-9.3960E-06,4.227E-01
-9.3900E-06,4.187E-01
-9.3900E-06,4.227E-01
-9.3840E-06,4.187E-01
-9.3840E-06,4.227E-01
-9.3780E-06,4.187E-01
-9.3780E-06,4.227E-01
-9.3720E-06,4.187E-01
-9.3720E-06,4.227E-01
-9.3660E-06,4.187E-01
-9.3660E-06,4.227E-01
-9.3600E-06,4.187E-01
-9.3600E-06,4.267E-01
-9.3540E-06,4.187E-01
-9.3540E-06,4.227E-01
-9.3480E-06,4.227E-01
-9.3480E-06,4.227E-01
-9.3420E-06,4.227E-01
-9.3420E-06,4.267E-01
-9.3360E-06,4.187E-01
-9.3360E-06,4.227E-01
-9.3300E-06,4.187E-01
-9.3300E-06,4.267E-01
-9.3240E-06,4.187E-01
-9.3240E-06,4.267E-01
-9.3180E-06,4.227E-01
-9.3180E-06,4.307E-01
-9.3120E-06,4.227E-01
-9.3120E-06,4.267E-01
-9.3060E-06,4.227E-01
-9.3060E-06,4.307E-01
-9.3000E-06,4.227E-01
-9.3000E-06,4.307E-01
-9.2940E-06,4.227E-01
-9.2940E-06,4.267E-01
-9.2880E-06,4.227E-01
-9.2880E-06,4.307E-01
-9.2820E-06,4.227E-01
-9.2820E-06,4.307E-01
-9.2760E-06,4.267E-01
-9.2760E-06,4.307E-01
-9.2700E-06,4.267E-01
-9.2700E-06,4.307E-01
-9.2640E-06,4.267E-01
-9.2640E-06,4.307E-01
-9.2580E-06,4.267E-01
-9.2580E-06,4.307E-01
-9.2520E-06,4.267E-01
-9.2520E-06,4.307E-01
-9.2460E-06,4.267E-01
-9.2460E-06,4.267E-01
-9.2400E-06,4.267E-01
-9.2400E-06,4.347E-01
-9.2340E-06,4.267E-01
-9.2340E-06,4.307E-01
-9.2280E-06,4.267E-01
-9.2280E-06,4.307E-01
-9.2220E-06,4.267E-01
-9.2220E-06,4.307E-01
-9.2160E-06,4.267E-01
-9.2160E-06,4.307E-01
-9.2100E-06,4.307E-01
-9.2100E-06,4.307E-01
-9.2040E-06,4.307E-01
-9.2040E-06,4.307E-01
-9.1980E-06,4.307E-01
-9.1980E-06,4.347E-01
-9.1920E-06,4.307E-01
-9.1920E-06,4.347E-01
-9.1860E-06,4.307E-01
-9.1860E-06,4.347E-01
-9.1800E-06,4.307E-01
-9.1800E-06,4.347E-01
-9.1740E-06,4.307E-01
-9.1740E-06,4.347E-01
-9.1680E-06,4.307E-01
-9.1680E-06,4.347E-01
-9.1620E-06,4.307E-01
-9.1620E-06,4.347E-01
-9.1560E-06,4.307E-01
-9.1560E-06,4.347E-01
-9.1500E-06,4.307E-01
-9.1500E-06,4.387E-01
-9.1440E-06,4.307E-01
-9.1440E-06,4.347E-01
-9.1380E-06,4.307E-01
-9.1380E-06,4.347E-01
-9.1320E-06,4.307E-01
-9.1320E-06,4.387E-01
-9.1260E-06,4.347E-01
-9.1260E-06,4.387E-01
-9.1200E-06,4.347E-01
-9.1200E-06,4.387E-01
-9.1140E-06,4.347E-01
-9.1140E-06,4.387E-01
-9.1080E-06,4.347E-01
-9.1080E-06,4.387E-01
-9.1020E-06,4.307E-01
-9.1020E-06,4.387E-01
-9.0960E-06,4.307E-01
-9.0960E-06,4.387E-01
-9.0900E-06,4.347E-01
-9.0900E-06,4.387E-01
-9.0840E-06,4.347E-01
-9.0840E-06,4.387E-01
-9.0780E-06,4.307E-01
-9.0780E-06,4.347E-01
-9.0720E-06,4.347E-01
-9.0720E-06,4.387E-01
-9.0660E-06,4.347E-01
-9.0660E-06,4.387E-01
-9.0600E-06,4.347E-01
-9.0600E-06,4.387E-01
-9.0540E-06,4.347E-01
-9.0540E-06,4.387E-01
-9.0480E-06,4.347E-01
-9.0480E-06,4.387E-01
-9.0420E-06,4.347E-01
-9.0420E-06,4.387E-01
-9.0360E-06,4.347E-01
-9.0360E-06,4.347E-01
-9.0300E-06,4.307E-01
-9.0300E-06,4.387E-01
-9.0240E-06,4.347E-01
-9.0240E-06,4.387E-01
-9.0180E-06,4.347E-01
-9.0180E-06,4.387E-01
-9.0120E-06,4.347E-01
-9.0120E-06,4.427E-01
-9.0060E-06,4.347E-01
-9.0060E-06,4.387E-01
-9.0000E-06,4.347E-01
-9.0000E-06,4.387E-01
-8.9940E-06,4.347E-01
-8.9940E-06,4.427E-01
-8.9880E-06,4.347E-01
-8.9880E-06,4.427E-01
-8.9820E-06,4.347E-01
-8.9820E-06,4.387E-01
-8.9760E-06,4.347E-01
-8.9760E-06,4.387E-01
-8.9700E-06,4.347E-01
-8.9700E-06,4.387E-01
-8.9640E-06,4.347E-01
-8.9640E-06,4.387E-01
-8.9580E-06,4.347E-01
-8.9580E-06,4.387E-01
-8.9520E-06,4.347E-01
-8.9520E-06,4.427E-01
-8.9460E-06,4.387E-01
-8.9460E-06,4.427E-01
-8.9400E-06,4.347E-01
-8.9400E-06,4.427E-01
-8.9340E-06,4.347E-01
-8.9340E-06,4.427E-01
-8.9280E-06,4.347E-01
-8.9280E-06,4.387E-01
-8.9220E-06,4.387E-01
-8.9220E-06,4.427E-01
-8.9160E-06,4.347E-01
-8.9160E-06,4.387E-01
-8.9100E-06,4.387E-01
-8.9100E-06,4.427E-01
-8.9040E-06,4.347E-01
-8.9040E-06,4.387E-01
-8.8980E-06,4.347E-01
-8.8980E-06,4.387E-01
-8.8920E-06,4.387E-01
-8.8920E-06,4.427E-01
-8.8860E-06,4.387E-01
-8.8860E-06,4.427E-01
-8.8800E-06,4.387E-01
-8.8800E-06,4.427E-01
-8.8740E-06,4.387E-01
-8.8740E-06,4.427E-01
-8.8680E-06,4.387E-01
-8.8680E-06,4.427E-01
-8.8620E-06,4.387E-01
-8.8620E-06,4.427E-01
-8.8560E-06,4.387E-01
-8.8560E-06,4.427E-01
-8.8500E-06,4.387E-01
-8.8500E-06,4.427E-01
-8.8440E-06,4.387E-01
-8.8440E-06,4.427E-01
-8.8380E-06,4.347E-01
-8.8380E-06,4.427E-01
-8.8320E-06,4.387E-01
-8.8320E-06,4.427E-01
-8.8260E-06,4.387E-01
-8.8260E-06,4.427E-01
-8.8200E-06,4.347E-01
-8.8200E-06,4.427E-01
-8.8140E-06,4.347E-01
-8.8140E-06,4.427E-01
-8.8080E-06,4.347E-01
-8.8080E-06,4.427E-01
-8.8020E-06,4.387E-01
-8.8020E-06,4.427E-01
-8.7960E-06,4.347E-01
-8.7960E-06,4.387E-01
-8.7900E-06,4.387E-01
-8.7900E-06,4.427E-01
-8.7840E-06,4.387E-01
-8.7840E-06,4.427E-01
-8.7780E-06,4.347E-01
-8.7780E-06,4.387E-01
-8.7720E-06,4.347E-01
-8.7720E-06,4.427E-01
-8.7660E-06,4.387E-01
-8.7660E-06,4.427E-01
-8.7600E-06,4.387E-01
-8.7600E-06,4.427E-01
-8.7540E-06,4.387E-01
-8.7540E-06,4.467E-01
-8.7480E-06,4.347E-01
-8.7480E-06,4.427E-01
-8.7420E-06,4.347E-01
-8.7420E-06,4.427E-01
-8.7360E-06,4.347E-01
-8.7360E-06,4.387E-01
-8.7300E-06,4.387E-01
-8.7300E-06,4.427E-01
-8.7240E-06,4.387E-01
-8.7240E-06,4.427E-01
-8.7180E-06,4.387E-01
-8.7180E-06,4.387E-01
-8.7120E-06,4.387E-01
-8.7120E-06,4.427E-01
-8.7060E-06,4.387E-01
-8.7060E-06,4.427E-01
-8.7000E-06,4.387E-01
-8.7000E-06,4.427E-01
-8.6940E-06,4.347E-01
-8.6940E-06,4.427E-01
-8.6880E-06,4.387E-01
-8.6880E-06,4.427E-01
-8.6820E-06,4.387E-01
-8.6820E-06,4.427E-01
-8.6760E-06,4.387E-01
-8.6760E-06,4.427E-01
-8.6700E-06,4.387E-01
-8.6700E-06,4.427E-01
-8.6640E-06,4.387E-01
-8.6640E-06,4.427E-01
-8.6580E-06,4.387E-01
-8.6580E-06,4.387E-01
-8.6520E-06,4.387E-01
-8.6520E-06,4.427E-01
-8.6460E-06,4.347E-01
-8.6460E-06,4.427E-01
-8.6400E-06,4.347E-01
-8.6400E-06,4.387E-01
-8.6340E-06,4.347E-01
-8.6340E-06,4.427E-01
-8.6280E-06,4.387E-01
-8.6280E-06,4.427E-01
-8.6220E-06,4.347E-01
-8.6220E-06,4.387E-01
-8.6160E-06,4.347E-01
-8.6160E-06,4.427E-01
-8.6100E-06,4.347E-01
-8.6100E-06,4.427E-01
-8.6040E-06,4.347E-01
-8.6040E-06,4.387E-01
-8.5980E-06,4.347E-01
-8.5980E-06,4.387E-01
-8.5920E-06,4.347E-01
-8.5920E-06,4.387E-01
-8.5860E-06,4.347E-01
-8.5860E-06,4.387E-01
-8.5800E-06,4.347E-01
-8.5800E-06,4.387E-01
-8.5740E-06,4.347E-01
-8.5740E-06,4.387E-01
-8.5680E-06,4.347E-01
-8.5680E-06,4.427E-01
-8.5620E-06,4.347E-01
-8.5620E-06,4.387E-01
-8.5560E-06,4.347E-01
-8.5560E-06,4.387E-01
-8.5500E-06,4.347E-01
-8.5500E-06,4.387E-01
-8.5440E-06,4.347E-01
-8.5440E-06,4.387E-01
-8.5380E-06,4.307E-01
-8.5380E-06,4.347E-01
-8.5320E-06,4.307E-01
-8.5320E-06,4.387E-01
-8.5260E-06,4.307E-01
-8.5260E-06,4.387E-01
-8.5200E-06,4.307E-01
-8.5200E-06,4.387E-01
-8.5140E-06,4.307E-01
-8.5140E-06,4.347E-01
-8.5080E-06,4.307E-01
-8.5080E-06,4.347E-01
-8.5020E-06,4.307E-01
-8.5020E-06,4.347E-01
-8.4960E-06,4.307E-01
-8.4960E-06,4.347E-01
-8.4900E-06,4.307E-01
-8.4900E-06,4.347E-01
-8.4840E-06,4.307E-01
-8.4840E-06,4.347E-01
-8.4780E-06,4.307E-01
-8.4780E-06,4.347E-01
-8.4720E-06,4.307E-01
-8.4720E-06,4.387E-01
-8.4660E-06,4.307E-01
-8.4660E-06,4.387E-01
-8.4600E-06,4.307E-01
-8.4600E-06,4.347E-01
-8.4540E-06,4.307E-01
-8.4540E-06,4.387E-01
-8.4480E-06,4.307E-01
-8.4480E-06,4.347E-01
-8.4420E-06,4.307E-01
-8.4420E-06,4.347E-01
-8.4360E-06,4.307E-01
-8.4360E-06,4.347E-01
-8.4300E-06,4.307E-01
-8.4300E-06,4.347E-01
-8.4240E-06,4.307E-01
-8.4240E-06,4.307E-01
-8.4180E-06,4.267E-01
-8.4180E-06,4.307E-01
-8.4120E-06,4.307E-01
-8.4120E-06,4.347E-01
-8.4060E-06,4.307E-01
-8.4060E-06,4.307E-01
-8.4000E-06,4.267E-01
-8.4000E-06,4.307E-01
-8.3940E-06,4.267E-01
-8.3940E-06,4.307E-01
-8.3880E-06,4.227E-01
-8.3880E-06,4.307E-01
-8.3820E-06,4.227E-01
-8.3820E-06,4.307E-01
-8.3760E-06,4.267E-01
-8.3760E-06,4.307E-01
-8.3700E-06,4.227E-01
-8.3700E-06,4.307E-01
-8.3640E-06,4.267E-01
-8.3640E-06,4.307E-01
-8.3580E-06,4.267E-01
-8.3580E-06,4.267E-01
-8.3520E-06,4.267E-01
-8.3520E-06,4.307E-01
-8.3460E-06,4.267E-01
-8.3460E-06,4.307E-01
-8.3400E-06,4.267E-01
-8.3400E-06,4.267E-01
-8.3340E-06,4.267E-01
-8.3340E-06,4.307E-01
-8.3280E-06,4.267E-01
-8.3280E-06,4.267E-01
-8.3220E-06,4.227E-01
-8.3220E-06,4.267E-01
-8.3160E-06,4.227E-01
-8.3160E-06,4.267E-01
-8.3100E-06,4.227E-01
-8.3100E-06,4.267E-01
-8.3040E-06,4.227E-01
-8.3040E-06,4.267E-01
-8.2980E-06,4.227E-01
-8.2980E-06,4.267E-01
-8.2920E-06,4.227E-01
-8.2920E-06,4.267E-01
-8.2860E-06,4.227E-01
-8.2860E-06,4.267E-01
-8.2800E-06,4.227E-01
-8.2800E-06,4.227E-01
-8.2740E-06,4.187E-01
-8.2740E-06,4.227E-01
-8.2680E-06,4.187E-01
-8.2680E-06,4.227E-01
-8.2620E-06,4.187E-01
-8.2620E-06,4.227E-01
-8.2560E-06,4.187E-01
-8.2560E-06,4.227E-01
-8.2500E-06,4.187E-01
-8.2500E-06,4.227E-01
-8.2440E-06,4.187E-01
-8.2440E-06,4.227E-01
-8.2380E-06,4.187E-01
-8.2380E-06,4.187E-01
-8.2320E-06,4.147E-01
-8.2320E-06,4.187E-01
-8.2260E-06,4.147E-01
-8.2260E-06,4.227E-01
-8.2200E-06,4.147E-01
-8.2200E-06,4.227E-01
-8.2140E-06,4.147E-01
-8.2140E-06,4.187E-01
-8.2080E-06,4.147E-01
-8.2080E-06,4.187E-01
-8.2020E-06,4.147E-01
-8.2020E-06,4.187E-01
-8.1960E-06,4.147E-01
-8.1960E-06,4.187E-01
-8.1900E-06,4.147E-01
-8.1900E-06,4.227E-01
-8.1840E-06,4.147E-01
-8.1840E-06,4.147E-01
-8.1780E-06,4.107E-01
-8.1780E-06,4.147E-01
-8.1720E-06,4.107E-01
-8.1720E-06,4.147E-01
-8.1660E-06,4.107E-01
-8.1660E-06,4.147E-01
-8.1600E-06,4.107E-01
-8.1600E-06,4.147E-01
-8.1540E-06,4.107E-01
-8.1540E-06,4.147E-01
-8.1480E-06,4.107E-01
-8.1480E-06,4.147E-01
-8.1420E-06,4.067E-01
-8.1420E-06,4.187E-01
-8.1360E-06,4.067E-01
-8.1360E-06,4.147E-01
-8.1300E-06,4.107E-01
-8.1300E-06,4.147E-01
-8.1240E-06,4.107E-01
-8.1240E-06,4.147E-01
-8.1180E-06,4.107E-01
-8.1180E-06,4.147E-01
-8.1120E-06,4.107E-01
-8.1120E-06,4.147E-01
-8.1060E-06,4.067E-01
-8.1060E-06,4.147E-01
-8.1000E-06,4.067E-01
-8.1000E-06,4.147E-01
-8.0940E-06,4.067E-01
-8.0940E-06,4.107E-01
-8.0880E-06,4.067E-01
-8.0880E-06,4.107E-01
-8.0820E-06,4.027E-01
-8.0820E-06,4.107E-01
-8.0760E-06,4.067E-01
-8.0760E-06,4.107E-01
-8.0700E-06,4.067E-01
-8.0700E-06,4.067E-01
-8.0640E-06,4.027E-01
-8.0640E-06,4.107E-01
-8.0580E-06,4.027E-01
-8.0580E-06,4.107E-01
-8.0520E-06,4.027E-01
-8.0520E-06,4.067E-01
-8.0460E-06,4.027E-01
-8.0460E-06,4.067E-01
-8.0400E-06,4.027E-01
-8.0400E-06,4.067E-01
-8.0340E-06,4.027E-01
-8.0340E-06,4.067E-01
-8.0280E-06,4.027E-01
-8.0280E-06,4.067E-01
-8.0220E-06,3.987E-01
-8.0220E-06,4.067E-01
-8.0160E-06,3.987E-01
-8.0160E-06,4.067E-01
-8.0100E-06,3.987E-01
-8.0100E-06,4.027E-01
-8.0040E-06,3.987E-01
-8.0040E-06,4.027E-01
-7.9980E-06,3.987E-01
-7.9980E-06,4.027E-01
-7.9920E-06,3.987E-01
-7.9920E-06,3.987E-01
-7.9860E-06,3.987E-01
-7.9860E-06,4.067E-01
-7.9800E-06,3.987E-01
-7.9800E-06,4.027E-01
-7.9740E-06,3.947E-01
-7.9740E-06,3.987E-01
-7.9680E-06,3.947E-01
-7.9680E-06,3.987E-01
-7.9620E-06,3.987E-01
-7.9620E-06,3.987E-01
-7.9560E-06,3.947E-01
-7.9560E-06,3.987E-01
-7.9500E-06,3.907E-01
-7.9500E-06,3.987E-01
-7.9440E-06,3.907E-01
-7.9440E-06,3.987E-01
-7.9380E-06,3.907E-01
-7.9380E-06,3.987E-01
-7.9320E-06,3.907E-01
-7.9320E-06,3.987E-01
-7.9260E-06,3.907E-01
-7.9260E-06,3.987E-01
-7.9200E-06,3.907E-01
-7.9200E-06,3.947E-01
-7.9140E-06,3.907E-01
-7.9140E-06,3.947E-01
-7.9080E-06,3.907E-01
-7.9080E-06,3.947E-01
-7.9020E-06,3.907E-01
-7.9020E-06,3.947E-01
-7.8960E-06,3.907E-01
-7.8960E-06,3.947E-01
-7.8900E-06,3.867E-01
-7.8900E-06,3.947E-01
-7.8840E-06,3.867E-01
-7.8840E-06,3.947E-01
-7.8780E-06,3.867E-01
-7.8780E-06,3.947E-01
-7.8720E-06,3.867E-01
-7.8720E-06,3.907E-01
-7.8660E-06,3.827E-01
-7.8660E-06,3.907E-01
-7.8600E-06,3.867E-01
-7.8600E-06,3.907E-01
-7.8540E-06,3.867E-01
-7.8540E-06,3.907E-01
-7.8480E-06,3.867E-01
-7.8480E-06,3.907E-01
-7.8420E-06,3.867E-01
-7.8420E-06,3.907E-01
-7.8360E-06,3.867E-01
-7.8360E-06,3.907E-01
-7.8300E-06,3.867E-01
-7.8300E-06,3.867E-01
-7.8240E-06,3.827E-01
-7.8240E-06,3.867E-01
-7.8180E-06,3.787E-01
-7.8180E-06,3.867E-01
-7.8120E-06,3.787E-01
-7.8120E-06,3.867E-01
-7.8060E-06,3.787E-01
-7.8060E-06,3.867E-01
-7.8000E-06,3.827E-01
-7.8000E-06,3.867E-01
-7.7940E-06,3.827E-01
-7.7940E-06,3.827E-01
-7.7880E-06,3.787E-01
-7.7880E-06,3.827E-01
-7.7820E-06,3.787E-01
-7.7820E-06,3.827E-01
-7.7760E-06,3.787E-01
-7.7760E-06,3.827E-01
-7.7700E-06,3.747E-01
-7.7700E-06,3.867E-01
-7.7640E-06,3.787E-01
-7.7640E-06,3.827E-01
-7.7580E-06,3.747E-01
-7.7580E-06,3.787E-01
-7.7520E-06,3.747E-01
-7.7520E-06,3.787E-01
-7.7460E-06,3.747E-01
-7.7460E-06,3.787E-01
-7.7400E-06,3.747E-01
-7.7400E-06,3.787E-01
-7.7340E-06,3.747E-01
-7.7340E-06,3.787E-01
-7.7280E-06,3.707E-01
-7.7280E-06,3.787E-01
-7.7220E-06,3.707E-01
-7.7220E-06,3.787E-01
-7.7160E-06,3.707E-01
-7.7160E-06,3.787E-01
-7.7100E-06,3.707E-01
-7.7100E-06,3.787E-01
-7.7040E-06,3.707E-01
-7.7040E-06,3.747E-01
-7.6980E-06,3.707E-01
-7.6980E-06,3.747E-01
-7.6920E-06,3.707E-01
-7.6920E-06,3.747E-01
-7.6860E-06,3.707E-01
-7.6860E-06,3.747E-01
-7.6800E-06,3.707E-01
-7.6800E-06,3.747E-01
-7.6740E-06,3.707E-01
-7.6740E-06,3.747E-01
-7.6680E-06,3.707E-01
-7.6680E-06,3.747E-01
-7.6620E-06,3.667E-01
-7.6620E-06,3.707E-01
-7.6560E-06,3.667E-01
-7.6560E-06,3.707E-01
-7.6500E-06,3.627E-01
-7.6500E-06,3.707E-01
-7.6440E-06,3.667E-01
-7.6440E-06,3.707E-01
-7.6380E-06,3.667E-01
-7.6380E-06,3.707E-01
-7.6320E-06,3.667E-01
-7.6320E-06,3.667E-01
-7.6260E-06,3.627E-01
-7.6260E-06,3.667E-01
-7.6200E-06,3.627E-01
-7.6200E-06,3.667E-01
-7.6140E-06,3.627E-01
-7.6140E-06,3.667E-01
-7.6080E-06,3.627E-01
-7.6080E-06,3.667E-01
-7.6020E-06,3.627E-01
-7.6020E-06,3.627E-01
-7.5960E-06,3.587E-01
-7.5960E-06,3.627E-01
-7.5900E-06,3.627E-01
-7.5900E-06,3.627E-01
-7.5840E-06,3.587E-01
-7.5840E-06,3.627E-01
-7.5780E-06,3.587E-01
-7.5780E-06,3.627E-01
-7.5720E-06,3.587E-01
-7.5720E-06,3.627E-01
-7.5660E-06,3.587E-01
-7.5660E-06,3.627E-01
-7.5600E-06,3.587E-01
-7.5600E-06,3.627E-01
-7.5540E-06,3.547E-01
-7.5540E-06,3.587E-01
-7.5480E-06,3.547E-01
-7.5480E-06,3.627E-01
-7.5420E-06,3.547E-01
-7.5420E-06,3.587E-01
-7.5360E-06,3.547E-01
-7.5360E-06,3.587E-01
-7.5300E-06,3.547E-01
-7.5300E-06,3.587E-01
-7.5240E-06,3.547E-01
-7.5240E-06,3.587E-01
-7.5180E-06,3.507E-01
-7.5180E-06,3.587E-01
-7.5120E-06,3.507E-01
-7.5120E-06,3.547E-01
-7.5060E-06,3.507E-01
-7.5060E-06,3.547E-01
-7.5000E-06,3.507E-01
-7.5000E-06,3.547E-01
-7.4940E-06,3.507E-01
-7.4940E-06,3.547E-01
-7.4880E-06,3.507E-01
-7.4880E-06,3.547E-01
-7.4820E-06,3.507E-01
-7.4820E-06,3.547E-01
-7.4760E-06,3.467E-01
-7.4760E-06,3.507E-01
-7.4700E-06,3.467E-01
-7.4700E-06,3.507E-01
-7.4640E-06,3.467E-01
-7.4640E-06,3.507E-01
-7.4580E-06,3.467E-01
-7.4580E-06,3.507E-01
-7.4520E-06,3.467E-01
-7.4520E-06,3.507E-01
-7.4460E-06,3.427E-01
-7.4460E-06,3.507E-01
-7.4400E-06,3.427E-01
-7.4400E-06,3.507E-01
-7.4340E-06,3.467E-01
-7.4340E-06,3.507E-01
-7.4280E-06,3.427E-01
-7.4280E-06,3.507E-01
-7.4220E-06,3.427E-01
-7.4220E-06,3.467E-01
-7.4160E-06,3.427E-01
-7.4160E-06,3.467E-01
-7.4100E-06,3.427E-01
-7.4100E-06,3.467E-01
-7.4040E-06,3.427E-01
-7.4040E-06,3.467E-01
-7.3980E-06,3.427E-01
-7.3980E-06,3.427E-01
-7.3920E-06,3.427E-01
-7.3920E-06,3.427E-01
-7.3860E-06,3.387E-01
-7.3860E-06,3.427E-01
-7.3800E-06,3.387E-01
-7.3800E-06,3.427E-01
-7.3740E-06,3.347E-01
-7.3740E-06,3.427E-01
-7.3680E-06,3.347E-01
-7.3680E-06,3.427E-01
-7.3620E-06,3.347E-01
-7.3620E-06,3.387E-01
-7.3560E-06,3.347E-01
-7.3560E-06,3.387E-01
-7.3500E-06,3.307E-01
-7.3500E-06,3.427E-01
-7.3440E-06,3.307E-01
-7.3440E-06,3.387E-01
-7.3380E-06,3.307E-01
-7.3380E-06,3.387E-01
-7.3320E-06,3.307E-01
-7.3320E-06,3.387E-01
-7.3260E-06,3.307E-01
-7.3260E-06,3.347E-01
-7.3200E-06,3.307E-01
-7.3200E-06,3.347E-01
-7.3140E-06,3.307E-01
-7.3140E-06,3.347E-01
-7.3080E-06,3.307E-01
-7.3080E-06,3.347E-01
-7.3020E-06,3.307E-01
-7.3020E-06,3.347E-01
-7.2960E-06,3.267E-01
-7.2960E-06,3.307E-01
-7.2900E-06,3.267E-01
-7.2900E-06,3.307E-01
-7.2840E-06,3.267E-01
-7.2840E-06,3.307E-01
-7.2780E-06,3.267E-01
-7.2780E-06,3.307E-01
-7.2720E-06,3.227E-01
-7.2720E-06,3.307E-01
-7.2660E-06,3.267E-01
-7.2660E-06,3.307E-01
-7.2600E-06,3.227E-01
-7.2600E-06,3.307E-01
-7.2540E-06,3.227E-01
-7.2540E-06,3.307E-01
-7.2480E-06,3.267E-01
-7.2480E-06,3.307E-01
-7.2420E-06,3.267E-01
-7.2420E-06,3.267E-01
-7.2360E-06,3.227E-01
-7.2360E-06,3.267E-01
-7.2300E-06,3.227E-01
-7.2300E-06,3.267E-01
-7.2240E-06,3.187E-01
-7.2240E-06,3.267E-01
-7.2180E-06,3.187E-01
-7.2180E-06,3.227E-01
-7.2120E-06,3.187E-01
-7.2120E-06,3.227E-01
-7.2060E-06,3.187E-01
-7.2060E-06,3.227E-01
-7.2000E-06,3.187E-01
-7.2000E-06,3.227E-01
-7.1940E-06,3.187E-01
-7.1940E-06,3.227E-01
-7.1880E-06,3.147E-01
-7.1880E-06,3.227E-01
-7.1820E-06,3.147E-01
-7.1820E-06,3.227E-01
-7.1760E-06,3.147E-01
-7.1760E-06,3.187E-01
-7.1700E-06,3.187E-01
-7.1700E-06,3.227E-01
-7.1640E-06,3.147E-01
-7.1640E-06,3.227E-01
-7.1580E-06,3.147E-01
-7.1580E-06,3.227E-01
-7.1520E-06,3.147E-01
-7.1520E-06,3.187E-01
-7.1460E-06,3.107E-01
-7.1460E-06,3.187E-01
-7.1400E-06,3.107E-01
-7.1400E-06,3.187E-01
-7.1340E-06,3.147E-01
-7.1340E-06,3.187E-01
-7.1280E-06,3.147E-01
-7.1280E-06,3.147E-01
-7.1220E-06,3.107E-01
-7.1220E-06,3.147E-01
-7.1160E-06,3.107E-01
-7.1160E-06,3.147E-01
-7.1100E-06,3.107E-01
-7.1100E-06,3.107E-01
-7.1040E-06,3.107E-01
-7.1040E-06,3.147E-01
-7.0980E-06,3.067E-01
-7.0980E-06,3.147E-01
-7.0920E-06,3.067E-01
-7.0920E-06,3.147E-01
-7.0860E-06,3.067E-01
-7.0860E-06,3.107E-01
-7.0800E-06,3.067E-01
-7.0800E-06,3.107E-01
-7.0740E-06,3.067E-01
-7.0740E-06,3.107E-01
-7.0680E-06,3.067E-01
-7.0680E-06,3.107E-01
-7.0620E-06,3.067E-01
-7.0620E-06,3.107E-01
-7.0560E-06,3.067E-01
-7.0560E-06,3.107E-01
-7.0500E-06,3.027E-01
-7.0500E-06,3.107E-01
-7.0440E-06,3.027E-01
-7.0440E-06,3.067E-01
-7.0380E-06,3.027E-01
-7.0380E-06,3.067E-01
-7.0320E-06,3.027E-01
-7.0320E-06,3.067E-01
-7.0260E-06,3.027E-01
-7.0260E-06,3.067E-01
-7.0200E-06,3.027E-01
-7.0200E-06,3.027E-01
-7.0140E-06,3.027E-01
-7.0140E-06,3.027E-01
-7.0080E-06,3.027E-01
-7.0080E-06,3.027E-01
-7.0020E-06,2.987E-01
-7.0020E-06,3.027E-01
-6.9960E-06,2.987E-01
-6.9960E-06,3.067E-01
-6.9900E-06,2.987E-01
-6.9900E-06,3.027E-01
-6.9840E-06,2.987E-01
-6.9840E-06,3.027E-01
-6.9780E-06,2.987E-01
-6.9780E-06,3.027E-01
-6.9720E-06,2.987E-01
-6.9720E-06,3.027E-01
-6.9660E-06,2.987E-01
-6.9660E-06,2.987E-01
-6.9600E-06,2.987E-01
-6.9600E-06,2.987E-01
-6.9540E-06,2.987E-01
-6.9540E-06,2.987E-01
-6.9480E-06,2.947E-01
-6.9480E-06,2.987E-01
-6.9420E-06,2.947E-01
-6.9420E-06,2.987E-01
-6.9360E-06,2.947E-01
-6.9360E-06,2.987E-01
-6.9300E-06,2.907E-01
-6.9300E-06,2.987E-01
-6.9240E-06,2.907E-01
-6.9240E-06,2.987E-01
-6.9180E-06,2.947E-01
-6.9180E-06,2.987E-01
-6.9120E-06,2.947E-01
-6.9120E-06,2.987E-01
-6.9060E-06,2.947E-01
-6.9060E-06,2.987E-01
-6.9000E-06,2.907E-01
-6.9000E-06,2.947E-01
-6.8940E-06,2.907E-01
-6.8940E-06,2.947E-01
-6.8880E-06,2.907E-01
-6.8880E-06,2.947E-01
-6.8820E-06,2.907E-01
-6.8820E-06,2.947E-01
-6.8760E-06,2.867E-01
-6.8760E-06,2.947E-01
-6.8700E-06,2.867E-01
-6.8700E-06,2.947E-01
-6.8640E-06,2.907E-01
-6.8640E-06,2.947E-01
-6.8580E-06,2.867E-01
-6.8580E-06,2.947E-01
-6.8520E-06,2.867E-01
-6.8520E-06,2.947E-01
-6.8460E-06,2.867E-01
-6.8460E-06,2.907E-01
-6.8400E-06,2.867E-01
-6.8400E-06,2.947E-01
-6.8340E-06,2.867E-01
-6.8340E-06,2.947E-01
-6.8280E-06,2.867E-01
-6.8280E-06,2.947E-01
-6.8220E-06,2.867E-01
-6.8220E-06,2.907E-01
-6.8160E-06,2.867E-01
-6.8160E-06,2.907E-01
-6.8100E-06,2.867E-01
-6.8100E-06,2.907E-01
-6.8040E-06,2.827E-01
-6.8040E-06,2.867E-01
-6.7980E-06,2.867E-01
-6.7980E-06,2.907E-01
-6.7920E-06,2.827E-01
-6.7920E-06,2.907E-01
-6.7860E-06,2.827E-01
-6.7860E-06,2.907E-01
-6.7800E-06,2.827E-01
-6.7800E-06,2.867E-01
-6.7740E-06,2.827E-01
-6.7740E-06,2.907E-01
-6.7680E-06,2.827E-01
-6.7680E-06,2.907E-01
-6.7620E-06,2.827E-01
-6.7620E-06,2.867E-01
-6.7560E-06,2.827E-01
-6.7560E-06,2.867E-01
-6.7500E-06,2.787E-01
-6.7500E-06,2.867E-01
-6.7440E-06,2.787E-01
-6.7440E-06,2.867E-01
-6.7380E-06,2.827E-01
-6.7380E-06,2.867E-01
-6.7320E-06,2.827E-01
-6.7320E-06,2.867E-01
-6.7260E-06,2.787E-01
-6.7260E-06,2.827E-01
-6.7200E-06,2.787E-01
-6.7200E-06,2.827E-01
-6.7140E-06,2.787E-01
-6.7140E-06,2.827E-01
-6.7080E-06,2.787E-01
-6.7080E-06,2.827E-01
-6.7020E-06,2.827E-01
-6.7020E-06,2.827E-01
-6.6960E-06,2.787E-01
-6.6960E-06,2.827E-01
-6.6900E-06,2.787E-01
-6.6900E-06,2.827E-01
-6.6840E-06,2.787E-01
-6.6840E-06,2.827E-01
-6.6780E-06,2.787E-01
-6.6780E-06,2.827E-01
-6.6720E-06,2.747E-01
-6.6720E-06,2.827E-01
-6.6660E-06,2.787E-01
-6.6660E-06,2.827E-01
-6.6600E-06,2.787E-01
-6.6600E-06,2.827E-01
-6.6540E-06,2.747E-01
-6.6540E-06,2.827E-01
-6.6480E-06,2.787E-01
-6.6480E-06,2.787E-01
-6.6420E-06,2.747E-01
-6.6420E-06,2.827E-01
-6.6360E-06,2.787E-01
-6.6360E-06,2.827E-01
-6.6300E-06,2.747E-01
-6.6300E-06,2.787E-01
-6.6240E-06,2.747E-01
-6.6240E-06,2.787E-01
-6.6180E-06,2.747E-01
-6.6180E-06,2.787E-01
-6.6120E-06,2.747E-01
-6.6120E-06,2.827E-01
-6.6060E-06,2.747E-01
-6.6060E-06,2.787E-01
-6.6000E-06,2.787E-01
-6.6000E-06,2.787E-01
-6.5940E-06,2.787E-01
-6.5940E-06,2.827E-01
-6.5880E-06,2.747E-01
-6.5880E-06,2.787E-01
-6.5820E-06,2.747E-01
-6.5820E-06,2.787E-01
-6.5760E-06,2.747E-01
-6.5760E-06,2.787E-01
-6.5700E-06,2.747E-01
-6.5700E-06,2.787E-01
-6.5640E-06,2.747E-01
-6.5640E-06,2.787E-01
-6.5580E-06,2.747E-01
-6.5580E-06,2.787E-01
-6.5520E-06,2.747E-01
-6.5520E-06,2.787E-01
-6.5460E-06,2.747E-01
-6.5460E-06,2.747E-01
-6.5400E-06,2.747E-01
-6.5400E-06,2.747E-01
-6.5340E-06,2.747E-01
-6.5340E-06,2.787E-01
-6.5280E-06,2.707E-01
-6.5280E-06,2.747E-01
-6.5220E-06,2.747E-01
-6.5220E-06,2.787E-01
-6.5160E-06,2.707E-01
-6.5160E-06,2.747E-01
-6.5100E-06,2.707E-01
-6.5100E-06,2.747E-01
-6.5040E-06,2.707E-01
-6.5040E-06,2.747E-01
-6.4980E-06,2.747E-01
-6.4980E-06,2.747E-01
-6.4920E-06,2.747E-01
-6.4920E-06,2.787E-01
-6.4860E-06,2.707E-01
-6.4860E-06,2.787E-01
-6.4800E-06,2.707E-01
-6.4800E-06,2.787E-01
-6.4740E-06,2.707E-01
-6.4740E-06,2.747E-01
-6.4680E-06,2.707E-01
-6.4680E-06,2.747E-01
-6.4620E-06,2.707E-01
-6.4620E-06,2.747E-01
-6.4560E-06,2.707E-01
-6.4560E-06,2.747E-01
-6.4500E-06,2.707E-01
-6.4500E-06,2.747E-01
-6.4440E-06,2.707E-01
-6.4440E-06,2.747E-01
-6.4380E-06,2.707E-01
-6.4380E-06,2.747E-01
-6.4320E-06,2.707E-01
-6.4320E-06,2.747E-01
-6.4260E-06,2.707E-01
-6.4260E-06,2.747E-01
-6.4200E-06,2.707E-01
-6.4200E-06,2.707E-01
-6.4140E-06,2.707E-01
-6.4140E-06,2.747E-01
-6.4080E-06,2.707E-01
-6.4080E-06,2.707E-01
-6.4020E-06,2.707E-01
-6.4020E-06,2.747E-01
-6.3960E-06,2.707E-01
-6.3960E-06,2.747E-01
-6.3900E-06,2.707E-01
-6.3900E-06,2.707E-01
-6.3840E-06,2.707E-01
-6.3840E-06,2.747E-01
-6.3780E-06,2.707E-01
-6.3780E-06,2.747E-01
-6.3720E-06,2.707E-01
-6.3720E-06,2.747E-01
-6.3660E-06,2.707E-01
-6.3660E-06,2.747E-01
-6.3600E-06,2.707E-01
-6.3600E-06,2.747E-01
-6.3540E-06,2.707E-01
-6.3540E-06,2.747E-01
-6.3480E-06,2.707E-01
-6.3480E-06,2.747E-01
-6.3420E-06,2.707E-01
-6.3420E-06,2.747E-01
-6.3360E-06,2.707E-01
-6.3360E-06,2.747E-01
-6.3300E-06,2.667E-01
-6.3300E-06,2.707E-01
-6.3240E-06,2.667E-01
-6.3240E-06,2.747E-01
-6.3180E-06,2.707E-01
-6.3180E-06,2.747E-01
-6.3120E-06,2.707E-01
-6.3120E-06,2.747E-01
-6.3060E-06,2.667E-01
-6.3060E-06,2.747E-01
-6.3000E-06,2.707E-01
-6.3000E-06,2.747E-01
-6.2940E-06,2.707E-01
-6.2940E-06,2.747E-01
-6.2880E-06,2.707E-01
-6.2880E-06,2.747E-01
-6.2820E-06,2.707E-01
-6.2820E-06,2.747E-01
-6.2760E-06,2.707E-01
-6.2760E-06,2.747E-01
-6.2700E-06,2.707E-01
-6.2700E-06,2.747E-01
-6.2640E-06,2.707E-01
-6.2640E-06,2.747E-01
-6.2580E-06,2.707E-01
-6.2580E-06,2.747E-01
-6.2520E-06,2.707E-01
-6.2520E-06,2.747E-01
-6.2460E-06,2.707E-01
-6.2460E-06,2.747E-01
-6.2400E-06,2.707E-01
-6.2400E-06,2.747E-01
-6.2340E-06,2.707E-01
-6.2340E-06,2.747E-01
-6.2280E-06,2.707E-01
-6.2280E-06,2.747E-01
-6.2220E-06,2.707E-01
-6.2220E-06,2.747E-01
-6.2160E-06,2.707E-01
-6.2160E-06,2.747E-01
-6.2100E-06,2.707E-01
-6.2100E-06,2.747E-01
-6.2040E-06,2.667E-01
-6.2040E-06,2.747E-01
-6.1980E-06,2.707E-01
-6.1980E-06,2.747E-01
-6.1920E-06,2.707E-01
-6.1920E-06,2.747E-01
-6.1860E-06,2.707E-01
-6.1860E-06,2.747E-01
-6.1800E-06,2.707E-01
-6.1800E-06,2.747E-01
-6.1740E-06,2.707E-01
-6.1740E-06,2.747E-01
-6.1680E-06,2.707E-01
-6.1680E-06,2.747E-01
-6.1620E-06,2.707E-01
-6.1620E-06,2.747E-01
-6.1560E-06,2.707E-01
-6.1560E-06,2.747E-01
-6.1500E-06,2.707E-01
-6.1500E-06,2.747E-01
-6.1440E-06,2.707E-01
-6.1440E-06,2.747E-01
-6.1380E-06,2.707E-01
-6.1380E-06,2.747E-01
-6.1320E-06,2.707E-01
-6.1320E-06,2.747E-01
-6.1260E-06,2.707E-01
-6.1260E-06,2.747E-01
-6.1200E-06,2.707E-01
-6.1200E-06,2.747E-01
-6.1140E-06,2.707E-01
-6.1140E-06,2.747E-01
-6.1080E-06,2.707E-01
-6.1080E-06,2.787E-01
-6.1020E-06,2.707E-01
-6.1020E-06,2.787E-01
-6.0960E-06,2.707E-01
-6.0960E-06,2.787E-01
-6.0900E-06,2.707E-01
-6.0900E-06,2.787E-01
-6.0840E-06,2.707E-01
-6.0840E-06,2.787E-01
-6.0780E-06,2.707E-01
-6.0780E-06,2.787E-01
-6.0720E-06,2.747E-01
-6.0720E-06,2.787E-01
-6.0660E-06,2.747E-01
-6.0660E-06,2.787E-01
-6.0600E-06,2.747E-01
-6.0600E-06,2.787E-01
-6.0540E-06,2.707E-01
-6.0540E-06,2.787E-01
-6.0480E-06,2.707E-01
-6.0480E-06,2.827E-01
-6.0420E-06,2.747E-01
-6.0420E-06,2.827E-01
-6.0360E-06,2.747E-01
-6.0360E-06,2.787E-01
-6.0300E-06,2.747E-01
-6.0300E-06,2.787E-01
-6.0240E-06,2.747E-01
-6.0240E-06,2.787E-01
-6.0180E-06,2.787E-01
-6.0180E-06,2.787E-01
-6.0120E-06,2.747E-01
-6.0120E-06,2.827E-01
-6.0060E-06,2.747E-01
-6.0060E-06,2.787E-01
-6.0000E-06,2.747E-01
-6.0000E-06,2.787E-01
-5.9940E-06,2.747E-01
-5.9940E-06,2.787E-01
-5.9880E-06,2.747E-01
-5.9880E-06,2.787E-01
-5.9820E-06,2.747E-01
-5.9820E-06,2.827E-01
-5.9760E-06,2.747E-01
-5.9760E-06,2.827E-01
-5.9700E-06,2.747E-01
-5.9700E-06,2.827E-01
-5.9640E-06,2.747E-01
-5.9640E-06,2.827E-01
-5.9580E-06,2.787E-01
-5.9580E-06,2.827E-01
-5.9520E-06,2.787E-01
-5.9520E-06,2.827E-01
-5.9460E-06,2.787E-01
-5.9460E-06,2.827E-01
-5.9400E-06,2.787E-01
-5.9400E-06,2.827E-01
-5.9340E-06,2.787E-01
-5.9340E-06,2.827E-01
-5.9280E-06,2.787E-01
-5.9280E-06,2.827E-01
-5.9220E-06,2.787E-01
-5.9220E-06,2.827E-01
-5.9160E-06,2.787E-01
-5.9160E-06,2.867E-01
-5.9100E-06,2.787E-01
-5.9100E-06,2.867E-01
-5.9040E-06,2.787E-01
-5.9040E-06,2.867E-01
-5.8980E-06,2.787E-01
-5.8980E-06,2.827E-01
-5.8920E-06,2.827E-01
-5.8920E-06,2.827E-01
-5.8860E-06,2.827E-01
-5.8860E-06,2.867E-01
-5.8800E-06,2.827E-01
-5.8800E-06,2.867E-01
-5.8740E-06,2.827E-01
-5.8740E-06,2.867E-01
-5.8680E-06,2.827E-01
-5.8680E-06,2.867E-01
-5.8620E-06,2.827E-01
-5.8620E-06,2.867E-01
-5.8560E-06,2.827E-01
-5.8560E-06,2.907E-01
-5.8500E-06,2.827E-01
-5.8500E-06,2.907E-01
-5.8440E-06,2.827E-01
-5.8440E-06,2.867E-01
-5.8380E-06,2.827E-01
-5.8380E-06,2.867E-01
-5.8320E-06,2.867E-01
-5.8320E-06,2.907E-01
-5.8260E-06,2.827E-01
-5.8260E-06,2.907E-01
-5.8200E-06,2.867E-01
-5.8200E-06,2.867E-01
-5.8140E-06,2.867E-01
-5.8140E-06,2.907E-01
-5.8080E-06,2.867E-01
-5.8080E-06,2.907E-01
-5.8020E-06,2.867E-01
-5.8020E-06,2.907E-01
-5.7960E-06,2.867E-01
-5.7960E-06,2.907E-01
-5.7900E-06,2.867E-01
-5.7900E-06,2.907E-01
-5.7840E-06,2.867E-01
-5.7840E-06,2.907E-01
-5.7780E-06,2.867E-01
-5.7780E-06,2.907E-01
-5.7720E-06,2.907E-01
-5.7720E-06,2.947E-01
-5.7660E-06,2.907E-01
-5.7660E-06,2.947E-01
-5.7600E-06,2.907E-01
-5.7600E-06,2.947E-01
-5.7540E-06,2.907E-01
-5.7540E-06,2.947E-01
-5.7480E-06,2.907E-01
-5.7480E-06,2.947E-01
-5.7420E-06,2.907E-01
-5.7420E-06,2.947E-01
-5.7360E-06,2.907E-01
-5.7360E-06,2.987E-01
-5.7300E-06,2.947E-01
-5.7300E-06,2.947E-01
-5.7240E-06,2.947E-01
-5.7240E-06,2.947E-01
-5.7180E-06,2.907E-01
-5.7180E-06,2.987E-01
-5.7120E-06,2.907E-01
-5.7120E-06,2.987E-01
-5.7060E-06,2.907E-01
-5.7060E-06,2.987E-01
-5.7000E-06,2.947E-01
-5.7000E-06,2.987E-01
-5.6940E-06,2.947E-01
-5.6940E-06,2.987E-01
-5.6880E-06,2.947E-01
-5.6880E-06,2.987E-01
-5.6820E-06,2.947E-01
-5.6820E-06,2.987E-01
-5.6760E-06,2.947E-01
-5.6760E-06,2.987E-01
-5.6700E-06,2.947E-01
-5.6700E-06,2.987E-01
-5.6640E-06,2.987E-01
-5.6640E-06,3.027E-01
-5.6580E-06,2.987E-01
-5.6580E-06,2.987E-01
-5.6520E-06,2.987E-01
-5.6520E-06,3.027E-01
-5.6460E-06,2.947E-01
-5.6460E-06,2.987E-01
-5.6400E-06,2.987E-01
-5.6400E-06,3.027E-01
-5.6340E-06,2.987E-01
-5.6340E-06,3.027E-01
-5.6280E-06,2.987E-01
-5.6280E-06,3.067E-01
-5.6220E-06,2.987E-01
-5.6220E-06,3.067E-01
-5.6160E-06,2.987E-01
-5.6160E-06,3.027E-01
-5.6100E-06,2.987E-01
-5.6100E-06,3.067E-01
-5.6040E-06,2.987E-01
-5.6040E-06,3.027E-01
-5.5980E-06,3.027E-01
-5.5980E-06,3.027E-01
-5.5920E-06,3.027E-01
-5.5920E-06,3.067E-01
-5.5860E-06,3.027E-01
-5.5860E-06,3.067E-01
-5.5800E-06,3.027E-01
-5.5800E-06,3.067E-01
-5.5740E-06,3.027E-01
-5.5740E-06,3.067E-01
-5.5680E-06,3.027E-01
-5.5680E-06,3.067E-01
-5.5620E-06,3.027E-01
-5.5620E-06,3.067E-01
-5.5560E-06,3.067E-01
-5.5560E-06,3.107E-01
-5.5500E-06,3.067E-01
-5.5500E-06,3.107E-01
-5.5440E-06,3.067E-01
-5.5440E-06,3.107E-01
-5.5380E-06,3.067E-01
-5.5380E-06,3.107E-01
-5.5320E-06,3.067E-01
-5.5320E-06,3.107E-01
-5.5260E-06,3.067E-01
-5.5260E-06,3.107E-01
-5.5200E-06,3.067E-01
-5.5200E-06,3.107E-01
-5.5140E-06,3.067E-01
-5.5140E-06,3.147E-01
-5.5080E-06,3.107E-01
-5.5080E-06,3.147E-01
-5.5020E-06,3.107E-01
-5.5020E-06,3.147E-01
-5.4960E-06,3.107E-01
-5.4960E-06,3.147E-01
-5.4900E-06,3.147E-01
-5.4900E-06,3.147E-01
-5.4840E-06,3.107E-01
-5.4840E-06,3.147E-01
-5.4780E-06,3.107E-01
-5.4780E-06,3.147E-01
-5.4720E-06,3.147E-01
-5.4720E-06,3.187E-01
-5.4660E-06,3.147E-01
-5.4660E-06,3.187E-01
-5.4600E-06,3.107E-01
-5.4600E-06,3.187E-01
-5.4540E-06,3.147E-01
-5.4540E-06,3.187E-01
-5.4480E-06,3.147E-01
-5.4480E-06,3.187E-01
-5.4420E-06,3.147E-01
-5.4420E-06,3.187E-01
-5.4360E-06,3.147E-01
-5.4360E-06,3.227E-01
-5.4300E-06,3.187E-01
-5.4300E-06,3.187E-01
-5.4240E-06,3.187E-01
-5.4240E-06,3.187E-01
-5.4180E-06,3.187E-01
-5.4180E-06,3.187E-01
-5.4120E-06,3.187E-01
-5.4120E-06,3.227E-01
-5.4060E-06,3.187E-01
-5.4060E-06,3.227E-01
-5.4000E-06,3.187E-01
-5.4000E-06,3.227E-01
-5.3940E-06,3.187E-01
-5.3940E-06,3.227E-01
-5.3880E-06,3.187E-01
-5.3880E-06,3.267E-01
-5.3820E-06,3.227E-01
-5.3820E-06,3.267E-01
-5.3760E-06,3.187E-01
-5.3760E-06,3.267E-01
-5.3700E-06,3.227E-01
-5.3700E-06,3.267E-01
-5.3640E-06,3.227E-01
-5.3640E-06,3.307E-01
-5.3580E-06,3.227E-01
-5.3580E-06,3.267E-01
-5.3520E-06,3.227E-01
-5.3520E-06,3.307E-01
-5.3460E-06,3.227E-01
-5.3460E-06,3.267E-01
-5.3400E-06,3.227E-01
-5.3400E-06,3.307E-01
-5.3340E-06,3.227E-01
-5.3340E-06,3.267E-01
-5.3280E-06,3.227E-01
-5.3280E-06,3.307E-01
-5.3220E-06,3.267E-01
-5.3220E-06,3.307E-01
-5.3160E-06,3.267E-01
-5.3160E-06,3.347E-01
-5.3100E-06,3.267E-01
-5.3100E-06,3.347E-01
-5.3040E-06,3.267E-01
-5.3040E-06,3.307E-01
-5.2980E-06,3.267E-01
-5.2980E-06,3.307E-01
-5.2920E-06,3.307E-01
-5.2920E-06,3.347E-01
-5.2860E-06,3.307E-01
-5.2860E-06,3.347E-01
-5.2800E-06,3.347E-01
-5.2800E-06,3.347E-01
-5.2740E-06,3.307E-01
-5.2740E-06,3.347E-01
-5.2680E-06,3.307E-01
-5.2680E-06,3.387E-01
-5.2620E-06,3.347E-01
-5.2620E-06,3.387E-01
-5.2560E-06,3.347E-01
-5.2560E-06,3.427E-01
-5.2500E-06,3.347E-01
-5.2500E-06,3.427E-01
-5.2440E-06,3.347E-01
-5.2440E-06,3.387E-01
-5.2380E-06,3.347E-01
-5.2380E-06,3.427E-01
-5.2320E-06,3.347E-01
-5.2320E-06,3.427E-01
-5.2260E-06,3.347E-01
-5.2260E-06,3.427E-01
-5.2200E-06,3.387E-01
-5.2200E-06,3.427E-01
-5.2140E-06,3.387E-01
-5.2140E-06,3.427E-01
-5.2080E-06,3.387E-01
-5.2080E-06,3.427E-01
-5.2020E-06,3.387E-01
-5.2020E-06,3.427E-01
-5.1960E-06,3.387E-01
-5.1960E-06,3.427E-01
-5.1900E-06,3.387E-01
-5.1900E-06,3.427E-01
-5.1840E-06,3.387E-01
-5.1840E-06,3.427E-01
-5.1780E-06,3.427E-01
-5.1780E-06,3.467E-01
-5.1720E-06,3.427E-01
-5.1720E-06,3.467E-01
-5.1660E-06,3.427E-01
-5.1660E-06,3.467E-01
-5.1600E-06,3.467E-01
-5.1600E-06,3.467E-01
-5.1540E-06,3.467E-01
-5.1540E-06,3.507E-01
-5.1480E-06,3.467E-01
-5.1480E-06,3.507E-01
-5.1420E-06,3.427E-01
-5.1420E-06,3.507E-01
-5.1360E-06,3.467E-01
-5.1360E-06,3.507E-01
-5.1300E-06,3.467E-01
-5.1300E-06,3.507E-01
-5.1240E-06,3.467E-01
-5.1240E-06,3.547E-01
-5.1180E-06,3.507E-01
-5.1180E-06,3.547E-01
-5.1120E-06,3.467E-01
-5.1120E-06,3.547E-01
-5.1060E-06,3.467E-01
-5.1060E-06,3.547E-01
-5.1000E-06,3.507E-01
-5.1000E-06,3.547E-01
-5.0940E-06,3.507E-01
-5.0940E-06,3.547E-01
-5.0880E-06,3.547E-01
-5.0880E-06,3.547E-01
-5.0820E-06,3.507E-01
-5.0820E-06,3.547E-01
-5.0760E-06,3.507E-01
-5.0760E-06,3.587E-01
-5.0700E-06,3.547E-01
-5.0700E-06,3.587E-01
-5.0640E-06,3.547E-01
-5.0640E-06,3.587E-01
-5.0580E-06,3.547E-01
-5.0580E-06,3.587E-01
-5.0520E-06,3.587E-01
-5.0520E-06,3.587E-01
-5.0460E-06,3.547E-01
-5.0460E-06,3.627E-01
-5.0400E-06,3.587E-01
-5.0400E-06,3.627E-01
-5.0340E-06,3.587E-01
-5.0340E-06,3.627E-01
-5.0280E-06,3.587E-01
-5.0280E-06,3.627E-01
-5.0220E-06,3.587E-01
-5.0220E-06,3.667E-01
-5.0160E-06,3.627E-01
-5.0160E-06,3.627E-01
-5.0100E-06,3.627E-01
-5.0100E-06,3.667E-01
-5.0040E-06,3.627E-01
-5.0040E-06,3.667E-01
-4.9980E-06,3.627E-01
-4.9980E-06,3.667E-01
-4.9920E-06,3.667E-01
-4.9920E-06,3.667E-01
-4.9860E-06,3.667E-01
-4.9860E-06,3.707E-01
-4.9800E-06,3.627E-01
-4.9800E-06,3.707E-01
-4.9740E-06,3.667E-01
-4.9740E-06,3.707E-01
-4.9680E-06,3.667E-01
-4.9680E-06,3.707E-01
-4.9620E-06,3.667E-01
-4.9620E-06,3.707E-01
-4.9560E-06,3.667E-01
-4.9560E-06,3.707E-01
-4.9500E-06,3.667E-01
-4.9500E-06,3.707E-01
-4.9440E-06,3.667E-01
-4.9440E-06,3.707E-01
-4.9380E-06,3.667E-01
-4.9380E-06,3.707E-01
-4.9320E-06,3.667E-01
-4.9320E-06,3.707E-01
-4.9260E-06,3.667E-01
-4.9260E-06,3.747E-01
-4.9200E-06,3.707E-01
-4.9200E-06,3.747E-01
-4.9140E-06,3.707E-01
-4.9140E-06,3.787E-01
-4.9080E-06,3.707E-01
-4.9080E-06,3.747E-01
-4.9020E-06,3.707E-01
-4.9020E-06,3.787E-01
-4.8960E-06,3.707E-01
-4.8960E-06,3.787E-01
-4.8900E-06,3.707E-01
-4.8900E-06,3.747E-01
-4.8840E-06,3.747E-01
-4.8840E-06,3.787E-01
-4.8780E-06,3.747E-01
-4.8780E-06,3.787E-01
-4.8720E-06,3.747E-01
-4.8720E-06,3.787E-01
-4.8660E-06,3.747E-01
-4.8660E-06,3.787E-01
-4.8600E-06,3.747E-01
-4.8600E-06,3.787E-01
-4.8540E-06,3.747E-01
-4.8540E-06,3.827E-01
-4.8480E-06,3.747E-01
-4.8480E-06,3.827E-01
-4.8420E-06,3.787E-01
-4.8420E-06,3.867E-01
-4.8360E-06,3.787E-01
-4.8360E-06,3.827E-01
-4.8300E-06,3.787E-01
-4.8300E-06,3.827E-01
-4.8240E-06,3.787E-01
-4.8240E-06,3.827E-01
-4.8180E-06,3.827E-01
-4.8180E-06,3.827E-01
-4.8120E-06,3.827E-01
-4.8120E-06,3.867E-01
-4.8060E-06,3.827E-01
-4.8060E-06,3.867E-01
-4.8000E-06,3.827E-01
-4.8000E-06,3.867E-01
-4.7940E-06,3.867E-01
-4.7940E-06,3.867E-01
-4.7880E-06,3.867E-01
-4.7880E-06,3.907E-01
-4.7820E-06,3.867E-01
-4.7820E-06,3.907E-01
-4.7760E-06,3.867E-01
-4.7760E-06,3.907E-01
-4.7700E-06,3.867E-01
-4.7700E-06,3.907E-01
-4.7640E-06,3.867E-01
-4.7640E-06,3.907E-01
-4.7580E-06,3.867E-01
-4.7580E-06,3.907E-01
-4.7520E-06,3.867E-01
-4.7520E-06,3.907E-01
-4.7460E-06,3.907E-01
-4.7460E-06,3.947E-01
-4.7400E-06,3.907E-01
-4.7400E-06,3.947E-01
-4.7340E-06,3.907E-01
-4.7340E-06,3.947E-01
-4.7280E-06,3.907E-01
-4.7280E-06,3.947E-01
-4.7220E-06,3.907E-01
-4.7220E-06,3.987E-01
-4.7160E-06,3.907E-01
-4.7160E-06,3.947E-01
-4.7100E-06,3.907E-01
-4.7100E-06,3.947E-01
-4.7040E-06,3.907E-01
-4.7040E-06,3.987E-01
-4.6980E-06,3.907E-01
-4.6980E-06,3.987E-01
-4.6920E-06,3.947E-01
-4.6920E-06,3.987E-01
-4.6860E-06,3.947E-01
-4.6860E-06,4.027E-01
-4.6800E-06,3.947E-01
-4.6800E-06,4.027E-01
-4.6740E-06,3.947E-01
-4.6740E-06,4.027E-01
-4.6680E-06,3.947E-01
-4.6680E-06,3.987E-01
-4.6620E-06,3.987E-01
-4.6620E-06,4.027E-01
-4.6560E-06,3.947E-01
-4.6560E-06,4.027E-01
-4.6500E-06,3.987E-01
-4.6500E-06,4.027E-01
-4.6440E-06,3.987E-01
-4.6440E-06,4.027E-01
-4.6380E-06,3.987E-01
-4.6380E-06,4.027E-01
-4.6320E-06,4.027E-01
-4.6320E-06,4.027E-01
-4.6260E-06,3.987E-01
-4.6260E-06,4.067E-01
-4.6200E-06,4.027E-01
-4.6200E-06,4.067E-01
-4.6140E-06,4.027E-01
-4.6140E-06,4.027E-01
-4.6080E-06,4.027E-01
-4.6080E-06,4.067E-01
-4.6020E-06,4.027E-01
-4.6020E-06,4.027E-01
-4.5960E-06,4.027E-01
-4.5960E-06,4.067E-01
-4.5900E-06,4.027E-01
-4.5900E-06,4.067E-01
-4.5840E-06,4.027E-01
-4.5840E-06,4.067E-01
-4.5780E-06,4.027E-01
-4.5780E-06,4.067E-01
-4.5720E-06,4.027E-01
-4.5720E-06,4.067E-01
-4.5660E-06,4.067E-01
-4.5660E-06,4.107E-01
-4.5600E-06,4.027E-01
-4.5600E-06,4.107E-01
-4.5540E-06,4.027E-01
-4.5540E-06,4.107E-01
-4.5480E-06,4.067E-01
-4.5480E-06,4.107E-01
-4.5420E-06,4.067E-01
-4.5420E-06,4.107E-01
-4.5360E-06,4.067E-01
-4.5360E-06,4.107E-01
-4.5300E-06,4.067E-01
-4.5300E-06,4.107E-01
-4.5240E-06,4.107E-01
-4.5240E-06,4.147E-01
-4.5180E-06,4.067E-01
-4.5180E-06,4.107E-01
-4.5120E-06,4.067E-01
-4.5120E-06,4.147E-01
-4.5060E-06,4.107E-01
-4.5060E-06,4.147E-01
-4.5000E-06,4.107E-01
-4.5000E-06,4.147E-01
-4.4940E-06,4.107E-01
-4.4940E-06,4.147E-01
-4.4880E-06,4.147E-01
-4.4880E-06,4.187E-01
-4.4820E-06,4.147E-01
-4.4820E-06,4.187E-01
-4.4760E-06,4.107E-01
-4.4760E-06,4.187E-01
-4.4700E-06,4.107E-01
-4.4700E-06,4.187E-01
-4.4640E-06,4.107E-01
-4.4640E-06,4.187E-01
-4.4580E-06,4.147E-01
-4.4580E-06,4.187E-01
-4.4520E-06,4.147E-01
-4.4520E-06,4.187E-01
-4.4460E-06,4.147E-01
-4.4460E-06,4.187E-01
-4.4400E-06,4.147E-01
-4.4400E-06,4.187E-01
-4.4340E-06,4.147E-01
-4.4340E-06,4.227E-01
-4.4280E-06,4.147E-01
-4.4280E-06,4.227E-01
-4.4220E-06,4.147E-01
-4.4220E-06,4.227E-01
-4.4160E-06,4.187E-01
-4.4160E-06,4.227E-01
-4.4100E-06,4.147E-01
-4.4100E-06,4.227E-01
-4.4040E-06,4.147E-01
-4.4040E-06,4.227E-01
-4.3980E-06,4.187E-01
-4.3980E-06,4.227E-01
-4.3920E-06,4.187E-01
-4.3920E-06,4.227E-01
-4.3860E-06,4.187E-01
-4.3860E-06,4.227E-01
-4.3800E-06,4.187E-01
-4.3800E-06,4.227E-01
-4.3740E-06,4.187E-01
-4.3740E-06,4.227E-01
-4.3680E-06,4.227E-01
-4.3680E-06,4.227E-01
-4.3620E-06,4.227E-01
-4.3620E-06,4.227E-01
-4.3560E-06,4.227E-01
-4.3560E-06,4.267E-01
-4.3500E-06,4.227E-01
-4.3500E-06,4.267E-01
-4.3440E-06,4.227E-01
-4.3440E-06,4.267E-01
-4.3380E-06,4.227E-01
-4.3380E-06,4.267E-01
-4.3320E-06,4.227E-01
-4.3320E-06,4.267E-01
-4.3260E-06,4.227E-01
-4.3260E-06,4.267E-01
-4.3200E-06,4.267E-01
-4.3200E-06,4.307E-01
-4.3140E-06,4.227E-01
-4.3140E-06,4.267E-01
-4.3080E-06,4.227E-01
-4.3080E-06,4.267E-01
-4.3020E-06,4.267E-01
-4.3020E-06,4.307E-01
-4.2960E-06,4.267E-01
-4.2960E-06,4.307E-01
-4.2900E-06,4.267E-01
-4.2900E-06,4.307E-01
-4.2840E-06,4.267E-01
-4.2840E-06,4.307E-01
-4.2780E-06,4.267E-01
-4.2780E-06,4.307E-01
-4.2720E-06,4.267E-01
-4.2720E-06,4.307E-01
-4.2660E-06,4.267E-01
-4.2660E-06,4.307E-01
-4.2600E-06,4.267E-01
-4.2600E-06,4.307E-01
-4.2540E-06,4.267E-01
-4.2540E-06,4.347E-01
-4.2480E-06,4.267E-01
-4.2480E-06,4.347E-01
-4.2420E-06,4.307E-01
-4.2420E-06,4.347E-01
-4.2360E-06,4.267E-01
-4.2360E-06,4.307E-01
-4.2300E-06,4.307E-01
-4.2300E-06,4.347E-01
-4.2240E-06,4.307E-01
-4.2240E-06,4.347E-01
-4.2180E-06,4.307E-01
-4.2180E-06,4.347E-01
-4.2120E-06,4.307E-01
-4.2120E-06,4.347E-01
-4.2060E-06,4.307E-01
-4.2060E-06,4.347E-01
-4.2000E-06,4.307E-01
-4.2000E-06,4.347E-01
-4.1940E-06,4.267E-01
-4.1940E-06,4.347E-01
-4.1880E-06,4.307E-01
-4.1880E-06,4.347E-01
-4.1820E-06,4.307E-01
-4.1820E-06,4.347E-01
-4.1760E-06,4.307E-01
-4.1760E-06,4.347E-01
-4.1700E-06,4.307E-01
-4.1700E-06,4.387E-01
-4.1640E-06,4.347E-01
-4.1640E-06,4.387E-01
-4.1580E-06,4.347E-01
-4.1580E-06,4.347E-01
-4.1520E-06,4.347E-01
-4.1520E-06,4.347E-01
-4.1460E-06,4.307E-01
-4.1460E-06,4.347E-01
-4.1400E-06,4.307E-01
-4.1400E-06,4.387E-01
-4.1340E-06,4.347E-01
-4.1340E-06,4.387E-01
-4.1280E-06,4.347E-01
-4.1280E-06,4.387E-01
-4.1220E-06,4.347E-01
-4.1220E-06,4.387E-01
-4.1160E-06,4.347E-01
-4.1160E-06,4.387E-01
-4.1100E-06,4.347E-01
-4.1100E-06,4.387E-01
-4.1040E-06,4.347E-01
-4.1040E-06,4.387E-01
-4.0980E-06,4.347E-01
-4.0980E-06,4.387E-01
-4.0920E-06,4.347E-01
-4.0920E-06,4.387E-01
-4.0860E-06,4.347E-01
-4.0860E-06,4.387E-01
-4.0800E-06,4.347E-01
-4.0800E-06,4.387E-01
-4.0740E-06,4.347E-01
-4.0740E-06,4.387E-01
-4.0680E-06,4.347E-01
-4.0680E-06,4.387E-01
-4.0620E-06,4.387E-01
-4.0620E-06,4.387E-01
-4.0560E-06,4.347E-01
-4.0560E-06,4.427E-01
-4.0500E-06,4.387E-01
-4.0500E-06,4.427E-01
-4.0440E-06,4.347E-01
-4.0440E-06,4.387E-01
-4.0380E-06,4.347E-01
-4.0380E-06,4.387E-01
-4.0320E-06,4.347E-01
-4.0320E-06,4.387E-01
-4.0260E-06,4.347E-01
-4.0260E-06,4.387E-01
-4.0200E-06,4.347E-01
-4.0200E-06,4.427E-01
-4.0140E-06,4.347E-01
-4.0140E-06,4.427E-01
-4.0080E-06,4.387E-01
-4.0080E-06,4.427E-01
-4.0020E-06,4.347E-01
-4.0020E-06,4.387E-01
-3.9960E-06,4.347E-01
-3.9960E-06,4.427E-01
-3.9900E-06,4.387E-01
-3.9900E-06,4.427E-01
-3.9840E-06,4.387E-01
-3.9840E-06,4.427E-01
-3.9780E-06,4.387E-01
-3.9780E-06,4.427E-01
-3.9720E-06,4.387E-01
-3.9720E-06,4.427E-01
-3.9660E-06,4.387E-01
-3.9660E-06,4.427E-01
-3.9600E-06,4.387E-01
-3.9600E-06,4.427E-01
-3.9540E-06,4.427E-01
-3.9540E-06,4.427E-01
-3.9480E-06,4.387E-01
-3.9480E-06,4.427E-01
-3.9420E-06,4.387E-01
-3.9420E-06,4.427E-01
-3.9360E-06,4.387E-01
-3.9360E-06,4.427E-01
-3.9300E-06,4.387E-01
-3.9300E-06,4.427E-01
-3.9240E-06,4.347E-01
-3.9240E-06,4.427E-01
-3.9180E-06,4.387E-01
-3.9180E-06,4.427E-01
-3.9120E-06,4.387E-01
-3.9120E-06,4.427E-01
-3.9060E-06,4.387E-01
-3.9060E-06,4.427E-01
-3.9000E-06,4.387E-01
-3.9000E-06,4.427E-01
-3.8940E-06,4.387E-01
-3.8940E-06,4.427E-01
-3.8880E-06,4.387E-01
-3.8880E-06,4.427E-01
-3.8820E-06,4.387E-01
-3.8820E-06,4.427E-01
-3.8760E-06,4.387E-01
-3.8760E-06,4.427E-01
-3.8700E-06,4.387E-01
-3.8700E-06,4.467E-01
-3.8640E-06,4.387E-01
-3.8640E-06,4.427E-01
-3.8580E-06,4.387E-01
-3.8580E-06,4.427E-01
-3.8520E-06,4.387E-01
-3.8520E-06,4.427E-01
-3.8460E-06,4.427E-01
-3.8460E-06,4.427E-01
-3.8400E-06,4.387E-01
-3.8400E-06,4.427E-01
-3.8340E-06,4.427E-01
-3.8340E-06,4.427E-01
-3.8280E-06,4.387E-01
-3.8280E-06,4.427E-01
-3.8220E-06,4.427E-01
-3.8220E-06,4.427E-01
-3.8160E-06,4.427E-01
-3.8160E-06,4.467E-01
-3.8100E-06,4.427E-01
-3.8100E-06,4.427E-01
-3.8040E-06,4.427E-01
-3.8040E-06,4.467E-01
-3.7980E-06,4.387E-01
-3.7980E-06,4.427E-01
-3.7920E-06,4.427E-01
-3.7920E-06,4.427E-01
-3.7860E-06,4.387E-01
-3.7860E-06,4.427E-01
-3.7800E-06,4.387E-01
-3.7800E-06,4.427E-01
-3.7740E-06,4.387E-01
-3.7740E-06,4.427E-01
-3.7680E-06,4.387E-01
-3.7680E-06,4.427E-01
-3.7620E-06,4.427E-01
-3.7620E-06,4.427E-01
-3.7560E-06,4.387E-01
-3.7560E-06,4.427E-01
-3.7500E-06,4.387E-01
-3.7500E-06,4.427E-01
-3.7440E-06,4.387E-01
-3.7440E-06,4.467E-01
-3.7380E-06,4.387E-01
-3.7380E-06,4.427E-01
-3.7320E-06,4.387E-01
-3.7320E-06,4.427E-01
-3.7260E-06,4.387E-01
-3.7260E-06,4.427E-01
-3.7200E-06,4.387E-01
-3.7200E-06,4.467E-01
-3.7140E-06,4.387E-01
-3.7140E-06,4.427E-01
-3.7080E-06,4.387E-01
-3.7080E-06,4.427E-01
-3.7020E-06,4.387E-01
-3.7020E-06,4.467E-01
-3.6960E-06,4.387E-01
-3.6960E-06,4.427E-01
-3.6900E-06,4.387E-01
-3.6900E-06,4.427E-01
-3.6840E-06,4.387E-01
-3.6840E-06,4.467E-01
-3.6780E-06,4.387E-01
-3.6780E-06,4.427E-01
-3.6720E-06,4.387E-01
-3.6720E-06,4.427E-01
-3.6660E-06,4.387E-01
-3.6660E-06,4.467E-01
-3.6600E-06,4.427E-01
-3.6600E-06,4.467E-01
-3.6540E-06,4.387E-01
-3.6540E-06,4.427E-01
-3.6480E-06,4.387E-01
-3.6480E-06,4.427E-01
-3.6420E-06,4.387E-01
-3.6420E-06,4.427E-01
-3.6360E-06,4.387E-01
-3.6360E-06,4.427E-01
-3.6300E-06,4.387E-01
-3.6300E-06,4.427E-01
-3.6240E-06,4.387E-01
-3.6240E-06,4.427E-01
-3.6180E-06,4.347E-01
-3.6180E-06,4.427E-01
-3.6120E-06,4.347E-01
-3.6120E-06,4.427E-01
-3.6060E-06,4.387E-01
-3.6060E-06,4.427E-01
-3.6000E-06,4.347E-01
-3.6000E-06,4.427E-01
-3.5940E-06,4.347E-01
-3.5940E-06,4.427E-01
-3.5880E-06,4.387E-01
-3.5880E-06,4.427E-01
-3.5820E-06,4.387E-01
-3.5820E-06,4.427E-01
-3.5760E-06,4.347E-01
-3.5760E-06,4.427E-01
-3.5700E-06,4.387E-01
-3.5700E-06,4.427E-01
-3.5640E-06,4.387E-01
-3.5640E-06,4.427E-01
-3.5580E-06,4.387E-01
-3.5580E-06,4.427E-01
-3.5520E-06,4.387E-01
-3.5520E-06,4.427E-01
-3.5460E-06,4.387E-01
-3.5460E-06,4.427E-01
-3.5400E-06,4.347E-01
-3.5400E-06,4.427E-01
-3.5340E-06,4.347E-01
-3.5340E-06,4.387E-01
-3.5280E-06,4.347E-01
-3.5280E-06,4.427E-01
-3.5220E-06,4.347E-01
-3.5220E-06,4.427E-01
-3.5160E-06,4.347E-01
-3.5160E-06,4.427E-01
-3.5100E-06,4.347E-01
-3.5100E-06,4.387E-01
-3.5040E-06,4.347E-01
-3.5040E-06,4.387E-01
-3.4980E-06,4.347E-01
-3.4980E-06,4.387E-01
-3.4920E-06,4.347E-01
-3.4920E-06,4.387E-01
-3.4860E-06,4.347E-01
-3.4860E-06,4.387E-01
-3.4800E-06,4.347E-01
-3.4800E-06,4.387E-01
-3.4740E-06,4.307E-01
-3.4740E-06,4.347E-01
-3.4680E-06,4.347E-01
-3.4680E-06,4.387E-01
-3.4620E-06,4.307E-01
-3.4620E-06,4.387E-01
-3.4560E-06,4.307E-01
-3.4560E-06,4.347E-01
-3.4500E-06,4.307E-01
-3.4500E-06,4.387E-01
-3.4440E-06,4.307E-01
-3.4440E-06,4.347E-01
-3.4380E-06,4.307E-01
-3.4380E-06,4.347E-01
-3.4320E-06,4.307E-01
-3.4320E-06,4.347E-01
-3.4260E-06,4.307E-01
-3.4260E-06,4.347E-01
-3.4200E-06,4.307E-01
-3.4200E-06,4.347E-01
-3.4140E-06,4.307E-01
-3.4140E-06,4.347E-01
-3.4080E-06,4.307E-01
-3.4080E-06,4.347E-01
-3.4020E-06,4.307E-01
-3.4020E-06,4.347E-01
-3.3960E-06,4.307E-01
-3.3960E-06,4.347E-01
-3.3900E-06,4.267E-01
-3.3900E-06,4.347E-01
-3.3840E-06,4.267E-01
-3.3840E-06,4.347E-01
-3.3780E-06,4.307E-01
-3.3780E-06,4.347E-01
-3.3720E-06,4.307E-01
-3.3720E-06,4.307E-01
-3.3660E-06,4.267E-01
-3.3660E-06,4.307E-01
-3.3600E-06,4.307E-01
-3.3600E-06,4.347E-01
-3.3540E-06,4.307E-01
-3.3540E-06,4.307E-01
-3.3480E-06,4.267E-01
-3.3480E-06,4.307E-01
-3.3420E-06,4.267E-01
-3.3420E-06,4.307E-01
-3.3360E-06,4.267E-01
-3.3360E-06,4.307E-01
-3.3300E-06,4.267E-01
-3.3300E-06,4.307E-01
-3.3240E-06,4.267E-01
-3.3240E-06,4.307E-01
-3.3180E-06,4.267E-01
-3.3180E-06,4.307E-01
-3.3120E-06,4.267E-01
-3.3120E-06,4.307E-01
-3.3060E-06,4.267E-01
-3.3060E-06,4.307E-01
-3.3000E-06,4.267E-01
-3.3000E-06,4.307E-01
-3.2940E-06,4.267E-01
-3.2940E-06,4.307E-01
-3.2880E-06,4.267E-01
-3.2880E-06,4.307E-01
-3.2820E-06,4.227E-01
-3.2820E-06,4.267E-01
-3.2760E-06,4.227E-01
-3.2760E-06,4.307E-01
-3.2700E-06,4.227E-01
-3.2700E-06,4.267E-01
-3.2640E-06,4.227E-01
-3.2640E-06,4.267E-01
-3.2580E-06,4.227E-01
-3.2580E-06,4.267E-01
-3.2520E-06,4.227E-01
-3.2520E-06,4.267E-01
-3.2460E-06,4.227E-01
-3.2460E-06,4.267E-01
-3.2400E-06,4.187E-01
-3.2400E-06,4.267E-01
-3.2340E-06,4.187E-01
-3.2340E-06,4.227E-01
-3.2280E-06,4.187E-01
-3.2280E-06,4.227E-01
-3.2220E-06,4.187E-01
-3.2220E-06,4.227E-01
-3.2160E-06,4.187E-01
-3.2160E-06,4.227E-01
-3.2100E-06,4.187E-01
-3.2100E-06,4.227E-01
-3.2040E-06,4.187E-01
-3.2040E-06,4.227E-01
-3.1980E-06,4.147E-01
-3.1980E-06,4.227E-01
-3.1920E-06,4.147E-01
-3.1920E-06,4.227E-01
-3.1860E-06,4.187E-01
-3.1860E-06,4.227E-01
-3.1800E-06,4.187E-01
-3.1800E-06,4.187E-01
-3.1740E-06,4.147E-01
-3.1740E-06,4.187E-01
-3.1680E-06,4.147E-01
-3.1680E-06,4.187E-01
-3.1620E-06,4.147E-01
-3.1620E-06,4.187E-01
-3.1560E-06,4.147E-01
-3.1560E-06,4.187E-01
-3.1500E-06,4.147E-01
-3.1500E-06,4.187E-01
-3.1440E-06,4.107E-01
-3.1440E-06,4.187E-01
-3.1380E-06,4.147E-01
-3.1380E-06,4.187E-01
-3.1320E-06,4.147E-01
-3.1320E-06,4.147E-01
-3.1260E-06,4.147E-01
-3.1260E-06,4.147E-01
-3.1200E-06,4.147E-01
-3.1200E-06,4.147E-01
-3.1140E-06,4.107E-01
-3.1140E-06,4.147E-01
-3.1080E-06,4.107E-01
-3.1080E-06,4.147E-01
-3.1020E-06,4.107E-01
-3.1020E-06,4.147E-01
-3.0960E-06,4.107E-01
-3.0960E-06,4.147E-01
-3.0900E-06,4.107E-01
-3.0900E-06,4.147E-01
-3.0840E-06,4.107E-01
-3.0840E-06,4.147E-01
-3.0780E-06,4.107E-01
-3.0780E-06,4.147E-01
-3.0720E-06,4.067E-01
-3.0720E-06,4.107E-01
-3.0660E-06,4.067E-01
-3.0660E-06,4.107E-01
-3.0600E-06,4.067E-01
-3.0600E-06,4.107E-01
-3.0540E-06,4.067E-01
-3.0540E-06,4.107E-01
-3.0480E-06,4.067E-01
-3.0480E-06,4.107E-01
-3.0420E-06,4.067E-01
-3.0420E-06,4.107E-01
-3.0360E-06,4.067E-01
-3.0360E-06,4.107E-01
-3.0300E-06,4.027E-01
-3.0300E-06,4.107E-01
-3.0240E-06,4.027E-01
-3.0240E-06,4.107E-01
-3.0180E-06,4.027E-01
-3.0180E-06,4.067E-01
-3.0120E-06,4.027E-01
-3.0120E-06,4.067E-01
-3.0060E-06,4.027E-01
-3.0060E-06,4.067E-01
-3.0000E-06,4.027E-01
-3.0000E-06,4.067E-01
-2.9940E-06,4.027E-01
-2.9940E-06,4.067E-01
-2.9880E-06,3.987E-01
-2.9880E-06,4.027E-01
-2.9820E-06,3.987E-01
-2.9820E-06,4.067E-01
-2.9760E-06,3.987E-01
-2.9760E-06,4.027E-01
-2.9700E-06,3.987E-01
-2.9700E-06,4.027E-01
-2.9640E-06,3.987E-01
-2.9640E-06,4.027E-01
-2.9580E-06,3.987E-01
-2.9580E-06,4.027E-01
-2.9520E-06,3.987E-01
-2.9520E-06,4.027E-01
-2.9460E-06,3.987E-01
-2.9460E-06,4.027E-01
-2.9400E-06,3.947E-01
-2.9400E-06,3.987E-01
-2.9340E-06,3.907E-01
-2.9340E-06,3.987E-01
-2.9280E-06,3.947E-01
-2.9280E-06,3.987E-01
-2.9220E-06,3.947E-01
-2.9220E-06,4.027E-01
-2.9160E-06,3.907E-01
-2.9160E-06,4.027E-01
-2.9100E-06,3.947E-01
-2.9100E-06,3.987E-01
-2.9040E-06,3.947E-01
-2.9040E-06,3.947E-01
-2.8980E-06,3.947E-01
-2.8980E-06,3.947E-01
-2.8920E-06,3.907E-01
-2.8920E-06,3.947E-01
-2.8860E-06,3.907E-01
-2.8860E-06,3.947E-01
-2.8800E-06,3.907E-01
-2.8800E-06,3.947E-01
-2.8740E-06,3.907E-01
-2.8740E-06,3.947E-01
-2.8680E-06,3.907E-01
-2.8680E-06,3.947E-01
-2.8620E-06,3.867E-01
-2.8620E-06,3.947E-01
-2.8560E-06,3.867E-01
-2.8560E-06,3.947E-01
-2.8500E-06,3.867E-01
-2.8500E-06,3.947E-01
-2.8440E-06,3.867E-01
-2.8440E-06,3.907E-01
-2.8380E-06,3.867E-01
-2.8380E-06,3.907E-01
-2.8320E-06,3.867E-01
-2.8320E-06,3.907E-01
-2.8260E-06,3.867E-01
-2.8260E-06,3.907E-01
-2.8200E-06,3.867E-01
-2.8200E-06,3.907E-01
-2.8140E-06,3.827E-01
-2.8140E-06,3.867E-01
-2.8080E-06,3.827E-01
-2.8080E-06,3.867E-01
-2.8020E-06,3.827E-01
-2.8020E-06,3.867E-01
-2.7960E-06,3.827E-01
-2.7960E-06,3.867E-01
-2.7900E-06,3.787E-01
-2.7900E-06,3.867E-01
-2.7840E-06,3.787E-01
-2.7840E-06,3.867E-01
-2.7780E-06,3.787E-01
-2.7780E-06,3.867E-01
-2.7720E-06,3.787E-01
-2.7720E-06,3.867E-01
-2.7660E-06,3.787E-01
-2.7660E-06,3.827E-01
-2.7600E-06,3.787E-01
-2.7600E-06,3.827E-01
-2.7540E-06,3.787E-01
-2.7540E-06,3.827E-01
-2.7480E-06,3.747E-01
-2.7480E-06,3.827E-01
-2.7420E-06,3.787E-01
-2.7420E-06,3.827E-01
-2.7360E-06,3.747E-01
-2.7360E-06,3.787E-01
-2.7300E-06,3.747E-01
-2.7300E-06,3.787E-01
-2.7240E-06,3.747E-01
-2.7240E-06,3.787E-01
-2.7180E-06,3.747E-01
-2.7180E-06,3.787E-01
-2.7120E-06,3.747E-01
-2.7120E-06,3.787E-01
-2.7060E-06,3.747E-01
-2.7060E-06,3.787E-01
-2.7000E-06,3.747E-01
-2.7000E-06,3.787E-01
-2.6940E-06,3.747E-01
-2.6940E-06,3.747E-01
-2.6880E-06,3.707E-01
-2.6880E-06,3.747E-01
-2.6820E-06,3.707E-01
-2.6820E-06,3.747E-01
-2.6760E-06,3.707E-01
-2.6760E-06,3.747E-01
-2.6700E-06,3.667E-01
-2.6700E-06,3.707E-01
-2.6640E-06,3.667E-01
-2.6640E-06,3.707E-01
-2.6580E-06,3.707E-01
-2.6580E-06,3.747E-01
-2.6520E-06,3.707E-01
-2.6520E-06,3.747E-01
-2.6460E-06,3.667E-01
-2.6460E-06,3.707E-01
-2.6400E-06,3.667E-01
-2.6400E-06,3.707E-01
-2.6340E-06,3.627E-01
-2.6340E-06,3.707E-01
-2.6280E-06,3.627E-01
-2.6280E-06,3.707E-01
-2.6220E-06,3.627E-01
-2.6220E-06,3.707E-01
-2.6160E-06,3.627E-01
-2.6160E-06,3.667E-01
-2.6100E-06,3.627E-01
-2.6100E-06,3.667E-01
-2.6040E-06,3.627E-01
-2.6040E-06,3.667E-01
-2.5980E-06,3.627E-01
-2.5980E-06,3.667E-01
-2.5920E-06,3.587E-01
-2.5920E-06,3.627E-01
-2.5860E-06,3.587E-01
-2.5860E-06,3.627E-01
-2.5800E-06,3.587E-01
-2.5800E-06,3.627E-01
-2.5740E-06,3.587E-01
-2.5740E-06,3.627E-01
-2.5680E-06,3.587E-01
-2.5680E-06,3.627E-01
-2.5620E-06,3.587E-01
-2.5620E-06,3.667E-01
-2.5560E-06,3.587E-01
-2.5560E-06,3.627E-01
-2.5500E-06,3.547E-01
-2.5500E-06,3.627E-01
-2.5440E-06,3.547E-01
-2.5440E-06,3.587E-01
-2.5380E-06,3.547E-01
-2.5380E-06,3.587E-01
-2.5320E-06,3.547E-01
-2.5320E-06,3.587E-01
-2.5260E-06,3.547E-01
-2.5260E-06,3.587E-01
-2.5200E-06,3.547E-01
-2.5200E-06,3.587E-01
-2.5140E-06,3.507E-01
-2.5140E-06,3.587E-01
-2.5080E-06,3.507E-01
-2.5080E-06,3.587E-01
-2.5020E-06,3.507E-01
-2.5020E-06,3.547E-01
-2.4960E-06,3.507E-01
-2.4960E-06,3.547E-01
-2.4900E-06,3.507E-01
-2.4900E-06,3.547E-01
-2.4840E-06,3.507E-01
-2.4840E-06,3.507E-01
-2.4780E-06,3.467E-01
-2.4780E-06,3.547E-01
-2.4720E-06,3.467E-01
-2.4720E-06,3.507E-01
-2.4660E-06,3.467E-01
-2.4660E-06,3.507E-01
-2.4600E-06,3.467E-01
-2.4600E-06,3.507E-01
-2.4540E-06,3.467E-01
-2.4540E-06,3.507E-01
-2.4480E-06,3.467E-01
-2.4480E-06,3.507E-01
-2.4420E-06,3.467E-01
-2.4420E-06,3.507E-01
-2.4360E-06,3.427E-01
-2.4360E-06,3.507E-01
-2.4300E-06,3.427E-01
-2.4300E-06,3.467E-01
-2.4240E-06,3.427E-01
-2.4240E-06,3.467E-01
-2.4180E-06,3.467E-01
-2.4180E-06,3.467E-01
-2.4120E-06,3.427E-01
-2.4120E-06,3.467E-01
-2.4060E-06,3.387E-01
-2.4060E-06,3.467E-01
-2.4000E-06,3.427E-01
-2.4000E-06,3.467E-01
-2.3940E-06,3.387E-01
-2.3940E-06,3.427E-01
-2.3880E-06,3.347E-01
-2.3880E-06,3.427E-01
-2.3820E-06,3.347E-01
-2.3820E-06,3.427E-01
-2.3760E-06,3.347E-01
-2.3760E-06,3.427E-01
-2.3700E-06,3.387E-01
-2.3700E-06,3.427E-01
-2.3640E-06,3.347E-01
-2.3640E-06,3.427E-01
-2.3580E-06,3.347E-01
-2.3580E-06,3.427E-01
-2.3520E-06,3.347E-01
-2.3520E-06,3.387E-01
-2.3460E-06,3.347E-01
-2.3460E-06,3.387E-01
-2.3400E-06,3.347E-01
-2.3400E-06,3.387E-01
-2.3340E-06,3.307E-01
-2.3340E-06,3.387E-01
-2.3280E-06,3.307E-01
-2.3280E-06,3.387E-01
-2.3220E-06,3.347E-01
-2.3220E-06,3.347E-01
-2.3160E-06,3.307E-01
-2.3160E-06,3.347E-01
-2.3100E-06,3.307E-01
-2.3100E-06,3.347E-01
-2.3040E-06,3.307E-01
-2.3040E-06,3.347E-01
-2.2980E-06,3.307E-01
-2.2980E-06,3.387E-01
-2.2920E-06,3.267E-01
-2.2920E-06,3.307E-01
-2.2860E-06,3.267E-01
-2.2860E-06,3.347E-01
-2.2800E-06,3.267E-01
-2.2800E-06,3.347E-01
-2.2740E-06,3.267E-01
-2.2740E-06,3.307E-01
-2.2680E-06,3.267E-01
-2.2680E-06,3.307E-01
-2.2620E-06,3.267E-01
-2.2620E-06,3.307E-01
-2.2560E-06,3.267E-01
-2.2560E-06,3.307E-01
-2.2500E-06,3.227E-01
-2.2500E-06,3.307E-01
-2.2440E-06,3.227E-01
-2.2440E-06,3.267E-01
-2.2380E-06,3.267E-01
-2.2380E-06,3.307E-01
-2.2320E-06,3.267E-01
-2.2320E-06,3.307E-01
-2.2260E-06,3.227E-01
-2.2260E-06,3.267E-01
-2.2200E-06,3.227E-01
-2.2200E-06,3.267E-01
-2.2140E-06,3.227E-01
-2.2140E-06,3.267E-01
-2.2080E-06,3.227E-01
-2.2080E-06,3.267E-01
-2.2020E-06,3.227E-01
-2.2020E-06,3.227E-01
-2.1960E-06,3.227E-01
-2.1960E-06,3.267E-01
-2.1900E-06,3.187E-01
-2.1900E-06,3.227E-01
-2.1840E-06,3.187E-01
-2.1840E-06,3.187E-01
-2.1780E-06,3.187E-01
-2.1780E-06,3.227E-01
-2.1720E-06,3.187E-01
-2.1720E-06,3.227E-01
-2.1660E-06,3.147E-01
-2.1660E-06,3.227E-01
-2.1600E-06,3.147E-01
-2.1600E-06,3.227E-01
-2.1540E-06,3.187E-01
-2.1540E-06,3.187E-01
-2.1480E-06,3.147E-01
-2.1480E-06,3.187E-01
-2.1420E-06,3.147E-01
-2.1420E-06,3.187E-01
-2.1360E-06,3.147E-01
-2.1360E-06,3.227E-01
-2.1300E-06,3.147E-01
-2.1300E-06,3.187E-01
-2.1240E-06,3.147E-01
-2.1240E-06,3.187E-01
-2.1180E-06,3.107E-01
-2.1180E-06,3.187E-01
-2.1120E-06,3.147E-01
-2.1120E-06,3.187E-01
-2.1060E-06,3.107E-01
-2.1060E-06,3.147E-01
-2.1000E-06,3.107E-01
-2.1000E-06,3.147E-01
-2.0940E-06,3.107E-01
-2.0940E-06,3.147E-01
-2.0880E-06,3.107E-01
-2.0880E-06,3.147E-01
-2.0820E-06,3.067E-01
-2.0820E-06,3.147E-01
-2.0760E-06,3.067E-01
-2.0760E-06,3.107E-01
-2.0700E-06,3.107E-01
-2.0700E-06,3.147E-01
-2.0640E-06,3.067E-01
-2.0640E-06,3.107E-01
-2.0580E-06,3.067E-01
-2.0580E-06,3.107E-01
-2.0520E-06,3.067E-01
-2.0520E-06,3.107E-01
-2.0460E-06,3.067E-01
-2.0460E-06,3.107E-01
-2.0400E-06,3.067E-01
-2.0400E-06,3.107E-01
-2.0340E-06,3.067E-01
-2.0340E-06,3.107E-01
-2.0280E-06,3.027E-01
-2.0280E-06,3.067E-01
-2.0220E-06,3.027E-01
-2.0220E-06,3.067E-01
-2.0160E-06,3.067E-01
-2.0160E-06,3.067E-01
-2.0100E-06,3.027E-01
-2.0100E-06,3.067E-01
-2.0040E-06,3.027E-01
-2.0040E-06,3.067E-01
-1.9980E-06,3.027E-01
-1.9980E-06,3.067E-01
-1.9920E-06,2.987E-01
-1.9920E-06,3.027E-01
-1.9860E-06,3.027E-01
-1.9860E-06,3.067E-01
-1.9800E-06,3.027E-01
-1.9800E-06,3.027E-01
-1.9740E-06,3.027E-01
-1.9740E-06,3.027E-01
-1.9680E-06,3.027E-01
-1.9680E-06,3.027E-01
-1.9620E-06,3.027E-01
-1.9620E-06,3.027E-01
-1.9560E-06,2.987E-01
-1.9560E-06,3.027E-01
-1.9500E-06,2.987E-01
-1.9500E-06,3.027E-01
-1.9440E-06,2.987E-01
-1.9440E-06,3.027E-01
-1.9380E-06,2.987E-01
-1.9380E-06,3.027E-01
-1.9320E-06,2.987E-01
-1.9320E-06,3.027E-01
-1.9260E-06,2.987E-01
-1.9260E-06,2.987E-01
-1.9200E-06,2.987E-01
-1.9200E-06,3.027E-01
-1.9140E-06,2.947E-01
-1.9140E-06,2.987E-01
-1.9080E-06,2.947E-01
-1.9080E-06,3.027E-01
-1.9020E-06,2.947E-01
-1.9020E-06,2.987E-01
-1.8960E-06,2.947E-01
-1.8960E-06,2.987E-01
-1.8900E-06,2.947E-01
-1.8900E-06,3.027E-01
-1.8840E-06,2.947E-01
-1.8840E-06,2.987E-01
-1.8780E-06,2.907E-01
-1.8780E-06,2.987E-01
-1.8720E-06,2.947E-01
-1.8720E-06,2.987E-01
-1.8660E-06,2.907E-01
-1.8660E-06,2.987E-01
-1.8600E-06,2.947E-01
-1.8600E-06,2.987E-01
-1.8540E-06,2.947E-01
-1.8540E-06,2.987E-01
-1.8480E-06,2.907E-01
-1.8480E-06,2.987E-01
-1.8420E-06,2.907E-01
-1.8420E-06,2.947E-01
-1.8360E-06,2.907E-01
-1.8360E-06,2.947E-01
-1.8300E-06,2.907E-01
-1.8300E-06,2.947E-01
-1.8240E-06,2.907E-01
-1.8240E-06,2.947E-01
-1.8180E-06,2.907E-01
-1.8180E-06,2.947E-01
-1.8120E-06,2.907E-01
-1.8120E-06,2.947E-01
-1.8060E-06,2.867E-01
-1.8060E-06,2.907E-01
-1.8000E-06,2.867E-01
-1.8000E-06,2.907E-01
-1.7940E-06,2.907E-01
-1.7940E-06,2.947E-01
-1.7880E-06,2.867E-01
-1.7880E-06,2.907E-01
-1.7820E-06,2.867E-01
-1.7820E-06,2.947E-01
-1.7760E-06,2.867E-01
-1.7760E-06,2.947E-01
-1.7700E-06,2.907E-01
-1.7700E-06,2.947E-01
-1.7640E-06,2.867E-01
-1.7640E-06,2.907E-01
-1.7580E-06,2.867E-01
-1.7580E-06,2.907E-01
-1.7520E-06,2.867E-01
-1.7520E-06,2.907E-01
-1.7460E-06,2.867E-01
-1.7460E-06,2.907E-01
-1.7400E-06,2.867E-01
-1.7400E-06,2.907E-01
-1.7340E-06,2.867E-01
-1.7340E-06,2.867E-01
-1.7280E-06,2.827E-01
-1.7280E-06,2.907E-01
-1.7220E-06,2.827E-01
-1.7220E-06,2.867E-01
-1.7160E-06,2.827E-01
-1.7160E-06,2.867E-01
-1.7100E-06,2.827E-01
-1.7100E-06,2.867E-01
-1.7040E-06,2.827E-01
-1.7040E-06,2.867E-01
-1.6980E-06,2.827E-01
-1.6980E-06,2.867E-01
-1.6920E-06,2.827E-01
-1.6920E-06,2.867E-01
-1.6860E-06,2.827E-01
-1.6860E-06,2.867E-01
-1.6800E-06,2.827E-01
-1.6800E-06,2.827E-01
-1.6740E-06,2.827E-01
-1.6740E-06,2.867E-01
-1.6680E-06,2.827E-01
-1.6680E-06,2.867E-01
-1.6620E-06,2.827E-01
-1.6620E-06,2.867E-01
-1.6560E-06,2.827E-01
-1.6560E-06,2.867E-01
-1.6500E-06,2.827E-01
-1.6500E-06,2.867E-01
-1.6440E-06,2.787E-01
-1.6440E-06,2.867E-01
-1.6380E-06,2.827E-01
-1.6380E-06,2.867E-01
-1.6320E-06,2.827E-01
-1.6320E-06,2.827E-01
-1.6260E-06,2.827E-01
-1.6260E-06,2.867E-01
-1.6200E-06,2.787E-01
-1.6200E-06,2.867E-01
-1.6140E-06,2.787E-01
-1.6140E-06,2.827E-01
-1.6080E-06,2.787E-01
-1.6080E-06,2.827E-01
-1.6020E-06,2.827E-01
-1.6020E-06,2.867E-01
-1.5960E-06,2.787E-01
-1.5960E-06,2.867E-01
-1.5900E-06,2.747E-01
-1.5900E-06,2.827E-01
-1.5840E-06,2.787E-01
-1.5840E-06,2.827E-01
-1.5780E-06,2.787E-01
-1.5780E-06,2.827E-01
-1.5720E-06,2.787E-01
-1.5720E-06,2.827E-01
-1.5660E-06,2.787E-01
-1.5660E-06,2.787E-01
-1.5600E-06,2.787E-01
-1.5600E-06,2.827E-01
-1.5540E-06,2.787E-01
-1.5540E-06,2.787E-01
-1.5480E-06,2.747E-01
-1.5480E-06,2.827E-01
-1.5420E-06,2.747E-01
-1.5420E-06,2.827E-01
-1.5360E-06,2.787E-01
-1.5360E-06,2.827E-01
-1.5300E-06,2.787E-01
-1.5300E-06,2.787E-01
-1.5240E-06,2.747E-01
-1.5240E-06,2.787E-01
-1.5180E-06,2.787E-01
-1.5180E-06,2.827E-01
-1.5120E-06,2.787E-01
-1.5120E-06,2.787E-01
-1.5060E-06,2.747E-01
-1.5060E-06,2.787E-01
-1.5000E-06,2.747E-01
-1.5000E-06,2.827E-01
-1.4940E-06,2.747E-01
-1.4940E-06,2.787E-01
-1.4880E-06,2.747E-01
-1.4880E-06,2.787E-01
-1.4820E-06,2.747E-01
-1.4820E-06,2.787E-01
-1.4760E-06,2.747E-01
-1.4760E-06,2.787E-01
-1.4700E-06,2.747E-01
-1.4700E-06,2.787E-01
-1.4640E-06,2.747E-01
-1.4640E-06,2.787E-01
-1.4580E-06,2.747E-01
-1.4580E-06,2.787E-01
-1.4520E-06,2.747E-01
-1.4520E-06,2.787E-01
-1.4460E-06,2.747E-01
-1.4460E-06,2.787E-01
-1.4400E-06,2.747E-01
-1.4400E-06,2.787E-01
-1.4340E-06,2.707E-01
-1.4340E-06,2.787E-01
-1.4280E-06,2.747E-01
-1.4280E-06,2.787E-01
-1.4220E-06,2.747E-01
-1.4220E-06,2.787E-01
-1.4160E-06,2.747E-01
-1.4160E-06,2.787E-01
-1.4100E-06,2.747E-01
-1.4100E-06,2.747E-01
-1.4040E-06,2.747E-01
-1.4040E-06,2.787E-01
-1.3980E-06,2.707E-01
-1.3980E-06,2.787E-01
-1.3920E-06,2.747E-01
-1.3920E-06,2.787E-01
-1.3860E-06,2.747E-01
-1.3860E-06,2.787E-01
-1.3800E-06,2.747E-01
-1.3800E-06,2.787E-01
-1.3740E-06,2.707E-01
-1.3740E-06,2.787E-01
-1.3680E-06,2.747E-01
-1.3680E-06,2.787E-01
-1.3620E-06,2.747E-01
-1.3620E-06,2.787E-01
-1.3560E-06,2.707E-01
-1.3560E-06,2.787E-01
-1.3500E-06,2.707E-01
-1.3500E-06,2.787E-01
-1.3440E-06,2.747E-01
-1.3440E-06,2.787E-01
-1.3380E-06,2.747E-01
-1.3380E-06,2.787E-01
-1.3320E-06,2.707E-01
-1.3320E-06,2.787E-01
-1.3260E-06,2.707E-01
-1.3260E-06,2.787E-01
-1.3200E-06,2.747E-01
-1.3200E-06,2.747E-01
-1.3140E-06,2.747E-01
-1.3140E-06,2.747E-01
-1.3080E-06,2.707E-01
-1.3080E-06,2.787E-01
-1.3020E-06,2.747E-01
-1.3020E-06,2.787E-01
-1.2960E-06,2.747E-01
-1.2960E-06,2.747E-01
-1.2900E-06,2.747E-01
-1.2900E-06,2.747E-01
-1.2840E-06,2.747E-01
-1.2840E-06,2.787E-01
-1.2780E-06,2.747E-01
-1.2780E-06,2.787E-01
-1.2720E-06,2.707E-01
-1.2720E-06,2.787E-01
-1.2660E-06,2.747E-01
-1.2660E-06,2.787E-01
-1.2600E-06,2.747E-01
-1.2600E-06,2.787E-01
-1.2540E-06,2.707E-01
-1.2540E-06,2.787E-01
-1.2480E-06,2.747E-01
-1.2480E-06,2.787E-01
-1.2420E-06,2.747E-01
-1.2420E-06,2.787E-01
-1.2360E-06,2.707E-01
-1.2360E-06,2.787E-01
-1.2300E-06,2.747E-01
-1.2300E-06,2.787E-01
-1.2240E-06,2.747E-01
-1.2240E-06,2.787E-01
-1.2180E-06,2.747E-01
-1.2180E-06,2.747E-01
-1.2120E-06,2.747E-01
-1.2120E-06,2.787E-01
-1.2060E-06,2.747E-01
-1.2060E-06,2.787E-01
-1.2000E-06,2.747E-01
-1.2000E-06,2.787E-01
-1.1940E-06,2.747E-01
-1.1940E-06,2.787E-01
-1.1880E-06,2.747E-01
-1.1880E-06,2.787E-01
-1.1820E-06,2.747E-01
-1.1820E-06,2.787E-01
-1.1760E-06,2.747E-01
-1.1760E-06,2.787E-01
-1.1700E-06,2.747E-01
-1.1700E-06,2.787E-01
-1.1640E-06,2.747E-01
-1.1640E-06,2.787E-01
-1.1580E-06,2.747E-01
-1.1580E-06,2.787E-01
-1.1520E-06,2.747E-01
-1.1520E-06,2.787E-01
-1.1460E-06,2.747E-01
-1.1460E-06,2.787E-01
-1.1400E-06,2.747E-01
-1.1400E-06,2.787E-01
-1.1340E-06,2.747E-01
-1.1340E-06,2.787E-01
-1.1280E-06,2.747E-01
-1.1280E-06,2.787E-01
-1.1220E-06,2.747E-01
-1.1220E-06,2.827E-01
-1.1160E-06,2.747E-01
-1.1160E-06,2.787E-01
-1.1100E-06,2.747E-01
-1.1100E-06,2.787E-01
-1.1040E-06,2.747E-01
-1.1040E-06,2.787E-01
-1.0980E-06,2.747E-01
-1.0980E-06,2.787E-01
-1.0920E-06,2.747E-01
-1.0920E-06,2.827E-01
-1.0860E-06,2.747E-01
-1.0860E-06,2.787E-01
-1.0800E-06,2.787E-01
-1.0800E-06,2.827E-01
-1.0740E-06,2.787E-01
-1.0740E-06,2.827E-01
-1.0680E-06,2.747E-01
-1.0680E-06,2.827E-01
-1.0620E-06,2.787E-01
-1.0620E-06,2.827E-01
-1.0560E-06,2.787E-01
-1.0560E-06,2.827E-01
-1.0500E-06,2.787E-01
-1.0500E-06,2.787E-01
-1.0440E-06,2.787E-01
-1.0440E-06,2.827E-01
-1.0380E-06,2.787E-01
-1.0380E-06,2.827E-01
-1.0320E-06,2.787E-01
-1.0320E-06,2.827E-01
-1.0260E-06,2.787E-01
-1.0260E-06,2.827E-01
-1.0200E-06,2.787E-01
-1.0200E-06,2.827E-01
-1.0140E-06,2.787E-01
-1.0140E-06,2.827E-01
-1.0080E-06,2.787E-01
-1.0080E-06,2.867E-01
-1.0020E-06,2.827E-01
-1.0020E-06,2.867E-01
-9.9600E-07,2.787E-01
-9.9600E-07,2.867E-01
-9.9000E-07,2.827E-01
-9.9000E-07,2.827E-01
-9.8400E-07,2.787E-01
-9.8400E-07,2.827E-01
-9.7800E-07,2.787E-01
-9.7800E-07,2.827E-01
-9.7200E-07,2.787E-01
-9.7200E-07,2.827E-01
-9.6600E-07,2.787E-01
-9.6600E-07,2.867E-01
-9.6000E-07,2.827E-01
-9.6000E-07,2.867E-01
-9.5400E-07,2.827E-01
-9.5400E-07,2.827E-01
-9.4800E-07,2.827E-01
-9.4800E-07,2.867E-01
-9.4200E-07,2.827E-01
-9.4200E-07,2.867E-01
-9.3600E-07,2.827E-01
-9.3600E-07,2.867E-01
-9.3000E-07,2.787E-01
-9.3000E-07,2.867E-01
-9.2400E-07,2.827E-01
-9.2400E-07,2.867E-01
-9.1800E-07,2.827E-01
-9.1800E-07,2.867E-01
-9.1200E-07,2.827E-01
-9.1200E-07,2.907E-01
-9.0600E-07,2.827E-01
-9.0600E-07,2.867E-01
-9.0000E-07,2.827E-01
-9.0000E-07,2.907E-01
-8.9400E-07,2.827E-01
-8.9400E-07,2.907E-01
-8.8800E-07,2.827E-01
-8.8800E-07,2.867E-01
-8.8200E-07,2.867E-01
-8.8200E-07,2.907E-01
-8.7600E-07,2.827E-01
-8.7600E-07,2.907E-01
-8.7000E-07,2.867E-01
-8.7000E-07,2.907E-01
-8.6400E-07,2.867E-01
-8.6400E-07,2.907E-01
-8.5800E-07,2.867E-01
-8.5800E-07,2.907E-01
-8.5200E-07,2.867E-01
-8.5200E-07,2.907E-01
-8.4600E-07,2.907E-01
-8.4600E-07,2.907E-01
-8.4000E-07,2.867E-01
-8.4000E-07,2.947E-01
-8.3400E-07,2.867E-01
-8.3400E-07,2.947E-01
-8.2800E-07,2.907E-01
-8.2800E-07,2.947E-01
-8.2200E-07,2.867E-01
-8.2200E-07,2.947E-01
-8.1600E-07,2.867E-01
-8.1600E-07,2.907E-01
-8.1000E-07,2.907E-01
-8.1000E-07,2.947E-01
-8.0400E-07,2.907E-01
-8.0400E-07,2.947E-01
-7.9800E-07,2.907E-01
-7.9800E-07,2.947E-01
-7.9200E-07,2.907E-01
-7.9200E-07,2.947E-01
-7.8600E-07,2.907E-01
-7.8600E-07,2.987E-01
-7.8000E-07,2.907E-01
-7.8000E-07,2.987E-01
-7.7400E-07,2.907E-01
-7.7400E-07,2.947E-01
-7.6800E-07,2.907E-01
-7.6800E-07,2.987E-01
-7.6200E-07,2.907E-01
-7.6200E-07,2.987E-01
-7.5600E-07,2.907E-01
-7.5600E-07,2.947E-01
-7.5000E-07,2.947E-01
-7.5000E-07,2.987E-01
-7.4400E-07,2.947E-01
-7.4400E-07,2.987E-01
-7.3800E-07,2.947E-01
-7.3800E-07,2.987E-01
-7.3200E-07,2.947E-01
-7.3200E-07,2.987E-01
-7.2600E-07,2.947E-01
-7.2600E-07,3.027E-01
-7.2000E-07,2.947E-01
-7.2000E-07,3.027E-01
-7.1400E-07,2.947E-01
-7.1400E-07,3.027E-01
-7.0800E-07,2.947E-01
-7.0800E-07,3.027E-01
-7.0200E-07,2.987E-01
-7.0200E-07,3.027E-01
-6.9600E-07,2.987E-01
-6.9600E-07,3.027E-01
-6.9000E-07,2.987E-01
-6.9000E-07,3.027E-01
-6.8400E-07,2.987E-01
-6.8400E-07,3.027E-01
-6.7800E-07,2.987E-01
-6.7800E-07,3.027E-01
-6.7200E-07,2.987E-01
-6.7200E-07,3.027E-01
-6.6600E-07,2.987E-01
-6.6600E-07,3.027E-01
-6.6000E-07,2.947E-01
-6.6000E-07,3.027E-01
-6.5400E-07,2.947E-01
-6.5400E-07,3.067E-01
-6.4800E-07,3.027E-01
-6.4800E-07,3.067E-01
-6.4200E-07,3.027E-01
-6.4200E-07,3.067E-01
-6.3600E-07,3.027E-01
-6.3600E-07,3.067E-01
-6.3000E-07,3.027E-01
-6.3000E-07,3.067E-01
-6.2400E-07,3.027E-01
-6.2400E-07,3.067E-01
-6.1800E-07,3.067E-01
-6.1800E-07,3.107E-01
-6.1200E-07,3.027E-01
-6.1200E-07,3.107E-01
-6.0600E-07,3.027E-01
-6.0600E-07,3.067E-01
-6.0000E-07,3.067E-01
-6.0000E-07,3.107E-01
-5.9400E-07,3.067E-01
-5.9400E-07,3.107E-01
-5.8800E-07,3.067E-01
-5.8800E-07,3.107E-01
-5.8200E-07,3.067E-01
-5.8200E-07,3.107E-01
-5.7600E-07,3.067E-01
-5.7600E-07,3.107E-01
-5.7000E-07,3.067E-01
-5.7000E-07,3.147E-01
-5.6400E-07,3.067E-01
-5.6400E-07,3.147E-01
-5.5800E-07,3.067E-01
-5.5800E-07,3.147E-01
-5.5200E-07,3.107E-01
-5.5200E-07,3.147E-01
-5.4600E-07,3.107E-01
-5.4600E-07,3.147E-01
-5.4000E-07,3.107E-01
-5.4000E-07,3.147E-01
-5.3400E-07,3.107E-01
-5.3400E-07,3.147E-01
-5.2800E-07,3.107E-01
-5.2800E-07,3.187E-01
-5.2200E-07,3.107E-01
-5.2200E-07,3.147E-01
-5.1600E-07,3.147E-01
-5.1600E-07,3.147E-01
-5.1000E-07,3.107E-01
-5.1000E-07,3.147E-01
-5.0400E-07,3.147E-01
-5.0400E-07,3.187E-01
-4.9800E-07,3.147E-01
-4.9800E-07,3.187E-01
-4.9200E-07,3.147E-01
-4.9200E-07,3.187E-01
-4.8600E-07,3.147E-01
-4.8600E-07,3.187E-01
-4.8000E-07,3.187E-01
-4.8000E-07,3.187E-01
-4.7400E-07,3.147E-01
-4.7400E-07,3.187E-01
-4.6800E-07,3.147E-01
-4.6800E-07,3.187E-01
-4.6200E-07,3.147E-01
-4.6200E-07,3.227E-01
-4.5600E-07,3.187E-01
-4.5600E-07,3.227E-01
-4.5000E-07,3.187E-01
-4.5000E-07,3.227E-01
-4.4400E-07,3.187E-01
-4.4400E-07,3.227E-01
-4.3800E-07,3.187E-01
-4.3800E-07,3.227E-01
-4.3200E-07,3.187E-01
-4.3200E-07,3.227E-01
-4.2600E-07,3.187E-01
-4.2600E-07,3.267E-01
-4.2000E-07,3.187E-01
-4.2000E-07,3.267E-01
-4.1400E-07,3.227E-01
-4.1400E-07,3.267E-01
-4.0800E-07,3.227E-01
-4.0800E-07,3.267E-01
-4.0200E-07,3.267E-01
-4.0200E-07,3.267E-01
-3.9600E-07,3.227E-01
-3.9600E-07,3.267E-01
-3.9000E-07,3.267E-01
-3.9000E-07,3.267E-01
-3.8400E-07,3.227E-01
-3.8400E-07,3.307E-01
-3.7800E-07,3.267E-01
-3.7800E-07,3.307E-01
-3.7200E-07,3.227E-01
-3.7200E-07,3.267E-01
-3.6600E-07,3.227E-01
-3.6600E-07,3.307E-01
-3.6000E-07,3.267E-01
-3.6000E-07,3.307E-01
-3.5400E-07,3.267E-01
-3.5400E-07,3.307E-01
-3.4800E-07,3.267E-01
-3.4800E-07,3.347E-01
-3.4200E-07,3.307E-01
-3.4200E-07,3.347E-01
-3.3600E-07,3.307E-01
-3.3600E-07,3.347E-01
-3.3000E-07,3.307E-01
-3.3000E-07,3.347E-01
-3.2400E-07,3.307E-01
-3.2400E-07,3.347E-01
-3.1800E-07,3.307E-01
-3.1800E-07,3.347E-01
-3.1200E-07,3.307E-01
-3.1200E-07,3.347E-01
-3.0600E-07,3.347E-01
-3.0600E-07,3.387E-01
-3.0000E-07,3.307E-01
-3.0000E-07,3.347E-01
-2.9400E-07,3.347E-01
-2.9400E-07,3.387E-01
-2.8800E-07,3.347E-01
-2.8800E-07,3.387E-01
-2.8200E-07,3.347E-01
-2.8200E-07,3.387E-01
-2.7600E-07,3.347E-01
-2.7600E-07,3.387E-01
-2.7000E-07,3.347E-01
-2.7000E-07,3.427E-01
-2.6400E-07,3.347E-01
-2.6400E-07,3.427E-01
-2.5800E-07,3.387E-01
-2.5800E-07,3.427E-01
-2.5200E-07,3.387E-01
-2.5200E-07,3.427E-01
-2.4600E-07,3.387E-01
-2.4600E-07,3.427E-01
-2.4000E-07,3.387E-01
-2.4000E-07,3.467E-01
-2.3400E-07,3.387E-01
-2.3400E-07,3.467E-01
-2.2800E-07,3.427E-01
-2.2800E-07,3.427E-01
-2.2200E-07,3.427E-01
-2.2200E-07,3.467E-01
-2.1600E-07,3.427E-01
-2.1600E-07,3.467E-01
-2.1000E-07,3.427E-01
-2.1000E-07,3.467E-01
-2.0400E-07,3.427E-01
-2.0400E-07,3.467E-01
-1.9800E-07,3.467E-01
-1.9800E-07,3.507E-01
-1.9200E-07,3.427E-01
-1.9200E-07,3.507E-01
-1.8600E-07,3.467E-01
-1.8600E-07,3.507E-01
-1.8000E-07,3.467E-01
-1.8000E-07,3.507E-01
-1.7400E-07,3.467E-01
-1.7400E-07,3.507E-01
-1.6800E-07,3.467E-01
-1.6800E-07,3.507E-01
-1.6200E-07,3.467E-01
-1.6200E-07,3.547E-01
-1.5600E-07,3.507E-01
-1.5600E-07,3.547E-01
-1.5000E-07,3.507E-01
-1.5000E-07,3.547E-01
-1.4400E-07,3.467E-01
-1.4400E-07,3.587E-01
-1.3800E-07,3.507E-01
-1.3800E-07,3.587E-01
-1.3200E-07,3.507E-01
-1.3200E-07,3.547E-01
-1.2600E-07,3.507E-01
-1.2600E-07,3.587E-01
-1.2000E-07,3.507E-01
-1.2000E-07,3.547E-01
-1.1400E-07,3.507E-01
-1.1400E-07,3.587E-01
-1.0800E-07,3.547E-01
-1.0800E-07,3.587E-01
-1.0200E-07,3.547E-01
-1.0200E-07,3.587E-01
-9.5998E-08,3.547E-01
-9.5998E-08,3.627E-01
-8.9998E-08,3.547E-01
-8.9998E-08,3.627E-01
-8.3998E-08,3.587E-01
-8.3998E-08,3.627E-01
-7.7998E-08,3.587E-01
-7.7998E-08,3.627E-01
-7.1998E-08,3.587E-01
-7.1998E-08,3.667E-01
-6.5998E-08,3.587E-01
-6.5998E-08,3.627E-01
-5.9998E-08,3.587E-01
-5.9998E-08,3.627E-01
-5.3998E-08,3.587E-01
-5.3998E-08,3.627E-01
-4.7998E-08,3.587E-01
-4.7998E-08,3.627E-01
-4.1998E-08,3.587E-01
-4.1998E-08,3.667E-01
-3.5998E-08,3.627E-01
-3.5998E-08,3.667E-01
-2.9998E-08,3.627E-01
-2.9998E-08,3.667E-01
-2.3998E-08,3.627E-01
-2.3998E-08,3.707E-01
-1.7998E-08,3.627E-01
-1.7998E-08,3.707E-01
-1.1998E-08,3.667E-01
-1.1998E-08,3.707E-01
-5.9979E-09,3.667E-01
-5.9979E-09,3.707E-01
2.1214E-12,3.667E-01
2.1214E-12,3.707E-01
6.0021E-09,3.667E-01
6.0021E-09,3.707E-01
1.2002E-08,3.667E-01
1.2002E-08,3.707E-01
1.8002E-08,3.667E-01
1.8002E-08,3.747E-01
2.4002E-08,3.667E-01
2.4002E-08,3.747E-01
3.0002E-08,3.707E-01
3.0002E-08,3.747E-01
3.6002E-08,3.707E-01
3.6002E-08,3.747E-01
4.2002E-08,3.707E-01
4.2002E-08,3.747E-01
4.8002E-08,3.747E-01
4.8002E-08,3.747E-01
5.4002E-08,3.707E-01
5.4002E-08,3.787E-01
6.0002E-08,3.747E-01
6.0002E-08,3.787E-01
6.6002E-08,3.707E-01
6.6002E-08,3.747E-01
7.2002E-08,3.747E-01
7.2002E-08,3.787E-01
7.8002E-08,3.747E-01
7.8002E-08,3.787E-01
8.4002E-08,3.747E-01
8.4002E-08,3.787E-01
9.0002E-08,3.747E-01
9.0002E-08,3.787E-01
9.6002E-08,3.747E-01
9.6002E-08,3.787E-01
1.0200E-07,3.747E-01
1.0200E-07,3.787E-01
1.0800E-07,3.787E-01
1.0800E-07,3.827E-01
1.1400E-07,3.787E-01
1.1400E-07,3.827E-01
1.2000E-07,3.787E-01
1.2000E-07,3.827E-01
1.2600E-07,3.787E-01
1.2600E-07,3.867E-01
1.3200E-07,3.787E-01
1.3200E-07,3.867E-01
1.3800E-07,3.787E-01
1.3800E-07,3.827E-01
1.4400E-07,3.787E-01
1.4400E-07,3.867E-01
1.5000E-07,3.827E-01
1.5000E-07,3.867E-01
1.5600E-07,3.827E-01
1.5600E-07,3.867E-01
1.6200E-07,3.827E-01
1.6200E-07,3.867E-01
1.6800E-07,3.827E-01
1.6800E-07,3.867E-01
1.7400E-07,3.867E-01
1.7400E-07,3.907E-01
1.8000E-07,3.867E-01
1.8000E-07,3.907E-01
1.8600E-07,3.867E-01
1.8600E-07,3.907E-01
1.9200E-07,3.827E-01
1.9200E-07,3.907E-01
1.9800E-07,3.827E-01
1.9800E-07,3.947E-01
2.0400E-07,3.867E-01
2.0400E-07,3.907E-01
2.1000E-07,3.907E-01
2.1000E-07,3.907E-01
2.1600E-07,3.907E-01
2.1600E-07,3.947E-01
2.2200E-07,3.907E-01
2.2200E-07,3.947E-01
2.2800E-07,3.907E-01
2.2800E-07,3.947E-01
2.3400E-07,3.907E-01
2.3400E-07,3.947E-01
2.4000E-07,3.907E-01
2.4000E-07,3.947E-01
2.4600E-07,3.907E-01
2.4600E-07,3.987E-01
2.5200E-07,3.907E-01
2.5200E-07,3.987E-01
2.5800E-07,3.947E-01
2.5800E-07,3.987E-01
2.6400E-07,3.947E-01
2.6400E-07,3.987E-01
2.7000E-07,3.947E-01
2.7000E-07,3.987E-01
2.7600E-07,3.947E-01
2.7600E-07,3.987E-01
2.8200E-07,3.987E-01
2.8200E-07,4.027E-01
2.8800E-07,3.987E-01
2.8800E-07,4.027E-01
2.9400E-07,3.947E-01
2.9400E-07,4.027E-01
3.0000E-07,3.987E-01
3.0000E-07,4.027E-01
3.0600E-07,3.947E-01
3.0600E-07,4.027E-01
3.1200E-07,3.987E-01
3.1200E-07,4.027E-01
3.1800E-07,3.987E-01
3.1800E-07,4.027E-01
3.2400E-07,3.987E-01
3.2400E-07,4.027E-01
3.3000E-07,3.987E-01
3.3000E-07,4.067E-01
3.3600E-07,4.027E-01
3.3600E-07,4.067E-01
3.4200E-07,3.987E-01
3.4200E-07,4.027E-01
3.4800E-07,3.987E-01
3.4800E-07,4.107E-01
3.5400E-07,4.027E-01
3.5400E-07,4.067E-01
3.6000E-07,4.027E-01
3.6000E-07,4.067E-01
3.6600E-07,4.027E-01
3.6600E-07,4.067E-01
3.7200E-07,4.027E-01
3.7200E-07,4.067E-01
3.7800E-07,4.067E-01
3.7800E-07,4.107E-01
3.8400E-07,4.067E-01
3.8400E-07,4.107E-01
3.9000E-07,4.067E-01
3.9000E-07,4.067E-01
3.9600E-07,4.067E-01
3.9600E-07,4.107E-01
4.0200E-07,4.067E-01
4.0200E-07,4.067E-01
4.0800E-07,4.067E-01
4.0800E-07,4.107E-01
4.1400E-07,4.067E-01
4.1400E-07,4.107E-01
4.2000E-07,4.107E-01
4.2000E-07,4.107E-01
4.2600E-07,4.107E-01
4.2600E-07,4.107E-01
4.3200E-07,4.107E-01
4.3200E-07,4.107E-01
4.3800E-07,4.107E-01
4.3800E-07,4.147E-01
4.4400E-07,4.107E-01
4.4400E-07,4.147E-01
4.5000E-07,4.107E-01
4.5000E-07,4.147E-01
4.5600E-07,4.107E-01
4.5600E-07,4.147E-01
4.6200E-07,4.107E-01
4.6200E-07,4.147E-01
4.6800E-07,4.147E-01
4.6800E-07,4.187E-01
4.7400E-07,4.147E-01
4.7400E-07,4.187E-01
4.8000E-07,4.107E-01
4.8000E-07,4.187E-01
4.8600E-07,4.107E-01
4.8600E-07,4.187E-01
4.9200E-07,4.147E-01
4.9200E-07,4.187E-01
4.9800E-07,4.147E-01
4.9800E-07,4.187E-01
5.0400E-07,4.147E-01
5.0400E-07,4.187E-01
5.1000E-07,4.147E-01
5.1000E-07,4.187E-01
5.1600E-07,4.187E-01
5.1600E-07,4.187E-01
5.2200E-07,4.187E-01
5.2200E-07,4.187E-01
5.2800E-07,4.147E-01
5.2800E-07,4.227E-01
5.3400E-07,4.147E-01
5.3400E-07,4.227E-01
5.4000E-07,4.187E-01
5.4000E-07,4.227E-01
5.4600E-07,4.187E-01
5.4600E-07,4.267E-01
5.5200E-07,4.187E-01
5.5200E-07,4.267E-01
5.5800E-07,4.187E-01
5.5800E-07,4.267E-01
5.6400E-07,4.227E-01
5.6400E-07,4.267E-01
5.7000E-07,4.227E-01
5.7000E-07,4.267E-01
5.7600E-07,4.227E-01
5.7600E-07,4.267E-01
5.8200E-07,4.227E-01
5.8200E-07,4.267E-01
5.8800E-07,4.227E-01
5.8800E-07,4.267E-01
5.9400E-07,4.227E-01
5.9400E-07,4.267E-01
6.0000E-07,4.227E-01
6.0000E-07,4.307E-01
6.0600E-07,4.227E-01
6.0600E-07,4.267E-01
6.1200E-07,4.227E-01
6.1200E-07,4.267E-01
6.1800E-07,4.227E-01
6.1800E-07,4.267E-01
6.2400E-07,4.267E-01
6.2400E-07,4.307E-01
6.3000E-07,4.267E-01
6.3000E-07,4.307E-01
6.3600E-07,4.267E-01
6.3600E-07,4.307E-01
6.4200E-07,4.267E-01
6.4200E-07,4.307E-01
6.4800E-07,4.267E-01
6.4800E-07,4.307E-01
6.5400E-07,4.267E-01
6.5400E-07,4.307E-01
6.6000E-07,4.267E-01
6.6000E-07,4.307E-01
6.6600E-07,4.267E-01
6.6600E-07,4.307E-01
6.7200E-07,4.227E-01
6.7200E-07,4.307E-01
6.7800E-07,4.227E-01
6.7800E-07,4.307E-01
6.8400E-07,4.267E-01
6.8400E-07,4.307E-01
6.9000E-07,4.307E-01
6.9000E-07,4.347E-01
6.9600E-07,4.307E-01
6.9600E-07,4.347E-01
7.0200E-07,4.307E-01
7.0200E-07,4.347E-01
7.0800E-07,4.307E-01
7.0800E-07,4.347E-01
7.1400E-07,4.307E-01
7.1400E-07,4.347E-01
7.2000E-07,4.307E-01
7.2000E-07,4.387E-01
7.2600E-07,4.307E-01
7.2600E-07,4.347E-01
7.3200E-07,4.307E-01
7.3200E-07,4.347E-01
7.3800E-07,4.307E-01
7.3800E-07,4.347E-01
7.4400E-07,4.307E-01
7.4400E-07,4.347E-01
7.5000E-07,4.307E-01
7.5000E-07,4.347E-01
7.5600E-07,4.307E-01
7.5600E-07,4.387E-01
7.6200E-07,4.307E-01
7.6200E-07,4.387E-01
7.6800E-07,4.307E-01
7.6800E-07,4.387E-01
7.7400E-07,4.307E-01
7.7400E-07,4.347E-01
7.8000E-07,4.307E-01
7.8000E-07,4.427E-01
7.8600E-07,4.307E-01
7.8600E-07,4.387E-01
7.9200E-07,4.347E-01
7.9200E-07,4.387E-01
7.9800E-07,4.347E-01
7.9800E-07,4.387E-01
8.0400E-07,4.387E-01
8.0400E-07,4.387E-01
8.1000E-07,4.347E-01
8.1000E-07,4.387E-01
8.1600E-07,4.347E-01
8.1600E-07,4.387E-01
8.2200E-07,4.387E-01
8.2200E-07,4.427E-01
8.2800E-07,4.347E-01
8.2800E-07,4.387E-01
8.3400E-07,4.347E-01
8.3400E-07,4.427E-01
8.4000E-07,4.347E-01
8.4000E-07,4.427E-01
8.4600E-07,4.347E-01
8.4600E-07,4.427E-01
8.5200E-07,4.387E-01
8.5200E-07,4.427E-01
8.5800E-07,4.347E-01
8.5800E-07,4.427E-01
8.6400E-07,4.387E-01
8.6400E-07,4.427E-01
8.7000E-07,4.347E-01
8.7000E-07,4.427E-01
8.7600E-07,4.347E-01
8.7600E-07,4.427E-01
8.8200E-07,4.387E-01
8.8200E-07,4.427E-01
8.8800E-07,4.387E-01
8.8800E-07,4.427E-01
8.9400E-07,4.387E-01
8.9400E-07,4.427E-01
9.0000E-07,4.427E-01
9.0000E-07,4.467E-01
9.0600E-07,4.427E-01
9.0600E-07,4.467E-01
9.1200E-07,4.427E-01
9.1200E-07,4.427E-01
9.1800E-07,4.427E-01
9.1800E-07,4.427E-01
9.2400E-07,4.427E-01
9.2400E-07,4.427E-01
9.3000E-07,4.387E-01
9.3000E-07,4.427E-01
9.3600E-07,4.387E-01
9.3600E-07,4.427E-01
9.4200E-07,4.427E-01
9.4200E-07,4.427E-01
9.4800E-07,4.427E-01
9.4800E-07,4.467E-01
9.5400E-07,4.427E-01
9.5400E-07,4.467E-01
9.6000E-07,4.387E-01
9.6000E-07,4.427E-01
9.6600E-07,4.387E-01
9.6600E-07,4.467E-01
9.7200E-07,4.347E-01
9.7200E-07,4.427E-01
9.7800E-07,4.427E-01
9.7800E-07,4.427E-01
9.8400E-07,4.427E-01
9.8400E-07,4.467E-01
9.9000E-07,4.427E-01
9.9000E-07,4.467E-01
9.9600E-07,4.427E-01
9.9600E-07,4.467E-01
1.0020E-06,4.427E-01
1.0020E-06,4.467E-01
1.0080E-06,4.427E-01
1.0080E-06,4.467E-01
1.0140E-06,4.427E-01
1.0140E-06,4.467E-01
1.0200E-06,4.427E-01
1.0200E-06,4.467E-01
1.0260E-06,4.427E-01
1.0260E-06,4.467E-01
1.0320E-06,4.387E-01
1.0320E-06,4.467E-01
1.0380E-06,4.387E-01
1.0380E-06,4.467E-01
1.0440E-06,4.427E-01
1.0440E-06,4.467E-01
1.0500E-06,4.427E-01
1.0500E-06,4.467E-01
1.0560E-06,4.387E-01
1.0560E-06,4.467E-01
1.0620E-06,4.427E-01
1.0620E-06,4.467E-01
1.0680E-06,4.427E-01
1.0680E-06,4.467E-01
1.0740E-06,4.427E-01
1.0740E-06,4.467E-01
1.0800E-06,4.427E-01
1.0800E-06,4.467E-01
1.0860E-06,4.427E-01
1.0860E-06,4.467E-01
1.0920E-06,4.427E-01
1.0920E-06,4.467E-01
1.0980E-06,4.427E-01
1.0980E-06,4.467E-01
1.1040E-06,4.427E-01
1.1040E-06,4.507E-01
1.1100E-06,4.467E-01
1.1100E-06,4.507E-01
1.1160E-06,4.427E-01
1.1160E-06,4.467E-01
1.1220E-06,4.467E-01
1.1220E-06,4.507E-01
1.1280E-06,4.467E-01
1.1280E-06,4.507E-01
1.1340E-06,4.427E-01
1.1340E-06,4.467E-01
1.1400E-06,4.427E-01
1.1400E-06,4.467E-01
1.1460E-06,4.427E-01
1.1460E-06,4.467E-01
1.1520E-06,4.467E-01
1.1520E-06,4.507E-01
1.1580E-06,4.467E-01
1.1580E-06,4.467E-01
1.1640E-06,4.427E-01
1.1640E-06,4.467E-01
1.1700E-06,4.467E-01
1.1700E-06,4.507E-01
1.1760E-06,4.467E-01
1.1760E-06,4.507E-01
1.1820E-06,4.427E-01
1.1820E-06,4.467E-01
1.1880E-06,4.467E-01
1.1880E-06,4.507E-01
1.1940E-06,4.467E-01
1.1940E-06,4.467E-01
1.2000E-06,4.427E-01
1.2000E-06,4.467E-01
1.2060E-06,4.427E-01
1.2060E-06,4.467E-01
1.2120E-06,4.427E-01
1.2120E-06,4.467E-01
1.2180E-06,4.427E-01
1.2180E-06,4.467E-01
1.2240E-06,4.427E-01
1.2240E-06,4.467E-01
1.2300E-06,4.427E-01
1.2300E-06,4.467E-01
1.2360E-06,4.427E-01
1.2360E-06,4.467E-01
1.2420E-06,4.427E-01
1.2420E-06,4.467E-01
1.2480E-06,4.427E-01
1.2480E-06,4.467E-01
1.2540E-06,4.427E-01
1.2540E-06,4.467E-01
1.2600E-06,4.427E-01
1.2600E-06,4.467E-01
1.2660E-06,4.427E-01
1.2660E-06,4.467E-01
1.2720E-06,4.427E-01
1.2720E-06,4.467E-01
1.2780E-06,4.427E-01
1.2780E-06,4.467E-01
1.2840E-06,4.427E-01
1.2840E-06,4.467E-01
1.2900E-06,4.427E-01
1.2900E-06,4.467E-01
1.2960E-06,4.387E-01
1.2960E-06,4.467E-01
1.3020E-06,4.387E-01
1.3020E-06,4.427E-01
1.3080E-06,4.427E-01
1.3080E-06,4.467E-01
1.3140E-06,4.427E-01
1.3140E-06,4.467E-01
1.3200E-06,4.387E-01
1.3200E-06,4.467E-01
1.3260E-06,4.387E-01
1.3260E-06,4.467E-01
1.3320E-06,4.427E-01
1.3320E-06,4.467E-01
1.3380E-06,4.427E-01
1.3380E-06,4.467E-01
1.3440E-06,4.427E-01
1.3440E-06,4.467E-01
1.3500E-06,4.427E-01
1.3500E-06,4.467E-01
1.3560E-06,4.427E-01
1.3560E-06,4.427E-01
1.3620E-06,4.427E-01
1.3620E-06,4.467E-01
1.3680E-06,4.427E-01
1.3680E-06,4.427E-01
1.3740E-06,4.387E-01
1.3740E-06,4.467E-01
1.3800E-06,4.387E-01
1.3800E-06,4.467E-01
1.3860E-06,4.387E-01
1.3860E-06,4.467E-01
1.3920E-06,4.387E-01
1.3920E-06,4.467E-01
1.3980E-06,4.387E-01
1.3980E-06,4.427E-01
1.4040E-06,4.387E-01
1.4040E-06,4.427E-01
1.4100E-06,4.387E-01
1.4100E-06,4.427E-01
1.4160E-06,4.427E-01
1.4160E-06,4.467E-01
1.4220E-06,4.387E-01
1.4220E-06,4.427E-01
1.4280E-06,4.387E-01
1.4280E-06,4.427E-01
1.4340E-06,4.387E-01
1.4340E-06,4.427E-01
1.4400E-06,4.387E-01
1.4400E-06,4.427E-01
1.4460E-06,4.427E-01
1.4460E-06,4.427E-01
1.4520E-06,4.387E-01
1.4520E-06,4.427E-01
1.4580E-06,4.387E-01
1.4580E-06,4.427E-01
1.4640E-06,4.387E-01
1.4640E-06,4.427E-01
1.4700E-06,4.387E-01
1.4700E-06,4.427E-01
1.4760E-06,4.347E-01
1.4760E-06,4.427E-01
1.4820E-06,4.387E-01
1.4820E-06,4.427E-01
1.4880E-06,4.347E-01
1.4880E-06,4.427E-01
1.4940E-06,4.347E-01
1.4940E-06,4.427E-01
1.5000E-06,4.347E-01
1.5000E-06,4.427E-01
1.5060E-06,4.347E-01
1.5060E-06,4.427E-01
1.5120E-06,4.347E-01
1.5120E-06,4.387E-01
1.5180E-06,4.347E-01
1.5180E-06,4.387E-01
1.5240E-06,4.347E-01
1.5240E-06,4.387E-01
1.5300E-06,4.347E-01
1.5300E-06,4.387E-01
1.5360E-06,4.347E-01
1.5360E-06,4.387E-01
1.5420E-06,4.347E-01
1.5420E-06,4.387E-01
1.5480E-06,4.347E-01
1.5480E-06,4.387E-01
1.5540E-06,4.307E-01
1.5540E-06,4.347E-01
1.5600E-06,4.347E-01
1.5600E-06,4.387E-01
1.5660E-06,4.347E-01
1.5660E-06,4.347E-01
1.5720E-06,4.347E-01
1.5720E-06,4.347E-01
1.5780E-06,4.307E-01
1.5780E-06,4.347E-01
1.5840E-06,4.307E-01
1.5840E-06,4.387E-01
1.5900E-06,4.307E-01
1.5900E-06,4.347E-01
1.5960E-06,4.307E-01
1.5960E-06,4.347E-01
1.6020E-06,4.307E-01
1.6020E-06,4.347E-01
1.6080E-06,4.307E-01
1.6080E-06,4.347E-01
1.6140E-06,4.307E-01
1.6140E-06,4.307E-01
1.6200E-06,4.267E-01
1.6200E-06,4.347E-01
1.6260E-06,4.267E-01
1.6260E-06,4.307E-01
1.6320E-06,4.307E-01
1.6320E-06,4.307E-01
1.6380E-06,4.307E-01
1.6380E-06,4.347E-01
1.6440E-06,4.307E-01
1.6440E-06,4.347E-01
1.6500E-06,4.267E-01
1.6500E-06,4.307E-01
1.6560E-06,4.307E-01
1.6560E-06,4.307E-01
1.6620E-06,4.267E-01
1.6620E-06,4.307E-01
1.6680E-06,4.267E-01
1.6680E-06,4.307E-01
1.6740E-06,4.267E-01
1.6740E-06,4.307E-01
1.6800E-06,4.267E-01
1.6800E-06,4.307E-01
1.6860E-06,4.267E-01
1.6860E-06,4.307E-01
1.6920E-06,4.267E-01
1.6920E-06,4.307E-01
1.6980E-06,4.267E-01
1.6980E-06,4.307E-01
1.7040E-06,4.267E-01
1.7040E-06,4.307E-01
1.7100E-06,4.267E-01
1.7100E-06,4.307E-01
1.7160E-06,4.227E-01
1.7160E-06,4.267E-01
1.7220E-06,4.227E-01
1.7220E-06,4.267E-01
1.7280E-06,4.227E-01
1.7280E-06,4.307E-01
1.7340E-06,4.227E-01
1.7340E-06,4.267E-01
1.7400E-06,4.227E-01
1.7400E-06,4.267E-01
1.7460E-06,4.227E-01
1.7460E-06,4.267E-01
1.7520E-06,4.227E-01
1.7520E-06,4.267E-01
1.7580E-06,4.227E-01
1.7580E-06,4.267E-01
1.7640E-06,4.187E-01
1.7640E-06,4.267E-01
1.7700E-06,4.187E-01
1.7700E-06,4.227E-01
1.7760E-06,4.187E-01
1.7760E-06,4.227E-01
1.7820E-06,4.187E-01
1.7820E-06,4.227E-01
1.7880E-06,4.187E-01
1.7880E-06,4.267E-01
1.7940E-06,4.187E-01
1.7940E-06,4.227E-01
1.8000E-06,4.147E-01
1.8000E-06,4.227E-01
1.8060E-06,4.187E-01
1.8060E-06,4.227E-01
1.8120E-06,4.187E-01
1.8120E-06,4.227E-01
1.8180E-06,4.187E-01
1.8180E-06,4.227E-01
1.8240E-06,4.147E-01
1.8240E-06,4.187E-01
1.8300E-06,4.147E-01
1.8300E-06,4.187E-01
1.8360E-06,4.107E-01
1.8360E-06,4.187E-01
1.8420E-06,4.107E-01
1.8420E-06,4.187E-01
1.8480E-06,4.107E-01
1.8480E-06,4.187E-01
1.8540E-06,4.107E-01
1.8540E-06,4.187E-01
1.8600E-06,4.147E-01
1.8600E-06,4.187E-01
1.8660E-06,4.147E-01
1.8660E-06,4.187E-01
1.8720E-06,4.107E-01
1.8720E-06,4.187E-01
1.8780E-06,4.107E-01
1.8780E-06,4.187E-01
1.8840E-06,4.107E-01
1.8840E-06,4.147E-01
1.8900E-06,4.107E-01
1.8900E-06,4.107E-01
1.8960E-06,4.107E-01
1.8960E-06,4.147E-01
1.9020E-06,4.107E-01
1.9020E-06,4.147E-01
1.9080E-06,4.067E-01
1.9080E-06,4.147E-01
1.9140E-06,4.107E-01
1.9140E-06,4.147E-01
1.9200E-06,4.067E-01
1.9200E-06,4.107E-01
1.9260E-06,4.067E-01
1.9260E-06,4.107E-01
1.9320E-06,4.107E-01
1.9320E-06,4.107E-01
1.9380E-06,4.067E-01
1.9380E-06,4.147E-01
1.9440E-06,4.067E-01
1.9440E-06,4.107E-01
1.9500E-06,4.067E-01
1.9500E-06,4.107E-01
1.9560E-06,4.067E-01
1.9560E-06,4.107E-01
1.9620E-06,4.027E-01
1.9620E-06,4.107E-01
1.9680E-06,4.027E-01
1.9680E-06,4.107E-01
1.9740E-06,4.027E-01
1.9740E-06,4.067E-01
1.9800E-06,4.027E-01
1.9800E-06,4.107E-01
1.9860E-06,4.067E-01
1.9860E-06,4.067E-01
1.9920E-06,4.027E-01
1.9920E-06,4.067E-01
1.9980E-06,4.027E-01
1.9980E-06,4.067E-01
2.0040E-06,3.987E-01
2.0040E-06,4.027E-01
2.0100E-06,3.987E-01
2.0100E-06,4.067E-01
2.0160E-06,3.987E-01
2.0160E-06,4.067E-01
2.0220E-06,4.027E-01
2.0220E-06,4.067E-01
2.0280E-06,3.987E-01
2.0280E-06,4.027E-01
2.0340E-06,3.987E-01
2.0340E-06,4.027E-01
2.0400E-06,3.987E-01
2.0400E-06,4.027E-01
2.0460E-06,3.987E-01
2.0460E-06,4.027E-01
2.0520E-06,3.987E-01
2.0520E-06,4.027E-01
2.0580E-06,3.987E-01
2.0580E-06,3.987E-01
2.0640E-06,3.987E-01
2.0640E-06,3.987E-01
2.0700E-06,3.947E-01
2.0700E-06,3.987E-01
2.0760E-06,3.947E-01
2.0760E-06,3.987E-01
2.0820E-06,3.947E-01
2.0820E-06,3.987E-01
2.0880E-06,3.947E-01
2.0880E-06,3.987E-01
2.0940E-06,3.947E-01
2.0940E-06,3.987E-01
2.1000E-06,3.907E-01
2.1000E-06,3.987E-01
2.1060E-06,3.907E-01
2.1060E-06,3.947E-01
2.1120E-06,3.907E-01
2.1120E-06,3.947E-01
2.1180E-06,3.907E-01
2.1180E-06,3.947E-01
2.1240E-06,3.907E-01
2.1240E-06,3.947E-01
2.1300E-06,3.867E-01
2.1300E-06,3.947E-01
2.1360E-06,3.867E-01
2.1360E-06,3.907E-01
2.1420E-06,3.867E-01
2.1420E-06,3.947E-01
2.1480E-06,3.867E-01
2.1480E-06,3.907E-01
2.1540E-06,3.867E-01
2.1540E-06,3.947E-01
2.1600E-06,3.827E-01
2.1600E-06,3.947E-01
2.1660E-06,3.827E-01
2.1660E-06,3.907E-01
2.1720E-06,3.827E-01
2.1720E-06,3.907E-01
2.1780E-06,3.867E-01
2.1780E-06,3.907E-01
2.1840E-06,3.827E-01
2.1840E-06,3.867E-01
2.1900E-06,3.827E-01
2.1900E-06,3.867E-01
2.1960E-06,3.827E-01
2.1960E-06,3.867E-01
2.2020E-06,3.827E-01
2.2020E-06,3.867E-01
2.2080E-06,3.827E-01
2.2080E-06,3.867E-01
2.2140E-06,3.787E-01
2.2140E-06,3.867E-01
2.2200E-06,3.787E-01
2.2200E-06,3.867E-01
2.2260E-06,3.787E-01
2.2260E-06,3.827E-01
2.2320E-06,3.787E-01
2.2320E-06,3.827E-01
2.2380E-06,3.787E-01
2.2380E-06,3.827E-01
2.2440E-06,3.787E-01
2.2440E-06,3.827E-01
2.2500E-06,3.747E-01
2.2500E-06,3.787E-01
2.2560E-06,3.747E-01
2.2560E-06,3.787E-01
2.2620E-06,3.747E-01
2.2620E-06,3.787E-01
2.2680E-06,3.747E-01
2.2680E-06,3.787E-01
2.2740E-06,3.747E-01
2.2740E-06,3.787E-01
2.2800E-06,3.747E-01
2.2800E-06,3.787E-01
2.2860E-06,3.707E-01
2.2860E-06,3.787E-01
2.2920E-06,3.707E-01
2.2920E-06,3.787E-01
2.2980E-06,3.707E-01
2.2980E-06,3.747E-01
2.3040E-06,3.707E-01
2.3040E-06,3.747E-01
2.3100E-06,3.707E-01
2.3100E-06,3.747E-01
2.3160E-06,3.707E-01
2.3160E-06,3.747E-01
2.3220E-06,3.707E-01
2.3220E-06,3.747E-01
2.3280E-06,3.707E-01
2.3280E-06,3.747E-01
2.3340E-06,3.667E-01
2.3340E-06,3.747E-01
2.3400E-06,3.667E-01
2.3400E-06,3.707E-01
2.3460E-06,3.667E-01
2.3460E-06,3.707E-01
2.3520E-06,3.667E-01
2.3520E-06,3.707E-01
2.3580E-06,3.667E-01
2.3580E-06,3.707E-01
2.3640E-06,3.667E-01
2.3640E-06,3.667E-01
2.3700E-06,3.627E-01
2.3700E-06,3.667E-01
2.3760E-06,3.627E-01
2.3760E-06,3.667E-01
2.3820E-06,3.627E-01
2.3820E-06,3.667E-01
2.3880E-06,3.587E-01
2.3880E-06,3.667E-01
2.3940E-06,3.627E-01
2.3940E-06,3.667E-01
2.4000E-06,3.627E-01
2.4000E-06,3.667E-01
2.4060E-06,3.587E-01
2.4060E-06,3.627E-01
2.4120E-06,3.587E-01
2.4120E-06,3.627E-01
2.4180E-06,3.587E-01
2.4180E-06,3.627E-01
2.4240E-06,3.587E-01
2.4240E-06,3.627E-01
2.4300E-06,3.587E-01
2.4300E-06,3.627E-01
2.4360E-06,3.587E-01
2.4360E-06,3.587E-01
2.4420E-06,3.587E-01
2.4420E-06,3.627E-01
2.4480E-06,3.507E-01
2.4480E-06,3.587E-01
2.4540E-06,3.507E-01
2.4540E-06,3.587E-01
2.4600E-06,3.547E-01
2.4600E-06,3.587E-01
2.4660E-06,3.507E-01
2.4660E-06,3.547E-01
2.4720E-06,3.507E-01
2.4720E-06,3.547E-01
2.4780E-06,3.507E-01
2.4780E-06,3.547E-01
2.4840E-06,3.507E-01
2.4840E-06,3.547E-01
2.4900E-06,3.467E-01
2.4900E-06,3.507E-01
2.4960E-06,3.507E-01
2.4960E-06,3.547E-01
2.5020E-06,3.507E-01
2.5020E-06,3.507E-01
2.5080E-06,3.507E-01
2.5080E-06,3.507E-01
2.5140E-06,3.467E-01
2.5140E-06,3.507E-01
2.5200E-06,3.467E-01
2.5200E-06,3.507E-01
2.5260E-06,3.467E-01
2.5260E-06,3.507E-01
2.5320E-06,3.467E-01
2.5320E-06,3.507E-01
2.5380E-06,3.467E-01
2.5380E-06,3.507E-01
2.5440E-06,3.467E-01
2.5440E-06,3.507E-01
2.5500E-06,3.467E-01
2.5500E-06,3.507E-01
2.5560E-06,3.427E-01
2.5560E-06,3.467E-01
2.5620E-06,3.387E-01
2.5620E-06,3.467E-01
2.5680E-06,3.387E-01
2.5680E-06,3.467E-01
2.5740E-06,3.427E-01
2.5740E-06,3.467E-01
2.5800E-06,3.387E-01
2.5800E-06,3.427E-01
2.5860E-06,3.427E-01
2.5860E-06,3.467E-01
2.5920E-06,3.427E-01
2.5920E-06,3.427E-01
2.5980E-06,3.387E-01
2.5980E-06,3.427E-01
2.6040E-06,3.387E-01
2.6040E-06,3.427E-01
2.6100E-06,3.387E-01
2.6100E-06,3.427E-01
2.6160E-06,3.347E-01
2.6160E-06,3.427E-01
2.6220E-06,3.387E-01
2.6220E-06,3.427E-01
2.6280E-06,3.347E-01
2.6280E-06,3.427E-01
2.6340E-06,3.347E-01
2.6340E-06,3.387E-01
2.6400E-06,3.347E-01
2.6400E-06,3.387E-01
2.6460E-06,3.347E-01
2.6460E-06,3.387E-01
2.6520E-06,3.347E-01
2.6520E-06,3.387E-01
2.6580E-06,3.347E-01
2.6580E-06,3.387E-01
2.6640E-06,3.307E-01
2.6640E-06,3.387E-01
2.6700E-06,3.307E-01
2.6700E-06,3.347E-01
2.6760E-06,3.307E-01
2.6760E-06,3.347E-01
2.6820E-06,3.307E-01
2.6820E-06,3.347E-01
2.6880E-06,3.267E-01
2.6880E-06,3.347E-01
2.6940E-06,3.267E-01
2.6940E-06,3.307E-01
2.7000E-06,3.307E-01
2.7000E-06,3.307E-01
2.7060E-06,3.267E-01
2.7060E-06,3.307E-01
2.7120E-06,3.267E-01
2.7120E-06,3.307E-01
2.7180E-06,3.267E-01
2.7180E-06,3.307E-01
2.7240E-06,3.267E-01
2.7240E-06,3.307E-01
2.7300E-06,3.267E-01
2.7300E-06,3.307E-01
2.7360E-06,3.267E-01
2.7360E-06,3.307E-01
2.7420E-06,3.227E-01
2.7420E-06,3.307E-01
2.7480E-06,3.227E-01
2.7480E-06,3.267E-01
2.7540E-06,3.227E-01
2.7540E-06,3.267E-01
2.7600E-06,3.227E-01
2.7600E-06,3.267E-01
2.7660E-06,3.227E-01
2.7660E-06,3.267E-01
2.7720E-06,3.227E-01
2.7720E-06,3.267E-01
2.7780E-06,3.227E-01
2.7780E-06,3.267E-01
2.7840E-06,3.187E-01
2.7840E-06,3.267E-01
2.7900E-06,3.187E-01
2.7900E-06,3.227E-01
2.7960E-06,3.187E-01
2.7960E-06,3.227E-01
2.8020E-06,3.187E-01
2.8020E-06,3.227E-01
2.8080E-06,3.147E-01
2.8080E-06,3.227E-01
2.8140E-06,3.147E-01
2.8140E-06,3.227E-01
2.8200E-06,3.147E-01
2.8200E-06,3.227E-01
2.8260E-06,3.147E-01
2.8260E-06,3.227E-01
2.8320E-06,3.147E-01
2.8320E-06,3.227E-01
2.8380E-06,3.147E-01
2.8380E-06,3.187E-01
2.8440E-06,3.107E-01
2.8440E-06,3.187E-01
2.8500E-06,3.147E-01
2.8500E-06,3.187E-01
2.8560E-06,3.147E-01
2.8560E-06,3.187E-01
2.8620E-06,3.147E-01
2.8620E-06,3.187E-01
2.8680E-06,3.147E-01
2.8680E-06,3.147E-01
2.8740E-06,3.147E-01
2.8740E-06,3.187E-01
2.8800E-06,3.147E-01
2.8800E-06,3.147E-01
2.8860E-06,3.147E-01
2.8860E-06,3.147E-01
2.8920E-06,3.107E-01
2.8920E-06,3.147E-01
2.8980E-06,3.107E-01
2.8980E-06,3.147E-01
2.9040E-06,3.067E-01
2.9040E-06,3.147E-01
2.9100E-06,3.067E-01
2.9100E-06,3.147E-01
2.9160E-06,3.067E-01
2.9160E-06,3.147E-01
2.9220E-06,3.067E-01
2.9220E-06,3.147E-01
2.9280E-06,3.067E-01
2.9280E-06,3.107E-01
2.9340E-06,3.067E-01
2.9340E-06,3.107E-01
2.9400E-06,3.067E-01
2.9400E-06,3.107E-01
2.9460E-06,3.067E-01
2.9460E-06,3.107E-01
2.9520E-06,3.067E-01
2.9520E-06,3.107E-01
2.9580E-06,3.027E-01
2.9580E-06,3.107E-01
2.9640E-06,3.027E-01
2.9640E-06,3.067E-01
2.9700E-06,3.027E-01
2.9700E-06,3.067E-01
2.9760E-06,3.027E-01
2.9760E-06,3.067E-01
2.9820E-06,3.027E-01
2.9820E-06,3.067E-01
2.9880E-06,3.027E-01
2.9880E-06,3.067E-01
2.9940E-06,3.027E-01
2.9940E-06,3.067E-01
3.0000E-06,2.987E-01
3.0000E-06,3.067E-01
3.0060E-06,2.987E-01
3.0060E-06,3.027E-01
3.0120E-06,2.987E-01
3.0120E-06,3.027E-01
3.0180E-06,2.987E-01
3.0180E-06,3.027E-01
3.0240E-06,2.987E-01
3.0240E-06,3.027E-01
3.0300E-06,2.947E-01
3.0300E-06,3.027E-01
3.0360E-06,2.987E-01
3.0360E-06,3.027E-01
3.0420E-06,2.947E-01
3.0420E-06,3.027E-01
3.0480E-06,2.987E-01
3.0480E-06,3.027E-01
3.0540E-06,2.947E-01
3.0540E-06,2.987E-01
3.0600E-06,2.947E-01
3.0600E-06,2.987E-01
3.0660E-06,2.947E-01
3.0660E-06,2.987E-01
3.0720E-06,2.947E-01
3.0720E-06,2.987E-01
3.0780E-06,2.947E-01
3.0780E-06,2.987E-01
3.0840E-06,2.947E-01
3.0840E-06,2.987E-01
3.0900E-06,2.947E-01
3.0900E-06,2.987E-01
3.0960E-06,2.947E-01
3.0960E-06,2.987E-01
3.1020E-06,2.947E-01
3.1020E-06,2.987E-01
3.1080E-06,2.947E-01
3.1080E-06,2.987E-01
3.1140E-06,2.907E-01
3.1140E-06,2.987E-01
3.1200E-06,2.907E-01
3.1200E-06,2.987E-01
3.1260E-06,2.907E-01
3.1260E-06,2.947E-01
3.1320E-06,2.907E-01
3.1320E-06,2.947E-01
3.1380E-06,2.907E-01
3.1380E-06,2.947E-01
3.1440E-06,2.867E-01
3.1440E-06,2.947E-01
3.1500E-06,2.907E-01
3.1500E-06,2.987E-01
3.1560E-06,2.907E-01
3.1560E-06,2.947E-01
3.1620E-06,2.907E-01
3.1620E-06,2.907E-01
3.1680E-06,2.867E-01
3.1680E-06,2.947E-01
3.1740E-06,2.867E-01
3.1740E-06,2.947E-01
3.1800E-06,2.867E-01
3.1800E-06,2.907E-01
3.1860E-06,2.867E-01
3.1860E-06,2.907E-01
3.1920E-06,2.867E-01
3.1920E-06,2.907E-01
3.1980E-06,2.867E-01
3.1980E-06,2.907E-01
3.2040E-06,2.867E-01
3.2040E-06,2.907E-01
3.2100E-06,2.867E-01
3.2100E-06,2.907E-01
3.2160E-06,2.827E-01
3.2160E-06,2.907E-01
3.2220E-06,2.867E-01
3.2220E-06,2.907E-01
3.2280E-06,2.867E-01
3.2280E-06,2.907E-01
3.2340E-06,2.867E-01
3.2340E-06,2.907E-01
3.2400E-06,2.827E-01
3.2400E-06,2.907E-01
3.2460E-06,2.827E-01
3.2460E-06,2.867E-01
3.2520E-06,2.827E-01
3.2520E-06,2.867E-01
3.2580E-06,2.827E-01
3.2580E-06,2.867E-01
3.2640E-06,2.827E-01
3.2640E-06,2.867E-01
3.2700E-06,2.827E-01
3.2700E-06,2.867E-01
3.2760E-06,2.827E-01
3.2760E-06,2.867E-01
3.2820E-06,2.827E-01
3.2820E-06,2.867E-01
3.2880E-06,2.787E-01
3.2880E-06,2.867E-01
3.2940E-06,2.827E-01
3.2940E-06,2.867E-01
3.3000E-06,2.827E-01
3.3000E-06,2.867E-01
3.3060E-06,2.827E-01
3.3060E-06,2.867E-01
3.3120E-06,2.787E-01
3.3120E-06,2.827E-01
3.3180E-06,2.787E-01
3.3180E-06,2.867E-01
3.3240E-06,2.787E-01
3.3240E-06,2.827E-01
3.3300E-06,2.787E-01
3.3300E-06,2.827E-01
3.3360E-06,2.787E-01
3.3360E-06,2.827E-01
3.3420E-06,2.787E-01
3.3420E-06,2.827E-01
3.3480E-06,2.747E-01
3.3480E-06,2.827E-01
3.3540E-06,2.747E-01
3.3540E-06,2.827E-01
3.3600E-06,2.787E-01
3.3600E-06,2.827E-01
3.3660E-06,2.787E-01
3.3660E-06,2.827E-01
3.3720E-06,2.747E-01
3.3720E-06,2.827E-01
3.3780E-06,2.747E-01
3.3780E-06,2.827E-01
3.3840E-06,2.787E-01
3.3840E-06,2.827E-01
3.3900E-06,2.747E-01
3.3900E-06,2.787E-01
3.3960E-06,2.747E-01
3.3960E-06,2.827E-01
3.4020E-06,2.747E-01
3.4020E-06,2.787E-01
3.4080E-06,2.747E-01
3.4080E-06,2.827E-01
3.4140E-06,2.747E-01
3.4140E-06,2.787E-01
3.4200E-06,2.787E-01
3.4200E-06,2.787E-01
3.4260E-06,2.747E-01
3.4260E-06,2.787E-01
3.4320E-06,2.747E-01
3.4320E-06,2.787E-01
3.4380E-06,2.747E-01
3.4380E-06,2.827E-01
3.4440E-06,2.747E-01
3.4440E-06,2.787E-01
3.4500E-06,2.747E-01
3.4500E-06,2.787E-01
3.4560E-06,2.747E-01
3.4560E-06,2.787E-01
3.4620E-06,2.747E-01
3.4620E-06,2.787E-01
3.4680E-06,2.747E-01
3.4680E-06,2.787E-01
3.4740E-06,2.747E-01
3.4740E-06,2.787E-01
3.4800E-06,2.747E-01
3.4800E-06,2.787E-01
3.4860E-06,2.747E-01
3.4860E-06,2.787E-01
3.4920E-06,2.747E-01
3.4920E-06,2.747E-01
3.4980E-06,2.747E-01
3.4980E-06,2.747E-01
3.5040E-06,2.747E-01
3.5040E-06,2.747E-01
3.5100E-06,2.707E-01
3.5100E-06,2.747E-01
3.5160E-06,2.747E-01
3.5160E-06,2.787E-01
3.5220E-06,2.747E-01
3.5220E-06,2.787E-01
3.5280E-06,2.707E-01
3.5280E-06,2.787E-01
3.5340E-06,2.707E-01
3.5340E-06,2.787E-01
3.5400E-06,2.707E-01
3.5400E-06,2.787E-01
3.5460E-06,2.707E-01
3.5460E-06,2.787E-01
3.5520E-06,2.747E-01
3.5520E-06,2.747E-01
3.5580E-06,2.707E-01
3.5580E-06,2.787E-01
3.5640E-06,2.707E-01
3.5640E-06,2.747E-01
3.5700E-06,2.707E-01
3.5700E-06,2.747E-01
3.5760E-06,2.747E-01
3.5760E-06,2.747E-01
3.5820E-06,2.707E-01
3.5820E-06,2.747E-01
3.5880E-06,2.747E-01
3.5880E-06,2.747E-01
3.5940E-06,2.707E-01
3.5940E-06,2.747E-01
3.6000E-06,2.707E-01
3.6000E-06,2.747E-01
3.6060E-06,2.707E-01
3.6060E-06,2.747E-01
3.6120E-06,2.707E-01
3.6120E-06,2.747E-01
3.6180E-06,2.707E-01
3.6180E-06,2.747E-01
3.6240E-06,2.707E-01
3.6240E-06,2.747E-01
3.6300E-06,2.707E-01
3.6300E-06,2.747E-01
3.6360E-06,2.707E-01
3.6360E-06,2.747E-01
3.6420E-06,2.707E-01
3.6420E-06,2.747E-01
3.6480E-06,2.707E-01
3.6480E-06,2.747E-01
3.6540E-06,2.747E-01
3.6540E-06,2.747E-01
3.6600E-06,2.707E-01
3.6600E-06,2.747E-01
3.6660E-06,2.707E-01
3.6660E-06,2.747E-01
3.6720E-06,2.707E-01
3.6720E-06,2.747E-01
3.6780E-06,2.707E-01
3.6780E-06,2.747E-01
3.6840E-06,2.707E-01
3.6840E-06,2.747E-01
3.6900E-06,2.707E-01
3.6900E-06,2.747E-01
3.6960E-06,2.707E-01
3.6960E-06,2.747E-01
3.7020E-06,2.707E-01
3.7020E-06,2.787E-01
3.7080E-06,2.707E-01
3.7080E-06,2.747E-01
3.7140E-06,2.707E-01
3.7140E-06,2.747E-01
3.7200E-06,2.707E-01
3.7200E-06,2.747E-01
3.7260E-06,2.707E-01
3.7260E-06,2.747E-01
3.7320E-06,2.707E-01
3.7320E-06,2.747E-01
3.7380E-06,2.707E-01
3.7380E-06,2.747E-01
3.7440E-06,2.747E-01
3.7440E-06,2.747E-01
3.7500E-06,2.707E-01
3.7500E-06,2.747E-01
3.7560E-06,2.707E-01
3.7560E-06,2.747E-01
3.7620E-06,2.747E-01
3.7620E-06,2.747E-01
3.7680E-06,2.707E-01
3.7680E-06,2.747E-01
3.7740E-06,2.707E-01
3.7740E-06,2.747E-01
3.7800E-06,2.707E-01
3.7800E-06,2.787E-01
3.7860E-06,2.707E-01
3.7860E-06,2.747E-01
3.7920E-06,2.707E-01
3.7920E-06,2.747E-01
3.7980E-06,2.747E-01
3.7980E-06,2.787E-01
3.8040E-06,2.707E-01
3.8040E-06,2.747E-01
3.8100E-06,2.707E-01
3.8100E-06,2.747E-01
3.8160E-06,2.707E-01
3.8160E-06,2.787E-01
3.8220E-06,2.747E-01
3.8220E-06,2.787E-01
3.8280E-06,2.707E-01
3.8280E-06,2.787E-01
3.8340E-06,2.707E-01
3.8340E-06,2.787E-01
3.8400E-06,2.707E-01
3.8400E-06,2.787E-01
3.8460E-06,2.707E-01
3.8460E-06,2.747E-01
3.8520E-06,2.747E-01
3.8520E-06,2.747E-01
3.8580E-06,2.747E-01
3.8580E-06,2.787E-01
3.8640E-06,2.707E-01
3.8640E-06,2.787E-01
3.8700E-06,2.707E-01
3.8700E-06,2.747E-01
3.8760E-06,2.747E-01
3.8760E-06,2.787E-01
3.8820E-06,2.747E-01
3.8820E-06,2.787E-01
3.8880E-06,2.747E-01
3.8880E-06,2.787E-01
3.8940E-06,2.747E-01
3.8940E-06,2.787E-01
3.9000E-06,2.747E-01
3.9000E-06,2.787E-01
3.9060E-06,2.747E-01
3.9060E-06,2.787E-01
3.9120E-06,2.747E-01
3.9120E-06,2.787E-01
3.9180E-06,2.747E-01
3.9180E-06,2.787E-01
3.9240E-06,2.747E-01
3.9240E-06,2.787E-01
3.9300E-06,2.747E-01
3.9300E-06,2.787E-01
3.9360E-06,2.747E-01
3.9360E-06,2.787E-01
3.9420E-06,2.747E-01
3.9420E-06,2.787E-01
3.9480E-06,2.747E-01
3.9480E-06,2.787E-01
3.9540E-06,2.787E-01
3.9540E-06,2.787E-01
3.9600E-06,2.787E-01
3.9600E-06,2.827E-01
3.9660E-06,2.747E-01
3.9660E-06,2.827E-01
3.9720E-06,2.747E-01
3.9720E-06,2.787E-01
3.9780E-06,2.787E-01
3.9780E-06,2.827E-01
3.9840E-06,2.787E-01
3.9840E-06,2.827E-01
3.9900E-06,2.747E-01
3.9900E-06,2.827E-01
3.9960E-06,2.787E-01
3.9960E-06,2.827E-01
4.0020E-06,2.787E-01
4.0020E-06,2.827E-01
4.0080E-06,2.787E-01
4.0080E-06,2.827E-01
4.0140E-06,2.787E-01
4.0140E-06,2.827E-01
4.0200E-06,2.787E-01
4.0200E-06,2.827E-01
4.0260E-06,2.787E-01
4.0260E-06,2.827E-01
4.0320E-06,2.827E-01
4.0320E-06,2.827E-01
4.0380E-06,2.827E-01
4.0380E-06,2.827E-01
4.0440E-06,2.827E-01
4.0440E-06,2.867E-01
4.0500E-06,2.827E-01
4.0500E-06,2.867E-01
4.0560E-06,2.827E-01
4.0560E-06,2.867E-01
4.0620E-06,2.827E-01
4.0620E-06,2.867E-01
4.0680E-06,2.827E-01
4.0680E-06,2.907E-01
4.0740E-06,2.787E-01
4.0740E-06,2.907E-01
4.0800E-06,2.827E-01
4.0800E-06,2.867E-01
4.0860E-06,2.827E-01
4.0860E-06,2.867E-01
4.0920E-06,2.827E-01
4.0920E-06,2.867E-01
4.0980E-06,2.867E-01
4.0980E-06,2.907E-01
4.1040E-06,2.827E-01
4.1040E-06,2.907E-01
4.1100E-06,2.827E-01
4.1100E-06,2.867E-01
4.1160E-06,2.827E-01
4.1160E-06,2.867E-01
4.1220E-06,2.867E-01
4.1220E-06,2.907E-01
4.1280E-06,2.867E-01
4.1280E-06,2.907E-01
4.1340E-06,2.867E-01
4.1340E-06,2.907E-01
4.1400E-06,2.867E-01
4.1400E-06,2.907E-01
4.1460E-06,2.867E-01
4.1460E-06,2.907E-01
4.1520E-06,2.867E-01
4.1520E-06,2.907E-01
4.1580E-06,2.867E-01
4.1580E-06,2.907E-01
4.1640E-06,2.867E-01
4.1640E-06,2.947E-01
4.1700E-06,2.867E-01
4.1700E-06,2.907E-01
4.1760E-06,2.867E-01
4.1760E-06,2.947E-01
4.1820E-06,2.907E-01
4.1820E-06,2.947E-01
4.1880E-06,2.867E-01
4.1880E-06,2.947E-01
4.1940E-06,2.907E-01
4.1940E-06,2.947E-01
4.2000E-06,2.907E-01
4.2000E-06,2.947E-01
4.2060E-06,2.907E-01
4.2060E-06,2.947E-01
4.2120E-06,2.907E-01
4.2120E-06,2.947E-01
4.2180E-06,2.907E-01
4.2180E-06,2.947E-01
4.2240E-06,2.907E-01
4.2240E-06,2.987E-01
4.2300E-06,2.907E-01
4.2300E-06,2.987E-01
4.2360E-06,2.947E-01
4.2360E-06,2.947E-01
4.2420E-06,2.947E-01
4.2420E-06,2.987E-01
4.2480E-06,2.947E-01
4.2480E-06,2.987E-01
4.2540E-06,2.947E-01
4.2540E-06,2.987E-01
4.2600E-06,2.947E-01
4.2600E-06,2.987E-01
4.2660E-06,2.947E-01
4.2660E-06,2.987E-01
4.2720E-06,2.947E-01
4.2720E-06,3.027E-01
4.2780E-06,2.987E-01
4.2780E-06,3.027E-01
4.2840E-06,2.947E-01
4.2840E-06,3.027E-01
4.2900E-06,2.947E-01
4.2900E-06,3.027E-01
4.2960E-06,2.947E-01
4.2960E-06,3.027E-01
4.3020E-06,2.987E-01
4.3020E-06,3.027E-01
4.3080E-06,2.987E-01
4.3080E-06,3.027E-01
4.3140E-06,2.987E-01
4.3140E-06,3.027E-01
4.3200E-06,2.987E-01
4.3200E-06,3.027E-01
4.3260E-06,2.987E-01
4.3260E-06,3.027E-01
4.3320E-06,2.947E-01
4.3320E-06,3.027E-01
4.3380E-06,2.947E-01
4.3380E-06,3.027E-01
4.3440E-06,2.987E-01
4.3440E-06,3.067E-01
4.3500E-06,3.027E-01
4.3500E-06,3.067E-01
4.3560E-06,3.027E-01
4.3560E-06,3.067E-01
4.3620E-06,3.027E-01
4.3620E-06,3.067E-01
4.3680E-06,3.027E-01
4.3680E-06,3.067E-01
4.3740E-06,3.027E-01
4.3740E-06,3.067E-01
4.3800E-06,3.027E-01
4.3800E-06,3.067E-01
4.3860E-06,3.027E-01
4.3860E-06,3.067E-01
4.3920E-06,3.027E-01
4.3920E-06,3.067E-01
4.3980E-06,3.067E-01
4.3980E-06,3.107E-01
4.4040E-06,3.027E-01
4.4040E-06,3.107E-01
4.4100E-06,3.067E-01
4.4100E-06,3.067E-01
4.4160E-06,3.067E-01
4.4160E-06,3.107E-01
4.4220E-06,3.067E-01
4.4220E-06,3.107E-01
4.4280E-06,3.067E-01
4.4280E-06,3.107E-01
4.4340E-06,3.067E-01
4.4340E-06,3.147E-01
4.4400E-06,3.067E-01
4.4400E-06,3.147E-01
4.4460E-06,3.067E-01
4.4460E-06,3.147E-01
4.4520E-06,3.067E-01
4.4520E-06,3.147E-01
4.4580E-06,3.107E-01
4.4580E-06,3.147E-01
4.4640E-06,3.107E-01
4.4640E-06,3.147E-01
4.4700E-06,3.107E-01
4.4700E-06,3.147E-01
4.4760E-06,3.147E-01
4.4760E-06,3.147E-01
4.4820E-06,3.147E-01
4.4820E-06,3.147E-01
4.4880E-06,3.147E-01
4.4880E-06,3.147E-01
4.4940E-06,3.107E-01
4.4940E-06,3.147E-01
4.5000E-06,3.107E-01
4.5000E-06,3.187E-01
4.5060E-06,3.147E-01
4.5060E-06,3.187E-01
4.5120E-06,3.147E-01
4.5120E-06,3.187E-01
4.5180E-06,3.147E-01
4.5180E-06,3.227E-01
4.5240E-06,3.147E-01
4.5240E-06,3.187E-01
4.5300E-06,3.187E-01
4.5300E-06,3.187E-01
4.5360E-06,3.187E-01
4.5360E-06,3.187E-01
4.5420E-06,3.187E-01
4.5420E-06,3.227E-01
4.5480E-06,3.187E-01
4.5480E-06,3.227E-01
4.5540E-06,3.187E-01
4.5540E-06,3.227E-01
4.5600E-06,3.187E-01
4.5600E-06,3.227E-01
4.5660E-06,3.187E-01
4.5660E-06,3.227E-01
4.5720E-06,3.187E-01
4.5720E-06,3.267E-01
4.5780E-06,3.227E-01
4.5780E-06,3.227E-01
4.5840E-06,3.227E-01
4.5840E-06,3.267E-01
4.5900E-06,3.227E-01
4.5900E-06,3.267E-01
4.5960E-06,3.227E-01
4.5960E-06,3.267E-01
4.6020E-06,3.227E-01
4.6020E-06,3.267E-01
4.6080E-06,3.227E-01
4.6080E-06,3.267E-01
4.6140E-06,3.227E-01
4.6140E-06,3.267E-01
4.6200E-06,3.227E-01
4.6200E-06,3.307E-01
4.6260E-06,3.267E-01
4.6260E-06,3.307E-01
4.6320E-06,3.267E-01
4.6320E-06,3.307E-01
4.6380E-06,3.267E-01
4.6380E-06,3.307E-01
4.6440E-06,3.267E-01
4.6440E-06,3.307E-01
4.6500E-06,3.267E-01
4.6500E-06,3.307E-01
4.6560E-06,3.267E-01
4.6560E-06,3.347E-01
4.6620E-06,3.267E-01
4.6620E-06,3.307E-01
4.6680E-06,3.267E-01
4.6680E-06,3.347E-01
4.6740E-06,3.267E-01
4.6740E-06,3.347E-01
4.6800E-06,3.307E-01
4.6800E-06,3.347E-01
4.6860E-06,3.307E-01
4.6860E-06,3.347E-01
4.6920E-06,3.307E-01
4.6920E-06,3.347E-01
4.6980E-06,3.347E-01
4.6980E-06,3.387E-01
4.7040E-06,3.307E-01
4.7040E-06,3.387E-01
4.7100E-06,3.307E-01
4.7100E-06,3.387E-01
4.7160E-06,3.347E-01
4.7160E-06,3.387E-01
4.7220E-06,3.347E-01
4.7220E-06,3.387E-01
4.7280E-06,3.347E-01
4.7280E-06,3.387E-01
4.7340E-06,3.387E-01
4.7340E-06,3.427E-01
4.7400E-06,3.387E-01
4.7400E-06,3.427E-01
4.7460E-06,3.347E-01
4.7460E-06,3.427E-01
4.7520E-06,3.347E-01
4.7520E-06,3.427E-01
4.7580E-06,3.387E-01
4.7580E-06,3.427E-01
4.7640E-06,3.387E-01
4.7640E-06,3.427E-01
4.7700E-06,3.427E-01
4.7700E-06,3.467E-01
4.7760E-06,3.387E-01
4.7760E-06,3.467E-01
4.7820E-06,3.387E-01
4.7820E-06,3.467E-01
4.7880E-06,3.427E-01
4.7880E-06,3.467E-01
4.7940E-06,3.427E-01
4.7940E-06,3.467E-01
4.8000E-06,3.427E-01
4.8000E-06,3.467E-01
4.8060E-06,3.467E-01
4.8060E-06,3.507E-01
4.8120E-06,3.467E-01
4.8120E-06,3.467E-01
4.8180E-06,3.467E-01
4.8180E-06,3.507E-01
4.8240E-06,3.467E-01
4.8240E-06,3.547E-01
4.8300E-06,3.467E-01
4.8300E-06,3.507E-01
4.8360E-06,3.467E-01
4.8360E-06,3.507E-01
4.8420E-06,3.507E-01
4.8420E-06,3.547E-01
4.8480E-06,3.467E-01
4.8480E-06,3.547E-01
4.8540E-06,3.467E-01
4.8540E-06,3.507E-01
4.8600E-06,3.507E-01
4.8600E-06,3.547E-01
4.8660E-06,3.507E-01
4.8660E-06,3.587E-01
4.8720E-06,3.507E-01
4.8720E-06,3.547E-01
4.8780E-06,3.507E-01
4.8780E-06,3.547E-01
4.8840E-06,3.547E-01
4.8840E-06,3.587E-01
4.8900E-06,3.507E-01
4.8900E-06,3.587E-01
4.8960E-06,3.547E-01
4.8960E-06,3.587E-01
4.9020E-06,3.547E-01
4.9020E-06,3.587E-01
4.9080E-06,3.547E-01
4.9080E-06,3.587E-01
4.9140E-06,3.587E-01
4.9140E-06,3.587E-01
4.9200E-06,3.587E-01
4.9200E-06,3.587E-01
4.9260E-06,3.547E-01
4.9260E-06,3.627E-01
4.9320E-06,3.587E-01
4.9320E-06,3.627E-01
4.9380E-06,3.587E-01
4.9380E-06,3.627E-01
4.9440E-06,3.587E-01
4.9440E-06,3.667E-01
4.9500E-06,3.587E-01
4.9500E-06,3.667E-01
4.9560E-06,3.587E-01
4.9560E-06,3.667E-01
4.9620E-06,3.627E-01
4.9620E-06,3.667E-01
4.9680E-06,3.627E-01
4.9680E-06,3.667E-01
4.9740E-06,3.627E-01
4.9740E-06,3.667E-01
4.9800E-06,3.627E-01
4.9800E-06,3.667E-01
4.9860E-06,3.667E-01
4.9860E-06,3.667E-01
4.9920E-06,3.627E-01
4.9920E-06,3.667E-01
4.9980E-06,3.667E-01
4.9980E-06,3.667E-01
5.0040E-06,3.667E-01
5.0040E-06,3.707E-01
5.0100E-06,3.667E-01
5.0100E-06,3.707E-01
5.0160E-06,3.707E-01
5.0160E-06,3.707E-01
5.0220E-06,3.667E-01
5.0220E-06,3.747E-01
5.0280E-06,3.707E-01
5.0280E-06,3.747E-01
5.0340E-06,3.667E-01
5.0340E-06,3.747E-01
5.0400E-06,3.707E-01
5.0400E-06,3.747E-01
5.0460E-06,3.707E-01
5.0460E-06,3.747E-01
5.0520E-06,3.707E-01
5.0520E-06,3.747E-01
5.0580E-06,3.707E-01
5.0580E-06,3.747E-01
5.0640E-06,3.707E-01
5.0640E-06,3.787E-01
5.0700E-06,3.707E-01
5.0700E-06,3.787E-01
5.0760E-06,3.707E-01
5.0760E-06,3.747E-01
5.0820E-06,3.747E-01
5.0820E-06,3.787E-01
5.0880E-06,3.747E-01
5.0880E-06,3.787E-01
5.0940E-06,3.747E-01
5.0940E-06,3.787E-01
5.1000E-06,3.747E-01
5.1000E-06,3.787E-01
5.1060E-06,3.787E-01
5.1060E-06,3.787E-01
5.1120E-06,3.747E-01
5.1120E-06,3.827E-01
5.1180E-06,3.787E-01
5.1180E-06,3.827E-01
5.1240E-06,3.787E-01
5.1240E-06,3.827E-01
5.1300E-06,3.787E-01
5.1300E-06,3.827E-01
5.1360E-06,3.787E-01
5.1360E-06,3.827E-01
5.1420E-06,3.787E-01
5.1420E-06,3.827E-01
5.1480E-06,3.787E-01
5.1480E-06,3.827E-01
5.1540E-06,3.787E-01
5.1540E-06,3.867E-01
5.1600E-06,3.827E-01
5.1600E-06,3.867E-01
5.1660E-06,3.827E-01
5.1660E-06,3.867E-01
5.1720E-06,3.827E-01
5.1720E-06,3.867E-01
5.1780E-06,3.827E-01
5.1780E-06,3.867E-01
5.1840E-06,3.827E-01
5.1840E-06,3.867E-01
5.1900E-06,3.827E-01
5.1900E-06,3.907E-01
5.1960E-06,3.827E-01
5.1960E-06,3.907E-01
5.2020E-06,3.827E-01
5.2020E-06,3.907E-01
5.2080E-06,3.827E-01
5.2080E-06,3.907E-01
5.2140E-06,3.867E-01
5.2140E-06,3.907E-01
5.2200E-06,3.867E-01
5.2200E-06,3.907E-01
5.2260E-06,3.867E-01
5.2260E-06,3.947E-01
5.2320E-06,3.867E-01
5.2320E-06,3.907E-01
5.2380E-06,3.907E-01
5.2380E-06,3.947E-01
5.2440E-06,3.907E-01
5.2440E-06,3.947E-01
5.2500E-06,3.907E-01
5.2500E-06,3.947E-01
5.2560E-06,3.907E-01
5.2560E-06,3.947E-01
5.2620E-06,3.907E-01
5.2620E-06,3.987E-01
5.2680E-06,3.907E-01
5.2680E-06,3.987E-01
5.2740E-06,3.947E-01
5.2740E-06,3.987E-01
5.2800E-06,3.947E-01
5.2800E-06,3.987E-01
5.2860E-06,3.947E-01
5.2860E-06,3.987E-01
5.2920E-06,3.947E-01
5.2920E-06,3.987E-01
5.2980E-06,3.947E-01
5.2980E-06,3.987E-01
5.3040E-06,3.987E-01
5.3040E-06,4.027E-01
5.3100E-06,3.987E-01
5.3100E-06,4.027E-01
5.3160E-06,3.987E-01
5.3160E-06,4.027E-01
5.3220E-06,3.987E-01
5.3220E-06,4.027E-01
5.3280E-06,3.987E-01
5.3280E-06,4.027E-01
5.3340E-06,3.987E-01
5.3340E-06,4.027E-01
5.3400E-06,3.987E-01
5.3400E-06,4.027E-01
5.3460E-06,3.987E-01
5.3460E-06,4.027E-01
5.3520E-06,3.987E-01
5.3520E-06,4.067E-01
5.3580E-06,4.027E-01
5.3580E-06,4.067E-01
5.3640E-06,4.027E-01
5.3640E-06,4.067E-01
5.3700E-06,4.027E-01
5.3700E-06,4.067E-01
5.3760E-06,4.027E-01
5.3760E-06,4.067E-01
5.3820E-06,4.027E-01
5.3820E-06,4.067E-01
5.3880E-06,4.027E-01
5.3880E-06,4.067E-01
5.3940E-06,4.027E-01
5.3940E-06,4.107E-01
5.4000E-06,4.027E-01
5.4000E-06,4.107E-01
5.4060E-06,4.067E-01
5.4060E-06,4.067E-01
5.4120E-06,4.067E-01
5.4120E-06,4.107E-01
5.4180E-06,4.067E-01
5.4180E-06,4.107E-01
5.4240E-06,4.067E-01
5.4240E-06,4.107E-01
5.4300E-06,4.107E-01
5.4300E-06,4.107E-01
5.4360E-06,4.107E-01
5.4360E-06,4.107E-01
5.4420E-06,4.107E-01
5.4420E-06,4.107E-01
5.4480E-06,4.107E-01
5.4480E-06,4.107E-01
5.4540E-06,4.107E-01
5.4540E-06,4.147E-01
5.4600E-06,4.107E-01
5.4600E-06,4.147E-01
5.4660E-06,4.107E-01
5.4660E-06,4.147E-01
5.4720E-06,4.107E-01
5.4720E-06,4.147E-01
5.4780E-06,4.107E-01
5.4780E-06,4.187E-01
5.4840E-06,4.107E-01
5.4840E-06,4.147E-01
5.4900E-06,4.147E-01
5.4900E-06,4.147E-01
5.4960E-06,4.147E-01
5.4960E-06,4.187E-01
5.5020E-06,4.147E-01
5.5020E-06,4.227E-01
5.5080E-06,4.147E-01
5.5080E-06,4.187E-01
5.5140E-06,4.147E-01
5.5140E-06,4.187E-01
5.5200E-06,4.187E-01
5.5200E-06,4.187E-01
5.5260E-06,4.147E-01
5.5260E-06,4.187E-01
5.5320E-06,4.147E-01
5.5320E-06,4.187E-01
5.5380E-06,4.187E-01
5.5380E-06,4.227E-01
5.5440E-06,4.187E-01
5.5440E-06,4.187E-01
5.5500E-06,4.187E-01
5.5500E-06,4.187E-01
5.5560E-06,4.187E-01
5.5560E-06,4.227E-01
5.5620E-06,4.187E-01
5.5620E-06,4.227E-01
5.5680E-06,4.187E-01
5.5680E-06,4.227E-01
5.5740E-06,4.187E-01
5.5740E-06,4.227E-01
5.5800E-06,4.187E-01
5.5800E-06,4.227E-01
5.5860E-06,4.187E-01
5.5860E-06,4.267E-01
5.5920E-06,4.187E-01
5.5920E-06,4.267E-01
5.5980E-06,4.187E-01
5.5980E-06,4.267E-01
5.6040E-06,4.187E-01
5.6040E-06,4.267E-01
5.6100E-06,4.187E-01
5.6100E-06,4.267E-01
5.6160E-06,4.227E-01
5.6160E-06,4.267E-01
5.6220E-06,4.227E-01
5.6220E-06,4.307E-01
5.6280E-06,4.227E-01
5.6280E-06,4.307E-01
5.6340E-06,4.227E-01
5.6340E-06,4.307E-01
5.6400E-06,4.227E-01
5.6400E-06,4.307E-01
5.6460E-06,4.227E-01
5.6460E-06,4.307E-01
5.6520E-06,4.227E-01
5.6520E-06,4.307E-01
5.6580E-06,4.227E-01
5.6580E-06,4.307E-01
5.6640E-06,4.227E-01
5.6640E-06,4.307E-01
5.6700E-06,4.267E-01
5.6700E-06,4.307E-01
5.6760E-06,4.267E-01
5.6760E-06,4.307E-01
5.6820E-06,4.267E-01
5.6820E-06,4.307E-01
5.6880E-06,4.267E-01
5.6880E-06,4.307E-01
5.6940E-06,4.267E-01
5.6940E-06,4.307E-01
5.7000E-06,4.267E-01
5.7000E-06,4.307E-01
5.7060E-06,4.267E-01
5.7060E-06,4.347E-01
5.7120E-06,4.267E-01
5.7120E-06,4.307E-01
5.7180E-06,4.307E-01
5.7180E-06,4.307E-01
5.7240E-06,4.267E-01
5.7240E-06,4.347E-01
5.7300E-06,4.307E-01
5.7300E-06,4.347E-01
5.7360E-06,4.307E-01
5.7360E-06,4.347E-01
5.7420E-06,4.307E-01
5.7420E-06,4.347E-01
5.7480E-06,4.307E-01
5.7480E-06,4.347E-01
5.7540E-06,4.307E-01
5.7540E-06,4.347E-01
5.7600E-06,4.307E-01
5.7600E-06,4.347E-01
5.7660E-06,4.307E-01
5.7660E-06,4.347E-01
5.7720E-06,4.307E-01
5.7720E-06,4.347E-01
5.7780E-06,4.307E-01
5.7780E-06,4.347E-01
5.7840E-06,4.307E-01
5.7840E-06,4.347E-01
5.7900E-06,4.307E-01
5.7900E-06,4.387E-01
5.7960E-06,4.307E-01
5.7960E-06,4.387E-01
5.8020E-06,4.307E-01
5.8020E-06,4.347E-01
5.8080E-06,4.347E-01
5.8080E-06,4.387E-01
5.8140E-06,4.347E-01
5.8140E-06,4.387E-01
5.8200E-06,4.307E-01
5.8200E-06,4.347E-01
5.8260E-06,4.307E-01
5.8260E-06,4.387E-01
5.8320E-06,4.347E-01
5.8320E-06,4.387E-01
5.8380E-06,4.347E-01
5.8380E-06,4.387E-01
5.8440E-06,4.307E-01
5.8440E-06,4.387E-01
5.8500E-06,4.307E-01
5.8500E-06,4.347E-01
5.8560E-06,4.347E-01
5.8560E-06,4.387E-01
5.8620E-06,4.347E-01
5.8620E-06,4.427E-01
5.8680E-06,4.347E-01
5.8680E-06,4.387E-01
5.8740E-06,4.347E-01
5.8740E-06,4.387E-01
5.8800E-06,4.387E-01
5.8800E-06,4.387E-01
5.8860E-06,4.387E-01
5.8860E-06,4.387E-01
5.8920E-06,4.387E-01
5.8920E-06,4.387E-01
5.8980E-06,4.387E-01
5.8980E-06,4.427E-01
5.9040E-06,4.387E-01
5.9040E-06,4.427E-01
5.9100E-06,4.387E-01
5.9100E-06,4.427E-01
5.9160E-06,4.387E-01
5.9160E-06,4.427E-01
5.9220E-06,4.347E-01
5.9220E-06,4.427E-01
5.9280E-06,4.387E-01
5.9280E-06,4.427E-01
5.9340E-06,4.387E-01
5.9340E-06,4.427E-01
5.9400E-06,4.387E-01
5.9400E-06,4.427E-01
5.9460E-06,4.387E-01
5.9460E-06,4.427E-01
5.9520E-06,4.387E-01
5.9520E-06,4.427E-01
5.9580E-06,4.387E-01
5.9580E-06,4.427E-01
5.9640E-06,4.347E-01
5.9640E-06,4.427E-01
5.9700E-06,4.387E-01
5.9700E-06,4.427E-01
5.9760E-06,4.387E-01
5.9760E-06,4.427E-01
5.9820E-06,4.387E-01
5.9820E-06,4.427E-01
5.9880E-06,4.387E-01
5.9880E-06,4.427E-01
5.9940E-06,4.427E-01
5.9940E-06,4.427E-01
6.0000E-06,4.427E-01
6.0000E-06,4.427E-01
6.0060E-06,4.427E-01
6.0060E-06,4.427E-01
6.0120E-06,4.387E-01
6.0120E-06,4.427E-01
6.0180E-06,4.387E-01
6.0180E-06,4.427E-01
6.0240E-06,4.387E-01
6.0240E-06,4.467E-01
6.0300E-06,4.387E-01
6.0300E-06,4.467E-01
6.0360E-06,4.387E-01
6.0360E-06,4.427E-01
6.0420E-06,4.387E-01
6.0420E-06,4.427E-01
6.0480E-06,4.427E-01
6.0480E-06,4.427E-01
6.0540E-06,4.427E-01
6.0540E-06,4.427E-01
6.0600E-06,4.387E-01
6.0600E-06,4.467E-01
6.0660E-06,4.427E-01
6.0660E-06,4.467E-01
6.0720E-06,4.427E-01
6.0720E-06,4.427E-01
6.0780E-06,4.427E-01
6.0780E-06,4.467E-01
6.0840E-06,4.427E-01
6.0840E-06,4.427E-01
6.0900E-06,4.427E-01
6.0900E-06,4.427E-01
6.0960E-06,4.387E-01
6.0960E-06,4.427E-01
6.1020E-06,4.387E-01
6.1020E-06,4.467E-01
6.1080E-06,4.387E-01
6.1080E-06,4.467E-01
6.1140E-06,4.427E-01
6.1140E-06,4.467E-01
6.1200E-06,4.427E-01
6.1200E-06,4.427E-01
6.1260E-06,4.427E-01
6.1260E-06,4.467E-01
6.1320E-06,4.427E-01
6.1320E-06,4.467E-01
6.1380E-06,4.427E-01
6.1380E-06,4.427E-01
6.1440E-06,4.427E-01
6.1440E-06,4.467E-01
6.1500E-06,4.387E-01
6.1500E-06,4.467E-01
6.1560E-06,4.387E-01
6.1560E-06,4.427E-01
6.1620E-06,4.387E-01
6.1620E-06,4.467E-01
6.1680E-06,4.427E-01
6.1680E-06,4.467E-01
6.1740E-06,4.427E-01
6.1740E-06,4.427E-01
6.1800E-06,4.427E-01
6.1800E-06,4.467E-01
6.1860E-06,4.427E-01
6.1860E-06,4.467E-01
6.1920E-06,4.427E-01
6.1920E-06,4.467E-01
6.1980E-06,4.427E-01
6.1980E-06,4.467E-01
6.2040E-06,4.427E-01
6.2040E-06,4.467E-01
6.2100E-06,4.387E-01
6.2100E-06,4.467E-01
6.2160E-06,4.427E-01
6.2160E-06,4.427E-01
6.2220E-06,4.427E-01
6.2220E-06,4.467E-01
6.2280E-06,4.387E-01
6.2280E-06,4.467E-01
6.2340E-06,4.427E-01
6.2340E-06,4.467E-01
6.2400E-06,4.387E-01
6.2400E-06,4.427E-01
6.2460E-06,4.427E-01
6.2460E-06,4.427E-01
6.2520E-06,4.427E-01
6.2520E-06,4.427E-01
6.2580E-06,4.427E-01
6.2580E-06,4.467E-01
6.2640E-06,4.427E-01
6.2640E-06,4.467E-01
6.2700E-06,4.387E-01
6.2700E-06,4.427E-01
6.2760E-06,4.427E-01
6.2760E-06,4.427E-01
6.2820E-06,4.387E-01
6.2820E-06,4.427E-01
6.2880E-06,4.427E-01
6.2880E-06,4.427E-01
6.2940E-06,4.387E-01
6.2940E-06,4.427E-01
6.3000E-06,4.387E-01
6.3000E-06,4.427E-01
6.3060E-06,4.387E-01
6.3060E-06,4.427E-01
6.3120E-06,4.387E-01
6.3120E-06,4.467E-01
6.3180E-06,4.387E-01
6.3180E-06,4.427E-01
6.3240E-06,4.387E-01
6.3240E-06,4.427E-01
6.3300E-06,4.387E-01
6.3300E-06,4.427E-01
6.3360E-06,4.387E-01
6.3360E-06,4.467E-01
6.3420E-06,4.387E-01
6.3420E-06,4.467E-01
6.3480E-06,4.387E-01
6.3480E-06,4.467E-01
6.3540E-06,4.347E-01
6.3540E-06,4.467E-01
6.3600E-06,4.387E-01
6.3600E-06,4.427E-01
6.3660E-06,4.387E-01
6.3660E-06,4.427E-01
6.3720E-06,4.387E-01
6.3720E-06,4.427E-01
6.3780E-06,4.387E-01
6.3780E-06,4.427E-01
6.3840E-06,4.387E-01
6.3840E-06,4.427E-01
6.3900E-06,4.387E-01
6.3900E-06,4.427E-01
6.3960E-06,4.387E-01
6.3960E-06,4.467E-01
6.4020E-06,4.387E-01
6.4020E-06,4.427E-01
6.4080E-06,4.387E-01
6.4080E-06,4.427E-01
6.4140E-06,4.387E-01
6.4140E-06,4.427E-01
6.4200E-06,4.387E-01
6.4200E-06,4.427E-01
6.4260E-06,4.387E-01
6.4260E-06,4.427E-01
6.4320E-06,4.387E-01
6.4320E-06,4.427E-01
6.4380E-06,4.387E-01
6.4380E-06,4.387E-01
6.4440E-06,4.387E-01
6.4440E-06,4.427E-01
6.4500E-06,4.387E-01
6.4500E-06,4.427E-01
6.4560E-06,4.387E-01
6.4560E-06,4.427E-01
6.4620E-06,4.387E-01
6.4620E-06,4.427E-01
6.4680E-06,4.387E-01
6.4680E-06,4.427E-01
6.4740E-06,4.347E-01
6.4740E-06,4.427E-01
6.4800E-06,4.387E-01
6.4800E-06,4.387E-01
6.4860E-06,4.387E-01
6.4860E-06,4.387E-01
6.4920E-06,4.347E-01
6.4920E-06,4.387E-01
6.4980E-06,4.347E-01
6.4980E-06,4.427E-01
6.5040E-06,4.387E-01
6.5040E-06,4.387E-01
6.5100E-06,4.347E-01
6.5100E-06,4.387E-01
6.5160E-06,4.347E-01
6.5160E-06,4.387E-01
6.5220E-06,4.307E-01
6.5220E-06,4.387E-01
6.5280E-06,4.307E-01
6.5280E-06,4.387E-01
6.5340E-06,4.347E-01
6.5340E-06,4.387E-01
6.5400E-06,4.347E-01
6.5400E-06,4.347E-01
6.5460E-06,4.347E-01
6.5460E-06,4.387E-01
6.5520E-06,4.347E-01
6.5520E-06,4.347E-01
6.5580E-06,4.307E-01
6.5580E-06,4.347E-01
6.5640E-06,4.307E-01
6.5640E-06,4.347E-01
6.5700E-06,4.307E-01
6.5700E-06,4.387E-01
6.5760E-06,4.307E-01
6.5760E-06,4.387E-01
6.5820E-06,4.307E-01
6.5820E-06,4.347E-01
6.5880E-06,4.307E-01
6.5880E-06,4.347E-01
6.5940E-06,4.307E-01
6.5940E-06,4.347E-01
6.6000E-06,4.307E-01
6.6000E-06,4.347E-01
6.6060E-06,4.307E-01
6.6060E-06,4.347E-01
6.6120E-06,4.267E-01
6.6120E-06,4.347E-01
6.6180E-06,4.307E-01
6.6180E-06,4.347E-01
6.6240E-06,4.267E-01
6.6240E-06,4.347E-01
6.6300E-06,4.267E-01
6.6300E-06,4.307E-01
6.6360E-06,4.267E-01
6.6360E-06,4.347E-01
6.6420E-06,4.267E-01
6.6420E-06,4.307E-01
6.6480E-06,4.267E-01
6.6480E-06,4.347E-01
6.6540E-06,4.267E-01
6.6540E-06,4.307E-01
6.6600E-06,4.267E-01
6.6600E-06,4.307E-01
6.6660E-06,4.267E-01
6.6660E-06,4.307E-01
6.6720E-06,4.267E-01
6.6720E-06,4.307E-01
6.6780E-06,4.267E-01
6.6780E-06,4.307E-01
6.6840E-06,4.267E-01
6.6840E-06,4.307E-01
6.6900E-06,4.267E-01
6.6900E-06,4.307E-01
6.6960E-06,4.267E-01
6.6960E-06,4.307E-01
6.7020E-06,4.267E-01
6.7020E-06,4.267E-01
6.7080E-06,4.227E-01
6.7080E-06,4.307E-01
6.7140E-06,4.267E-01
6.7140E-06,4.307E-01
6.7200E-06,4.267E-01
6.7200E-06,4.307E-01
6.7260E-06,4.227E-01
6.7260E-06,4.307E-01
6.7320E-06,4.227E-01
6.7320E-06,4.267E-01
6.7380E-06,4.227E-01
6.7380E-06,4.267E-01
6.7440E-06,4.227E-01
6.7440E-06,4.267E-01
6.7500E-06,4.227E-01
6.7500E-06,4.267E-01
6.7560E-06,4.227E-01
6.7560E-06,4.267E-01
6.7620E-06,4.227E-01
6.7620E-06,4.267E-01
6.7680E-06,4.227E-01
6.7680E-06,4.267E-01
6.7740E-06,4.227E-01
6.7740E-06,4.227E-01
6.7800E-06,4.187E-01
6.7800E-06,4.227E-01
6.7860E-06,4.187E-01
6.7860E-06,4.227E-01
6.7920E-06,4.187E-01
6.7920E-06,4.227E-01
6.7980E-06,4.187E-01
6.7980E-06,4.227E-01
6.8040E-06,4.187E-01
6.8040E-06,4.227E-01
6.8100E-06,4.147E-01
6.8100E-06,4.227E-01
6.8160E-06,4.147E-01
6.8160E-06,4.187E-01
6.8220E-06,4.147E-01
6.8220E-06,4.187E-01
6.8280E-06,4.147E-01
6.8280E-06,4.227E-01
6.8340E-06,4.147E-01
6.8340E-06,4.187E-01
6.8400E-06,4.107E-01
6.8400E-06,4.227E-01
6.8460E-06,4.107E-01
6.8460E-06,4.227E-01
6.8520E-06,4.147E-01
6.8520E-06,4.187E-01
6.8580E-06,4.147E-01
6.8580E-06,4.187E-01
6.8640E-06,4.107E-01
6.8640E-06,4.187E-01
6.8700E-06,4.107E-01
6.8700E-06,4.187E-01
6.8760E-06,4.147E-01
6.8760E-06,4.147E-01
6.8820E-06,4.107E-01
6.8820E-06,4.147E-01
6.8880E-06,4.107E-01
6.8880E-06,4.147E-01
6.8940E-06,4.107E-01
6.8940E-06,4.147E-01
6.9000E-06,4.107E-01
6.9000E-06,4.147E-01
6.9060E-06,4.107E-01
6.9060E-06,4.147E-01
6.9120E-06,4.107E-01
6.9120E-06,4.147E-01
6.9180E-06,4.107E-01
6.9180E-06,4.147E-01
6.9240E-06,4.107E-01
6.9240E-06,4.147E-01
6.9300E-06,4.107E-01
6.9300E-06,4.147E-01
6.9360E-06,4.067E-01
6.9360E-06,4.147E-01
6.9420E-06,4.107E-01
6.9420E-06,4.147E-01
6.9480E-06,4.067E-01
6.9480E-06,4.107E-01
6.9540E-06,4.027E-01
6.9540E-06,4.107E-01
6.9600E-06,4.027E-01
6.9600E-06,4.107E-01
6.9660E-06,4.067E-01
6.9660E-06,4.107E-01
6.9720E-06,4.067E-01
6.9720E-06,4.107E-01
6.9780E-06,4.027E-01
6.9780E-06,4.067E-01
6.9840E-06,4.027E-01
6.9840E-06,4.067E-01
6.9900E-06,4.027E-01
6.9900E-06,4.067E-01
6.9960E-06,4.027E-01
6.9960E-06,4.067E-01
7.0020E-06,3.987E-01
7.0020E-06,4.067E-01
7.0080E-06,4.027E-01
7.0080E-06,4.067E-01
7.0140E-06,3.987E-01
7.0140E-06,4.067E-01
7.0200E-06,3.987E-01
7.0200E-06,4.027E-01
7.0260E-06,3.987E-01
7.0260E-06,4.027E-01
7.0320E-06,3.987E-01
7.0320E-06,4.027E-01
7.0380E-06,3.987E-01
7.0380E-06,4.027E-01
7.0440E-06,3.987E-01
7.0440E-06,4.027E-01
7.0500E-06,3.947E-01
7.0500E-06,4.027E-01
7.0560E-06,3.947E-01
7.0560E-06,4.027E-01
7.0620E-06,3.947E-01
7.0620E-06,4.027E-01
7.0680E-06,3.947E-01
7.0680E-06,4.027E-01
7.0740E-06,3.947E-01
7.0740E-06,3.987E-01
7.0800E-06,3.907E-01
7.0800E-06,3.987E-01
7.0860E-06,3.907E-01
7.0860E-06,3.987E-01
7.0920E-06,3.907E-01
7.0920E-06,3.987E-01
7.0980E-06,3.907E-01
7.0980E-06,3.947E-01
7.1040E-06,3.947E-01
7.1040E-06,3.987E-01
7.1100E-06,3.907E-01
7.1100E-06,3.987E-01
7.1160E-06,3.907E-01
7.1160E-06,3.947E-01
7.1220E-06,3.907E-01
7.1220E-06,3.947E-01
7.1280E-06,3.867E-01
7.1280E-06,3.947E-01
7.1340E-06,3.907E-01
7.1340E-06,3.947E-01
7.1400E-06,3.907E-01
7.1400E-06,3.947E-01
7.1460E-06,3.907E-01
7.1460E-06,3.907E-01
7.1520E-06,3.867E-01
7.1520E-06,3.907E-01
7.1580E-06,3.867E-01
7.1580E-06,3.907E-01
7.1640E-06,3.827E-01
7.1640E-06,3.907E-01
7.1700E-06,3.867E-01
7.1700E-06,3.907E-01
7.1760E-06,3.827E-01
7.1760E-06,3.907E-01
7.1820E-06,3.827E-01
7.1820E-06,3.867E-01
7.1880E-06,3.867E-01
7.1880E-06,3.907E-01
7.1940E-06,3.827E-01
7.1940E-06,3.867E-01
7.2000E-06,3.827E-01
7.2000E-06,3.867E-01
7.2060E-06,3.827E-01
7.2060E-06,3.867E-01
7.2120E-06,3.827E-01
7.2120E-06,3.867E-01
7.2180E-06,3.787E-01
7.2180E-06,3.867E-01
7.2240E-06,3.827E-01
7.2240E-06,3.827E-01
7.2300E-06,3.827E-01
7.2300E-06,3.827E-01
7.2360E-06,3.787E-01
7.2360E-06,3.827E-01
7.2420E-06,3.747E-01
7.2420E-06,3.787E-01
7.2480E-06,3.787E-01
7.2480E-06,3.827E-01
7.2540E-06,3.747E-01
7.2540E-06,3.787E-01
7.2600E-06,3.747E-01
7.2600E-06,3.867E-01
7.2660E-06,3.747E-01
7.2660E-06,3.787E-01
7.2720E-06,3.707E-01
7.2720E-06,3.747E-01
7.2780E-06,3.707E-01
7.2780E-06,3.787E-01
7.2840E-06,3.747E-01
7.2840E-06,3.787E-01
7.2900E-06,3.747E-01
7.2900E-06,3.747E-01
7.2960E-06,3.707E-01
7.2960E-06,3.747E-01
7.3020E-06,3.707E-01
7.3020E-06,3.747E-01
7.3080E-06,3.707E-01
7.3080E-06,3.747E-01
7.3140E-06,3.707E-01
7.3140E-06,3.747E-01
7.3200E-06,3.707E-01
7.3200E-06,3.747E-01
7.3260E-06,3.707E-01
7.3260E-06,3.747E-01
7.3320E-06,3.707E-01
7.3320E-06,3.747E-01
7.3380E-06,3.707E-01
7.3380E-06,3.707E-01
7.3440E-06,3.627E-01
7.3440E-06,3.707E-01
7.3500E-06,3.667E-01
7.3500E-06,3.707E-01
7.3560E-06,3.667E-01
7.3560E-06,3.707E-01
7.3620E-06,3.667E-01
7.3620E-06,3.707E-01
7.3680E-06,3.667E-01
7.3680E-06,3.707E-01
7.3740E-06,3.627E-01
7.3740E-06,3.667E-01
7.3800E-06,3.627E-01
7.3800E-06,3.667E-01
7.3860E-06,3.627E-01
7.3860E-06,3.667E-01
7.3920E-06,3.587E-01
7.3920E-06,3.667E-01
7.3980E-06,3.627E-01
7.3980E-06,3.667E-01
7.4040E-06,3.587E-01
7.4040E-06,3.627E-01
7.4100E-06,3.587E-01
7.4100E-06,3.627E-01
7.4160E-06,3.587E-01
7.4160E-06,3.627E-01
7.4220E-06,3.547E-01
7.4220E-06,3.627E-01
7.4280E-06,3.547E-01
7.4280E-06,3.587E-01
7.4340E-06,3.547E-01
7.4340E-06,3.587E-01
7.4400E-06,3.547E-01
7.4400E-06,3.627E-01
7.4460E-06,3.547E-01
7.4460E-06,3.627E-01
7.4520E-06,3.547E-01
7.4520E-06,3.627E-01
7.4580E-06,3.547E-01
7.4580E-06,3.587E-01
7.4640E-06,3.547E-01
7.4640E-06,3.587E-01
7.4700E-06,3.507E-01
7.4700E-06,3.587E-01
7.4760E-06,3.507E-01
7.4760E-06,3.587E-01
7.4820E-06,3.507E-01
7.4820E-06,3.587E-01
7.4880E-06,3.507E-01
7.4880E-06,3.547E-01
7.4940E-06,3.507E-01
7.4940E-06,3.547E-01
7.5000E-06,3.467E-01
7.5000E-06,3.547E-01
7.5060E-06,3.467E-01
7.5060E-06,3.547E-01
7.5120E-06,3.467E-01
7.5120E-06,3.507E-01
7.5180E-06,3.467E-01
7.5180E-06,3.547E-01
7.5240E-06,3.467E-01
7.5240E-06,3.547E-01
7.5300E-06,3.467E-01
7.5300E-06,3.547E-01
7.5360E-06,3.467E-01
7.5360E-06,3.507E-01
7.5420E-06,3.427E-01
7.5420E-06,3.507E-01
7.5480E-06,3.427E-01
7.5480E-06,3.467E-01
7.5540E-06,3.467E-01
7.5540E-06,3.507E-01
7.5600E-06,3.427E-01
7.5600E-06,3.507E-01
7.5660E-06,3.427E-01
7.5660E-06,3.467E-01
7.5720E-06,3.427E-01
7.5720E-06,3.467E-01
7.5780E-06,3.427E-01
7.5780E-06,3.467E-01
7.5840E-06,3.427E-01
7.5840E-06,3.467E-01
7.5900E-06,3.387E-01
7.5900E-06,3.427E-01
7.5960E-06,3.427E-01
7.5960E-06,3.427E-01
7.6020E-06,3.387E-01
7.6020E-06,3.427E-01
7.6080E-06,3.387E-01
7.6080E-06,3.427E-01
7.6140E-06,3.387E-01
7.6140E-06,3.427E-01
7.6200E-06,3.387E-01
7.6200E-06,3.427E-01
7.6260E-06,3.387E-01
7.6260E-06,3.427E-01
7.6320E-06,3.347E-01
7.6320E-06,3.427E-01
7.6380E-06,3.387E-01
7.6380E-06,3.427E-01
7.6440E-06,3.347E-01
7.6440E-06,3.387E-01
7.6500E-06,3.347E-01
7.6500E-06,3.387E-01
7.6560E-06,3.347E-01
7.6560E-06,3.347E-01
7.6620E-06,3.347E-01
7.6620E-06,3.347E-01
7.6680E-06,3.307E-01
7.6680E-06,3.387E-01
7.6740E-06,3.307E-01
7.6740E-06,3.387E-01
7.6800E-06,3.307E-01
7.6800E-06,3.347E-01
7.6860E-06,3.307E-01
7.6860E-06,3.347E-01
7.6920E-06,3.307E-01
7.6920E-06,3.347E-01
7.6980E-06,3.267E-01
7.6980E-06,3.347E-01
7.7040E-06,3.267E-01
7.7040E-06,3.307E-01
7.7100E-06,3.267E-01
7.7100E-06,3.307E-01
7.7160E-06,3.267E-01
7.7160E-06,3.307E-01
7.7220E-06,3.227E-01
7.7220E-06,3.307E-01
7.7280E-06,3.227E-01
7.7280E-06,3.307E-01
7.7340E-06,3.227E-01
7.7340E-06,3.307E-01
7.7400E-06,3.227E-01
7.7400E-06,3.267E-01
7.7460E-06,3.227E-01
7.7460E-06,3.267E-01
7.7520E-06,3.227E-01
7.7520E-06,3.267E-01
7.7580E-06,3.187E-01
7.7580E-06,3.267E-01
7.7640E-06,3.187E-01
7.7640E-06,3.267E-01
7.7700E-06,3.187E-01
7.7700E-06,3.267E-01
7.7760E-06,3.187E-01
7.7760E-06,3.267E-01
7.7820E-06,3.187E-01
7.7820E-06,3.267E-01
7.7880E-06,3.187E-01
7.7880E-06,3.267E-01
7.7940E-06,3.187E-01
7.7940E-06,3.227E-01
7.8000E-06,3.187E-01
7.8000E-06,3.227E-01
7.8060E-06,3.147E-01
7.8060E-06,3.227E-01
7.8120E-06,3.187E-01
7.8120E-06,3.227E-01
7.8180E-06,3.187E-01
7.8180E-06,3.227E-01
7.8240E-06,3.187E-01
7.8240E-06,3.227E-01
7.8300E-06,3.147E-01
7.8300E-06,3.187E-01
7.8360E-06,3.147E-01
7.8360E-06,3.187E-01
7.8420E-06,3.147E-01
7.8420E-06,3.187E-01
7.8480E-06,3.147E-01
7.8480E-06,3.187E-01
7.8540E-06,3.147E-01
7.8540E-06,3.187E-01
7.8600E-06,3.147E-01
7.8600E-06,3.187E-01
7.8660E-06,3.147E-01
7.8660E-06,3.187E-01
7.8720E-06,3.147E-01
7.8720E-06,3.187E-01
7.8780E-06,3.107E-01
7.8780E-06,3.187E-01
7.8840E-06,3.107E-01
7.8840E-06,3.147E-01
7.8900E-06,3.107E-01
7.8900E-06,3.147E-01
7.8960E-06,3.107E-01
7.8960E-06,3.147E-01
7.9020E-06,3.107E-01
7.9020E-06,3.107E-01
7.9080E-06,3.107E-01
7.9080E-06,3.147E-01
7.9140E-06,3.067E-01
7.9140E-06,3.147E-01
7.9200E-06,3.107E-01
7.9200E-06,3.147E-01
7.9260E-06,3.067E-01
7.9260E-06,3.107E-01
7.9320E-06,3.067E-01
7.9320E-06,3.107E-01
7.9380E-06,3.067E-01
7.9380E-06,3.107E-01
7.9440E-06,3.067E-01
7.9440E-06,3.107E-01
7.9500E-06,3.067E-01
7.9500E-06,3.107E-01
7.9560E-06,3.027E-01
7.9560E-06,3.067E-01
7.9620E-06,3.027E-01
7.9620E-06,3.067E-01
7.9680E-06,3.027E-01
7.9680E-06,3.067E-01
7.9740E-06,3.027E-01
7.9740E-06,3.067E-01
7.9800E-06,3.027E-01
7.9800E-06,3.067E-01
7.9860E-06,3.027E-01
7.9860E-06,3.067E-01
7.9920E-06,3.027E-01
7.9920E-06,3.067E-01
7.9980E-06,3.027E-01
7.9980E-06,3.067E-01
8.0040E-06,3.027E-01
8.0040E-06,3.027E-01
8.0100E-06,2.987E-01
8.0100E-06,3.027E-01
8.0160E-06,2.987E-01
8.0160E-06,3.027E-01
8.0220E-06,2.947E-01
8.0220E-06,3.027E-01
8.0280E-06,2.987E-01
8.0280E-06,3.027E-01
8.0340E-06,2.987E-01
8.0340E-06,3.027E-01
8.0400E-06,2.987E-01
8.0400E-06,3.027E-01
8.0460E-06,2.987E-01
8.0460E-06,3.027E-01
8.0520E-06,2.987E-01
8.0520E-06,3.027E-01
8.0580E-06,2.947E-01
8.0580E-06,2.987E-01
8.0640E-06,2.947E-01
8.0640E-06,2.987E-01
8.0700E-06,2.947E-01
8.0700E-06,2.987E-01
8.0760E-06,2.987E-01
8.0760E-06,2.987E-01
8.0820E-06,2.947E-01
8.0820E-06,2.987E-01
8.0880E-06,2.947E-01
8.0880E-06,2.987E-01
8.0940E-06,2.947E-01
8.0940E-06,2.987E-01
8.1000E-06,2.947E-01
8.1000E-06,2.987E-01
8.1060E-06,2.947E-01
8.1060E-06,2.947E-01
8.1120E-06,2.907E-01
8.1120E-06,2.947E-01
8.1180E-06,2.947E-01
8.1180E-06,2.987E-01
8.1240E-06,2.907E-01
8.1240E-06,2.947E-01
8.1300E-06,2.907E-01
8.1300E-06,3.027E-01
8.1360E-06,2.907E-01
8.1360E-06,2.987E-01
8.1420E-06,2.907E-01
8.1420E-06,2.947E-01
8.1480E-06,2.907E-01
8.1480E-06,2.947E-01
8.1540E-06,2.907E-01
8.1540E-06,2.947E-01
8.1600E-06,2.907E-01
8.1600E-06,2.947E-01
8.1660E-06,2.907E-01
8.1660E-06,2.947E-01
8.1720E-06,2.907E-01
8.1720E-06,2.947E-01
8.1780E-06,2.867E-01
8.1780E-06,2.907E-01
8.1840E-06,2.867E-01
8.1840E-06,2.907E-01
8.1900E-06,2.867E-01
8.1900E-06,2.907E-01
8.1960E-06,2.867E-01
8.1960E-06,2.907E-01
8.2020E-06,2.867E-01
8.2020E-06,2.907E-01
8.2080E-06,2.867E-01
8.2080E-06,2.907E-01
8.2140E-06,2.867E-01
8.2140E-06,2.907E-01
8.2200E-06,2.827E-01
8.2200E-06,2.907E-01
8.2260E-06,2.827E-01
8.2260E-06,2.907E-01
8.2320E-06,2.827E-01
8.2320E-06,2.907E-01
8.2380E-06,2.867E-01
8.2380E-06,2.907E-01
8.2440E-06,2.827E-01
8.2440E-06,2.867E-01
8.2500E-06,2.827E-01
8.2500E-06,2.867E-01
8.2560E-06,2.827E-01
8.2560E-06,2.907E-01
8.2620E-06,2.827E-01
8.2620E-06,2.907E-01
8.2680E-06,2.827E-01
8.2680E-06,2.867E-01
8.2740E-06,2.827E-01
8.2740E-06,2.867E-01
8.2800E-06,2.827E-01
8.2800E-06,2.867E-01
8.2860E-06,2.787E-01
8.2860E-06,2.867E-01
8.2920E-06,2.827E-01
8.2920E-06,2.867E-01
8.2980E-06,2.827E-01
8.2980E-06,2.867E-01
8.3040E-06,2.787E-01
8.3040E-06,2.827E-01
8.3100E-06,2.787E-01
8.3100E-06,2.827E-01
8.3160E-06,2.787E-01
8.3160E-06,2.827E-01
8.3220E-06,2.787E-01
8.3220E-06,2.827E-01
8.3280E-06,2.787E-01
8.3280E-06,2.827E-01
8.3340E-06,2.787E-01
8.3340E-06,2.867E-01
8.3400E-06,2.787E-01
8.3400E-06,2.827E-01
8.3460E-06,2.787E-01
8.3460E-06,2.827E-01
8.3520E-06,2.787E-01
8.3520E-06,2.827E-01
8.3580E-06,2.787E-01
8.3580E-06,2.827E-01
8.3640E-06,2.787E-01
8.3640E-06,2.827E-01
8.3700E-06,2.787E-01
8.3700E-06,2.827E-01
8.3760E-06,2.787E-01
8.3760E-06,2.827E-01
8.3820E-06,2.747E-01
8.3820E-06,2.827E-01
8.3880E-06,2.787E-01
8.3880E-06,2.827E-01
8.3940E-06,2.787E-01
8.3940E-06,2.827E-01
8.4000E-06,2.787E-01
8.4000E-06,2.827E-01
8.4060E-06,2.787E-01
8.4060E-06,2.827E-01
8.4120E-06,2.787E-01
8.4120E-06,2.827E-01
8.4180E-06,2.787E-01
8.4180E-06,2.827E-01
8.4240E-06,2.747E-01
8.4240E-06,2.827E-01
8.4300E-06,2.747E-01
8.4300E-06,2.787E-01
8.4360E-06,2.747E-01
8.4360E-06,2.787E-01
8.4420E-06,2.747E-01
8.4420E-06,2.787E-01
8.4480E-06,2.747E-01
8.4480E-06,2.827E-01
8.4540E-06,2.747E-01
8.4540E-06,2.787E-01
8.4600E-06,2.747E-01
8.4600E-06,2.787E-01
8.4660E-06,2.747E-01
8.4660E-06,2.787E-01
8.4720E-06,2.747E-01
8.4720E-06,2.787E-01
8.4780E-06,2.747E-01
8.4780E-06,2.787E-01
8.4840E-06,2.707E-01
8.4840E-06,2.787E-01
8.4900E-06,2.707E-01
8.4900E-06,2.787E-01
8.4960E-06,2.747E-01
8.4960E-06,2.787E-01
8.5020E-06,2.747E-01
8.5020E-06,2.787E-01
8.5080E-06,2.747E-01
8.5080E-06,2.787E-01
8.5140E-06,2.747E-01
8.5140E-06,2.787E-01
8.5200E-06,2.747E-01
8.5200E-06,2.787E-01
8.5260E-06,2.747E-01
8.5260E-06,2.787E-01
8.5320E-06,2.707E-01
8.5320E-06,2.787E-01
8.5380E-06,2.707E-01
8.5380E-06,2.787E-01
8.5440E-06,2.747E-01
8.5440E-06,2.787E-01
8.5500E-06,2.707E-01
8.5500E-06,2.747E-01
8.5560E-06,2.707E-01
8.5560E-06,2.747E-01
8.5620E-06,2.747E-01
8.5620E-06,2.747E-01
8.5680E-06,2.707E-01
8.5680E-06,2.747E-01
8.5740E-06,2.747E-01
8.5740E-06,2.747E-01
8.5800E-06,2.707E-01
8.5800E-06,2.747E-01
8.5860E-06,2.707E-01
8.5860E-06,2.747E-01
8.5920E-06,2.747E-01
8.5920E-06,2.747E-01
8.5980E-06,2.707E-01
8.5980E-06,2.747E-01
8.6040E-06,2.707E-01
8.6040E-06,2.747E-01
8.6100E-06,2.707E-01
8.6100E-06,2.747E-01
8.6160E-06,2.707E-01
8.6160E-06,2.747E-01
8.6220E-06,2.707E-01
8.6220E-06,2.787E-01
8.6280E-06,2.707E-01
8.6280E-06,2.747E-01
8.6340E-06,2.707E-01
8.6340E-06,2.747E-01
8.6400E-06,2.707E-01
8.6400E-06,2.747E-01
8.6460E-06,2.707E-01
8.6460E-06,2.747E-01
8.6520E-06,2.707E-01
8.6520E-06,2.747E-01
8.6580E-06,2.707E-01
8.6580E-06,2.747E-01
8.6640E-06,2.707E-01
8.6640E-06,2.747E-01
8.6700E-06,2.707E-01
8.6700E-06,2.747E-01
8.6760E-06,2.707E-01
8.6760E-06,2.747E-01
8.6820E-06,2.707E-01
8.6820E-06,2.747E-01
8.6880E-06,2.707E-01
8.6880E-06,2.747E-01
8.6940E-06,2.747E-01
8.6940E-06,2.787E-01
8.7000E-06,2.707E-01
8.7000E-06,2.747E-01
8.7060E-06,2.707E-01
8.7060E-06,2.747E-01
8.7120E-06,2.707E-01
8.7120E-06,2.787E-01
8.7180E-06,2.707E-01
8.7180E-06,2.747E-01
8.7240E-06,2.707E-01
8.7240E-06,2.787E-01
8.7300E-06,2.747E-01
8.7300E-06,2.787E-01
8.7360E-06,2.707E-01
8.7360E-06,2.747E-01
8.7420E-06,2.747E-01
8.7420E-06,2.747E-01
8.7480E-06,2.707E-01
8.7480E-06,2.747E-01
8.7540E-06,2.707E-01
8.7540E-06,2.747E-01
8.7600E-06,2.707E-01
8.7600E-06,2.747E-01
8.7660E-06,2.707E-01
8.7660E-06,2.747E-01
8.7720E-06,2.747E-01
8.7720E-06,2.747E-01
8.7780E-06,2.707E-01
8.7780E-06,2.787E-01
8.7840E-06,2.707E-01
8.7840E-06,2.747E-01
8.7900E-06,2.707E-01
8.7900E-06,2.747E-01
8.7960E-06,2.707E-01
8.7960E-06,2.747E-01
8.8020E-06,2.707E-01
8.8020E-06,2.747E-01
8.8080E-06,2.707E-01
8.8080E-06,2.747E-01
8.8140E-06,2.707E-01
8.8140E-06,2.747E-01
8.8200E-06,2.707E-01
8.8200E-06,2.747E-01
8.8260E-06,2.707E-01
8.8260E-06,2.747E-01
8.8320E-06,2.707E-01
8.8320E-06,2.787E-01
8.8380E-06,2.707E-01
8.8380E-06,2.747E-01
8.8440E-06,2.707E-01
8.8440E-06,2.747E-01
8.8500E-06,2.707E-01
8.8500E-06,2.747E-01
8.8560E-06,2.707E-01
8.8560E-06,2.747E-01
8.8620E-06,2.707E-01
8.8620E-06,2.747E-01
8.8680E-06,2.747E-01
8.8680E-06,2.787E-01
8.8740E-06,2.707E-01
8.8740E-06,2.747E-01
8.8800E-06,2.707E-01
8.8800E-06,2.787E-01
8.8860E-06,2.707E-01
8.8860E-06,2.787E-01
8.8920E-06,2.707E-01
8.8920E-06,2.787E-01
8.8980E-06,2.707E-01
8.8980E-06,2.747E-01
8.9040E-06,2.747E-01
8.9040E-06,2.787E-01
8.9100E-06,2.747E-01
8.9100E-06,2.787E-01
8.9160E-06,2.747E-01
8.9160E-06,2.787E-01
8.9220E-06,2.747E-01
8.9220E-06,2.787E-01
8.9280E-06,2.747E-01
8.9280E-06,2.827E-01
8.9340E-06,2.747E-01
8.9340E-06,2.787E-01
8.9400E-06,2.787E-01
8.9400E-06,2.787E-01
8.9460E-06,2.747E-01
8.9460E-06,2.787E-01
8.9520E-06,2.747E-01
8.9520E-06,2.827E-01
8.9580E-06,2.747E-01
8.9580E-06,2.827E-01
8.9640E-06,2.747E-01
8.9640E-06,2.827E-01
8.9700E-06,2.747E-01
8.9700E-06,2.827E-01
8.9760E-06,2.747E-01
8.9760E-06,2.827E-01
8.9820E-06,2.747E-01
8.9820E-06,2.827E-01
8.9880E-06,2.787E-01
8.9880E-06,2.827E-01
8.9940E-06,2.787E-01
8.9940E-06,2.827E-01
9.0000E-06,2.787E-01
9.0000E-06,2.827E-01
9.0060E-06,2.747E-01
9.0060E-06,2.827E-01
9.0120E-06,2.787E-01
9.0120E-06,2.827E-01
9.0180E-06,2.787E-01
9.0180E-06,2.827E-01
9.0240E-06,2.787E-01
9.0240E-06,2.827E-01
9.0300E-06,2.787E-01
9.0300E-06,2.827E-01
9.0360E-06,2.787E-01
9.0360E-06,2.827E-01
9.0420E-06,2.787E-01
9.0420E-06,2.827E-01
9.0480E-06,2.787E-01
9.0480E-06,2.827E-01
9.0540E-06,2.787E-01
9.0540E-06,2.827E-01
9.0600E-06,2.787E-01
9.0600E-06,2.827E-01
9.0660E-06,2.827E-01
9.0660E-06,2.827E-01
9.0720E-06,2.787E-01
9.0720E-06,2.827E-01
9.0780E-06,2.827E-01
9.0780E-06,2.867E-01
9.0840E-06,2.827E-01
9.0840E-06,2.827E-01
9.0900E-06,2.827E-01
9.0900E-06,2.867E-01
9.0960E-06,2.827E-01
9.0960E-06,2.867E-01
9.1020E-06,2.827E-01
9.1020E-06,2.867E-01
9.1080E-06,2.827E-01
9.1080E-06,2.867E-01
9.1140E-06,2.827E-01
9.1140E-06,2.867E-01
9.1200E-06,2.827E-01
9.1200E-06,2.867E-01
9.1260E-06,2.827E-01
9.1260E-06,2.867E-01
9.1320E-06,2.827E-01
9.1320E-06,2.867E-01
9.1380E-06,2.827E-01
9.1380E-06,2.867E-01
9.1440E-06,2.827E-01
9.1440E-06,2.867E-01
9.1500E-06,2.827E-01
9.1500E-06,2.867E-01
9.1560E-06,2.827E-01
9.1560E-06,2.907E-01
9.1620E-06,2.867E-01
9.1620E-06,2.907E-01
9.1680E-06,2.827E-01
9.1680E-06,2.907E-01
9.1740E-06,2.867E-01
9.1740E-06,2.907E-01
9.1800E-06,2.867E-01
9.1800E-06,2.907E-01
9.1860E-06,2.867E-01
9.1860E-06,2.907E-01
9.1920E-06,2.867E-01
9.1920E-06,2.907E-01
9.1980E-06,2.907E-01
9.1980E-06,2.907E-01
9.2040E-06,2.867E-01
9.2040E-06,2.947E-01
9.2100E-06,2.907E-01
9.2100E-06,2.947E-01
9.2160E-06,2.907E-01
9.2160E-06,2.947E-01
9.2220E-06,2.867E-01
9.2220E-06,2.947E-01
9.2280E-06,2.907E-01
9.2280E-06,2.947E-01
9.2340E-06,2.907E-01
9.2340E-06,2.907E-01
9.2400E-06,2.907E-01
9.2400E-06,2.947E-01
9.2460E-06,2.907E-01
9.2460E-06,2.947E-01
9.2520E-06,2.907E-01
9.2520E-06,2.947E-01
9.2580E-06,2.907E-01
9.2580E-06,2.947E-01
9.2640E-06,2.907E-01
9.2640E-06,2.947E-01
9.2700E-06,2.907E-01
9.2700E-06,2.947E-01
9.2760E-06,2.907E-01
9.2760E-06,2.987E-01
9.2820E-06,2.947E-01
9.2820E-06,2.987E-01
9.2880E-06,2.947E-01
9.2880E-06,2.987E-01
9.2940E-06,2.947E-01
9.2940E-06,2.987E-01
9.3000E-06,2.947E-01
9.3000E-06,2.987E-01
9.3060E-06,2.947E-01
9.3060E-06,2.987E-01
9.3120E-06,2.947E-01
9.3120E-06,2.987E-01
9.3180E-06,2.947E-01
9.3180E-06,2.987E-01
9.3240E-06,2.947E-01
9.3240E-06,2.987E-01
9.3300E-06,2.987E-01
9.3300E-06,2.987E-01
9.3360E-06,2.987E-01
9.3360E-06,2.987E-01
9.3420E-06,2.987E-01
9.3420E-06,3.027E-01
9.3480E-06,2.987E-01
9.3480E-06,3.027E-01
9.3540E-06,2.987E-01
9.3540E-06,3.027E-01
9.3600E-06,2.987E-01
9.3600E-06,3.027E-01
9.3660E-06,2.987E-01
9.3660E-06,3.027E-01
9.3720E-06,2.987E-01
9.3720E-06,3.067E-01
9.3780E-06,2.987E-01
9.3780E-06,3.067E-01
9.3840E-06,3.027E-01
9.3840E-06,3.067E-01
9.3900E-06,3.027E-01
9.3900E-06,3.067E-01
9.3960E-06,3.027E-01
9.3960E-06,3.067E-01
9.4020E-06,3.027E-01
9.4020E-06,3.067E-01
9.4080E-06,3.027E-01
9.4080E-06,3.067E-01
9.4140E-06,3.027E-01
9.4140E-06,3.067E-01
9.4200E-06,3.027E-01
9.4200E-06,3.067E-01
9.4260E-06,3.027E-01
9.4260E-06,3.067E-01
9.4320E-06,3.027E-01
9.4320E-06,3.067E-01
9.4380E-06,3.027E-01
9.4380E-06,3.107E-01
9.4440E-06,3.067E-01
9.4440E-06,3.107E-01
9.4500E-06,3.067E-01
9.4500E-06,3.107E-01
9.4560E-06,3.067E-01
9.4560E-06,3.107E-01
9.4620E-06,3.067E-01
9.4620E-06,3.107E-01
9.4680E-06,3.067E-01
9.4680E-06,3.107E-01
9.4740E-06,3.067E-01
9.4740E-06,3.107E-01
9.4800E-06,3.067E-01
9.4800E-06,3.147E-01
9.4860E-06,3.107E-01
9.4860E-06,3.107E-01
9.4920E-06,3.107E-01
9.4920E-06,3.147E-01
9.4980E-06,3.067E-01
9.4980E-06,3.147E-01
9.5040E-06,3.067E-01
9.5040E-06,3.147E-01
9.5100E-06,3.147E-01
9.5100E-06,3.147E-01
9.5160E-06,3.107E-01
9.5160E-06,3.187E-01
9.5220E-06,3.107E-01
9.5220E-06,3.187E-01
9.5280E-06,3.147E-01
9.5280E-06,3.187E-01
9.5340E-06,3.107E-01
9.5340E-06,3.187E-01
9.5400E-06,3.147E-01
9.5400E-06,3.187E-01
9.5460E-06,3.147E-01
9.5460E-06,3.187E-01
9.5520E-06,3.147E-01
9.5520E-06,3.187E-01
9.5580E-06,3.147E-01
9.5580E-06,3.227E-01
9.5640E-06,3.147E-01
9.5640E-06,3.187E-01
9.5700E-06,3.187E-01
9.5700E-06,3.227E-01
9.5760E-06,3.187E-01
9.5760E-06,3.227E-01
9.5820E-06,3.187E-01
9.5820E-06,3.187E-01
9.5880E-06,3.187E-01
9.5880E-06,3.227E-01
9.5940E-06,3.187E-01
9.5940E-06,3.227E-01
9.6000E-06,3.187E-01
9.6000E-06,3.227E-01
9.6060E-06,3.187E-01
9.6060E-06,3.227E-01
9.6120E-06,3.227E-01
9.6120E-06,3.227E-01
9.6180E-06,3.227E-01
9.6180E-06,3.227E-01
9.6240E-06,3.227E-01
9.6240E-06,3.267E-01
9.6300E-06,3.227E-01
9.6300E-06,3.267E-01
9.6360E-06,3.227E-01
9.6360E-06,3.267E-01
9.6420E-06,3.227E-01
9.6420E-06,3.267E-01
9.6480E-06,3.227E-01
9.6480E-06,3.267E-01
9.6540E-06,3.227E-01
9.6540E-06,3.307E-01
9.6600E-06,3.267E-01
9.6600E-06,3.307E-01
9.6660E-06,3.267E-01
9.6660E-06,3.307E-01
9.6720E-06,3.267E-01
9.6720E-06,3.307E-01
9.6780E-06,3.267E-01
9.6780E-06,3.307E-01
9.6840E-06,3.267E-01
9.6840E-06,3.307E-01
9.6900E-06,3.267E-01
9.6900E-06,3.307E-01
9.6960E-06,3.267E-01
9.6960E-06,3.307E-01
9.7020E-06,3.307E-01
9.7020E-06,3.307E-01
9.7080E-06,3.267E-01
9.7080E-06,3.387E-01
9.7140E-06,3.307E-01
9.7140E-06,3.387E-01
9.7200E-06,3.307E-01
9.7200E-06,3.387E-01
9.7260E-06,3.307E-01
9.7260E-06,3.347E-01
9.7320E-06,3.307E-01
9.7320E-06,3.347E-01
9.7380E-06,3.347E-01
9.7380E-06,3.347E-01
9.7440E-06,3.347E-01
9.7440E-06,3.387E-01
9.7500E-06,3.347E-01
9.7500E-06,3.387E-01
9.7560E-06,3.347E-01
9.7560E-06,3.427E-01
9.7620E-06,3.387E-01
9.7620E-06,3.427E-01
9.7680E-06,3.387E-01
9.7680E-06,3.427E-01
9.7740E-06,3.387E-01
9.7740E-06,3.427E-01
9.7800E-06,3.387E-01
9.7800E-06,3.427E-01
9.7860E-06,3.387E-01
9.7860E-06,3.427E-01
9.7920E-06,3.387E-01
9.7920E-06,3.427E-01
9.7980E-06,3.387E-01
9.7980E-06,3.427E-01
9.8040E-06,3.387E-01
9.8040E-06,3.467E-01
9.8100E-06,3.387E-01
9.8100E-06,3.467E-01
9.8160E-06,3.427E-01
9.8160E-06,3.467E-01
9.8220E-06,3.427E-01
9.8220E-06,3.467E-01
9.8280E-06,3.387E-01
9.8280E-06,3.467E-01
9.8340E-06,3.427E-01
9.8340E-06,3.507E-01
9.8400E-06,3.427E-01
9.8400E-06,3.507E-01
9.8460E-06,3.427E-01
9.8460E-06,3.507E-01
9.8520E-06,3.427E-01
9.8520E-06,3.507E-01
9.8580E-06,3.427E-01
9.8580E-06,3.507E-01
9.8640E-06,3.467E-01
9.8640E-06,3.507E-01
9.8700E-06,3.467E-01
9.8700E-06,3.507E-01
9.8760E-06,3.467E-01
9.8760E-06,3.507E-01
9.8820E-06,3.507E-01
9.8820E-06,3.507E-01
9.8880E-06,3.507E-01
9.8880E-06,3.547E-01
9.8940E-06,3.507E-01
9.8940E-06,3.547E-01
9.9000E-06,3.507E-01
9.9000E-06,3.547E-01
9.9060E-06,3.507E-01
9.9060E-06,3.547E-01
9.9120E-06,3.507E-01
9.9120E-06,3.547E-01
9.9180E-06,3.507E-01
9.9180E-06,3.547E-01
9.9240E-06,3.547E-01
9.9240E-06,3.587E-01
9.9300E-06,3.507E-01
9.9300E-06,3.587E-01
9.9360E-06,3.507E-01
9.9360E-06,3.587E-01
9.9420E-06,3.547E-01
9.9420E-06,3.587E-01
9.9480E-06,3.547E-01
9.9480E-06,3.627E-01
9.9540E-06,3.547E-01
9.9540E-06,3.627E-01
9.9600E-06,3.547E-01
9.9600E-06,3.627E-01
9.9660E-06,3.547E-01
9.9660E-06,3.627E-01
9.9720E-06,3.587E-01
9.9720E-06,3.627E-01
9.9780E-06,3.587E-01
9.9780E-06,3.627E-01
9.9840E-06,3.587E-01
9.9840E-06,3.627E-01
9.9900E-06,3.627E-01
9.9900E-06,3.627E-01
9.9960E-06,3.587E-01
9.9960E-06,3.627E-01
1.0002E-05,3.627E-01
1.0002E-05,3.667E-01
1.0008E-05,3.627E-01
1.0008E-05,3.667E-01
1.0014E-05,3.627E-01
1.0014E-05,3.707E-01
1.0020E-05,3.627E-01
1.0020E-05,3.667E-01
1.0026E-05,3.627E-01
1.0026E-05,3.707E-01
1.0032E-05,3.627E-01
1.0032E-05,3.707E-01
1.0038E-05,3.627E-01
1.0038E-05,3.707E-01
1.0044E-05,3.667E-01
1.0044E-05,3.707E-01
1.0050E-05,3.667E-01
1.0050E-05,3.707E-01
1.0056E-05,3.667E-01
1.0056E-05,3.707E-01
1.0062E-05,3.707E-01
1.0062E-05,3.707E-01
1.0068E-05,3.707E-01
1.0068E-05,3.707E-01
1.0074E-05,3.667E-01
1.0074E-05,3.707E-01
1.0080E-05,3.707E-01
1.0080E-05,3.707E-01
1.0086E-05,3.707E-01
1.0086E-05,3.747E-01
1.0092E-05,3.707E-01
1.0092E-05,3.747E-01
1.0098E-05,3.707E-01
1.0098E-05,3.787E-01
1.0104E-05,3.707E-01
1.0104E-05,3.787E-01
1.0110E-05,3.707E-01
1.0110E-05,3.787E-01
1.0116E-05,3.747E-01
1.0116E-05,3.747E-01
1.0122E-05,3.747E-01
1.0122E-05,3.787E-01
1.0128E-05,3.747E-01
1.0128E-05,3.787E-01
1.0134E-05,3.747E-01
1.0134E-05,3.787E-01
1.0140E-05,3.747E-01
1.0140E-05,3.787E-01
1.0146E-05,3.747E-01
1.0146E-05,3.827E-01
1.0152E-05,3.747E-01
1.0152E-05,3.827E-01
1.0158E-05,3.787E-01
1.0158E-05,3.827E-01
1.0164E-05,3.787E-01
1.0164E-05,3.827E-01
1.0170E-05,3.787E-01
1.0170E-05,3.827E-01
1.0176E-05,3.787E-01
1.0176E-05,3.867E-01
1.0182E-05,3.827E-01
1.0182E-05,3.867E-01
1.0188E-05,3.827E-01
1.0188E-05,3.867E-01
1.0194E-05,3.827E-01
1.0194E-05,3.827E-01
1.0200E-05,3.827E-01
1.0200E-05,3.867E-01
1.0206E-05,3.787E-01
1.0206E-05,3.867E-01
1.0212E-05,3.827E-01
1.0212E-05,3.867E-01
1.0218E-05,3.827E-01
1.0218E-05,3.867E-01
1.0224E-05,3.827E-01
1.0224E-05,3.907E-01
1.0230E-05,3.827E-01
1.0230E-05,3.907E-01
1.0236E-05,3.867E-01
1.0236E-05,3.907E-01
1.0242E-05,3.867E-01
1.0242E-05,3.907E-01
1.0248E-05,3.867E-01
1.0248E-05,3.907E-01
1.0254E-05,3.867E-01
1.0254E-05,3.947E-01
1.0260E-05,3.867E-01
1.0260E-05,3.907E-01
1.0266E-05,3.867E-01
1.0266E-05,3.947E-01
1.0272E-05,3.907E-01
1.0272E-05,3.947E-01
1.0278E-05,3.907E-01
1.0278E-05,3.947E-01
1.0284E-05,3.907E-01
1.0284E-05,3.947E-01
1.0290E-05,3.907E-01
1.0290E-05,3.947E-01
1.0296E-05,3.907E-01
1.0296E-05,3.947E-01
1.0302E-05,3.907E-01
1.0302E-05,3.987E-01
1.0308E-05,3.907E-01
1.0308E-05,3.987E-01
1.0314E-05,3.947E-01
1.0314E-05,3.987E-01
1.0320E-05,3.947E-01
1.0320E-05,3.987E-01
1.0326E-05,3.947E-01
1.0326E-05,3.987E-01
1.0332E-05,3.947E-01
1.0332E-05,3.987E-01
1.0338E-05,3.987E-01
1.0338E-05,4.027E-01
1.0344E-05,3.947E-01
1.0344E-05,3.987E-01
1.0350E-05,3.947E-01
1.0350E-05,3.987E-01
1.0356E-05,3.987E-01
1.0356E-05,4.027E-01
1.0362E-05,3.987E-01
1.0362E-05,4.027E-01
1.0368E-05,3.987E-01
1.0368E-05,4.027E-01
1.0374E-05,3.987E-01
1.0374E-05,4.027E-01
1.0380E-05,3.987E-01
1.0380E-05,4.027E-01
1.0386E-05,3.987E-01
1.0386E-05,4.027E-01
1.0392E-05,4.027E-01
1.0392E-05,4.027E-01
1.0398E-05,4.027E-01
1.0398E-05,4.107E-01
1.0404E-05,4.027E-01
1.0404E-05,4.107E-01
1.0410E-05,4.027E-01
1.0410E-05,4.067E-01
1.0416E-05,4.027E-01
1.0416E-05,4.067E-01
1.0422E-05,4.027E-01
1.0422E-05,4.067E-01
1.0428E-05,4.027E-01
1.0428E-05,4.067E-01
1.0434E-05,4.027E-01
1.0434E-05,4.067E-01
1.0440E-05,4.027E-01
1.0440E-05,4.067E-01
1.0446E-05,4.067E-01
1.0446E-05,4.067E-01
1.0452E-05,4.067E-01
1.0452E-05,4.107E-01
1.0458E-05,4.067E-01
1.0458E-05,4.107E-01
1.0464E-05,4.067E-01
1.0464E-05,4.147E-01
1.0470E-05,4.067E-01
1.0470E-05,4.147E-01
1.0476E-05,4.067E-01
1.0476E-05,4.107E-01
1.0482E-05,4.107E-01
1.0482E-05,4.107E-01
1.0488E-05,4.107E-01
1.0488E-05,4.147E-01
1.0494E-05,4.107E-01
1.0494E-05,4.147E-01
1.0500E-05,4.107E-01
1.0500E-05,4.107E-01
1.0506E-05,4.107E-01
1.0506E-05,4.147E-01
1.0512E-05,4.107E-01
1.0512E-05,4.147E-01
1.0518E-05,4.107E-01
1.0518E-05,4.187E-01
1.0524E-05,4.147E-01
1.0524E-05,4.187E-01
1.0530E-05,4.147E-01
1.0530E-05,4.187E-01
1.0536E-05,4.107E-01
1.0536E-05,4.147E-01
1.0542E-05,4.107E-01
1.0542E-05,4.187E-01
1.0548E-05,4.147E-01
1.0548E-05,4.187E-01
1.0554E-05,4.147E-01
1.0554E-05,4.187E-01
1.0560E-05,4.147E-01
1.0560E-05,4.187E-01
1.0566E-05,4.147E-01
1.0566E-05,4.187E-01
1.0572E-05,4.147E-01
1.0572E-05,4.187E-01
1.0578E-05,4.147E-01
1.0578E-05,4.187E-01
1.0584E-05,4.147E-01
1.0584E-05,4.187E-01
1.0590E-05,4.147E-01
1.0590E-05,4.187E-01
1.0596E-05,4.147E-01
1.0596E-05,4.227E-01
1.0602E-05,4.187E-01
1.0602E-05,4.227E-01
1.0608E-05,4.187E-01
1.0608E-05,4.227E-01
1.0614E-05,4.187E-01
1.0614E-05,4.227E-01
1.0620E-05,4.187E-01
1.0620E-05,4.227E-01
1.0626E-05,4.187E-01
1.0626E-05,4.227E-01
1.0632E-05,4.187E-01
1.0632E-05,4.267E-01
1.0638E-05,4.187E-01
1.0638E-05,4.227E-01
1.0644E-05,4.187E-01
1.0644E-05,4.267E-01
1.0650E-05,4.227E-01
1.0650E-05,4.267E-01
1.0656E-05,4.227E-01
1.0656E-05,4.227E-01
1.0662E-05,4.187E-01
1.0662E-05,4.227E-01
1.0668E-05,4.187E-01
1.0668E-05,4.267E-01
1.0674E-05,4.227E-01
1.0674E-05,4.267E-01
1.0680E-05,4.227E-01
1.0680E-05,4.267E-01
1.0686E-05,4.227E-01
1.0686E-05,4.267E-01
1.0692E-05,4.227E-01
1.0692E-05,4.267E-01
1.0698E-05,4.227E-01
1.0698E-05,4.267E-01
1.0704E-05,4.227E-01
1.0704E-05,4.267E-01
1.0710E-05,4.227E-01
1.0710E-05,4.307E-01
1.0716E-05,4.187E-01
1.0716E-05,4.267E-01
1.0722E-05,4.267E-01
1.0722E-05,4.267E-01
1.0728E-05,4.267E-01
1.0728E-05,4.307E-01
1.0734E-05,4.267E-01
1.0734E-05,4.267E-01
1.0740E-05,4.267E-01
1.0740E-05,4.307E-01
1.0746E-05,4.267E-01
1.0746E-05,4.307E-01
1.0752E-05,4.267E-01
1.0752E-05,4.307E-01
1.0758E-05,4.267E-01
1.0758E-05,4.307E-01
1.0764E-05,4.267E-01
1.0764E-05,4.307E-01
1.0770E-05,4.267E-01
1.0770E-05,4.307E-01
1.0776E-05,4.267E-01
1.0776E-05,4.347E-01
1.0782E-05,4.307E-01
1.0782E-05,4.347E-01
1.0788E-05,4.307E-01
1.0788E-05,4.307E-01
1.0794E-05,4.267E-01
1.0794E-05,4.307E-01
1.0800E-05,4.267E-01
1.0800E-05,4.347E-01
1.0806E-05,4.267E-01
1.0806E-05,4.347E-01
1.0812E-05,4.307E-01
1.0812E-05,4.347E-01
1.0818E-05,4.307E-01
1.0818E-05,4.347E-01
1.0824E-05,4.307E-01
1.0824E-05,4.307E-01
1.0830E-05,4.307E-01
1.0830E-05,4.347E-01
1.0836E-05,4.307E-01
1.0836E-05,4.347E-01
1.0842E-05,4.307E-01
1.0842E-05,4.347E-01
1.0848E-05,4.307E-01
1.0848E-05,4.387E-01
1.0854E-05,4.307E-01
1.0854E-05,4.347E-01
1.0860E-05,4.307E-01
1.0860E-05,4.347E-01
1.0866E-05,4.307E-01
1.0866E-05,4.347E-01
1.0872E-05,4.347E-01
1.0872E-05,4.347E-01
1.0878E-05,4.347E-01
1.0878E-05,4.347E-01
1.0884E-05,4.307E-01
1.0884E-05,4.387E-01
1.0890E-05,4.307E-01
1.0890E-05,4.387E-01
1.0896E-05,4.307E-01
1.0896E-05,4.387E-01
1.0902E-05,4.347E-01
1.0902E-05,4.387E-01
1.0908E-05,4.307E-01
1.0908E-05,4.347E-01
1.0914E-05,4.347E-01
1.0914E-05,4.387E-01
1.0920E-05,4.307E-01
1.0920E-05,4.387E-01
1.0926E-05,4.307E-01
1.0926E-05,4.387E-01
1.0932E-05,4.307E-01
1.0932E-05,4.387E-01
1.0938E-05,4.347E-01
1.0938E-05,4.387E-01
1.0944E-05,4.347E-01
1.0944E-05,4.387E-01
1.0950E-05,4.347E-01
1.0950E-05,4.387E-01
1.0956E-05,4.347E-01
1.0956E-05,4.387E-01
1.0962E-05,4.347E-01
1.0962E-05,4.387E-01
1.0968E-05,4.347E-01
1.0968E-05,4.387E-01
1.0974E-05,4.347E-01
1.0974E-05,4.387E-01
1.0980E-05,4.347E-01
1.0980E-05,4.387E-01
1.0986E-05,4.347E-01
1.0986E-05,4.387E-01
1.0992E-05,4.347E-01
1.0992E-05,4.427E-01
1.0998E-05,4.347E-01
1.0998E-05,4.387E-01
1.1004E-05,4.387E-01
1.1004E-05,4.387E-01
1.1010E-05,4.347E-01
1.1010E-05,4.427E-01
1.1016E-05,4.347E-01
1.1016E-05,4.427E-01
1.1022E-05,4.347E-01
1.1022E-05,4.427E-01
1.1028E-05,4.347E-01
1.1028E-05,4.387E-01
1.1034E-05,4.387E-01
1.1034E-05,4.427E-01
1.1040E-05,4.387E-01
1.1040E-05,4.427E-01
1.1046E-05,4.387E-01
1.1046E-05,4.427E-01
1.1052E-05,4.387E-01
1.1052E-05,4.427E-01
1.1058E-05,4.347E-01
1.1058E-05,4.427E-01
1.1064E-05,4.347E-01
1.1064E-05,4.427E-01
1.1070E-05,4.387E-01
1.1070E-05,4.467E-01
1.1076E-05,4.387E-01
1.1076E-05,4.467E-01
1.1082E-05,4.387E-01
1.1082E-05,4.387E-01
1.1088E-05,4.387E-01
1.1088E-05,4.427E-01
1.1094E-05,4.387E-01
1.1094E-05,4.427E-01
1.1100E-05,4.347E-01
1.1100E-05,4.427E-01
1.1106E-05,4.347E-01
1.1106E-05,4.427E-01
1.1112E-05,4.387E-01
1.1112E-05,4.427E-01
1.1118E-05,4.387E-01
1.1118E-05,4.387E-01
1.1124E-05,4.387E-01
1.1124E-05,4.427E-01
1.1130E-05,4.387E-01
1.1130E-05,4.427E-01
1.1136E-05,4.387E-01
1.1136E-05,4.427E-01
1.1142E-05,4.387E-01
1.1142E-05,4.467E-01
1.1148E-05,4.387E-01
1.1148E-05,4.467E-01
1.1154E-05,4.347E-01
1.1154E-05,4.427E-01
1.1160E-05,4.387E-01
1.1160E-05,4.387E-01
1.1166E-05,4.387E-01
1.1166E-05,4.427E-01
1.1172E-05,4.387E-01
1.1172E-05,4.427E-01
1.1178E-05,4.387E-01
1.1178E-05,4.427E-01
1.1184E-05,4.387E-01
1.1184E-05,4.427E-01
1.1190E-05,4.387E-01
1.1190E-05,4.427E-01
1.1196E-05,4.387E-01
1.1196E-05,4.427E-01
1.1202E-05,4.387E-01
1.1202E-05,4.427E-01
1.1208E-05,4.387E-01
1.1208E-05,4.427E-01
1.1214E-05,4.347E-01
1.1214E-05,4.427E-01
1.1220E-05,4.387E-01
1.1220E-05,4.427E-01
1.1226E-05,4.387E-01
1.1226E-05,4.427E-01
1.1232E-05,4.347E-01
1.1232E-05,4.427E-01
1.1238E-05,4.347E-01
1.1238E-05,4.467E-01
1.1244E-05,4.347E-01
1.1244E-05,4.427E-01
1.1250E-05,4.387E-01
1.1250E-05,4.427E-01
1.1256E-05,4.387E-01
1.1256E-05,4.387E-01
1.1262E-05,4.387E-01
1.1262E-05,4.427E-01
1.1268E-05,4.387E-01
1.1268E-05,4.427E-01
1.1274E-05,4.387E-01
1.1274E-05,4.427E-01
1.1280E-05,4.387E-01
1.1280E-05,4.427E-01
1.1286E-05,4.387E-01
1.1286E-05,4.427E-01
1.1292E-05,4.387E-01
1.1292E-05,4.427E-01
1.1298E-05,4.387E-01
1.1298E-05,4.427E-01
1.1304E-05,4.347E-01
1.1304E-05,4.427E-01
1.1310E-05,4.347E-01
1.1310E-05,4.427E-01
1.1316E-05,4.387E-01
1.1316E-05,4.427E-01
1.1322E-05,4.387E-01
1.1322E-05,4.427E-01
1.1328E-05,4.347E-01
1.1328E-05,4.427E-01
1.1334E-05,4.347E-01
1.1334E-05,4.427E-01
1.1340E-05,4.347E-01
1.1340E-05,4.427E-01
1.1346E-05,4.347E-01
1.1346E-05,4.387E-01
1.1352E-05,4.347E-01
1.1352E-05,4.387E-01
1.1358E-05,4.347E-01
1.1358E-05,4.387E-01
1.1364E-05,4.387E-01
1.1364E-05,4.427E-01
1.1370E-05,4.347E-01
1.1370E-05,4.427E-01
1.1376E-05,4.387E-01
1.1376E-05,4.427E-01
1.1382E-05,4.347E-01
1.1382E-05,4.427E-01
1.1388E-05,4.347E-01
1.1388E-05,4.427E-01
1.1394E-05,4.347E-01
1.1394E-05,4.387E-01
1.1400E-05,4.347E-01
1.1400E-05,4.387E-01
1.1406E-05,4.347E-01
1.1406E-05,4.387E-01
1.1412E-05,4.347E-01
1.1412E-05,4.387E-01
1.1418E-05,4.347E-01
1.1418E-05,4.387E-01
1.1424E-05,4.347E-01
1.1424E-05,4.387E-01
1.1430E-05,4.347E-01
1.1430E-05,4.387E-01
1.1436E-05,4.347E-01
1.1436E-05,4.387E-01
1.1442E-05,4.347E-01
1.1442E-05,4.387E-01
1.1448E-05,4.347E-01
1.1448E-05,4.387E-01
1.1454E-05,4.307E-01
1.1454E-05,4.387E-01
1.1460E-05,4.307E-01
1.1460E-05,4.387E-01
1.1466E-05,4.307E-01
1.1466E-05,4.387E-01
1.1472E-05,4.347E-01
1.1472E-05,4.387E-01
1.1478E-05,4.347E-01
1.1478E-05,4.387E-01
1.1484E-05,4.307E-01
1.1484E-05,4.347E-01
1.1490E-05,4.307E-01
1.1490E-05,4.347E-01
1.1496E-05,4.307E-01
1.1496E-05,4.347E-01
1.1502E-05,4.347E-01
1.1502E-05,4.347E-01
1.1508E-05,4.307E-01
1.1508E-05,4.387E-01
1.1514E-05,4.307E-01
1.1514E-05,4.387E-01
1.1520E-05,4.307E-01
1.1520E-05,4.347E-01
1.1526E-05,4.307E-01
1.1526E-05,4.347E-01
1.1532E-05,4.307E-01
1.1532E-05,4.347E-01
1.1538E-05,4.307E-01
1.1538E-05,4.347E-01
1.1544E-05,4.307E-01
1.1544E-05,4.347E-01
1.1550E-05,4.307E-01
1.1550E-05,4.347E-01
1.1556E-05,4.267E-01
1.1556E-05,4.347E-01
1.1562E-05,4.267E-01
1.1562E-05,4.347E-01
1.1568E-05,4.307E-01
1.1568E-05,4.307E-01
1.1574E-05,4.267E-01
1.1574E-05,4.347E-01
1.1580E-05,4.267E-01
1.1580E-05,4.307E-01
1.1586E-05,4.267E-01
1.1586E-05,4.307E-01
1.1592E-05,4.267E-01
1.1592E-05,4.307E-01
1.1598E-05,4.267E-01
1.1598E-05,4.307E-01
1.1604E-05,4.267E-01
1.1604E-05,4.307E-01
1.1610E-05,4.267E-01
1.1610E-05,4.307E-01
1.1616E-05,4.267E-01
1.1616E-05,4.307E-01
1.1622E-05,4.267E-01
1.1622E-05,4.307E-01
1.1628E-05,4.267E-01
1.1628E-05,4.307E-01
1.1634E-05,4.267E-01
1.1634E-05,4.307E-01
1.1640E-05,4.227E-01
1.1640E-05,4.307E-01
1.1646E-05,4.227E-01
1.1646E-05,4.307E-01
1.1652E-05,4.267E-01
1.1652E-05,4.307E-01
1.1658E-05,4.227E-01
1.1658E-05,4.267E-01
1.1664E-05,4.227E-01
1.1664E-05,4.267E-01
1.1670E-05,4.267E-01
1.1670E-05,4.307E-01
1.1676E-05,4.227E-01
1.1676E-05,4.307E-01
1.1682E-05,4.227E-01
1.1682E-05,4.227E-01
1.1688E-05,4.227E-01
1.1688E-05,4.267E-01
1.1694E-05,4.227E-01
1.1694E-05,4.267E-01
1.1700E-05,4.227E-01
1.1700E-05,4.267E-01
1.1706E-05,4.227E-01
1.1706E-05,4.267E-01
1.1712E-05,4.227E-01
1.1712E-05,4.267E-01
1.1718E-05,4.227E-01
1.1718E-05,4.267E-01
1.1724E-05,4.187E-01
1.1724E-05,4.267E-01
1.1730E-05,4.187E-01
1.1730E-05,4.267E-01
1.1736E-05,4.187E-01
1.1736E-05,4.227E-01
1.1742E-05,4.187E-01
1.1742E-05,4.267E-01
1.1748E-05,4.187E-01
1.1748E-05,4.227E-01
1.1754E-05,4.187E-01
1.1754E-05,4.267E-01
1.1760E-05,4.187E-01
1.1760E-05,4.227E-01
1.1766E-05,4.187E-01
1.1766E-05,4.227E-01
1.1772E-05,4.187E-01
1.1772E-05,4.187E-01
1.1778E-05,4.187E-01
1.1778E-05,4.187E-01
1.1784E-05,4.147E-01
1.1784E-05,4.187E-01
1.1790E-05,4.147E-01
1.1790E-05,4.187E-01
1.1796E-05,4.147E-01
1.1796E-05,4.187E-01
1.1802E-05,4.147E-01
1.1802E-05,4.187E-01
1.1808E-05,4.147E-01
1.1808E-05,4.187E-01
1.1814E-05,4.147E-01
1.1814E-05,4.187E-01
1.1820E-05,4.147E-01
1.1820E-05,4.187E-01
1.1826E-05,4.107E-01
1.1826E-05,4.187E-01
1.1832E-05,4.147E-01
1.1832E-05,4.187E-01
1.1838E-05,4.107E-01
1.1838E-05,4.147E-01
1.1844E-05,4.107E-01
1.1844E-05,4.147E-01
1.1850E-05,4.107E-01
1.1850E-05,4.187E-01
1.1856E-05,4.107E-01
1.1856E-05,4.147E-01
1.1862E-05,4.107E-01
1.1862E-05,4.147E-01
1.1868E-05,4.107E-01
1.1868E-05,4.147E-01
1.1874E-05,4.107E-01
1.1874E-05,4.147E-01
1.1880E-05,4.107E-01
1.1880E-05,4.147E-01
1.1886E-05,4.107E-01
1.1886E-05,4.147E-01
1.1892E-05,4.107E-01
1.1892E-05,4.107E-01
1.1898E-05,4.107E-01
1.1898E-05,4.107E-01
1.1904E-05,4.067E-01
1.1904E-05,4.147E-01
1.1910E-05,4.067E-01
1.1910E-05,4.107E-01
1.1916E-05,4.067E-01
1.1916E-05,4.107E-01
1.1922E-05,4.067E-01
1.1922E-05,4.107E-01
1.1928E-05,4.067E-01
1.1928E-05,4.107E-01
1.1934E-05,4.067E-01
1.1934E-05,4.107E-01
1.1940E-05,4.067E-01
1.1940E-05,4.107E-01
1.1946E-05,4.027E-01
1.1946E-05,4.067E-01
1.1952E-05,4.067E-01
1.1952E-05,4.107E-01
1.1958E-05,4.027E-01
1.1958E-05,4.067E-01
1.1964E-05,4.027E-01
1.1964E-05,4.067E-01
1.1970E-05,4.027E-01
1.1970E-05,4.067E-01
1.1976E-05,4.027E-01
1.1976E-05,4.067E-01
1.1982E-05,4.027E-01
1.1982E-05,4.027E-01
1.1988E-05,3.987E-01
1.1988E-05,4.027E-01
1.1994E-05,3.987E-01
1.1994E-05,4.067E-01
1.2000E-05,3.987E-01
1.2000E-05,4.067E-01
1.2006E-05,3.987E-01
1.2006E-05,4.027E-01
1.2012E-05,3.987E-01
1.2012E-05,4.027E-01
1.2018E-05,3.987E-01
1.2018E-05,4.027E-01
1.2024E-05,3.987E-01
1.2024E-05,4.027E-01
1.2030E-05,3.987E-01
1.2030E-05,4.027E-01
1.2036E-05,3.987E-01
1.2036E-05,3.987E-01
1.2042E-05,3.947E-01
1.2042E-05,3.987E-01
1.2048E-05,3.947E-01
1.2048E-05,3.987E-01
1.2054E-05,3.947E-01
1.2054E-05,3.987E-01
1.2060E-05,3.947E-01
1.2060E-05,3.987E-01
1.2066E-05,3.907E-01
1.2066E-05,4.027E-01
1.2072E-05,3.947E-01
1.2072E-05,4.027E-01
1.2078E-05,3.947E-01
1.2078E-05,3.947E-01
1.2084E-05,3.907E-01
1.2084E-05,3.947E-01
1.2090E-05,3.907E-01
1.2090E-05,3.947E-01
1.2096E-05,3.907E-01
1.2096E-05,3.947E-01
1.2102E-05,3.907E-01
1.2102E-05,3.947E-01
1.2108E-05,3.907E-01
1.2108E-05,3.947E-01
1.2114E-05,3.907E-01
1.2114E-05,3.947E-01
1.2120E-05,3.867E-01
1.2120E-05,3.947E-01
1.2126E-05,3.867E-01
1.2126E-05,3.947E-01
1.2132E-05,3.867E-01
1.2132E-05,3.907E-01
1.2138E-05,3.867E-01
1.2138E-05,3.907E-01
1.2144E-05,3.867E-01
1.2144E-05,3.907E-01
1.2150E-05,3.867E-01
1.2150E-05,3.907E-01
1.2156E-05,3.867E-01
1.2156E-05,3.907E-01
1.2162E-05,3.827E-01
1.2162E-05,3.867E-01
1.2168E-05,3.827E-01
1.2168E-05,3.867E-01
1.2174E-05,3.827E-01
1.2174E-05,3.867E-01
1.2180E-05,3.787E-01
1.2180E-05,3.867E-01
1.2186E-05,3.787E-01
1.2186E-05,3.867E-01
1.2192E-05,3.787E-01
1.2192E-05,3.867E-01
1.2198E-05,3.827E-01
1.2198E-05,3.867E-01
1.2204E-05,3.787E-01
1.2204E-05,3.827E-01
1.2210E-05,3.787E-01
1.2210E-05,3.827E-01
1.2216E-05,3.787E-01
1.2216E-05,3.827E-01
1.2222E-05,3.747E-01
1.2222E-05,3.827E-01
1.2228E-05,3.787E-01
1.2228E-05,3.827E-01
1.2234E-05,3.747E-01
1.2234E-05,3.787E-01
1.2240E-05,3.747E-01
1.2240E-05,3.787E-01
1.2246E-05,3.747E-01
1.2246E-05,3.787E-01
1.2252E-05,3.747E-01
1.2252E-05,3.787E-01
1.2258E-05,3.747E-01
1.2258E-05,3.787E-01
1.2264E-05,3.747E-01
1.2264E-05,3.747E-01
1.2270E-05,3.747E-01
1.2270E-05,3.747E-01
1.2276E-05,3.747E-01
1.2276E-05,3.747E-01
1.2282E-05,3.707E-01
1.2282E-05,3.747E-01
1.2288E-05,3.707E-01
1.2288E-05,3.747E-01
1.2294E-05,3.707E-01
1.2294E-05,3.747E-01
1.2300E-05,3.707E-01
1.2300E-05,3.707E-01
1.2306E-05,3.707E-01
1.2306E-05,3.707E-01
1.2312E-05,3.707E-01
1.2312E-05,3.707E-01
1.2318E-05,3.667E-01
1.2318E-05,3.707E-01
1.2324E-05,3.667E-01
1.2324E-05,3.707E-01
1.2330E-05,3.627E-01
1.2330E-05,3.707E-01
1.2336E-05,3.667E-01
1.2336E-05,3.707E-01
1.2342E-05,3.667E-01
1.2342E-05,3.707E-01
1.2348E-05,3.627E-01
1.2348E-05,3.707E-01
1.2354E-05,3.627E-01
1.2354E-05,3.707E-01
1.2360E-05,3.627E-01
1.2360E-05,3.707E-01
1.2366E-05,3.627E-01
1.2366E-05,3.667E-01
1.2372E-05,3.627E-01
1.2372E-05,3.667E-01
1.2378E-05,3.627E-01
1.2378E-05,3.667E-01
1.2384E-05,3.627E-01
1.2384E-05,3.627E-01
1.2390E-05,3.587E-01
1.2390E-05,3.627E-01
1.2396E-05,3.587E-01
1.2396E-05,3.627E-01
1.2402E-05,3.587E-01
1.2402E-05,3.627E-01
1.2408E-05,3.587E-01
1.2408E-05,3.627E-01
1.2414E-05,3.547E-01
1.2414E-05,3.627E-01
1.2420E-05,3.547E-01
1.2420E-05,3.627E-01
1.2426E-05,3.547E-01
1.2426E-05,3.587E-01
1.2432E-05,3.547E-01
1.2432E-05,3.587E-01
1.2438E-05,3.547E-01
1.2438E-05,3.587E-01
1.2444E-05,3.547E-01
1.2444E-05,3.587E-01
1.2450E-05,3.547E-01
1.2450E-05,3.587E-01
1.2456E-05,3.547E-01
1.2456E-05,3.587E-01
1.2462E-05,3.547E-01
1.2462E-05,3.547E-01
1.2468E-05,3.547E-01
1.2468E-05,3.547E-01
1.2474E-05,3.507E-01
1.2474E-05,3.547E-01
1.2480E-05,3.507E-01
1.2480E-05,3.547E-01
1.2486E-05,3.467E-01
1.2486E-05,3.547E-01
1.2492E-05,3.507E-01
1.2492E-05,3.507E-01
1.2498E-05,3.467E-01
1.2498E-05,3.507E-01
1.2504E-05,3.467E-01
1.2504E-05,3.507E-01
1.2510E-05,3.467E-01
1.2510E-05,3.507E-01
1.2516E-05,3.467E-01
1.2516E-05,3.507E-01
1.2522E-05,3.467E-01
1.2522E-05,3.507E-01
1.2528E-05,3.427E-01
1.2528E-05,3.507E-01
1.2534E-05,3.467E-01
1.2534E-05,3.507E-01
1.2540E-05,3.427E-01
1.2540E-05,3.507E-01
1.2546E-05,3.427E-01
1.2546E-05,3.467E-01
1.2552E-05,3.427E-01
1.2552E-05,3.467E-01
1.2558E-05,3.427E-01
1.2558E-05,3.467E-01
1.2564E-05,3.427E-01
1.2564E-05,3.467E-01
1.2570E-05,3.387E-01
1.2570E-05,3.467E-01
1.2576E-05,3.387E-01
1.2576E-05,3.427E-01
1.2582E-05,3.387E-01
1.2582E-05,3.427E-01
1.2588E-05,3.387E-01
1.2588E-05,3.427E-01
1.2594E-05,3.387E-01
1.2594E-05,3.427E-01
1.2600E-05,3.387E-01
1.2600E-05,3.427E-01
1.2606E-05,3.347E-01
1.2606E-05,3.427E-01
1.2612E-05,3.347E-01
1.2612E-05,3.427E-01
1.2618E-05,3.387E-01
1.2618E-05,3.427E-01
1.2624E-05,3.347E-01
1.2624E-05,3.387E-01
1.2630E-05,3.347E-01
1.2630E-05,3.387E-01
1.2636E-05,3.347E-01
1.2636E-05,3.387E-01
1.2642E-05,3.307E-01
1.2642E-05,3.347E-01
1.2648E-05,3.307E-01
1.2648E-05,3.347E-01
1.2654E-05,3.307E-01
1.2654E-05,3.347E-01
1.2660E-05,3.307E-01
1.2660E-05,3.347E-01
1.2666E-05,3.307E-01
1.2666E-05,3.347E-01
1.2672E-05,3.307E-01
1.2672E-05,3.347E-01
1.2678E-05,3.307E-01
1.2678E-05,3.347E-01
1.2684E-05,3.267E-01
1.2684E-05,3.347E-01
1.2690E-05,3.267E-01
1.2690E-05,3.307E-01
1.2696E-05,3.267E-01
1.2696E-05,3.347E-01
1.2702E-05,3.267E-01
1.2702E-05,3.307E-01
1.2708E-05,3.267E-01
1.2708E-05,3.307E-01
1.2714E-05,3.267E-01
1.2714E-05,3.307E-01
1.2720E-05,3.267E-01
1.2720E-05,3.307E-01
1.2726E-05,3.227E-01
1.2726E-05,3.307E-01
1.2732E-05,3.267E-01
1.2732E-05,3.307E-01
1.2738E-05,3.227E-01
1.2738E-05,3.267E-01
1.2744E-05,3.227E-01
1.2744E-05,3.267E-01
1.2750E-05,3.227E-01
1.2750E-05,3.267E-01
1.2756E-05,3.227E-01
1.2756E-05,3.267E-01
1.2762E-05,3.227E-01
1.2762E-05,3.267E-01
1.2768E-05,3.227E-01
1.2768E-05,3.227E-01
1.2774E-05,3.187E-01
1.2774E-05,3.267E-01
1.2780E-05,3.187E-01
1.2780E-05,3.267E-01
1.2786E-05,3.187E-01
1.2786E-05,3.267E-01
1.2792E-05,3.187E-01
1.2792E-05,3.227E-01
1.2798E-05,3.187E-01
1.2798E-05,3.227E-01
1.2804E-05,3.147E-01
1.2804E-05,3.227E-01
1.2810E-05,3.147E-01
1.2810E-05,3.227E-01
1.2816E-05,3.147E-01
1.2816E-05,3.227E-01
1.2822E-05,3.147E-01
1.2822E-05,3.187E-01
1.2828E-05,3.147E-01
1.2828E-05,3.187E-01
1.2834E-05,3.147E-01
1.2834E-05,3.187E-01
1.2840E-05,3.147E-01
1.2840E-05,3.187E-01
1.2846E-05,3.107E-01
1.2846E-05,3.147E-01
1.2852E-05,3.107E-01
1.2852E-05,3.187E-01
1.2858E-05,3.107E-01
1.2858E-05,3.187E-01
1.2864E-05,3.107E-01
1.2864E-05,3.147E-01
1.2870E-05,3.107E-01
1.2870E-05,3.147E-01
1.2876E-05,3.107E-01
1.2876E-05,3.147E-01
1.2882E-05,3.107E-01
1.2882E-05,3.147E-01
1.2888E-05,3.107E-01
1.2888E-05,3.147E-01
1.2894E-05,3.107E-01
1.2894E-05,3.147E-01
1.2900E-05,3.067E-01
1.2900E-05,3.147E-01
1.2906E-05,3.067E-01
1.2906E-05,3.107E-01
1.2912E-05,3.067E-01
1.2912E-05,3.107E-01
1.2918E-05,3.067E-01
1.2918E-05,3.107E-01
1.2924E-05,3.027E-01
1.2924E-05,3.067E-01
1.2930E-05,3.067E-01
1.2930E-05,3.107E-01
1.2936E-05,3.027E-01
1.2936E-05,3.107E-01
1.2942E-05,3.027E-01
1.2942E-05,3.067E-01
1.2948E-05,3.027E-01
1.2948E-05,3.067E-01
1.2954E-05,3.027E-01
1.2954E-05,3.067E-01
1.2960E-05,3.027E-01
1.2960E-05,3.067E-01
1.2966E-05,3.027E-01
1.2966E-05,3.067E-01
1.2972E-05,3.027E-01
1.2972E-05,3.067E-01
1.2978E-05,3.027E-01
1.2978E-05,3.067E-01
1.2984E-05,3.027E-01
1.2984E-05,3.027E-01
1.2990E-05,2.987E-01
1.2990E-05,3.027E-01
1.2996E-05,2.987E-01
1.2996E-05,3.067E-01
1.3002E-05,2.987E-01
1.3002E-05,3.027E-01
1.3008E-05,2.987E-01
1.3008E-05,3.027E-01
1.3014E-05,2.987E-01
1.3014E-05,3.027E-01
1.3020E-05,2.987E-01
1.3020E-05,3.027E-01
1.3026E-05,2.987E-01
1.3026E-05,3.027E-01
1.3032E-05,2.907E-01
1.3032E-05,3.027E-01
1.3038E-05,2.987E-01
1.3038E-05,3.027E-01
1.3044E-05,2.947E-01
1.3044E-05,3.027E-01
1.3050E-05,2.947E-01
1.3050E-05,3.027E-01
1.3056E-05,2.947E-01
1.3056E-05,2.987E-01
1.3062E-05,2.947E-01
1.3062E-05,2.987E-01
1.3068E-05,2.947E-01
1.3068E-05,2.987E-01
1.3074E-05,2.947E-01
1.3074E-05,2.987E-01
1.3080E-05,2.947E-01
1.3080E-05,2.987E-01
1.3086E-05,2.947E-01
1.3086E-05,2.987E-01
1.3092E-05,2.947E-01
1.3092E-05,2.987E-01
1.3098E-05,2.907E-01
1.3098E-05,2.987E-01
1.3104E-05,2.907E-01
1.3104E-05,2.947E-01
1.3110E-05,2.907E-01
1.3110E-05,2.947E-01
1.3116E-05,2.907E-01
1.3116E-05,2.987E-01
1.3122E-05,2.907E-01
1.3122E-05,2.947E-01
1.3128E-05,2.907E-01
1.3128E-05,2.947E-01
1.3134E-05,2.907E-01
1.3134E-05,2.947E-01
1.3140E-05,2.907E-01
1.3140E-05,2.947E-01
1.3146E-05,2.907E-01
1.3146E-05,2.947E-01
1.3152E-05,2.867E-01
1.3152E-05,2.947E-01
1.3158E-05,2.867E-01
1.3158E-05,2.907E-01
1.3164E-05,2.867E-01
1.3164E-05,2.907E-01
1.3170E-05,2.867E-01
1.3170E-05,2.907E-01
1.3176E-05,2.867E-01
1.3176E-05,2.907E-01
1.3182E-05,2.867E-01
1.3182E-05,2.907E-01
1.3188E-05,2.867E-01
1.3188E-05,2.907E-01
1.3194E-05,2.867E-01
1.3194E-05,2.907E-01
1.3200E-05,2.867E-01
1.3200E-05,2.907E-01
1.3206E-05,2.867E-01
1.3206E-05,2.867E-01
1.3212E-05,2.827E-01
1.3212E-05,2.907E-01
1.3218E-05,2.867E-01
1.3218E-05,2.907E-01
1.3224E-05,2.827E-01
1.3224E-05,2.907E-01
1.3230E-05,2.827E-01
1.3230E-05,2.907E-01
1.3236E-05,2.867E-01
1.3236E-05,2.867E-01
1.3242E-05,2.827E-01
1.3242E-05,2.867E-01
1.3248E-05,2.827E-01
1.3248E-05,2.867E-01
1.3254E-05,2.827E-01
1.3254E-05,2.867E-01
1.3260E-05,2.827E-01
1.3260E-05,2.867E-01
1.3266E-05,2.827E-01
1.3266E-05,2.867E-01
1.3272E-05,2.827E-01
1.3272E-05,2.827E-01
1.3278E-05,2.787E-01
1.3278E-05,2.867E-01
1.3284E-05,2.787E-01
1.3284E-05,2.827E-01
1.3290E-05,2.787E-01
1.3290E-05,2.827E-01
1.3296E-05,2.787E-01
1.3296E-05,2.827E-01
1.3302E-05,2.787E-01
1.3302E-05,2.827E-01
1.3308E-05,2.787E-01
1.3308E-05,2.827E-01
1.3314E-05,2.787E-01
1.3314E-05,2.827E-01
1.3320E-05,2.827E-01
1.3320E-05,2.867E-01
1.3326E-05,2.787E-01
1.3326E-05,2.827E-01
1.3332E-05,2.787E-01
1.3332E-05,2.827E-01
1.3338E-05,2.787E-01
1.3338E-05,2.827E-01
1.3344E-05,2.747E-01
1.3344E-05,2.827E-01
1.3350E-05,2.747E-01
1.3350E-05,2.827E-01
1.3356E-05,2.787E-01
1.3356E-05,2.827E-01
1.3362E-05,2.747E-01
1.3362E-05,2.787E-01
1.3368E-05,2.747E-01
1.3368E-05,2.827E-01
1.3374E-05,2.787E-01
1.3374E-05,2.827E-01
1.3380E-05,2.787E-01
1.3380E-05,2.827E-01
1.3386E-05,2.747E-01
1.3386E-05,2.827E-01
1.3392E-05,2.747E-01
1.3392E-05,2.827E-01
1.3398E-05,2.747E-01
1.3398E-05,2.787E-01
1.3404E-05,2.747E-01
1.3404E-05,2.787E-01
1.3410E-05,2.747E-01
1.3410E-05,2.787E-01
1.3416E-05,2.747E-01
1.3416E-05,2.787E-01
1.3422E-05,2.747E-01
1.3422E-05,2.787E-01
1.3428E-05,2.747E-01
1.3428E-05,2.787E-01
1.3434E-05,2.747E-01
1.3434E-05,2.787E-01
1.3440E-05,2.747E-01
1.3440E-05,2.787E-01
1.3446E-05,2.747E-01
1.3446E-05,2.787E-01
1.3452E-05,2.747E-01
1.3452E-05,2.787E-01
1.3458E-05,2.747E-01
1.3458E-05,2.787E-01
1.3464E-05,2.747E-01
1.3464E-05,2.787E-01
1.3470E-05,2.747E-01
1.3470E-05,2.787E-01
1.3476E-05,2.747E-01
1.3476E-05,2.787E-01
1.3482E-05,2.747E-01
1.3482E-05,2.787E-01
1.3488E-05,2.747E-01
1.3488E-05,2.787E-01
1.3494E-05,2.747E-01
1.3494E-05,2.787E-01
1.3500E-05,2.707E-01
1.3500E-05,2.787E-01
1.3506E-05,2.707E-01
1.3506E-05,2.747E-01
1.3512E-05,2.707E-01
1.3512E-05,2.747E-01
1.3518E-05,2.707E-01
1.3518E-05,2.747E-01
1.3524E-05,2.707E-01
1.3524E-05,2.747E-01
1.3530E-05,2.707E-01
1.3530E-05,2.747E-01
1.3536E-05,2.707E-01
1.3536E-05,2.747E-01
1.3542E-05,2.707E-01
1.3542E-05,2.747E-01
1.3548E-05,2.707E-01
1.3548E-05,2.747E-01
1.3554E-05,2.707E-01
1.3554E-05,2.747E-01
1.3560E-05,2.707E-01
1.3560E-05,2.747E-01
1.3566E-05,2.707E-01
1.3566E-05,2.747E-01
1.3572E-05,2.707E-01
1.3572E-05,2.747E-01
1.3578E-05,2.707E-01
1.3578E-05,2.747E-01
1.3584E-05,2.707E-01
1.3584E-05,2.747E-01
1.3590E-05,2.707E-01
1.3590E-05,2.747E-01
1.3596E-05,2.707E-01
1.3596E-05,2.747E-01
1.3602E-05,2.707E-01
1.3602E-05,2.787E-01
1.3608E-05,2.707E-01
1.3608E-05,2.747E-01
1.3614E-05,2.707E-01
1.3614E-05,2.747E-01
1.3620E-05,2.707E-01
1.3620E-05,2.747E-01
1.3626E-05,2.707E-01
1.3626E-05,2.747E-01
1.3632E-05,2.707E-01
1.3632E-05,2.747E-01
1.3638E-05,2.667E-01
1.3638E-05,2.747E-01
1.3644E-05,2.707E-01
1.3644E-05,2.747E-01
1.3650E-05,2.707E-01
1.3650E-05,2.747E-01
1.3656E-05,2.707E-01
1.3656E-05,2.747E-01
1.3662E-05,2.707E-01
1.3662E-05,2.747E-01
1.3668E-05,2.707E-01
1.3668E-05,2.747E-01
1.3674E-05,2.707E-01
1.3674E-05,2.747E-01
1.3680E-05,2.707E-01
1.3680E-05,2.747E-01
1.3686E-05,2.707E-01
1.3686E-05,2.747E-01
1.3692E-05,2.707E-01
1.3692E-05,2.747E-01
1.3698E-05,2.707E-01
1.3698E-05,2.747E-01
1.3704E-05,2.707E-01
1.3704E-05,2.747E-01
1.3710E-05,2.707E-01
1.3710E-05,2.747E-01
1.3716E-05,2.707E-01
1.3716E-05,2.747E-01
1.3722E-05,2.707E-01
1.3722E-05,2.747E-01
1.3728E-05,2.707E-01
1.3728E-05,2.747E-01
1.3734E-05,2.707E-01
1.3734E-05,2.747E-01
1.3740E-05,2.707E-01
1.3740E-05,2.747E-01
1.3746E-05,2.707E-01
1.3746E-05,2.747E-01
1.3752E-05,2.707E-01
1.3752E-05,2.747E-01
1.3758E-05,2.707E-01
1.3758E-05,2.747E-01
1.3764E-05,2.707E-01
1.3764E-05,2.747E-01
1.3770E-05,2.707E-01
1.3770E-05,2.747E-01
1.3776E-05,2.707E-01
1.3776E-05,2.747E-01
1.3782E-05,2.707E-01
1.3782E-05,2.747E-01
1.3788E-05,2.707E-01
1.3788E-05,2.747E-01
1.3794E-05,2.707E-01
1.3794E-05,2.747E-01
1.3800E-05,2.707E-01
1.3800E-05,2.747E-01
1.3806E-05,2.707E-01
1.3806E-05,2.747E-01
1.3812E-05,2.707E-01
1.3812E-05,2.747E-01
1.3818E-05,2.707E-01
1.3818E-05,2.747E-01
1.3824E-05,2.707E-01
1.3824E-05,2.747E-01
1.3830E-05,2.707E-01
1.3830E-05,2.747E-01
1.3836E-05,2.707E-01
1.3836E-05,2.747E-01
1.3842E-05,2.707E-01
1.3842E-05,2.747E-01
1.3848E-05,2.707E-01
1.3848E-05,2.747E-01
1.3854E-05,2.707E-01
1.3854E-05,2.747E-01
1.3860E-05,2.747E-01
1.3860E-05,2.747E-01
1.3866E-05,2.707E-01
1.3866E-05,2.747E-01
1.3872E-05,2.707E-01
1.3872E-05,2.747E-01
1.3878E-05,2.747E-01
1.3878E-05,2.787E-01
1.3884E-05,2.707E-01
1.3884E-05,2.747E-01
1.3890E-05,2.707E-01
1.3890E-05,2.747E-01
1.3896E-05,2.707E-01
1.3896E-05,2.787E-01
1.3902E-05,2.747E-01
1.3902E-05,2.787E-01
1.3908E-05,2.707E-01
1.3908E-05,2.747E-01
1.3914E-05,2.707E-01
1.3914E-05,2.787E-01
1.3920E-05,2.747E-01
1.3920E-05,2.787E-01
1.3926E-05,2.747E-01
1.3926E-05,2.787E-01
1.3932E-05,2.747E-01
1.3932E-05,2.787E-01
1.3938E-05,2.747E-01
1.3938E-05,2.787E-01
1.3944E-05,2.747E-01
1.3944E-05,2.787E-01
1.3950E-05,2.747E-01
1.3950E-05,2.787E-01
1.3956E-05,2.747E-01
1.3956E-05,2.787E-01
1.3962E-05,2.707E-01
1.3962E-05,2.787E-01
1.3968E-05,2.787E-01
1.3968E-05,2.827E-01
1.3974E-05,2.747E-01
1.3974E-05,2.787E-01
1.3980E-05,2.787E-01
1.3980E-05,2.827E-01
1.3986E-05,2.747E-01
1.3986E-05,2.827E-01
1.3992E-05,2.747E-01
1.3992E-05,2.827E-01
1.3998E-05,2.747E-01
1.3998E-05,2.827E-01
1.4004E-05,2.747E-01
1.4004E-05,2.827E-01
1.4010E-05,2.787E-01
1.4010E-05,2.827E-01
1.4016E-05,2.787E-01
1.4016E-05,2.827E-01
1.4022E-05,2.747E-01
1.4022E-05,2.827E-01
1.4028E-05,2.787E-01
1.4028E-05,2.827E-01
1.4034E-05,2.787E-01
1.4034E-05,2.827E-01
1.4040E-05,2.787E-01
1.4040E-05,2.827E-01
1.4046E-05,2.787E-01
1.4046E-05,2.827E-01
1.4052E-05,2.787E-01
1.4052E-05,2.827E-01
1.4058E-05,2.787E-01
1.4058E-05,2.827E-01
1.4064E-05,2.787E-01
1.4064E-05,2.827E-01
1.4070E-05,2.787E-01
1.4070E-05,2.827E-01
1.4076E-05,2.787E-01
1.4076E-05,2.867E-01
1.4082E-05,2.827E-01
1.4082E-05,2.867E-01
1.4088E-05,2.787E-01
1.4088E-05,2.827E-01
1.4094E-05,2.787E-01
1.4094E-05,2.827E-01
1.4100E-05,2.827E-01
1.4100E-05,2.827E-01
1.4106E-05,2.827E-01
1.4106E-05,2.867E-01
1.4112E-05,2.827E-01
1.4112E-05,2.867E-01
1.4118E-05,2.827E-01
1.4118E-05,2.867E-01
1.4124E-05,2.827E-01
1.4124E-05,2.867E-01
1.4130E-05,2.827E-01
1.4130E-05,2.867E-01
1.4136E-05,2.827E-01
1.4136E-05,2.907E-01
1.4142E-05,2.827E-01
1.4142E-05,2.907E-01
1.4148E-05,2.867E-01
1.4148E-05,2.907E-01
1.4154E-05,2.867E-01
1.4154E-05,2.867E-01
1.4160E-05,2.867E-01
1.4160E-05,2.907E-01
1.4166E-05,2.827E-01
1.4166E-05,2.907E-01
1.4172E-05,2.867E-01
1.4172E-05,2.907E-01
1.4178E-05,2.827E-01
1.4178E-05,2.907E-01
1.4184E-05,2.867E-01
1.4184E-05,2.907E-01
1.4190E-05,2.867E-01
1.4190E-05,2.907E-01
1.4196E-05,2.867E-01
1.4196E-05,2.907E-01
1.4202E-05,2.867E-01
1.4202E-05,2.867E-01
1.4208E-05,2.867E-01
1.4208E-05,2.907E-01
1.4214E-05,2.867E-01
1.4214E-05,2.907E-01
1.4220E-05,2.867E-01
1.4220E-05,2.907E-01
1.4226E-05,2.867E-01
1.4226E-05,2.907E-01
1.4232E-05,2.907E-01
1.4232E-05,2.947E-01
1.4238E-05,2.867E-01
1.4238E-05,2.947E-01
1.4244E-05,2.907E-01
1.4244E-05,2.947E-01
1.4250E-05,2.907E-01
1.4250E-05,2.947E-01
1.4256E-05,2.907E-01
1.4256E-05,2.947E-01
1.4262E-05,2.907E-01
1.4262E-05,2.947E-01
1.4268E-05,2.907E-01
1.4268E-05,2.947E-01
1.4274E-05,2.907E-01
1.4274E-05,2.947E-01
1.4280E-05,2.907E-01
1.4280E-05,2.987E-01
1.4286E-05,2.947E-01
1.4286E-05,2.987E-01
1.4292E-05,2.907E-01
1.4292E-05,2.987E-01
1.4298E-05,2.947E-01
1.4298E-05,2.987E-01
1.4304E-05,2.947E-01
1.4304E-05,2.987E-01
1.4310E-05,2.947E-01
1.4310E-05,2.987E-01
1.4316E-05,2.947E-01
1.4316E-05,2.987E-01
1.4322E-05,2.947E-01
1.4322E-05,2.987E-01
1.4328E-05,2.947E-01
1.4328E-05,3.027E-01
1.4334E-05,2.987E-01
1.4334E-05,2.987E-01
1.4340E-05,2.987E-01
1.4340E-05,3.027E-01
1.4346E-05,2.987E-01
1.4346E-05,2.987E-01
1.4352E-05,2.987E-01
1.4352E-05,3.027E-01
1.4358E-05,2.987E-01
1.4358E-05,3.027E-01
1.4364E-05,2.987E-01
1.4364E-05,3.027E-01
1.4370E-05,2.987E-01
1.4370E-05,3.027E-01
1.4376E-05,2.987E-01
1.4376E-05,3.027E-01
1.4382E-05,2.987E-01
1.4382E-05,3.027E-01
1.4388E-05,3.027E-01
1.4388E-05,3.067E-01
1.4394E-05,3.027E-01
1.4394E-05,3.027E-01
1.4400E-05,3.027E-01
1.4400E-05,3.027E-01
1.4406E-05,3.027E-01
1.4406E-05,3.067E-01
1.4412E-05,2.987E-01
1.4412E-05,3.067E-01
1.4418E-05,3.027E-01
1.4418E-05,3.067E-01
1.4424E-05,3.027E-01
1.4424E-05,3.067E-01
1.4430E-05,3.027E-01
1.4430E-05,3.067E-01
1.4436E-05,3.027E-01
1.4436E-05,3.067E-01
1.4442E-05,3.067E-01
1.4442E-05,3.107E-01
1.4448E-05,3.027E-01
1.4448E-05,3.107E-01
1.4454E-05,3.027E-01
1.4454E-05,3.107E-01
1.4460E-05,3.027E-01
1.4460E-05,3.107E-01
1.4466E-05,3.027E-01
1.4466E-05,3.107E-01
1.4472E-05,3.067E-01
1.4472E-05,3.107E-01
1.4478E-05,3.067E-01
1.4478E-05,3.147E-01
1.4484E-05,3.107E-01
1.4484E-05,3.147E-01
1.4490E-05,3.107E-01
1.4490E-05,3.147E-01
1.4496E-05,3.107E-01
1.4496E-05,3.147E-01
1.4502E-05,3.067E-01
1.4502E-05,3.147E-01
1.4508E-05,3.107E-01
1.4508E-05,3.147E-01
1.4514E-05,3.107E-01
1.4514E-05,3.147E-01
1.4520E-05,3.107E-01
1.4520E-05,3.187E-01
1.4526E-05,3.147E-01
1.4526E-05,3.187E-01
1.4532E-05,3.147E-01
1.4532E-05,3.187E-01
1.4538E-05,3.147E-01
1.4538E-05,3.187E-01
1.4544E-05,3.147E-01
1.4544E-05,3.187E-01
1.4550E-05,3.147E-01
1.4550E-05,3.187E-01
1.4556E-05,3.147E-01
1.4556E-05,3.187E-01
1.4562E-05,3.147E-01
1.4562E-05,3.187E-01
1.4568E-05,3.147E-01
1.4568E-05,3.227E-01
1.4574E-05,3.187E-01
1.4574E-05,3.187E-01
1.4580E-05,3.187E-01
1.4580E-05,3.227E-01
1.4586E-05,3.187E-01
1.4586E-05,3.227E-01
1.4592E-05,3.187E-01
1.4592E-05,3.227E-01
1.4598E-05,3.187E-01
1.4598E-05,3.227E-01
1.4604E-05,3.187E-01
1.4604E-05,3.227E-01
1.4610E-05,3.187E-01
1.4610E-05,3.267E-01
1.4616E-05,3.227E-01
1.4616E-05,3.267E-01
1.4622E-05,3.227E-01
1.4622E-05,3.267E-01
1.4628E-05,3.187E-01
1.4628E-05,3.267E-01
1.4634E-05,3.227E-01
1.4634E-05,3.267E-01
1.4640E-05,3.227E-01
1.4640E-05,3.267E-01
1.4646E-05,3.227E-01
1.4646E-05,3.267E-01
1.4652E-05,3.227E-01
1.4652E-05,3.267E-01
1.4658E-05,3.227E-01
1.4658E-05,3.267E-01
1.4664E-05,3.267E-01
1.4664E-05,3.307E-01
1.4670E-05,3.227E-01
1.4670E-05,3.307E-01
1.4676E-05,3.267E-01
1.4676E-05,3.307E-01
1.4682E-05,3.267E-01
1.4682E-05,3.307E-01
1.4688E-05,3.307E-01
1.4688E-05,3.307E-01
1.4694E-05,3.267E-01
1.4694E-05,3.307E-01
1.4700E-05,3.267E-01
1.4700E-05,3.307E-01
1.4706E-05,3.307E-01
1.4706E-05,3.307E-01
1.4712E-05,3.307E-01
1.4712E-05,3.347E-01
1.4718E-05,3.307E-01
1.4718E-05,3.347E-01
1.4724E-05,3.307E-01
1.4724E-05,3.387E-01
1.4730E-05,3.307E-01
1.4730E-05,3.347E-01
1.4736E-05,3.307E-01
1.4736E-05,3.387E-01
1.4742E-05,3.347E-01
1.4742E-05,3.347E-01
1.4748E-05,3.347E-01
1.4748E-05,3.347E-01
1.4754E-05,3.307E-01
1.4754E-05,3.387E-01
1.4760E-05,3.307E-01
1.4760E-05,3.427E-01
1.4766E-05,3.347E-01
1.4766E-05,3.387E-01
1.4772E-05,3.347E-01
1.4772E-05,3.427E-01
1.4778E-05,3.347E-01
1.4778E-05,3.427E-01
1.4784E-05,3.387E-01
1.4784E-05,3.427E-01
1.4790E-05,3.387E-01
1.4790E-05,3.427E-01
1.4796E-05,3.387E-01
1.4796E-05,3.427E-01
1.4802E-05,3.427E-01
1.4802E-05,3.427E-01
1.4808E-05,3.427E-01
1.4808E-05,3.467E-01
1.4814E-05,3.427E-01
1.4814E-05,3.467E-01
1.4820E-05,3.387E-01
1.4820E-05,3.467E-01
1.4826E-05,3.427E-01
1.4826E-05,3.467E-01
1.4832E-05,3.427E-01
1.4832E-05,3.467E-01
1.4838E-05,3.427E-01
1.4838E-05,3.467E-01
1.4844E-05,3.427E-01
1.4844E-05,3.467E-01
1.4850E-05,3.427E-01
1.4850E-05,3.467E-01
1.4856E-05,3.427E-01
1.4856E-05,3.547E-01
1.4862E-05,3.427E-01
1.4862E-05,3.467E-01
1.4868E-05,3.467E-01
1.4868E-05,3.507E-01
1.4874E-05,3.467E-01
1.4874E-05,3.507E-01
1.4880E-05,3.467E-01
1.4880E-05,3.507E-01
1.4886E-05,3.467E-01
1.4886E-05,3.507E-01
1.4892E-05,3.467E-01
1.4892E-05,3.507E-01
1.4898E-05,3.507E-01
1.4898E-05,3.547E-01
1.4904E-05,3.507E-01
1.4904E-05,3.547E-01
1.4910E-05,3.507E-01
1.4910E-05,3.547E-01
1.4916E-05,3.507E-01
1.4916E-05,3.547E-01
1.4922E-05,3.547E-01
1.4922E-05,3.587E-01
1.4928E-05,3.547E-01
1.4928E-05,3.587E-01
1.4934E-05,3.547E-01
1.4934E-05,3.587E-01
1.4940E-05,3.547E-01
1.4940E-05,3.587E-01
1.4946E-05,3.587E-01
1.4946E-05,3.627E-01
1.4952E-05,3.587E-01
1.4952E-05,3.627E-01
1.4958E-05,3.547E-01
1.4958E-05,3.627E-01
1.4964E-05,3.587E-01
1.4964E-05,3.627E-01
1.4970E-05,3.587E-01
1.4970E-05,3.587E-01
1.4976E-05,3.587E-01
1.4976E-05,3.587E-01
1.4982E-05,3.587E-01
1.4982E-05,3.627E-01
1.4988E-05,3.587E-01
1.4988E-05,3.627E-01
1.4994E-05,3.587E-01
1.4994E-05,3.667E-01
1.5000E-05,3.587E-01
1.5000E-05,3.667E-01
1.5006E-05,3.587E-01
1.5006E-05,3.667E-01
1.5012E-05,3.587E-01
1.5012E-05,3.667E-01
1.5018E-05,3.627E-01
1.5018E-05,3.667E-01
1.5024E-05,3.627E-01
1.5024E-05,3.667E-01
1.5030E-05,3.627E-01
1.5030E-05,3.667E-01
1.5036E-05,3.627E-01
1.5036E-05,3.667E-01
1.5042E-05,3.667E-01
1.5042E-05,3.707E-01
1.5048E-05,3.627E-01
1.5048E-05,3.707E-01
1.5054E-05,3.627E-01
1.5054E-05,3.707E-01
1.5060E-05,3.667E-01
1.5060E-05,3.707E-01
1.5066E-05,3.707E-01
1.5066E-05,3.747E-01
1.5072E-05,3.667E-01
1.5072E-05,3.747E-01
1.5078E-05,3.707E-01
1.5078E-05,3.747E-01
1.5084E-05,3.707E-01
1.5084E-05,3.747E-01
1.5090E-05,3.707E-01
1.5090E-05,3.747E-01
1.5096E-05,3.707E-01
1.5096E-05,3.787E-01
1.5102E-05,3.707E-01
1.5102E-05,3.787E-01
1.5108E-05,3.707E-01
1.5108E-05,3.787E-01
1.5114E-05,3.747E-01
1.5114E-05,3.787E-01
1.5120E-05,3.747E-01
1.5120E-05,3.787E-01
1.5126E-05,3.747E-01
1.5126E-05,3.787E-01
1.5132E-05,3.747E-01
1.5132E-05,3.787E-01
1.5138E-05,3.747E-01
1.5138E-05,3.827E-01
1.5144E-05,3.747E-01
1.5144E-05,3.787E-01
1.5150E-05,3.787E-01
1.5150E-05,3.787E-01
1.5156E-05,3.747E-01
1.5156E-05,3.827E-01
1.5162E-05,3.787E-01
1.5162E-05,3.827E-01
1.5168E-05,3.787E-01
1.5168E-05,3.827E-01
1.5174E-05,3.827E-01
1.5174E-05,3.867E-01
1.5180E-05,3.827E-01
1.5180E-05,3.867E-01
1.5186E-05,3.827E-01
1.5186E-05,3.907E-01
1.5192E-05,3.827E-01
1.5192E-05,3.907E-01
1.5198E-05,3.827E-01
1.5198E-05,3.907E-01
1.5204E-05,3.827E-01
1.5204E-05,3.867E-01
1.5210E-05,3.827E-01
1.5210E-05,3.907E-01
1.5216E-05,3.827E-01
1.5216E-05,3.907E-01
1.5222E-05,3.867E-01
1.5222E-05,3.907E-01
1.5228E-05,3.827E-01
1.5228E-05,3.907E-01
1.5234E-05,3.867E-01
1.5234E-05,3.907E-01
1.5240E-05,3.867E-01
1.5240E-05,3.907E-01
1.5246E-05,3.907E-01
1.5246E-05,3.947E-01
1.5252E-05,3.907E-01
1.5252E-05,3.947E-01
1.5258E-05,3.907E-01
1.5258E-05,3.987E-01
1.5264E-05,3.907E-01
1.5264E-05,3.947E-01
1.5270E-05,3.907E-01
1.5270E-05,3.947E-01
1.5276E-05,3.907E-01
1.5276E-05,3.947E-01
1.5282E-05,3.947E-01
1.5282E-05,3.987E-01
1.5288E-05,3.947E-01
1.5288E-05,3.987E-01
1.5294E-05,3.947E-01
1.5294E-05,3.987E-01
1.5300E-05,3.947E-01
1.5300E-05,3.987E-01
1.5306E-05,3.947E-01
1.5306E-05,4.027E-01
1.5312E-05,3.987E-01
1.5312E-05,4.027E-01
1.5318E-05,3.947E-01
1.5318E-05,3.987E-01
1.5324E-05,3.987E-01
1.5324E-05,4.027E-01
1.5330E-05,3.987E-01
1.5330E-05,3.987E-01
1.5336E-05,3.987E-01
1.5336E-05,4.027E-01
1.5342E-05,3.987E-01
1.5342E-05,4.027E-01
1.5348E-05,3.987E-01
1.5348E-05,4.067E-01
1.5354E-05,3.987E-01
1.5354E-05,4.067E-01
1.5360E-05,3.987E-01
1.5360E-05,4.027E-01
1.5366E-05,4.027E-01
1.5366E-05,4.067E-01
1.5372E-05,4.027E-01
1.5372E-05,4.067E-01
1.5378E-05,4.027E-01
1.5378E-05,4.067E-01
1.5384E-05,4.027E-01
1.5384E-05,4.067E-01
1.5390E-05,4.027E-01
1.5390E-05,4.067E-01
1.5396E-05,4.027E-01
1.5396E-05,4.107E-01
1.5402E-05,4.067E-01
1.5402E-05,4.107E-01
1.5408E-05,4.067E-01
1.5408E-05,4.107E-01
1.5414E-05,4.067E-01
1.5414E-05,4.107E-01
1.5420E-05,4.067E-01
1.5420E-05,4.107E-01
1.5426E-05,4.067E-01
1.5426E-05,4.107E-01
1.5432E-05,4.067E-01
1.5432E-05,4.107E-01
1.5438E-05,4.067E-01
1.5438E-05,4.147E-01
1.5444E-05,4.107E-01
1.5444E-05,4.147E-01
1.5450E-05,4.067E-01
1.5450E-05,4.107E-01
1.5456E-05,4.067E-01
1.5456E-05,4.147E-01
1.5462E-05,4.107E-01
1.5462E-05,4.187E-01
1.5468E-05,4.107E-01
1.5468E-05,4.147E-01
1.5474E-05,4.107E-01
1.5474E-05,4.147E-01
1.5480E-05,4.147E-01
1.5480E-05,4.187E-01
1.5486E-05,4.107E-01
1.5486E-05,4.147E-01
1.5492E-05,4.107E-01
1.5492E-05,4.147E-01
1.5498E-05,4.107E-01
1.5498E-05,4.187E-01
1.5504E-05,4.107E-01
1.5504E-05,4.187E-01
1.5510E-05,4.147E-01
1.5510E-05,4.187E-01
1.5516E-05,4.187E-01
1.5516E-05,4.187E-01
1.5522E-05,4.147E-01
1.5522E-05,4.187E-01
1.5528E-05,4.147E-01
1.5528E-05,4.187E-01
1.5534E-05,4.147E-01
1.5534E-05,4.187E-01
1.5540E-05,4.147E-01
1.5540E-05,4.187E-01
1.5546E-05,4.147E-01
1.5546E-05,4.227E-01
1.5552E-05,4.187E-01
1.5552E-05,4.227E-01
1.5558E-05,4.187E-01
1.5558E-05,4.227E-01
1.5564E-05,4.187E-01
1.5564E-05,4.227E-01
1.5570E-05,4.187E-01
1.5570E-05,4.267E-01
1.5576E-05,4.187E-01
1.5576E-05,4.267E-01
1.5582E-05,4.187E-01
1.5582E-05,4.227E-01
1.5588E-05,4.187E-01
1.5588E-05,4.227E-01
1.5594E-05,4.227E-01
1.5594E-05,4.267E-01
1.5600E-05,4.187E-01
1.5600E-05,4.267E-01
1.5606E-05,4.187E-01
1.5606E-05,4.267E-01
1.5612E-05,4.227E-01
1.5612E-05,4.267E-01
1.5618E-05,4.227E-01
1.5618E-05,4.267E-01
1.5624E-05,4.227E-01
1.5624E-05,4.267E-01
1.5630E-05,4.227E-01
1.5630E-05,4.267E-01
1.5636E-05,4.227E-01
1.5636E-05,4.267E-01
1.5642E-05,4.267E-01
1.5642E-05,4.307E-01
1.5648E-05,4.227E-01
1.5648E-05,4.307E-01
1.5654E-05,4.227E-01
1.5654E-05,4.307E-01
1.5660E-05,4.227E-01
1.5660E-05,4.267E-01
1.5666E-05,4.227E-01
1.5666E-05,4.307E-01
1.5672E-05,4.267E-01
1.5672E-05,4.267E-01
1.5678E-05,4.267E-01
1.5678E-05,4.307E-01
1.5684E-05,4.267E-01
1.5684E-05,4.307E-01
1.5690E-05,4.267E-01
1.5690E-05,4.307E-01
1.5696E-05,4.267E-01
1.5696E-05,4.307E-01
1.5702E-05,4.267E-01
1.5702E-05,4.307E-01
1.5708E-05,4.267E-01
1.5708E-05,4.347E-01
1.5714E-05,4.267E-01
1.5714E-05,4.307E-01
1.5720E-05,4.267E-01
1.5720E-05,4.307E-01
1.5726E-05,4.267E-01
1.5726E-05,4.307E-01
1.5732E-05,4.307E-01
1.5732E-05,4.347E-01
1.5738E-05,4.267E-01
1.5738E-05,4.307E-01
1.5744E-05,4.267E-01
1.5744E-05,4.307E-01
1.5750E-05,4.267E-01
1.5750E-05,4.307E-01
1.5756E-05,4.267E-01
1.5756E-05,4.307E-01
1.5762E-05,4.307E-01
1.5762E-05,4.307E-01
1.5768E-05,4.307E-01
1.5768E-05,4.307E-01
1.5774E-05,4.307E-01
1.5774E-05,4.307E-01
1.5780E-05,4.307E-01
1.5780E-05,4.347E-01
1.5786E-05,4.307E-01
1.5786E-05,4.307E-01
1.5792E-05,4.307E-01
1.5792E-05,4.347E-01
1.5798E-05,4.307E-01
1.5798E-05,4.347E-01
1.5804E-05,4.307E-01
1.5804E-05,4.347E-01
1.5810E-05,4.307E-01
1.5810E-05,4.347E-01
1.5816E-05,4.307E-01
1.5816E-05,4.347E-01
1.5822E-05,4.307E-01
1.5822E-05,4.347E-01
1.5828E-05,4.307E-01
1.5828E-05,4.347E-01
1.5834E-05,4.307E-01
1.5834E-05,4.347E-01
1.5840E-05,4.307E-01
1.5840E-05,4.347E-01
1.5846E-05,4.307E-01
1.5846E-05,4.347E-01
1.5852E-05,4.307E-01
1.5852E-05,4.347E-01
1.5858E-05,4.347E-01
1.5858E-05,4.347E-01
1.5864E-05,4.307E-01
1.5864E-05,4.347E-01
1.5870E-05,4.307E-01
1.5870E-05,4.347E-01
1.5876E-05,4.307E-01
1.5876E-05,4.347E-01
1.5882E-05,4.307E-01
1.5882E-05,4.347E-01
1.5888E-05,4.347E-01
1.5888E-05,4.387E-01
1.5894E-05,4.307E-01
1.5894E-05,4.387E-01
1.5900E-05,4.347E-01
1.5900E-05,4.387E-01
1.5906E-05,4.347E-01
1.5906E-05,4.387E-01
1.5912E-05,4.307E-01
1.5912E-05,4.387E-01
1.5918E-05,4.307E-01
1.5918E-05,4.347E-01
1.5924E-05,4.307E-01
1.5924E-05,4.387E-01
1.5930E-05,4.307E-01
1.5930E-05,4.387E-01
1.5936E-05,4.347E-01
1.5936E-05,4.387E-01
1.5942E-05,4.347E-01
1.5942E-05,4.387E-01
1.5948E-05,4.347E-01
1.5948E-05,4.387E-01
1.5954E-05,4.347E-01
1.5954E-05,4.387E-01
1.5960E-05,4.347E-01
1.5960E-05,4.427E-01
1.5966E-05,4.347E-01
1.5966E-05,4.427E-01
1.5972E-05,4.347E-01
1.5972E-05,4.387E-01
1.5978E-05,4.347E-01
1.5978E-05,4.387E-01
1.5984E-05,4.347E-01
1.5984E-05,4.387E-01
1.5990E-05,4.347E-01
1.5990E-05,4.387E-01
1.5996E-05,4.347E-01
1.5996E-05,4.387E-01
1.6002E-05,4.347E-01
1.6002E-05,4.387E-01
1.6008E-05,4.347E-01
1.6008E-05,4.387E-01
1.6014E-05,4.347E-01
1.6014E-05,4.387E-01
1.6020E-05,4.347E-01
1.6020E-05,4.387E-01
1.6026E-05,4.347E-01
1.6026E-05,4.387E-01
1.6032E-05,4.307E-01
1.6032E-05,4.387E-01
1.6038E-05,4.347E-01
1.6038E-05,4.387E-01
1.6044E-05,4.347E-01
1.6044E-05,4.427E-01
1.6050E-05,4.347E-01
1.6050E-05,4.427E-01
1.6056E-05,4.347E-01
1.6056E-05,4.387E-01
1.6062E-05,4.347E-01
1.6062E-05,4.427E-01
1.6068E-05,4.387E-01
1.6068E-05,4.427E-01
1.6074E-05,4.347E-01
1.6074E-05,4.387E-01
1.6080E-05,4.347E-01
1.6080E-05,4.387E-01
1.6086E-05,4.347E-01
1.6086E-05,4.387E-01
1.6092E-05,4.387E-01
1.6092E-05,4.387E-01
1.6098E-05,4.387E-01
1.6098E-05,4.427E-01
1.6104E-05,4.387E-01
1.6104E-05,4.427E-01
1.6110E-05,4.387E-01
1.6110E-05,4.427E-01
1.6116E-05,4.347E-01
1.6116E-05,4.427E-01
1.6122E-05,4.347E-01
1.6122E-05,4.427E-01
1.6128E-05,4.387E-01
1.6128E-05,4.387E-01
1.6134E-05,4.387E-01
1.6134E-05,4.387E-01
1.6140E-05,4.387E-01
1.6140E-05,4.427E-01
1.6146E-05,4.387E-01
1.6146E-05,4.427E-01
1.6152E-05,4.387E-01
1.6152E-05,4.427E-01
1.6158E-05,4.387E-01
1.6158E-05,4.427E-01
1.6164E-05,4.387E-01
1.6164E-05,4.427E-01
1.6170E-05,4.347E-01
1.6170E-05,4.427E-01
1.6176E-05,4.347E-01
1.6176E-05,4.427E-01
1.6182E-05,4.347E-01
1.6182E-05,4.427E-01
1.6188E-05,4.347E-01
1.6188E-05,4.427E-01
1.6194E-05,4.387E-01
1.6194E-05,4.427E-01
1.6200E-05,4.387E-01
1.6200E-05,4.427E-01
1.6206E-05,4.347E-01
1.6206E-05,4.427E-01
1.6212E-05,4.347E-01
1.6212E-05,4.427E-01
1.6218E-05,4.347E-01
1.6218E-05,4.427E-01
1.6224E-05,4.347E-01
1.6224E-05,4.427E-01
1.6230E-05,4.347E-01
1.6230E-05,4.427E-01
1.6236E-05,4.347E-01
1.6236E-05,4.427E-01
1.6242E-05,4.387E-01
1.6242E-05,4.427E-01
1.6248E-05,4.387E-01
1.6248E-05,4.427E-01
1.6254E-05,4.347E-01
1.6254E-05,4.427E-01
1.6260E-05,4.347E-01
1.6260E-05,4.387E-01
1.6266E-05,4.347E-01
1.6266E-05,4.387E-01
1.6272E-05,4.387E-01
1.6272E-05,4.387E-01
1.6278E-05,4.347E-01
1.6278E-05,4.387E-01
1.6284E-05,4.347E-01
1.6284E-05,4.427E-01
1.6290E-05,4.347E-01
1.6290E-05,4.427E-01
1.6296E-05,4.347E-01
1.6296E-05,4.427E-01
1.6302E-05,4.347E-01
1.6302E-05,4.387E-01
1.6308E-05,4.387E-01
1.6308E-05,4.387E-01
1.6314E-05,4.347E-01
1.6314E-05,4.427E-01
1.6320E-05,4.387E-01
1.6320E-05,4.387E-01
1.6326E-05,4.387E-01
1.6326E-05,4.387E-01
1.6332E-05,4.347E-01
1.6332E-05,4.387E-01
1.6338E-05,4.347E-01
1.6338E-05,4.387E-01
1.6344E-05,4.347E-01
1.6344E-05,4.387E-01
1.6350E-05,4.347E-01
1.6350E-05,4.427E-01
1.6356E-05,4.347E-01
1.6356E-05,4.427E-01
1.6362E-05,4.347E-01
1.6362E-05,4.387E-01
1.6368E-05,4.347E-01
1.6368E-05,4.387E-01
1.6374E-05,4.347E-01
1.6374E-05,4.387E-01
1.6380E-05,4.347E-01
1.6380E-05,4.387E-01
1.6386E-05,4.307E-01
1.6386E-05,4.387E-01
1.6392E-05,4.347E-01
1.6392E-05,4.387E-01
1.6398E-05,4.347E-01
1.6398E-05,4.387E-01
1.6404E-05,4.347E-01
1.6404E-05,4.387E-01
1.6410E-05,4.307E-01
1.6410E-05,4.387E-01
1.6416E-05,4.347E-01
1.6416E-05,4.387E-01
1.6422E-05,4.347E-01
1.6422E-05,4.387E-01
1.6428E-05,4.347E-01
1.6428E-05,4.387E-01
1.6434E-05,4.307E-01
1.6434E-05,4.387E-01
1.6440E-05,4.307E-01
1.6440E-05,4.347E-01
1.6446E-05,4.347E-01
1.6446E-05,4.387E-01
1.6452E-05,4.347E-01
1.6452E-05,4.387E-01
1.6458E-05,4.307E-01
1.6458E-05,4.387E-01
1.6464E-05,4.307E-01
1.6464E-05,4.387E-01
1.6470E-05,4.347E-01
1.6470E-05,4.387E-01
1.6476E-05,4.307E-01
1.6476E-05,4.347E-01
1.6482E-05,4.307E-01
1.6482E-05,4.347E-01
1.6488E-05,4.307E-01
1.6488E-05,4.387E-01
1.6494E-05,4.307E-01
1.6494E-05,4.347E-01
1.6500E-05,4.307E-01
1.6500E-05,4.347E-01
1.6506E-05,4.307E-01
1.6506E-05,4.347E-01
1.6512E-05,4.307E-01
1.6512E-05,4.347E-01
1.6518E-05,4.307E-01
1.6518E-05,4.387E-01
1.6524E-05,4.307E-01
1.6524E-05,4.307E-01
1.6530E-05,4.307E-01
1.6530E-05,4.347E-01
1.6536E-05,4.307E-01
1.6536E-05,4.347E-01
1.6542E-05,4.307E-01
1.6542E-05,4.347E-01
1.6548E-05,4.307E-01
1.6548E-05,4.307E-01
1.6554E-05,4.307E-01
1.6554E-05,4.347E-01
1.6560E-05,4.307E-01
1.6560E-05,4.347E-01
1.6566E-05,4.267E-01
1.6566E-05,4.307E-01
1.6572E-05,4.307E-01
1.6572E-05,4.307E-01
1.6578E-05,4.307E-01
1.6578E-05,4.347E-01
1.6584E-05,4.267E-01
1.6584E-05,4.307E-01
1.6590E-05,4.267E-01
1.6590E-05,4.347E-01
1.6596E-05,4.267E-01
1.6596E-05,4.307E-01
1.6602E-05,4.267E-01
1.6602E-05,4.307E-01
1.6608E-05,4.267E-01
1.6608E-05,4.307E-01
1.6614E-05,4.267E-01
1.6614E-05,4.307E-01
1.6620E-05,4.267E-01
1.6620E-05,4.307E-01
1.6626E-05,4.227E-01
1.6626E-05,4.267E-01
1.6632E-05,4.227E-01
1.6632E-05,4.267E-01
1.6638E-05,4.227E-01
1.6638E-05,4.267E-01
1.6644E-05,4.227E-01
1.6644E-05,4.267E-01
1.6650E-05,4.227E-01
1.6650E-05,4.307E-01
1.6656E-05,4.227E-01
1.6656E-05,4.267E-01
1.6662E-05,4.227E-01
1.6662E-05,4.267E-01
1.6668E-05,4.187E-01
1.6668E-05,4.307E-01
1.6674E-05,4.227E-01
1.6674E-05,4.307E-01
1.6680E-05,4.187E-01
1.6680E-05,4.267E-01
1.6686E-05,4.187E-01
1.6686E-05,4.267E-01
1.6692E-05,4.187E-01
1.6692E-05,4.267E-01
1.6698E-05,4.187E-01
1.6698E-05,4.267E-01
1.6704E-05,4.227E-01
1.6704E-05,4.267E-01
1.6710E-05,4.187E-01
1.6710E-05,4.227E-01
1.6716E-05,4.187E-01
1.6716E-05,4.227E-01
1.6722E-05,4.187E-01
1.6722E-05,4.227E-01
1.6728E-05,4.187E-01
1.6728E-05,4.227E-01
1.6734E-05,4.187E-01
1.6734E-05,4.227E-01
1.6740E-05,4.187E-01
1.6740E-05,4.227E-01
1.6746E-05,4.187E-01
1.6746E-05,4.227E-01
1.6752E-05,4.147E-01
1.6752E-05,4.227E-01
1.6758E-05,4.147E-01
1.6758E-05,4.227E-01
1.6764E-05,4.187E-01
1.6764E-05,4.227E-01
1.6770E-05,4.147E-01
1.6770E-05,4.227E-01
1.6776E-05,4.147E-01
1.6776E-05,4.227E-01
1.6782E-05,4.147E-01
1.6782E-05,4.187E-01
1.6788E-05,4.147E-01
1.6788E-05,4.187E-01
1.6794E-05,4.147E-01
1.6794E-05,4.187E-01
1.6800E-05,4.147E-01
1.6800E-05,4.187E-01
1.6806E-05,4.147E-01
1.6806E-05,4.147E-01
1.6812E-05,4.147E-01
1.6812E-05,4.147E-01
1.6818E-05,4.147E-01
1.6818E-05,4.187E-01
1.6824E-05,4.147E-01
1.6824E-05,4.147E-01
1.6830E-05,4.107E-01
1.6830E-05,4.147E-01
1.6836E-05,4.107E-01
1.6836E-05,4.147E-01
1.6842E-05,4.107E-01
1.6842E-05,4.107E-01
1.6848E-05,4.107E-01
1.6848E-05,4.147E-01
1.6854E-05,4.107E-01
1.6854E-05,4.147E-01
1.6860E-05,4.107E-01
1.6860E-05,4.147E-01
1.6866E-05,4.107E-01
1.6866E-05,4.147E-01
1.6872E-05,4.067E-01
1.6872E-05,4.147E-01
1.6878E-05,4.067E-01
1.6878E-05,4.147E-01
1.6884E-05,4.067E-01
1.6884E-05,4.107E-01
1.6890E-05,4.067E-01
1.6890E-05,4.107E-01
1.6896E-05,4.067E-01
1.6896E-05,4.107E-01
1.6902E-05,4.067E-01
1.6902E-05,4.067E-01
1.6908E-05,4.027E-01
1.6908E-05,4.107E-01
1.6914E-05,4.027E-01
1.6914E-05,4.107E-01
1.6920E-05,4.027E-01
1.6920E-05,4.107E-01
1.6926E-05,4.027E-01
1.6926E-05,4.107E-01
1.6932E-05,4.067E-01
1.6932E-05,4.067E-01
1.6938E-05,4.027E-01
1.6938E-05,4.067E-01
1.6944E-05,4.027E-01
1.6944E-05,4.067E-01
1.6950E-05,4.027E-01
1.6950E-05,4.067E-01
1.6956E-05,4.027E-01
1.6956E-05,4.067E-01
1.6962E-05,4.027E-01
1.6962E-05,4.067E-01
1.6968E-05,3.987E-01
1.6968E-05,4.067E-01
1.6974E-05,3.987E-01
1.6974E-05,4.067E-01
1.6980E-05,4.027E-01
1.6980E-05,4.027E-01
1.6986E-05,4.027E-01
1.6986E-05,4.027E-01
1.6992E-05,3.987E-01
1.6992E-05,4.027E-01
1.6998E-05,3.987E-01
1.6998E-05,4.027E-01
1.7004E-05,3.987E-01
1.7004E-05,4.027E-01
1.7010E-05,3.987E-01
1.7010E-05,4.027E-01
1.7016E-05,3.947E-01
1.7016E-05,4.027E-01
1.7022E-05,3.947E-01
1.7022E-05,3.987E-01
1.7028E-05,3.947E-01
1.7028E-05,3.987E-01
1.7034E-05,3.947E-01
1.7034E-05,3.987E-01
1.7040E-05,3.947E-01
1.7040E-05,3.987E-01
1.7046E-05,3.947E-01
1.7046E-05,3.987E-01
1.7052E-05,3.947E-01
1.7052E-05,3.987E-01
1.7058E-05,3.947E-01
1.7058E-05,3.987E-01
1.7064E-05,3.907E-01
1.7064E-05,3.987E-01
1.7070E-05,3.907E-01
1.7070E-05,3.987E-01
1.7076E-05,3.907E-01
1.7076E-05,3.987E-01
1.7082E-05,3.947E-01
1.7082E-05,3.987E-01
1.7088E-05,3.907E-01
1.7088E-05,3.987E-01
1.7094E-05,3.907E-01
1.7094E-05,3.947E-01
1.7100E-05,3.867E-01
1.7100E-05,3.907E-01
1.7106E-05,3.867E-01
1.7106E-05,3.947E-01
1.7112E-05,3.867E-01
1.7112E-05,3.907E-01
1.7118E-05,3.867E-01
1.7118E-05,3.907E-01
1.7124E-05,3.867E-01
1.7124E-05,3.907E-01
1.7130E-05,3.867E-01
1.7130E-05,3.907E-01
1.7136E-05,3.867E-01
1.7136E-05,3.907E-01
1.7142E-05,3.867E-01
1.7142E-05,3.867E-01
1.7148E-05,3.867E-01
1.7148E-05,3.907E-01
1.7154E-05,3.867E-01
1.7154E-05,3.907E-01
1.7160E-05,3.827E-01
1.7160E-05,3.907E-01
1.7166E-05,3.827E-01
1.7166E-05,3.867E-01
1.7172E-05,3.827E-01
1.7172E-05,3.867E-01
1.7178E-05,3.827E-01
1.7178E-05,3.867E-01
1.7184E-05,3.787E-01
1.7184E-05,3.867E-01
1.7190E-05,3.787E-01
1.7190E-05,3.867E-01
1.7196E-05,3.787E-01
1.7196E-05,3.867E-01
1.7202E-05,3.747E-01
1.7202E-05,3.827E-01
1.7208E-05,3.747E-01
1.7208E-05,3.827E-01
1.7214E-05,3.787E-01
1.7214E-05,3.827E-01
1.7220E-05,3.747E-01
1.7220E-05,3.867E-01
1.7226E-05,3.747E-01
1.7226E-05,3.827E-01
1.7232E-05,3.747E-01
1.7232E-05,3.787E-01
1.7238E-05,3.787E-01
1.7238E-05,3.827E-01
1.7244E-05,3.747E-01
1.7244E-05,3.787E-01
1.7250E-05,3.747E-01
1.7250E-05,3.787E-01
1.7256E-05,3.707E-01
1.7256E-05,3.747E-01
1.7262E-05,3.747E-01
1.7262E-05,3.747E-01
1.7268E-05,3.747E-01
1.7268E-05,3.747E-01
1.7274E-05,3.707E-01
1.7274E-05,3.747E-01
1.7280E-05,3.707E-01
1.7280E-05,3.747E-01
1.7286E-05,3.707E-01
1.7286E-05,3.747E-01
1.7292E-05,3.707E-01
1.7292E-05,3.747E-01
1.7298E-05,3.667E-01
1.7298E-05,3.707E-01
1.7304E-05,3.707E-01
1.7304E-05,3.747E-01
1.7310E-05,3.707E-01
1.7310E-05,3.747E-01
1.7316E-05,3.707E-01
1.7316E-05,3.707E-01
1.7322E-05,3.667E-01
1.7322E-05,3.707E-01
1.7328E-05,3.667E-01
1.7328E-05,3.707E-01
1.7334E-05,3.667E-01
1.7334E-05,3.707E-01
1.7340E-05,3.667E-01
1.7340E-05,3.707E-01
1.7346E-05,3.667E-01
1.7346E-05,3.667E-01
1.7352E-05,3.627E-01
1.7352E-05,3.667E-01
1.7358E-05,3.627E-01
1.7358E-05,3.667E-01
1.7364E-05,3.627E-01
1.7364E-05,3.667E-01
1.7370E-05,3.627E-01
1.7370E-05,3.667E-01
1.7376E-05,3.627E-01
1.7376E-05,3.627E-01
1.7382E-05,3.627E-01
1.7382E-05,3.667E-01
1.7388E-05,3.587E-01
1.7388E-05,3.667E-01
1.7394E-05,3.587E-01
1.7394E-05,3.667E-01
1.7400E-05,3.587E-01
1.7400E-05,3.627E-01
1.7406E-05,3.587E-01
1.7406E-05,3.627E-01
1.7412E-05,3.587E-01
1.7412E-05,3.627E-01
1.7418E-05,3.587E-01
1.7418E-05,3.587E-01
1.7424E-05,3.547E-01
1.7424E-05,3.587E-01
1.7430E-05,3.547E-01
1.7430E-05,3.587E-01
1.7436E-05,3.547E-01
1.7436E-05,3.587E-01
1.7442E-05,3.547E-01
1.7442E-05,3.587E-01
1.7448E-05,3.547E-01
1.7448E-05,3.587E-01
1.7454E-05,3.507E-01
1.7454E-05,3.587E-01
1.7460E-05,3.507E-01
1.7460E-05,3.587E-01
1.7466E-05,3.547E-01
1.7466E-05,3.547E-01
1.7472E-05,3.507E-01
1.7472E-05,3.547E-01
1.7478E-05,3.507E-01
1.7478E-05,3.547E-01
1.7484E-05,3.507E-01
1.7484E-05,3.507E-01
1.7490E-05,3.467E-01
1.7490E-05,3.507E-01
1.7496E-05,3.467E-01
1.7496E-05,3.547E-01
1.7502E-05,3.467E-01
1.7502E-05,3.507E-01
1.7508E-05,3.467E-01
1.7508E-05,3.507E-01
1.7514E-05,3.467E-01
1.7514E-05,3.507E-01
1.7520E-05,3.467E-01
1.7520E-05,3.507E-01
1.7526E-05,3.467E-01
1.7526E-05,3.507E-01
1.7532E-05,3.467E-01
1.7532E-05,3.467E-01
1.7538E-05,3.427E-01
1.7538E-05,3.467E-01
1.7544E-05,3.427E-01
1.7544E-05,3.467E-01
1.7550E-05,3.427E-01
1.7550E-05,3.467E-01
1.7556E-05,3.427E-01
1.7556E-05,3.467E-01
1.7562E-05,3.427E-01
1.7562E-05,3.467E-01
1.7568E-05,3.427E-01
1.7568E-05,3.427E-01
1.7574E-05,3.387E-01
1.7574E-05,3.427E-01
1.7580E-05,3.387E-01
1.7580E-05,3.427E-01
1.7586E-05,3.387E-01
1.7586E-05,3.467E-01
1.7592E-05,3.387E-01
1.7592E-05,3.427E-01
1.7598E-05,3.387E-01
1.7598E-05,3.427E-01
1.7604E-05,3.347E-01
1.7604E-05,3.427E-01
1.7610E-05,3.347E-01
1.7610E-05,3.387E-01
1.7616E-05,3.347E-01
1.7616E-05,3.387E-01
1.7622E-05,3.347E-01
1.7622E-05,3.387E-01
1.7628E-05,3.347E-01
1.7628E-05,3.387E-01
1.7634E-05,3.347E-01
1.7634E-05,3.387E-01
1.7640E-05,3.347E-01
1.7640E-05,3.387E-01
1.7646E-05,3.347E-01
1.7646E-05,3.387E-01
1.7652E-05,3.307E-01
1.7652E-05,3.387E-01
1.7658E-05,3.307E-01
1.7658E-05,3.347E-01
1.7664E-05,3.307E-01
1.7664E-05,3.347E-01
1.7670E-05,3.307E-01
1.7670E-05,3.347E-01
1.7676E-05,3.307E-01
1.7676E-05,3.307E-01
1.7682E-05,3.267E-01
1.7682E-05,3.347E-01
1.7688E-05,3.307E-01
1.7688E-05,3.347E-01
1.7694E-05,3.267E-01
1.7694E-05,3.307E-01
1.7700E-05,3.267E-01
1.7700E-05,3.307E-01
1.7706E-05,3.267E-01
1.7706E-05,3.307E-01
1.7712E-05,3.267E-01
1.7712E-05,3.347E-01
1.7718E-05,3.267E-01
1.7718E-05,3.307E-01
1.7724E-05,3.267E-01
1.7724E-05,3.307E-01
1.7730E-05,3.227E-01
1.7730E-05,3.307E-01
1.7736E-05,3.267E-01
1.7736E-05,3.307E-01
1.7742E-05,3.227E-01
1.7742E-05,3.267E-01
1.7748E-05,3.227E-01
1.7748E-05,3.227E-01
1.7754E-05,3.227E-01
1.7754E-05,3.267E-01
1.7760E-05,3.227E-01
1.7760E-05,3.267E-01
1.7766E-05,3.227E-01
1.7766E-05,3.227E-01
1.7772E-05,3.187E-01
1.7772E-05,3.227E-01
1.7778E-05,3.187E-01
1.7778E-05,3.227E-01
1.7784E-05,3.187E-01
1.7784E-05,3.227E-01
1.7790E-05,3.187E-01
1.7790E-05,3.227E-01
1.7796E-05,3.147E-01
1.7796E-05,3.187E-01
1.7802E-05,3.147E-01
1.7802E-05,3.187E-01
1.7808E-05,3.187E-01
1.7808E-05,3.227E-01
1.7814E-05,3.147E-01
1.7814E-05,3.187E-01
1.7820E-05,3.147E-01
1.7820E-05,3.187E-01
1.7826E-05,3.147E-01
1.7826E-05,3.187E-01
1.7832E-05,3.147E-01
1.7832E-05,3.187E-01
1.7838E-05,3.147E-01
1.7838E-05,3.187E-01
1.7844E-05,3.147E-01
1.7844E-05,3.187E-01
1.7850E-05,3.107E-01
1.7850E-05,3.187E-01
1.7856E-05,3.107E-01
1.7856E-05,3.187E-01
1.7862E-05,3.107E-01
1.7862E-05,3.147E-01
1.7868E-05,3.107E-01
1.7868E-05,3.147E-01
1.7874E-05,3.107E-01
1.7874E-05,3.187E-01
1.7880E-05,3.107E-01
1.7880E-05,3.147E-01
1.7886E-05,3.107E-01
1.7886E-05,3.147E-01
1.7892E-05,3.107E-01
1.7892E-05,3.147E-01
1.7898E-05,3.107E-01
1.7898E-05,3.147E-01
1.7904E-05,3.107E-01
1.7904E-05,3.147E-01
1.7910E-05,3.107E-01
1.7910E-05,3.147E-01
1.7916E-05,3.067E-01
1.7916E-05,3.147E-01
1.7922E-05,3.067E-01
1.7922E-05,3.107E-01
1.7928E-05,3.067E-01
1.7928E-05,3.107E-01
1.7934E-05,3.067E-01
1.7934E-05,3.067E-01
1.7940E-05,3.067E-01
1.7940E-05,3.107E-01
1.7946E-05,3.067E-01
1.7946E-05,3.107E-01
1.7952E-05,3.027E-01
1.7952E-05,3.067E-01
1.7958E-05,3.027E-01
1.7958E-05,3.107E-01
1.7964E-05,3.027E-01
1.7964E-05,3.107E-01
1.7970E-05,3.027E-01
1.7970E-05,3.067E-01
1.7976E-05,2.987E-01
1.7976E-05,3.067E-01
1.7982E-05,3.027E-01
1.7982E-05,3.067E-01
1.7988E-05,3.027E-01
1.7988E-05,3.067E-01
1.7994E-05,2.987E-01
1.7994E-05,3.027E-01
1.8000E-05,2.987E-01
1.8000E-05,3.027E-01
1.8006E-05,2.987E-01
1.8006E-05,3.027E-01
1.8012E-05,2.987E-01
1.8012E-05,3.027E-01
1.8018E-05,2.987E-01
1.8018E-05,3.027E-01
1.8024E-05,2.987E-01
1.8024E-05,3.027E-01
1.8030E-05,2.947E-01
1.8030E-05,3.027E-01
1.8036E-05,2.987E-01
1.8036E-05,3.027E-01
1.8042E-05,2.987E-01
1.8042E-05,3.027E-01
1.8048E-05,2.947E-01
1.8048E-05,3.027E-01
1.8054E-05,2.947E-01
1.8054E-05,2.987E-01
1.8060E-05,2.947E-01
1.8060E-05,2.987E-01
1.8066E-05,2.907E-01
1.8066E-05,2.987E-01
1.8072E-05,2.947E-01
1.8072E-05,2.987E-01
1.8078E-05,2.947E-01
1.8078E-05,2.987E-01
1.8084E-05,2.907E-01
1.8084E-05,2.987E-01
1.8090E-05,2.907E-01
1.8090E-05,2.987E-01
1.8096E-05,2.947E-01
1.8096E-05,2.947E-01
1.8102E-05,2.907E-01
1.8102E-05,2.947E-01
1.8108E-05,2.907E-01
1.8108E-05,2.947E-01
1.8114E-05,2.907E-01
1.8114E-05,2.947E-01
1.8120E-05,2.907E-01
1.8120E-05,2.947E-01
1.8126E-05,2.907E-01
1.8126E-05,2.947E-01
1.8132E-05,2.867E-01
1.8132E-05,2.947E-01
1.8138E-05,2.907E-01
1.8138E-05,2.947E-01
1.8144E-05,2.907E-01
1.8144E-05,2.947E-01
1.8150E-05,2.867E-01
1.8150E-05,2.947E-01
1.8156E-05,2.867E-01
1.8156E-05,2.947E-01
1.8162E-05,2.907E-01
1.8162E-05,2.947E-01
1.8168E-05,2.867E-01
1.8168E-05,2.907E-01
1.8174E-05,2.867E-01
1.8174E-05,2.907E-01
1.8180E-05,2.827E-01
1.8180E-05,2.907E-01
1.8186E-05,2.827E-01
1.8186E-05,2.907E-01
1.8192E-05,2.867E-01
1.8192E-05,2.907E-01
1.8198E-05,2.867E-01
1.8198E-05,2.907E-01
1.8204E-05,2.867E-01
1.8204E-05,2.867E-01
1.8210E-05,2.827E-01
1.8210E-05,2.907E-01
1.8216E-05,2.827E-01
1.8216E-05,2.907E-01
1.8222E-05,2.867E-01
1.8222E-05,2.907E-01
1.8228E-05,2.867E-01
1.8228E-05,2.907E-01
1.8234E-05,2.867E-01
1.8234E-05,2.907E-01
1.8240E-05,2.827E-01
1.8240E-05,2.907E-01
1.8246E-05,2.827E-01
1.8246E-05,2.867E-01
1.8252E-05,2.827E-01
1.8252E-05,2.867E-01
1.8258E-05,2.827E-01
1.8258E-05,2.867E-01
1.8264E-05,2.827E-01
1.8264E-05,2.867E-01
1.8270E-05,2.827E-01
1.8270E-05,2.867E-01
1.8276E-05,2.827E-01
1.8276E-05,2.867E-01
1.8282E-05,2.827E-01
1.8282E-05,2.867E-01
1.8288E-05,2.827E-01
1.8288E-05,2.867E-01
1.8294E-05,2.787E-01
1.8294E-05,2.867E-01
1.8300E-05,2.787E-01
1.8300E-05,2.867E-01
1.8306E-05,2.787E-01
1.8306E-05,2.867E-01
1.8312E-05,2.787E-01
1.8312E-05,2.827E-01
1.8318E-05,2.787E-01
1.8318E-05,2.827E-01
1.8324E-05,2.787E-01
1.8324E-05,2.827E-01
1.8330E-05,2.787E-01
1.8330E-05,2.827E-01
1.8336E-05,2.787E-01
1.8336E-05,2.827E-01
1.8342E-05,2.787E-01
1.8342E-05,2.827E-01
1.8348E-05,2.787E-01
1.8348E-05,2.827E-01
1.8354E-05,2.787E-01
1.8354E-05,2.827E-01
1.8360E-05,2.787E-01
1.8360E-05,2.827E-01
1.8366E-05,2.787E-01
1.8366E-05,2.827E-01
1.8372E-05,2.787E-01
1.8372E-05,2.827E-01
1.8378E-05,2.747E-01
1.8378E-05,2.827E-01
1.8384E-05,2.747E-01
1.8384E-05,2.827E-01
1.8390E-05,2.787E-01
1.8390E-05,2.827E-01
1.8396E-05,2.787E-01
1.8396E-05,2.787E-01
1.8402E-05,2.787E-01
1.8402E-05,2.787E-01
1.8408E-05,2.747E-01
1.8408E-05,2.787E-01
1.8414E-05,2.747E-01
1.8414E-05,2.787E-01
1.8420E-05,2.787E-01
1.8420E-05,2.827E-01
1.8426E-05,2.747E-01
1.8426E-05,2.787E-01
1.8432E-05,2.747E-01
1.8432E-05,2.787E-01
1.8438E-05,2.747E-01
1.8438E-05,2.827E-01
1.8444E-05,2.747E-01
1.8444E-05,2.827E-01
1.8450E-05,2.747E-01
1.8450E-05,2.827E-01
1.8456E-05,2.747E-01
1.8456E-05,2.787E-01
1.8462E-05,2.747E-01
1.8462E-05,2.787E-01
1.8468E-05,2.747E-01
1.8468E-05,2.787E-01
1.8474E-05,2.747E-01
1.8474E-05,2.787E-01
1.8480E-05,2.747E-01
1.8480E-05,2.787E-01
1.8486E-05,2.747E-01
1.8486E-05,2.787E-01
1.8492E-05,2.747E-01
1.8492E-05,2.787E-01
1.8498E-05,2.747E-01
1.8498E-05,2.747E-01
1.8504E-05,2.747E-01
1.8504E-05,2.787E-01
1.8510E-05,2.747E-01
1.8510E-05,2.787E-01
1.8516E-05,2.747E-01
1.8516E-05,2.787E-01
1.8522E-05,2.747E-01
1.8522E-05,2.787E-01
1.8528E-05,2.747E-01
1.8528E-05,2.787E-01
1.8534E-05,2.747E-01
1.8534E-05,2.747E-01
1.8540E-05,2.747E-01
1.8540E-05,2.747E-01
1.8546E-05,2.707E-01
1.8546E-05,2.747E-01
1.8552E-05,2.707E-01
1.8552E-05,2.747E-01
1.8558E-05,2.707E-01
1.8558E-05,2.747E-01
1.8564E-05,2.707E-01
1.8564E-05,2.747E-01
1.8570E-05,2.707E-01
1.8570E-05,2.747E-01
1.8576E-05,2.707E-01
1.8576E-05,2.787E-01
1.8582E-05,2.707E-01
1.8582E-05,2.787E-01
1.8588E-05,2.707E-01
1.8588E-05,2.747E-01
1.8594E-05,2.707E-01
1.8594E-05,2.747E-01
1.8600E-05,2.707E-01
1.8600E-05,2.747E-01
1.8606E-05,2.707E-01
1.8606E-05,2.747E-01
1.8612E-05,2.707E-01
1.8612E-05,2.747E-01
1.8618E-05,2.707E-01
1.8618E-05,2.747E-01
1.8624E-05,2.707E-01
1.8624E-05,2.747E-01
1.8630E-05,2.707E-01
1.8630E-05,2.747E-01
1.8636E-05,2.707E-01
1.8636E-05,2.747E-01
1.8642E-05,2.707E-01
1.8642E-05,2.747E-01
1.8648E-05,2.707E-01
1.8648E-05,2.747E-01
1.8654E-05,2.667E-01
1.8654E-05,2.747E-01
1.8660E-05,2.707E-01
1.8660E-05,2.707E-01
1.8666E-05,2.707E-01
1.8666E-05,2.747E-01
1.8672E-05,2.747E-01
1.8672E-05,2.787E-01
1.8678E-05,2.707E-01
1.8678E-05,2.787E-01
1.8684E-05,2.707E-01
1.8684E-05,2.747E-01
1.8690E-05,2.707E-01
1.8690E-05,2.747E-01
1.8696E-05,2.707E-01
1.8696E-05,2.747E-01
1.8702E-05,2.707E-01
1.8702E-05,2.747E-01
1.8708E-05,2.707E-01
1.8708E-05,2.787E-01
1.8714E-05,2.707E-01
1.8714E-05,2.787E-01
1.8720E-05,2.707E-01
1.8720E-05,2.747E-01
1.8726E-05,2.707E-01
1.8726E-05,2.747E-01
1.8732E-05,2.707E-01
1.8732E-05,2.747E-01
1.8738E-05,2.707E-01
1.8738E-05,2.747E-01
1.8744E-05,2.667E-01
1.8744E-05,2.747E-01
1.8750E-05,2.667E-01
1.8750E-05,2.747E-01
1.8756E-05,2.707E-01
1.8756E-05,2.747E-01
1.8762E-05,2.707E-01
1.8762E-05,2.747E-01
1.8768E-05,2.707E-01
1.8768E-05,2.747E-01
1.8774E-05,2.707E-01
1.8774E-05,2.787E-01
1.8780E-05,2.707E-01
1.8780E-05,2.747E-01
1.8786E-05,2.707E-01
1.8786E-05,2.747E-01
1.8792E-05,2.707E-01
1.8792E-05,2.747E-01
1.8798E-05,2.707E-01
1.8798E-05,2.747E-01
1.8804E-05,2.707E-01
1.8804E-05,2.787E-01
1.8810E-05,2.747E-01
1.8810E-05,2.747E-01
1.8816E-05,2.747E-01
1.8816E-05,2.787E-01
1.8822E-05,2.747E-01
1.8822E-05,2.747E-01
1.8828E-05,2.707E-01
1.8828E-05,2.747E-01
1.8834E-05,2.707E-01
1.8834E-05,2.747E-01
1.8840E-05,2.707E-01
1.8840E-05,2.747E-01
1.8846E-05,2.747E-01
1.8846E-05,2.747E-01
1.8852E-05,2.707E-01
1.8852E-05,2.787E-01
1.8858E-05,2.707E-01
1.8858E-05,2.747E-01
1.8864E-05,2.747E-01
1.8864E-05,2.747E-01
1.8870E-05,2.747E-01
1.8870E-05,2.787E-01
1.8876E-05,2.747E-01
1.8876E-05,2.787E-01
1.8882E-05,2.747E-01
1.8882E-05,2.747E-01
1.8888E-05,2.747E-01
1.8888E-05,2.787E-01
1.8894E-05,2.747E-01
1.8894E-05,2.787E-01
1.8900E-05,2.747E-01
1.8900E-05,2.787E-01
1.8906E-05,2.747E-01
1.8906E-05,2.787E-01
1.8912E-05,2.747E-01
1.8912E-05,2.787E-01
1.8918E-05,2.787E-01
1.8918E-05,2.787E-01
1.8924E-05,2.747E-01
1.8924E-05,2.787E-01
1.8930E-05,2.747E-01
1.8930E-05,2.787E-01
1.8936E-05,2.747E-01
1.8936E-05,2.787E-01
1.8942E-05,2.747E-01
1.8942E-05,2.787E-01
1.8948E-05,2.747E-01
1.8948E-05,2.787E-01
1.8954E-05,2.747E-01
1.8954E-05,2.787E-01
1.8960E-05,2.747E-01
1.8960E-05,2.787E-01
1.8966E-05,2.747E-01
1.8966E-05,2.787E-01
1.8972E-05,2.747E-01
1.8972E-05,2.827E-01
1.8978E-05,2.747E-01
1.8978E-05,2.827E-01
1.8984E-05,2.787E-01
1.8984E-05,2.827E-01
1.8990E-05,2.787E-01
1.8990E-05,2.827E-01
1.8996E-05,2.787E-01
1.8996E-05,2.827E-01
1.9002E-05,2.787E-01
1.9002E-05,2.827E-01
1.9008E-05,2.787E-01
1.9008E-05,2.827E-01
1.9014E-05,2.787E-01
1.9014E-05,2.827E-01
1.9020E-05,2.787E-01
1.9020E-05,2.827E-01
1.9026E-05,2.787E-01
1.9026E-05,2.827E-01
1.9032E-05,2.787E-01
1.9032E-05,2.827E-01
1.9038E-05,2.827E-01
1.9038E-05,2.827E-01
1.9044E-05,2.827E-01
1.9044E-05,2.827E-01
1.9050E-05,2.787E-01
1.9050E-05,2.827E-01
1.9056E-05,2.827E-01
1.9056E-05,2.867E-01
1.9062E-05,2.827E-01
1.9062E-05,2.867E-01
1.9068E-05,2.827E-01
1.9068E-05,2.867E-01
1.9074E-05,2.827E-01
1.9074E-05,2.867E-01
1.9080E-05,2.827E-01
1.9080E-05,2.867E-01
1.9086E-05,2.827E-01
1.9086E-05,2.867E-01
1.9092E-05,2.827E-01
1.9092E-05,2.867E-01
1.9098E-05,2.827E-01
1.9098E-05,2.867E-01
1.9104E-05,2.827E-01
1.9104E-05,2.827E-01
1.9110E-05,2.827E-01
1.9110E-05,2.867E-01
1.9116E-05,2.827E-01
1.9116E-05,2.867E-01
1.9122E-05,2.827E-01
1.9122E-05,2.867E-01
1.9128E-05,2.827E-01
1.9128E-05,2.867E-01
1.9134E-05,2.867E-01
1.9134E-05,2.907E-01
1.9140E-05,2.827E-01
1.9140E-05,2.907E-01
1.9146E-05,2.867E-01
1.9146E-05,2.907E-01
1.9152E-05,2.867E-01
1.9152E-05,2.907E-01
1.9158E-05,2.867E-01
1.9158E-05,2.907E-01
1.9164E-05,2.867E-01
1.9164E-05,2.907E-01
1.9170E-05,2.867E-01
1.9170E-05,2.907E-01
1.9176E-05,2.867E-01
1.9176E-05,2.947E-01
1.9182E-05,2.867E-01
1.9182E-05,2.947E-01
1.9188E-05,2.867E-01
1.9188E-05,2.907E-01
1.9194E-05,2.867E-01
1.9194E-05,2.907E-01
1.9200E-05,2.867E-01
1.9200E-05,2.907E-01
1.9206E-05,2.867E-01
1.9206E-05,2.947E-01
1.9212E-05,2.907E-01
1.9212E-05,2.947E-01
1.9218E-05,2.907E-01
1.9218E-05,2.947E-01
1.9224E-05,2.907E-01
1.9224E-05,2.947E-01
1.9230E-05,2.907E-01
1.9230E-05,2.947E-01
1.9236E-05,2.907E-01
1.9236E-05,2.947E-01
1.9242E-05,2.907E-01
1.9242E-05,2.947E-01
1.9248E-05,2.907E-01
1.9248E-05,2.947E-01
1.9254E-05,2.947E-01
1.9254E-05,2.947E-01
1.9260E-05,2.907E-01
1.9260E-05,2.987E-01
1.9266E-05,2.907E-01
1.9266E-05,2.987E-01
1.9272E-05,2.907E-01
1.9272E-05,3.027E-01
1.9278E-05,2.907E-01
1.9278E-05,2.987E-01
1.9284E-05,2.947E-01
1.9284E-05,2.987E-01
1.9290E-05,2.947E-01
1.9290E-05,2.987E-01
1.9296E-05,2.947E-01
1.9296E-05,3.027E-01
1.9302E-05,2.947E-01
1.9302E-05,2.987E-01
1.9308E-05,2.987E-01
1.9308E-05,2.987E-01
1.9314E-05,2.947E-01
1.9314E-05,3.027E-01
1.9320E-05,2.987E-01
1.9320E-05,3.027E-01
1.9326E-05,2.987E-01
1.9326E-05,3.027E-01
1.9332E-05,2.987E-01
1.9332E-05,3.027E-01
1.9338E-05,2.987E-01
1.9338E-05,3.027E-01
1.9344E-05,3.027E-01
1.9344E-05,3.027E-01
1.9350E-05,2.987E-01
1.9350E-05,3.027E-01
1.9356E-05,2.987E-01
1.9356E-05,3.027E-01
1.9362E-05,2.987E-01
1.9362E-05,3.027E-01
1.9368E-05,3.027E-01
1.9368E-05,3.027E-01
1.9374E-05,3.027E-01
1.9374E-05,3.027E-01
1.9380E-05,3.027E-01
1.9380E-05,3.067E-01
1.9386E-05,3.027E-01
1.9386E-05,3.067E-01
1.9392E-05,3.027E-01
1.9392E-05,3.067E-01
1.9398E-05,3.027E-01
1.9398E-05,3.067E-01
1.9404E-05,3.027E-01
1.9404E-05,3.067E-01
1.9410E-05,3.027E-01
1.9410E-05,3.067E-01
1.9416E-05,3.067E-01
1.9416E-05,3.067E-01
1.9422E-05,3.067E-01
1.9422E-05,3.107E-01
1.9428E-05,3.067E-01
1.9428E-05,3.107E-01
1.9434E-05,3.027E-01
1.9434E-05,3.107E-01
1.9440E-05,3.067E-01
1.9440E-05,3.147E-01
1.9446E-05,3.067E-01
1.9446E-05,3.107E-01
1.9452E-05,3.067E-01
1.9452E-05,3.107E-01
1.9458E-05,3.067E-01
1.9458E-05,3.107E-01
1.9464E-05,3.067E-01
1.9464E-05,3.107E-01
1.9470E-05,3.107E-01
1.9470E-05,3.107E-01
1.9476E-05,3.107E-01
1.9476E-05,3.107E-01
1.9482E-05,3.107E-01
1.9482E-05,3.147E-01
1.9488E-05,3.107E-01
1.9488E-05,3.147E-01
1.9494E-05,3.107E-01
1.9494E-05,3.187E-01
1.9500E-05,3.107E-01
1.9500E-05,3.187E-01
1.9506E-05,3.107E-01
1.9506E-05,3.147E-01
1.9512E-05,3.107E-01
1.9512E-05,3.187E-01
1.9518E-05,3.107E-01
1.9518E-05,3.187E-01
1.9524E-05,3.147E-01
1.9524E-05,3.187E-01
1.9530E-05,3.107E-01
1.9530E-05,3.187E-01
1.9536E-05,3.107E-01
1.9536E-05,3.187E-01
1.9542E-05,3.147E-01
1.9542E-05,3.227E-01
1.9548E-05,3.147E-01
1.9548E-05,3.227E-01
1.9554E-05,3.187E-01
1.9554E-05,3.187E-01
1.9560E-05,3.147E-01
1.9560E-05,3.187E-01
1.9566E-05,3.147E-01
1.9566E-05,3.227E-01
1.9572E-05,3.187E-01
1.9572E-05,3.227E-01
1.9578E-05,3.187E-01
1.9578E-05,3.267E-01
1.9584E-05,3.187E-01
1.9584E-05,3.267E-01
1.9590E-05,3.187E-01
1.9590E-05,3.267E-01
1.9596E-05,3.187E-01
1.9596E-05,3.227E-01
1.9602E-05,3.187E-01
1.9602E-05,3.267E-01
1.9608E-05,3.227E-01
1.9608E-05,3.267E-01
1.9614E-05,3.227E-01
1.9614E-05,3.267E-01
1.9620E-05,3.227E-01
1.9620E-05,3.267E-01
1.9626E-05,3.227E-01
1.9626E-05,3.267E-01
1.9632E-05,3.227E-01
1.9632E-05,3.267E-01
1.9638E-05,3.227E-01
1.9638E-05,3.307E-01
1.9644E-05,3.267E-01
1.9644E-05,3.307E-01
1.9650E-05,3.267E-01
1.9650E-05,3.347E-01
1.9656E-05,3.267E-01
1.9656E-05,3.307E-01
1.9662E-05,3.267E-01
1.9662E-05,3.307E-01
1.9668E-05,3.307E-01
1.9668E-05,3.307E-01
1.9674E-05,3.267E-01
1.9674E-05,3.307E-01
1.9680E-05,3.267E-01
1.9680E-05,3.307E-01
1.9686E-05,3.267E-01
1.9686E-05,3.347E-01
1.9692E-05,3.307E-01
1.9692E-05,3.347E-01
1.9698E-05,3.307E-01
1.9698E-05,3.347E-01
1.9704E-05,3.307E-01
1.9704E-05,3.347E-01
1.9710E-05,3.307E-01
1.9710E-05,3.387E-01
1.9716E-05,3.307E-01
1.9716E-05,3.347E-01
1.9722E-05,3.347E-01
1.9722E-05,3.387E-01
1.9728E-05,3.307E-01
1.9728E-05,3.387E-01
1.9734E-05,3.307E-01
1.9734E-05,3.387E-01
1.9740E-05,3.307E-01
1.9740E-05,3.387E-01
1.9746E-05,3.347E-01
1.9746E-05,3.427E-01
1.9752E-05,3.347E-01
1.9752E-05,3.427E-01
1.9758E-05,3.347E-01
1.9758E-05,3.427E-01
1.9764E-05,3.387E-01
1.9764E-05,3.427E-01
1.9770E-05,3.387E-01
1.9770E-05,3.427E-01
1.9776E-05,3.387E-01
1.9776E-05,3.427E-01
1.9782E-05,3.427E-01
1.9782E-05,3.467E-01
1.9788E-05,3.387E-01
1.9788E-05,3.467E-01
1.9794E-05,3.387E-01
1.9794E-05,3.467E-01
1.9800E-05,3.427E-01
1.9800E-05,3.467E-01
1.9806E-05,3.427E-01
1.9806E-05,3.467E-01
1.9812E-05,3.427E-01
1.9812E-05,3.467E-01
1.9818E-05,3.427E-01
1.9818E-05,3.507E-01
1.9824E-05,3.467E-01
1.9824E-05,3.467E-01
1.9830E-05,3.467E-01
1.9830E-05,3.507E-01
1.9836E-05,3.467E-01
1.9836E-05,3.507E-01
1.9842E-05,3.467E-01
1.9842E-05,3.507E-01
1.9848E-05,3.467E-01
1.9848E-05,3.507E-01
1.9854E-05,3.507E-01
1.9854E-05,3.507E-01
1.9860E-05,3.507E-01
1.9860E-05,3.547E-01
1.9866E-05,3.507E-01
1.9866E-05,3.547E-01
1.9872E-05,3.507E-01
1.9872E-05,3.547E-01
1.9878E-05,3.507E-01
1.9878E-05,3.587E-01
1.9884E-05,3.507E-01
1.9884E-05,3.587E-01
1.9890E-05,3.507E-01
1.9890E-05,3.547E-01
1.9896E-05,3.547E-01
1.9896E-05,3.587E-01
1.9902E-05,3.507E-01
1.9902E-05,3.587E-01
1.9908E-05,3.547E-01
1.9908E-05,3.587E-01
1.9914E-05,3.547E-01
1.9914E-05,3.587E-01
1.9920E-05,3.547E-01
1.9920E-05,3.587E-01
1.9926E-05,3.547E-01
1.9926E-05,3.587E-01
1.9932E-05,3.547E-01
1.9932E-05,3.587E-01
1.9938E-05,3.587E-01
1.9938E-05,3.627E-01
1.9944E-05,3.587E-01
1.9944E-05,3.627E-01
1.9950E-05,3.587E-01
1.9950E-05,3.627E-01
1.9956E-05,3.587E-01
1.9956E-05,3.627E-01
1.9962E-05,3.587E-01
1.9962E-05,3.627E-01
1.9968E-05,3.587E-01
1.9968E-05,3.627E-01
1.9974E-05,3.627E-01
1.9974E-05,3.667E-01
1.9980E-05,3.587E-01
1.9980E-05,3.667E-01
1.9986E-05,3.627E-01
1.9986E-05,3.667E-01
1.9992E-05,3.627E-01
1.9992E-05,3.667E-01
1.9998E-05,3.627E-01
1.9998E-05,3.667E-01
2.0004E-05,3.627E-01
2.0004E-05,3.667E-01
2.0010E-05,3.627E-01
2.0010E-05,3.707E-01
2.0016E-05,3.667E-01
2.0016E-05,3.707E-01
2.0022E-05,3.667E-01
2.0022E-05,3.707E-01
2.0028E-05,3.667E-01
2.0028E-05,3.707E-01
2.0034E-05,3.707E-01
2.0034E-05,3.707E-01
2.0040E-05,3.707E-01
2.0040E-05,3.707E-01
2.0046E-05,3.707E-01
2.0046E-05,3.747E-01
2.0052E-05,3.707E-01
2.0052E-05,3.747E-01
2.0058E-05,3.707E-01
2.0058E-05,3.747E-01
2.0064E-05,3.707E-01
2.0064E-05,3.747E-01
2.0070E-05,3.667E-01
2.0070E-05,3.747E-01
2.0076E-05,3.747E-01
2.0076E-05,3.787E-01
2.0082E-05,3.747E-01
2.0082E-05,3.747E-01
2.0088E-05,3.707E-01
2.0088E-05,3.747E-01
2.0094E-05,3.707E-01
2.0094E-05,3.747E-01
2.0100E-05,3.747E-01
2.0100E-05,3.787E-01
2.0106E-05,3.787E-01
2.0106E-05,3.787E-01
2.0112E-05,3.747E-01
2.0112E-05,3.787E-01
2.0118E-05,3.787E-01
2.0118E-05,3.827E-01
2.0124E-05,3.747E-01
2.0124E-05,3.827E-01
2.0130E-05,3.787E-01
2.0130E-05,3.827E-01
2.0136E-05,3.787E-01
2.0136E-05,3.867E-01
2.0142E-05,3.787E-01
2.0142E-05,3.827E-01
2.0148E-05,3.827E-01
2.0148E-05,3.827E-01
2.0154E-05,3.827E-01
2.0154E-05,3.867E-01
2.0160E-05,3.787E-01
2.0160E-05,3.827E-01
2.0166E-05,3.827E-01
2.0166E-05,3.867E-01
2.0172E-05,3.827E-01
2.0172E-05,3.867E-01
2.0178E-05,3.827E-01
2.0178E-05,3.867E-01
2.0184E-05,3.827E-01
2.0184E-05,3.867E-01
2.0190E-05,3.867E-01
2.0190E-05,3.867E-01
2.0196E-05,3.867E-01
2.0196E-05,3.907E-01
2.0202E-05,3.867E-01
2.0202E-05,3.907E-01
2.0208E-05,3.867E-01
2.0208E-05,3.867E-01
2.0214E-05,3.867E-01
2.0214E-05,3.907E-01
2.0220E-05,3.867E-01
2.0220E-05,3.907E-01
2.0226E-05,3.867E-01
2.0226E-05,3.907E-01
2.0232E-05,3.867E-01
2.0232E-05,3.907E-01
2.0238E-05,3.867E-01
2.0238E-05,3.947E-01
2.0244E-05,3.907E-01
2.0244E-05,3.947E-01
2.0250E-05,3.907E-01
2.0250E-05,3.947E-01
2.0256E-05,3.907E-01
2.0256E-05,3.947E-01
2.0262E-05,3.907E-01
2.0262E-05,3.987E-01
2.0268E-05,3.907E-01
2.0268E-05,3.987E-01
2.0274E-05,3.947E-01
2.0274E-05,3.987E-01
2.0280E-05,3.947E-01
2.0280E-05,3.987E-01
2.0286E-05,3.947E-01
2.0286E-05,3.987E-01
2.0292E-05,3.947E-01
2.0292E-05,3.987E-01
2.0298E-05,3.947E-01
2.0298E-05,3.987E-01
2.0304E-05,3.947E-01
2.0304E-05,4.027E-01
2.0310E-05,3.947E-01
2.0310E-05,3.987E-01
2.0316E-05,3.947E-01
2.0316E-05,4.027E-01
2.0322E-05,3.947E-01
2.0322E-05,4.027E-01
2.0328E-05,3.947E-01
2.0328E-05,4.027E-01
2.0334E-05,3.987E-01
2.0334E-05,4.027E-01
2.0340E-05,3.987E-01
2.0340E-05,4.067E-01
2.0346E-05,4.027E-01
2.0346E-05,4.067E-01
2.0352E-05,4.027E-01
2.0352E-05,4.027E-01
2.0358E-05,4.027E-01
2.0358E-05,4.067E-01
2.0364E-05,4.027E-01
2.0364E-05,4.027E-01
2.0370E-05,4.027E-01
2.0370E-05,4.067E-01
2.0376E-05,4.027E-01
2.0376E-05,4.027E-01
2.0382E-05,4.027E-01
2.0382E-05,4.107E-01
2.0388E-05,4.027E-01
2.0388E-05,4.107E-01
2.0394E-05,4.027E-01
2.0394E-05,4.067E-01
2.0400E-05,4.067E-01
2.0400E-05,4.107E-01
2.0406E-05,4.067E-01
2.0406E-05,4.067E-01
2.0412E-05,4.067E-01
2.0412E-05,4.107E-01
2.0418E-05,4.067E-01
2.0418E-05,4.107E-01
2.0424E-05,4.027E-01
2.0424E-05,4.107E-01
2.0430E-05,4.067E-01
2.0430E-05,4.147E-01
2.0436E-05,4.107E-01
2.0436E-05,4.147E-01
2.0442E-05,4.107E-01
2.0442E-05,4.147E-01
2.0448E-05,4.107E-01
2.0448E-05,4.147E-01
2.0454E-05,4.107E-01
2.0454E-05,4.147E-01
2.0460E-05,4.107E-01
2.0460E-05,4.147E-01
2.0466E-05,4.107E-01
2.0466E-05,4.187E-01
2.0472E-05,4.107E-01
2.0472E-05,4.147E-01
2.0478E-05,4.107E-01
2.0478E-05,4.187E-01
2.0484E-05,4.107E-01
2.0484E-05,4.147E-01
2.0490E-05,4.107E-01
2.0490E-05,4.147E-01
2.0496E-05,4.147E-01
2.0496E-05,4.187E-01
2.0502E-05,4.147E-01
2.0502E-05,4.147E-01
2.0508E-05,4.147E-01
2.0508E-05,4.187E-01
2.0514E-05,4.147E-01
2.0514E-05,4.187E-01
2.0520E-05,4.147E-01
2.0520E-05,4.187E-01
2.0526E-05,4.147E-01
2.0526E-05,4.187E-01
2.0532E-05,4.147E-01
2.0532E-05,4.187E-01
2.0538E-05,4.147E-01
2.0538E-05,4.187E-01
2.0544E-05,4.147E-01
2.0544E-05,4.187E-01
2.0550E-05,4.147E-01
2.0550E-05,4.187E-01
2.0556E-05,4.147E-01
2.0556E-05,4.227E-01
2.0562E-05,4.187E-01
2.0562E-05,4.227E-01
2.0568E-05,4.187E-01
2.0568E-05,4.267E-01
2.0574E-05,4.187E-01
2.0574E-05,4.227E-01
2.0580E-05,4.187E-01
2.0580E-05,4.227E-01
2.0586E-05,4.187E-01
2.0586E-05,4.227E-01
2.0592E-05,4.227E-01
2.0592E-05,4.227E-01
2.0598E-05,4.227E-01
2.0598E-05,4.267E-01
2.0604E-05,4.227E-01
2.0604E-05,4.267E-01
2.0610E-05,4.227E-01
2.0610E-05,4.267E-01
2.0616E-05,4.227E-01
2.0616E-05,4.267E-01
2.0622E-05,4.227E-01
2.0622E-05,4.267E-01
2.0628E-05,4.227E-01
2.0628E-05,4.267E-01
2.0634E-05,4.227E-01
2.0634E-05,4.307E-01
2.0640E-05,4.227E-01
2.0640E-05,4.307E-01
2.0646E-05,4.227E-01
2.0646E-05,4.307E-01
2.0652E-05,4.267E-01
2.0652E-05,4.307E-01
2.0658E-05,4.267E-01
2.0658E-05,4.307E-01
2.0664E-05,4.267E-01
2.0664E-05,4.307E-01
2.0670E-05,4.267E-01
2.0670E-05,4.307E-01
2.0676E-05,4.267E-01
2.0676E-05,4.307E-01
2.0682E-05,4.307E-01
2.0682E-05,4.307E-01
2.0688E-05,4.307E-01
2.0688E-05,4.307E-01
2.0694E-05,4.307E-01
2.0694E-05,4.307E-01
2.0700E-05,4.307E-01
2.0700E-05,4.307E-01
2.0706E-05,4.267E-01
2.0706E-05,4.307E-01
2.0712E-05,4.267E-01
2.0712E-05,4.307E-01
2.0718E-05,4.267E-01
2.0718E-05,4.307E-01
2.0724E-05,4.267E-01
2.0724E-05,4.347E-01
2.0730E-05,4.267E-01
2.0730E-05,4.307E-01
2.0736E-05,4.267E-01
2.0736E-05,4.347E-01
2.0742E-05,4.307E-01
2.0742E-05,4.347E-01
2.0748E-05,4.307E-01
2.0748E-05,4.347E-01
2.0754E-05,4.307E-01
2.0754E-05,4.347E-01
2.0760E-05,4.307E-01
2.0760E-05,4.347E-01
2.0766E-05,4.307E-01
2.0766E-05,4.347E-01
2.0772E-05,4.307E-01
2.0772E-05,4.347E-01
2.0778E-05,4.307E-01
2.0778E-05,4.387E-01
2.0784E-05,4.307E-01
2.0784E-05,4.347E-01
2.0790E-05,4.307E-01
2.0790E-05,4.387E-01
2.0796E-05,4.307E-01
2.0796E-05,4.347E-01
2.0802E-05,4.347E-01
2.0802E-05,4.387E-01
2.0808E-05,4.347E-01
2.0808E-05,4.387E-01
2.0814E-05,4.347E-01
2.0814E-05,4.387E-01
2.0820E-05,4.347E-01
2.0820E-05,4.387E-01
2.0826E-05,4.347E-01
2.0826E-05,4.387E-01
2.0832E-05,4.347E-01
2.0832E-05,4.387E-01
2.0838E-05,4.347E-01
2.0838E-05,4.387E-01
2.0844E-05,4.347E-01
2.0844E-05,4.387E-01
2.0850E-05,4.387E-01
2.0850E-05,4.427E-01
2.0856E-05,4.347E-01
2.0856E-05,4.387E-01
2.0862E-05,4.347E-01
2.0862E-05,4.427E-01
2.0868E-05,4.347E-01
2.0868E-05,4.427E-01
2.0874E-05,4.387E-01
2.0874E-05,4.427E-01
2.0880E-05,4.347E-01
2.0880E-05,4.427E-01
2.0886E-05,4.347E-01
2.0886E-05,4.387E-01
2.0892E-05,4.387E-01
2.0892E-05,4.387E-01
2.0898E-05,4.387E-01
2.0898E-05,4.427E-01
2.0904E-05,4.347E-01
2.0904E-05,4.427E-01
2.0910E-05,4.387E-01
2.0910E-05,4.427E-01
2.0916E-05,4.347E-01
2.0916E-05,4.427E-01
2.0922E-05,4.387E-01
2.0922E-05,4.427E-01
2.0928E-05,4.387E-01
2.0928E-05,4.427E-01
2.0934E-05,4.387E-01
2.0934E-05,4.427E-01
2.0940E-05,4.427E-01
2.0940E-05,4.427E-01
2.0946E-05,4.427E-01
2.0946E-05,4.427E-01
2.0952E-05,4.387E-01
2.0952E-05,4.427E-01
2.0958E-05,4.387E-01
2.0958E-05,4.427E-01
2.0964E-05,4.387E-01
2.0964E-05,4.427E-01
2.0970E-05,4.387E-01
2.0970E-05,4.427E-01
2.0976E-05,4.387E-01
2.0976E-05,4.427E-01
2.0982E-05,4.387E-01
2.0982E-05,4.427E-01
2.0988E-05,4.427E-01
2.0988E-05,4.427E-01
2.0994E-05,4.427E-01
2.0994E-05,4.427E-01
2.1000E-05,4.427E-01
2.1000E-05,4.427E-01
2.1006E-05,4.427E-01
2.1006E-05,4.467E-01
2.1012E-05,4.387E-01
2.1012E-05,4.427E-01
2.1018E-05,4.387E-01
2.1018E-05,4.467E-01
2.1024E-05,4.387E-01
2.1024E-05,4.467E-01
2.1030E-05,4.387E-01
2.1030E-05,4.467E-01
2.1036E-05,4.387E-01
2.1036E-05,4.467E-01
2.1042E-05,4.387E-01
2.1042E-05,4.467E-01
2.1048E-05,4.427E-01
2.1048E-05,4.427E-01
2.1054E-05,4.387E-01
2.1054E-05,4.427E-01
2.1060E-05,4.427E-01
2.1060E-05,4.467E-01
2.1066E-05,4.387E-01
2.1066E-05,4.467E-01
2.1072E-05,4.427E-01
2.1072E-05,4.467E-01
2.1078E-05,4.427E-01
2.1078E-05,4.467E-01
2.1084E-05,4.427E-01
2.1084E-05,4.467E-01
2.1090E-05,4.427E-01
2.1090E-05,4.467E-01
2.1096E-05,4.427E-01
2.1096E-05,4.467E-01
2.1102E-05,4.387E-01
2.1102E-05,4.467E-01
2.1108E-05,4.427E-01
2.1108E-05,4.467E-01
2.1114E-05,4.427E-01
2.1114E-05,4.467E-01
2.1120E-05,4.427E-01
2.1120E-05,4.467E-01
2.1126E-05,4.427E-01
2.1126E-05,4.467E-01
2.1132E-05,4.427E-01
2.1132E-05,4.467E-01
2.1138E-05,4.427E-01
2.1138E-05,4.467E-01
2.1144E-05,4.387E-01
2.1144E-05,4.467E-01
2.1150E-05,4.387E-01
2.1150E-05,4.467E-01
2.1156E-05,4.427E-01
2.1156E-05,4.467E-01
2.1162E-05,4.427E-01
2.1162E-05,4.467E-01
2.1168E-05,4.427E-01
2.1168E-05,4.467E-01
2.1174E-05,4.427E-01
2.1174E-05,4.467E-01
2.1180E-05,4.427E-01
2.1180E-05,4.467E-01
2.1186E-05,4.427E-01
2.1186E-05,4.467E-01
2.1192E-05,4.427E-01
2.1192E-05,4.467E-01
2.1198E-05,4.427E-01
2.1198E-05,4.467E-01
2.1204E-05,4.427E-01
2.1204E-05,4.467E-01
2.1210E-05,4.427E-01
2.1210E-05,4.467E-01
2.1216E-05,4.427E-01
2.1216E-05,4.467E-01
2.1222E-05,4.427E-01
2.1222E-05,4.467E-01
2.1228E-05,4.427E-01
2.1228E-05,4.467E-01
2.1234E-05,4.427E-01
2.1234E-05,4.467E-01
2.1240E-05,4.427E-01
2.1240E-05,4.467E-01
2.1246E-05,4.427E-01
2.1246E-05,4.467E-01
2.1252E-05,4.427E-01
2.1252E-05,4.467E-01
2.1258E-05,4.427E-01
2.1258E-05,4.467E-01
2.1264E-05,4.427E-01
2.1264E-05,4.467E-01
2.1270E-05,4.427E-01
2.1270E-05,4.467E-01
2.1276E-05,4.427E-01
2.1276E-05,4.467E-01
2.1282E-05,4.387E-01
2.1282E-05,4.507E-01
2.1288E-05,4.427E-01
2.1288E-05,4.507E-01
2.1294E-05,4.427E-01
2.1294E-05,4.467E-01
2.1300E-05,4.387E-01
2.1300E-05,4.467E-01
2.1306E-05,4.387E-01
2.1306E-05,4.467E-01
2.1312E-05,4.387E-01
2.1312E-05,4.467E-01
2.1318E-05,4.387E-01
2.1318E-05,4.467E-01
2.1324E-05,4.387E-01
2.1324E-05,4.467E-01
2.1330E-05,4.427E-01
2.1330E-05,4.427E-01
2.1336E-05,4.387E-01
2.1336E-05,4.427E-01
2.1342E-05,4.387E-01
2.1342E-05,4.467E-01
2.1348E-05,4.387E-01
2.1348E-05,4.467E-01
2.1354E-05,4.427E-01
2.1354E-05,4.467E-01
2.1360E-05,4.427E-01
2.1360E-05,4.467E-01
2.1366E-05,4.387E-01
2.1366E-05,4.467E-01
2.1372E-05,4.387E-01
2.1372E-05,4.427E-01
2.1378E-05,4.387E-01
2.1378E-05,4.467E-01
2.1384E-05,4.387E-01
2.1384E-05,4.427E-01
2.1390E-05,4.427E-01
2.1390E-05,4.427E-01
2.1396E-05,4.387E-01
2.1396E-05,4.467E-01
2.1402E-05,4.387E-01
2.1402E-05,4.467E-01
2.1408E-05,4.387E-01
2.1408E-05,4.427E-01
2.1414E-05,4.387E-01
2.1414E-05,4.427E-01
2.1420E-05,4.387E-01
2.1420E-05,4.427E-01
2.1426E-05,4.387E-01
2.1426E-05,4.427E-01
2.1432E-05,4.387E-01
2.1432E-05,4.427E-01
2.1438E-05,4.387E-01
2.1438E-05,4.427E-01
2.1444E-05,4.387E-01
2.1444E-05,4.427E-01
2.1450E-05,4.387E-01
2.1450E-05,4.427E-01
2.1456E-05,4.387E-01
2.1456E-05,4.427E-01
2.1462E-05,4.387E-01
2.1462E-05,4.427E-01
2.1468E-05,4.387E-01
2.1468E-05,4.427E-01
2.1474E-05,4.387E-01
2.1474E-05,4.427E-01
2.1480E-05,4.347E-01
2.1480E-05,4.427E-01
2.1486E-05,4.347E-01
2.1486E-05,4.387E-01
2.1492E-05,4.387E-01
2.1492E-05,4.427E-01
2.1498E-05,4.347E-01
2.1498E-05,4.427E-01
2.1504E-05,4.387E-01
2.1504E-05,4.427E-01
2.1510E-05,4.387E-01
2.1510E-05,4.387E-01
2.1516E-05,4.347E-01
2.1516E-05,4.387E-01
2.1522E-05,4.347E-01
2.1522E-05,4.387E-01
2.1528E-05,4.347E-01
2.1528E-05,4.387E-01
2.1534E-05,4.347E-01
2.1534E-05,4.427E-01
2.1540E-05,4.387E-01
2.1540E-05,4.427E-01
2.1546E-05,4.387E-01
2.1546E-05,4.387E-01
2.1552E-05,4.387E-01
2.1552E-05,4.387E-01
2.1558E-05,4.307E-01
2.1558E-05,4.387E-01
2.1564E-05,4.347E-01
2.1564E-05,4.427E-01
2.1570E-05,4.347E-01
2.1570E-05,4.387E-01
2.1576E-05,4.347E-01
2.1576E-05,4.387E-01
2.1582E-05,4.347E-01
2.1582E-05,4.387E-01
2.1588E-05,4.347E-01
2.1588E-05,4.347E-01
2.1594E-05,4.347E-01
2.1594E-05,4.387E-01
2.1600E-05,4.347E-01
2.1600E-05,4.387E-01
2.1606E-05,4.347E-01
2.1606E-05,4.387E-01
2.1612E-05,4.307E-01
2.1612E-05,4.347E-01
2.1618E-05,4.307E-01
2.1618E-05,4.347E-01
2.1624E-05,4.307E-01
2.1624E-05,4.347E-01
2.1630E-05,4.307E-01
2.1630E-05,4.347E-01
2.1636E-05,4.307E-01
2.1636E-05,4.347E-01
2.1642E-05,4.307E-01
2.1642E-05,4.347E-01
2.1648E-05,4.307E-01
2.1648E-05,4.347E-01
2.1654E-05,4.307E-01
2.1654E-05,4.347E-01
2.1660E-05,4.307E-01
2.1660E-05,4.307E-01
2.1666E-05,4.267E-01
2.1666E-05,4.307E-01
2.1672E-05,4.267E-01
2.1672E-05,4.347E-01
2.1678E-05,4.267E-01
2.1678E-05,4.347E-01
2.1684E-05,4.267E-01
2.1684E-05,4.307E-01
2.1690E-05,4.267E-01
2.1690E-05,4.307E-01
2.1696E-05,4.267E-01
2.1696E-05,4.307E-01
2.1702E-05,4.267E-01
2.1702E-05,4.307E-01
2.1708E-05,4.267E-01
2.1708E-05,4.307E-01
2.1714E-05,4.227E-01
2.1714E-05,4.307E-01
2.1720E-05,4.267E-01
2.1720E-05,4.307E-01
2.1726E-05,4.227E-01
2.1726E-05,4.307E-01
2.1732E-05,4.227E-01
2.1732E-05,4.307E-01
2.1738E-05,4.267E-01
2.1738E-05,4.307E-01
2.1744E-05,4.267E-01
2.1744E-05,4.307E-01
2.1750E-05,4.267E-01
2.1750E-05,4.307E-01
2.1756E-05,4.227E-01
2.1756E-05,4.307E-01
2.1762E-05,4.227E-01
2.1762E-05,4.267E-01
2.1768E-05,4.227E-01
2.1768E-05,4.307E-01
2.1774E-05,4.227E-01
2.1774E-05,4.267E-01
2.1780E-05,4.227E-01
2.1780E-05,4.267E-01
2.1786E-05,4.227E-01
2.1786E-05,4.267E-01
2.1792E-05,4.227E-01
2.1792E-05,4.267E-01
2.1798E-05,4.187E-01
2.1798E-05,4.267E-01
2.1804E-05,4.187E-01
2.1804E-05,4.227E-01
2.1810E-05,4.187E-01
2.1810E-05,4.227E-01
2.1816E-05,4.187E-01
2.1816E-05,4.267E-01
2.1822E-05,4.187E-01
2.1822E-05,4.267E-01
2.1828E-05,4.187E-01
2.1828E-05,4.227E-01
2.1834E-05,4.187E-01
2.1834E-05,4.227E-01
2.1840E-05,4.187E-01
2.1840E-05,4.227E-01
2.1846E-05,4.187E-01
2.1846E-05,4.227E-01
2.1852E-05,4.187E-01
2.1852E-05,4.227E-01
2.1858E-05,4.147E-01
2.1858E-05,4.187E-01
2.1864E-05,4.147E-01
2.1864E-05,4.187E-01
2.1870E-05,4.147E-01
2.1870E-05,4.187E-01
2.1876E-05,4.147E-01
2.1876E-05,4.187E-01
2.1882E-05,4.107E-01
2.1882E-05,4.187E-01
2.1888E-05,4.107E-01
2.1888E-05,4.187E-01
2.1894E-05,4.107E-01
2.1894E-05,4.187E-01
2.1900E-05,4.147E-01
2.1900E-05,4.187E-01
2.1906E-05,4.147E-01
2.1906E-05,4.187E-01
2.1912E-05,4.107E-01
2.1912E-05,4.147E-01
2.1918E-05,4.107E-01
2.1918E-05,4.147E-01
2.1924E-05,4.107E-01
2.1924E-05,4.147E-01
2.1930E-05,4.067E-01
2.1930E-05,4.187E-01
2.1936E-05,4.067E-01
2.1936E-05,4.147E-01
2.1942E-05,4.067E-01
2.1942E-05,4.147E-01
2.1948E-05,4.067E-01
2.1948E-05,4.147E-01
2.1954E-05,4.067E-01
2.1954E-05,4.147E-01
2.1960E-05,4.067E-01
2.1960E-05,4.107E-01
2.1966E-05,4.067E-01
2.1966E-05,4.147E-01
2.1972E-05,4.067E-01
2.1972E-05,4.147E-01
2.1978E-05,4.067E-01
2.1978E-05,4.107E-01
2.1984E-05,4.067E-01
2.1984E-05,4.107E-01
2.1990E-05,4.027E-01
2.1990E-05,4.107E-01
2.1996E-05,4.067E-01
2.1996E-05,4.107E-01
2.2002E-05,4.067E-01
2.2002E-05,4.107E-01
2.2008E-05,4.027E-01
2.2008E-05,4.067E-01
2.2014E-05,4.027E-01
2.2014E-05,4.067E-01
2.2020E-05,4.027E-01
2.2020E-05,4.067E-01
2.2026E-05,4.027E-01
2.2026E-05,4.067E-01
2.2032E-05,3.987E-01
2.2032E-05,4.027E-01
2.2038E-05,3.987E-01
2.2038E-05,4.067E-01
2.2044E-05,3.987E-01
2.2044E-05,4.067E-01
2.2050E-05,3.987E-01
2.2050E-05,4.027E-01
2.2056E-05,3.987E-01
2.2056E-05,4.027E-01
2.2062E-05,3.987E-01
2.2062E-05,4.027E-01
2.2068E-05,3.987E-01
2.2068E-05,4.027E-01
2.2074E-05,3.987E-01
2.2074E-05,4.027E-01
2.2080E-05,3.947E-01
2.2080E-05,4.027E-01
2.2086E-05,3.947E-01
2.2086E-05,4.027E-01
2.2092E-05,3.947E-01
2.2092E-05,4.027E-01
2.2098E-05,3.947E-01
2.2098E-05,4.027E-01
2.2104E-05,3.987E-01
2.2104E-05,4.027E-01
2.2110E-05,3.947E-01
2.2110E-05,4.027E-01
2.2116E-05,3.947E-01
2.2116E-05,3.987E-01
2.2122E-05,3.947E-01
2.2122E-05,3.987E-01
2.2128E-05,3.947E-01
2.2128E-05,3.947E-01
2.2134E-05,3.907E-01
2.2134E-05,3.947E-01
2.2140E-05,3.907E-01
2.2140E-05,3.947E-01
2.2146E-05,3.907E-01
2.2146E-05,3.947E-01
2.2152E-05,3.907E-01
2.2152E-05,3.947E-01
2.2158E-05,3.907E-01
2.2158E-05,3.947E-01
2.2164E-05,3.867E-01
2.2164E-05,3.947E-01
2.2170E-05,3.867E-01
2.2170E-05,3.947E-01
2.2176E-05,3.867E-01
2.2176E-05,3.947E-01
2.2182E-05,3.867E-01
2.2182E-05,3.907E-01
2.2188E-05,3.867E-01
2.2188E-05,3.907E-01
2.2194E-05,3.867E-01
2.2194E-05,3.907E-01
2.2200E-05,3.867E-01
2.2200E-05,3.907E-01
2.2206E-05,3.827E-01
2.2206E-05,3.867E-01
2.2212E-05,3.827E-01
2.2212E-05,3.867E-01
2.2218E-05,3.827E-01
2.2218E-05,3.867E-01
2.2224E-05,3.827E-01
2.2224E-05,3.867E-01
2.2230E-05,3.827E-01
2.2230E-05,3.867E-01
2.2236E-05,3.787E-01
2.2236E-05,3.827E-01
2.2242E-05,3.787E-01
2.2242E-05,3.827E-01
2.2248E-05,3.787E-01
2.2248E-05,3.827E-01
2.2254E-05,3.787E-01
2.2254E-05,3.827E-01
2.2260E-05,3.787E-01
2.2260E-05,3.827E-01
2.2266E-05,3.787E-01
2.2266E-05,3.827E-01
2.2272E-05,3.747E-01
2.2272E-05,3.787E-01
2.2278E-05,3.747E-01
2.2278E-05,3.787E-01
2.2284E-05,3.787E-01
2.2284E-05,3.787E-01
2.2290E-05,3.747E-01
2.2290E-05,3.787E-01
2.2296E-05,3.747E-01
2.2296E-05,3.787E-01
2.2302E-05,3.747E-01
2.2302E-05,3.787E-01
2.2308E-05,3.707E-01
2.2308E-05,3.787E-01
2.2314E-05,3.707E-01
2.2314E-05,3.747E-01
2.2320E-05,3.747E-01
2.2320E-05,3.747E-01
2.2326E-05,3.707E-01
2.2326E-05,3.747E-01
2.2332E-05,3.707E-01
2.2332E-05,3.747E-01
2.2338E-05,3.707E-01
2.2338E-05,3.747E-01
2.2344E-05,3.667E-01
2.2344E-05,3.747E-01
2.2350E-05,3.667E-01
2.2350E-05,3.747E-01
2.2356E-05,3.667E-01
2.2356E-05,3.747E-01
2.2362E-05,3.667E-01
2.2362E-05,3.707E-01
2.2368E-05,3.667E-01
2.2368E-05,3.707E-01
2.2374E-05,3.667E-01
2.2374E-05,3.707E-01
2.2380E-05,3.667E-01
2.2380E-05,3.707E-01
2.2386E-05,3.627E-01
2.2386E-05,3.707E-01
2.2392E-05,3.627E-01
2.2392E-05,3.707E-01
2.2398E-05,3.627E-01
2.2398E-05,3.667E-01
2.2404E-05,3.627E-01
2.2404E-05,3.667E-01
2.2410E-05,3.627E-01
2.2410E-05,3.667E-01
2.2416E-05,3.627E-01
2.2416E-05,3.667E-01
2.2422E-05,3.587E-01
2.2422E-05,3.627E-01
2.2428E-05,3.587E-01
2.2428E-05,3.627E-01
2.2434E-05,3.587E-01
2.2434E-05,3.627E-01
2.2440E-05,3.587E-01
2.2440E-05,3.627E-01
2.2446E-05,3.587E-01
2.2446E-05,3.627E-01
2.2452E-05,3.587E-01
2.2452E-05,3.627E-01
2.2458E-05,3.547E-01
2.2458E-05,3.627E-01
2.2464E-05,3.547E-01
2.2464E-05,3.627E-01
2.2470E-05,3.547E-01
2.2470E-05,3.627E-01
2.2476E-05,3.547E-01
2.2476E-05,3.587E-01
2.2482E-05,3.547E-01
2.2482E-05,3.547E-01
2.2488E-05,3.507E-01
2.2488E-05,3.587E-01
2.2494E-05,3.507E-01
2.2494E-05,3.587E-01
2.2500E-05,3.507E-01
2.2500E-05,3.547E-01
2.2506E-05,3.507E-01
2.2506E-05,3.547E-01
2.2512E-05,3.467E-01
2.2512E-05,3.547E-01
2.2518E-05,3.507E-01
2.2518E-05,3.547E-01
2.2524E-05,3.467E-01
2.2524E-05,3.547E-01
2.2530E-05,3.467E-01
2.2530E-05,3.547E-01
2.2536E-05,3.507E-01
2.2536E-05,3.507E-01
2.2542E-05,3.467E-01
2.2542E-05,3.507E-01
2.2548E-05,3.467E-01
2.2548E-05,3.507E-01
2.2554E-05,3.467E-01
2.2554E-05,3.507E-01
2.2560E-05,3.467E-01
2.2560E-05,3.507E-01
2.2566E-05,3.467E-01
2.2566E-05,3.507E-01
2.2572E-05,3.427E-01
2.2572E-05,3.467E-01
2.2578E-05,3.427E-01
2.2578E-05,3.467E-01
2.2584E-05,3.427E-01
2.2584E-05,3.467E-01
2.2590E-05,3.427E-01
2.2590E-05,3.467E-01
2.2596E-05,3.427E-01
2.2596E-05,3.467E-01
2.2602E-05,3.427E-01
2.2602E-05,3.467E-01
2.2608E-05,3.427E-01
2.2608E-05,3.427E-01
2.2614E-05,3.427E-01
2.2614E-05,3.427E-01
2.2620E-05,3.427E-01
2.2620E-05,3.467E-01
2.2626E-05,3.387E-01
2.2626E-05,3.427E-01
2.2632E-05,3.387E-01
2.2632E-05,3.427E-01
2.2638E-05,3.387E-01
2.2638E-05,3.427E-01
2.2644E-05,3.347E-01
2.2644E-05,3.427E-01
2.2650E-05,3.347E-01
2.2650E-05,3.427E-01
2.2656E-05,3.347E-01
2.2656E-05,3.387E-01
2.2662E-05,3.347E-01
2.2662E-05,3.387E-01
2.2668E-05,3.347E-01
2.2668E-05,3.387E-01
2.2674E-05,3.347E-01
2.2674E-05,3.387E-01
2.2680E-05,3.347E-01
2.2680E-05,3.387E-01
2.2686E-05,3.347E-01
2.2686E-05,3.387E-01
2.2692E-05,3.307E-01
2.2692E-05,3.347E-01
2.2698E-05,3.307E-01
2.2698E-05,3.347E-01
2.2704E-05,3.307E-01
2.2704E-05,3.347E-01
2.2710E-05,3.307E-01
2.2710E-05,3.347E-01
2.2716E-05,3.307E-01
2.2716E-05,3.347E-01
2.2722E-05,3.307E-01
2.2722E-05,3.347E-01
2.2728E-05,3.307E-01
2.2728E-05,3.347E-01
2.2734E-05,3.267E-01
2.2734E-05,3.307E-01
2.2740E-05,3.307E-01
2.2740E-05,3.307E-01
2.2746E-05,3.267E-01
2.2746E-05,3.307E-01
2.2752E-05,3.267E-01
2.2752E-05,3.307E-01
2.2758E-05,3.267E-01
2.2758E-05,3.307E-01
2.2764E-05,3.227E-01
2.2764E-05,3.307E-01
2.2770E-05,3.227E-01
2.2770E-05,3.267E-01
2.2776E-05,3.227E-01
2.2776E-05,3.267E-01
2.2782E-05,3.227E-01
2.2782E-05,3.267E-01
2.2788E-05,3.227E-01
2.2788E-05,3.267E-01
2.2794E-05,3.227E-01
2.2794E-05,3.267E-01
2.2800E-05,3.187E-01
2.2800E-05,3.267E-01
2.2806E-05,3.187E-01
2.2806E-05,3.267E-01
2.2812E-05,3.187E-01
2.2812E-05,3.227E-01
2.2818E-05,3.187E-01
2.2818E-05,3.227E-01
2.2824E-05,3.187E-01
2.2824E-05,3.227E-01
2.2830E-05,3.147E-01
2.2830E-05,3.227E-01
2.2836E-05,3.187E-01
2.2836E-05,3.227E-01
2.2842E-05,3.147E-01
2.2842E-05,3.227E-01
2.2848E-05,3.187E-01
2.2848E-05,3.227E-01
2.2854E-05,3.187E-01
2.2854E-05,3.227E-01
2.2860E-05,3.187E-01
2.2860E-05,3.187E-01
2.2866E-05,3.147E-01
2.2866E-05,3.187E-01
2.2872E-05,3.147E-01
2.2872E-05,3.227E-01
2.2878E-05,3.147E-01
2.2878E-05,3.187E-01
2.2884E-05,3.147E-01
2.2884E-05,3.187E-01
2.2890E-05,3.147E-01
2.2890E-05,3.187E-01
2.2896E-05,3.147E-01
2.2896E-05,3.187E-01
2.2902E-05,3.147E-01
2.2902E-05,3.187E-01
2.2908E-05,3.107E-01
2.2908E-05,3.147E-01
2.2914E-05,3.107E-01
2.2914E-05,3.147E-01
2.2920E-05,3.107E-01
2.2920E-05,3.147E-01
2.2926E-05,3.107E-01
2.2926E-05,3.147E-01
2.2932E-05,3.067E-01
2.2932E-05,3.107E-01
2.2938E-05,3.107E-01
2.2938E-05,3.147E-01
2.2944E-05,3.107E-01
2.2944E-05,3.147E-01
2.2950E-05,3.067E-01
2.2950E-05,3.107E-01
2.2956E-05,3.067E-01
2.2956E-05,3.107E-01
2.2962E-05,3.067E-01
2.2962E-05,3.107E-01
2.2968E-05,3.067E-01
2.2968E-05,3.107E-01
2.2974E-05,3.067E-01
2.2974E-05,3.107E-01
2.2980E-05,3.027E-01
2.2980E-05,3.067E-01
2.2986E-05,3.027E-01
2.2986E-05,3.067E-01
2.2992E-05,3.027E-01
2.2992E-05,3.067E-01
2.2998E-05,3.027E-01
2.2998E-05,3.067E-01
2.3004E-05,3.027E-01
2.3004E-05,3.067E-01
2.3010E-05,3.027E-01
2.3010E-05,3.067E-01
2.3016E-05,3.027E-01
2.3016E-05,3.067E-01
2.3022E-05,3.027E-01
2.3022E-05,3.067E-01
2.3028E-05,3.027E-01
2.3028E-05,3.067E-01
2.3034E-05,3.027E-01
2.3034E-05,3.027E-01
2.3040E-05,2.987E-01
2.3040E-05,3.027E-01
2.3046E-05,2.987E-01
2.3046E-05,3.027E-01
2.3052E-05,3.027E-01
2.3052E-05,3.027E-01
2.3058E-05,2.987E-01
2.3058E-05,3.027E-01
2.3064E-05,2.987E-01
2.3064E-05,3.027E-01
2.3070E-05,2.987E-01
2.3070E-05,3.027E-01
2.3076E-05,2.987E-01
2.3076E-05,3.027E-01
2.3082E-05,2.987E-01
2.3082E-05,2.987E-01
2.3088E-05,2.947E-01
2.3088E-05,2.987E-01
2.3094E-05,2.947E-01
2.3094E-05,2.987E-01
2.3100E-05,2.947E-01
2.3100E-05,2.987E-01
2.3106E-05,2.947E-01
2.3106E-05,2.987E-01
2.3112E-05,2.947E-01
2.3112E-05,2.987E-01
2.3118E-05,2.947E-01
2.3118E-05,2.987E-01
2.3124E-05,2.947E-01
2.3124E-05,2.987E-01
2.3130E-05,2.947E-01
2.3130E-05,2.947E-01
2.3136E-05,2.907E-01
2.3136E-05,2.947E-01
2.3142E-05,2.947E-01
2.3142E-05,2.987E-01
2.3148E-05,2.947E-01
2.3148E-05,2.987E-01
2.3154E-05,2.907E-01
2.3154E-05,2.987E-01
2.3160E-05,2.947E-01
2.3160E-05,2.947E-01
2.3166E-05,2.907E-01
2.3166E-05,2.947E-01
2.3172E-05,2.907E-01
2.3172E-05,2.947E-01
2.3178E-05,2.907E-01
2.3178E-05,2.947E-01
2.3184E-05,2.907E-01
2.3184E-05,2.947E-01
2.3190E-05,2.907E-01
2.3190E-05,2.947E-01
2.3196E-05,2.907E-01
2.3196E-05,2.947E-01
2.3202E-05,2.907E-01
2.3202E-05,2.907E-01
2.3208E-05,2.907E-01
2.3208E-05,2.947E-01
2.3214E-05,2.867E-01
2.3214E-05,2.947E-01
2.3220E-05,2.907E-01
2.3220E-05,2.907E-01
2.3226E-05,2.907E-01
2.3226E-05,2.907E-01
2.3232E-05,2.867E-01
2.3232E-05,2.907E-01
2.3238E-05,2.867E-01
2.3238E-05,2.907E-01
2.3244E-05,2.867E-01
2.3244E-05,2.907E-01
2.3250E-05,2.867E-01
2.3250E-05,2.907E-01
2.3256E-05,2.867E-01
2.3256E-05,2.907E-01
2.3262E-05,2.867E-01
2.3262E-05,2.907E-01
2.3268E-05,2.867E-01
2.3268E-05,2.907E-01
2.3274E-05,2.827E-01
2.3274E-05,2.867E-01
2.3280E-05,2.867E-01
2.3280E-05,2.907E-01
2.3286E-05,2.827E-01
2.3286E-05,2.867E-01
2.3292E-05,2.827E-01
2.3292E-05,2.867E-01
2.3298E-05,2.827E-01
2.3298E-05,2.907E-01
2.3304E-05,2.827E-01
2.3304E-05,2.867E-01
2.3310E-05,2.827E-01
2.3310E-05,2.867E-01
2.3316E-05,2.827E-01
2.3316E-05,2.907E-01
2.3322E-05,2.827E-01
2.3322E-05,2.907E-01
2.3328E-05,2.827E-01
2.3328E-05,2.867E-01
2.3334E-05,2.827E-01
2.3334E-05,2.867E-01
2.3340E-05,2.787E-01
2.3340E-05,2.867E-01
2.3346E-05,2.827E-01
2.3346E-05,2.867E-01
2.3352E-05,2.827E-01
2.3352E-05,2.867E-01
2.3358E-05,2.787E-01
2.3358E-05,2.867E-01
2.3364E-05,2.827E-01
2.3364E-05,2.827E-01
2.3370E-05,2.787E-01
2.3370E-05,2.827E-01
2.3376E-05,2.787E-01
2.3376E-05,2.827E-01
2.3382E-05,2.787E-01
2.3382E-05,2.867E-01
2.3388E-05,2.787E-01
2.3388E-05,2.867E-01
2.3394E-05,2.787E-01
2.3394E-05,2.827E-01
2.3400E-05,2.787E-01
2.3400E-05,2.827E-01
2.3406E-05,2.787E-01
2.3406E-05,2.827E-01
2.3412E-05,2.787E-01
2.3412E-05,2.827E-01
2.3418E-05,2.787E-01
2.3418E-05,2.827E-01
2.3424E-05,2.787E-01
2.3424E-05,2.827E-01
2.3430E-05,2.787E-01
2.3430E-05,2.827E-01
2.3436E-05,2.787E-01
2.3436E-05,2.827E-01
2.3442E-05,2.787E-01
2.3442E-05,2.827E-01
2.3448E-05,2.787E-01
2.3448E-05,2.827E-01
2.3454E-05,2.787E-01
2.3454E-05,2.827E-01
2.3460E-05,2.787E-01
2.3460E-05,2.827E-01
2.3466E-05,2.787E-01
2.3466E-05,2.827E-01
2.3472E-05,2.787E-01
2.3472E-05,2.787E-01
2.3478E-05,2.787E-01
2.3478E-05,2.827E-01
2.3484E-05,2.787E-01
2.3484E-05,2.787E-01
2.3490E-05,2.747E-01
2.3490E-05,2.867E-01
2.3496E-05,2.747E-01
2.3496E-05,2.827E-01
2.3502E-05,2.747E-01
2.3502E-05,2.787E-01
2.3508E-05,2.787E-01
2.3508E-05,2.827E-01
2.3514E-05,2.747E-01
2.3514E-05,2.787E-01
2.3520E-05,2.747E-01
2.3520E-05,2.787E-01
2.3526E-05,2.747E-01
2.3526E-05,2.787E-01
2.3532E-05,2.747E-01
2.3532E-05,2.787E-01
2.3538E-05,2.747E-01
2.3538E-05,2.787E-01
2.3544E-05,2.747E-01
2.3544E-05,2.787E-01
2.3550E-05,2.747E-01
2.3550E-05,2.787E-01
2.3556E-05,2.747E-01
2.3556E-05,2.787E-01
2.3562E-05,2.747E-01
2.3562E-05,2.787E-01
2.3568E-05,2.747E-01
2.3568E-05,2.827E-01
2.3574E-05,2.747E-01
2.3574E-05,2.787E-01
2.3580E-05,2.747E-01
2.3580E-05,2.787E-01
2.3586E-05,2.707E-01
2.3586E-05,2.827E-01
2.3592E-05,2.747E-01
2.3592E-05,2.827E-01
2.3598E-05,2.747E-01
2.3598E-05,2.787E-01
2.3604E-05,2.747E-01
2.3604E-05,2.787E-01
2.3610E-05,2.747E-01
2.3610E-05,2.787E-01
2.3616E-05,2.747E-01
2.3616E-05,2.787E-01
2.3622E-05,2.747E-01
2.3622E-05,2.787E-01
2.3628E-05,2.747E-01
2.3628E-05,2.787E-01
2.3634E-05,2.747E-01
2.3634E-05,2.787E-01
2.3640E-05,2.747E-01
2.3640E-05,2.787E-01
2.3646E-05,2.747E-01
2.3646E-05,2.787E-01
2.3652E-05,2.747E-01
2.3652E-05,2.787E-01
2.3658E-05,2.747E-01
2.3658E-05,2.787E-01
2.3664E-05,2.747E-01
2.3664E-05,2.787E-01
2.3670E-05,2.747E-01
2.3670E-05,2.787E-01
2.3676E-05,2.747E-01
2.3676E-05,2.787E-01
2.3682E-05,2.787E-01
2.3682E-05,2.787E-01
2.3688E-05,2.747E-01
2.3688E-05,2.787E-01
2.3694E-05,2.747E-01
2.3694E-05,2.787E-01
2.3700E-05,2.747E-01
2.3700E-05,2.787E-01
2.3706E-05,2.747E-01
2.3706E-05,2.787E-01
2.3712E-05,2.747E-01
2.3712E-05,2.787E-01
2.3718E-05,2.747E-01
2.3718E-05,2.787E-01
2.3724E-05,2.747E-01
2.3724E-05,2.787E-01
2.3730E-05,2.747E-01
2.3730E-05,2.787E-01
2.3736E-05,2.747E-01
2.3736E-05,2.787E-01
2.3742E-05,2.747E-01
2.3742E-05,2.827E-01
2.3748E-05,2.747E-01
2.3748E-05,2.787E-01
2.3754E-05,2.747E-01
2.3754E-05,2.787E-01
2.3760E-05,2.787E-01
2.3760E-05,2.787E-01
2.3766E-05,2.747E-01
2.3766E-05,2.787E-01
2.3772E-05,2.747E-01
2.3772E-05,2.787E-01
2.3778E-05,2.747E-01
2.3778E-05,2.787E-01
2.3784E-05,2.747E-01
2.3784E-05,2.787E-01
2.3790E-05,2.747E-01
2.3790E-05,2.787E-01
2.3796E-05,2.747E-01
2.3796E-05,2.787E-01
2.3802E-05,2.747E-01
2.3802E-05,2.827E-01
2.3808E-05,2.747E-01
2.3808E-05,2.787E-01
2.3814E-05,2.747E-01
2.3814E-05,2.787E-01
2.3820E-05,2.747E-01
2.3820E-05,2.787E-01
2.3826E-05,2.747E-01
2.3826E-05,2.827E-01
2.3832E-05,2.747E-01
2.3832E-05,2.787E-01
2.3838E-05,2.747E-01
2.3838E-05,2.787E-01
2.3844E-05,2.747E-01
2.3844E-05,2.787E-01
2.3850E-05,2.747E-01
2.3850E-05,2.787E-01
2.3856E-05,2.787E-01
2.3856E-05,2.787E-01
2.3862E-05,2.787E-01
2.3862E-05,2.827E-01
2.3868E-05,2.747E-01
2.3868E-05,2.827E-01
2.3874E-05,2.747E-01
2.3874E-05,2.787E-01
2.3880E-05,2.787E-01
2.3880E-05,2.787E-01
2.3886E-05,2.787E-01
2.3886E-05,2.827E-01
2.3892E-05,2.747E-01
2.3892E-05,2.827E-01
2.3898E-05,2.787E-01
2.3898E-05,2.827E-01
2.3904E-05,2.747E-01
2.3904E-05,2.867E-01
2.3910E-05,2.787E-01
2.3910E-05,2.867E-01
2.3916E-05,2.787E-01
2.3916E-05,2.827E-01
2.3922E-05,2.787E-01
2.3922E-05,2.827E-01
2.3928E-05,2.787E-01
2.3928E-05,2.827E-01
2.3934E-05,2.787E-01
2.3934E-05,2.827E-01
2.3940E-05,2.747E-01
2.3940E-05,2.827E-01
2.3946E-05,2.747E-01
2.3946E-05,2.827E-01
2.3952E-05,2.787E-01
2.3952E-05,2.827E-01
2.3958E-05,2.827E-01
2.3958E-05,2.827E-01
2.3964E-05,2.787E-01
2.3964E-05,2.827E-01
2.3970E-05,2.787E-01
2.3970E-05,2.827E-01
2.3976E-05,2.787E-01
2.3976E-05,2.827E-01
2.3982E-05,2.827E-01
2.3982E-05,2.827E-01
2.3988E-05,2.827E-01
2.3988E-05,2.827E-01
2.3994E-05,2.827E-01
2.3994E-05,2.827E-01
2.4000E-05,2.787E-01
2.4000E-05,2.827E-01
2.4006E-05,2.827E-01
2.4006E-05,2.867E-01
2.4012E-05,2.787E-01
2.4012E-05,2.867E-01
2.4018E-05,2.787E-01
2.4018E-05,2.867E-01
2.4024E-05,2.787E-01
2.4024E-05,2.867E-01
2.4030E-05,2.827E-01
2.4030E-05,2.867E-01
2.4036E-05,2.827E-01
2.4036E-05,2.867E-01
2.4042E-05,2.827E-01
2.4042E-05,2.867E-01
2.4048E-05,2.827E-01
2.4048E-05,2.867E-01
2.4054E-05,2.827E-01
2.4054E-05,2.867E-01
2.4060E-05,2.827E-01
2.4060E-05,2.867E-01
2.4066E-05,2.827E-01
2.4066E-05,2.867E-01
2.4072E-05,2.827E-01
2.4072E-05,2.867E-01
2.4078E-05,2.867E-01
2.4078E-05,2.867E-01
2.4084E-05,2.867E-01
2.4084E-05,2.867E-01
2.4090E-05,2.867E-01
2.4090E-05,2.907E-01
2.4096E-05,2.867E-01
2.4096E-05,2.907E-01
2.4102E-05,2.867E-01
2.4102E-05,2.907E-01
2.4108E-05,2.867E-01
2.4108E-05,2.907E-01
2.4114E-05,2.867E-01
2.4114E-05,2.907E-01
2.4120E-05,2.867E-01
2.4120E-05,2.907E-01
2.4126E-05,2.867E-01
2.4126E-05,2.907E-01
2.4132E-05,2.867E-01
2.4132E-05,2.907E-01
2.4138E-05,2.867E-01
2.4138E-05,2.907E-01
2.4144E-05,2.867E-01
2.4144E-05,2.907E-01
2.4150E-05,2.867E-01
2.4150E-05,2.907E-01
2.4156E-05,2.867E-01
2.4156E-05,2.907E-01
2.4162E-05,2.907E-01
2.4162E-05,2.947E-01
2.4168E-05,2.907E-01
2.4168E-05,2.947E-01
2.4174E-05,2.907E-01
2.4174E-05,2.947E-01
2.4180E-05,2.907E-01
2.4180E-05,2.947E-01
2.4186E-05,2.907E-01
2.4186E-05,2.947E-01
2.4192E-05,2.907E-01
2.4192E-05,2.947E-01
2.4198E-05,2.867E-01
2.4198E-05,2.947E-01
2.4204E-05,2.907E-01
2.4204E-05,2.987E-01
2.4210E-05,2.907E-01
2.4210E-05,2.987E-01
2.4216E-05,2.907E-01
2.4216E-05,2.947E-01
2.4222E-05,2.947E-01
2.4222E-05,2.947E-01
2.4228E-05,2.947E-01
2.4228E-05,2.987E-01
2.4234E-05,2.947E-01
2.4234E-05,2.987E-01
2.4240E-05,2.947E-01
2.4240E-05,2.987E-01
2.4246E-05,2.947E-01
2.4246E-05,2.987E-01
2.4252E-05,2.947E-01
2.4252E-05,2.987E-01
2.4258E-05,2.947E-01
2.4258E-05,2.987E-01
2.4264E-05,2.947E-01
2.4264E-05,2.987E-01
2.4270E-05,2.947E-01
2.4270E-05,3.027E-01
2.4276E-05,2.947E-01
2.4276E-05,3.027E-01
2.4282E-05,2.987E-01
2.4282E-05,2.987E-01
2.4288E-05,2.987E-01
2.4288E-05,2.987E-01
2.4294E-05,2.987E-01
2.4294E-05,2.987E-01
2.4300E-05,2.987E-01
2.4300E-05,3.067E-01
2.4306E-05,2.987E-01
2.4306E-05,3.027E-01
2.4312E-05,2.987E-01
2.4312E-05,2.987E-01
2.4318E-05,2.987E-01
2.4318E-05,3.027E-01
2.4324E-05,2.987E-01
2.4324E-05,3.027E-01
2.4330E-05,2.987E-01
2.4330E-05,3.027E-01
2.4336E-05,2.987E-01
2.4336E-05,3.027E-01
2.4342E-05,2.987E-01
2.4342E-05,3.067E-01
2.4348E-05,2.987E-01
2.4348E-05,3.067E-01
2.4354E-05,3.027E-01
2.4354E-05,3.027E-01
2.4360E-05,3.027E-01
2.4360E-05,3.067E-01
2.4366E-05,3.027E-01
2.4366E-05,3.067E-01
2.4372E-05,3.027E-01
2.4372E-05,3.067E-01
2.4378E-05,3.027E-01
2.4378E-05,3.067E-01
2.4384E-05,3.027E-01
2.4384E-05,3.067E-01
2.4390E-05,3.067E-01
2.4390E-05,3.067E-01
2.4396E-05,3.067E-01
2.4396E-05,3.067E-01
2.4402E-05,3.027E-01
2.4402E-05,3.067E-01
2.4408E-05,3.067E-01
2.4408E-05,3.067E-01
2.4414E-05,3.027E-01
2.4414E-05,3.107E-01
2.4420E-05,3.067E-01
2.4420E-05,3.107E-01
2.4426E-05,3.067E-01
2.4426E-05,3.107E-01
2.4432E-05,3.067E-01
2.4432E-05,3.107E-01
2.4438E-05,3.067E-01
2.4438E-05,3.147E-01
2.4444E-05,3.067E-01
2.4444E-05,3.107E-01
2.4450E-05,3.067E-01
2.4450E-05,3.107E-01
2.4456E-05,3.067E-01
2.4456E-05,3.147E-01
2.4462E-05,3.107E-01
2.4462E-05,3.147E-01
2.4468E-05,3.107E-01
2.4468E-05,3.107E-01
2.4474E-05,3.107E-01
2.4474E-05,3.147E-01
2.4480E-05,3.107E-01
2.4480E-05,3.147E-01
2.4486E-05,3.107E-01
2.4486E-05,3.147E-01
2.4492E-05,3.107E-01
2.4492E-05,3.147E-01
2.4498E-05,3.107E-01
2.4498E-05,3.147E-01
2.4504E-05,3.107E-01
2.4504E-05,3.187E-01
2.4510E-05,3.147E-01
2.4510E-05,3.187E-01
2.4516E-05,3.147E-01
2.4516E-05,3.187E-01
2.4522E-05,3.147E-01
2.4522E-05,3.187E-01
2.4528E-05,3.147E-01
2.4528E-05,3.187E-01
2.4534E-05,3.147E-01
2.4534E-05,3.187E-01
2.4540E-05,3.147E-01
2.4540E-05,3.187E-01
2.4546E-05,3.187E-01
2.4546E-05,3.227E-01
2.4552E-05,3.187E-01
2.4552E-05,3.227E-01
2.4558E-05,3.147E-01
2.4558E-05,3.227E-01
2.4564E-05,3.147E-01
2.4564E-05,3.227E-01
2.4570E-05,3.187E-01
2.4570E-05,3.227E-01
2.4576E-05,3.187E-01
2.4576E-05,3.267E-01
2.4582E-05,3.187E-01
2.4582E-05,3.227E-01
2.4588E-05,3.187E-01
2.4588E-05,3.227E-01
2.4594E-05,3.187E-01
2.4594E-05,3.267E-01
2.4600E-05,3.227E-01
2.4600E-05,3.267E-01
2.4606E-05,3.227E-01
2.4606E-05,3.267E-01
2.4612E-05,3.227E-01
2.4612E-05,3.267E-01
2.4618E-05,3.227E-01
2.4618E-05,3.307E-01
2.4624E-05,3.227E-01
2.4624E-05,3.267E-01
2.4630E-05,3.227E-01
2.4630E-05,3.307E-01
2.4636E-05,3.267E-01
2.4636E-05,3.307E-01
2.4642E-05,3.267E-01
2.4642E-05,3.307E-01
2.4648E-05,3.267E-01
2.4648E-05,3.307E-01
2.4654E-05,3.267E-01
2.4654E-05,3.307E-01
2.4660E-05,3.267E-01
2.4660E-05,3.307E-01
2.4666E-05,3.267E-01
2.4666E-05,3.347E-01
2.4672E-05,3.307E-01
2.4672E-05,3.347E-01
2.4678E-05,3.307E-01
2.4678E-05,3.347E-01
2.4684E-05,3.307E-01
2.4684E-05,3.307E-01
2.4690E-05,3.307E-01
2.4690E-05,3.347E-01
2.4696E-05,3.307E-01
2.4696E-05,3.347E-01
2.4702E-05,3.307E-01
2.4702E-05,3.347E-01
2.4708E-05,3.347E-01
2.4708E-05,3.387E-01
2.4714E-05,3.307E-01
2.4714E-05,3.347E-01
2.4720E-05,3.347E-01
2.4720E-05,3.347E-01
2.4726E-05,3.347E-01
2.4726E-05,3.387E-01
2.4732E-05,3.347E-01
2.4732E-05,3.387E-01
2.4738E-05,3.347E-01
2.4738E-05,3.387E-01
2.4744E-05,3.347E-01
2.4744E-05,3.427E-01
2.4750E-05,3.347E-01
2.4750E-05,3.387E-01
2.4756E-05,3.347E-01
2.4756E-05,3.427E-01
2.4762E-05,3.387E-01
2.4762E-05,3.427E-01
2.4768E-05,3.387E-01
2.4768E-05,3.427E-01
2.4774E-05,3.387E-01
2.4774E-05,3.427E-01
2.4780E-05,3.387E-01
2.4780E-05,3.427E-01
2.4786E-05,3.387E-01
2.4786E-05,3.467E-01
2.4792E-05,3.387E-01
2.4792E-05,3.467E-01
2.4798E-05,3.387E-01
2.4798E-05,3.467E-01
2.4804E-05,3.427E-01
2.4804E-05,3.467E-01
2.4810E-05,3.427E-01
2.4810E-05,3.467E-01
2.4816E-05,3.427E-01
2.4816E-05,3.507E-01
2.4822E-05,3.467E-01
2.4822E-05,3.507E-01
2.4828E-05,3.467E-01
2.4828E-05,3.507E-01
2.4834E-05,3.467E-01
2.4834E-05,3.507E-01
2.4840E-05,3.467E-01
2.4840E-05,3.507E-01
2.4846E-05,3.467E-01
2.4846E-05,3.547E-01
2.4852E-05,3.467E-01
2.4852E-05,3.507E-01
2.4858E-05,3.467E-01
2.4858E-05,3.547E-01
2.4864E-05,3.467E-01
2.4864E-05,3.547E-01
2.4870E-05,3.507E-01
2.4870E-05,3.547E-01
2.4876E-05,3.507E-01
2.4876E-05,3.547E-01
2.4882E-05,3.507E-01
2.4882E-05,3.547E-01
2.4888E-05,3.547E-01
2.4888E-05,3.587E-01
2.4894E-05,3.507E-01
2.4894E-05,3.587E-01
2.4900E-05,3.547E-01
2.4900E-05,3.587E-01
2.4906E-05,3.547E-01
2.4906E-05,3.587E-01
2.4912E-05,3.547E-01
2.4912E-05,3.587E-01
2.4918E-05,3.547E-01
2.4918E-05,3.627E-01
2.4924E-05,3.547E-01
2.4924E-05,3.587E-01
2.4930E-05,3.547E-01
2.4930E-05,3.587E-01
2.4936E-05,3.547E-01
2.4936E-05,3.627E-01
2.4942E-05,3.547E-01
2.4942E-05,3.587E-01
2.4948E-05,3.547E-01
2.4948E-05,3.627E-01
2.4954E-05,3.587E-01
2.4954E-05,3.627E-01
2.4960E-05,3.587E-01
2.4960E-05,3.627E-01
2.4966E-05,3.587E-01
2.4966E-05,3.627E-01
2.4972E-05,3.587E-01
2.4972E-05,3.667E-01
2.4978E-05,3.587E-01
2.4978E-05,3.667E-01
2.4984E-05,3.627E-01
2.4984E-05,3.667E-01
2.4990E-05,3.587E-01
2.4990E-05,3.667E-01
2.4996E-05,3.587E-01
2.4996E-05,3.667E-01
2.5002E-05,3.627E-01
2.5002E-05,3.707E-01
2.5008E-05,3.627E-01
2.5008E-05,3.707E-01
2.5014E-05,3.667E-01
2.5014E-05,3.707E-01
2.5020E-05,3.667E-01
2.5020E-05,3.707E-01
2.5026E-05,3.667E-01
2.5026E-05,3.707E-01
2.5032E-05,3.667E-01
2.5032E-05,3.707E-01
2.5038E-05,3.667E-01
2.5038E-05,3.707E-01
2.5044E-05,3.667E-01
2.5044E-05,3.707E-01
2.5050E-05,3.667E-01
2.5050E-05,3.747E-01
2.5056E-05,3.707E-01
2.5056E-05,3.747E-01
2.5062E-05,3.707E-01
2.5062E-05,3.747E-01
2.5068E-05,3.707E-01
2.5068E-05,3.747E-01
2.5074E-05,3.707E-01
2.5074E-05,3.747E-01
2.5080E-05,3.707E-01
2.5080E-05,3.747E-01
2.5086E-05,3.707E-01
2.5086E-05,3.747E-01
2.5092E-05,3.707E-01
2.5092E-05,3.747E-01
2.5098E-05,3.707E-01
2.5098E-05,3.787E-01
2.5104E-05,3.707E-01
2.5104E-05,3.787E-01
2.5110E-05,3.747E-01
2.5110E-05,3.787E-01
2.5116E-05,3.747E-01
2.5116E-05,3.787E-01
2.5122E-05,3.747E-01
2.5122E-05,3.787E-01
2.5128E-05,3.787E-01
2.5128E-05,3.827E-01
2.5134E-05,3.787E-01
2.5134E-05,3.827E-01
2.5140E-05,3.747E-01
2.5140E-05,3.827E-01
2.5146E-05,3.747E-01
2.5146E-05,3.827E-01
2.5152E-05,3.787E-01
2.5152E-05,3.827E-01
2.5158E-05,3.787E-01
2.5158E-05,3.827E-01
2.5164E-05,3.787E-01
2.5164E-05,3.827E-01
2.5170E-05,3.787E-01
2.5170E-05,3.867E-01
2.5176E-05,3.827E-01
2.5176E-05,3.867E-01
2.5182E-05,3.787E-01
2.5182E-05,3.867E-01
2.5188E-05,3.827E-01
2.5188E-05,3.867E-01
2.5194E-05,3.827E-01
2.5194E-05,3.867E-01
2.5200E-05,3.827E-01
2.5200E-05,3.867E-01
2.5206E-05,3.827E-01
2.5206E-05,3.907E-01
2.5212E-05,3.867E-01
2.5212E-05,3.907E-01
2.5218E-05,3.827E-01
2.5218E-05,3.867E-01
2.5224E-05,3.867E-01
2.5224E-05,3.907E-01
2.5230E-05,3.867E-01
2.5230E-05,3.907E-01
2.5236E-05,3.867E-01
2.5236E-05,3.907E-01
2.5242E-05,3.867E-01
2.5242E-05,3.907E-01
2.5248E-05,3.907E-01
2.5248E-05,3.947E-01
2.5254E-05,3.907E-01
2.5254E-05,3.907E-01
2.5260E-05,3.907E-01
2.5260E-05,3.907E-01
2.5266E-05,3.907E-01
2.5266E-05,3.947E-01
2.5272E-05,3.907E-01
2.5272E-05,3.987E-01
2.5278E-05,3.907E-01
2.5278E-05,3.987E-01
2.5284E-05,3.907E-01
2.5284E-05,3.947E-01
2.5290E-05,3.907E-01
2.5290E-05,3.987E-01
2.5296E-05,3.907E-01
2.5296E-05,3.987E-01
2.5302E-05,3.947E-01
2.5302E-05,3.987E-01
2.5308E-05,3.947E-01
2.5308E-05,3.987E-01
2.5314E-05,3.947E-01
2.5314E-05,3.987E-01
2.5320E-05,3.907E-01
2.5320E-05,3.987E-01
2.5326E-05,3.947E-01
2.5326E-05,3.987E-01
2.5332E-05,3.947E-01
2.5332E-05,3.987E-01
2.5338E-05,3.947E-01
2.5338E-05,3.987E-01
2.5344E-05,3.987E-01
2.5344E-05,4.027E-01
2.5350E-05,3.987E-01
2.5350E-05,4.027E-01
2.5356E-05,3.987E-01
2.5356E-05,4.027E-01
2.5362E-05,3.987E-01
2.5362E-05,4.027E-01
2.5368E-05,4.027E-01
2.5368E-05,4.027E-01
2.5374E-05,3.987E-01
2.5374E-05,4.027E-01
2.5380E-05,4.027E-01
2.5380E-05,4.067E-01
2.5386E-05,4.027E-01
2.5386E-05,4.067E-01
2.5392E-05,4.027E-01
2.5392E-05,4.067E-01
2.5398E-05,4.027E-01
2.5398E-05,4.067E-01
2.5404E-05,4.027E-01
2.5404E-05,4.067E-01
2.5410E-05,4.027E-01
2.5410E-05,4.067E-01
2.5416E-05,4.027E-01
2.5416E-05,4.107E-01
2.5422E-05,4.027E-01
2.5422E-05,4.107E-01
2.5428E-05,4.067E-01
2.5428E-05,4.107E-01
2.5434E-05,4.067E-01
2.5434E-05,4.107E-01
2.5440E-05,4.067E-01
2.5440E-05,4.107E-01
2.5446E-05,4.067E-01
2.5446E-05,4.107E-01
2.5452E-05,4.107E-01
2.5452E-05,4.147E-01
2.5458E-05,4.107E-01
2.5458E-05,4.147E-01
2.5464E-05,4.067E-01
2.5464E-05,4.147E-01
2.5470E-05,4.107E-01
2.5470E-05,4.147E-01
2.5476E-05,4.067E-01
2.5476E-05,4.147E-01
2.5482E-05,4.107E-01
2.5482E-05,4.147E-01
2.5488E-05,4.107E-01
2.5488E-05,4.147E-01
2.5494E-05,4.107E-01
2.5494E-05,4.147E-01
2.5500E-05,4.107E-01
2.5500E-05,4.147E-01
2.5506E-05,4.147E-01
2.5506E-05,4.187E-01
2.5512E-05,4.107E-01
2.5512E-05,4.187E-01
2.5518E-05,4.107E-01
2.5518E-05,4.187E-01
2.5524E-05,4.107E-01
2.5524E-05,4.187E-01
2.5530E-05,4.147E-01
2.5530E-05,4.187E-01
2.5536E-05,4.147E-01
2.5536E-05,4.187E-01
2.5542E-05,4.107E-01
2.5542E-05,4.187E-01
2.5548E-05,4.147E-01
2.5548E-05,4.187E-01
2.5554E-05,4.147E-01
2.5554E-05,4.187E-01
2.5560E-05,4.187E-01
2.5560E-05,4.227E-01
2.5566E-05,4.187E-01
2.5566E-05,4.187E-01
2.5572E-05,4.187E-01
2.5572E-05,4.227E-01
2.5578E-05,4.187E-01
2.5578E-05,4.187E-01
2.5584E-05,4.187E-01
2.5584E-05,4.187E-01
2.5590E-05,4.187E-01
2.5590E-05,4.187E-01
2.5596E-05,4.187E-01
2.5596E-05,4.227E-01
2.5602E-05,4.187E-01
2.5602E-05,4.227E-01
2.5608E-05,4.187E-01
2.5608E-05,4.227E-01
2.5614E-05,4.187E-01
2.5614E-05,4.227E-01
2.5620E-05,4.187E-01
2.5620E-05,4.227E-01
2.5626E-05,4.187E-01
2.5626E-05,4.267E-01
2.5632E-05,4.187E-01
2.5632E-05,4.267E-01
2.5638E-05,4.227E-01
2.5638E-05,4.227E-01
2.5644E-05,4.227E-01
2.5644E-05,4.267E-01
2.5650E-05,4.227E-01
2.5650E-05,4.267E-01
2.5656E-05,4.227E-01
2.5656E-05,4.267E-01
2.5662E-05,4.227E-01
2.5662E-05,4.267E-01
2.5668E-05,4.227E-01
2.5668E-05,4.267E-01
2.5674E-05,4.227E-01
2.5674E-05,4.267E-01
2.5680E-05,4.267E-01
2.5680E-05,4.307E-01
2.5686E-05,4.267E-01
2.5686E-05,4.307E-01
2.5692E-05,4.267E-01
2.5692E-05,4.307E-01
2.5698E-05,4.267E-01
2.5698E-05,4.347E-01
2.5704E-05,4.267E-01
2.5704E-05,4.307E-01
2.5710E-05,4.267E-01
2.5710E-05,4.307E-01
2.5716E-05,4.267E-01
2.5716E-05,4.307E-01
2.5722E-05,4.267E-01
2.5722E-05,4.307E-01
2.5728E-05,4.267E-01
2.5728E-05,4.307E-01
2.5734E-05,4.267E-01
2.5734E-05,4.307E-01
2.5740E-05,4.307E-01
2.5740E-05,4.307E-01
2.5746E-05,4.307E-01
2.5746E-05,4.347E-01
2.5752E-05,4.267E-01
2.5752E-05,4.347E-01
2.5758E-05,4.267E-01
2.5758E-05,4.307E-01
2.5764E-05,4.267E-01
2.5764E-05,4.307E-01
2.5770E-05,4.307E-01
2.5770E-05,4.307E-01
2.5776E-05,4.267E-01
2.5776E-05,4.307E-01
2.5782E-05,4.307E-01
2.5782E-05,4.347E-01
2.5788E-05,4.307E-01
2.5788E-05,4.347E-01
2.5794E-05,4.307E-01
2.5794E-05,4.347E-01
2.5800E-05,4.307E-01
2.5800E-05,4.347E-01
2.5806E-05,4.307E-01
2.5806E-05,4.347E-01
2.5812E-05,4.307E-01
2.5812E-05,4.347E-01
2.5818E-05,4.307E-01
2.5818E-05,4.347E-01
2.5824E-05,4.307E-01
2.5824E-05,4.347E-01
2.5830E-05,4.307E-01
2.5830E-05,4.347E-01
2.5836E-05,4.307E-01
2.5836E-05,4.347E-01
2.5842E-05,4.307E-01
2.5842E-05,4.347E-01
2.5848E-05,4.307E-01
2.5848E-05,4.347E-01
2.5854E-05,4.307E-01
2.5854E-05,4.347E-01
2.5860E-05,4.347E-01
2.5860E-05,4.387E-01
2.5866E-05,4.347E-01
2.5866E-05,4.347E-01
2.5872E-05,4.347E-01
2.5872E-05,4.387E-01
2.5878E-05,4.347E-01
2.5878E-05,4.387E-01
2.5884E-05,4.347E-01
2.5884E-05,4.387E-01
2.5890E-05,4.347E-01
2.5890E-05,4.387E-01
2.5896E-05,4.347E-01
2.5896E-05,4.387E-01
2.5902E-05,4.347E-01
2.5902E-05,4.387E-01
2.5908E-05,4.347E-01
2.5908E-05,4.387E-01
2.5914E-05,4.347E-01
2.5914E-05,4.387E-01
2.5920E-05,4.347E-01
2.5920E-05,4.387E-01
2.5926E-05,4.347E-01
2.5926E-05,4.387E-01
2.5932E-05,4.347E-01
2.5932E-05,4.387E-01
2.5938E-05,4.347E-01
2.5938E-05,4.387E-01
2.5944E-05,4.347E-01
2.5944E-05,4.387E-01
2.5950E-05,4.347E-01
2.5950E-05,4.387E-01
2.5956E-05,4.347E-01
2.5956E-05,4.427E-01
2.5962E-05,4.347E-01
2.5962E-05,4.427E-01
2.5968E-05,4.387E-01
2.5968E-05,4.427E-01
2.5974E-05,4.347E-01
2.5974E-05,4.427E-01
2.5980E-05,4.347E-01
2.5980E-05,4.387E-01
2.5986E-05,4.387E-01
2.5986E-05,4.427E-01
2.5992E-05,4.387E-01
2.5992E-05,4.427E-01
2.5998E-05,4.387E-01
2.5998E-05,4.387E-01
2.6004E-05,4.387E-01
2.6004E-05,4.387E-01
2.6010E-05,4.347E-01
2.6010E-05,4.387E-01
2.6016E-05,4.347E-01
2.6016E-05,4.387E-01
2.6022E-05,4.387E-01
2.6022E-05,4.427E-01
2.6028E-05,4.387E-01
2.6028E-05,4.427E-01
2.6034E-05,4.387E-01
2.6034E-05,4.427E-01
2.6040E-05,4.347E-01
2.6040E-05,4.387E-01
2.6046E-05,4.347E-01
2.6046E-05,4.427E-01
2.6052E-05,4.387E-01
2.6052E-05,4.427E-01
2.6058E-05,4.387E-01
2.6058E-05,4.427E-01
2.6064E-05,4.387E-01
2.6064E-05,4.427E-01
2.6070E-05,4.387E-01
2.6070E-05,4.427E-01
2.6076E-05,4.387E-01
2.6076E-05,4.427E-01
2.6082E-05,4.387E-01
2.6082E-05,4.427E-01
2.6088E-05,4.387E-01
2.6088E-05,4.427E-01
2.6094E-05,4.387E-01
2.6094E-05,4.427E-01
2.6100E-05,4.387E-01
2.6100E-05,4.427E-01
2.6106E-05,4.387E-01
2.6106E-05,4.427E-01
2.6112E-05,4.387E-01
2.6112E-05,4.427E-01
2.6118E-05,4.387E-01
2.6118E-05,4.427E-01
2.6124E-05,4.387E-01
2.6124E-05,4.427E-01
2.6130E-05,4.387E-01
2.6130E-05,4.467E-01
2.6136E-05,4.387E-01
2.6136E-05,4.427E-01
2.6142E-05,4.427E-01
2.6142E-05,4.427E-01
2.6148E-05,4.387E-01
2.6148E-05,4.427E-01
2.6154E-05,4.387E-01
2.6154E-05,4.427E-01
2.6160E-05,4.427E-01
2.6160E-05,4.467E-01
2.6166E-05,4.387E-01
2.6166E-05,4.427E-01
2.6172E-05,4.387E-01
2.6172E-05,4.467E-01
2.6178E-05,4.387E-01
2.6178E-05,4.427E-01
2.6184E-05,4.387E-01
2.6184E-05,4.427E-01
2.6190E-05,4.387E-01
2.6190E-05,4.427E-01
2.6196E-05,4.427E-01
2.6196E-05,4.427E-01
2.6202E-05,4.387E-01
2.6202E-05,4.427E-01
2.6208E-05,4.347E-01
2.6208E-05,4.427E-01
2.6214E-05,4.347E-01
2.6214E-05,4.427E-01
2.6220E-05,4.387E-01
2.6220E-05,4.427E-01
2.6226E-05,4.387E-01
2.6226E-05,4.427E-01
2.6232E-05,4.387E-01
2.6232E-05,4.427E-01
2.6238E-05,4.387E-01
2.6238E-05,4.427E-01
2.6244E-05,4.387E-01
2.6244E-05,4.427E-01
2.6250E-05,4.387E-01
2.6250E-05,4.427E-01
2.6256E-05,4.387E-01
2.6256E-05,4.427E-01
2.6262E-05,4.387E-01
2.6262E-05,4.427E-01
2.6268E-05,4.387E-01
2.6268E-05,4.427E-01
2.6274E-05,4.387E-01
2.6274E-05,4.427E-01
2.6280E-05,4.387E-01
2.6280E-05,4.427E-01
2.6286E-05,4.387E-01
2.6286E-05,4.427E-01
2.6292E-05,4.387E-01
2.6292E-05,4.427E-01
2.6298E-05,4.387E-01
2.6298E-05,4.427E-01
2.6304E-05,4.387E-01
2.6304E-05,4.427E-01
2.6310E-05,4.387E-01
2.6310E-05,4.427E-01
2.6316E-05,4.347E-01
2.6316E-05,4.427E-01
2.6322E-05,4.347E-01
2.6322E-05,4.427E-01
2.6328E-05,4.387E-01
2.6328E-05,4.427E-01
2.6334E-05,4.387E-01
2.6334E-05,4.427E-01
2.6340E-05,4.387E-01
2.6340E-05,4.427E-01
2.6346E-05,4.387E-01
2.6346E-05,4.427E-01
2.6352E-05,4.387E-01
2.6352E-05,4.427E-01
2.6358E-05,4.387E-01
2.6358E-05,4.427E-01
2.6364E-05,4.347E-01
2.6364E-05,4.427E-01
2.6370E-05,4.387E-01
2.6370E-05,4.427E-01
2.6376E-05,4.347E-01
2.6376E-05,4.427E-01
2.6382E-05,4.387E-01
2.6382E-05,4.427E-01
2.6388E-05,4.387E-01
2.6388E-05,4.427E-01
2.6394E-05,4.347E-01
2.6394E-05,4.427E-01
2.6400E-05,4.387E-01
2.6400E-05,4.387E-01
2.6406E-05,4.347E-01
2.6406E-05,4.387E-01
2.6412E-05,4.347E-01
2.6412E-05,4.387E-01
2.6418E-05,4.347E-01
2.6418E-05,4.427E-01
2.6424E-05,4.347E-01
2.6424E-05,4.387E-01
2.6430E-05,4.387E-01
2.6430E-05,4.427E-01
2.6436E-05,4.347E-01
2.6436E-05,4.427E-01
2.6442E-05,4.347E-01
2.6442E-05,4.387E-01
2.6448E-05,4.347E-01
2.6448E-05,4.387E-01
2.6454E-05,4.347E-01
2.6454E-05,4.387E-01
2.6460E-05,4.347E-01
2.6460E-05,4.427E-01
2.6466E-05,4.347E-01
2.6466E-05,4.387E-01
2.6472E-05,4.347E-01
2.6472E-05,4.387E-01
2.6478E-05,4.347E-01
2.6478E-05,4.387E-01
2.6484E-05,4.307E-01
2.6484E-05,4.427E-01
2.6490E-05,4.307E-01
2.6490E-05,4.427E-01
2.6496E-05,4.307E-01
2.6496E-05,4.387E-01
2.6502E-05,4.347E-01
2.6502E-05,4.387E-01
2.6508E-05,4.307E-01
2.6508E-05,4.387E-01
2.6514E-05,4.307E-01
2.6514E-05,4.387E-01
2.6520E-05,4.307E-01
2.6520E-05,4.387E-01
2.6526E-05,4.307E-01
2.6526E-05,4.387E-01
2.6532E-05,4.307E-01
2.6532E-05,4.387E-01
2.6538E-05,4.307E-01
2.6538E-05,4.387E-01
2.6544E-05,4.307E-01
2.6544E-05,4.347E-01
2.6550E-05,4.307E-01
2.6550E-05,4.347E-01
2.6556E-05,4.307E-01
2.6556E-05,4.347E-01
2.6562E-05,4.307E-01
2.6562E-05,4.347E-01
2.6568E-05,4.307E-01
2.6568E-05,4.347E-01
2.6574E-05,4.267E-01
2.6574E-05,4.347E-01
2.6580E-05,4.267E-01
2.6580E-05,4.347E-01
2.6586E-05,4.267E-01
2.6586E-05,4.307E-01
2.6592E-05,4.307E-01
2.6592E-05,4.347E-01
2.6598E-05,4.307E-01
2.6598E-05,4.347E-01
2.6604E-05,4.267E-01
2.6604E-05,4.307E-01
2.6610E-05,4.307E-01
2.6610E-05,4.347E-01
2.6616E-05,4.307E-01
2.6616E-05,4.347E-01
2.6622E-05,4.267E-01
2.6622E-05,4.347E-01
2.6628E-05,4.267E-01
2.6628E-05,4.307E-01
2.6634E-05,4.267E-01
2.6634E-05,4.307E-01
2.6640E-05,4.267E-01
2.6640E-05,4.307E-01
2.6646E-05,4.267E-01
2.6646E-05,4.307E-01
2.6652E-05,4.267E-01
2.6652E-05,4.307E-01
2.6658E-05,4.267E-01
2.6658E-05,4.307E-01
2.6664E-05,4.267E-01
2.6664E-05,4.267E-01
2.6670E-05,4.267E-01
2.6670E-05,4.307E-01
2.6676E-05,4.267E-01
2.6676E-05,4.307E-01
2.6682E-05,4.227E-01
2.6682E-05,4.267E-01
2.6688E-05,4.227E-01
2.6688E-05,4.267E-01
2.6694E-05,4.227E-01
2.6694E-05,4.267E-01
2.6700E-05,4.227E-01
2.6700E-05,4.267E-01
2.6706E-05,4.187E-01
2.6706E-05,4.267E-01
2.6712E-05,4.227E-01
2.6712E-05,4.267E-01
2.6718E-05,4.227E-01
2.6718E-05,4.267E-01
2.6724E-05,4.227E-01
2.6724E-05,4.267E-01
2.6730E-05,4.227E-01
2.6730E-05,4.227E-01
2.6736E-05,4.187E-01
2.6736E-05,4.267E-01
2.6742E-05,4.227E-01
2.6742E-05,4.267E-01
2.6748E-05,4.227E-01
2.6748E-05,4.267E-01
2.6754E-05,4.187E-01
2.6754E-05,4.267E-01
2.6760E-05,4.187E-01
2.6760E-05,4.227E-01
2.6766E-05,4.187E-01
2.6766E-05,4.227E-01
2.6772E-05,4.187E-01
2.6772E-05,4.227E-01
2.6778E-05,4.227E-01
2.6778E-05,4.227E-01
2.6784E-05,4.187E-01
2.6784E-05,4.227E-01
2.6790E-05,4.187E-01
2.6790E-05,4.227E-01
2.6796E-05,4.147E-01
2.6796E-05,4.227E-01
2.6802E-05,4.187E-01
2.6802E-05,4.227E-01
2.6808E-05,4.187E-01
2.6808E-05,4.227E-01
2.6814E-05,4.187E-01
2.6814E-05,4.227E-01
2.6820E-05,4.147E-01
2.6820E-05,4.227E-01
2.6826E-05,4.147E-01
2.6826E-05,4.187E-01
2.6832E-05,4.147E-01
2.6832E-05,4.187E-01
2.6838E-05,4.147E-01
2.6838E-05,4.187E-01
2.6844E-05,4.147E-01
2.6844E-05,4.187E-01
2.6850E-05,4.107E-01
2.6850E-05,4.187E-01
2.6856E-05,4.107E-01
2.6856E-05,4.187E-01
2.6862E-05,4.107E-01
2.6862E-05,4.187E-01
2.6868E-05,4.107E-01
2.6868E-05,4.187E-01
2.6874E-05,4.107E-01
2.6874E-05,4.187E-01
2.6880E-05,4.147E-01
2.6880E-05,4.187E-01
2.6886E-05,4.107E-01
2.6886E-05,4.187E-01
2.6892E-05,4.107E-01
2.6892E-05,4.147E-01
2.6898E-05,4.107E-01
2.6898E-05,4.147E-01
2.6904E-05,4.107E-01
2.6904E-05,4.147E-01
2.6910E-05,4.107E-01
2.6910E-05,4.147E-01
2.6916E-05,4.107E-01
2.6916E-05,4.147E-01
2.6922E-05,4.067E-01
2.6922E-05,4.147E-01
2.6928E-05,4.107E-01
2.6928E-05,4.147E-01
2.6934E-05,4.067E-01
2.6934E-05,4.147E-01
2.6940E-05,4.107E-01
2.6940E-05,4.147E-01
2.6946E-05,4.067E-01
2.6946E-05,4.107E-01
2.6952E-05,4.067E-01
2.6952E-05,4.107E-01
2.6958E-05,4.067E-01
2.6958E-05,4.107E-01
2.6964E-05,4.027E-01
2.6964E-05,4.107E-01
2.6970E-05,4.067E-01
2.6970E-05,4.107E-01
2.6976E-05,4.067E-01
2.6976E-05,4.107E-01
2.6982E-05,4.067E-01
2.6982E-05,4.067E-01
2.6988E-05,4.027E-01
2.6988E-05,4.067E-01
2.6994E-05,4.027E-01
2.6994E-05,4.067E-01
2.7000E-05,4.027E-01
2.7000E-05,4.067E-01
2.7006E-05,4.027E-01
2.7006E-05,4.067E-01
2.7012E-05,4.027E-01
2.7012E-05,4.067E-01
2.7018E-05,4.027E-01
2.7018E-05,4.067E-01
2.7024E-05,4.027E-01
2.7024E-05,4.067E-01
2.7030E-05,4.027E-01
2.7030E-05,4.067E-01
2.7036E-05,4.027E-01
2.7036E-05,4.027E-01
2.7042E-05,3.987E-01
2.7042E-05,4.027E-01
2.7048E-05,3.987E-01
2.7048E-05,4.027E-01
2.7054E-05,3.987E-01
2.7054E-05,4.027E-01
2.7060E-05,3.987E-01
2.7060E-05,4.027E-01
2.7066E-05,3.987E-01
2.7066E-05,3.987E-01
2.7072E-05,3.987E-01
2.7072E-05,3.987E-01
2.7078E-05,3.987E-01
2.7078E-05,3.987E-01
2.7084E-05,3.987E-01
2.7084E-05,3.987E-01
2.7090E-05,3.947E-01
2.7090E-05,3.987E-01
2.7096E-05,3.947E-01
2.7096E-05,3.987E-01
2.7102E-05,3.947E-01
2.7102E-05,3.987E-01
2.7108E-05,3.947E-01
2.7108E-05,3.987E-01
2.7114E-05,3.947E-01
2.7114E-05,3.987E-01
2.7120E-05,3.907E-01
2.7120E-05,3.987E-01
2.7126E-05,3.907E-01
2.7126E-05,3.947E-01
2.7132E-05,3.867E-01
2.7132E-05,3.947E-01
2.7138E-05,3.867E-01
2.7138E-05,3.947E-01
2.7144E-05,3.907E-01
2.7144E-05,3.947E-01
2.7150E-05,3.867E-01
2.7150E-05,3.947E-01
2.7156E-05,3.867E-01
2.7156E-05,3.947E-01
2.7162E-05,3.867E-01
2.7162E-05,3.947E-01
2.7168E-05,3.867E-01
2.7168E-05,3.907E-01
2.7174E-05,3.867E-01
2.7174E-05,3.907E-01
2.7180E-05,3.827E-01
2.7180E-05,3.907E-01
2.7186E-05,3.827E-01
2.7186E-05,3.907E-01
2.7192E-05,3.827E-01
2.7192E-05,3.867E-01
2.7198E-05,3.827E-01
2.7198E-05,3.867E-01
2.7204E-05,3.827E-01
2.7204E-05,3.867E-01
2.7210E-05,3.827E-01
2.7210E-05,3.867E-01
2.7216E-05,3.827E-01
2.7216E-05,3.867E-01
2.7222E-05,3.827E-01
2.7222E-05,3.867E-01
2.7228E-05,3.787E-01
2.7228E-05,3.867E-01
2.7234E-05,3.787E-01
2.7234E-05,3.827E-01
2.7240E-05,3.787E-01
2.7240E-05,3.827E-01
2.7246E-05,3.787E-01
2.7246E-05,3.827E-01
2.7252E-05,3.747E-01
2.7252E-05,3.827E-01
2.7258E-05,3.747E-01
2.7258E-05,3.787E-01
2.7264E-05,3.787E-01
2.7264E-05,3.827E-01
2.7270E-05,3.747E-01
2.7270E-05,3.827E-01
2.7276E-05,3.747E-01
2.7276E-05,3.787E-01
2.7282E-05,3.747E-01
2.7282E-05,3.787E-01
2.7288E-05,3.747E-01
2.7288E-05,3.787E-01
2.7294E-05,3.747E-01
2.7294E-05,3.787E-01
2.7300E-05,3.747E-01
2.7300E-05,3.787E-01
2.7306E-05,3.707E-01
2.7306E-05,3.787E-01
2.7312E-05,3.747E-01
2.7312E-05,3.787E-01
2.7318E-05,3.747E-01
2.7318E-05,3.747E-01
2.7324E-05,3.707E-01
2.7324E-05,3.747E-01
2.7330E-05,3.707E-01
2.7330E-05,3.747E-01
2.7336E-05,3.707E-01
2.7336E-05,3.747E-01
2.7342E-05,3.707E-01
2.7342E-05,3.747E-01
2.7348E-05,3.667E-01
2.7348E-05,3.747E-01
2.7354E-05,3.667E-01
2.7354E-05,3.707E-01
2.7360E-05,3.707E-01
2.7360E-05,3.707E-01
2.7366E-05,3.667E-01
2.7366E-05,3.707E-01
2.7372E-05,3.627E-01
2.7372E-05,3.707E-01
2.7378E-05,3.627E-01
2.7378E-05,3.707E-01
2.7384E-05,3.627E-01
2.7384E-05,3.707E-01
2.7390E-05,3.627E-01
2.7390E-05,3.707E-01
2.7396E-05,3.627E-01
2.7396E-05,3.667E-01
2.7402E-05,3.627E-01
2.7402E-05,3.667E-01
2.7408E-05,3.587E-01
2.7408E-05,3.667E-01
2.7414E-05,3.587E-01
2.7414E-05,3.667E-01
2.7420E-05,3.627E-01
2.7420E-05,3.667E-01
2.7426E-05,3.587E-01
2.7426E-05,3.627E-01
2.7432E-05,3.587E-01
2.7432E-05,3.627E-01
2.7438E-05,3.627E-01
2.7438E-05,3.667E-01
2.7444E-05,3.587E-01
2.7444E-05,3.667E-01
2.7450E-05,3.587E-01
2.7450E-05,3.627E-01
2.7456E-05,3.547E-01
2.7456E-05,3.627E-01
2.7462E-05,3.547E-01
2.7462E-05,3.627E-01
2.7468E-05,3.547E-01
2.7468E-05,3.587E-01
2.7474E-05,3.547E-01
2.7474E-05,3.587E-01
2.7480E-05,3.547E-01
2.7480E-05,3.587E-01
2.7486E-05,3.547E-01
2.7486E-05,3.587E-01
2.7492E-05,3.507E-01
2.7492E-05,3.547E-01
2.7498E-05,3.507E-01
2.7498E-05,3.587E-01
2.7504E-05,3.507E-01
2.7504E-05,3.547E-01
2.7510E-05,3.507E-01
2.7510E-05,3.547E-01
2.7516E-05,3.507E-01
2.7516E-05,3.507E-01
2.7522E-05,3.507E-01
2.7522E-05,3.547E-01
2.7528E-05,3.507E-01
2.7528E-05,3.547E-01
2.7534E-05,3.467E-01
2.7534E-05,3.547E-01
2.7540E-05,3.467E-01
2.7540E-05,3.547E-01
2.7546E-05,3.467E-01
2.7546E-05,3.507E-01
2.7552E-05,3.427E-01
2.7552E-05,3.507E-01
2.7558E-05,3.467E-01
2.7558E-05,3.507E-01
2.7564E-05,3.427E-01
2.7564E-05,3.507E-01
2.7570E-05,3.427E-01
2.7570E-05,3.507E-01
2.7576E-05,3.427E-01
2.7576E-05,3.507E-01
2.7582E-05,3.427E-01
2.7582E-05,3.467E-01
2.7588E-05,3.427E-01
2.7588E-05,3.467E-01
2.7594E-05,3.427E-01
2.7594E-05,3.467E-01
2.7600E-05,3.427E-01
2.7600E-05,3.467E-01
2.7606E-05,3.387E-01
2.7606E-05,3.467E-01
2.7612E-05,3.387E-01
2.7612E-05,3.427E-01
2.7618E-05,3.387E-01
2.7618E-05,3.467E-01
2.7624E-05,3.387E-01
2.7624E-05,3.427E-01
2.7630E-05,3.387E-01
2.7630E-05,3.427E-01
2.7636E-05,3.387E-01
2.7636E-05,3.427E-01
2.7642E-05,3.387E-01
2.7642E-05,3.387E-01
2.7648E-05,3.387E-01
2.7648E-05,3.427E-01
2.7654E-05,3.347E-01
2.7654E-05,3.427E-01
2.7660E-05,3.347E-01
2.7660E-05,3.387E-01
2.7666E-05,3.347E-01
2.7666E-05,3.387E-01
2.7672E-05,3.347E-01
2.7672E-05,3.387E-01
2.7678E-05,3.307E-01
2.7678E-05,3.387E-01
2.7684E-05,3.307E-01
2.7684E-05,3.427E-01
2.7690E-05,3.307E-01
2.7690E-05,3.347E-01
2.7696E-05,3.307E-01
2.7696E-05,3.347E-01
2.7702E-05,3.307E-01
2.7702E-05,3.347E-01
2.7708E-05,3.307E-01
2.7708E-05,3.307E-01
2.7714E-05,3.307E-01
2.7714E-05,3.347E-01
2.7720E-05,3.307E-01
2.7720E-05,3.347E-01
2.7726E-05,3.267E-01
2.7726E-05,3.307E-01
2.7732E-05,3.267E-01
2.7732E-05,3.307E-01
2.7738E-05,3.267E-01
2.7738E-05,3.307E-01
2.7744E-05,3.267E-01
2.7744E-05,3.307E-01
2.7750E-05,3.227E-01
2.7750E-05,3.267E-01
2.7756E-05,3.227E-01
2.7756E-05,3.267E-01
2.7762E-05,3.267E-01
2.7762E-05,3.267E-01
2.7768E-05,3.227E-01
2.7768E-05,3.307E-01
2.7774E-05,3.187E-01
2.7774E-05,3.267E-01
2.7780E-05,3.227E-01
2.7780E-05,3.267E-01
2.7786E-05,3.227E-01
2.7786E-05,3.267E-01
2.7792E-05,3.227E-01
2.7792E-05,3.267E-01
2.7798E-05,3.227E-01
2.7798E-05,3.267E-01
2.7804E-05,3.187E-01
2.7804E-05,3.227E-01
2.7810E-05,3.187E-01
2.7810E-05,3.227E-01
2.7816E-05,3.187E-01
2.7816E-05,3.227E-01
2.7822E-05,3.187E-01
2.7822E-05,3.227E-01
2.7828E-05,3.187E-01
2.7828E-05,3.267E-01
2.7834E-05,3.187E-01
2.7834E-05,3.267E-01
2.7840E-05,3.187E-01
2.7840E-05,3.227E-01
2.7846E-05,3.187E-01
2.7846E-05,3.187E-01
2.7852E-05,3.147E-01
2.7852E-05,3.187E-01
2.7858E-05,3.147E-01
2.7858E-05,3.187E-01
2.7864E-05,3.147E-01
2.7864E-05,3.187E-01
2.7870E-05,3.147E-01
2.7870E-05,3.187E-01
2.7876E-05,3.147E-01
2.7876E-05,3.147E-01
2.7882E-05,3.147E-01
2.7882E-05,3.187E-01
2.7888E-05,3.147E-01
2.7888E-05,3.187E-01
2.7894E-05,3.147E-01
2.7894E-05,3.187E-01
2.7900E-05,3.107E-01
2.7900E-05,3.147E-01
2.7906E-05,3.107E-01
2.7906E-05,3.187E-01
2.7912E-05,3.107E-01
2.7912E-05,3.147E-01
2.7918E-05,3.107E-01
2.7918E-05,3.147E-01
2.7924E-05,3.107E-01
2.7924E-05,3.147E-01
2.7930E-05,3.067E-01
2.7930E-05,3.147E-01
2.7936E-05,3.067E-01
2.7936E-05,3.147E-01
2.7942E-05,3.067E-01
2.7942E-05,3.107E-01
2.7948E-05,3.067E-01
2.7948E-05,3.107E-01
2.7954E-05,3.067E-01
2.7954E-05,3.107E-01
2.7960E-05,3.067E-01
2.7960E-05,3.107E-01
2.7966E-05,3.067E-01
2.7966E-05,3.107E-01
2.7972E-05,3.027E-01
2.7972E-05,3.107E-01
2.7978E-05,3.027E-01
2.7978E-05,3.107E-01
2.7984E-05,3.067E-01
2.7984E-05,3.107E-01
2.7990E-05,3.027E-01
2.7990E-05,3.067E-01
2.7996E-05,3.027E-01
2.7996E-05,3.067E-01
2.8002E-05,3.027E-01
2.8002E-05,3.067E-01
2.8008E-05,3.027E-01
2.8008E-05,3.067E-01
2.8014E-05,2.987E-01
2.8014E-05,3.067E-01
2.8020E-05,2.987E-01
2.8020E-05,3.067E-01
2.8026E-05,2.987E-01
2.8026E-05,3.027E-01
2.8032E-05,2.987E-01
2.8032E-05,3.027E-01
2.8038E-05,3.027E-01
2.8038E-05,3.067E-01
2.8044E-05,2.947E-01
2.8044E-05,3.027E-01
2.8050E-05,2.987E-01
2.8050E-05,3.027E-01
2.8056E-05,2.987E-01
2.8056E-05,3.027E-01
2.8062E-05,2.987E-01
2.8062E-05,3.027E-01
2.8068E-05,2.987E-01
2.8068E-05,3.027E-01
2.8074E-05,2.947E-01
2.8074E-05,3.027E-01
2.8080E-05,2.947E-01
2.8080E-05,3.027E-01
2.8086E-05,2.947E-01
2.8086E-05,3.027E-01
2.8092E-05,2.947E-01
2.8092E-05,3.027E-01
2.8098E-05,2.947E-01
2.8098E-05,3.027E-01
2.8104E-05,2.947E-01
2.8104E-05,3.027E-01
2.8110E-05,2.947E-01
2.8110E-05,2.947E-01
2.8116E-05,2.947E-01
2.8116E-05,2.987E-01
2.8122E-05,2.907E-01
2.8122E-05,2.987E-01
2.8128E-05,2.947E-01
2.8128E-05,2.947E-01
2.8134E-05,2.907E-01
2.8134E-05,2.947E-01
2.8140E-05,2.907E-01
2.8140E-05,2.947E-01
2.8146E-05,2.907E-01
2.8146E-05,2.987E-01
2.8152E-05,2.907E-01
2.8152E-05,2.987E-01
2.8158E-05,2.907E-01
2.8158E-05,2.947E-01
2.8164E-05,2.907E-01
2.8164E-05,2.987E-01
2.8170E-05,2.907E-01
2.8170E-05,2.987E-01
2.8176E-05,2.907E-01
2.8176E-05,2.947E-01
2.8182E-05,2.907E-01
2.8182E-05,2.947E-01
2.8188E-05,2.907E-01
2.8188E-05,2.947E-01
2.8194E-05,2.907E-01
2.8194E-05,2.947E-01
2.8200E-05,2.907E-01
2.8200E-05,2.947E-01
2.8206E-05,2.907E-01
2.8206E-05,2.907E-01
2.8212E-05,2.867E-01
2.8212E-05,2.947E-01
2.8218E-05,2.867E-01
2.8218E-05,2.947E-01
2.8224E-05,2.867E-01
2.8224E-05,2.947E-01
2.8230E-05,2.867E-01
2.8230E-05,2.907E-01
2.8236E-05,2.867E-01
2.8236E-05,2.907E-01
2.8242E-05,2.867E-01
2.8242E-05,2.907E-01
2.8248E-05,2.867E-01
2.8248E-05,2.907E-01
2.8254E-05,2.867E-01
2.8254E-05,2.907E-01
2.8260E-05,2.827E-01
2.8260E-05,2.907E-01
2.8266E-05,2.827E-01
2.8266E-05,2.907E-01
2.8272E-05,2.867E-01
2.8272E-05,2.907E-01
2.8278E-05,2.827E-01
2.8278E-05,2.907E-01
2.8284E-05,2.827E-01
2.8284E-05,2.867E-01
2.8290E-05,2.827E-01
2.8290E-05,2.867E-01
2.8296E-05,2.827E-01
2.8296E-05,2.867E-01
2.8302E-05,2.827E-01
2.8302E-05,2.907E-01
2.8308E-05,2.827E-01
2.8308E-05,2.867E-01
2.8314E-05,2.787E-01
2.8314E-05,2.867E-01
2.8320E-05,2.827E-01
2.8320E-05,2.867E-01
2.8326E-05,2.827E-01
2.8326E-05,2.867E-01
2.8332E-05,2.787E-01
2.8332E-05,2.867E-01
2.8338E-05,2.787E-01
2.8338E-05,2.867E-01
2.8344E-05,2.787E-01
2.8344E-05,2.867E-01
2.8350E-05,2.787E-01
2.8350E-05,2.867E-01
2.8356E-05,2.787E-01
2.8356E-05,2.827E-01
2.8362E-05,2.787E-01
2.8362E-05,2.827E-01
2.8368E-05,2.787E-01
2.8368E-05,2.827E-01
2.8374E-05,2.787E-01
2.8374E-05,2.827E-01
2.8380E-05,2.787E-01
2.8380E-05,2.827E-01
2.8386E-05,2.787E-01
2.8386E-05,2.827E-01
2.8392E-05,2.787E-01
2.8392E-05,2.827E-01
2.8398E-05,2.787E-01
2.8398E-05,2.827E-01
2.8404E-05,2.787E-01
2.8404E-05,2.787E-01
2.8410E-05,2.787E-01
2.8410E-05,2.787E-01
2.8416E-05,2.787E-01
2.8416E-05,2.827E-01
2.8422E-05,2.787E-01
2.8422E-05,2.827E-01
2.8428E-05,2.787E-01
2.8428E-05,2.787E-01
2.8434E-05,2.787E-01
2.8434E-05,2.787E-01
2.8440E-05,2.747E-01
2.8440E-05,2.787E-01
2.8446E-05,2.787E-01
2.8446E-05,2.827E-01
2.8452E-05,2.747E-01
2.8452E-05,2.787E-01
2.8458E-05,2.747E-01
2.8458E-05,2.787E-01
2.8464E-05,2.787E-01
2.8464E-05,2.787E-01
2.8470E-05,2.787E-01
2.8470E-05,2.787E-01
2.8476E-05,2.747E-01
2.8476E-05,2.827E-01
2.8482E-05,2.787E-01
2.8482E-05,2.827E-01
2.8488E-05,2.787E-01
2.8488E-05,2.827E-01
2.8494E-05,2.747E-01
2.8494E-05,2.787E-01
2.8500E-05,2.747E-01
2.8500E-05,2.787E-01
2.8506E-05,2.747E-01
2.8506E-05,2.827E-01
2.8512E-05,2.747E-01
2.8512E-05,2.827E-01
2.8518E-05,2.747E-01
2.8518E-05,2.787E-01
2.8524E-05,2.787E-01
2.8524E-05,2.827E-01
2.8530E-05,2.747E-01
2.8530E-05,2.787E-01
2.8536E-05,2.747E-01
2.8536E-05,2.787E-01
2.8542E-05,2.747E-01
2.8542E-05,2.787E-01
2.8548E-05,2.747E-01
2.8548E-05,2.787E-01
2.8554E-05,2.747E-01
2.8554E-05,2.787E-01
2.8560E-05,2.747E-01
2.8560E-05,2.787E-01
2.8566E-05,2.747E-01
2.8566E-05,2.787E-01
2.8572E-05,2.747E-01
2.8572E-05,2.787E-01
2.8578E-05,2.747E-01
2.8578E-05,2.787E-01
2.8584E-05,2.747E-01
2.8584E-05,2.747E-01
2.8590E-05,2.747E-01
2.8590E-05,2.787E-01
2.8596E-05,2.747E-01
2.8596E-05,2.787E-01
2.8602E-05,2.707E-01
2.8602E-05,2.787E-01
2.8608E-05,2.707E-01
2.8608E-05,2.747E-01
2.8614E-05,2.747E-01
2.8614E-05,2.747E-01
2.8620E-05,2.747E-01
2.8620E-05,2.787E-01
2.8626E-05,2.747E-01
2.8626E-05,2.747E-01
2.8632E-05,2.747E-01
2.8632E-05,2.747E-01
2.8638E-05,2.707E-01
2.8638E-05,2.787E-01
2.8644E-05,2.707E-01
2.8644E-05,2.787E-01
2.8650E-05,2.747E-01
2.8650E-05,2.787E-01
2.8656E-05,2.747E-01
2.8656E-05,2.747E-01
2.8662E-05,2.707E-01
2.8662E-05,2.747E-01
2.8668E-05,2.707E-01
2.8668E-05,2.747E-01
2.8674E-05,2.707E-01
2.8674E-05,2.747E-01
2.8680E-05,2.707E-01
2.8680E-05,2.787E-01
2.8686E-05,2.667E-01
2.8686E-05,2.787E-01
2.8692E-05,2.707E-01
2.8692E-05,2.747E-01
2.8698E-05,2.747E-01
2.8698E-05,2.747E-01
2.8704E-05,2.747E-01
2.8704E-05,2.787E-01
2.8710E-05,2.707E-01
2.8710E-05,2.747E-01
2.8716E-05,2.707E-01
2.8716E-05,2.747E-01
2.8722E-05,2.747E-01
2.8722E-05,2.787E-01
2.8728E-05,2.707E-01
2.8728E-05,2.747E-01
2.8734E-05,2.747E-01
2.8734E-05,2.747E-01
2.8740E-05,2.747E-01
2.8740E-05,2.787E-01
2.8746E-05,2.747E-01
2.8746E-05,2.787E-01
2.8752E-05,2.707E-01
2.8752E-05,2.787E-01
2.8758E-05,2.747E-01
2.8758E-05,2.787E-01
2.8764E-05,2.747E-01
2.8764E-05,2.787E-01
2.8770E-05,2.747E-01
2.8770E-05,2.787E-01
2.8776E-05,2.707E-01
2.8776E-05,2.787E-01
2.8782E-05,2.747E-01
2.8782E-05,2.787E-01
2.8788E-05,2.747E-01
2.8788E-05,2.747E-01
2.8794E-05,2.747E-01
2.8794E-05,2.747E-01
2.8800E-05,2.747E-01
2.8800E-05,2.787E-01
2.8806E-05,2.747E-01
2.8806E-05,2.787E-01
2.8812E-05,2.747E-01
2.8812E-05,2.787E-01
2.8818E-05,2.747E-01
2.8818E-05,2.787E-01
2.8824E-05,2.747E-01
2.8824E-05,2.787E-01
2.8830E-05,2.747E-01
2.8830E-05,2.787E-01
2.8836E-05,2.747E-01
2.8836E-05,2.747E-01
2.8842E-05,2.747E-01
2.8842E-05,2.787E-01
2.8848E-05,2.747E-01
2.8848E-05,2.787E-01
2.8854E-05,2.707E-01
2.8854E-05,2.787E-01
2.8860E-05,2.707E-01
2.8860E-05,2.787E-01
2.8866E-05,2.707E-01
2.8866E-05,2.787E-01
2.8872E-05,2.747E-01
2.8872E-05,2.787E-01
2.8878E-05,2.747E-01
2.8878E-05,2.787E-01
2.8884E-05,2.747E-01
2.8884E-05,2.787E-01
2.8890E-05,2.747E-01
2.8890E-05,2.787E-01
2.8896E-05,2.747E-01
2.8896E-05,2.787E-01
2.8902E-05,2.747E-01
2.8902E-05,2.787E-01
2.8908E-05,2.747E-01
2.8908E-05,2.787E-01
2.8914E-05,2.747E-01
2.8914E-05,2.827E-01
2.8920E-05,2.747E-01
2.8920E-05,2.827E-01
2.8926E-05,2.747E-01
2.8926E-05,2.827E-01
2.8932E-05,2.747E-01
2.8932E-05,2.827E-01
2.8938E-05,2.787E-01
2.8938E-05,2.827E-01
2.8944E-05,2.747E-01
2.8944E-05,2.827E-01
2.8950E-05,2.787E-01
2.8950E-05,2.827E-01
2.8956E-05,2.787E-01
2.8956E-05,2.827E-01
2.8962E-05,2.787E-01
2.8962E-05,2.827E-01
2.8968E-05,2.787E-01
2.8968E-05,2.787E-01
2.8974E-05,2.787E-01
2.8974E-05,2.827E-01
2.8980E-05,2.787E-01
2.8980E-05,2.827E-01
2.8986E-05,2.787E-01
2.8986E-05,2.827E-01
2.8992E-05,2.787E-01
2.8992E-05,2.867E-01
2.8998E-05,2.787E-01
2.8998E-05,2.867E-01
2.9004E-05,2.827E-01
2.9004E-05,2.867E-01
2.9010E-05,2.787E-01
2.9010E-05,2.867E-01
2.9016E-05,2.787E-01
2.9016E-05,2.827E-01
2.9022E-05,2.787E-01
2.9022E-05,2.827E-01
2.9028E-05,2.827E-01
2.9028E-05,2.867E-01
2.9034E-05,2.827E-01
2.9034E-05,2.867E-01
2.9040E-05,2.827E-01
2.9040E-05,2.867E-01
2.9046E-05,2.827E-01
2.9046E-05,2.827E-01
2.9052E-05,2.827E-01
2.9052E-05,2.867E-01
2.9058E-05,2.827E-01
2.9058E-05,2.867E-01
2.9064E-05,2.827E-01
2.9064E-05,2.867E-01
2.9070E-05,2.827E-01
2.9070E-05,2.907E-01
2.9076E-05,2.827E-01
2.9076E-05,2.867E-01
2.9082E-05,2.827E-01
2.9082E-05,2.867E-01
2.9088E-05,2.827E-01
2.9088E-05,2.907E-01
2.9094E-05,2.827E-01
2.9094E-05,2.907E-01
2.9100E-05,2.827E-01
2.9100E-05,2.907E-01
2.9106E-05,2.827E-01
2.9106E-05,2.907E-01
2.9112E-05,2.827E-01
2.9112E-05,2.867E-01
2.9118E-05,2.867E-01
2.9118E-05,2.907E-01
2.9124E-05,2.867E-01
2.9124E-05,2.867E-01
2.9130E-05,2.827E-01
2.9130E-05,2.907E-01
2.9136E-05,2.827E-01
2.9136E-05,2.907E-01
2.9142E-05,2.827E-01
2.9142E-05,2.907E-01
2.9148E-05,2.827E-01
2.9148E-05,2.907E-01
2.9154E-05,2.867E-01
2.9154E-05,2.907E-01
2.9160E-05,2.867E-01
2.9160E-05,2.907E-01
2.9166E-05,2.867E-01
2.9166E-05,2.907E-01
2.9172E-05,2.867E-01
2.9172E-05,2.907E-01
2.9178E-05,2.867E-01
2.9178E-05,2.907E-01
2.9184E-05,2.867E-01
2.9184E-05,2.947E-01
2.9190E-05,2.867E-01
2.9190E-05,2.947E-01
2.9196E-05,2.907E-01
2.9196E-05,2.907E-01
2.9202E-05,2.907E-01
2.9202E-05,2.907E-01
2.9208E-05,2.907E-01
2.9208E-05,2.947E-01
2.9214E-05,2.907E-01
2.9214E-05,2.947E-01
2.9220E-05,2.907E-01
2.9220E-05,2.947E-01
2.9226E-05,2.907E-01
2.9226E-05,2.947E-01
2.9232E-05,2.907E-01
2.9232E-05,2.947E-01
2.9238E-05,2.907E-01
2.9238E-05,2.947E-01
2.9244E-05,2.947E-01
2.9244E-05,2.987E-01
2.9250E-05,2.947E-01
2.9250E-05,2.987E-01
2.9256E-05,2.947E-01
2.9256E-05,2.987E-01
2.9262E-05,2.947E-01
2.9262E-05,2.987E-01
2.9268E-05,2.907E-01
2.9268E-05,2.987E-01
2.9274E-05,2.947E-01
2.9274E-05,2.987E-01
2.9280E-05,2.947E-01
2.9280E-05,2.987E-01
2.9286E-05,2.947E-01
2.9286E-05,2.987E-01
2.9292E-05,2.947E-01
2.9292E-05,2.987E-01
2.9298E-05,2.947E-01
2.9298E-05,2.987E-01
2.9304E-05,2.987E-01
2.9304E-05,3.027E-01
2.9310E-05,2.947E-01
2.9310E-05,3.027E-01
2.9316E-05,2.947E-01
2.9316E-05,3.027E-01
2.9322E-05,2.947E-01
2.9322E-05,3.027E-01
2.9328E-05,2.987E-01
2.9328E-05,3.027E-01
2.9334E-05,2.987E-01
2.9334E-05,3.027E-01
2.9340E-05,2.987E-01
2.9340E-05,3.027E-01
2.9346E-05,2.987E-01
2.9346E-05,3.027E-01
2.9352E-05,3.027E-01
2.9352E-05,3.027E-01
2.9358E-05,3.027E-01
2.9358E-05,3.067E-01
2.9364E-05,2.987E-01
2.9364E-05,3.067E-01
2.9370E-05,3.027E-01
2.9370E-05,3.067E-01
2.9376E-05,3.027E-01
2.9376E-05,3.067E-01
2.9382E-05,3.027E-01
2.9382E-05,3.067E-01
2.9388E-05,3.027E-01
2.9388E-05,3.067E-01
2.9394E-05,3.027E-01
2.9394E-05,3.067E-01
2.9400E-05,3.027E-01
2.9400E-05,3.107E-01
2.9406E-05,3.067E-01
2.9406E-05,3.067E-01
2.9412E-05,3.067E-01
2.9412E-05,3.107E-01
2.9418E-05,3.067E-01
2.9418E-05,3.107E-01
2.9424E-05,3.067E-01
2.9424E-05,3.067E-01
2.9430E-05,3.067E-01
2.9430E-05,3.107E-01
2.9436E-05,3.067E-01
2.9436E-05,3.147E-01
2.9442E-05,3.027E-01
2.9442E-05,3.147E-01
2.9448E-05,3.067E-01
2.9448E-05,3.107E-01
2.9454E-05,3.067E-01
2.9454E-05,3.107E-01
2.9460E-05,3.067E-01
2.9460E-05,3.107E-01
2.9466E-05,3.067E-01
2.9466E-05,3.107E-01
2.9472E-05,3.067E-01
2.9472E-05,3.147E-01
2.9478E-05,3.107E-01
2.9478E-05,3.147E-01
2.9484E-05,3.107E-01
2.9484E-05,3.187E-01
2.9490E-05,3.107E-01
2.9490E-05,3.187E-01
2.9496E-05,3.107E-01
2.9496E-05,3.147E-01
2.9502E-05,3.147E-01
2.9502E-05,3.147E-01
2.9508E-05,3.147E-01
2.9508E-05,3.147E-01
2.9514E-05,3.147E-01
2.9514E-05,3.187E-01
2.9520E-05,3.147E-01
2.9520E-05,3.187E-01
2.9526E-05,3.147E-01
2.9526E-05,3.187E-01
2.9532E-05,3.147E-01
2.9532E-05,3.187E-01
2.9538E-05,3.147E-01
2.9538E-05,3.187E-01
2.9544E-05,3.147E-01
2.9544E-05,3.187E-01
2.9550E-05,3.187E-01
2.9550E-05,3.187E-01
2.9556E-05,3.187E-01
2.9556E-05,3.227E-01
2.9562E-05,3.187E-01
2.9562E-05,3.227E-01
2.9568E-05,3.187E-01
2.9568E-05,3.227E-01
2.9574E-05,3.187E-01
2.9574E-05,3.227E-01
2.9580E-05,3.187E-01
2.9580E-05,3.227E-01
2.9586E-05,3.187E-01
2.9586E-05,3.227E-01
2.9592E-05,3.187E-01
2.9592E-05,3.227E-01
2.9598E-05,3.227E-01
2.9598E-05,3.267E-01
2.9604E-05,3.227E-01
2.9604E-05,3.267E-01
2.9610E-05,3.187E-01
2.9610E-05,3.267E-01
2.9616E-05,3.187E-01
2.9616E-05,3.307E-01
2.9622E-05,3.227E-01
2.9622E-05,3.267E-01
2.9628E-05,3.227E-01
2.9628E-05,3.267E-01
2.9634E-05,3.227E-01
2.9634E-05,3.267E-01
2.9640E-05,3.267E-01
2.9640E-05,3.307E-01
2.9646E-05,3.267E-01
2.9646E-05,3.307E-01
2.9652E-05,3.267E-01
2.9652E-05,3.307E-01
2.9658E-05,3.267E-01
2.9658E-05,3.307E-01
2.9664E-05,3.267E-01
2.9664E-05,3.307E-01
2.9670E-05,3.267E-01
2.9670E-05,3.307E-01
2.9676E-05,3.307E-01
2.9676E-05,3.347E-01
2.9682E-05,3.307E-01
2.9682E-05,3.347E-01
2.9688E-05,3.307E-01
2.9688E-05,3.347E-01
2.9694E-05,3.307E-01
2.9694E-05,3.307E-01
2.9700E-05,3.307E-01
2.9700E-05,3.347E-01
2.9706E-05,3.307E-01
2.9706E-05,3.347E-01
2.9712E-05,3.347E-01
2.9712E-05,3.347E-01
2.9718E-05,3.347E-01
2.9718E-05,3.387E-01
2.9724E-05,3.347E-01
2.9724E-05,3.387E-01
2.9730E-05,3.347E-01
2.9730E-05,3.387E-01
2.9736E-05,3.307E-01
2.9736E-05,3.387E-01
2.9742E-05,3.347E-01
2.9742E-05,3.387E-01
2.9748E-05,3.347E-01
2.9748E-05,3.427E-01
2.9754E-05,3.387E-01
2.9754E-05,3.427E-01
2.9760E-05,3.387E-01
2.9760E-05,3.427E-01
2.9766E-05,3.427E-01
2.9766E-05,3.427E-01
2.9772E-05,3.387E-01
2.9772E-05,3.427E-01
2.9778E-05,3.387E-01
2.9778E-05,3.427E-01
2.9784E-05,3.387E-01
2.9784E-05,3.467E-01
2.9790E-05,3.427E-01
2.9790E-05,3.467E-01
2.9796E-05,3.427E-01
2.9796E-05,3.467E-01
2.9802E-05,3.427E-01
2.9802E-05,3.467E-01
2.9808E-05,3.467E-01
2.9808E-05,3.467E-01
2.9814E-05,3.427E-01
2.9814E-05,3.467E-01
2.9820E-05,3.427E-01
2.9820E-05,3.467E-01
2.9826E-05,3.427E-01
2.9826E-05,3.507E-01
2.9832E-05,3.467E-01
2.9832E-05,3.507E-01
2.9838E-05,3.467E-01
2.9838E-05,3.507E-01
2.9844E-05,3.467E-01
2.9844E-05,3.547E-01
2.9850E-05,3.467E-01
2.9850E-05,3.547E-01
2.9856E-05,3.467E-01
2.9856E-05,3.547E-01
2.9862E-05,3.507E-01
2.9862E-05,3.547E-01
2.9868E-05,3.507E-01
2.9868E-05,3.547E-01
2.9874E-05,3.507E-01
2.9874E-05,3.547E-01
2.9880E-05,3.507E-01
2.9880E-05,3.547E-01
2.9886E-05,3.507E-01
2.9886E-05,3.587E-01
2.9892E-05,3.507E-01
2.9892E-05,3.587E-01
2.9898E-05,3.507E-01
2.9898E-05,3.587E-01
2.9904E-05,3.507E-01
2.9904E-05,3.587E-01
2.9910E-05,3.547E-01
2.9910E-05,3.587E-01
2.9916E-05,3.507E-01
2.9916E-05,3.627E-01
2.9922E-05,3.547E-01
2.9922E-05,3.627E-01
2.9928E-05,3.547E-01
2.9928E-05,3.627E-01
2.9934E-05,3.587E-01
2.9934E-05,3.627E-01
2.9940E-05,3.547E-01
2.9940E-05,3.627E-01
2.9946E-05,3.547E-01
2.9946E-05,3.627E-01
2.9952E-05,3.587E-01
2.9952E-05,3.627E-01
2.9958E-05,3.587E-01
2.9958E-05,3.627E-01
2.9964E-05,3.627E-01
2.9964E-05,3.627E-01
2.9970E-05,3.587E-01
2.9970E-05,3.627E-01
2.9976E-05,3.587E-01
2.9976E-05,3.627E-01
2.9982E-05,3.587E-01
2.9982E-05,3.627E-01
2.9988E-05,3.627E-01
2.9988E-05,3.667E-01
2.9994E-05,3.627E-01
2.9994E-05,3.667E-01
3.0000E-05,3.627E-01
3.0000E-05,3.707E-01
3.0006E-05,3.627E-01
3.0006E-05,3.667E-01
3.0012E-05,3.627E-01
3.0012E-05,3.667E-01
3.0018E-05,3.627E-01
3.0018E-05,3.667E-01
3.0024E-05,3.627E-01
3.0024E-05,3.707E-01
3.0030E-05,3.667E-01
3.0030E-05,3.707E-01
3.0036E-05,3.667E-01
3.0036E-05,3.707E-01
3.0042E-05,3.627E-01
3.0042E-05,3.707E-01
3.0048E-05,3.667E-01
3.0048E-05,3.747E-01
3.0054E-05,3.667E-01
3.0054E-05,3.747E-01
3.0060E-05,3.667E-01
3.0060E-05,3.747E-01
3.0066E-05,3.667E-01
3.0066E-05,3.747E-01
3.0072E-05,3.707E-01
3.0072E-05,3.747E-01
3.0078E-05,3.707E-01
3.0078E-05,3.747E-01
3.0084E-05,3.707E-01
3.0084E-05,3.747E-01
3.0090E-05,3.707E-01
3.0090E-05,3.787E-01
3.0096E-05,3.707E-01
3.0096E-05,3.787E-01
3.0102E-05,3.747E-01
3.0102E-05,3.787E-01
3.0108E-05,3.747E-01
3.0108E-05,3.787E-01
3.0114E-05,3.747E-01
3.0114E-05,3.787E-01
3.0120E-05,3.747E-01
3.0120E-05,3.827E-01
3.0126E-05,3.787E-01
3.0126E-05,3.827E-01
3.0132E-05,3.747E-01
3.0132E-05,3.827E-01
3.0138E-05,3.787E-01
3.0138E-05,3.827E-01
3.0144E-05,3.787E-01
3.0144E-05,3.827E-01
3.0150E-05,3.787E-01
3.0150E-05,3.867E-01
3.0156E-05,3.827E-01
3.0156E-05,3.867E-01
3.0162E-05,3.787E-01
3.0162E-05,3.827E-01
3.0168E-05,3.827E-01
3.0168E-05,3.867E-01
3.0174E-05,3.827E-01
3.0174E-05,3.867E-01
3.0180E-05,3.827E-01
3.0180E-05,3.867E-01
3.0186E-05,3.827E-01
3.0186E-05,3.867E-01
3.0192E-05,3.827E-01
3.0192E-05,3.867E-01
3.0198E-05,3.867E-01
3.0198E-05,3.867E-01
3.0204E-05,3.867E-01
3.0204E-05,3.907E-01
3.0210E-05,3.827E-01
3.0210E-05,3.907E-01
3.0216E-05,3.867E-01
3.0216E-05,3.907E-01
3.0222E-05,3.867E-01
3.0222E-05,3.907E-01
3.0228E-05,3.867E-01
3.0228E-05,3.907E-01
3.0234E-05,3.907E-01
3.0234E-05,3.907E-01
3.0240E-05,3.867E-01
3.0240E-05,3.907E-01
3.0246E-05,3.907E-01
3.0246E-05,3.947E-01
3.0252E-05,3.867E-01
3.0252E-05,3.907E-01
3.0258E-05,3.907E-01
3.0258E-05,3.947E-01
3.0264E-05,3.907E-01
3.0264E-05,3.947E-01
3.0270E-05,3.907E-01
3.0270E-05,3.947E-01
3.0276E-05,3.907E-01
3.0276E-05,3.947E-01
3.0282E-05,3.907E-01
3.0282E-05,3.947E-01
3.0288E-05,3.907E-01
3.0288E-05,3.987E-01
3.0294E-05,3.947E-01
3.0294E-05,3.987E-01
3.0300E-05,3.947E-01
3.0300E-05,3.987E-01
3.0306E-05,3.947E-01
3.0306E-05,3.987E-01
3.0312E-05,3.947E-01
3.0312E-05,3.987E-01
3.0318E-05,3.947E-01
3.0318E-05,3.987E-01
3.0324E-05,3.947E-01
3.0324E-05,3.987E-01
3.0330E-05,3.947E-01
3.0330E-05,3.987E-01
3.0336E-05,3.947E-01
3.0336E-05,4.027E-01
3.0342E-05,3.987E-01
3.0342E-05,4.027E-01
3.0348E-05,3.987E-01
3.0348E-05,4.027E-01
3.0354E-05,3.987E-01
3.0354E-05,4.027E-01
3.0360E-05,3.987E-01
3.0360E-05,4.027E-01
3.0366E-05,3.987E-01
3.0366E-05,4.027E-01
3.0372E-05,3.987E-01
3.0372E-05,4.027E-01
3.0378E-05,3.987E-01
3.0378E-05,4.067E-01
3.0384E-05,4.027E-01
3.0384E-05,4.067E-01
3.0390E-05,4.027E-01
3.0390E-05,4.067E-01
3.0396E-05,4.027E-01
3.0396E-05,4.107E-01
3.0402E-05,4.027E-01
3.0402E-05,4.107E-01
3.0408E-05,4.027E-01
3.0408E-05,4.107E-01
3.0414E-05,4.027E-01
3.0414E-05,4.107E-01
3.0420E-05,4.067E-01
3.0420E-05,4.107E-01
3.0426E-05,4.067E-01
3.0426E-05,4.107E-01
3.0432E-05,4.027E-01
3.0432E-05,4.107E-01
3.0438E-05,4.067E-01
3.0438E-05,4.107E-01
3.0444E-05,4.067E-01
3.0444E-05,4.107E-01
3.0450E-05,4.067E-01
3.0450E-05,4.107E-01
3.0456E-05,4.067E-01
3.0456E-05,4.107E-01
3.0462E-05,4.067E-01
3.0462E-05,4.147E-01
3.0468E-05,4.067E-01
3.0468E-05,4.147E-01
3.0474E-05,4.067E-01
3.0474E-05,4.147E-01
3.0480E-05,4.107E-01
3.0480E-05,4.147E-01
3.0486E-05,4.107E-01
3.0486E-05,4.147E-01
3.0492E-05,4.107E-01
3.0492E-05,4.187E-01
3.0498E-05,4.107E-01
3.0498E-05,4.147E-01
3.0504E-05,4.107E-01
3.0504E-05,4.147E-01
3.0510E-05,4.107E-01
3.0510E-05,4.147E-01
3.0516E-05,4.147E-01
3.0516E-05,4.187E-01
3.0522E-05,4.147E-01
3.0522E-05,4.187E-01
3.0528E-05,4.147E-01
3.0528E-05,4.187E-01
3.0534E-05,4.147E-01
3.0534E-05,4.227E-01
3.0540E-05,4.147E-01
3.0540E-05,4.227E-01
3.0546E-05,4.187E-01
3.0546E-05,4.187E-01
3.0552E-05,4.147E-01
3.0552E-05,4.187E-01
3.0558E-05,4.187E-01
3.0558E-05,4.187E-01
3.0564E-05,4.147E-01
3.0564E-05,4.227E-01
3.0570E-05,4.187E-01
3.0570E-05,4.227E-01
3.0576E-05,4.187E-01
3.0576E-05,4.227E-01
3.0582E-05,4.187E-01
3.0582E-05,4.227E-01
3.0588E-05,4.187E-01
3.0588E-05,4.227E-01
3.0594E-05,4.187E-01
3.0594E-05,4.227E-01
3.0600E-05,4.187E-01
3.0600E-05,4.227E-01
3.0606E-05,4.187E-01
3.0606E-05,4.227E-01
3.0612E-05,4.187E-01
3.0612E-05,4.227E-01
3.0618E-05,4.227E-01
3.0618E-05,4.267E-01
3.0624E-05,4.227E-01
3.0624E-05,4.267E-01
3.0630E-05,4.187E-01
3.0630E-05,4.267E-01
3.0636E-05,4.227E-01
3.0636E-05,4.267E-01
3.0642E-05,4.227E-01
3.0642E-05,4.267E-01
3.0648E-05,4.227E-01
3.0648E-05,4.267E-01
3.0654E-05,4.227E-01
3.0654E-05,4.267E-01
3.0660E-05,4.227E-01
3.0660E-05,4.267E-01
3.0666E-05,4.227E-01
3.0666E-05,4.267E-01
3.0672E-05,4.267E-01
3.0672E-05,4.307E-01
3.0678E-05,4.227E-01
3.0678E-05,4.307E-01
3.0684E-05,4.267E-01
3.0684E-05,4.267E-01
3.0690E-05,4.267E-01
3.0690E-05,4.307E-01
3.0696E-05,4.227E-01
3.0696E-05,4.307E-01
3.0702E-05,4.227E-01
3.0702E-05,4.267E-01
3.0708E-05,4.267E-01
3.0708E-05,4.307E-01
3.0714E-05,4.267E-01
3.0714E-05,4.307E-01
3.0720E-05,4.267E-01
3.0720E-05,4.307E-01
3.0726E-05,4.267E-01
3.0726E-05,4.307E-01
3.0732E-05,4.267E-01
3.0732E-05,4.307E-01
3.0738E-05,4.307E-01
3.0738E-05,4.307E-01
3.0744E-05,4.267E-01
3.0744E-05,4.347E-01
3.0750E-05,4.267E-01
3.0750E-05,4.307E-01
3.0756E-05,4.307E-01
3.0756E-05,4.347E-01
3.0762E-05,4.307E-01
3.0762E-05,4.307E-01
3.0768E-05,4.267E-01
3.0768E-05,4.347E-01
3.0774E-05,4.307E-01
3.0774E-05,4.307E-01
3.0780E-05,4.307E-01
3.0780E-05,4.347E-01
3.0786E-05,4.307E-01
3.0786E-05,4.307E-01
3.0792E-05,4.307E-01
3.0792E-05,4.347E-01
3.0798E-05,4.307E-01
3.0798E-05,4.347E-01
3.0804E-05,4.307E-01
3.0804E-05,4.347E-01
3.0810E-05,4.307E-01
3.0810E-05,4.347E-01
3.0816E-05,4.307E-01
3.0816E-05,4.347E-01
3.0822E-05,4.307E-01
3.0822E-05,4.347E-01
3.0828E-05,4.307E-01
3.0828E-05,4.347E-01
3.0834E-05,4.307E-01
3.0834E-05,4.347E-01
3.0840E-05,4.307E-01
3.0840E-05,4.347E-01
3.0846E-05,4.307E-01
3.0846E-05,4.387E-01
3.0852E-05,4.347E-01
3.0852E-05,4.387E-01
3.0858E-05,4.307E-01
3.0858E-05,4.387E-01
3.0864E-05,4.307E-01
3.0864E-05,4.387E-01
3.0870E-05,4.347E-01
3.0870E-05,4.387E-01
3.0876E-05,4.347E-01
3.0876E-05,4.387E-01
3.0882E-05,4.307E-01
3.0882E-05,4.387E-01
3.0888E-05,4.347E-01
3.0888E-05,4.387E-01
3.0894E-05,4.347E-01
3.0894E-05,4.387E-01
3.0900E-05,4.347E-01
3.0900E-05,4.387E-01
3.0906E-05,4.347E-01
3.0906E-05,4.387E-01
3.0912E-05,4.307E-01
3.0912E-05,4.387E-01
3.0918E-05,4.307E-01
3.0918E-05,4.427E-01
3.0924E-05,4.347E-01
3.0924E-05,4.387E-01
3.0930E-05,4.347E-01
3.0930E-05,4.387E-01
3.0936E-05,4.347E-01
3.0936E-05,4.387E-01
3.0942E-05,4.347E-01
3.0942E-05,4.387E-01
3.0948E-05,4.347E-01
3.0948E-05,4.427E-01
3.0954E-05,4.347E-01
3.0954E-05,4.427E-01
3.0960E-05,4.347E-01
3.0960E-05,4.427E-01
3.0966E-05,4.347E-01
3.0966E-05,4.427E-01
3.0972E-05,4.387E-01
3.0972E-05,4.387E-01
3.0978E-05,4.347E-01
3.0978E-05,4.427E-01
3.0984E-05,4.347E-01
3.0984E-05,4.427E-01
3.0990E-05,4.387E-01
3.0990E-05,4.427E-01
3.0996E-05,4.387E-01
3.0996E-05,4.427E-01
3.1002E-05,4.387E-01
3.1002E-05,4.427E-01
3.1008E-05,4.387E-01
3.1008E-05,4.427E-01
3.1014E-05,4.347E-01
3.1014E-05,4.427E-01
3.1020E-05,4.387E-01
3.1020E-05,4.427E-01
3.1026E-05,4.387E-01
3.1026E-05,4.427E-01
3.1032E-05,4.387E-01
3.1032E-05,4.427E-01
3.1038E-05,4.387E-01
3.1038E-05,4.427E-01
3.1044E-05,4.387E-01
3.1044E-05,4.427E-01
3.1050E-05,4.387E-01
3.1050E-05,4.427E-01
3.1056E-05,4.387E-01
3.1056E-05,4.427E-01
3.1062E-05,4.387E-01
3.1062E-05,4.427E-01
3.1068E-05,4.387E-01
3.1068E-05,4.427E-01
3.1074E-05,4.387E-01
3.1074E-05,4.427E-01
3.1080E-05,4.347E-01
3.1080E-05,4.427E-01
3.1086E-05,4.387E-01
3.1086E-05,4.427E-01
3.1092E-05,4.387E-01
3.1092E-05,4.427E-01
3.1098E-05,4.387E-01
3.1098E-05,4.427E-01
3.1104E-05,4.387E-01
3.1104E-05,4.427E-01
3.1110E-05,4.387E-01
3.1110E-05,4.427E-01
3.1116E-05,4.387E-01
3.1116E-05,4.427E-01
3.1122E-05,4.387E-01
3.1122E-05,4.427E-01
3.1128E-05,4.347E-01
3.1128E-05,4.427E-01
3.1134E-05,4.347E-01
3.1134E-05,4.427E-01
3.1140E-05,4.387E-01
3.1140E-05,4.427E-01
3.1146E-05,4.387E-01
3.1146E-05,4.427E-01
3.1152E-05,4.387E-01
3.1152E-05,4.427E-01
3.1158E-05,4.387E-01
3.1158E-05,4.427E-01
3.1164E-05,4.387E-01
3.1164E-05,4.427E-01
3.1170E-05,4.387E-01
3.1170E-05,4.427E-01
3.1176E-05,4.427E-01
3.1176E-05,4.467E-01
3.1182E-05,4.347E-01
3.1182E-05,4.427E-01
3.1188E-05,4.347E-01
3.1188E-05,4.427E-01
3.1194E-05,4.387E-01
3.1194E-05,4.427E-01
3.1200E-05,4.387E-01
3.1200E-05,4.427E-01
3.1206E-05,4.387E-01
3.1206E-05,4.427E-01
3.1212E-05,4.387E-01
3.1212E-05,4.427E-01
3.1218E-05,4.387E-01
3.1218E-05,4.427E-01
3.1224E-05,4.387E-01
3.1224E-05,4.427E-01
3.1230E-05,4.387E-01
3.1230E-05,4.427E-01
3.1236E-05,4.387E-01
3.1236E-05,4.427E-01
3.1242E-05,4.387E-01
3.1242E-05,4.427E-01
3.1248E-05,4.387E-01
3.1248E-05,4.427E-01
3.1254E-05,4.387E-01
3.1254E-05,4.427E-01
3.1260E-05,4.387E-01
3.1260E-05,4.427E-01
3.1266E-05,4.387E-01
3.1266E-05,4.467E-01
3.1272E-05,4.387E-01
3.1272E-05,4.427E-01
3.1278E-05,4.387E-01
3.1278E-05,4.467E-01
3.1284E-05,4.427E-01
3.1284E-05,4.467E-01
3.1290E-05,4.387E-01
3.1290E-05,4.427E-01
3.1296E-05,4.387E-01
3.1296E-05,4.427E-01
3.1302E-05,4.387E-01
3.1302E-05,4.427E-01
3.1308E-05,4.387E-01
3.1308E-05,4.467E-01
3.1314E-05,4.387E-01
3.1314E-05,4.427E-01
3.1320E-05,4.387E-01
3.1320E-05,4.427E-01
3.1326E-05,4.387E-01
3.1326E-05,4.427E-01
3.1332E-05,4.387E-01
3.1332E-05,4.427E-01
3.1338E-05,4.387E-01
3.1338E-05,4.427E-01
3.1344E-05,4.387E-01
3.1344E-05,4.427E-01
3.1350E-05,4.387E-01
3.1350E-05,4.427E-01
3.1356E-05,4.387E-01
3.1356E-05,4.427E-01
3.1362E-05,4.387E-01
3.1362E-05,4.427E-01
3.1368E-05,4.347E-01
3.1368E-05,4.427E-01
3.1374E-05,4.347E-01
3.1374E-05,4.427E-01
3.1380E-05,4.387E-01
3.1380E-05,4.427E-01
3.1386E-05,4.347E-01
3.1386E-05,4.427E-01
3.1392E-05,4.387E-01
3.1392E-05,4.427E-01
3.1398E-05,4.387E-01
3.1398E-05,4.387E-01
3.1404E-05,4.387E-01
3.1404E-05,4.387E-01
3.1410E-05,4.347E-01
3.1410E-05,4.387E-01
3.1416E-05,4.387E-01
3.1416E-05,4.387E-01
3.1422E-05,4.387E-01
3.1422E-05,4.387E-01
3.1428E-05,4.347E-01
3.1428E-05,4.387E-01
3.1434E-05,4.347E-01
3.1434E-05,4.387E-01
3.1440E-05,4.347E-01
3.1440E-05,4.387E-01
3.1446E-05,4.347E-01
3.1446E-05,4.387E-01
3.1452E-05,4.347E-01
3.1452E-05,4.387E-01
3.1458E-05,4.347E-01
3.1458E-05,4.387E-01
3.1464E-05,4.347E-01
3.1464E-05,4.387E-01
3.1470E-05,4.307E-01
3.1470E-05,4.387E-01
3.1476E-05,4.307E-01
3.1476E-05,4.387E-01
3.1482E-05,4.347E-01
3.1482E-05,4.387E-01
3.1488E-05,4.347E-01
3.1488E-05,4.387E-01
3.1494E-05,4.307E-01
3.1494E-05,4.387E-01
3.1500E-05,4.347E-01
3.1500E-05,4.387E-01
3.1506E-05,4.347E-01
3.1506E-05,4.387E-01
3.1512E-05,4.347E-01
3.1512E-05,4.387E-01
3.1518E-05,4.347E-01
3.1518E-05,4.387E-01
3.1524E-05,4.307E-01
3.1524E-05,4.387E-01
3.1530E-05,4.307E-01
3.1530E-05,4.387E-01
3.1536E-05,4.307E-01
3.1536E-05,4.347E-01
3.1542E-05,4.307E-01
3.1542E-05,4.347E-01
3.1548E-05,4.307E-01
3.1548E-05,4.347E-01
3.1554E-05,4.307E-01
3.1554E-05,4.347E-01
3.1560E-05,4.307E-01
3.1560E-05,4.347E-01
3.1566E-05,4.307E-01
3.1566E-05,4.347E-01
3.1572E-05,4.307E-01
3.1572E-05,4.347E-01
3.1578E-05,4.307E-01
3.1578E-05,4.347E-01
3.1584E-05,4.307E-01
3.1584E-05,4.347E-01
3.1590E-05,4.307E-01
3.1590E-05,4.307E-01
3.1596E-05,4.307E-01
3.1596E-05,4.307E-01
3.1602E-05,4.307E-01
3.1602E-05,4.307E-01
3.1608E-05,4.267E-01
3.1608E-05,4.347E-01
3.1614E-05,4.267E-01
3.1614E-05,4.307E-01
3.1620E-05,4.307E-01
3.1620E-05,4.347E-01
3.1626E-05,4.267E-01
3.1626E-05,4.307E-01
3.1632E-05,4.267E-01
3.1632E-05,4.307E-01
3.1638E-05,4.267E-01
3.1638E-05,4.307E-01
3.1644E-05,4.267E-01
3.1644E-05,4.307E-01
3.1650E-05,4.267E-01
3.1650E-05,4.307E-01
3.1656E-05,4.267E-01
3.1656E-05,4.307E-01
3.1662E-05,4.267E-01
3.1662E-05,4.267E-01
3.1668E-05,4.267E-01
3.1668E-05,4.307E-01
3.1674E-05,4.267E-01
3.1674E-05,4.307E-01
3.1680E-05,4.267E-01
3.1680E-05,4.307E-01
3.1686E-05,4.227E-01
3.1686E-05,4.267E-01
3.1692E-05,4.227E-01
3.1692E-05,4.267E-01
3.1698E-05,4.227E-01
3.1698E-05,4.267E-01
3.1704E-05,4.227E-01
3.1704E-05,4.267E-01
3.1710E-05,4.227E-01
3.1710E-05,4.267E-01
3.1716E-05,4.227E-01
3.1716E-05,4.267E-01
3.1722E-05,4.227E-01
3.1722E-05,4.267E-01
3.1728E-05,4.227E-01
3.1728E-05,4.267E-01
3.1734E-05,4.187E-01
3.1734E-05,4.267E-01
3.1740E-05,4.187E-01
3.1740E-05,4.227E-01
3.1746E-05,4.187E-01
3.1746E-05,4.227E-01
3.1752E-05,4.187E-01
3.1752E-05,4.227E-01
3.1758E-05,4.187E-01
3.1758E-05,4.227E-01
3.1764E-05,4.187E-01
3.1764E-05,4.227E-01
3.1770E-05,4.187E-01
3.1770E-05,4.227E-01
3.1776E-05,4.227E-01
3.1776E-05,4.227E-01
3.1782E-05,4.187E-01
3.1782E-05,4.227E-01
3.1788E-05,4.187E-01
3.1788E-05,4.227E-01
3.1794E-05,4.147E-01
3.1794E-05,4.227E-01
3.1800E-05,4.147E-01
3.1800E-05,4.227E-01
3.1806E-05,4.147E-01
3.1806E-05,4.187E-01
3.1812E-05,4.147E-01
3.1812E-05,4.187E-01
3.1818E-05,4.147E-01
3.1818E-05,4.227E-01
3.1824E-05,4.147E-01
3.1824E-05,4.187E-01
3.1830E-05,4.147E-01
3.1830E-05,4.187E-01
3.1836E-05,4.147E-01
3.1836E-05,4.187E-01
3.1842E-05,4.107E-01
3.1842E-05,4.187E-01
3.1848E-05,4.107E-01
3.1848E-05,4.187E-01
3.1854E-05,4.147E-01
3.1854E-05,4.187E-01
3.1860E-05,4.147E-01
3.1860E-05,4.187E-01
3.1866E-05,4.147E-01
3.1866E-05,4.187E-01
3.1872E-05,4.107E-01
3.1872E-05,4.187E-01
3.1878E-05,4.107E-01
3.1878E-05,4.147E-01
3.1884E-05,4.107E-01
3.1884E-05,4.147E-01
3.1890E-05,4.067E-01
3.1890E-05,4.107E-01
3.1896E-05,4.107E-01
3.1896E-05,4.147E-01
3.1902E-05,4.107E-01
3.1902E-05,4.107E-01
3.1908E-05,4.107E-01
3.1908E-05,4.107E-01
3.1914E-05,4.067E-01
3.1914E-05,4.147E-01
3.1920E-05,4.067E-01
3.1920E-05,4.107E-01
3.1926E-05,4.067E-01
3.1926E-05,4.107E-01
3.1932E-05,4.067E-01
3.1932E-05,4.107E-01
3.1938E-05,4.027E-01
3.1938E-05,4.107E-01
3.1944E-05,4.027E-01
3.1944E-05,4.067E-01
3.1950E-05,4.027E-01
3.1950E-05,4.067E-01
3.1956E-05,4.027E-01
3.1956E-05,4.107E-01
3.1962E-05,4.027E-01
3.1962E-05,4.107E-01
3.1968E-05,4.027E-01
3.1968E-05,4.067E-01
3.1974E-05,4.027E-01
3.1974E-05,4.067E-01
3.1980E-05,4.027E-01
3.1980E-05,4.067E-01
3.1986E-05,4.027E-01
3.1986E-05,4.067E-01
3.1992E-05,4.027E-01
3.1992E-05,4.067E-01
3.1998E-05,4.027E-01
3.1998E-05,4.067E-01
3.2004E-05,4.027E-01
3.2004E-05,4.067E-01
3.2010E-05,3.987E-01
3.2010E-05,4.067E-01
3.2016E-05,3.987E-01
3.2016E-05,4.027E-01
3.2022E-05,3.987E-01
3.2022E-05,4.027E-01
3.2028E-05,3.947E-01
3.2028E-05,4.027E-01
3.2034E-05,3.987E-01
3.2034E-05,4.027E-01
3.2040E-05,3.987E-01
3.2040E-05,4.027E-01
3.2046E-05,3.987E-01
3.2046E-05,4.027E-01
3.2052E-05,3.947E-01
3.2052E-05,4.027E-01
3.2058E-05,3.947E-01
3.2058E-05,4.027E-01
3.2064E-05,3.947E-01
3.2064E-05,3.987E-01
3.2070E-05,3.947E-01
3.2070E-05,3.987E-01
3.2076E-05,3.947E-01
3.2076E-05,3.987E-01
3.2082E-05,3.947E-01
3.2082E-05,3.987E-01
3.2088E-05,3.947E-01
3.2088E-05,3.987E-01
3.2094E-05,3.907E-01
3.2094E-05,3.947E-01
3.2100E-05,3.907E-01
3.2100E-05,3.947E-01
3.2106E-05,3.907E-01
3.2106E-05,3.947E-01
3.2112E-05,3.867E-01
3.2112E-05,3.947E-01
3.2118E-05,3.907E-01
3.2118E-05,3.947E-01
3.2124E-05,3.867E-01
3.2124E-05,3.907E-01
3.2130E-05,3.867E-01
3.2130E-05,3.907E-01
3.2136E-05,3.867E-01
3.2136E-05,3.907E-01
3.2142E-05,3.867E-01
3.2142E-05,3.907E-01
3.2148E-05,3.827E-01
3.2148E-05,3.907E-01
3.2154E-05,3.867E-01
3.2154E-05,3.907E-01
3.2160E-05,3.827E-01
3.2160E-05,3.907E-01
3.2166E-05,3.827E-01
3.2166E-05,3.867E-01
3.2172E-05,3.827E-01
3.2172E-05,3.867E-01
3.2178E-05,3.827E-01
3.2178E-05,3.867E-01
3.2184E-05,3.827E-01
3.2184E-05,3.867E-01
3.2190E-05,3.827E-01
3.2190E-05,3.867E-01
3.2196E-05,3.827E-01
3.2196E-05,3.827E-01
3.2202E-05,3.787E-01
3.2202E-05,3.827E-01
3.2208E-05,3.787E-01
3.2208E-05,3.827E-01
3.2214E-05,3.787E-01
3.2214E-05,3.827E-01
3.2220E-05,3.747E-01
3.2220E-05,3.827E-01
3.2226E-05,3.747E-01
3.2226E-05,3.787E-01
3.2232E-05,3.747E-01
3.2232E-05,3.787E-01
3.2238E-05,3.747E-01
3.2238E-05,3.827E-01
3.2244E-05,3.747E-01
3.2244E-05,3.787E-01
3.2250E-05,3.747E-01
3.2250E-05,3.827E-01
3.2256E-05,3.747E-01
3.2256E-05,3.787E-01
3.2262E-05,3.747E-01
3.2262E-05,3.787E-01
3.2268E-05,3.707E-01
3.2268E-05,3.787E-01
3.2274E-05,3.707E-01
3.2274E-05,3.787E-01
3.2280E-05,3.707E-01
3.2280E-05,3.787E-01
3.2286E-05,3.707E-01
3.2286E-05,3.787E-01
3.2292E-05,3.707E-01
3.2292E-05,3.747E-01
3.2298E-05,3.707E-01
3.2298E-05,3.747E-01
3.2304E-05,3.707E-01
3.2304E-05,3.747E-01
3.2310E-05,3.707E-01
3.2310E-05,3.747E-01
3.2316E-05,3.707E-01
3.2316E-05,3.707E-01
3.2322E-05,3.667E-01
3.2322E-05,3.707E-01
3.2328E-05,3.707E-01
3.2328E-05,3.747E-01
3.2334E-05,3.667E-01
3.2334E-05,3.747E-01
3.2340E-05,3.667E-01
3.2340E-05,3.707E-01
3.2346E-05,3.667E-01
3.2346E-05,3.707E-01
3.2352E-05,3.627E-01
3.2352E-05,3.707E-01
3.2358E-05,3.667E-01
3.2358E-05,3.707E-01
3.2364E-05,3.627E-01
3.2364E-05,3.667E-01
3.2370E-05,3.627E-01
3.2370E-05,3.667E-01
3.2376E-05,3.627E-01
3.2376E-05,3.667E-01
3.2382E-05,3.627E-01
3.2382E-05,3.667E-01
3.2388E-05,3.587E-01
3.2388E-05,3.627E-01
3.2394E-05,3.587E-01
3.2394E-05,3.627E-01
3.2400E-05,3.587E-01
3.2400E-05,3.627E-01
3.2406E-05,3.587E-01
3.2406E-05,3.627E-01
3.2412E-05,3.587E-01
3.2412E-05,3.627E-01
3.2418E-05,3.587E-01
3.2418E-05,3.627E-01
3.2424E-05,3.547E-01
3.2424E-05,3.627E-01
3.2430E-05,3.547E-01
3.2430E-05,3.587E-01
3.2436E-05,3.547E-01
3.2436E-05,3.587E-01
3.2442E-05,3.547E-01
3.2442E-05,3.587E-01
3.2448E-05,3.547E-01
3.2448E-05,3.587E-01
3.2454E-05,3.547E-01
3.2454E-05,3.587E-01
3.2460E-05,3.507E-01
3.2460E-05,3.587E-01
3.2466E-05,3.507E-01
3.2466E-05,3.547E-01
3.2472E-05,3.507E-01
3.2472E-05,3.547E-01
3.2478E-05,3.507E-01
3.2478E-05,3.547E-01
3.2484E-05,3.507E-01
3.2484E-05,3.547E-01
3.2490E-05,3.467E-01
3.2490E-05,3.547E-01
3.2496E-05,3.467E-01
3.2496E-05,3.507E-01
3.2502E-05,3.467E-01
3.2502E-05,3.507E-01
3.2508E-05,3.467E-01
3.2508E-05,3.507E-01
3.2514E-05,3.467E-01
3.2514E-05,3.507E-01
3.2520E-05,3.467E-01
3.2520E-05,3.507E-01
3.2526E-05,3.467E-01
3.2526E-05,3.507E-01
3.2532E-05,3.427E-01
3.2532E-05,3.507E-01
3.2538E-05,3.427E-01
3.2538E-05,3.507E-01
3.2544E-05,3.427E-01
3.2544E-05,3.467E-01
3.2550E-05,3.427E-01
3.2550E-05,3.467E-01
3.2556E-05,3.427E-01
3.2556E-05,3.507E-01
3.2562E-05,3.427E-01
3.2562E-05,3.467E-01
3.2568E-05,3.387E-01
3.2568E-05,3.467E-01
3.2574E-05,3.427E-01
3.2574E-05,3.467E-01
3.2580E-05,3.427E-01
3.2580E-05,3.467E-01
3.2586E-05,3.387E-01
3.2586E-05,3.427E-01
3.2592E-05,3.387E-01
3.2592E-05,3.427E-01
3.2598E-05,3.387E-01
3.2598E-05,3.427E-01
3.2604E-05,3.347E-01
3.2604E-05,3.427E-01
3.2610E-05,3.387E-01
3.2610E-05,3.427E-01
3.2616E-05,3.347E-01
3.2616E-05,3.427E-01
3.2622E-05,3.347E-01
3.2622E-05,3.427E-01
3.2628E-05,3.347E-01
3.2628E-05,3.387E-01
3.2634E-05,3.347E-01
3.2634E-05,3.387E-01
3.2640E-05,3.347E-01
3.2640E-05,3.347E-01
3.2646E-05,3.347E-01
3.2646E-05,3.347E-01
3.2652E-05,3.307E-01
3.2652E-05,3.347E-01
3.2658E-05,3.307E-01
3.2658E-05,3.347E-01
3.2664E-05,3.307E-01
3.2664E-05,3.347E-01
3.2670E-05,3.307E-01
3.2670E-05,3.347E-01
3.2676E-05,3.307E-01
3.2676E-05,3.347E-01
3.2682E-05,3.267E-01
3.2682E-05,3.307E-01
3.2688E-05,3.267E-01
3.2688E-05,3.347E-01
3.2694E-05,3.267E-01
3.2694E-05,3.307E-01
3.2700E-05,3.267E-01
3.2700E-05,3.307E-01
3.2706E-05,3.267E-01
3.2706E-05,3.307E-01
3.2712E-05,3.267E-01
3.2712E-05,3.307E-01
3.2718E-05,3.267E-01
3.2718E-05,3.307E-01
3.2724E-05,3.267E-01
3.2724E-05,3.307E-01
3.2730E-05,3.267E-01
3.2730E-05,3.267E-01
3.2736E-05,3.227E-01
3.2736E-05,3.267E-01
3.2742E-05,3.227E-01
3.2742E-05,3.267E-01
3.2748E-05,3.227E-01
3.2748E-05,3.267E-01
3.2754E-05,3.187E-01
3.2754E-05,3.267E-01
3.2760E-05,3.187E-01
3.2760E-05,3.227E-01
3.2766E-05,3.187E-01
3.2766E-05,3.227E-01
3.2772E-05,3.227E-01
3.2772E-05,3.227E-01
3.2778E-05,3.227E-01
3.2778E-05,3.267E-01
3.2784E-05,3.187E-01
3.2784E-05,3.227E-01
3.2790E-05,3.187E-01
3.2790E-05,3.227E-01
3.2796E-05,3.187E-01
3.2796E-05,3.227E-01
3.2802E-05,3.147E-01
3.2802E-05,3.227E-01
3.2808E-05,3.187E-01
3.2808E-05,3.227E-01
3.2814E-05,3.147E-01
3.2814E-05,3.227E-01
3.2820E-05,3.147E-01
3.2820E-05,3.187E-01
3.2826E-05,3.147E-01
3.2826E-05,3.187E-01
3.2832E-05,3.147E-01
3.2832E-05,3.187E-01
3.2838E-05,3.147E-01
3.2838E-05,3.187E-01
3.2844E-05,3.147E-01
3.2844E-05,3.187E-01
3.2850E-05,3.147E-01
3.2850E-05,3.187E-01
3.2856E-05,3.107E-01
3.2856E-05,3.147E-01
3.2862E-05,3.147E-01
3.2862E-05,3.187E-01
3.2868E-05,3.107E-01
3.2868E-05,3.187E-01
3.2874E-05,3.107E-01
3.2874E-05,3.187E-01
3.2880E-05,3.107E-01
3.2880E-05,3.147E-01
3.2886E-05,3.107E-01
3.2886E-05,3.147E-01
3.2892E-05,3.067E-01
3.2892E-05,3.147E-01
3.2898E-05,3.107E-01
3.2898E-05,3.147E-01
3.2904E-05,3.067E-01
3.2904E-05,3.147E-01
3.2910E-05,3.067E-01
3.2910E-05,3.107E-01
3.2916E-05,3.067E-01
3.2916E-05,3.107E-01
3.2922E-05,3.027E-01
3.2922E-05,3.107E-01
3.2928E-05,3.067E-01
3.2928E-05,3.107E-01
3.2934E-05,3.067E-01
3.2934E-05,3.067E-01
3.2940E-05,3.027E-01
3.2940E-05,3.067E-01
3.2946E-05,3.027E-01
3.2946E-05,3.067E-01
3.2952E-05,3.067E-01
3.2952E-05,3.067E-01
3.2958E-05,3.067E-01
3.2958E-05,3.067E-01
3.2964E-05,3.027E-01
3.2964E-05,3.107E-01
3.2970E-05,3.027E-01
3.2970E-05,3.067E-01
3.2976E-05,3.027E-01
3.2976E-05,3.067E-01
3.2982E-05,3.027E-01
3.2982E-05,3.067E-01
3.2988E-05,3.027E-01
3.2988E-05,3.027E-01
3.2994E-05,3.027E-01
3.2994E-05,3.067E-01
3.3000E-05,2.987E-01
3.3000E-05,3.027E-01
3.3006E-05,2.987E-01
3.3006E-05,3.067E-01
3.3012E-05,2.987E-01
3.3012E-05,3.067E-01
3.3018E-05,2.987E-01
3.3018E-05,3.027E-01
3.3024E-05,2.987E-01
3.3024E-05,3.027E-01
3.3030E-05,2.987E-01
3.3030E-05,3.027E-01
3.3036E-05,2.987E-01
3.3036E-05,3.027E-01
3.3042E-05,2.987E-01
3.3042E-05,3.027E-01
3.3048E-05,2.947E-01
3.3048E-05,3.027E-01
3.3054E-05,2.947E-01
3.3054E-05,2.987E-01
3.3060E-05,2.947E-01
3.3060E-05,2.987E-01
3.3066E-05,2.947E-01
3.3066E-05,2.987E-01
3.3072E-05,2.947E-01
3.3072E-05,2.987E-01
3.3078E-05,2.947E-01
3.3078E-05,2.987E-01
3.3084E-05,2.907E-01
3.3084E-05,2.947E-01
3.3090E-05,2.907E-01
3.3090E-05,2.987E-01
3.3096E-05,2.907E-01
3.3096E-05,2.987E-01
3.3102E-05,2.907E-01
3.3102E-05,2.947E-01
3.3108E-05,2.947E-01
3.3108E-05,2.947E-01
3.3114E-05,2.907E-01
3.3114E-05,2.947E-01
3.3120E-05,2.907E-01
3.3120E-05,2.947E-01
3.3126E-05,2.907E-01
3.3126E-05,2.947E-01
3.3132E-05,2.907E-01
3.3132E-05,2.947E-01
3.3138E-05,2.907E-01
3.3138E-05,2.947E-01
3.3144E-05,2.867E-01
3.3144E-05,2.947E-01
3.3150E-05,2.867E-01
3.3150E-05,2.947E-01
3.3156E-05,2.867E-01
3.3156E-05,2.907E-01
3.3162E-05,2.867E-01
3.3162E-05,2.907E-01
3.3168E-05,2.867E-01
3.3168E-05,2.907E-01
3.3174E-05,2.867E-01
3.3174E-05,2.907E-01
3.3180E-05,2.867E-01
3.3180E-05,2.907E-01
3.3186E-05,2.867E-01
3.3186E-05,2.907E-01
3.3192E-05,2.867E-01
3.3192E-05,2.907E-01
3.3198E-05,2.867E-01
3.3198E-05,2.907E-01
3.3204E-05,2.867E-01
3.3204E-05,2.907E-01
3.3210E-05,2.827E-01
3.3210E-05,2.907E-01
3.3216E-05,2.827E-01
3.3216E-05,2.907E-01
3.3222E-05,2.867E-01
3.3222E-05,2.907E-01
3.3228E-05,2.827E-01
3.3228E-05,2.867E-01
3.3234E-05,2.827E-01
3.3234E-05,2.867E-01
3.3240E-05,2.827E-01
3.3240E-05,2.907E-01
3.3246E-05,2.827E-01
3.3246E-05,2.867E-01
3.3252E-05,2.787E-01
3.3252E-05,2.867E-01
3.3258E-05,2.827E-01
3.3258E-05,2.867E-01
3.3264E-05,2.787E-01
3.3264E-05,2.867E-01
3.3270E-05,2.787E-01
3.3270E-05,2.827E-01
3.3276E-05,2.787E-01
3.3276E-05,2.867E-01
3.3282E-05,2.787E-01
3.3282E-05,2.867E-01
3.3288E-05,2.787E-01
3.3288E-05,2.867E-01
3.3294E-05,2.827E-01
3.3294E-05,2.867E-01
3.3300E-05,2.787E-01
3.3300E-05,2.867E-01
3.3306E-05,2.827E-01
3.3306E-05,2.867E-01
3.3312E-05,2.827E-01
3.3312E-05,2.827E-01
3.3318E-05,2.787E-01
3.3318E-05,2.827E-01
3.3324E-05,2.787E-01
3.3324E-05,2.827E-01
3.3330E-05,2.787E-01
3.3330E-05,2.827E-01
3.3336E-05,2.787E-01
3.3336E-05,2.827E-01
3.3342E-05,2.747E-01
3.3342E-05,2.827E-01
3.3348E-05,2.747E-01
3.3348E-05,2.827E-01
3.3354E-05,2.787E-01
3.3354E-05,2.827E-01
3.3360E-05,2.787E-01
3.3360E-05,2.827E-01
3.3366E-05,2.787E-01
3.3366E-05,2.827E-01
3.3372E-05,2.787E-01
3.3372E-05,2.827E-01
3.3378E-05,2.747E-01
3.3378E-05,2.827E-01
3.3384E-05,2.747E-01
3.3384E-05,2.787E-01
3.3390E-05,2.787E-01
3.3390E-05,2.827E-01
3.3396E-05,2.747E-01
3.3396E-05,2.787E-01
3.3402E-05,2.747E-01
3.3402E-05,2.787E-01
3.3408E-05,2.747E-01
3.3408E-05,2.787E-01
3.3414E-05,2.747E-01
3.3414E-05,2.787E-01
3.3420E-05,2.747E-01
3.3420E-05,2.827E-01
3.3426E-05,2.747E-01
3.3426E-05,2.787E-01
3.3432E-05,2.747E-01
3.3432E-05,2.787E-01
3.3438E-05,2.747E-01
3.3438E-05,2.787E-01
3.3444E-05,2.747E-01
3.3444E-05,2.787E-01
3.3450E-05,2.747E-01
3.3450E-05,2.787E-01
3.3456E-05,2.747E-01
3.3456E-05,2.787E-01
3.3462E-05,2.747E-01
3.3462E-05,2.787E-01
3.3468E-05,2.747E-01
3.3468E-05,2.787E-01
3.3474E-05,2.747E-01
3.3474E-05,2.787E-01
3.3480E-05,2.747E-01
3.3480E-05,2.747E-01
3.3486E-05,2.747E-01
3.3486E-05,2.787E-01
3.3492E-05,2.707E-01
3.3492E-05,2.787E-01
3.3498E-05,2.747E-01
3.3498E-05,2.787E-01
3.3504E-05,2.747E-01
3.3504E-05,2.787E-01
3.3510E-05,2.747E-01
3.3510E-05,2.787E-01
3.3516E-05,2.747E-01
3.3516E-05,2.747E-01
3.3522E-05,2.747E-01
3.3522E-05,2.747E-01
3.3528E-05,2.707E-01
3.3528E-05,2.747E-01
3.3534E-05,2.747E-01
3.3534E-05,2.787E-01
3.3540E-05,2.747E-01
3.3540E-05,2.747E-01
3.3546E-05,2.747E-01
3.3546E-05,2.747E-01
3.3552E-05,2.747E-01
3.3552E-05,2.747E-01
3.3558E-05,2.747E-01
3.3558E-05,2.747E-01
3.3564E-05,2.747E-01
3.3564E-05,2.747E-01
3.3570E-05,2.707E-01
3.3570E-05,2.747E-01
3.3576E-05,2.707E-01
3.3576E-05,2.747E-01
3.3582E-05,2.707E-01
3.3582E-05,2.747E-01
3.3588E-05,2.707E-01
3.3588E-05,2.747E-01
3.3594E-05,2.707E-01
3.3594E-05,2.747E-01
3.3600E-05,2.707E-01
3.3600E-05,2.747E-01
3.3606E-05,2.707E-01
3.3606E-05,2.747E-01
3.3612E-05,2.707E-01
3.3612E-05,2.747E-01
3.3618E-05,2.707E-01
3.3618E-05,2.747E-01
3.3624E-05,2.707E-01
3.3624E-05,2.747E-01
3.3630E-05,2.707E-01
3.3630E-05,2.747E-01
3.3636E-05,2.707E-01
3.3636E-05,2.747E-01
3.3642E-05,2.707E-01
3.3642E-05,2.747E-01
3.3648E-05,2.707E-01
3.3648E-05,2.747E-01
3.3654E-05,2.707E-01
3.3654E-05,2.747E-01
3.3660E-05,2.707E-01
3.3660E-05,2.747E-01
3.3666E-05,2.707E-01
3.3666E-05,2.747E-01
3.3672E-05,2.707E-01
3.3672E-05,2.747E-01
3.3678E-05,2.707E-01
3.3678E-05,2.747E-01
3.3684E-05,2.707E-01
3.3684E-05,2.747E-01
3.3690E-05,2.707E-01
3.3690E-05,2.747E-01
3.3696E-05,2.707E-01
3.3696E-05,2.747E-01
3.3702E-05,2.707E-01
3.3702E-05,2.707E-01
3.3708E-05,2.707E-01
3.3708E-05,2.747E-01
3.3714E-05,2.707E-01
3.3714E-05,2.747E-01
3.3720E-05,2.707E-01
3.3720E-05,2.747E-01
3.3726E-05,2.707E-01
3.3726E-05,2.747E-01
3.3732E-05,2.707E-01
3.3732E-05,2.747E-01
3.3738E-05,2.707E-01
3.3738E-05,2.747E-01
3.3744E-05,2.707E-01
3.3744E-05,2.747E-01
3.3750E-05,2.707E-01
3.3750E-05,2.747E-01
3.3756E-05,2.707E-01
3.3756E-05,2.747E-01
3.3762E-05,2.707E-01
3.3762E-05,2.747E-01
3.3768E-05,2.707E-01
3.3768E-05,2.747E-01
3.3774E-05,2.707E-01
3.3774E-05,2.747E-01
3.3780E-05,2.707E-01
3.3780E-05,2.747E-01
3.3786E-05,2.707E-01
3.3786E-05,2.747E-01
3.3792E-05,2.707E-01
3.3792E-05,2.747E-01
3.3798E-05,2.707E-01
3.3798E-05,2.787E-01
3.3804E-05,2.707E-01
3.3804E-05,2.787E-01
3.3810E-05,2.707E-01
3.3810E-05,2.747E-01
3.3816E-05,2.747E-01
3.3816E-05,2.747E-01
3.3822E-05,2.707E-01
3.3822E-05,2.747E-01
3.3828E-05,2.747E-01
3.3828E-05,2.747E-01
3.3834E-05,2.747E-01
3.3834E-05,2.747E-01
3.3840E-05,2.707E-01
3.3840E-05,2.787E-01
3.3846E-05,2.707E-01
3.3846E-05,2.747E-01
3.3852E-05,2.707E-01
3.3852E-05,2.747E-01
3.3858E-05,2.707E-01
3.3858E-05,2.787E-01
3.3864E-05,2.707E-01
3.3864E-05,2.787E-01
3.3870E-05,2.747E-01
3.3870E-05,2.787E-01
3.3876E-05,2.747E-01
3.3876E-05,2.787E-01
3.3882E-05,2.707E-01
3.3882E-05,2.787E-01
3.3888E-05,2.707E-01
3.3888E-05,2.787E-01
3.3894E-05,2.747E-01
3.3894E-05,2.787E-01
3.3900E-05,2.747E-01
3.3900E-05,2.787E-01
3.3906E-05,2.747E-01
3.3906E-05,2.787E-01
3.3912E-05,2.707E-01
3.3912E-05,2.787E-01
3.3918E-05,2.707E-01
3.3918E-05,2.787E-01
3.3924E-05,2.747E-01
3.3924E-05,2.787E-01
3.3930E-05,2.707E-01
3.3930E-05,2.787E-01
3.3936E-05,2.707E-01
3.3936E-05,2.787E-01
3.3942E-05,2.747E-01
3.3942E-05,2.787E-01
3.3948E-05,2.747E-01
3.3948E-05,2.787E-01
3.3954E-05,2.747E-01
3.3954E-05,2.787E-01
3.3960E-05,2.787E-01
3.3960E-05,2.787E-01
3.3966E-05,2.747E-01
3.3966E-05,2.787E-01
3.3972E-05,2.747E-01
3.3972E-05,2.787E-01
3.3978E-05,2.747E-01
3.3978E-05,2.787E-01
3.3984E-05,2.747E-01
3.3984E-05,2.827E-01
3.3990E-05,2.747E-01
3.3990E-05,2.827E-01
3.3996E-05,2.747E-01
3.3996E-05,2.787E-01
3.4002E-05,2.747E-01
3.4002E-05,2.827E-01
3.4008E-05,2.787E-01
3.4008E-05,2.827E-01
3.4014E-05,2.787E-01
3.4014E-05,2.827E-01
3.4020E-05,2.787E-01
3.4020E-05,2.827E-01
3.4026E-05,2.787E-01
3.4026E-05,2.827E-01
3.4032E-05,2.787E-01
3.4032E-05,2.827E-01
3.4038E-05,2.787E-01
3.4038E-05,2.827E-01
3.4044E-05,2.787E-01
3.4044E-05,2.827E-01
3.4050E-05,2.787E-01
3.4050E-05,2.827E-01
3.4056E-05,2.787E-01
3.4056E-05,2.827E-01
3.4062E-05,2.787E-01
3.4062E-05,2.827E-01
3.4068E-05,2.787E-01
3.4068E-05,2.827E-01
3.4074E-05,2.827E-01
3.4074E-05,2.867E-01
3.4080E-05,2.827E-01
3.4080E-05,2.827E-01
3.4086E-05,2.827E-01
3.4086E-05,2.867E-01
3.4092E-05,2.827E-01
3.4092E-05,2.867E-01
3.4098E-05,2.827E-01
3.4098E-05,2.827E-01
3.4104E-05,2.787E-01
3.4104E-05,2.827E-01
3.4110E-05,2.827E-01
3.4110E-05,2.867E-01
3.4116E-05,2.827E-01
3.4116E-05,2.867E-01
3.4122E-05,2.787E-01
3.4122E-05,2.867E-01
3.4128E-05,2.787E-01
3.4128E-05,2.907E-01
3.4134E-05,2.827E-01
3.4134E-05,2.867E-01
3.4140E-05,2.827E-01
3.4140E-05,2.867E-01
3.4146E-05,2.827E-01
3.4146E-05,2.867E-01
3.4152E-05,2.827E-01
3.4152E-05,2.867E-01
3.4158E-05,2.827E-01
3.4158E-05,2.907E-01
3.4164E-05,2.867E-01
3.4164E-05,2.867E-01
3.4170E-05,2.827E-01
3.4170E-05,2.867E-01
3.4176E-05,2.827E-01
3.4176E-05,2.867E-01
3.4182E-05,2.827E-01
3.4182E-05,2.907E-01
3.4188E-05,2.867E-01
3.4188E-05,2.907E-01
3.4194E-05,2.867E-01
3.4194E-05,2.907E-01
3.4200E-05,2.867E-01
3.4200E-05,2.907E-01
3.4206E-05,2.867E-01
3.4206E-05,2.907E-01
3.4212E-05,2.907E-01
3.4212E-05,2.907E-01
3.4218E-05,2.907E-01
3.4218E-05,2.907E-01
3.4224E-05,2.907E-01
3.4224E-05,2.907E-01
3.4230E-05,2.907E-01
3.4230E-05,2.947E-01
3.4236E-05,2.907E-01
3.4236E-05,2.907E-01
3.4242E-05,2.907E-01
3.4242E-05,2.947E-01
3.4248E-05,2.907E-01
3.4248E-05,2.947E-01
3.4254E-05,2.907E-01
3.4254E-05,2.947E-01
3.4260E-05,2.907E-01
3.4260E-05,2.947E-01
3.4266E-05,2.907E-01
3.4266E-05,2.947E-01
3.4272E-05,2.907E-01
3.4272E-05,2.987E-01
3.4278E-05,2.907E-01
3.4278E-05,2.947E-01
3.4284E-05,2.907E-01
3.4284E-05,2.987E-01
3.4290E-05,2.907E-01
3.4290E-05,2.987E-01
3.4296E-05,2.947E-01
3.4296E-05,2.987E-01
3.4302E-05,2.947E-01
3.4302E-05,2.987E-01
3.4308E-05,2.947E-01
3.4308E-05,2.987E-01
3.4314E-05,2.947E-01
3.4314E-05,2.987E-01
3.4320E-05,2.947E-01
3.4320E-05,2.987E-01
3.4326E-05,2.947E-01
3.4326E-05,2.987E-01
3.4332E-05,2.987E-01
3.4332E-05,3.027E-01
3.4338E-05,2.947E-01
3.4338E-05,2.987E-01
3.4344E-05,2.947E-01
3.4344E-05,3.027E-01
3.4350E-05,2.947E-01
3.4350E-05,3.027E-01
3.4356E-05,2.987E-01
3.4356E-05,3.027E-01
3.4362E-05,2.987E-01
3.4362E-05,3.027E-01
3.4368E-05,2.987E-01
3.4368E-05,3.027E-01
3.4374E-05,3.027E-01
3.4374E-05,3.027E-01
3.4380E-05,2.987E-01
3.4380E-05,3.027E-01
3.4386E-05,3.027E-01
3.4386E-05,3.027E-01
3.4392E-05,3.027E-01
3.4392E-05,3.067E-01
3.4398E-05,3.027E-01
3.4398E-05,3.027E-01
3.4404E-05,3.027E-01
3.4404E-05,3.027E-01
3.4410E-05,3.027E-01
3.4410E-05,3.067E-01
3.4416E-05,3.027E-01
3.4416E-05,3.067E-01
3.4422E-05,3.027E-01
3.4422E-05,3.107E-01
3.4428E-05,3.027E-01
3.4428E-05,3.067E-01
3.4434E-05,3.067E-01
3.4434E-05,3.067E-01
3.4440E-05,3.067E-01
3.4440E-05,3.107E-01
3.4446E-05,3.027E-01
3.4446E-05,3.107E-01
3.4452E-05,3.027E-01
3.4452E-05,3.107E-01
3.4458E-05,3.027E-01
3.4458E-05,3.107E-01
3.4464E-05,3.067E-01
3.4464E-05,3.107E-01
3.4470E-05,3.067E-01
3.4470E-05,3.107E-01
3.4476E-05,3.067E-01
3.4476E-05,3.107E-01
3.4482E-05,3.067E-01
3.4482E-05,3.147E-01
3.4488E-05,3.107E-01
3.4488E-05,3.147E-01
3.4494E-05,3.067E-01
3.4494E-05,3.147E-01
3.4500E-05,3.067E-01
3.4500E-05,3.147E-01
3.4506E-05,3.107E-01
3.4506E-05,3.147E-01
3.4512E-05,3.147E-01
3.4512E-05,3.147E-01
3.4518E-05,3.107E-01
3.4518E-05,3.147E-01
3.4524E-05,3.107E-01
3.4524E-05,3.147E-01
3.4530E-05,3.107E-01
3.4530E-05,3.147E-01
3.4536E-05,3.107E-01
3.4536E-05,3.187E-01
3.4542E-05,3.147E-01
3.4542E-05,3.187E-01
3.4548E-05,3.147E-01
3.4548E-05,3.187E-01
3.4554E-05,3.187E-01
3.4554E-05,3.187E-01
3.4560E-05,3.147E-01
3.4560E-05,3.187E-01
3.4566E-05,3.147E-01
3.4566E-05,3.187E-01
3.4572E-05,3.187E-01
3.4572E-05,3.227E-01
3.4578E-05,3.187E-01
3.4578E-05,3.227E-01
3.4584E-05,3.187E-01
3.4584E-05,3.227E-01
3.4590E-05,3.187E-01
3.4590E-05,3.227E-01
3.4596E-05,3.187E-01
3.4596E-05,3.227E-01
3.4602E-05,3.187E-01
3.4602E-05,3.267E-01
3.4608E-05,3.227E-01
3.4608E-05,3.227E-01
3.4614E-05,3.227E-01
3.4614E-05,3.267E-01
3.4620E-05,3.227E-01
3.4620E-05,3.267E-01
3.4626E-05,3.227E-01
3.4626E-05,3.267E-01
3.4632E-05,3.227E-01
3.4632E-05,3.267E-01
3.4638E-05,3.227E-01
3.4638E-05,3.267E-01
3.4644E-05,3.267E-01
3.4644E-05,3.267E-01
3.4650E-05,3.227E-01
3.4650E-05,3.267E-01
3.4656E-05,3.267E-01
3.4656E-05,3.307E-01
3.4662E-05,3.267E-01
3.4662E-05,3.307E-01
3.4668E-05,3.267E-01
3.4668E-05,3.307E-01
3.4674E-05,3.267E-01
3.4674E-05,3.307E-01
3.4680E-05,3.267E-01
3.4680E-05,3.307E-01
3.4686E-05,3.267E-01
3.4686E-05,3.307E-01
3.4692E-05,3.307E-01
3.4692E-05,3.347E-01
3.4698E-05,3.307E-01
3.4698E-05,3.347E-01
3.4704E-05,3.307E-01
3.4704E-05,3.347E-01
3.4710E-05,3.307E-01
3.4710E-05,3.347E-01
3.4716E-05,3.307E-01
3.4716E-05,3.347E-01
3.4722E-05,3.307E-01
3.4722E-05,3.387E-01
3.4728E-05,3.307E-01
3.4728E-05,3.347E-01
3.4734E-05,3.307E-01
3.4734E-05,3.387E-01
3.4740E-05,3.307E-01
3.4740E-05,3.387E-01
3.4746E-05,3.307E-01
3.4746E-05,3.347E-01
3.4752E-05,3.347E-01
3.4752E-05,3.387E-01
3.4758E-05,3.347E-01
3.4758E-05,3.387E-01
3.4764E-05,3.347E-01
3.4764E-05,3.427E-01
3.4770E-05,3.387E-01
3.4770E-05,3.427E-01
3.4776E-05,3.387E-01
3.4776E-05,3.427E-01
3.4782E-05,3.387E-01
3.4782E-05,3.427E-01
3.4788E-05,3.387E-01
3.4788E-05,3.427E-01
3.4794E-05,3.387E-01
3.4794E-05,3.427E-01
3.4800E-05,3.387E-01
3.4800E-05,3.427E-01
3.4806E-05,3.387E-01
3.4806E-05,3.427E-01
3.4812E-05,3.427E-01
3.4812E-05,3.427E-01
3.4818E-05,3.427E-01
3.4818E-05,3.467E-01
3.4824E-05,3.427E-01
3.4824E-05,3.467E-01
3.4830E-05,3.427E-01
3.4830E-05,3.467E-01
3.4836E-05,3.427E-01
3.4836E-05,3.467E-01
3.4842E-05,3.467E-01
3.4842E-05,3.507E-01
3.4848E-05,3.467E-01
3.4848E-05,3.507E-01
3.4854E-05,3.427E-01
3.4854E-05,3.507E-01
3.4860E-05,3.427E-01
3.4860E-05,3.507E-01
3.4866E-05,3.467E-01
3.4866E-05,3.547E-01
3.4872E-05,3.467E-01
3.4872E-05,3.507E-01
3.4878E-05,3.467E-01
3.4878E-05,3.507E-01
3.4884E-05,3.467E-01
3.4884E-05,3.507E-01
3.4890E-05,3.507E-01
3.4890E-05,3.587E-01
3.4896E-05,3.507E-01
3.4896E-05,3.547E-01
3.4902E-05,3.507E-01
3.4902E-05,3.547E-01
3.4908E-05,3.507E-01
3.4908E-05,3.587E-01
3.4914E-05,3.507E-01
3.4914E-05,3.587E-01
3.4920E-05,3.547E-01
3.4920E-05,3.587E-01
3.4926E-05,3.547E-01
3.4926E-05,3.587E-01
3.4932E-05,3.547E-01
3.4932E-05,3.587E-01
3.4938E-05,3.587E-01
3.4938E-05,3.587E-01
3.4944E-05,3.547E-01
3.4944E-05,3.587E-01
3.4950E-05,3.547E-01
3.4950E-05,3.627E-01
3.4956E-05,3.587E-01
3.4956E-05,3.627E-01
3.4962E-05,3.587E-01
3.4962E-05,3.587E-01
3.4968E-05,3.587E-01
3.4968E-05,3.627E-01
3.4974E-05,3.587E-01
3.4974E-05,3.627E-01
3.4980E-05,3.587E-01
3.4980E-05,3.627E-01
3.4986E-05,3.587E-01
3.4986E-05,3.627E-01
3.4992E-05,3.587E-01
3.4992E-05,3.627E-01
3.4998E-05,3.587E-01
3.4998E-05,3.627E-01
3.5004E-05,3.627E-01
3.5004E-05,3.627E-01
3.5010E-05,3.627E-01
3.5010E-05,3.667E-01
3.5016E-05,3.627E-01
3.5016E-05,3.667E-01
3.5022E-05,3.627E-01
3.5022E-05,3.667E-01
3.5028E-05,3.627E-01
3.5028E-05,3.667E-01
3.5034E-05,3.627E-01
3.5034E-05,3.667E-01
3.5040E-05,3.667E-01
3.5040E-05,3.707E-01
3.5046E-05,3.667E-01
3.5046E-05,3.707E-01
3.5052E-05,3.667E-01
3.5052E-05,3.707E-01
3.5058E-05,3.667E-01
3.5058E-05,3.707E-01
3.5064E-05,3.667E-01
3.5064E-05,3.707E-01
3.5070E-05,3.707E-01
3.5070E-05,3.747E-01
3.5076E-05,3.707E-01
3.5076E-05,3.707E-01
3.5082E-05,3.707E-01
3.5082E-05,3.747E-01
3.5088E-05,3.707E-01
3.5088E-05,3.747E-01
3.5094E-05,3.707E-01
3.5094E-05,3.747E-01
3.5100E-05,3.707E-01
3.5100E-05,3.747E-01
3.5106E-05,3.707E-01
3.5106E-05,3.747E-01
3.5112E-05,3.707E-01
3.5112E-05,3.747E-01
3.5118E-05,3.747E-01
3.5118E-05,3.787E-01
3.5124E-05,3.747E-01
3.5124E-05,3.787E-01
3.5130E-05,3.747E-01
3.5130E-05,3.787E-01
3.5136E-05,3.787E-01
3.5136E-05,3.787E-01
3.5142E-05,3.707E-01
3.5142E-05,3.827E-01
3.5148E-05,3.707E-01
3.5148E-05,3.827E-01
3.5154E-05,3.787E-01
3.5154E-05,3.827E-01
3.5160E-05,3.787E-01
3.5160E-05,3.827E-01
3.5166E-05,3.787E-01
3.5166E-05,3.827E-01
3.5172E-05,3.787E-01
3.5172E-05,3.827E-01
3.5178E-05,3.787E-01
3.5178E-05,3.827E-01
3.5184E-05,3.787E-01
3.5184E-05,3.867E-01
3.5190E-05,3.787E-01
3.5190E-05,3.867E-01
3.5196E-05,3.827E-01
3.5196E-05,3.867E-01
3.5202E-05,3.827E-01
3.5202E-05,3.867E-01
3.5208E-05,3.827E-01
3.5208E-05,3.907E-01
3.5214E-05,3.827E-01
3.5214E-05,3.907E-01
3.5220E-05,3.827E-01
3.5220E-05,3.907E-01
3.5226E-05,3.827E-01
3.5226E-05,3.907E-01
3.5232E-05,3.867E-01
3.5232E-05,3.907E-01
3.5238E-05,3.867E-01
3.5238E-05,3.907E-01
3.5244E-05,3.867E-01
3.5244E-05,3.947E-01
3.5250E-05,3.867E-01
3.5250E-05,3.947E-01
3.5256E-05,3.867E-01
3.5256E-05,3.947E-01
3.5262E-05,3.907E-01
3.5262E-05,3.907E-01
3.5268E-05,3.867E-01
3.5268E-05,3.907E-01
3.5274E-05,3.907E-01
3.5274E-05,3.947E-01
3.5280E-05,3.907E-01
3.5280E-05,3.947E-01
3.5286E-05,3.947E-01
3.5286E-05,3.987E-01
3.5292E-05,3.907E-01
3.5292E-05,3.947E-01
3.5298E-05,3.907E-01
3.5298E-05,3.987E-01
3.5304E-05,3.907E-01
3.5304E-05,3.987E-01
3.5310E-05,3.947E-01
3.5310E-05,3.947E-01
3.5316E-05,3.947E-01
3.5316E-05,3.987E-01
3.5322E-05,3.947E-01
3.5322E-05,3.987E-01
3.5328E-05,3.947E-01
3.5328E-05,3.947E-01
3.5334E-05,3.947E-01
3.5334E-05,3.987E-01
3.5340E-05,3.947E-01
3.5340E-05,3.987E-01
3.5346E-05,3.947E-01
3.5346E-05,4.027E-01
3.5352E-05,3.987E-01
3.5352E-05,4.027E-01
3.5358E-05,3.987E-01
3.5358E-05,4.027E-01
3.5364E-05,3.987E-01
3.5364E-05,4.027E-01
3.5370E-05,3.987E-01
3.5370E-05,4.027E-01
3.5376E-05,3.987E-01
3.5376E-05,4.027E-01
3.5382E-05,3.987E-01
3.5382E-05,4.027E-01
3.5388E-05,4.027E-01
3.5388E-05,4.027E-01
3.5394E-05,4.027E-01
3.5394E-05,4.067E-01
3.5400E-05,4.027E-01
3.5400E-05,4.067E-01
3.5406E-05,4.027E-01
3.5406E-05,4.027E-01
3.5412E-05,4.027E-01
3.5412E-05,4.067E-01
3.5418E-05,4.027E-01
3.5418E-05,4.067E-01
3.5424E-05,4.027E-01
3.5424E-05,4.067E-01
3.5430E-05,4.027E-01
3.5430E-05,4.107E-01
3.5436E-05,4.067E-01
3.5436E-05,4.107E-01
3.5442E-05,4.027E-01
3.5442E-05,4.067E-01
3.5448E-05,4.027E-01
3.5448E-05,4.107E-01
3.5454E-05,4.027E-01
3.5454E-05,4.107E-01
3.5460E-05,4.067E-01
3.5460E-05,4.107E-01
3.5466E-05,4.067E-01
3.5466E-05,4.107E-01
3.5472E-05,4.067E-01
3.5472E-05,4.107E-01
3.5478E-05,4.067E-01
3.5478E-05,4.107E-01
3.5484E-05,4.107E-01
3.5484E-05,4.107E-01
3.5490E-05,4.107E-01
3.5490E-05,4.147E-01
3.5496E-05,4.067E-01
3.5496E-05,4.147E-01
3.5502E-05,4.067E-01
3.5502E-05,4.147E-01
3.5508E-05,4.067E-01
3.5508E-05,4.147E-01
3.5514E-05,4.107E-01
3.5514E-05,4.147E-01
3.5520E-05,4.107E-01
3.5520E-05,4.187E-01
3.5526E-05,4.107E-01
3.5526E-05,4.147E-01
3.5532E-05,4.107E-01
3.5532E-05,4.147E-01
3.5538E-05,4.107E-01
3.5538E-05,4.187E-01
3.5544E-05,4.107E-01
3.5544E-05,4.187E-01
3.5550E-05,4.107E-01
3.5550E-05,4.187E-01
3.5556E-05,4.147E-01
3.5556E-05,4.187E-01
3.5562E-05,4.147E-01
3.5562E-05,4.187E-01
3.5568E-05,4.147E-01
3.5568E-05,4.227E-01
3.5574E-05,4.147E-01
3.5574E-05,4.227E-01
3.5580E-05,4.187E-01
3.5580E-05,4.187E-01
3.5586E-05,4.187E-01
3.5586E-05,4.187E-01
3.5592E-05,4.147E-01
3.5592E-05,4.227E-01
3.5598E-05,4.147E-01
3.5598E-05,4.227E-01
3.5604E-05,4.187E-01
3.5604E-05,4.227E-01
3.5610E-05,4.187E-01
3.5610E-05,4.227E-01
3.5616E-05,4.187E-01
3.5616E-05,4.227E-01
3.5622E-05,4.187E-01
3.5622E-05,4.227E-01
3.5628E-05,4.147E-01
3.5628E-05,4.227E-01
3.5634E-05,4.187E-01
3.5634E-05,4.227E-01
3.5640E-05,4.187E-01
3.5640E-05,4.267E-01
3.5646E-05,4.187E-01
3.5646E-05,4.267E-01
3.5652E-05,4.187E-01
3.5652E-05,4.267E-01
3.5658E-05,4.187E-01
3.5658E-05,4.267E-01
3.5664E-05,4.187E-01
3.5664E-05,4.267E-01
3.5670E-05,4.227E-01
3.5670E-05,4.267E-01
3.5676E-05,4.227E-01
3.5676E-05,4.267E-01
3.5682E-05,4.227E-01
3.5682E-05,4.267E-01
3.5688E-05,4.227E-01
3.5688E-05,4.267E-01
3.5694E-05,4.227E-01
3.5694E-05,4.267E-01
3.5700E-05,4.267E-01
3.5700E-05,4.267E-01
3.5706E-05,4.227E-01
3.5706E-05,4.267E-01
3.5712E-05,4.227E-01
3.5712E-05,4.267E-01
3.5718E-05,4.227E-01
3.5718E-05,4.307E-01
3.5724E-05,4.227E-01
3.5724E-05,4.307E-01
3.5730E-05,4.267E-01
3.5730E-05,4.307E-01
3.5736E-05,4.267E-01
3.5736E-05,4.307E-01
3.5742E-05,4.227E-01
3.5742E-05,4.307E-01
3.5748E-05,4.267E-01
3.5748E-05,4.307E-01
3.5754E-05,4.267E-01
3.5754E-05,4.347E-01
3.5760E-05,4.267E-01
3.5760E-05,4.307E-01
3.5766E-05,4.267E-01
3.5766E-05,4.307E-01
3.5772E-05,4.267E-01
3.5772E-05,4.307E-01
3.5778E-05,4.267E-01
3.5778E-05,4.307E-01
3.5784E-05,4.267E-01
3.5784E-05,4.307E-01
3.5790E-05,4.267E-01
3.5790E-05,4.307E-01
3.5796E-05,4.267E-01
3.5796E-05,4.347E-01
3.5802E-05,4.267E-01
3.5802E-05,4.307E-01
3.5808E-05,4.267E-01
3.5808E-05,4.347E-01
3.5814E-05,4.307E-01
3.5814E-05,4.347E-01
3.5820E-05,4.307E-01
3.5820E-05,4.347E-01
3.5826E-05,4.307E-01
3.5826E-05,4.347E-01
3.5832E-05,4.307E-01
3.5832E-05,4.347E-01
3.5838E-05,4.307E-01
3.5838E-05,4.347E-01
3.5844E-05,4.307E-01
3.5844E-05,4.347E-01
3.5850E-05,4.307E-01
3.5850E-05,4.347E-01
3.5856E-05,4.307E-01
3.5856E-05,4.347E-01
3.5862E-05,4.307E-01
3.5862E-05,4.387E-01
3.5868E-05,4.307E-01
3.5868E-05,4.347E-01
3.5874E-05,4.307E-01
3.5874E-05,4.347E-01
3.5880E-05,4.307E-01
3.5880E-05,4.347E-01
3.5886E-05,4.347E-01
3.5886E-05,4.387E-01
3.5892E-05,4.307E-01
3.5892E-05,4.387E-01
3.5898E-05,4.307E-01
3.5898E-05,4.347E-01
3.5904E-05,4.347E-01
3.5904E-05,4.347E-01
3.5910E-05,4.347E-01
3.5910E-05,4.347E-01
3.5916E-05,4.307E-01
3.5916E-05,4.387E-01
3.5922E-05,4.307E-01
3.5922E-05,4.387E-01
3.5928E-05,4.307E-01
3.5928E-05,4.387E-01
3.5934E-05,4.347E-01
3.5934E-05,4.387E-01
3.5940E-05,4.347E-01
3.5940E-05,4.387E-01
3.5946E-05,4.347E-01
3.5946E-05,4.347E-01
3.5952E-05,4.347E-01
3.5952E-05,4.387E-01
3.5958E-05,4.347E-01
3.5958E-05,4.387E-01
3.5964E-05,4.347E-01
3.5964E-05,4.387E-01
3.5970E-05,4.347E-01
3.5970E-05,4.387E-01
3.5976E-05,4.347E-01
3.5976E-05,4.387E-01
3.5982E-05,4.347E-01
3.5982E-05,4.427E-01
3.5988E-05,4.347E-01
3.5988E-05,4.427E-01
3.5994E-05,4.347E-01
3.5994E-05,4.387E-01
3.6000E-05,4.387E-01
3.6000E-05,4.387E-01
3.6006E-05,4.387E-01
3.6006E-05,4.427E-01
3.6012E-05,4.347E-01
3.6012E-05,4.387E-01
3.6018E-05,4.347E-01
3.6018E-05,4.387E-01
3.6024E-05,4.347E-01
3.6024E-05,4.387E-01
3.6030E-05,4.347E-01
3.6030E-05,4.427E-01
3.6036E-05,4.387E-01
3.6036E-05,4.387E-01
3.6042E-05,4.387E-01
3.6042E-05,4.427E-01
3.6048E-05,4.347E-01
3.6048E-05,4.427E-01
3.6054E-05,4.347E-01
3.6054E-05,4.387E-01
3.6060E-05,4.387E-01
3.6060E-05,4.427E-01
3.6066E-05,4.387E-01
3.6066E-05,4.427E-01
3.6072E-05,4.387E-01
3.6072E-05,4.427E-01
3.6078E-05,4.347E-01
3.6078E-05,4.427E-01
3.6084E-05,4.387E-01
3.6084E-05,4.427E-01
3.6090E-05,4.347E-01
3.6090E-05,4.427E-01
3.6096E-05,4.347E-01
3.6096E-05,4.427E-01
3.6102E-05,4.347E-01
3.6102E-05,4.387E-01
3.6108E-05,4.387E-01
3.6108E-05,4.427E-01
3.6114E-05,4.387E-01
3.6114E-05,4.387E-01
3.6120E-05,4.387E-01
3.6120E-05,4.427E-01
3.6126E-05,4.347E-01
3.6126E-05,4.427E-01
3.6132E-05,4.387E-01
3.6132E-05,4.427E-01
3.6138E-05,4.387E-01
3.6138E-05,4.427E-01
3.6144E-05,4.387E-01
3.6144E-05,4.427E-01
3.6150E-05,4.347E-01
3.6150E-05,4.427E-01
3.6156E-05,4.347E-01
3.6156E-05,4.467E-01
3.6162E-05,4.387E-01
3.6162E-05,4.467E-01
3.6168E-05,4.387E-01
3.6168E-05,4.427E-01
3.6174E-05,4.387E-01
3.6174E-05,4.427E-01
3.6180E-05,4.347E-01
3.6180E-05,4.387E-01
3.6186E-05,4.347E-01
3.6186E-05,4.427E-01
3.6192E-05,4.387E-01
3.6192E-05,4.427E-01
3.6198E-05,4.387E-01
3.6198E-05,4.427E-01
3.6204E-05,4.387E-01
3.6204E-05,4.427E-01
3.6210E-05,4.387E-01
3.6210E-05,4.427E-01
3.6216E-05,4.387E-01
3.6216E-05,4.427E-01
3.6222E-05,4.387E-01
3.6222E-05,4.427E-01
3.6228E-05,4.387E-01
3.6228E-05,4.427E-01
3.6234E-05,4.387E-01
3.6234E-05,4.427E-01
3.6240E-05,4.387E-01
3.6240E-05,4.427E-01
3.6246E-05,4.387E-01
3.6246E-05,4.427E-01
3.6252E-05,4.387E-01
3.6252E-05,4.387E-01
3.6258E-05,4.387E-01
3.6258E-05,4.427E-01
3.6264E-05,4.387E-01
3.6264E-05,4.427E-01
3.6270E-05,4.387E-01
3.6270E-05,4.427E-01
3.6276E-05,4.347E-01
3.6276E-05,4.427E-01
3.6282E-05,4.387E-01
3.6282E-05,4.427E-01
3.6288E-05,4.387E-01
3.6288E-05,4.427E-01
3.6294E-05,4.347E-01
3.6294E-05,4.427E-01
3.6300E-05,4.347E-01
3.6300E-05,4.427E-01
3.6306E-05,4.387E-01
3.6306E-05,4.467E-01
3.6312E-05,4.347E-01
3.6312E-05,4.387E-01
3.6318E-05,4.347E-01
3.6318E-05,4.427E-01
3.6324E-05,4.347E-01
3.6324E-05,4.427E-01
3.6330E-05,4.347E-01
3.6330E-05,4.427E-01
3.6336E-05,4.387E-01
3.6336E-05,4.387E-01
3.6342E-05,4.347E-01
3.6342E-05,4.427E-01
3.6348E-05,4.347E-01
3.6348E-05,4.427E-01
3.6354E-05,4.347E-01
3.6354E-05,4.387E-01
3.6360E-05,4.347E-01
3.6360E-05,4.427E-01
3.6366E-05,4.347E-01
3.6366E-05,4.387E-01
3.6372E-05,4.347E-01
3.6372E-05,4.427E-01
3.6378E-05,4.347E-01
3.6378E-05,4.427E-01
3.6384E-05,4.347E-01
3.6384E-05,4.387E-01
3.6390E-05,4.347E-01
3.6390E-05,4.387E-01
3.6396E-05,4.347E-01
3.6396E-05,4.387E-01
3.6402E-05,4.347E-01
3.6402E-05,4.387E-01
3.6408E-05,4.347E-01
3.6408E-05,4.387E-01
3.6414E-05,4.347E-01
3.6414E-05,4.387E-01
3.6420E-05,4.347E-01
3.6420E-05,4.387E-01
3.6426E-05,4.347E-01
3.6426E-05,4.387E-01
3.6432E-05,4.347E-01
3.6432E-05,4.387E-01
3.6438E-05,4.347E-01
3.6438E-05,4.387E-01
3.6444E-05,4.347E-01
3.6444E-05,4.387E-01
3.6450E-05,4.347E-01
3.6450E-05,4.387E-01
3.6456E-05,4.347E-01
3.6456E-05,4.387E-01
3.6462E-05,4.307E-01
3.6462E-05,4.387E-01
3.6468E-05,4.347E-01
3.6468E-05,4.387E-01
3.6474E-05,4.307E-01
3.6474E-05,4.387E-01
3.6480E-05,4.307E-01
3.6480E-05,4.347E-01
3.6486E-05,4.307E-01
3.6486E-05,4.387E-01
3.6492E-05,4.307E-01
3.6492E-05,4.347E-01
3.6498E-05,4.307E-01
3.6498E-05,4.347E-01
3.6504E-05,4.307E-01
3.6504E-05,4.387E-01
3.6510E-05,4.307E-01
3.6510E-05,4.347E-01
3.6516E-05,4.307E-01
3.6516E-05,4.347E-01
3.6522E-05,4.307E-01
3.6522E-05,4.347E-01
3.6528E-05,4.307E-01
3.6528E-05,4.347E-01
3.6534E-05,4.307E-01
3.6534E-05,4.347E-01
3.6540E-05,4.307E-01
3.6540E-05,4.347E-01
3.6546E-05,4.307E-01
3.6546E-05,4.347E-01
3.6552E-05,4.307E-01
3.6552E-05,4.347E-01
3.6558E-05,4.307E-01
3.6558E-05,4.347E-01
3.6564E-05,4.307E-01
3.6564E-05,4.347E-01
3.6570E-05,4.307E-01
3.6570E-05,4.347E-01
3.6576E-05,4.307E-01
3.6576E-05,4.307E-01
3.6582E-05,4.267E-01
3.6582E-05,4.307E-01
3.6588E-05,4.267E-01
3.6588E-05,4.307E-01
3.6594E-05,4.267E-01
3.6594E-05,4.307E-01
3.6600E-05,4.267E-01
3.6600E-05,4.307E-01
3.6606E-05,4.307E-01
3.6606E-05,4.307E-01
3.6612E-05,4.267E-01
3.6612E-05,4.307E-01
3.6618E-05,4.267E-01
3.6618E-05,4.307E-01
3.6624E-05,4.267E-01
3.6624E-05,4.307E-01
3.6630E-05,4.267E-01
3.6630E-05,4.307E-01
3.6636E-05,4.267E-01
3.6636E-05,4.267E-01
3.6642E-05,4.227E-01
3.6642E-05,4.307E-01
3.6648E-05,4.227E-01
3.6648E-05,4.307E-01
3.6654E-05,4.227E-01
3.6654E-05,4.267E-01
3.6660E-05,4.227E-01
3.6660E-05,4.267E-01
3.6666E-05,4.227E-01
3.6666E-05,4.307E-01
3.6672E-05,4.227E-01
3.6672E-05,4.267E-01
3.6678E-05,4.227E-01
3.6678E-05,4.267E-01
3.6684E-05,4.227E-01
3.6684E-05,4.267E-01
3.6690E-05,4.227E-01
3.6690E-05,4.267E-01
3.6696E-05,4.227E-01
3.6696E-05,4.267E-01
3.6702E-05,4.187E-01
3.6702E-05,4.267E-01
3.6708E-05,4.227E-01
3.6708E-05,4.267E-01
3.6714E-05,4.227E-01
3.6714E-05,4.267E-01
3.6720E-05,4.187E-01
3.6720E-05,4.267E-01
3.6726E-05,4.227E-01
3.6726E-05,4.267E-01
3.6732E-05,4.187E-01
3.6732E-05,4.267E-01
3.6738E-05,4.187E-01
3.6738E-05,4.227E-01
3.6744E-05,4.187E-01
3.6744E-05,4.227E-01
3.6750E-05,4.187E-01
3.6750E-05,4.227E-01
3.6756E-05,4.187E-01
3.6756E-05,4.227E-01
3.6762E-05,4.187E-01
3.6762E-05,4.227E-01
3.6768E-05,4.187E-01
3.6768E-05,4.227E-01
3.6774E-05,4.187E-01
3.6774E-05,4.227E-01
3.6780E-05,4.187E-01
3.6780E-05,4.227E-01
3.6786E-05,4.147E-01
3.6786E-05,4.227E-01
3.6792E-05,4.147E-01
3.6792E-05,4.227E-01
3.6798E-05,4.147E-01
3.6798E-05,4.187E-01
3.6804E-05,4.147E-01
3.6804E-05,4.187E-01
3.6810E-05,4.107E-01
3.6810E-05,4.227E-01
3.6816E-05,4.147E-01
3.6816E-05,4.227E-01
3.6822E-05,4.147E-01
3.6822E-05,4.187E-01
3.6828E-05,4.147E-01
3.6828E-05,4.147E-01
3.6834E-05,4.147E-01
3.6834E-05,4.147E-01
3.6840E-05,4.107E-01
3.6840E-05,4.187E-01
3.6846E-05,4.107E-01
3.6846E-05,4.187E-01
3.6852E-05,4.107E-01
3.6852E-05,4.187E-01
3.6858E-05,4.107E-01
3.6858E-05,4.147E-01
3.6864E-05,4.107E-01
3.6864E-05,4.147E-01
3.6870E-05,4.107E-01
3.6870E-05,4.147E-01
3.6876E-05,4.107E-01
3.6876E-05,4.107E-01
3.6882E-05,4.107E-01
3.6882E-05,4.147E-01
3.6888E-05,4.107E-01
3.6888E-05,4.147E-01
3.6894E-05,4.067E-01
3.6894E-05,4.147E-01
3.6900E-05,4.067E-01
3.6900E-05,4.147E-01
3.6906E-05,4.067E-01
3.6906E-05,4.147E-01
3.6912E-05,4.067E-01
3.6912E-05,4.147E-01
3.6918E-05,4.067E-01
3.6918E-05,4.107E-01
3.6924E-05,4.067E-01
3.6924E-05,4.107E-01
3.6930E-05,4.067E-01
3.6930E-05,4.107E-01
3.6936E-05,4.067E-01
3.6936E-05,4.067E-01
3.6942E-05,4.067E-01
3.6942E-05,4.107E-01
3.6948E-05,4.027E-01
3.6948E-05,4.107E-01
3.6954E-05,4.027E-01
3.6954E-05,4.067E-01
3.6960E-05,4.027E-01
3.6960E-05,4.067E-01
3.6966E-05,4.027E-01
3.6966E-05,4.067E-01
3.6972E-05,4.027E-01
3.6972E-05,4.067E-01
3.6978E-05,4.027E-01
3.6978E-05,4.067E-01
3.6984E-05,3.987E-01
3.6984E-05,4.067E-01
3.6990E-05,3.987E-01
3.6990E-05,4.067E-01
3.6996E-05,3.987E-01
3.6996E-05,4.027E-01
3.7002E-05,3.987E-01
3.7002E-05,4.027E-01
3.7008E-05,3.987E-01
3.7008E-05,4.027E-01
3.7014E-05,3.947E-01
3.7014E-05,4.027E-01
3.7020E-05,3.987E-01
3.7020E-05,4.027E-01
3.7026E-05,3.987E-01
3.7026E-05,4.027E-01
3.7032E-05,3.987E-01
3.7032E-05,4.027E-01
3.7038E-05,3.987E-01
3.7038E-05,4.027E-01
3.7044E-05,3.947E-01
3.7044E-05,3.987E-01
3.7050E-05,3.947E-01
3.7050E-05,3.987E-01
3.7056E-05,3.907E-01
3.7056E-05,3.987E-01
3.7062E-05,3.947E-01
3.7062E-05,3.987E-01
3.7068E-05,3.947E-01
3.7068E-05,3.987E-01
3.7074E-05,3.947E-01
3.7074E-05,3.987E-01
3.7080E-05,3.907E-01
3.7080E-05,3.987E-01
3.7086E-05,3.907E-01
3.7086E-05,3.947E-01
3.7092E-05,3.907E-01
3.7092E-05,3.947E-01
3.7098E-05,3.907E-01
3.7098E-05,3.947E-01
3.7104E-05,3.907E-01
3.7104E-05,3.947E-01
3.7110E-05,3.907E-01
3.7110E-05,3.947E-01
3.7116E-05,3.907E-01
3.7116E-05,3.947E-01
3.7122E-05,3.867E-01
3.7122E-05,3.907E-01
3.7128E-05,3.867E-01
3.7128E-05,3.907E-01
3.7134E-05,3.867E-01
3.7134E-05,3.907E-01
3.7140E-05,3.907E-01
3.7140E-05,3.907E-01
3.7146E-05,3.867E-01
3.7146E-05,3.907E-01
3.7152E-05,3.867E-01
3.7152E-05,3.907E-01
3.7158E-05,3.867E-01
3.7158E-05,3.867E-01
3.7164E-05,3.827E-01
3.7164E-05,3.867E-01
3.7170E-05,3.827E-01
3.7170E-05,3.867E-01
3.7176E-05,3.787E-01
3.7176E-05,3.867E-01
3.7182E-05,3.787E-01
3.7182E-05,3.867E-01
3.7188E-05,3.827E-01
3.7188E-05,3.867E-01
3.7194E-05,3.787E-01
3.7194E-05,3.827E-01
3.7200E-05,3.787E-01
3.7200E-05,3.827E-01
3.7206E-05,3.787E-01
3.7206E-05,3.867E-01
3.7212E-05,3.787E-01
3.7212E-05,3.827E-01
3.7218E-05,3.787E-01
3.7218E-05,3.827E-01
3.7224E-05,3.787E-01
3.7224E-05,3.787E-01
3.7230E-05,3.747E-01
3.7230E-05,3.827E-01
3.7236E-05,3.747E-01
3.7236E-05,3.787E-01
3.7242E-05,3.747E-01
3.7242E-05,3.787E-01
3.7248E-05,3.747E-01
3.7248E-05,3.787E-01
3.7254E-05,3.747E-01
3.7254E-05,3.787E-01
3.7260E-05,3.747E-01
3.7260E-05,3.787E-01
3.7266E-05,3.747E-01
3.7266E-05,3.787E-01
3.7272E-05,3.707E-01
3.7272E-05,3.747E-01
3.7278E-05,3.707E-01
3.7278E-05,3.747E-01
3.7284E-05,3.707E-01
3.7284E-05,3.747E-01
3.7290E-05,3.707E-01
3.7290E-05,3.747E-01
3.7296E-05,3.707E-01
3.7296E-05,3.747E-01
3.7302E-05,3.707E-01
3.7302E-05,3.747E-01
3.7308E-05,3.707E-01
3.7308E-05,3.707E-01
3.7314E-05,3.667E-01
3.7314E-05,3.747E-01
3.7320E-05,3.667E-01
3.7320E-05,3.707E-01
3.7326E-05,3.667E-01
3.7326E-05,3.707E-01
3.7332E-05,3.667E-01
3.7332E-05,3.707E-01
3.7338E-05,3.627E-01
3.7338E-05,3.707E-01
3.7344E-05,3.627E-01
3.7344E-05,3.667E-01
3.7350E-05,3.627E-01
3.7350E-05,3.667E-01
3.7356E-05,3.627E-01
3.7356E-05,3.667E-01
3.7362E-05,3.627E-01
3.7362E-05,3.667E-01
3.7368E-05,3.627E-01
3.7368E-05,3.667E-01
3.7374E-05,3.627E-01
3.7374E-05,3.667E-01
3.7380E-05,3.627E-01
3.7380E-05,3.667E-01
3.7386E-05,3.587E-01
3.7386E-05,3.667E-01
3.7392E-05,3.587E-01
3.7392E-05,3.667E-01
3.7398E-05,3.587E-01
3.7398E-05,3.627E-01
3.7404E-05,3.547E-01
3.7404E-05,3.627E-01
3.7410E-05,3.587E-01
3.7410E-05,3.627E-01
3.7416E-05,3.587E-01
3.7416E-05,3.627E-01
3.7422E-05,3.587E-01
3.7422E-05,3.587E-01
3.7428E-05,3.547E-01
3.7428E-05,3.587E-01
3.7434E-05,3.507E-01
3.7434E-05,3.587E-01
3.7440E-05,3.547E-01
3.7440E-05,3.587E-01
3.7446E-05,3.507E-01
3.7446E-05,3.587E-01
3.7452E-05,3.467E-01
3.7452E-05,3.547E-01
3.7458E-05,3.507E-01
3.7458E-05,3.587E-01
3.7464E-05,3.507E-01
3.7464E-05,3.547E-01
3.7470E-05,3.507E-01
3.7470E-05,3.547E-01
3.7476E-05,3.507E-01
3.7476E-05,3.547E-01
3.7482E-05,3.507E-01
3.7482E-05,3.507E-01
3.7488E-05,3.467E-01
3.7488E-05,3.547E-01
3.7494E-05,3.467E-01
3.7494E-05,3.547E-01
3.7500E-05,3.467E-01
3.7500E-05,3.547E-01
3.7506E-05,3.467E-01
3.7506E-05,3.507E-01
3.7512E-05,3.467E-01
3.7512E-05,3.507E-01
3.7518E-05,3.467E-01
3.7518E-05,3.507E-01
3.7524E-05,3.467E-01
3.7524E-05,3.507E-01
3.7530E-05,3.427E-01
3.7530E-05,3.507E-01
3.7536E-05,3.427E-01
3.7536E-05,3.507E-01
3.7542E-05,3.467E-01
3.7542E-05,3.507E-01
3.7548E-05,3.427E-01
3.7548E-05,3.467E-01
3.7554E-05,3.427E-01
3.7554E-05,3.467E-01
3.7560E-05,3.427E-01
3.7560E-05,3.427E-01
3.7566E-05,3.427E-01
3.7566E-05,3.427E-01
3.7572E-05,3.387E-01
3.7572E-05,3.427E-01
3.7578E-05,3.387E-01
3.7578E-05,3.427E-01
3.7584E-05,3.387E-01
3.7584E-05,3.427E-01
3.7590E-05,3.387E-01
3.7590E-05,3.427E-01
3.7596E-05,3.387E-01
3.7596E-05,3.427E-01
3.7602E-05,3.347E-01
3.7602E-05,3.427E-01
3.7608E-05,3.387E-01
3.7608E-05,3.427E-01
3.7614E-05,3.347E-01
3.7614E-05,3.387E-01
3.7620E-05,3.347E-01
3.7620E-05,3.387E-01
3.7626E-05,3.347E-01
3.7626E-05,3.387E-01
3.7632E-05,3.307E-01
3.7632E-05,3.387E-01
3.7638E-05,3.307E-01
3.7638E-05,3.387E-01
3.7644E-05,3.307E-01
3.7644E-05,3.387E-01
3.7650E-05,3.307E-01
3.7650E-05,3.347E-01
3.7656E-05,3.307E-01
3.7656E-05,3.347E-01
3.7662E-05,3.307E-01
3.7662E-05,3.347E-01
3.7668E-05,3.307E-01
3.7668E-05,3.307E-01
3.7674E-05,3.307E-01
3.7674E-05,3.307E-01
3.7680E-05,3.267E-01
3.7680E-05,3.307E-01
3.7686E-05,3.267E-01
3.7686E-05,3.307E-01
3.7692E-05,3.267E-01
3.7692E-05,3.307E-01
3.7698E-05,3.267E-01
3.7698E-05,3.307E-01
3.7704E-05,3.267E-01
3.7704E-05,3.307E-01
3.7710E-05,3.267E-01
3.7710E-05,3.307E-01
3.7716E-05,3.227E-01
3.7716E-05,3.267E-01
3.7722E-05,3.227E-01
3.7722E-05,3.267E-01
3.7728E-05,3.267E-01
3.7728E-05,3.307E-01
3.7734E-05,3.227E-01
3.7734E-05,3.267E-01
3.7740E-05,3.227E-01
3.7740E-05,3.267E-01
3.7746E-05,3.227E-01
3.7746E-05,3.267E-01
3.7752E-05,3.227E-01
3.7752E-05,3.267E-01
3.7758E-05,3.227E-01
3.7758E-05,3.227E-01
3.7764E-05,3.187E-01
3.7764E-05,3.227E-01
3.7770E-05,3.147E-01
3.7770E-05,3.267E-01
3.7776E-05,3.147E-01
3.7776E-05,3.227E-01
3.7782E-05,3.187E-01
3.7782E-05,3.227E-01
3.7788E-05,3.187E-01
3.7788E-05,3.267E-01
3.7794E-05,3.187E-01
3.7794E-05,3.227E-01
3.7800E-05,3.187E-01
3.7800E-05,3.187E-01
3.7806E-05,3.147E-01
3.7806E-05,3.187E-01
3.7812E-05,3.147E-01
3.7812E-05,3.187E-01
3.7818E-05,3.187E-01
3.7818E-05,3.187E-01
3.7824E-05,3.147E-01
3.7824E-05,3.187E-01
3.7830E-05,3.147E-01
3.7830E-05,3.187E-01
3.7836E-05,3.147E-01
3.7836E-05,3.187E-01
3.7842E-05,3.107E-01
3.7842E-05,3.187E-01
3.7848E-05,3.107E-01
3.7848E-05,3.147E-01
3.7854E-05,3.147E-01
3.7854E-05,3.187E-01
3.7860E-05,3.107E-01
3.7860E-05,3.187E-01
3.7866E-05,3.107E-01
3.7866E-05,3.147E-01
3.7872E-05,3.107E-01
3.7872E-05,3.147E-01
3.7878E-05,3.067E-01
3.7878E-05,3.147E-01
3.7884E-05,3.067E-01
3.7884E-05,3.147E-01
3.7890E-05,3.107E-01
3.7890E-05,3.147E-01
3.7896E-05,3.107E-01
3.7896E-05,3.147E-01
3.7902E-05,3.067E-01
3.7902E-05,3.147E-01
3.7908E-05,3.067E-01
3.7908E-05,3.107E-01
3.7914E-05,3.067E-01
3.7914E-05,3.107E-01
3.7920E-05,3.067E-01
3.7920E-05,3.107E-01
3.7926E-05,3.067E-01
3.7926E-05,3.107E-01
3.7932E-05,3.027E-01
3.7932E-05,3.107E-01
3.7938E-05,3.027E-01
3.7938E-05,3.107E-01
3.7944E-05,3.027E-01
3.7944E-05,3.067E-01
3.7950E-05,3.027E-01
3.7950E-05,3.067E-01
3.7956E-05,3.027E-01
3.7956E-05,3.067E-01
3.7962E-05,3.027E-01
3.7962E-05,3.067E-01
3.7968E-05,3.027E-01
3.7968E-05,3.067E-01
3.7974E-05,3.027E-01
3.7974E-05,3.067E-01
3.7980E-05,2.987E-01
3.7980E-05,3.027E-01
3.7986E-05,2.987E-01
3.7986E-05,3.027E-01
3.7992E-05,2.987E-01
3.7992E-05,3.067E-01
3.7998E-05,3.027E-01
3.7998E-05,3.027E-01
3.8004E-05,2.987E-01
3.8004E-05,3.027E-01
3.8010E-05,2.987E-01
3.8010E-05,3.027E-01
3.8016E-05,2.987E-01
3.8016E-05,3.027E-01
3.8022E-05,2.987E-01
3.8022E-05,3.027E-01
3.8028E-05,2.987E-01
3.8028E-05,2.987E-01
3.8034E-05,2.987E-01
3.8034E-05,2.987E-01
3.8040E-05,2.987E-01
3.8040E-05,2.987E-01
3.8046E-05,2.987E-01
3.8046E-05,3.027E-01
3.8052E-05,2.947E-01
3.8052E-05,3.027E-01
3.8058E-05,2.947E-01
3.8058E-05,3.027E-01
3.8064E-05,2.947E-01
3.8064E-05,2.987E-01
3.8070E-05,2.947E-01
3.8070E-05,2.987E-01
3.8076E-05,2.907E-01
3.8076E-05,2.987E-01
3.8082E-05,2.947E-01
3.8082E-05,2.987E-01
3.8088E-05,2.947E-01
3.8088E-05,2.987E-01
3.8094E-05,2.907E-01
3.8094E-05,2.987E-01
3.8100E-05,2.907E-01
3.8100E-05,3.027E-01
3.8106E-05,2.867E-01
3.8106E-05,2.987E-01
3.8112E-05,2.907E-01
3.8112E-05,2.947E-01
3.8118E-05,2.907E-01
3.8118E-05,2.987E-01
3.8124E-05,2.907E-01
3.8124E-05,2.947E-01
3.8130E-05,2.907E-01
3.8130E-05,2.947E-01
3.8136E-05,2.907E-01
3.8136E-05,2.947E-01
3.8142E-05,2.907E-01
3.8142E-05,2.907E-01
3.8148E-05,2.907E-01
3.8148E-05,2.907E-01
3.8154E-05,2.907E-01
3.8154E-05,2.947E-01
3.8160E-05,2.907E-01
3.8160E-05,2.947E-01
3.8166E-05,2.867E-01
3.8166E-05,2.907E-01
3.8172E-05,2.867E-01
3.8172E-05,2.947E-01
3.8178E-05,2.867E-01
3.8178E-05,2.947E-01
3.8184E-05,2.867E-01
3.8184E-05,2.907E-01
3.8190E-05,2.827E-01
3.8190E-05,2.907E-01
3.8196E-05,2.867E-01
3.8196E-05,2.907E-01
3.8202E-05,2.867E-01
3.8202E-05,2.907E-01
3.8208E-05,2.867E-01
3.8208E-05,2.907E-01
3.8214E-05,2.907E-01
3.8214E-05,2.907E-01
3.8220E-05,2.867E-01
3.8220E-05,2.907E-01
3.8226E-05,2.867E-01
3.8226E-05,2.907E-01
3.8232E-05,2.827E-01
3.8232E-05,2.907E-01
3.8238E-05,2.827E-01
3.8238E-05,2.907E-01
3.8244E-05,2.867E-01
3.8244E-05,2.907E-01
3.8250E-05,2.867E-01
3.8250E-05,2.867E-01
3.8256E-05,2.827E-01
3.8256E-05,2.867E-01
3.8262E-05,2.827E-01
3.8262E-05,2.867E-01
3.8268E-05,2.827E-01
3.8268E-05,2.907E-01
3.8274E-05,2.827E-01
3.8274E-05,2.907E-01
3.8280E-05,2.827E-01
3.8280E-05,2.867E-01
3.8286E-05,2.827E-01
3.8286E-05,2.867E-01
3.8292E-05,2.827E-01
3.8292E-05,2.867E-01
3.8298E-05,2.827E-01
3.8298E-05,2.867E-01
3.8304E-05,2.827E-01
3.8304E-05,2.867E-01
3.8310E-05,2.787E-01
3.8310E-05,2.827E-01
3.8316E-05,2.827E-01
3.8316E-05,2.867E-01
3.8322E-05,2.827E-01
3.8322E-05,2.867E-01
3.8328E-05,2.827E-01
3.8328E-05,2.867E-01
3.8334E-05,2.827E-01
3.8334E-05,2.867E-01
3.8340E-05,2.787E-01
3.8340E-05,2.867E-01
3.8346E-05,2.787E-01
3.8346E-05,2.827E-01
3.8352E-05,2.787E-01
3.8352E-05,2.867E-01
3.8358E-05,2.787E-01
3.8358E-05,2.827E-01
3.8364E-05,2.787E-01
3.8364E-05,2.827E-01
3.8370E-05,2.747E-01
3.8370E-05,2.827E-01
3.8376E-05,2.747E-01
3.8376E-05,2.827E-01
3.8382E-05,2.787E-01
3.8382E-05,2.827E-01
3.8388E-05,2.787E-01
3.8388E-05,2.827E-01
3.8394E-05,2.787E-01
3.8394E-05,2.827E-01
3.8400E-05,2.787E-01
3.8400E-05,2.827E-01
3.8406E-05,2.787E-01
3.8406E-05,2.787E-01
3.8412E-05,2.787E-01
3.8412E-05,2.827E-01
3.8418E-05,2.787E-01
3.8418E-05,2.827E-01
3.8424E-05,2.787E-01
3.8424E-05,2.827E-01
3.8430E-05,2.787E-01
3.8430E-05,2.827E-01
3.8436E-05,2.787E-01
3.8436E-05,2.827E-01
3.8442E-05,2.787E-01
3.8442E-05,2.827E-01
3.8448E-05,2.787E-01
3.8448E-05,2.827E-01
3.8454E-05,2.747E-01
3.8454E-05,2.787E-01
3.8460E-05,2.747E-01
3.8460E-05,2.787E-01
3.8466E-05,2.747E-01
3.8466E-05,2.787E-01
3.8472E-05,2.747E-01
3.8472E-05,2.827E-01
3.8478E-05,2.747E-01
3.8478E-05,2.787E-01
3.8484E-05,2.747E-01
3.8484E-05,2.787E-01
3.8490E-05,2.747E-01
3.8490E-05,2.787E-01
3.8496E-05,2.747E-01
3.8496E-05,2.787E-01
3.8502E-05,2.747E-01
3.8502E-05,2.827E-01
3.8508E-05,2.747E-01
3.8508E-05,2.787E-01
3.8514E-05,2.747E-01
3.8514E-05,2.787E-01
3.8520E-05,2.747E-01
3.8520E-05,2.787E-01
3.8526E-05,2.747E-01
3.8526E-05,2.787E-01
3.8532E-05,2.747E-01
3.8532E-05,2.787E-01
3.8538E-05,2.747E-01
3.8538E-05,2.787E-01
3.8544E-05,2.707E-01
3.8544E-05,2.787E-01
3.8550E-05,2.707E-01
3.8550E-05,2.787E-01
3.8556E-05,2.707E-01
3.8556E-05,2.787E-01
3.8562E-05,2.747E-01
3.8562E-05,2.787E-01
3.8568E-05,2.747E-01
3.8568E-05,2.787E-01
3.8574E-05,2.707E-01
3.8574E-05,2.787E-01
3.8580E-05,2.747E-01
3.8580E-05,2.747E-01
3.8586E-05,2.747E-01
3.8586E-05,2.747E-01
3.8592E-05,2.747E-01
3.8592E-05,2.747E-01
3.8598E-05,2.707E-01
3.8598E-05,2.747E-01
3.8604E-05,2.707E-01
3.8604E-05,2.787E-01
3.8610E-05,2.707E-01
3.8610E-05,2.787E-01
3.8616E-05,2.707E-01
3.8616E-05,2.787E-01
3.8622E-05,2.747E-01
3.8622E-05,2.787E-01
3.8628E-05,2.707E-01
3.8628E-05,2.787E-01
3.8634E-05,2.707E-01
3.8634E-05,2.747E-01
3.8640E-05,2.707E-01
3.8640E-05,2.787E-01
3.8646E-05,2.707E-01
3.8646E-05,2.747E-01
3.8652E-05,2.707E-01
3.8652E-05,2.747E-01
3.8658E-05,2.707E-01
3.8658E-05,2.747E-01
3.8664E-05,2.707E-01
3.8664E-05,2.747E-01
3.8670E-05,2.707E-01
3.8670E-05,2.747E-01
3.8676E-05,2.707E-01
3.8676E-05,2.747E-01
3.8682E-05,2.707E-01
3.8682E-05,2.747E-01
3.8688E-05,2.707E-01
3.8688E-05,2.747E-01
3.8694E-05,2.707E-01
3.8694E-05,2.747E-01
3.8700E-05,2.707E-01
3.8700E-05,2.747E-01
3.8706E-05,2.707E-01
3.8706E-05,2.747E-01
3.8712E-05,2.707E-01
3.8712E-05,2.747E-01
3.8718E-05,2.707E-01
3.8718E-05,2.747E-01
3.8724E-05,2.707E-01
3.8724E-05,2.747E-01
3.8730E-05,2.707E-01
3.8730E-05,2.747E-01
3.8736E-05,2.707E-01
3.8736E-05,2.747E-01
3.8742E-05,2.707E-01
3.8742E-05,2.787E-01
3.8748E-05,2.707E-01
3.8748E-05,2.747E-01
3.8754E-05,2.707E-01
3.8754E-05,2.747E-01
3.8760E-05,2.707E-01
3.8760E-05,2.747E-01
3.8766E-05,2.707E-01
3.8766E-05,2.747E-01
3.8772E-05,2.707E-01
3.8772E-05,2.747E-01
3.8778E-05,2.707E-01
3.8778E-05,2.747E-01
3.8784E-05,2.747E-01
3.8784E-05,2.747E-01
3.8790E-05,2.707E-01
3.8790E-05,2.747E-01
3.8796E-05,2.707E-01
3.8796E-05,2.747E-01
3.8802E-05,2.707E-01
3.8802E-05,2.747E-01
3.8808E-05,2.747E-01
3.8808E-05,2.787E-01
3.8814E-05,2.707E-01
3.8814E-05,2.747E-01
3.8820E-05,2.707E-01
3.8820E-05,2.787E-01
3.8826E-05,2.707E-01
3.8826E-05,2.747E-01
3.8832E-05,2.707E-01
3.8832E-05,2.747E-01
3.8838E-05,2.707E-01
3.8838E-05,2.747E-01
3.8844E-05,2.747E-01
3.8844E-05,2.787E-01
3.8850E-05,2.747E-01
3.8850E-05,2.787E-01
3.8856E-05,2.707E-01
3.8856E-05,2.747E-01
3.8862E-05,2.707E-01
3.8862E-05,2.747E-01
3.8868E-05,2.707E-01
3.8868E-05,2.747E-01
3.8874E-05,2.707E-01
3.8874E-05,2.747E-01
3.8880E-05,2.747E-01
3.8880E-05,2.747E-01
3.8886E-05,2.747E-01
3.8886E-05,2.787E-01
3.8892E-05,2.747E-01
3.8892E-05,2.787E-01
3.8898E-05,2.747E-01
3.8898E-05,2.787E-01
3.8904E-05,2.747E-01
3.8904E-05,2.747E-01
3.8910E-05,2.707E-01
3.8910E-05,2.747E-01
3.8916E-05,2.747E-01
3.8916E-05,2.787E-01
3.8922E-05,2.747E-01
3.8922E-05,2.747E-01
3.8928E-05,2.747E-01
3.8928E-05,2.787E-01
3.8934E-05,2.707E-01
3.8934E-05,2.787E-01
3.8940E-05,2.747E-01
3.8940E-05,2.787E-01
3.8946E-05,2.747E-01
3.8946E-05,2.787E-01
3.8952E-05,2.747E-01
3.8952E-05,2.787E-01
3.8958E-05,2.747E-01
3.8958E-05,2.787E-01
3.8964E-05,2.747E-01
3.8964E-05,2.787E-01
3.8970E-05,2.747E-01
3.8970E-05,2.787E-01
3.8976E-05,2.747E-01
3.8976E-05,2.827E-01
3.8982E-05,2.747E-01
3.8982E-05,2.787E-01
3.8988E-05,2.747E-01
3.8988E-05,2.787E-01
3.8994E-05,2.747E-01
3.8994E-05,2.787E-01
3.9000E-05,2.747E-01
3.9000E-05,2.787E-01
3.9006E-05,2.747E-01
3.9006E-05,2.787E-01
3.9012E-05,2.787E-01
3.9012E-05,2.827E-01
3.9018E-05,2.747E-01
3.9018E-05,2.827E-01
3.9024E-05,2.747E-01
3.9024E-05,2.787E-01
3.9030E-05,2.787E-01
3.9030E-05,2.827E-01
3.9036E-05,2.787E-01
3.9036E-05,2.827E-01
3.9042E-05,2.787E-01
3.9042E-05,2.827E-01
3.9048E-05,2.787E-01
3.9048E-05,2.827E-01
3.9054E-05,2.787E-01
3.9054E-05,2.827E-01
3.9060E-05,2.787E-01
3.9060E-05,2.827E-01
3.9066E-05,2.787E-01
3.9066E-05,2.827E-01
3.9072E-05,2.787E-01
3.9072E-05,2.827E-01
3.9078E-05,2.787E-01
3.9078E-05,2.827E-01
3.9084E-05,2.787E-01
3.9084E-05,2.827E-01
3.9090E-05,2.827E-01
3.9090E-05,2.867E-01
3.9096E-05,2.827E-01
3.9096E-05,2.867E-01
3.9102E-05,2.787E-01
3.9102E-05,2.867E-01
3.9108E-05,2.787E-01
3.9108E-05,2.867E-01
3.9114E-05,2.787E-01
3.9114E-05,2.867E-01
3.9120E-05,2.827E-01
3.9120E-05,2.867E-01
3.9126E-05,2.827E-01
3.9126E-05,2.867E-01
3.9132E-05,2.827E-01
3.9132E-05,2.867E-01
3.9138E-05,2.827E-01
3.9138E-05,2.867E-01
3.9144E-05,2.827E-01
3.9144E-05,2.867E-01
3.9150E-05,2.827E-01
3.9150E-05,2.867E-01
3.9156E-05,2.827E-01
3.9156E-05,2.907E-01
3.9162E-05,2.827E-01
3.9162E-05,2.907E-01
3.9168E-05,2.827E-01
3.9168E-05,2.907E-01
3.9174E-05,2.867E-01
3.9174E-05,2.907E-01
3.9180E-05,2.827E-01
3.9180E-05,2.907E-01
3.9186E-05,2.827E-01
3.9186E-05,2.907E-01
3.9192E-05,2.867E-01
3.9192E-05,2.907E-01
3.9198E-05,2.867E-01
3.9198E-05,2.907E-01
3.9204E-05,2.867E-01
3.9204E-05,2.907E-01
3.9210E-05,2.867E-01
3.9210E-05,2.907E-01
3.9216E-05,2.867E-01
3.9216E-05,2.907E-01
3.9222E-05,2.867E-01
3.9222E-05,2.907E-01
3.9228E-05,2.907E-01
3.9228E-05,2.907E-01
3.9234E-05,2.907E-01
3.9234E-05,2.907E-01
3.9240E-05,2.907E-01
3.9240E-05,2.947E-01
3.9246E-05,2.907E-01
3.9246E-05,2.947E-01
3.9252E-05,2.907E-01
3.9252E-05,2.947E-01
3.9258E-05,2.907E-01
3.9258E-05,2.947E-01
3.9264E-05,2.907E-01
3.9264E-05,2.947E-01
3.9270E-05,2.907E-01
3.9270E-05,2.947E-01
3.9276E-05,2.907E-01
3.9276E-05,2.947E-01
3.9282E-05,2.907E-01
3.9282E-05,2.947E-01
3.9288E-05,2.947E-01
3.9288E-05,2.987E-01
3.9294E-05,2.947E-01
3.9294E-05,2.987E-01
3.9300E-05,2.947E-01
3.9300E-05,2.987E-01
3.9306E-05,2.947E-01
3.9306E-05,2.987E-01
3.9312E-05,2.947E-01
3.9312E-05,2.987E-01
3.9318E-05,2.947E-01
3.9318E-05,2.987E-01
3.9324E-05,2.947E-01
3.9324E-05,3.027E-01
3.9330E-05,2.947E-01
3.9330E-05,3.027E-01
3.9336E-05,2.947E-01
3.9336E-05,3.027E-01
3.9342E-05,2.947E-01
3.9342E-05,2.987E-01
3.9348E-05,2.947E-01
3.9348E-05,2.987E-01
3.9354E-05,2.987E-01
3.9354E-05,3.027E-01
3.9360E-05,2.987E-01
3.9360E-05,3.027E-01
3.9366E-05,2.987E-01
3.9366E-05,3.027E-01
3.9372E-05,2.987E-01
3.9372E-05,3.027E-01
3.9378E-05,2.987E-01
3.9378E-05,3.027E-01
3.9384E-05,3.027E-01
3.9384E-05,3.027E-01
3.9390E-05,2.987E-01
3.9390E-05,3.067E-01
3.9396E-05,2.987E-01
3.9396E-05,3.027E-01
3.9402E-05,2.987E-01
3.9402E-05,3.067E-01
3.9408E-05,3.027E-01
3.9408E-05,3.067E-01
3.9414E-05,3.027E-01
3.9414E-05,3.027E-01
3.9420E-05,3.027E-01
3.9420E-05,3.067E-01
3.9426E-05,3.027E-01
3.9426E-05,3.067E-01
3.9432E-05,3.027E-01
3.9432E-05,3.067E-01
3.9438E-05,3.027E-01
3.9438E-05,3.067E-01
3.9444E-05,3.027E-01
3.9444E-05,3.067E-01
3.9450E-05,3.067E-01
3.9450E-05,3.107E-01
3.9456E-05,3.027E-01
3.9456E-05,3.107E-01
3.9462E-05,3.067E-01
3.9462E-05,3.107E-01
3.9468E-05,3.067E-01
3.9468E-05,3.107E-01
3.9474E-05,3.067E-01
3.9474E-05,3.107E-01
3.9480E-05,3.067E-01
3.9480E-05,3.107E-01
3.9486E-05,3.027E-01
3.9486E-05,3.107E-01
3.9492E-05,3.067E-01
3.9492E-05,3.107E-01
3.9498E-05,3.067E-01
3.9498E-05,3.107E-01
3.9504E-05,3.107E-01
3.9504E-05,3.107E-01
3.9510E-05,3.107E-01
3.9510E-05,3.107E-01
3.9516E-05,3.107E-01
3.9516E-05,3.107E-01
3.9522E-05,3.107E-01
3.9522E-05,3.147E-01
3.9528E-05,3.107E-01
3.9528E-05,3.147E-01
3.9534E-05,3.107E-01
3.9534E-05,3.147E-01
3.9540E-05,3.107E-01
3.9540E-05,3.187E-01
3.9546E-05,3.147E-01
3.9546E-05,3.147E-01
3.9552E-05,3.147E-01
3.9552E-05,3.187E-01
3.9558E-05,3.147E-01
3.9558E-05,3.187E-01
3.9564E-05,3.147E-01
3.9564E-05,3.187E-01
3.9570E-05,3.107E-01
3.9570E-05,3.187E-01
3.9576E-05,3.107E-01
3.9576E-05,3.187E-01
3.9582E-05,3.187E-01
3.9582E-05,3.187E-01
3.9588E-05,3.187E-01
3.9588E-05,3.227E-01
3.9594E-05,3.187E-01
3.9594E-05,3.227E-01
3.9600E-05,3.187E-01
3.9600E-05,3.227E-01
