[s],CH2[V]
6.60100E-06,4.227E-01
6.60200E-06,4.187E-01
6.60300E-06,4.227E-01
6.60400E-06,4.227E-01
6.60500E-06,4.227E-01
6.60600E-06,4.227E-01
6.60700E-06,4.227E-01
6.60800E-06,4.227E-01
6.60900E-06,4.227E-01
6.61000E-06,4.187E-01
6.61100E-06,4.187E-01
6.61200E-06,4.187E-01
6.61300E-06,4.187E-01
6.61400E-06,4.187E-01
6.61500E-06,4.187E-01
6.61600E-06,4.227E-01
6.61700E-06,4.227E-01
6.61800E-06,4.227E-01
6.61900E-06,4.227E-01
6.62000E-06,4.187E-01
6.62100E-06,4.187E-01
6.62200E-06,4.187E-01
6.62300E-06,4.187E-01
6.62400E-06,4.227E-01
6.62500E-06,4.227E-01
6.62600E-06,4.227E-01
6.62700E-06,4.187E-01
6.62800E-06,4.187E-01
6.62900E-06,4.187E-01
6.63000E-06,4.187E-01
6.63100E-06,4.227E-01
6.63200E-06,4.227E-01
6.63300E-06,4.187E-01
6.63400E-06,4.187E-01
6.63500E-06,4.187E-01
6.63600E-06,4.147E-01
6.63700E-06,4.187E-01
6.63800E-06,4.187E-01
6.63900E-06,4.147E-01
6.64000E-06,4.147E-01
6.64100E-06,4.147E-01
6.64200E-06,4.147E-01
6.64300E-06,4.147E-01
6.64400E-06,4.107E-01
6.64500E-06,4.107E-01
6.64600E-06,4.107E-01
6.64700E-06,4.107E-01
6.64800E-06,4.147E-01
6.64900E-06,4.107E-01
6.65000E-06,4.107E-01
6.65100E-06,4.107E-01
6.65200E-06,4.107E-01
6.65300E-06,4.107E-01
6.65400E-06,4.107E-01
6.65500E-06,4.067E-01
6.65600E-06,4.067E-01
6.65700E-06,4.067E-01
6.65800E-06,4.107E-01
6.65900E-06,4.067E-01
6.66000E-06,4.067E-01
6.66100E-06,4.027E-01
6.66200E-06,4.067E-01
6.66300E-06,4.027E-01
6.66400E-06,4.067E-01
6.66500E-06,4.067E-01
6.66600E-06,4.027E-01
6.66700E-06,4.027E-01
6.66800E-06,3.987E-01
6.66900E-06,3.987E-01
6.67000E-06,3.987E-01
6.67100E-06,3.987E-01
6.67200E-06,3.987E-01
6.67300E-06,3.987E-01
6.67400E-06,3.987E-01
6.67500E-06,3.987E-01
6.67600E-06,3.987E-01
6.67700E-06,3.987E-01
6.67800E-06,3.987E-01
6.67900E-06,3.947E-01
6.68000E-06,3.907E-01
6.68100E-06,3.867E-01
6.68200E-06,3.907E-01
6.68300E-06,3.907E-01
6.68400E-06,3.947E-01
6.68500E-06,3.907E-01
6.68600E-06,3.907E-01
6.68700E-06,3.907E-01
6.68800E-06,3.907E-01
6.68900E-06,3.867E-01
6.69000E-06,3.867E-01
6.69100E-06,3.827E-01
6.69200E-06,3.867E-01
6.69300E-06,3.827E-01
6.69400E-06,3.867E-01
6.69500E-06,3.827E-01
6.69600E-06,3.787E-01
6.69700E-06,3.787E-01
6.69800E-06,3.787E-01
6.69900E-06,3.787E-01
6.70000E-06,3.787E-01
6.70100E-06,3.747E-01
6.70200E-06,3.787E-01
6.70300E-06,3.787E-01
6.70400E-06,3.747E-01
6.70500E-06,3.747E-01
6.70600E-06,3.747E-01
6.70700E-06,3.747E-01
6.70800E-06,3.707E-01
6.70900E-06,3.707E-01
6.71000E-06,3.707E-01
6.71100E-06,3.707E-01
6.71200E-06,3.667E-01
6.71300E-06,3.667E-01
6.71400E-06,3.667E-01
6.71500E-06,3.667E-01
6.71600E-06,3.627E-01
6.71700E-06,3.627E-01
6.71800E-06,3.587E-01
6.71900E-06,3.627E-01
6.72000E-06,3.627E-01
6.72100E-06,3.587E-01
6.72200E-06,3.587E-01
6.72300E-06,3.627E-01
6.72400E-06,3.587E-01
6.72500E-06,3.587E-01
6.72600E-06,3.587E-01
6.72700E-06,3.547E-01
6.72800E-06,3.547E-01
6.72900E-06,3.507E-01
6.73000E-06,3.547E-01
6.73100E-06,3.507E-01
6.73200E-06,3.507E-01
6.73300E-06,3.467E-01
6.73400E-06,3.507E-01
6.73500E-06,3.467E-01
6.73600E-06,3.467E-01
6.73700E-06,3.467E-01
6.73800E-06,3.467E-01
6.73900E-06,3.427E-01
6.74000E-06,3.427E-01
6.74100E-06,3.427E-01
6.74200E-06,3.427E-01
6.74300E-06,3.427E-01
6.74400E-06,3.387E-01
6.74500E-06,3.387E-01
6.74600E-06,3.387E-01
6.74700E-06,3.347E-01
6.74800E-06,3.347E-01
6.74900E-06,3.347E-01
6.75000E-06,3.347E-01
6.75100E-06,3.347E-01
6.75200E-06,3.307E-01
6.75300E-06,3.307E-01
6.75400E-06,3.347E-01
6.75500E-06,3.347E-01
6.75600E-06,3.307E-01
6.75700E-06,3.307E-01
6.75800E-06,3.307E-01
6.75900E-06,3.267E-01
6.76000E-06,3.307E-01
6.76100E-06,3.267E-01
6.76200E-06,3.267E-01
6.76300E-06,3.227E-01
6.76400E-06,3.227E-01
6.76500E-06,3.227E-01
6.76600E-06,3.187E-01
6.76700E-06,3.187E-01
6.76800E-06,3.227E-01
6.76900E-06,3.227E-01
6.77000E-06,3.227E-01
6.77100E-06,3.187E-01
6.77200E-06,3.187E-01
6.77300E-06,3.147E-01
6.77400E-06,3.147E-01
6.77500E-06,3.187E-01
6.77600E-06,3.187E-01
6.77700E-06,3.187E-01
6.77800E-06,3.147E-01
6.77900E-06,3.147E-01
6.78000E-06,3.147E-01
6.78100E-06,3.107E-01
6.78200E-06,3.107E-01
6.78300E-06,3.107E-01
6.78400E-06,3.107E-01
6.78500E-06,3.107E-01
6.78600E-06,3.067E-01
6.78700E-06,3.107E-01
6.78800E-06,3.067E-01
6.78900E-06,3.067E-01
6.79000E-06,3.067E-01
6.79100E-06,3.067E-01
6.79200E-06,3.027E-01
6.79300E-06,3.027E-01
6.79400E-06,3.027E-01
6.79500E-06,3.027E-01
6.79600E-06,3.027E-01
6.79700E-06,3.027E-01
6.79800E-06,3.027E-01
6.79900E-06,3.027E-01
6.80000E-06,2.987E-01
6.80100E-06,2.987E-01
6.80200E-06,2.947E-01
6.80300E-06,2.947E-01
6.80400E-06,2.947E-01
6.80500E-06,2.947E-01
6.80600E-06,2.987E-01
6.80700E-06,3.027E-01
6.80800E-06,2.987E-01
6.80900E-06,2.947E-01
6.81000E-06,2.947E-01
6.81100E-06,2.947E-01
6.81200E-06,2.987E-01
6.81300E-06,2.987E-01
6.81400E-06,2.947E-01
6.81500E-06,2.947E-01
6.81600E-06,2.947E-01
6.81700E-06,2.947E-01
6.81800E-06,2.947E-01
6.81900E-06,2.907E-01
6.82000E-06,2.907E-01
6.82100E-06,2.907E-01
6.82200E-06,2.907E-01
6.82300E-06,2.907E-01
6.82400E-06,2.907E-01
6.82500E-06,2.867E-01
6.82600E-06,2.867E-01
6.82700E-06,2.907E-01
6.82800E-06,2.907E-01
6.82900E-06,2.907E-01
6.83000E-06,2.867E-01
6.83100E-06,2.867E-01
6.83200E-06,2.867E-01
6.83300E-06,2.867E-01
6.83400E-06,2.827E-01
6.83500E-06,2.867E-01
6.83600E-06,2.907E-01
6.83700E-06,2.907E-01
6.83800E-06,2.907E-01
6.83900E-06,2.867E-01
6.84000E-06,2.867E-01
6.84100E-06,2.867E-01
6.84200E-06,2.867E-01
6.84300E-06,2.827E-01
6.84400E-06,2.827E-01
6.84500E-06,2.827E-01
6.84600E-06,2.867E-01
6.84700E-06,2.867E-01
6.84800E-06,2.867E-01
6.84900E-06,2.867E-01
6.85000E-06,2.867E-01
6.85100E-06,2.827E-01
6.85200E-06,2.827E-01
6.85300E-06,2.827E-01
6.85400E-06,2.867E-01
6.85500E-06,2.867E-01
6.85600E-06,2.867E-01
6.85700E-06,2.867E-01
6.85800E-06,2.867E-01
6.85900E-06,2.867E-01
6.86000E-06,2.867E-01
6.86100E-06,2.827E-01
6.86200E-06,2.867E-01
6.86300E-06,2.867E-01
6.86400E-06,2.867E-01
6.86500E-06,2.867E-01
6.86600E-06,2.867E-01
6.86700E-06,2.867E-01
6.86800E-06,2.867E-01
6.86900E-06,2.907E-01
6.87000E-06,2.907E-01
6.87100E-06,2.867E-01
6.87200E-06,2.867E-01
6.87300E-06,2.867E-01
6.87400E-06,2.867E-01
6.87500E-06,2.867E-01
6.87600E-06,2.867E-01
6.87700E-06,2.867E-01
6.87800E-06,2.867E-01
6.87900E-06,2.907E-01
6.88000E-06,2.907E-01
6.88100E-06,2.907E-01
6.88200E-06,2.907E-01
6.88300E-06,2.907E-01
6.88400E-06,2.907E-01
6.88500E-06,2.907E-01
6.88600E-06,2.907E-01
6.88700E-06,2.907E-01
6.88800E-06,2.907E-01
6.88900E-06,2.907E-01
6.89000E-06,2.907E-01
6.89100E-06,2.947E-01
6.89200E-06,2.907E-01
6.89300E-06,2.907E-01
6.89400E-06,2.907E-01
6.89500E-06,2.907E-01
6.89600E-06,2.907E-01
6.89700E-06,2.947E-01
6.89800E-06,2.987E-01
6.89900E-06,2.947E-01
6.90000E-06,2.947E-01
6.90100E-06,2.947E-01
6.90200E-06,2.947E-01
6.90300E-06,2.947E-01
6.90400E-06,2.947E-01
6.90500E-06,2.947E-01
6.90600E-06,2.987E-01
6.90700E-06,2.987E-01
6.90800E-06,2.987E-01
6.90900E-06,2.987E-01
6.91000E-06,2.987E-01
6.91100E-06,3.027E-01
6.91200E-06,3.027E-01
6.91300E-06,3.027E-01
6.91400E-06,3.027E-01
6.91500E-06,3.027E-01
6.91600E-06,3.027E-01
6.91700E-06,3.067E-01
6.91800E-06,3.067E-01
6.91900E-06,3.067E-01
6.92000E-06,3.067E-01
6.92100E-06,3.067E-01
6.92200E-06,3.107E-01
6.92300E-06,3.107E-01
6.92400E-06,3.107E-01
6.92500E-06,3.067E-01
6.92600E-06,3.067E-01
6.92700E-06,3.147E-01
6.92800E-06,3.107E-01
6.92900E-06,3.147E-01
6.93000E-06,3.147E-01
6.93100E-06,3.107E-01
6.93200E-06,3.107E-01
6.93300E-06,3.147E-01
6.93400E-06,3.187E-01
6.93500E-06,3.187E-01
6.93600E-06,3.187E-01
6.93700E-06,3.187E-01
6.93800E-06,3.227E-01
6.93900E-06,3.187E-01
6.94000E-06,3.187E-01
6.94100E-06,3.227E-01
6.94200E-06,3.227E-01
6.94300E-06,3.227E-01
6.94400E-06,3.227E-01
6.94500E-06,3.227E-01
6.94600E-06,3.267E-01
6.94700E-06,3.267E-01
6.94800E-06,3.227E-01
6.94900E-06,3.267E-01
6.95000E-06,3.307E-01
6.95100E-06,3.307E-01
6.95200E-06,3.307E-01
6.95300E-06,3.307E-01
6.95400E-06,3.307E-01
6.95500E-06,3.307E-01
6.95600E-06,3.347E-01
6.95700E-06,3.347E-01
6.95800E-06,3.347E-01
6.95900E-06,3.387E-01
6.96000E-06,3.387E-01
6.96100E-06,3.347E-01
6.96200E-06,3.347E-01
6.96300E-06,3.347E-01
6.96400E-06,3.427E-01
6.96500E-06,3.427E-01
6.96600E-06,3.427E-01
6.96700E-06,3.427E-01
6.96800E-06,3.427E-01
6.96900E-06,3.427E-01
6.97000E-06,3.467E-01
6.97100E-06,3.467E-01
6.97200E-06,3.467E-01
6.97300E-06,3.467E-01
6.97400E-06,3.467E-01
6.97500E-06,3.507E-01
6.97600E-06,3.507E-01
6.97700E-06,3.507E-01
6.97800E-06,3.547E-01
6.97900E-06,3.547E-01
6.98000E-06,3.547E-01
6.98100E-06,3.547E-01
6.98200E-06,3.547E-01
6.98300E-06,3.587E-01
6.98400E-06,3.547E-01
6.98500E-06,3.587E-01
6.98600E-06,3.587E-01
6.98700E-06,3.587E-01
6.98800E-06,3.627E-01
6.98900E-06,3.667E-01
6.99000E-06,3.627E-01
6.99100E-06,3.627E-01
6.99200E-06,3.627E-01
6.99300E-06,3.667E-01
6.99400E-06,3.667E-01
6.99500E-06,3.667E-01
6.99600E-06,3.707E-01
6.99700E-06,3.707E-01
6.99800E-06,3.707E-01
6.99900E-06,3.707E-01
7.00000E-06,3.707E-01
7.00100E-06,3.707E-01
7.00200E-06,3.707E-01
7.00300E-06,3.747E-01
7.00400E-06,3.747E-01
7.00500E-06,3.747E-01
7.00600E-06,3.787E-01
7.00700E-06,3.787E-01
7.00800E-06,3.787E-01
7.00900E-06,3.787E-01
7.01000E-06,3.787E-01
7.01100E-06,3.787E-01
7.01200E-06,3.787E-01
7.01300E-06,3.787E-01
7.01400E-06,3.827E-01
7.01500E-06,3.827E-01
7.01600E-06,3.867E-01
7.01700E-06,3.827E-01
7.01800E-06,3.867E-01
7.01900E-06,3.867E-01
7.02000E-06,3.867E-01
7.02100E-06,3.867E-01
7.02200E-06,3.867E-01
7.02300E-06,3.907E-01
7.02400E-06,3.907E-01
7.02500E-06,3.867E-01
7.02600E-06,3.907E-01
7.02700E-06,3.907E-01
7.02800E-06,3.907E-01
7.02900E-06,3.947E-01
7.03000E-06,3.987E-01
7.03100E-06,3.947E-01
7.03200E-06,3.987E-01
7.03300E-06,3.947E-01
7.03400E-06,3.987E-01
7.03500E-06,3.947E-01
7.03600E-06,3.987E-01
7.03700E-06,3.987E-01
7.03800E-06,4.027E-01
7.03900E-06,4.027E-01
7.04000E-06,4.027E-01
7.04100E-06,4.027E-01
7.04200E-06,3.987E-01
7.04300E-06,3.987E-01
7.04400E-06,4.027E-01
7.04500E-06,4.027E-01
7.04600E-06,4.067E-01
7.04700E-06,4.027E-01
7.04800E-06,4.067E-01
7.04900E-06,4.067E-01
7.05000E-06,4.067E-01
7.05100E-06,4.027E-01
7.05200E-06,4.067E-01
7.05300E-06,4.067E-01
7.05400E-06,4.107E-01
7.05500E-06,4.107E-01
7.05600E-06,4.107E-01
7.05700E-06,4.107E-01
7.05800E-06,4.107E-01
7.05900E-06,4.107E-01
7.06000E-06,4.107E-01
7.06100E-06,4.107E-01
7.06200E-06,4.147E-01
7.06300E-06,4.107E-01
7.06400E-06,4.107E-01
7.06500E-06,4.147E-01
7.06600E-06,4.147E-01
7.06700E-06,4.147E-01
7.06800E-06,4.147E-01
7.06900E-06,4.147E-01
7.07000E-06,4.147E-01
7.07100E-06,4.147E-01
7.07200E-06,4.147E-01
7.07300E-06,4.187E-01
7.07400E-06,4.187E-01
7.07500E-06,4.187E-01
7.07600E-06,4.187E-01
7.07700E-06,4.187E-01
7.07800E-06,4.227E-01
7.07900E-06,4.187E-01
7.08000E-06,4.187E-01
7.08100E-06,4.147E-01
7.08200E-06,4.187E-01
7.08300E-06,4.187E-01
7.08400E-06,4.187E-01
7.08500E-06,4.187E-01
7.08600E-06,4.187E-01
7.08700E-06,4.227E-01
7.08800E-06,4.187E-01
7.08900E-06,4.187E-01
7.09000E-06,4.187E-01
7.09100E-06,4.187E-01
7.09200E-06,4.187E-01
7.09300E-06,4.187E-01
7.09400E-06,4.227E-01
7.09500E-06,4.267E-01
7.09600E-06,4.227E-01
7.09700E-06,4.227E-01
7.09800E-06,4.227E-01
7.09900E-06,4.187E-01
7.10000E-06,4.227E-01
7.10100E-06,4.187E-01
7.10200E-06,4.227E-01
7.10300E-06,4.227E-01
7.10400E-06,4.187E-01
7.10500E-06,4.227E-01
7.10600E-06,4.187E-01
7.10700E-06,4.227E-01
7.10800E-06,4.227E-01
7.10900E-06,4.187E-01
7.11000E-06,4.187E-01
7.11100E-06,4.227E-01
7.11200E-06,4.187E-01
7.11300E-06,4.227E-01
7.11400E-06,4.227E-01
7.11500E-06,4.187E-01
7.11600E-06,4.187E-01
7.11700E-06,4.187E-01
7.11800E-06,4.227E-01
7.11900E-06,4.227E-01
7.12000E-06,4.227E-01
7.12100E-06,4.227E-01
7.12200E-06,4.187E-01
7.12300E-06,4.187E-01
7.12400E-06,4.147E-01
7.12500E-06,4.187E-01
7.12600E-06,4.187E-01
7.12700E-06,4.147E-01
7.12800E-06,4.187E-01
7.12900E-06,4.187E-01
7.13000E-06,4.187E-01
7.13100E-06,4.187E-01
7.13200E-06,4.187E-01
7.13300E-06,4.187E-01
7.13400E-06,4.187E-01
7.13500E-06,4.187E-01
7.13600E-06,4.187E-01
7.13700E-06,4.187E-01
7.13800E-06,4.147E-01
7.13900E-06,4.147E-01
7.14000E-06,4.107E-01
7.14100E-06,4.107E-01
7.14200E-06,4.147E-01
7.14300E-06,4.147E-01
7.14400E-06,4.147E-01
7.14500E-06,4.107E-01
7.14600E-06,4.107E-01
7.14700E-06,4.107E-01
7.14800E-06,4.107E-01
7.14900E-06,4.107E-01
7.15000E-06,4.107E-01
7.15100E-06,4.107E-01
7.15200E-06,4.067E-01
7.15300E-06,4.107E-01
7.15400E-06,4.107E-01
7.15500E-06,4.067E-01
7.15600E-06,4.107E-01
7.15700E-06,4.067E-01
7.15800E-06,4.067E-01
7.15900E-06,4.067E-01
7.16000E-06,4.027E-01
7.16100E-06,4.027E-01
7.16200E-06,4.027E-01
7.16300E-06,4.027E-01
7.16400E-06,4.027E-01
7.16500E-06,4.027E-01
7.16600E-06,3.987E-01
7.16700E-06,4.027E-01
7.16800E-06,4.027E-01
7.16900E-06,3.987E-01
7.17000E-06,3.987E-01
7.17100E-06,3.987E-01
7.17200E-06,3.987E-01
7.17300E-06,3.947E-01
7.17400E-06,3.947E-01
7.17500E-06,3.947E-01
7.17600E-06,3.947E-01
7.17700E-06,3.987E-01
7.17800E-06,3.947E-01
7.17900E-06,3.947E-01
7.18000E-06,3.947E-01
7.18100E-06,3.907E-01
7.18200E-06,3.907E-01
7.18300E-06,3.907E-01
7.18400E-06,3.907E-01
7.18500E-06,3.867E-01
7.18600E-06,3.867E-01
7.18700E-06,3.867E-01
7.18800E-06,3.867E-01
7.18900E-06,3.867E-01
7.19000E-06,3.867E-01
7.19100E-06,3.827E-01
7.19200E-06,3.827E-01
7.19300E-06,3.827E-01
7.19400E-06,3.787E-01
7.19500E-06,3.787E-01
7.19600E-06,3.827E-01
7.19700E-06,3.787E-01
7.19800E-06,3.787E-01
7.19900E-06,3.787E-01
7.20000E-06,3.787E-01
7.20100E-06,3.787E-01
7.20200E-06,3.747E-01
7.20300E-06,3.747E-01
7.20400E-06,3.707E-01
7.20500E-06,3.707E-01
7.20600E-06,3.707E-01
7.20700E-06,3.707E-01
7.20800E-06,3.707E-01
7.20900E-06,3.707E-01
7.21000E-06,3.707E-01
7.21100E-06,3.707E-01
7.21200E-06,3.707E-01
7.21300E-06,3.667E-01
7.21400E-06,3.667E-01
7.21500E-06,3.667E-01
7.21600E-06,3.627E-01
7.21700E-06,3.667E-01
7.21800E-06,3.627E-01
7.21900E-06,3.627E-01
7.22000E-06,3.627E-01
7.22100E-06,3.587E-01
7.22200E-06,3.587E-01
7.22300E-06,3.587E-01
7.22400E-06,3.587E-01
7.22500E-06,3.587E-01
7.22600E-06,3.587E-01
7.22700E-06,3.547E-01
7.22800E-06,3.547E-01
7.22900E-06,3.507E-01
7.23000E-06,3.507E-01
7.23100E-06,3.507E-01
7.23200E-06,3.507E-01
7.23300E-06,3.467E-01
7.23400E-06,3.507E-01
7.23500E-06,3.467E-01
7.23600E-06,3.467E-01
7.23700E-06,3.427E-01
7.23800E-06,3.467E-01
7.23900E-06,3.427E-01
7.24000E-06,3.427E-01
7.24100E-06,3.387E-01
7.24200E-06,3.387E-01
7.24300E-06,3.387E-01
7.24400E-06,3.387E-01
7.24500E-06,3.427E-01
7.24600E-06,3.387E-01
7.24700E-06,3.387E-01
7.24800E-06,3.387E-01
7.24900E-06,3.347E-01
7.25000E-06,3.347E-01
7.25100E-06,3.307E-01
7.25200E-06,3.307E-01
7.25300E-06,3.267E-01
7.25400E-06,3.307E-01
7.25500E-06,3.307E-01
7.25600E-06,3.307E-01
7.25700E-06,3.307E-01
7.25800E-06,3.267E-01
7.25900E-06,3.307E-01
7.26000E-06,3.307E-01
7.26100E-06,3.267E-01
7.26200E-06,3.227E-01
7.26300E-06,3.227E-01
7.26400E-06,3.227E-01
7.26500E-06,3.227E-01
7.26600E-06,3.187E-01
7.26700E-06,3.227E-01
7.26800E-06,3.187E-01
7.26900E-06,3.227E-01
7.27000E-06,3.187E-01
7.27100E-06,3.187E-01
7.27200E-06,3.147E-01
7.27300E-06,3.187E-01
7.27400E-06,3.147E-01
7.27500E-06,3.147E-01
7.27600E-06,3.147E-01
7.27700E-06,3.187E-01
7.27800E-06,3.147E-01
7.27900E-06,3.147E-01
7.28000E-06,3.107E-01
7.28100E-06,3.107E-01
7.28200E-06,3.107E-01
7.28300E-06,3.067E-01
7.28400E-06,3.067E-01
7.28500E-06,3.067E-01
7.28600E-06,3.067E-01
7.28700E-06,3.067E-01
7.28800E-06,3.107E-01
7.28900E-06,3.067E-01
7.29000E-06,3.067E-01
7.29100E-06,3.067E-01
7.29200E-06,3.027E-01
7.29300E-06,3.027E-01
7.29400E-06,3.067E-01
7.29500E-06,3.027E-01
7.29600E-06,3.027E-01
7.29700E-06,3.027E-01
7.29800E-06,3.027E-01
7.29900E-06,3.027E-01
7.30000E-06,2.987E-01
7.30100E-06,2.987E-01
7.30200E-06,2.987E-01
7.30300E-06,2.987E-01
7.30400E-06,2.987E-01
7.30500E-06,2.987E-01
7.30600E-06,2.987E-01
7.30700E-06,2.947E-01
7.30800E-06,2.947E-01
7.30900E-06,2.947E-01
7.31000E-06,2.947E-01
7.31100E-06,2.947E-01
7.31200E-06,2.947E-01
7.31300E-06,2.947E-01
7.31400E-06,2.907E-01
7.31500E-06,2.907E-01
7.31600E-06,2.907E-01
7.31700E-06,2.907E-01
7.31800E-06,2.907E-01
7.31900E-06,2.907E-01
7.32000E-06,2.907E-01
7.32100E-06,2.867E-01
7.32200E-06,2.907E-01
7.32300E-06,2.907E-01
7.32400E-06,2.907E-01
7.32500E-06,2.907E-01
7.32600E-06,2.907E-01
7.32700E-06,2.907E-01
7.32800E-06,2.907E-01
7.32900E-06,2.867E-01
7.33000E-06,2.867E-01
7.33100E-06,2.867E-01
7.33200E-06,2.867E-01
7.33300E-06,2.907E-01
7.33400E-06,2.867E-01
7.33500E-06,2.907E-01
7.33600E-06,2.907E-01
7.33700E-06,2.867E-01
7.33800E-06,2.867E-01
7.33900E-06,2.867E-01
7.34000E-06,2.867E-01
7.34100E-06,2.827E-01
7.34200E-06,2.867E-01
7.34300E-06,2.867E-01
7.34400E-06,2.867E-01
7.34500E-06,2.867E-01
7.34600E-06,2.867E-01
7.34700E-06,2.867E-01
7.34800E-06,2.827E-01
7.34900E-06,2.827E-01
7.35000E-06,2.827E-01
7.35100E-06,2.827E-01
7.35200E-06,2.827E-01
7.35300E-06,2.827E-01
7.35400E-06,2.867E-01
7.35500E-06,2.867E-01
7.35600E-06,2.867E-01
7.35700E-06,2.867E-01
7.35800E-06,2.867E-01
7.35900E-06,2.907E-01
7.36000E-06,2.867E-01
7.36100E-06,2.867E-01
7.36200E-06,2.827E-01
7.36300E-06,2.827E-01
7.36400E-06,2.827E-01
7.36500E-06,2.867E-01
7.36600E-06,2.907E-01
7.36700E-06,2.907E-01
7.36800E-06,2.907E-01
7.36900E-06,2.867E-01
7.37000E-06,2.867E-01
7.37100E-06,2.867E-01
7.37200E-06,2.867E-01
7.37300E-06,2.827E-01
7.37400E-06,2.867E-01
7.37500E-06,2.827E-01
7.37600E-06,2.867E-01
7.37700E-06,2.867E-01
7.37800E-06,2.867E-01
7.37900E-06,2.907E-01
7.38000E-06,2.907E-01
7.38100E-06,2.867E-01
7.38200E-06,2.907E-01
7.38300E-06,2.907E-01
7.38400E-06,2.907E-01
7.38500E-06,2.907E-01
7.38600E-06,2.907E-01
7.38700E-06,2.907E-01
7.38800E-06,2.947E-01
7.38900E-06,2.907E-01
7.39000E-06,2.907E-01
7.39100E-06,2.907E-01
7.39200E-06,2.907E-01
7.39300E-06,2.907E-01
7.39400E-06,2.947E-01
7.39500E-06,2.947E-01
7.39600E-06,2.947E-01
7.39700E-06,2.987E-01
7.39800E-06,2.987E-01
7.39900E-06,2.947E-01
7.40000E-06,2.987E-01
7.40100E-06,2.947E-01
7.40200E-06,2.987E-01
7.40300E-06,2.947E-01
7.40400E-06,2.987E-01
7.40500E-06,2.987E-01
7.40600E-06,2.987E-01
7.40700E-06,2.987E-01
7.40800E-06,2.987E-01
7.40900E-06,3.027E-01
7.41000E-06,2.987E-01
7.41100E-06,3.027E-01
7.41200E-06,3.027E-01
7.41300E-06,3.027E-01
7.41400E-06,3.027E-01
7.41500E-06,3.027E-01
7.41600E-06,3.067E-01
7.41700E-06,3.027E-01
7.41800E-06,3.067E-01
7.41900E-06,3.067E-01
7.42000E-06,3.067E-01
7.42100E-06,3.067E-01
7.42200E-06,3.067E-01
7.42300E-06,3.107E-01
7.42400E-06,3.147E-01
7.42500E-06,3.147E-01
7.42600E-06,3.107E-01
7.42700E-06,3.107E-01
7.42800E-06,3.107E-01
7.42900E-06,3.107E-01
7.43000E-06,3.107E-01
7.43100E-06,3.107E-01
7.43200E-06,3.107E-01
7.43300E-06,3.147E-01
7.43400E-06,3.147E-01
7.43500E-06,3.187E-01
7.43600E-06,3.187E-01
7.43700E-06,3.187E-01
7.43800E-06,3.187E-01
7.43900E-06,3.187E-01
7.44000E-06,3.227E-01
7.44100E-06,3.187E-01
7.44200E-06,3.187E-01
7.44300E-06,3.227E-01
7.44400E-06,3.227E-01
7.44500E-06,3.227E-01
7.44600E-06,3.307E-01
7.44700E-06,3.307E-01
7.44800E-06,3.267E-01
7.44900E-06,3.267E-01
7.45000E-06,3.227E-01
7.45100E-06,3.267E-01
7.45200E-06,3.307E-01
7.45300E-06,3.307E-01
7.45400E-06,3.307E-01
7.45500E-06,3.307E-01
7.45600E-06,3.347E-01
7.45700E-06,3.307E-01
7.45800E-06,3.347E-01
7.45900E-06,3.347E-01
7.46000E-06,3.347E-01
7.46100E-06,3.347E-01
7.46200E-06,3.347E-01
7.46300E-06,3.387E-01
7.46400E-06,3.387E-01
7.46500E-06,3.387E-01
7.46600E-06,3.427E-01
7.46700E-06,3.427E-01
7.46800E-06,3.427E-01
7.46900E-06,3.427E-01
7.47000E-06,3.467E-01
7.47100E-06,3.467E-01
7.47200E-06,3.467E-01
7.47300E-06,3.467E-01
7.47400E-06,3.467E-01
7.47500E-06,3.467E-01
7.47600E-06,3.507E-01
7.47700E-06,3.547E-01
7.47800E-06,3.547E-01
7.47900E-06,3.547E-01
7.48000E-06,3.547E-01
7.48100E-06,3.547E-01
7.48200E-06,3.547E-01
7.48300E-06,3.547E-01
7.48400E-06,3.587E-01
7.48500E-06,3.587E-01
7.48600E-06,3.587E-01
7.48700E-06,3.587E-01
7.48800E-06,3.627E-01
7.48900E-06,3.627E-01
7.49000E-06,3.627E-01
7.49100E-06,3.627E-01
7.49200E-06,3.627E-01
7.49300E-06,3.627E-01
7.49400E-06,3.627E-01
7.49500E-06,3.667E-01
7.49600E-06,3.667E-01
7.49700E-06,3.667E-01
7.49800E-06,3.667E-01
7.49900E-06,3.707E-01
7.50000E-06,3.707E-01
7.50100E-06,3.747E-01
7.50200E-06,3.747E-01
7.50300E-06,3.747E-01
7.50400E-06,3.707E-01
7.50500E-06,3.747E-01
7.50600E-06,3.747E-01
7.50700E-06,3.747E-01
7.50800E-06,3.787E-01
7.50900E-06,3.747E-01
7.51000E-06,3.787E-01
7.51100E-06,3.787E-01
7.51200E-06,3.787E-01
7.51300E-06,3.787E-01
7.51400E-06,3.827E-01
7.51500E-06,3.827E-01
7.51600E-06,3.827E-01
7.51700E-06,3.827E-01
7.51800E-06,3.827E-01
7.51900E-06,3.867E-01
7.52000E-06,3.907E-01
7.52100E-06,3.907E-01
7.52200E-06,3.907E-01
7.52300E-06,3.867E-01
7.52400E-06,3.907E-01
7.52500E-06,3.907E-01
7.52600E-06,3.907E-01
7.52700E-06,3.907E-01
7.52800E-06,3.947E-01
7.52900E-06,3.947E-01
7.53000E-06,3.947E-01
7.53100E-06,3.987E-01
7.53200E-06,3.947E-01
7.53300E-06,3.947E-01
7.53400E-06,3.947E-01
7.53500E-06,3.947E-01
7.53600E-06,3.987E-01
7.53700E-06,3.987E-01
7.53800E-06,4.027E-01
7.53900E-06,4.027E-01
7.54000E-06,4.027E-01
7.54100E-06,4.027E-01
7.54200E-06,4.027E-01
7.54300E-06,4.027E-01
7.54400E-06,4.027E-01
7.54500E-06,3.987E-01
7.54600E-06,4.027E-01
7.54700E-06,4.027E-01
7.54800E-06,4.067E-01
7.54900E-06,4.067E-01
7.55000E-06,4.067E-01
7.55100E-06,4.067E-01
7.55200E-06,4.067E-01
7.55300E-06,4.067E-01
7.55400E-06,4.067E-01
7.55500E-06,4.067E-01
7.55600E-06,4.107E-01
7.55700E-06,4.107E-01
7.55800E-06,4.107E-01
7.55900E-06,4.107E-01
7.56000E-06,4.147E-01
7.56100E-06,4.147E-01
7.56200E-06,4.147E-01
7.56300E-06,4.147E-01
7.56400E-06,4.147E-01
7.56500E-06,4.147E-01
7.56600E-06,4.147E-01
7.56700E-06,4.107E-01
7.56800E-06,4.107E-01
7.56900E-06,4.147E-01
7.57000E-06,4.147E-01
7.57100E-06,4.187E-01
7.57200E-06,4.147E-01
7.57300E-06,4.147E-01
7.57400E-06,4.187E-01
7.57500E-06,4.187E-01
7.57600E-06,4.187E-01
7.57700E-06,4.187E-01
7.57800E-06,4.227E-01
7.57900E-06,4.187E-01
7.58000E-06,4.187E-01
7.58100E-06,4.147E-01
7.58200E-06,4.187E-01
7.58300E-06,4.187E-01
7.58400E-06,4.187E-01
7.58500E-06,4.227E-01
7.58600E-06,4.187E-01
7.58700E-06,4.187E-01
7.58800E-06,4.187E-01
7.58900E-06,4.187E-01
7.59000E-06,4.187E-01
7.59100E-06,4.187E-01
7.59200E-06,4.187E-01
7.59300E-06,4.187E-01
7.59400E-06,4.227E-01
7.59500E-06,4.227E-01
7.59600E-06,4.187E-01
7.59700E-06,4.227E-01
7.59800E-06,4.187E-01
7.59900E-06,4.187E-01
7.60000E-06,4.187E-01
7.60100E-06,4.187E-01
7.60200E-06,4.187E-01
7.60300E-06,4.187E-01
7.60400E-06,4.187E-01
7.60500E-06,4.187E-01
7.60600E-06,4.227E-01
7.60700E-06,4.227E-01
7.60800E-06,4.227E-01
7.60900E-06,4.187E-01
7.61000E-06,4.187E-01
7.61100E-06,4.187E-01
7.61200E-06,4.227E-01
7.61300E-06,4.227E-01
7.61400E-06,4.267E-01
7.61500E-06,4.227E-01
7.61600E-06,4.187E-01
7.61700E-06,4.187E-01
7.61800E-06,4.187E-01
7.61900E-06,4.187E-01
7.62000E-06,4.187E-01
7.62100E-06,4.187E-01
7.62200E-06,4.227E-01
7.62300E-06,4.187E-01
7.62400E-06,4.187E-01
7.62500E-06,4.187E-01
7.62600E-06,4.187E-01
7.62700E-06,4.187E-01
7.62800E-06,4.187E-01
7.62900E-06,4.187E-01
7.63000E-06,4.187E-01
7.63100E-06,4.147E-01
7.63200E-06,4.187E-01
7.63300E-06,4.187E-01
7.63400E-06,4.187E-01
7.63500E-06,4.147E-01
7.63600E-06,4.147E-01
7.63700E-06,4.147E-01
7.63800E-06,4.187E-01
7.63900E-06,4.187E-01
7.64000E-06,4.187E-01
7.64100E-06,4.147E-01
7.64200E-06,4.147E-01
7.64300E-06,4.147E-01
7.64400E-06,4.147E-01
7.64500E-06,4.107E-01
7.64600E-06,4.107E-01
7.64700E-06,4.107E-01
7.64800E-06,4.147E-01
7.64900E-06,4.107E-01
7.65000E-06,4.147E-01
7.65100E-06,4.107E-01
7.65200E-06,4.067E-01
7.65300E-06,4.107E-01
7.65400E-06,4.067E-01
7.65500E-06,4.067E-01
7.65600E-06,4.107E-01
7.65700E-06,4.067E-01
7.65800E-06,4.067E-01
7.65900E-06,4.067E-01
7.66000E-06,4.067E-01
7.66100E-06,4.067E-01
7.66200E-06,4.067E-01
7.66300E-06,4.067E-01
7.66400E-06,4.027E-01
7.66500E-06,3.987E-01
7.66600E-06,4.027E-01
7.66700E-06,4.027E-01
7.66800E-06,3.987E-01
7.66900E-06,3.987E-01
7.67000E-06,3.987E-01
7.67100E-06,3.987E-01
7.67200E-06,3.987E-01
7.67300E-06,3.947E-01
7.67400E-06,3.947E-01
7.67500E-06,3.947E-01
7.67600E-06,3.947E-01
7.67700E-06,3.947E-01
7.67800E-06,3.947E-01
7.67900E-06,3.987E-01
7.68000E-06,3.947E-01
7.68100E-06,3.907E-01
7.68200E-06,3.867E-01
7.68300E-06,3.867E-01
7.68400E-06,3.907E-01
7.68500E-06,3.907E-01
7.68600E-06,3.907E-01
7.68700E-06,3.907E-01
7.68800E-06,3.907E-01
7.68900E-06,3.867E-01
7.69000E-06,3.827E-01
7.69100E-06,3.787E-01
7.69200E-06,3.827E-01
7.69300E-06,3.827E-01
7.69400E-06,3.827E-01
7.69500E-06,3.827E-01
7.69600E-06,3.827E-01
7.69700E-06,3.827E-01
7.69800E-06,3.787E-01
7.69900E-06,3.787E-01
7.70000E-06,3.747E-01
7.70100E-06,3.747E-01
7.70200E-06,3.787E-01
7.70300E-06,3.747E-01
7.70400E-06,3.747E-01
7.70500E-06,3.747E-01
7.70600E-06,3.707E-01
7.70700E-06,3.707E-01
7.70800E-06,3.707E-01
7.70900E-06,3.667E-01
7.71000E-06,3.707E-01
7.71100E-06,3.667E-01
7.71200E-06,3.667E-01
7.71300E-06,3.667E-01
7.71400E-06,3.627E-01
7.71500E-06,3.627E-01
7.71600E-06,3.627E-01
7.71700E-06,3.627E-01
7.71800E-06,3.627E-01
7.71900E-06,3.627E-01
7.72000E-06,3.587E-01
7.72100E-06,3.587E-01
7.72200E-06,3.587E-01
7.72300E-06,3.587E-01
7.72400E-06,3.587E-01
7.72500E-06,3.587E-01
7.72600E-06,3.587E-01
7.72700E-06,3.547E-01
7.72800E-06,3.547E-01
7.72900E-06,3.547E-01
7.73000E-06,3.507E-01
7.73100E-06,3.507E-01
7.73200E-06,3.467E-01
7.73300E-06,3.467E-01
7.73400E-06,3.467E-01
7.73500E-06,3.507E-01
7.73600E-06,3.507E-01
7.73700E-06,3.467E-01
7.73800E-06,3.467E-01
7.73900E-06,3.467E-01
7.74000E-06,3.427E-01
7.74100E-06,3.387E-01
7.74200E-06,3.427E-01
7.74300E-06,3.387E-01
7.74400E-06,3.387E-01
7.74500E-06,3.387E-01
7.74600E-06,3.347E-01
7.74700E-06,3.347E-01
7.74800E-06,3.387E-01
7.74900E-06,3.387E-01
7.75000E-06,3.347E-01
7.75100E-06,3.307E-01
7.75200E-06,3.307E-01
7.75300E-06,3.307E-01
7.75400E-06,3.347E-01
7.75500E-06,3.307E-01
7.75600E-06,3.307E-01
7.75700E-06,3.307E-01
7.75800E-06,3.267E-01
7.75900E-06,3.267E-01
7.76000E-06,3.267E-01
7.76100E-06,3.267E-01
7.76200E-06,3.227E-01
7.76300E-06,3.227E-01
7.76400E-06,3.227E-01
7.76500E-06,3.227E-01
7.76600E-06,3.227E-01
7.76700E-06,3.227E-01
7.76800E-06,3.187E-01
7.76900E-06,3.147E-01
7.77000E-06,3.147E-01
7.77100E-06,3.147E-01
7.77200E-06,3.147E-01
7.77300E-06,3.147E-01
7.77400E-06,3.187E-01
7.77500E-06,3.147E-01
7.77600E-06,3.147E-01
7.77700E-06,3.147E-01
7.77800E-06,3.147E-01
7.77900E-06,3.147E-01
7.78000E-06,3.107E-01
7.78100E-06,3.107E-01
7.78200E-06,3.107E-01
7.78300E-06,3.107E-01
7.78400E-06,3.107E-01
7.78500E-06,3.107E-01
7.78600E-06,3.107E-01
7.78700E-06,3.107E-01
7.78800E-06,3.067E-01
7.78900E-06,3.067E-01
7.79000E-06,3.067E-01
7.79100E-06,3.067E-01
7.79200E-06,3.067E-01
7.79300E-06,3.027E-01
7.79400E-06,3.027E-01
7.79500E-06,2.987E-01
7.79600E-06,3.027E-01
7.79700E-06,3.027E-01
7.79800E-06,3.027E-01
7.79900E-06,3.027E-01
7.80000E-06,3.027E-01
7.80100E-06,2.987E-01
7.80200E-06,3.027E-01
7.80300E-06,2.987E-01
7.80400E-06,2.987E-01
7.80500E-06,2.987E-01
7.80600E-06,2.987E-01
7.80700E-06,2.987E-01
7.80800E-06,2.987E-01
7.80900E-06,2.987E-01
7.81000E-06,2.947E-01
7.81100E-06,2.907E-01
7.81200E-06,2.907E-01
7.81300E-06,2.907E-01
7.81400E-06,2.947E-01
7.81500E-06,2.947E-01
7.81600E-06,2.907E-01
7.81700E-06,2.947E-01
7.81800E-06,2.947E-01
7.81900E-06,2.947E-01
7.82000E-06,2.907E-01
7.82100E-06,2.947E-01
7.82200E-06,2.907E-01
7.82300E-06,2.907E-01
7.82400E-06,2.907E-01
7.82500E-06,2.867E-01
7.82600E-06,2.907E-01
7.82700E-06,2.867E-01
7.82800E-06,2.867E-01
7.82900E-06,2.867E-01
7.83000E-06,2.867E-01
7.83100E-06,2.867E-01
7.83200E-06,2.867E-01
7.83300E-06,2.907E-01
7.83400E-06,2.867E-01
7.83500E-06,2.867E-01
7.83600E-06,2.907E-01
7.83700E-06,2.867E-01
7.83800E-06,2.867E-01
7.83900E-06,2.907E-01
7.84000E-06,2.867E-01
7.84100E-06,2.827E-01
7.84200E-06,2.827E-01
7.84300E-06,2.827E-01
7.84400E-06,2.867E-01
7.84500E-06,2.867E-01
7.84600E-06,2.867E-01
7.84700E-06,2.867E-01
7.84800E-06,2.827E-01
7.84900E-06,2.867E-01
7.85000E-06,2.867E-01
7.85100E-06,2.827E-01
7.85200E-06,2.827E-01
7.85300E-06,2.867E-01
7.85400E-06,2.867E-01
7.85500E-06,2.907E-01
7.85600E-06,2.867E-01
7.85700E-06,2.867E-01
7.85800E-06,2.867E-01
7.85900E-06,2.867E-01
7.86000E-06,2.867E-01
7.86100E-06,2.827E-01
7.86200E-06,2.867E-01
7.86300E-06,2.827E-01
7.86400E-06,2.867E-01
7.86500E-06,2.867E-01
7.86600E-06,2.867E-01
7.86700E-06,2.867E-01
7.86800E-06,2.867E-01
7.86900E-06,2.867E-01
7.87000E-06,2.907E-01
7.87100E-06,2.907E-01
7.87200E-06,2.867E-01
7.87300E-06,2.907E-01
7.87400E-06,2.907E-01
7.87500E-06,2.907E-01
7.87600E-06,2.907E-01
7.87700E-06,2.907E-01
7.87800E-06,2.907E-01
7.87900E-06,2.907E-01
7.88000E-06,2.907E-01
7.88100E-06,2.907E-01
7.88200E-06,2.907E-01
7.88300E-06,2.907E-01
7.88400E-06,2.907E-01
7.88500E-06,2.907E-01
7.88600E-06,2.907E-01
7.88700E-06,2.907E-01
7.88800E-06,2.907E-01
7.88900E-06,2.907E-01
7.89000E-06,2.947E-01
7.89100E-06,2.907E-01
7.89200E-06,2.907E-01
7.89300E-06,2.947E-01
7.89400E-06,2.907E-01
7.89500E-06,2.947E-01
7.89600E-06,2.907E-01
7.89700E-06,2.947E-01
7.89800E-06,2.947E-01
7.89900E-06,2.907E-01
7.90000E-06,2.987E-01
7.90100E-06,3.027E-01
7.90200E-06,2.987E-01
7.90300E-06,2.987E-01
7.90400E-06,2.987E-01
7.90500E-06,2.987E-01
7.90600E-06,2.947E-01
7.90700E-06,2.987E-01
7.90800E-06,2.987E-01
7.90900E-06,3.027E-01
7.91000E-06,3.027E-01
7.91100E-06,3.027E-01
7.91200E-06,3.027E-01
7.91300E-06,3.027E-01
7.91400E-06,3.027E-01
7.91500E-06,3.027E-01
7.91600E-06,3.027E-01
7.91700E-06,3.027E-01
7.91800E-06,3.067E-01
7.91900E-06,3.067E-01
7.92000E-06,3.067E-01
7.92100E-06,3.067E-01
7.92200E-06,3.067E-01
7.92300E-06,3.107E-01
7.92400E-06,3.107E-01
7.92500E-06,3.107E-01
7.92600E-06,3.107E-01
7.92700E-06,3.107E-01
7.92800E-06,3.107E-01
7.92900E-06,3.107E-01
7.93000E-06,3.187E-01
7.93100E-06,3.187E-01
7.93200E-06,3.187E-01
7.93300E-06,3.187E-01
7.93400E-06,3.187E-01
7.93500E-06,3.227E-01
7.93600E-06,3.187E-01
7.93700E-06,3.187E-01
7.93800E-06,3.187E-01
7.93900E-06,3.187E-01
7.94000E-06,3.227E-01
7.94100E-06,3.227E-01
7.94200E-06,3.227E-01
7.94300E-06,3.267E-01
7.94400E-06,3.267E-01
7.94500E-06,3.267E-01
7.94600E-06,3.267E-01
7.94700E-06,3.267E-01
7.94800E-06,3.267E-01
7.94900E-06,3.267E-01
7.95000E-06,3.267E-01
7.95100E-06,3.307E-01
7.95200E-06,3.307E-01
7.95300E-06,3.307E-01
7.95400E-06,3.307E-01
7.95500E-06,3.347E-01
7.95600E-06,3.347E-01
7.95700E-06,3.347E-01
7.95800E-06,3.347E-01
7.95900E-06,3.347E-01
7.96000E-06,3.387E-01
7.96100E-06,3.387E-01
7.96200E-06,3.387E-01
7.96300E-06,3.427E-01
7.96400E-06,3.427E-01
7.96500E-06,3.427E-01
7.96600E-06,3.427E-01
7.96700E-06,3.427E-01
7.96800E-06,3.427E-01
7.96900E-06,3.467E-01
7.97000E-06,3.467E-01
7.97100E-06,3.467E-01
7.97200E-06,3.507E-01
7.97300E-06,3.507E-01
7.97400E-06,3.507E-01
7.97500E-06,3.507E-01
7.97600E-06,3.507E-01
7.97700E-06,3.547E-01
7.97800E-06,3.547E-01
7.97900E-06,3.507E-01
7.98000E-06,3.507E-01
7.98100E-06,3.547E-01
7.98200E-06,3.587E-01
7.98300E-06,3.587E-01
7.98400E-06,3.587E-01
7.98500E-06,3.587E-01
7.98600E-06,3.587E-01
7.98700E-06,3.627E-01
7.98800E-06,3.627E-01
7.98900E-06,3.587E-01
7.99000E-06,3.627E-01
7.99100E-06,3.667E-01
7.99200E-06,3.627E-01
7.99300E-06,3.667E-01
7.99400E-06,3.667E-01
7.99500E-06,3.667E-01
7.99600E-06,3.667E-01
7.99700E-06,3.707E-01
7.99800E-06,3.667E-01
7.99900E-06,3.707E-01
8.00000E-06,3.747E-01
8.00100E-06,3.747E-01
8.00200E-06,3.747E-01
8.00300E-06,3.747E-01
8.00400E-06,3.747E-01
8.00500E-06,3.747E-01
8.00600E-06,3.787E-01
8.00700E-06,3.747E-01
8.00800E-06,3.747E-01
8.00900E-06,3.747E-01
8.01000E-06,3.827E-01
8.01100E-06,3.787E-01
8.01200E-06,3.827E-01
8.01300E-06,3.827E-01
8.01400E-06,3.867E-01
8.01500E-06,3.867E-01
8.01600E-06,3.867E-01
8.01700E-06,3.867E-01
8.01800E-06,3.867E-01
8.01900E-06,3.867E-01
8.02000E-06,3.907E-01
8.02100E-06,3.907E-01
8.02200E-06,3.907E-01
8.02300E-06,3.947E-01
8.02400E-06,3.907E-01
8.02500E-06,3.947E-01
8.02600E-06,3.907E-01
8.02700E-06,3.947E-01
8.02800E-06,3.947E-01
8.02900E-06,3.947E-01
8.03000E-06,3.907E-01
8.03100E-06,3.947E-01
8.03200E-06,3.947E-01
8.03300E-06,3.987E-01
8.03400E-06,3.987E-01
8.03500E-06,3.987E-01
8.03600E-06,3.987E-01
8.03700E-06,3.987E-01
8.03800E-06,3.987E-01
8.03900E-06,4.027E-01
8.04000E-06,4.027E-01
8.04100E-06,4.027E-01
8.04200E-06,4.067E-01
8.04300E-06,4.027E-01
8.04400E-06,4.027E-01
8.04500E-06,4.027E-01
8.04600E-06,4.027E-01
8.04700E-06,4.067E-01
8.04800E-06,4.107E-01
8.04900E-06,4.107E-01
8.05000E-06,4.107E-01
8.05100E-06,4.107E-01
8.05200E-06,4.107E-01
8.05300E-06,4.107E-01
8.05400E-06,4.067E-01
8.05500E-06,4.107E-01
8.05600E-06,4.107E-01
8.05700E-06,4.107E-01
8.05800E-06,4.107E-01
8.05900E-06,4.107E-01
8.06000E-06,4.147E-01
8.06100E-06,4.107E-01
8.06200E-06,4.147E-01
8.06300E-06,4.107E-01
8.06400E-06,4.107E-01
8.06500E-06,4.107E-01
8.06600E-06,4.147E-01
8.06700E-06,4.147E-01
8.06800E-06,4.147E-01
8.06900E-06,4.147E-01
8.07000E-06,4.187E-01
8.07100E-06,4.147E-01
8.07200E-06,4.147E-01
8.07300E-06,4.147E-01
8.07400E-06,4.147E-01
8.07500E-06,4.187E-01
8.07600E-06,4.187E-01
8.07700E-06,4.187E-01
8.07800E-06,4.187E-01
8.07900E-06,4.147E-01
8.08000E-06,4.187E-01
8.08100E-06,4.227E-01
8.08200E-06,4.227E-01
8.08300E-06,4.187E-01
8.08400E-06,4.187E-01
8.08500E-06,4.187E-01
8.08600E-06,4.187E-01
8.08700E-06,4.187E-01
8.08800E-06,4.187E-01
8.08900E-06,4.187E-01
8.09000E-06,4.227E-01
8.09100E-06,4.227E-01
8.09200E-06,4.227E-01
8.09300E-06,4.227E-01
8.09400E-06,4.227E-01
8.09500E-06,4.227E-01
8.09600E-06,4.227E-01
8.09700E-06,4.187E-01
8.09800E-06,4.187E-01
8.09900E-06,4.187E-01
8.10000E-06,4.227E-01
8.10100E-06,4.227E-01
8.10200E-06,4.227E-01
8.10300E-06,4.227E-01
8.10400E-06,4.227E-01
8.10500E-06,4.227E-01
8.10600E-06,4.227E-01
8.10700E-06,4.227E-01
8.10800E-06,4.227E-01
8.10900E-06,4.187E-01
8.11000E-06,4.227E-01
8.11100E-06,4.187E-01
8.11200E-06,4.227E-01
8.11300E-06,4.227E-01
8.11400E-06,4.227E-01
8.11500E-06,4.227E-01
8.11600E-06,4.227E-01
8.11700E-06,4.227E-01
8.11800E-06,4.187E-01
8.11900E-06,4.187E-01
8.12000E-06,4.227E-01
8.12100E-06,4.187E-01
8.12200E-06,4.227E-01
8.12300E-06,4.187E-01
8.12400E-06,4.187E-01
8.12500E-06,4.227E-01
8.12600E-06,4.227E-01
8.12700E-06,4.227E-01
8.12800E-06,4.227E-01
8.12900E-06,4.147E-01
8.13000E-06,4.187E-01
8.13100E-06,4.147E-01
8.13200E-06,4.147E-01
8.13300E-06,4.187E-01
8.13400E-06,4.187E-01
8.13500E-06,4.187E-01
8.13600E-06,4.187E-01
8.13700E-06,4.187E-01
8.13800E-06,4.187E-01
8.13900E-06,4.147E-01
8.14000E-06,4.187E-01
8.14100E-06,4.147E-01
8.14200E-06,4.147E-01
8.14300E-06,4.147E-01
8.14400E-06,4.147E-01
8.14500E-06,4.147E-01
8.14600E-06,4.147E-01
8.14700E-06,4.147E-01
8.14800E-06,4.147E-01
8.14900E-06,4.107E-01
8.15000E-06,4.107E-01
8.15100E-06,4.107E-01
8.15200E-06,4.107E-01
8.15300E-06,4.107E-01
8.15400E-06,4.107E-01
8.15500E-06,4.107E-01
8.15600E-06,4.107E-01
8.15700E-06,4.107E-01
8.15800E-06,4.107E-01
8.15900E-06,4.107E-01
8.16000E-06,4.107E-01
8.16100E-06,4.067E-01
8.16200E-06,4.027E-01
8.16300E-06,4.027E-01
8.16400E-06,4.067E-01
8.16500E-06,4.067E-01
8.16600E-06,4.067E-01
8.16700E-06,4.067E-01
8.16800E-06,3.987E-01
8.16900E-06,3.987E-01
8.17000E-06,3.987E-01
8.17100E-06,3.987E-01
8.17200E-06,3.987E-01
8.17300E-06,3.987E-01
8.17400E-06,3.947E-01
8.17500E-06,3.987E-01
8.17600E-06,3.987E-01
8.17700E-06,3.947E-01
8.17800E-06,3.947E-01
8.17900E-06,3.947E-01
8.18000E-06,3.947E-01
8.18100E-06,3.947E-01
8.18200E-06,3.947E-01
8.18300E-06,3.907E-01
8.18400E-06,3.907E-01
8.18500E-06,3.907E-01
8.18600E-06,3.867E-01
8.18700E-06,3.907E-01
8.18800E-06,3.907E-01
8.18900E-06,3.867E-01
8.19000E-06,3.907E-01
8.19100E-06,3.867E-01
8.19200E-06,3.827E-01
8.19300E-06,3.787E-01
8.19400E-06,3.787E-01
8.19500E-06,3.787E-01
8.19600E-06,3.787E-01
8.19700E-06,3.827E-01
8.19800E-06,3.827E-01
8.19900E-06,3.827E-01
8.20000E-06,3.787E-01
8.20100E-06,3.827E-01
8.20200E-06,3.747E-01
8.20300E-06,3.747E-01
8.20400E-06,3.707E-01
8.20500E-06,3.747E-01
8.20600E-06,3.747E-01
8.20700E-06,3.747E-01
8.20800E-06,3.747E-01
8.20900E-06,3.707E-01
8.21000E-06,3.707E-01
8.21100E-06,3.667E-01
8.21200E-06,3.627E-01
8.21300E-06,3.627E-01
8.21400E-06,3.667E-01
8.21500E-06,3.627E-01
8.21600E-06,3.667E-01
8.21700E-06,3.627E-01
8.21800E-06,3.667E-01
8.21900E-06,3.667E-01
8.22000E-06,3.627E-01
8.22100E-06,3.627E-01
8.22200E-06,3.627E-01
8.22300E-06,3.587E-01
8.22400E-06,3.587E-01
8.22500E-06,3.547E-01
8.22600E-06,3.547E-01
8.22700E-06,3.587E-01
8.22800E-06,3.547E-01
8.22900E-06,3.547E-01
8.23000E-06,3.587E-01
8.23100E-06,3.547E-01
8.23200E-06,3.507E-01
8.23300E-06,3.467E-01
8.23400E-06,3.467E-01
8.23500E-06,3.507E-01
8.23600E-06,3.467E-01
8.23700E-06,3.467E-01
8.23800E-06,3.467E-01
8.23900E-06,3.467E-01
8.24000E-06,3.467E-01
8.24100E-06,3.427E-01
8.24200E-06,3.427E-01
8.24300E-06,3.427E-01
8.24400E-06,3.387E-01
8.24500E-06,3.427E-01
8.24600E-06,3.387E-01
8.24700E-06,3.387E-01
8.24800E-06,3.387E-01
8.24900E-06,3.347E-01
8.25000E-06,3.347E-01
8.25100E-06,3.347E-01
8.25200E-06,3.307E-01
8.25300E-06,3.307E-01
8.25400E-06,3.307E-01
8.25500E-06,3.307E-01
8.25600E-06,3.307E-01
8.25700E-06,3.307E-01
8.25800E-06,3.307E-01
8.25900E-06,3.307E-01
8.26000E-06,3.267E-01
8.26100E-06,3.267E-01
8.26200E-06,3.267E-01
8.26300E-06,3.267E-01
8.26400E-06,3.227E-01
8.26500E-06,3.267E-01
8.26600E-06,3.267E-01
8.26700E-06,3.267E-01
8.26800E-06,3.267E-01
8.26900E-06,3.227E-01
8.27000E-06,3.187E-01
8.27100E-06,3.187E-01
8.27200E-06,3.147E-01
8.27300E-06,3.187E-01
8.27400E-06,3.187E-01
8.27500E-06,3.187E-01
8.27600E-06,3.187E-01
8.27700E-06,3.187E-01
8.27800E-06,3.147E-01
8.27900E-06,3.147E-01
8.28000E-06,3.147E-01
8.28100E-06,3.107E-01
8.28200E-06,3.107E-01
8.28300E-06,3.107E-01
8.28400E-06,3.107E-01
8.28500E-06,3.107E-01
8.28600E-06,3.107E-01
8.28700E-06,3.067E-01
8.28800E-06,3.067E-01
8.28900E-06,3.067E-01
8.29000E-06,3.067E-01
8.29100E-06,3.067E-01
8.29200E-06,3.067E-01
8.29300E-06,3.067E-01
8.29400E-06,3.027E-01
8.29500E-06,3.027E-01
8.29600E-06,3.027E-01
8.29700E-06,3.067E-01
8.29800E-06,3.027E-01
8.29900E-06,3.027E-01
8.30000E-06,3.027E-01
8.30100E-06,2.987E-01
8.30200E-06,2.987E-01
8.30300E-06,2.987E-01
8.30400E-06,2.947E-01
8.30500E-06,2.987E-01
8.30600E-06,2.987E-01
8.30700E-06,2.947E-01
8.30800E-06,2.947E-01
8.30900E-06,2.947E-01
8.31000E-06,2.947E-01
8.31100E-06,2.947E-01
8.31200E-06,2.907E-01
8.31300E-06,2.907E-01
8.31400E-06,2.947E-01
8.31500E-06,2.947E-01
8.31600E-06,2.947E-01
8.31700E-06,2.947E-01
8.31800E-06,2.947E-01
8.31900E-06,2.947E-01
8.32000E-06,2.947E-01
8.32100E-06,2.907E-01
8.32200E-06,2.907E-01
8.32300E-06,2.907E-01
8.32400E-06,2.907E-01
8.32500E-06,2.907E-01
8.32600E-06,2.907E-01
8.32700E-06,2.907E-01
8.32800E-06,2.907E-01
8.32900E-06,2.907E-01
8.33000E-06,2.867E-01
8.33100E-06,2.867E-01
8.33200E-06,2.867E-01
8.33300E-06,2.867E-01
8.33400E-06,2.867E-01
8.33500E-06,2.867E-01
8.33600E-06,2.867E-01
8.33700E-06,2.867E-01
8.33800E-06,2.867E-01
8.33900E-06,2.867E-01
8.34000E-06,2.867E-01
8.34100E-06,2.867E-01
8.34200E-06,2.907E-01
8.34300E-06,2.867E-01
8.34400E-06,2.867E-01
8.34500E-06,2.867E-01
8.34600E-06,2.867E-01
8.34700E-06,2.867E-01
8.34800E-06,2.867E-01
8.34900E-06,2.867E-01
8.35000E-06,2.867E-01
8.35100E-06,2.867E-01
8.35200E-06,2.867E-01
8.35300E-06,2.867E-01
8.35400E-06,2.827E-01
8.35500E-06,2.827E-01
8.35600E-06,2.867E-01
8.35700E-06,2.867E-01
8.35800E-06,2.867E-01
8.35900E-06,2.867E-01
8.36000E-06,2.867E-01
8.36100E-06,2.867E-01
8.36200E-06,2.867E-01
8.36300E-06,2.867E-01
8.36400E-06,2.867E-01
8.36500E-06,2.867E-01
8.36600E-06,2.907E-01
8.36700E-06,2.867E-01
8.36800E-06,2.907E-01
8.36900E-06,2.907E-01
8.37000E-06,2.867E-01
8.37100E-06,2.867E-01
8.37200E-06,2.867E-01
8.37300E-06,2.867E-01
8.37400E-06,2.867E-01
8.37500E-06,2.867E-01
8.37600E-06,2.867E-01
8.37700E-06,2.867E-01
8.37800E-06,2.907E-01
8.37900E-06,2.907E-01
8.38000E-06,2.907E-01
8.38100E-06,2.907E-01
8.38200E-06,2.907E-01
8.38300E-06,2.947E-01
8.38400E-06,2.947E-01
8.38500E-06,2.947E-01
8.38600E-06,2.947E-01
8.38700E-06,2.907E-01
8.38800E-06,2.947E-01
8.38900E-06,2.907E-01
8.39000E-06,2.947E-01
8.39100E-06,2.987E-01
8.39200E-06,2.947E-01
8.39300E-06,2.907E-01
8.39400E-06,2.907E-01
8.39500E-06,2.947E-01
8.39600E-06,2.987E-01
8.39700E-06,2.987E-01
8.39800E-06,2.947E-01
8.39900E-06,2.987E-01
8.40000E-06,2.987E-01
8.40100E-06,2.987E-01
8.40200E-06,2.947E-01
8.40300E-06,2.947E-01
8.40400E-06,2.987E-01
8.40500E-06,2.987E-01
8.40600E-06,3.027E-01
8.40700E-06,3.027E-01
8.40800E-06,3.027E-01
8.40900E-06,3.027E-01
8.41000E-06,3.027E-01
8.41100E-06,3.027E-01
8.41200E-06,3.027E-01
8.41300E-06,3.027E-01
8.41400E-06,3.027E-01
8.41500E-06,3.067E-01
8.41600E-06,3.067E-01
8.41700E-06,3.067E-01
8.41800E-06,3.067E-01
8.41900E-06,3.067E-01
8.42000E-06,3.067E-01
8.42100E-06,3.067E-01
8.42200E-06,3.067E-01
8.42300E-06,3.107E-01
8.42400E-06,3.107E-01
8.42500E-06,3.147E-01
8.42600E-06,3.147E-01
8.42700E-06,3.147E-01
8.42800E-06,3.147E-01
8.42900E-06,3.147E-01
8.43000E-06,3.147E-01
8.43100E-06,3.147E-01
8.43200E-06,3.147E-01
8.43300E-06,3.147E-01
8.43400E-06,3.147E-01
8.43500E-06,3.147E-01
8.43600E-06,3.187E-01
8.43700E-06,3.187E-01
8.43800E-06,3.187E-01
8.43900E-06,3.227E-01
8.44000E-06,3.227E-01
8.44100E-06,3.267E-01
8.44200E-06,3.267E-01
8.44300E-06,3.267E-01
8.44400E-06,3.227E-01
8.44500E-06,3.227E-01
8.44600E-06,3.267E-01
8.44700E-06,3.267E-01
8.44800E-06,3.267E-01
8.44900E-06,3.307E-01
8.45000E-06,3.347E-01
8.45100E-06,3.307E-01
8.45200E-06,3.307E-01
8.45300E-06,3.307E-01
8.45400E-06,3.347E-01
8.45500E-06,3.347E-01
8.45600E-06,3.347E-01
8.45700E-06,3.347E-01
8.45800E-06,3.387E-01
8.45900E-06,3.387E-01
8.46000E-06,3.387E-01
8.46100E-06,3.387E-01
8.46200E-06,3.387E-01
8.46300E-06,3.427E-01
8.46400E-06,3.427E-01
8.46500E-06,3.427E-01
8.46600E-06,3.427E-01
8.46700E-06,3.427E-01
8.46800E-06,3.467E-01
8.46900E-06,3.467E-01
8.47000E-06,3.467E-01
8.47100E-06,3.467E-01
8.47200E-06,3.467E-01
8.47300E-06,3.467E-01
8.47400E-06,3.467E-01
8.47500E-06,3.507E-01
8.47600E-06,3.547E-01
8.47700E-06,3.547E-01
8.47800E-06,3.547E-01
8.47900E-06,3.547E-01
8.48000E-06,3.547E-01
8.48100E-06,3.587E-01
8.48200E-06,3.587E-01
8.48300E-06,3.627E-01
8.48400E-06,3.587E-01
8.48500E-06,3.587E-01
8.48600E-06,3.587E-01
8.48700E-06,3.587E-01
8.48800E-06,3.627E-01
8.48900E-06,3.667E-01
8.49000E-06,3.667E-01
8.49100E-06,3.667E-01
8.49200E-06,3.667E-01
8.49300E-06,3.627E-01
8.49400E-06,3.667E-01
8.49500E-06,3.707E-01
8.49600E-06,3.707E-01
8.49700E-06,3.667E-01
8.49800E-06,3.707E-01
8.49900E-06,3.707E-01
8.50000E-06,3.747E-01
8.50100E-06,3.747E-01
8.50200E-06,3.747E-01
8.50300E-06,3.747E-01
8.50400E-06,3.747E-01
8.50500E-06,3.747E-01
8.50600E-06,3.747E-01
8.50700E-06,3.787E-01
8.50800E-06,3.787E-01
8.50900E-06,3.787E-01
8.51000E-06,3.747E-01
8.51100E-06,3.787E-01
8.51200E-06,3.827E-01
8.51300E-06,3.827E-01
8.51400E-06,3.867E-01
8.51500E-06,3.867E-01
8.51600E-06,3.827E-01
8.51700E-06,3.827E-01
8.51800E-06,3.867E-01
8.51900E-06,3.867E-01
8.52000E-06,3.867E-01
8.52100E-06,3.867E-01
8.52200E-06,3.867E-01
8.52300E-06,3.867E-01
8.52400E-06,3.867E-01
8.52500E-06,3.947E-01
8.52600E-06,3.947E-01
8.52700E-06,3.947E-01
8.52800E-06,3.947E-01
8.52900E-06,3.947E-01
8.53000E-06,3.947E-01
8.53100E-06,3.947E-01
8.53200E-06,3.987E-01
8.53300E-06,3.947E-01
8.53400E-06,3.987E-01
8.53500E-06,4.027E-01
8.53600E-06,3.987E-01
8.53700E-06,3.987E-01
8.53800E-06,3.987E-01
8.53900E-06,4.027E-01
8.54000E-06,4.027E-01
8.54100E-06,4.027E-01
8.54200E-06,4.027E-01
8.54300E-06,4.067E-01
8.54400E-06,4.067E-01
8.54500E-06,4.067E-01
8.54600E-06,4.067E-01
8.54700E-06,4.067E-01
8.54800E-06,4.067E-01
8.54900E-06,4.107E-01
8.55000E-06,4.067E-01
8.55100E-06,4.027E-01
8.55200E-06,4.027E-01
8.55300E-06,4.067E-01
8.55400E-06,4.067E-01
8.55500E-06,4.107E-01
8.55600E-06,4.107E-01
8.55700E-06,4.107E-01
8.55800E-06,4.107E-01
8.55900E-06,4.107E-01
8.56000E-06,4.107E-01
8.56100E-06,4.067E-01
8.56200E-06,4.107E-01
8.56300E-06,4.067E-01
8.56400E-06,4.147E-01
8.56500E-06,4.147E-01
8.56600E-06,4.187E-01
8.56700E-06,4.187E-01
8.56800E-06,4.147E-01
8.56900E-06,4.147E-01
8.57000E-06,4.147E-01
8.57100E-06,4.187E-01
8.57200E-06,4.187E-01
8.57300E-06,4.147E-01
8.57400E-06,4.147E-01
8.57500E-06,4.147E-01
8.57600E-06,4.187E-01
8.57700E-06,4.187E-01
8.57800E-06,4.187E-01
8.57900E-06,4.187E-01
8.58000E-06,4.187E-01
8.58100E-06,4.187E-01
8.58200E-06,4.227E-01
8.58300E-06,4.187E-01
8.58400E-06,4.187E-01
8.58500E-06,4.187E-01
8.58600E-06,4.187E-01
8.58700E-06,4.187E-01
8.58800E-06,4.227E-01
8.58900E-06,4.227E-01
8.59000E-06,4.227E-01
8.59100E-06,4.227E-01
8.59200E-06,4.227E-01
8.59300E-06,4.187E-01
8.59400E-06,4.227E-01
8.59500E-06,4.227E-01
8.59600E-06,4.227E-01
8.59700E-06,4.227E-01
8.59800E-06,4.227E-01
8.59900E-06,4.267E-01
8.60000E-06,4.227E-01
8.60100E-06,4.227E-01
8.60200E-06,4.227E-01
8.60300E-06,4.227E-01
8.60400E-06,4.187E-01
8.60500E-06,4.187E-01
8.60600E-06,4.187E-01
8.60700E-06,4.227E-01
8.60800E-06,4.227E-01
8.60900E-06,4.227E-01
8.61000E-06,4.227E-01
8.61100E-06,4.227E-01
8.61200E-06,4.187E-01
8.61300E-06,4.187E-01
8.61400E-06,4.227E-01
8.61500E-06,4.227E-01
8.61600E-06,4.227E-01
8.61700E-06,4.227E-01
8.61800E-06,4.227E-01
8.61900E-06,4.227E-01
8.62000E-06,4.227E-01
8.62100E-06,4.227E-01
8.62200E-06,4.187E-01
8.62300E-06,4.227E-01
8.62400E-06,4.187E-01
8.62500E-06,4.227E-01
8.62600E-06,4.227E-01
8.62700E-06,4.227E-01
8.62800E-06,4.187E-01
8.62900E-06,4.187E-01
8.63000E-06,4.187E-01
8.63100E-06,4.147E-01
8.63200E-06,4.187E-01
8.63300E-06,4.187E-01
8.63400E-06,4.187E-01
8.63500E-06,4.147E-01
8.63600E-06,4.187E-01
8.63700E-06,4.187E-01
8.63800E-06,4.187E-01
8.63900E-06,4.147E-01
8.64000E-06,4.147E-01
8.64100E-06,4.147E-01
8.64200E-06,4.147E-01
8.64300E-06,4.147E-01
8.64400E-06,4.147E-01
8.64500E-06,4.107E-01
8.64600E-06,4.107E-01
8.64700E-06,4.107E-01
8.64800E-06,4.107E-01
8.64900E-06,4.147E-01
8.65000E-06,4.107E-01
8.65100E-06,4.107E-01
8.65200E-06,4.107E-01
8.65300E-06,4.107E-01
8.65400E-06,4.067E-01
8.65500E-06,4.107E-01
8.65600E-06,4.067E-01
8.65700E-06,4.067E-01
8.65800E-06,4.107E-01
8.65900E-06,4.107E-01
8.66000E-06,4.107E-01
8.66100E-06,4.107E-01
8.66200E-06,4.027E-01
8.66300E-06,3.987E-01
8.66400E-06,4.027E-01
8.66500E-06,4.027E-01
8.66600E-06,4.027E-01
8.66700E-06,4.027E-01
8.66800E-06,4.027E-01
8.66900E-06,4.067E-01
8.67000E-06,4.027E-01
8.67100E-06,3.987E-01
8.67200E-06,3.947E-01
8.67300E-06,3.987E-01
8.67400E-06,3.947E-01
8.67500E-06,3.987E-01
8.67600E-06,3.987E-01
8.67700E-06,3.987E-01
8.67800E-06,3.947E-01
8.67900E-06,3.947E-01
8.68000E-06,3.907E-01
8.68100E-06,3.907E-01
8.68200E-06,3.947E-01
8.68300E-06,3.907E-01
8.68400E-06,3.907E-01
8.68500E-06,3.907E-01
8.68600E-06,3.907E-01
8.68700E-06,3.907E-01
8.68800E-06,3.907E-01
8.68900E-06,3.867E-01
8.69000E-06,3.867E-01
8.69100E-06,3.827E-01
8.69200E-06,3.867E-01
8.69300E-06,3.827E-01
8.69400E-06,3.827E-01
8.69500E-06,3.827E-01
8.69600E-06,3.827E-01
8.69700E-06,3.787E-01
8.69800E-06,3.787E-01
8.69900E-06,3.787E-01
8.70000E-06,3.787E-01
8.70100E-06,3.787E-01
8.70200E-06,3.747E-01
8.70300E-06,3.787E-01
8.70400E-06,3.747E-01
8.70500E-06,3.787E-01
8.70600E-06,3.747E-01
8.70700E-06,3.707E-01
8.70800E-06,3.707E-01
8.70900E-06,3.707E-01
8.71000E-06,3.707E-01
8.71100E-06,3.707E-01
8.71200E-06,3.707E-01
8.71300E-06,3.667E-01
8.71400E-06,3.627E-01
8.71500E-06,3.627E-01
8.71600E-06,3.667E-01
8.71700E-06,3.667E-01
8.71800E-06,3.707E-01
8.71900E-06,3.667E-01
8.72000E-06,3.627E-01
8.72100E-06,3.627E-01
8.72200E-06,3.587E-01
8.72300E-06,3.587E-01
8.72400E-06,3.587E-01
8.72500E-06,3.587E-01
8.72600E-06,3.547E-01
8.72700E-06,3.547E-01
8.72800E-06,3.547E-01
8.72900E-06,3.547E-01
8.73000E-06,3.587E-01
8.73100E-06,3.547E-01
8.73200E-06,3.547E-01
8.73300E-06,3.507E-01
8.73400E-06,3.507E-01
8.73500E-06,3.467E-01
8.73600E-06,3.507E-01
8.73700E-06,3.467E-01
8.73800E-06,3.467E-01
8.73900E-06,3.427E-01
8.74000E-06,3.427E-01
8.74100E-06,3.427E-01
8.74200E-06,3.427E-01
8.74300E-06,3.427E-01
8.74400E-06,3.427E-01
8.74500E-06,3.387E-01
8.74600E-06,3.427E-01
8.74700E-06,3.427E-01
8.74800E-06,3.427E-01
8.74900E-06,3.387E-01
8.75000E-06,3.387E-01
8.75100E-06,3.387E-01
8.75200E-06,3.347E-01
8.75300E-06,3.307E-01
8.75400E-06,3.307E-01
8.75500E-06,3.307E-01
8.75600E-06,3.307E-01
8.75700E-06,3.307E-01
8.75800E-06,3.347E-01
8.75900E-06,3.307E-01
8.76000E-06,3.307E-01
8.76100E-06,3.267E-01
8.76200E-06,3.267E-01
8.76300E-06,3.227E-01
8.76400E-06,3.267E-01
8.76500E-06,3.227E-01
8.76600E-06,3.227E-01
8.76700E-06,3.227E-01
8.76800E-06,3.227E-01
8.76900E-06,3.187E-01
8.77000E-06,3.187E-01
8.77100E-06,3.187E-01
8.77200E-06,3.187E-01
8.77300E-06,3.187E-01
8.77400E-06,3.187E-01
8.77500E-06,3.187E-01
8.77600E-06,3.187E-01
8.77700E-06,3.147E-01
8.77800E-06,3.147E-01
8.77900E-06,3.147E-01
8.78000E-06,3.147E-01
8.78100E-06,3.147E-01
8.78200E-06,3.107E-01
8.78300E-06,3.107E-01
8.78400E-06,3.067E-01
8.78500E-06,3.067E-01
8.78600E-06,3.067E-01
8.78700E-06,3.067E-01
8.78800E-06,3.067E-01
8.78900E-06,3.107E-01
8.79000E-06,3.067E-01
8.79100E-06,3.027E-01
8.79200E-06,3.027E-01
8.79300E-06,3.027E-01
8.79400E-06,3.027E-01
8.79500E-06,3.027E-01
8.79600E-06,3.067E-01
8.79700E-06,3.027E-01
8.79800E-06,3.027E-01
8.79900E-06,3.027E-01
8.80000E-06,3.027E-01
8.80100E-06,3.027E-01
8.80200E-06,2.987E-01
8.80300E-06,2.987E-01
8.80400E-06,2.987E-01
8.80500E-06,2.987E-01
8.80600E-06,2.987E-01
8.80700E-06,2.987E-01
8.80800E-06,2.987E-01
8.80900E-06,2.947E-01
8.81000E-06,2.947E-01
8.81100E-06,2.947E-01
8.81200E-06,2.947E-01
8.81300E-06,2.947E-01
8.81400E-06,2.947E-01
8.81500E-06,2.987E-01
8.81600E-06,2.947E-01
8.81700E-06,2.947E-01
8.81800E-06,2.947E-01
8.81900E-06,2.907E-01
8.82000E-06,2.907E-01
8.82100E-06,2.907E-01
8.82200E-06,2.907E-01
8.82300E-06,2.907E-01
8.82400E-06,2.867E-01
8.82500E-06,2.867E-01
8.82600E-06,2.907E-01
8.82700E-06,2.907E-01
8.82800E-06,2.907E-01
8.82900E-06,2.907E-01
8.83000E-06,2.907E-01
8.83100E-06,2.907E-01
8.83200E-06,2.907E-01
8.83300E-06,2.867E-01
8.83400E-06,2.907E-01
8.83500E-06,2.907E-01
8.83600E-06,2.907E-01
8.83700E-06,2.907E-01
8.83800E-06,2.907E-01
8.83900E-06,2.867E-01
8.84000E-06,2.867E-01
8.84100E-06,2.867E-01
8.84200E-06,2.867E-01
8.84300E-06,2.867E-01
8.84400E-06,2.867E-01
8.84500E-06,2.907E-01
8.84600E-06,2.867E-01
8.84700E-06,2.867E-01
8.84800E-06,2.867E-01
8.84900E-06,2.867E-01
8.85000E-06,2.827E-01
8.85100E-06,2.867E-01
8.85200E-06,2.827E-01
8.85300E-06,2.867E-01
8.85400E-06,2.867E-01
8.85500E-06,2.867E-01
8.85600E-06,2.867E-01
8.85700E-06,2.867E-01
8.85800E-06,2.867E-01
8.85900E-06,2.907E-01
8.86000E-06,2.867E-01
8.86100E-06,2.867E-01
8.86200E-06,2.827E-01
8.86300E-06,2.867E-01
8.86400E-06,2.867E-01
8.86500E-06,2.867E-01
8.86600E-06,2.907E-01
8.86700E-06,2.867E-01
8.86800E-06,2.907E-01
8.86900E-06,2.867E-01
8.87000E-06,2.907E-01
8.87100E-06,2.867E-01
8.87200E-06,2.867E-01
8.87300E-06,2.867E-01
8.87400E-06,2.907E-01
8.87500E-06,2.867E-01
8.87600E-06,2.907E-01
8.87700E-06,2.907E-01
8.87800E-06,2.907E-01
8.87900E-06,2.907E-01
8.88000E-06,2.907E-01
8.88100E-06,2.907E-01
8.88200E-06,2.867E-01
8.88300E-06,2.907E-01
8.88400E-06,2.907E-01
8.88500E-06,2.947E-01
8.88600E-06,2.947E-01
8.88700E-06,2.947E-01
8.88800E-06,2.947E-01
8.88900E-06,2.907E-01
8.89000E-06,2.907E-01
8.89100E-06,2.947E-01
8.89200E-06,2.907E-01
8.89300E-06,2.907E-01
8.89400E-06,2.907E-01
8.89500E-06,2.947E-01
8.89600E-06,2.947E-01
8.89700E-06,2.987E-01
8.89800E-06,2.987E-01
8.89900E-06,2.987E-01
8.90000E-06,2.947E-01
8.90100E-06,2.987E-01
8.90200E-06,2.987E-01
8.90300E-06,2.987E-01
8.90400E-06,2.987E-01
8.90500E-06,3.027E-01
8.90600E-06,3.027E-01
8.90700E-06,2.987E-01
8.90800E-06,3.027E-01
8.90900E-06,3.027E-01
8.91000E-06,3.027E-01
8.91100E-06,3.027E-01
8.91200E-06,3.067E-01
8.91300E-06,3.067E-01
8.91400E-06,3.027E-01
8.91500E-06,3.027E-01
8.91600E-06,3.027E-01
8.91700E-06,3.027E-01
8.91800E-06,3.067E-01
8.91900E-06,3.107E-01
8.92000E-06,3.067E-01
8.92100E-06,3.107E-01
8.92200E-06,3.107E-01
8.92300E-06,3.067E-01
8.92400E-06,3.107E-01
8.92500E-06,3.107E-01
8.92600E-06,3.147E-01
8.92700E-06,3.187E-01
8.92800E-06,3.147E-01
8.92900E-06,3.187E-01
8.93000E-06,3.147E-01
8.93100E-06,3.147E-01
8.93200E-06,3.187E-01
8.93300E-06,3.147E-01
8.93400E-06,3.147E-01
8.93500E-06,3.187E-01
8.93600E-06,3.187E-01
8.93700E-06,3.227E-01
8.93800E-06,3.227E-01
8.93900E-06,3.227E-01
8.94000E-06,3.227E-01
8.94100E-06,3.227E-01
8.94200E-06,3.227E-01
8.94300E-06,3.227E-01
8.94400E-06,3.227E-01
8.94500E-06,3.267E-01
8.94600E-06,3.267E-01
8.94700E-06,3.307E-01
8.94800E-06,3.307E-01
8.94900E-06,3.307E-01
8.95000E-06,3.307E-01
8.95100E-06,3.307E-01
8.95200E-06,3.307E-01
8.95300E-06,3.307E-01
8.95400E-06,3.267E-01
8.95500E-06,3.307E-01
8.95600E-06,3.347E-01
8.95700E-06,3.347E-01
8.95800E-06,3.387E-01
8.95900E-06,3.387E-01
8.96000E-06,3.387E-01
8.96100E-06,3.387E-01
8.96200E-06,3.387E-01
8.96300E-06,3.387E-01
8.96400E-06,3.427E-01
8.96500E-06,3.427E-01
8.96600E-06,3.467E-01
8.96700E-06,3.467E-01
8.96800E-06,3.467E-01
8.96900E-06,3.427E-01
8.97000E-06,3.427E-01
8.97100E-06,3.467E-01
8.97200E-06,3.467E-01
8.97300E-06,3.507E-01
8.97400E-06,3.507E-01
8.97500E-06,3.507E-01
8.97600E-06,3.507E-01
8.97700E-06,3.507E-01
8.97800E-06,3.507E-01
8.97900E-06,3.547E-01
8.98000E-06,3.547E-01
8.98100E-06,3.587E-01
8.98200E-06,3.587E-01
8.98300E-06,3.587E-01
8.98400E-06,3.587E-01
8.98500E-06,3.587E-01
8.98600E-06,3.587E-01
8.98700E-06,3.627E-01
8.98800E-06,3.627E-01
8.98900E-06,3.667E-01
8.99000E-06,3.667E-01
8.99100E-06,3.667E-01
8.99200E-06,3.627E-01
8.99300E-06,3.667E-01
8.99400E-06,3.667E-01
8.99500E-06,3.667E-01
8.99600E-06,3.667E-01
8.99700E-06,3.707E-01
8.99800E-06,3.707E-01
8.99900E-06,3.707E-01
9.00000E-06,3.707E-01
9.00100E-06,3.747E-01
9.00200E-06,3.747E-01
9.00300E-06,3.747E-01
9.00400E-06,3.787E-01
9.00500E-06,3.787E-01
9.00600E-06,3.787E-01
9.00700E-06,3.787E-01
9.00800E-06,3.827E-01
9.00900E-06,3.827E-01
9.01000E-06,3.827E-01
9.01100E-06,3.787E-01
9.01200E-06,3.827E-01
9.01300E-06,3.827E-01
9.01400E-06,3.827E-01
9.01500E-06,3.867E-01
9.01600E-06,3.867E-01
9.01700E-06,3.907E-01
9.01800E-06,3.867E-01
9.01900E-06,3.867E-01
9.02000E-06,3.907E-01
9.02100E-06,3.907E-01
9.02200E-06,3.907E-01
9.02300E-06,3.907E-01
9.02400E-06,3.907E-01
9.02500E-06,3.947E-01
9.02600E-06,3.947E-01
9.02700E-06,3.947E-01
9.02800E-06,3.947E-01
9.02900E-06,3.987E-01
9.03000E-06,3.987E-01
9.03100E-06,3.987E-01
9.03200E-06,3.947E-01
9.03300E-06,3.947E-01
9.03400E-06,3.987E-01
9.03500E-06,3.987E-01
9.03600E-06,4.027E-01
9.03700E-06,4.027E-01
9.03800E-06,4.027E-01
9.03900E-06,4.027E-01
9.04000E-06,4.027E-01
9.04100E-06,4.027E-01
9.04200E-06,3.987E-01
9.04300E-06,4.067E-01
9.04400E-06,4.067E-01
9.04500E-06,4.067E-01
9.04600E-06,4.107E-01
9.04700E-06,4.067E-01
9.04800E-06,4.067E-01
9.04900E-06,4.067E-01
9.05000E-06,4.067E-01
9.05100E-06,4.067E-01
9.05200E-06,4.067E-01
9.05300E-06,4.067E-01
9.05400E-06,4.067E-01
9.05500E-06,4.107E-01
9.05600E-06,4.107E-01
9.05700E-06,4.147E-01
9.05800E-06,4.107E-01
9.05900E-06,4.107E-01
9.06000E-06,4.147E-01
9.06100E-06,4.147E-01
9.06200E-06,4.147E-01
9.06300E-06,4.147E-01
9.06400E-06,4.187E-01
9.06500E-06,4.187E-01
9.06600E-06,4.187E-01
9.06700E-06,4.187E-01
9.06800E-06,4.187E-01
9.06900E-06,4.187E-01
9.07000E-06,4.187E-01
9.07100E-06,4.187E-01
9.07200E-06,4.187E-01
9.07300E-06,4.187E-01
9.07400E-06,4.227E-01
9.07500E-06,4.187E-01
9.07600E-06,4.227E-01
9.07700E-06,4.187E-01
9.07800E-06,4.267E-01
9.07900E-06,4.227E-01
9.08000E-06,4.227E-01
9.08100E-06,4.227E-01
9.08200E-06,4.227E-01
9.08300E-06,4.187E-01
9.08400E-06,4.187E-01
9.08500E-06,4.187E-01
9.08600E-06,4.227E-01
9.08700E-06,4.227E-01
9.08800E-06,4.267E-01
9.08900E-06,4.227E-01
9.09000E-06,4.227E-01
9.09100E-06,4.187E-01
9.09200E-06,4.227E-01
9.09300E-06,4.187E-01
9.09400E-06,4.267E-01
9.09500E-06,4.267E-01
9.09600E-06,4.267E-01
9.09700E-06,4.267E-01
9.09800E-06,4.227E-01
9.09900E-06,4.267E-01
9.10000E-06,4.267E-01
9.10100E-06,4.227E-01
9.10200E-06,4.227E-01
9.10300E-06,4.267E-01
9.10400E-06,4.227E-01
9.10500E-06,4.227E-01
9.10600E-06,4.227E-01
9.10700E-06,4.267E-01
9.10800E-06,4.227E-01
9.10900E-06,4.227E-01
9.11000E-06,4.227E-01
9.11100E-06,4.227E-01
9.11200E-06,4.227E-01
9.11300E-06,4.267E-01
9.11400E-06,4.227E-01
9.11500E-06,4.227E-01
9.11600E-06,4.227E-01
9.11700E-06,4.227E-01
9.11800E-06,4.227E-01
9.11900E-06,4.227E-01
9.12000E-06,4.267E-01
9.12100E-06,4.227E-01
9.12200E-06,4.227E-01
9.12300E-06,4.227E-01
9.12400E-06,4.187E-01
9.12500E-06,4.187E-01
9.12600E-06,4.187E-01
9.12700E-06,4.187E-01
9.12800E-06,4.187E-01
9.12900E-06,4.187E-01
9.13000E-06,4.187E-01
9.13100E-06,4.187E-01
9.13200E-06,4.187E-01
9.13300E-06,4.147E-01
9.13400E-06,4.187E-01
9.13500E-06,4.187E-01
9.13600E-06,4.227E-01
9.13700E-06,4.187E-01
9.13800E-06,4.187E-01
9.13900E-06,4.187E-01
9.14000E-06,4.187E-01
9.14100E-06,4.147E-01
9.14200E-06,4.147E-01
9.14300E-06,4.147E-01
9.14400E-06,4.147E-01
9.14500E-06,4.187E-01
9.14600E-06,4.147E-01
9.14700E-06,4.107E-01
9.14800E-06,4.107E-01
9.14900E-06,4.107E-01
9.15000E-06,4.147E-01
9.15100E-06,4.107E-01
9.15200E-06,4.107E-01
9.15300E-06,4.107E-01
9.15400E-06,4.147E-01
9.15500E-06,4.107E-01
9.15600E-06,4.107E-01
9.15700E-06,4.067E-01
9.15800E-06,4.067E-01
9.15900E-06,4.067E-01
9.16000E-06,4.067E-01
9.16100E-06,4.067E-01
9.16200E-06,4.027E-01
9.16300E-06,4.027E-01
9.16400E-06,4.027E-01
9.16500E-06,4.027E-01
9.16600E-06,4.027E-01
9.16700E-06,4.027E-01
9.16800E-06,4.067E-01
9.16900E-06,4.027E-01
9.17000E-06,3.987E-01
9.17100E-06,4.027E-01
9.17200E-06,3.987E-01
9.17300E-06,3.987E-01
9.17400E-06,3.987E-01
9.17500E-06,3.987E-01
9.17600E-06,3.987E-01
9.17700E-06,3.987E-01
9.17800E-06,3.947E-01
9.17900E-06,3.947E-01
9.18000E-06,3.947E-01
9.18100E-06,3.907E-01
9.18200E-06,3.907E-01
9.18300E-06,3.907E-01
9.18400E-06,3.907E-01
9.18500E-06,3.947E-01
9.18600E-06,3.907E-01
9.18700E-06,3.907E-01
9.18800E-06,3.867E-01
9.18900E-06,3.867E-01
9.19000E-06,3.907E-01
9.19100E-06,3.867E-01
9.19200E-06,3.867E-01
9.19300E-06,3.867E-01
9.19400E-06,3.827E-01
9.19500E-06,3.827E-01
9.19600E-06,3.827E-01
9.19700E-06,3.827E-01
9.19800E-06,3.827E-01
9.19900E-06,3.827E-01
9.20000E-06,3.787E-01
9.20100E-06,3.787E-01
9.20200E-06,3.787E-01
9.20300E-06,3.787E-01
9.20400E-06,3.787E-01
9.20500E-06,3.787E-01
9.20600E-06,3.787E-01
9.20700E-06,3.747E-01
9.20800E-06,3.747E-01
9.20900E-06,3.707E-01
9.21000E-06,3.707E-01
9.21100E-06,3.707E-01
9.21200E-06,3.707E-01
9.21300E-06,3.707E-01
9.21400E-06,3.707E-01
9.21500E-06,3.667E-01
9.21600E-06,3.627E-01
9.21700E-06,3.667E-01
9.21800E-06,3.627E-01
9.21900E-06,3.627E-01
9.22000E-06,3.667E-01
9.22100E-06,3.627E-01
9.22200E-06,3.627E-01
9.22300E-06,3.627E-01
9.22400E-06,3.587E-01
9.22500E-06,3.587E-01
9.22600E-06,3.587E-01
9.22700E-06,3.587E-01
9.22800E-06,3.587E-01
9.22900E-06,3.547E-01
9.23000E-06,3.587E-01
9.23100E-06,3.587E-01
9.23200E-06,3.547E-01
9.23300E-06,3.547E-01
9.23400E-06,3.507E-01
9.23500E-06,3.507E-01
9.23600E-06,3.467E-01
9.23700E-06,3.467E-01
9.23800E-06,3.467E-01
9.23900E-06,3.467E-01
9.24000E-06,3.467E-01
9.24100E-06,3.427E-01
9.24200E-06,3.427E-01
9.24300E-06,3.467E-01
9.24400E-06,3.427E-01
9.24500E-06,3.387E-01
9.24600E-06,3.387E-01
9.24700E-06,3.387E-01
9.24800E-06,3.387E-01
9.24900E-06,3.347E-01
9.25000E-06,3.347E-01
9.25100E-06,3.347E-01
9.25200E-06,3.307E-01
9.25300E-06,3.347E-01
9.25400E-06,3.347E-01
9.25500E-06,3.347E-01
9.25600E-06,3.307E-01
9.25700E-06,3.307E-01
9.25800E-06,3.267E-01
9.25900E-06,3.307E-01
9.26000E-06,3.307E-01
9.26100E-06,3.267E-01
9.26200E-06,3.267E-01
9.26300E-06,3.267E-01
9.26400E-06,3.227E-01
9.26500E-06,3.227E-01
9.26600E-06,3.267E-01
9.26700E-06,3.227E-01
9.26800E-06,3.227E-01
9.26900E-06,3.187E-01
9.27000E-06,3.187E-01
9.27100E-06,3.187E-01
9.27200E-06,3.187E-01
9.27300E-06,3.147E-01
9.27400E-06,3.187E-01
9.27500E-06,3.147E-01
9.27600E-06,3.147E-01
9.27700E-06,3.187E-01
9.27800E-06,3.147E-01
9.27900E-06,3.187E-01
9.28000E-06,3.147E-01
9.28100E-06,3.107E-01
9.28200E-06,3.107E-01
9.28300E-06,3.107E-01
9.28400E-06,3.107E-01
9.28500E-06,3.107E-01
9.28600E-06,3.147E-01
9.28700E-06,3.107E-01
9.28800E-06,3.067E-01
9.28900E-06,3.067E-01
9.29000E-06,3.107E-01
9.29100E-06,3.067E-01
9.29200E-06,3.067E-01
9.29300E-06,3.027E-01
9.29400E-06,3.027E-01
9.29500E-06,3.067E-01
9.29600E-06,3.067E-01
9.29700E-06,3.067E-01
9.29800E-06,3.027E-01
9.29900E-06,2.987E-01
9.30000E-06,2.987E-01
9.30100E-06,2.987E-01
9.30200E-06,3.027E-01
9.30300E-06,3.027E-01
9.30400E-06,3.027E-01
9.30500E-06,2.987E-01
9.30600E-06,2.987E-01
9.30700E-06,2.987E-01
9.30800E-06,2.987E-01
9.30900E-06,2.987E-01
9.31000E-06,2.987E-01
9.31100E-06,2.947E-01
9.31200E-06,2.947E-01
9.31300E-06,2.987E-01
9.31400E-06,2.947E-01
9.31500E-06,2.987E-01
9.31600E-06,2.947E-01
9.31700E-06,2.947E-01
9.31800E-06,2.947E-01
9.31900E-06,2.907E-01
9.32000E-06,2.907E-01
9.32100E-06,2.867E-01
9.32200E-06,2.907E-01
9.32300E-06,2.907E-01
9.32400E-06,2.907E-01
9.32500E-06,2.907E-01
9.32600E-06,2.907E-01
9.32700E-06,2.907E-01
9.32800E-06,2.907E-01
9.32900E-06,2.907E-01
9.33000E-06,2.867E-01
9.33100E-06,2.867E-01
9.33200E-06,2.867E-01
9.33300E-06,2.867E-01
9.33400E-06,2.867E-01
9.33500E-06,2.907E-01
9.33600E-06,2.907E-01
9.33700E-06,2.907E-01
9.33800E-06,2.907E-01
9.33900E-06,2.867E-01
9.34000E-06,2.867E-01
9.34100E-06,2.827E-01
9.34200E-06,2.867E-01
9.34300E-06,2.867E-01
9.34400E-06,2.907E-01
9.34500E-06,2.867E-01
9.34600E-06,2.867E-01
9.34700E-06,2.867E-01
9.34800E-06,2.907E-01
9.34900E-06,2.867E-01
9.35000E-06,2.867E-01
9.35100E-06,2.907E-01
9.35200E-06,2.867E-01
9.35300E-06,2.867E-01
9.35400E-06,2.867E-01
9.35500E-06,2.867E-01
9.35600E-06,2.867E-01
9.35700E-06,2.867E-01
9.35800E-06,2.867E-01
9.35900E-06,2.867E-01
9.36000E-06,2.867E-01
9.36100E-06,2.867E-01
9.36200E-06,2.867E-01
9.36300E-06,2.867E-01
9.36400E-06,2.827E-01
9.36500E-06,2.907E-01
9.36600E-06,2.867E-01
9.36700E-06,2.907E-01
9.36800E-06,2.867E-01
9.36900E-06,2.867E-01
9.37000E-06,2.867E-01
9.37100E-06,2.907E-01
9.37200E-06,2.907E-01
9.37300E-06,2.867E-01
9.37400E-06,2.867E-01
9.37500E-06,2.867E-01
9.37600E-06,2.907E-01
9.37700E-06,2.907E-01
9.37800E-06,2.947E-01
9.37900E-06,2.907E-01
9.38000E-06,2.907E-01
9.38100E-06,2.907E-01
9.38200E-06,2.947E-01
9.38300E-06,2.907E-01
9.38400E-06,2.907E-01
9.38500E-06,2.907E-01
9.38600E-06,2.907E-01
9.38700E-06,2.907E-01
9.38800E-06,2.947E-01
9.38900E-06,2.907E-01
9.39000E-06,2.947E-01
9.39100E-06,2.947E-01
9.39200E-06,2.907E-01
9.39300E-06,2.947E-01
9.39400E-06,2.947E-01
9.39500E-06,2.987E-01
9.39600E-06,2.987E-01
9.39700E-06,2.947E-01
9.39800E-06,2.987E-01
9.39900E-06,2.987E-01
9.40000E-06,2.987E-01
9.40100E-06,2.987E-01
9.40200E-06,2.987E-01
9.40300E-06,3.027E-01
9.40400E-06,3.027E-01
9.40500E-06,3.027E-01
9.40600E-06,3.027E-01
9.40700E-06,3.027E-01
9.40800E-06,2.987E-01
9.40900E-06,2.987E-01
9.41000E-06,2.987E-01
9.41100E-06,3.027E-01
9.41200E-06,3.067E-01
9.41300E-06,3.027E-01
9.41400E-06,3.067E-01
9.41500E-06,3.107E-01
9.41600E-06,3.067E-01
9.41700E-06,3.067E-01
9.41800E-06,3.067E-01
9.41900E-06,3.067E-01
9.42000E-06,3.067E-01
9.42100E-06,3.067E-01
9.42200E-06,3.107E-01
9.42300E-06,3.147E-01
9.42400E-06,3.147E-01
9.42500E-06,3.147E-01
9.42600E-06,3.107E-01
9.42700E-06,3.107E-01
9.42800E-06,3.147E-01
9.42900E-06,3.147E-01
9.43000E-06,3.187E-01
9.43100E-06,3.147E-01
9.43200E-06,3.187E-01
9.43300E-06,3.147E-01
9.43400E-06,3.187E-01
9.43500E-06,3.227E-01
9.43600E-06,3.187E-01
9.43700E-06,3.227E-01
9.43800E-06,3.187E-01
9.43900E-06,3.187E-01
9.44000E-06,3.187E-01
9.44100E-06,3.227E-01
9.44200E-06,3.227E-01
9.44300E-06,3.227E-01
9.44400E-06,3.227E-01
9.44500E-06,3.227E-01
9.44600E-06,3.267E-01
9.44700E-06,3.307E-01
9.44800E-06,3.307E-01
9.44900E-06,3.307E-01
9.45000E-06,3.307E-01
9.45100E-06,3.307E-01
9.45200E-06,3.307E-01
9.45300E-06,3.307E-01
9.45400E-06,3.307E-01
9.45500E-06,3.347E-01
9.45600E-06,3.347E-01
9.45700E-06,3.347E-01
9.45800E-06,3.387E-01
9.45900E-06,3.347E-01
9.46000E-06,3.387E-01
9.46100E-06,3.427E-01
9.46200E-06,3.427E-01
9.46300E-06,3.427E-01
9.46400E-06,3.427E-01
9.46500E-06,3.427E-01
9.46600E-06,3.467E-01
9.46700E-06,3.467E-01
9.46800E-06,3.467E-01
9.46900E-06,3.467E-01
9.47000E-06,3.467E-01
9.47100E-06,3.467E-01
9.47200E-06,3.467E-01
9.47300E-06,3.467E-01
9.47400E-06,3.507E-01
9.47500E-06,3.547E-01
9.47600E-06,3.507E-01
9.47700E-06,3.507E-01
9.47800E-06,3.507E-01
9.47900E-06,3.547E-01
9.48000E-06,3.587E-01
9.48100E-06,3.587E-01
9.48200E-06,3.587E-01
9.48300E-06,3.627E-01
9.48400E-06,3.627E-01
9.48500E-06,3.627E-01
9.48600E-06,3.587E-01
9.48700E-06,3.627E-01
9.48800E-06,3.627E-01
9.48900E-06,3.627E-01
9.49000E-06,3.667E-01
9.49100E-06,3.667E-01
9.49200E-06,3.667E-01
9.49300E-06,3.707E-01
9.49400E-06,3.707E-01
9.49500E-06,3.707E-01
9.49600E-06,3.707E-01
9.49700E-06,3.747E-01
9.49800E-06,3.747E-01
9.49900E-06,3.747E-01
9.50000E-06,3.707E-01
9.50100E-06,3.707E-01
9.50200E-06,3.747E-01
9.50300E-06,3.747E-01
9.50400E-06,3.787E-01
9.50500E-06,3.787E-01
9.50600E-06,3.787E-01
9.50700E-06,3.787E-01
9.50800E-06,3.827E-01
9.50900E-06,3.827E-01
9.51000E-06,3.867E-01
9.51100E-06,3.827E-01
9.51200E-06,3.867E-01
9.51300E-06,3.827E-01
9.51400E-06,3.867E-01
9.51500E-06,3.867E-01
9.51600E-06,3.827E-01
9.51700E-06,3.827E-01
9.51800E-06,3.867E-01
9.51900E-06,3.867E-01
9.52000E-06,3.907E-01
9.52100E-06,3.907E-01
9.52200E-06,3.907E-01
9.52300E-06,3.907E-01
9.52400E-06,3.907E-01
9.52500E-06,3.907E-01
9.52600E-06,3.947E-01
9.52700E-06,3.947E-01
9.52800E-06,3.987E-01
9.52900E-06,3.947E-01
9.53000E-06,3.987E-01
9.53100E-06,3.987E-01
9.53200E-06,3.987E-01
9.53300E-06,3.987E-01
9.53400E-06,3.987E-01
9.53500E-06,3.987E-01
9.53600E-06,4.027E-01
9.53700E-06,4.027E-01
9.53800E-06,4.027E-01
9.53900E-06,4.067E-01
9.54000E-06,4.027E-01
9.54100E-06,4.027E-01
9.54200E-06,4.067E-01
9.54300E-06,4.067E-01
9.54400E-06,4.067E-01
9.54500E-06,4.107E-01
9.54600E-06,4.067E-01
9.54700E-06,4.067E-01
9.54800E-06,4.067E-01
9.54900E-06,4.067E-01
9.55000E-06,4.067E-01
9.55100E-06,4.107E-01
9.55200E-06,4.107E-01
9.55300E-06,4.107E-01
9.55400E-06,4.107E-01
9.55500E-06,4.107E-01
9.55600E-06,4.147E-01
9.55700E-06,4.147E-01
9.55800E-06,4.187E-01
9.55900E-06,4.147E-01
9.56000E-06,4.187E-01
9.56100E-06,4.147E-01
9.56200E-06,4.147E-01
9.56300E-06,4.147E-01
9.56400E-06,4.147E-01
9.56500E-06,4.187E-01
9.56600E-06,4.187E-01
9.56700E-06,4.187E-01
9.56800E-06,4.187E-01
9.56900E-06,4.187E-01
9.57000E-06,4.147E-01
9.57100E-06,4.187E-01
9.57200E-06,4.187E-01
9.57300E-06,4.187E-01
9.57400E-06,4.227E-01
9.57500E-06,4.227E-01
9.57600E-06,4.227E-01
9.57700E-06,4.227E-01
9.57800E-06,4.187E-01
9.57900E-06,4.227E-01
9.58000E-06,4.187E-01
9.58100E-06,4.227E-01
9.58200E-06,4.227E-01
9.58300E-06,4.187E-01
9.58400E-06,4.227E-01
9.58500E-06,4.187E-01
9.58600E-06,4.187E-01
9.58700E-06,4.187E-01
9.58800E-06,4.227E-01
9.58900E-06,4.227E-01
9.59000E-06,4.267E-01
9.59100E-06,4.227E-01
9.59200E-06,4.227E-01
9.59300E-06,4.227E-01
9.59400E-06,4.227E-01
9.59500E-06,4.227E-01
9.59600E-06,4.227E-01
9.59700E-06,4.267E-01
9.59800E-06,4.267E-01
9.59900E-06,4.267E-01
9.60000E-06,4.267E-01
9.60100E-06,4.227E-01
9.60200E-06,4.227E-01
9.60300E-06,4.267E-01
9.60400E-06,4.227E-01
9.60500E-06,4.227E-01
9.60600E-06,4.227E-01
9.60700E-06,4.267E-01
9.60800E-06,4.267E-01
9.60900E-06,4.267E-01
9.61000E-06,4.267E-01
9.61100E-06,4.267E-01
9.61200E-06,4.187E-01
9.61300E-06,4.227E-01
9.61400E-06,4.227E-01
9.61500E-06,4.267E-01
9.61600E-06,4.267E-01
9.61700E-06,4.267E-01
9.61800E-06,4.267E-01
9.61900E-06,4.267E-01
9.62000E-06,4.227E-01
9.62100E-06,4.267E-01
9.62200E-06,4.267E-01
9.62300E-06,4.267E-01
9.62400E-06,4.227E-01
9.62500E-06,4.227E-01
9.62600E-06,4.267E-01
9.62700E-06,4.267E-01
9.62800E-06,4.227E-01
9.62900E-06,4.227E-01
9.63000E-06,4.227E-01
9.63100E-06,4.227E-01
9.63200E-06,4.227E-01
9.63300E-06,4.187E-01
9.63400E-06,4.227E-01
9.63500E-06,4.187E-01
9.63600E-06,4.187E-01
9.63700E-06,4.187E-01
9.63800E-06,4.187E-01
9.63900E-06,4.187E-01
9.64000E-06,4.147E-01
9.64100E-06,4.147E-01
9.64200E-06,4.107E-01
9.64300E-06,4.147E-01
9.64400E-06,4.147E-01
9.64500E-06,4.107E-01
9.64600E-06,4.187E-01
9.64700E-06,4.147E-01
9.64800E-06,4.147E-01
9.64900E-06,4.147E-01
9.65000E-06,4.147E-01
9.65100E-06,4.147E-01
9.65200E-06,4.147E-01
9.65300E-06,4.187E-01
9.65400E-06,4.147E-01
9.65500E-06,4.107E-01
9.65600E-06,4.067E-01
9.65700E-06,4.107E-01
9.65800E-06,4.067E-01
9.65900E-06,4.067E-01
9.66000E-06,4.067E-01
9.66100E-06,4.067E-01
9.66200E-06,4.067E-01
9.66300E-06,4.107E-01
9.66400E-06,4.067E-01
9.66500E-06,4.067E-01
9.66600E-06,4.067E-01
9.66700E-06,4.067E-01
9.66800E-06,4.027E-01
9.66900E-06,4.027E-01
9.67000E-06,4.027E-01
9.67100E-06,3.987E-01
9.67200E-06,4.027E-01
9.67300E-06,4.027E-01
9.67400E-06,3.987E-01
9.67500E-06,3.987E-01
9.67600E-06,4.027E-01
9.67700E-06,3.987E-01
9.67800E-06,3.987E-01
9.67900E-06,4.027E-01
9.68000E-06,3.987E-01
9.68100E-06,3.947E-01
9.68200E-06,3.947E-01
9.68300E-06,3.947E-01
9.68400E-06,3.907E-01
9.68500E-06,3.907E-01
9.68600E-06,3.907E-01
9.68700E-06,3.947E-01
9.68800E-06,3.907E-01
9.68900E-06,3.907E-01
9.69000E-06,3.867E-01
9.69100E-06,3.867E-01
9.69200E-06,3.867E-01
9.69300E-06,3.867E-01
9.69400E-06,3.867E-01
9.69500E-06,3.867E-01
9.69600E-06,3.827E-01
9.69700E-06,3.827E-01
9.69800E-06,3.787E-01
9.69900E-06,3.827E-01
9.70000E-06,3.787E-01
9.70100E-06,3.787E-01
9.70200E-06,3.787E-01
9.70300E-06,3.787E-01
9.70400E-06,3.747E-01
9.70500E-06,3.787E-01
9.70600E-06,3.747E-01
9.70700E-06,3.747E-01
9.70800E-06,3.747E-01
9.70900E-06,3.747E-01
9.71000E-06,3.707E-01
9.71100E-06,3.707E-01
9.71200E-06,3.707E-01
9.71300E-06,3.667E-01
9.71400E-06,3.707E-01
9.71500E-06,3.667E-01
9.71600E-06,3.667E-01
9.71700E-06,3.667E-01
9.71800E-06,3.667E-01
9.71900E-06,3.627E-01
9.72000E-06,3.627E-01
9.72100E-06,3.627E-01
9.72200E-06,3.627E-01
9.72300E-06,3.627E-01
9.72400E-06,3.627E-01
9.72500E-06,3.587E-01
9.72600E-06,3.587E-01
9.72700E-06,3.587E-01
9.72800E-06,3.587E-01
9.72900E-06,3.587E-01
9.73000E-06,3.547E-01
9.73100E-06,3.507E-01
9.73200E-06,3.507E-01
9.73300E-06,3.507E-01
9.73400E-06,3.507E-01
9.73500E-06,3.507E-01
9.73600E-06,3.507E-01
9.73700E-06,3.507E-01
9.73800E-06,3.507E-01
9.73900E-06,3.467E-01
9.74000E-06,3.427E-01
9.74100E-06,3.427E-01
9.74200E-06,3.427E-01
9.74300E-06,3.427E-01
9.74400E-06,3.467E-01
9.74500E-06,3.427E-01
9.74600E-06,3.427E-01
9.74700E-06,3.427E-01
9.74800E-06,3.427E-01
9.74900E-06,3.427E-01
9.75000E-06,3.387E-01
9.75100E-06,3.387E-01
9.75200E-06,3.387E-01
9.75300E-06,3.347E-01
9.75400E-06,3.347E-01
9.75500E-06,3.347E-01
9.75600E-06,3.347E-01
9.75700E-06,3.347E-01
9.75800E-06,3.307E-01
9.75900E-06,3.307E-01
9.76000E-06,3.307E-01
9.76100E-06,3.267E-01
9.76200E-06,3.267E-01
9.76300E-06,3.267E-01
9.76400E-06,3.267E-01
9.76500E-06,3.267E-01
9.76600E-06,3.267E-01
9.76700E-06,3.267E-01
9.76800E-06,3.227E-01
9.76900E-06,3.187E-01
9.77000E-06,3.227E-01
9.77100E-06,3.187E-01
9.77200E-06,3.187E-01
9.77300E-06,3.187E-01
9.77400E-06,3.187E-01
9.77500E-06,3.187E-01
9.77600E-06,3.187E-01
9.77700E-06,3.147E-01
9.77800E-06,3.147E-01
9.77900E-06,3.147E-01
9.78000E-06,3.107E-01
9.78100E-06,3.147E-01
9.78200E-06,3.147E-01
9.78300E-06,3.107E-01
9.78400E-06,3.107E-01
9.78500E-06,3.107E-01
9.78600E-06,3.107E-01
9.78700E-06,3.107E-01
9.78800E-06,3.107E-01
9.78900E-06,3.107E-01
9.79000E-06,3.107E-01
9.79100E-06,3.067E-01
9.79200E-06,3.067E-01
9.79300E-06,3.067E-01
9.79400E-06,3.067E-01
9.79500E-06,3.027E-01
9.79600E-06,3.027E-01
9.79700E-06,3.027E-01
9.79800E-06,3.027E-01
9.79900E-06,3.027E-01
9.80000E-06,2.987E-01
9.80100E-06,2.987E-01
9.80200E-06,2.987E-01
9.80300E-06,3.027E-01
9.80400E-06,3.027E-01
9.80500E-06,3.027E-01
9.80600E-06,2.987E-01
9.80700E-06,2.987E-01
9.80800E-06,2.987E-01
9.80900E-06,2.987E-01
9.81000E-06,2.947E-01
9.81100E-06,2.947E-01
9.81200E-06,2.947E-01
9.81300E-06,2.947E-01
9.81400E-06,2.987E-01
9.81500E-06,2.947E-01
9.81600E-06,2.947E-01
9.81700E-06,2.947E-01
9.81800E-06,2.947E-01
9.81900E-06,2.947E-01
9.82000E-06,2.947E-01
9.82100E-06,2.947E-01
9.82200E-06,2.907E-01
9.82300E-06,2.907E-01
9.82400E-06,2.907E-01
9.82500E-06,2.907E-01
9.82600E-06,2.907E-01
9.82700E-06,2.907E-01
9.82800E-06,2.907E-01
9.82900E-06,2.907E-01
9.83000E-06,2.907E-01
9.83100E-06,2.907E-01
9.83200E-06,2.907E-01
9.83300E-06,2.867E-01
9.83400E-06,2.867E-01
9.83500E-06,2.867E-01
9.83600E-06,2.907E-01
9.83700E-06,2.907E-01
9.83800E-06,2.907E-01
9.83900E-06,2.907E-01
9.84000E-06,2.867E-01
9.84100E-06,2.867E-01
9.84200E-06,2.867E-01
9.84300E-06,2.867E-01
9.84400E-06,2.907E-01
9.84500E-06,2.867E-01
9.84600E-06,2.867E-01
9.84700E-06,2.867E-01
9.84800E-06,2.907E-01
9.84900E-06,2.907E-01
9.85000E-06,2.907E-01
9.85100E-06,2.907E-01
9.85200E-06,2.867E-01
9.85300E-06,2.867E-01
9.85400E-06,2.867E-01
9.85500E-06,2.867E-01
9.85600E-06,2.907E-01
9.85700E-06,2.867E-01
9.85800E-06,2.867E-01
9.85900E-06,2.867E-01
9.86000E-06,2.907E-01
9.86100E-06,2.907E-01
9.86200E-06,2.907E-01
9.86300E-06,2.867E-01
9.86400E-06,2.867E-01
9.86500E-06,2.867E-01
9.86600E-06,2.867E-01
9.86700E-06,2.867E-01
9.86800E-06,2.867E-01
9.86900E-06,2.867E-01
9.87000E-06,2.867E-01
9.87100E-06,2.907E-01
9.87200E-06,2.907E-01
9.87300E-06,2.867E-01
9.87400E-06,2.907E-01
9.87500E-06,2.867E-01
9.87600E-06,2.867E-01
9.87700E-06,2.867E-01
9.87800E-06,2.867E-01
9.87900E-06,2.867E-01
9.88000E-06,2.907E-01
9.88100E-06,2.907E-01
9.88200E-06,2.947E-01
9.88300E-06,2.947E-01
9.88400E-06,2.907E-01
9.88500E-06,2.907E-01
9.88600E-06,2.907E-01
9.88700E-06,2.947E-01
9.88800E-06,2.947E-01
9.88900E-06,2.947E-01
9.89000E-06,2.947E-01
9.89100E-06,2.947E-01
9.89200E-06,2.987E-01
9.89300E-06,2.987E-01
9.89400E-06,2.947E-01
9.89500E-06,2.987E-01
9.89600E-06,2.987E-01
9.89700E-06,2.987E-01
9.89800E-06,2.987E-01
9.89900E-06,2.987E-01
9.90000E-06,2.947E-01
9.90100E-06,2.987E-01
9.90200E-06,2.987E-01
9.90300E-06,2.987E-01
9.90400E-06,3.027E-01
9.90500E-06,3.027E-01
9.90600E-06,3.027E-01
9.90700E-06,3.027E-01
9.90800E-06,3.027E-01
9.90900E-06,3.027E-01
9.91000E-06,3.027E-01
9.91100E-06,3.027E-01
9.91200E-06,3.027E-01
9.91300E-06,3.027E-01
9.91400E-06,3.067E-01
9.91500E-06,3.067E-01
9.91600E-06,3.067E-01
9.91700E-06,3.107E-01
9.91800E-06,3.067E-01
9.91900E-06,3.107E-01
9.92000E-06,3.107E-01
9.92100E-06,3.107E-01
9.92200E-06,3.067E-01
9.92300E-06,3.107E-01
9.92400E-06,3.107E-01
9.92500E-06,3.107E-01
9.92600E-06,3.147E-01
9.92700E-06,3.147E-01
9.92800E-06,3.147E-01
9.92900E-06,3.187E-01
9.93000E-06,3.187E-01
9.93100E-06,3.187E-01
9.93200E-06,3.187E-01
9.93300E-06,3.187E-01
9.93400E-06,3.187E-01
9.93500E-06,3.227E-01
9.93600E-06,3.227E-01
9.93700E-06,3.227E-01
9.93800E-06,3.227E-01
9.93900E-06,3.227E-01
9.94000E-06,3.227E-01
9.94100E-06,3.227E-01
9.94200E-06,3.227E-01
9.94300E-06,3.267E-01
9.94400E-06,3.267E-01
9.94500E-06,3.307E-01
9.94600E-06,3.307E-01
9.94700E-06,3.307E-01
9.94800E-06,3.307E-01
9.94900E-06,3.307E-01
9.95000E-06,3.307E-01
9.95100E-06,3.307E-01
9.95200E-06,3.347E-01
9.95300E-06,3.347E-01
9.95400E-06,3.347E-01
9.95500E-06,3.347E-01
9.95600E-06,3.347E-01
9.95700E-06,3.347E-01
9.95800E-06,3.347E-01
9.95900E-06,3.347E-01
9.96000E-06,3.347E-01
9.96100E-06,3.387E-01
9.96200E-06,3.427E-01
9.96300E-06,3.427E-01
9.96400E-06,3.427E-01
9.96500E-06,3.467E-01
9.96600E-06,3.427E-01
9.96700E-06,3.467E-01
9.96800E-06,3.427E-01
9.96900E-06,3.467E-01
9.97000E-06,3.467E-01
9.97100E-06,3.467E-01
9.97200E-06,3.507E-01
9.97300E-06,3.547E-01
9.97400E-06,3.507E-01
9.97500E-06,3.507E-01
9.97600E-06,3.507E-01
9.97700E-06,3.507E-01
9.97800E-06,3.547E-01
9.97900E-06,3.587E-01
9.98000E-06,3.587E-01
9.98100E-06,3.587E-01
9.98200E-06,3.627E-01
9.98300E-06,3.627E-01
9.98400E-06,3.627E-01
9.98500E-06,3.627E-01
9.98600E-06,3.627E-01
9.98700E-06,3.667E-01
9.98800E-06,3.627E-01
9.98900E-06,3.627E-01
9.99000E-06,3.667E-01
9.99100E-06,3.667E-01
9.99200E-06,3.667E-01
9.99300E-06,3.667E-01
9.99400E-06,3.707E-01
9.99500E-06,3.707E-01
9.99600E-06,3.707E-01
9.99700E-06,3.707E-01
9.99800E-06,3.707E-01
9.99900E-06,3.707E-01
1.00000E-05,3.747E-01
1.00010E-05,3.747E-01
1.00020E-05,3.747E-01
1.00030E-05,3.747E-01
1.00040E-05,3.747E-01
1.00050E-05,3.747E-01
1.00060E-05,3.787E-01
1.00070E-05,3.827E-01
1.00080E-05,3.827E-01
1.00090E-05,3.787E-01
1.00100E-05,3.827E-01
1.00110E-05,3.827E-01
1.00120E-05,3.827E-01
1.00130E-05,3.827E-01
1.00140E-05,3.827E-01
1.00150E-05,3.827E-01
1.00160E-05,3.867E-01
1.00170E-05,3.867E-01
1.00180E-05,3.867E-01
1.00190E-05,3.907E-01
1.00200E-05,3.907E-01
1.00210E-05,3.947E-01
1.00220E-05,3.947E-01
1.00230E-05,3.907E-01
1.00240E-05,3.907E-01
1.00250E-05,3.947E-01
1.00260E-05,3.947E-01
1.00270E-05,3.947E-01
1.00280E-05,3.987E-01
1.00290E-05,3.987E-01
1.00300E-05,3.987E-01
1.00310E-05,4.027E-01
1.00320E-05,3.987E-01
1.00330E-05,3.987E-01
1.00340E-05,3.987E-01
1.00350E-05,3.987E-01
1.00360E-05,3.987E-01
1.00370E-05,4.027E-01
1.00380E-05,4.067E-01
1.00390E-05,4.027E-01
1.00400E-05,4.027E-01
1.00410E-05,4.027E-01
1.00420E-05,4.027E-01
1.00430E-05,4.107E-01
1.00440E-05,4.067E-01
1.00450E-05,4.107E-01
1.00460E-05,4.107E-01
1.00470E-05,4.067E-01
1.00480E-05,4.107E-01
1.00490E-05,4.107E-01
1.00500E-05,4.067E-01
1.00510E-05,4.067E-01
1.00520E-05,4.107E-01
1.00530E-05,4.107E-01
1.00540E-05,4.107E-01
1.00550E-05,4.147E-01
1.00560E-05,4.107E-01
1.00570E-05,4.107E-01
1.00580E-05,4.147E-01
1.00590E-05,4.147E-01
1.00600E-05,4.187E-01
1.00610E-05,4.187E-01
1.00620E-05,4.147E-01
1.00630E-05,4.147E-01
1.00640E-05,4.147E-01
1.00650E-05,4.147E-01
1.00660E-05,4.187E-01
1.00670E-05,4.187E-01
1.00680E-05,4.147E-01
1.00690E-05,4.187E-01
1.00700E-05,4.187E-01
1.00710E-05,4.187E-01
1.00720E-05,4.187E-01
1.00730E-05,4.187E-01
1.00740E-05,4.227E-01
1.00750E-05,4.187E-01
1.00760E-05,4.227E-01
1.00770E-05,4.227E-01
1.00780E-05,4.187E-01
1.00790E-05,4.227E-01
1.00800E-05,4.187E-01
1.00810E-05,4.227E-01
1.00820E-05,4.227E-01
1.00830E-05,4.227E-01
1.00840E-05,4.267E-01
1.00850E-05,4.267E-01
1.00860E-05,4.267E-01
1.00870E-05,4.227E-01
1.00880E-05,4.227E-01
1.00890E-05,4.227E-01
1.00900E-05,4.227E-01
1.00910E-05,4.227E-01
1.00920E-05,4.227E-01
1.00930E-05,4.267E-01
1.00940E-05,4.227E-01
1.00950E-05,4.267E-01
1.00960E-05,4.267E-01
1.00970E-05,4.267E-01
1.00980E-05,4.267E-01
1.00990E-05,4.267E-01
1.01000E-05,4.267E-01
1.01010E-05,4.227E-01
1.01020E-05,4.227E-01
1.01030E-05,4.267E-01
1.01040E-05,4.267E-01
1.01050E-05,4.267E-01
1.01060E-05,4.267E-01
1.01070E-05,4.267E-01
1.01080E-05,4.227E-01
1.01090E-05,4.227E-01
1.01100E-05,4.227E-01
1.01110E-05,4.227E-01
1.01120E-05,4.227E-01
1.01130E-05,4.267E-01
1.01140E-05,4.267E-01
1.01150E-05,4.267E-01
1.01160E-05,4.227E-01
1.01170E-05,4.227E-01
1.01180E-05,4.227E-01
1.01190E-05,4.227E-01
1.01200E-05,4.227E-01
1.01210E-05,4.227E-01
1.01220E-05,4.227E-01
1.01230E-05,4.227E-01
1.01240E-05,4.227E-01
1.01250E-05,4.227E-01
1.01260E-05,4.267E-01
1.01270E-05,4.227E-01
1.01280E-05,4.227E-01
1.01290E-05,4.227E-01
1.01300E-05,4.227E-01
1.01310E-05,4.227E-01
1.01320E-05,4.187E-01
1.01330E-05,4.187E-01
1.01340E-05,4.187E-01
1.01350E-05,4.187E-01
1.01360E-05,4.187E-01
1.01370E-05,4.187E-01
1.01380E-05,4.187E-01
1.01390E-05,4.187E-01
1.01400E-05,4.187E-01
1.01410E-05,4.187E-01
1.01420E-05,4.187E-01
1.01430E-05,4.187E-01
1.01440E-05,4.187E-01
1.01450E-05,4.147E-01
1.01460E-05,4.147E-01
1.01470E-05,4.147E-01
1.01480E-05,4.147E-01
1.01490E-05,4.147E-01
1.01500E-05,4.147E-01
1.01510E-05,4.107E-01
1.01520E-05,4.147E-01
1.01530E-05,4.107E-01
1.01540E-05,4.107E-01
1.01550E-05,4.107E-01
1.01560E-05,4.107E-01
1.01570E-05,4.107E-01
1.01580E-05,4.067E-01
1.01590E-05,4.107E-01
1.01600E-05,4.147E-01
1.01610E-05,4.107E-01
1.01620E-05,4.067E-01
1.01630E-05,4.067E-01
1.01640E-05,4.067E-01
1.01650E-05,4.027E-01
1.01660E-05,4.067E-01
1.01670E-05,4.067E-01
1.01680E-05,4.027E-01
1.01690E-05,3.987E-01
1.01700E-05,3.987E-01
1.01710E-05,4.027E-01
1.01720E-05,4.027E-01
1.01730E-05,4.027E-01
1.01740E-05,3.987E-01
1.01750E-05,3.987E-01
1.01760E-05,3.987E-01
1.01770E-05,3.987E-01
1.01780E-05,3.987E-01
1.01790E-05,3.947E-01
1.01800E-05,3.947E-01
1.01810E-05,3.947E-01
1.01820E-05,3.987E-01
1.01830E-05,3.947E-01
1.01840E-05,3.947E-01
1.01850E-05,3.947E-01
1.01860E-05,3.947E-01
1.01870E-05,3.947E-01
1.01880E-05,3.907E-01
1.01890E-05,3.907E-01
1.01900E-05,3.907E-01
1.01910E-05,3.867E-01
1.01920E-05,3.867E-01
1.01930E-05,3.867E-01
1.01940E-05,3.867E-01
1.01950E-05,3.867E-01
1.01960E-05,3.827E-01
1.01970E-05,3.827E-01
1.01980E-05,3.787E-01
1.01990E-05,3.787E-01
1.02000E-05,3.787E-01
1.02010E-05,3.787E-01
1.02020E-05,3.787E-01
1.02030E-05,3.787E-01
1.02040E-05,3.787E-01
1.02050E-05,3.787E-01
1.02060E-05,3.747E-01
1.02070E-05,3.747E-01
1.02080E-05,3.747E-01
1.02090E-05,3.707E-01
1.02100E-05,3.707E-01
1.02110E-05,3.747E-01
1.02120E-05,3.707E-01
1.02130E-05,3.707E-01
1.02140E-05,3.707E-01
1.02150E-05,3.707E-01
1.02160E-05,3.667E-01
1.02170E-05,3.667E-01
1.02180E-05,3.627E-01
1.02190E-05,3.667E-01
1.02200E-05,3.627E-01
1.02210E-05,3.627E-01
1.02220E-05,3.587E-01
1.02230E-05,3.587E-01
1.02240E-05,3.587E-01
1.02250E-05,3.587E-01
1.02260E-05,3.587E-01
1.02270E-05,3.547E-01
1.02280E-05,3.547E-01
1.02290E-05,3.547E-01
1.02300E-05,3.547E-01
1.02310E-05,3.547E-01
1.02320E-05,3.547E-01
1.02330E-05,3.507E-01
1.02340E-05,3.507E-01
1.02350E-05,3.507E-01
1.02360E-05,3.507E-01
1.02370E-05,3.467E-01
1.02380E-05,3.467E-01
1.02390E-05,3.427E-01
1.02400E-05,3.427E-01
1.02410E-05,3.467E-01
1.02420E-05,3.467E-01
1.02430E-05,3.467E-01
1.02440E-05,3.427E-01
1.02450E-05,3.427E-01
1.02460E-05,3.427E-01
1.02470E-05,3.427E-01
1.02480E-05,3.347E-01
1.02490E-05,3.387E-01
1.02500E-05,3.427E-01
1.02510E-05,3.387E-01
1.02520E-05,3.387E-01
1.02530E-05,3.347E-01
1.02540E-05,3.307E-01
1.02550E-05,3.347E-01
1.02560E-05,3.347E-01
1.02570E-05,3.307E-01
1.02580E-05,3.307E-01
1.02590E-05,3.307E-01
1.02600E-05,3.307E-01
1.02610E-05,3.307E-01
1.02620E-05,3.267E-01
1.02630E-05,3.267E-01
1.02640E-05,3.227E-01
1.02650E-05,3.227E-01
1.02660E-05,3.227E-01
1.02670E-05,3.227E-01
1.02680E-05,3.227E-01
1.02690E-05,3.227E-01
1.02700E-05,3.227E-01
1.02710E-05,3.227E-01
1.02720E-05,3.227E-01
1.02730E-05,3.147E-01
1.02740E-05,3.187E-01
1.02750E-05,3.187E-01
1.02760E-05,3.187E-01
1.02770E-05,3.187E-01
1.02780E-05,3.187E-01
1.02790E-05,3.187E-01
1.02800E-05,3.147E-01
1.02810E-05,3.107E-01
1.02820E-05,3.107E-01
1.02830E-05,3.107E-01
1.02840E-05,3.147E-01
1.02850E-05,3.147E-01
1.02860E-05,3.107E-01
1.02870E-05,3.107E-01
1.02880E-05,3.107E-01
1.02890E-05,3.107E-01
1.02900E-05,3.067E-01
1.02910E-05,3.067E-01
1.02920E-05,3.067E-01
1.02930E-05,3.067E-01
1.02940E-05,3.067E-01
1.02950E-05,3.067E-01
1.02960E-05,3.067E-01
1.02970E-05,3.027E-01
1.02980E-05,3.027E-01
1.02990E-05,3.027E-01
1.03000E-05,3.067E-01
1.03010E-05,3.027E-01
1.03020E-05,3.027E-01
1.03030E-05,3.027E-01
1.03040E-05,3.027E-01
1.03050E-05,2.987E-01
1.03060E-05,2.987E-01
1.03070E-05,2.987E-01
1.03080E-05,2.987E-01
1.03090E-05,2.987E-01
1.03100E-05,2.987E-01
1.03110E-05,2.947E-01
1.03120E-05,2.947E-01
1.03130E-05,2.947E-01
1.03140E-05,2.947E-01
1.03150E-05,2.987E-01
1.03160E-05,2.987E-01
1.03170E-05,2.907E-01
1.03180E-05,2.947E-01
1.03190E-05,2.947E-01
1.03200E-05,2.907E-01
1.03210E-05,2.907E-01
1.03220E-05,2.947E-01
1.03230E-05,2.947E-01
1.03240E-05,2.907E-01
1.03250E-05,2.907E-01
1.03260E-05,2.907E-01
1.03270E-05,2.907E-01
1.03280E-05,2.947E-01
1.03290E-05,2.947E-01
1.03300E-05,2.907E-01
1.03310E-05,2.907E-01
1.03320E-05,2.867E-01
1.03330E-05,2.907E-01
1.03340E-05,2.907E-01
1.03350E-05,2.907E-01
1.03360E-05,2.907E-01
1.03370E-05,2.867E-01
1.03380E-05,2.867E-01
1.03390E-05,2.867E-01
1.03400E-05,2.907E-01
1.03410E-05,2.867E-01
1.03420E-05,2.867E-01
1.03430E-05,2.867E-01
1.03440E-05,2.867E-01
1.03450E-05,2.867E-01
1.03460E-05,2.867E-01
1.03470E-05,2.867E-01
1.03480E-05,2.867E-01
1.03490E-05,2.867E-01
1.03500E-05,2.867E-01
1.03510E-05,2.867E-01
1.03520E-05,2.867E-01
1.03530E-05,2.867E-01
1.03540E-05,2.867E-01
1.03550E-05,2.907E-01
1.03560E-05,2.907E-01
1.03570E-05,2.867E-01
1.03580E-05,2.867E-01
1.03590E-05,2.867E-01
1.03600E-05,2.867E-01
1.03610E-05,2.867E-01
1.03620E-05,2.867E-01
1.03630E-05,2.867E-01
1.03640E-05,2.907E-01
1.03650E-05,2.907E-01
1.03660E-05,2.947E-01
1.03670E-05,2.947E-01
1.03680E-05,2.907E-01
1.03690E-05,2.907E-01
1.03700E-05,2.907E-01
1.03710E-05,2.907E-01
1.03720E-05,2.907E-01
1.03730E-05,2.907E-01
1.03740E-05,2.907E-01
1.03750E-05,2.907E-01
1.03760E-05,2.907E-01
1.03770E-05,2.947E-01
1.03780E-05,2.907E-01
1.03790E-05,2.907E-01
1.03800E-05,2.947E-01
1.03810E-05,2.907E-01
1.03820E-05,2.907E-01
1.03830E-05,2.907E-01
1.03840E-05,2.907E-01
1.03850E-05,2.907E-01
1.03860E-05,2.947E-01
1.03870E-05,2.987E-01
1.03880E-05,2.947E-01
1.03890E-05,2.947E-01
1.03900E-05,2.947E-01
1.03910E-05,2.947E-01
1.03920E-05,2.947E-01
1.03930E-05,2.987E-01
1.03940E-05,2.987E-01
1.03950E-05,2.987E-01
1.03960E-05,2.987E-01
1.03970E-05,2.987E-01
1.03980E-05,2.987E-01
1.03990E-05,2.987E-01
1.04000E-05,2.987E-01
1.04010E-05,2.987E-01
1.04020E-05,3.027E-01
1.04030E-05,2.987E-01
1.04040E-05,2.987E-01
1.04050E-05,3.027E-01
1.04060E-05,2.987E-01
1.04070E-05,3.027E-01
1.04080E-05,3.027E-01
1.04090E-05,3.027E-01
1.04100E-05,3.067E-01
1.04110E-05,3.067E-01
1.04120E-05,3.067E-01
1.04130E-05,3.067E-01
1.04140E-05,3.067E-01
1.04150E-05,3.067E-01
1.04160E-05,3.067E-01
1.04170E-05,3.067E-01
1.04180E-05,3.067E-01
1.04190E-05,3.107E-01
1.04200E-05,3.107E-01
1.04210E-05,3.067E-01
1.04220E-05,3.107E-01
1.04230E-05,3.107E-01
1.04240E-05,3.147E-01
1.04250E-05,3.107E-01
1.04260E-05,3.147E-01
1.04270E-05,3.147E-01
1.04280E-05,3.147E-01
1.04290E-05,3.147E-01
1.04300E-05,3.147E-01
1.04310E-05,3.147E-01
1.04320E-05,3.147E-01
1.04330E-05,3.187E-01
1.04340E-05,3.187E-01
1.04350E-05,3.227E-01
1.04360E-05,3.187E-01
1.04370E-05,3.187E-01
1.04380E-05,3.227E-01
1.04390E-05,3.227E-01
1.04400E-05,3.227E-01
1.04410E-05,3.227E-01
1.04420E-05,3.227E-01
1.04430E-05,3.267E-01
1.04440E-05,3.267E-01
1.04450E-05,3.267E-01
1.04460E-05,3.267E-01
1.04470E-05,3.307E-01
1.04480E-05,3.307E-01
1.04490E-05,3.307E-01
1.04500E-05,3.307E-01
1.04510E-05,3.347E-01
1.04520E-05,3.347E-01
1.04530E-05,3.347E-01
1.04540E-05,3.347E-01
1.04550E-05,3.347E-01
1.04560E-05,3.347E-01
1.04570E-05,3.347E-01
1.04580E-05,3.347E-01
1.04590E-05,3.387E-01
1.04600E-05,3.387E-01
1.04610E-05,3.387E-01
1.04620E-05,3.387E-01
1.04630E-05,3.427E-01
1.04640E-05,3.467E-01
1.04650E-05,3.467E-01
1.04660E-05,3.467E-01
1.04670E-05,3.467E-01
1.04680E-05,3.467E-01
1.04690E-05,3.467E-01
1.04700E-05,3.507E-01
1.04710E-05,3.507E-01
1.04720E-05,3.507E-01
1.04730E-05,3.507E-01
1.04740E-05,3.547E-01
1.04750E-05,3.547E-01
1.04760E-05,3.507E-01
1.04770E-05,3.547E-01
1.04780E-05,3.547E-01
1.04790E-05,3.547E-01
1.04800E-05,3.587E-01
1.04810E-05,3.547E-01
1.04820E-05,3.587E-01
1.04830E-05,3.587E-01
1.04840E-05,3.587E-01
1.04850E-05,3.627E-01
1.04860E-05,3.627E-01
1.04870E-05,3.627E-01
1.04880E-05,3.627E-01
1.04890E-05,3.627E-01
1.04900E-05,3.667E-01
1.04910E-05,3.667E-01
1.04920E-05,3.707E-01
1.04930E-05,3.707E-01
1.04940E-05,3.667E-01
1.04950E-05,3.707E-01
1.04960E-05,3.707E-01
1.04970E-05,3.707E-01
1.04980E-05,3.747E-01
1.04990E-05,3.747E-01
1.05000E-05,3.787E-01
1.05010E-05,3.747E-01
1.05020E-05,3.787E-01
1.05030E-05,3.787E-01
1.05040E-05,3.787E-01
1.05050E-05,3.787E-01
1.05060E-05,3.787E-01
1.05070E-05,3.787E-01
1.05080E-05,3.827E-01
1.05090E-05,3.827E-01
1.05100E-05,3.827E-01
1.05110E-05,3.827E-01
1.05120E-05,3.827E-01
1.05130E-05,3.827E-01
1.05140E-05,3.867E-01
1.05150E-05,3.907E-01
1.05160E-05,3.867E-01
1.05170E-05,3.867E-01
1.05180E-05,3.907E-01
1.05190E-05,3.867E-01
1.05200E-05,3.947E-01
1.05210E-05,3.947E-01
1.05220E-05,3.907E-01
1.05230E-05,3.907E-01
1.05240E-05,3.947E-01
1.05250E-05,3.907E-01
1.05260E-05,3.947E-01
1.05270E-05,3.947E-01
1.05280E-05,3.987E-01
1.05290E-05,3.987E-01
1.05300E-05,3.947E-01
1.05310E-05,3.947E-01
1.05320E-05,3.987E-01
1.05330E-05,4.027E-01
1.05340E-05,4.027E-01
1.05350E-05,4.027E-01
1.05360E-05,4.027E-01
1.05370E-05,4.067E-01
1.05380E-05,4.027E-01
1.05390E-05,4.067E-01
1.05400E-05,4.027E-01
1.05410E-05,4.027E-01
1.05420E-05,4.027E-01
1.05430E-05,4.067E-01
1.05440E-05,4.067E-01
1.05450E-05,4.067E-01
1.05460E-05,4.107E-01
1.05470E-05,4.067E-01
1.05480E-05,4.107E-01
1.05490E-05,4.107E-01
1.05500E-05,4.107E-01
1.05510E-05,4.147E-01
1.05520E-05,4.107E-01
1.05530E-05,4.107E-01
1.05540E-05,4.107E-01
1.05550E-05,4.147E-01
1.05560E-05,4.147E-01
1.05570E-05,4.147E-01
1.05580E-05,4.147E-01
1.05590E-05,4.147E-01
1.05600E-05,4.147E-01
1.05610E-05,4.147E-01
1.05620E-05,4.187E-01
1.05630E-05,4.187E-01
1.05640E-05,4.187E-01
1.05650E-05,4.147E-01
1.05660E-05,4.147E-01
1.05670E-05,4.147E-01
1.05680E-05,4.187E-01
1.05690E-05,4.187E-01
1.05700E-05,4.187E-01
1.05710E-05,4.227E-01
1.05720E-05,4.227E-01
1.05730E-05,4.187E-01
1.05740E-05,4.187E-01
1.05750E-05,4.227E-01
1.05760E-05,4.227E-01
1.05770E-05,4.227E-01
1.05780E-05,4.227E-01
1.05790E-05,4.187E-01
1.05800E-05,4.227E-01
1.05810E-05,4.227E-01
1.05820E-05,4.227E-01
1.05830E-05,4.227E-01
1.05840E-05,4.227E-01
1.05850E-05,4.227E-01
1.05860E-05,4.227E-01
1.05870E-05,4.227E-01
1.05880E-05,4.267E-01
1.05890E-05,4.267E-01
1.05900E-05,4.227E-01
1.05910E-05,4.227E-01
1.05920E-05,4.267E-01
1.05930E-05,4.227E-01
1.05940E-05,4.267E-01
1.05950E-05,4.227E-01
1.05960E-05,4.227E-01
1.05970E-05,4.267E-01
1.05980E-05,4.307E-01
1.05990E-05,4.267E-01
1.06000E-05,4.267E-01
1.06010E-05,4.227E-01
1.06020E-05,4.227E-01
1.06030E-05,4.227E-01
1.06040E-05,4.307E-01
1.06050E-05,4.267E-01
1.06060E-05,4.267E-01
1.06070E-05,4.267E-01
1.06080E-05,4.267E-01
1.06090E-05,4.267E-01
1.06100E-05,4.267E-01
1.06110E-05,4.267E-01
1.06120E-05,4.227E-01
1.06130E-05,4.227E-01
1.06140E-05,4.267E-01
1.06150E-05,4.267E-01
1.06160E-05,4.267E-01
1.06170E-05,4.227E-01
1.06180E-05,4.267E-01
1.06190E-05,4.267E-01
1.06200E-05,4.227E-01
1.06210E-05,4.227E-01
1.06220E-05,4.227E-01
1.06230E-05,4.267E-01
1.06240E-05,4.227E-01
1.06250E-05,4.227E-01
1.06260E-05,4.187E-01
1.06270E-05,4.227E-01
1.06280E-05,4.267E-01
1.06290E-05,4.267E-01
1.06300E-05,4.227E-01
1.06310E-05,4.227E-01
1.06320E-05,4.187E-01
1.06330E-05,4.187E-01
1.06340E-05,4.187E-01
1.06350E-05,4.187E-01
1.06360E-05,4.227E-01
1.06370E-05,4.187E-01
1.06380E-05,4.187E-01
1.06390E-05,4.147E-01
1.06400E-05,4.187E-01
1.06410E-05,4.187E-01
1.06420E-05,4.187E-01
1.06430E-05,4.147E-01
1.06440E-05,4.147E-01
1.06450E-05,4.147E-01
1.06460E-05,4.187E-01
1.06470E-05,4.187E-01
1.06480E-05,4.187E-01
1.06490E-05,4.147E-01
1.06500E-05,4.147E-01
1.06510E-05,4.147E-01
1.06520E-05,4.147E-01
1.06530E-05,4.107E-01
1.06540E-05,4.147E-01
1.06550E-05,4.147E-01
1.06560E-05,4.107E-01
1.06570E-05,4.107E-01
1.06580E-05,4.067E-01
1.06590E-05,4.067E-01
1.06600E-05,4.067E-01
1.06610E-05,4.067E-01
1.06620E-05,4.067E-01
1.06630E-05,4.067E-01
1.06640E-05,4.067E-01
1.06650E-05,4.067E-01
1.06660E-05,4.067E-01
1.06670E-05,4.067E-01
1.06680E-05,4.067E-01
1.06690E-05,4.027E-01
1.06700E-05,4.027E-01
1.06710E-05,4.027E-01
1.06720E-05,4.027E-01
1.06730E-05,4.027E-01
1.06740E-05,4.027E-01
1.06750E-05,4.027E-01
1.06760E-05,4.027E-01
1.06770E-05,4.027E-01
1.06780E-05,3.987E-01
1.06790E-05,3.987E-01
1.06800E-05,3.987E-01
1.06810E-05,3.947E-01
1.06820E-05,3.947E-01
1.06830E-05,3.947E-01
1.06840E-05,3.947E-01
1.06850E-05,3.947E-01
1.06860E-05,3.907E-01
1.06870E-05,3.907E-01
1.06880E-05,3.907E-01
1.06890E-05,3.867E-01
1.06900E-05,3.867E-01
1.06910E-05,3.867E-01
1.06920E-05,3.827E-01
1.06930E-05,3.827E-01
1.06940E-05,3.867E-01
1.06950E-05,3.867E-01
1.06960E-05,3.907E-01
1.06970E-05,3.827E-01
1.06980E-05,3.827E-01
1.06990E-05,3.787E-01
1.07000E-05,3.787E-01
1.07010E-05,3.787E-01
1.07020E-05,3.747E-01
1.07030E-05,3.787E-01
1.07040E-05,3.787E-01
1.07050E-05,3.787E-01
1.07060E-05,3.787E-01
1.07070E-05,3.787E-01
1.07080E-05,3.787E-01
1.07090E-05,3.747E-01
1.07100E-05,3.747E-01
1.07110E-05,3.707E-01
1.07120E-05,3.707E-01
1.07130E-05,3.707E-01
1.07140E-05,3.707E-01
1.07150E-05,3.747E-01
1.07160E-05,3.707E-01
1.07170E-05,3.707E-01
1.07180E-05,3.667E-01
1.07190E-05,3.667E-01
1.07200E-05,3.627E-01
1.07210E-05,3.627E-01
1.07220E-05,3.627E-01
1.07230E-05,3.587E-01
1.07240E-05,3.587E-01
1.07250E-05,3.587E-01
1.07260E-05,3.587E-01
1.07270E-05,3.587E-01
1.07280E-05,3.587E-01
1.07290E-05,3.547E-01
1.07300E-05,3.587E-01
1.07310E-05,3.507E-01
1.07320E-05,3.507E-01
1.07330E-05,3.547E-01
1.07340E-05,3.547E-01
1.07350E-05,3.507E-01
1.07360E-05,3.467E-01
1.07370E-05,3.467E-01
1.07380E-05,3.467E-01
1.07390E-05,3.427E-01
1.07400E-05,3.467E-01
1.07410E-05,3.427E-01
1.07420E-05,3.467E-01
1.07430E-05,3.427E-01
1.07440E-05,3.427E-01
1.07450E-05,3.427E-01
1.07460E-05,3.427E-01
1.07470E-05,3.427E-01
1.07480E-05,3.427E-01
1.07490E-05,3.387E-01
1.07500E-05,3.387E-01
1.07510E-05,3.387E-01
1.07520E-05,3.347E-01
1.07530E-05,3.347E-01
1.07540E-05,3.347E-01
1.07550E-05,3.307E-01
1.07560E-05,3.347E-01
1.07570E-05,3.307E-01
1.07580E-05,3.307E-01
1.07590E-05,3.347E-01
1.07600E-05,3.307E-01
1.07610E-05,3.307E-01
1.07620E-05,3.267E-01
1.07630E-05,3.227E-01
1.07640E-05,3.267E-01
1.07650E-05,3.267E-01
1.07660E-05,3.267E-01
1.07670E-05,3.267E-01
1.07680E-05,3.267E-01
1.07690E-05,3.227E-01
1.07700E-05,3.227E-01
1.07710E-05,3.227E-01
1.07720E-05,3.227E-01
1.07730E-05,3.187E-01
1.07740E-05,3.187E-01
1.07750E-05,3.187E-01
1.07760E-05,3.147E-01
1.07770E-05,3.187E-01
1.07780E-05,3.147E-01
1.07790E-05,3.147E-01
1.07800E-05,3.147E-01
1.07810E-05,3.147E-01
1.07820E-05,3.107E-01
1.07830E-05,3.107E-01
1.07840E-05,3.107E-01
1.07850E-05,3.107E-01
1.07860E-05,3.107E-01
1.07870E-05,3.107E-01
1.07880E-05,3.107E-01
1.07890E-05,3.067E-01
1.07900E-05,3.067E-01
1.07910E-05,3.067E-01
1.07920E-05,3.067E-01
1.07930E-05,3.067E-01
1.07940E-05,3.067E-01
1.07950E-05,3.067E-01
1.07960E-05,3.067E-01
1.07970E-05,3.067E-01
1.07980E-05,3.067E-01
1.07990E-05,3.027E-01
1.08000E-05,3.027E-01
1.08010E-05,2.987E-01
1.08020E-05,3.027E-01
1.08030E-05,3.027E-01
1.08040E-05,2.987E-01
1.08050E-05,3.027E-01
1.08060E-05,3.027E-01
1.08070E-05,2.987E-01
1.08080E-05,3.027E-01
1.08090E-05,2.987E-01
1.08100E-05,2.947E-01
1.08110E-05,2.947E-01
1.08120E-05,2.987E-01
1.08130E-05,2.987E-01
1.08140E-05,2.987E-01
1.08150E-05,2.987E-01
1.08160E-05,2.947E-01
1.08170E-05,2.947E-01
1.08180E-05,2.947E-01
1.08190E-05,2.907E-01
1.08200E-05,2.947E-01
1.08210E-05,2.907E-01
1.08220E-05,2.947E-01
1.08230E-05,2.947E-01
1.08240E-05,2.947E-01
1.08250E-05,2.947E-01
1.08260E-05,2.947E-01
1.08270E-05,2.907E-01
1.08280E-05,2.907E-01
1.08290E-05,2.907E-01
1.08300E-05,2.907E-01
1.08310E-05,2.907E-01
1.08320E-05,2.867E-01
1.08330E-05,2.907E-01
1.08340E-05,2.867E-01
1.08350E-05,2.907E-01
1.08360E-05,2.907E-01
1.08370E-05,2.907E-01
1.08380E-05,2.907E-01
1.08390E-05,2.907E-01
1.08400E-05,2.907E-01
1.08410E-05,2.867E-01
1.08420E-05,2.907E-01
1.08430E-05,2.907E-01
1.08440E-05,2.907E-01
1.08450E-05,2.907E-01
1.08460E-05,2.867E-01
1.08470E-05,2.867E-01
1.08480E-05,2.867E-01
1.08490E-05,2.867E-01
1.08500E-05,2.867E-01
1.08510E-05,2.827E-01
1.08520E-05,2.827E-01
1.08530E-05,2.867E-01
1.08540E-05,2.867E-01
1.08550E-05,2.907E-01
1.08560E-05,2.907E-01
1.08570E-05,2.907E-01
1.08580E-05,2.907E-01
1.08590E-05,2.867E-01
1.08600E-05,2.867E-01
1.08610E-05,2.867E-01
1.08620E-05,2.867E-01
1.08630E-05,2.867E-01
1.08640E-05,2.907E-01
1.08650E-05,2.867E-01
1.08660E-05,2.907E-01
1.08670E-05,2.867E-01
1.08680E-05,2.907E-01
1.08690E-05,2.907E-01
1.08700E-05,2.907E-01
1.08710E-05,2.907E-01
1.08720E-05,2.907E-01
1.08730E-05,2.907E-01
1.08740E-05,2.907E-01
1.08750E-05,2.907E-01
1.08760E-05,2.907E-01
1.08770E-05,2.907E-01
1.08780E-05,2.907E-01
1.08790E-05,2.907E-01
1.08800E-05,2.907E-01
1.08810E-05,2.907E-01
1.08820E-05,2.947E-01
1.08830E-05,2.947E-01
1.08840E-05,2.947E-01
1.08850E-05,2.907E-01
1.08860E-05,2.907E-01
1.08870E-05,2.947E-01
1.08880E-05,2.907E-01
1.08890E-05,2.947E-01
1.08900E-05,2.947E-01
1.08910E-05,2.947E-01
1.08920E-05,2.987E-01
1.08930E-05,2.987E-01
1.08940E-05,2.987E-01
1.08950E-05,2.987E-01
1.08960E-05,2.987E-01
1.08970E-05,2.987E-01
1.08980E-05,2.987E-01
1.08990E-05,3.027E-01
1.09000E-05,3.027E-01
1.09010E-05,2.987E-01
1.09020E-05,3.027E-01
1.09030E-05,3.027E-01
1.09040E-05,3.027E-01
1.09050E-05,3.027E-01
1.09060E-05,3.027E-01
1.09070E-05,3.027E-01
1.09080E-05,3.027E-01
1.09090E-05,3.067E-01
1.09100E-05,3.067E-01
1.09110E-05,3.067E-01
1.09120E-05,3.067E-01
1.09130E-05,3.027E-01
1.09140E-05,3.067E-01
1.09150E-05,3.067E-01
1.09160E-05,3.107E-01
1.09170E-05,3.107E-01
1.09180E-05,3.107E-01
1.09190E-05,3.147E-01
1.09200E-05,3.107E-01
1.09210E-05,3.067E-01
1.09220E-05,3.107E-01
1.09230E-05,3.107E-01
1.09240E-05,3.107E-01
1.09250E-05,3.147E-01
1.09260E-05,3.147E-01
1.09270E-05,3.147E-01
1.09280E-05,3.147E-01
1.09290E-05,3.187E-01
1.09300E-05,3.187E-01
1.09310E-05,3.187E-01
1.09320E-05,3.187E-01
1.09330E-05,3.187E-01
1.09340E-05,3.187E-01
1.09350E-05,3.227E-01
1.09360E-05,3.227E-01
1.09370E-05,3.227E-01
1.09380E-05,3.227E-01
1.09390E-05,3.227E-01
1.09400E-05,3.227E-01
1.09410E-05,3.267E-01
1.09420E-05,3.227E-01
1.09430E-05,3.267E-01
1.09440E-05,3.267E-01
1.09450E-05,3.267E-01
1.09460E-05,3.267E-01
1.09470E-05,3.307E-01
1.09480E-05,3.307E-01
1.09490E-05,3.307E-01
1.09500E-05,3.307E-01
1.09510E-05,3.307E-01
1.09520E-05,3.307E-01
1.09530E-05,3.347E-01
1.09540E-05,3.347E-01
1.09550E-05,3.347E-01
1.09560E-05,3.387E-01
1.09570E-05,3.347E-01
1.09580E-05,3.387E-01
1.09590E-05,3.387E-01
1.09600E-05,3.427E-01
1.09610E-05,3.387E-01
1.09620E-05,3.387E-01
1.09630E-05,3.427E-01
1.09640E-05,3.467E-01
1.09650E-05,3.467E-01
1.09660E-05,3.467E-01
1.09670E-05,3.467E-01
1.09680E-05,3.427E-01
1.09690E-05,3.467E-01
1.09700E-05,3.467E-01
1.09710E-05,3.467E-01
1.09720E-05,3.507E-01
1.09730E-05,3.507E-01
1.09740E-05,3.547E-01
1.09750E-05,3.587E-01
1.09760E-05,3.587E-01
1.09770E-05,3.587E-01
1.09780E-05,3.587E-01
1.09790E-05,3.547E-01
1.09800E-05,3.547E-01
1.09810E-05,3.587E-01
1.09820E-05,3.627E-01
1.09830E-05,3.627E-01
1.09840E-05,3.627E-01
1.09850E-05,3.627E-01
1.09860E-05,3.627E-01
1.09870E-05,3.627E-01
1.09880E-05,3.667E-01
1.09890E-05,3.667E-01
1.09900E-05,3.627E-01
1.09910E-05,3.667E-01
1.09920E-05,3.667E-01
1.09930E-05,3.707E-01
1.09940E-05,3.707E-01
1.09950E-05,3.707E-01
1.09960E-05,3.707E-01
1.09970E-05,3.707E-01
1.09980E-05,3.747E-01
1.09990E-05,3.747E-01
1.10000E-05,3.747E-01
1.10010E-05,3.747E-01
1.10020E-05,3.787E-01
1.10030E-05,3.787E-01
1.10040E-05,3.787E-01
1.10050E-05,3.827E-01
1.10060E-05,3.827E-01
1.10070E-05,3.827E-01
1.10080E-05,3.867E-01
1.10090E-05,3.827E-01
1.10100E-05,3.827E-01
1.10110E-05,3.827E-01
1.10120E-05,3.867E-01
1.10130E-05,3.867E-01
1.10140E-05,3.907E-01
1.10150E-05,3.867E-01
1.10160E-05,3.867E-01
1.10170E-05,3.907E-01
1.10180E-05,3.907E-01
1.10190E-05,3.907E-01
1.10200E-05,3.907E-01
1.10210E-05,3.907E-01
1.10220E-05,3.947E-01
1.10230E-05,3.947E-01
1.10240E-05,3.947E-01
1.10250E-05,3.947E-01
1.10260E-05,3.947E-01
1.10270E-05,3.947E-01
1.10280E-05,3.947E-01
1.10290E-05,3.987E-01
1.10300E-05,3.947E-01
1.10310E-05,3.987E-01
1.10320E-05,4.027E-01
1.10330E-05,4.027E-01
1.10340E-05,4.067E-01
1.10350E-05,4.027E-01
1.10360E-05,4.067E-01
1.10370E-05,4.027E-01
1.10380E-05,4.027E-01
1.10390E-05,4.027E-01
1.10400E-05,4.027E-01
1.10410E-05,4.067E-01
1.10420E-05,4.067E-01
1.10430E-05,4.067E-01
1.10440E-05,4.067E-01
1.10450E-05,4.107E-01
1.10460E-05,4.107E-01
1.10470E-05,4.107E-01
1.10480E-05,4.107E-01
1.10490E-05,4.107E-01
1.10500E-05,4.107E-01
1.10510E-05,4.107E-01
1.10520E-05,4.107E-01
1.10530E-05,4.147E-01
1.10540E-05,4.147E-01
1.10550E-05,4.147E-01
1.10560E-05,4.147E-01
1.10570E-05,4.147E-01
1.10580E-05,4.147E-01
1.10590E-05,4.147E-01
1.10600E-05,4.147E-01
1.10610E-05,4.147E-01
1.10620E-05,4.187E-01
1.10630E-05,4.187E-01
1.10640E-05,4.187E-01
1.10650E-05,4.187E-01
1.10660E-05,4.187E-01
1.10670E-05,4.187E-01
1.10680E-05,4.187E-01
1.10690E-05,4.227E-01
1.10700E-05,4.227E-01
1.10710E-05,4.227E-01
1.10720E-05,4.227E-01
1.10730E-05,4.187E-01
1.10740E-05,4.187E-01
1.10750E-05,4.227E-01
1.10760E-05,4.227E-01
1.10770E-05,4.227E-01
1.10780E-05,4.227E-01
1.10790E-05,4.267E-01
1.10800E-05,4.227E-01
1.10810E-05,4.187E-01
1.10820E-05,4.227E-01
1.10830E-05,4.227E-01
1.10840E-05,4.227E-01
1.10850E-05,4.227E-01
1.10860E-05,4.267E-01
1.10870E-05,4.267E-01
1.10880E-05,4.267E-01
1.10890E-05,4.227E-01
1.10900E-05,4.227E-01
1.10910E-05,4.227E-01
1.10920E-05,4.267E-01
1.10930E-05,4.267E-01
1.10940E-05,4.267E-01
1.10950E-05,4.267E-01
1.10960E-05,4.267E-01
1.10970E-05,4.227E-01
1.10980E-05,4.267E-01
1.10990E-05,4.267E-01
1.11000E-05,4.307E-01
1.11010E-05,4.267E-01
1.11020E-05,4.307E-01
1.11030E-05,4.267E-01
1.11040E-05,4.267E-01
1.11050E-05,4.267E-01
1.11060E-05,4.267E-01
1.11070E-05,4.267E-01
1.11080E-05,4.267E-01
1.11090E-05,4.227E-01
1.11100E-05,4.267E-01
1.11110E-05,4.267E-01
1.11120E-05,4.267E-01
1.11130E-05,4.267E-01
1.11140E-05,4.267E-01
1.11150E-05,4.267E-01
1.11160E-05,4.267E-01
1.11170E-05,4.267E-01
1.11180E-05,4.227E-01
1.11190E-05,4.227E-01
1.11200E-05,4.267E-01
1.11210E-05,4.267E-01
1.11220E-05,4.267E-01
1.11230E-05,4.227E-01
1.11240E-05,4.227E-01
1.11250E-05,4.267E-01
1.11260E-05,4.267E-01
1.11270E-05,4.267E-01
1.11280E-05,4.227E-01
1.11290E-05,4.227E-01
1.11300E-05,4.267E-01
1.11310E-05,4.227E-01
1.11320E-05,4.227E-01
1.11330E-05,4.267E-01
1.11340E-05,4.227E-01
1.11350E-05,4.227E-01
1.11360E-05,4.227E-01
1.11370E-05,4.227E-01
1.11380E-05,4.187E-01
1.11390E-05,4.227E-01
1.11400E-05,4.187E-01
1.11410E-05,4.187E-01
1.11420E-05,4.227E-01
1.11430E-05,4.187E-01
1.11440E-05,4.147E-01
1.11450E-05,4.187E-01
1.11460E-05,4.187E-01
1.11470E-05,4.187E-01
1.11480E-05,4.187E-01
1.11490E-05,4.147E-01
1.11500E-05,4.147E-01
1.11510E-05,4.147E-01
1.11520E-05,4.147E-01
1.11530E-05,4.107E-01
1.11540E-05,4.107E-01
1.11550E-05,4.147E-01
1.11560E-05,4.147E-01
1.11570E-05,4.107E-01
1.11580E-05,4.147E-01
1.11590E-05,4.107E-01
1.11600E-05,4.107E-01
1.11610E-05,4.107E-01
1.11620E-05,4.067E-01
1.11630E-05,4.067E-01
1.11640E-05,4.107E-01
1.11650E-05,4.067E-01
1.11660E-05,4.027E-01
1.11670E-05,4.027E-01
1.11680E-05,4.027E-01
1.11690E-05,4.027E-01
1.11700E-05,4.027E-01
1.11710E-05,4.027E-01
1.11720E-05,4.027E-01
1.11730E-05,4.027E-01
1.11740E-05,3.987E-01
1.11750E-05,4.027E-01
1.11760E-05,3.947E-01
1.11770E-05,3.987E-01
1.11780E-05,3.987E-01
1.11790E-05,3.987E-01
1.11800E-05,3.987E-01
1.11810E-05,3.987E-01
1.11820E-05,3.987E-01
1.11830E-05,3.947E-01
1.11840E-05,3.947E-01
1.11850E-05,3.907E-01
1.11860E-05,3.907E-01
1.11870E-05,3.907E-01
1.11880E-05,3.907E-01
1.11890E-05,3.907E-01
1.11900E-05,3.907E-01
1.11910E-05,3.907E-01
1.11920E-05,3.907E-01
1.11930E-05,3.907E-01
1.11940E-05,3.867E-01
1.11950E-05,3.867E-01
1.11960E-05,3.867E-01
1.11970E-05,3.867E-01
1.11980E-05,3.867E-01
1.11990E-05,3.827E-01
1.12000E-05,3.787E-01
1.12010E-05,3.747E-01
1.12020E-05,3.787E-01
1.12030E-05,3.787E-01
1.12040E-05,3.787E-01
1.12050E-05,3.787E-01
1.12060E-05,3.787E-01
1.12070E-05,3.747E-01
1.12080E-05,3.747E-01
1.12090E-05,3.707E-01
1.12100E-05,3.747E-01
1.12110E-05,3.707E-01
1.12120E-05,3.707E-01
1.12130E-05,3.707E-01
1.12140E-05,3.707E-01
1.12150E-05,3.707E-01
1.12160E-05,3.747E-01
1.12170E-05,3.707E-01
1.12180E-05,3.707E-01
1.12190E-05,3.667E-01
1.12200E-05,3.627E-01
1.12210E-05,3.627E-01
1.12220E-05,3.627E-01
1.12230E-05,3.587E-01
1.12240E-05,3.587E-01
1.12250E-05,3.587E-01
1.12260E-05,3.587E-01
1.12270E-05,3.587E-01
1.12280E-05,3.587E-01
1.12290E-05,3.587E-01
1.12300E-05,3.587E-01
1.12310E-05,3.547E-01
1.12320E-05,3.547E-01
1.12330E-05,3.547E-01
1.12340E-05,3.507E-01
1.12350E-05,3.547E-01
1.12360E-05,3.507E-01
1.12370E-05,3.507E-01
1.12380E-05,3.507E-01
1.12390E-05,3.467E-01
1.12400E-05,3.467E-01
1.12410E-05,3.467E-01
1.12420E-05,3.467E-01
1.12430E-05,3.467E-01
1.12440E-05,3.467E-01
1.12450E-05,3.467E-01
1.12460E-05,3.427E-01
1.12470E-05,3.427E-01
1.12480E-05,3.387E-01
1.12490E-05,3.387E-01
1.12500E-05,3.347E-01
1.12510E-05,3.347E-01
1.12520E-05,3.347E-01
1.12530E-05,3.347E-01
1.12540E-05,3.347E-01
1.12550E-05,3.387E-01
1.12560E-05,3.347E-01
1.12570E-05,3.347E-01
1.12580E-05,3.307E-01
1.12590E-05,3.307E-01
1.12600E-05,3.307E-01
1.12610E-05,3.307E-01
1.12620E-05,3.307E-01
1.12630E-05,3.307E-01
1.12640E-05,3.267E-01
1.12650E-05,3.267E-01
1.12660E-05,3.267E-01
1.12670E-05,3.227E-01
1.12680E-05,3.267E-01
1.12690E-05,3.227E-01
1.12700E-05,3.227E-01
1.12710E-05,3.187E-01
1.12720E-05,3.227E-01
1.12730E-05,3.187E-01
1.12740E-05,3.187E-01
1.12750E-05,3.187E-01
1.12760E-05,3.187E-01
1.12770E-05,3.187E-01
1.12780E-05,3.147E-01
1.12790E-05,3.147E-01
1.12800E-05,3.147E-01
1.12810E-05,3.147E-01
1.12820E-05,3.147E-01
1.12830E-05,3.147E-01
1.12840E-05,3.147E-01
1.12850E-05,3.147E-01
1.12860E-05,3.147E-01
1.12870E-05,3.067E-01
1.12880E-05,3.107E-01
1.12890E-05,3.107E-01
1.12900E-05,3.067E-01
1.12910E-05,3.067E-01
1.12920E-05,3.067E-01
1.12930E-05,3.027E-01
1.12940E-05,3.067E-01
1.12950E-05,3.067E-01
1.12960E-05,3.067E-01
1.12970E-05,3.067E-01
1.12980E-05,3.067E-01
1.12990E-05,3.067E-01
1.13000E-05,3.027E-01
1.13010E-05,3.027E-01
1.13020E-05,2.987E-01
1.13030E-05,2.987E-01
1.13040E-05,3.027E-01
1.13050E-05,3.027E-01
1.13060E-05,2.987E-01
1.13070E-05,3.027E-01
1.13080E-05,2.987E-01
1.13090E-05,2.987E-01
1.13100E-05,2.987E-01
1.13110E-05,2.987E-01
1.13120E-05,2.947E-01
1.13130E-05,2.947E-01
1.13140E-05,2.947E-01
1.13150E-05,2.947E-01
1.13160E-05,2.987E-01
1.13170E-05,2.947E-01
1.13180E-05,2.987E-01
1.13190E-05,2.947E-01
1.13200E-05,2.947E-01
1.13210E-05,2.907E-01
1.13220E-05,2.907E-01
1.13230E-05,2.947E-01
1.13240E-05,2.947E-01
1.13250E-05,2.947E-01
1.13260E-05,2.947E-01
1.13270E-05,2.907E-01
1.13280E-05,2.907E-01
1.13290E-05,2.907E-01
1.13300E-05,2.907E-01
1.13310E-05,2.907E-01
1.13320E-05,2.907E-01
1.13330E-05,2.947E-01
1.13340E-05,2.947E-01
1.13350E-05,2.907E-01
1.13360E-05,2.907E-01
1.13370E-05,2.907E-01
1.13380E-05,2.907E-01
1.13390E-05,2.907E-01
1.13400E-05,2.907E-01
1.13410E-05,2.907E-01
1.13420E-05,2.907E-01
1.13430E-05,2.867E-01
1.13440E-05,2.907E-01
1.13450E-05,2.907E-01
1.13460E-05,2.907E-01
1.13470E-05,2.907E-01
1.13480E-05,2.907E-01
1.13490E-05,2.907E-01
1.13500E-05,2.907E-01
1.13510E-05,2.867E-01
1.13520E-05,2.867E-01
1.13530E-05,2.867E-01
1.13540E-05,2.907E-01
1.13550E-05,2.907E-01
1.13560E-05,2.907E-01
1.13570E-05,2.907E-01
1.13580E-05,2.907E-01
1.13590E-05,2.907E-01
1.13600E-05,2.867E-01
1.13610E-05,2.867E-01
1.13620E-05,2.907E-01
1.13630E-05,2.907E-01
1.13640E-05,2.947E-01
1.13650E-05,2.907E-01
1.13660E-05,2.907E-01
1.13670E-05,2.907E-01
1.13680E-05,2.907E-01
1.13690E-05,2.867E-01
1.13700E-05,2.907E-01
1.13710E-05,2.867E-01
1.13720E-05,2.907E-01
1.13730E-05,2.907E-01
1.13740E-05,2.907E-01
1.13750E-05,2.907E-01
1.13760E-05,2.907E-01
1.13770E-05,2.907E-01
1.13780E-05,2.907E-01
1.13790E-05,2.907E-01
1.13800E-05,2.907E-01
1.13810E-05,2.907E-01
1.13820E-05,2.907E-01
1.13830E-05,2.947E-01
1.13840E-05,2.947E-01
1.13850E-05,2.947E-01
1.13860E-05,2.907E-01
1.13870E-05,2.907E-01
1.13880E-05,2.907E-01
1.13890E-05,2.947E-01
1.13900E-05,2.947E-01
1.13910E-05,2.987E-01
1.13920E-05,2.987E-01
1.13930E-05,2.987E-01
1.13940E-05,2.987E-01
1.13950E-05,3.027E-01
1.13960E-05,3.027E-01
1.13970E-05,2.987E-01
1.13980E-05,2.987E-01
1.13990E-05,2.987E-01
1.14000E-05,2.987E-01
1.14010E-05,2.987E-01
1.14020E-05,2.987E-01
1.14030E-05,2.987E-01
1.14040E-05,2.987E-01
1.14050E-05,2.987E-01
1.14060E-05,2.987E-01
1.14070E-05,3.027E-01
1.14080E-05,3.067E-01
1.14090E-05,3.067E-01
1.14100E-05,3.027E-01
1.14110E-05,3.067E-01
1.14120E-05,3.107E-01
1.14130E-05,3.067E-01
1.14140E-05,3.067E-01
1.14150E-05,3.107E-01
1.14160E-05,3.067E-01
1.14170E-05,3.067E-01
1.14180E-05,3.107E-01
1.14190E-05,3.107E-01
1.14200E-05,3.147E-01
1.14210E-05,3.147E-01
1.14220E-05,3.147E-01
1.14230E-05,3.147E-01
1.14240E-05,3.107E-01
1.14250E-05,3.107E-01
1.14260E-05,3.147E-01
1.14270E-05,3.147E-01
1.14280E-05,3.147E-01
1.14290E-05,3.187E-01
1.14300E-05,3.187E-01
1.14310E-05,3.187E-01
1.14320E-05,3.187E-01
1.14330E-05,3.147E-01
1.14340E-05,3.187E-01
1.14350E-05,3.187E-01
1.14360E-05,3.227E-01
1.14370E-05,3.227E-01
1.14380E-05,3.267E-01
1.14390E-05,3.267E-01
1.14400E-05,3.267E-01
1.14410E-05,3.267E-01
1.14420E-05,3.307E-01
1.14430E-05,3.267E-01
1.14440E-05,3.307E-01
1.14450E-05,3.267E-01
1.14460E-05,3.267E-01
1.14470E-05,3.307E-01
1.14480E-05,3.347E-01
1.14490E-05,3.347E-01
1.14500E-05,3.387E-01
1.14510E-05,3.347E-01
1.14520E-05,3.387E-01
1.14530E-05,3.347E-01
1.14540E-05,3.347E-01
1.14550E-05,3.387E-01
1.14560E-05,3.387E-01
1.14570E-05,3.347E-01
1.14580E-05,3.387E-01
1.14590E-05,3.387E-01
1.14600E-05,3.427E-01
1.14610E-05,3.427E-01
1.14620E-05,3.427E-01
1.14630E-05,3.427E-01
1.14640E-05,3.427E-01
1.14650E-05,3.427E-01
1.14660E-05,3.467E-01
1.14670E-05,3.467E-01
1.14680E-05,3.507E-01
1.14690E-05,3.507E-01
1.14700E-05,3.507E-01
1.14710E-05,3.507E-01
1.14720E-05,3.507E-01
1.14730E-05,3.507E-01
1.14740E-05,3.547E-01
1.14750E-05,3.547E-01
1.14760E-05,3.547E-01
1.14770E-05,3.587E-01
1.14780E-05,3.587E-01
1.14790E-05,3.587E-01
1.14800E-05,3.587E-01
1.14810E-05,3.587E-01
1.14820E-05,3.587E-01
1.14830E-05,3.587E-01
1.14840E-05,3.627E-01
1.14850E-05,3.627E-01
1.14860E-05,3.667E-01
1.14870E-05,3.627E-01
1.14880E-05,3.667E-01
1.14890E-05,3.667E-01
1.14900E-05,3.667E-01
1.14910E-05,3.667E-01
1.14920E-05,3.707E-01
1.14930E-05,3.707E-01
1.14940E-05,3.747E-01
1.14950E-05,3.707E-01
1.14960E-05,3.707E-01
1.14970E-05,3.747E-01
1.14980E-05,3.747E-01
1.14990E-05,3.747E-01
1.15000E-05,3.787E-01
1.15010E-05,3.747E-01
1.15020E-05,3.787E-01
1.15030E-05,3.787E-01
1.15040E-05,3.787E-01
1.15050E-05,3.787E-01
1.15060E-05,3.787E-01
1.15070E-05,3.787E-01
1.15080E-05,3.827E-01
1.15090E-05,3.867E-01
1.15100E-05,3.907E-01
1.15110E-05,3.867E-01
1.15120E-05,3.867E-01
1.15130E-05,3.867E-01
1.15140E-05,3.867E-01
1.15150E-05,3.867E-01
1.15160E-05,3.907E-01
1.15170E-05,3.907E-01
1.15180E-05,3.907E-01
1.15190E-05,3.907E-01
1.15200E-05,3.947E-01
1.15210E-05,3.907E-01
1.15220E-05,3.947E-01
1.15230E-05,3.907E-01
1.15240E-05,3.947E-01
1.15250E-05,3.947E-01
1.15260E-05,3.987E-01
1.15270E-05,3.987E-01
1.15280E-05,3.987E-01
1.15290E-05,3.987E-01
1.15300E-05,3.987E-01
1.15310E-05,3.987E-01
1.15320E-05,4.027E-01
1.15330E-05,3.987E-01
1.15340E-05,3.987E-01
1.15350E-05,4.027E-01
1.15360E-05,4.027E-01
1.15370E-05,4.027E-01
1.15380E-05,4.027E-01
1.15390E-05,4.027E-01
1.15400E-05,4.027E-01
1.15410E-05,4.027E-01
1.15420E-05,4.067E-01
1.15430E-05,4.027E-01
1.15440E-05,4.067E-01
1.15450E-05,4.067E-01
1.15460E-05,4.067E-01
1.15470E-05,4.107E-01
1.15480E-05,4.107E-01
1.15490E-05,4.107E-01
1.15500E-05,4.107E-01
1.15510E-05,4.107E-01
1.15520E-05,4.107E-01
1.15530E-05,4.147E-01
1.15540E-05,4.147E-01
1.15550E-05,4.147E-01
1.15560E-05,4.147E-01
1.15570E-05,4.147E-01
1.15580E-05,4.147E-01
1.15590E-05,4.187E-01
1.15600E-05,4.147E-01
1.15610E-05,4.147E-01
1.15620E-05,4.147E-01
1.15630E-05,4.147E-01
1.15640E-05,4.187E-01
1.15650E-05,4.187E-01
1.15660E-05,4.187E-01
1.15670E-05,4.187E-01
1.15680E-05,4.227E-01
1.15690E-05,4.187E-01
1.15700E-05,4.187E-01
1.15710E-05,4.227E-01
1.15720E-05,4.227E-01
1.15730E-05,4.227E-01
1.15740E-05,4.267E-01
1.15750E-05,4.227E-01
1.15760E-05,4.227E-01
1.15770E-05,4.227E-01
1.15780E-05,4.227E-01
1.15790E-05,4.227E-01
1.15800E-05,4.227E-01
1.15810E-05,4.227E-01
1.15820E-05,4.227E-01
1.15830E-05,4.227E-01
1.15840E-05,4.267E-01
1.15850E-05,4.267E-01
1.15860E-05,4.267E-01
1.15870E-05,4.227E-01
1.15880E-05,4.227E-01
1.15890E-05,4.227E-01
1.15900E-05,4.227E-01
1.15910E-05,4.267E-01
1.15920E-05,4.267E-01
1.15930E-05,4.267E-01
1.15940E-05,4.267E-01
1.15950E-05,4.267E-01
1.15960E-05,4.267E-01
1.15970E-05,4.227E-01
1.15980E-05,4.227E-01
1.15990E-05,4.227E-01
1.16000E-05,4.227E-01
1.16010E-05,4.227E-01
1.16020E-05,4.267E-01
1.16030E-05,4.267E-01
1.16040E-05,4.267E-01
1.16050E-05,4.267E-01
1.16060E-05,4.267E-01
1.16070E-05,4.307E-01
1.16080E-05,4.307E-01
1.16090E-05,4.267E-01
1.16100E-05,4.267E-01
1.16110E-05,4.227E-01
1.16120E-05,4.267E-01
1.16130E-05,4.307E-01
1.16140E-05,4.267E-01
1.16150E-05,4.307E-01
1.16160E-05,4.307E-01
1.16170E-05,4.267E-01
1.16180E-05,4.267E-01
1.16190E-05,4.267E-01
1.16200E-05,4.267E-01
1.16210E-05,4.267E-01
1.16220E-05,4.227E-01
1.16230E-05,4.267E-01
1.16240E-05,4.267E-01
1.16250E-05,4.267E-01
1.16260E-05,4.227E-01
1.16270E-05,4.227E-01
1.16280E-05,4.227E-01
1.16290E-05,4.227E-01
1.16300E-05,4.227E-01
1.16310E-05,4.187E-01
1.16320E-05,4.227E-01
1.16330E-05,4.187E-01
1.16340E-05,4.227E-01
1.16350E-05,4.227E-01
1.16360E-05,4.267E-01
1.16370E-05,4.227E-01
1.16380E-05,4.227E-01
1.16390E-05,4.187E-01
1.16400E-05,4.227E-01
1.16410E-05,4.187E-01
1.16420E-05,4.187E-01
1.16430E-05,4.227E-01
1.16440E-05,4.187E-01
1.16450E-05,4.187E-01
1.16460E-05,4.147E-01
1.16470E-05,4.187E-01
1.16480E-05,4.187E-01
1.16490E-05,4.187E-01
1.16500E-05,4.147E-01
1.16510E-05,4.147E-01
1.16520E-05,4.147E-01
1.16530E-05,4.147E-01
1.16540E-05,4.187E-01
1.16550E-05,4.147E-01
1.16560E-05,4.147E-01
1.16570E-05,4.147E-01
1.16580E-05,4.107E-01
1.16590E-05,4.107E-01
1.16600E-05,4.107E-01
1.16610E-05,4.107E-01
1.16620E-05,4.067E-01
1.16630E-05,4.027E-01
1.16640E-05,4.027E-01
1.16650E-05,4.067E-01
1.16660E-05,4.067E-01
1.16670E-05,4.067E-01
1.16680E-05,4.067E-01
1.16690E-05,4.067E-01
1.16700E-05,4.067E-01
1.16710E-05,4.067E-01
1.16720E-05,4.067E-01
1.16730E-05,4.027E-01
1.16740E-05,3.987E-01
1.16750E-05,4.027E-01
1.16760E-05,3.987E-01
1.16770E-05,4.027E-01
1.16780E-05,4.027E-01
1.16790E-05,4.027E-01
1.16800E-05,3.987E-01
1.16810E-05,3.947E-01
1.16820E-05,3.907E-01
1.16830E-05,3.947E-01
1.16840E-05,3.987E-01
1.16850E-05,3.947E-01
1.16860E-05,3.947E-01
1.16870E-05,3.947E-01
1.16880E-05,3.987E-01
1.16890E-05,3.947E-01
1.16900E-05,3.907E-01
1.16910E-05,3.907E-01
1.16920E-05,3.867E-01
1.16930E-05,3.867E-01
1.16940E-05,3.867E-01
1.16950E-05,3.867E-01
1.16960E-05,3.867E-01
1.16970E-05,3.867E-01
1.16980E-05,3.867E-01
1.16990E-05,3.867E-01
1.17000E-05,3.827E-01
1.17010E-05,3.827E-01
1.17020E-05,3.787E-01
1.17030E-05,3.787E-01
1.17040E-05,3.787E-01
1.17050E-05,3.747E-01
1.17060E-05,3.787E-01
1.17070E-05,3.787E-01
1.17080E-05,3.787E-01
1.17090E-05,3.787E-01
1.17100E-05,3.747E-01
1.17110E-05,3.747E-01
1.17120E-05,3.747E-01
1.17130E-05,3.747E-01
1.17140E-05,3.707E-01
1.17150E-05,3.707E-01
1.17160E-05,3.707E-01
1.17170E-05,3.707E-01
1.17180E-05,3.707E-01
1.17190E-05,3.667E-01
1.17200E-05,3.667E-01
1.17210E-05,3.627E-01
1.17220E-05,3.627E-01
1.17230E-05,3.667E-01
1.17240E-05,3.627E-01
1.17250E-05,3.627E-01
1.17260E-05,3.627E-01
1.17270E-05,3.587E-01
1.17280E-05,3.587E-01
1.17290E-05,3.547E-01
1.17300E-05,3.587E-01
1.17310E-05,3.547E-01
1.17320E-05,3.547E-01
1.17330E-05,3.507E-01
1.17340E-05,3.547E-01
1.17350E-05,3.507E-01
1.17360E-05,3.547E-01
1.17370E-05,3.507E-01
1.17380E-05,3.507E-01
1.17390E-05,3.507E-01
1.17400E-05,3.507E-01
1.17410E-05,3.507E-01
1.17420E-05,3.467E-01
1.17430E-05,3.467E-01
1.17440E-05,3.427E-01
1.17450E-05,3.467E-01
1.17460E-05,3.427E-01
1.17470E-05,3.427E-01
1.17480E-05,3.427E-01
1.17490E-05,3.387E-01
1.17500E-05,3.387E-01
1.17510E-05,3.387E-01
1.17520E-05,3.387E-01
1.17530E-05,3.387E-01
1.17540E-05,3.387E-01
1.17550E-05,3.387E-01
1.17560E-05,3.347E-01
1.17570E-05,3.347E-01
1.17580E-05,3.347E-01
1.17590E-05,3.307E-01
1.17600E-05,3.307E-01
1.17610E-05,3.307E-01
1.17620E-05,3.267E-01
1.17630E-05,3.267E-01
1.17640E-05,3.307E-01
1.17650E-05,3.267E-01
1.17660E-05,3.267E-01
1.17670E-05,3.267E-01
1.17680E-05,3.267E-01
1.17690E-05,3.227E-01
1.17700E-05,3.227E-01
1.17710E-05,3.227E-01
1.17720E-05,3.227E-01
1.17730E-05,3.187E-01
1.17740E-05,3.187E-01
1.17750E-05,3.227E-01
1.17760E-05,3.227E-01
1.17770E-05,3.227E-01
1.17780E-05,3.187E-01
1.17790E-05,3.187E-01
1.17800E-05,3.187E-01
1.17810E-05,3.187E-01
1.17820E-05,3.187E-01
1.17830E-05,3.147E-01
1.17840E-05,3.147E-01
1.17850E-05,3.147E-01
1.17860E-05,3.147E-01
1.17870E-05,3.107E-01
1.17880E-05,3.107E-01
1.17890E-05,3.107E-01
1.17900E-05,3.107E-01
1.17910E-05,3.067E-01
1.17920E-05,3.067E-01
1.17930E-05,3.067E-01
1.17940E-05,3.067E-01
1.17950E-05,3.067E-01
1.17960E-05,3.067E-01
1.17970E-05,3.067E-01
1.17980E-05,3.067E-01
1.17990E-05,3.067E-01
1.18000E-05,3.027E-01
1.18010E-05,2.987E-01
1.18020E-05,3.027E-01
1.18030E-05,2.987E-01
1.18040E-05,3.027E-01
1.18050E-05,3.027E-01
1.18060E-05,3.027E-01
1.18070E-05,3.027E-01
1.18080E-05,2.987E-01
1.18090E-05,2.987E-01
1.18100E-05,2.987E-01
1.18110E-05,2.987E-01
1.18120E-05,2.987E-01
1.18130E-05,2.987E-01
1.18140E-05,2.987E-01
1.18150E-05,2.947E-01
1.18160E-05,2.947E-01
1.18170E-05,2.987E-01
1.18180E-05,2.987E-01
1.18190E-05,2.947E-01
1.18200E-05,2.987E-01
1.18210E-05,2.947E-01
1.18220E-05,2.947E-01
1.18230E-05,2.947E-01
1.18240E-05,2.947E-01
1.18250E-05,2.987E-01
1.18260E-05,2.947E-01
1.18270E-05,2.907E-01
1.18280E-05,2.907E-01
1.18290E-05,2.907E-01
1.18300E-05,2.947E-01
1.18310E-05,2.947E-01
1.18320E-05,2.947E-01
1.18330E-05,2.907E-01
1.18340E-05,2.907E-01
1.18350E-05,2.907E-01
1.18360E-05,2.907E-01
1.18370E-05,2.907E-01
1.18380E-05,2.907E-01
1.18390E-05,2.907E-01
1.18400E-05,2.867E-01
1.18410E-05,2.867E-01
1.18420E-05,2.867E-01
1.18430E-05,2.867E-01
1.18440E-05,2.867E-01
1.18450E-05,2.907E-01
1.18460E-05,2.907E-01
1.18470E-05,2.867E-01
1.18480E-05,2.907E-01
1.18490E-05,2.907E-01
1.18500E-05,2.867E-01
1.18510E-05,2.867E-01
1.18520E-05,2.867E-01
1.18530E-05,2.867E-01
1.18540E-05,2.907E-01
1.18550E-05,2.907E-01
1.18560E-05,2.907E-01
1.18570E-05,2.907E-01
1.18580E-05,2.907E-01
1.18590E-05,2.867E-01
1.18600E-05,2.907E-01
1.18610E-05,2.907E-01
1.18620E-05,2.907E-01
1.18630E-05,2.907E-01
1.18640E-05,2.867E-01
1.18650E-05,2.907E-01
1.18660E-05,2.867E-01
1.18670E-05,2.907E-01
1.18680E-05,2.907E-01
1.18690E-05,2.907E-01
1.18700E-05,2.907E-01
1.18710E-05,2.907E-01
1.18720E-05,2.907E-01
1.18730E-05,2.907E-01
1.18740E-05,2.947E-01
1.18750E-05,2.947E-01
1.18760E-05,2.907E-01
1.18770E-05,2.947E-01
1.18780E-05,2.947E-01
1.18790E-05,2.867E-01
1.18800E-05,2.907E-01
1.18810E-05,2.907E-01
1.18820E-05,2.947E-01
1.18830E-05,2.947E-01
1.18840E-05,2.947E-01
1.18850E-05,2.987E-01
1.18860E-05,2.947E-01
1.18870E-05,2.987E-01
1.18880E-05,2.987E-01
1.18890E-05,2.947E-01
1.18900E-05,2.947E-01
1.18910E-05,2.947E-01
1.18920E-05,2.947E-01
1.18930E-05,2.947E-01
1.18940E-05,2.987E-01
1.18950E-05,2.987E-01
1.18960E-05,2.987E-01
1.18970E-05,2.987E-01
1.18980E-05,3.027E-01
1.18990E-05,3.027E-01
1.19000E-05,3.027E-01
1.19010E-05,2.987E-01
1.19020E-05,3.027E-01
1.19030E-05,2.987E-01
1.19040E-05,3.027E-01
1.19050E-05,3.027E-01
1.19060E-05,2.987E-01
1.19070E-05,3.027E-01
1.19080E-05,3.027E-01
1.19090E-05,3.027E-01
1.19100E-05,3.027E-01
1.19110E-05,3.027E-01
1.19120E-05,3.027E-01
1.19130E-05,3.067E-01
1.19140E-05,3.107E-01
1.19150E-05,3.107E-01
1.19160E-05,3.067E-01
1.19170E-05,3.067E-01
1.19180E-05,3.107E-01
1.19190E-05,3.107E-01
1.19200E-05,3.107E-01
1.19210E-05,3.147E-01
1.19220E-05,3.147E-01
1.19230E-05,3.147E-01
1.19240E-05,3.147E-01
1.19250E-05,3.107E-01
1.19260E-05,3.147E-01
1.19270E-05,3.147E-01
1.19280E-05,3.187E-01
1.19290E-05,3.187E-01
1.19300E-05,3.187E-01
1.19310E-05,3.187E-01
1.19320E-05,3.187E-01
1.19330E-05,3.227E-01
1.19340E-05,3.187E-01
1.19350E-05,3.227E-01
1.19360E-05,3.227E-01
1.19370E-05,3.227E-01
1.19380E-05,3.227E-01
1.19390E-05,3.227E-01
1.19400E-05,3.267E-01
1.19410E-05,3.267E-01
1.19420E-05,3.307E-01
1.19430E-05,3.267E-01
1.19440E-05,3.267E-01
1.19450E-05,3.267E-01
1.19460E-05,3.307E-01
1.19470E-05,3.347E-01
1.19480E-05,3.307E-01
1.19490E-05,3.307E-01
1.19500E-05,3.307E-01
1.19510E-05,3.347E-01
1.19520E-05,3.347E-01
1.19530E-05,3.347E-01
1.19540E-05,3.387E-01
1.19550E-05,3.387E-01
1.19560E-05,3.427E-01
1.19570E-05,3.387E-01
1.19580E-05,3.387E-01
1.19590E-05,3.387E-01
1.19600E-05,3.387E-01
1.19610E-05,3.427E-01
1.19620E-05,3.427E-01
1.19630E-05,3.427E-01
1.19640E-05,3.427E-01
1.19650E-05,3.427E-01
1.19660E-05,3.467E-01
1.19670E-05,3.467E-01
1.19680E-05,3.467E-01
1.19690E-05,3.507E-01
1.19700E-05,3.507E-01
1.19710E-05,3.467E-01
1.19720E-05,3.507E-01
1.19730E-05,3.547E-01
1.19740E-05,3.547E-01
1.19750E-05,3.587E-01
1.19760E-05,3.627E-01
1.19770E-05,3.587E-01
1.19780E-05,3.587E-01
1.19790E-05,3.587E-01
1.19800E-05,3.547E-01
1.19810E-05,3.587E-01
1.19820E-05,3.587E-01
1.19830E-05,3.587E-01
1.19840E-05,3.627E-01
1.19850E-05,3.627E-01
1.19860E-05,3.667E-01
1.19870E-05,3.667E-01
1.19880E-05,3.667E-01
1.19890E-05,3.667E-01
1.19900E-05,3.667E-01
1.19910E-05,3.667E-01
1.19920E-05,3.667E-01
1.19930E-05,3.707E-01
1.19940E-05,3.707E-01
1.19950E-05,3.747E-01
1.19960E-05,3.747E-01
1.19970E-05,3.787E-01
1.19980E-05,3.747E-01
1.19990E-05,3.747E-01
1.20000E-05,3.747E-01
1.20010E-05,3.747E-01
1.20020E-05,3.747E-01
1.20030E-05,3.787E-01
1.20040E-05,3.787E-01
1.20050E-05,3.787E-01
1.20060E-05,3.827E-01
1.20070E-05,3.827E-01
1.20080E-05,3.827E-01
1.20090E-05,3.827E-01
1.20100E-05,3.827E-01
1.20110E-05,3.827E-01
1.20120E-05,3.867E-01
1.20130E-05,3.867E-01
1.20140E-05,3.907E-01
1.20150E-05,3.907E-01
1.20160E-05,3.907E-01
1.20170E-05,3.907E-01
1.20180E-05,3.907E-01
1.20190E-05,3.907E-01
1.20200E-05,3.947E-01
1.20210E-05,3.947E-01
1.20220E-05,3.947E-01
1.20230E-05,3.947E-01
1.20240E-05,3.987E-01
1.20250E-05,3.947E-01
1.20260E-05,3.947E-01
1.20270E-05,3.947E-01
1.20280E-05,4.027E-01
1.20290E-05,3.987E-01
1.20300E-05,3.987E-01
1.20310E-05,3.987E-01
1.20320E-05,4.027E-01
1.20330E-05,4.027E-01
1.20340E-05,4.027E-01
1.20350E-05,4.027E-01
1.20360E-05,4.067E-01
1.20370E-05,4.067E-01
1.20380E-05,4.107E-01
1.20390E-05,4.107E-01
1.20400E-05,4.107E-01
1.20410E-05,4.067E-01
1.20420E-05,4.027E-01
1.20430E-05,4.067E-01
1.20440E-05,4.067E-01
1.20450E-05,4.107E-01
1.20460E-05,4.107E-01
1.20470E-05,4.107E-01
1.20480E-05,4.107E-01
1.20490E-05,4.107E-01
1.20500E-05,4.107E-01
1.20510E-05,4.107E-01
1.20520E-05,4.107E-01
1.20530E-05,4.107E-01
1.20540E-05,4.147E-01
1.20550E-05,4.187E-01
1.20560E-05,4.147E-01
1.20570E-05,4.187E-01
1.20580E-05,4.187E-01
1.20590E-05,4.187E-01
1.20600E-05,4.147E-01
1.20610E-05,4.147E-01
1.20620E-05,4.187E-01
1.20630E-05,4.187E-01
1.20640E-05,4.227E-01
1.20650E-05,4.187E-01
1.20660E-05,4.227E-01
1.20670E-05,4.187E-01
1.20680E-05,4.227E-01
1.20690E-05,4.227E-01
1.20700E-05,4.227E-01
1.20710E-05,4.227E-01
1.20720E-05,4.187E-01
1.20730E-05,4.187E-01
1.20740E-05,4.227E-01
1.20750E-05,4.227E-01
1.20760E-05,4.267E-01
1.20770E-05,4.227E-01
1.20780E-05,4.227E-01
1.20790E-05,4.267E-01
1.20800E-05,4.227E-01
1.20810E-05,4.227E-01
1.20820E-05,4.227E-01
1.20830E-05,4.267E-01
1.20840E-05,4.267E-01
1.20850E-05,4.227E-01
1.20860E-05,4.267E-01
1.20870E-05,4.307E-01
1.20880E-05,4.267E-01
1.20890E-05,4.267E-01
1.20900E-05,4.267E-01
1.20910E-05,4.267E-01
1.20920E-05,4.267E-01
1.20930E-05,4.227E-01
1.20940E-05,4.227E-01
1.20950E-05,4.267E-01
1.20960E-05,4.267E-01
1.20970E-05,4.267E-01
1.20980E-05,4.267E-01
1.20990E-05,4.267E-01
1.21000E-05,4.267E-01
1.21010E-05,4.307E-01
1.21020E-05,4.267E-01
1.21030E-05,4.267E-01
1.21040E-05,4.267E-01
1.21050E-05,4.267E-01
1.21060E-05,4.307E-01
1.21070E-05,4.267E-01
1.21080E-05,4.307E-01
1.21090E-05,4.267E-01
1.21100E-05,4.267E-01
1.21110E-05,4.307E-01
1.21120E-05,4.267E-01
1.21130E-05,4.267E-01
1.21140E-05,4.267E-01
1.21150E-05,4.267E-01
1.21160E-05,4.267E-01
1.21170E-05,4.267E-01
1.21180E-05,4.267E-01
1.21190E-05,4.267E-01
1.21200E-05,4.267E-01
1.21210E-05,4.267E-01
1.21220E-05,4.267E-01
1.21230E-05,4.267E-01
1.21240E-05,4.267E-01
1.21250E-05,4.227E-01
1.21260E-05,4.227E-01
1.21270E-05,4.267E-01
1.21280E-05,4.227E-01
1.21290E-05,4.227E-01
1.21300E-05,4.267E-01
1.21310E-05,4.227E-01
1.21320E-05,4.267E-01
1.21330E-05,4.267E-01
1.21340E-05,4.227E-01
1.21350E-05,4.187E-01
1.21360E-05,4.227E-01
1.21370E-05,4.187E-01
1.21380E-05,4.227E-01
1.21390E-05,4.227E-01
1.21400E-05,4.227E-01
1.21410E-05,4.187E-01
1.21420E-05,4.187E-01
1.21430E-05,4.187E-01
1.21440E-05,4.187E-01
1.21450E-05,4.187E-01
1.21460E-05,4.187E-01
1.21470E-05,4.187E-01
1.21480E-05,4.187E-01
1.21490E-05,4.187E-01
1.21500E-05,4.187E-01
1.21510E-05,4.147E-01
1.21520E-05,4.107E-01
1.21530E-05,4.107E-01
1.21540E-05,4.107E-01
1.21550E-05,4.107E-01
1.21560E-05,4.147E-01
1.21570E-05,4.147E-01
1.21580E-05,4.107E-01
1.21590E-05,4.107E-01
1.21600E-05,4.107E-01
1.21610E-05,4.107E-01
1.21620E-05,4.107E-01
1.21630E-05,4.107E-01
1.21640E-05,4.067E-01
1.21650E-05,4.067E-01
1.21660E-05,4.067E-01
1.21670E-05,4.027E-01
1.21680E-05,4.027E-01
1.21690E-05,4.027E-01
1.21700E-05,4.027E-01
1.21710E-05,3.987E-01
1.21720E-05,4.027E-01
1.21730E-05,4.027E-01
1.21740E-05,4.027E-01
1.21750E-05,4.027E-01
1.21760E-05,4.027E-01
1.21770E-05,4.027E-01
1.21780E-05,3.987E-01
1.21790E-05,3.987E-01
1.21800E-05,3.987E-01
1.21810E-05,3.947E-01
1.21820E-05,3.947E-01
1.21830E-05,3.947E-01
1.21840E-05,3.947E-01
1.21850E-05,3.947E-01
1.21860E-05,3.947E-01
1.21870E-05,3.907E-01
1.21880E-05,3.907E-01
1.21890E-05,3.907E-01
1.21900E-05,3.907E-01
1.21910E-05,3.907E-01
1.21920E-05,3.907E-01
1.21930E-05,3.867E-01
1.21940E-05,3.867E-01
1.21950E-05,3.867E-01
1.21960E-05,3.867E-01
1.21970E-05,3.867E-01
1.21980E-05,3.867E-01
1.21990E-05,3.827E-01
1.22000E-05,3.827E-01
1.22010E-05,3.787E-01
1.22020E-05,3.787E-01
1.22030E-05,3.827E-01
1.22040E-05,3.787E-01
1.22050E-05,3.787E-01
1.22060E-05,3.787E-01
1.22070E-05,3.787E-01
1.22080E-05,3.747E-01
1.22090E-05,3.747E-01
1.22100E-05,3.747E-01
1.22110E-05,3.707E-01
1.22120E-05,3.707E-01
1.22130E-05,3.707E-01
1.22140E-05,3.707E-01
1.22150E-05,3.707E-01
1.22160E-05,3.707E-01
1.22170E-05,3.707E-01
1.22180E-05,3.707E-01
1.22190E-05,3.667E-01
1.22200E-05,3.667E-01
1.22210E-05,3.667E-01
1.22220E-05,3.627E-01
1.22230E-05,3.627E-01
1.22240E-05,3.587E-01
1.22250E-05,3.587E-01
1.22260E-05,3.627E-01
1.22270E-05,3.587E-01
1.22280E-05,3.587E-01
1.22290E-05,3.587E-01
1.22300E-05,3.587E-01
1.22310E-05,3.587E-01
1.22320E-05,3.547E-01
1.22330E-05,3.507E-01
1.22340E-05,3.547E-01
1.22350E-05,3.547E-01
1.22360E-05,3.547E-01
1.22370E-05,3.547E-01
1.22380E-05,3.507E-01
1.22390E-05,3.507E-01
1.22400E-05,3.507E-01
1.22410E-05,3.507E-01
1.22420E-05,3.467E-01
1.22430E-05,3.467E-01
1.22440E-05,3.427E-01
1.22450E-05,3.427E-01
1.22460E-05,3.427E-01
1.22470E-05,3.387E-01
1.22480E-05,3.427E-01
1.22490E-05,3.427E-01
1.22500E-05,3.387E-01
1.22510E-05,3.387E-01
1.22520E-05,3.387E-01
1.22530E-05,3.387E-01
1.22540E-05,3.347E-01
1.22550E-05,3.347E-01
1.22560E-05,3.307E-01
1.22570E-05,3.347E-01
1.22580E-05,3.347E-01
1.22590E-05,3.307E-01
1.22600E-05,3.307E-01
1.22610E-05,3.267E-01
1.22620E-05,3.267E-01
1.22630E-05,3.267E-01
1.22640E-05,3.267E-01
1.22650E-05,3.267E-01
1.22660E-05,3.267E-01
1.22670E-05,3.267E-01
1.22680E-05,3.227E-01
1.22690E-05,3.227E-01
1.22700E-05,3.227E-01
1.22710E-05,3.187E-01
1.22720E-05,3.227E-01
1.22730E-05,3.227E-01
1.22740E-05,3.227E-01
1.22750E-05,3.227E-01
1.22760E-05,3.187E-01
1.22770E-05,3.187E-01
1.22780E-05,3.227E-01
1.22790E-05,3.187E-01
1.22800E-05,3.147E-01
1.22810E-05,3.107E-01
1.22820E-05,3.107E-01
1.22830E-05,3.147E-01
1.22840E-05,3.147E-01
1.22850E-05,3.107E-01
1.22860E-05,3.107E-01
1.22870E-05,3.107E-01
1.22880E-05,3.107E-01
1.22890E-05,3.107E-01
1.22900E-05,3.067E-01
1.22910E-05,3.067E-01
1.22920E-05,3.067E-01
1.22930E-05,3.067E-01
1.22940E-05,3.107E-01
1.22950E-05,3.067E-01
1.22960E-05,3.107E-01
1.22970E-05,3.107E-01
1.22980E-05,3.067E-01
1.22990E-05,3.067E-01
1.23000E-05,3.067E-01
1.23010E-05,3.027E-01
1.23020E-05,3.027E-01
1.23030E-05,3.027E-01
1.23040E-05,3.027E-01
1.23050E-05,3.027E-01
1.23060E-05,3.027E-01
1.23070E-05,3.027E-01
1.23080E-05,2.987E-01
1.23090E-05,2.987E-01
1.23100E-05,2.987E-01
1.23110E-05,2.947E-01
1.23120E-05,2.987E-01
1.23130E-05,2.987E-01
1.23140E-05,2.987E-01
1.23150E-05,2.987E-01
1.23160E-05,2.987E-01
1.23170E-05,2.947E-01
1.23180E-05,2.987E-01
1.23190E-05,2.987E-01
1.23200E-05,2.987E-01
1.23210E-05,2.987E-01
1.23220E-05,2.947E-01
1.23230E-05,2.947E-01
1.23240E-05,2.947E-01
1.23250E-05,2.907E-01
1.23260E-05,2.907E-01
1.23270E-05,2.907E-01
1.23280E-05,2.907E-01
1.23290E-05,2.907E-01
1.23300E-05,2.907E-01
1.23310E-05,2.947E-01
1.23320E-05,2.947E-01
1.23330E-05,2.907E-01
1.23340E-05,2.947E-01
1.23350E-05,2.907E-01
1.23360E-05,2.947E-01
1.23370E-05,2.947E-01
1.23380E-05,2.907E-01
1.23390E-05,2.907E-01
1.23400E-05,2.907E-01
1.23410E-05,2.907E-01
1.23420E-05,2.907E-01
1.23430E-05,2.907E-01
1.23440E-05,2.867E-01
1.23450E-05,2.867E-01
1.23460E-05,2.907E-01
1.23470E-05,2.867E-01
1.23480E-05,2.867E-01
1.23490E-05,2.867E-01
1.23500E-05,2.907E-01
1.23510E-05,2.907E-01
1.23520E-05,2.907E-01
1.23530E-05,2.907E-01
1.23540E-05,2.867E-01
1.23550E-05,2.867E-01
1.23560E-05,2.867E-01
1.23570E-05,2.867E-01
1.23580E-05,2.907E-01
1.23590E-05,2.907E-01
1.23600E-05,2.907E-01
1.23610E-05,2.907E-01
1.23620E-05,2.907E-01
1.23630E-05,2.907E-01
1.23640E-05,2.907E-01
1.23650E-05,2.907E-01
1.23660E-05,2.907E-01
1.23670E-05,2.907E-01
1.23680E-05,2.907E-01
1.23690E-05,2.907E-01
1.23700E-05,2.907E-01
1.23710E-05,2.907E-01
1.23720E-05,2.907E-01
1.23730E-05,2.947E-01
1.23740E-05,2.947E-01
1.23750E-05,2.907E-01
1.23760E-05,2.907E-01
1.23770E-05,2.907E-01
1.23780E-05,2.947E-01
1.23790E-05,2.907E-01
1.23800E-05,2.907E-01
1.23810E-05,2.947E-01
1.23820E-05,2.987E-01
1.23830E-05,2.987E-01
1.23840E-05,2.947E-01
1.23850E-05,2.947E-01
1.23860E-05,2.947E-01
1.23870E-05,2.947E-01
1.23880E-05,2.947E-01
1.23890E-05,2.947E-01
1.23900E-05,2.987E-01
1.23910E-05,2.987E-01
1.23920E-05,2.947E-01
1.23930E-05,2.947E-01
1.23940E-05,2.947E-01
1.23950E-05,2.987E-01
1.23960E-05,2.987E-01
1.23970E-05,2.987E-01
1.23980E-05,2.987E-01
1.23990E-05,2.987E-01
1.24000E-05,3.027E-01
1.24010E-05,3.027E-01
1.24020E-05,2.987E-01
1.24030E-05,2.987E-01
1.24040E-05,2.987E-01
1.24050E-05,3.027E-01
1.24060E-05,3.027E-01
1.24070E-05,3.067E-01
1.24080E-05,3.067E-01
1.24090E-05,3.027E-01
1.24100E-05,3.027E-01
1.24110E-05,3.067E-01
1.24120E-05,3.067E-01
1.24130E-05,3.067E-01
1.24140E-05,3.067E-01
1.24150E-05,3.107E-01
1.24160E-05,3.107E-01
1.24170E-05,3.107E-01
1.24180E-05,3.107E-01
1.24190E-05,3.107E-01
1.24200E-05,3.107E-01
1.24210E-05,3.107E-01
1.24220E-05,3.147E-01
1.24230E-05,3.147E-01
1.24240E-05,3.147E-01
1.24250E-05,3.147E-01
1.24260E-05,3.147E-01
1.24270E-05,3.147E-01
1.24280E-05,3.187E-01
1.24290E-05,3.187E-01
1.24300E-05,3.187E-01
1.24310E-05,3.187E-01
1.24320E-05,3.187E-01
1.24330E-05,3.187E-01
1.24340E-05,3.187E-01
1.24350E-05,3.187E-01
1.24360E-05,3.227E-01
1.24370E-05,3.227E-01
1.24380E-05,3.227E-01
1.24390E-05,3.267E-01
1.24400E-05,3.227E-01
1.24410E-05,3.227E-01
1.24420E-05,3.267E-01
1.24430E-05,3.267E-01
1.24440E-05,3.267E-01
1.24450E-05,3.307E-01
1.24460E-05,3.307E-01
1.24470E-05,3.307E-01
1.24480E-05,3.347E-01
1.24490E-05,3.347E-01
1.24500E-05,3.347E-01
1.24510E-05,3.307E-01
1.24520E-05,3.347E-01
1.24530E-05,3.347E-01
1.24540E-05,3.387E-01
1.24550E-05,3.387E-01
1.24560E-05,3.387E-01
1.24570E-05,3.387E-01
1.24580E-05,3.387E-01
1.24590E-05,3.427E-01
1.24600E-05,3.427E-01
1.24610E-05,3.427E-01
1.24620E-05,3.387E-01
1.24630E-05,3.427E-01
1.24640E-05,3.467E-01
1.24650E-05,3.507E-01
1.24660E-05,3.467E-01
1.24670E-05,3.507E-01
1.24680E-05,3.507E-01
1.24690E-05,3.507E-01
1.24700E-05,3.507E-01
1.24710E-05,3.467E-01
1.24720E-05,3.507E-01
1.24730E-05,3.507E-01
1.24740E-05,3.547E-01
1.24750E-05,3.587E-01
1.24760E-05,3.587E-01
1.24770E-05,3.587E-01
1.24780E-05,3.587E-01
1.24790E-05,3.587E-01
1.24800E-05,3.547E-01
1.24810E-05,3.547E-01
1.24820E-05,3.587E-01
1.24830E-05,3.627E-01
1.24840E-05,3.627E-01
1.24850E-05,3.627E-01
1.24860E-05,3.667E-01
1.24870E-05,3.627E-01
1.24880E-05,3.667E-01
1.24890E-05,3.667E-01
1.24900E-05,3.667E-01
1.24910E-05,3.667E-01
1.24920E-05,3.707E-01
1.24930E-05,3.707E-01
1.24940E-05,3.707E-01
1.24950E-05,3.747E-01
1.24960E-05,3.747E-01
1.24970E-05,3.707E-01
1.24980E-05,3.747E-01
1.24990E-05,3.747E-01
1.25000E-05,3.747E-01
1.25010E-05,3.787E-01
1.25020E-05,3.787E-01
1.25030E-05,3.787E-01
1.25040E-05,3.787E-01
1.25050E-05,3.827E-01
1.25060E-05,3.827E-01
1.25070E-05,3.827E-01
1.25080E-05,3.827E-01
1.25090E-05,3.827E-01
1.25100E-05,3.827E-01
1.25110E-05,3.867E-01
1.25120E-05,3.867E-01
1.25130E-05,3.867E-01
1.25140E-05,3.867E-01
1.25150E-05,3.867E-01
1.25160E-05,3.907E-01
1.25170E-05,3.907E-01
1.25180E-05,3.907E-01
1.25190E-05,3.947E-01
1.25200E-05,3.947E-01
1.25210E-05,3.907E-01
1.25220E-05,3.947E-01
1.25230E-05,3.987E-01
1.25240E-05,3.987E-01
1.25250E-05,3.987E-01
1.25260E-05,3.947E-01
1.25270E-05,3.987E-01
1.25280E-05,3.987E-01
1.25290E-05,3.987E-01
1.25300E-05,4.027E-01
1.25310E-05,3.987E-01
1.25320E-05,3.987E-01
1.25330E-05,4.027E-01
1.25340E-05,4.067E-01
1.25350E-05,4.067E-01
1.25360E-05,4.027E-01
1.25370E-05,4.027E-01
1.25380E-05,4.067E-01
1.25390E-05,4.067E-01
1.25400E-05,4.067E-01
1.25410E-05,4.067E-01
1.25420E-05,4.067E-01
1.25430E-05,4.067E-01
1.25440E-05,4.067E-01
1.25450E-05,4.107E-01
1.25460E-05,4.107E-01
1.25470E-05,4.107E-01
1.25480E-05,4.107E-01
1.25490E-05,4.107E-01
1.25500E-05,4.107E-01
1.25510E-05,4.147E-01
1.25520E-05,4.147E-01
1.25530E-05,4.147E-01
1.25540E-05,4.147E-01
1.25550E-05,4.147E-01
1.25560E-05,4.147E-01
1.25570E-05,4.147E-01
1.25580E-05,4.187E-01
1.25590E-05,4.187E-01
1.25600E-05,4.187E-01
1.25610E-05,4.187E-01
1.25620E-05,4.147E-01
1.25630E-05,4.147E-01
1.25640E-05,4.187E-01
1.25650E-05,4.187E-01
1.25660E-05,4.227E-01
1.25670E-05,4.227E-01
1.25680E-05,4.227E-01
1.25690E-05,4.227E-01
1.25700E-05,4.227E-01
1.25710E-05,4.227E-01
1.25720E-05,4.187E-01
1.25730E-05,4.227E-01
1.25740E-05,4.187E-01
1.25750E-05,4.187E-01
1.25760E-05,4.267E-01
1.25770E-05,4.267E-01
1.25780E-05,4.267E-01
1.25790E-05,4.267E-01
1.25800E-05,4.227E-01
1.25810E-05,4.267E-01
1.25820E-05,4.267E-01
1.25830E-05,4.267E-01
1.25840E-05,4.227E-01
1.25850E-05,4.227E-01
1.25860E-05,4.227E-01
1.25870E-05,4.267E-01
1.25880E-05,4.267E-01
1.25890E-05,4.307E-01
1.25900E-05,4.267E-01
1.25910E-05,4.267E-01
1.25920E-05,4.267E-01
1.25930E-05,4.267E-01
1.25940E-05,4.267E-01
1.25950E-05,4.267E-01
1.25960E-05,4.267E-01
1.25970E-05,4.307E-01
1.25980E-05,4.307E-01
1.25990E-05,4.267E-01
1.26000E-05,4.267E-01
