[Hz],FFT[dBm]
0.00000000E+00,-4.75254E+01
3.05175781E+03,-5.05854E+01
6.10351562E+03,-9.03254E+01
9.15527344E+03,-7.86654E+01
1.22070312E+04,-7.96454E+01
1.52587891E+04,-9.35454E+01
1.83105469E+04,-9.53054E+01
2.13623047E+04,-9.21254E+01
2.44140625E+04,-8.37254E+01
2.74658203E+04,-8.58254E+01
3.05175781E+04,-9.59054E+01
3.35693359E+04,-9.19854E+01
3.66210938E+04,-9.07854E+01
3.96728516E+04,-9.24854E+01
4.27246094E+04,-9.38054E+01
4.57763672E+04,-9.57654E+01
4.88281250E+04,-9.48254E+01
5.18798828E+04,-8.90854E+01
5.49316406E+04,-7.80254E+01
5.79833984E+04,-7.72854E+01
6.10351562E+04,-9.16654E+01
6.40869141E+04,-9.46654E+01
6.71386719E+04,-1.01045E+02
7.01904297E+04,-8.46654E+01
7.32421875E+04,-7.08854E+01
7.62939453E+04,-7.02854E+01
7.93457031E+04,-8.43854E+01
8.23974609E+04,-8.96054E+01
8.54492188E+04,-1.00245E+02
8.85009766E+04,-9.31654E+01
9.15527344E+04,-1.02165E+02
9.46044922E+04,-9.24454E+01
9.76562500E+04,-9.29854E+01
1.00708008E+05,-8.97854E+01
1.03759766E+05,-8.19454E+01
1.06811523E+05,-8.66654E+01
1.09863281E+05,-9.41854E+01
1.12915039E+05,-8.13054E+01
1.15966797E+05,-8.24254E+01
1.19018555E+05,-8.88654E+01
1.22070312E+05,-6.47254E+01
1.25122070E+05,-5.96054E+01
1.28173828E+05,-6.64254E+01
1.31225586E+05,-9.25254E+01
1.34277344E+05,-8.96454E+01
1.37329102E+05,-9.54454E+01
1.40380859E+05,-1.02685E+02
1.43432617E+05,-9.54054E+01
1.46484375E+05,-9.33654E+01
1.49536133E+05,-9.63454E+01
1.52587891E+05,-1.00225E+02
1.55639648E+05,-1.03885E+02
1.58691406E+05,-9.72054E+01
1.61743164E+05,-1.01225E+02
1.64794922E+05,-9.04454E+01
1.67846680E+05,-7.90054E+01
1.70898438E+05,-6.10054E+01
1.73950195E+05,-5.01254E+01
1.77001953E+05,-5.22054E+01
1.80053711E+05,-7.07254E+01
1.83105469E+05,-8.58254E+01
1.86157227E+05,-8.73454E+01
1.89208984E+05,-9.42254E+01
1.92260742E+05,-9.45254E+01
1.95312500E+05,-1.04705E+02
1.98364258E+05,-8.19054E+01
2.01416016E+05,-7.71254E+01
2.04467773E+05,-8.38854E+01
2.07519531E+05,-8.61654E+01
2.10571289E+05,-9.35054E+01
2.13623047E+05,-8.54854E+01
2.16674805E+05,-7.62854E+01
2.19726562E+05,-6.34054E+01
2.22778320E+05,-4.39254E+01
2.25830078E+05,-4.15254E+01
2.28881836E+05,-5.17854E+01
2.31933594E+05,-7.27654E+01
2.34985352E+05,-8.44854E+01
2.38037109E+05,-8.72654E+01
2.41088867E+05,-9.62054E+01
2.44140625E+05,-1.06845E+02
2.47192383E+05,-9.48054E+01
2.50244141E+05,-9.25054E+01
2.53295898E+05,-1.02805E+02
2.56347656E+05,-9.35454E+01
2.59399414E+05,-9.29854E+01
2.62451172E+05,-9.31654E+01
2.65502930E+05,-8.30654E+01
2.68554688E+05,-7.21654E+01
2.71606445E+05,-4.10654E+01
2.74658203E+05,-3.38454E+01
2.77709961E+05,-3.87454E+01
2.80761719E+05,-6.86254E+01
2.83813477E+05,-8.25254E+01
2.86865234E+05,-8.86254E+01
2.89916992E+05,-9.02254E+01
2.92968750E+05,-8.73054E+01
2.96020508E+05,-9.29054E+01
2.99072266E+05,-9.39654E+01
3.02124023E+05,-8.75454E+01
3.05175781E+05,-8.59054E+01
3.08227539E+05,-8.23654E+01
3.11279297E+05,-7.59654E+01
3.14331055E+05,-7.05054E+01
3.17382812E+05,-6.02254E+01
3.20434570E+05,-4.29654E+01
3.23486328E+05,-2.95454E+01
3.26538086E+05,-2.98654E+01
3.29589844E+05,-4.44254E+01
3.32641602E+05,-6.09654E+01
3.35693359E+05,-7.01254E+01
3.38745117E+05,-7.62854E+01
3.41796875E+05,-8.35854E+01
3.44848633E+05,-8.55654E+01
3.47900391E+05,-8.60454E+01
3.50952148E+05,-8.59054E+01
3.54003906E+05,-9.51654E+01
3.57055664E+05,-8.31854E+01
3.60107422E+05,-8.12254E+01
3.63159180E+05,-7.73454E+01
3.66210938E+05,-6.78854E+01
3.69262695E+05,-5.52654E+01
3.72314453E+05,-2.92454E+01
3.75366211E+05,-2.50254E+01
3.78417969E+05,-3.29854E+01
3.81469727E+05,-5.98454E+01
3.84521484E+05,-7.14454E+01
3.87573242E+05,-7.83454E+01
3.90625000E+05,-8.66654E+01
3.93676758E+05,-9.31654E+01
3.96728516E+05,-9.92654E+01
3.99780273E+05,-9.79854E+01
4.02832031E+05,-9.41854E+01
4.05883789E+05,-8.52654E+01
4.08935547E+05,-8.25654E+01
4.11987305E+05,-7.56254E+01
4.15039062E+05,-6.79054E+01
4.18090820E+05,-5.73054E+01
4.21142578E+05,-3.47654E+01
4.24194336E+05,-2.53454E+01
4.27246094E+05,-2.83854E+01
4.30297852E+05,-4.95454E+01
4.33349609E+05,-6.33054E+01
4.36401367E+05,-7.27454E+01
4.39453125E+05,-7.65254E+01
4.42504883E+05,-8.36254E+01
4.45556641E+05,-8.80054E+01
4.48608398E+05,-8.82454E+01
4.51660156E+05,-8.93454E+01
4.54711914E+05,-9.10654E+01
4.57763672E+05,-8.62254E+01
4.60815430E+05,-8.59254E+01
4.63867188E+05,-7.71054E+01
4.66918945E+05,-6.93054E+01
4.69970703E+05,-5.39654E+01
4.73022461E+05,-3.71254E+01
4.76074219E+05,-3.56654E+01
4.79125977E+05,-4.72654E+01
4.82177734E+05,-6.63454E+01
4.85229492E+05,-7.61254E+01
4.88281250E+05,-8.46654E+01
4.91333008E+05,-9.13254E+01
4.94384766E+05,-9.16254E+01
4.97436523E+05,-9.40454E+01
5.00488281E+05,-9.78054E+01
5.03540039E+05,-9.64654E+01
5.06591797E+05,-9.77454E+01
5.09643555E+05,-1.00125E+02
5.12695312E+05,-9.28054E+01
5.15747070E+05,-1.06965E+02
5.18798828E+05,-8.34454E+01
5.21850586E+05,-3.45454E+01
5.24902344E+05,-2.83854E+01
5.27954102E+05,-3.42854E+01
5.31005859E+05,-8.35054E+01
5.34057617E+05,-9.52854E+01
5.37109375E+05,-1.05985E+02
5.40161133E+05,-9.55254E+01
5.43212891E+05,-9.19054E+01
5.46264648E+05,-9.28254E+01
5.49316406E+05,-9.84854E+01
5.52368164E+05,-8.34054E+01
5.55419922E+05,-9.04654E+01
5.58471680E+05,-7.97054E+01
5.61523438E+05,-7.66054E+01
5.64575195E+05,-6.84254E+01
5.67626953E+05,-5.88454E+01
5.70678711E+05,-4.00454E+01
5.73730469E+05,-2.81454E+01
5.76782227E+05,-2.93654E+01
5.79833984E+05,-4.57854E+01
5.82885742E+05,-6.13654E+01
5.85937500E+05,-7.04854E+01
5.88989258E+05,-7.64054E+01
5.92041016E+05,-8.49454E+01
5.95092773E+05,-8.54654E+01
5.98144531E+05,-9.89454E+01
6.01196289E+05,-8.87854E+01
6.04248047E+05,-1.17005E+02
6.07299805E+05,-9.23854E+01
6.10351562E+05,-8.71654E+01
6.13403320E+05,-8.08054E+01
6.16455078E+05,-7.24254E+01
6.19506836E+05,-5.79654E+01
6.22558594E+05,-3.60854E+01
6.25610352E+05,-3.28254E+01
6.28662109E+05,-4.19454E+01
6.31713867E+05,-6.52854E+01
6.34765625E+05,-7.58654E+01
6.37817383E+05,-8.57854E+01
6.40869141E+05,-8.60254E+01
6.43920898E+05,-9.53054E+01
6.46972656E+05,-8.58254E+01
6.50024414E+05,-8.49654E+01
6.53076172E+05,-9.76054E+01
6.56127930E+05,-9.00254E+01
6.59179688E+05,-8.72654E+01
6.62231445E+05,-8.09254E+01
6.65283203E+05,-7.17854E+01
6.68334961E+05,-6.16254E+01
6.71386719E+05,-3.56254E+01
6.74438477E+05,-2.74054E+01
6.77490234E+05,-3.13854E+01
6.80541992E+05,-5.63854E+01
6.83593750E+05,-6.95254E+01
6.86645508E+05,-7.68054E+01
6.89697266E+05,-9.01654E+01
6.92749023E+05,-8.53854E+01
6.95800781E+05,-9.19454E+01
6.98852539E+05,-8.37254E+01
7.01904297E+05,-8.04054E+01
7.04956055E+05,-9.79454E+01
7.08007812E+05,-8.20654E+01
7.11059570E+05,-7.85654E+01
7.14111328E+05,-7.03054E+01
7.17163086E+05,-6.15454E+01
7.20214844E+05,-4.50654E+01
7.23266602E+05,-3.01054E+01
7.26318359E+05,-2.95854E+01
7.29370117E+05,-4.26454E+01
7.32421875E+05,-6.01054E+01
7.35473633E+05,-7.02854E+01
7.38525391E+05,-7.61254E+01
7.41577148E+05,-8.35854E+01
7.44628906E+05,-8.28254E+01
7.47680664E+05,-8.75054E+01
7.50732422E+05,-7.95054E+01
7.53784180E+05,-9.98454E+01
7.56835938E+05,-9.61254E+01
7.59887695E+05,-9.37054E+01
7.62939453E+05,-8.70854E+01
7.65991211E+05,-8.43254E+01
7.69042969E+05,-7.20454E+01
7.72094727E+05,-4.00454E+01
7.75146484E+05,-3.49454E+01
7.78198242E+05,-4.18654E+01
7.81250000E+05,-7.56654E+01
7.84301758E+05,-8.41454E+01
7.87353516E+05,-9.09654E+01
7.90405273E+05,-9.33054E+01
7.93457031E+05,-9.59454E+01
7.96508789E+05,-1.04685E+02
7.99560547E+05,-8.19454E+01
8.02612305E+05,-9.87654E+01
8.05664062E+05,-8.37054E+01
8.08715820E+05,-7.86254E+01
8.11767578E+05,-7.48454E+01
8.14819336E+05,-6.66854E+01
8.17871094E+05,-5.66654E+01
8.20922852E+05,-3.61654E+01
8.23974609E+05,-2.56054E+01
8.27026367E+05,-2.77654E+01
8.30078125E+05,-4.64254E+01
8.33129883E+05,-6.10054E+01
8.36181641E+05,-7.06854E+01
8.39233398E+05,-7.58254E+01
8.42285156E+05,-8.42254E+01
8.45336914E+05,-8.60654E+01
8.48388672E+05,-9.96254E+01
8.51440430E+05,-9.25654E+01
8.54492188E+05,-8.87654E+01
8.57543945E+05,-8.40454E+01
8.60595703E+05,-7.71254E+01
8.63647461E+05,-7.04054E+01
8.66699219E+05,-6.13054E+01
8.69750977E+05,-4.67854E+01
8.72802734E+05,-2.77654E+01
8.75854492E+05,-2.54654E+01
8.78906250E+05,-3.58254E+01
8.81958008E+05,-5.65854E+01
8.85009766E+05,-6.69454E+01
8.88061523E+05,-7.40854E+01
8.91113281E+05,-7.89054E+01
8.94165039E+05,-8.35454E+01
8.97216797E+05,-8.37054E+01
9.00268555E+05,-9.25054E+01
9.03320312E+05,-8.70054E+01
9.06372070E+05,-8.85054E+01
9.09423828E+05,-8.95054E+01
9.12475586E+05,-8.55254E+01
9.15527344E+05,-7.72254E+01
9.18579102E+05,-6.70054E+01
9.21630859E+05,-3.54654E+01
9.24682617E+05,-2.83454E+01
9.27734375E+05,-3.33254E+01
9.30786133E+05,-6.45054E+01
9.33837891E+05,-7.66454E+01
9.36889648E+05,-8.99254E+01
9.39941406E+05,-8.96854E+01
9.42993164E+05,-9.44654E+01
9.46044922E+05,-9.55654E+01
9.49096680E+05,-8.36654E+01
9.52148438E+05,-9.02054E+01
9.55200195E+05,-9.31254E+01
9.58251953E+05,-8.64454E+01
9.61303711E+05,-8.37054E+01
9.64355469E+05,-7.49454E+01
9.67407227E+05,-6.59454E+01
9.70458984E+05,-4.84054E+01
9.73510742E+05,-3.51254E+01
9.76562500E+05,-3.55054E+01
9.79614258E+05,-5.02254E+01
9.82666016E+05,-6.66054E+01
9.85717773E+05,-7.56054E+01
9.88769531E+05,-8.43254E+01
9.91821289E+05,-8.88054E+01
9.94873047E+05,-9.43054E+01
9.97924805E+05,-8.63454E+01
1.00097656E+06,-9.21454E+01
1.00402832E+06,-1.02205E+02
1.00708008E+06,-9.48054E+01
1.01013184E+06,-9.97654E+01
1.01318359E+06,-9.02854E+01
1.01623535E+06,-8.77054E+01
1.01928711E+06,-7.03854E+01
1.02233887E+06,-4.53254E+01
1.02539062E+06,-4.12054E+01
1.02844238E+06,-4.92654E+01
1.03149414E+06,-7.60654E+01
1.03454590E+06,-8.54254E+01
1.03759766E+06,-9.57854E+01
1.04064941E+06,-9.57054E+01
1.04370117E+06,-1.02005E+02
1.04675293E+06,-8.92854E+01
1.04980469E+06,-8.56254E+01
1.05285645E+06,-8.78054E+01
1.05590820E+06,-9.37054E+01
1.05895996E+06,-9.38854E+01
1.06201172E+06,-1.02065E+02
1.06506348E+06,-8.93454E+01
1.06811523E+06,-8.20054E+01
1.07116699E+06,-5.93054E+01
1.07421875E+06,-5.00054E+01
1.07727051E+06,-5.30854E+01
1.08032227E+06,-7.45254E+01
1.08337402E+06,-8.80854E+01
1.08642578E+06,-9.80054E+01
1.08947754E+06,-9.23654E+01
1.09252930E+06,-1.06025E+02
1.09558105E+06,-9.28054E+01
1.09863281E+06,-8.52854E+01
1.10168457E+06,-8.74454E+01
1.10473633E+06,-8.52254E+01
1.10778809E+06,-8.10254E+01
1.11083984E+06,-8.76254E+01
1.11389160E+06,-9.91254E+01
1.11694336E+06,-9.62654E+01
1.11999512E+06,-7.79254E+01
1.12304688E+06,-6.14854E+01
1.12609863E+06,-6.01654E+01
1.12915039E+06,-7.18654E+01
1.13220215E+06,-9.31854E+01
1.13525391E+06,-9.23854E+01
1.13830566E+06,-9.20454E+01
1.14135742E+06,-9.38054E+01
1.14440918E+06,-1.07365E+02
1.14746094E+06,-9.70254E+01
1.15051270E+06,-9.29854E+01
1.15356445E+06,-1.02825E+02
1.15661621E+06,-1.02925E+02
1.15966797E+06,-9.77454E+01
1.16271973E+06,-1.03445E+02
1.16577148E+06,-1.00745E+02
1.16882324E+06,-1.00325E+02
1.17187500E+06,-7.69254E+01
1.17492676E+06,-7.06854E+01
1.17797852E+06,-7.60454E+01
1.18103027E+06,-1.15385E+02
1.18408203E+06,-9.80854E+01
1.18713379E+06,-9.77254E+01
1.19018555E+06,-9.93454E+01
1.19323730E+06,-9.75254E+01
1.19628906E+06,-9.21654E+01
1.19934082E+06,-8.44854E+01
1.20239258E+06,-8.82654E+01
1.20544434E+06,-9.94454E+01
1.20849609E+06,-1.08105E+02
1.21154785E+06,-1.15385E+02
1.21459961E+06,-1.03445E+02
1.21765137E+06,-9.91454E+01
1.22070312E+06,-9.06854E+01
1.22375488E+06,-8.17054E+01
1.22680664E+06,-8.30254E+01
1.22985840E+06,-9.22454E+01
1.23291016E+06,-9.69254E+01
1.23596191E+06,-1.05385E+02
1.23901367E+06,-1.00125E+02
1.24206543E+06,-1.01745E+02
1.24511719E+06,-1.01805E+02
1.24816895E+06,-9.56654E+01
1.25122070E+06,-9.68454E+01
1.25427246E+06,-9.71654E+01
1.25732422E+06,-9.42254E+01
1.26037598E+06,-9.46454E+01
1.26342773E+06,-9.53854E+01
1.26647949E+06,-9.58454E+01
1.26953125E+06,-1.02365E+02
1.27258301E+06,-1.01245E+02
1.27563477E+06,-1.02905E+02
1.27868652E+06,-1.00945E+02
1.28173828E+06,-9.30254E+01
1.28479004E+06,-9.06454E+01
1.28784180E+06,-9.09454E+01
1.29089355E+06,-1.00845E+02
1.29394531E+06,-9.87454E+01
1.29699707E+06,-8.80054E+01
1.30004883E+06,-8.25654E+01
1.30310059E+06,-8.61054E+01
1.30615234E+06,-9.19454E+01
1.30920410E+06,-9.19454E+01
1.31225586E+06,-9.49054E+01
1.31530762E+06,-9.78654E+01
1.31835938E+06,-1.10345E+02
1.32141113E+06,-9.67854E+01
1.32446289E+06,-8.86854E+01
1.32751465E+06,-9.40054E+01
1.33056641E+06,-9.65254E+01
1.33361816E+06,-1.01745E+02
1.33666992E+06,-1.12645E+02
1.33972168E+06,-9.84854E+01
1.34277344E+06,-9.57054E+01
1.34582520E+06,-1.04045E+02
1.34887695E+06,-9.24254E+01
1.35192871E+06,-9.75054E+01
1.35498047E+06,-1.06365E+02
1.35803223E+06,-9.81254E+01
1.36108398E+06,-1.05685E+02
1.36413574E+06,-1.02485E+02
1.36718750E+06,-9.93654E+01
1.37023926E+06,-9.78054E+01
1.37329102E+06,-9.36254E+01
1.37634277E+06,-9.37654E+01
1.37939453E+06,-9.79054E+01
1.38244629E+06,-9.93454E+01
1.38549805E+06,-9.78254E+01
1.38854980E+06,-9.54254E+01
1.39160156E+06,-9.31854E+01
1.39465332E+06,-9.75454E+01
1.39770508E+06,-9.03054E+01
1.40075684E+06,-8.85454E+01
1.40380859E+06,-1.01505E+02
1.40686035E+06,-1.03405E+02
1.40991211E+06,-1.00705E+02
1.41296387E+06,-9.77054E+01
1.41601562E+06,-1.01825E+02
1.41906738E+06,-9.71054E+01
1.42211914E+06,-9.62654E+01
1.42517090E+06,-9.30254E+01
1.42822266E+06,-1.04145E+02
1.43127441E+06,-1.06065E+02
1.43432617E+06,-9.81254E+01
1.43737793E+06,-9.81254E+01
1.44042969E+06,-1.02705E+02
1.44348145E+06,-1.17845E+02
1.44653320E+06,-9.32654E+01
1.44958496E+06,-8.67854E+01
1.45263672E+06,-8.99054E+01
1.45568848E+06,-9.44654E+01
1.45874023E+06,-1.00025E+02
1.46179199E+06,-9.99454E+01
1.46484375E+06,-1.06585E+02
1.46789551E+06,-1.07605E+02
1.47094727E+06,-1.06805E+02
1.47399902E+06,-1.16385E+02
1.47705078E+06,-1.04585E+02
1.48010254E+06,-1.00145E+02
1.48315430E+06,-9.32254E+01
1.48620605E+06,-9.73854E+01
1.48925781E+06,-1.00025E+02
1.49230957E+06,-9.83254E+01
1.49536133E+06,-1.03965E+02
1.49841309E+06,-9.93454E+01
1.50146484E+06,-9.71654E+01
1.50451660E+06,-1.17245E+02
1.50756836E+06,-1.09765E+02
1.51062012E+06,-1.02085E+02
1.51367188E+06,-1.01365E+02
1.51672363E+06,-1.02125E+02
1.51977539E+06,-1.01185E+02
1.52282715E+06,-9.29654E+01
1.52587891E+06,-9.15854E+01
1.52893066E+06,-1.02645E+02
1.53198242E+06,-9.90454E+01
1.53503418E+06,-9.96854E+01
1.53808594E+06,-9.78254E+01
1.54113770E+06,-9.44654E+01
1.54418945E+06,-9.53654E+01
1.54724121E+06,-8.59254E+01
1.55029297E+06,-8.35854E+01
1.55334473E+06,-9.09654E+01
1.55639648E+06,-9.42854E+01
1.55944824E+06,-9.27454E+01
1.56250000E+06,-1.00945E+02
1.56555176E+06,-1.04145E+02
1.56860352E+06,-1.10865E+02
1.57165527E+06,-9.34054E+01
1.57470703E+06,-8.88254E+01
1.57775879E+06,-9.31654E+01
1.58081055E+06,-1.16165E+02
1.58386230E+06,-1.12165E+02
1.58691406E+06,-1.07345E+02
1.58996582E+06,-1.06065E+02
1.59301758E+06,-1.03265E+02
1.59606934E+06,-9.59054E+01
1.59912109E+06,-8.56254E+01
1.60217285E+06,-8.76454E+01
1.60522461E+06,-1.16925E+02
1.60827637E+06,-9.78454E+01
1.61132812E+06,-9.52054E+01
1.61437988E+06,-9.82854E+01
1.61743164E+06,-1.03585E+02
1.62048340E+06,-9.68654E+01
1.62353516E+06,-8.91654E+01
1.62658691E+06,-8.70654E+01
1.62963867E+06,-9.29654E+01
1.63269043E+06,-9.81654E+01
1.63574219E+06,-9.87054E+01
1.63879395E+06,-9.80654E+01
1.64184570E+06,-9.91654E+01
1.64489746E+06,-1.07345E+02
1.64794922E+06,-9.70054E+01
1.65100098E+06,-9.49654E+01
1.65405273E+06,-9.80254E+01
1.65710449E+06,-1.00685E+02
1.66015625E+06,-1.01305E+02
1.66320801E+06,-9.28654E+01
1.66625977E+06,-9.82054E+01
1.66931152E+06,-9.95254E+01
1.67236328E+06,-9.76454E+01
1.67541504E+06,-1.01025E+02
1.67846680E+06,-1.00365E+02
1.68151855E+06,-9.98454E+01
1.68457031E+06,-9.67254E+01
1.68762207E+06,-9.49654E+01
1.69067383E+06,-1.01185E+02
1.69372559E+06,-9.72054E+01
1.69677734E+06,-8.94654E+01
1.69982910E+06,-8.43654E+01
1.70288086E+06,-9.25654E+01
1.70593262E+06,-9.57854E+01
1.70898438E+06,-9.89854E+01
1.71203613E+06,-9.63054E+01
1.71508789E+06,-9.54254E+01
1.71813965E+06,-9.68854E+01
1.72119141E+06,-9.68254E+01
1.72424316E+06,-8.98454E+01
1.72729492E+06,-9.09654E+01
1.73034668E+06,-1.01525E+02
1.73339844E+06,-1.04045E+02
1.73645020E+06,-1.04345E+02
1.73950195E+06,-1.03805E+02
1.74255371E+06,-1.01105E+02
1.74560547E+06,-9.79854E+01
1.74865723E+06,-8.32254E+01
1.75170898E+06,-8.51654E+01
1.75476074E+06,-1.02705E+02
1.75781250E+06,-1.10385E+02
1.76086426E+06,-1.10725E+02
1.76391602E+06,-1.06625E+02
1.76696777E+06,-1.11105E+02
1.77001953E+06,-1.04885E+02
1.77307129E+06,-1.00285E+02
1.77612305E+06,-9.45054E+01
1.77917480E+06,-9.89054E+01
1.78222656E+06,-1.06585E+02
1.78527832E+06,-1.05885E+02
1.78833008E+06,-9.94054E+01
1.79138184E+06,-9.48454E+01
1.79443359E+06,-9.37254E+01
1.79748535E+06,-8.76454E+01
1.80053711E+06,-8.49654E+01
1.80358887E+06,-9.08654E+01
1.80664062E+06,-9.91254E+01
1.80969238E+06,-1.11765E+02
1.81274414E+06,-9.85654E+01
1.81579590E+06,-1.05645E+02
1.81884766E+06,-1.12045E+02
1.82189941E+06,-9.35054E+01
1.82495117E+06,-8.82254E+01
1.82800293E+06,-9.66854E+01
1.83105469E+06,-9.88654E+01
1.83410645E+06,-1.01325E+02
1.83715820E+06,-9.99454E+01
1.84020996E+06,-9.89454E+01
1.84326172E+06,-1.16525E+02
1.84631348E+06,-9.73454E+01
1.84936523E+06,-8.78854E+01
1.85241699E+06,-9.01654E+01
1.85546875E+06,-9.52654E+01
1.85852051E+06,-9.35454E+01
1.86157227E+06,-9.59254E+01
1.86462402E+06,-9.59054E+01
1.86767578E+06,-1.09545E+02
1.87072754E+06,-9.68054E+01
1.87377930E+06,-9.33054E+01
1.87683105E+06,-9.44454E+01
1.87988281E+06,-1.02125E+02
1.88293457E+06,-1.03225E+02
1.88598633E+06,-9.98054E+01
1.88903809E+06,-1.00645E+02
1.89208984E+06,-9.94054E+01
1.89514160E+06,-1.06725E+02
1.89819336E+06,-9.13054E+01
1.90124512E+06,-9.05454E+01
1.90429688E+06,-1.00485E+02
1.90734863E+06,-1.04085E+02
1.91040039E+06,-1.00365E+02
1.91345215E+06,-1.02565E+02
1.91650391E+06,-1.01205E+02
1.91955566E+06,-1.01805E+02
1.92260742E+06,-9.17654E+01
1.92565918E+06,-8.74254E+01
1.92871094E+06,-9.27054E+01
1.93176270E+06,-9.80854E+01
1.93481445E+06,-1.01545E+02
1.93786621E+06,-1.02385E+02
1.94091797E+06,-1.02425E+02
1.94396973E+06,-1.16985E+02
1.94702148E+06,-9.79654E+01
1.95007324E+06,-9.19654E+01
1.95312500E+06,-9.49054E+01
1.95617676E+06,-1.16765E+02
1.95922852E+06,-1.03705E+02
1.96228027E+06,-9.74654E+01
1.96533203E+06,-9.49254E+01
1.96838379E+06,-9.38454E+01
1.97143555E+06,-9.47454E+01
1.97448730E+06,-9.32254E+01
1.97753906E+06,-9.32254E+01
1.98059082E+06,-1.03325E+02
1.98364258E+06,-1.01385E+02
1.98669434E+06,-1.00845E+02
1.98974609E+06,-9.44854E+01
1.99279785E+06,-9.30654E+01
1.99584961E+06,-9.87054E+01
1.99890137E+06,-1.00485E+02
2.00195312E+06,-1.04645E+02
2.00500488E+06,-9.57854E+01
2.00805664E+06,-9.44854E+01
2.01110840E+06,-9.51254E+01
2.01416016E+06,-9.68854E+01
2.01721191E+06,-1.07305E+02
2.02026367E+06,-9.57854E+01
2.02331543E+06,-8.91654E+01
2.02636719E+06,-9.04254E+01
2.02941895E+06,-9.56454E+01
2.03247070E+06,-9.57054E+01
2.03552246E+06,-1.14845E+02
2.03857422E+06,-1.07825E+02
2.04162598E+06,-1.09405E+02
2.04467773E+06,-1.00725E+02
2.04772949E+06,-1.01585E+02
2.05078125E+06,-1.03765E+02
2.05383301E+06,-9.63054E+01
2.05688477E+06,-9.18054E+01
2.05993652E+06,-9.26454E+01
2.06298828E+06,-1.04985E+02
2.06604004E+06,-1.02485E+02
2.06909180E+06,-1.08805E+02
2.07214355E+06,-1.00545E+02
2.07519531E+06,-9.86054E+01
2.07824707E+06,-9.90454E+01
2.08129883E+06,-9.55854E+01
2.08435059E+06,-9.50454E+01
2.08740234E+06,-1.03305E+02
2.09045410E+06,-1.07065E+02
2.09350586E+06,-1.04545E+02
2.09655762E+06,-9.33654E+01
2.09960938E+06,-9.27454E+01
2.10266113E+06,-1.12925E+02
2.10571289E+06,-9.38454E+01
2.10876465E+06,-9.16854E+01
2.11181641E+06,-9.43454E+01
2.11486816E+06,-1.08865E+02
2.11791992E+06,-9.55254E+01
2.12097168E+06,-1.01225E+02
2.12402344E+06,-9.22254E+01
2.12707520E+06,-9.18254E+01
2.13012695E+06,-1.05565E+02
2.13317871E+06,-1.02005E+02
2.13623047E+06,-9.93854E+01
2.13928223E+06,-1.06445E+02
2.14233398E+06,-1.08745E+02
2.14538574E+06,-9.72654E+01
2.14843750E+06,-9.77454E+01
2.15148926E+06,-1.01085E+02
2.15454102E+06,-9.90854E+01
2.15759277E+06,-1.12225E+02
2.16064453E+06,-1.04485E+02
2.16369629E+06,-1.26405E+02
2.16674805E+06,-1.17025E+02
2.16979980E+06,-1.05825E+02
2.17285156E+06,-1.04845E+02
2.17590332E+06,-9.78054E+01
2.17895508E+06,-1.00025E+02
2.18200684E+06,-9.77654E+01
2.18505859E+06,-1.03765E+02
2.18811035E+06,-9.54654E+01
2.19116211E+06,-1.08085E+02
2.19421387E+06,-9.68854E+01
2.19726562E+06,-9.80254E+01
2.20031738E+06,-1.07165E+02
2.20336914E+06,-1.00545E+02
2.20642090E+06,-9.84654E+01
2.20947266E+06,-1.05445E+02
2.21252441E+06,-1.00765E+02
2.21557617E+06,-9.50254E+01
2.21862793E+06,-9.64854E+01
2.22167969E+06,-9.27454E+01
2.22473145E+06,-8.85454E+01
2.22778320E+06,-9.20654E+01
2.23083496E+06,-1.01125E+02
2.23388672E+06,-1.07745E+02
2.23693848E+06,-1.11765E+02
2.23999023E+06,-1.02445E+02
2.24304199E+06,-1.00065E+02
2.24609375E+06,-9.59254E+01
2.24914551E+06,-9.74654E+01
2.25219727E+06,-1.06805E+02
2.25524902E+06,-1.20225E+02
2.25830078E+06,-1.02505E+02
2.26135254E+06,-9.82654E+01
2.26440430E+06,-1.07265E+02
2.26745605E+06,-9.95654E+01
2.27050781E+06,-9.53654E+01
2.27355957E+06,-9.28054E+01
2.27661133E+06,-9.43054E+01
2.27966309E+06,-1.03585E+02
2.28271484E+06,-1.04405E+02
2.28576660E+06,-1.10445E+02
2.28881836E+06,-1.02585E+02
2.29187012E+06,-9.57654E+01
2.29492188E+06,-9.42854E+01
2.29797363E+06,-9.87454E+01
2.30102539E+06,-1.03665E+02
2.30407715E+06,-1.17585E+02
2.30712891E+06,-9.63654E+01
2.31018066E+06,-9.54254E+01
2.31323242E+06,-9.79254E+01
2.31628418E+06,-9.75254E+01
2.31933594E+06,-9.67454E+01
2.32238770E+06,-9.25654E+01
2.32543945E+06,-9.23254E+01
2.32849121E+06,-1.02205E+02
2.33154297E+06,-1.10905E+02
2.33459473E+06,-1.03025E+02
2.33764648E+06,-1.03365E+02
2.34069824E+06,-1.02005E+02
2.34375000E+06,-1.06685E+02
2.34680176E+06,-9.77454E+01
2.34985352E+06,-9.53054E+01
2.35290527E+06,-1.07645E+02
2.35595703E+06,-9.33254E+01
2.35900879E+06,-9.65854E+01
2.36206055E+06,-1.30825E+02
2.36511230E+06,-9.79054E+01
2.36816406E+06,-9.86854E+01
2.37121582E+06,-9.71854E+01
2.37426758E+06,-9.59254E+01
2.37731934E+06,-1.00285E+02
2.38037109E+06,-1.02645E+02
2.38342285E+06,-1.02585E+02
2.38647461E+06,-1.04385E+02
2.38952637E+06,-1.09785E+02
2.39257812E+06,-9.52054E+01
2.39562988E+06,-9.73254E+01
2.39868164E+06,-9.84854E+01
2.40173340E+06,-1.08445E+02
2.40478516E+06,-9.99854E+01
2.40783691E+06,-9.98454E+01
2.41088867E+06,-1.03585E+02
2.41394043E+06,-1.03125E+02
2.41699219E+06,-9.92054E+01
2.42004395E+06,-1.04425E+02
2.42309570E+06,-1.03545E+02
2.42614746E+06,-9.82054E+01
2.42919922E+06,-9.89054E+01
2.43225098E+06,-9.70254E+01
2.43530273E+06,-9.62454E+01
2.43835449E+06,-9.87854E+01
2.44140625E+06,-1.08165E+02
2.44445801E+06,-1.06965E+02
2.44750977E+06,-1.00785E+02
2.45056152E+06,-9.32254E+01
2.45361328E+06,-9.32654E+01
2.45666504E+06,-1.13265E+02
2.45971680E+06,-9.89454E+01
2.46276855E+06,-9.77454E+01
2.46582031E+06,-9.71454E+01
2.46887207E+06,-9.84254E+01
2.47192383E+06,-9.97454E+01
2.47497559E+06,-9.33054E+01
2.47802734E+06,-9.05454E+01
2.48107910E+06,-9.49454E+01
2.48413086E+06,-1.07165E+02
2.48718262E+06,-9.93054E+01
2.49023438E+06,-9.68054E+01
2.49328613E+06,-1.02865E+02
2.49633789E+06,-9.70254E+01
2.49938965E+06,-9.14854E+01
2.50244141E+06,-9.49254E+01
2.50549316E+06,-9.80654E+01
2.50854492E+06,-9.66454E+01
2.51159668E+06,-9.82254E+01
2.51464844E+06,-1.05625E+02
2.51770020E+06,-9.69454E+01
2.52075195E+06,-1.02065E+02
2.52380371E+06,-9.37054E+01
2.52685547E+06,-9.18854E+01
2.52990723E+06,-9.81854E+01
2.53295898E+06,-9.76254E+01
2.53601074E+06,-9.71054E+01
2.53906250E+06,-1.05985E+02
2.54211426E+06,-1.09125E+02
2.54516602E+06,-9.43054E+01
2.54821777E+06,-8.92454E+01
2.55126953E+06,-9.33654E+01
2.55432129E+06,-9.08654E+01
2.55737305E+06,-9.19054E+01
2.56042480E+06,-9.51854E+01
2.56347656E+06,-1.14885E+02
2.56652832E+06,-9.84654E+01
2.56958008E+06,-9.63854E+01
2.57263184E+06,-9.59054E+01
2.57568359E+06,-9.67454E+01
2.57873535E+06,-9.79654E+01
2.58178711E+06,-1.00005E+02
2.58483887E+06,-1.08765E+02
2.58789062E+06,-1.00165E+02
2.59094238E+06,-9.84654E+01
2.59399414E+06,-1.03325E+02
2.59704590E+06,-1.10365E+02
2.60009766E+06,-9.57254E+01
2.60314941E+06,-9.84254E+01
2.60620117E+06,-1.01625E+02
2.60925293E+06,-1.03885E+02
2.61230469E+06,-1.06505E+02
2.61535645E+06,-1.06345E+02
2.61840820E+06,-1.14465E+02
2.62145996E+06,-9.82654E+01
2.62451172E+06,-8.99854E+01
2.62756348E+06,-8.99454E+01
2.63061523E+06,-9.36254E+01
2.63366699E+06,-9.27454E+01
2.63671875E+06,-9.19454E+01
2.63977051E+06,-9.70254E+01
2.64282227E+06,-1.18285E+02
2.64587402E+06,-9.73854E+01
2.64892578E+06,-8.89054E+01
2.65197754E+06,-9.14454E+01
2.65502930E+06,-1.15025E+02
2.65808105E+06,-9.64854E+01
2.66113281E+06,-9.39654E+01
2.66418457E+06,-9.65654E+01
2.66723633E+06,-1.06685E+02
2.67028809E+06,-1.01825E+02
2.67333984E+06,-9.45254E+01
2.67639160E+06,-9.48454E+01
2.67944336E+06,-1.11105E+02
2.68249512E+06,-9.52254E+01
2.68554688E+06,-9.59454E+01
2.68859863E+06,-9.60054E+01
2.69165039E+06,-9.55454E+01
2.69470215E+06,-1.06545E+02
2.69775391E+06,-9.53254E+01
2.70080566E+06,-9.44654E+01
2.70385742E+06,-9.90054E+01
2.70690918E+06,-9.50654E+01
2.70996094E+06,-1.07605E+02
2.71301270E+06,-9.82854E+01
2.71606445E+06,-9.61654E+01
2.71911621E+06,-9.94454E+01
2.72216797E+06,-8.91254E+01
2.72521973E+06,-8.43054E+01
2.72827148E+06,-8.94454E+01
2.73132324E+06,-1.12145E+02
2.73437500E+06,-1.00185E+02
2.73742676E+06,-9.88054E+01
2.74047852E+06,-9.88254E+01
2.74353027E+06,-1.03585E+02
2.74658203E+06,-1.03725E+02
2.74963379E+06,-9.36254E+01
2.75268555E+06,-9.70654E+01
2.75573730E+06,-1.07585E+02
2.75878906E+06,-1.11405E+02
2.76184082E+06,-1.02965E+02
2.76489258E+06,-1.03845E+02
2.76794434E+06,-1.02525E+02
2.77099609E+06,-1.04405E+02
2.77404785E+06,-1.00485E+02
2.77709961E+06,-9.79654E+01
2.78015137E+06,-9.95854E+01
2.78320312E+06,-1.09125E+02
2.78625488E+06,-1.03445E+02
2.78930664E+06,-1.02645E+02
2.79235840E+06,-1.10185E+02
2.79541016E+06,-1.03225E+02
2.79846191E+06,-1.07345E+02
2.80151367E+06,-1.09725E+02
2.80456543E+06,-1.02005E+02
2.80761719E+06,-1.00405E+02
2.81066895E+06,-9.46854E+01
2.81372070E+06,-9.90054E+01
2.81677246E+06,-1.02685E+02
2.81982422E+06,-9.93454E+01
2.82287598E+06,-8.97454E+01
2.82592773E+06,-8.91654E+01
2.82897949E+06,-9.76454E+01
2.83203125E+06,-1.00645E+02
2.83508301E+06,-9.79054E+01
2.83813477E+06,-9.88654E+01
2.84118652E+06,-1.05805E+02
2.84423828E+06,-9.28654E+01
2.84729004E+06,-9.18254E+01
2.85034180E+06,-9.62254E+01
2.85339355E+06,-1.08285E+02
2.85644531E+06,-1.07325E+02
2.85949707E+06,-1.02645E+02
2.86254883E+06,-1.04465E+02
2.86560059E+06,-1.01285E+02
2.86865234E+06,-9.85454E+01
2.87170410E+06,-9.52054E+01
2.87475586E+06,-9.12254E+01
2.87780762E+06,-9.38454E+01
2.88085938E+06,-9.95254E+01
2.88391113E+06,-1.08085E+02
2.88696289E+06,-1.05345E+02
2.89001465E+06,-9.97654E+01
2.89306641E+06,-9.79254E+01
2.89611816E+06,-9.83054E+01
2.89916992E+06,-9.66454E+01
2.90222168E+06,-9.85254E+01
2.90527344E+06,-1.08265E+02
2.90832520E+06,-1.00885E+02
2.91137695E+06,-1.04725E+02
2.91442871E+06,-1.02985E+02
2.91748047E+06,-1.01625E+02
2.92053223E+06,-9.36254E+01
2.92358398E+06,-9.35054E+01
2.92663574E+06,-9.87454E+01
2.92968750E+06,-1.04905E+02
2.93273926E+06,-9.51254E+01
2.93579102E+06,-9.44454E+01
2.93884277E+06,-9.68854E+01
2.94189453E+06,-1.03585E+02
2.94494629E+06,-1.01065E+02
2.94799805E+06,-1.02425E+02
2.95104980E+06,-1.00405E+02
2.95410156E+06,-1.08245E+02
2.95715332E+06,-1.20625E+02
2.96020508E+06,-1.04185E+02
2.96325684E+06,-1.02825E+02
2.96630859E+06,-9.50854E+01
2.96936035E+06,-9.54654E+01
2.97241211E+06,-9.41454E+01
2.97546387E+06,-9.16854E+01
2.97851562E+06,-9.65854E+01
2.98156738E+06,-9.82654E+01
2.98461914E+06,-9.81454E+01
2.98767090E+06,-1.00025E+02
2.99072266E+06,-9.93054E+01
2.99377441E+06,-1.01665E+02
2.99682617E+06,-1.06205E+02
2.99987793E+06,-9.78254E+01
3.00292969E+06,-9.72854E+01
3.00598145E+06,-1.00425E+02
3.00903320E+06,-1.11885E+02
3.01208496E+06,-1.06645E+02
3.01513672E+06,-1.08105E+02
3.01818848E+06,-9.84054E+01
3.02124023E+06,-9.53254E+01
3.02429199E+06,-9.29254E+01
3.02734375E+06,-1.00045E+02
3.03039551E+06,-9.77454E+01
3.03344727E+06,-1.00825E+02
3.03649902E+06,-1.02225E+02
3.03955078E+06,-1.06005E+02
3.04260254E+06,-1.00425E+02
3.04565430E+06,-9.91454E+01
3.04870605E+06,-9.68254E+01
3.05175781E+06,-1.02925E+02
3.05480957E+06,-1.04645E+02
3.05786133E+06,-1.13765E+02
3.06091309E+06,-9.99454E+01
3.06396484E+06,-1.01645E+02
3.06701660E+06,-1.11365E+02
3.07006836E+06,-9.64054E+01
3.07312012E+06,-9.08654E+01
3.07617188E+06,-9.36254E+01
3.07922363E+06,-9.53654E+01
3.08227539E+06,-9.76054E+01
3.08532715E+06,-9.79054E+01
3.08837891E+06,-1.02445E+02
3.09143066E+06,-1.07905E+02
3.09448242E+06,-1.00925E+02
3.09753418E+06,-1.01885E+02
3.10058594E+06,-1.16045E+02
3.10363770E+06,-9.70454E+01
3.10668945E+06,-1.04645E+02
3.10974121E+06,-9.84054E+01
3.11279297E+06,-9.81854E+01
3.11584473E+06,-1.04825E+02
3.11889648E+06,-1.00165E+02
3.12194824E+06,-9.14254E+01
3.12500000E+06,-8.85854E+01
3.12805176E+06,-9.49054E+01
3.13110352E+06,-1.00365E+02
3.13415527E+06,-9.56854E+01
3.13720703E+06,-9.27054E+01
3.14025879E+06,-9.24454E+01
3.14331055E+06,-9.22054E+01
3.14636230E+06,-9.18254E+01
3.14941406E+06,-9.29254E+01
3.15246582E+06,-1.01685E+02
3.15551758E+06,-1.11985E+02
3.15856934E+06,-1.10265E+02
3.16162109E+06,-1.03705E+02
3.16467285E+06,-9.76454E+01
3.16772461E+06,-9.88454E+01
3.17077637E+06,-1.03445E+02
3.17382812E+06,-9.74254E+01
3.17687988E+06,-1.18745E+02
3.17993164E+06,-1.00765E+02
3.18298340E+06,-9.35854E+01
3.18603516E+06,-9.32654E+01
3.18908691E+06,-1.04385E+02
3.19213867E+06,-1.07205E+02
3.19519043E+06,-1.07925E+02
3.19824219E+06,-9.60454E+01
3.20129395E+06,-9.43654E+01
3.20434570E+06,-9.81454E+01
3.20739746E+06,-9.50254E+01
3.21044922E+06,-9.44254E+01
3.21350098E+06,-1.10745E+02
3.21655273E+06,-1.16445E+02
3.21960449E+06,-1.00405E+02
3.22265625E+06,-9.37054E+01
3.22570801E+06,-9.47654E+01
3.22875977E+06,-1.06165E+02
3.23181152E+06,-9.37054E+01
3.23486328E+06,-9.48454E+01
3.23791504E+06,-9.72254E+01
3.24096680E+06,-1.01305E+02
3.24401855E+06,-9.92054E+01
3.24707031E+06,-9.06654E+01
3.25012207E+06,-9.12254E+01
3.25317383E+06,-9.47454E+01
3.25622559E+06,-9.56854E+01
3.25927734E+06,-9.85854E+01
3.26232910E+06,-9.90054E+01
3.26538086E+06,-1.05365E+02
3.26843262E+06,-9.68854E+01
3.27148438E+06,-9.77854E+01
3.27453613E+06,-1.04725E+02
3.27758789E+06,-1.01585E+02
3.28063965E+06,-9.74054E+01
3.28369141E+06,-1.06285E+02
3.28674316E+06,-9.98054E+01
3.28979492E+06,-9.42254E+01
3.29284668E+06,-9.99254E+01
3.29589844E+06,-9.56654E+01
3.29895020E+06,-9.23054E+01
3.30200195E+06,-9.82054E+01
3.30505371E+06,-1.06525E+02
3.30810547E+06,-9.83254E+01
3.31115723E+06,-1.04965E+02
3.31420898E+06,-1.07625E+02
3.31726074E+06,-1.02385E+02
3.32031250E+06,-1.02165E+02
3.32336426E+06,-8.92254E+01
3.32641602E+06,-8.94854E+01
3.32946777E+06,-9.08054E+01
3.33251953E+06,-9.29254E+01
3.33557129E+06,-1.01505E+02
3.33862305E+06,-1.06205E+02
3.34167480E+06,-1.02565E+02
3.34472656E+06,-9.77054E+01
3.34777832E+06,-9.01254E+01
3.35083008E+06,-9.05054E+01
3.35388184E+06,-1.02425E+02
3.35693359E+06,-1.02385E+02
3.35998535E+06,-1.07105E+02
3.36303711E+06,-1.07545E+02
3.36608887E+06,-1.14685E+02
3.36914062E+06,-1.00245E+02
3.37219238E+06,-9.23654E+01
3.37524414E+06,-9.10854E+01
3.37829590E+06,-9.67654E+01
3.38134766E+06,-1.00265E+02
3.38439941E+06,-1.06805E+02
3.38745117E+06,-1.01825E+02
3.39050293E+06,-1.01325E+02
3.39355469E+06,-9.48654E+01
3.39660645E+06,-9.31854E+01
3.39965820E+06,-9.00654E+01
3.40270996E+06,-9.57654E+01
3.40576172E+06,-9.45054E+01
3.40881348E+06,-9.17654E+01
3.41186523E+06,-9.74254E+01
3.41491699E+06,-1.08105E+02
3.41796875E+06,-1.04565E+02
3.42102051E+06,-9.34054E+01
3.42407227E+06,-8.63854E+01
3.42712402E+06,-8.91254E+01
3.43017578E+06,-9.89854E+01
3.43322754E+06,-9.91254E+01
3.43627930E+06,-1.02325E+02
3.43933105E+06,-9.78654E+01
3.44238281E+06,-9.67654E+01
3.44543457E+06,-9.66854E+01
3.44848633E+06,-9.89454E+01
3.45153809E+06,-1.05105E+02
3.45458984E+06,-1.01105E+02
3.45764160E+06,-1.04045E+02
3.46069336E+06,-9.99854E+01
3.46374512E+06,-1.00925E+02
3.46679688E+06,-1.01125E+02
3.46984863E+06,-1.08745E+02
3.47290039E+06,-9.82254E+01
3.47595215E+06,-1.00305E+02
3.47900391E+06,-9.84454E+01
3.48205566E+06,-9.85054E+01
3.48510742E+06,-9.48254E+01
3.48815918E+06,-9.26254E+01
3.49121094E+06,-9.32254E+01
3.49426270E+06,-9.53854E+01
3.49731445E+06,-9.40054E+01
3.50036621E+06,-9.07854E+01
3.50341797E+06,-9.33054E+01
3.50646973E+06,-1.02145E+02
3.50952148E+06,-9.72054E+01
3.51257324E+06,-9.37254E+01
3.51562500E+06,-9.94454E+01
3.51867676E+06,-1.20065E+02
3.52172852E+06,-9.54654E+01
3.52478027E+06,-9.22054E+01
3.52783203E+06,-1.01445E+02
3.53088379E+06,-9.86854E+01
3.53393555E+06,-1.05325E+02
3.53698730E+06,-1.02865E+02
3.54003906E+06,-1.02905E+02
3.54309082E+06,-1.04725E+02
3.54614258E+06,-1.01645E+02
3.54919434E+06,-1.00945E+02
3.55224609E+06,-1.11065E+02
3.55529785E+06,-1.00465E+02
3.55834961E+06,-1.03445E+02
3.56140137E+06,-9.67654E+01
3.56445312E+06,-9.78854E+01
3.56750488E+06,-9.70254E+01
3.57055664E+06,-9.86054E+01
3.57360840E+06,-1.04045E+02
3.57666016E+06,-1.01445E+02
3.57971191E+06,-1.10065E+02
3.58276367E+06,-1.00565E+02
3.58581543E+06,-9.60054E+01
3.58886719E+06,-9.59454E+01
3.59191895E+06,-9.49054E+01
3.59497070E+06,-9.82254E+01
3.59802246E+06,-9.79854E+01
3.60107422E+06,-1.01065E+02
3.60412598E+06,-1.03125E+02
3.60717773E+06,-9.66054E+01
3.61022949E+06,-9.93654E+01
3.61328125E+06,-1.03625E+02
3.61633301E+06,-9.91454E+01
3.61938477E+06,-1.05085E+02
3.62243652E+06,-9.41854E+01
3.62548828E+06,-9.16854E+01
3.62854004E+06,-9.84254E+01
3.63159180E+06,-1.17765E+02
3.63464355E+06,-1.09645E+02
3.63769531E+06,-1.08025E+02
3.64074707E+06,-9.90054E+01
3.64379883E+06,-1.00605E+02
3.64685059E+06,-9.72054E+01
3.64990234E+06,-1.01085E+02
3.65295410E+06,-1.07045E+02
3.65600586E+06,-1.10725E+02
3.65905762E+06,-1.10225E+02
3.66210938E+06,-1.04545E+02
3.66516113E+06,-1.02365E+02
3.66821289E+06,-1.06825E+02
3.67126465E+06,-1.00225E+02
3.67431641E+06,-9.36654E+01
3.67736816E+06,-9.56054E+01
3.68041992E+06,-1.01325E+02
3.68347168E+06,-9.75654E+01
3.68652344E+06,-9.69654E+01
3.68957520E+06,-1.02505E+02
3.69262695E+06,-1.02865E+02
3.69567871E+06,-1.07865E+02
3.69873047E+06,-1.03545E+02
3.70178223E+06,-1.06925E+02
3.70483398E+06,-1.13965E+02
3.70788574E+06,-1.10825E+02
3.71093750E+06,-9.75654E+01
3.71398926E+06,-9.69854E+01
3.71704102E+06,-9.68654E+01
3.72009277E+06,-1.00505E+02
3.72314453E+06,-8.97854E+01
3.72619629E+06,-8.87054E+01
3.72924805E+06,-9.81054E+01
3.73229980E+06,-1.05645E+02
3.73535156E+06,-1.04645E+02
3.73840332E+06,-1.02925E+02
3.74145508E+06,-1.02385E+02
3.74450684E+06,-1.03625E+02
3.74755859E+06,-9.05054E+01
3.75061035E+06,-9.02854E+01
3.75366211E+06,-1.03445E+02
3.75671387E+06,-9.56454E+01
3.75976562E+06,-9.45054E+01
3.76281738E+06,-9.43054E+01
3.76586914E+06,-1.03225E+02
3.76892090E+06,-9.68054E+01
3.77197266E+06,-9.89854E+01
3.77502441E+06,-1.08345E+02
3.77807617E+06,-9.90054E+01
3.78112793E+06,-9.43654E+01
3.78417969E+06,-9.77054E+01
3.78723145E+06,-1.03845E+02
3.79028320E+06,-9.88454E+01
3.79333496E+06,-9.75254E+01
3.79638672E+06,-9.45454E+01
3.79943848E+06,-9.12854E+01
3.80249023E+06,-9.87054E+01
3.80554199E+06,-1.02925E+02
3.80859375E+06,-1.06685E+02
3.81164551E+06,-1.02645E+02
3.81469727E+06,-1.03705E+02
3.81774902E+06,-1.11245E+02
3.82080078E+06,-1.07265E+02
3.82385254E+06,-9.31654E+01
3.82690430E+06,-9.26254E+01
3.82995605E+06,-1.05785E+02
3.83300781E+06,-9.47854E+01
3.83605957E+06,-9.68854E+01
3.83911133E+06,-1.03725E+02
3.84216309E+06,-9.92454E+01
3.84521484E+06,-1.00585E+02
3.84826660E+06,-9.57254E+01
3.85131836E+06,-1.08825E+02
3.85437012E+06,-9.91654E+01
3.85742188E+06,-1.06265E+02
3.86047363E+06,-1.05145E+02
3.86352539E+06,-1.06365E+02
3.86657715E+06,-1.01865E+02
3.86962891E+06,-1.08005E+02
3.87268066E+06,-1.15265E+02
3.87573242E+06,-9.95854E+01
3.87878418E+06,-9.60054E+01
3.88183594E+06,-1.02085E+02
3.88488770E+06,-9.42254E+01
3.88793945E+06,-9.23854E+01
3.89099121E+06,-1.02325E+02
3.89404297E+06,-9.68054E+01
3.89709473E+06,-8.88654E+01
3.90014648E+06,-8.95254E+01
3.90319824E+06,-1.01945E+02
3.90625000E+06,-1.09685E+02
3.90930176E+06,-1.02325E+02
3.91235352E+06,-1.01545E+02
3.91540527E+06,-1.01445E+02
3.91845703E+06,-9.47454E+01
3.92150879E+06,-1.00125E+02
3.92456055E+06,-9.23854E+01
3.92761230E+06,-8.93454E+01
3.93066406E+06,-9.41454E+01
3.93371582E+06,-1.06625E+02
3.93676758E+06,-9.90854E+01
3.93981934E+06,-1.05045E+02
3.94287109E+06,-9.38454E+01
3.94592285E+06,-1.06765E+02
3.94897461E+06,-9.15654E+01
3.95202637E+06,-9.99054E+01
3.95507812E+06,-1.13965E+02
3.95812988E+06,-1.08505E+02
3.96118164E+06,-9.99454E+01
3.96423340E+06,-9.89054E+01
3.96728516E+06,-9.73054E+01
3.97033691E+06,-1.00685E+02
3.97338867E+06,-9.98854E+01
3.97644043E+06,-9.50854E+01
3.97949219E+06,-9.53254E+01
3.98254395E+06,-9.71254E+01
3.98559570E+06,-1.03445E+02
3.98864746E+06,-1.07545E+02
3.99169922E+06,-1.02225E+02
3.99475098E+06,-1.05945E+02
3.99780273E+06,-8.61254E+01
4.00085449E+06,-8.57654E+01
4.00390625E+06,-9.51254E+01
4.00695801E+06,-9.90854E+01
4.01000977E+06,-1.06805E+02
4.01306152E+06,-1.13705E+02
4.01611328E+06,-1.04465E+02
4.01916504E+06,-1.02765E+02
4.02221680E+06,-1.11585E+02
4.02526855E+06,-1.03665E+02
4.02832031E+06,-1.12745E+02
4.03137207E+06,-1.11445E+02
4.03442383E+06,-9.84854E+01
4.03747559E+06,-9.77854E+01
4.04052734E+06,-1.00625E+02
4.04357910E+06,-9.73454E+01
4.04663086E+06,-9.36254E+01
4.04968262E+06,-9.10654E+01
4.05273438E+06,-1.01405E+02
4.05578613E+06,-1.07525E+02
4.05883789E+06,-1.16585E+02
4.06188965E+06,-1.07965E+02
4.06494141E+06,-1.07725E+02
4.06799316E+06,-9.20854E+01
4.07104492E+06,-9.13654E+01
4.07409668E+06,-9.42854E+01
4.07714844E+06,-9.92854E+01
4.08020020E+06,-1.00425E+02
4.08325195E+06,-1.07785E+02
4.08630371E+06,-1.02425E+02
4.08935547E+06,-1.07985E+02
4.09240723E+06,-9.89654E+01
4.09545898E+06,-1.01325E+02
4.09851074E+06,-8.96654E+01
4.10156250E+06,-9.23054E+01
4.10461426E+06,-1.09945E+02
4.10766602E+06,-1.00905E+02
4.11071777E+06,-9.59454E+01
4.11376953E+06,-9.90254E+01
4.11682129E+06,-1.05225E+02
4.11987305E+06,-1.14365E+02
4.12292480E+06,-9.42854E+01
4.12597656E+06,-9.41854E+01
4.12902832E+06,-1.00025E+02
4.13208008E+06,-9.78854E+01
4.13513184E+06,-1.03505E+02
4.13818359E+06,-1.00545E+02
4.14123535E+06,-1.03305E+02
4.14428711E+06,-1.05665E+02
4.14733887E+06,-9.44454E+01
4.15039062E+06,-9.69054E+01
4.15344238E+06,-1.05885E+02
4.15649414E+06,-1.04905E+02
4.15954590E+06,-1.09605E+02
4.16259766E+06,-1.11245E+02
4.16564941E+06,-9.56654E+01
4.16870117E+06,-9.42254E+01
4.17175293E+06,-1.01305E+02
4.17480469E+06,-9.59054E+01
4.17785645E+06,-9.41854E+01
4.18090820E+06,-9.59454E+01
4.18395996E+06,-9.52054E+01
4.18701172E+06,-9.73054E+01
4.19006348E+06,-1.03585E+02
4.19311523E+06,-9.97254E+01
4.19616699E+06,-1.01565E+02
4.19921875E+06,-9.04054E+01
4.20227051E+06,-9.09454E+01
4.20532227E+06,-9.75854E+01
4.20837402E+06,-1.02745E+02
4.21142578E+06,-1.08545E+02
4.21447754E+06,-9.85254E+01
4.21752930E+06,-9.44654E+01
4.22058105E+06,-9.72054E+01
4.22363281E+06,-9.81254E+01
4.22668457E+06,-9.52854E+01
4.22973633E+06,-1.10885E+02
4.23278809E+06,-9.99054E+01
4.23583984E+06,-9.79254E+01
4.23889160E+06,-9.93254E+01
4.24194336E+06,-1.00985E+02
4.24499512E+06,-1.02745E+02
4.24804688E+06,-9.73454E+01
4.25109863E+06,-9.96054E+01
4.25415039E+06,-1.03265E+02
4.25720215E+06,-1.04005E+02
4.26025391E+06,-1.10505E+02
4.26330566E+06,-9.68854E+01
4.26635742E+06,-1.00785E+02
4.26940918E+06,-1.02825E+02
4.27246094E+06,-9.61454E+01
4.27551270E+06,-1.01225E+02
4.27856445E+06,-1.07625E+02
4.28161621E+06,-1.05805E+02
4.28466797E+06,-1.02565E+02
4.28771973E+06,-1.01485E+02
4.29077148E+06,-9.62454E+01
4.29382324E+06,-1.02745E+02
4.29687500E+06,-1.03325E+02
4.29992676E+06,-1.09005E+02
4.30297852E+06,-9.82854E+01
4.30603027E+06,-1.01025E+02
4.30908203E+06,-1.13545E+02
4.31213379E+06,-9.96654E+01
4.31518555E+06,-1.07525E+02
4.31823730E+06,-1.12125E+02
4.32128906E+06,-1.01425E+02
4.32434082E+06,-9.23654E+01
4.32739258E+06,-9.09854E+01
4.33044434E+06,-9.86254E+01
4.33349609E+06,-1.02085E+02
4.33654785E+06,-9.63654E+01
4.33959961E+06,-1.03465E+02
4.34265137E+06,-9.88054E+01
4.34570312E+06,-1.07365E+02
4.34875488E+06,-9.70054E+01
4.35180664E+06,-1.11905E+02
4.35485840E+06,-1.00145E+02
4.35791016E+06,-1.01905E+02
4.36096191E+06,-9.83654E+01
4.36401367E+06,-9.60054E+01
4.36706543E+06,-1.01245E+02
4.37011719E+06,-1.21085E+02
4.37316895E+06,-1.08825E+02
4.37622070E+06,-1.03665E+02
4.37927246E+06,-1.15465E+02
4.38232422E+06,-1.06065E+02
4.38537598E+06,-1.04225E+02
4.38842773E+06,-1.06245E+02
4.39147949E+06,-1.01965E+02
4.39453125E+06,-9.80254E+01
4.39758301E+06,-9.20654E+01
4.40063477E+06,-9.46054E+01
4.40368652E+06,-1.01385E+02
4.40673828E+06,-1.12765E+02
4.40979004E+06,-1.06525E+02
4.41284180E+06,-1.10905E+02
4.41589355E+06,-1.09525E+02
4.41894531E+06,-1.11545E+02
4.42199707E+06,-9.73854E+01
4.42504883E+06,-9.03654E+01
4.42810059E+06,-9.54654E+01
4.43115234E+06,-9.64854E+01
4.43420410E+06,-9.35854E+01
4.43725586E+06,-9.52454E+01
4.44030762E+06,-9.56254E+01
4.44335938E+06,-9.68854E+01
4.44641113E+06,-9.80654E+01
4.44946289E+06,-1.00425E+02
4.45251465E+06,-1.03965E+02
4.45556641E+06,-1.02905E+02
4.45861816E+06,-1.03165E+02
4.46166992E+06,-9.70054E+01
4.46472168E+06,-9.58654E+01
4.46777344E+06,-9.65254E+01
4.47082520E+06,-1.12245E+02
4.47387695E+06,-9.55654E+01
4.47692871E+06,-9.55254E+01
4.47998047E+06,-1.01685E+02
4.48303223E+06,-9.99654E+01
4.48608398E+06,-9.67854E+01
4.48913574E+06,-9.81254E+01
4.49218750E+06,-9.79654E+01
4.49523926E+06,-9.51454E+01
4.49829102E+06,-9.26854E+01
4.50134277E+06,-9.29654E+01
4.50439453E+06,-9.90454E+01
4.50744629E+06,-1.03885E+02
4.51049805E+06,-9.42854E+01
4.51354980E+06,-9.38454E+01
4.51660156E+06,-1.02425E+02
4.51965332E+06,-1.11225E+02
4.52270508E+06,-9.50854E+01
4.52575684E+06,-9.22254E+01
4.52880859E+06,-9.89454E+01
4.53186035E+06,-1.06705E+02
4.53491211E+06,-1.13025E+02
4.53796387E+06,-1.03665E+02
4.54101562E+06,-1.01145E+02
4.54406738E+06,-9.80454E+01
4.54711914E+06,-1.04365E+02
4.55017090E+06,-9.18054E+01
4.55322266E+06,-9.46454E+01
4.55627441E+06,-9.86654E+01
4.55932617E+06,-9.54254E+01
4.56237793E+06,-9.56254E+01
4.56542969E+06,-9.42254E+01
4.56848145E+06,-9.35454E+01
4.57153320E+06,-9.70654E+01
4.57458496E+06,-1.15945E+02
4.57763672E+06,-9.81854E+01
4.58068848E+06,-1.01525E+02
4.58374023E+06,-1.08585E+02
4.58679199E+06,-1.00085E+02
4.58984375E+06,-9.80854E+01
4.59289551E+06,-9.82254E+01
4.59594727E+06,-1.06685E+02
4.59899902E+06,-9.22854E+01
4.60205078E+06,-9.22254E+01
4.60510254E+06,-9.82054E+01
4.60815430E+06,-9.58654E+01
4.61120605E+06,-9.51654E+01
4.61425781E+06,-1.01745E+02
4.61730957E+06,-1.02045E+02
4.62036133E+06,-9.60054E+01
4.62341309E+06,-9.81454E+01
4.62646484E+06,-1.05805E+02
4.62951660E+06,-1.02325E+02
4.63256836E+06,-1.00985E+02
4.63562012E+06,-1.00125E+02
4.63867188E+06,-9.62454E+01
4.64172363E+06,-1.01045E+02
4.64477539E+06,-9.65654E+01
4.64782715E+06,-9.59854E+01
4.65087891E+06,-9.40454E+01
4.65393066E+06,-1.02145E+02
4.65698242E+06,-1.02165E+02
4.66003418E+06,-9.81854E+01
4.66308594E+06,-9.65054E+01
4.66613770E+06,-9.94854E+01
4.66918945E+06,-1.03625E+02
4.67224121E+06,-1.11505E+02
4.67529297E+06,-9.99454E+01
4.67834473E+06,-9.87854E+01
4.68139648E+06,-1.06225E+02
4.68444824E+06,-9.73854E+01
4.68750000E+06,-9.27454E+01
4.69055176E+06,-9.78854E+01
4.69360352E+06,-9.98054E+01
4.69665527E+06,-8.59054E+01
4.69970703E+06,-8.37254E+01
4.70275879E+06,-8.96054E+01
4.70581055E+06,-9.50654E+01
4.70886230E+06,-9.60654E+01
4.71191406E+06,-9.80854E+01
4.71496582E+06,-1.00985E+02
4.71801758E+06,-1.08425E+02
4.72106934E+06,-1.09005E+02
4.72412109E+06,-8.98054E+01
4.72717285E+06,-8.77454E+01
4.73022461E+06,-9.39254E+01
4.73327637E+06,-9.94254E+01
4.73632812E+06,-1.00565E+02
4.73937988E+06,-1.02685E+02
4.74243164E+06,-1.05865E+02
4.74548340E+06,-1.02165E+02
4.74853516E+06,-9.84654E+01
4.75158691E+06,-1.10325E+02
4.75463867E+06,-9.97054E+01
4.75769043E+06,-1.03765E+02
4.76074219E+06,-1.02165E+02
4.76379395E+06,-9.67854E+01
4.76684570E+06,-9.88254E+01
4.76989746E+06,-9.64454E+01
4.77294922E+06,-9.50854E+01
4.77600098E+06,-9.62654E+01
4.77905273E+06,-1.01345E+02
4.78210449E+06,-1.05005E+02
4.78515625E+06,-1.04305E+02
4.78820801E+06,-9.85654E+01
4.79125977E+06,-1.00805E+02
4.79431152E+06,-1.02205E+02
4.79736328E+06,-9.06654E+01
4.80041504E+06,-9.03254E+01
4.80346680E+06,-9.58854E+01
4.80651855E+06,-1.03965E+02
4.80957031E+06,-1.06585E+02
4.81262207E+06,-9.88054E+01
4.81567383E+06,-1.01105E+02
4.81872559E+06,-9.52454E+01
4.82177734E+06,-9.22254E+01
4.82482910E+06,-9.66854E+01
4.82788086E+06,-1.03805E+02
4.83093262E+06,-1.07085E+02
4.83398438E+06,-1.02685E+02
4.83703613E+06,-9.94254E+01
4.84008789E+06,-9.89054E+01
4.84313965E+06,-9.80854E+01
4.84619141E+06,-9.17454E+01
4.84924316E+06,-8.80054E+01
4.85229492E+06,-9.04854E+01
4.85534668E+06,-9.45054E+01
4.85839844E+06,-1.00025E+02
4.86145020E+06,-1.03125E+02
4.86450195E+06,-1.00585E+02
4.86755371E+06,-9.73454E+01
4.87060547E+06,-9.76854E+01
4.87365723E+06,-9.65854E+01
4.87670898E+06,-9.47254E+01
4.87976074E+06,-1.00405E+02
4.88281250E+06,-1.14085E+02
4.88586426E+06,-1.03305E+02
4.88891602E+06,-1.05885E+02
4.89196777E+06,-9.49054E+01
4.89501953E+06,-9.62654E+01
4.89807129E+06,-1.05005E+02
4.90112305E+06,-1.02825E+02
4.90417480E+06,-1.00785E+02
4.90722656E+06,-1.03185E+02
4.91027832E+06,-1.04265E+02
4.91333008E+06,-1.00505E+02
4.91638184E+06,-1.06645E+02
4.91943359E+06,-1.04145E+02
4.92248535E+06,-9.51854E+01
4.92553711E+06,-9.11454E+01
4.92858887E+06,-9.75654E+01
4.93164062E+06,-1.01965E+02
4.93469238E+06,-9.44254E+01
4.93774414E+06,-9.62454E+01
4.94079590E+06,-1.03305E+02
4.94384766E+06,-1.06265E+02
4.94689941E+06,-9.69254E+01
4.94995117E+06,-9.68654E+01
4.95300293E+06,-9.97054E+01
4.95605469E+06,-1.01045E+02
4.95910645E+06,-1.07985E+02
4.96215820E+06,-9.92254E+01
4.96520996E+06,-9.61254E+01
4.96826172E+06,-1.05605E+02
4.97131348E+06,-1.11305E+02
4.97436523E+06,-1.05365E+02
4.97741699E+06,-1.01565E+02
4.98046875E+06,-1.00545E+02
4.98352051E+06,-9.94054E+01
4.98657227E+06,-9.71654E+01
4.98962402E+06,-1.03065E+02
4.99267578E+06,-1.06805E+02
4.99572754E+06,-9.93454E+01
4.99877930E+06,-9.27454E+01
5.00183105E+06,-9.48454E+01
5.00488281E+06,-1.02705E+02
5.00793457E+06,-9.64454E+01
5.01098633E+06,-1.00245E+02
5.01403809E+06,-1.03225E+02
5.01708984E+06,-9.84854E+01
5.02014160E+06,-9.47054E+01
5.02319336E+06,-9.36654E+01
5.02624512E+06,-9.81054E+01
5.02929688E+06,-9.64654E+01
5.03234863E+06,-9.29254E+01
5.03540039E+06,-9.37054E+01
5.03845215E+06,-1.03885E+02
5.04150391E+06,-1.06225E+02
5.04455566E+06,-1.08765E+02
5.04760742E+06,-9.76654E+01
5.05065918E+06,-9.47454E+01
5.05371094E+06,-9.68854E+01
5.05676270E+06,-9.42854E+01
5.05981445E+06,-9.74254E+01
5.06286621E+06,-9.71454E+01
5.06591797E+06,-9.84654E+01
5.06896973E+06,-9.70054E+01
5.07202148E+06,-9.34654E+01
5.07507324E+06,-9.64854E+01
5.07812500E+06,-1.08805E+02
5.08117676E+06,-1.08445E+02
5.08422852E+06,-1.06765E+02
5.08728027E+06,-1.01865E+02
5.09033203E+06,-9.89254E+01
5.09338379E+06,-1.10805E+02
5.09643555E+06,-9.38054E+01
5.09948730E+06,-8.97654E+01
5.10253906E+06,-9.96654E+01
5.10559082E+06,-9.87654E+01
5.10864258E+06,-9.68854E+01
5.11169434E+06,-9.60454E+01
5.11474609E+06,-1.01325E+02
5.11779785E+06,-1.00045E+02
5.12084961E+06,-1.06025E+02
5.12390137E+06,-9.77654E+01
5.12695312E+06,-9.75654E+01
5.13000488E+06,-1.08305E+02
5.13305664E+06,-1.08745E+02
5.13610840E+06,-1.03325E+02
5.13916016E+06,-1.10485E+02
5.14221191E+06,-1.00445E+02
5.14526367E+06,-1.11185E+02
5.14831543E+06,-9.34454E+01
5.15136719E+06,-9.94254E+01
5.15441895E+06,-1.00365E+02
5.15747070E+06,-9.98854E+01
5.16052246E+06,-1.05245E+02
5.16357422E+06,-1.06485E+02
5.16662598E+06,-9.81854E+01
5.16967773E+06,-1.01565E+02
5.17272949E+06,-9.77654E+01
5.17578125E+06,-1.16425E+02
5.17883301E+06,-1.00185E+02
5.18188477E+06,-9.76854E+01
5.18493652E+06,-9.47454E+01
5.18798828E+06,-9.53854E+01
5.19104004E+06,-9.79654E+01
5.19409180E+06,-9.83454E+01
5.19714355E+06,-9.38854E+01
5.20019531E+06,-9.20054E+01
5.20324707E+06,-9.71454E+01
5.20629883E+06,-9.47054E+01
5.20935059E+06,-9.37054E+01
5.21240234E+06,-9.89054E+01
5.21545410E+06,-1.10305E+02
5.21850586E+06,-1.02225E+02
5.22155762E+06,-9.57254E+01
5.22460938E+06,-9.03854E+01
5.22766113E+06,-9.43254E+01
5.23071289E+06,-1.00425E+02
5.23376465E+06,-1.07645E+02
5.23681641E+06,-9.92054E+01
5.23986816E+06,-1.02485E+02
5.24291992E+06,-9.82054E+01
5.24597168E+06,-9.86654E+01
5.24902344E+06,-9.78654E+01
5.25207520E+06,-1.04445E+02
5.25512695E+06,-9.68454E+01
5.25817871E+06,-9.18654E+01
5.26123047E+06,-8.99654E+01
5.26428223E+06,-9.49054E+01
5.26733398E+06,-1.04365E+02
5.27038574E+06,-1.04445E+02
5.27343750E+06,-1.01205E+02
5.27648926E+06,-1.00165E+02
5.27954102E+06,-1.03165E+02
5.28259277E+06,-1.02905E+02
5.28564453E+06,-9.79854E+01
5.28869629E+06,-1.04045E+02
5.29174805E+06,-1.02165E+02
5.29479980E+06,-9.76254E+01
5.29785156E+06,-9.31854E+01
5.30090332E+06,-9.29254E+01
5.30395508E+06,-1.00405E+02
5.30700684E+06,-1.12825E+02
5.31005859E+06,-1.00005E+02
5.31311035E+06,-1.01525E+02
5.31616211E+06,-1.02005E+02
5.31921387E+06,-9.78054E+01
5.32226562E+06,-1.11225E+02
5.32531738E+06,-9.59654E+01
5.32836914E+06,-9.93254E+01
5.33142090E+06,-1.01005E+02
5.33447266E+06,-9.65254E+01
5.33752441E+06,-1.00785E+02
5.34057617E+06,-1.10885E+02
5.34362793E+06,-9.62254E+01
5.34667969E+06,-9.66254E+01
5.34973145E+06,-9.77454E+01
5.35278320E+06,-1.02685E+02
5.35583496E+06,-1.10585E+02
5.35888672E+06,-1.10845E+02
5.36193848E+06,-1.09305E+02
5.36499023E+06,-1.18145E+02
5.36804199E+06,-1.19445E+02
5.37109375E+06,-1.00825E+02
5.37414551E+06,-9.93454E+01
5.37719727E+06,-1.09725E+02
5.38024902E+06,-1.17405E+02
5.38330078E+06,-1.05725E+02
5.38635254E+06,-9.92054E+01
5.38940430E+06,-9.73454E+01
5.39245605E+06,-9.85054E+01
5.39550781E+06,-9.98654E+01
5.39855957E+06,-1.03305E+02
5.40161133E+06,-1.10545E+02
5.40466309E+06,-1.06385E+02
5.40771484E+06,-1.08365E+02
5.41076660E+06,-1.19365E+02
5.41381836E+06,-1.05865E+02
5.41687012E+06,-9.45654E+01
5.41992188E+06,-9.47454E+01
5.42297363E+06,-1.02005E+02
5.42602539E+06,-9.94454E+01
5.42907715E+06,-1.00365E+02
5.43212891E+06,-1.03585E+02
5.43518066E+06,-1.25805E+02
5.43823242E+06,-1.04305E+02
5.44128418E+06,-1.00565E+02
5.44433594E+06,-9.61854E+01
5.44738770E+06,-8.87254E+01
5.45043945E+06,-9.00854E+01
5.45349121E+06,-1.02225E+02
5.45654297E+06,-9.32654E+01
5.45959473E+06,-9.33254E+01
5.46264648E+06,-9.45254E+01
5.46569824E+06,-9.63854E+01
5.46875000E+06,-9.87054E+01
5.47180176E+06,-1.05345E+02
5.47485352E+06,-9.93854E+01
5.47790527E+06,-1.10225E+02
5.48095703E+06,-9.96254E+01
5.48400879E+06,-9.74254E+01
5.48706055E+06,-1.00005E+02
5.49011230E+06,-1.01045E+02
5.49316406E+06,-9.69054E+01
5.49621582E+06,-9.96854E+01
5.49926758E+06,-9.76454E+01
5.50231934E+06,-9.87654E+01
5.50537109E+06,-1.00205E+02
5.50842285E+06,-9.73854E+01
5.51147461E+06,-9.25654E+01
5.51452637E+06,-9.17054E+01
5.51757812E+06,-1.00025E+02
5.52062988E+06,-9.96454E+01
5.52368164E+06,-1.02385E+02
5.52673340E+06,-9.56254E+01
5.52978516E+06,-9.46054E+01
5.53283691E+06,-1.00665E+02
5.53588867E+06,-1.03445E+02
5.53894043E+06,-9.98054E+01
5.54199219E+06,-1.06485E+02
5.54504395E+06,-1.09845E+02
5.54809570E+06,-9.60454E+01
5.55114746E+06,-9.22254E+01
5.55419922E+06,-9.59054E+01
5.55725098E+06,-1.09305E+02
5.56030273E+06,-9.92854E+01
5.56335449E+06,-1.16105E+02
5.56640625E+06,-1.03765E+02
5.56945801E+06,-9.97454E+01
5.57250977E+06,-1.19645E+02
5.57556152E+06,-9.93054E+01
5.57861328E+06,-1.00925E+02
5.58166504E+06,-9.77854E+01
5.58471680E+06,-1.00245E+02
5.58776855E+06,-1.01905E+02
5.59082031E+06,-1.08945E+02
5.59387207E+06,-9.74654E+01
5.59692383E+06,-9.14054E+01
5.59997559E+06,-9.23054E+01
5.60302734E+06,-1.04425E+02
5.60607910E+06,-9.37054E+01
5.60913086E+06,-9.79254E+01
5.61218262E+06,-1.03085E+02
5.61523438E+06,-1.04465E+02
5.61828613E+06,-1.02365E+02
5.62133789E+06,-9.45254E+01
5.62438965E+06,-9.77654E+01
5.62744141E+06,-1.16005E+02
5.63049316E+06,-9.79254E+01
5.63354492E+06,-9.36254E+01
5.63659668E+06,-9.98054E+01
5.63964844E+06,-1.00145E+02
5.64270020E+06,-1.06605E+02
5.64575195E+06,-9.68254E+01
5.64880371E+06,-9.27054E+01
5.65185547E+06,-9.88254E+01
5.65490723E+06,-1.09045E+02
5.65795898E+06,-1.10505E+02
5.66101074E+06,-1.02045E+02
5.66406250E+06,-1.08365E+02
5.66711426E+06,-1.01525E+02
5.67016602E+06,-9.55854E+01
5.67321777E+06,-9.50454E+01
5.67626953E+06,-1.01505E+02
5.67932129E+06,-9.49454E+01
5.68237305E+06,-1.00445E+02
5.68542480E+06,-9.64654E+01
5.68847656E+06,-9.31254E+01
5.69152832E+06,-9.59054E+01
5.69458008E+06,-1.00085E+02
5.69763184E+06,-9.93454E+01
5.70068359E+06,-9.95054E+01
5.70373535E+06,-1.05205E+02
5.70678711E+06,-1.03805E+02
5.70983887E+06,-1.03065E+02
5.71289062E+06,-9.96454E+01
5.71594238E+06,-1.04665E+02
5.71899414E+06,-1.11045E+02
5.72204590E+06,-1.03885E+02
5.72509766E+06,-9.55054E+01
5.72814941E+06,-9.60454E+01
5.73120117E+06,-1.06725E+02
5.73425293E+06,-1.12085E+02
5.73730469E+06,-1.05785E+02
5.74035645E+06,-9.97654E+01
5.74340820E+06,-1.03445E+02
5.74645996E+06,-9.67654E+01
5.74951172E+06,-9.09254E+01
5.75256348E+06,-9.63854E+01
5.75561523E+06,-9.54254E+01
5.75866699E+06,-9.81054E+01
5.76171875E+06,-9.91254E+01
5.76477051E+06,-9.40054E+01
5.76782227E+06,-9.86654E+01
5.77087402E+06,-1.00445E+02
5.77392578E+06,-1.06805E+02
5.77697754E+06,-1.21705E+02
5.78002930E+06,-9.99854E+01
5.78308105E+06,-9.61654E+01
5.78613281E+06,-1.01805E+02
5.78918457E+06,-1.09605E+02
5.79223633E+06,-1.02445E+02
5.79528809E+06,-1.08465E+02
5.79833984E+06,-9.45054E+01
5.80139160E+06,-9.31854E+01
5.80444336E+06,-9.84054E+01
5.80749512E+06,-1.01025E+02
5.81054688E+06,-1.02445E+02
5.81359863E+06,-1.04625E+02
5.81665039E+06,-1.06445E+02
5.81970215E+06,-1.02745E+02
5.82275391E+06,-9.77054E+01
5.82580566E+06,-9.25654E+01
5.82885742E+06,-9.99654E+01
5.83190918E+06,-1.01245E+02
5.83496094E+06,-1.02985E+02
5.83801270E+06,-1.06725E+02
5.84106445E+06,-1.00985E+02
5.84411621E+06,-1.02325E+02
5.84716797E+06,-1.02625E+02
5.85021973E+06,-9.97854E+01
5.85327148E+06,-1.02925E+02
5.85632324E+06,-1.01945E+02
5.85937500E+06,-1.07545E+02
5.86242676E+06,-1.06365E+02
5.86547852E+06,-1.00805E+02
5.86853027E+06,-9.63454E+01
5.87158203E+06,-9.71454E+01
5.87463379E+06,-9.95854E+01
5.87768555E+06,-1.03705E+02
5.88073730E+06,-1.02045E+02
5.88378906E+06,-9.65054E+01
5.88684082E+06,-9.40054E+01
5.88989258E+06,-1.03185E+02
5.89294434E+06,-1.02065E+02
5.89599609E+06,-9.14254E+01
5.89904785E+06,-8.79454E+01
5.90209961E+06,-9.15454E+01
5.90515137E+06,-9.89054E+01
5.90820312E+06,-1.01985E+02
5.91125488E+06,-9.20854E+01
5.91430664E+06,-9.11854E+01
5.91735840E+06,-9.75454E+01
5.92041016E+06,-1.02385E+02
5.92346191E+06,-1.15105E+02
5.92651367E+06,-1.03625E+02
5.92956543E+06,-1.08985E+02
5.93261719E+06,-1.09265E+02
5.93566895E+06,-1.03225E+02
5.93872070E+06,-1.05545E+02
5.94177246E+06,-1.04725E+02
5.94482422E+06,-9.97454E+01
5.94787598E+06,-9.21254E+01
5.95092773E+06,-9.30854E+01
5.95397949E+06,-1.04385E+02
5.95703125E+06,-1.03805E+02
5.96008301E+06,-9.68854E+01
5.96313477E+06,-9.49254E+01
5.96618652E+06,-1.01985E+02
5.96923828E+06,-1.02985E+02
5.97229004E+06,-1.03805E+02
5.97534180E+06,-9.95454E+01
5.97839355E+06,-9.68454E+01
5.98144531E+06,-9.95654E+01
5.98449707E+06,-9.93054E+01
5.98754883E+06,-9.79454E+01
5.99060059E+06,-9.61654E+01
5.99365234E+06,-1.00305E+02
5.99670410E+06,-9.56454E+01
5.99975586E+06,-9.04654E+01
6.00280762E+06,-9.59654E+01
6.00585938E+06,-9.89854E+01
6.00891113E+06,-9.99854E+01
6.01196289E+06,-1.06205E+02
6.01501465E+06,-9.89054E+01
6.01806641E+06,-1.00825E+02
6.02111816E+06,-1.05425E+02
6.02416992E+06,-9.97454E+01
6.02722168E+06,-1.00425E+02
6.03027344E+06,-1.04005E+02
6.03332520E+06,-1.05645E+02
6.03637695E+06,-1.04665E+02
6.03942871E+06,-1.00885E+02
6.04248047E+06,-1.02825E+02
6.04553223E+06,-1.07445E+02
6.04858398E+06,-1.07545E+02
6.05163574E+06,-1.01285E+02
6.05468750E+06,-9.76854E+01
6.05773926E+06,-9.53854E+01
6.06079102E+06,-1.00305E+02
6.06384277E+06,-1.04525E+02
6.06689453E+06,-1.00085E+02
6.06994629E+06,-9.72254E+01
6.07299805E+06,-9.49854E+01
6.07604980E+06,-1.04405E+02
6.07910156E+06,-9.57454E+01
6.08215332E+06,-9.64854E+01
6.08520508E+06,-1.04645E+02
6.08825684E+06,-1.00285E+02
6.09130859E+06,-9.83854E+01
6.09436035E+06,-1.06565E+02
6.09741211E+06,-1.05565E+02
6.10046387E+06,-1.00845E+02
6.10351562E+06,-1.04725E+02
6.10656738E+06,-1.03405E+02
6.10961914E+06,-9.72854E+01
6.11267090E+06,-9.47054E+01
6.11572266E+06,-9.69654E+01
6.11877441E+06,-1.08085E+02
6.12182617E+06,-9.79054E+01
6.12487793E+06,-9.51454E+01
6.12792969E+06,-9.58654E+01
6.13098145E+06,-9.83654E+01
6.13403320E+06,-9.91654E+01
6.13708496E+06,-9.86254E+01
6.14013672E+06,-1.00925E+02
6.14318848E+06,-9.45054E+01
6.14624023E+06,-9.81654E+01
6.14929199E+06,-1.00245E+02
6.15234375E+06,-1.04565E+02
6.15539551E+06,-1.06385E+02
6.15844727E+06,-9.75854E+01
6.16149902E+06,-9.87054E+01
6.16455078E+06,-9.95854E+01
6.16760254E+06,-9.27654E+01
6.17065430E+06,-9.11654E+01
6.17370605E+06,-9.72654E+01
6.17675781E+06,-1.08805E+02
6.17980957E+06,-1.07625E+02
6.18286133E+06,-1.11485E+02
6.18591309E+06,-1.03365E+02
6.18896484E+06,-1.00805E+02
6.19201660E+06,-9.78054E+01
6.19506836E+06,-9.92454E+01
6.19812012E+06,-9.85654E+01
6.20117188E+06,-9.74054E+01
6.20422363E+06,-9.25254E+01
6.20727539E+06,-9.24454E+01
6.21032715E+06,-1.01885E+02
6.21337891E+06,-1.09485E+02
6.21643066E+06,-1.05505E+02
6.21948242E+06,-9.61654E+01
6.22253418E+06,-9.58654E+01
6.22558594E+06,-9.83454E+01
6.22863770E+06,-9.97454E+01
6.23168945E+06,-1.08745E+02
6.23474121E+06,-1.18385E+02
6.23779297E+06,-1.04005E+02
6.24084473E+06,-9.83054E+01
6.24389648E+06,-9.66054E+01
6.24694824E+06,-9.80654E+01
6.25000000E+06,-1.04085E+02
6.25305176E+06,-1.02285E+02
6.25610352E+06,-1.08705E+02
6.25915527E+06,-1.05305E+02
6.26220703E+06,-1.04085E+02
6.26525879E+06,-9.87454E+01
6.26831055E+06,-9.38454E+01
6.27136230E+06,-9.56854E+01
6.27441406E+06,-9.37654E+01
6.27746582E+06,-1.01385E+02
6.28051758E+06,-1.02425E+02
6.28356934E+06,-9.84054E+01
6.28662109E+06,-9.69254E+01
6.28967285E+06,-9.56654E+01
6.29272461E+06,-9.99654E+01
6.29577637E+06,-9.53054E+01
6.29882812E+06,-9.42654E+01
6.30187988E+06,-9.83854E+01
6.30493164E+06,-1.01985E+02
6.30798340E+06,-9.67454E+01
6.31103516E+06,-1.00265E+02
6.31408691E+06,-1.38245E+02
6.31713867E+06,-1.04545E+02
6.32019043E+06,-9.62654E+01
6.32324219E+06,-9.55254E+01
6.32629395E+06,-1.01385E+02
6.32934570E+06,-9.77454E+01
6.33239746E+06,-9.69054E+01
6.33544922E+06,-1.05365E+02
6.33850098E+06,-1.00365E+02
6.34155273E+06,-9.71054E+01
6.34460449E+06,-1.03265E+02
6.34765625E+06,-9.59254E+01
6.35070801E+06,-9.24854E+01
6.35375977E+06,-9.34654E+01
6.35681152E+06,-1.08705E+02
6.35986328E+06,-9.92454E+01
6.36291504E+06,-1.09505E+02
6.36596680E+06,-9.73854E+01
6.36901855E+06,-9.85054E+01
6.37207031E+06,-1.00745E+02
6.37512207E+06,-1.00845E+02
6.37817383E+06,-9.51654E+01
6.38122559E+06,-9.88654E+01
6.38427734E+06,-1.03885E+02
6.38732910E+06,-9.63054E+01
6.39038086E+06,-9.65654E+01
6.39343262E+06,-1.06605E+02
6.39648438E+06,-1.02145E+02
6.39953613E+06,-9.49254E+01
6.40258789E+06,-9.89054E+01
6.40563965E+06,-1.06405E+02
6.40869141E+06,-1.01345E+02
6.41174316E+06,-9.94854E+01
6.41479492E+06,-1.08385E+02
6.41784668E+06,-1.09685E+02
6.42089844E+06,-1.07805E+02
6.42395020E+06,-1.01185E+02
6.42700195E+06,-1.05425E+02
6.43005371E+06,-9.86854E+01
6.43310547E+06,-9.82454E+01
6.43615723E+06,-1.08065E+02
6.43920898E+06,-9.90854E+01
6.44226074E+06,-9.55654E+01
6.44531250E+06,-9.91254E+01
6.44836426E+06,-9.19654E+01
6.45141602E+06,-9.02454E+01
6.45446777E+06,-9.36654E+01
6.45751953E+06,-1.03085E+02
6.46057129E+06,-1.04945E+02
6.46362305E+06,-1.26745E+02
6.46667480E+06,-1.02385E+02
6.46972656E+06,-1.06905E+02
6.47277832E+06,-1.08865E+02
6.47583008E+06,-9.49454E+01
6.47888184E+06,-9.47454E+01
6.48193359E+06,-9.91454E+01
6.48498535E+06,-1.01045E+02
6.48803711E+06,-9.99654E+01
6.49108887E+06,-9.95454E+01
6.49414062E+06,-9.80854E+01
6.49719238E+06,-9.45654E+01
6.50024414E+06,-9.77854E+01
6.50329590E+06,-9.77454E+01
6.50634766E+06,-9.28654E+01
6.50939941E+06,-9.57254E+01
6.51245117E+06,-1.00525E+02
6.51550293E+06,-9.72054E+01
6.51855469E+06,-9.85654E+01
6.52160645E+06,-9.89854E+01
6.52465820E+06,-9.89254E+01
6.52770996E+06,-1.06105E+02
6.53076172E+06,-1.08085E+02
6.53381348E+06,-1.03845E+02
6.53686523E+06,-1.01905E+02
6.53991699E+06,-1.03545E+02
6.54296875E+06,-1.07525E+02
6.54602051E+06,-9.54254E+01
6.54907227E+06,-8.72854E+01
6.55212402E+06,-9.22454E+01
6.55517578E+06,-1.11365E+02
6.55822754E+06,-1.04045E+02
6.56127930E+06,-1.05705E+02
6.56433105E+06,-9.99454E+01
6.56738281E+06,-1.03445E+02
6.57043457E+06,-1.04745E+02
6.57348633E+06,-1.04625E+02
6.57653809E+06,-1.09165E+02
6.57958984E+06,-9.41854E+01
6.58264160E+06,-9.19854E+01
6.58569336E+06,-9.60254E+01
6.58874512E+06,-9.60054E+01
6.59179688E+06,-9.98454E+01
6.59484863E+06,-9.66454E+01
6.59790039E+06,-9.47454E+01
6.60095215E+06,-9.51654E+01
6.60400391E+06,-9.56254E+01
6.60705566E+06,-9.94854E+01
6.61010742E+06,-9.88054E+01
6.61315918E+06,-1.02825E+02
6.61621094E+06,-1.00645E+02
6.61926270E+06,-9.35454E+01
6.62231445E+06,-9.34054E+01
6.62536621E+06,-9.52654E+01
6.62841797E+06,-9.47854E+01
6.63146973E+06,-9.80854E+01
6.63452148E+06,-1.02385E+02
6.63757324E+06,-1.01225E+02
6.64062500E+06,-9.65254E+01
6.64367676E+06,-1.03025E+02
6.64672852E+06,-9.46654E+01
6.64978027E+06,-9.29254E+01
6.65283203E+06,-1.04525E+02
6.65588379E+06,-9.82054E+01
6.65893555E+06,-9.64654E+01
6.66198730E+06,-9.49654E+01
6.66503906E+06,-9.62454E+01
6.66809082E+06,-1.07165E+02
6.67114258E+06,-9.73854E+01
6.67419434E+06,-1.03885E+02
6.67724609E+06,-9.44254E+01
6.68029785E+06,-9.82054E+01
6.68334961E+06,-1.09945E+02
6.68640137E+06,-1.05665E+02
6.68945312E+06,-1.01505E+02
6.69250488E+06,-1.00365E+02
6.69555664E+06,-9.97054E+01
6.69860840E+06,-9.79654E+01
6.70166016E+06,-1.00265E+02
6.70471191E+06,-1.03085E+02
6.70776367E+06,-9.88054E+01
6.71081543E+06,-9.43854E+01
6.71386719E+06,-9.43254E+01
6.71691895E+06,-1.02825E+02
6.71997070E+06,-1.06025E+02
6.72302246E+06,-9.63254E+01
6.72607422E+06,-9.75054E+01
6.72912598E+06,-9.73254E+01
6.73217773E+06,-9.83854E+01
6.73522949E+06,-1.03365E+02
6.73828125E+06,-1.01705E+02
6.74133301E+06,-1.04185E+02
6.74438477E+06,-1.07425E+02
6.74743652E+06,-9.79254E+01
6.75048828E+06,-9.54854E+01
6.75354004E+06,-1.00265E+02
6.75659180E+06,-9.81454E+01
6.75964355E+06,-1.00325E+02
6.76269531E+06,-1.05345E+02
6.76574707E+06,-9.61254E+01
6.76879883E+06,-9.45854E+01
6.77185059E+06,-1.03265E+02
6.77490234E+06,-9.67854E+01
6.77795410E+06,-1.03845E+02
6.78100586E+06,-9.83854E+01
6.78405762E+06,-9.86254E+01
6.78710938E+06,-9.58454E+01
6.79016113E+06,-9.77854E+01
6.79321289E+06,-1.15945E+02
6.79626465E+06,-1.06305E+02
6.79931641E+06,-1.18545E+02
6.80236816E+06,-1.06105E+02
6.80541992E+06,-9.95054E+01
6.80847168E+06,-9.75254E+01
6.81152344E+06,-9.91254E+01
6.81457520E+06,-1.04465E+02
6.81762695E+06,-1.03585E+02
6.82067871E+06,-1.04545E+02
6.82373047E+06,-1.09865E+02
6.82678223E+06,-1.05145E+02
6.82983398E+06,-1.09105E+02
6.83288574E+06,-1.01825E+02
6.83593750E+06,-1.03265E+02
6.83898926E+06,-1.15685E+02
6.84204102E+06,-1.01865E+02
6.84509277E+06,-1.02145E+02
6.84814453E+06,-1.10225E+02
6.85119629E+06,-9.70054E+01
6.85424805E+06,-9.62254E+01
6.85729980E+06,-9.79054E+01
6.86035156E+06,-9.35454E+01
6.86340332E+06,-9.75054E+01
6.86645508E+06,-1.01365E+02
6.86950684E+06,-9.56854E+01
6.87255859E+06,-9.79654E+01
6.87561035E+06,-9.60054E+01
6.87866211E+06,-9.76854E+01
6.88171387E+06,-1.04865E+02
6.88476562E+06,-1.00225E+02
6.88781738E+06,-9.97654E+01
6.89086914E+06,-9.79054E+01
6.89392090E+06,-1.03925E+02
6.89697266E+06,-9.98054E+01
6.90002441E+06,-9.34654E+01
6.90307617E+06,-9.90254E+01
6.90612793E+06,-1.04145E+02
6.90917969E+06,-9.51054E+01
6.91223145E+06,-9.87454E+01
6.91528320E+06,-1.23085E+02
6.91833496E+06,-1.02745E+02
6.92138672E+06,-9.49654E+01
6.92443848E+06,-9.71854E+01
6.92749023E+06,-1.01985E+02
6.93054199E+06,-1.00505E+02
6.93359375E+06,-1.03405E+02
6.93664551E+06,-9.94854E+01
6.93969727E+06,-9.82654E+01
6.94274902E+06,-1.15605E+02
6.94580078E+06,-9.54454E+01
6.94885254E+06,-9.10254E+01
6.95190430E+06,-9.09654E+01
6.95495605E+06,-9.39654E+01
6.95800781E+06,-9.84654E+01
6.96105957E+06,-9.91854E+01
6.96411133E+06,-1.02305E+02
6.96716309E+06,-1.04645E+02
6.97021484E+06,-1.00325E+02
6.97326660E+06,-9.24454E+01
6.97631836E+06,-9.04654E+01
6.97937012E+06,-9.51054E+01
6.98242188E+06,-9.97654E+01
6.98547363E+06,-1.05745E+02
6.98852539E+06,-9.38454E+01
6.99157715E+06,-9.15854E+01
6.99462891E+06,-9.55654E+01
6.99768066E+06,-1.03125E+02
7.00073242E+06,-1.01885E+02
7.00378418E+06,-1.01565E+02
7.00683594E+06,-9.54254E+01
7.00988770E+06,-1.04525E+02
7.01293945E+06,-1.04185E+02
7.01599121E+06,-1.11185E+02
7.01904297E+06,-1.03185E+02
7.02209473E+06,-1.00725E+02
7.02514648E+06,-9.51854E+01
7.02819824E+06,-1.01145E+02
7.03125000E+06,-1.04185E+02
7.03430176E+06,-9.88054E+01
7.03735352E+06,-1.00645E+02
7.04040527E+06,-1.08045E+02
7.04345703E+06,-1.03125E+02
7.04650879E+06,-1.02645E+02
7.04956055E+06,-9.86454E+01
7.05261230E+06,-1.00025E+02
7.05566406E+06,-9.60254E+01
7.05871582E+06,-1.10885E+02
7.06176758E+06,-1.00905E+02
7.06481934E+06,-1.03305E+02
7.06787109E+06,-1.08845E+02
7.07092285E+06,-1.07005E+02
7.07397461E+06,-9.94854E+01
7.07702637E+06,-9.75454E+01
7.08007812E+06,-9.57654E+01
7.08312988E+06,-1.00205E+02
7.08618164E+06,-1.14045E+02
7.08923340E+06,-1.01805E+02
7.09228516E+06,-1.07365E+02
7.09533691E+06,-9.26254E+01
7.09838867E+06,-9.13454E+01
7.10144043E+06,-9.70654E+01
7.10449219E+06,-1.10145E+02
7.10754395E+06,-1.04945E+02
7.11059570E+06,-9.81254E+01
7.11364746E+06,-9.66054E+01
7.11669922E+06,-9.63254E+01
7.11975098E+06,-1.00345E+02
7.12280273E+06,-9.62254E+01
7.12585449E+06,-9.57454E+01
7.12890625E+06,-1.00765E+02
7.13195801E+06,-9.65654E+01
7.13500977E+06,-9.34454E+01
7.13806152E+06,-9.52654E+01
7.14111328E+06,-9.98654E+01
7.14416504E+06,-1.00845E+02
7.14721680E+06,-8.83054E+01
7.15026855E+06,-8.65454E+01
7.15332031E+06,-9.36654E+01
7.15637207E+06,-1.01545E+02
7.15942383E+06,-1.01665E+02
7.16247559E+06,-9.97254E+01
7.16552734E+06,-9.80454E+01
7.16857910E+06,-1.00405E+02
7.17163086E+06,-1.01105E+02
7.17468262E+06,-9.69854E+01
7.17773438E+06,-9.71054E+01
7.18078613E+06,-9.70254E+01
7.18383789E+06,-9.94854E+01
7.18688965E+06,-9.78254E+01
7.18994141E+06,-1.05025E+02
7.19299316E+06,-1.04845E+02
7.19604492E+06,-9.77854E+01
7.19909668E+06,-8.99854E+01
7.20214844E+06,-9.34454E+01
7.20520020E+06,-1.03405E+02
7.20825195E+06,-9.54054E+01
7.21130371E+06,-9.21654E+01
7.21435547E+06,-9.21454E+01
7.21740723E+06,-9.57854E+01
7.22045898E+06,-1.04425E+02
7.22351074E+06,-9.36254E+01
7.22656250E+06,-9.34654E+01
7.22961426E+06,-9.20854E+01
7.23266602E+06,-9.38454E+01
7.23571777E+06,-1.05225E+02
7.23876953E+06,-1.19585E+02
7.24182129E+06,-9.75254E+01
7.24487305E+06,-9.64054E+01
7.24792480E+06,-9.27054E+01
7.25097656E+06,-9.62254E+01
7.25402832E+06,-1.08365E+02
7.25708008E+06,-1.12005E+02
7.26013184E+06,-1.01365E+02
7.26318359E+06,-9.65254E+01
7.26623535E+06,-9.69854E+01
7.26928711E+06,-1.00765E+02
7.27233887E+06,-9.79054E+01
7.27539062E+06,-9.89054E+01
7.27844238E+06,-9.76054E+01
7.28149414E+06,-9.72254E+01
7.28454590E+06,-9.43454E+01
7.28759766E+06,-9.92454E+01
7.29064941E+06,-1.06285E+02
7.29370117E+06,-1.04185E+02
7.29675293E+06,-9.21254E+01
7.29980469E+06,-9.01254E+01
7.30285645E+06,-9.66054E+01
7.30590820E+06,-1.05225E+02
7.30895996E+06,-9.80254E+01
7.31201172E+06,-9.92654E+01
7.31506348E+06,-9.72054E+01
7.31811523E+06,-9.41854E+01
7.32116699E+06,-9.37054E+01
7.32421875E+06,-9.55454E+01
7.32727051E+06,-9.94054E+01
7.33032227E+06,-1.01705E+02
7.33337402E+06,-1.00065E+02
7.33642578E+06,-1.02865E+02
7.33947754E+06,-9.91454E+01
7.34252930E+06,-1.00145E+02
7.34558105E+06,-9.97654E+01
7.34863281E+06,-9.17454E+01
7.35168457E+06,-9.33654E+01
7.35473633E+06,-1.02925E+02
7.35778809E+06,-1.02685E+02
7.36083984E+06,-1.11825E+02
7.36389160E+06,-1.05945E+02
7.36694336E+06,-1.08265E+02
7.36999512E+06,-1.11565E+02
7.37304688E+06,-1.01165E+02
7.37609863E+06,-1.04185E+02
7.37915039E+06,-9.78054E+01
7.38220215E+06,-1.02225E+02
7.38525391E+06,-1.04465E+02
7.38830566E+06,-1.03725E+02
7.39135742E+06,-1.03125E+02
7.39440918E+06,-9.56254E+01
7.39746094E+06,-9.00254E+01
7.40051270E+06,-8.88454E+01
7.40356445E+06,-9.60454E+01
7.40661621E+06,-9.81254E+01
7.40966797E+06,-9.96254E+01
7.41271973E+06,-1.08725E+02
7.41577148E+06,-1.03845E+02
7.41882324E+06,-9.55054E+01
7.42187500E+06,-9.55254E+01
7.42492676E+06,-9.85454E+01
7.42797852E+06,-9.87654E+01
7.43103027E+06,-9.77054E+01
7.43408203E+06,-9.85854E+01
7.43713379E+06,-9.72254E+01
7.44018555E+06,-1.03965E+02
7.44323730E+06,-1.00865E+02
7.44628906E+06,-9.92454E+01
7.44934082E+06,-9.62854E+01
7.45239258E+06,-1.01365E+02
7.45544434E+06,-1.04725E+02
7.45849609E+06,-1.21965E+02
7.46154785E+06,-1.14825E+02
7.46459961E+06,-1.06825E+02
7.46765137E+06,-1.10405E+02
7.47070312E+06,-1.12065E+02
7.47375488E+06,-1.00105E+02
7.47680664E+06,-9.80254E+01
7.47985840E+06,-1.01945E+02
7.48291016E+06,-9.48454E+01
7.48596191E+06,-1.00885E+02
7.48901367E+06,-1.03325E+02
7.49206543E+06,-1.02205E+02
7.49511719E+06,-1.14985E+02
7.49816895E+06,-1.09665E+02
7.50122070E+06,-1.02505E+02
7.50427246E+06,-1.00405E+02
7.50732422E+06,-1.11125E+02
7.51037598E+06,-1.10085E+02
7.51342773E+06,-1.07085E+02
7.51647949E+06,-1.13405E+02
7.51953125E+06,-1.04445E+02
7.52258301E+06,-9.92654E+01
7.52563477E+06,-9.75854E+01
7.52868652E+06,-1.08905E+02
7.53173828E+06,-1.03025E+02
7.53479004E+06,-9.34054E+01
7.53784180E+06,-9.51854E+01
7.54089355E+06,-9.61254E+01
7.54394531E+06,-9.36654E+01
7.54699707E+06,-9.71254E+01
7.55004883E+06,-1.03305E+02
7.55310059E+06,-1.02825E+02
7.55615234E+06,-9.35854E+01
7.55920410E+06,-9.84454E+01
7.56225586E+06,-1.03265E+02
7.56530762E+06,-9.65854E+01
7.56835938E+06,-1.01685E+02
7.57141113E+06,-1.06225E+02
7.57446289E+06,-1.01185E+02
7.57751465E+06,-1.10625E+02
7.58056641E+06,-9.84054E+01
7.58361816E+06,-9.96654E+01
7.58666992E+06,-1.06385E+02
7.58972168E+06,-1.01305E+02
7.59277344E+06,-1.01745E+02
7.59582520E+06,-9.08654E+01
7.59887695E+06,-8.94454E+01
7.60192871E+06,-9.26454E+01
7.60498047E+06,-9.64454E+01
7.60803223E+06,-1.02425E+02
7.61108398E+06,-1.18565E+02
7.61413574E+06,-1.02865E+02
7.61718750E+06,-9.99454E+01
7.62023926E+06,-9.66854E+01
7.62329102E+06,-9.44054E+01
7.62634277E+06,-1.01805E+02
7.62939453E+06,-9.95854E+01
7.63244629E+06,-9.46054E+01
7.63549805E+06,-9.62654E+01
7.63854980E+06,-1.05225E+02
7.64160156E+06,-1.00645E+02
7.64465332E+06,-1.03545E+02
7.64770508E+06,-1.00565E+02
7.65075684E+06,-1.00405E+02
7.65380859E+06,-1.05465E+02
7.65686035E+06,-1.00845E+02
7.65991211E+06,-9.76054E+01
7.66296387E+06,-9.64654E+01
7.66601562E+06,-9.47454E+01
7.66906738E+06,-9.49654E+01
7.67211914E+06,-1.03585E+02
7.67517090E+06,-1.00125E+02
7.67822266E+06,-1.01505E+02
7.68127441E+06,-1.04045E+02
7.68432617E+06,-1.01105E+02
7.68737793E+06,-9.64854E+01
7.69042969E+06,-1.11325E+02
7.69348145E+06,-9.83654E+01
7.69653320E+06,-1.00805E+02
7.69958496E+06,-1.01025E+02
7.70263672E+06,-1.08565E+02
7.70568848E+06,-1.08765E+02
7.70874023E+06,-1.13185E+02
7.71179199E+06,-1.07445E+02
7.71484375E+06,-9.78254E+01
7.71789551E+06,-9.90654E+01
7.72094727E+06,-9.82054E+01
7.72399902E+06,-1.00365E+02
7.72705078E+06,-1.06005E+02
7.73010254E+06,-9.97454E+01
7.73315430E+06,-9.51054E+01
7.73620605E+06,-9.69054E+01
7.73925781E+06,-9.63054E+01
7.74230957E+06,-9.29254E+01
7.74536133E+06,-9.45654E+01
7.74841309E+06,-1.05645E+02
7.75146484E+06,-1.16185E+02
7.75451660E+06,-1.09945E+02
7.75756836E+06,-1.03465E+02
7.76062012E+06,-1.00105E+02
7.76367188E+06,-1.08285E+02
7.76672363E+06,-1.08705E+02
7.76977539E+06,-1.05605E+02
7.77282715E+06,-9.87454E+01
7.77587891E+06,-1.00125E+02
7.77893066E+06,-1.06265E+02
7.78198242E+06,-9.62254E+01
7.78503418E+06,-9.48454E+01
7.78808594E+06,-9.93054E+01
7.79113770E+06,-1.15905E+02
7.79418945E+06,-9.71654E+01
7.79724121E+06,-9.65054E+01
7.80029297E+06,-1.11185E+02
7.80334473E+06,-9.78454E+01
7.80639648E+06,-1.00525E+02
7.80944824E+06,-1.03705E+02
7.81250000E+06,-9.63454E+01
7.81555176E+06,-9.52254E+01
7.81860352E+06,-9.40054E+01
7.82165527E+06,-9.90054E+01
7.82470703E+06,-9.27654E+01
7.82775879E+06,-9.44654E+01
7.83081055E+06,-1.04305E+02
7.83386230E+06,-1.02825E+02
7.83691406E+06,-1.00985E+02
7.83996582E+06,-1.05645E+02
7.84301758E+06,-9.68054E+01
7.84606934E+06,-9.82054E+01
7.84912109E+06,-9.91454E+01
7.85217285E+06,-9.59054E+01
7.85522461E+06,-9.68054E+01
7.85827637E+06,-9.59054E+01
7.86132812E+06,-1.01285E+02
7.86437988E+06,-9.67854E+01
7.86743164E+06,-9.39654E+01
7.87048340E+06,-1.16265E+02
7.87353516E+06,-9.65254E+01
7.87658691E+06,-9.70454E+01
7.87963867E+06,-1.01325E+02
7.88269043E+06,-1.05325E+02
7.88574219E+06,-1.05945E+02
7.88879395E+06,-9.77654E+01
7.89184570E+06,-9.49454E+01
7.89489746E+06,-1.01165E+02
7.89794922E+06,-9.49854E+01
7.90100098E+06,-9.41854E+01
7.90405273E+06,-1.04965E+02
7.90710449E+06,-1.12205E+02
7.91015625E+06,-1.03585E+02
7.91320801E+06,-9.81254E+01
7.91625977E+06,-9.96054E+01
7.91931152E+06,-1.19445E+02
7.92236328E+06,-1.03365E+02
7.92541504E+06,-1.03185E+02
7.92846680E+06,-9.86454E+01
7.93151855E+06,-9.76054E+01
7.93457031E+06,-9.99454E+01
7.93762207E+06,-1.00225E+02
7.94067383E+06,-9.76454E+01
7.94372559E+06,-9.40454E+01
7.94677734E+06,-9.65054E+01
7.94982910E+06,-9.18854E+01
7.95288086E+06,-9.40854E+01
7.95593262E+06,-9.81054E+01
7.95898438E+06,-9.70054E+01
7.96203613E+06,-1.00405E+02
7.96508789E+06,-1.01905E+02
7.96813965E+06,-9.60254E+01
7.97119141E+06,-9.82054E+01
7.97424316E+06,-1.03065E+02
7.97729492E+06,-1.00105E+02
7.98034668E+06,-9.90654E+01
7.98339844E+06,-9.86054E+01
7.98645020E+06,-1.01345E+02
7.98950195E+06,-1.00005E+02
7.99255371E+06,-9.64254E+01
7.99560547E+06,-9.47854E+01
7.99865723E+06,-9.29854E+01
8.00170898E+06,-1.01645E+02
8.00476074E+06,-1.03965E+02
8.00781250E+06,-9.65654E+01
8.01086426E+06,-9.76654E+01
8.01391602E+06,-1.02585E+02
8.01696777E+06,-9.64454E+01
8.02001953E+06,-9.80054E+01
8.02307129E+06,-9.29854E+01
8.02612305E+06,-9.74054E+01
8.02917480E+06,-1.00785E+02
8.03222656E+06,-9.81254E+01
8.03527832E+06,-9.44254E+01
8.03833008E+06,-9.78454E+01
8.04138184E+06,-1.05525E+02
8.04443359E+06,-9.98454E+01
8.04748535E+06,-9.76654E+01
8.05053711E+06,-9.97254E+01
8.05358887E+06,-1.09005E+02
8.05664062E+06,-9.93654E+01
8.05969238E+06,-9.78454E+01
8.06274414E+06,-9.42654E+01
8.06579590E+06,-1.05565E+02
8.06884766E+06,-9.87054E+01
8.07189941E+06,-9.81654E+01
8.07495117E+06,-1.22585E+02
8.07800293E+06,-1.00485E+02
8.08105469E+06,-1.05845E+02
8.08410645E+06,-1.04445E+02
8.08715820E+06,-1.05165E+02
8.09020996E+06,-1.02865E+02
8.09326172E+06,-9.69654E+01
8.09631348E+06,-8.99054E+01
8.09936523E+06,-8.79654E+01
8.10241699E+06,-9.32254E+01
8.10546875E+06,-9.45254E+01
8.10852051E+06,-1.03125E+02
8.11157227E+06,-1.07425E+02
8.11462402E+06,-1.00445E+02
8.11767578E+06,-1.00545E+02
8.12072754E+06,-1.00425E+02
8.12377930E+06,-9.40454E+01
8.12683105E+06,-9.54454E+01
8.12988281E+06,-9.67654E+01
8.13293457E+06,-9.61854E+01
8.13598633E+06,-9.52854E+01
8.13903809E+06,-1.01045E+02
8.14208984E+06,-1.08805E+02
8.14514160E+06,-9.86854E+01
8.14819336E+06,-1.05065E+02
8.15124512E+06,-1.00205E+02
8.15429688E+06,-1.08665E+02
8.15734863E+06,-1.03165E+02
8.16040039E+06,-9.97854E+01
8.16345215E+06,-9.86854E+01
8.16650391E+06,-9.69654E+01
8.16955566E+06,-9.79254E+01
8.17260742E+06,-9.78454E+01
8.17565918E+06,-1.02685E+02
8.17871094E+06,-9.74454E+01
8.18176270E+06,-1.04845E+02
8.18481445E+06,-1.01765E+02
8.18786621E+06,-1.11165E+02
8.19091797E+06,-9.96254E+01
8.19396973E+06,-1.01005E+02
8.19702148E+06,-1.10565E+02
8.20007324E+06,-1.01065E+02
8.20312500E+06,-9.33254E+01
8.20617676E+06,-9.11454E+01
8.20922852E+06,-9.32254E+01
8.21228027E+06,-9.87454E+01
8.21533203E+06,-9.18854E+01
8.21838379E+06,-9.49454E+01
8.22143555E+06,-1.00905E+02
8.22448730E+06,-9.60454E+01
8.22753906E+06,-9.85054E+01
8.23059082E+06,-1.02765E+02
8.23364258E+06,-9.62854E+01
8.23669434E+06,-1.00225E+02
8.23974609E+06,-1.19305E+02
8.24279785E+06,-1.27365E+02
8.24584961E+06,-9.71454E+01
8.24890137E+06,-9.18054E+01
8.25195312E+06,-9.62654E+01
8.25500488E+06,-1.04145E+02
8.25805664E+06,-1.08165E+02
8.26110840E+06,-1.04085E+02
8.26416016E+06,-9.96654E+01
8.26721191E+06,-1.07605E+02
8.27026367E+06,-1.06305E+02
8.27331543E+06,-1.06985E+02
8.27636719E+06,-9.87654E+01
8.27941895E+06,-9.88054E+01
8.28247070E+06,-9.97854E+01
8.28552246E+06,-1.00105E+02
8.28857422E+06,-1.07465E+02
8.29162598E+06,-1.03225E+02
8.29467773E+06,-1.02525E+02
8.29772949E+06,-1.02685E+02
8.30078125E+06,-1.04145E+02
8.30383301E+06,-1.05805E+02
8.30688477E+06,-1.07085E+02
8.30993652E+06,-1.04865E+02
8.31298828E+06,-1.02385E+02
8.31604004E+06,-1.01145E+02
8.31909180E+06,-9.43454E+01
8.32214355E+06,-9.34654E+01
8.32519531E+06,-9.80054E+01
8.32824707E+06,-1.06685E+02
8.33129883E+06,-9.82054E+01
8.33435059E+06,-9.94854E+01
8.33740234E+06,-9.52254E+01
8.34045410E+06,-1.03805E+02
8.34350586E+06,-1.07685E+02
8.34655762E+06,-1.00105E+02
8.34960938E+06,-9.75254E+01
8.35266113E+06,-9.91654E+01
8.35571289E+06,-9.91254E+01
8.35876465E+06,-1.02485E+02
8.36181641E+06,-9.78054E+01
8.36486816E+06,-9.82654E+01
8.36791992E+06,-1.02005E+02
8.37097168E+06,-9.61854E+01
8.37402344E+06,-9.58854E+01
8.37707520E+06,-9.60054E+01
8.38012695E+06,-9.39654E+01
8.38317871E+06,-9.41854E+01
8.38623047E+06,-1.00085E+02
8.38928223E+06,-1.00525E+02
8.39233398E+06,-1.13845E+02
8.39538574E+06,-9.61454E+01
8.39843750E+06,-9.44854E+01
8.40148926E+06,-9.58654E+01
8.40454102E+06,-9.44854E+01
8.40759277E+06,-9.32254E+01
8.41064453E+06,-9.43854E+01
8.41369629E+06,-1.00005E+02
8.41674805E+06,-9.73454E+01
8.41979980E+06,-9.60654E+01
8.42285156E+06,-9.93254E+01
8.42590332E+06,-9.39654E+01
8.42895508E+06,-9.61654E+01
8.43200684E+06,-9.88054E+01
8.43505859E+06,-9.88254E+01
8.43811035E+06,-1.06885E+02
8.44116211E+06,-1.01865E+02
8.44421387E+06,-1.02985E+02
8.44726562E+06,-1.04605E+02
8.45031738E+06,-1.01385E+02
8.45336914E+06,-1.01905E+02
8.45642090E+06,-1.04545E+02
8.45947266E+06,-1.06045E+02
8.46252441E+06,-1.05145E+02
8.46557617E+06,-9.97254E+01
8.46862793E+06,-1.00045E+02
8.47167969E+06,-1.02065E+02
8.47473145E+06,-9.88454E+01
8.47778320E+06,-9.75254E+01
8.48083496E+06,-9.87054E+01
8.48388672E+06,-9.68454E+01
8.48693848E+06,-9.63854E+01
8.48999023E+06,-1.00245E+02
8.49304199E+06,-1.05705E+02
8.49609375E+06,-9.60254E+01
8.49914551E+06,-9.11054E+01
8.50219727E+06,-9.96254E+01
8.50524902E+06,-1.01525E+02
8.50830078E+06,-1.04865E+02
8.51135254E+06,-1.04005E+02
8.51440430E+06,-1.00585E+02
8.51745605E+06,-9.40454E+01
8.52050781E+06,-9.98654E+01
8.52355957E+06,-1.03505E+02
8.52661133E+06,-9.53254E+01
8.52966309E+06,-9.85654E+01
8.53271484E+06,-1.16125E+02
8.53576660E+06,-1.05645E+02
8.53881836E+06,-1.01685E+02
8.54187012E+06,-1.00305E+02
8.54492188E+06,-1.00205E+02
8.54797363E+06,-8.82054E+01
8.55102539E+06,-8.88454E+01
8.55407715E+06,-9.86254E+01
8.55712891E+06,-1.04525E+02
8.56018066E+06,-9.81254E+01
8.56323242E+06,-9.67454E+01
8.56628418E+06,-9.93054E+01
8.56933594E+06,-1.08225E+02
8.57238770E+06,-1.09605E+02
8.57543945E+06,-1.04745E+02
8.57849121E+06,-9.90054E+01
8.58154297E+06,-1.09725E+02
8.58459473E+06,-9.45254E+01
8.58764648E+06,-9.36654E+01
8.59069824E+06,-9.78454E+01
8.59375000E+06,-9.80054E+01
8.59680176E+06,-9.37654E+01
8.59985352E+06,-9.66854E+01
8.60290527E+06,-1.05665E+02
8.60595703E+06,-9.77254E+01
8.60900879E+06,-9.56054E+01
8.61206055E+06,-9.77254E+01
8.61511230E+06,-1.04305E+02
8.61816406E+06,-1.00085E+02
8.62121582E+06,-1.01125E+02
8.62426758E+06,-9.50054E+01
8.62731934E+06,-9.84254E+01
8.63037109E+06,-9.98454E+01
8.63342285E+06,-9.89454E+01
8.63647461E+06,-9.72454E+01
8.63952637E+06,-9.70454E+01
8.64257812E+06,-1.03185E+02
8.64562988E+06,-1.04545E+02
8.64868164E+06,-1.03185E+02
8.65173340E+06,-9.94454E+01
8.65478516E+06,-1.07425E+02
8.65783691E+06,-1.04185E+02
8.66088867E+06,-1.10765E+02
8.66394043E+06,-1.12325E+02
8.66699219E+06,-9.44054E+01
8.67004395E+06,-9.70254E+01
8.67309570E+06,-1.00865E+02
8.67614746E+06,-1.00945E+02
8.67919922E+06,-1.08985E+02
8.68225098E+06,-9.92454E+01
8.68530273E+06,-1.02065E+02
8.68835449E+06,-1.07925E+02
8.69140625E+06,-1.19905E+02
8.69445801E+06,-9.88454E+01
8.69750977E+06,-8.70654E+01
8.70056152E+06,-8.65254E+01
8.70361328E+06,-9.65254E+01
8.70666504E+06,-1.03665E+02
8.70971680E+06,-9.73054E+01
8.71276855E+06,-9.40054E+01
8.71582031E+06,-1.04865E+02
8.71887207E+06,-1.01865E+02
8.72192383E+06,-9.61254E+01
8.72497559E+06,-9.65454E+01
8.72802734E+06,-9.81654E+01
8.73107910E+06,-1.02085E+02
8.73413086E+06,-1.08685E+02
8.73718262E+06,-9.85054E+01
8.74023438E+06,-9.48454E+01
8.74328613E+06,-1.00185E+02
8.74633789E+06,-1.08465E+02
8.74938965E+06,-9.28254E+01
8.75244141E+06,-8.91254E+01
8.75549316E+06,-9.03654E+01
8.75854492E+06,-9.16854E+01
8.76159668E+06,-9.78854E+01
8.76464844E+06,-1.03585E+02
8.76770020E+06,-1.08105E+02
8.77075195E+06,-9.71254E+01
8.77380371E+06,-9.70254E+01
8.77685547E+06,-9.84054E+01
8.77990723E+06,-1.01665E+02
8.78295898E+06,-1.10465E+02
8.78601074E+06,-9.84854E+01
8.78906250E+06,-9.28054E+01
8.79211426E+06,-9.35454E+01
8.79516602E+06,-9.93854E+01
8.79821777E+06,-9.56454E+01
8.80126953E+06,-9.77854E+01
8.80432129E+06,-1.02245E+02
8.80737305E+06,-1.07025E+02
8.81042480E+06,-9.95854E+01
8.81347656E+06,-9.94454E+01
8.81652832E+06,-1.00785E+02
8.81958008E+06,-1.06245E+02
8.82263184E+06,-9.62654E+01
8.82568359E+06,-9.11454E+01
8.82873535E+06,-9.66454E+01
8.83178711E+06,-9.54054E+01
8.83483887E+06,-9.76054E+01
8.83789062E+06,-1.15885E+02
8.84094238E+06,-1.01645E+02
8.84399414E+06,-1.01245E+02
8.84704590E+06,-1.12245E+02
8.85009766E+06,-1.14185E+02
8.85314941E+06,-1.03885E+02
8.85620117E+06,-1.00545E+02
8.85925293E+06,-9.28054E+01
8.86230469E+06,-9.62854E+01
8.86535645E+06,-1.04585E+02
8.86840820E+06,-9.74254E+01
8.87145996E+06,-9.84454E+01
8.87451172E+06,-9.78654E+01
8.87756348E+06,-9.49254E+01
8.88061523E+06,-9.71454E+01
8.88366699E+06,-1.04525E+02
8.88671875E+06,-1.05365E+02
8.88977051E+06,-1.03025E+02
8.89282227E+06,-1.00585E+02
8.89587402E+06,-1.02045E+02
8.89892578E+06,-1.07085E+02
8.90197754E+06,-1.01345E+02
8.90502930E+06,-9.98454E+01
8.90808105E+06,-1.01325E+02
8.91113281E+06,-1.01785E+02
8.91418457E+06,-1.00205E+02
8.91723633E+06,-1.01345E+02
8.92028809E+06,-1.08885E+02
8.92333984E+06,-9.73254E+01
8.92639160E+06,-9.34454E+01
8.92944336E+06,-9.31854E+01
8.93249512E+06,-9.42254E+01
8.93554688E+06,-1.01105E+02
8.93859863E+06,-1.00405E+02
8.94165039E+06,-9.33254E+01
8.94470215E+06,-9.71054E+01
8.94775391E+06,-9.77254E+01
8.95080566E+06,-9.74654E+01
8.95385742E+06,-9.77654E+01
8.95690918E+06,-9.62854E+01
8.95996094E+06,-9.95454E+01
8.96301270E+06,-1.03225E+02
8.96606445E+06,-9.76654E+01
8.96911621E+06,-9.49454E+01
8.97216797E+06,-9.76054E+01
8.97521973E+06,-9.43654E+01
8.97827148E+06,-1.00905E+02
8.98132324E+06,-1.01785E+02
8.98437500E+06,-9.64854E+01
8.98742676E+06,-9.57654E+01
8.99047852E+06,-1.06265E+02
8.99353027E+06,-9.72854E+01
8.99658203E+06,-1.04425E+02
8.99963379E+06,-9.74854E+01
9.00268555E+06,-9.55654E+01
9.00573730E+06,-9.51454E+01
9.00878906E+06,-9.56254E+01
9.01184082E+06,-9.58054E+01
9.01489258E+06,-9.67054E+01
9.01794434E+06,-1.01105E+02
9.02099609E+06,-1.01665E+02
9.02404785E+06,-9.04854E+01
9.02709961E+06,-9.40054E+01
9.03015137E+06,-1.03085E+02
9.03320312E+06,-9.48254E+01
9.03625488E+06,-9.43054E+01
9.03930664E+06,-1.02625E+02
9.04235840E+06,-1.01745E+02
9.04541016E+06,-9.17654E+01
9.04846191E+06,-8.61054E+01
9.05151367E+06,-8.96054E+01
9.05456543E+06,-9.82654E+01
9.05761719E+06,-9.72654E+01
9.06066895E+06,-9.45054E+01
9.06372070E+06,-9.38854E+01
9.06677246E+06,-1.04785E+02
9.06982422E+06,-1.07205E+02
9.07287598E+06,-1.03365E+02
9.07592773E+06,-9.50054E+01
9.07897949E+06,-1.01485E+02
9.08203125E+06,-9.70054E+01
9.08508301E+06,-9.43054E+01
9.08813477E+06,-9.89654E+01
9.09118652E+06,-1.13805E+02
9.09423828E+06,-1.02685E+02
9.09729004E+06,-9.05654E+01
9.10034180E+06,-9.05654E+01
9.10339355E+06,-1.10605E+02
9.10644531E+06,-1.14565E+02
9.10949707E+06,-1.04405E+02
9.11254883E+06,-1.00665E+02
9.11560059E+06,-9.86454E+01
9.11865234E+06,-1.00085E+02
9.12170410E+06,-9.43254E+01
9.12475586E+06,-1.03325E+02
9.12780762E+06,-9.75054E+01
9.13085938E+06,-1.04525E+02
9.13391113E+06,-1.02245E+02
9.13696289E+06,-1.04285E+02
9.14001465E+06,-1.08985E+02
9.14306641E+06,-1.09925E+02
9.14611816E+06,-9.84654E+01
9.14916992E+06,-8.79854E+01
9.15222168E+06,-9.05054E+01
9.15527344E+06,-1.01445E+02
9.15832520E+06,-1.04225E+02
9.16137695E+06,-9.58454E+01
9.16442871E+06,-9.26454E+01
9.16748047E+06,-9.82654E+01
9.17053223E+06,-1.01905E+02
9.17358398E+06,-9.63854E+01
9.17663574E+06,-1.10265E+02
9.17968750E+06,-9.92254E+01
9.18273926E+06,-1.00145E+02
9.18579102E+06,-1.00225E+02
9.18884277E+06,-1.16205E+02
9.19189453E+06,-1.01225E+02
9.19494629E+06,-9.44254E+01
9.19799805E+06,-9.41854E+01
9.20104980E+06,-9.95254E+01
9.20410156E+06,-1.07345E+02
9.20715332E+06,-1.08045E+02
9.21020508E+06,-1.04285E+02
9.21325684E+06,-1.08125E+02
9.21630859E+06,-1.11365E+02
9.21936035E+06,-1.07985E+02
9.22241211E+06,-9.69454E+01
9.22546387E+06,-9.59054E+01
9.22851562E+06,-9.81254E+01
9.23156738E+06,-9.68054E+01
9.23461914E+06,-1.06525E+02
9.23767090E+06,-1.03765E+02
9.24072266E+06,-9.83254E+01
9.24377441E+06,-1.10505E+02
9.24682617E+06,-1.03805E+02
9.24987793E+06,-1.01685E+02
9.25292969E+06,-9.94054E+01
9.25598145E+06,-9.83454E+01
9.25903320E+06,-1.05365E+02
9.26208496E+06,-1.09185E+02
9.26513672E+06,-1.07005E+02
9.26818848E+06,-1.00105E+02
9.27124023E+06,-9.70054E+01
9.27429199E+06,-9.74254E+01
9.27734375E+06,-9.45054E+01
9.28039551E+06,-9.46654E+01
9.28344727E+06,-1.01145E+02
9.28649902E+06,-1.01165E+02
9.28955078E+06,-9.44854E+01
9.29260254E+06,-9.52854E+01
9.29565430E+06,-9.94254E+01
9.29870605E+06,-9.36254E+01
9.30175781E+06,-9.43454E+01
9.30480957E+06,-9.87854E+01
9.30786133E+06,-9.92254E+01
9.31091309E+06,-9.49454E+01
9.31396484E+06,-9.92054E+01
9.31701660E+06,-1.03445E+02
9.32006836E+06,-1.04345E+02
9.32312012E+06,-9.92854E+01
9.32617188E+06,-1.03365E+02
9.32922363E+06,-1.06925E+02
9.33227539E+06,-9.73454E+01
9.33532715E+06,-9.69654E+01
9.33837891E+06,-9.65854E+01
9.34143066E+06,-9.74254E+01
9.34448242E+06,-9.83454E+01
9.34753418E+06,-9.16454E+01
9.35058594E+06,-8.94654E+01
9.35363770E+06,-9.92054E+01
9.35668945E+06,-9.95254E+01
9.35974121E+06,-9.92654E+01
9.36279297E+06,-1.01325E+02
9.36584473E+06,-9.87254E+01
9.36889648E+06,-9.52054E+01
9.37194824E+06,-9.46654E+01
9.37500000E+06,-9.42254E+01
9.37805176E+06,-1.03765E+02
9.38110352E+06,-1.02685E+02
9.38415527E+06,-1.05245E+02
9.38720703E+06,-1.02685E+02
9.39025879E+06,-9.96654E+01
9.39331055E+06,-1.00465E+02
9.39636230E+06,-9.66054E+01
9.39941406E+06,-9.48654E+01
9.40246582E+06,-1.03185E+02
9.40551758E+06,-9.54254E+01
9.40856934E+06,-9.41854E+01
9.41162109E+06,-1.00065E+02
9.41467285E+06,-1.02485E+02
9.41772461E+06,-9.97854E+01
9.42077637E+06,-1.09085E+02
9.42382812E+06,-1.03765E+02
9.42687988E+06,-1.07165E+02
9.42993164E+06,-1.00565E+02
9.43298340E+06,-9.80254E+01
9.43603516E+06,-9.81254E+01
9.43908691E+06,-9.51054E+01
9.44213867E+06,-9.66254E+01
9.44519043E+06,-1.00645E+02
9.44824219E+06,-9.48054E+01
9.45129395E+06,-9.41854E+01
9.45434570E+06,-9.46854E+01
9.45739746E+06,-9.21254E+01
9.46044922E+06,-9.46054E+01
9.46350098E+06,-1.04645E+02
9.46655273E+06,-1.00085E+02
9.46960449E+06,-9.84054E+01
9.47265625E+06,-1.04445E+02
9.47570801E+06,-1.02685E+02
9.47875977E+06,-1.03625E+02
9.48181152E+06,-1.04645E+02
9.48486328E+06,-1.01585E+02
9.48791504E+06,-1.06885E+02
9.49096680E+06,-9.64054E+01
9.49401855E+06,-9.08054E+01
9.49707031E+06,-8.84654E+01
9.50012207E+06,-9.37654E+01
9.50317383E+06,-1.15565E+02
9.50622559E+06,-9.48454E+01
9.50927734E+06,-9.05854E+01
9.51232910E+06,-9.04454E+01
9.51538086E+06,-9.40854E+01
9.51843262E+06,-9.89054E+01
9.52148438E+06,-1.08845E+02
9.52453613E+06,-9.70454E+01
9.52758789E+06,-1.00165E+02
9.53063965E+06,-1.07605E+02
9.53369141E+06,-1.08345E+02
9.53674316E+06,-9.93854E+01
9.53979492E+06,-9.18254E+01
9.54284668E+06,-9.24254E+01
9.54589844E+06,-1.01405E+02
9.54895020E+06,-9.55254E+01
9.55200195E+06,-9.33054E+01
9.55505371E+06,-9.64254E+01
9.55810547E+06,-9.64854E+01
9.56115723E+06,-9.64254E+01
9.56420898E+06,-1.00345E+02
9.56726074E+06,-1.07305E+02
9.57031250E+06,-1.05265E+02
9.57336426E+06,-9.71854E+01
9.57641602E+06,-9.49254E+01
9.57946777E+06,-9.99454E+01
9.58251953E+06,-1.08485E+02
9.58557129E+06,-9.82654E+01
9.58862305E+06,-9.53254E+01
9.59167480E+06,-9.51254E+01
9.59472656E+06,-9.48654E+01
9.59777832E+06,-9.80454E+01
9.60083008E+06,-9.93854E+01
9.60388184E+06,-1.03065E+02
9.60693359E+06,-1.04645E+02
9.60998535E+06,-1.04305E+02
9.61303711E+06,-9.97854E+01
9.61608887E+06,-1.03585E+02
9.61914062E+06,-1.06545E+02
9.62219238E+06,-9.80054E+01
9.62524414E+06,-9.62054E+01
9.62829590E+06,-9.92654E+01
9.63134766E+06,-9.70454E+01
9.63439941E+06,-9.53854E+01
9.63745117E+06,-9.72854E+01
9.64050293E+06,-1.00145E+02
9.64355469E+06,-9.65254E+01
9.64660645E+06,-9.79654E+01
9.64965820E+06,-9.52054E+01
9.65270996E+06,-9.87854E+01
9.65576172E+06,-9.46654E+01
9.65881348E+06,-9.45054E+01
9.66186523E+06,-9.91654E+01
9.66491699E+06,-1.03445E+02
9.66796875E+06,-1.12445E+02
9.67102051E+06,-1.01365E+02
9.67407227E+06,-1.04845E+02
9.67712402E+06,-9.53454E+01
9.68017578E+06,-9.72854E+01
9.68322754E+06,-1.02765E+02
9.68627930E+06,-1.07345E+02
9.68933105E+06,-1.04585E+02
9.69238281E+06,-1.03845E+02
9.69543457E+06,-9.08054E+01
9.69848633E+06,-8.78054E+01
9.70153809E+06,-9.13454E+01
9.70458984E+06,-1.03665E+02
9.70764160E+06,-9.44254E+01
9.71069336E+06,-9.22454E+01
9.71374512E+06,-9.51654E+01
9.71679688E+06,-9.64254E+01
9.71984863E+06,-9.85854E+01
9.72290039E+06,-9.81454E+01
9.72595215E+06,-9.71054E+01
9.72900391E+06,-9.77254E+01
9.73205566E+06,-9.87654E+01
9.73510742E+06,-1.03465E+02
9.73815918E+06,-1.14925E+02
9.74121094E+06,-1.01825E+02
9.74426270E+06,-1.00765E+02
9.74731445E+06,-1.01945E+02
9.75036621E+06,-1.06245E+02
9.75341797E+06,-1.03265E+02
9.75646973E+06,-9.69254E+01
9.75952148E+06,-1.02485E+02
9.76257324E+06,-1.03505E+02
9.76562500E+06,-9.73254E+01
9.76867676E+06,-1.01505E+02
9.77172852E+06,-9.85854E+01
9.77478027E+06,-9.73254E+01
9.77783203E+06,-1.10185E+02
9.78088379E+06,-1.03725E+02
9.78393555E+06,-1.02205E+02
9.78698730E+06,-9.76254E+01
9.79003906E+06,-9.74654E+01
9.79309082E+06,-1.00945E+02
9.79614258E+06,-1.05285E+02
9.79919434E+06,-1.00185E+02
9.80224609E+06,-1.09585E+02
9.80529785E+06,-1.05105E+02
9.80834961E+06,-1.00945E+02
9.81140137E+06,-1.11985E+02
9.81445312E+06,-1.00925E+02
9.81750488E+06,-9.82454E+01
9.82055664E+06,-1.02685E+02
9.82360840E+06,-9.70054E+01
9.82666016E+06,-9.43054E+01
9.82971191E+06,-9.82054E+01
9.83276367E+06,-9.65054E+01
9.83581543E+06,-9.53054E+01
9.83886719E+06,-9.85054E+01
9.84191895E+06,-1.10185E+02
9.84497070E+06,-9.46254E+01
9.84802246E+06,-9.35054E+01
9.85107422E+06,-9.93454E+01
9.85412598E+06,-9.51454E+01
9.85717773E+06,-1.01445E+02
9.86022949E+06,-9.89454E+01
9.86328125E+06,-9.56854E+01
9.86633301E+06,-9.68854E+01
9.86938477E+06,-9.98454E+01
9.87243652E+06,-9.70654E+01
9.87548828E+06,-9.40454E+01
9.87854004E+06,-1.07545E+02
9.88159180E+06,-1.06705E+02
9.88464355E+06,-9.62654E+01
9.88769531E+06,-9.85054E+01
9.89074707E+06,-1.00025E+02
9.89379883E+06,-9.49854E+01
9.89685059E+06,-9.10454E+01
9.89990234E+06,-9.02454E+01
9.90295410E+06,-9.66454E+01
9.90600586E+06,-9.86054E+01
9.90905762E+06,-1.08225E+02
9.91210938E+06,-1.11025E+02
9.91516113E+06,-1.05145E+02
9.91821289E+06,-9.78654E+01
9.92126465E+06,-9.94454E+01
9.92431641E+06,-9.66454E+01
9.92736816E+06,-9.47254E+01
9.93041992E+06,-9.30254E+01
9.93347168E+06,-9.59654E+01
9.93652344E+06,-9.83054E+01
9.93957520E+06,-9.77054E+01
9.94262695E+06,-1.01985E+02
9.94567871E+06,-9.67854E+01
9.94873047E+06,-9.49054E+01
9.95178223E+06,-1.00025E+02
9.95483398E+06,-1.07625E+02
9.95788574E+06,-1.16325E+02
9.96093750E+06,-1.09385E+02
9.96398926E+06,-1.02925E+02
9.96704102E+06,-1.04805E+02
9.97009277E+06,-9.97854E+01
9.97314453E+06,-9.62054E+01
9.97619629E+06,-9.29654E+01
9.97924805E+06,-9.95254E+01
9.98229980E+06,-1.01065E+02
9.98535156E+06,-9.78454E+01
9.98840332E+06,-1.13225E+02
9.99145508E+06,-1.02925E+02
9.99450684E+06,-9.28654E+01
9.99755859E+06,-7.89454E+01
1.00006104E+07,-7.75254E+01
1.00036621E+07,-8.73454E+01
1.00067139E+07,-9.56654E+01
1.00097656E+07,-9.91454E+01
1.00128174E+07,-9.84254E+01
1.00158691E+07,-9.39254E+01
1.00189209E+07,-9.91254E+01
1.00219727E+07,-1.11385E+02
1.00250244E+07,-1.06225E+02
1.00280762E+07,-9.41454E+01
1.00311279E+07,-9.16254E+01
1.00341797E+07,-9.39254E+01
1.00372314E+07,-1.01405E+02
1.00402832E+07,-1.00745E+02
1.00433350E+07,-9.88654E+01
1.00463867E+07,-1.04085E+02
1.00494385E+07,-9.93854E+01
1.00524902E+07,-1.02925E+02
1.00555420E+07,-1.02085E+02
1.00585938E+07,-9.83654E+01
1.00616455E+07,-9.96054E+01
1.00646973E+07,-1.10805E+02
1.00677490E+07,-1.01645E+02
1.00708008E+07,-1.07985E+02
1.00738525E+07,-1.01685E+02
1.00769043E+07,-9.68854E+01
1.00799561E+07,-1.08565E+02
1.00830078E+07,-1.03445E+02
1.00860596E+07,-1.01245E+02
1.00891113E+07,-1.05165E+02
1.00921631E+07,-1.03465E+02
1.00952148E+07,-9.19454E+01
1.00982666E+07,-9.47454E+01
1.01013184E+07,-1.01505E+02
1.01043701E+07,-1.10125E+02
1.01074219E+07,-1.05465E+02
1.01104736E+07,-1.00685E+02
1.01135254E+07,-9.87654E+01
1.01165771E+07,-1.01785E+02
1.01196289E+07,-1.00285E+02
1.01226807E+07,-9.38454E+01
1.01257324E+07,-9.71654E+01
1.01287842E+07,-9.55654E+01
1.01318359E+07,-9.65654E+01
1.01348877E+07,-9.58454E+01
1.01379395E+07,-9.79654E+01
1.01409912E+07,-1.05685E+02
1.01440430E+07,-9.80454E+01
1.01470947E+07,-9.42654E+01
1.01501465E+07,-9.27054E+01
1.01531982E+07,-9.61854E+01
1.01562500E+07,-1.10845E+02
1.01593018E+07,-1.03965E+02
1.01623535E+07,-1.03765E+02
1.01654053E+07,-1.05125E+02
1.01684570E+07,-1.08465E+02
1.01715088E+07,-9.80854E+01
1.01745605E+07,-9.40854E+01
1.01776123E+07,-9.71654E+01
1.01806641E+07,-1.03265E+02
1.01837158E+07,-9.93054E+01
1.01867676E+07,-9.93054E+01
1.01898193E+07,-9.88654E+01
1.01928711E+07,-9.62854E+01
1.01959229E+07,-9.13054E+01
1.01989746E+07,-9.23054E+01
1.02020264E+07,-1.03085E+02
1.02050781E+07,-1.03185E+02
1.02081299E+07,-1.02365E+02
1.02111816E+07,-1.05205E+02
1.02142334E+07,-1.01945E+02
1.02172852E+07,-1.05525E+02
1.02203369E+07,-9.83454E+01
1.02233887E+07,-9.68854E+01
1.02264404E+07,-1.03545E+02
1.02294922E+07,-1.01085E+02
1.02325439E+07,-1.00845E+02
1.02355957E+07,-9.80054E+01
1.02386475E+07,-1.00825E+02
1.02416992E+07,-1.02965E+02
1.02447510E+07,-9.99454E+01
1.02478027E+07,-9.53454E+01
1.02508545E+07,-9.53854E+01
1.02539062E+07,-9.70054E+01
1.02569580E+07,-9.63254E+01
1.02600098E+07,-9.77654E+01
1.02630615E+07,-9.85654E+01
1.02661133E+07,-9.44654E+01
1.02691650E+07,-9.20654E+01
1.02722168E+07,-9.71454E+01
1.02752686E+07,-1.11705E+02
1.02783203E+07,-1.00545E+02
1.02813721E+07,-9.92854E+01
1.02844238E+07,-9.58654E+01
1.02874756E+07,-9.51454E+01
1.02905273E+07,-9.42854E+01
1.02935791E+07,-1.03125E+02
1.02966309E+07,-9.98054E+01
1.02996826E+07,-9.56254E+01
1.03027344E+07,-9.37054E+01
1.03057861E+07,-9.76254E+01
1.03088379E+07,-1.14405E+02
1.03118896E+07,-1.02825E+02
1.03149414E+07,-9.77254E+01
1.03179932E+07,-1.02305E+02
1.03210449E+07,-1.00005E+02
1.03240967E+07,-9.28254E+01
1.03271484E+07,-9.63654E+01
1.03302002E+07,-1.00625E+02
1.03332520E+07,-9.31254E+01
1.03363037E+07,-9.86854E+01
1.03393555E+07,-1.02905E+02
1.03424072E+07,-1.03125E+02
1.03454590E+07,-1.15725E+02
1.03485107E+07,-9.49454E+01
1.03515625E+07,-9.77054E+01
1.03546143E+07,-1.03225E+02
1.03576660E+07,-1.01745E+02
1.03607178E+07,-1.02505E+02
1.03637695E+07,-1.04905E+02
1.03668213E+07,-1.01105E+02
1.03698730E+07,-9.77654E+01
1.03729248E+07,-9.83454E+01
1.03759766E+07,-9.63854E+01
1.03790283E+07,-1.01025E+02
1.03820801E+07,-1.07065E+02
1.03851318E+07,-1.05665E+02
1.03881836E+07,-9.55254E+01
1.03912354E+07,-9.50454E+01
1.03942871E+07,-1.07525E+02
1.03973389E+07,-1.07665E+02
1.04003906E+07,-9.64054E+01
1.04034424E+07,-9.98654E+01
1.04064941E+07,-1.05025E+02
1.04095459E+07,-1.10965E+02
1.04125977E+07,-9.69854E+01
1.04156494E+07,-9.53654E+01
1.04187012E+07,-9.82454E+01
1.04217529E+07,-9.43254E+01
1.04248047E+07,-8.99654E+01
1.04278564E+07,-9.08454E+01
1.04309082E+07,-9.62654E+01
1.04339600E+07,-9.97854E+01
1.04370117E+07,-9.45054E+01
1.04400635E+07,-9.71654E+01
1.04431152E+07,-1.01585E+02
1.04461670E+07,-1.02685E+02
1.04492188E+07,-1.02165E+02
1.04522705E+07,-9.70654E+01
1.04553223E+07,-9.53654E+01
1.04583740E+07,-9.57854E+01
1.04614258E+07,-9.82454E+01
1.04644775E+07,-9.71654E+01
1.04675293E+07,-9.20854E+01
1.04705811E+07,-9.65254E+01
1.04736328E+07,-9.61254E+01
1.04766846E+07,-9.80454E+01
1.04797363E+07,-1.00565E+02
1.04827881E+07,-9.90454E+01
1.04858398E+07,-1.17745E+02
1.04888916E+07,-9.72254E+01
1.04919434E+07,-9.63254E+01
1.04949951E+07,-9.64454E+01
1.04980469E+07,-9.49654E+01
1.05010986E+07,-1.07165E+02
1.05041504E+07,-9.94254E+01
1.05072021E+07,-1.05645E+02
1.05102539E+07,-9.94454E+01
1.05133057E+07,-9.58054E+01
1.05163574E+07,-9.66854E+01
1.05194092E+07,-1.01825E+02
1.05224609E+07,-1.00845E+02
1.05255127E+07,-9.78254E+01
1.05285645E+07,-1.00545E+02
1.05316162E+07,-9.39254E+01
1.05346680E+07,-1.00765E+02
1.05377197E+07,-1.11145E+02
1.05407715E+07,-1.05665E+02
1.05438232E+07,-1.15685E+02
1.05468750E+07,-9.55854E+01
1.05499268E+07,-9.06654E+01
1.05529785E+07,-9.40054E+01
1.05560303E+07,-9.58254E+01
1.05590820E+07,-9.76854E+01
1.05621338E+07,-1.19445E+02
1.05651855E+07,-9.50254E+01
1.05682373E+07,-9.35054E+01
1.05712891E+07,-9.63254E+01
1.05743408E+07,-9.95454E+01
1.05773926E+07,-9.97654E+01
1.05804443E+07,-9.52854E+01
1.05834961E+07,-9.42254E+01
1.05865479E+07,-9.54854E+01
1.05895996E+07,-9.92854E+01
1.05926514E+07,-1.03625E+02
1.05957031E+07,-1.05365E+02
1.05987549E+07,-9.71254E+01
1.06018066E+07,-1.09865E+02
1.06048584E+07,-9.40454E+01
1.06079102E+07,-9.38054E+01
1.06109619E+07,-9.95454E+01
1.06140137E+07,-1.13185E+02
1.06170654E+07,-9.94854E+01
1.06201172E+07,-9.73054E+01
1.06231689E+07,-9.54254E+01
1.06262207E+07,-9.73454E+01
1.06292725E+07,-1.06305E+02
1.06323242E+07,-1.05585E+02
1.06353760E+07,-9.69254E+01
1.06384277E+07,-9.61054E+01
1.06414795E+07,-9.59054E+01
1.06445312E+07,-9.95654E+01
1.06475830E+07,-9.50054E+01
1.06506348E+07,-9.52854E+01
1.06536865E+07,-1.00265E+02
1.06567383E+07,-9.92654E+01
1.06597900E+07,-9.95254E+01
1.06628418E+07,-1.00285E+02
1.06658936E+07,-1.01245E+02
1.06689453E+07,-1.16105E+02
1.06719971E+07,-1.02865E+02
1.06750488E+07,-1.14785E+02
1.06781006E+07,-1.00745E+02
1.06811523E+07,-9.56054E+01
1.06842041E+07,-9.75254E+01
1.06872559E+07,-9.68854E+01
1.06903076E+07,-1.00665E+02
1.06933594E+07,-1.08145E+02
1.06964111E+07,-9.92054E+01
1.06994629E+07,-9.73654E+01
1.07025146E+07,-9.72454E+01
1.07055664E+07,-9.20854E+01
1.07086182E+07,-9.34054E+01
1.07116699E+07,-9.92454E+01
1.07147217E+07,-1.06385E+02
1.07177734E+07,-1.04825E+02
1.07208252E+07,-1.08005E+02
1.07238770E+07,-9.55054E+01
1.07269287E+07,-9.77254E+01
1.07299805E+07,-9.53454E+01
1.07330322E+07,-9.48054E+01
1.07360840E+07,-1.11625E+02
1.07391357E+07,-1.09325E+02
1.07421875E+07,-1.11785E+02
1.07452393E+07,-1.06865E+02
1.07482910E+07,-9.91254E+01
1.07513428E+07,-9.77054E+01
1.07543945E+07,-1.02245E+02
1.07574463E+07,-9.74254E+01
1.07604980E+07,-9.83654E+01
1.07635498E+07,-1.02305E+02
1.07666016E+07,-9.46254E+01
1.07696533E+07,-9.86454E+01
1.07727051E+07,-1.08865E+02
1.07757568E+07,-1.05765E+02
1.07788086E+07,-1.12525E+02
1.07818604E+07,-1.01365E+02
1.07849121E+07,-9.98654E+01
1.07879639E+07,-1.02325E+02
1.07910156E+07,-1.00625E+02
1.07940674E+07,-9.27054E+01
1.07971191E+07,-8.90454E+01
1.08001709E+07,-9.11454E+01
1.08032227E+07,-1.02005E+02
1.08062744E+07,-1.01565E+02
1.08093262E+07,-9.65854E+01
1.08123779E+07,-9.62254E+01
1.08154297E+07,-9.98854E+01
1.08184814E+07,-1.06345E+02
1.08215332E+07,-1.10585E+02
1.08245850E+07,-9.88254E+01
1.08276367E+07,-9.71854E+01
1.08306885E+07,-1.08105E+02
1.08337402E+07,-1.03805E+02
1.08367920E+07,-9.72454E+01
1.08398438E+07,-9.39654E+01
1.08428955E+07,-1.14465E+02
1.08459473E+07,-9.84254E+01
1.08489990E+07,-9.71854E+01
1.08520508E+07,-9.98854E+01
1.08551025E+07,-1.07985E+02
1.08581543E+07,-1.07445E+02
1.08612061E+07,-1.08585E+02
1.08642578E+07,-9.76254E+01
1.08673096E+07,-9.40854E+01
1.08703613E+07,-9.69654E+01
1.08734131E+07,-9.92454E+01
1.08764648E+07,-9.86454E+01
1.08795166E+07,-1.03725E+02
1.08825684E+07,-1.10025E+02
1.08856201E+07,-9.74454E+01
1.08886719E+07,-9.97854E+01
1.08917236E+07,-1.06285E+02
1.08947754E+07,-9.90454E+01
1.08978271E+07,-8.96654E+01
1.09008789E+07,-9.05454E+01
1.09039307E+07,-9.99054E+01
1.09069824E+07,-9.21654E+01
1.09100342E+07,-9.07854E+01
1.09130859E+07,-9.49254E+01
1.09161377E+07,-9.68454E+01
1.09191895E+07,-9.39654E+01
1.09222412E+07,-9.63854E+01
1.09252930E+07,-1.01245E+02
1.09283447E+07,-1.04905E+02
1.09313965E+07,-1.12745E+02
1.09344482E+07,-1.18185E+02
1.09375000E+07,-1.02005E+02
1.09405518E+07,-9.65054E+01
1.09436035E+07,-1.01185E+02
1.09466553E+07,-9.59454E+01
1.09497070E+07,-9.23054E+01
1.09527588E+07,-1.00785E+02
1.09558105E+07,-1.03185E+02
1.09588623E+07,-9.81854E+01
1.09619141E+07,-9.97254E+01
1.09649658E+07,-1.02565E+02
1.09680176E+07,-1.00985E+02
1.09710693E+07,-9.59654E+01
1.09741211E+07,-9.47254E+01
1.09771729E+07,-1.04665E+02
1.09802246E+07,-1.01065E+02
1.09832764E+07,-1.04045E+02
1.09863281E+07,-9.97054E+01
1.09893799E+07,-9.80654E+01
1.09924316E+07,-9.67454E+01
1.09954834E+07,-9.15254E+01
1.09985352E+07,-8.96054E+01
1.10015869E+07,-9.35454E+01
1.10046387E+07,-1.01545E+02
1.10076904E+07,-1.09945E+02
1.10107422E+07,-1.08125E+02
1.10137939E+07,-9.96254E+01
1.10168457E+07,-1.02245E+02
1.10198975E+07,-9.69854E+01
1.10229492E+07,-1.03585E+02
1.10260010E+07,-1.07385E+02
1.10290527E+07,-1.00945E+02
1.10321045E+07,-9.92254E+01
1.10351562E+07,-1.04625E+02
1.10382080E+07,-1.08085E+02
1.10412598E+07,-9.93854E+01
1.10443115E+07,-1.02225E+02
1.10473633E+07,-9.25054E+01
1.10504150E+07,-9.49654E+01
1.10534668E+07,-1.04145E+02
1.10565186E+07,-1.00705E+02
1.10595703E+07,-1.05665E+02
1.10626221E+07,-1.02825E+02
1.10656738E+07,-1.01365E+02
1.10687256E+07,-9.45254E+01
1.10717773E+07,-9.91254E+01
1.10748291E+07,-9.90054E+01
1.10778809E+07,-1.03365E+02
1.10809326E+07,-1.01205E+02
1.10839844E+07,-9.77454E+01
1.10870361E+07,-9.87454E+01
1.10900879E+07,-9.64054E+01
1.10931396E+07,-9.62454E+01
1.10961914E+07,-9.42254E+01
1.10992432E+07,-9.14254E+01
1.11022949E+07,-1.00705E+02
1.11053467E+07,-9.69654E+01
1.11083984E+07,-1.08185E+02
1.11114502E+07,-9.70654E+01
1.11145020E+07,-1.01665E+02
1.11175537E+07,-1.17965E+02
1.11206055E+07,-1.04305E+02
1.11236572E+07,-9.37054E+01
1.11267090E+07,-9.50454E+01
1.11297607E+07,-1.14905E+02
1.11328125E+07,-1.01225E+02
1.11358643E+07,-1.02905E+02
1.11389160E+07,-1.01485E+02
1.11419678E+07,-9.84454E+01
1.11450195E+07,-1.04225E+02
1.11480713E+07,-9.56054E+01
1.11511230E+07,-9.40454E+01
1.11541748E+07,-9.33054E+01
1.11572266E+07,-9.50254E+01
1.11602783E+07,-9.82654E+01
1.11633301E+07,-9.92254E+01
1.11663818E+07,-9.87054E+01
1.11694336E+07,-9.66454E+01
1.11724854E+07,-9.28654E+01
1.11755371E+07,-9.29254E+01
1.11785889E+07,-9.20854E+01
1.11816406E+07,-9.57254E+01
1.11846924E+07,-9.93654E+01
1.11877441E+07,-1.08205E+02
1.11907959E+07,-1.10925E+02
1.11938477E+07,-1.00685E+02
1.11968994E+07,-9.70654E+01
1.11999512E+07,-1.02645E+02
1.12030029E+07,-1.07385E+02
1.12060547E+07,-1.06625E+02
1.12091064E+07,-1.07045E+02
1.12121582E+07,-1.05085E+02
1.12152100E+07,-9.58054E+01
1.12182617E+07,-9.57654E+01
1.12213135E+07,-1.00385E+02
1.12243652E+07,-1.05965E+02
1.12274170E+07,-9.64054E+01
1.12304688E+07,-9.59054E+01
1.12335205E+07,-1.02585E+02
1.12365723E+07,-1.02765E+02
1.12396240E+07,-9.79254E+01
1.12426758E+07,-1.04145E+02
1.12457275E+07,-1.09685E+02
1.12487793E+07,-1.05345E+02
1.12518311E+07,-9.81654E+01
1.12548828E+07,-9.54654E+01
1.12579346E+07,-9.66254E+01
1.12609863E+07,-1.03585E+02
1.12640381E+07,-1.01285E+02
1.12670898E+07,-1.02325E+02
1.12701416E+07,-1.02045E+02
1.12731934E+07,-9.34454E+01
1.12762451E+07,-9.67254E+01
1.12792969E+07,-9.80654E+01
1.12823486E+07,-9.97854E+01
1.12854004E+07,-1.01945E+02
1.12884521E+07,-1.00925E+02
1.12915039E+07,-9.86254E+01
1.12945557E+07,-1.03505E+02
1.12976074E+07,-9.72454E+01
1.13006592E+07,-9.42654E+01
1.13037109E+07,-9.47854E+01
1.13067627E+07,-9.40454E+01
1.13098145E+07,-9.50454E+01
1.13128662E+07,-1.00505E+02
1.13159180E+07,-1.07585E+02
1.13189697E+07,-1.06825E+02
1.13220215E+07,-1.10125E+02
1.13250732E+07,-9.96454E+01
1.13281250E+07,-1.00985E+02
1.13311768E+07,-1.17625E+02
1.13342285E+07,-1.07145E+02
1.13372803E+07,-1.07305E+02
1.13403320E+07,-1.04925E+02
1.13433838E+07,-1.12705E+02
1.13464355E+07,-1.06825E+02
1.13494873E+07,-1.11825E+02
1.13525391E+07,-1.02245E+02
1.13555908E+07,-1.05985E+02
1.13586426E+07,-1.04005E+02
1.13616943E+07,-9.44254E+01
1.13647461E+07,-9.15254E+01
1.13677979E+07,-9.43454E+01
1.13708496E+07,-9.64454E+01
1.13739014E+07,-1.00585E+02
1.13769531E+07,-9.74254E+01
1.13800049E+07,-1.05665E+02
1.13830566E+07,-9.90054E+01
1.13861084E+07,-1.02005E+02
1.13891602E+07,-1.08025E+02
1.13922119E+07,-1.02865E+02
1.13952637E+07,-1.04585E+02
1.13983154E+07,-1.04665E+02
1.14013672E+07,-1.01505E+02
1.14044189E+07,-9.97854E+01
1.14074707E+07,-9.66254E+01
1.14105225E+07,-9.50254E+01
1.14135742E+07,-9.25854E+01
1.14166260E+07,-9.37654E+01
1.14196777E+07,-9.93854E+01
1.14227295E+07,-1.04965E+02
1.14257812E+07,-1.04145E+02
1.14288330E+07,-1.03065E+02
1.14318848E+07,-9.74454E+01
1.14349365E+07,-9.80054E+01
1.14379883E+07,-9.84454E+01
1.14410400E+07,-9.71054E+01
1.14440918E+07,-9.77054E+01
1.14471436E+07,-1.07285E+02
1.14501953E+07,-1.02565E+02
1.14532471E+07,-1.07425E+02
1.14562988E+07,-1.09545E+02
1.14593506E+07,-1.09285E+02
1.14624023E+07,-1.03585E+02
1.14654541E+07,-1.00745E+02
1.14685059E+07,-9.57654E+01
1.14715576E+07,-9.14254E+01
1.14746094E+07,-9.40454E+01
1.14776611E+07,-1.03625E+02
1.14807129E+07,-1.00965E+02
1.14837646E+07,-9.77054E+01
1.14868164E+07,-9.44254E+01
1.14898682E+07,-9.31854E+01
1.14929199E+07,-9.69854E+01
1.14959717E+07,-1.11885E+02
1.14990234E+07,-1.01905E+02
1.15020752E+07,-1.18705E+02
1.15051270E+07,-1.07165E+02
1.15081787E+07,-1.04945E+02
1.15112305E+07,-1.03845E+02
1.15142822E+07,-9.97854E+01
1.15173340E+07,-9.68054E+01
1.15203857E+07,-9.74054E+01
1.15234375E+07,-9.09454E+01
1.15264893E+07,-9.39254E+01
1.15295410E+07,-1.03925E+02
1.15325928E+07,-9.95654E+01
1.15356445E+07,-9.54254E+01
1.15386963E+07,-9.75254E+01
1.15417480E+07,-9.95254E+01
1.15447998E+07,-1.03325E+02
1.15478516E+07,-9.77054E+01
1.15509033E+07,-9.78254E+01
1.15539551E+07,-1.03065E+02
1.15570068E+07,-1.01025E+02
1.15600586E+07,-9.93054E+01
1.15631104E+07,-9.89454E+01
1.15661621E+07,-1.00705E+02
1.15692139E+07,-9.70654E+01
1.15722656E+07,-8.81254E+01
1.15753174E+07,-8.59854E+01
1.15783691E+07,-9.06254E+01
1.15814209E+07,-1.01245E+02
1.15844727E+07,-1.02585E+02
1.15875244E+07,-9.91854E+01
1.15905762E+07,-1.00985E+02
1.15936279E+07,-1.07485E+02
1.15966797E+07,-1.00465E+02
1.15997314E+07,-9.45654E+01
1.16027832E+07,-9.86854E+01
1.16058350E+07,-1.09745E+02
1.16088867E+07,-9.93054E+01
1.16119385E+07,-9.40454E+01
1.16149902E+07,-9.71454E+01
1.16180420E+07,-9.71654E+01
1.16210938E+07,-8.81854E+01
1.16241455E+07,-8.29654E+01
1.16271973E+07,-9.02054E+01
1.16302490E+07,-9.63854E+01
1.16333008E+07,-9.44654E+01
1.16363525E+07,-1.02865E+02
1.16394043E+07,-1.06025E+02
1.16424561E+07,-1.00785E+02
1.16455078E+07,-1.00365E+02
1.16485596E+07,-9.83254E+01
1.16516113E+07,-9.79254E+01
1.16546631E+07,-9.93054E+01
1.16577148E+07,-1.01085E+02
1.16607666E+07,-1.07105E+02
1.16638184E+07,-1.03185E+02
1.16668701E+07,-1.09105E+02
1.16699219E+07,-9.30654E+01
1.16729736E+07,-8.29854E+01
1.16760254E+07,-8.52254E+01
1.16790771E+07,-9.84254E+01
1.16821289E+07,-9.52054E+01
1.16851807E+07,-9.93654E+01
1.16882324E+07,-9.94854E+01
1.16912842E+07,-1.02385E+02
1.16943359E+07,-1.02325E+02
1.16973877E+07,-9.62054E+01
1.17004395E+07,-9.44254E+01
1.17034912E+07,-9.87654E+01
1.17065430E+07,-1.03665E+02
1.17095947E+07,-9.74854E+01
1.17126465E+07,-9.97654E+01
1.17156982E+07,-1.07025E+02
1.17187500E+07,-9.48654E+01
1.17218018E+07,-9.58854E+01
1.17248535E+07,-9.69654E+01
1.17279053E+07,-1.11085E+02
1.17309570E+07,-1.00825E+02
1.17340088E+07,-1.00865E+02
1.17370605E+07,-9.56054E+01
1.17401123E+07,-9.63254E+01
1.17431641E+07,-1.05785E+02
1.17462158E+07,-1.10265E+02
1.17492676E+07,-1.20425E+02
1.17523193E+07,-9.75854E+01
1.17553711E+07,-9.17054E+01
1.17584229E+07,-9.51054E+01
1.17614746E+07,-1.13545E+02
1.17645264E+07,-1.05525E+02
1.17675781E+07,-1.14665E+02
1.17706299E+07,-9.07454E+01
1.17736816E+07,-8.43854E+01
1.17767334E+07,-8.96054E+01
1.17797852E+07,-1.01905E+02
1.17828369E+07,-1.00625E+02
1.17858887E+07,-1.21885E+02
1.17889404E+07,-1.06965E+02
1.17919922E+07,-1.02705E+02
1.17950439E+07,-1.02745E+02
1.17980957E+07,-1.02325E+02
1.18011475E+07,-9.61854E+01
1.18041992E+07,-9.39254E+01
1.18072510E+07,-9.45654E+01
1.18103027E+07,-9.43454E+01
1.18133545E+07,-9.60454E+01
1.18164062E+07,-1.05465E+02
1.18194580E+07,-1.15905E+02
1.18225098E+07,-8.66454E+01
1.18255615E+07,-8.45254E+01
1.18286133E+07,-9.22854E+01
1.18316650E+07,-9.59054E+01
1.18347168E+07,-9.90054E+01
1.18377686E+07,-9.32254E+01
1.18408203E+07,-9.21654E+01
1.18438721E+07,-9.81654E+01
1.18469238E+07,-1.19205E+02
1.18499756E+07,-1.06625E+02
1.18530273E+07,-1.00425E+02
1.18560791E+07,-9.37054E+01
1.18591309E+07,-1.03805E+02
1.18621826E+07,-9.45654E+01
1.18652344E+07,-9.54854E+01
1.18682861E+07,-1.04785E+02
1.18713379E+07,-9.87254E+01
1.18743896E+07,-9.21254E+01
1.18774414E+07,-9.37254E+01
1.18804932E+07,-1.07605E+02
1.18835449E+07,-1.18465E+02
1.18865967E+07,-1.05425E+02
1.18896484E+07,-1.04045E+02
1.18927002E+07,-1.06805E+02
1.18957520E+07,-1.20725E+02
1.18988037E+07,-1.03965E+02
1.19018555E+07,-1.00385E+02
1.19049072E+07,-1.03445E+02
1.19079590E+07,-1.07805E+02
1.19110107E+07,-1.04785E+02
1.19140625E+07,-1.00925E+02
1.19171143E+07,-1.05805E+02
1.19201660E+07,-1.04565E+02
1.19232178E+07,-9.37054E+01
1.19262695E+07,-1.08785E+02
1.19293213E+07,-9.76654E+01
1.19323730E+07,-9.89854E+01
1.19354248E+07,-9.82854E+01
1.19384766E+07,-1.01045E+02
1.19415283E+07,-1.03025E+02
1.19445801E+07,-9.76254E+01
1.19476318E+07,-9.76254E+01
1.19506836E+07,-1.02045E+02
1.19537354E+07,-1.08305E+02
1.19567871E+07,-1.06225E+02
1.19598389E+07,-1.05145E+02
1.19628906E+07,-9.88054E+01
1.19659424E+07,-9.85054E+01
1.19689941E+07,-1.09125E+02
1.19720459E+07,-8.85654E+01
1.19750977E+07,-8.57254E+01
1.19781494E+07,-9.15854E+01
1.19812012E+07,-1.02165E+02
1.19842529E+07,-1.02225E+02
1.19873047E+07,-1.00585E+02
1.19903564E+07,-1.05005E+02
1.19934082E+07,-9.91054E+01
1.19964600E+07,-9.74654E+01
1.19995117E+07,-1.01645E+02
1.20025635E+07,-1.02685E+02
1.20056152E+07,-1.00565E+02
1.20086670E+07,-9.30654E+01
1.20117188E+07,-9.77854E+01
1.20147705E+07,-1.10785E+02
1.20178223E+07,-1.01705E+02
1.20208740E+07,-9.82854E+01
1.20239258E+07,-9.05854E+01
1.20269775E+07,-9.60854E+01
1.20300293E+07,-1.07085E+02
1.20330811E+07,-1.16545E+02
1.20361328E+07,-1.11125E+02
1.20391846E+07,-1.05365E+02
1.20422363E+07,-1.16785E+02
1.20452881E+07,-1.16285E+02
1.20483398E+07,-1.00005E+02
1.20513916E+07,-1.01405E+02
1.20544434E+07,-1.06725E+02
1.20574951E+07,-1.02625E+02
1.20605469E+07,-1.08545E+02
1.20635986E+07,-9.68054E+01
1.20666504E+07,-1.02065E+02
1.20697021E+07,-9.87054E+01
1.20727539E+07,-9.15854E+01
1.20758057E+07,-9.65654E+01
1.20788574E+07,-9.80654E+01
1.20819092E+07,-9.67254E+01
1.20849609E+07,-1.00605E+02
1.20880127E+07,-1.11165E+02
1.20910645E+07,-1.00805E+02
1.20941162E+07,-1.04885E+02
1.20971680E+07,-1.05245E+02
1.21002197E+07,-1.02165E+02
1.21032715E+07,-9.79054E+01
1.21063232E+07,-1.00965E+02
1.21093750E+07,-1.07165E+02
1.21124268E+07,-1.03505E+02
1.21154785E+07,-9.82654E+01
1.21185303E+07,-9.80254E+01
1.21215820E+07,-9.51054E+01
1.21246338E+07,-9.15454E+01
1.21276855E+07,-1.01065E+02
1.21307373E+07,-1.03185E+02
1.21337891E+07,-1.13585E+02
1.21368408E+07,-1.05165E+02
1.21398926E+07,-1.04705E+02
1.21429443E+07,-9.84054E+01
1.21459961E+07,-9.56454E+01
1.21490479E+07,-1.04545E+02
1.21520996E+07,-9.88054E+01
1.21551514E+07,-1.03845E+02
1.21582031E+07,-1.14225E+02
1.21612549E+07,-1.00825E+02
1.21643066E+07,-1.06325E+02
1.21673584E+07,-1.09105E+02
1.21704102E+07,-1.10945E+02
1.21734619E+07,-1.04185E+02
1.21765137E+07,-1.09725E+02
1.21795654E+07,-1.01385E+02
1.21826172E+07,-1.01985E+02
1.21856689E+07,-1.06605E+02
1.21887207E+07,-9.79654E+01
1.21917725E+07,-9.89854E+01
1.21948242E+07,-9.88454E+01
1.21978760E+07,-9.66854E+01
1.22009277E+07,-9.87054E+01
1.22039795E+07,-9.98254E+01
1.22070312E+07,-1.09665E+02
1.22100830E+07,-9.86054E+01
1.22131348E+07,-9.79854E+01
1.22161865E+07,-1.18305E+02
1.22192383E+07,-1.00245E+02
1.22222900E+07,-1.09505E+02
1.22253418E+07,-9.93454E+01
1.22283936E+07,-1.03965E+02
1.22314453E+07,-1.02445E+02
1.22344971E+07,-1.09785E+02
1.22375488E+07,-9.97254E+01
1.22406006E+07,-1.04005E+02
1.22436523E+07,-1.16065E+02
1.22467041E+07,-1.05505E+02
1.22497559E+07,-9.99854E+01
1.22528076E+07,-9.95254E+01
1.22558594E+07,-1.03585E+02
1.22589111E+07,-1.06705E+02
1.22619629E+07,-9.91654E+01
1.22650146E+07,-9.84254E+01
1.22680664E+07,-1.09905E+02
1.22711182E+07,-9.76854E+01
1.22741699E+07,-9.09254E+01
1.22772217E+07,-9.44054E+01
1.22802734E+07,-1.00145E+02
1.22833252E+07,-9.47054E+01
1.22863770E+07,-9.45854E+01
1.22894287E+07,-1.02645E+02
1.22924805E+07,-9.74654E+01
1.22955322E+07,-1.05045E+02
1.22985840E+07,-9.78854E+01
1.23016357E+07,-9.62854E+01
1.23046875E+07,-9.52054E+01
1.23077393E+07,-9.87254E+01
1.23107910E+07,-9.58654E+01
1.23138428E+07,-9.50654E+01
1.23168945E+07,-9.81254E+01
1.23199463E+07,-1.06645E+02
1.23229980E+07,-1.03585E+02
1.23260498E+07,-1.01645E+02
1.23291016E+07,-1.04305E+02
1.23321533E+07,-1.10645E+02
1.23352051E+07,-1.14965E+02
1.23382568E+07,-1.01525E+02
1.23413086E+07,-9.89454E+01
1.23443604E+07,-1.01665E+02
1.23474121E+07,-1.05805E+02
1.23504639E+07,-9.95854E+01
1.23535156E+07,-9.67854E+01
1.23565674E+07,-1.10925E+02
1.23596191E+07,-9.93454E+01
1.23626709E+07,-9.83054E+01
1.23657227E+07,-9.83854E+01
1.23687744E+07,-9.63654E+01
1.23718262E+07,-9.55254E+01
1.23748779E+07,-9.55654E+01
1.23779297E+07,-9.53654E+01
1.23809814E+07,-9.73254E+01
1.23840332E+07,-1.00485E+02
1.23870850E+07,-9.89454E+01
1.23901367E+07,-1.03465E+02
1.23931885E+07,-1.03725E+02
1.23962402E+07,-1.00025E+02
1.23992920E+07,-9.41454E+01
1.24023438E+07,-9.52054E+01
1.24053955E+07,-9.55454E+01
1.24084473E+07,-9.40454E+01
1.24114990E+07,-9.47454E+01
1.24145508E+07,-9.73854E+01
1.24176025E+07,-1.02145E+02
1.24206543E+07,-1.00885E+02
1.24237061E+07,-9.84254E+01
1.24267578E+07,-1.01625E+02
1.24298096E+07,-1.00565E+02
1.24328613E+07,-1.14285E+02
1.24359131E+07,-1.05605E+02
1.24389648E+07,-1.13925E+02
1.24420166E+07,-1.20025E+02
1.24450684E+07,-1.02865E+02
1.24481201E+07,-9.92854E+01
1.24511719E+07,-1.03505E+02
1.24542236E+07,-1.03365E+02
1.24572754E+07,-9.52254E+01
1.24603271E+07,-9.75054E+01
1.24633789E+07,-1.22985E+02
1.24664307E+07,-1.10065E+02
1.24694824E+07,-1.09325E+02
1.24725342E+07,-9.52454E+01
1.24755859E+07,-9.28254E+01
1.24786377E+07,-1.02305E+02
1.24816895E+07,-1.06485E+02
1.24847412E+07,-1.00625E+02
1.24877930E+07,-1.00165E+02
1.24908447E+07,-1.07085E+02
1.24938965E+07,-9.81254E+01
1.24969482E+07,-8.99254E+01
1.25000000E+07,-8.14454E+01
1.25030518E+07,-8.77054E+01
1.25061035E+07,-1.02645E+02
1.25091553E+07,-1.05185E+02
1.25122070E+07,-1.07465E+02
1.25152588E+07,-9.72854E+01
1.25183105E+07,-9.74854E+01
1.25213623E+07,-9.66054E+01
1.25244141E+07,-9.60454E+01
1.25274658E+07,-9.94854E+01
1.25305176E+07,-9.53454E+01
1.25335693E+07,-9.46254E+01
1.25366211E+07,-9.85454E+01
1.25396729E+07,-1.02525E+02
1.25427246E+07,-1.07785E+02
1.25457764E+07,-1.15985E+02
1.25488281E+07,-1.00005E+02
1.25518799E+07,-9.84854E+01
1.25549316E+07,-1.07665E+02
1.25579834E+07,-9.51454E+01
1.25610352E+07,-9.68854E+01
1.25640869E+07,-1.02285E+02
1.25671387E+07,-9.35054E+01
1.25701904E+07,-9.69654E+01
1.25732422E+07,-1.22905E+02
1.25762939E+07,-1.06105E+02
1.25793457E+07,-1.07185E+02
1.25823975E+07,-1.06625E+02
1.25854492E+07,-9.68254E+01
1.25885010E+07,-9.82654E+01
1.25915527E+07,-9.90854E+01
1.25946045E+07,-1.06405E+02
1.25976562E+07,-1.04705E+02
1.26007080E+07,-1.08425E+02
1.26037598E+07,-1.20785E+02
1.26068115E+07,-1.08285E+02
1.26098633E+07,-1.04145E+02
1.26129150E+07,-9.70654E+01
1.26159668E+07,-9.61654E+01
1.26190186E+07,-1.06785E+02
1.26220703E+07,-1.03805E+02
1.26251221E+07,-1.06265E+02
1.26281738E+07,-1.02505E+02
1.26312256E+07,-9.97054E+01
1.26342773E+07,-1.05685E+02
1.26373291E+07,-9.85054E+01
1.26403809E+07,-1.02625E+02
1.26434326E+07,-9.91854E+01
1.26464844E+07,-1.03325E+02
1.26495361E+07,-9.04254E+01
1.26525879E+07,-9.25654E+01
1.26556396E+07,-9.54654E+01
1.26586914E+07,-9.47454E+01
1.26617432E+07,-1.02205E+02
1.26647949E+07,-1.03465E+02
1.26678467E+07,-1.03705E+02
1.26708984E+07,-9.50454E+01
1.26739502E+07,-9.96654E+01
1.26770020E+07,-1.01145E+02
1.26800537E+07,-1.04645E+02
1.26831055E+07,-1.09345E+02
1.26861572E+07,-1.03465E+02
1.26892090E+07,-9.66454E+01
1.26922607E+07,-1.02305E+02
1.26953125E+07,-9.94454E+01
1.26983643E+07,-9.77054E+01
1.27014160E+07,-1.03965E+02
1.27044678E+07,-1.05385E+02
1.27075195E+07,-1.15465E+02
1.27105713E+07,-1.05765E+02
1.27136230E+07,-1.05445E+02
1.27166748E+07,-1.04085E+02
1.27197266E+07,-1.05325E+02
1.27227783E+07,-1.01185E+02
1.27258301E+07,-9.90454E+01
1.27288818E+07,-1.02645E+02
1.27319336E+07,-9.91254E+01
1.27349854E+07,-1.00585E+02
1.27380371E+07,-9.93454E+01
1.27410889E+07,-9.66454E+01
1.27441406E+07,-9.69854E+01
1.27471924E+07,-1.02485E+02
1.27502441E+07,-9.82054E+01
1.27532959E+07,-9.50054E+01
1.27563477E+07,-1.17505E+02
1.27593994E+07,-9.43054E+01
1.27624512E+07,-9.80454E+01
1.27655029E+07,-9.56654E+01
1.27685547E+07,-9.42254E+01
1.27716064E+07,-1.01165E+02
1.27746582E+07,-9.94454E+01
1.27777100E+07,-9.87254E+01
1.27807617E+07,-1.14665E+02
1.27838135E+07,-1.17405E+02
1.27868652E+07,-1.05605E+02
1.27899170E+07,-1.01945E+02
1.27929688E+07,-9.89654E+01
1.27960205E+07,-1.00645E+02
1.27990723E+07,-1.01505E+02
1.28021240E+07,-9.94854E+01
1.28051758E+07,-1.00985E+02
1.28082275E+07,-1.03025E+02
1.28112793E+07,-1.01105E+02
1.28143311E+07,-9.90854E+01
1.28173828E+07,-1.02805E+02
1.28204346E+07,-1.02505E+02
1.28234863E+07,-9.33054E+01
1.28265381E+07,-9.58254E+01
1.28295898E+07,-1.04545E+02
1.28326416E+07,-1.24885E+02
1.28356934E+07,-9.83054E+01
1.28387451E+07,-9.72254E+01
1.28417969E+07,-9.46854E+01
1.28448486E+07,-9.33054E+01
1.28479004E+07,-1.01105E+02
1.28509521E+07,-9.41454E+01
1.28540039E+07,-9.38054E+01
1.28570557E+07,-9.69854E+01
1.28601074E+07,-1.13625E+02
1.28631592E+07,-1.01245E+02
1.28662109E+07,-1.07705E+02
1.28692627E+07,-1.01385E+02
1.28723145E+07,-9.01454E+01
1.28753662E+07,-9.20054E+01
1.28784180E+07,-1.01405E+02
1.28814697E+07,-1.05045E+02
1.28845215E+07,-9.85054E+01
1.28875732E+07,-9.53854E+01
1.28906250E+07,-9.88054E+01
1.28936768E+07,-1.04525E+02
1.28967285E+07,-9.78854E+01
1.28997803E+07,-9.44654E+01
1.29028320E+07,-1.00585E+02
1.29058838E+07,-9.36254E+01
1.29089355E+07,-9.58054E+01
1.29119873E+07,-9.83054E+01
1.29150391E+07,-9.98254E+01
1.29180908E+07,-1.02825E+02
1.29211426E+07,-9.19454E+01
1.29241943E+07,-8.78654E+01
1.29272461E+07,-8.95454E+01
1.29302979E+07,-9.33054E+01
1.29333496E+07,-9.86054E+01
1.29364014E+07,-9.84654E+01
1.29394531E+07,-9.37654E+01
1.29425049E+07,-9.41454E+01
1.29455566E+07,-1.00965E+02
1.29486084E+07,-1.13805E+02
1.29516602E+07,-1.00925E+02
1.29547119E+07,-1.00505E+02
1.29577637E+07,-1.04145E+02
1.29608154E+07,-1.02585E+02
1.29638672E+07,-9.80854E+01
1.29669189E+07,-9.93054E+01
1.29699707E+07,-1.10125E+02
1.29730225E+07,-9.52454E+01
1.29760742E+07,-9.54854E+01
1.29791260E+07,-1.02285E+02
1.29821777E+07,-1.04265E+02
1.29852295E+07,-1.15605E+02
1.29882812E+07,-1.06225E+02
1.29913330E+07,-1.07125E+02
1.29943848E+07,-1.04945E+02
1.29974365E+07,-9.41454E+01
1.30004883E+07,-9.54654E+01
1.30035400E+07,-9.78854E+01
1.30065918E+07,-9.94454E+01
1.30096436E+07,-1.04405E+02
1.30126953E+07,-1.20725E+02
1.30157471E+07,-1.05025E+02
1.30187988E+07,-9.96654E+01
1.30218506E+07,-8.97854E+01
1.30249023E+07,-9.15254E+01
1.30279541E+07,-1.02325E+02
1.30310059E+07,-1.09205E+02
1.30340576E+07,-1.07645E+02
1.30371094E+07,-1.03165E+02
1.30401611E+07,-9.57254E+01
1.30432129E+07,-1.04985E+02
1.30462646E+07,-1.21485E+02
1.30493164E+07,-1.07225E+02
1.30523682E+07,-1.06405E+02
1.30554199E+07,-1.05165E+02
1.30584717E+07,-1.08565E+02
1.30615234E+07,-9.98054E+01
1.30645752E+07,-1.05605E+02
1.30676270E+07,-1.01445E+02
1.30706787E+07,-8.92054E+01
1.30737305E+07,-8.48454E+01
1.30767822E+07,-8.99054E+01
1.30798340E+07,-1.05125E+02
1.30828857E+07,-1.02685E+02
1.30859375E+07,-1.05065E+02
1.30889893E+07,-9.94854E+01
1.30920410E+07,-1.08245E+02
1.30950928E+07,-9.94854E+01
1.30981445E+07,-1.07385E+02
1.31011963E+07,-1.11645E+02
1.31042480E+07,-1.05665E+02
1.31072998E+07,-1.06245E+02
1.31103516E+07,-1.06465E+02
1.31134033E+07,-1.01565E+02
1.31164551E+07,-1.02745E+02
1.31195068E+07,-1.00545E+02
1.31225586E+07,-9.19054E+01
1.31256104E+07,-9.21654E+01
1.31286621E+07,-9.95054E+01
1.31317139E+07,-9.73454E+01
1.31347656E+07,-9.76054E+01
1.31378174E+07,-1.08445E+02
1.31408691E+07,-1.02225E+02
1.31439209E+07,-1.04765E+02
1.31469727E+07,-9.74054E+01
1.31500244E+07,-9.48454E+01
1.31530762E+07,-9.90054E+01
1.31561279E+07,-1.06625E+02
1.31591797E+07,-1.03845E+02
1.31622314E+07,-9.92654E+01
1.31652832E+07,-9.97854E+01
1.31683350E+07,-1.00125E+02
1.31713867E+07,-8.82254E+01
1.31744385E+07,-8.62654E+01
1.31774902E+07,-9.34054E+01
1.31805420E+07,-1.02325E+02
1.31835938E+07,-9.95054E+01
1.31866455E+07,-9.82054E+01
1.31896973E+07,-1.03545E+02
1.31927490E+07,-1.01825E+02
1.31958008E+07,-1.12005E+02
1.31988525E+07,-9.98454E+01
1.32019043E+07,-9.76254E+01
1.32049561E+07,-9.99254E+01
1.32080078E+07,-1.08265E+02
1.32110596E+07,-1.17445E+02
1.32141113E+07,-1.07345E+02
1.32171631E+07,-9.72054E+01
1.32202148E+07,-1.09125E+02
1.32232666E+07,-9.13454E+01
1.32263184E+07,-9.53254E+01
1.32293701E+07,-1.09385E+02
1.32324219E+07,-1.00205E+02
1.32354736E+07,-9.39654E+01
1.32385254E+07,-9.50054E+01
1.32415771E+07,-9.47254E+01
1.32446289E+07,-9.50454E+01
1.32476807E+07,-1.09025E+02
1.32507324E+07,-1.04005E+02
1.32537842E+07,-1.11705E+02
1.32568359E+07,-1.08925E+02
1.32598877E+07,-1.04465E+02
1.32629395E+07,-9.48454E+01
1.32659912E+07,-9.59654E+01
1.32690430E+07,-1.00405E+02
1.32720947E+07,-9.14854E+01
1.32751465E+07,-9.09854E+01
1.32781982E+07,-1.11945E+02
1.32812500E+07,-1.02125E+02
1.32843018E+07,-1.00865E+02
1.32873535E+07,-9.48454E+01
1.32904053E+07,-9.54254E+01
1.32934570E+07,-9.69654E+01
1.32965088E+07,-9.79054E+01
1.32995605E+07,-1.02385E+02
1.33026123E+07,-1.06005E+02
1.33056641E+07,-9.86454E+01
1.33087158E+07,-1.01065E+02
1.33117676E+07,-1.05325E+02
1.33148193E+07,-1.13665E+02
1.33178711E+07,-1.11105E+02
1.33209229E+07,-8.70654E+01
1.33239746E+07,-8.09454E+01
1.33270264E+07,-8.64454E+01
1.33300781E+07,-9.82054E+01
1.33331299E+07,-1.00345E+02
1.33361816E+07,-1.05565E+02
1.33392334E+07,-9.75654E+01
1.33422852E+07,-1.04585E+02
1.33453369E+07,-9.54454E+01
1.33483887E+07,-9.50654E+01
1.33514404E+07,-9.95454E+01
1.33544922E+07,-1.00685E+02
1.33575439E+07,-9.78854E+01
1.33605957E+07,-1.00285E+02
1.33636475E+07,-1.05505E+02
1.33666992E+07,-1.03845E+02
1.33697510E+07,-9.09854E+01
1.33728027E+07,-8.11854E+01
1.33758545E+07,-8.25054E+01
1.33789062E+07,-9.42854E+01
1.33819580E+07,-9.99454E+01
1.33850098E+07,-9.91454E+01
1.33880615E+07,-1.08105E+02
1.33911133E+07,-1.00225E+02
1.33941650E+07,-1.00885E+02
1.33972168E+07,-1.02125E+02
1.34002686E+07,-1.12125E+02
1.34033203E+07,-9.86454E+01
1.34063721E+07,-9.85454E+01
1.34094238E+07,-1.11145E+02
1.34124756E+07,-1.02445E+02
1.34155273E+07,-1.04605E+02
1.34185791E+07,-9.65254E+01
1.34216309E+07,-8.40854E+01
1.34246826E+07,-8.21254E+01
1.34277344E+07,-8.85454E+01
1.34307861E+07,-9.49254E+01
1.34338379E+07,-9.55854E+01
1.34368896E+07,-9.80054E+01
1.34399414E+07,-9.88854E+01
1.34429932E+07,-9.68654E+01
1.34460449E+07,-9.29654E+01
1.34490967E+07,-1.07365E+02
1.34521484E+07,-9.72854E+01
1.34552002E+07,-9.59054E+01
1.34582520E+07,-1.00985E+02
1.34613037E+07,-1.14005E+02
1.34643555E+07,-1.06945E+02
1.34674072E+07,-1.05545E+02
1.34704590E+07,-1.00305E+02
1.34735107E+07,-9.02254E+01
1.34765625E+07,-8.99454E+01
1.34796143E+07,-9.53054E+01
1.34826660E+07,-9.72654E+01
1.34857178E+07,-9.36254E+01
1.34887695E+07,-9.69254E+01
1.34918213E+07,-1.05465E+02
1.34948730E+07,-1.02005E+02
1.34979248E+07,-9.29854E+01
1.35009766E+07,-9.64454E+01
1.35040283E+07,-1.09865E+02
1.35070801E+07,-1.05565E+02
1.35101318E+07,-1.01165E+02
1.35131836E+07,-9.95854E+01
1.35162354E+07,-1.00545E+02
1.35192871E+07,-9.37254E+01
1.35223389E+07,-8.93254E+01
1.35253906E+07,-9.35054E+01
1.35284424E+07,-1.16025E+02
1.35314941E+07,-1.00265E+02
1.35345459E+07,-9.53454E+01
1.35375977E+07,-9.48654E+01
1.35406494E+07,-9.54254E+01
1.35437012E+07,-9.58854E+01
1.35467529E+07,-1.03325E+02
1.35498047E+07,-1.00945E+02
1.35528564E+07,-9.71454E+01
1.35559082E+07,-1.00565E+02
1.35589600E+07,-9.85854E+01
1.35620117E+07,-1.00605E+02
1.35650635E+07,-1.00365E+02
1.35681152E+07,-1.06685E+02
1.35711670E+07,-1.05965E+02
1.35742188E+07,-9.77454E+01
1.35772705E+07,-9.64254E+01
1.35803223E+07,-9.59254E+01
1.35833740E+07,-9.60854E+01
1.35864258E+07,-9.85854E+01
1.35894775E+07,-9.38454E+01
1.35925293E+07,-9.51054E+01
1.35955811E+07,-9.68454E+01
1.35986328E+07,-9.55054E+01
1.36016846E+07,-1.01145E+02
1.36047363E+07,-1.05325E+02
1.36077881E+07,-1.01165E+02
1.36108398E+07,-1.00505E+02
1.36138916E+07,-1.04605E+02
1.36169434E+07,-9.41454E+01
1.36199951E+07,-9.63654E+01
1.36230469E+07,-9.52654E+01
1.36260986E+07,-9.49054E+01
1.36291504E+07,-1.00025E+02
1.36322021E+07,-9.78254E+01
1.36352539E+07,-9.96654E+01
1.36383057E+07,-1.04905E+02
1.36413574E+07,-1.05825E+02
1.36444092E+07,-9.79454E+01
1.36474609E+07,-1.08945E+02
1.36505127E+07,-9.58254E+01
1.36535645E+07,-9.47654E+01
1.36566162E+07,-9.91454E+01
1.36596680E+07,-1.00145E+02
1.36627197E+07,-9.99254E+01
1.36657715E+07,-1.07645E+02
1.36688232E+07,-1.02685E+02
1.36718750E+07,-1.01985E+02
1.36749268E+07,-1.00285E+02
1.36779785E+07,-1.01625E+02
1.36810303E+07,-1.21585E+02
1.36840820E+07,-9.66854E+01
1.36871338E+07,-9.49054E+01
1.36901855E+07,-1.11965E+02
1.36932373E+07,-9.96054E+01
1.36962891E+07,-1.00065E+02
1.36993408E+07,-9.96454E+01
1.37023926E+07,-9.59454E+01
1.37054443E+07,-9.73854E+01
1.37084961E+07,-1.00545E+02
1.37115479E+07,-1.04885E+02
1.37145996E+07,-1.08045E+02
1.37176514E+07,-1.08165E+02
1.37207031E+07,-1.00125E+02
1.37237549E+07,-9.67054E+01
1.37268066E+07,-1.02485E+02
1.37298584E+07,-1.10365E+02
1.37329102E+07,-9.90254E+01
1.37359619E+07,-9.36654E+01
1.37390137E+07,-9.58854E+01
1.37420654E+07,-9.58654E+01
1.37451172E+07,-9.42254E+01
1.37481689E+07,-1.02225E+02
1.37512207E+07,-1.04185E+02
1.37542725E+07,-9.82654E+01
1.37573242E+07,-1.01965E+02
1.37603760E+07,-1.02485E+02
1.37634277E+07,-1.07085E+02
1.37664795E+07,-1.03625E+02
1.37695312E+07,-1.14425E+02
1.37725830E+07,-9.17454E+01
1.37756348E+07,-8.84854E+01
1.37786865E+07,-9.15054E+01
1.37817383E+07,-1.03885E+02
1.37847900E+07,-9.65054E+01
1.37878418E+07,-9.53654E+01
1.37908936E+07,-9.90454E+01
1.37939453E+07,-1.11885E+02
1.37969971E+07,-1.22165E+02
1.38000488E+07,-1.03585E+02
1.38031006E+07,-9.60654E+01
1.38061523E+07,-1.03465E+02
1.38092041E+07,-9.64854E+01
1.38122559E+07,-9.64854E+01
1.38153076E+07,-1.01285E+02
1.38183594E+07,-1.05385E+02
1.38214111E+07,-9.37054E+01
1.38244629E+07,-9.24254E+01
1.38275146E+07,-9.42254E+01
1.38305664E+07,-9.59254E+01
1.38336182E+07,-9.78054E+01
1.38366699E+07,-1.05865E+02
1.38397217E+07,-1.10105E+02
1.38427734E+07,-9.89054E+01
1.38458252E+07,-9.68054E+01
1.38488770E+07,-1.01705E+02
1.38519287E+07,-1.03765E+02
1.38549805E+07,-1.01745E+02
1.38580322E+07,-1.08425E+02
1.38610840E+07,-1.05005E+02
1.38641357E+07,-1.13325E+02
1.38671875E+07,-1.21965E+02
1.38702393E+07,-1.08225E+02
1.38732910E+07,-9.94454E+01
1.38763428E+07,-9.54854E+01
1.38793945E+07,-9.58254E+01
1.38824463E+07,-9.89854E+01
1.38854980E+07,-1.06165E+02
1.38885498E+07,-1.02525E+02
1.38916016E+07,-9.56854E+01
1.38946533E+07,-9.92054E+01
1.38977051E+07,-9.98654E+01
1.39007568E+07,-1.02305E+02
1.39038086E+07,-1.09305E+02
1.39068604E+07,-1.04005E+02
1.39099121E+07,-1.04945E+02
1.39129639E+07,-1.04085E+02
1.39160156E+07,-1.04445E+02
1.39190674E+07,-1.01025E+02
1.39221191E+07,-1.04745E+02
1.39251709E+07,-1.08845E+02
1.39282227E+07,-1.00205E+02
1.39312744E+07,-9.72454E+01
1.39343262E+07,-1.04985E+02
1.39373779E+07,-9.93254E+01
1.39404297E+07,-9.64454E+01
1.39434814E+07,-1.02145E+02
1.39465332E+07,-1.00845E+02
1.39495850E+07,-9.51654E+01
1.39526367E+07,-9.62654E+01
1.39556885E+07,-1.01345E+02
1.39587402E+07,-9.72654E+01
1.39617920E+07,-1.01025E+02
1.39648438E+07,-1.07045E+02
1.39678955E+07,-9.82254E+01
1.39709473E+07,-1.00545E+02
1.39739990E+07,-9.33254E+01
1.39770508E+07,-9.36654E+01
1.39801025E+07,-1.02445E+02
1.39831543E+07,-1.08805E+02
1.39862061E+07,-1.01745E+02
1.39892578E+07,-1.10885E+02
1.39923096E+07,-9.31854E+01
1.39953613E+07,-9.23254E+01
1.39984131E+07,-9.55454E+01
1.40014648E+07,-1.00205E+02
1.40045166E+07,-1.04225E+02
1.40075684E+07,-1.14285E+02
1.40106201E+07,-1.04705E+02
1.40136719E+07,-1.01325E+02
1.40167236E+07,-1.01065E+02
1.40197754E+07,-1.02285E+02
1.40228271E+07,-1.10545E+02
1.40258789E+07,-1.01805E+02
1.40289307E+07,-9.72254E+01
1.40319824E+07,-9.52254E+01
1.40350342E+07,-1.05645E+02
1.40380859E+07,-1.08645E+02
1.40411377E+07,-1.10485E+02
1.40441895E+07,-1.01385E+02
1.40472412E+07,-1.02865E+02
1.40502930E+07,-1.03445E+02
1.40533447E+07,-1.08085E+02
1.40563965E+07,-1.09485E+02
1.40594482E+07,-1.09585E+02
1.40625000E+07,-1.07625E+02
1.40655518E+07,-9.87654E+01
1.40686035E+07,-9.31854E+01
1.40716553E+07,-9.46654E+01
1.40747070E+07,-1.00285E+02
1.40777588E+07,-1.18465E+02
1.40808105E+07,-9.90854E+01
1.40838623E+07,-1.31245E+02
1.40869141E+07,-9.91454E+01
1.40899658E+07,-1.00645E+02
1.40930176E+07,-9.79454E+01
1.40960693E+07,-1.10965E+02
1.40991211E+07,-1.03085E+02
1.41021729E+07,-9.86254E+01
1.41052246E+07,-9.64654E+01
1.41082764E+07,-9.68254E+01
1.41113281E+07,-9.74254E+01
1.41143799E+07,-1.01705E+02
1.41174316E+07,-9.88254E+01
1.41204834E+07,-1.04365E+02
1.41235352E+07,-9.84054E+01
1.41265869E+07,-9.70054E+01
1.41296387E+07,-9.73054E+01
1.41326904E+07,-9.96654E+01
1.41357422E+07,-1.01825E+02
1.41387939E+07,-1.04405E+02
1.41418457E+07,-1.02905E+02
1.41448975E+07,-1.00465E+02
1.41479492E+07,-9.71654E+01
1.41510010E+07,-9.92454E+01
1.41540527E+07,-1.00645E+02
1.41571045E+07,-1.09045E+02
1.41601562E+07,-1.06565E+02
1.41632080E+07,-1.10245E+02
1.41662598E+07,-1.06925E+02
1.41693115E+07,-1.03445E+02
1.41723633E+07,-1.03445E+02
1.41754150E+07,-1.02685E+02
1.41784668E+07,-1.01865E+02
1.41815186E+07,-9.69854E+01
1.41845703E+07,-9.94654E+01
1.41876221E+07,-1.03925E+02
1.41906738E+07,-1.01025E+02
1.41937256E+07,-9.69054E+01
1.41967773E+07,-1.17865E+02
1.41998291E+07,-1.02425E+02
1.42028809E+07,-1.02565E+02
1.42059326E+07,-1.06025E+02
1.42089844E+07,-9.89254E+01
1.42120361E+07,-9.53254E+01
1.42150879E+07,-9.91654E+01
1.42181396E+07,-1.03165E+02
1.42211914E+07,-9.87654E+01
1.42242432E+07,-9.27454E+01
1.42272949E+07,-9.52054E+01
1.42303467E+07,-1.07345E+02
1.42333984E+07,-9.74654E+01
1.42364502E+07,-9.55254E+01
1.42395020E+07,-9.95254E+01
1.42425537E+07,-9.81454E+01
1.42456055E+07,-1.06025E+02
1.42486572E+07,-9.73254E+01
1.42517090E+07,-1.01505E+02
1.42547607E+07,-9.98254E+01
1.42578125E+07,-9.79854E+01
1.42608643E+07,-1.02565E+02
1.42639160E+07,-1.02825E+02
1.42669678E+07,-9.63054E+01
1.42700195E+07,-9.23254E+01
1.42730713E+07,-9.17454E+01
1.42761230E+07,-9.27654E+01
1.42791748E+07,-9.96654E+01
1.42822266E+07,-1.02705E+02
1.42852783E+07,-1.04285E+02
1.42883301E+07,-9.94454E+01
1.42913818E+07,-1.01785E+02
1.42944336E+07,-9.97854E+01
1.42974854E+07,-1.05265E+02
1.43005371E+07,-1.00285E+02
1.43035889E+07,-9.91054E+01
1.43066406E+07,-9.88054E+01
1.43096924E+07,-9.85654E+01
1.43127441E+07,-9.47654E+01
1.43157959E+07,-9.76254E+01
1.43188477E+07,-1.09785E+02
1.43218994E+07,-9.60854E+01
1.43249512E+07,-1.00085E+02
1.43280029E+07,-1.02285E+02
1.43310547E+07,-9.65054E+01
1.43341064E+07,-1.05445E+02
1.43371582E+07,-9.56454E+01
1.43402100E+07,-9.64854E+01
1.43432617E+07,-1.07125E+02
1.43463135E+07,-1.01565E+02
1.43493652E+07,-1.06505E+02
1.43524170E+07,-1.02365E+02
1.43554688E+07,-9.86254E+01
1.43585205E+07,-9.70054E+01
1.43615723E+07,-9.88054E+01
1.43646240E+07,-1.01005E+02
1.43676758E+07,-1.06865E+02
1.43707275E+07,-1.04865E+02
1.43737793E+07,-9.86254E+01
1.43768311E+07,-1.07025E+02
1.43798828E+07,-9.71054E+01
1.43829346E+07,-1.00525E+02
1.43859863E+07,-1.14005E+02
1.43890381E+07,-9.82654E+01
1.43920898E+07,-9.74854E+01
1.43951416E+07,-1.02705E+02
1.43981934E+07,-1.10445E+02
1.44012451E+07,-9.75854E+01
1.44042969E+07,-9.74854E+01
1.44073486E+07,-1.12425E+02
1.44104004E+07,-9.93454E+01
1.44134521E+07,-9.86254E+01
1.44165039E+07,-9.52854E+01
1.44195557E+07,-9.61054E+01
1.44226074E+07,-9.76254E+01
1.44256592E+07,-9.43054E+01
1.44287109E+07,-1.00545E+02
1.44317627E+07,-1.07545E+02
1.44348145E+07,-1.00785E+02
1.44378662E+07,-1.17365E+02
1.44409180E+07,-1.15005E+02
1.44439697E+07,-1.02325E+02
1.44470215E+07,-1.00265E+02
1.44500732E+07,-1.03845E+02
1.44531250E+07,-9.62654E+01
1.44561768E+07,-9.69654E+01
1.44592285E+07,-1.02005E+02
1.44622803E+07,-9.90654E+01
1.44653320E+07,-1.02865E+02
1.44683838E+07,-1.05745E+02
1.44714355E+07,-1.00165E+02
1.44744873E+07,-9.73054E+01
1.44775391E+07,-1.02565E+02
1.44805908E+07,-1.03465E+02
1.44836426E+07,-1.02585E+02
1.44866943E+07,-1.06325E+02
1.44897461E+07,-1.00865E+02
1.44927979E+07,-1.05945E+02
1.44958496E+07,-1.02985E+02
1.44989014E+07,-9.71054E+01
1.45019531E+07,-9.62654E+01
1.45050049E+07,-9.69454E+01
1.45080566E+07,-9.75654E+01
1.45111084E+07,-1.02445E+02
1.45141602E+07,-1.06165E+02
1.45172119E+07,-1.12325E+02
1.45202637E+07,-1.05645E+02
1.45233154E+07,-1.06005E+02
1.45263672E+07,-1.08905E+02
1.45294189E+07,-1.02285E+02
1.45324707E+07,-1.03765E+02
1.45355225E+07,-9.48454E+01
1.45385742E+07,-9.21254E+01
1.45416260E+07,-9.97854E+01
1.45446777E+07,-1.11545E+02
1.45477295E+07,-9.74454E+01
1.45507812E+07,-9.48654E+01
1.45538330E+07,-1.03885E+02
1.45568848E+07,-1.00185E+02
1.45599365E+07,-9.41454E+01
1.45629883E+07,-1.03885E+02
1.45660400E+07,-9.24454E+01
1.45690918E+07,-9.70454E+01
1.45721436E+07,-1.03965E+02
1.45751953E+07,-9.14454E+01
1.45782471E+07,-9.86654E+01
1.45812988E+07,-9.98654E+01
1.45843506E+07,-1.08345E+02
1.45874023E+07,-9.65254E+01
1.45904541E+07,-9.70254E+01
1.45935059E+07,-1.04485E+02
1.45965576E+07,-1.05345E+02
1.45996094E+07,-9.89454E+01
1.46026611E+07,-1.04345E+02
1.46057129E+07,-1.07245E+02
1.46087646E+07,-9.91654E+01
1.46118164E+07,-9.71654E+01
1.46148682E+07,-1.03665E+02
1.46179199E+07,-9.98854E+01
1.46209717E+07,-9.64854E+01
1.46240234E+07,-9.75454E+01
1.46270752E+07,-9.96054E+01
1.46301270E+07,-9.80854E+01
1.46331787E+07,-9.80254E+01
1.46362305E+07,-9.99654E+01
1.46392822E+07,-9.92054E+01
1.46423340E+07,-1.10745E+02
1.46453857E+07,-1.00705E+02
1.46484375E+07,-1.08225E+02
1.46514893E+07,-9.68254E+01
1.46545410E+07,-9.46654E+01
1.46575928E+07,-9.93254E+01
1.46606445E+07,-9.65454E+01
1.46636963E+07,-9.22254E+01
1.46667480E+07,-9.36654E+01
1.46697998E+07,-9.66854E+01
1.46728516E+07,-9.47854E+01
1.46759033E+07,-9.60854E+01
1.46789551E+07,-1.03325E+02
1.46820068E+07,-9.54654E+01
1.46850586E+07,-9.23854E+01
1.46881104E+07,-9.38454E+01
1.46911621E+07,-1.09005E+02
1.46942139E+07,-1.16885E+02
1.46972656E+07,-9.94454E+01
1.47003174E+07,-1.01405E+02
1.47033691E+07,-1.15445E+02
1.47064209E+07,-1.01505E+02
1.47094727E+07,-9.91654E+01
1.47125244E+07,-9.94454E+01
1.47155762E+07,-9.64254E+01
1.47186279E+07,-9.35854E+01
1.47216797E+07,-9.65054E+01
1.47247314E+07,-1.04765E+02
1.47277832E+07,-1.07785E+02
1.47308350E+07,-1.02085E+02
1.47338867E+07,-9.50254E+01
1.47369385E+07,-9.55254E+01
1.47399902E+07,-9.80654E+01
1.47430420E+07,-9.85254E+01
1.47460938E+07,-9.59854E+01
1.47491455E+07,-9.72454E+01
1.47521973E+07,-1.13065E+02
1.47552490E+07,-9.77854E+01
1.47583008E+07,-9.54654E+01
1.47613525E+07,-1.02905E+02
1.47644043E+07,-9.73254E+01
1.47674561E+07,-9.89254E+01
1.47705078E+07,-1.28405E+02
1.47735596E+07,-9.98254E+01
1.47766113E+07,-9.29254E+01
1.47796631E+07,-9.80254E+01
1.47827148E+07,-9.65254E+01
1.47857666E+07,-9.66654E+01
1.47888184E+07,-1.00545E+02
1.47918701E+07,-1.01425E+02
1.47949219E+07,-1.08845E+02
1.47979736E+07,-1.02225E+02
1.48010254E+07,-1.14605E+02
1.48040771E+07,-9.79454E+01
1.48071289E+07,-1.07125E+02
1.48101807E+07,-1.02825E+02
1.48132324E+07,-1.21645E+02
1.48162842E+07,-1.17945E+02
1.48193359E+07,-1.01185E+02
1.48223877E+07,-9.76854E+01
1.48254395E+07,-1.07405E+02
1.48284912E+07,-1.04545E+02
1.48315430E+07,-9.91054E+01
1.48345947E+07,-9.84854E+01
1.48376465E+07,-9.88454E+01
1.48406982E+07,-1.02205E+02
1.48437500E+07,-1.04265E+02
1.48468018E+07,-9.86654E+01
1.48498535E+07,-9.69054E+01
1.48529053E+07,-1.05045E+02
1.48559570E+07,-1.05685E+02
1.48590088E+07,-1.09005E+02
1.48620605E+07,-1.01565E+02
1.48651123E+07,-1.02485E+02
1.48681641E+07,-1.04045E+02
1.48712158E+07,-9.69054E+01
1.48742676E+07,-9.68854E+01
1.48773193E+07,-9.99854E+01
1.48803711E+07,-9.68254E+01
1.48834229E+07,-1.04265E+02
1.48864746E+07,-1.02485E+02
1.48895264E+07,-9.68054E+01
1.48925781E+07,-9.68854E+01
1.48956299E+07,-1.02505E+02
1.48986816E+07,-1.03445E+02
1.49017334E+07,-1.06485E+02
1.49047852E+07,-1.08205E+02
1.49078369E+07,-1.01785E+02
1.49108887E+07,-1.00065E+02
1.49139404E+07,-1.04445E+02
1.49169922E+07,-1.19525E+02
1.49200439E+07,-1.08285E+02
1.49230957E+07,-1.00085E+02
1.49261475E+07,-9.80654E+01
1.49291992E+07,-9.88054E+01
1.49322510E+07,-9.91854E+01
1.49353027E+07,-1.03925E+02
1.49383545E+07,-1.00785E+02
1.49414062E+07,-9.69254E+01
1.49444580E+07,-9.79254E+01
1.49475098E+07,-9.61854E+01
1.49505615E+07,-1.00305E+02
1.49536133E+07,-1.17505E+02
1.49566650E+07,-1.02825E+02
1.49597168E+07,-1.05805E+02
1.49627686E+07,-1.02685E+02
1.49658203E+07,-1.17025E+02
1.49688721E+07,-1.01065E+02
1.49719238E+07,-1.04385E+02
1.49749756E+07,-1.00905E+02
1.49780273E+07,-9.89054E+01
1.49810791E+07,-1.08325E+02
1.49841309E+07,-9.81254E+01
1.49871826E+07,-9.78854E+01
1.49902344E+07,-9.90254E+01
1.49932861E+07,-9.56454E+01
1.49963379E+07,-9.49654E+01
1.49993896E+07,-9.42254E+01
1.50024414E+07,-9.59254E+01
1.50054932E+07,-1.08565E+02
1.50085449E+07,-1.02765E+02
1.50115967E+07,-1.07865E+02
1.50146484E+07,-1.01885E+02
1.50177002E+07,-9.72454E+01
1.50207520E+07,-9.89054E+01
1.50238037E+07,-1.07805E+02
1.50268555E+07,-9.89854E+01
1.50299072E+07,-9.64854E+01
1.50329590E+07,-1.07845E+02
1.50360107E+07,-1.15285E+02
1.50390625E+07,-9.87054E+01
1.50421143E+07,-9.45054E+01
1.50451660E+07,-1.00985E+02
1.50482178E+07,-9.66054E+01
1.50512695E+07,-9.44854E+01
1.50543213E+07,-9.55854E+01
1.50573730E+07,-9.98654E+01
1.50604248E+07,-1.01645E+02
1.50634766E+07,-9.50054E+01
1.50665283E+07,-9.22054E+01
1.50695801E+07,-9.48654E+01
1.50726318E+07,-1.05305E+02
1.50756836E+07,-1.00285E+02
1.50787354E+07,-1.01705E+02
1.50817871E+07,-1.03325E+02
1.50848389E+07,-1.02485E+02
1.50878906E+07,-1.01665E+02
1.50909424E+07,-9.64254E+01
1.50939941E+07,-1.00505E+02
1.50970459E+07,-9.98854E+01
1.51000977E+07,-9.89454E+01
1.51031494E+07,-1.20025E+02
1.51062012E+07,-1.06685E+02
1.51092529E+07,-1.02085E+02
1.51123047E+07,-9.67054E+01
1.51153564E+07,-9.71454E+01
1.51184082E+07,-1.00345E+02
1.51214600E+07,-1.02005E+02
1.51245117E+07,-1.00745E+02
1.51275635E+07,-1.04265E+02
1.51306152E+07,-1.06665E+02
1.51336670E+07,-9.95254E+01
1.51367188E+07,-9.47454E+01
1.51397705E+07,-1.00705E+02
1.51428223E+07,-1.09545E+02
1.51458740E+07,-1.04345E+02
1.51489258E+07,-9.54254E+01
1.51519775E+07,-9.36254E+01
1.51550293E+07,-9.67654E+01
1.51580811E+07,-1.07145E+02
1.51611328E+07,-1.05065E+02
1.51641846E+07,-9.66854E+01
1.51672363E+07,-9.92254E+01
1.51702881E+07,-1.04085E+02
1.51733398E+07,-9.95054E+01
1.51763916E+07,-9.93054E+01
1.51794434E+07,-1.06725E+02
1.51824951E+07,-1.03665E+02
1.51855469E+07,-1.10865E+02
1.51885986E+07,-1.04225E+02
1.51916504E+07,-1.00105E+02
1.51947021E+07,-9.92854E+01
1.51977539E+07,-1.02445E+02
1.52008057E+07,-9.64254E+01
1.52038574E+07,-9.41854E+01
1.52069092E+07,-9.81854E+01
1.52099609E+07,-1.02225E+02
1.52130127E+07,-1.00865E+02
1.52160645E+07,-9.84654E+01
1.52191162E+07,-1.00065E+02
1.52221680E+07,-1.09545E+02
1.52252197E+07,-9.64254E+01
1.52282715E+07,-1.00585E+02
1.52313232E+07,-9.68454E+01
1.52343750E+07,-1.07705E+02
1.52374268E+07,-1.14525E+02
1.52404785E+07,-9.75854E+01
1.52435303E+07,-9.47454E+01
1.52465820E+07,-1.02365E+02
1.52496338E+07,-9.53854E+01
1.52526855E+07,-9.49454E+01
1.52557373E+07,-1.00025E+02
1.52587891E+07,-1.02585E+02
1.52618408E+07,-9.96054E+01
1.52648926E+07,-9.45654E+01
1.52679443E+07,-1.04945E+02
1.52709961E+07,-9.79054E+01
1.52740479E+07,-1.10405E+02
1.52770996E+07,-1.09005E+02
1.52801514E+07,-1.11005E+02
1.52832031E+07,-1.01005E+02
1.52862549E+07,-1.06445E+02
1.52893066E+07,-1.03965E+02
1.52923584E+07,-1.07425E+02
1.52954102E+07,-1.04505E+02
1.52984619E+07,-1.01985E+02
1.53015137E+07,-1.02585E+02
1.53045654E+07,-1.03625E+02
1.53076172E+07,-1.00045E+02
1.53106689E+07,-9.48254E+01
1.53137207E+07,-9.56454E+01
1.53167725E+07,-9.32254E+01
1.53198242E+07,-9.61254E+01
1.53228760E+07,-1.04185E+02
1.53259277E+07,-1.02565E+02
1.53289795E+07,-1.06745E+02
1.53320312E+07,-1.08605E+02
1.53350830E+07,-9.67854E+01
1.53381348E+07,-9.81254E+01
1.53411865E+07,-9.52454E+01
1.53442383E+07,-9.68654E+01
1.53472900E+07,-9.77654E+01
1.53503418E+07,-9.61054E+01
1.53533936E+07,-1.01865E+02
1.53564453E+07,-1.11405E+02
1.53594971E+07,-1.10405E+02
1.53625488E+07,-1.01985E+02
1.53656006E+07,-1.11765E+02
1.53686523E+07,-1.02685E+02
1.53717041E+07,-9.92854E+01
1.53747559E+07,-9.61654E+01
1.53778076E+07,-9.68054E+01
1.53808594E+07,-1.05505E+02
1.53839111E+07,-1.04705E+02
1.53869629E+07,-9.99454E+01
1.53900146E+07,-9.86254E+01
1.53930664E+07,-9.95054E+01
1.53961182E+07,-1.07105E+02
1.53991699E+07,-1.12145E+02
1.54022217E+07,-1.04445E+02
1.54052734E+07,-1.00805E+02
1.54083252E+07,-1.01485E+02
1.54113770E+07,-9.76854E+01
1.54144287E+07,-9.79854E+01
1.54174805E+07,-1.03445E+02
1.54205322E+07,-9.99054E+01
1.54235840E+07,-9.53054E+01
1.54266357E+07,-9.67454E+01
1.54296875E+07,-1.03885E+02
1.54327393E+07,-1.02505E+02
1.54357910E+07,-9.82254E+01
1.54388428E+07,-9.90454E+01
1.54418945E+07,-1.19725E+02
1.54449463E+07,-9.74854E+01
1.54479980E+07,-1.00045E+02
1.54510498E+07,-9.53054E+01
1.54541016E+07,-9.85854E+01
1.54571533E+07,-1.05865E+02
1.54602051E+07,-1.02005E+02
1.54632568E+07,-9.98654E+01
1.54663086E+07,-9.77054E+01
1.54693604E+07,-9.40854E+01
1.54724121E+07,-9.46054E+01
1.54754639E+07,-9.32654E+01
1.54785156E+07,-9.73854E+01
1.54815674E+07,-9.90454E+01
1.54846191E+07,-9.38854E+01
1.54876709E+07,-9.86654E+01
1.54907227E+07,-1.02805E+02
1.54937744E+07,-9.98854E+01
1.54968262E+07,-9.76054E+01
1.54998779E+07,-1.03765E+02
1.55029297E+07,-1.03845E+02
1.55059814E+07,-1.18125E+02
1.55090332E+07,-1.02225E+02
1.55120850E+07,-9.79854E+01
1.55151367E+07,-9.51254E+01
1.55181885E+07,-1.04085E+02
1.55212402E+07,-9.79254E+01
1.55242920E+07,-9.58254E+01
1.55273438E+07,-1.05325E+02
1.55303955E+07,-9.76054E+01
1.55334473E+07,-9.98054E+01
1.55364990E+07,-1.12225E+02
1.55395508E+07,-1.00985E+02
1.55426025E+07,-9.75054E+01
1.55456543E+07,-9.50854E+01
1.55487061E+07,-9.47654E+01
1.55517578E+07,-9.72054E+01
1.55548096E+07,-9.96054E+01
1.55578613E+07,-9.87254E+01
1.55609131E+07,-1.00325E+02
1.55639648E+07,-9.85254E+01
1.55670166E+07,-9.75054E+01
1.55700684E+07,-1.01705E+02
1.55731201E+07,-9.79454E+01
1.55761719E+07,-9.70454E+01
1.55792236E+07,-1.03265E+02
1.55822754E+07,-1.03025E+02
1.55853271E+07,-9.84654E+01
1.55883789E+07,-1.01345E+02
1.55914307E+07,-1.10085E+02
1.55944824E+07,-1.03725E+02
1.55975342E+07,-9.90854E+01
1.56005859E+07,-9.44054E+01
1.56036377E+07,-9.69054E+01
1.56066895E+07,-9.91454E+01
1.56097412E+07,-9.78654E+01
1.56127930E+07,-1.01145E+02
1.56158447E+07,-1.13405E+02
1.56188965E+07,-1.05325E+02
1.56219482E+07,-1.01005E+02
1.56250000E+07,-1.03065E+02
1.56280518E+07,-1.14325E+02
1.56311035E+07,-9.93854E+01
1.56341553E+07,-1.04885E+02
1.56372070E+07,-1.05425E+02
1.56402588E+07,-1.06625E+02
1.56433105E+07,-1.00105E+02
1.56463623E+07,-9.38054E+01
1.56494141E+07,-9.67454E+01
1.56524658E+07,-1.02065E+02
1.56555176E+07,-1.11525E+02
1.56585693E+07,-9.84254E+01
1.56616211E+07,-9.85054E+01
1.56646729E+07,-9.93054E+01
1.56677246E+07,-1.04405E+02
1.56707764E+07,-9.66054E+01
1.56738281E+07,-9.80054E+01
1.56768799E+07,-1.06265E+02
1.56799316E+07,-9.82054E+01
1.56829834E+07,-9.78854E+01
1.56860352E+07,-1.00805E+02
1.56890869E+07,-9.80254E+01
1.56921387E+07,-9.37254E+01
1.56951904E+07,-9.78654E+01
1.56982422E+07,-1.04945E+02
1.57012939E+07,-9.66454E+01
1.57043457E+07,-1.02685E+02
1.57073975E+07,-1.06925E+02
1.57104492E+07,-1.01385E+02
1.57135010E+07,-1.05625E+02
1.57165527E+07,-1.06825E+02
1.57196045E+07,-1.05405E+02
1.57226562E+07,-1.01825E+02
1.57257080E+07,-1.02645E+02
1.57287598E+07,-1.09865E+02
1.57318115E+07,-9.85854E+01
1.57348633E+07,-1.02485E+02
1.57379150E+07,-1.09005E+02
1.57409668E+07,-9.76854E+01
1.57440186E+07,-9.41854E+01
1.57470703E+07,-9.82654E+01
1.57501221E+07,-1.07865E+02
1.57531738E+07,-1.04405E+02
1.57562256E+07,-9.75054E+01
1.57592773E+07,-9.33054E+01
1.57623291E+07,-9.40854E+01
1.57653809E+07,-9.65254E+01
1.57684326E+07,-9.33054E+01
1.57714844E+07,-9.90454E+01
1.57745361E+07,-9.19054E+01
1.57775879E+07,-9.12254E+01
1.57806396E+07,-9.84054E+01
1.57836914E+07,-1.03325E+02
1.57867432E+07,-9.71854E+01
1.57897949E+07,-1.02965E+02
1.57928467E+07,-9.85454E+01
1.57958984E+07,-9.38854E+01
1.57989502E+07,-9.88654E+01
1.58020020E+07,-1.02985E+02
1.58050537E+07,-1.04425E+02
1.58081055E+07,-9.50454E+01
1.58111572E+07,-9.97254E+01
1.58142090E+07,-1.01305E+02
1.58172607E+07,-9.97054E+01
1.58203125E+07,-1.01285E+02
1.58233643E+07,-1.01225E+02
1.58264160E+07,-9.84054E+01
1.58294678E+07,-9.98454E+01
1.58325195E+07,-1.03965E+02
1.58355713E+07,-1.02745E+02
1.58386230E+07,-9.74254E+01
1.58416748E+07,-1.14805E+02
1.58447266E+07,-1.03125E+02
1.58477783E+07,-1.03125E+02
1.58508301E+07,-1.04265E+02
1.58538818E+07,-1.09425E+02
1.58569336E+07,-9.87454E+01
1.58599854E+07,-9.63854E+01
1.58630371E+07,-1.11205E+02
1.58660889E+07,-9.88454E+01
1.58691406E+07,-1.05885E+02
1.58721924E+07,-1.01565E+02
1.58752441E+07,-9.99054E+01
1.58782959E+07,-1.04425E+02
1.58813477E+07,-9.53054E+01
1.58843994E+07,-1.00465E+02
1.58874512E+07,-9.94654E+01
1.58905029E+07,-1.01585E+02
1.58935547E+07,-1.00545E+02
1.58966064E+07,-9.49454E+01
1.58996582E+07,-9.79054E+01
1.59027100E+07,-1.05845E+02
1.59057617E+07,-1.09245E+02
1.59088135E+07,-9.65054E+01
1.59118652E+07,-9.29254E+01
1.59149170E+07,-9.85454E+01
1.59179688E+07,-1.03545E+02
1.59210205E+07,-9.61854E+01
1.59240723E+07,-9.37254E+01
1.59271240E+07,-9.29654E+01
1.59301758E+07,-9.91254E+01
1.59332275E+07,-1.02085E+02
1.59362793E+07,-1.04145E+02
1.59393311E+07,-9.53054E+01
1.59423828E+07,-9.81454E+01
1.59454346E+07,-9.70654E+01
1.59484863E+07,-9.50254E+01
1.59515381E+07,-9.72054E+01
1.59545898E+07,-1.01445E+02
1.59576416E+07,-1.09965E+02
1.59606934E+07,-1.09445E+02
1.59637451E+07,-1.04585E+02
1.59667969E+07,-9.90454E+01
1.59698486E+07,-1.01425E+02
1.59729004E+07,-1.05745E+02
1.59759521E+07,-9.45254E+01
1.59790039E+07,-9.56454E+01
1.59820557E+07,-1.06165E+02
1.59851074E+07,-1.08425E+02
1.59881592E+07,-1.05045E+02
1.59912109E+07,-1.13845E+02
1.59942627E+07,-1.04585E+02
1.59973145E+07,-9.55654E+01
1.60003662E+07,-9.96254E+01
1.60034180E+07,-1.00285E+02
1.60064697E+07,-9.99454E+01
1.60095215E+07,-9.62654E+01
1.60125732E+07,-1.04765E+02
1.60156250E+07,-9.70454E+01
1.60186768E+07,-1.03185E+02
1.60217285E+07,-9.44054E+01
1.60247803E+07,-9.56854E+01
1.60278320E+07,-9.98854E+01
1.60308838E+07,-9.83054E+01
1.60339355E+07,-9.62254E+01
1.60369873E+07,-1.02765E+02
1.60400391E+07,-1.12145E+02
1.60430908E+07,-1.01625E+02
1.60461426E+07,-9.75054E+01
1.60491943E+07,-9.75054E+01
1.60522461E+07,-9.98254E+01
1.60552979E+07,-9.77454E+01
1.60583496E+07,-9.37654E+01
1.60614014E+07,-9.20654E+01
1.60644531E+07,-9.00454E+01
1.60675049E+07,-9.20454E+01
1.60705566E+07,-1.03305E+02
1.60736084E+07,-9.84854E+01
1.60766602E+07,-9.77254E+01
1.60797119E+07,-9.88054E+01
1.60827637E+07,-9.77454E+01
1.60858154E+07,-1.01485E+02
1.60888672E+07,-1.15145E+02
1.60919189E+07,-1.00365E+02
1.60949707E+07,-1.06905E+02
1.60980225E+07,-9.89854E+01
1.61010742E+07,-1.00465E+02
1.61041260E+07,-1.04365E+02
1.61071777E+07,-9.78054E+01
1.61102295E+07,-9.79854E+01
1.61132812E+07,-1.12305E+02
1.61163330E+07,-9.92654E+01
1.61193848E+07,-1.00245E+02
1.61224365E+07,-1.02525E+02
1.61254883E+07,-1.00325E+02
1.61285400E+07,-1.11785E+02
1.61315918E+07,-1.03805E+02
1.61346436E+07,-1.05505E+02
1.61376953E+07,-9.91454E+01
1.61407471E+07,-1.07985E+02
1.61437988E+07,-9.72054E+01
1.61468506E+07,-9.93854E+01
1.61499023E+07,-1.14525E+02
1.61529541E+07,-1.05945E+02
1.61560059E+07,-1.05325E+02
1.61590576E+07,-9.83254E+01
1.61621094E+07,-9.51654E+01
1.61651611E+07,-9.78854E+01
1.61682129E+07,-1.04225E+02
1.61712646E+07,-1.10425E+02
1.61743164E+07,-9.72854E+01
1.61773682E+07,-9.33054E+01
1.61804199E+07,-9.80854E+01
1.61834717E+07,-9.65254E+01
1.61865234E+07,-1.00665E+02
1.61895752E+07,-1.09045E+02
1.61926270E+07,-1.03325E+02
1.61956787E+07,-9.94854E+01
1.61987305E+07,-9.73254E+01
1.62017822E+07,-9.95054E+01
1.62048340E+07,-9.86054E+01
1.62078857E+07,-9.84854E+01
1.62109375E+07,-1.04145E+02
1.62139893E+07,-9.79654E+01
1.62170410E+07,-9.71654E+01
1.62200928E+07,-9.63254E+01
1.62231445E+07,-1.02365E+02
1.62261963E+07,-1.02485E+02
1.62292480E+07,-1.03125E+02
1.62322998E+07,-9.55854E+01
1.62353516E+07,-9.71054E+01
1.62384033E+07,-9.90054E+01
1.62414551E+07,-9.80654E+01
1.62445068E+07,-9.91654E+01
1.62475586E+07,-9.34054E+01
1.62506104E+07,-9.66054E+01
1.62536621E+07,-9.59254E+01
1.62567139E+07,-9.51254E+01
1.62597656E+07,-9.71854E+01
1.62628174E+07,-9.88054E+01
1.62658691E+07,-1.00225E+02
1.62689209E+07,-9.95654E+01
1.62719727E+07,-1.05745E+02
1.62750244E+07,-9.82254E+01
1.62780762E+07,-9.59054E+01
1.62811279E+07,-9.93854E+01
1.62841797E+07,-9.87854E+01
1.62872314E+07,-1.00705E+02
1.62902832E+07,-1.02065E+02
1.62933350E+07,-1.05785E+02
1.62963867E+07,-9.95054E+01
1.62994385E+07,-9.61654E+01
1.63024902E+07,-9.82054E+01
1.63055420E+07,-1.06165E+02
1.63085938E+07,-9.53854E+01
1.63116455E+07,-9.57454E+01
1.63146973E+07,-9.58654E+01
1.63177490E+07,-9.41454E+01
1.63208008E+07,-1.03545E+02
1.63238525E+07,-9.65454E+01
1.63269043E+07,-1.00565E+02
1.63299561E+07,-1.12925E+02
1.63330078E+07,-1.11865E+02
1.63360596E+07,-9.79654E+01
1.63391113E+07,-9.62054E+01
1.63421631E+07,-9.70054E+01
1.63452148E+07,-9.65854E+01
1.63482666E+07,-9.76454E+01
1.63513184E+07,-1.00765E+02
1.63543701E+07,-1.09785E+02
1.63574219E+07,-1.06545E+02
1.63604736E+07,-1.01385E+02
1.63635254E+07,-1.00225E+02
1.63665771E+07,-1.04265E+02
1.63696289E+07,-9.86254E+01
1.63726807E+07,-1.06325E+02
1.63757324E+07,-1.03765E+02
1.63787842E+07,-9.91654E+01
1.63818359E+07,-1.00025E+02
1.63848877E+07,-1.00345E+02
1.63879395E+07,-9.62454E+01
1.63909912E+07,-9.68054E+01
1.63940430E+07,-9.23854E+01
1.63970947E+07,-1.03305E+02
1.64001465E+07,-1.09505E+02
1.64031982E+07,-1.01765E+02
1.64062500E+07,-9.84654E+01
1.64093018E+07,-1.01145E+02
1.64123535E+07,-1.05145E+02
1.64154053E+07,-1.09925E+02
1.64184570E+07,-1.02245E+02
1.64215088E+07,-1.13325E+02
1.64245605E+07,-9.86454E+01
1.64276123E+07,-1.00885E+02
1.64306641E+07,-1.02425E+02
1.64337158E+07,-9.37254E+01
1.64367676E+07,-9.65454E+01
1.64398193E+07,-1.08825E+02
1.64428711E+07,-9.70454E+01
1.64459229E+07,-9.77454E+01
1.64489746E+07,-9.89854E+01
1.64520264E+07,-9.48254E+01
1.64550781E+07,-9.69854E+01
1.64581299E+07,-9.79454E+01
1.64611816E+07,-1.03665E+02
1.64642334E+07,-9.81454E+01
1.64672852E+07,-9.93854E+01
1.64703369E+07,-9.65054E+01
1.64733887E+07,-9.46854E+01
1.64764404E+07,-9.46254E+01
1.64794922E+07,-9.78054E+01
1.64825439E+07,-9.40054E+01
1.64855957E+07,-9.41854E+01
1.64886475E+07,-1.07305E+02
1.64916992E+07,-9.77454E+01
1.64947510E+07,-1.01245E+02
1.64978027E+07,-1.01405E+02
1.65008545E+07,-9.94254E+01
1.65039062E+07,-9.63854E+01
1.65069580E+07,-9.73454E+01
1.65100098E+07,-9.40454E+01
1.65130615E+07,-9.49454E+01
1.65161133E+07,-1.02065E+02
1.65191650E+07,-9.70054E+01
1.65222168E+07,-1.02445E+02
1.65252686E+07,-1.04145E+02
1.65283203E+07,-9.83654E+01
1.65313721E+07,-1.02905E+02
1.65344238E+07,-1.09885E+02
1.65374756E+07,-1.09305E+02
1.65405273E+07,-1.04325E+02
1.65435791E+07,-1.04965E+02
1.65466309E+07,-1.20005E+02
1.65496826E+07,-1.04605E+02
1.65527344E+07,-1.03625E+02
1.65557861E+07,-1.08625E+02
1.65588379E+07,-1.08465E+02
1.65618896E+07,-1.01045E+02
1.65649414E+07,-1.03125E+02
1.65679932E+07,-1.20345E+02
1.65710449E+07,-1.05725E+02
1.65740967E+07,-9.40054E+01
1.65771484E+07,-9.22054E+01
1.65802002E+07,-9.52654E+01
1.65832520E+07,-1.00265E+02
1.65863037E+07,-1.07865E+02
1.65893555E+07,-9.77054E+01
1.65924072E+07,-9.62054E+01
1.65954590E+07,-1.03465E+02
1.65985107E+07,-1.04285E+02
1.66015625E+07,-1.04645E+02
1.66046143E+07,-1.03585E+02
1.66076660E+07,-1.04905E+02
1.66107178E+07,-1.06105E+02
1.66137695E+07,-1.15005E+02
1.66168213E+07,-1.01185E+02
1.66198730E+07,-9.71254E+01
1.66229248E+07,-9.48254E+01
1.66259766E+07,-9.33654E+01
1.66290283E+07,-1.02045E+02
1.66320801E+07,-1.07245E+02
1.66351318E+07,-1.23085E+02
1.66381836E+07,-1.01185E+02
1.66412354E+07,-9.72854E+01
1.66442871E+07,-9.85254E+01
1.66473389E+07,-1.03305E+02
1.66503906E+07,-1.10605E+02
1.66534424E+07,-9.78654E+01
1.66564941E+07,-1.02145E+02
1.66595459E+07,-1.04525E+02
1.66625977E+07,-9.88454E+01
1.66656494E+07,-9.57254E+01
1.66687012E+07,-9.43054E+01
1.66717529E+07,-1.00985E+02
1.66748047E+07,-9.97454E+01
1.66778564E+07,-9.74254E+01
1.66809082E+07,-1.00705E+02
1.66839600E+07,-1.02645E+02
1.66870117E+07,-1.01085E+02
1.66900635E+07,-1.00045E+02
1.66931152E+07,-1.09205E+02
1.66961670E+07,-1.00525E+02
1.66992188E+07,-9.60054E+01
1.67022705E+07,-9.83854E+01
1.67053223E+07,-1.00245E+02
1.67083740E+07,-9.71054E+01
1.67114258E+07,-9.89054E+01
1.67144775E+07,-1.00885E+02
1.67175293E+07,-9.64254E+01
1.67205811E+07,-1.02125E+02
1.67236328E+07,-9.27654E+01
1.67266846E+07,-9.68854E+01
1.67297363E+07,-1.03085E+02
1.67327881E+07,-1.03125E+02
1.67358398E+07,-1.16305E+02
1.67388916E+07,-1.07605E+02
1.67419434E+07,-1.09785E+02
1.67449951E+07,-1.09045E+02
1.67480469E+07,-9.90254E+01
1.67510986E+07,-9.87054E+01
1.67541504E+07,-1.14225E+02
1.67572021E+07,-1.02825E+02
1.67602539E+07,-1.06325E+02
1.67633057E+07,-1.02245E+02
1.67663574E+07,-1.03465E+02
1.67694092E+07,-9.55254E+01
1.67724609E+07,-9.20654E+01
1.67755127E+07,-9.53254E+01
1.67785645E+07,-9.82254E+01
1.67816162E+07,-9.81054E+01
1.67846680E+07,-1.01805E+02
1.67877197E+07,-1.19665E+02
1.67907715E+07,-9.98854E+01
1.67938232E+07,-9.43054E+01
1.67968750E+07,-9.35854E+01
1.67999268E+07,-9.89254E+01
1.68029785E+07,-1.02385E+02
1.68060303E+07,-9.94854E+01
1.68090820E+07,-1.03765E+02
1.68121338E+07,-1.06285E+02
1.68151855E+07,-1.08985E+02
1.68182373E+07,-1.08485E+02
1.68212891E+07,-1.09765E+02
1.68243408E+07,-9.57054E+01
1.68273926E+07,-9.57654E+01
1.68304443E+07,-9.66854E+01
1.68334961E+07,-9.97654E+01
1.68365479E+07,-1.00725E+02
1.68395996E+07,-9.79454E+01
1.68426514E+07,-1.05005E+02
1.68457031E+07,-1.15925E+02
1.68487549E+07,-1.04425E+02
1.68518066E+07,-1.21585E+02
1.68548584E+07,-1.02625E+02
1.68579102E+07,-9.90054E+01
1.68609619E+07,-1.01765E+02
1.68640137E+07,-1.05825E+02
1.68670654E+07,-9.86254E+01
1.68701172E+07,-9.82854E+01
1.68731689E+07,-9.28654E+01
1.68762207E+07,-9.47454E+01
1.68792725E+07,-1.13225E+02
1.68823242E+07,-1.03705E+02
1.68853760E+07,-9.55654E+01
1.68884277E+07,-1.02325E+02
1.68914795E+07,-1.01505E+02
1.68945312E+07,-1.01565E+02
1.68975830E+07,-9.86654E+01
1.69006348E+07,-1.07645E+02
1.69036865E+07,-1.03585E+02
1.69067383E+07,-1.06765E+02
1.69097900E+07,-9.58054E+01
1.69128418E+07,-9.93454E+01
1.69158936E+07,-9.74254E+01
1.69189453E+07,-9.67854E+01
1.69219971E+07,-1.00905E+02
1.69250488E+07,-9.51454E+01
1.69281006E+07,-1.03805E+02
1.69311523E+07,-1.07045E+02
1.69342041E+07,-9.78654E+01
1.69372559E+07,-1.05605E+02
1.69403076E+07,-9.91654E+01
1.69433594E+07,-1.00365E+02
1.69464111E+07,-9.51254E+01
1.69494629E+07,-9.62454E+01
1.69525146E+07,-9.79854E+01
1.69555664E+07,-1.00605E+02
1.69586182E+07,-9.36254E+01
1.69616699E+07,-9.48654E+01
1.69647217E+07,-1.05045E+02
1.69677734E+07,-1.00125E+02
1.69708252E+07,-9.36654E+01
1.69738770E+07,-9.46254E+01
1.69769287E+07,-9.52054E+01
1.69799805E+07,-9.37254E+01
1.69830322E+07,-9.00054E+01
1.69860840E+07,-9.34654E+01
1.69891357E+07,-1.06285E+02
1.69921875E+07,-1.11245E+02
1.69952393E+07,-1.08745E+02
1.69982910E+07,-1.05865E+02
1.70013428E+07,-1.08425E+02
1.70043945E+07,-1.03065E+02
1.70074463E+07,-1.02125E+02
1.70104980E+07,-1.05105E+02
1.70135498E+07,-1.02425E+02
1.70166016E+07,-1.09445E+02
1.70196533E+07,-9.59854E+01
1.70227051E+07,-9.12454E+01
1.70257568E+07,-9.78454E+01
1.70288086E+07,-1.02625E+02
1.70318604E+07,-1.04345E+02
1.70349121E+07,-1.01085E+02
1.70379639E+07,-1.19125E+02
1.70410156E+07,-9.68054E+01
1.70440674E+07,-9.60454E+01
1.70471191E+07,-1.10165E+02
1.70501709E+07,-1.00885E+02
1.70532227E+07,-9.82654E+01
1.70562744E+07,-1.00645E+02
1.70593262E+07,-9.93054E+01
1.70623779E+07,-9.23854E+01
1.70654297E+07,-9.61254E+01
1.70684814E+07,-1.00025E+02
1.70715332E+07,-9.80654E+01
1.70745850E+07,-1.02645E+02
1.70776367E+07,-9.64054E+01
1.70806885E+07,-9.35054E+01
1.70837402E+07,-9.71054E+01
1.70867920E+07,-9.75254E+01
1.70898438E+07,-1.06345E+02
1.70928955E+07,-1.04225E+02
1.70959473E+07,-9.54454E+01
1.70989990E+07,-9.58454E+01
1.71020508E+07,-1.00725E+02
1.71051025E+07,-1.10985E+02
1.71081543E+07,-9.85654E+01
1.71112061E+07,-9.53454E+01
1.71142578E+07,-9.86454E+01
1.71173096E+07,-9.69454E+01
1.71203613E+07,-9.42254E+01
1.71234131E+07,-9.68254E+01
1.71264648E+07,-1.02445E+02
1.71295166E+07,-1.14725E+02
1.71325684E+07,-1.01005E+02
1.71356201E+07,-9.46654E+01
1.71386719E+07,-1.02745E+02
1.71417236E+07,-1.08205E+02
1.71447754E+07,-1.02925E+02
1.71478271E+07,-1.03405E+02
1.71508789E+07,-1.04045E+02
1.71539307E+07,-1.13405E+02
1.71569824E+07,-1.08465E+02
1.71600342E+07,-1.05605E+02
1.71630859E+07,-1.24645E+02
1.71661377E+07,-1.00065E+02
1.71691895E+07,-9.44054E+01
1.71722412E+07,-9.94654E+01
1.71752930E+07,-1.01285E+02
1.71783447E+07,-9.88454E+01
1.71813965E+07,-1.26545E+02
1.71844482E+07,-1.04145E+02
1.71875000E+07,-1.23185E+02
1.71905518E+07,-1.07525E+02
1.71936035E+07,-1.10465E+02
1.71966553E+07,-9.79854E+01
1.71997070E+07,-9.50054E+01
1.72027588E+07,-1.01505E+02
1.72058105E+07,-1.00405E+02
1.72088623E+07,-9.53054E+01
1.72119141E+07,-9.65254E+01
1.72149658E+07,-9.31854E+01
1.72180176E+07,-9.42654E+01
1.72210693E+07,-1.01785E+02
1.72241211E+07,-9.59054E+01
1.72271729E+07,-9.65454E+01
1.72302246E+07,-1.00445E+02
1.72332764E+07,-9.75254E+01
1.72363281E+07,-1.07885E+02
1.72393799E+07,-9.69854E+01
1.72424316E+07,-1.01825E+02
1.72454834E+07,-1.00065E+02
1.72485352E+07,-1.13585E+02
1.72515869E+07,-1.00645E+02
1.72546387E+07,-1.12125E+02
1.72576904E+07,-1.13845E+02
1.72607422E+07,-1.11805E+02
1.72637939E+07,-9.87454E+01
1.72668457E+07,-9.60054E+01
1.72698975E+07,-9.95854E+01
1.72729492E+07,-1.05125E+02
1.72760010E+07,-1.03465E+02
1.72790527E+07,-1.03925E+02
1.72821045E+07,-9.90854E+01
1.72851562E+07,-9.54454E+01
1.72882080E+07,-9.55654E+01
1.72912598E+07,-1.03305E+02
1.72943115E+07,-1.19965E+02
1.72973633E+07,-1.16145E+02
1.73004150E+07,-9.90054E+01
1.73034668E+07,-9.80454E+01
1.73065186E+07,-9.69054E+01
1.73095703E+07,-9.87454E+01
1.73126221E+07,-1.05745E+02
1.73156738E+07,-1.02145E+02
1.73187256E+07,-1.01365E+02
1.73217773E+07,-9.84054E+01
1.73248291E+07,-9.35054E+01
1.73278809E+07,-1.04785E+02
1.73309326E+07,-9.86654E+01
1.73339844E+07,-9.58454E+01
1.73370361E+07,-9.88854E+01
1.73400879E+07,-1.01785E+02
1.73431396E+07,-1.00585E+02
1.73461914E+07,-9.96054E+01
1.73492432E+07,-1.00925E+02
1.73522949E+07,-1.03405E+02
1.73553467E+07,-9.78454E+01
1.73583984E+07,-1.01025E+02
1.73614502E+07,-1.04085E+02
1.73645020E+07,-9.73254E+01
1.73675537E+07,-9.92854E+01
1.73706055E+07,-9.63054E+01
1.73736572E+07,-9.71654E+01
1.73767090E+07,-9.67454E+01
1.73797607E+07,-1.00365E+02
1.73828125E+07,-1.03585E+02
1.73858643E+07,-9.96054E+01
1.73889160E+07,-9.96654E+01
1.73919678E+07,-1.01505E+02
1.73950195E+07,-1.04225E+02
1.73980713E+07,-9.65254E+01
1.74011230E+07,-9.68654E+01
1.74041748E+07,-1.07985E+02
1.74072266E+07,-1.07485E+02
1.74102783E+07,-1.07345E+02
1.74133301E+07,-1.01705E+02
1.74163818E+07,-1.00365E+02
1.74194336E+07,-1.00745E+02
1.74224854E+07,-1.04285E+02
1.74255371E+07,-9.55054E+01
1.74285889E+07,-1.00665E+02
1.74316406E+07,-1.01985E+02
1.74346924E+07,-9.66454E+01
1.74377441E+07,-9.68854E+01
1.74407959E+07,-9.73254E+01
1.74438477E+07,-9.97854E+01
1.74468994E+07,-1.03845E+02
1.74499512E+07,-1.05625E+02
1.74530029E+07,-1.11905E+02
1.74560547E+07,-1.13845E+02
1.74591064E+07,-9.60054E+01
1.74621582E+07,-9.20054E+01
1.74652100E+07,-9.48454E+01
1.74682617E+07,-9.93454E+01
1.74713135E+07,-9.61254E+01
1.74743652E+07,-9.27054E+01
1.74774170E+07,-9.83454E+01
1.74804688E+07,-9.99854E+01
1.74835205E+07,-9.41454E+01
1.74865723E+07,-9.60454E+01
1.74896240E+07,-1.14665E+02
1.74926758E+07,-9.58254E+01
1.74957275E+07,-9.30654E+01
1.74987793E+07,-9.57254E+01
1.75018311E+07,-9.64654E+01
1.75048828E+07,-1.04705E+02
1.75079346E+07,-1.07825E+02
1.75109863E+07,-1.07485E+02
1.75140381E+07,-1.01405E+02
1.75170898E+07,-9.71854E+01
1.75201416E+07,-9.94854E+01
1.75231934E+07,-9.95454E+01
1.75262451E+07,-9.81054E+01
1.75292969E+07,-1.01085E+02
1.75323486E+07,-1.00445E+02
1.75354004E+07,-9.43054E+01
1.75384521E+07,-9.67654E+01
1.75415039E+07,-9.79054E+01
1.75445557E+07,-1.05005E+02
1.75476074E+07,-9.78054E+01
1.75506592E+07,-1.01705E+02
1.75537109E+07,-1.06025E+02
1.75567627E+07,-1.18565E+02
1.75598145E+07,-1.09205E+02
1.75628662E+07,-9.83054E+01
1.75659180E+07,-9.54654E+01
1.75689697E+07,-9.55654E+01
1.75720215E+07,-9.62054E+01
1.75750732E+07,-9.35454E+01
1.75781250E+07,-9.44454E+01
1.75811768E+07,-9.78054E+01
1.75842285E+07,-1.01565E+02
1.75872803E+07,-1.03085E+02
1.75903320E+07,-9.82854E+01
1.75933838E+07,-9.48054E+01
1.75964355E+07,-9.50454E+01
1.75994873E+07,-1.04685E+02
1.76025391E+07,-1.12065E+02
1.76055908E+07,-1.01345E+02
1.76086426E+07,-1.01765E+02
1.76116943E+07,-1.05185E+02
1.76147461E+07,-1.11405E+02
1.76177979E+07,-9.89854E+01
1.76208496E+07,-1.01905E+02
1.76239014E+07,-1.01945E+02
1.76269531E+07,-1.18945E+02
1.76300049E+07,-1.08205E+02
1.76330566E+07,-1.10865E+02
1.76361084E+07,-1.05605E+02
1.76391602E+07,-1.05345E+02
1.76422119E+07,-1.17625E+02
1.76452637E+07,-1.08105E+02
1.76483154E+07,-9.99654E+01
1.76513672E+07,-1.01385E+02
1.76544189E+07,-1.05585E+02
1.76574707E+07,-1.01425E+02
1.76605225E+07,-9.69654E+01
1.76635742E+07,-1.00165E+02
1.76666260E+07,-1.04525E+02
1.76696777E+07,-1.02565E+02
1.76727295E+07,-1.02985E+02
1.76757812E+07,-9.50654E+01
1.76788330E+07,-1.03845E+02
1.76818848E+07,-1.05105E+02
1.76849365E+07,-1.02245E+02
1.76879883E+07,-9.72454E+01
1.76910400E+07,-9.90054E+01
1.76940918E+07,-9.44054E+01
1.76971436E+07,-1.01205E+02
1.77001953E+07,-9.87654E+01
1.77032471E+07,-1.08885E+02
1.77062988E+07,-1.00665E+02
1.77093506E+07,-1.03405E+02
1.77124023E+07,-1.11425E+02
1.77154541E+07,-1.11105E+02
1.77185059E+07,-9.57654E+01
1.77215576E+07,-9.53254E+01
1.77246094E+07,-9.92254E+01
1.77276611E+07,-9.83054E+01
1.77307129E+07,-9.77254E+01
1.77337646E+07,-1.02245E+02
1.77368164E+07,-1.03465E+02
1.77398682E+07,-1.02165E+02
1.77429199E+07,-1.08805E+02
1.77459717E+07,-9.78654E+01
1.77490234E+07,-1.08145E+02
1.77520752E+07,-9.48054E+01
1.77551270E+07,-1.00485E+02
1.77581787E+07,-9.81854E+01
1.77612305E+07,-9.84254E+01
1.77642822E+07,-1.03885E+02
1.77673340E+07,-1.01285E+02
1.77703857E+07,-1.01305E+02
1.77734375E+07,-1.04145E+02
1.77764893E+07,-1.00005E+02
1.77795410E+07,-9.82854E+01
1.77825928E+07,-9.67454E+01
1.77856445E+07,-9.65654E+01
1.77886963E+07,-9.84254E+01
1.77917480E+07,-9.75254E+01
1.77947998E+07,-9.74454E+01
1.77978516E+07,-9.67454E+01
1.78009033E+07,-9.72254E+01
1.78039551E+07,-1.13165E+02
1.78070068E+07,-9.68854E+01
1.78100586E+07,-1.00985E+02
1.78131104E+07,-1.01085E+02
1.78161621E+07,-9.73654E+01
1.78192139E+07,-9.85854E+01
1.78222656E+07,-1.01325E+02
1.78253174E+07,-9.79654E+01
1.78283691E+07,-9.91054E+01
1.78314209E+07,-1.00605E+02
1.78344727E+07,-1.03325E+02
1.78375244E+07,-9.67854E+01
1.78405762E+07,-9.53054E+01
1.78436279E+07,-1.05005E+02
1.78466797E+07,-1.10265E+02
1.78497314E+07,-9.54654E+01
1.78527832E+07,-9.38854E+01
1.78558350E+07,-9.71054E+01
1.78588867E+07,-1.01965E+02
1.78619385E+07,-1.01525E+02
1.78649902E+07,-1.10825E+02
1.78680420E+07,-1.10105E+02
1.78710938E+07,-1.11025E+02
1.78741455E+07,-1.13805E+02
1.78771973E+07,-1.13925E+02
1.78802490E+07,-9.74654E+01
1.78833008E+07,-9.38454E+01
1.78863525E+07,-9.51054E+01
1.78894043E+07,-9.92454E+01
1.78924561E+07,-1.04625E+02
1.78955078E+07,-9.75254E+01
1.78985596E+07,-9.53854E+01
1.79016113E+07,-9.25054E+01
1.79046631E+07,-9.14054E+01
1.79077148E+07,-9.35454E+01
1.79107666E+07,-9.79054E+01
1.79138184E+07,-9.35454E+01
1.79168701E+07,-9.58654E+01
1.79199219E+07,-1.02585E+02
1.79229736E+07,-9.72054E+01
1.79260254E+07,-9.29054E+01
1.79290771E+07,-9.67254E+01
1.79321289E+07,-9.81254E+01
1.79351807E+07,-1.02505E+02
1.79382324E+07,-1.04725E+02
1.79412842E+07,-9.75254E+01
1.79443359E+07,-9.90654E+01
1.79473877E+07,-1.01745E+02
1.79504395E+07,-9.89054E+01
1.79534912E+07,-9.41854E+01
1.79565430E+07,-1.00905E+02
1.79595947E+07,-1.05905E+02
1.79626465E+07,-1.06825E+02
1.79656982E+07,-9.61654E+01
1.79687500E+07,-9.83254E+01
1.79718018E+07,-1.00825E+02
1.79748535E+07,-1.03225E+02
1.79779053E+07,-1.05685E+02
1.79809570E+07,-9.90454E+01
1.79840088E+07,-1.14085E+02
1.79870605E+07,-1.07085E+02
1.79901123E+07,-1.02365E+02
1.79931641E+07,-9.87854E+01
1.79962158E+07,-1.00125E+02
1.79992676E+07,-9.63254E+01
1.80023193E+07,-9.63654E+01
1.80053711E+07,-1.02705E+02
1.80084229E+07,-1.03725E+02
1.80114746E+07,-1.06585E+02
1.80145264E+07,-1.00505E+02
1.80175781E+07,-9.74854E+01
1.80206299E+07,-9.70054E+01
1.80236816E+07,-9.32254E+01
1.80267334E+07,-9.28254E+01
1.80297852E+07,-9.81454E+01
1.80328369E+07,-9.84854E+01
1.80358887E+07,-9.46254E+01
1.80389404E+07,-9.49454E+01
1.80419922E+07,-9.23654E+01
1.80450439E+07,-9.15854E+01
1.80480957E+07,-9.51854E+01
1.80511475E+07,-1.04745E+02
1.80541992E+07,-1.03625E+02
1.80572510E+07,-1.04005E+02
1.80603027E+07,-1.05425E+02
1.80633545E+07,-1.01145E+02
1.80664062E+07,-1.01865E+02
1.80694580E+07,-1.03585E+02
1.80725098E+07,-9.53854E+01
1.80755615E+07,-9.29054E+01
1.80786133E+07,-9.69854E+01
1.80816650E+07,-9.98054E+01
1.80847168E+07,-9.60254E+01
1.80877686E+07,-1.02065E+02
1.80908203E+07,-1.03705E+02
1.80938721E+07,-1.01585E+02
1.80969238E+07,-1.06265E+02
1.80999756E+07,-9.71254E+01
1.81030273E+07,-9.67854E+01
1.81060791E+07,-9.26454E+01
1.81091309E+07,-9.32254E+01
1.81121826E+07,-1.04225E+02
1.81152344E+07,-1.17525E+02
1.81182861E+07,-1.05965E+02
1.81213379E+07,-1.13365E+02
1.81243896E+07,-1.06365E+02
1.81274414E+07,-1.19105E+02
1.81304932E+07,-1.09745E+02
1.81335449E+07,-1.00365E+02
1.81365967E+07,-9.71654E+01
1.81396484E+07,-1.01145E+02
1.81427002E+07,-1.01325E+02
1.81457520E+07,-9.58454E+01
1.81488037E+07,-9.69454E+01
1.81518555E+07,-1.02625E+02
1.81549072E+07,-9.85054E+01
1.81579590E+07,-9.68054E+01
1.81610107E+07,-9.83454E+01
1.81640625E+07,-9.98054E+01
1.81671143E+07,-9.95454E+01
1.81701660E+07,-9.76854E+01
1.81732178E+07,-9.93654E+01
1.81762695E+07,-1.00425E+02
1.81793213E+07,-1.00065E+02
1.81823730E+07,-1.09485E+02
1.81854248E+07,-9.80454E+01
1.81884766E+07,-9.54054E+01
1.81915283E+07,-1.01145E+02
1.81945801E+07,-9.95454E+01
1.81976318E+07,-1.01305E+02
1.82006836E+07,-1.05565E+02
1.82037354E+07,-1.04445E+02
1.82067871E+07,-1.11145E+02
1.82098389E+07,-1.09305E+02
1.82128906E+07,-1.03125E+02
1.82159424E+07,-9.85454E+01
1.82189941E+07,-1.00125E+02
1.82220459E+07,-1.01365E+02
1.82250977E+07,-1.11985E+02
1.82281494E+07,-1.04725E+02
1.82312012E+07,-1.05045E+02
1.82342529E+07,-9.42254E+01
1.82373047E+07,-9.17454E+01
1.82403564E+07,-1.00965E+02
1.82434082E+07,-9.85454E+01
1.82464600E+07,-9.92454E+01
1.82495117E+07,-9.88054E+01
1.82525635E+07,-1.06025E+02
1.82556152E+07,-1.04865E+02
1.82586670E+07,-1.04985E+02
1.82617188E+07,-9.52054E+01
1.82647705E+07,-9.32254E+01
1.82678223E+07,-9.62854E+01
1.82708740E+07,-1.04805E+02
1.82739258E+07,-9.58054E+01
1.82769775E+07,-9.53654E+01
1.82800293E+07,-1.02705E+02
1.82830811E+07,-1.06525E+02
1.82861328E+07,-9.74454E+01
1.82891846E+07,-9.74854E+01
1.82922363E+07,-9.40454E+01
1.82952881E+07,-9.48654E+01
1.82983398E+07,-9.48854E+01
1.83013916E+07,-9.40854E+01
1.83044434E+07,-1.04445E+02
1.83074951E+07,-1.10865E+02
1.83105469E+07,-1.00325E+02
1.83135986E+07,-1.08085E+02
1.83166504E+07,-1.00385E+02
1.83197021E+07,-1.00125E+02
1.83227539E+07,-9.77854E+01
1.83258057E+07,-9.89454E+01
1.83288574E+07,-9.96254E+01
1.83319092E+07,-1.00545E+02
1.83349609E+07,-9.78854E+01
1.83380127E+07,-1.04305E+02
1.83410645E+07,-1.06585E+02
1.83441162E+07,-1.00125E+02
1.83471680E+07,-1.02005E+02
1.83502197E+07,-9.93454E+01
1.83532715E+07,-1.00125E+02
1.83563232E+07,-1.04185E+02
1.83593750E+07,-9.86654E+01
1.83624268E+07,-9.55054E+01
1.83654785E+07,-9.49654E+01
1.83685303E+07,-9.59054E+01
1.83715820E+07,-1.01125E+02
1.83746338E+07,-1.00025E+02
1.83776855E+07,-1.01945E+02
1.83807373E+07,-1.07825E+02
1.83837891E+07,-1.03885E+02
1.83868408E+07,-9.98654E+01
1.83898926E+07,-1.09585E+02
1.83929443E+07,-1.01645E+02
1.83959961E+07,-1.00385E+02
1.83990479E+07,-1.15025E+02
1.84020996E+07,-9.86854E+01
1.84051514E+07,-9.87454E+01
1.84082031E+07,-1.07605E+02
1.84112549E+07,-1.12145E+02
1.84143066E+07,-1.00985E+02
1.84173584E+07,-9.55654E+01
1.84204102E+07,-9.66254E+01
1.84234619E+07,-9.63654E+01
1.84265137E+07,-9.79854E+01
1.84295654E+07,-9.77054E+01
1.84326172E+07,-1.11305E+02
1.84356689E+07,-9.92054E+01
1.84387207E+07,-1.03225E+02
1.84417725E+07,-1.00225E+02
1.84448242E+07,-1.00565E+02
1.84478760E+07,-1.08725E+02
1.84509277E+07,-1.00665E+02
1.84539795E+07,-1.01805E+02
1.84570312E+07,-1.03165E+02
1.84600830E+07,-1.05225E+02
1.84631348E+07,-1.00965E+02
1.84661865E+07,-9.97854E+01
1.84692383E+07,-9.98454E+01
1.84722900E+07,-9.57254E+01
1.84753418E+07,-9.35454E+01
1.84783936E+07,-9.58654E+01
1.84814453E+07,-1.04865E+02
1.84844971E+07,-1.02125E+02
1.84875488E+07,-1.06025E+02
1.84906006E+07,-1.08685E+02
1.84936523E+07,-1.04785E+02
1.84967041E+07,-9.84254E+01
1.84997559E+07,-9.88054E+01
1.85028076E+07,-9.89054E+01
1.85058594E+07,-1.00505E+02
1.85089111E+07,-9.71254E+01
1.85119629E+07,-9.80254E+01
1.85150146E+07,-9.98054E+01
1.85180664E+07,-9.48054E+01
1.85211182E+07,-9.18654E+01
1.85241699E+07,-9.37254E+01
1.85272217E+07,-9.90454E+01
1.85302734E+07,-9.86254E+01
1.85333252E+07,-9.83654E+01
1.85363770E+07,-1.05985E+02
1.85394287E+07,-1.04045E+02
1.85424805E+07,-1.00365E+02
1.85455322E+07,-1.00045E+02
1.85485840E+07,-1.06205E+02
1.85516357E+07,-1.00965E+02
1.85546875E+07,-9.70854E+01
1.85577393E+07,-1.02625E+02
1.85607910E+07,-1.08705E+02
1.85638428E+07,-1.01765E+02
1.85668945E+07,-9.83854E+01
1.85699463E+07,-9.89854E+01
1.85729980E+07,-1.06205E+02
1.85760498E+07,-1.11785E+02
1.85791016E+07,-9.52654E+01
1.85821533E+07,-9.38854E+01
1.85852051E+07,-1.04585E+02
1.85882568E+07,-1.08265E+02
1.85913086E+07,-1.04785E+02
1.85943604E+07,-1.01165E+02
1.85974121E+07,-1.05785E+02
1.86004639E+07,-1.05005E+02
1.86035156E+07,-9.93454E+01
1.86065674E+07,-1.08205E+02
1.86096191E+07,-9.86054E+01
1.86126709E+07,-9.56054E+01
1.86157227E+07,-9.74454E+01
1.86187744E+07,-1.01885E+02
1.86218262E+07,-9.48254E+01
1.86248779E+07,-9.31654E+01
1.86279297E+07,-1.23025E+02
1.86309814E+07,-9.94254E+01
1.86340332E+07,-1.07945E+02
1.86370850E+07,-1.11425E+02
1.86401367E+07,-1.02905E+02
1.86431885E+07,-9.61654E+01
1.86462402E+07,-9.40854E+01
1.86492920E+07,-9.78654E+01
1.86523438E+07,-9.67654E+01
1.86553955E+07,-9.29654E+01
1.86584473E+07,-9.94254E+01
1.86614990E+07,-1.02965E+02
1.86645508E+07,-9.90454E+01
1.86676025E+07,-9.69654E+01
1.86706543E+07,-9.85454E+01
1.86737061E+07,-1.13225E+02
1.86767578E+07,-1.00625E+02
1.86798096E+07,-1.03225E+02
1.86828613E+07,-9.83454E+01
1.86859131E+07,-9.97654E+01
1.86889648E+07,-9.54454E+01
1.86920166E+07,-9.60054E+01
1.86950684E+07,-1.01645E+02
1.86981201E+07,-1.01765E+02
1.87011719E+07,-1.01445E+02
1.87042236E+07,-1.11425E+02
1.87072754E+07,-1.03625E+02
1.87103271E+07,-1.06945E+02
1.87133789E+07,-1.01685E+02
1.87164307E+07,-9.64854E+01
1.87194824E+07,-9.65254E+01
1.87225342E+07,-9.61454E+01
1.87255859E+07,-9.95254E+01
1.87286377E+07,-1.00065E+02
1.87316895E+07,-9.89854E+01
1.87347412E+07,-9.86054E+01
1.87377930E+07,-9.79254E+01
1.87408447E+07,-1.00505E+02
1.87438965E+07,-9.92854E+01
1.87469482E+07,-9.55854E+01
1.87500000E+07,-9.81854E+01
1.87530518E+07,-1.29665E+02
1.87561035E+07,-1.05405E+02
1.87591553E+07,-1.02085E+02
1.87622070E+07,-9.99654E+01
1.87652588E+07,-9.91054E+01
1.87683105E+07,-9.73454E+01
1.87713623E+07,-1.02645E+02
1.87744141E+07,-9.52254E+01
1.87774658E+07,-9.75854E+01
1.87805176E+07,-1.01065E+02
1.87835693E+07,-1.00425E+02
1.87866211E+07,-1.08505E+02
1.87896729E+07,-1.06285E+02
1.87927246E+07,-9.72454E+01
1.87957764E+07,-9.39654E+01
1.87988281E+07,-9.41454E+01
1.88018799E+07,-9.51654E+01
1.88049316E+07,-9.63254E+01
1.88079834E+07,-1.11665E+02
1.88110352E+07,-1.07165E+02
1.88140869E+07,-9.78454E+01
1.88171387E+07,-9.61454E+01
1.88201904E+07,-1.01825E+02
1.88232422E+07,-1.03725E+02
1.88262939E+07,-1.11025E+02
1.88293457E+07,-9.90454E+01
1.88323975E+07,-9.71854E+01
1.88354492E+07,-1.00645E+02
1.88385010E+07,-1.00725E+02
1.88415527E+07,-1.05265E+02
1.88446045E+07,-1.06345E+02
1.88476562E+07,-9.85054E+01
1.88507080E+07,-1.00145E+02
1.88537598E+07,-1.05045E+02
1.88568115E+07,-1.02145E+02
1.88598633E+07,-9.57854E+01
1.88629150E+07,-9.83854E+01
1.88659668E+07,-9.72054E+01
1.88690186E+07,-9.33054E+01
1.88720703E+07,-9.63054E+01
1.88751221E+07,-9.94454E+01
1.88781738E+07,-9.85254E+01
1.88812256E+07,-1.01965E+02
1.88842773E+07,-1.00765E+02
1.88873291E+07,-9.87454E+01
1.88903809E+07,-1.02525E+02
1.88934326E+07,-9.89054E+01
1.88964844E+07,-9.60254E+01
1.88995361E+07,-9.49854E+01
1.89025879E+07,-9.58054E+01
1.89056396E+07,-9.50254E+01
1.89086914E+07,-9.22454E+01
1.89117432E+07,-9.46854E+01
1.89147949E+07,-1.15985E+02
1.89178467E+07,-1.01805E+02
1.89208984E+07,-9.76654E+01
1.89239502E+07,-9.87254E+01
1.89270020E+07,-1.03845E+02
1.89300537E+07,-9.72054E+01
1.89331055E+07,-9.90054E+01
1.89361572E+07,-9.60854E+01
1.89392090E+07,-9.51854E+01
1.89422607E+07,-9.47054E+01
1.89453125E+07,-1.00545E+02
1.89483643E+07,-1.19665E+02
1.89514160E+07,-1.05185E+02
1.89544678E+07,-9.95654E+01
1.89575195E+07,-1.00545E+02
1.89605713E+07,-1.05725E+02
1.89636230E+07,-1.00505E+02
1.89666748E+07,-9.83054E+01
1.89697266E+07,-9.92254E+01
1.89727783E+07,-9.77254E+01
1.89758301E+07,-1.05745E+02
1.89788818E+07,-1.00125E+02
1.89819336E+07,-9.69254E+01
1.89849854E+07,-1.04465E+02
1.89880371E+07,-1.08485E+02
1.89910889E+07,-9.82654E+01
1.89941406E+07,-9.89054E+01
1.89971924E+07,-9.83254E+01
1.90002441E+07,-9.94054E+01
1.90032959E+07,-9.92454E+01
1.90063477E+07,-1.01765E+02
1.90093994E+07,-1.06405E+02
1.90124512E+07,-9.85054E+01
1.90155029E+07,-9.95254E+01
1.90185547E+07,-1.00305E+02
1.90216064E+07,-9.80454E+01
1.90246582E+07,-9.72654E+01
1.90277100E+07,-9.68454E+01
1.90307617E+07,-9.59654E+01
1.90338135E+07,-1.01485E+02
1.90368652E+07,-1.00045E+02
1.90399170E+07,-9.51254E+01
1.90429688E+07,-9.51454E+01
1.90460205E+07,-9.55254E+01
1.90490723E+07,-9.49254E+01
1.90521240E+07,-1.04665E+02
1.90551758E+07,-9.61054E+01
1.90582275E+07,-9.38854E+01
1.90612793E+07,-9.68454E+01
1.90643311E+07,-9.83454E+01
1.90673828E+07,-1.00025E+02
1.90704346E+07,-1.02165E+02
1.90734863E+07,-1.11785E+02
1.90765381E+07,-9.81054E+01
1.90795898E+07,-9.62454E+01
1.90826416E+07,-1.01805E+02
1.90856934E+07,-1.05305E+02
1.90887451E+07,-9.92054E+01
1.90917969E+07,-9.62254E+01
1.90948486E+07,-1.00105E+02
1.90979004E+07,-1.04745E+02
1.91009521E+07,-1.00545E+02
1.91040039E+07,-1.12905E+02
1.91070557E+07,-9.73454E+01
1.91101074E+07,-1.00985E+02
1.91131592E+07,-1.16245E+02
1.91162109E+07,-1.01085E+02
1.91192627E+07,-9.73054E+01
1.91223145E+07,-9.66654E+01
1.91253662E+07,-9.76254E+01
1.91284180E+07,-1.04525E+02
1.91314697E+07,-9.59454E+01
1.91345215E+07,-9.93854E+01
1.91375732E+07,-1.08805E+02
1.91406250E+07,-1.08285E+02
1.91436768E+07,-1.07165E+02
1.91467285E+07,-1.03465E+02
1.91497803E+07,-1.07825E+02
1.91528320E+07,-1.01985E+02
1.91558838E+07,-1.01045E+02
1.91589355E+07,-1.01285E+02
1.91619873E+07,-1.09845E+02
1.91650391E+07,-9.89054E+01
1.91680908E+07,-9.36254E+01
1.91711426E+07,-9.69254E+01
1.91741943E+07,-1.00985E+02
1.91772461E+07,-1.07745E+02
1.91802979E+07,-9.93454E+01
1.91833496E+07,-9.61054E+01
1.91864014E+07,-9.82854E+01
1.91894531E+07,-9.95054E+01
1.91925049E+07,-9.95054E+01
1.91955566E+07,-1.09285E+02
1.91986084E+07,-9.54454E+01
1.92016602E+07,-9.73254E+01
1.92047119E+07,-1.01185E+02
1.92077637E+07,-9.48054E+01
1.92108154E+07,-9.49254E+01
1.92138672E+07,-9.90054E+01
1.92169189E+07,-1.01185E+02
1.92199707E+07,-1.02745E+02
1.92230225E+07,-1.01525E+02
1.92260742E+07,-1.00705E+02
1.92291260E+07,-1.00125E+02
1.92321777E+07,-9.83054E+01
1.92352295E+07,-1.06285E+02
1.92382812E+07,-1.12825E+02
1.92413330E+07,-1.03965E+02
1.92443848E+07,-1.06365E+02
1.92474365E+07,-1.13665E+02
1.92504883E+07,-1.02245E+02
1.92535400E+07,-9.82854E+01
1.92565918E+07,-1.06005E+02
1.92596436E+07,-9.45054E+01
1.92626953E+07,-9.91054E+01
1.92657471E+07,-1.04225E+02
1.92687988E+07,-9.66654E+01
1.92718506E+07,-9.51454E+01
1.92749023E+07,-9.50454E+01
1.92779541E+07,-9.38054E+01
1.92810059E+07,-9.36254E+01
1.92840576E+07,-9.76854E+01
1.92871094E+07,-1.00265E+02
1.92901611E+07,-1.04265E+02
1.92932129E+07,-1.07465E+02
1.92962646E+07,-9.91454E+01
1.92993164E+07,-9.29854E+01
1.93023682E+07,-9.11854E+01
1.93054199E+07,-9.15654E+01
1.93084717E+07,-9.51854E+01
1.93115234E+07,-9.90454E+01
1.93145752E+07,-9.53654E+01
1.93176270E+07,-9.45054E+01
1.93206787E+07,-9.69854E+01
1.93237305E+07,-1.09245E+02
1.93267822E+07,-9.82254E+01
1.93298340E+07,-9.95454E+01
1.93328857E+07,-1.07205E+02
1.93359375E+07,-9.86454E+01
1.93389893E+07,-9.93854E+01
1.93420410E+07,-1.02125E+02
1.93450928E+07,-9.89454E+01
1.93481445E+07,-9.46654E+01
1.93511963E+07,-9.34454E+01
1.93542480E+07,-9.39254E+01
1.93572998E+07,-9.86854E+01
1.93603516E+07,-1.04765E+02
1.93634033E+07,-1.03705E+02
1.93664551E+07,-1.10785E+02
1.93695068E+07,-1.06565E+02
1.93725586E+07,-1.08465E+02
1.93756104E+07,-1.04085E+02
1.93786621E+07,-1.01665E+02
1.93817139E+07,-1.01105E+02
1.93847656E+07,-9.92054E+01
1.93878174E+07,-1.00585E+02
1.93908691E+07,-1.03305E+02
1.93939209E+07,-9.88054E+01
1.93969727E+07,-1.00265E+02
1.94000244E+07,-1.06625E+02
1.94030762E+07,-1.00565E+02
1.94061279E+07,-1.01085E+02
1.94091797E+07,-9.77254E+01
1.94122314E+07,-1.03065E+02
1.94152832E+07,-1.01505E+02
1.94183350E+07,-1.09765E+02
1.94213867E+07,-1.03085E+02
1.94244385E+07,-9.69854E+01
1.94274902E+07,-9.96854E+01
1.94305420E+07,-1.00725E+02
1.94335938E+07,-9.93454E+01
1.94366455E+07,-9.71254E+01
1.94396973E+07,-1.02645E+02
1.94427490E+07,-1.01965E+02
1.94458008E+07,-1.00905E+02
1.94488525E+07,-9.98654E+01
1.94519043E+07,-1.00725E+02
1.94549561E+07,-9.90854E+01
1.94580078E+07,-1.01105E+02
1.94610596E+07,-1.01245E+02
1.94641113E+07,-9.73854E+01
1.94671631E+07,-9.68854E+01
1.94702148E+07,-1.21105E+02
1.94732666E+07,-1.02245E+02
1.94763184E+07,-1.06085E+02
1.94793701E+07,-1.08665E+02
1.94824219E+07,-1.04525E+02
1.94854736E+07,-9.86654E+01
1.94885254E+07,-1.02745E+02
1.94915771E+07,-1.04425E+02
1.94946289E+07,-9.80454E+01
1.94976807E+07,-1.00545E+02
1.95007324E+07,-1.03665E+02
1.95037842E+07,-1.15865E+02
1.95068359E+07,-1.01145E+02
1.95098877E+07,-9.48054E+01
1.95129395E+07,-9.25654E+01
1.95159912E+07,-9.83654E+01
1.95190430E+07,-1.06985E+02
1.95220947E+07,-1.00545E+02
1.95251465E+07,-1.04925E+02
1.95281982E+07,-1.18085E+02
1.95312500E+07,-1.00445E+02
1.95343018E+07,-9.79254E+01
1.95373535E+07,-9.81654E+01
1.95404053E+07,-1.07005E+02
1.95434570E+07,-1.05745E+02
1.95465088E+07,-1.09625E+02
1.95495605E+07,-1.06965E+02
1.95526123E+07,-1.05565E+02
1.95556641E+07,-1.20485E+02
1.95587158E+07,-1.05485E+02
1.95617676E+07,-1.06085E+02
1.95648193E+07,-1.16325E+02
1.95678711E+07,-9.87254E+01
1.95709229E+07,-9.72854E+01
1.95739746E+07,-1.00205E+02
1.95770264E+07,-1.09605E+02
1.95800781E+07,-9.76854E+01
1.95831299E+07,-9.81654E+01
1.95861816E+07,-1.12925E+02
1.95892334E+07,-9.90054E+01
1.95922852E+07,-1.00645E+02
1.95953369E+07,-1.06485E+02
1.95983887E+07,-1.04645E+02
1.96014404E+07,-1.10085E+02
1.96044922E+07,-9.77454E+01
1.96075439E+07,-9.70654E+01
1.96105957E+07,-1.02225E+02
1.96136475E+07,-1.08025E+02
1.96166992E+07,-1.01905E+02
1.96197510E+07,-9.62454E+01
1.96228027E+07,-1.01225E+02
1.96258545E+07,-1.06425E+02
1.96289062E+07,-9.99254E+01
1.96319580E+07,-9.96054E+01
1.96350098E+07,-9.96454E+01
1.96380615E+07,-9.85254E+01
1.96411133E+07,-1.04185E+02
1.96441650E+07,-9.86854E+01
1.96472168E+07,-9.45454E+01
1.96502686E+07,-1.01425E+02
1.96533203E+07,-9.89454E+01
1.96563721E+07,-9.89054E+01
1.96594238E+07,-1.04705E+02
1.96624756E+07,-9.91254E+01
1.96655273E+07,-9.60254E+01
1.96685791E+07,-9.69654E+01
1.96716309E+07,-9.94454E+01
1.96746826E+07,-1.01165E+02
1.96777344E+07,-1.04765E+02
1.96807861E+07,-1.05525E+02
1.96838379E+07,-1.00205E+02
1.96868896E+07,-1.06685E+02
1.96899414E+07,-1.07945E+02
1.96929932E+07,-1.05585E+02
1.96960449E+07,-9.86854E+01
1.96990967E+07,-1.00365E+02
1.97021484E+07,-9.89854E+01
1.97052002E+07,-9.62254E+01
1.97082520E+07,-9.88054E+01
1.97113037E+07,-9.83654E+01
1.97143555E+07,-9.88654E+01
1.97174072E+07,-9.66454E+01
1.97204590E+07,-9.94054E+01
1.97235107E+07,-1.04005E+02
1.97265625E+07,-1.07265E+02
1.97296143E+07,-1.04985E+02
1.97326660E+07,-9.99654E+01
1.97357178E+07,-9.88054E+01
1.97387695E+07,-1.07285E+02
1.97418213E+07,-1.03225E+02
1.97448730E+07,-1.00425E+02
1.97479248E+07,-1.02905E+02
1.97509766E+07,-1.00425E+02
1.97540283E+07,-1.02685E+02
1.97570801E+07,-1.02485E+02
1.97601318E+07,-1.00425E+02
1.97631836E+07,-9.54654E+01
1.97662354E+07,-9.45654E+01
1.97692871E+07,-9.76054E+01
1.97723389E+07,-1.00545E+02
1.97753906E+07,-1.05985E+02
1.97784424E+07,-1.13085E+02
1.97814941E+07,-1.12365E+02
1.97845459E+07,-1.01225E+02
1.97875977E+07,-1.02525E+02
1.97906494E+07,-1.11325E+02
1.97937012E+07,-1.00525E+02
1.97967529E+07,-9.90454E+01
1.97998047E+07,-9.65254E+01
1.98028564E+07,-1.00685E+02
1.98059082E+07,-9.84654E+01
1.98089600E+07,-9.18654E+01
1.98120117E+07,-9.08654E+01
1.98150635E+07,-9.43454E+01
1.98181152E+07,-9.98854E+01
1.98211670E+07,-9.82054E+01
1.98242188E+07,-9.76854E+01
1.98272705E+07,-1.08105E+02
1.98303223E+07,-1.00065E+02
1.98333740E+07,-9.92054E+01
1.98364258E+07,-1.05145E+02
1.98394775E+07,-9.90454E+01
1.98425293E+07,-1.01105E+02
1.98455811E+07,-1.05825E+02
1.98486328E+07,-1.01245E+02
1.98516846E+07,-9.96054E+01
1.98547363E+07,-9.77454E+01
1.98577881E+07,-9.76254E+01
1.98608398E+07,-1.21965E+02
1.98638916E+07,-1.03365E+02
1.98669434E+07,-1.16485E+02
1.98699951E+07,-1.03365E+02
1.98730469E+07,-9.65854E+01
1.98760986E+07,-1.00265E+02
1.98791504E+07,-1.07345E+02
1.98822021E+07,-1.00125E+02
1.98852539E+07,-9.72854E+01
1.98883057E+07,-1.00745E+02
1.98913574E+07,-9.67854E+01
1.98944092E+07,-9.82854E+01
1.98974609E+07,-1.02685E+02
1.99005127E+07,-9.30654E+01
1.99035645E+07,-9.55654E+01
1.99066162E+07,-1.00165E+02
1.99096680E+07,-9.97054E+01
1.99127197E+07,-1.14585E+02
1.99157715E+07,-1.00705E+02
1.99188232E+07,-1.03965E+02
1.99218750E+07,-9.88054E+01
1.99249268E+07,-9.70854E+01
1.99279785E+07,-9.76254E+01
1.99310303E+07,-1.03925E+02
1.99340820E+07,-1.05705E+02
1.99371338E+07,-9.66854E+01
1.99401855E+07,-9.21254E+01
1.99432373E+07,-9.12854E+01
1.99462891E+07,-9.55254E+01
1.99493408E+07,-1.01185E+02
1.99523926E+07,-1.24185E+02
1.99554443E+07,-1.05725E+02
1.99584961E+07,-1.04805E+02
1.99615479E+07,-9.81254E+01
1.99645996E+07,-9.99454E+01
1.99676514E+07,-1.04565E+02
1.99707031E+07,-1.01165E+02
1.99737549E+07,-1.01865E+02
1.99768066E+07,-1.15825E+02
1.99798584E+07,-1.12865E+02
1.99829102E+07,-9.98254E+01
1.99859619E+07,-9.93254E+01
1.99890137E+07,-9.87054E+01
1.99920654E+07,-9.75454E+01
1.99951172E+07,-9.79854E+01
1.99981689E+07,-9.40454E+01
2.00012207E+07,-9.93454E+01
2.00042725E+07,-9.64254E+01
2.00073242E+07,-9.73454E+01
2.00103760E+07,-1.01345E+02
2.00134277E+07,-1.00025E+02
2.00164795E+07,-1.06385E+02
2.00195312E+07,-1.00225E+02
2.00225830E+07,-9.86254E+01
2.00256348E+07,-1.09665E+02
2.00286865E+07,-1.01765E+02
2.00317383E+07,-1.08065E+02
2.00347900E+07,-9.81654E+01
2.00378418E+07,-9.23654E+01
2.00408936E+07,-9.79054E+01
2.00439453E+07,-1.05665E+02
2.00469971E+07,-1.13325E+02
2.00500488E+07,-9.74854E+01
2.00531006E+07,-9.38054E+01
2.00561523E+07,-9.90654E+01
2.00592041E+07,-9.53654E+01
2.00622559E+07,-9.96254E+01
2.00653076E+07,-1.11945E+02
2.00683594E+07,-1.06845E+02
2.00714111E+07,-9.92254E+01
2.00744629E+07,-9.55854E+01
2.00775146E+07,-1.01745E+02
2.00805664E+07,-1.00565E+02
2.00836182E+07,-9.85054E+01
2.00866699E+07,-9.89454E+01
2.00897217E+07,-9.89454E+01
2.00927734E+07,-1.00785E+02
2.00958252E+07,-1.00585E+02
2.00988770E+07,-9.61854E+01
2.01019287E+07,-9.57854E+01
2.01049805E+07,-1.04465E+02
2.01080322E+07,-9.76854E+01
2.01110840E+07,-1.01625E+02
2.01141357E+07,-9.70654E+01
2.01171875E+07,-1.02045E+02
2.01202393E+07,-1.07765E+02
2.01232910E+07,-1.02925E+02
2.01263428E+07,-9.77054E+01
2.01293945E+07,-1.03705E+02
2.01324463E+07,-1.04465E+02
2.01354980E+07,-1.03125E+02
2.01385498E+07,-1.02245E+02
2.01416016E+07,-9.99254E+01
2.01446533E+07,-1.04005E+02
2.01477051E+07,-9.90254E+01
2.01507568E+07,-9.99254E+01
2.01538086E+07,-9.77254E+01
2.01568604E+07,-9.74054E+01
2.01599121E+07,-9.80254E+01
2.01629639E+07,-9.88054E+01
2.01660156E+07,-9.78454E+01
2.01690674E+07,-9.55054E+01
2.01721191E+07,-1.04625E+02
2.01751709E+07,-1.08805E+02
2.01782227E+07,-1.08965E+02
2.01812744E+07,-1.04085E+02
2.01843262E+07,-1.01285E+02
2.01873779E+07,-9.61654E+01
2.01904297E+07,-9.58654E+01
2.01934814E+07,-1.08025E+02
2.01965332E+07,-1.01385E+02
2.01995850E+07,-9.60454E+01
2.02026367E+07,-1.01525E+02
2.02056885E+07,-1.01185E+02
2.02087402E+07,-9.60854E+01
2.02117920E+07,-9.71854E+01
2.02148438E+07,-1.06085E+02
2.02178955E+07,-1.16245E+02
2.02209473E+07,-9.79654E+01
2.02239990E+07,-1.00505E+02
2.02270508E+07,-9.91054E+01
2.02301025E+07,-9.55654E+01
2.02331543E+07,-9.25654E+01
2.02362061E+07,-9.58854E+01
2.02392578E+07,-1.09005E+02
2.02423096E+07,-9.30254E+01
2.02453613E+07,-9.25654E+01
2.02484131E+07,-9.97854E+01
2.02514648E+07,-1.05925E+02
2.02545166E+07,-1.01625E+02
2.02575684E+07,-1.00325E+02
2.02606201E+07,-1.03505E+02
2.02636719E+07,-1.03625E+02
2.02667236E+07,-9.65254E+01
2.02697754E+07,-9.83054E+01
2.02728271E+07,-1.00545E+02
2.02758789E+07,-1.00205E+02
2.02789307E+07,-1.00545E+02
2.02819824E+07,-1.04725E+02
2.02850342E+07,-1.07165E+02
2.02880859E+07,-9.96654E+01
2.02911377E+07,-1.03025E+02
2.02941895E+07,-9.92454E+01
2.02972412E+07,-9.85254E+01
2.03002930E+07,-1.05445E+02
2.03033447E+07,-1.08485E+02
2.03063965E+07,-1.00425E+02
2.03094482E+07,-9.34454E+01
2.03125000E+07,-9.67254E+01
2.03155518E+07,-1.02645E+02
2.03186035E+07,-9.89254E+01
2.03216553E+07,-9.96254E+01
2.03247070E+07,-9.12254E+01
2.03277588E+07,-9.25054E+01
2.03308105E+07,-9.59454E+01
2.03338623E+07,-9.39254E+01
2.03369141E+07,-9.76854E+01
2.03399658E+07,-1.01825E+02
2.03430176E+07,-9.68054E+01
2.03460693E+07,-9.31854E+01
2.03491211E+07,-9.94454E+01
2.03521729E+07,-9.97654E+01
2.03552246E+07,-1.04145E+02
2.03582764E+07,-1.05745E+02
2.03613281E+07,-1.01885E+02
2.03643799E+07,-9.85854E+01
2.03674316E+07,-1.06505E+02
2.03704834E+07,-1.03765E+02
2.03735352E+07,-9.48054E+01
2.03765869E+07,-9.74254E+01
2.03796387E+07,-1.16405E+02
2.03826904E+07,-1.01285E+02
2.03857422E+07,-1.03885E+02
2.03887939E+07,-1.06505E+02
2.03918457E+07,-1.02965E+02
2.03948975E+07,-1.00305E+02
2.03979492E+07,-9.68254E+01
2.04010010E+07,-1.02145E+02
2.04040527E+07,-1.03625E+02
2.04071045E+07,-9.95454E+01
2.04101562E+07,-9.85454E+01
2.04132080E+07,-9.45054E+01
2.04162598E+07,-9.12254E+01
2.04193115E+07,-9.51654E+01
2.04223633E+07,-1.03885E+02
2.04254150E+07,-1.01625E+02
2.04284668E+07,-1.02485E+02
2.04315186E+07,-1.00045E+02
2.04345703E+07,-9.99854E+01
2.04376221E+07,-9.85254E+01
2.04406738E+07,-9.32254E+01
2.04437256E+07,-9.32254E+01
2.04467773E+07,-1.05365E+02
2.04498291E+07,-1.01425E+02
2.04528809E+07,-1.02165E+02
2.04559326E+07,-9.72854E+01
2.04589844E+07,-9.76654E+01
2.04620361E+07,-1.01625E+02
2.04650879E+07,-9.63254E+01
2.04681396E+07,-1.09885E+02
2.04711914E+07,-1.03725E+02
2.04742432E+07,-1.05625E+02
2.04772949E+07,-1.06245E+02
2.04803467E+07,-1.03165E+02
2.04833984E+07,-9.88454E+01
2.04864502E+07,-9.83854E+01
2.04895020E+07,-1.11825E+02
2.04925537E+07,-1.16325E+02
2.04956055E+07,-1.03805E+02
2.04986572E+07,-9.63254E+01
2.05017090E+07,-1.04625E+02
2.05047607E+07,-1.06345E+02
2.05078125E+07,-1.08745E+02
2.05108643E+07,-1.01525E+02
2.05139160E+07,-1.02765E+02
2.05169678E+07,-1.06685E+02
2.05200195E+07,-9.94854E+01
2.05230713E+07,-9.80854E+01
2.05261230E+07,-1.04585E+02
2.05291748E+07,-1.14225E+02
2.05322266E+07,-1.05585E+02
2.05352783E+07,-1.04225E+02
2.05383301E+07,-1.07165E+02
2.05413818E+07,-1.03165E+02
2.05444336E+07,-1.05605E+02
2.05474854E+07,-1.06625E+02
2.05505371E+07,-1.03265E+02
2.05535889E+07,-1.08765E+02
2.05566406E+07,-1.01345E+02
2.05596924E+07,-1.03445E+02
2.05627441E+07,-9.66454E+01
2.05657959E+07,-9.41854E+01
2.05688477E+07,-9.29854E+01
2.05718994E+07,-9.42654E+01
2.05749512E+07,-9.78254E+01
2.05780029E+07,-1.03705E+02
2.05810547E+07,-1.06345E+02
2.05841064E+07,-9.90254E+01
2.05871582E+07,-9.50654E+01
2.05902100E+07,-9.41454E+01
2.05932617E+07,-9.40854E+01
2.05963135E+07,-9.70854E+01
2.05993652E+07,-9.61054E+01
2.06024170E+07,-1.13925E+02
2.06054688E+07,-1.18885E+02
2.06085205E+07,-9.59054E+01
2.06115723E+07,-9.37054E+01
2.06146240E+07,-9.47654E+01
2.06176758E+07,-9.81254E+01
2.06207275E+07,-1.09005E+02
2.06237793E+07,-1.04185E+02
2.06268311E+07,-1.00485E+02
2.06298828E+07,-1.07805E+02
2.06329346E+07,-1.00465E+02
2.06359863E+07,-9.96054E+01
2.06390381E+07,-9.89254E+01
2.06420898E+07,-9.79254E+01
2.06451416E+07,-9.91454E+01
2.06481934E+07,-1.16765E+02
2.06512451E+07,-1.05805E+02
2.06542969E+07,-9.66654E+01
2.06573486E+07,-9.74654E+01
2.06604004E+07,-1.04665E+02
2.06634521E+07,-1.18305E+02
2.06665039E+07,-9.66854E+01
2.06695557E+07,-9.53654E+01
2.06726074E+07,-1.02365E+02
2.06756592E+07,-9.83254E+01
2.06787109E+07,-1.01945E+02
2.06817627E+07,-9.45254E+01
2.06848145E+07,-9.49054E+01
2.06878662E+07,-9.58254E+01
2.06909180E+07,-9.92654E+01
2.06939697E+07,-1.01625E+02
2.06970215E+07,-1.02625E+02
2.07000732E+07,-1.08985E+02
2.07031250E+07,-1.05125E+02
2.07061768E+07,-1.01045E+02
2.07092285E+07,-9.88054E+01
2.07122803E+07,-9.82654E+01
2.07153320E+07,-1.03465E+02
2.07183838E+07,-1.03725E+02
2.07214355E+07,-9.65454E+01
2.07244873E+07,-9.34654E+01
2.07275391E+07,-9.69854E+01
2.07305908E+07,-1.00225E+02
2.07336426E+07,-1.03365E+02
2.07366943E+07,-1.06265E+02
2.07397461E+07,-1.02625E+02
2.07427979E+07,-1.01585E+02
2.07458496E+07,-9.72254E+01
2.07489014E+07,-9.52854E+01
2.07519531E+07,-9.86454E+01
2.07550049E+07,-1.01005E+02
2.07580566E+07,-1.02705E+02
2.07611084E+07,-9.56854E+01
2.07641602E+07,-9.23254E+01
2.07672119E+07,-9.76654E+01
2.07702637E+07,-1.05485E+02
2.07733154E+07,-1.01065E+02
2.07763672E+07,-1.02485E+02
2.07794189E+07,-1.04625E+02
2.07824707E+07,-9.94254E+01
2.07855225E+07,-1.10265E+02
2.07885742E+07,-9.82854E+01
2.07916260E+07,-9.39254E+01
2.07946777E+07,-9.74454E+01
2.07977295E+07,-1.02825E+02
2.08007812E+07,-1.10125E+02
2.08038330E+07,-1.04585E+02
2.08068848E+07,-9.82254E+01
2.08099365E+07,-1.02205E+02
2.08129883E+07,-9.91854E+01
2.08160400E+07,-9.28254E+01
2.08190918E+07,-9.07254E+01
2.08221436E+07,-9.52854E+01
2.08251953E+07,-1.00945E+02
2.08282471E+07,-9.90054E+01
2.08312988E+07,-1.02825E+02
2.08343506E+07,-1.11325E+02
2.08374023E+07,-1.06885E+02
2.08404541E+07,-1.01885E+02
2.08435059E+07,-9.91654E+01
2.08465576E+07,-1.04045E+02
2.08496094E+07,-1.09725E+02
2.08526611E+07,-1.02985E+02
2.08557129E+07,-1.02125E+02
2.08587646E+07,-1.08945E+02
2.08618164E+07,-1.01625E+02
2.08648682E+07,-1.07905E+02
2.08679199E+07,-1.03085E+02
2.08709717E+07,-1.09345E+02
2.08740234E+07,-9.83054E+01
2.08770752E+07,-9.54654E+01
2.08801270E+07,-1.04685E+02
2.08831787E+07,-1.00265E+02
2.08862305E+07,-1.00445E+02
2.08892822E+07,-9.76854E+01
2.08923340E+07,-9.56054E+01
2.08953857E+07,-1.00045E+02
2.08984375E+07,-1.05845E+02
2.09014893E+07,-1.00105E+02
2.09045410E+07,-1.04525E+02
2.09075928E+07,-1.03445E+02
2.09106445E+07,-9.91054E+01
2.09136963E+07,-1.04045E+02
2.09167480E+07,-1.00145E+02
2.09197998E+07,-9.87054E+01
2.09228516E+07,-1.03765E+02
2.09259033E+07,-9.54454E+01
2.09289551E+07,-1.00185E+02
2.09320068E+07,-9.84854E+01
2.09350586E+07,-1.10165E+02
2.09381104E+07,-1.00705E+02
2.09411621E+07,-1.04045E+02
2.09442139E+07,-9.73454E+01
2.09472656E+07,-9.22054E+01
2.09503174E+07,-9.60854E+01
2.09533691E+07,-1.13065E+02
2.09564209E+07,-9.88654E+01
2.09594727E+07,-9.94454E+01
2.09625244E+07,-9.99854E+01
2.09655762E+07,-1.00665E+02
2.09686279E+07,-1.04085E+02
2.09716797E+07,-9.78254E+01
2.09747314E+07,-9.40454E+01
2.09777832E+07,-9.41854E+01
2.09808350E+07,-9.60454E+01
2.09838867E+07,-9.34454E+01
2.09869385E+07,-9.29054E+01
2.09899902E+07,-1.03025E+02
2.09930420E+07,-1.02525E+02
2.09960938E+07,-9.93054E+01
2.09991455E+07,-9.62454E+01
2.10021973E+07,-9.64254E+01
2.10052490E+07,-1.05525E+02
2.10083008E+07,-9.95054E+01
2.10113525E+07,-9.49254E+01
2.10144043E+07,-1.00025E+02
2.10174561E+07,-1.08805E+02
2.10205078E+07,-1.05105E+02
2.10235596E+07,-1.00565E+02
2.10266113E+07,-1.01345E+02
2.10296631E+07,-1.04485E+02
2.10327148E+07,-1.00545E+02
2.10357666E+07,-9.63054E+01
2.10388184E+07,-1.03705E+02
2.10418701E+07,-9.90054E+01
2.10449219E+07,-1.02045E+02
2.10479736E+07,-9.81254E+01
2.10510254E+07,-9.64454E+01
2.10540771E+07,-1.02905E+02
2.10571289E+07,-1.09405E+02
2.10601807E+07,-9.76254E+01
2.10632324E+07,-1.00625E+02
2.10662842E+07,-1.04145E+02
2.10693359E+07,-1.05465E+02
2.10723877E+07,-9.96454E+01
2.10754395E+07,-9.79854E+01
2.10784912E+07,-1.02805E+02
2.10815430E+07,-9.64654E+01
2.10845947E+07,-9.49654E+01
2.10876465E+07,-1.03165E+02
2.10906982E+07,-1.17085E+02
2.10937500E+07,-1.14905E+02
2.10968018E+07,-1.08285E+02
2.10998535E+07,-1.00925E+02
2.11029053E+07,-9.70654E+01
2.11059570E+07,-9.51654E+01
2.11090088E+07,-9.40054E+01
2.11120605E+07,-9.75254E+01
2.11151123E+07,-1.01145E+02
2.11181641E+07,-9.87054E+01
2.11212158E+07,-9.42854E+01
2.11242676E+07,-9.90054E+01
2.11273193E+07,-9.84254E+01
2.11303711E+07,-9.37654E+01
2.11334229E+07,-9.43654E+01
2.11364746E+07,-9.15854E+01
2.11395264E+07,-9.59254E+01
2.11425781E+07,-1.03165E+02
2.11456299E+07,-1.06345E+02
2.11486816E+07,-1.01665E+02
2.11517334E+07,-9.64054E+01
2.11547852E+07,-9.87054E+01
2.11578369E+07,-9.63254E+01
2.11608887E+07,-9.46654E+01
2.11639404E+07,-1.00425E+02
2.11669922E+07,-9.30254E+01
2.11700439E+07,-9.47654E+01
2.11730957E+07,-1.02765E+02
2.11761475E+07,-1.00865E+02
2.11791992E+07,-1.03545E+02
2.11822510E+07,-9.97254E+01
2.11853027E+07,-9.58854E+01
2.11883545E+07,-9.54654E+01
2.11914062E+07,-9.53254E+01
2.11944580E+07,-1.06025E+02
2.11975098E+07,-9.70654E+01
2.12005615E+07,-9.66254E+01
2.12036133E+07,-9.55254E+01
2.12066650E+07,-9.85054E+01
2.12097168E+07,-1.09705E+02
2.12127686E+07,-1.01205E+02
2.12158203E+07,-9.99454E+01
2.12188721E+07,-1.02045E+02
2.12219238E+07,-1.01385E+02
2.12249756E+07,-1.01185E+02
2.12280273E+07,-1.07285E+02
2.12310791E+07,-1.06385E+02
2.12341309E+07,-9.93254E+01
2.12371826E+07,-9.62054E+01
2.12402344E+07,-1.07245E+02
2.12432861E+07,-1.08305E+02
2.12463379E+07,-1.07505E+02
2.12493896E+07,-1.01085E+02
2.12524414E+07,-9.83854E+01
2.12554932E+07,-9.89854E+01
2.12585449E+07,-1.06065E+02
2.12615967E+07,-1.06505E+02
2.12646484E+07,-1.03545E+02
2.12677002E+07,-9.86454E+01
2.12707520E+07,-1.02425E+02
2.12738037E+07,-1.07665E+02
2.12768555E+07,-1.12625E+02
2.12799072E+07,-9.99454E+01
2.12829590E+07,-9.20054E+01
2.12860107E+07,-9.51454E+01
2.12890625E+07,-1.02365E+02
2.12921143E+07,-9.94454E+01
2.12951660E+07,-1.00125E+02
2.12982178E+07,-1.02645E+02
2.13012695E+07,-1.02245E+02
2.13043213E+07,-1.02505E+02
2.13073730E+07,-1.01505E+02
2.13104248E+07,-1.10025E+02
2.13134766E+07,-1.06265E+02
2.13165283E+07,-1.07045E+02
2.13195801E+07,-1.08485E+02
2.13226318E+07,-1.00585E+02
2.13256836E+07,-9.62854E+01
2.13287354E+07,-9.48654E+01
2.13317871E+07,-1.06265E+02
2.13348389E+07,-9.67254E+01
2.13378906E+07,-9.58654E+01
2.13409424E+07,-1.06365E+02
2.13439941E+07,-1.05985E+02
2.13470459E+07,-9.97254E+01
2.13500977E+07,-9.90854E+01
2.13531494E+07,-1.06765E+02
2.13562012E+07,-1.04745E+02
2.13592529E+07,-9.99454E+01
2.13623047E+07,-1.01445E+02
2.13653564E+07,-1.03025E+02
2.13684082E+07,-1.05905E+02
2.13714600E+07,-1.02825E+02
2.13745117E+07,-1.00485E+02
2.13775635E+07,-9.80254E+01
2.13806152E+07,-1.06645E+02
2.13836670E+07,-1.03225E+02
2.13867188E+07,-1.02145E+02
2.13897705E+07,-9.63654E+01
2.13928223E+07,-1.00245E+02
2.13958740E+07,-1.06725E+02
2.13989258E+07,-9.68254E+01
2.14019775E+07,-9.78054E+01
2.14050293E+07,-1.33445E+02
2.14080811E+07,-1.07305E+02
2.14111328E+07,-1.17205E+02
2.14141846E+07,-1.00105E+02
2.14172363E+07,-9.69854E+01
2.14202881E+07,-1.02085E+02
2.14233398E+07,-1.09005E+02
2.14263916E+07,-1.02445E+02
2.14294434E+07,-9.85854E+01
2.14324951E+07,-9.69454E+01
2.14355469E+07,-9.52654E+01
2.14385986E+07,-1.06885E+02
2.14416504E+07,-9.90854E+01
2.14447021E+07,-1.01645E+02
2.14477539E+07,-1.12485E+02
2.14508057E+07,-1.06645E+02
2.14538574E+07,-1.09045E+02
2.14569092E+07,-1.13965E+02
2.14599609E+07,-1.16265E+02
2.14630127E+07,-9.79854E+01
2.14660645E+07,-9.69854E+01
2.14691162E+07,-1.00065E+02
2.14721680E+07,-9.79454E+01
2.14752197E+07,-9.20854E+01
2.14782715E+07,-9.26854E+01
2.14813232E+07,-9.58254E+01
2.14843750E+07,-9.69454E+01
2.14874268E+07,-9.64654E+01
2.14904785E+07,-9.67454E+01
2.14935303E+07,-1.06205E+02
2.14965820E+07,-1.17985E+02
2.14996338E+07,-1.12425E+02
2.15026855E+07,-1.05465E+02
2.15057373E+07,-9.78854E+01
2.15087891E+07,-9.54854E+01
2.15118408E+07,-9.56254E+01
2.15148926E+07,-1.00885E+02
2.15179443E+07,-1.07185E+02
2.15209961E+07,-9.93454E+01
2.15240479E+07,-1.01665E+02
2.15270996E+07,-1.00445E+02
2.15301514E+07,-9.91454E+01
2.15332031E+07,-1.02365E+02
2.15362549E+07,-9.53454E+01
2.15393066E+07,-9.58454E+01
2.15423584E+07,-1.02425E+02
2.15454102E+07,-1.02425E+02
2.15484619E+07,-1.08925E+02
2.15515137E+07,-9.89054E+01
2.15545654E+07,-9.93654E+01
2.15576172E+07,-1.04405E+02
2.15606689E+07,-1.00365E+02
2.15637207E+07,-1.07645E+02
2.15667725E+07,-1.00885E+02
2.15698242E+07,-1.01365E+02
2.15728760E+07,-9.73854E+01
2.15759277E+07,-1.00565E+02
2.15789795E+07,-1.01025E+02
2.15820312E+07,-9.69454E+01
2.15850830E+07,-1.06705E+02
2.15881348E+07,-1.11205E+02
2.15911865E+07,-1.06905E+02
2.15942383E+07,-1.05185E+02
2.15972900E+07,-1.01425E+02
2.16003418E+07,-1.05065E+02
2.16033936E+07,-1.07065E+02
2.16064453E+07,-9.68254E+01
2.16094971E+07,-9.37654E+01
2.16125488E+07,-9.93054E+01
2.16156006E+07,-1.01965E+02
2.16186523E+07,-9.63054E+01
2.16217041E+07,-9.52454E+01
2.16247559E+07,-9.77854E+01
2.16278076E+07,-1.10785E+02
2.16308594E+07,-1.01325E+02
2.16339111E+07,-1.00645E+02
2.16369629E+07,-1.00905E+02
2.16400146E+07,-9.96054E+01
2.16430664E+07,-1.02285E+02
2.16461182E+07,-1.08385E+02
2.16491699E+07,-1.09605E+02
2.16522217E+07,-1.07045E+02
2.16552734E+07,-1.02925E+02
2.16583252E+07,-9.68854E+01
2.16613770E+07,-9.91254E+01
2.16644287E+07,-1.06045E+02
2.16674805E+07,-1.03965E+02
2.16705322E+07,-9.97054E+01
2.16735840E+07,-1.08225E+02
2.16766357E+07,-1.02165E+02
2.16796875E+07,-1.09585E+02
2.16827393E+07,-1.06165E+02
2.16857910E+07,-1.03085E+02
2.16888428E+07,-9.71054E+01
2.16918945E+07,-1.01505E+02
2.16949463E+07,-1.09345E+02
2.16979980E+07,-1.04725E+02
2.17010498E+07,-9.94054E+01
2.17041016E+07,-9.60654E+01
2.17071533E+07,-1.08045E+02
2.17102051E+07,-1.02905E+02
2.17132568E+07,-9.58454E+01
2.17163086E+07,-9.60654E+01
2.17193604E+07,-1.02325E+02
2.17224121E+07,-9.73854E+01
2.17254639E+07,-1.02585E+02
2.17285156E+07,-1.12085E+02
2.17315674E+07,-1.06265E+02
2.17346191E+07,-1.04185E+02
2.17376709E+07,-1.07225E+02
2.17407227E+07,-9.84254E+01
2.17437744E+07,-9.78454E+01
2.17468262E+07,-9.69254E+01
2.17498779E+07,-9.79254E+01
2.17529297E+07,-1.06065E+02
2.17559814E+07,-9.99454E+01
2.17590332E+07,-9.59054E+01
2.17620850E+07,-9.99654E+01
2.17651367E+07,-9.89854E+01
2.17681885E+07,-9.53854E+01
2.17712402E+07,-1.01385E+02
2.17742920E+07,-1.05785E+02
2.17773438E+07,-1.10385E+02
2.17803955E+07,-1.00685E+02
2.17834473E+07,-9.80054E+01
2.17864990E+07,-1.09565E+02
2.17895508E+07,-1.00585E+02
2.17926025E+07,-9.66854E+01
2.17956543E+07,-9.90454E+01
2.17987061E+07,-1.05005E+02
2.18017578E+07,-9.46054E+01
2.18048096E+07,-9.77654E+01
2.18078613E+07,-1.01965E+02
2.18109131E+07,-9.83654E+01
2.18139648E+07,-1.07545E+02
2.18170166E+07,-1.03445E+02
2.18200684E+07,-1.06365E+02
2.18231201E+07,-1.04545E+02
2.18261719E+07,-1.00185E+02
2.18292236E+07,-1.03305E+02
2.18322754E+07,-1.03165E+02
2.18353271E+07,-1.06705E+02
2.18383789E+07,-1.01965E+02
2.18414307E+07,-1.10165E+02
2.18444824E+07,-9.93054E+01
2.18475342E+07,-1.05345E+02
2.18505859E+07,-9.63054E+01
2.18536377E+07,-9.57654E+01
2.18566895E+07,-1.12985E+02
2.18597412E+07,-9.64054E+01
2.18627930E+07,-9.54054E+01
2.18658447E+07,-9.97454E+01
2.18688965E+07,-1.10625E+02
2.18719482E+07,-9.73454E+01
2.18750000E+07,-9.23654E+01
2.18780518E+07,-9.69054E+01
2.18811035E+07,-1.02865E+02
2.18841553E+07,-9.75254E+01
2.18872070E+07,-9.69254E+01
2.18902588E+07,-1.02985E+02
2.18933105E+07,-9.74054E+01
2.18963623E+07,-9.57854E+01
2.18994141E+07,-9.73054E+01
2.19024658E+07,-1.04985E+02
2.19055176E+07,-9.88054E+01
2.19085693E+07,-9.79854E+01
2.19116211E+07,-1.05845E+02
2.19146729E+07,-9.90054E+01
2.19177246E+07,-9.75454E+01
2.19207764E+07,-9.83254E+01
2.19238281E+07,-1.02585E+02
2.19268799E+07,-1.06725E+02
2.19299316E+07,-1.01865E+02
2.19329834E+07,-9.81254E+01
2.19360352E+07,-9.85454E+01
2.19390869E+07,-1.00005E+02
2.19421387E+07,-1.11565E+02
2.19451904E+07,-1.01325E+02
2.19482422E+07,-1.03585E+02
2.19512939E+07,-1.09045E+02
2.19543457E+07,-1.03665E+02
2.19573975E+07,-9.87254E+01
2.19604492E+07,-9.45854E+01
2.19635010E+07,-9.86254E+01
2.19665527E+07,-9.99054E+01
2.19696045E+07,-1.00725E+02
2.19726562E+07,-9.38854E+01
2.19757080E+07,-9.59854E+01
2.19787598E+07,-1.09665E+02
2.19818115E+07,-1.01645E+02
2.19848633E+07,-1.16245E+02
2.19879150E+07,-1.06125E+02
2.19909668E+07,-9.84654E+01
2.19940186E+07,-1.01525E+02
2.19970703E+07,-9.70454E+01
2.20001221E+07,-1.01285E+02
2.20031738E+07,-1.01525E+02
2.20062256E+07,-1.00105E+02
2.20092773E+07,-1.06525E+02
2.20123291E+07,-1.00905E+02
2.20153809E+07,-1.03725E+02
2.20184326E+07,-9.88454E+01
2.20214844E+07,-1.12965E+02
2.20245361E+07,-1.00445E+02
2.20275879E+07,-1.01385E+02
2.20306396E+07,-1.14905E+02
2.20336914E+07,-1.11765E+02
2.20367432E+07,-1.05985E+02
2.20397949E+07,-9.54854E+01
2.20428467E+07,-9.45054E+01
2.20458984E+07,-1.01245E+02
2.20489502E+07,-9.98654E+01
2.20520020E+07,-1.09205E+02
2.20550537E+07,-1.06745E+02
2.20581055E+07,-1.01005E+02
2.20611572E+07,-1.00465E+02
2.20642090E+07,-1.01525E+02
2.20672607E+07,-9.99854E+01
2.20703125E+07,-1.03765E+02
2.20733643E+07,-1.01125E+02
2.20764160E+07,-9.92254E+01
2.20794678E+07,-1.10025E+02
2.20825195E+07,-9.84254E+01
2.20855713E+07,-9.67454E+01
2.20886230E+07,-9.81054E+01
2.20916748E+07,-1.00485E+02
2.20947266E+07,-9.54654E+01
2.20977783E+07,-1.03965E+02
2.21008301E+07,-1.01125E+02
2.21038818E+07,-9.56054E+01
2.21069336E+07,-9.48654E+01
2.21099854E+07,-9.63854E+01
2.21130371E+07,-9.69254E+01
2.21160889E+07,-1.20005E+02
2.21191406E+07,-9.89854E+01
2.21221924E+07,-9.99454E+01
2.21252441E+07,-1.04565E+02
2.21282959E+07,-1.03465E+02
2.21313477E+07,-1.02325E+02
2.21343994E+07,-1.01585E+02
2.21374512E+07,-1.00425E+02
2.21405029E+07,-9.97454E+01
2.21435547E+07,-9.55254E+01
2.21466064E+07,-9.91054E+01
2.21496582E+07,-1.06085E+02
2.21527100E+07,-9.80654E+01
2.21557617E+07,-9.51454E+01
2.21588135E+07,-9.75054E+01
2.21618652E+07,-1.00405E+02
2.21649170E+07,-9.82254E+01
2.21679688E+07,-9.98454E+01
2.21710205E+07,-9.99454E+01
2.21740723E+07,-1.01665E+02
2.21771240E+07,-1.01645E+02
2.21801758E+07,-9.46854E+01
2.21832275E+07,-9.48054E+01
2.21862793E+07,-9.72854E+01
2.21893311E+07,-9.81654E+01
2.21923828E+07,-1.08065E+02
2.21954346E+07,-1.02445E+02
2.21984863E+07,-1.00745E+02
2.22015381E+07,-1.00585E+02
2.22045898E+07,-1.04425E+02
2.22076416E+07,-1.05885E+02
2.22106934E+07,-1.05065E+02
2.22137451E+07,-1.10425E+02
2.22167969E+07,-1.06705E+02
2.22198486E+07,-1.00325E+02
2.22229004E+07,-9.71254E+01
2.22259521E+07,-9.57454E+01
2.22290039E+07,-9.45454E+01
2.22320557E+07,-9.62854E+01
2.22351074E+07,-9.89054E+01
2.22381592E+07,-1.01385E+02
2.22412109E+07,-1.02765E+02
2.22442627E+07,-1.01285E+02
2.22473145E+07,-1.00845E+02
2.22503662E+07,-1.00965E+02
2.22534180E+07,-1.03805E+02
2.22564697E+07,-1.01805E+02
2.22595215E+07,-9.86454E+01
2.22625732E+07,-1.02425E+02
2.22656250E+07,-1.07845E+02
2.22686768E+07,-1.03465E+02
2.22717285E+07,-1.09485E+02
2.22747803E+07,-1.08825E+02
2.22778320E+07,-9.75054E+01
2.22808838E+07,-9.75054E+01
2.22839355E+07,-1.03265E+02
2.22869873E+07,-1.02045E+02
2.22900391E+07,-9.82054E+01
2.22930908E+07,-9.48054E+01
2.22961426E+07,-9.53254E+01
2.22991943E+07,-9.86454E+01
2.23022461E+07,-9.96654E+01
2.23052979E+07,-1.02425E+02
2.23083496E+07,-9.71054E+01
2.23114014E+07,-9.48854E+01
2.23144531E+07,-9.78454E+01
2.23175049E+07,-9.83054E+01
2.23205566E+07,-9.99254E+01
2.23236084E+07,-9.57454E+01
2.23266602E+07,-9.47454E+01
2.23297119E+07,-1.04865E+02
2.23327637E+07,-1.13165E+02
2.23358154E+07,-1.09625E+02
2.23388672E+07,-1.20085E+02
2.23419189E+07,-1.09665E+02
2.23449707E+07,-9.66654E+01
2.23480225E+07,-9.36654E+01
2.23510742E+07,-1.09105E+02
2.23541260E+07,-1.04145E+02
2.23571777E+07,-1.09605E+02
2.23602295E+07,-9.98454E+01
2.23632812E+07,-9.43054E+01
2.23663330E+07,-9.91854E+01
2.23693848E+07,-1.12525E+02
2.23724365E+07,-1.08705E+02
2.23754883E+07,-9.59054E+01
2.23785400E+07,-9.33254E+01
2.23815918E+07,-9.41854E+01
2.23846436E+07,-9.70054E+01
2.23876953E+07,-9.56654E+01
2.23907471E+07,-9.67854E+01
2.23937988E+07,-1.14645E+02
2.23968506E+07,-1.06625E+02
2.23999023E+07,-1.05985E+02
2.24029541E+07,-1.03225E+02
2.24060059E+07,-1.02805E+02
2.24090576E+07,-1.02085E+02
2.24121094E+07,-1.02305E+02
2.24151611E+07,-9.80454E+01
2.24182129E+07,-9.85854E+01
2.24212646E+07,-9.40454E+01
2.24243164E+07,-9.35054E+01
2.24273682E+07,-1.04085E+02
2.24304199E+07,-1.03365E+02
2.24334717E+07,-9.74254E+01
2.24365234E+07,-9.73854E+01
2.24395752E+07,-1.05285E+02
2.24426270E+07,-1.10725E+02
2.24456787E+07,-1.01165E+02
2.24487305E+07,-9.68454E+01
2.24517822E+07,-9.82654E+01
2.24548340E+07,-1.01205E+02
2.24578857E+07,-1.01645E+02
2.24609375E+07,-1.02905E+02
2.24639893E+07,-1.01305E+02
2.24670410E+07,-1.06405E+02
2.24700928E+07,-1.07145E+02
2.24731445E+07,-9.56454E+01
2.24761963E+07,-9.94454E+01
2.24792480E+07,-1.02085E+02
2.24822998E+07,-9.89054E+01
2.24853516E+07,-1.00885E+02
2.24884033E+07,-1.08585E+02
2.24914551E+07,-1.09485E+02
2.24945068E+07,-1.06485E+02
2.24975586E+07,-9.49854E+01
2.25006104E+07,-9.28654E+01
2.25036621E+07,-9.44454E+01
2.25067139E+07,-9.53454E+01
2.25097656E+07,-9.42654E+01
2.25128174E+07,-9.73654E+01
2.25158691E+07,-9.60654E+01
2.25189209E+07,-1.09685E+02
2.25219727E+07,-1.05925E+02
2.25250244E+07,-1.15325E+02
2.25280762E+07,-1.21685E+02
2.25311279E+07,-1.07045E+02
2.25341797E+07,-1.03445E+02
2.25372314E+07,-1.01865E+02
2.25402832E+07,-1.03925E+02
2.25433350E+07,-1.10625E+02
2.25463867E+07,-9.99654E+01
2.25494385E+07,-1.00785E+02
2.25524902E+07,-1.05565E+02
2.25555420E+07,-9.99054E+01
2.25585938E+07,-9.38854E+01
2.25616455E+07,-9.58254E+01
2.25646973E+07,-1.13665E+02
2.25677490E+07,-9.95054E+01
2.25708008E+07,-9.78854E+01
2.25738525E+07,-1.00165E+02
2.25769043E+07,-1.07505E+02
2.25799561E+07,-1.14345E+02
2.25830078E+07,-1.08185E+02
2.25860596E+07,-1.01085E+02
2.25891113E+07,-9.63054E+01
2.25921631E+07,-9.62454E+01
2.25952148E+07,-9.91654E+01
2.25982666E+07,-1.02365E+02
2.26013184E+07,-1.05865E+02
2.26043701E+07,-1.03885E+02
2.26074219E+07,-9.65254E+01
2.26104736E+07,-9.43054E+01
2.26135254E+07,-1.04385E+02
2.26165771E+07,-1.09005E+02
2.26196289E+07,-9.72654E+01
2.26226807E+07,-9.59454E+01
2.26257324E+07,-1.02645E+02
2.26287842E+07,-1.00805E+02
2.26318359E+07,-9.84654E+01
2.26348877E+07,-1.03805E+02
2.26379395E+07,-9.99054E+01
2.26409912E+07,-9.69454E+01
2.26440430E+07,-9.72254E+01
2.26470947E+07,-1.07465E+02
2.26501465E+07,-1.27785E+02
2.26531982E+07,-1.04485E+02
2.26562500E+07,-1.05465E+02
2.26593018E+07,-1.04425E+02
2.26623535E+07,-1.05225E+02
2.26654053E+07,-1.09925E+02
2.26684570E+07,-1.01185E+02
2.26715088E+07,-1.07665E+02
2.26745605E+07,-1.08385E+02
2.26776123E+07,-1.00305E+02
2.26806641E+07,-1.01005E+02
2.26837158E+07,-1.05205E+02
2.26867676E+07,-9.84254E+01
2.26898193E+07,-1.00705E+02
2.26928711E+07,-1.01545E+02
2.26959229E+07,-9.88054E+01
2.26989746E+07,-1.10185E+02
2.27020264E+07,-9.92254E+01
2.27050781E+07,-9.46654E+01
2.27081299E+07,-9.22054E+01
2.27111816E+07,-9.64454E+01
2.27142334E+07,-1.12305E+02
2.27172852E+07,-1.02085E+02
2.27203369E+07,-9.83654E+01
2.27233887E+07,-9.85454E+01
2.27264404E+07,-9.84254E+01
2.27294922E+07,-9.63054E+01
2.27325439E+07,-9.65654E+01
2.27355957E+07,-1.12985E+02
2.27386475E+07,-1.00085E+02
2.27416992E+07,-9.74454E+01
2.27447510E+07,-1.00945E+02
2.27478027E+07,-1.15725E+02
2.27508545E+07,-1.03225E+02
2.27539062E+07,-1.00565E+02
2.27569580E+07,-1.01825E+02
2.27600098E+07,-9.82254E+01
2.27630615E+07,-9.37254E+01
2.27661133E+07,-9.61054E+01
2.27691650E+07,-1.01025E+02
2.27722168E+07,-1.04985E+02
2.27752686E+07,-9.96054E+01
2.27783203E+07,-9.82454E+01
2.27813721E+07,-1.01165E+02
2.27844238E+07,-1.14565E+02
2.27874756E+07,-1.05365E+02
2.27905273E+07,-1.00025E+02
2.27935791E+07,-9.47054E+01
2.27966309E+07,-9.37254E+01
2.27996826E+07,-9.55054E+01
2.28027344E+07,-9.56454E+01
2.28057861E+07,-9.53054E+01
2.28088379E+07,-9.94254E+01
2.28118896E+07,-1.04265E+02
2.28149414E+07,-1.09045E+02
2.28179932E+07,-9.60254E+01
2.28210449E+07,-9.70054E+01
2.28240967E+07,-1.03305E+02
2.28271484E+07,-9.97254E+01
2.28302002E+07,-9.67854E+01
2.28332520E+07,-1.00645E+02
2.28363037E+07,-1.04885E+02
2.28393555E+07,-1.03705E+02
2.28424072E+07,-1.00265E+02
2.28454590E+07,-1.05945E+02
2.28485107E+07,-9.83654E+01
2.28515625E+07,-1.02425E+02
2.28546143E+07,-1.07885E+02
2.28576660E+07,-1.00845E+02
2.28607178E+07,-1.07905E+02
2.28637695E+07,-1.03885E+02
2.28668213E+07,-1.07205E+02
2.28698730E+07,-1.02585E+02
2.28729248E+07,-1.00685E+02
2.28759766E+07,-1.02645E+02
2.28790283E+07,-1.07305E+02
2.28820801E+07,-1.04505E+02
2.28851318E+07,-1.05405E+02
2.28881836E+07,-9.78854E+01
2.28912354E+07,-9.40854E+01
2.28942871E+07,-9.69454E+01
2.28973389E+07,-9.53254E+01
2.29003906E+07,-9.74454E+01
2.29034424E+07,-1.02965E+02
2.29064941E+07,-1.07865E+02
2.29095459E+07,-1.01185E+02
2.29125977E+07,-9.85854E+01
2.29156494E+07,-9.77254E+01
2.29187012E+07,-9.87854E+01
2.29217529E+07,-9.89454E+01
2.29248047E+07,-1.06285E+02
2.29278564E+07,-9.68654E+01
2.29309082E+07,-9.16254E+01
2.29339600E+07,-1.00425E+02
2.29370117E+07,-9.99454E+01
2.29400635E+07,-9.75854E+01
2.29431152E+07,-1.00665E+02
2.29461670E+07,-1.04405E+02
2.29492188E+07,-1.03625E+02
2.29522705E+07,-9.80854E+01
2.29553223E+07,-9.75854E+01
2.29583740E+07,-1.00845E+02
2.29614258E+07,-1.07345E+02
2.29644775E+07,-1.03165E+02
2.29675293E+07,-1.10585E+02
2.29705811E+07,-1.00765E+02
2.29736328E+07,-9.84854E+01
2.29766846E+07,-9.46454E+01
2.29797363E+07,-9.49654E+01
2.29827881E+07,-1.07165E+02
2.29858398E+07,-1.03725E+02
2.29888916E+07,-1.03085E+02
2.29919434E+07,-1.10225E+02
2.29949951E+07,-9.63254E+01
2.29980469E+07,-1.03585E+02
2.30010986E+07,-9.99254E+01
2.30041504E+07,-9.83054E+01
2.30072021E+07,-1.02005E+02
2.30102539E+07,-1.08625E+02
2.30133057E+07,-1.03125E+02
2.30163574E+07,-9.52854E+01
2.30194092E+07,-9.49054E+01
2.30224609E+07,-9.42254E+01
2.30255127E+07,-9.35854E+01
2.30285645E+07,-1.03125E+02
2.30316162E+07,-1.01165E+02
2.30346680E+07,-9.65454E+01
2.30377197E+07,-1.01525E+02
2.30407715E+07,-1.05885E+02
2.30438232E+07,-9.89854E+01
2.30468750E+07,-9.98054E+01
2.30499268E+07,-9.51654E+01
2.30529785E+07,-1.02425E+02
2.30560303E+07,-1.07505E+02
2.30590820E+07,-1.01565E+02
2.30621338E+07,-1.02425E+02
2.30651855E+07,-1.03845E+02
2.30682373E+07,-1.00305E+02
2.30712891E+07,-9.97454E+01
2.30743408E+07,-1.04325E+02
2.30773926E+07,-1.05865E+02
2.30804443E+07,-9.73254E+01
2.30834961E+07,-9.82854E+01
2.30865479E+07,-1.11865E+02
2.30895996E+07,-1.04905E+02
2.30926514E+07,-9.90854E+01
2.30957031E+07,-9.72854E+01
2.30987549E+07,-9.57054E+01
2.31018066E+07,-1.06805E+02
2.31048584E+07,-9.76854E+01
2.31079102E+07,-9.94454E+01
2.31109619E+07,-1.04045E+02
2.31140137E+07,-1.14365E+02
2.31170654E+07,-1.07265E+02
2.31201172E+07,-1.20765E+02
2.31231689E+07,-1.01325E+02
2.31262207E+07,-1.00365E+02
2.31292725E+07,-9.43654E+01
2.31323242E+07,-1.01365E+02
2.31353760E+07,-1.24005E+02
2.31384277E+07,-9.92054E+01
2.31414795E+07,-9.86854E+01
2.31445312E+07,-1.01965E+02
2.31475830E+07,-1.02125E+02
2.31506348E+07,-9.77054E+01
2.31536865E+07,-1.11205E+02
2.31567383E+07,-9.99054E+01
2.31597900E+07,-1.03085E+02
2.31628418E+07,-1.00045E+02
2.31658936E+07,-1.01985E+02
2.31689453E+07,-9.85454E+01
2.31719971E+07,-9.82654E+01
2.31750488E+07,-1.06565E+02
2.31781006E+07,-1.06605E+02
2.31811523E+07,-1.07305E+02
2.31842041E+07,-9.69654E+01
2.31872559E+07,-9.22854E+01
2.31903076E+07,-1.00265E+02
2.31933594E+07,-1.00385E+02
2.31964111E+07,-1.11145E+02
2.31994629E+07,-9.98654E+01
2.32025146E+07,-1.17005E+02
2.32055664E+07,-1.03405E+02
2.32086182E+07,-1.04325E+02
2.32116699E+07,-1.03305E+02
2.32147217E+07,-9.72254E+01
2.32177734E+07,-9.62254E+01
2.32208252E+07,-1.01665E+02
2.32238770E+07,-9.82454E+01
2.32269287E+07,-9.56054E+01
2.32299805E+07,-1.00105E+02
2.32330322E+07,-1.05225E+02
2.32360840E+07,-1.11245E+02
2.32391357E+07,-1.01645E+02
2.32421875E+07,-9.72454E+01
2.32452393E+07,-9.53654E+01
2.32482910E+07,-9.46454E+01
2.32513428E+07,-9.48454E+01
2.32543945E+07,-9.97854E+01
2.32574463E+07,-1.11525E+02
2.32604980E+07,-1.04045E+02
2.32635498E+07,-1.03845E+02
2.32666016E+07,-1.12385E+02
2.32696533E+07,-1.04825E+02
2.32727051E+07,-9.86054E+01
2.32757568E+07,-9.77454E+01
2.32788086E+07,-1.00405E+02
2.32818604E+07,-1.08525E+02
2.32849121E+07,-1.05305E+02
2.32879639E+07,-9.91854E+01
2.32910156E+07,-9.60054E+01
2.32940674E+07,-9.57454E+01
2.32971191E+07,-9.74454E+01
2.33001709E+07,-1.00785E+02
2.33032227E+07,-9.87054E+01
2.33062744E+07,-1.02705E+02
2.33093262E+07,-1.04665E+02
2.33123779E+07,-1.00245E+02
2.33154297E+07,-9.60054E+01
2.33184814E+07,-9.75454E+01
2.33215332E+07,-1.01205E+02
2.33245850E+07,-1.00405E+02
2.33276367E+07,-9.47254E+01
2.33306885E+07,-9.51654E+01
2.33337402E+07,-1.03325E+02
2.33367920E+07,-1.12045E+02
2.33398438E+07,-1.07425E+02
2.33428955E+07,-1.04045E+02
2.33459473E+07,-1.01165E+02
2.33489990E+07,-1.02565E+02
2.33520508E+07,-1.05365E+02
2.33551025E+07,-9.94654E+01
2.33581543E+07,-9.35054E+01
2.33612061E+07,-9.18254E+01
2.33642578E+07,-9.66454E+01
2.33673096E+07,-9.98854E+01
2.33703613E+07,-1.01025E+02
2.33734131E+07,-9.99454E+01
2.33764648E+07,-1.08905E+02
2.33795166E+07,-1.03965E+02
2.33825684E+07,-9.87654E+01
2.33856201E+07,-9.93054E+01
2.33886719E+07,-1.13325E+02
2.33917236E+07,-1.05045E+02
2.33947754E+07,-9.57054E+01
2.33978271E+07,-9.52454E+01
2.34008789E+07,-1.05585E+02
2.34039307E+07,-9.88454E+01
2.34069824E+07,-1.06925E+02
2.34100342E+07,-1.10445E+02
2.34130859E+07,-1.03845E+02
2.34161377E+07,-1.00805E+02
2.34191895E+07,-1.00905E+02
2.34222412E+07,-9.74254E+01
2.34252930E+07,-9.50054E+01
2.34283447E+07,-1.04265E+02
2.34313965E+07,-9.46854E+01
2.34344482E+07,-9.52454E+01
2.34375000E+07,-1.05925E+02
2.34405518E+07,-9.69254E+01
2.34436035E+07,-1.03505E+02
2.34466553E+07,-9.81054E+01
2.34497070E+07,-9.89454E+01
2.34527588E+07,-1.04145E+02
2.34558105E+07,-9.70654E+01
2.34588623E+07,-1.03705E+02
2.34619141E+07,-1.04045E+02
2.34649658E+07,-1.04985E+02
2.34680176E+07,-1.06845E+02
2.34710693E+07,-1.02865E+02
2.34741211E+07,-9.68054E+01
2.34771729E+07,-9.62054E+01
2.34802246E+07,-1.15805E+02
2.34832764E+07,-1.01525E+02
2.34863281E+07,-1.01745E+02
2.34893799E+07,-1.03765E+02
2.34924316E+07,-1.06765E+02
2.34954834E+07,-1.05965E+02
2.34985352E+07,-1.06025E+02
2.35015869E+07,-1.08445E+02
2.35046387E+07,-9.56654E+01
2.35076904E+07,-1.00145E+02
2.35107422E+07,-1.11145E+02
2.35137939E+07,-9.99854E+01
2.35168457E+07,-1.04545E+02
2.35198975E+07,-9.78254E+01
2.35229492E+07,-9.48654E+01
2.35260010E+07,-9.18854E+01
2.35290527E+07,-9.43454E+01
2.35321045E+07,-1.02425E+02
2.35351562E+07,-1.07465E+02
2.35382080E+07,-1.07725E+02
2.35412598E+07,-1.03085E+02
2.35443115E+07,-1.05345E+02
2.35473633E+07,-1.02805E+02
2.35504150E+07,-1.06185E+02
2.35534668E+07,-9.63854E+01
2.35565186E+07,-1.01245E+02
2.35595703E+07,-9.98054E+01
2.35626221E+07,-9.44054E+01
2.35656738E+07,-9.71454E+01
2.35687256E+07,-9.96454E+01
2.35717773E+07,-1.03225E+02
2.35748291E+07,-9.78254E+01
2.35778809E+07,-9.42854E+01
2.35809326E+07,-9.15654E+01
2.35839844E+07,-1.03845E+02
2.35870361E+07,-9.57654E+01
2.35900879E+07,-1.07925E+02
2.35931396E+07,-9.56054E+01
2.35961914E+07,-9.60654E+01
2.35992432E+07,-9.91654E+01
2.36022949E+07,-1.02305E+02
2.36053467E+07,-1.11745E+02
2.36083984E+07,-1.02385E+02
2.36114502E+07,-9.67654E+01
2.36145020E+07,-9.64454E+01
2.36175537E+07,-9.86454E+01
2.36206055E+07,-9.85854E+01
2.36236572E+07,-1.14605E+02
2.36267090E+07,-9.82454E+01
2.36297607E+07,-9.65254E+01
2.36328125E+07,-1.02905E+02
2.36358643E+07,-1.04465E+02
2.36389160E+07,-1.03365E+02
2.36419678E+07,-1.00805E+02
2.36450195E+07,-9.96654E+01
2.36480713E+07,-1.01145E+02
2.36511230E+07,-1.02745E+02
2.36541748E+07,-1.05265E+02
2.36572266E+07,-1.02145E+02
2.36602783E+07,-9.76254E+01
2.36633301E+07,-1.03845E+02
2.36663818E+07,-1.05645E+02
2.36694336E+07,-9.92854E+01
2.36724854E+07,-1.01745E+02
2.36755371E+07,-1.03845E+02
2.36785889E+07,-1.03465E+02
2.36816406E+07,-9.96254E+01
2.36846924E+07,-1.01405E+02
2.36877441E+07,-1.16685E+02
2.36907959E+07,-1.11365E+02
2.36938477E+07,-1.03365E+02
2.36968994E+07,-9.80854E+01
2.36999512E+07,-9.90854E+01
2.37030029E+07,-9.76854E+01
2.37060547E+07,-9.58454E+01
2.37091064E+07,-9.71654E+01
2.37121582E+07,-9.73454E+01
2.37152100E+07,-9.75854E+01
2.37182617E+07,-1.00765E+02
2.37213135E+07,-9.53054E+01
2.37243652E+07,-9.47854E+01
2.37274170E+07,-9.80454E+01
2.37304688E+07,-1.12585E+02
2.37335205E+07,-1.02905E+02
2.37365723E+07,-1.01305E+02
2.37396240E+07,-1.05605E+02
2.37426758E+07,-1.08905E+02
2.37457275E+07,-9.60254E+01
2.37487793E+07,-9.75454E+01
2.37518311E+07,-1.12365E+02
2.37548828E+07,-1.03885E+02
2.37579346E+07,-9.85854E+01
2.37609863E+07,-9.37254E+01
2.37640381E+07,-9.19054E+01
2.37670898E+07,-9.98854E+01
2.37701416E+07,-1.00665E+02
2.37731934E+07,-9.47454E+01
2.37762451E+07,-9.99854E+01
2.37792969E+07,-9.89054E+01
2.37823486E+07,-9.40854E+01
2.37854004E+07,-9.86854E+01
2.37884521E+07,-1.09445E+02
2.37915039E+07,-1.23365E+02
2.37945557E+07,-9.87054E+01
2.37976074E+07,-9.45654E+01
2.38006592E+07,-9.69854E+01
2.38037109E+07,-1.01245E+02
2.38067627E+07,-1.07725E+02
2.38098145E+07,-9.97254E+01
2.38128662E+07,-9.68654E+01
2.38159180E+07,-9.69054E+01
2.38189697E+07,-9.89854E+01
2.38220215E+07,-9.67254E+01
2.38250732E+07,-9.44254E+01
2.38281250E+07,-9.69254E+01
2.38311768E+07,-1.03965E+02
2.38342285E+07,-1.01445E+02
2.38372803E+07,-9.80054E+01
2.38403320E+07,-1.01165E+02
2.38433838E+07,-1.00225E+02
2.38464355E+07,-1.00705E+02
2.38494873E+07,-1.04805E+02
2.38525391E+07,-1.03545E+02
2.38555908E+07,-1.06105E+02
2.38586426E+07,-9.93054E+01
2.38616943E+07,-1.01365E+02
2.38647461E+07,-9.38454E+01
2.38677979E+07,-1.08505E+02
2.38708496E+07,-9.52654E+01
2.38739014E+07,-9.72054E+01
2.38769531E+07,-1.09625E+02
2.38800049E+07,-1.06465E+02
2.38830566E+07,-9.94854E+01
2.38861084E+07,-1.01685E+02
2.38891602E+07,-9.90054E+01
2.38922119E+07,-1.10805E+02
2.38952637E+07,-1.06665E+02
2.38983154E+07,-1.08545E+02
2.39013672E+07,-9.89054E+01
2.39044189E+07,-9.60254E+01
2.39074707E+07,-1.02445E+02
2.39105225E+07,-1.05045E+02
2.39135742E+07,-1.02445E+02
2.39166260E+07,-1.07725E+02
2.39196777E+07,-9.86454E+01
2.39227295E+07,-9.48254E+01
2.39257812E+07,-9.58854E+01
2.39288330E+07,-9.69854E+01
2.39318848E+07,-1.02305E+02
2.39349365E+07,-1.04525E+02
2.39379883E+07,-9.97854E+01
2.39410400E+07,-1.06585E+02
2.39440918E+07,-9.60054E+01
2.39471436E+07,-9.44254E+01
2.39501953E+07,-9.69054E+01
2.39532471E+07,-1.02485E+02
2.39562988E+07,-9.70054E+01
2.39593506E+07,-9.57454E+01
2.39624023E+07,-9.80454E+01
2.39654541E+07,-9.94454E+01
2.39685059E+07,-1.04185E+02
2.39715576E+07,-1.03625E+02
2.39746094E+07,-1.05505E+02
2.39776611E+07,-1.00265E+02
2.39807129E+07,-9.77454E+01
2.39837646E+07,-1.04005E+02
2.39868164E+07,-1.07325E+02
2.39898682E+07,-1.03765E+02
2.39929199E+07,-1.05385E+02
2.39959717E+07,-1.07245E+02
2.39990234E+07,-9.95254E+01
2.40020752E+07,-9.51854E+01
2.40051270E+07,-9.96454E+01
2.40081787E+07,-9.97454E+01
2.40112305E+07,-9.28654E+01
2.40142822E+07,-9.67654E+01
2.40173340E+07,-1.07285E+02
2.40203857E+07,-1.07145E+02
2.40234375E+07,-9.54254E+01
2.40264893E+07,-9.21454E+01
2.40295410E+07,-9.56854E+01
2.40325928E+07,-1.14225E+02
2.40356445E+07,-1.00825E+02
2.40386963E+07,-1.03705E+02
2.40417480E+07,-1.04945E+02
2.40447998E+07,-9.97054E+01
2.40478516E+07,-1.05305E+02
2.40509033E+07,-9.72254E+01
2.40539551E+07,-9.24454E+01
2.40570068E+07,-9.26254E+01
2.40600586E+07,-9.79054E+01
2.40631104E+07,-1.02145E+02
2.40661621E+07,-9.97854E+01
2.40692139E+07,-9.34454E+01
2.40722656E+07,-9.58054E+01
2.40753174E+07,-9.75854E+01
2.40783691E+07,-9.80254E+01
2.40814209E+07,-9.95654E+01
2.40844727E+07,-1.07985E+02
2.40875244E+07,-1.01885E+02
2.40905762E+07,-9.61254E+01
2.40936279E+07,-9.82454E+01
2.40966797E+07,-1.15485E+02
2.40997314E+07,-1.02065E+02
2.41027832E+07,-9.31854E+01
2.41058350E+07,-9.22854E+01
2.41088867E+07,-9.61654E+01
2.41119385E+07,-1.08405E+02
2.41149902E+07,-1.02425E+02
2.41180420E+07,-9.60454E+01
2.41210938E+07,-9.77854E+01
2.41241455E+07,-9.91054E+01
2.41271973E+07,-9.83254E+01
2.41302490E+07,-1.01285E+02
2.41333008E+07,-1.01205E+02
2.41363525E+07,-1.01685E+02
2.41394043E+07,-1.10705E+02
2.41424561E+07,-1.21705E+02
2.41455078E+07,-9.87654E+01
2.41485596E+07,-9.90854E+01
2.41516113E+07,-1.00185E+02
2.41546631E+07,-9.72054E+01
2.41577148E+07,-1.05525E+02
2.41607666E+07,-1.06705E+02
2.41638184E+07,-1.03185E+02
2.41668701E+07,-1.01105E+02
2.41699219E+07,-1.01625E+02
2.41729736E+07,-9.69054E+01
2.41760254E+07,-1.00945E+02
2.41790771E+07,-1.00585E+02
2.41821289E+07,-1.04045E+02
2.41851807E+07,-9.62854E+01
2.41882324E+07,-9.93654E+01
2.41912842E+07,-1.00925E+02
2.41943359E+07,-9.59654E+01
2.41973877E+07,-9.32654E+01
2.42004395E+07,-9.38054E+01
2.42034912E+07,-9.44054E+01
2.42065430E+07,-9.51454E+01
2.42095947E+07,-9.66454E+01
2.42126465E+07,-1.03705E+02
2.42156982E+07,-1.03125E+02
2.42187500E+07,-1.00765E+02
2.42218018E+07,-1.06465E+02
2.42248535E+07,-1.05365E+02
2.42279053E+07,-1.01805E+02
2.42309570E+07,-1.02565E+02
2.42340088E+07,-1.24425E+02
2.42370605E+07,-9.67654E+01
2.42401123E+07,-1.00425E+02
2.42431641E+07,-1.07405E+02
2.42462158E+07,-1.19545E+02
2.42492676E+07,-9.58654E+01
2.42523193E+07,-9.50654E+01
2.42553711E+07,-1.02525E+02
2.42584229E+07,-1.06105E+02
2.42614746E+07,-1.01305E+02
2.42645264E+07,-1.04625E+02
2.42675781E+07,-1.03805E+02
2.42706299E+07,-9.98854E+01
2.42736816E+07,-9.92054E+01
2.42767334E+07,-1.07485E+02
2.42797852E+07,-9.61854E+01
2.42828369E+07,-9.75654E+01
2.42858887E+07,-1.13585E+02
2.42889404E+07,-1.08845E+02
2.42919922E+07,-9.58654E+01
2.42950439E+07,-9.96254E+01
2.42980957E+07,-1.04825E+02
2.43011475E+07,-1.00125E+02
2.43041992E+07,-9.62254E+01
2.43072510E+07,-1.00545E+02
2.43103027E+07,-1.01685E+02
2.43133545E+07,-1.01145E+02
2.43164062E+07,-9.38454E+01
2.43194580E+07,-9.05454E+01
2.43225098E+07,-9.37054E+01
2.43255615E+07,-1.01205E+02
2.43286133E+07,-1.03885E+02
2.43316650E+07,-1.02585E+02
2.43347168E+07,-9.60854E+01
2.43377686E+07,-9.67454E+01
2.43408203E+07,-9.56054E+01
2.43438721E+07,-9.60854E+01
2.43469238E+07,-9.94854E+01
2.43499756E+07,-1.00925E+02
2.43530273E+07,-9.40054E+01
2.43560791E+07,-9.18654E+01
2.43591309E+07,-9.63654E+01
2.43621826E+07,-1.05585E+02
2.43652344E+07,-1.01205E+02
2.43682861E+07,-1.00565E+02
2.43713379E+07,-9.88254E+01
2.43743896E+07,-9.43254E+01
2.43774414E+07,-9.28254E+01
2.43804932E+07,-9.48654E+01
2.43835449E+07,-1.02705E+02
2.43865967E+07,-1.00545E+02
2.43896484E+07,-1.00185E+02
2.43927002E+07,-9.90454E+01
2.43957520E+07,-9.74854E+01
2.43988037E+07,-9.93454E+01
2.44018555E+07,-9.64654E+01
2.44049072E+07,-9.61854E+01
2.44079590E+07,-1.02245E+02
2.44110107E+07,-1.07485E+02
2.44140625E+07,-9.65254E+01
2.44171143E+07,-1.01445E+02
2.44201660E+07,-9.80054E+01
2.44232178E+07,-9.57654E+01
2.44262695E+07,-1.00205E+02
2.44293213E+07,-9.94454E+01
2.44323730E+07,-9.93654E+01
2.44354248E+07,-1.04005E+02
2.44384766E+07,-9.94454E+01
2.44415283E+07,-1.01025E+02
2.44445801E+07,-9.96654E+01
2.44476318E+07,-9.81654E+01
2.44506836E+07,-9.93854E+01
2.44537354E+07,-9.49654E+01
2.44567871E+07,-1.00545E+02
2.44598389E+07,-9.75454E+01
2.44628906E+07,-9.40854E+01
2.44659424E+07,-1.00265E+02
2.44689941E+07,-1.07005E+02
2.44720459E+07,-1.12285E+02
2.44750977E+07,-9.73054E+01
2.44781494E+07,-9.89654E+01
2.44812012E+07,-1.06985E+02
2.44842529E+07,-9.58454E+01
2.44873047E+07,-9.43454E+01
2.44903564E+07,-1.09445E+02
2.44934082E+07,-1.05025E+02
2.44964600E+07,-1.11525E+02
2.44995117E+07,-1.00885E+02
2.45025635E+07,-1.01205E+02
2.45056152E+07,-9.68054E+01
2.45086670E+07,-9.60254E+01
2.45117188E+07,-1.02425E+02
2.45147705E+07,-9.94454E+01
2.45178223E+07,-1.04525E+02
2.45208740E+07,-9.75454E+01
2.45239258E+07,-9.50654E+01
2.45269775E+07,-1.04705E+02
2.45300293E+07,-1.12645E+02
2.45330811E+07,-1.02965E+02
2.45361328E+07,-9.58654E+01
2.45391846E+07,-9.59054E+01
2.45422363E+07,-1.04825E+02
2.45452881E+07,-1.07685E+02
2.45483398E+07,-1.23665E+02
2.45513916E+07,-9.90854E+01
2.45544434E+07,-9.53854E+01
2.45574951E+07,-9.51854E+01
2.45605469E+07,-1.05065E+02
2.45635986E+07,-1.10185E+02
2.45666504E+07,-9.89054E+01
2.45697021E+07,-9.57654E+01
2.45727539E+07,-9.40454E+01
2.45758057E+07,-1.09765E+02
2.45788574E+07,-9.73454E+01
2.45819092E+07,-9.89254E+01
2.45849609E+07,-1.05765E+02
2.45880127E+07,-9.93654E+01
2.45910645E+07,-1.04765E+02
2.45941162E+07,-1.06965E+02
2.45971680E+07,-1.13965E+02
2.46002197E+07,-1.00045E+02
2.46032715E+07,-1.06345E+02
2.46063232E+07,-1.14925E+02
2.46093750E+07,-1.28785E+02
2.46124268E+07,-1.13845E+02
2.46154785E+07,-1.04925E+02
2.46185303E+07,-1.28145E+02
2.46215820E+07,-1.06885E+02
2.46246338E+07,-1.07545E+02
2.46276855E+07,-1.01905E+02
2.46307373E+07,-1.03885E+02
2.46337891E+07,-9.89854E+01
2.46368408E+07,-1.09125E+02
2.46398926E+07,-9.93254E+01
2.46429443E+07,-1.01525E+02
2.46459961E+07,-1.06805E+02
2.46490479E+07,-1.06125E+02
2.46520996E+07,-9.79254E+01
2.46551514E+07,-1.03625E+02
2.46582031E+07,-1.07185E+02
2.46612549E+07,-1.02805E+02
2.46643066E+07,-9.75254E+01
2.46673584E+07,-1.13165E+02
2.46704102E+07,-9.92854E+01
2.46734619E+07,-1.01805E+02
2.46765137E+07,-1.06545E+02
2.46795654E+07,-1.08405E+02
2.46826172E+07,-9.95254E+01
2.46856689E+07,-9.87254E+01
2.46887207E+07,-1.09745E+02
2.46917725E+07,-1.07285E+02
2.46948242E+07,-9.64654E+01
2.46978760E+07,-9.85654E+01
2.47009277E+07,-1.06465E+02
2.47039795E+07,-1.15765E+02
2.47070312E+07,-1.00985E+02
2.47100830E+07,-9.24854E+01
2.47131348E+07,-9.08454E+01
2.47161865E+07,-9.40054E+01
2.47192383E+07,-9.91254E+01
2.47222900E+07,-9.80054E+01
2.47253418E+07,-9.49454E+01
2.47283936E+07,-1.06185E+02
2.47314453E+07,-9.77254E+01
2.47344971E+07,-9.50454E+01
2.47375488E+07,-9.81454E+01
2.47406006E+07,-1.01085E+02
2.47436523E+07,-9.96854E+01
2.47467041E+07,-9.72854E+01
2.47497559E+07,-1.04045E+02
2.47528076E+07,-1.08945E+02
2.47558594E+07,-9.89454E+01
2.47589111E+07,-9.71454E+01
2.47619629E+07,-1.06085E+02
2.47650146E+07,-1.06385E+02
2.47680664E+07,-1.04225E+02
2.47711182E+07,-1.04585E+02
2.47741699E+07,-9.87854E+01
2.47772217E+07,-9.85854E+01
2.47802734E+07,-1.01025E+02
2.47833252E+07,-1.01025E+02
2.47863770E+07,-9.82654E+01
2.47894287E+07,-1.06685E+02
2.47924805E+07,-1.09445E+02
2.47955322E+07,-9.77854E+01
2.47985840E+07,-9.74454E+01
2.48016357E+07,-1.01745E+02
2.48046875E+07,-1.00945E+02
2.48077393E+07,-9.76054E+01
2.48107910E+07,-9.61654E+01
2.48138428E+07,-9.62654E+01
2.48168945E+07,-9.72854E+01
2.48199463E+07,-1.00205E+02
2.48229980E+07,-1.00585E+02
2.48260498E+07,-1.17165E+02
2.48291016E+07,-1.10425E+02
2.48321533E+07,-9.57454E+01
2.48352051E+07,-9.96654E+01
2.48382568E+07,-1.02245E+02
2.48413086E+07,-1.09665E+02
2.48443604E+07,-9.71654E+01
2.48474121E+07,-9.75254E+01
2.48504639E+07,-1.01445E+02
2.48535156E+07,-1.10765E+02
2.48565674E+07,-1.00225E+02
2.48596191E+07,-1.03305E+02
2.48626709E+07,-1.01705E+02
2.48657227E+07,-9.55054E+01
2.48687744E+07,-9.48454E+01
2.48718262E+07,-9.61854E+01
2.48748779E+07,-1.06285E+02
2.48779297E+07,-1.01945E+02
2.48809814E+07,-1.03705E+02
2.48840332E+07,-1.02825E+02
2.48870850E+07,-1.02865E+02
2.48901367E+07,-1.11065E+02
2.48931885E+07,-1.10025E+02
2.48962402E+07,-1.17605E+02
2.48992920E+07,-1.02325E+02
2.49023438E+07,-9.92054E+01
2.49053955E+07,-1.05185E+02
2.49084473E+07,-1.08045E+02
2.49114990E+07,-1.04645E+02
2.49145508E+07,-9.35054E+01
2.49176025E+07,-9.28654E+01
2.49206543E+07,-9.84054E+01
2.49237061E+07,-9.48654E+01
2.49267578E+07,-9.40854E+01
2.49298096E+07,-9.92054E+01
2.49328613E+07,-9.93054E+01
2.49359131E+07,-9.56054E+01
2.49389648E+07,-9.33654E+01
2.49420166E+07,-9.93854E+01
2.49450684E+07,-1.04525E+02
2.49481201E+07,-1.00725E+02
2.49511719E+07,-9.76254E+01
2.49542236E+07,-9.72254E+01
2.49572754E+07,-1.01825E+02
2.49603271E+07,-1.09325E+02
2.49633789E+07,-1.01545E+02
2.49664307E+07,-1.09205E+02
2.49694824E+07,-9.73854E+01
2.49725342E+07,-9.67654E+01
2.49755859E+07,-1.01385E+02
2.49786377E+07,-1.05665E+02
2.49816895E+07,-1.14265E+02
2.49847412E+07,-1.06685E+02
2.49877930E+07,-9.68854E+01
2.49908447E+07,-9.50454E+01
2.49938965E+07,-1.08625E+02
2.49969482E+07,-9.60854E+01
2.50000000E+07,-9.06654E+01
2.50030518E+07,-9.17654E+01
2.50061035E+07,-9.62854E+01
2.50091553E+07,-1.04645E+02
2.50122070E+07,-1.01705E+02
2.50152588E+07,-1.10625E+02
2.50183105E+07,-9.53254E+01
2.50213623E+07,-9.29054E+01
2.50244141E+07,-9.54454E+01
2.50274658E+07,-9.39254E+01
2.50305176E+07,-1.00845E+02
2.50335693E+07,-1.14305E+02
2.50366211E+07,-1.04385E+02
2.50396729E+07,-1.17585E+02
2.50427246E+07,-9.81854E+01
2.50457764E+07,-9.31854E+01
2.50488281E+07,-9.31854E+01
2.50518799E+07,-9.46854E+01
2.50549316E+07,-9.12854E+01
2.50579834E+07,-9.21654E+01
2.50610352E+07,-9.54454E+01
2.50640869E+07,-9.73854E+01
2.50671387E+07,-1.04605E+02
2.50701904E+07,-1.04405E+02
2.50732422E+07,-9.25254E+01
2.50762939E+07,-9.16454E+01
2.50793457E+07,-8.95454E+01
2.50823975E+07,-9.01054E+01
2.50854492E+07,-9.49054E+01
2.50885010E+07,-1.07545E+02
2.50915527E+07,-1.02045E+02
2.50946045E+07,-9.86854E+01
2.50976562E+07,-9.57654E+01
2.51007080E+07,-1.01585E+02
2.51037598E+07,-1.05925E+02
2.51068115E+07,-9.55254E+01
2.51098633E+07,-8.88454E+01
2.51129150E+07,-8.98854E+01
2.51159668E+07,-1.01985E+02
2.51190186E+07,-9.64254E+01
2.51220703E+07,-9.79454E+01
2.51251221E+07,-1.00405E+02
2.51281738E+07,-9.68454E+01
2.51312256E+07,-9.84854E+01
2.51342773E+07,-9.39654E+01
2.51373291E+07,-9.67854E+01
2.51403809E+07,-9.20054E+01
2.51434326E+07,-9.17854E+01
2.51464844E+07,-9.10254E+01
2.51495361E+07,-9.70654E+01
2.51525879E+07,-9.79654E+01
2.51556396E+07,-1.05065E+02
2.51586914E+07,-9.34654E+01
2.51617432E+07,-9.13654E+01
2.51647949E+07,-9.24254E+01
2.51678467E+07,-9.41454E+01
2.51708984E+07,-9.94054E+01
2.51739502E+07,-9.25254E+01
2.51770020E+07,-9.58854E+01
2.51800537E+07,-9.65454E+01
2.51831055E+07,-9.95054E+01
2.51861572E+07,-1.00065E+02
2.51892090E+07,-9.76454E+01
2.51922607E+07,-9.54454E+01
2.51953125E+07,-9.69054E+01
2.51983643E+07,-9.79054E+01
2.52014160E+07,-1.05945E+02
2.52044678E+07,-1.02165E+02
2.52075195E+07,-1.03445E+02
2.52105713E+07,-1.03065E+02
2.52136230E+07,-9.78254E+01
2.52166748E+07,-1.00845E+02
2.52197266E+07,-9.86454E+01
2.52227783E+07,-1.08365E+02
2.52258301E+07,-9.73254E+01
2.52288818E+07,-9.45054E+01
2.52319336E+07,-9.87654E+01
2.52349854E+07,-1.01185E+02
2.52380371E+07,-1.02825E+02
2.52410889E+07,-9.37054E+01
2.52441406E+07,-9.79054E+01
2.52471924E+07,-1.04005E+02
2.52502441E+07,-1.05165E+02
2.52532959E+07,-1.00165E+02
2.52563477E+07,-9.69454E+01
2.52593994E+07,-9.70654E+01
2.52624512E+07,-1.01625E+02
2.52655029E+07,-1.07025E+02
2.52685547E+07,-1.05305E+02
2.52716064E+07,-1.07085E+02
2.52746582E+07,-9.72654E+01
2.52777100E+07,-1.04405E+02
2.52807617E+07,-1.01385E+02
2.52838135E+07,-1.00885E+02
2.52868652E+07,-1.01865E+02
2.52899170E+07,-1.03465E+02
2.52929688E+07,-9.67454E+01
2.52960205E+07,-1.00305E+02
2.52990723E+07,-1.01125E+02
2.53021240E+07,-1.06385E+02
2.53051758E+07,-1.23125E+02
2.53082275E+07,-1.09665E+02
2.53112793E+07,-1.16245E+02
2.53143311E+07,-1.01745E+02
2.53173828E+07,-1.10385E+02
2.53204346E+07,-9.67854E+01
2.53234863E+07,-1.02805E+02
2.53265381E+07,-1.06585E+02
2.53295898E+07,-1.12365E+02
2.53326416E+07,-9.82654E+01
2.53356934E+07,-9.62854E+01
2.53387451E+07,-9.73254E+01
2.53417969E+07,-9.71654E+01
2.53448486E+07,-9.68254E+01
2.53479004E+07,-9.55054E+01
2.53509521E+07,-9.77454E+01
2.53540039E+07,-1.05505E+02
2.53570557E+07,-1.02985E+02
2.53601074E+07,-9.67054E+01
2.53631592E+07,-9.45454E+01
2.53662109E+07,-9.79254E+01
2.53692627E+07,-1.02145E+02
2.53723145E+07,-9.43454E+01
2.53753662E+07,-9.25854E+01
2.53784180E+07,-9.94854E+01
2.53814697E+07,-1.27605E+02
2.53845215E+07,-1.11705E+02
2.53875732E+07,-1.00405E+02
2.53906250E+07,-9.68854E+01
2.53936768E+07,-1.04325E+02
2.53967285E+07,-1.03225E+02
2.53997803E+07,-1.04705E+02
2.54028320E+07,-1.06245E+02
2.54058838E+07,-1.00645E+02
2.54089355E+07,-9.63854E+01
2.54119873E+07,-9.80854E+01
2.54150391E+07,-9.94854E+01
2.54180908E+07,-9.81654E+01
2.54211426E+07,-9.85654E+01
2.54241943E+07,-9.58454E+01
2.54272461E+07,-9.67454E+01
2.54302979E+07,-1.00125E+02
2.54333496E+07,-1.00905E+02
2.54364014E+07,-1.03405E+02
2.54394531E+07,-1.04085E+02
2.54425049E+07,-1.01245E+02
2.54455566E+07,-1.13965E+02
2.54486084E+07,-9.99054E+01
2.54516602E+07,-9.73854E+01
2.54547119E+07,-1.03445E+02
2.54577637E+07,-1.10365E+02
2.54608154E+07,-9.86254E+01
2.54638672E+07,-9.66454E+01
2.54669189E+07,-1.31885E+02
2.54699707E+07,-1.00005E+02
2.54730225E+07,-1.03845E+02
2.54760742E+07,-1.05265E+02
2.54791260E+07,-1.04885E+02
2.54821777E+07,-1.02745E+02
2.54852295E+07,-9.68454E+01
2.54882812E+07,-1.02125E+02
2.54913330E+07,-1.02485E+02
2.54943848E+07,-1.07105E+02
2.54974365E+07,-9.92254E+01
2.55004883E+07,-9.07054E+01
2.55035400E+07,-8.89854E+01
2.55065918E+07,-9.87654E+01
2.55096436E+07,-9.78054E+01
2.55126953E+07,-9.69254E+01
2.55157471E+07,-9.61454E+01
2.55187988E+07,-9.74654E+01
2.55218506E+07,-9.96854E+01
2.55249023E+07,-1.09945E+02
2.55279541E+07,-1.10565E+02
2.55310059E+07,-9.77254E+01
2.55340576E+07,-9.48254E+01
2.55371094E+07,-9.54454E+01
2.55401611E+07,-9.85854E+01
2.55432129E+07,-1.00605E+02
2.55462646E+07,-1.08545E+02
2.55493164E+07,-9.77854E+01
2.55523682E+07,-9.97254E+01
2.55554199E+07,-1.04505E+02
2.55584717E+07,-9.91654E+01
2.55615234E+07,-1.12625E+02
2.55645752E+07,-9.93454E+01
2.55676270E+07,-9.65654E+01
2.55706787E+07,-9.47854E+01
2.55737305E+07,-9.95854E+01
2.55767822E+07,-1.19445E+02
2.55798340E+07,-1.12525E+02
2.55828857E+07,-1.03705E+02
2.55859375E+07,-9.91654E+01
2.55889893E+07,-1.00005E+02
2.55920410E+07,-1.02705E+02
2.55950928E+07,-1.19605E+02
2.55981445E+07,-9.67054E+01
2.56011963E+07,-9.54054E+01
2.56042480E+07,-1.00385E+02
2.56072998E+07,-1.10865E+02
2.56103516E+07,-1.00225E+02
2.56134033E+07,-1.01645E+02
2.56164551E+07,-1.04185E+02
2.56195068E+07,-1.01765E+02
2.56225586E+07,-1.02425E+02
2.56256104E+07,-1.04525E+02
2.56286621E+07,-1.08865E+02
2.56317139E+07,-1.03505E+02
2.56347656E+07,-9.61054E+01
2.56378174E+07,-9.70054E+01
2.56408691E+07,-1.19885E+02
2.56439209E+07,-1.00545E+02
2.56469727E+07,-9.72854E+01
2.56500244E+07,-9.89454E+01
2.56530762E+07,-1.01285E+02
2.56561279E+07,-9.96054E+01
2.56591797E+07,-1.05125E+02
2.56622314E+07,-1.06705E+02
2.56652832E+07,-1.03625E+02
2.56683350E+07,-9.57654E+01
2.56713867E+07,-9.71254E+01
2.56744385E+07,-9.82654E+01
2.56774902E+07,-9.94254E+01
2.56805420E+07,-9.36654E+01
2.56835938E+07,-9.33254E+01
2.56866455E+07,-1.03305E+02
2.56896973E+07,-1.13365E+02
2.56927490E+07,-1.05465E+02
2.56958008E+07,-1.12285E+02
2.56988525E+07,-9.89854E+01
2.57019043E+07,-9.75854E+01
2.57049561E+07,-9.97654E+01
2.57080078E+07,-1.06645E+02
2.57110596E+07,-1.10525E+02
2.57141113E+07,-1.03125E+02
2.57171631E+07,-1.01945E+02
2.57202148E+07,-9.97854E+01
2.57232666E+07,-9.84054E+01
2.57263184E+07,-1.05265E+02
2.57293701E+07,-1.00205E+02
2.57324219E+07,-9.46854E+01
2.57354736E+07,-9.72254E+01
2.57385254E+07,-1.07605E+02
2.57415771E+07,-9.93454E+01
2.57446289E+07,-9.77254E+01
2.57476807E+07,-9.50054E+01
2.57507324E+07,-9.99654E+01
2.57537842E+07,-9.77454E+01
2.57568359E+07,-9.95654E+01
2.57598877E+07,-9.94454E+01
2.57629395E+07,-9.60654E+01
2.57659912E+07,-9.64454E+01
2.57690430E+07,-1.18945E+02
2.57720947E+07,-9.98454E+01
2.57751465E+07,-1.02325E+02
2.57781982E+07,-1.00765E+02
2.57812500E+07,-1.01785E+02
2.57843018E+07,-1.14945E+02
2.57873535E+07,-9.69854E+01
2.57904053E+07,-9.67654E+01
2.57934570E+07,-9.34654E+01
2.57965088E+07,-9.20054E+01
2.57995605E+07,-1.00725E+02
2.58026123E+07,-9.59454E+01
2.58056641E+07,-1.03625E+02
2.58087158E+07,-1.14005E+02
2.58117676E+07,-1.02225E+02
2.58148193E+07,-9.86454E+01
2.58178711E+07,-9.86254E+01
2.58209229E+07,-1.02145E+02
2.58239746E+07,-9.87654E+01
2.58270264E+07,-1.16905E+02
2.58300781E+07,-1.06705E+02
2.58331299E+07,-1.09865E+02
2.58361816E+07,-1.01765E+02
2.58392334E+07,-1.01365E+02
2.58422852E+07,-1.01025E+02
2.58453369E+07,-1.00945E+02
2.58483887E+07,-1.01885E+02
2.58514404E+07,-1.00545E+02
2.58544922E+07,-1.12505E+02
2.58575439E+07,-1.00785E+02
2.58605957E+07,-1.11325E+02
2.58636475E+07,-1.04545E+02
2.58666992E+07,-1.09345E+02
2.58697510E+07,-9.78254E+01
2.58728027E+07,-9.67654E+01
2.58758545E+07,-9.74454E+01
2.58789062E+07,-1.05185E+02
2.58819580E+07,-1.05925E+02
2.58850098E+07,-1.05785E+02
2.58880615E+07,-1.14345E+02
2.58911133E+07,-1.02805E+02
2.58941650E+07,-9.93254E+01
2.58972168E+07,-1.00985E+02
2.59002686E+07,-9.91654E+01
2.59033203E+07,-1.00625E+02
2.59063721E+07,-1.07825E+02
2.59094238E+07,-1.07765E+02
2.59124756E+07,-1.08285E+02
2.59155273E+07,-1.08765E+02
2.59185791E+07,-1.03965E+02
2.59216309E+07,-1.06125E+02
2.59246826E+07,-1.07285E+02
2.59277344E+07,-1.05525E+02
2.59307861E+07,-1.03265E+02
2.59338379E+07,-1.08465E+02
2.59368896E+07,-1.09285E+02
2.59399414E+07,-1.11385E+02
2.59429932E+07,-9.97854E+01
2.59460449E+07,-1.01905E+02
2.59490967E+07,-1.14645E+02
2.59521484E+07,-1.04225E+02
2.59552002E+07,-9.91654E+01
2.59582520E+07,-1.01965E+02
2.59613037E+07,-1.00285E+02
2.59643555E+07,-9.55054E+01
2.59674072E+07,-1.01745E+02
2.59704590E+07,-1.08845E+02
2.59735107E+07,-9.95854E+01
2.59765625E+07,-9.78654E+01
2.59796143E+07,-1.04345E+02
2.59826660E+07,-9.90054E+01
2.59857178E+07,-9.52254E+01
2.59887695E+07,-9.38854E+01
2.59918213E+07,-9.36254E+01
2.59948730E+07,-9.53854E+01
2.59979248E+07,-1.00985E+02
2.60009766E+07,-1.18585E+02
2.60040283E+07,-9.81854E+01
2.60070801E+07,-1.01145E+02
2.60101318E+07,-1.08905E+02
2.60131836E+07,-1.03325E+02
2.60162354E+07,-1.02585E+02
2.60192871E+07,-9.59854E+01
2.60223389E+07,-1.01045E+02
2.60253906E+07,-9.94854E+01
2.60284424E+07,-9.96054E+01
2.60314941E+07,-1.09325E+02
2.60345459E+07,-1.01685E+02
2.60375977E+07,-9.52854E+01
2.60406494E+07,-9.42254E+01
2.60437012E+07,-9.51854E+01
2.60467529E+07,-9.72654E+01
2.60498047E+07,-1.03085E+02
2.60528564E+07,-1.02065E+02
2.60559082E+07,-1.13545E+02
2.60589600E+07,-1.01405E+02
2.60620117E+07,-1.01425E+02
2.60650635E+07,-1.05945E+02
2.60681152E+07,-1.02865E+02
2.60711670E+07,-9.87054E+01
2.60742188E+07,-1.08745E+02
2.60772705E+07,-1.03445E+02
2.60803223E+07,-1.03665E+02
2.60833740E+07,-1.10765E+02
2.60864258E+07,-1.01225E+02
2.60894775E+07,-1.02165E+02
2.60925293E+07,-9.79454E+01
2.60955811E+07,-9.44054E+01
2.60986328E+07,-1.02305E+02
2.61016846E+07,-9.87454E+01
2.61047363E+07,-9.75854E+01
2.61077881E+07,-9.88654E+01
2.61108398E+07,-1.23085E+02
2.61138916E+07,-9.88854E+01
2.61169434E+07,-9.54454E+01
2.61199951E+07,-9.73654E+01
2.61230469E+07,-1.01105E+02
2.61260986E+07,-9.66654E+01
2.61291504E+07,-9.83054E+01
2.61322021E+07,-1.17525E+02
2.61352539E+07,-1.03665E+02
2.61383057E+07,-1.02225E+02
2.61413574E+07,-9.92454E+01
2.61444092E+07,-1.03265E+02
2.61474609E+07,-1.08305E+02
2.61505127E+07,-1.01685E+02
2.61535645E+07,-1.00145E+02
2.61566162E+07,-1.01965E+02
2.61596680E+07,-1.00225E+02
2.61627197E+07,-1.06165E+02
2.61657715E+07,-1.03725E+02
2.61688232E+07,-1.03065E+02
2.61718750E+07,-1.08725E+02
2.61749268E+07,-1.06365E+02
2.61779785E+07,-1.00385E+02
2.61810303E+07,-1.02225E+02
2.61840820E+07,-1.12085E+02
2.61871338E+07,-1.01125E+02
2.61901855E+07,-9.98654E+01
2.61932373E+07,-1.04785E+02
2.61962891E+07,-9.71054E+01
2.61993408E+07,-9.71254E+01
2.62023926E+07,-9.41454E+01
2.62054443E+07,-9.59854E+01
2.62084961E+07,-9.96054E+01
2.62115479E+07,-1.12965E+02
2.62145996E+07,-9.91654E+01
2.62176514E+07,-9.93454E+01
2.62207031E+07,-1.08705E+02
2.62237549E+07,-1.04785E+02
2.62268066E+07,-1.08765E+02
2.62298584E+07,-1.07565E+02
2.62329102E+07,-1.06325E+02
2.62359619E+07,-1.00185E+02
2.62390137E+07,-1.04185E+02
2.62420654E+07,-1.07605E+02
2.62451172E+07,-9.81454E+01
2.62481689E+07,-9.77454E+01
2.62512207E+07,-1.02165E+02
2.62542725E+07,-1.00985E+02
2.62573242E+07,-1.02905E+02
2.62603760E+07,-1.00145E+02
2.62634277E+07,-1.09545E+02
2.62664795E+07,-9.47054E+01
2.62695312E+07,-9.24854E+01
2.62725830E+07,-1.03505E+02
2.62756348E+07,-9.41854E+01
2.62786865E+07,-9.35454E+01
2.62817383E+07,-9.84454E+01
2.62847900E+07,-1.06805E+02
2.62878418E+07,-9.96054E+01
2.62908936E+07,-9.64454E+01
2.62939453E+07,-9.75454E+01
2.62969971E+07,-9.75654E+01
2.63000488E+07,-9.79054E+01
2.63031006E+07,-1.09865E+02
2.63061523E+07,-1.03405E+02
2.63092041E+07,-1.03225E+02
2.63122559E+07,-9.85254E+01
2.63153076E+07,-9.58854E+01
2.63183594E+07,-9.38054E+01
2.63214111E+07,-9.30654E+01
2.63244629E+07,-9.34454E+01
2.63275146E+07,-9.94254E+01
2.63305664E+07,-9.81654E+01
2.63336182E+07,-9.96254E+01
2.63366699E+07,-9.84054E+01
2.63397217E+07,-1.05405E+02
2.63427734E+07,-1.11305E+02
2.63458252E+07,-1.02125E+02
2.63488770E+07,-1.02625E+02
2.63519287E+07,-1.00425E+02
2.63549805E+07,-9.50454E+01
2.63580322E+07,-1.03025E+02
2.63610840E+07,-1.06645E+02
2.63641357E+07,-1.01905E+02
2.63671875E+07,-9.82254E+01
2.63702393E+07,-9.46654E+01
2.63732910E+07,-9.98254E+01
2.63763428E+07,-9.62654E+01
2.63793945E+07,-9.71054E+01
2.63824463E+07,-9.91054E+01
2.63854980E+07,-1.06325E+02
2.63885498E+07,-1.12905E+02
2.63916016E+07,-1.01905E+02
2.63946533E+07,-9.85054E+01
2.63977051E+07,-9.68454E+01
2.64007568E+07,-9.73454E+01
2.64038086E+07,-9.87454E+01
2.64068604E+07,-1.04485E+02
2.64099121E+07,-9.73654E+01
2.64129639E+07,-9.59654E+01
2.64160156E+07,-9.71054E+01
2.64190674E+07,-1.04765E+02
2.64221191E+07,-9.85854E+01
2.64251709E+07,-1.03765E+02
2.64282227E+07,-9.35854E+01
2.64312744E+07,-9.19854E+01
2.64343262E+07,-9.23854E+01
2.64373779E+07,-9.35454E+01
2.64404297E+07,-1.00425E+02
2.64434814E+07,-9.84854E+01
2.64465332E+07,-9.57454E+01
2.64495850E+07,-1.04865E+02
2.64526367E+07,-1.01325E+02
2.64556885E+07,-1.02165E+02
2.64587402E+07,-1.00785E+02
2.64617920E+07,-1.00465E+02
2.64648438E+07,-1.02525E+02
2.64678955E+07,-1.05325E+02
2.64709473E+07,-9.75054E+01
2.64739990E+07,-9.67854E+01
2.64770508E+07,-1.06305E+02
2.64801025E+07,-1.02325E+02
2.64831543E+07,-9.61654E+01
2.64862061E+07,-9.35454E+01
2.64892578E+07,-9.49454E+01
2.64923096E+07,-9.52054E+01
2.64953613E+07,-1.02245E+02
2.64984131E+07,-1.02865E+02
2.65014648E+07,-9.60454E+01
2.65045166E+07,-9.55454E+01
2.65075684E+07,-9.65054E+01
2.65106201E+07,-9.57054E+01
2.65136719E+07,-9.62454E+01
2.65167236E+07,-1.04005E+02
2.65197754E+07,-1.00825E+02
2.65228271E+07,-1.03365E+02
2.65258789E+07,-1.02505E+02
2.65289307E+07,-1.00025E+02
2.65319824E+07,-1.00105E+02
2.65350342E+07,-1.12625E+02
2.65380859E+07,-9.89054E+01
2.65411377E+07,-9.58854E+01
2.65441895E+07,-9.94054E+01
2.65472412E+07,-1.03445E+02
2.65502930E+07,-1.04965E+02
2.65533447E+07,-1.10645E+02
2.65563965E+07,-1.04765E+02
2.65594482E+07,-1.02145E+02
2.65625000E+07,-1.02985E+02
2.65655518E+07,-9.72854E+01
2.65686035E+07,-9.48654E+01
2.65716553E+07,-9.67454E+01
2.65747070E+07,-1.03305E+02
2.65777588E+07,-1.02385E+02
2.65808105E+07,-9.64454E+01
2.65838623E+07,-9.51254E+01
2.65869141E+07,-9.63654E+01
2.65899658E+07,-9.64454E+01
2.65930176E+07,-9.43454E+01
2.65960693E+07,-9.47054E+01
2.65991211E+07,-1.00185E+02
2.66021729E+07,-1.05205E+02
2.66052246E+07,-9.72054E+01
2.66082764E+07,-9.39254E+01
2.66113281E+07,-9.67854E+01
2.66143799E+07,-1.01425E+02
2.66174316E+07,-9.77654E+01
2.66204834E+07,-1.02245E+02
2.66235352E+07,-1.01805E+02
2.66265869E+07,-9.77654E+01
2.66296387E+07,-1.01765E+02
2.66326904E+07,-1.06445E+02
2.66357422E+07,-9.82254E+01
2.66387939E+07,-9.01854E+01
2.66418457E+07,-9.07454E+01
2.66448975E+07,-9.98854E+01
2.66479492E+07,-1.00985E+02
2.66510010E+07,-9.93854E+01
2.66540527E+07,-1.08345E+02
2.66571045E+07,-1.01065E+02
2.66601562E+07,-1.04005E+02
2.66632080E+07,-1.02745E+02
2.66662598E+07,-1.02445E+02
2.66693115E+07,-9.71854E+01
2.66723633E+07,-9.25054E+01
2.66754150E+07,-9.60854E+01
2.66784668E+07,-9.98854E+01
2.66815186E+07,-1.00005E+02
2.66845703E+07,-1.12045E+02
2.66876221E+07,-1.11065E+02
2.66906738E+07,-1.00145E+02
2.66937256E+07,-1.03365E+02
2.66967773E+07,-1.07565E+02
2.66998291E+07,-1.06945E+02
2.67028809E+07,-1.01365E+02
2.67059326E+07,-1.01345E+02
2.67089844E+07,-9.83654E+01
2.67120361E+07,-9.63854E+01
2.67150879E+07,-1.07445E+02
2.67181396E+07,-9.41854E+01
2.67211914E+07,-9.55454E+01
2.67242432E+07,-1.03765E+02
2.67272949E+07,-1.06285E+02
2.67303467E+07,-1.00545E+02
2.67333984E+07,-9.52254E+01
2.67364502E+07,-9.40854E+01
2.67395020E+07,-9.97854E+01
2.67425537E+07,-9.99854E+01
2.67456055E+07,-9.59854E+01
2.67486572E+07,-9.20454E+01
2.67517090E+07,-9.52254E+01
2.67547607E+07,-9.37254E+01
2.67578125E+07,-9.45254E+01
2.67608643E+07,-1.01085E+02
2.67639160E+07,-1.03885E+02
2.67669678E+07,-1.00965E+02
2.67700195E+07,-1.01305E+02
2.67730713E+07,-9.88654E+01
2.67761230E+07,-9.88054E+01
2.67791748E+07,-9.88854E+01
2.67822266E+07,-9.48054E+01
2.67852783E+07,-9.66654E+01
2.67883301E+07,-1.04845E+02
2.67913818E+07,-1.00345E+02
2.67944336E+07,-1.01525E+02
2.67974854E+07,-1.03085E+02
2.68005371E+07,-9.80454E+01
2.68035889E+07,-9.50854E+01
2.68066406E+07,-9.81854E+01
2.68096924E+07,-1.02685E+02
2.68127441E+07,-1.07925E+02
2.68157959E+07,-9.45254E+01
2.68188477E+07,-9.30654E+01
2.68218994E+07,-9.48654E+01
2.68249512E+07,-9.66454E+01
2.68280029E+07,-1.01965E+02
2.68310547E+07,-1.07165E+02
2.68341064E+07,-1.03805E+02
2.68371582E+07,-1.05665E+02
2.68402100E+07,-1.01985E+02
2.68432617E+07,-1.05025E+02
2.68463135E+07,-1.01545E+02
2.68493652E+07,-9.76654E+01
2.68524170E+07,-9.80654E+01
2.68554688E+07,-9.36254E+01
2.68585205E+07,-9.23854E+01
2.68615723E+07,-9.90254E+01
2.68646240E+07,-1.01385E+02
2.68676758E+07,-9.65254E+01
2.68707275E+07,-1.04085E+02
2.68737793E+07,-1.03725E+02
2.68768311E+07,-1.01085E+02
2.68798828E+07,-9.49854E+01
2.68829346E+07,-9.42654E+01
2.68859863E+07,-9.85654E+01
2.68890381E+07,-9.71254E+01
2.68920898E+07,-9.92054E+01
2.68951416E+07,-1.05305E+02
2.68981934E+07,-1.04365E+02
2.69012451E+07,-1.20405E+02
2.69042969E+07,-1.00525E+02
2.69073486E+07,-9.46654E+01
2.69104004E+07,-9.44854E+01
2.69134521E+07,-1.00825E+02
2.69165039E+07,-1.01825E+02
2.69195557E+07,-9.72454E+01
2.69226074E+07,-1.01365E+02
2.69256592E+07,-1.06325E+02
2.69287109E+07,-1.00965E+02
2.69317627E+07,-1.01145E+02
2.69348145E+07,-9.78054E+01
2.69378662E+07,-9.78054E+01
2.69409180E+07,-9.74854E+01
2.69439697E+07,-1.00705E+02
2.69470215E+07,-1.08245E+02
2.69500732E+07,-1.03305E+02
2.69531250E+07,-9.72854E+01
2.69561768E+07,-9.62654E+01
2.69592285E+07,-1.03545E+02
2.69622803E+07,-1.08285E+02
2.69653320E+07,-1.10525E+02
2.69683838E+07,-9.85854E+01
2.69714355E+07,-9.92854E+01
2.69744873E+07,-1.08925E+02
2.69775391E+07,-1.08665E+02
2.69805908E+07,-1.03705E+02
2.69836426E+07,-1.08025E+02
2.69866943E+07,-1.07085E+02
2.69897461E+07,-1.01705E+02
2.69927979E+07,-9.74054E+01
2.69958496E+07,-9.67254E+01
2.69989014E+07,-9.84254E+01
2.70019531E+07,-9.92054E+01
2.70050049E+07,-1.01645E+02
2.70080566E+07,-1.10745E+02
2.70111084E+07,-9.87054E+01
2.70141602E+07,-1.06245E+02
2.70172119E+07,-1.02325E+02
2.70202637E+07,-9.46854E+01
2.70233154E+07,-9.16654E+01
2.70263672E+07,-9.53454E+01
2.70294189E+07,-1.00585E+02
2.70324707E+07,-1.03505E+02
2.70355225E+07,-1.05725E+02
2.70385742E+07,-1.03665E+02
2.70416260E+07,-9.66454E+01
2.70446777E+07,-9.80254E+01
2.70477295E+07,-1.04305E+02
2.70507812E+07,-9.64254E+01
2.70538330E+07,-9.77654E+01
2.70568848E+07,-1.11285E+02
2.70599365E+07,-1.05045E+02
2.70629883E+07,-1.01065E+02
2.70660400E+07,-1.06205E+02
2.70690918E+07,-1.00965E+02
2.70721436E+07,-9.94254E+01
2.70751953E+07,-1.06345E+02
2.70782471E+07,-1.05965E+02
2.70812988E+07,-1.01065E+02
2.70843506E+07,-9.99254E+01
2.70874023E+07,-1.04985E+02
2.70904541E+07,-1.03925E+02
2.70935059E+07,-1.02985E+02
2.70965576E+07,-1.06305E+02
2.70996094E+07,-1.10385E+02
2.71026611E+07,-1.09065E+02
2.71057129E+07,-1.17165E+02
2.71087646E+07,-1.22305E+02
2.71118164E+07,-1.06745E+02
2.71148682E+07,-9.45854E+01
2.71179199E+07,-9.43054E+01
2.71209717E+07,-1.00005E+02
2.71240234E+07,-9.79054E+01
2.71270752E+07,-9.92654E+01
2.71301270E+07,-9.80854E+01
2.71331787E+07,-9.43854E+01
2.71362305E+07,-9.60654E+01
2.71392822E+07,-9.63254E+01
2.71423340E+07,-1.00885E+02
2.71453857E+07,-1.09585E+02
2.71484375E+07,-1.07445E+02
2.71514893E+07,-1.02645E+02
2.71545410E+07,-1.09245E+02
2.71575928E+07,-1.12065E+02
2.71606445E+07,-1.00225E+02
2.71636963E+07,-1.00665E+02
2.71667480E+07,-1.04305E+02
2.71697998E+07,-1.02805E+02
2.71728516E+07,-1.02805E+02
2.71759033E+07,-1.05725E+02
2.71789551E+07,-1.00785E+02
2.71820068E+07,-1.05385E+02
2.71850586E+07,-9.62054E+01
2.71881104E+07,-9.56054E+01
2.71911621E+07,-9.78454E+01
2.71942139E+07,-1.04225E+02
2.71972656E+07,-1.01905E+02
2.72003174E+07,-9.67054E+01
2.72033691E+07,-1.02825E+02
2.72064209E+07,-1.07405E+02
2.72094727E+07,-9.75854E+01
2.72125244E+07,-9.58054E+01
2.72155762E+07,-1.08945E+02
2.72186279E+07,-9.59654E+01
2.72216797E+07,-9.58254E+01
2.72247314E+07,-9.56254E+01
2.72277832E+07,-1.06445E+02
2.72308350E+07,-9.69454E+01
2.72338867E+07,-9.65654E+01
2.72369385E+07,-1.09825E+02
2.72399902E+07,-1.14705E+02
2.72430420E+07,-9.56854E+01
2.72460938E+07,-9.30854E+01
2.72491455E+07,-1.02905E+02
2.72521973E+07,-1.06845E+02
2.72552490E+07,-1.04925E+02
2.72583008E+07,-1.00345E+02
2.72613525E+07,-9.79054E+01
2.72644043E+07,-1.02225E+02
2.72674561E+07,-1.09865E+02
2.72705078E+07,-1.01945E+02
2.72735596E+07,-9.29254E+01
2.72766113E+07,-9.52654E+01
2.72796631E+07,-1.07005E+02
2.72827148E+07,-1.03845E+02
2.72857666E+07,-1.01505E+02
2.72888184E+07,-9.96854E+01
2.72918701E+07,-1.04845E+02
2.72949219E+07,-9.60654E+01
2.72979736E+07,-9.76254E+01
2.73010254E+07,-1.01665E+02
2.73040771E+07,-1.03965E+02
2.73071289E+07,-9.55654E+01
2.73101807E+07,-9.87654E+01
2.73132324E+07,-9.89854E+01
2.73162842E+07,-9.74054E+01
2.73193359E+07,-9.51654E+01
2.73223877E+07,-9.66454E+01
2.73254395E+07,-1.05965E+02
2.73284912E+07,-1.11165E+02
2.73315430E+07,-1.04145E+02
2.73345947E+07,-1.08165E+02
2.73376465E+07,-9.76054E+01
2.73406982E+07,-9.90054E+01
2.73437500E+07,-1.01245E+02
2.73468018E+07,-1.01405E+02
2.73498535E+07,-1.07145E+02
2.73529053E+07,-1.00945E+02
2.73559570E+07,-1.00825E+02
2.73590088E+07,-1.04425E+02
2.73620605E+07,-9.69054E+01
2.73651123E+07,-9.74854E+01
2.73681641E+07,-1.01965E+02
2.73712158E+07,-1.08585E+02
2.73742676E+07,-1.03265E+02
2.73773193E+07,-1.06185E+02
2.73803711E+07,-1.03705E+02
2.73834229E+07,-1.01165E+02
2.73864746E+07,-9.78854E+01
2.73895264E+07,-1.00785E+02
2.73925781E+07,-1.09685E+02
2.73956299E+07,-1.02525E+02
2.73986816E+07,-9.64454E+01
2.74017334E+07,-1.01625E+02
2.74047852E+07,-9.50854E+01
2.74078369E+07,-9.70854E+01
2.74108887E+07,-1.04765E+02
2.74139404E+07,-1.00265E+02
2.74169922E+07,-1.00545E+02
2.74200439E+07,-9.56254E+01
2.74230957E+07,-9.56054E+01
2.74261475E+07,-1.00805E+02
2.74291992E+07,-1.03925E+02
2.74322510E+07,-1.00585E+02
2.74353027E+07,-1.06085E+02
2.74383545E+07,-1.08785E+02
2.74414062E+07,-1.01765E+02
2.74444580E+07,-9.95454E+01
2.74475098E+07,-9.86454E+01
2.74505615E+07,-9.69254E+01
2.74536133E+07,-9.50454E+01
2.74566650E+07,-9.63854E+01
2.74597168E+07,-9.76254E+01
2.74627686E+07,-1.03185E+02
2.74658203E+07,-1.05725E+02
2.74688721E+07,-1.14965E+02
2.74719238E+07,-1.01945E+02
2.74749756E+07,-1.01665E+02
2.74780273E+07,-1.14625E+02
2.74810791E+07,-1.07885E+02
2.74841309E+07,-9.58454E+01
2.74871826E+07,-9.90454E+01
2.74902344E+07,-1.08065E+02
2.74932861E+07,-1.00465E+02
2.74963379E+07,-1.04445E+02
2.74993896E+07,-1.27705E+02
2.75024414E+07,-1.12425E+02
2.75054932E+07,-1.02005E+02
2.75085449E+07,-1.03265E+02
2.75115967E+07,-1.00885E+02
2.75146484E+07,-9.67854E+01
2.75177002E+07,-1.03965E+02
2.75207520E+07,-1.02805E+02
2.75238037E+07,-9.58054E+01
2.75268555E+07,-1.02745E+02
2.75299072E+07,-1.00245E+02
2.75329590E+07,-9.64054E+01
2.75360107E+07,-9.56054E+01
2.75390625E+07,-9.72054E+01
2.75421143E+07,-9.79454E+01
2.75451660E+07,-9.83254E+01
2.75482178E+07,-9.80654E+01
2.75512695E+07,-9.68454E+01
2.75543213E+07,-9.59054E+01
2.75573730E+07,-9.40454E+01
2.75604248E+07,-9.48854E+01
2.75634766E+07,-9.84454E+01
2.75665283E+07,-9.78654E+01
2.75695801E+07,-1.01665E+02
2.75726318E+07,-9.98654E+01
2.75756836E+07,-1.00705E+02
2.75787354E+07,-9.78654E+01
2.75817871E+07,-9.64854E+01
2.75848389E+07,-1.00785E+02
2.75878906E+07,-1.03125E+02
2.75909424E+07,-1.12865E+02
2.75939941E+07,-1.02985E+02
2.75970459E+07,-1.07845E+02
2.76000977E+07,-1.00625E+02
2.76031494E+07,-9.23854E+01
2.76062012E+07,-9.43254E+01
2.76092529E+07,-1.06005E+02
2.76123047E+07,-1.05345E+02
2.76153564E+07,-1.02205E+02
2.76184082E+07,-9.78054E+01
2.76214600E+07,-9.46454E+01
2.76245117E+07,-9.59254E+01
2.76275635E+07,-9.35454E+01
2.76306152E+07,-9.24854E+01
2.76336670E+07,-9.48654E+01
2.76367188E+07,-9.95454E+01
2.76397705E+07,-1.07765E+02
2.76428223E+07,-1.04425E+02
2.76458740E+07,-9.79454E+01
2.76489258E+07,-9.39254E+01
2.76519775E+07,-9.25854E+01
2.76550293E+07,-9.27454E+01
2.76580811E+07,-9.58854E+01
2.76611328E+07,-1.03065E+02
2.76641846E+07,-9.99854E+01
2.76672363E+07,-1.13405E+02
2.76702881E+07,-9.61254E+01
2.76733398E+07,-9.58854E+01
2.76763916E+07,-9.84654E+01
2.76794434E+07,-1.06905E+02
2.76824951E+07,-1.01965E+02
2.76855469E+07,-1.01505E+02
2.76885986E+07,-1.11745E+02
2.76916504E+07,-1.01505E+02
2.76947021E+07,-1.02685E+02
2.76977539E+07,-9.98654E+01
2.77008057E+07,-9.61854E+01
2.77038574E+07,-1.08305E+02
2.77069092E+07,-9.97854E+01
2.77099609E+07,-1.02805E+02
2.77130127E+07,-1.04545E+02
2.77160645E+07,-9.72654E+01
2.77191162E+07,-1.02245E+02
2.77221680E+07,-9.83854E+01
2.77252197E+07,-9.98854E+01
2.77282715E+07,-1.06925E+02
2.77313232E+07,-1.00125E+02
2.77343750E+07,-1.03125E+02
2.77374268E+07,-9.31254E+01
2.77404785E+07,-9.34454E+01
2.77435303E+07,-9.62054E+01
2.77465820E+07,-9.95254E+01
2.77496338E+07,-1.05405E+02
2.77526855E+07,-1.08305E+02
2.77557373E+07,-1.00405E+02
2.77587891E+07,-9.99654E+01
2.77618408E+07,-9.74854E+01
2.77648926E+07,-9.78254E+01
2.77679443E+07,-9.97254E+01
2.77709961E+07,-9.83454E+01
2.77740479E+07,-1.02965E+02
2.77770996E+07,-1.02365E+02
2.77801514E+07,-9.97854E+01
2.77832031E+07,-1.03305E+02
2.77862549E+07,-1.00345E+02
2.77893066E+07,-1.00225E+02
2.77923584E+07,-1.02705E+02
2.77954102E+07,-1.01245E+02
2.77984619E+07,-1.04225E+02
2.78015137E+07,-9.93454E+01
2.78045654E+07,-9.58854E+01
2.78076172E+07,-1.01445E+02
2.78106689E+07,-1.06605E+02
2.78137207E+07,-9.76654E+01
2.78167725E+07,-1.01085E+02
2.78198242E+07,-9.95454E+01
2.78228760E+07,-9.31654E+01
2.78259277E+07,-9.42254E+01
2.78289795E+07,-1.07345E+02
2.78320312E+07,-1.02065E+02
2.78350830E+07,-1.15505E+02
2.78381348E+07,-9.65854E+01
2.78411865E+07,-9.44254E+01
2.78442383E+07,-1.01065E+02
2.78472900E+07,-9.81254E+01
2.78503418E+07,-9.55654E+01
2.78533936E+07,-9.61854E+01
2.78564453E+07,-9.97254E+01
2.78594971E+07,-9.75254E+01
2.78625488E+07,-9.94454E+01
2.78656006E+07,-9.69854E+01
2.78686523E+07,-9.89054E+01
2.78717041E+07,-1.06605E+02
2.78747559E+07,-1.06565E+02
2.78778076E+07,-1.02485E+02
2.78808594E+07,-1.10685E+02
2.78839111E+07,-1.03725E+02
2.78869629E+07,-1.00925E+02
2.78900146E+07,-1.01805E+02
2.78930664E+07,-1.04045E+02
2.78961182E+07,-9.90854E+01
2.78991699E+07,-9.87054E+01
2.79022217E+07,-1.02065E+02
2.79052734E+07,-1.02125E+02
2.79083252E+07,-1.12645E+02
2.79113770E+07,-1.02085E+02
2.79144287E+07,-9.74254E+01
2.79174805E+07,-9.97654E+01
2.79205322E+07,-9.86654E+01
2.79235840E+07,-9.41854E+01
2.79266357E+07,-9.46454E+01
2.79296875E+07,-9.93854E+01
2.79327393E+07,-1.03965E+02
2.79357910E+07,-1.01225E+02
2.79388428E+07,-1.00805E+02
2.79418945E+07,-9.61854E+01
2.79449463E+07,-1.04185E+02
2.79479980E+07,-9.66854E+01
2.79510498E+07,-9.47854E+01
2.79541016E+07,-9.70454E+01
2.79571533E+07,-1.09625E+02
2.79602051E+07,-1.04465E+02
2.79632568E+07,-1.01945E+02
2.79663086E+07,-9.62854E+01
2.79693604E+07,-9.73254E+01
2.79724121E+07,-1.25365E+02
2.79754639E+07,-9.60054E+01
2.79785156E+07,-1.05245E+02
2.79815674E+07,-1.08465E+02
2.79846191E+07,-1.04265E+02
2.79876709E+07,-9.97854E+01
2.79907227E+07,-9.87454E+01
2.79937744E+07,-1.03845E+02
2.79968262E+07,-1.11685E+02
2.79998779E+07,-1.01125E+02
2.80029297E+07,-1.00085E+02
2.80059814E+07,-9.55654E+01
2.80090332E+07,-9.86254E+01
2.80120850E+07,-1.00685E+02
2.80151367E+07,-9.98654E+01
2.80181885E+07,-1.05345E+02
2.80212402E+07,-1.06685E+02
2.80242920E+07,-1.09865E+02
2.80273438E+07,-1.06025E+02
2.80303955E+07,-9.90054E+01
2.80334473E+07,-9.67454E+01
2.80364990E+07,-9.68854E+01
2.80395508E+07,-9.79854E+01
2.80426025E+07,-9.71854E+01
2.80456543E+07,-9.75254E+01
2.80487061E+07,-1.02525E+02
2.80517578E+07,-1.05025E+02
2.80548096E+07,-1.16405E+02
2.80578613E+07,-1.06525E+02
2.80609131E+07,-9.56654E+01
2.80639648E+07,-9.36654E+01
2.80670166E+07,-1.01325E+02
2.80700684E+07,-1.09985E+02
2.80731201E+07,-1.11105E+02
2.80761719E+07,-1.03085E+02
2.80792236E+07,-1.04225E+02
2.80822754E+07,-1.00925E+02
2.80853271E+07,-9.91654E+01
2.80883789E+07,-9.81654E+01
2.80914307E+07,-1.00385E+02
2.80944824E+07,-9.78654E+01
2.80975342E+07,-1.02365E+02
2.81005859E+07,-1.07725E+02
2.81036377E+07,-1.00425E+02
2.81066895E+07,-9.35454E+01
2.81097412E+07,-9.33054E+01
2.81127930E+07,-9.80654E+01
2.81158447E+07,-1.08845E+02
2.81188965E+07,-1.07405E+02
2.81219482E+07,-1.09165E+02
2.81250000E+07,-1.01145E+02
2.81280518E+07,-9.97054E+01
2.81311035E+07,-1.00165E+02
2.81341553E+07,-1.03765E+02
2.81372070E+07,-1.19045E+02
2.81402588E+07,-9.88054E+01
2.81433105E+07,-9.60254E+01
2.81463623E+07,-9.89854E+01
2.81494141E+07,-9.78054E+01
2.81524658E+07,-9.71454E+01
2.81555176E+07,-9.88454E+01
2.81585693E+07,-1.03725E+02
2.81616211E+07,-1.11185E+02
2.81646729E+07,-9.77454E+01
2.81677246E+07,-9.57254E+01
2.81707764E+07,-1.07345E+02
2.81738281E+07,-9.41454E+01
2.81768799E+07,-9.66254E+01
2.81799316E+07,-1.11945E+02
2.81829834E+07,-9.84254E+01
2.81860352E+07,-9.72854E+01
2.81890869E+07,-1.04685E+02
2.81921387E+07,-9.75254E+01
2.81951904E+07,-1.01805E+02
2.81982422E+07,-9.57054E+01
2.82012939E+07,-9.84254E+01
2.82043457E+07,-1.13845E+02
2.82073975E+07,-1.01225E+02
2.82104492E+07,-1.04845E+02
2.82135010E+07,-1.01285E+02
2.82165527E+07,-1.06765E+02
2.82196045E+07,-1.03085E+02
2.82226562E+07,-9.20654E+01
2.82257080E+07,-9.74654E+01
2.82287598E+07,-1.06225E+02
2.82318115E+07,-9.99854E+01
2.82348633E+07,-9.31654E+01
2.82379150E+07,-9.21654E+01
2.82409668E+07,-9.47054E+01
2.82440186E+07,-1.04645E+02
2.82470703E+07,-1.09445E+02
2.82501221E+07,-9.68654E+01
2.82531738E+07,-9.38054E+01
2.82562256E+07,-9.68054E+01
2.82592773E+07,-1.02145E+02
2.82623291E+07,-1.01225E+02
2.82653809E+07,-9.67454E+01
2.82684326E+07,-1.00045E+02
2.82714844E+07,-1.03185E+02
2.82745361E+07,-1.01965E+02
2.82775879E+07,-1.00225E+02
2.82806396E+07,-1.06885E+02
2.82836914E+07,-1.01705E+02
2.82867432E+07,-1.11345E+02
2.82897949E+07,-1.01705E+02
2.82928467E+07,-1.04845E+02
2.82958984E+07,-9.65654E+01
2.82989502E+07,-9.40054E+01
2.83020020E+07,-9.40054E+01
2.83050537E+07,-9.27454E+01
2.83081055E+07,-1.07865E+02
2.83111572E+07,-9.50254E+01
2.83142090E+07,-1.22125E+02
2.83172607E+07,-9.57054E+01
2.83203125E+07,-1.02285E+02
2.83233643E+07,-9.51854E+01
2.83264160E+07,-9.50854E+01
2.83294678E+07,-1.01445E+02
2.83325195E+07,-1.03125E+02
2.83355713E+07,-9.88654E+01
2.83386230E+07,-9.38854E+01
2.83416748E+07,-1.00365E+02
2.83447266E+07,-1.10845E+02
2.83477783E+07,-1.01485E+02
2.83508301E+07,-9.99454E+01
2.83538818E+07,-9.50854E+01
2.83569336E+07,-1.03225E+02
2.83599854E+07,-9.77254E+01
2.83630371E+07,-9.50454E+01
2.83660889E+07,-9.51654E+01
2.83691406E+07,-9.34054E+01
2.83721924E+07,-9.61054E+01
2.83752441E+07,-1.02505E+02
2.83782959E+07,-1.10365E+02
2.83813477E+07,-1.02745E+02
2.83843994E+07,-9.51254E+01
2.83874512E+07,-9.30254E+01
2.83905029E+07,-9.32654E+01
2.83935547E+07,-9.84854E+01
2.83966064E+07,-1.00925E+02
2.83996582E+07,-9.89854E+01
2.84027100E+07,-1.01805E+02
2.84057617E+07,-1.02585E+02
2.84088135E+07,-9.66054E+01
2.84118652E+07,-9.68454E+01
2.84149170E+07,-1.01305E+02
2.84179688E+07,-1.13585E+02
2.84210205E+07,-9.96254E+01
2.84240723E+07,-9.73854E+01
2.84271240E+07,-9.57854E+01
2.84301758E+07,-1.02205E+02
2.84332275E+07,-1.02225E+02
2.84362793E+07,-1.08685E+02
2.84393311E+07,-1.09645E+02
2.84423828E+07,-1.00685E+02
2.84454346E+07,-1.03065E+02
2.84484863E+07,-9.80454E+01
2.84515381E+07,-9.38854E+01
2.84545898E+07,-1.04625E+02
2.84576416E+07,-9.98854E+01
2.84606934E+07,-9.86254E+01
2.84637451E+07,-9.73454E+01
2.84667969E+07,-1.01585E+02
2.84698486E+07,-9.63254E+01
2.84729004E+07,-9.18854E+01
2.84759521E+07,-9.50054E+01
2.84790039E+07,-1.12565E+02
2.84820557E+07,-9.54054E+01
2.84851074E+07,-9.24854E+01
2.84881592E+07,-9.07454E+01
2.84912109E+07,-8.99454E+01
2.84942627E+07,-9.16854E+01
2.84973145E+07,-9.13254E+01
2.85003662E+07,-8.93254E+01
2.85034180E+07,-9.26854E+01
2.85064697E+07,-9.72854E+01
2.85095215E+07,-8.89454E+01
2.85125732E+07,-8.99054E+01
2.85156250E+07,-8.89454E+01
2.85186768E+07,-8.80454E+01
2.85217285E+07,-9.31254E+01
2.85247803E+07,-9.19654E+01
2.85278320E+07,-9.63454E+01
2.85308838E+07,-9.53654E+01
2.85339355E+07,-9.08254E+01
2.85369873E+07,-9.28254E+01
2.85400391E+07,-9.20654E+01
2.85430908E+07,-9.93054E+01
2.85461426E+07,-9.27454E+01
2.85491943E+07,-8.86854E+01
2.85522461E+07,-8.91454E+01
2.85552979E+07,-9.34654E+01
2.85583496E+07,-9.17454E+01
2.85614014E+07,-8.85854E+01
2.85644531E+07,-8.81854E+01
2.85675049E+07,-9.63054E+01
2.85705566E+07,-9.41454E+01
2.85736084E+07,-9.94654E+01
2.85766602E+07,-8.71654E+01
2.85797119E+07,-9.02054E+01
2.85827637E+07,-8.59854E+01
2.85858154E+07,-8.20654E+01
2.85888672E+07,-8.40454E+01
2.85919189E+07,-9.19654E+01
2.85949707E+07,-8.52854E+01
2.85980225E+07,-8.49254E+01
2.86010742E+07,-8.71654E+01
2.86041260E+07,-8.61054E+01
2.86071777E+07,-8.97254E+01
2.86102295E+07,-9.47254E+01
2.86132812E+07,-9.29254E+01
2.86163330E+07,-8.57054E+01
2.86193848E+07,-8.86254E+01
2.86224365E+07,-9.58254E+01
2.86254883E+07,-9.06254E+01
2.86285400E+07,-9.88454E+01
2.86315918E+07,-9.10054E+01
2.86346436E+07,-9.80654E+01
2.86376953E+07,-8.82654E+01
2.86407471E+07,-1.01505E+02
2.86437988E+07,-8.03254E+01
2.86468506E+07,-8.03654E+01
2.86499023E+07,-9.13054E+01
2.86529541E+07,-1.00025E+02
2.86560059E+07,-9.54254E+01
2.86590576E+07,-8.56854E+01
2.86621094E+07,-8.51454E+01
2.86651611E+07,-9.47854E+01
2.86682129E+07,-9.76854E+01
2.86712646E+07,-9.27054E+01
2.86743164E+07,-8.43654E+01
2.86773682E+07,-8.32254E+01
2.86804199E+07,-8.72854E+01
2.86834717E+07,-9.82454E+01
2.86865234E+07,-9.82254E+01
2.86895752E+07,-9.33254E+01
2.86926270E+07,-9.43054E+01
2.86956787E+07,-9.03454E+01
2.86987305E+07,-8.39254E+01
2.87017822E+07,-8.33054E+01
2.87048340E+07,-8.64854E+01
2.87078857E+07,-9.25254E+01
2.87109375E+07,-9.53254E+01
2.87139893E+07,-8.94254E+01
2.87170410E+07,-8.87854E+01
2.87200928E+07,-9.19654E+01
2.87231445E+07,-9.08454E+01
2.87261963E+07,-9.41854E+01
2.87292480E+07,-1.02965E+02
2.87322998E+07,-9.36654E+01
2.87353516E+07,-9.24254E+01
2.87384033E+07,-9.68254E+01
2.87414551E+07,-9.62254E+01
2.87445068E+07,-9.55254E+01
2.87475586E+07,-1.05125E+02
2.87506104E+07,-1.07125E+02
2.87536621E+07,-1.03545E+02
2.87567139E+07,-1.01865E+02
2.87597656E+07,-1.09985E+02
2.87628174E+07,-9.80854E+01
2.87658691E+07,-9.27054E+01
2.87689209E+07,-9.25654E+01
2.87719727E+07,-8.96254E+01
2.87750244E+07,-9.32254E+01
2.87780762E+07,-1.03085E+02
2.87811279E+07,-1.04465E+02
2.87841797E+07,-9.62454E+01
2.87872314E+07,-9.34654E+01
2.87902832E+07,-1.02245E+02
2.87933350E+07,-9.92854E+01
2.87963867E+07,-1.03585E+02
2.87994385E+07,-9.85454E+01
2.88024902E+07,-1.04765E+02
2.88055420E+07,-1.02565E+02
2.88085938E+07,-9.97054E+01
2.88116455E+07,-9.93654E+01
2.88146973E+07,-1.12365E+02
2.88177490E+07,-1.06765E+02
2.88208008E+07,-1.06205E+02
2.88238525E+07,-1.04265E+02
2.88269043E+07,-1.00525E+02
2.88299561E+07,-9.53854E+01
2.88330078E+07,-1.00125E+02
2.88360596E+07,-1.02525E+02
2.88391113E+07,-9.80454E+01
2.88421631E+07,-9.95254E+01
2.88452148E+07,-9.68854E+01
2.88482666E+07,-9.87254E+01
2.88513184E+07,-1.10005E+02
2.88543701E+07,-1.06765E+02
2.88574219E+07,-9.32654E+01
2.88604736E+07,-9.34654E+01
2.88635254E+07,-1.14265E+02
2.88665771E+07,-1.05525E+02
2.88696289E+07,-9.61254E+01
2.88726807E+07,-1.00845E+02
2.88757324E+07,-1.08205E+02
2.88787842E+07,-1.03805E+02
2.88818359E+07,-1.06385E+02
2.88848877E+07,-1.15305E+02
2.88879395E+07,-9.76854E+01
2.88909912E+07,-9.37254E+01
2.88940430E+07,-1.05185E+02
2.88970947E+07,-9.32254E+01
2.89001465E+07,-9.46454E+01
2.89031982E+07,-1.03165E+02
2.89062500E+07,-9.85854E+01
2.89093018E+07,-1.06145E+02
2.89123535E+07,-9.85054E+01
2.89154053E+07,-9.86454E+01
2.89184570E+07,-1.03185E+02
2.89215088E+07,-9.43054E+01
2.89245605E+07,-9.64054E+01
2.89276123E+07,-9.96854E+01
2.89306641E+07,-1.08545E+02
2.89337158E+07,-1.09445E+02
2.89367676E+07,-1.01385E+02
2.89398193E+07,-1.01405E+02
2.89428711E+07,-9.80254E+01
2.89459229E+07,-1.03925E+02
2.89489746E+07,-1.06185E+02
2.89520264E+07,-1.07905E+02
2.89550781E+07,-1.00025E+02
2.89581299E+07,-9.70854E+01
2.89611816E+07,-9.65254E+01
2.89642334E+07,-9.64054E+01
2.89672852E+07,-9.85854E+01
2.89703369E+07,-1.01565E+02
2.89733887E+07,-1.01685E+02
2.89764404E+07,-9.74854E+01
2.89794922E+07,-9.67454E+01
2.89825439E+07,-1.02985E+02
2.89855957E+07,-1.13325E+02
2.89886475E+07,-1.02525E+02
2.89916992E+07,-1.03925E+02
2.89947510E+07,-9.57854E+01
2.89978027E+07,-9.58054E+01
2.90008545E+07,-1.10185E+02
2.90039062E+07,-9.98454E+01
2.90069580E+07,-1.05725E+02
2.90100098E+07,-9.67854E+01
2.90130615E+07,-9.53654E+01
2.90161133E+07,-9.41854E+01
2.90191650E+07,-1.00205E+02
2.90222168E+07,-1.02685E+02
2.90252686E+07,-9.53854E+01
2.90283203E+07,-9.46654E+01
2.90313721E+07,-1.06025E+02
2.90344238E+07,-1.00245E+02
2.90374756E+07,-1.07325E+02
2.90405273E+07,-1.09205E+02
2.90435791E+07,-1.13165E+02
2.90466309E+07,-1.07045E+02
2.90496826E+07,-1.00425E+02
2.90527344E+07,-1.00165E+02
2.90557861E+07,-1.02145E+02
2.90588379E+07,-9.65054E+01
2.90618896E+07,-1.04705E+02
2.90649414E+07,-1.08985E+02
2.90679932E+07,-1.04605E+02
2.90710449E+07,-1.09465E+02
2.90740967E+07,-1.01245E+02
2.90771484E+07,-9.80254E+01
2.90802002E+07,-9.81254E+01
2.90832520E+07,-1.01805E+02
2.90863037E+07,-1.02125E+02
2.90893555E+07,-1.02325E+02
2.90924072E+07,-1.09245E+02
2.90954590E+07,-9.95054E+01
2.90985107E+07,-1.01345E+02
2.91015625E+07,-1.11225E+02
2.91046143E+07,-1.01645E+02
2.91076660E+07,-9.95454E+01
2.91107178E+07,-9.99054E+01
2.91137695E+07,-9.38854E+01
2.91168213E+07,-9.48454E+01
2.91198730E+07,-9.96054E+01
2.91229248E+07,-1.01405E+02
2.91259766E+07,-1.08885E+02
2.91290283E+07,-9.49854E+01
2.91320801E+07,-9.65454E+01
2.91351318E+07,-9.96654E+01
2.91381836E+07,-1.11865E+02
2.91412354E+07,-1.06305E+02
2.91442871E+07,-1.12565E+02
2.91473389E+07,-1.01785E+02
2.91503906E+07,-1.09085E+02
2.91534424E+07,-9.53254E+01
2.91564941E+07,-9.20854E+01
2.91595459E+07,-9.57854E+01
2.91625977E+07,-1.01985E+02
2.91656494E+07,-9.70254E+01
2.91687012E+07,-9.50054E+01
2.91717529E+07,-9.66854E+01
2.91748047E+07,-1.03925E+02
2.91778564E+07,-1.09145E+02
2.91809082E+07,-1.03845E+02
2.91839600E+07,-9.93054E+01
2.91870117E+07,-9.58054E+01
2.91900635E+07,-9.83854E+01
2.91931152E+07,-1.02245E+02
2.91961670E+07,-1.27705E+02
2.91992188E+07,-1.01805E+02
2.92022705E+07,-9.57854E+01
2.92053223E+07,-9.67454E+01
2.92083740E+07,-1.14345E+02
2.92114258E+07,-1.01585E+02
2.92144775E+07,-9.99454E+01
2.92175293E+07,-1.05405E+02
2.92205811E+07,-1.08145E+02
2.92236328E+07,-1.05485E+02
2.92266846E+07,-9.99054E+01
2.92297363E+07,-9.64454E+01
2.92327881E+07,-1.01245E+02
2.92358398E+07,-9.95254E+01
2.92388916E+07,-9.34654E+01
2.92419434E+07,-9.29254E+01
2.92449951E+07,-9.28254E+01
2.92480469E+07,-9.83854E+01
2.92510986E+07,-1.07445E+02
2.92541504E+07,-1.03585E+02
2.92572021E+07,-1.04225E+02
2.92602539E+07,-1.05365E+02
2.92633057E+07,-1.05985E+02
2.92663574E+07,-1.03765E+02
2.92694092E+07,-9.84654E+01
2.92724609E+07,-9.87654E+01
2.92755127E+07,-9.49054E+01
2.92785645E+07,-1.10005E+02
2.92816162E+07,-9.47454E+01
2.92846680E+07,-9.59654E+01
2.92877197E+07,-9.61054E+01
2.92907715E+07,-1.07005E+02
2.92938232E+07,-9.87854E+01
2.92968750E+07,-1.00125E+02
2.92999268E+07,-9.46454E+01
2.93029785E+07,-9.58254E+01
2.93060303E+07,-1.01445E+02
2.93090820E+07,-1.04185E+02
2.93121338E+07,-1.05565E+02
2.93151855E+07,-1.02425E+02
2.93182373E+07,-9.57054E+01
2.93212891E+07,-9.33654E+01
2.93243408E+07,-9.84254E+01
2.93273926E+07,-9.68254E+01
2.93304443E+07,-9.85854E+01
2.93334961E+07,-1.15605E+02
2.93365479E+07,-1.01345E+02
2.93395996E+07,-1.00805E+02
2.93426514E+07,-1.00005E+02
2.93457031E+07,-1.01525E+02
2.93487549E+07,-1.09665E+02
2.93518066E+07,-9.68654E+01
2.93548584E+07,-9.35854E+01
2.93579102E+07,-1.00885E+02
2.93609619E+07,-1.05925E+02
2.93640137E+07,-9.93654E+01
2.93670654E+07,-1.01145E+02
2.93701172E+07,-1.02505E+02
2.93731689E+07,-1.01885E+02
2.93762207E+07,-9.52854E+01
2.93792725E+07,-9.70454E+01
2.93823242E+07,-1.05905E+02
2.93853760E+07,-1.04145E+02
2.93884277E+07,-1.00305E+02
2.93914795E+07,-1.00445E+02
2.93945312E+07,-1.15405E+02
2.93975830E+07,-1.04985E+02
2.94006348E+07,-1.00465E+02
2.94036865E+07,-1.06585E+02
2.94067383E+07,-1.03185E+02
2.94097900E+07,-1.14825E+02
2.94128418E+07,-1.01345E+02
2.94158936E+07,-9.65654E+01
2.94189453E+07,-9.94654E+01
2.94219971E+07,-1.01865E+02
2.94250488E+07,-9.55054E+01
2.94281006E+07,-9.73654E+01
2.94311523E+07,-1.04845E+02
2.94342041E+07,-1.02985E+02
2.94372559E+07,-9.79854E+01
2.94403076E+07,-9.59454E+01
2.94433594E+07,-1.09545E+02
2.94464111E+07,-9.58254E+01
2.94494629E+07,-9.90054E+01
2.94525146E+07,-9.69254E+01
2.94555664E+07,-9.55854E+01
2.94586182E+07,-9.55054E+01
2.94616699E+07,-9.46254E+01
2.94647217E+07,-1.02225E+02
2.94677734E+07,-1.04425E+02
2.94708252E+07,-9.86854E+01
2.94738770E+07,-1.02825E+02
2.94769287E+07,-1.07065E+02
2.94799805E+07,-1.07845E+02
2.94830322E+07,-1.05945E+02
2.94860840E+07,-1.03585E+02
2.94891357E+07,-1.01705E+02
2.94921875E+07,-9.88654E+01
2.94952393E+07,-9.96054E+01
2.94982910E+07,-1.00605E+02
2.95013428E+07,-9.94054E+01
2.95043945E+07,-9.88654E+01
2.95074463E+07,-1.01585E+02
2.95104980E+07,-9.84854E+01
2.95135498E+07,-9.33254E+01
2.95166016E+07,-9.51854E+01
2.95196533E+07,-1.05245E+02
2.95227051E+07,-1.04885E+02
2.95257568E+07,-9.84654E+01
2.95288086E+07,-9.99454E+01
2.95318604E+07,-1.03325E+02
2.95349121E+07,-1.12805E+02
2.95379639E+07,-1.03845E+02
2.95410156E+07,-9.46454E+01
2.95440674E+07,-9.09254E+01
2.95471191E+07,-9.66454E+01
2.95501709E+07,-1.06205E+02
2.95532227E+07,-9.86254E+01
2.95562744E+07,-1.00765E+02
2.95593262E+07,-9.70654E+01
2.95623779E+07,-9.82254E+01
2.95654297E+07,-1.05965E+02
2.95684814E+07,-1.03765E+02
2.95715332E+07,-9.90054E+01
2.95745850E+07,-1.06505E+02
2.95776367E+07,-9.63854E+01
2.95806885E+07,-9.72254E+01
2.95837402E+07,-1.08765E+02
2.95867920E+07,-1.01145E+02
2.95898438E+07,-1.07085E+02
2.95928955E+07,-1.01985E+02
2.95959473E+07,-1.01945E+02
2.95989990E+07,-1.09285E+02
2.96020508E+07,-1.02625E+02
2.96051025E+07,-9.62054E+01
2.96081543E+07,-9.96054E+01
2.96112061E+07,-1.09345E+02
2.96142578E+07,-1.01585E+02
2.96173096E+07,-9.54254E+01
2.96203613E+07,-1.00345E+02
2.96234131E+07,-9.75254E+01
2.96264648E+07,-9.96054E+01
2.96295166E+07,-1.11205E+02
2.96325684E+07,-9.92854E+01
2.96356201E+07,-9.83854E+01
2.96386719E+07,-1.04885E+02
2.96417236E+07,-1.03225E+02
2.96447754E+07,-1.05005E+02
2.96478271E+07,-1.05265E+02
2.96508789E+07,-9.46854E+01
2.96539307E+07,-9.41854E+01
2.96569824E+07,-1.01225E+02
2.96600342E+07,-1.01985E+02
2.96630859E+07,-1.02165E+02
2.96661377E+07,-9.90254E+01
2.96691895E+07,-9.89454E+01
2.96722412E+07,-9.85054E+01
2.96752930E+07,-9.82254E+01
2.96783447E+07,-9.58854E+01
2.96813965E+07,-9.96654E+01
2.96844482E+07,-1.05505E+02
2.96875000E+07,-1.05445E+02
2.96905518E+07,-9.91254E+01
2.96936035E+07,-9.46054E+01
2.96966553E+07,-9.56454E+01
2.96997070E+07,-1.03465E+02
2.97027588E+07,-1.04745E+02
2.97058105E+07,-1.03965E+02
2.97088623E+07,-1.02445E+02
2.97119141E+07,-1.02425E+02
2.97149658E+07,-1.00945E+02
2.97180176E+07,-1.16705E+02
2.97210693E+07,-9.98654E+01
2.97241211E+07,-1.10545E+02
2.97271729E+07,-1.11165E+02
2.97302246E+07,-1.00025E+02
2.97332764E+07,-9.38854E+01
2.97363281E+07,-9.45654E+01
2.97393799E+07,-9.92054E+01
2.97424316E+07,-1.04185E+02
2.97454834E+07,-1.05185E+02
2.97485352E+07,-1.01045E+02
2.97515869E+07,-1.01145E+02
2.97546387E+07,-1.09085E+02
2.97576904E+07,-1.06485E+02
2.97607422E+07,-1.11965E+02
2.97637939E+07,-1.00865E+02
2.97668457E+07,-9.79054E+01
2.97698975E+07,-9.81654E+01
2.97729492E+07,-9.61854E+01
2.97760010E+07,-9.95054E+01
2.97790527E+07,-1.01745E+02
2.97821045E+07,-9.99254E+01
2.97851562E+07,-9.64854E+01
2.97882080E+07,-1.02445E+02
2.97912598E+07,-1.03305E+02
2.97943115E+07,-1.04565E+02
2.97973633E+07,-9.84854E+01
2.98004150E+07,-9.67854E+01
2.98034668E+07,-9.76854E+01
2.98065186E+07,-9.79454E+01
2.98095703E+07,-1.00985E+02
2.98126221E+07,-1.17385E+02
2.98156738E+07,-9.59454E+01
2.98187256E+07,-9.47254E+01
2.98217773E+07,-9.70854E+01
2.98248291E+07,-9.78454E+01
2.98278809E+07,-9.71454E+01
2.98309326E+07,-1.02325E+02
2.98339844E+07,-1.07205E+02
2.98370361E+07,-1.01885E+02
2.98400879E+07,-1.00025E+02
2.98431396E+07,-1.05225E+02
2.98461914E+07,-1.04325E+02
2.98492432E+07,-1.02305E+02
2.98522949E+07,-1.09085E+02
2.98553467E+07,-1.03965E+02
2.98583984E+07,-1.03725E+02
2.98614502E+07,-1.12965E+02
2.98645020E+07,-9.77054E+01
2.98675537E+07,-9.90254E+01
2.98706055E+07,-9.40454E+01
2.98736572E+07,-1.04045E+02
2.98767090E+07,-1.00365E+02
2.98797607E+07,-9.88654E+01
2.98828125E+07,-9.54254E+01
2.98858643E+07,-9.64054E+01
2.98889160E+07,-9.88254E+01
2.98919678E+07,-1.02385E+02
2.98950195E+07,-1.03225E+02
2.98980713E+07,-9.72054E+01
2.99011230E+07,-1.03505E+02
2.99041748E+07,-1.01165E+02
2.99072266E+07,-9.80254E+01
2.99102783E+07,-9.85054E+01
2.99133301E+07,-9.65654E+01
2.99163818E+07,-9.86254E+01
2.99194336E+07,-1.01105E+02
2.99224854E+07,-9.09454E+01
2.99255371E+07,-9.11454E+01
2.99285889E+07,-9.40054E+01
2.99316406E+07,-9.73454E+01
2.99346924E+07,-9.72054E+01
2.99377441E+07,-1.02625E+02
2.99407959E+07,-1.05905E+02
2.99438477E+07,-9.54854E+01
2.99468994E+07,-9.52654E+01
2.99499512E+07,-1.00705E+02
2.99530029E+07,-1.11425E+02
2.99560547E+07,-1.02825E+02
2.99591064E+07,-1.01885E+02
2.99621582E+07,-1.16765E+02
2.99652100E+07,-1.12905E+02
2.99682617E+07,-1.00785E+02
2.99713135E+07,-9.35054E+01
2.99743652E+07,-9.52454E+01
2.99774170E+07,-1.05825E+02
2.99804688E+07,-9.53854E+01
2.99835205E+07,-9.05254E+01
2.99865723E+07,-9.34054E+01
2.99896240E+07,-1.04785E+02
2.99926758E+07,-1.04945E+02
2.99957275E+07,-9.75454E+01
2.99987793E+07,-8.80054E+01
3.00018311E+07,-8.78054E+01
3.00048828E+07,-9.13654E+01
3.00079346E+07,-9.65854E+01
3.00109863E+07,-1.05905E+02
3.00140381E+07,-1.13765E+02
3.00170898E+07,-9.99854E+01
3.00201416E+07,-1.01885E+02
3.00231934E+07,-1.02125E+02
3.00262451E+07,-1.05245E+02
3.00292969E+07,-1.00805E+02
3.00323486E+07,-9.27454E+01
3.00354004E+07,-9.37254E+01
3.00384521E+07,-1.01025E+02
3.00415039E+07,-1.02145E+02
3.00445557E+07,-1.00565E+02
3.00476074E+07,-1.01325E+02
3.00506592E+07,-1.12565E+02
3.00537109E+07,-1.05545E+02
3.00567627E+07,-9.73654E+01
3.00598145E+07,-1.02125E+02
3.00628662E+07,-1.01965E+02
3.00659180E+07,-1.02225E+02
3.00689697E+07,-1.05845E+02
3.00720215E+07,-9.71454E+01
3.00750732E+07,-9.74254E+01
3.00781250E+07,-1.00805E+02
3.00811768E+07,-1.03765E+02
3.00842285E+07,-9.44654E+01
3.00872803E+07,-9.37654E+01
3.00903320E+07,-9.85454E+01
3.00933838E+07,-1.02205E+02
3.00964355E+07,-9.84854E+01
3.00994873E+07,-9.51454E+01
3.01025391E+07,-9.46854E+01
3.01055908E+07,-9.76654E+01
3.01086426E+07,-1.02365E+02
3.01116943E+07,-1.01245E+02
3.01147461E+07,-9.62654E+01
3.01177979E+07,-9.41454E+01
3.01208496E+07,-9.73254E+01
3.01239014E+07,-1.01365E+02
3.01269531E+07,-9.37254E+01
3.01300049E+07,-9.69054E+01
3.01330566E+07,-1.01945E+02
3.01361084E+07,-1.02445E+02
3.01391602E+07,-1.03085E+02
3.01422119E+07,-1.07505E+02
3.01452637E+07,-1.02165E+02
3.01483154E+07,-1.02385E+02
3.01513672E+07,-1.01385E+02
3.01544189E+07,-1.08185E+02
3.01574707E+07,-1.02485E+02
3.01605225E+07,-9.95054E+01
3.01635742E+07,-1.04225E+02
3.01666260E+07,-1.01645E+02
3.01696777E+07,-9.79854E+01
3.01727295E+07,-9.64254E+01
3.01757812E+07,-9.17454E+01
3.01788330E+07,-9.73454E+01
3.01818848E+07,-1.00365E+02
3.01849365E+07,-1.00305E+02
3.01879883E+07,-1.09605E+02
3.01910400E+07,-1.06545E+02
3.01940918E+07,-1.05065E+02
3.01971436E+07,-9.92454E+01
3.02001953E+07,-9.77654E+01
3.02032471E+07,-9.62854E+01
3.02062988E+07,-9.80654E+01
3.02093506E+07,-1.00625E+02
3.02124023E+07,-1.02925E+02
3.02154541E+07,-1.09025E+02
3.02185059E+07,-1.04545E+02
3.02215576E+07,-1.01425E+02
3.02246094E+07,-8.87654E+01
3.02276611E+07,-9.32254E+01
3.02307129E+07,-1.16205E+02
3.02337646E+07,-1.01645E+02
3.02368164E+07,-1.04985E+02
3.02398682E+07,-9.93854E+01
3.02429199E+07,-1.28205E+02
3.02459717E+07,-1.00685E+02
3.02490234E+07,-1.02905E+02
3.02520752E+07,-1.01325E+02
3.02551270E+07,-1.00105E+02
3.02581787E+07,-1.02485E+02
3.02612305E+07,-9.49854E+01
3.02642822E+07,-9.56654E+01
3.02673340E+07,-9.95254E+01
3.02703857E+07,-9.23854E+01
3.02734375E+07,-8.41454E+01
3.02764893E+07,-8.50654E+01
3.02795410E+07,-9.93254E+01
3.02825928E+07,-1.02325E+02
3.02856445E+07,-9.82854E+01
3.02886963E+07,-9.47054E+01
3.02917480E+07,-9.29054E+01
3.02947998E+07,-1.12905E+02
3.02978516E+07,-9.69054E+01
3.03009033E+07,-9.63654E+01
3.03039551E+07,-1.15125E+02
3.03070068E+07,-1.05145E+02
3.03100586E+07,-1.07205E+02
3.03131104E+07,-1.07325E+02
3.03161621E+07,-1.07125E+02
3.03192139E+07,-9.76854E+01
3.03222656E+07,-8.35054E+01
3.03253174E+07,-7.87654E+01
3.03283691E+07,-8.37654E+01
3.03314209E+07,-9.54254E+01
3.03344727E+07,-9.46654E+01
3.03375244E+07,-9.32654E+01
3.03405762E+07,-9.76854E+01
3.03436279E+07,-1.06525E+02
3.03466797E+07,-1.00085E+02
3.03497314E+07,-1.04085E+02
3.03527832E+07,-1.03325E+02
3.03558350E+07,-1.06685E+02
3.03588867E+07,-1.08745E+02
3.03619385E+07,-9.90254E+01
3.03649902E+07,-9.62654E+01
3.03680420E+07,-9.25054E+01
3.03710938E+07,-8.83854E+01
3.03741455E+07,-7.70654E+01
3.03771973E+07,-7.88454E+01
3.03802490E+07,-9.60054E+01
3.03833008E+07,-1.06885E+02
3.03863525E+07,-1.13925E+02
3.03894043E+07,-1.01705E+02
3.03924561E+07,-9.66254E+01
3.03955078E+07,-9.91854E+01
3.03985596E+07,-1.01905E+02
3.04016113E+07,-1.06285E+02
3.04046631E+07,-9.99654E+01
3.04077148E+07,-1.00205E+02
3.04107666E+07,-9.58454E+01
3.04138184E+07,-9.28654E+01
3.04168701E+07,-1.00545E+02
3.04199219E+07,-9.73654E+01
3.04229736E+07,-8.11454E+01
3.04260254E+07,-7.86854E+01
3.04290771E+07,-8.89054E+01
3.04321289E+07,-1.01165E+02
3.04351807E+07,-1.10925E+02
3.04382324E+07,-1.02065E+02
3.04412842E+07,-1.07825E+02
3.04443359E+07,-1.02045E+02
3.04473877E+07,-9.89054E+01
3.04504395E+07,-1.10265E+02
3.04534912E+07,-1.11065E+02
3.04565430E+07,-1.13365E+02
3.04595947E+07,-1.04345E+02
3.04626465E+07,-1.03265E+02
3.04656982E+07,-9.94854E+01
3.04687500E+07,-9.22854E+01
3.04718018E+07,-9.53854E+01
3.04748535E+07,-8.92054E+01
3.04779053E+07,-9.46654E+01
3.04809570E+07,-1.11025E+02
3.04840088E+07,-1.04225E+02
3.04870605E+07,-1.02645E+02
3.04901123E+07,-1.08685E+02
3.04931641E+07,-1.07045E+02
3.04962158E+07,-1.00925E+02
3.04992676E+07,-1.07265E+02
3.05023193E+07,-1.01545E+02
3.05053711E+07,-9.80854E+01
3.05084229E+07,-1.00765E+02
3.05114746E+07,-1.15645E+02
3.05145264E+07,-1.06385E+02
3.05175781E+07,-9.80254E+01
3.05206299E+07,-9.46654E+01
3.05236816E+07,-8.23854E+01
3.05267334E+07,-8.22254E+01
3.05297852E+07,-9.94454E+01
3.05328369E+07,-9.72654E+01
3.05358887E+07,-1.06205E+02
3.05389404E+07,-1.00505E+02
3.05419922E+07,-1.05525E+02
3.05450439E+07,-9.99654E+01
3.05480957E+07,-9.52654E+01
3.05511475E+07,-9.51654E+01
3.05541992E+07,-9.85654E+01
3.05572510E+07,-1.08365E+02
3.05603027E+07,-1.05965E+02
3.05633545E+07,-1.03325E+02
3.05664062E+07,-1.02165E+02
3.05694580E+07,-1.18625E+02
3.05725098E+07,-8.52254E+01
3.05755615E+07,-8.09654E+01
3.05786133E+07,-8.82454E+01
3.05816650E+07,-1.06005E+02
3.05847168E+07,-1.02285E+02
3.05877686E+07,-1.15045E+02
3.05908203E+07,-1.00185E+02
3.05938721E+07,-1.00645E+02
3.05969238E+07,-1.02225E+02
3.05999756E+07,-1.02685E+02
3.06030273E+07,-1.01445E+02
3.06060791E+07,-9.74854E+01
3.06091309E+07,-9.91854E+01
3.06121826E+07,-1.01805E+02
3.06152344E+07,-9.94454E+01
3.06182861E+07,-1.00125E+02
3.06213379E+07,-9.53654E+01
3.06243896E+07,-9.36654E+01
3.06274414E+07,-9.51654E+01
3.06304932E+07,-9.15454E+01
3.06335449E+07,-9.87454E+01
3.06365967E+07,-1.06125E+02
3.06396484E+07,-1.01125E+02
3.06427002E+07,-1.01145E+02
3.06457520E+07,-1.03885E+02
3.06488037E+07,-1.06305E+02
3.06518555E+07,-1.06745E+02
3.06549072E+07,-1.08945E+02
3.06579590E+07,-9.71654E+01
3.06610107E+07,-9.98854E+01
3.06640625E+07,-1.06405E+02
3.06671143E+07,-1.12505E+02
3.06701660E+07,-9.89454E+01
3.06732178E+07,-8.61854E+01
3.06762695E+07,-8.37654E+01
3.06793213E+07,-9.39254E+01
3.06823730E+07,-1.01665E+02
3.06854248E+07,-1.02825E+02
3.06884766E+07,-1.02645E+02
3.06915283E+07,-1.00585E+02
3.06945801E+07,-1.08325E+02
3.06976318E+07,-9.81254E+01
3.07006836E+07,-1.01545E+02
3.07037354E+07,-1.06105E+02
3.07067871E+07,-1.04685E+02
3.07098389E+07,-9.87454E+01
3.07128906E+07,-9.51054E+01
3.07159424E+07,-1.01045E+02
3.07189941E+07,-1.02125E+02
3.07220459E+07,-9.28654E+01
3.07250977E+07,-8.40854E+01
3.07281494E+07,-8.91254E+01
3.07312012E+07,-1.07585E+02
3.07342529E+07,-9.80854E+01
3.07373047E+07,-9.93854E+01
3.07403564E+07,-1.00785E+02
3.07434082E+07,-9.65254E+01
3.07464600E+07,-9.46654E+01
3.07495117E+07,-1.03085E+02
3.07525635E+07,-1.04745E+02
3.07556152E+07,-1.01825E+02
3.07586670E+07,-1.07885E+02
3.07617188E+07,-9.79854E+01
3.07647705E+07,-9.65854E+01
3.07678223E+07,-1.07745E+02
3.07708740E+07,-1.00965E+02
3.07739258E+07,-9.57054E+01
3.07769775E+07,-9.68454E+01
3.07800293E+07,-1.03665E+02
3.07830811E+07,-1.02325E+02
3.07861328E+07,-1.14945E+02
3.07891846E+07,-9.73454E+01
3.07922363E+07,-9.92454E+01
3.07952881E+07,-1.00345E+02
3.07983398E+07,-9.80654E+01
3.08013916E+07,-1.03405E+02
3.08044434E+07,-1.00925E+02
3.08074951E+07,-1.03705E+02
3.08105469E+07,-1.05745E+02
3.08135986E+07,-1.01105E+02
3.08166504E+07,-9.73054E+01
3.08197021E+07,-9.78854E+01
3.08227539E+07,-8.85454E+01
3.08258057E+07,-8.44654E+01
3.08288574E+07,-9.42254E+01
3.08319092E+07,-1.04685E+02
3.08349609E+07,-1.22865E+02
3.08380127E+07,-1.07285E+02
3.08410645E+07,-1.07325E+02
3.08441162E+07,-9.71254E+01
3.08471680E+07,-9.60654E+01
3.08502197E+07,-9.84854E+01
3.08532715E+07,-9.89054E+01
3.08563232E+07,-9.70254E+01
3.08593750E+07,-1.07165E+02
3.08624268E+07,-9.74654E+01
3.08654785E+07,-9.74454E+01
3.08685303E+07,-9.93454E+01
3.08715820E+07,-9.79254E+01
3.08746338E+07,-8.84254E+01
3.08776855E+07,-8.95254E+01
3.08807373E+07,-1.00125E+02
3.08837891E+07,-1.06205E+02
3.08868408E+07,-1.05805E+02
3.08898926E+07,-1.05165E+02
3.08929443E+07,-1.03925E+02
3.08959961E+07,-1.07305E+02
3.08990479E+07,-1.01045E+02
3.09020996E+07,-9.78254E+01
3.09051514E+07,-1.01425E+02
3.09082031E+07,-1.00225E+02
3.09112549E+07,-1.00945E+02
3.09143066E+07,-1.03545E+02
3.09173584E+07,-9.75254E+01
3.09204102E+07,-9.56654E+01
3.09234619E+07,-9.22254E+01
3.09265137E+07,-9.50854E+01
3.09295654E+07,-1.04005E+02
3.09326172E+07,-1.02205E+02
3.09356689E+07,-1.06065E+02
3.09387207E+07,-9.83854E+01
3.09417725E+07,-9.51454E+01
3.09448242E+07,-9.76654E+01
3.09478760E+07,-1.09045E+02
3.09509277E+07,-1.02905E+02
3.09539795E+07,-1.00405E+02
3.09570312E+07,-1.02445E+02
3.09600830E+07,-9.90454E+01
3.09631348E+07,-1.00105E+02
3.09661865E+07,-1.04085E+02
3.09692383E+07,-1.02645E+02
3.09722900E+07,-1.00185E+02
3.09753418E+07,-9.56254E+01
3.09783936E+07,-9.41454E+01
3.09814453E+07,-9.33254E+01
3.09844971E+07,-9.38454E+01
3.09875488E+07,-9.30654E+01
3.09906006E+07,-9.62054E+01
3.09936523E+07,-1.04265E+02
3.09967041E+07,-1.05485E+02
3.09997559E+07,-1.16065E+02
3.10028076E+07,-1.02125E+02
3.10058594E+07,-9.64454E+01
3.10089111E+07,-1.04185E+02
3.10119629E+07,-1.00785E+02
3.10150146E+07,-9.85454E+01
3.10180664E+07,-9.60854E+01
3.10211182E+07,-9.67454E+01
3.10241699E+07,-9.66454E+01
3.10272217E+07,-1.04785E+02
3.10302734E+07,-9.96254E+01
3.10333252E+07,-1.02365E+02
3.10363770E+07,-1.05985E+02
3.10394287E+07,-9.99854E+01
3.10424805E+07,-9.74454E+01
3.10455322E+07,-9.80854E+01
3.10485840E+07,-1.01865E+02
3.10516357E+07,-9.81854E+01
3.10546875E+07,-1.00805E+02
3.10577393E+07,-1.06705E+02
3.10607910E+07,-1.14045E+02
3.10638428E+07,-9.72854E+01
3.10668945E+07,-9.78454E+01
3.10699463E+07,-1.00645E+02
3.10729980E+07,-9.65654E+01
3.10760498E+07,-9.88254E+01
3.10791016E+07,-1.05585E+02
3.10821533E+07,-1.04185E+02
3.10852051E+07,-1.01025E+02
3.10882568E+07,-1.03225E+02
3.10913086E+07,-1.18465E+02
3.10943604E+07,-1.04045E+02
3.10974121E+07,-1.07365E+02
3.11004639E+07,-1.06665E+02
3.11035156E+07,-1.04685E+02
3.11065674E+07,-1.15105E+02
3.11096191E+07,-1.01365E+02
3.11126709E+07,-9.80854E+01
3.11157227E+07,-1.04745E+02
3.11187744E+07,-1.00085E+02
3.11218262E+07,-1.01205E+02
3.11248779E+07,-1.09885E+02
3.11279297E+07,-1.02525E+02
3.11309814E+07,-1.00245E+02
3.11340332E+07,-9.65854E+01
3.11370850E+07,-9.75254E+01
3.11401367E+07,-9.72054E+01
3.11431885E+07,-9.83454E+01
3.11462402E+07,-1.04905E+02
3.11492920E+07,-1.00665E+02
3.11523438E+07,-1.10445E+02
3.11553955E+07,-9.43854E+01
3.11584473E+07,-9.44054E+01
3.11614990E+07,-1.06025E+02
3.11645508E+07,-9.97854E+01
3.11676025E+07,-1.04665E+02
3.11706543E+07,-9.86654E+01
3.11737061E+07,-9.64654E+01
3.11767578E+07,-9.90454E+01
3.11798096E+07,-1.10405E+02
3.11828613E+07,-9.70654E+01
3.11859131E+07,-9.43654E+01
3.11889648E+07,-9.63854E+01
3.11920166E+07,-9.34654E+01
3.11950684E+07,-9.38854E+01
3.11981201E+07,-1.01205E+02
3.12011719E+07,-1.00685E+02
3.12042236E+07,-1.23625E+02
3.12072754E+07,-1.07205E+02
3.12103271E+07,-9.78854E+01
3.12133789E+07,-9.50654E+01
3.12164307E+07,-9.68054E+01
3.12194824E+07,-1.02685E+02
3.12225342E+07,-1.11125E+02
3.12255859E+07,-1.05205E+02
3.12286377E+07,-1.01705E+02
3.12316895E+07,-9.96654E+01
3.12347412E+07,-1.02865E+02
3.12377930E+07,-1.06385E+02
3.12408447E+07,-1.08805E+02
3.12438965E+07,-1.08505E+02
3.12469482E+07,-9.73454E+01
3.12500000E+07,-9.75054E+01
3.12530518E+07,-9.42254E+01
3.12561035E+07,-9.72654E+01
3.12591553E+07,-9.92454E+01
3.12622070E+07,-9.50254E+01
3.12652588E+07,-1.01185E+02
3.12683105E+07,-1.02045E+02
3.12713623E+07,-1.09545E+02
3.12744141E+07,-1.05505E+02
3.12774658E+07,-1.05145E+02
3.12805176E+07,-9.48454E+01
3.12835693E+07,-9.89054E+01
3.12866211E+07,-1.03165E+02
3.12896729E+07,-9.99854E+01
3.12927246E+07,-9.88054E+01
3.12957764E+07,-9.72254E+01
3.12988281E+07,-1.02385E+02
3.13018799E+07,-1.10865E+02
3.13049316E+07,-1.01165E+02
3.13079834E+07,-1.05505E+02
3.13110352E+07,-1.09945E+02
3.13140869E+07,-1.06445E+02
3.13171387E+07,-1.04085E+02
3.13201904E+07,-1.02005E+02
3.13232422E+07,-1.06185E+02
3.13262939E+07,-9.78854E+01
3.13293457E+07,-9.13654E+01
3.13323975E+07,-9.97254E+01
3.13354492E+07,-9.97254E+01
3.13385010E+07,-9.87854E+01
3.13415527E+07,-9.96254E+01
3.13446045E+07,-1.07145E+02
3.13476562E+07,-1.00985E+02
3.13507080E+07,-1.01205E+02
3.13537598E+07,-1.06045E+02
3.13568115E+07,-1.09205E+02
3.13598633E+07,-1.08645E+02
3.13629150E+07,-1.15285E+02
3.13659668E+07,-1.10745E+02
3.13690186E+07,-1.00845E+02
3.13720703E+07,-1.00985E+02
3.13751221E+07,-1.04505E+02
3.13781738E+07,-1.07345E+02
3.13812256E+07,-1.02445E+02
3.13842773E+07,-9.74654E+01
3.13873291E+07,-9.72254E+01
3.13903809E+07,-9.67054E+01
3.13934326E+07,-9.72054E+01
3.13964844E+07,-9.60854E+01
3.13995361E+07,-9.53054E+01
3.14025879E+07,-9.69854E+01
3.14056396E+07,-1.05245E+02
3.14086914E+07,-1.21345E+02
3.14117432E+07,-1.08185E+02
3.14147949E+07,-1.05185E+02
3.14178467E+07,-1.01185E+02
3.14208984E+07,-1.01945E+02
3.14239502E+07,-9.79654E+01
3.14270020E+07,-9.44654E+01
3.14300537E+07,-9.81254E+01
3.14331055E+07,-1.01145E+02
3.14361572E+07,-9.93054E+01
3.14392090E+07,-1.02125E+02
3.14422607E+07,-1.06185E+02
3.14453125E+07,-9.66254E+01
3.14483643E+07,-1.00945E+02
3.14514160E+07,-9.60654E+01
3.14544678E+07,-9.58654E+01
3.14575195E+07,-9.78454E+01
3.14605713E+07,-9.93654E+01
3.14636230E+07,-1.02525E+02
3.14666748E+07,-1.16145E+02
3.14697266E+07,-1.04145E+02
3.14727783E+07,-9.64854E+01
3.14758301E+07,-9.16854E+01
3.14788818E+07,-9.34054E+01
3.14819336E+07,-1.00565E+02
3.14849854E+07,-1.11065E+02
3.14880371E+07,-1.07905E+02
3.14910889E+07,-1.02125E+02
3.14941406E+07,-1.05045E+02
3.14971924E+07,-9.74254E+01
3.15002441E+07,-1.00765E+02
3.15032959E+07,-1.01225E+02
3.15063477E+07,-9.44454E+01
3.15093994E+07,-9.55654E+01
3.15124512E+07,-1.00485E+02
3.15155029E+07,-1.08345E+02
3.15185547E+07,-1.03665E+02
3.15216064E+07,-1.00785E+02
3.15246582E+07,-1.20625E+02
3.15277100E+07,-1.07685E+02
3.15307617E+07,-1.01325E+02
3.15338135E+07,-1.01705E+02
3.15368652E+07,-1.01165E+02
3.15399170E+07,-1.11905E+02
3.15429688E+07,-1.04005E+02
3.15460205E+07,-1.06885E+02
3.15490723E+07,-1.12705E+02
3.15521240E+07,-9.96454E+01
3.15551758E+07,-9.68454E+01
3.15582275E+07,-9.68654E+01
3.15612793E+07,-9.49454E+01
3.15643311E+07,-1.10705E+02
3.15673828E+07,-1.02565E+02
3.15704346E+07,-1.00085E+02
3.15734863E+07,-9.31654E+01
3.15765381E+07,-9.57454E+01
3.15795898E+07,-1.06125E+02
3.15826416E+07,-1.00985E+02
3.15856934E+07,-9.68454E+01
3.15887451E+07,-1.00285E+02
3.15917969E+07,-9.68854E+01
3.15948486E+07,-9.05654E+01
3.15979004E+07,-8.94854E+01
3.16009521E+07,-9.71654E+01
3.16040039E+07,-1.00365E+02
3.16070557E+07,-1.02125E+02
3.16101074E+07,-1.12705E+02
3.16131592E+07,-1.01345E+02
3.16162109E+07,-1.01205E+02
3.16192627E+07,-1.04185E+02
3.16223145E+07,-9.25054E+01
3.16253662E+07,-8.93854E+01
3.16284180E+07,-9.85854E+01
3.16314697E+07,-9.94054E+01
3.16345215E+07,-1.01085E+02
3.16375732E+07,-1.04445E+02
3.16406250E+07,-1.06385E+02
3.16436768E+07,-1.18825E+02
3.16467285E+07,-9.89254E+01
3.16497803E+07,-9.46654E+01
3.16528320E+07,-1.01625E+02
3.16558838E+07,-1.00145E+02
3.16589355E+07,-9.88454E+01
3.16619873E+07,-1.02765E+02
3.16650391E+07,-1.04845E+02
3.16680908E+07,-1.10725E+02
3.16711426E+07,-9.69254E+01
3.16741943E+07,-9.04854E+01
3.16772461E+07,-9.08654E+01
3.16802979E+07,-9.65654E+01
3.16833496E+07,-9.88454E+01
3.16864014E+07,-9.76854E+01
3.16894531E+07,-1.03505E+02
3.16925049E+07,-1.09805E+02
3.16955566E+07,-9.80254E+01
3.16986084E+07,-9.82654E+01
3.17016602E+07,-1.08325E+02
3.17047119E+07,-1.01225E+02
3.17077637E+07,-1.05685E+02
3.17108154E+07,-1.21985E+02
3.17138672E+07,-1.10025E+02
3.17169189E+07,-1.08045E+02
3.17199707E+07,-9.89454E+01
3.17230225E+07,-8.97254E+01
3.17260742E+07,-9.25054E+01
3.17291260E+07,-1.06845E+02
3.17321777E+07,-9.75254E+01
3.17352295E+07,-9.52254E+01
3.17382812E+07,-1.02005E+02
3.17413330E+07,-9.88254E+01
3.17443848E+07,-1.02925E+02
3.17474365E+07,-1.08445E+02
3.17504883E+07,-1.03665E+02
3.17535400E+07,-9.53454E+01
3.17565918E+07,-9.97654E+01
3.17596436E+07,-1.37025E+02
3.17626953E+07,-1.06505E+02
3.17657471E+07,-9.65254E+01
3.17687988E+07,-9.33254E+01
3.17718506E+07,-9.78054E+01
3.17749023E+07,-9.55854E+01
3.17779541E+07,-1.02505E+02
3.17810059E+07,-1.05725E+02
3.17840576E+07,-1.08325E+02
3.17871094E+07,-1.04925E+02
3.17901611E+07,-1.03545E+02
3.17932129E+07,-1.02045E+02
3.17962646E+07,-1.02485E+02
3.17993164E+07,-1.01065E+02
3.18023682E+07,-9.72054E+01
3.18054199E+07,-1.08845E+02
3.18084717E+07,-1.02925E+02
3.18115234E+07,-1.02245E+02
3.18145752E+07,-1.00085E+02
3.18176270E+07,-9.84254E+01
3.18206787E+07,-9.71254E+01
3.18237305E+07,-9.02854E+01
3.18267822E+07,-8.97854E+01
3.18298340E+07,-9.44254E+01
3.18328857E+07,-9.80054E+01
3.18359375E+07,-9.99054E+01
3.18389893E+07,-1.08565E+02
3.18420410E+07,-1.08125E+02
3.18450928E+07,-9.90454E+01
3.18481445E+07,-9.56054E+01
3.18511963E+07,-9.40454E+01
3.18542480E+07,-9.47254E+01
3.18572998E+07,-9.75054E+01
3.18603516E+07,-1.00765E+02
3.18634033E+07,-1.07485E+02
3.18664551E+07,-1.10045E+02
3.18695068E+07,-1.10365E+02
3.18725586E+07,-9.80054E+01
3.18756104E+07,-9.40454E+01
3.18786621E+07,-9.94254E+01
3.18817139E+07,-1.05325E+02
3.18847656E+07,-1.03505E+02
3.18878174E+07,-1.04905E+02
3.18908691E+07,-1.03065E+02
3.18939209E+07,-1.00425E+02
3.18969727E+07,-9.98854E+01
3.19000244E+07,-9.47054E+01
3.19030762E+07,-9.23854E+01
3.19061279E+07,-9.40054E+01
3.19091797E+07,-1.01505E+02
3.19122314E+07,-1.03765E+02
3.19152832E+07,-9.94054E+01
3.19183350E+07,-1.01625E+02
3.19213867E+07,-9.80054E+01
3.19244385E+07,-9.00254E+01
3.19274902E+07,-9.25254E+01
3.19305420E+07,-1.14265E+02
3.19335938E+07,-1.15585E+02
3.19366455E+07,-1.14845E+02
3.19396973E+07,-1.04785E+02
3.19427490E+07,-9.93454E+01
3.19458008E+07,-1.00225E+02
3.19488525E+07,-1.03965E+02
3.19519043E+07,-9.95054E+01
3.19549561E+07,-1.00045E+02
3.19580078E+07,-9.46454E+01
3.19610596E+07,-1.06665E+02
3.19641113E+07,-9.79054E+01
3.19671631E+07,-9.92254E+01
3.19702148E+07,-1.00325E+02
3.19732666E+07,-9.10854E+01
3.19763184E+07,-9.14454E+01
3.19793701E+07,-1.02585E+02
3.19824219E+07,-1.07385E+02
3.19854736E+07,-9.80254E+01
3.19885254E+07,-9.41454E+01
3.19915771E+07,-9.77454E+01
3.19946289E+07,-1.06705E+02
3.19976807E+07,-1.00025E+02
3.20007324E+07,-9.77254E+01
3.20037842E+07,-9.66854E+01
3.20068359E+07,-1.08325E+02
3.20098877E+07,-9.92654E+01
3.20129395E+07,-1.03545E+02
3.20159912E+07,-9.98054E+01
3.20190430E+07,-1.02165E+02
3.20220947E+07,-1.00085E+02
3.20251465E+07,-9.33254E+01
3.20281982E+07,-1.00285E+02
3.20312500E+07,-1.04985E+02
3.20343018E+07,-1.03845E+02
3.20373535E+07,-1.09105E+02
3.20404053E+07,-1.02365E+02
3.20434570E+07,-9.84054E+01
3.20465088E+07,-9.39254E+01
3.20495605E+07,-9.42254E+01
3.20526123E+07,-9.76454E+01
3.20556641E+07,-9.79454E+01
3.20587158E+07,-9.91054E+01
3.20617676E+07,-1.00825E+02
3.20648193E+07,-1.03925E+02
3.20678711E+07,-9.98654E+01
3.20709229E+07,-9.36254E+01
3.20739746E+07,-8.84854E+01
3.20770264E+07,-8.84254E+01
3.20800781E+07,-9.08254E+01
3.20831299E+07,-9.48854E+01
3.20861816E+07,-9.96054E+01
3.20892334E+07,-9.76654E+01
3.20922852E+07,-9.60254E+01
3.20953369E+07,-1.00085E+02
3.20983887E+07,-9.86854E+01
3.21014404E+07,-9.16454E+01
3.21044922E+07,-9.44654E+01
3.21075439E+07,-1.06685E+02
3.21105957E+07,-1.00445E+02
3.21136475E+07,-1.03585E+02
3.21166992E+07,-1.12245E+02
3.21197510E+07,-1.02305E+02
3.21228027E+07,-8.92454E+01
3.21258545E+07,-8.75054E+01
3.21289062E+07,-9.59654E+01
3.21319580E+07,-9.61254E+01
3.21350098E+07,-9.59254E+01
3.21380615E+07,-9.55254E+01
3.21411133E+07,-1.02085E+02
3.21441650E+07,-1.00745E+02
3.21472168E+07,-1.02585E+02
3.21502686E+07,-1.01185E+02
3.21533203E+07,-9.47654E+01
3.21563721E+07,-9.47454E+01
3.21594238E+07,-1.04305E+02
3.21624756E+07,-1.11585E+02
3.21655273E+07,-1.00905E+02
3.21685791E+07,-9.56254E+01
3.21716309E+07,-1.02805E+02
3.21746826E+07,-9.01854E+01
3.21777344E+07,-9.09654E+01
3.21807861E+07,-9.68054E+01
3.21838379E+07,-9.58054E+01
3.21868896E+07,-1.04485E+02
3.21899414E+07,-1.02425E+02
3.21929932E+07,-1.00205E+02
3.21960449E+07,-9.89854E+01
3.21990967E+07,-9.80854E+01
3.22021484E+07,-9.65454E+01
3.22052002E+07,-1.09565E+02
3.22082520E+07,-1.09205E+02
3.22113037E+07,-1.08545E+02
3.22143555E+07,-1.05585E+02
3.22174072E+07,-9.83054E+01
3.22204590E+07,-9.45254E+01
3.22235107E+07,-1.07885E+02
3.22265625E+07,-9.79454E+01
3.22296143E+07,-9.62854E+01
3.22326660E+07,-1.05005E+02
3.22357178E+07,-1.03705E+02
3.22387695E+07,-1.04045E+02
3.22418213E+07,-1.00365E+02
3.22448730E+07,-9.89454E+01
3.22479248E+07,-1.04945E+02
3.22509766E+07,-1.07165E+02
3.22540283E+07,-1.04845E+02
3.22570801E+07,-9.55254E+01
3.22601318E+07,-1.01385E+02
3.22631836E+07,-1.03505E+02
3.22662354E+07,-1.02705E+02
3.22692871E+07,-1.05505E+02
3.22723389E+07,-1.01945E+02
3.22753906E+07,-1.00745E+02
3.22784424E+07,-9.46854E+01
3.22814941E+07,-9.99454E+01
3.22845459E+07,-1.08125E+02
3.22875977E+07,-1.04085E+02
3.22906494E+07,-1.04265E+02
3.22937012E+07,-1.06645E+02
3.22967529E+07,-1.01665E+02
3.22998047E+07,-1.05665E+02
3.23028564E+07,-9.84854E+01
3.23059082E+07,-1.05505E+02
3.23089600E+07,-1.01325E+02
3.23120117E+07,-1.00685E+02
3.23150635E+07,-1.00745E+02
3.23181152E+07,-9.91854E+01
3.23211670E+07,-1.03225E+02
3.23242188E+07,-1.06565E+02
3.23272705E+07,-1.07525E+02
3.23303223E+07,-1.16385E+02
3.23333740E+07,-1.01205E+02
3.23364258E+07,-9.53654E+01
3.23394775E+07,-9.66454E+01
3.23425293E+07,-1.00705E+02
3.23455811E+07,-9.70054E+01
3.23486328E+07,-1.06025E+02
3.23516846E+07,-1.07285E+02
3.23547363E+07,-1.01065E+02
3.23577881E+07,-1.07525E+02
3.23608398E+07,-1.09365E+02
3.23638916E+07,-1.09905E+02
3.23669434E+07,-1.04825E+02
3.23699951E+07,-1.02505E+02
3.23730469E+07,-1.07325E+02
3.23760986E+07,-9.90054E+01
3.23791504E+07,-9.72054E+01
3.23822021E+07,-1.00365E+02
3.23852539E+07,-9.70254E+01
3.23883057E+07,-9.37254E+01
3.23913574E+07,-9.66854E+01
3.23944092E+07,-1.00845E+02
3.23974609E+07,-1.03365E+02
3.24005127E+07,-9.63054E+01
3.24035645E+07,-1.17825E+02
3.24066162E+07,-1.07065E+02
3.24096680E+07,-1.01865E+02
3.24127197E+07,-1.01145E+02
3.24157715E+07,-1.00025E+02
3.24188232E+07,-9.74254E+01
3.24218750E+07,-9.66054E+01
3.24249268E+07,-9.76654E+01
3.24279785E+07,-1.00405E+02
3.24310303E+07,-1.06125E+02
3.24340820E+07,-1.01365E+02
3.24371338E+07,-1.08845E+02
3.24401855E+07,-1.05525E+02
3.24432373E+07,-1.01745E+02
3.24462891E+07,-1.01345E+02
3.24493408E+07,-9.78854E+01
3.24523926E+07,-1.01205E+02
3.24554443E+07,-9.88454E+01
3.24584961E+07,-9.59054E+01
3.24615479E+07,-9.78854E+01
3.24645996E+07,-1.02365E+02
3.24676514E+07,-9.99454E+01
3.24707031E+07,-9.78654E+01
3.24737549E+07,-1.09545E+02
3.24768066E+07,-1.02905E+02
3.24798584E+07,-9.64054E+01
3.24829102E+07,-9.77254E+01
3.24859619E+07,-1.08745E+02
3.24890137E+07,-1.02925E+02
3.24920654E+07,-9.52854E+01
3.24951172E+07,-9.72854E+01
3.24981689E+07,-1.13585E+02
3.25012207E+07,-1.02285E+02
3.25042725E+07,-1.16585E+02
3.25073242E+07,-1.01045E+02
3.25103760E+07,-9.91654E+01
3.25134277E+07,-9.87654E+01
3.25164795E+07,-1.04885E+02
3.25195312E+07,-1.08405E+02
3.25225830E+07,-9.87454E+01
3.25256348E+07,-9.69654E+01
3.25286865E+07,-9.86254E+01
3.25317383E+07,-9.95854E+01
3.25347900E+07,-9.78254E+01
3.25378418E+07,-9.96054E+01
3.25408936E+07,-1.05325E+02
3.25439453E+07,-1.02485E+02
3.25469971E+07,-1.04225E+02
3.25500488E+07,-9.84454E+01
3.25531006E+07,-9.90054E+01
3.25561523E+07,-9.96454E+01
3.25592041E+07,-9.73454E+01
3.25622559E+07,-1.20345E+02
3.25653076E+07,-1.00865E+02
3.25683594E+07,-9.75254E+01
3.25714111E+07,-9.25254E+01
3.25744629E+07,-9.32654E+01
3.25775146E+07,-9.66054E+01
3.25805664E+07,-1.04185E+02
3.25836182E+07,-1.08485E+02
3.25866699E+07,-9.91454E+01
3.25897217E+07,-9.63654E+01
3.25927734E+07,-9.74454E+01
3.25958252E+07,-1.03305E+02
3.25988770E+07,-9.59054E+01
3.26019287E+07,-9.45654E+01
3.26049805E+07,-1.04625E+02
3.26080322E+07,-1.06045E+02
3.26110840E+07,-9.86454E+01
3.26141357E+07,-9.77454E+01
3.26171875E+07,-1.01705E+02
3.26202393E+07,-1.00225E+02
3.26232910E+07,-1.04685E+02
3.26263428E+07,-1.07985E+02
3.26293945E+07,-1.02065E+02
3.26324463E+07,-1.06845E+02
3.26354980E+07,-1.13405E+02
3.26385498E+07,-1.03065E+02
3.26416016E+07,-9.64854E+01
3.26446533E+07,-9.61054E+01
3.26477051E+07,-9.69654E+01
3.26507568E+07,-9.73054E+01
3.26538086E+07,-1.04445E+02
3.26568604E+07,-1.11985E+02
3.26599121E+07,-1.01905E+02
3.26629639E+07,-9.59454E+01
3.26660156E+07,-1.02705E+02
3.26690674E+07,-1.00125E+02
3.26721191E+07,-1.01865E+02
3.26751709E+07,-9.72054E+01
3.26782227E+07,-9.41454E+01
3.26812744E+07,-9.59254E+01
3.26843262E+07,-1.08785E+02
3.26873779E+07,-1.02085E+02
3.26904297E+07,-1.01805E+02
3.26934814E+07,-9.72854E+01
3.26965332E+07,-1.02225E+02
3.26995850E+07,-1.11205E+02
3.27026367E+07,-1.05145E+02
3.27056885E+07,-1.02485E+02
3.27087402E+07,-1.05525E+02
3.27117920E+07,-1.02745E+02
3.27148438E+07,-1.08885E+02
3.27178955E+07,-1.02765E+02
3.27209473E+07,-9.71654E+01
3.27239990E+07,-1.00865E+02
3.27270508E+07,-1.00685E+02
3.27301025E+07,-9.86854E+01
3.27331543E+07,-1.04525E+02
3.27362061E+07,-1.21425E+02
3.27392578E+07,-1.00105E+02
3.27423096E+07,-9.83254E+01
3.27453613E+07,-1.06305E+02
3.27484131E+07,-1.08345E+02
3.27514648E+07,-1.07885E+02
3.27545166E+07,-1.00845E+02
3.27575684E+07,-1.06505E+02
3.27606201E+07,-9.61054E+01
3.27636719E+07,-1.00985E+02
3.27667236E+07,-9.82854E+01
3.27697754E+07,-9.56254E+01
3.27728271E+07,-9.63654E+01
3.27758789E+07,-9.56254E+01
3.27789307E+07,-9.99454E+01
3.27819824E+07,-9.59454E+01
3.27850342E+07,-9.48454E+01
3.27880859E+07,-9.81454E+01
3.27911377E+07,-1.16965E+02
3.27941895E+07,-1.03725E+02
3.27972412E+07,-9.70054E+01
3.28002930E+07,-9.45854E+01
3.28033447E+07,-9.72254E+01
3.28063965E+07,-1.02965E+02
3.28094482E+07,-1.01885E+02
3.28125000E+07,-1.01585E+02
3.28155518E+07,-1.06885E+02
3.28186035E+07,-1.00845E+02
3.28216553E+07,-9.78654E+01
3.28247070E+07,-1.06445E+02
3.28277588E+07,-1.04225E+02
3.28308105E+07,-9.96054E+01
3.28338623E+07,-1.00025E+02
3.28369141E+07,-1.02145E+02
3.28399658E+07,-1.08805E+02
3.28430176E+07,-1.05965E+02
3.28460693E+07,-1.12565E+02
3.28491211E+07,-1.00325E+02
3.28521729E+07,-9.94054E+01
3.28552246E+07,-1.03965E+02
3.28582764E+07,-1.00685E+02
3.28613281E+07,-9.45254E+01
3.28643799E+07,-1.01205E+02
3.28674316E+07,-9.83654E+01
3.28704834E+07,-9.25854E+01
3.28735352E+07,-9.88854E+01
3.28765869E+07,-1.09725E+02
3.28796387E+07,-1.18825E+02
3.28826904E+07,-1.06505E+02
3.28857422E+07,-9.86454E+01
3.28887939E+07,-9.47254E+01
3.28918457E+07,-9.43054E+01
3.28948975E+07,-1.02765E+02
3.28979492E+07,-1.01385E+02
3.29010010E+07,-1.02125E+02
3.29040527E+07,-9.84254E+01
3.29071045E+07,-9.24854E+01
3.29101562E+07,-9.51854E+01
3.29132080E+07,-1.05965E+02
3.29162598E+07,-1.01425E+02
3.29193115E+07,-1.01565E+02
3.29223633E+07,-1.04825E+02
3.29254150E+07,-1.02385E+02
3.29284668E+07,-1.00805E+02
3.29315186E+07,-1.03505E+02
3.29345703E+07,-9.24254E+01
3.29376221E+07,-9.65654E+01
3.29406738E+07,-9.55054E+01
3.29437256E+07,-1.00185E+02
3.29467773E+07,-1.02045E+02
3.29498291E+07,-1.04605E+02
3.29528809E+07,-9.92454E+01
3.29559326E+07,-1.00925E+02
3.29589844E+07,-9.63654E+01
3.29620361E+07,-1.00425E+02
3.29650879E+07,-1.02685E+02
3.29681396E+07,-1.11425E+02
3.29711914E+07,-1.01405E+02
3.29742432E+07,-9.65254E+01
3.29772949E+07,-1.15905E+02
3.29803467E+07,-1.01625E+02
3.29833984E+07,-1.03445E+02
3.29864502E+07,-9.68254E+01
3.29895020E+07,-1.02965E+02
3.29925537E+07,-9.62454E+01
3.29956055E+07,-9.48654E+01
3.29986572E+07,-9.87854E+01
3.30017090E+07,-1.10825E+02
3.30047607E+07,-1.03885E+02
3.30078125E+07,-9.67654E+01
3.30108643E+07,-9.52454E+01
3.30139160E+07,-9.97654E+01
3.30169678E+07,-1.03805E+02
3.30200195E+07,-1.03625E+02
3.30230713E+07,-1.06785E+02
3.30261230E+07,-1.04805E+02
3.30291748E+07,-1.05965E+02
3.30322266E+07,-1.06745E+02
3.30352783E+07,-1.03225E+02
3.30383301E+07,-1.02565E+02
3.30413818E+07,-1.07945E+02
3.30444336E+07,-1.07525E+02
3.30474854E+07,-9.94654E+01
3.30505371E+07,-1.00745E+02
3.30535889E+07,-1.14725E+02
3.30566406E+07,-1.02565E+02
3.30596924E+07,-1.01525E+02
3.30627441E+07,-1.05805E+02
3.30657959E+07,-1.01425E+02
3.30688477E+07,-9.85654E+01
3.30718994E+07,-9.95254E+01
3.30749512E+07,-1.07205E+02
3.30780029E+07,-9.97654E+01
3.30810547E+07,-1.13625E+02
3.30841064E+07,-1.17505E+02
3.30871582E+07,-1.06585E+02
3.30902100E+07,-1.11965E+02
3.30932617E+07,-1.05565E+02
3.30963135E+07,-1.19445E+02
3.30993652E+07,-9.80254E+01
3.31024170E+07,-9.70854E+01
3.31054688E+07,-9.45254E+01
3.31085205E+07,-9.74654E+01
3.31115723E+07,-9.61454E+01
3.31146240E+07,-1.00545E+02
3.31176758E+07,-9.62654E+01
3.31207275E+07,-9.64254E+01
3.31237793E+07,-1.03725E+02
3.31268311E+07,-9.49654E+01
3.31298828E+07,-9.54254E+01
3.31329346E+07,-1.02805E+02
3.31359863E+07,-9.84454E+01
3.31390381E+07,-9.56054E+01
3.31420898E+07,-9.52654E+01
3.31451416E+07,-9.45454E+01
3.31481934E+07,-1.01345E+02
3.31512451E+07,-1.13585E+02
3.31542969E+07,-1.04685E+02
3.31573486E+07,-1.02425E+02
3.31604004E+07,-1.09305E+02
3.31634521E+07,-1.10025E+02
3.31665039E+07,-1.04925E+02
3.31695557E+07,-9.91854E+01
3.31726074E+07,-1.00285E+02
3.31756592E+07,-1.04765E+02
3.31787109E+07,-1.09845E+02
3.31817627E+07,-9.90254E+01
3.31848145E+07,-9.87054E+01
3.31878662E+07,-9.81854E+01
3.31909180E+07,-9.45654E+01
3.31939697E+07,-9.25254E+01
3.31970215E+07,-9.26454E+01
3.32000732E+07,-9.46054E+01
3.32031250E+07,-9.76254E+01
3.32061768E+07,-9.84654E+01
3.32092285E+07,-9.22854E+01
3.32122803E+07,-9.09054E+01
3.32153320E+07,-9.58254E+01
3.32183838E+07,-1.01345E+02
3.32214355E+07,-1.03405E+02
3.32244873E+07,-9.87454E+01
3.32275391E+07,-9.37654E+01
3.32305908E+07,-9.82254E+01
3.32336426E+07,-1.01305E+02
3.32366943E+07,-1.02925E+02
3.32397461E+07,-1.04385E+02
3.32427979E+07,-1.05185E+02
3.32458496E+07,-9.81254E+01
3.32489014E+07,-1.00365E+02
3.32519531E+07,-1.02085E+02
3.32550049E+07,-1.02645E+02
3.32580566E+07,-1.00865E+02
3.32611084E+07,-9.85654E+01
3.32641602E+07,-1.02705E+02
3.32672119E+07,-9.75654E+01
3.32702637E+07,-9.61454E+01
3.32733154E+07,-9.89854E+01
3.32763672E+07,-1.01505E+02
3.32794189E+07,-1.05525E+02
3.32824707E+07,-9.76454E+01
3.32855225E+07,-1.02965E+02
3.32885742E+07,-1.06585E+02
3.32916260E+07,-1.03965E+02
3.32946777E+07,-9.54654E+01
3.32977295E+07,-9.68454E+01
3.33007812E+07,-1.13545E+02
3.33038330E+07,-1.03305E+02
3.33068848E+07,-9.51454E+01
3.33099365E+07,-9.37054E+01
3.33129883E+07,-9.74854E+01
3.33160400E+07,-1.09745E+02
3.33190918E+07,-9.59454E+01
3.33221436E+07,-9.13454E+01
3.33251953E+07,-9.19054E+01
3.33282471E+07,-9.80454E+01
3.33312988E+07,-1.00585E+02
3.33343506E+07,-9.77254E+01
3.33374023E+07,-9.70254E+01
3.33404541E+07,-9.41854E+01
3.33435059E+07,-1.03885E+02
3.33465576E+07,-1.01625E+02
3.33496094E+07,-1.01365E+02
3.33526611E+07,-9.84654E+01
3.33557129E+07,-9.94454E+01
3.33587646E+07,-9.82054E+01
3.33618164E+07,-1.09725E+02
3.33648682E+07,-1.05145E+02
3.33679199E+07,-1.01785E+02
3.33709717E+07,-1.02045E+02
3.33740234E+07,-1.00765E+02
3.33770752E+07,-1.05805E+02
3.33801270E+07,-1.04345E+02
3.33831787E+07,-9.65654E+01
3.33862305E+07,-9.75054E+01
3.33892822E+07,-1.03265E+02
3.33923340E+07,-9.69254E+01
3.33953857E+07,-9.36254E+01
3.33984375E+07,-9.70454E+01
3.34014893E+07,-1.11185E+02
3.34045410E+07,-1.00885E+02
3.34075928E+07,-9.73054E+01
3.34106445E+07,-9.86654E+01
3.34136963E+07,-1.10265E+02
3.34167480E+07,-1.03305E+02
3.34197998E+07,-1.00585E+02
3.34228516E+07,-9.83254E+01
3.34259033E+07,-9.69254E+01
3.34289551E+07,-9.78654E+01
3.34320068E+07,-1.07065E+02
3.34350586E+07,-1.06005E+02
3.34381104E+07,-1.05345E+02
3.34411621E+07,-1.00065E+02
3.34442139E+07,-9.72254E+01
3.34472656E+07,-1.06625E+02
3.34503174E+07,-9.68054E+01
3.34533691E+07,-9.35054E+01
3.34564209E+07,-9.51654E+01
3.34594727E+07,-9.71054E+01
3.34625244E+07,-1.03445E+02
3.34655762E+07,-1.13505E+02
3.34686279E+07,-1.11785E+02
3.34716797E+07,-1.10305E+02
3.34747314E+07,-1.02085E+02
3.34777832E+07,-9.89454E+01
3.34808350E+07,-1.10305E+02
3.34838867E+07,-9.97854E+01
3.34869385E+07,-9.60054E+01
3.34899902E+07,-9.93454E+01
3.34930420E+07,-1.11765E+02
3.34960938E+07,-1.04325E+02
3.34991455E+07,-9.78454E+01
3.35021973E+07,-9.63854E+01
3.35052490E+07,-1.00045E+02
3.35083008E+07,-9.78054E+01
3.35113525E+07,-9.91054E+01
3.35144043E+07,-1.06205E+02
3.35174561E+07,-9.93054E+01
3.35205078E+07,-9.63854E+01
3.35235596E+07,-9.67054E+01
3.35266113E+07,-9.84054E+01
3.35296631E+07,-9.67254E+01
3.35327148E+07,-1.02065E+02
3.35357666E+07,-1.01745E+02
3.35388184E+07,-1.09425E+02
3.35418701E+07,-1.00465E+02
3.35449219E+07,-1.05665E+02
3.35479736E+07,-9.51454E+01
3.35510254E+07,-9.49854E+01
3.35540771E+07,-9.61454E+01
3.35571289E+07,-9.45054E+01
3.35601807E+07,-1.02205E+02
3.35632324E+07,-1.01505E+02
3.35662842E+07,-1.17445E+02
3.35693359E+07,-1.01205E+02
3.35723877E+07,-1.01225E+02
3.35754395E+07,-1.05625E+02
3.35784912E+07,-1.19725E+02
3.35815430E+07,-1.03845E+02
3.35845947E+07,-9.72654E+01
3.35876465E+07,-9.92454E+01
3.35906982E+07,-1.06185E+02
3.35937500E+07,-1.03065E+02
3.35968018E+07,-1.02705E+02
3.35998535E+07,-1.03965E+02
3.36029053E+07,-1.04365E+02
3.36059570E+07,-1.05845E+02
3.36090088E+07,-9.61854E+01
3.36120605E+07,-9.49854E+01
3.36151123E+07,-9.63654E+01
3.36181641E+07,-1.02225E+02
3.36212158E+07,-1.06805E+02
3.36242676E+07,-1.04445E+02
3.36273193E+07,-1.00445E+02
3.36303711E+07,-1.12865E+02
3.36334229E+07,-9.98654E+01
3.36364746E+07,-9.70254E+01
3.36395264E+07,-9.62454E+01
3.36425781E+07,-9.79654E+01
3.36456299E+07,-1.10525E+02
3.36486816E+07,-9.95054E+01
3.36517334E+07,-9.81854E+01
3.36547852E+07,-1.06245E+02
3.36578369E+07,-1.00205E+02
3.36608887E+07,-1.23965E+02
3.36639404E+07,-9.90854E+01
3.36669922E+07,-9.56054E+01
3.36700439E+07,-9.87054E+01
3.36730957E+07,-1.04845E+02
3.36761475E+07,-9.97254E+01
3.36791992E+07,-9.72454E+01
3.36822510E+07,-9.65854E+01
3.36853027E+07,-9.82854E+01
3.36883545E+07,-1.06625E+02
3.36914062E+07,-1.01745E+02
3.36944580E+07,-9.65854E+01
3.36975098E+07,-9.92454E+01
3.37005615E+07,-1.02165E+02
3.37036133E+07,-1.01245E+02
3.37066650E+07,-1.05985E+02
3.37097168E+07,-1.08185E+02
3.37127686E+07,-1.00805E+02
3.37158203E+07,-9.80054E+01
3.37188721E+07,-9.93454E+01
3.37219238E+07,-9.59854E+01
3.37249756E+07,-9.54854E+01
3.37280273E+07,-1.02245E+02
3.37310791E+07,-9.80654E+01
3.37341309E+07,-9.87454E+01
3.37371826E+07,-1.02305E+02
3.37402344E+07,-9.64654E+01
3.37432861E+07,-9.52854E+01
3.37463379E+07,-9.96654E+01
3.37493896E+07,-1.06945E+02
3.37524414E+07,-9.89454E+01
3.37554932E+07,-9.76054E+01
3.37585449E+07,-1.00885E+02
3.37615967E+07,-1.02825E+02
3.37646484E+07,-9.92054E+01
3.37677002E+07,-9.70054E+01
3.37707520E+07,-1.08425E+02
3.37738037E+07,-9.97254E+01
3.37768555E+07,-9.78654E+01
3.37799072E+07,-9.91254E+01
3.37829590E+07,-1.19345E+02
3.37860107E+07,-9.80454E+01
3.37890625E+07,-1.01365E+02
3.37921143E+07,-1.02285E+02
3.37951660E+07,-1.05925E+02
3.37982178E+07,-1.02045E+02
3.38012695E+07,-9.97054E+01
3.38043213E+07,-9.87454E+01
3.38073730E+07,-9.77454E+01
3.38104248E+07,-1.00205E+02
3.38134766E+07,-1.04005E+02
3.38165283E+07,-1.12525E+02
3.38195801E+07,-1.00165E+02
3.38226318E+07,-9.44854E+01
3.38256836E+07,-1.01005E+02
3.38287354E+07,-1.12985E+02
3.38317871E+07,-1.02745E+02
3.38348389E+07,-1.00865E+02
3.38378906E+07,-9.85454E+01
3.38409424E+07,-1.00185E+02
3.38439941E+07,-1.02365E+02
3.38470459E+07,-9.69854E+01
3.38500977E+07,-1.01525E+02
3.38531494E+07,-9.81254E+01
3.38562012E+07,-1.08685E+02
3.38592529E+07,-1.02305E+02
3.38623047E+07,-1.01985E+02
3.38653564E+07,-9.93854E+01
3.38684082E+07,-9.98454E+01
3.38714600E+07,-1.08765E+02
3.38745117E+07,-1.05065E+02
3.38775635E+07,-9.57654E+01
3.38806152E+07,-9.69454E+01
3.38836670E+07,-1.03225E+02
3.38867188E+07,-1.18765E+02
3.38897705E+07,-1.22485E+02
3.38928223E+07,-1.03545E+02
3.38958740E+07,-1.01645E+02
3.38989258E+07,-1.01945E+02
3.39019775E+07,-9.72254E+01
3.39050293E+07,-9.57654E+01
3.39080811E+07,-9.32654E+01
3.39111328E+07,-9.64254E+01
3.39141846E+07,-1.04825E+02
3.39172363E+07,-1.08345E+02
3.39202881E+07,-9.83054E+01
3.39233398E+07,-9.40854E+01
3.39263916E+07,-9.33254E+01
3.39294434E+07,-9.85054E+01
3.39324951E+07,-9.95054E+01
3.39355469E+07,-9.43654E+01
3.39385986E+07,-9.28054E+01
3.39416504E+07,-9.65854E+01
3.39447021E+07,-1.00085E+02
3.39477539E+07,-1.02585E+02
3.39508057E+07,-1.02445E+02
3.39538574E+07,-1.00645E+02
3.39569092E+07,-9.74454E+01
3.39599609E+07,-1.01685E+02
3.39630127E+07,-1.02525E+02
3.39660645E+07,-1.01065E+02
3.39691162E+07,-1.04805E+02
3.39721680E+07,-1.07205E+02
3.39752197E+07,-1.09325E+02
3.39782715E+07,-1.02905E+02
3.39813232E+07,-1.11325E+02
3.39843750E+07,-1.11865E+02
3.39874268E+07,-1.04825E+02
3.39904785E+07,-1.00565E+02
3.39935303E+07,-1.03405E+02
3.39965820E+07,-9.92454E+01
3.39996338E+07,-9.68054E+01
3.40026855E+07,-9.82654E+01
3.40057373E+07,-1.07885E+02
3.40087891E+07,-1.07245E+02
3.40118408E+07,-9.98054E+01
3.40148926E+07,-9.85654E+01
3.40179443E+07,-1.04645E+02
3.40209961E+07,-9.89454E+01
3.40240479E+07,-9.76854E+01
3.40270996E+07,-9.94054E+01
3.40301514E+07,-1.07445E+02
3.40332031E+07,-1.01665E+02
3.40362549E+07,-9.92054E+01
3.40393066E+07,-9.82054E+01
3.40423584E+07,-1.04145E+02
3.40454102E+07,-1.11285E+02
3.40484619E+07,-1.04965E+02
3.40515137E+07,-1.06085E+02
3.40545654E+07,-1.08125E+02
3.40576172E+07,-9.94854E+01
3.40606689E+07,-9.77654E+01
3.40637207E+07,-1.04845E+02
3.40667725E+07,-9.94454E+01
3.40698242E+07,-1.12325E+02
3.40728760E+07,-9.86454E+01
3.40759277E+07,-9.93454E+01
3.40789795E+07,-1.05505E+02
3.40820312E+07,-9.82254E+01
3.40850830E+07,-9.43854E+01
3.40881348E+07,-9.34654E+01
3.40911865E+07,-1.04145E+02
3.40942383E+07,-9.86054E+01
3.40972900E+07,-9.63454E+01
3.41003418E+07,-9.56454E+01
3.41033936E+07,-9.72054E+01
3.41064453E+07,-1.00545E+02
3.41094971E+07,-1.01645E+02
3.41125488E+07,-1.07485E+02
3.41156006E+07,-1.09245E+02
3.41186523E+07,-1.00645E+02
3.41217041E+07,-1.02585E+02
3.41247559E+07,-1.00125E+02
3.41278076E+07,-9.94654E+01
3.41308594E+07,-1.02205E+02
3.41339111E+07,-1.06685E+02
3.41369629E+07,-1.00725E+02
3.41400146E+07,-9.88254E+01
3.41430664E+07,-1.09665E+02
3.41461182E+07,-1.01525E+02
3.41491699E+07,-1.15385E+02
3.41522217E+07,-1.03325E+02
3.41552734E+07,-1.01305E+02
3.41583252E+07,-1.02765E+02
3.41613770E+07,-1.01045E+02
3.41644287E+07,-1.03845E+02
3.41674805E+07,-1.01485E+02
3.41705322E+07,-1.06565E+02
3.41735840E+07,-1.05265E+02
3.41766357E+07,-1.02985E+02
3.41796875E+07,-1.05545E+02
3.41827393E+07,-1.04885E+02
3.41857910E+07,-1.12585E+02
3.41888428E+07,-1.09725E+02
3.41918945E+07,-1.07325E+02
3.41949463E+07,-1.02305E+02
3.41979980E+07,-1.12705E+02
3.42010498E+07,-1.03185E+02
3.42041016E+07,-9.64854E+01
3.42071533E+07,-9.68454E+01
3.42102051E+07,-1.06885E+02
3.42132568E+07,-9.96454E+01
3.42163086E+07,-1.02625E+02
3.42193604E+07,-1.00645E+02
3.42224121E+07,-1.06365E+02
3.42254639E+07,-9.79854E+01
3.42285156E+07,-9.77054E+01
3.42315674E+07,-1.02385E+02
3.42346191E+07,-1.02385E+02
3.42376709E+07,-1.07525E+02
3.42407227E+07,-1.13445E+02
3.42437744E+07,-1.03885E+02
3.42468262E+07,-1.02685E+02
3.42498779E+07,-1.11905E+02
3.42529297E+07,-9.55054E+01
3.42559814E+07,-9.53054E+01
3.42590332E+07,-9.67254E+01
3.42620850E+07,-9.60854E+01
3.42651367E+07,-1.01365E+02
3.42681885E+07,-1.00285E+02
3.42712402E+07,-9.49454E+01
3.42742920E+07,-9.51254E+01
3.42773438E+07,-9.39254E+01
3.42803955E+07,-9.52054E+01
3.42834473E+07,-1.03465E+02
3.42864990E+07,-9.69254E+01
3.42895508E+07,-9.51054E+01
3.42926025E+07,-9.85454E+01
3.42956543E+07,-1.02765E+02
3.42987061E+07,-1.06445E+02
3.43017578E+07,-9.51854E+01
3.43048096E+07,-9.51654E+01
3.43078613E+07,-9.54854E+01
3.43109131E+07,-9.55254E+01
3.43139648E+07,-9.27454E+01
3.43170166E+07,-9.29654E+01
3.43200684E+07,-1.01585E+02
3.43231201E+07,-1.03725E+02
3.43261719E+07,-1.02425E+02
3.43292236E+07,-1.04085E+02
3.43322754E+07,-9.67254E+01
3.43353271E+07,-9.92454E+01
3.43383789E+07,-9.77054E+01
3.43414307E+07,-9.78254E+01
3.43444824E+07,-1.01005E+02
3.43475342E+07,-9.31654E+01
3.43505859E+07,-9.41454E+01
3.43536377E+07,-1.01985E+02
3.43566895E+07,-9.54454E+01
3.43597412E+07,-9.35854E+01
3.43627930E+07,-9.59054E+01
3.43658447E+07,-9.84654E+01
3.43688965E+07,-9.64454E+01
3.43719482E+07,-1.00025E+02
3.43750000E+07,-9.27654E+01
3.43780518E+07,-9.78454E+01
3.43811035E+07,-9.91054E+01
3.43841553E+07,-1.01005E+02
3.43872070E+07,-1.01665E+02
3.43902588E+07,-9.71654E+01
3.43933105E+07,-1.01105E+02
3.43963623E+07,-1.09545E+02
3.43994141E+07,-1.08385E+02
3.44024658E+07,-1.00125E+02
3.44055176E+07,-9.54254E+01
3.44085693E+07,-1.07845E+02
3.44116211E+07,-1.00725E+02
3.44146729E+07,-9.42654E+01
3.44177246E+07,-9.63654E+01
3.44207764E+07,-1.14545E+02
3.44238281E+07,-1.00005E+02
3.44268799E+07,-1.00805E+02
3.44299316E+07,-9.56454E+01
3.44329834E+07,-9.70254E+01
3.44360352E+07,-9.86454E+01
3.44390869E+07,-1.01225E+02
3.44421387E+07,-9.79654E+01
3.44451904E+07,-9.71654E+01
3.44482422E+07,-9.97854E+01
3.44512939E+07,-9.97454E+01
3.44543457E+07,-1.04825E+02
3.44573975E+07,-9.60454E+01
3.44604492E+07,-1.00465E+02
3.44635010E+07,-1.04485E+02
3.44665527E+07,-9.83654E+01
3.44696045E+07,-9.66254E+01
3.44726562E+07,-1.07825E+02
3.44757080E+07,-1.04225E+02
3.44787598E+07,-1.02645E+02
3.44818115E+07,-9.84854E+01
3.44848633E+07,-1.03325E+02
3.44879150E+07,-1.01985E+02
3.44909668E+07,-9.72054E+01
3.44940186E+07,-9.99654E+01
3.44970703E+07,-1.07785E+02
3.45001221E+07,-1.04265E+02
3.45031738E+07,-9.94454E+01
3.45062256E+07,-1.03225E+02
3.45092773E+07,-9.74054E+01
3.45123291E+07,-9.73854E+01
3.45153809E+07,-1.02385E+02
3.45184326E+07,-1.07865E+02
3.45214844E+07,-1.00025E+02
3.45245361E+07,-1.03185E+02
3.45275879E+07,-9.24254E+01
3.45306396E+07,-9.49654E+01
3.45336914E+07,-9.76454E+01
3.45367432E+07,-1.02125E+02
3.45397949E+07,-1.00725E+02
3.45428467E+07,-9.80254E+01
3.45458984E+07,-1.08945E+02
3.45489502E+07,-1.12765E+02
3.45520020E+07,-1.04885E+02
3.45550537E+07,-1.03765E+02
3.45581055E+07,-1.15985E+02
3.45611572E+07,-1.02005E+02
3.45642090E+07,-9.95854E+01
3.45672607E+07,-1.08405E+02
3.45703125E+07,-1.01225E+02
3.45733643E+07,-9.96054E+01
3.45764160E+07,-9.26254E+01
3.45794678E+07,-9.69054E+01
3.45825195E+07,-9.85854E+01
3.45855713E+07,-9.48254E+01
3.45886230E+07,-9.29654E+01
3.45916748E+07,-9.61254E+01
3.45947266E+07,-9.66254E+01
3.45977783E+07,-9.50254E+01
3.46008301E+07,-1.04625E+02
3.46038818E+07,-9.63254E+01
3.46069336E+07,-9.85054E+01
3.46099854E+07,-1.01945E+02
3.46130371E+07,-9.89054E+01
3.46160889E+07,-9.69854E+01
3.46191406E+07,-9.63854E+01
3.46221924E+07,-9.80854E+01
3.46252441E+07,-9.65254E+01
3.46282959E+07,-1.00585E+02
3.46313477E+07,-1.06785E+02
3.46343994E+07,-1.00045E+02
3.46374512E+07,-9.90054E+01
3.46405029E+07,-1.03085E+02
3.46435547E+07,-1.06105E+02
3.46466064E+07,-1.00105E+02
3.46496582E+07,-9.59454E+01
3.46527100E+07,-9.95454E+01
3.46557617E+07,-1.11505E+02
3.46588135E+07,-1.17005E+02
3.46618652E+07,-1.01065E+02
3.46649170E+07,-9.80254E+01
3.46679688E+07,-9.98254E+01
3.46710205E+07,-1.03765E+02
3.46740723E+07,-1.06685E+02
3.46771240E+07,-1.04705E+02
3.46801758E+07,-1.01525E+02
3.46832275E+07,-9.56054E+01
3.46862793E+07,-9.96254E+01
3.46893311E+07,-1.07265E+02
3.46923828E+07,-1.30185E+02
3.46954346E+07,-1.06505E+02
3.46984863E+07,-1.08825E+02
3.47015381E+07,-1.14945E+02
3.47045898E+07,-1.04525E+02
3.47076416E+07,-9.92254E+01
3.47106934E+07,-9.97254E+01
3.47137451E+07,-9.84454E+01
3.47167969E+07,-1.02225E+02
3.47198486E+07,-1.09405E+02
3.47229004E+07,-1.05505E+02
3.47259521E+07,-1.00465E+02
3.47290039E+07,-1.19925E+02
3.47320557E+07,-9.94454E+01
3.47351074E+07,-1.02505E+02
3.47381592E+07,-1.06565E+02
3.47412109E+07,-9.83854E+01
3.47442627E+07,-9.78854E+01
3.47473145E+07,-1.06265E+02
3.47503662E+07,-1.01145E+02
3.47534180E+07,-1.02085E+02
3.47564697E+07,-9.84454E+01
3.47595215E+07,-1.15065E+02
3.47625732E+07,-1.08165E+02
3.47656250E+07,-1.09445E+02
3.47686768E+07,-1.02645E+02
3.47717285E+07,-1.10545E+02
3.47747803E+07,-9.78054E+01
3.47778320E+07,-9.36254E+01
3.47808838E+07,-9.31654E+01
3.47839355E+07,-9.87254E+01
3.47869873E+07,-9.63454E+01
3.47900391E+07,-9.59254E+01
3.47930908E+07,-1.04265E+02
3.47961426E+07,-1.00845E+02
3.47991943E+07,-9.75854E+01
3.48022461E+07,-1.01105E+02
3.48052979E+07,-9.50254E+01
3.48083496E+07,-1.02245E+02
3.48114014E+07,-9.86854E+01
3.48144531E+07,-1.00045E+02
3.48175049E+07,-1.11545E+02
3.48205566E+07,-9.79854E+01
3.48236084E+07,-1.00005E+02
3.48266602E+07,-1.05425E+02
3.48297119E+07,-1.03305E+02
3.48327637E+07,-9.78454E+01
3.48358154E+07,-9.71454E+01
3.48388672E+07,-1.00705E+02
3.48419189E+07,-9.96654E+01
3.48449707E+07,-9.78654E+01
3.48480225E+07,-1.16005E+02
3.48510742E+07,-1.01785E+02
3.48541260E+07,-1.05565E+02
3.48571777E+07,-1.09685E+02
3.48602295E+07,-1.08065E+02
3.48632812E+07,-9.89854E+01
3.48663330E+07,-9.82654E+01
3.48693848E+07,-1.08105E+02
3.48724365E+07,-1.02445E+02
3.48754883E+07,-1.05165E+02
3.48785400E+07,-1.02805E+02
3.48815918E+07,-1.20025E+02
3.48846436E+07,-1.05865E+02
3.48876953E+07,-9.61054E+01
3.48907471E+07,-9.46454E+01
3.48937988E+07,-9.72454E+01
3.48968506E+07,-1.02445E+02
3.48999023E+07,-9.81254E+01
3.49029541E+07,-9.59654E+01
3.49060059E+07,-9.81054E+01
3.49090576E+07,-9.55054E+01
3.49121094E+07,-9.44254E+01
3.49151611E+07,-1.02365E+02
3.49182129E+07,-1.02905E+02
3.49212646E+07,-9.57854E+01
3.49243164E+07,-9.51054E+01
3.49273682E+07,-9.70454E+01
3.49304199E+07,-9.85854E+01
3.49334717E+07,-1.00005E+02
3.49365234E+07,-9.83054E+01
3.49395752E+07,-9.76854E+01
3.49426270E+07,-9.54054E+01
3.49456787E+07,-9.27054E+01
3.49487305E+07,-9.19454E+01
3.49517822E+07,-9.54654E+01
3.49548340E+07,-1.00845E+02
3.49578857E+07,-9.79854E+01
3.49609375E+07,-9.73454E+01
3.49639893E+07,-1.06585E+02
3.49670410E+07,-1.01825E+02
3.49700928E+07,-9.97254E+01
3.49731445E+07,-1.06405E+02
3.49761963E+07,-1.07145E+02
3.49792480E+07,-1.02125E+02
3.49822998E+07,-1.02085E+02
3.49853516E+07,-9.86454E+01
3.49884033E+07,-9.89054E+01
3.49914551E+07,-9.90854E+01
3.49945068E+07,-9.95454E+01
3.49975586E+07,-9.52454E+01
3.50006104E+07,-1.00265E+02
3.50036621E+07,-1.00905E+02
3.50067139E+07,-9.71254E+01
3.50097656E+07,-9.88454E+01
3.50128174E+07,-1.06845E+02
3.50158691E+07,-1.02985E+02
3.50189209E+07,-9.92054E+01
3.50219727E+07,-1.07305E+02
3.50250244E+07,-1.02425E+02
3.50280762E+07,-1.02325E+02
3.50311279E+07,-9.60054E+01
3.50341797E+07,-1.06505E+02
3.50372314E+07,-1.03505E+02
3.50402832E+07,-1.06305E+02
3.50433350E+07,-9.90254E+01
3.50463867E+07,-1.01665E+02
3.50494385E+07,-1.07865E+02
3.50524902E+07,-9.76254E+01
3.50555420E+07,-9.57854E+01
3.50585938E+07,-9.39654E+01
3.50616455E+07,-9.54254E+01
3.50646973E+07,-1.04445E+02
3.50677490E+07,-9.48454E+01
3.50708008E+07,-9.95054E+01
3.50738525E+07,-1.03265E+02
3.50769043E+07,-1.21565E+02
3.50799561E+07,-1.03705E+02
3.50830078E+07,-1.00085E+02
3.50860596E+07,-1.02365E+02
3.50891113E+07,-1.00605E+02
3.50921631E+07,-1.03325E+02
3.50952148E+07,-1.05145E+02
3.50982666E+07,-1.13165E+02
3.51013184E+07,-1.13185E+02
3.51043701E+07,-9.96654E+01
3.51074219E+07,-9.40454E+01
3.51104736E+07,-9.45054E+01
3.51135254E+07,-1.05765E+02
3.51165771E+07,-1.00825E+02
3.51196289E+07,-1.15565E+02
3.51226807E+07,-9.81654E+01
3.51257324E+07,-1.01045E+02
3.51287842E+07,-1.06165E+02
3.51318359E+07,-9.91654E+01
3.51348877E+07,-9.56654E+01
3.51379395E+07,-9.47254E+01
3.51409912E+07,-9.03054E+01
3.51440430E+07,-9.16854E+01
3.51470947E+07,-1.03125E+02
3.51501465E+07,-9.95454E+01
3.51531982E+07,-9.97454E+01
3.51562500E+07,-9.68054E+01
3.51593018E+07,-9.87654E+01
3.51623535E+07,-9.98254E+01
3.51654053E+07,-9.73654E+01
3.51684570E+07,-9.92054E+01
3.51715088E+07,-1.07365E+02
3.51745605E+07,-1.04845E+02
3.51776123E+07,-1.17985E+02
3.51806641E+07,-9.79054E+01
3.51837158E+07,-9.82854E+01
3.51867676E+07,-1.03445E+02
3.51898193E+07,-1.13805E+02
3.51928711E+07,-1.06845E+02
3.51959229E+07,-9.92054E+01
3.51989746E+07,-1.00125E+02
3.52020264E+07,-1.03925E+02
3.52050781E+07,-9.98454E+01
3.52081299E+07,-1.01105E+02
3.52111816E+07,-1.05425E+02
3.52142334E+07,-9.70054E+01
3.52172852E+07,-9.64454E+01
3.52203369E+07,-9.45054E+01
3.52233887E+07,-9.48654E+01
3.52264404E+07,-9.39654E+01
3.52294922E+07,-9.68454E+01
3.52325439E+07,-1.11905E+02
3.52355957E+07,-9.72254E+01
3.52386475E+07,-9.62054E+01
3.52416992E+07,-9.69254E+01
3.52447510E+07,-9.92454E+01
3.52478027E+07,-1.18005E+02
3.52508545E+07,-9.98454E+01
3.52539062E+07,-9.58054E+01
3.52569580E+07,-9.22454E+01
3.52600098E+07,-9.45054E+01
3.52630615E+07,-1.08905E+02
3.52661133E+07,-1.06245E+02
3.52691650E+07,-1.02065E+02
3.52722168E+07,-1.06005E+02
3.52752686E+07,-1.03585E+02
3.52783203E+07,-1.00925E+02
3.52813721E+07,-1.05985E+02
3.52844238E+07,-1.08265E+02
3.52874756E+07,-9.80654E+01
3.52905273E+07,-9.55054E+01
3.52935791E+07,-9.80654E+01
3.52966309E+07,-1.04005E+02
3.52996826E+07,-1.03505E+02
3.53027344E+07,-1.02705E+02
3.53057861E+07,-9.86454E+01
3.53088379E+07,-9.32654E+01
3.53118896E+07,-9.28054E+01
3.53149414E+07,-9.44054E+01
3.53179932E+07,-1.01965E+02
3.53210449E+07,-1.09985E+02
3.53240967E+07,-9.83454E+01
3.53271484E+07,-9.89454E+01
3.53302002E+07,-9.89054E+01
3.53332520E+07,-1.03065E+02
3.53363037E+07,-1.02445E+02
3.53393555E+07,-1.02805E+02
3.53424072E+07,-1.00905E+02
3.53454590E+07,-1.01965E+02
3.53485107E+07,-9.61454E+01
3.53515625E+07,-9.66854E+01
3.53546143E+07,-1.09685E+02
3.53576660E+07,-9.60054E+01
3.53607178E+07,-9.68854E+01
3.53637695E+07,-1.14265E+02
3.53668213E+07,-1.03405E+02
3.53698730E+07,-9.51654E+01
3.53729248E+07,-9.21254E+01
3.53759766E+07,-9.30254E+01
3.53790283E+07,-1.06105E+02
3.53820801E+07,-1.00445E+02
3.53851318E+07,-9.88454E+01
3.53881836E+07,-1.16485E+02
3.53912354E+07,-9.97254E+01
3.53942871E+07,-1.09445E+02
3.53973389E+07,-1.07125E+02
3.54003906E+07,-1.03165E+02
3.54034424E+07,-9.71454E+01
3.54064941E+07,-1.02865E+02
3.54095459E+07,-1.06065E+02
3.54125977E+07,-9.56254E+01
3.54156494E+07,-9.27054E+01
3.54187012E+07,-9.76454E+01
3.54217529E+07,-1.05805E+02
3.54248047E+07,-1.08765E+02
3.54278564E+07,-1.02125E+02
3.54309082E+07,-9.98854E+01
3.54339600E+07,-9.98654E+01
3.54370117E+07,-9.85454E+01
3.54400635E+07,-1.01945E+02
3.54431152E+07,-1.01905E+02
3.54461670E+07,-9.96654E+01
3.54492188E+07,-9.57654E+01
3.54522705E+07,-9.76654E+01
3.54553223E+07,-9.87454E+01
3.54583740E+07,-9.63054E+01
3.54614258E+07,-9.95654E+01
3.54644775E+07,-1.02325E+02
3.54675293E+07,-9.83054E+01
3.54705811E+07,-9.73454E+01
3.54736328E+07,-1.05345E+02
3.54766846E+07,-1.14965E+02
3.54797363E+07,-1.17705E+02
3.54827881E+07,-1.02445E+02
3.54858398E+07,-1.09725E+02
3.54888916E+07,-9.72854E+01
3.54919434E+07,-9.56054E+01
3.54949951E+07,-1.00465E+02
3.54980469E+07,-1.08745E+02
3.55010986E+07,-9.50254E+01
3.55041504E+07,-9.36254E+01
3.55072021E+07,-9.64854E+01
3.55102539E+07,-1.00325E+02
3.55133057E+07,-1.17205E+02
3.55163574E+07,-1.08465E+02
3.55194092E+07,-1.07145E+02
3.55224609E+07,-1.01905E+02
3.55255127E+07,-9.76254E+01
3.55285645E+07,-9.79054E+01
3.55316162E+07,-9.71654E+01
3.55346680E+07,-1.03185E+02
3.55377197E+07,-9.06654E+01
3.55407715E+07,-9.35854E+01
3.55438232E+07,-9.72054E+01
3.55468750E+07,-9.07854E+01
3.55499268E+07,-9.24454E+01
3.55529785E+07,-9.44654E+01
3.55560303E+07,-9.93254E+01
3.55590820E+07,-1.00905E+02
3.55621338E+07,-9.62654E+01
3.55651855E+07,-1.01365E+02
3.55682373E+07,-1.01705E+02
3.55712891E+07,-1.04825E+02
3.55743408E+07,-1.09125E+02
3.55773926E+07,-1.09645E+02
3.55804443E+07,-1.04005E+02
3.55834961E+07,-1.06445E+02
3.55865479E+07,-1.05725E+02
3.55895996E+07,-1.07865E+02
3.55926514E+07,-1.04685E+02
3.55957031E+07,-1.00485E+02
3.55987549E+07,-9.84254E+01
3.56018066E+07,-9.96054E+01
3.56048584E+07,-1.06305E+02
3.56079102E+07,-1.00505E+02
3.56109619E+07,-9.88654E+01
3.56140137E+07,-9.77254E+01
3.56170654E+07,-9.85254E+01
3.56201172E+07,-1.03585E+02
3.56231689E+07,-9.71854E+01
3.56262207E+07,-9.63654E+01
3.56292725E+07,-1.02805E+02
3.56323242E+07,-9.69054E+01
3.56353760E+07,-9.53454E+01
3.56384277E+07,-1.10385E+02
3.56414795E+07,-9.62254E+01
3.56445312E+07,-9.93854E+01
3.56475830E+07,-1.10285E+02
3.56506348E+07,-9.96054E+01
3.56536865E+07,-1.00665E+02
3.56567383E+07,-9.48854E+01
3.56597900E+07,-1.05265E+02
3.56628418E+07,-1.00965E+02
3.56658936E+07,-1.05165E+02
3.56689453E+07,-9.92654E+01
3.56719971E+07,-9.45854E+01
3.56750488E+07,-9.57054E+01
3.56781006E+07,-9.43454E+01
3.56811523E+07,-9.41454E+01
3.56842041E+07,-9.71054E+01
3.56872559E+07,-9.71054E+01
3.56903076E+07,-1.00525E+02
3.56933594E+07,-1.09265E+02
3.56964111E+07,-1.04185E+02
3.56994629E+07,-9.90654E+01
3.57025146E+07,-9.69254E+01
3.57055664E+07,-9.71054E+01
3.57086182E+07,-9.05054E+01
3.57116699E+07,-9.35454E+01
3.57147217E+07,-1.11205E+02
3.57177734E+07,-9.75454E+01
3.57208252E+07,-9.64054E+01
3.57238770E+07,-9.87054E+01
3.57269287E+07,-1.01525E+02
3.57299805E+07,-1.03445E+02
3.57330322E+07,-1.02805E+02
3.57360840E+07,-1.05805E+02
3.57391357E+07,-1.00545E+02
3.57421875E+07,-9.60854E+01
3.57452393E+07,-1.06825E+02
3.57482910E+07,-9.64454E+01
3.57513428E+07,-9.43054E+01
3.57543945E+07,-1.04685E+02
3.57574463E+07,-9.43054E+01
3.57604980E+07,-9.73854E+01
3.57635498E+07,-1.08565E+02
3.57666016E+07,-1.00365E+02
3.57696533E+07,-1.02965E+02
3.57727051E+07,-1.07925E+02
3.57757568E+07,-9.88054E+01
3.57788086E+07,-9.79054E+01
3.57818604E+07,-1.06805E+02
3.57849121E+07,-1.03465E+02
3.57879639E+07,-1.05625E+02
3.57910156E+07,-1.02485E+02
3.57940674E+07,-1.04385E+02
3.57971191E+07,-1.05925E+02
3.58001709E+07,-9.52454E+01
3.58032227E+07,-9.68054E+01
3.58062744E+07,-1.00065E+02
3.58093262E+07,-1.19725E+02
3.58123779E+07,-1.03025E+02
3.58154297E+07,-1.12525E+02
3.58184814E+07,-1.23505E+02
3.58215332E+07,-1.07045E+02
3.58245850E+07,-9.81254E+01
3.58276367E+07,-9.77854E+01
3.58306885E+07,-1.09605E+02
3.58337402E+07,-1.07525E+02
3.58367920E+07,-9.32654E+01
3.58398438E+07,-9.57654E+01
3.58428955E+07,-1.00285E+02
3.58459473E+07,-9.83854E+01
3.58489990E+07,-9.63254E+01
3.58520508E+07,-9.89454E+01
3.58551025E+07,-1.06705E+02
3.58581543E+07,-1.04965E+02
3.58612061E+07,-9.93454E+01
3.58642578E+07,-9.37054E+01
3.58673096E+07,-9.66654E+01
3.58703613E+07,-1.06485E+02
3.58734131E+07,-1.11205E+02
3.58764648E+07,-1.05745E+02
3.58795166E+07,-9.85054E+01
3.58825684E+07,-9.45054E+01
3.58856201E+07,-1.01345E+02
3.58886719E+07,-1.01525E+02
3.58917236E+07,-1.06165E+02
3.58947754E+07,-1.03705E+02
3.58978271E+07,-9.98454E+01
3.59008789E+07,-9.43854E+01
3.59039307E+07,-9.16454E+01
3.59069824E+07,-9.31654E+01
3.59100342E+07,-9.42254E+01
3.59130859E+07,-1.04365E+02
3.59161377E+07,-9.41854E+01
3.59191895E+07,-9.44254E+01
3.59222412E+07,-9.59454E+01
3.59252930E+07,-9.31854E+01
3.59283447E+07,-9.38054E+01
3.59313965E+07,-9.71054E+01
3.59344482E+07,-1.00665E+02
3.59375000E+07,-9.21454E+01
3.59405518E+07,-9.24454E+01
3.59436035E+07,-1.23185E+02
3.59466553E+07,-9.65254E+01
3.59497070E+07,-9.17654E+01
3.59527588E+07,-9.13054E+01
3.59558105E+07,-9.19454E+01
3.59588623E+07,-8.81054E+01
3.59619141E+07,-8.75254E+01
3.59649658E+07,-9.48854E+01
3.59680176E+07,-1.03185E+02
3.59710693E+07,-9.85254E+01
3.59741211E+07,-9.59454E+01
3.59771729E+07,-9.45054E+01
3.59802246E+07,-9.73454E+01
3.59832764E+07,-1.09505E+02
3.59863281E+07,-1.17165E+02
3.59893799E+07,-1.06945E+02
3.59924316E+07,-9.74454E+01
3.59954834E+07,-9.44454E+01
3.59985352E+07,-9.33054E+01
3.60015869E+07,-9.54454E+01
3.60046387E+07,-9.48254E+01
3.60076904E+07,-9.37254E+01
3.60107422E+07,-9.53854E+01
3.60137939E+07,-9.50854E+01
3.60168457E+07,-1.10685E+02
3.60198975E+07,-1.02045E+02
3.60229492E+07,-1.07565E+02
3.60260010E+07,-1.01025E+02
3.60290527E+07,-1.02565E+02
3.60321045E+07,-9.33054E+01
3.60351562E+07,-9.55654E+01
3.60382080E+07,-1.00365E+02
3.60412598E+07,-9.72854E+01
3.60443115E+07,-9.73254E+01
3.60473633E+07,-9.44654E+01
3.60504150E+07,-9.52454E+01
3.60534668E+07,-9.71654E+01
3.60565186E+07,-1.14045E+02
3.60595703E+07,-9.70054E+01
3.60626221E+07,-9.67254E+01
3.60656738E+07,-1.13405E+02
3.60687256E+07,-1.06245E+02
3.60717773E+07,-1.06105E+02
3.60748291E+07,-9.98054E+01
3.60778809E+07,-9.59054E+01
3.60809326E+07,-1.03085E+02
3.60839844E+07,-9.94654E+01
3.60870361E+07,-9.88054E+01
3.60900879E+07,-1.04325E+02
3.60931396E+07,-1.01905E+02
3.60961914E+07,-1.05245E+02
3.60992432E+07,-9.79654E+01
3.61022949E+07,-1.00265E+02
3.61053467E+07,-9.74254E+01
3.61083984E+07,-9.67454E+01
3.61114502E+07,-1.27705E+02
3.61145020E+07,-1.01645E+02
3.61175537E+07,-1.00905E+02
3.61206055E+07,-9.68054E+01
3.61236572E+07,-9.38454E+01
3.61267090E+07,-9.99654E+01
3.61297607E+07,-9.52854E+01
3.61328125E+07,-9.35054E+01
3.61358643E+07,-9.26254E+01
3.61389160E+07,-9.76654E+01
3.61419678E+07,-1.03225E+02
3.61450195E+07,-9.94854E+01
3.61480713E+07,-9.39654E+01
3.61511230E+07,-9.61254E+01
3.61541748E+07,-1.05145E+02
3.61572266E+07,-9.78254E+01
3.61602783E+07,-9.33654E+01
3.61633301E+07,-9.69254E+01
3.61663818E+07,-9.35054E+01
3.61694336E+07,-9.64654E+01
3.61724854E+07,-9.88654E+01
3.61755371E+07,-1.00745E+02
3.61785889E+07,-1.03465E+02
3.61816406E+07,-1.05285E+02
3.61846924E+07,-1.00765E+02
3.61877441E+07,-1.01205E+02
3.61907959E+07,-1.19125E+02
3.61938477E+07,-1.01225E+02
3.61968994E+07,-1.07685E+02
3.61999512E+07,-1.02325E+02
3.62030029E+07,-1.03265E+02
3.62060547E+07,-1.04345E+02
3.62091064E+07,-1.05765E+02
3.62121582E+07,-9.73054E+01
3.62152100E+07,-9.24854E+01
3.62182617E+07,-9.45254E+01
3.62213135E+07,-9.55654E+01
3.62243652E+07,-9.63254E+01
3.62274170E+07,-1.04005E+02
3.62304688E+07,-1.11245E+02
3.62335205E+07,-1.08705E+02
3.62365723E+07,-9.96654E+01
3.62396240E+07,-1.02485E+02
3.62426758E+07,-1.05085E+02
3.62457275E+07,-9.58654E+01
3.62487793E+07,-9.67254E+01
3.62518311E+07,-1.01825E+02
3.62548828E+07,-1.04385E+02
3.62579346E+07,-9.33054E+01
3.62609863E+07,-9.27454E+01
3.62640381E+07,-9.50654E+01
3.62670898E+07,-9.61254E+01
3.62701416E+07,-9.67054E+01
3.62731934E+07,-9.59254E+01
3.62762451E+07,-9.63454E+01
3.62792969E+07,-1.00225E+02
3.62823486E+07,-1.00445E+02
3.62854004E+07,-9.85854E+01
3.62884521E+07,-9.69454E+01
3.62915039E+07,-9.97854E+01
3.62945557E+07,-1.02005E+02
3.62976074E+07,-9.94854E+01
3.63006592E+07,-9.76254E+01
3.63037109E+07,-1.04045E+02
3.63067627E+07,-1.00465E+02
3.63098145E+07,-9.57054E+01
3.63128662E+07,-9.53854E+01
3.63159180E+07,-9.60254E+01
3.63189697E+07,-1.03465E+02
3.63220215E+07,-1.00765E+02
3.63250732E+07,-9.60254E+01
3.63281250E+07,-1.00705E+02
3.63311768E+07,-1.08765E+02
3.63342285E+07,-1.00105E+02
3.63372803E+07,-9.85854E+01
3.63403320E+07,-9.45854E+01
3.63433838E+07,-9.42254E+01
3.63464355E+07,-9.11654E+01
3.63494873E+07,-8.65054E+01
3.63525391E+07,-8.71254E+01
3.63555908E+07,-9.12854E+01
3.63586426E+07,-9.91654E+01
3.63616943E+07,-9.46054E+01
3.63647461E+07,-9.06654E+01
3.63677979E+07,-9.64054E+01
3.63708496E+07,-1.07525E+02
3.63739014E+07,-9.93454E+01
3.63769531E+07,-9.41854E+01
3.63800049E+07,-1.08185E+02
3.63830566E+07,-9.84254E+01
3.63861084E+07,-1.01405E+02
3.63891602E+07,-1.13765E+02
3.63922119E+07,-1.06685E+02
3.63952637E+07,-9.83854E+01
3.63983154E+07,-9.69654E+01
3.64013672E+07,-9.69254E+01
3.64044189E+07,-9.89054E+01
3.64074707E+07,-1.05665E+02
3.64105225E+07,-9.98454E+01
3.64135742E+07,-1.08905E+02
3.64166260E+07,-1.00765E+02
3.64196777E+07,-1.05565E+02
3.64227295E+07,-1.06445E+02
3.64257812E+07,-1.08545E+02
3.64288330E+07,-1.11185E+02
3.64318848E+07,-9.85454E+01
3.64349365E+07,-1.06485E+02
3.64379883E+07,-9.60854E+01
3.64410400E+07,-9.62854E+01
3.64440918E+07,-1.15785E+02
3.64471436E+07,-1.04005E+02
3.64501953E+07,-1.15745E+02
3.64532471E+07,-9.79054E+01
3.64562988E+07,-9.78854E+01
3.64593506E+07,-9.76454E+01
3.64624023E+07,-9.97054E+01
3.64654541E+07,-9.93454E+01
3.64685059E+07,-9.60054E+01
3.64715576E+07,-1.03325E+02
3.64746094E+07,-1.04225E+02
3.64776611E+07,-1.10165E+02
3.64807129E+07,-1.10625E+02
3.64837646E+07,-1.05905E+02
3.64868164E+07,-9.98854E+01
3.64898682E+07,-9.45054E+01
3.64929199E+07,-9.51654E+01
3.64959717E+07,-9.39654E+01
3.64990234E+07,-9.67254E+01
3.65020752E+07,-1.15565E+02
3.65051270E+07,-1.06805E+02
3.65081787E+07,-9.47654E+01
3.65112305E+07,-9.47854E+01
3.65142822E+07,-9.81254E+01
3.65173340E+07,-1.01005E+02
3.65203857E+07,-1.02565E+02
3.65234375E+07,-9.90654E+01
3.65264893E+07,-1.02925E+02
3.65295410E+07,-1.01905E+02
3.65325928E+07,-1.06705E+02
3.65356445E+07,-9.93654E+01
3.65386963E+07,-9.93854E+01
3.65417480E+07,-9.23054E+01
3.65447998E+07,-9.66854E+01
3.65478516E+07,-9.83854E+01
3.65509033E+07,-9.19454E+01
3.65539551E+07,-9.06454E+01
3.65570068E+07,-9.52654E+01
3.65600586E+07,-1.08845E+02
3.65631104E+07,-1.12285E+02
3.65661621E+07,-1.05265E+02
3.65692139E+07,-1.13185E+02
3.65722656E+07,-1.07205E+02
3.65753174E+07,-9.71254E+01
3.65783691E+07,-9.71054E+01
3.65814209E+07,-1.04085E+02
3.65844727E+07,-1.00185E+02
3.65875244E+07,-9.33054E+01
3.65905762E+07,-9.38054E+01
3.65936279E+07,-9.76454E+01
3.65966797E+07,-9.95254E+01
3.65997314E+07,-9.95054E+01
3.66027832E+07,-9.98254E+01
3.66058350E+07,-1.01425E+02
3.66088867E+07,-1.00165E+02
3.66119385E+07,-1.01885E+02
3.66149902E+07,-9.85654E+01
3.66180420E+07,-9.70054E+01
3.66210938E+07,-1.05625E+02
3.66241455E+07,-1.00665E+02
3.66271973E+07,-9.79854E+01
3.66302490E+07,-9.56254E+01
3.66333008E+07,-9.65254E+01
3.66363525E+07,-1.10405E+02
3.66394043E+07,-1.05805E+02
3.66424561E+07,-1.02145E+02
3.66455078E+07,-1.05465E+02
3.66485596E+07,-1.04905E+02
3.66516113E+07,-9.69254E+01
3.66546631E+07,-9.83254E+01
3.66577148E+07,-1.06885E+02
3.66607666E+07,-1.03165E+02
3.66638184E+07,-1.11105E+02
3.66668701E+07,-1.00145E+02
3.66699219E+07,-1.03445E+02
3.66729736E+07,-1.04805E+02
3.66760254E+07,-1.07065E+02
3.66790771E+07,-1.04325E+02
3.66821289E+07,-9.93454E+01
3.66851807E+07,-9.84254E+01
3.66882324E+07,-9.90054E+01
3.66912842E+07,-9.53854E+01
3.66943359E+07,-9.47054E+01
3.66973877E+07,-9.55654E+01
3.67004395E+07,-1.01305E+02
3.67034912E+07,-1.08485E+02
3.67065430E+07,-1.10345E+02
3.67095947E+07,-1.02045E+02
3.67126465E+07,-9.88654E+01
3.67156982E+07,-9.50854E+01
3.67187500E+07,-9.76654E+01
3.67218018E+07,-1.01105E+02
3.67248535E+07,-9.62454E+01
3.67279053E+07,-9.31654E+01
3.67309570E+07,-9.80054E+01
3.67340088E+07,-9.94054E+01
3.67370605E+07,-9.69854E+01
3.67401123E+07,-9.58854E+01
3.67431641E+07,-9.18054E+01
3.67462158E+07,-9.25654E+01
3.67492676E+07,-9.15054E+01
3.67523193E+07,-8.54054E+01
3.67553711E+07,-8.61254E+01
3.67584229E+07,-8.98454E+01
3.67614746E+07,-9.14854E+01
3.67645264E+07,-8.88254E+01
3.67675781E+07,-9.18054E+01
3.67706299E+07,-1.09605E+02
3.67736816E+07,-9.37654E+01
3.67767334E+07,-9.38054E+01
3.67797852E+07,-1.02865E+02
3.67828369E+07,-1.03805E+02
3.67858887E+07,-1.07885E+02
3.67889404E+07,-9.97854E+01
3.67919922E+07,-9.82654E+01
3.67950439E+07,-9.76854E+01
3.67980957E+07,-9.86854E+01
3.68011475E+07,-9.96454E+01
3.68041992E+07,-1.00105E+02
3.68072510E+07,-9.86654E+01
3.68103027E+07,-1.02965E+02
3.68133545E+07,-1.03725E+02
3.68164062E+07,-1.08465E+02
3.68194580E+07,-9.79854E+01
3.68225098E+07,-1.01405E+02
3.68255615E+07,-9.83254E+01
3.68286133E+07,-9.60054E+01
3.68316650E+07,-1.09345E+02
3.68347168E+07,-1.03805E+02
3.68377686E+07,-1.05605E+02
3.68408203E+07,-1.07805E+02
3.68438721E+07,-1.07345E+02
3.68469238E+07,-1.02425E+02
3.68499756E+07,-1.12745E+02
3.68530273E+07,-1.00325E+02
3.68560791E+07,-9.29854E+01
3.68591309E+07,-9.23054E+01
3.68621826E+07,-9.95854E+01
3.68652344E+07,-1.02505E+02
3.68682861E+07,-9.73254E+01
3.68713379E+07,-1.09145E+02
3.68743896E+07,-1.10385E+02
3.68774414E+07,-1.06945E+02
3.68804932E+07,-1.03085E+02
3.68835449E+07,-1.03965E+02
3.68865967E+07,-1.29405E+02
3.68896484E+07,-1.01105E+02
3.68927002E+07,-1.03065E+02
3.68957520E+07,-1.01885E+02
3.68988037E+07,-1.05285E+02
3.69018555E+07,-1.03885E+02
3.69049072E+07,-1.01825E+02
3.69079590E+07,-1.00865E+02
3.69110107E+07,-1.04005E+02
3.69140625E+07,-1.09485E+02
3.69171143E+07,-1.01525E+02
3.69201660E+07,-1.03625E+02
3.69232178E+07,-1.04665E+02
3.69262695E+07,-1.16585E+02
3.69293213E+07,-1.19925E+02
3.69323730E+07,-1.01585E+02
3.69354248E+07,-1.12925E+02
3.69384766E+07,-9.09854E+01
3.69415283E+07,-8.95054E+01
3.69445801E+07,-9.42654E+01
3.69476318E+07,-1.02085E+02
3.69506836E+07,-9.00254E+01
3.69537354E+07,-8.67454E+01
3.69567871E+07,-8.83054E+01
3.69598389E+07,-9.62054E+01
3.69628906E+07,-9.82254E+01
3.69659424E+07,-9.55054E+01
3.69689941E+07,-1.01805E+02
3.69720459E+07,-9.92454E+01
3.69750977E+07,-9.40854E+01
3.69781494E+07,-9.23254E+01
3.69812012E+07,-9.62054E+01
3.69842529E+07,-9.65854E+01
3.69873047E+07,-9.54254E+01
3.69903564E+07,-1.04885E+02
3.69934082E+07,-9.23654E+01
3.69964600E+07,-9.95854E+01
3.69995117E+07,-1.05545E+02
3.70025635E+07,-1.06505E+02
3.70056152E+07,-1.06745E+02
3.70086670E+07,-9.82254E+01
3.70117188E+07,-9.34454E+01
3.70147705E+07,-9.58254E+01
3.70178223E+07,-1.12685E+02
3.70208740E+07,-1.02425E+02
3.70239258E+07,-1.03965E+02
3.70269775E+07,-1.09345E+02
3.70300293E+07,-1.02165E+02
3.70330811E+07,-1.03505E+02
3.70361328E+07,-9.90854E+01
3.70391846E+07,-9.66454E+01
3.70422363E+07,-9.41454E+01
3.70452881E+07,-9.77054E+01
3.70483398E+07,-1.12065E+02
3.70513916E+07,-9.90854E+01
3.70544434E+07,-9.99654E+01
3.70574951E+07,-1.08545E+02
3.70605469E+07,-1.22765E+02
3.70635986E+07,-1.10625E+02
3.70666504E+07,-1.04985E+02
3.70697021E+07,-9.96054E+01
3.70727539E+07,-1.10745E+02
3.70758057E+07,-1.01305E+02
3.70788574E+07,-9.57054E+01
3.70819092E+07,-1.07685E+02
3.70849609E+07,-9.87054E+01
3.70880127E+07,-1.01405E+02
3.70910645E+07,-1.02825E+02
3.70941162E+07,-1.02205E+02
3.70971680E+07,-9.64054E+01
3.71002197E+07,-9.62054E+01
3.71032715E+07,-1.03505E+02
3.71063232E+07,-1.04805E+02
3.71093750E+07,-1.11945E+02
3.71124268E+07,-1.04045E+02
3.71154785E+07,-1.03365E+02
3.71185303E+07,-9.67854E+01
3.71215820E+07,-9.82854E+01
3.71246338E+07,-1.02565E+02
3.71276855E+07,-9.62454E+01
3.71307373E+07,-9.64254E+01
3.71337891E+07,-9.38454E+01
3.71368408E+07,-1.07145E+02
3.71398926E+07,-9.70254E+01
3.71429443E+07,-9.21254E+01
3.71459961E+07,-9.10454E+01
3.71490479E+07,-9.18854E+01
3.71520996E+07,-8.48454E+01
3.71551514E+07,-8.50654E+01
3.71582031E+07,-8.69254E+01
3.71612549E+07,-9.51054E+01
3.71643066E+07,-8.94654E+01
3.71673584E+07,-8.81654E+01
3.71704102E+07,-9.58654E+01
3.71734619E+07,-9.33054E+01
3.71765137E+07,-9.92454E+01
3.71795654E+07,-9.31854E+01
3.71826172E+07,-9.53854E+01
3.71856689E+07,-9.81854E+01
3.71887207E+07,-9.74454E+01
3.71917725E+07,-1.02245E+02
3.71948242E+07,-1.08645E+02
3.71978760E+07,-1.11645E+02
3.72009277E+07,-1.01885E+02
3.72039795E+07,-1.00865E+02
3.72070312E+07,-1.01105E+02
3.72100830E+07,-9.87654E+01
3.72131348E+07,-1.03185E+02
3.72161865E+07,-9.94454E+01
3.72192383E+07,-1.03885E+02
3.72222900E+07,-1.11765E+02
3.72253418E+07,-1.02805E+02
3.72283936E+07,-1.09785E+02
3.72314453E+07,-1.00365E+02
3.72344971E+07,-1.25005E+02
3.72375488E+07,-1.02385E+02
3.72406006E+07,-1.13085E+02
3.72436523E+07,-1.05165E+02
3.72467041E+07,-1.14045E+02
3.72497559E+07,-1.07925E+02
3.72528076E+07,-1.04585E+02
3.72558594E+07,-9.89654E+01
3.72589111E+07,-9.95454E+01
3.72619629E+07,-1.05205E+02
3.72650146E+07,-9.58054E+01
3.72680664E+07,-9.80654E+01
3.72711182E+07,-9.80454E+01
3.72741699E+07,-9.57054E+01
3.72772217E+07,-9.72054E+01
3.72802734E+07,-1.01365E+02
3.72833252E+07,-1.01685E+02
3.72863770E+07,-9.93854E+01
3.72894287E+07,-9.65854E+01
3.72924805E+07,-9.89054E+01
3.72955322E+07,-1.00745E+02
3.72985840E+07,-1.04845E+02
3.73016357E+07,-1.02045E+02
3.73046875E+07,-1.13545E+02
3.73077393E+07,-1.07765E+02
3.73107910E+07,-1.06285E+02
3.73138428E+07,-1.01485E+02
3.73168945E+07,-9.59254E+01
3.73199463E+07,-9.80254E+01
3.73229980E+07,-9.50654E+01
3.73260498E+07,-9.44054E+01
3.73291016E+07,-9.53054E+01
3.73321533E+07,-9.65454E+01
3.73352051E+07,-9.73454E+01
3.73382568E+07,-1.02645E+02
3.73413086E+07,-9.46654E+01
3.73443604E+07,-8.91254E+01
3.73474121E+07,-9.08054E+01
3.73504639E+07,-9.13854E+01
3.73535156E+07,-8.65654E+01
3.73565674E+07,-8.85454E+01
3.73596191E+07,-9.03654E+01
3.73626709E+07,-9.85654E+01
3.73657227E+07,-9.66654E+01
3.73687744E+07,-9.13854E+01
3.73718262E+07,-9.95854E+01
3.73748779E+07,-9.52054E+01
3.73779297E+07,-9.60054E+01
3.73809814E+07,-9.97254E+01
3.73840332E+07,-1.05785E+02
3.73870850E+07,-9.78854E+01
3.73901367E+07,-1.09665E+02
3.73931885E+07,-9.70054E+01
3.73962402E+07,-1.01385E+02
3.73992920E+07,-1.01065E+02
3.74023438E+07,-1.02165E+02
3.74053955E+07,-1.09785E+02
3.74084473E+07,-1.03265E+02
3.74114990E+07,-1.10185E+02
3.74145508E+07,-1.03265E+02
3.74176025E+07,-1.03025E+02
3.74206543E+07,-9.87654E+01
3.74237061E+07,-1.04425E+02
3.74267578E+07,-1.13305E+02
3.74298096E+07,-9.72454E+01
3.74328613E+07,-9.38454E+01
3.74359131E+07,-9.58254E+01
3.74389648E+07,-9.81254E+01
3.74420166E+07,-9.88654E+01
3.74450684E+07,-1.11965E+02
3.74481201E+07,-9.82054E+01
3.74511719E+07,-1.00025E+02
3.74542236E+07,-1.05245E+02
3.74572754E+07,-1.01885E+02
3.74603271E+07,-9.77854E+01
3.74633789E+07,-9.60454E+01
3.74664307E+07,-1.01125E+02
3.74694824E+07,-1.04265E+02
3.74725342E+07,-1.05905E+02
3.74755859E+07,-1.09785E+02
3.74786377E+07,-1.00125E+02
3.74816895E+07,-1.00165E+02
3.74847412E+07,-1.01105E+02
3.74877930E+07,-9.85854E+01
3.74908447E+07,-9.65654E+01
3.74938965E+07,-9.98854E+01
3.74969482E+07,-9.49454E+01
3.75000000E+07,-8.80654E+01
3.75030518E+07,-9.20854E+01
3.75061035E+07,-1.05285E+02
3.75091553E+07,-1.01805E+02
3.75122070E+07,-1.02525E+02
3.75152588E+07,-9.87054E+01
3.75183105E+07,-9.34054E+01
3.75213623E+07,-9.54654E+01
3.75244141E+07,-1.12745E+02
3.75274658E+07,-1.09185E+02
3.75305176E+07,-9.26254E+01
3.75335693E+07,-9.14454E+01
3.75366211E+07,-9.66454E+01
3.75396729E+07,-9.93054E+01
3.75427246E+07,-1.00505E+02
3.75457764E+07,-8.82854E+01
3.75488281E+07,-8.90054E+01
3.75518799E+07,-9.21454E+01
3.75549316E+07,-8.54054E+01
3.75579834E+07,-8.44654E+01
3.75610352E+07,-8.81654E+01
3.75640869E+07,-1.03725E+02
3.75671387E+07,-8.83054E+01
3.75701904E+07,-9.00254E+01
3.75732422E+07,-1.15005E+02
3.75762939E+07,-9.40854E+01
3.75793457E+07,-9.96054E+01
3.75823975E+07,-9.77054E+01
3.75854492E+07,-1.03505E+02
3.75885010E+07,-1.03085E+02
3.75915527E+07,-9.84454E+01
3.75946045E+07,-9.30654E+01
3.75976562E+07,-9.98654E+01
3.76007080E+07,-9.79254E+01
3.76037598E+07,-9.54854E+01
3.76068115E+07,-1.01185E+02
3.76098633E+07,-1.03365E+02
3.76129150E+07,-1.05045E+02
3.76159668E+07,-9.46054E+01
3.76190186E+07,-9.21654E+01
3.76220703E+07,-9.45654E+01
3.76251221E+07,-9.91254E+01
3.76281738E+07,-1.07505E+02
3.76312256E+07,-1.11665E+02
3.76342773E+07,-1.15805E+02
3.76373291E+07,-1.08545E+02
3.76403809E+07,-9.80454E+01
3.76434326E+07,-1.00345E+02
3.76464844E+07,-1.19585E+02
3.76495361E+07,-1.02965E+02
3.76525879E+07,-9.78054E+01
3.76556396E+07,-9.87054E+01
3.76586914E+07,-1.02965E+02
3.76617432E+07,-1.08485E+02
3.76647949E+07,-1.12825E+02
3.76678467E+07,-1.02505E+02
3.76708984E+07,-9.74254E+01
3.76739502E+07,-9.89454E+01
3.76770020E+07,-9.94854E+01
3.76800537E+07,-9.61854E+01
3.76831055E+07,-9.78054E+01
3.76861572E+07,-9.72054E+01
3.76892090E+07,-9.34454E+01
3.76922607E+07,-9.53254E+01
3.76953125E+07,-1.00685E+02
3.76983643E+07,-1.01285E+02
3.77014160E+07,-9.76654E+01
3.77044678E+07,-1.02525E+02
3.77075195E+07,-1.21545E+02
3.77105713E+07,-9.64054E+01
3.77136230E+07,-9.22054E+01
3.77166748E+07,-9.64054E+01
3.77197266E+07,-9.92054E+01
3.77227783E+07,-9.78254E+01
3.77258301E+07,-9.42254E+01
3.77288818E+07,-9.50254E+01
3.77319336E+07,-9.73054E+01
3.77349854E+07,-1.04345E+02
3.77380371E+07,-9.26254E+01
3.77410889E+07,-9.75454E+01
3.77441406E+07,-9.51654E+01
3.77471924E+07,-9.03654E+01
3.77502441E+07,-9.67054E+01
3.77532959E+07,-8.94054E+01
3.77563477E+07,-8.70454E+01
3.77593994E+07,-8.82654E+01
3.77624512E+07,-9.24854E+01
3.77655029E+07,-9.59854E+01
3.77685547E+07,-9.07654E+01
3.77716064E+07,-9.75854E+01
3.77746582E+07,-9.83654E+01
3.77777100E+07,-9.29654E+01
3.77807617E+07,-9.44654E+01
3.77838135E+07,-9.97254E+01
3.77868652E+07,-1.05165E+02
3.77899170E+07,-9.67454E+01
3.77929688E+07,-9.29854E+01
3.77960205E+07,-9.56654E+01
3.77990723E+07,-9.47054E+01
3.78021240E+07,-9.81654E+01
3.78051758E+07,-1.01645E+02
3.78082275E+07,-1.00845E+02
3.78112793E+07,-1.04685E+02
3.78143311E+07,-9.67854E+01
3.78173828E+07,-1.02065E+02
3.78204346E+07,-1.06845E+02
3.78234863E+07,-1.03185E+02
3.78265381E+07,-1.03545E+02
3.78295898E+07,-1.04445E+02
3.78326416E+07,-9.90054E+01
3.78356934E+07,-9.45854E+01
3.78387451E+07,-9.97854E+01
3.78417969E+07,-9.93654E+01
3.78448486E+07,-9.43054E+01
3.78479004E+07,-9.43454E+01
3.78509521E+07,-1.03925E+02
3.78540039E+07,-1.07985E+02
3.78570557E+07,-9.76454E+01
3.78601074E+07,-9.73454E+01
3.78631592E+07,-9.54854E+01
3.78662109E+07,-9.59854E+01
3.78692627E+07,-1.00545E+02
3.78723145E+07,-9.91854E+01
3.78753662E+07,-1.07565E+02
3.78784180E+07,-1.00905E+02
3.78814697E+07,-9.87654E+01
3.78845215E+07,-9.43054E+01
3.78875732E+07,-9.27054E+01
3.78906250E+07,-1.00665E+02
3.78936768E+07,-1.07305E+02
3.78967285E+07,-1.10185E+02
3.78997803E+07,-1.05705E+02
3.79028320E+07,-9.54654E+01
3.79058838E+07,-9.77854E+01
3.79089355E+07,-1.06105E+02
3.79119873E+07,-9.96454E+01
3.79150391E+07,-1.07105E+02
3.79180908E+07,-9.76054E+01
3.79211426E+07,-9.17454E+01
3.79241943E+07,-9.04254E+01
3.79272461E+07,-9.10854E+01
3.79302979E+07,-9.69254E+01
3.79333496E+07,-9.62254E+01
3.79364014E+07,-9.71654E+01
3.79394531E+07,-1.02145E+02
3.79425049E+07,-9.50054E+01
3.79455566E+07,-9.53654E+01
3.79486084E+07,-9.96054E+01
3.79516602E+07,-1.05045E+02
3.79547119E+07,-8.72654E+01
3.79577637E+07,-8.42254E+01
3.79608154E+07,-8.40454E+01
3.79638672E+07,-8.79054E+01
3.79669189E+07,-9.61054E+01
3.79699707E+07,-8.97654E+01
3.79730225E+07,-9.19654E+01
3.79760742E+07,-1.07285E+02
3.79791260E+07,-8.97854E+01
3.79821777E+07,-9.30254E+01
3.79852295E+07,-1.08645E+02
3.79882812E+07,-1.01505E+02
3.79913330E+07,-9.78854E+01
3.79943848E+07,-1.00545E+02
3.79974365E+07,-9.76254E+01
3.80004883E+07,-1.03965E+02
3.80035400E+07,-1.10525E+02
3.80065918E+07,-1.00565E+02
3.80096436E+07,-9.94454E+01
3.80126953E+07,-1.04925E+02
3.80157471E+07,-1.06685E+02
3.80187988E+07,-9.97454E+01
3.80218506E+07,-9.53454E+01
3.80249023E+07,-9.58054E+01
3.80279541E+07,-9.76854E+01
3.80310059E+07,-1.00065E+02
3.80340576E+07,-1.05745E+02
3.80371094E+07,-9.94654E+01
3.80401611E+07,-9.81454E+01
3.80432129E+07,-1.03445E+02
3.80462646E+07,-1.03925E+02
3.80493164E+07,-1.04465E+02
3.80523682E+07,-1.09625E+02
3.80554199E+07,-1.05145E+02
3.80584717E+07,-1.04385E+02
3.80615234E+07,-1.07085E+02
3.80645752E+07,-1.05985E+02
3.80676270E+07,-1.00545E+02
3.80706787E+07,-9.95654E+01
3.80737305E+07,-9.76454E+01
3.80767822E+07,-9.56854E+01
3.80798340E+07,-1.08585E+02
3.80828857E+07,-1.03405E+02
3.80859375E+07,-1.02385E+02
3.80889893E+07,-1.02245E+02
3.80920410E+07,-9.99254E+01
3.80950928E+07,-9.83254E+01
3.80981445E+07,-1.00365E+02
3.81011963E+07,-1.06825E+02
3.81042480E+07,-9.97854E+01
3.81072998E+07,-1.10225E+02
3.81103516E+07,-1.02085E+02
3.81134033E+07,-9.76854E+01
3.81164551E+07,-1.00265E+02
3.81195068E+07,-1.03165E+02
3.81225586E+07,-9.49454E+01
3.81256104E+07,-9.79054E+01
3.81286621E+07,-1.01765E+02
3.81317139E+07,-9.80654E+01
3.81347656E+07,-9.25654E+01
3.81378174E+07,-9.07854E+01
3.81408691E+07,-9.63054E+01
3.81439209E+07,-9.54654E+01
3.81469727E+07,-8.97454E+01
3.81500244E+07,-8.90054E+01
3.81530762E+07,-9.75654E+01
3.81561279E+07,-8.56054E+01
3.81591797E+07,-8.49454E+01
3.81622314E+07,-8.67854E+01
3.81652832E+07,-9.26254E+01
3.81683350E+07,-9.32254E+01
3.81713867E+07,-8.78054E+01
3.81744385E+07,-9.06654E+01
3.81774902E+07,-1.00125E+02
3.81805420E+07,-9.73454E+01
3.81835938E+07,-9.32654E+01
3.81866455E+07,-9.41854E+01
3.81896973E+07,-9.94654E+01
3.81927490E+07,-1.06485E+02
3.81958008E+07,-1.21325E+02
3.81988525E+07,-1.06925E+02
3.82019043E+07,-9.63054E+01
3.82049561E+07,-9.57854E+01
3.82080078E+07,-9.61654E+01
3.82110596E+07,-9.65854E+01
3.82141113E+07,-1.03505E+02
3.82171631E+07,-1.03125E+02
3.82202148E+07,-1.01045E+02
3.82232666E+07,-9.99454E+01
3.82263184E+07,-9.62854E+01
3.82293701E+07,-1.00245E+02
3.82324219E+07,-1.02965E+02
3.82354736E+07,-1.01405E+02
3.82385254E+07,-1.15285E+02
3.82415771E+07,-9.86854E+01
3.82446289E+07,-1.01645E+02
3.82476807E+07,-1.08185E+02
3.82507324E+07,-1.01865E+02
3.82537842E+07,-9.96654E+01
3.82568359E+07,-9.59054E+01
3.82598877E+07,-9.43254E+01
3.82629395E+07,-9.62854E+01
3.82659912E+07,-9.57654E+01
3.82690430E+07,-9.46654E+01
3.82720947E+07,-9.33054E+01
3.82751465E+07,-9.62854E+01
3.82781982E+07,-1.01165E+02
3.82812500E+07,-9.45454E+01
3.82843018E+07,-9.63854E+01
3.82873535E+07,-9.39654E+01
3.82904053E+07,-9.34054E+01
3.82934570E+07,-9.76454E+01
3.82965088E+07,-1.01505E+02
3.82995605E+07,-9.43454E+01
3.83026123E+07,-9.73054E+01
3.83056641E+07,-1.04845E+02
3.83087158E+07,-9.42254E+01
3.83117676E+07,-9.34454E+01
3.83148193E+07,-1.00945E+02
3.83178711E+07,-1.01565E+02
3.83209229E+07,-9.49454E+01
3.83239746E+07,-1.04225E+02
3.83270264E+07,-1.01045E+02
3.83300781E+07,-1.02305E+02
3.83331299E+07,-1.12305E+02
3.83361816E+07,-9.90854E+01
3.83392334E+07,-9.12054E+01
3.83422852E+07,-9.75854E+01
3.83453369E+07,-9.52854E+01
3.83483887E+07,-8.83654E+01
3.83514404E+07,-9.02654E+01
3.83544922E+07,-9.47054E+01
3.83575439E+07,-8.60854E+01
3.83605957E+07,-8.50654E+01
3.83636475E+07,-8.58854E+01
3.83666992E+07,-9.48254E+01
3.83697510E+07,-8.80054E+01
3.83728027E+07,-8.53054E+01
3.83758545E+07,-8.93454E+01
3.83789062E+07,-9.91454E+01
3.83819580E+07,-9.29854E+01
3.83850098E+07,-9.35854E+01
3.83880615E+07,-9.59054E+01
3.83911133E+07,-1.05665E+02
3.83941650E+07,-1.03325E+02
3.83972168E+07,-1.02585E+02
3.84002686E+07,-9.70254E+01
3.84033203E+07,-1.04785E+02
3.84063721E+07,-9.61854E+01
3.84094238E+07,-1.02205E+02
3.84124756E+07,-1.09445E+02
3.84155273E+07,-1.00425E+02
3.84185791E+07,-9.47054E+01
3.84216309E+07,-9.90654E+01
3.84246826E+07,-1.08005E+02
3.84277344E+07,-1.04905E+02
3.84307861E+07,-1.02905E+02
3.84338379E+07,-1.09485E+02
3.84368896E+07,-1.05005E+02
3.84399414E+07,-1.13025E+02
3.84429932E+07,-1.04945E+02
3.84460449E+07,-1.00905E+02
3.84490967E+07,-1.02965E+02
3.84521484E+07,-1.04425E+02
3.84552002E+07,-1.05985E+02
3.84582520E+07,-1.11145E+02
3.84613037E+07,-1.00625E+02
3.84643555E+07,-9.67054E+01
3.84674072E+07,-1.04725E+02
3.84704590E+07,-1.00445E+02
3.84735107E+07,-1.00965E+02
3.84765625E+07,-1.29305E+02
3.84796143E+07,-1.02865E+02
3.84826660E+07,-9.87054E+01
3.84857178E+07,-1.02525E+02
3.84887695E+07,-1.08925E+02
3.84918213E+07,-9.95454E+01
3.84948730E+07,-9.67654E+01
3.84979248E+07,-1.01585E+02
3.85009766E+07,-1.11825E+02
3.85040283E+07,-1.03965E+02
3.85070801E+07,-1.00725E+02
3.85101318E+07,-1.02125E+02
3.85131836E+07,-1.04865E+02
3.85162354E+07,-1.11365E+02
3.85192871E+07,-9.96654E+01
3.85223389E+07,-9.44854E+01
3.85253906E+07,-9.49854E+01
3.85284424E+07,-1.02085E+02
3.85314941E+07,-1.03725E+02
3.85345459E+07,-9.51854E+01
3.85375977E+07,-9.32654E+01
3.85406494E+07,-9.26254E+01
3.85437012E+07,-9.83254E+01
3.85467529E+07,-1.00345E+02
3.85498047E+07,-9.09454E+01
3.85528564E+07,-9.32654E+01
3.85559082E+07,-8.94254E+01
3.85589600E+07,-8.55254E+01
3.85620117E+07,-8.67454E+01
3.85650635E+07,-8.80054E+01
3.85681152E+07,-1.00985E+02
3.85711670E+07,-8.76654E+01
3.85742188E+07,-8.53454E+01
3.85772705E+07,-9.46054E+01
3.85803223E+07,-9.60654E+01
3.85833740E+07,-1.01045E+02
3.85864258E+07,-9.67854E+01
3.85894775E+07,-1.00225E+02
3.85925293E+07,-9.43854E+01
3.85955811E+07,-9.56454E+01
3.85986328E+07,-1.01985E+02
3.86016846E+07,-1.07885E+02
3.86047363E+07,-1.15145E+02
3.86077881E+07,-1.09905E+02
3.86108398E+07,-1.13405E+02
3.86138916E+07,-1.02045E+02
3.86169434E+07,-1.00865E+02
3.86199951E+07,-9.43854E+01
3.86230469E+07,-9.58454E+01
3.86260986E+07,-9.99254E+01
3.86291504E+07,-9.46654E+01
3.86322021E+07,-9.91854E+01
3.86352539E+07,-1.06805E+02
3.86383057E+07,-1.00265E+02
3.86413574E+07,-1.08185E+02
3.86444092E+07,-9.66654E+01
3.86474609E+07,-9.15654E+01
3.86505127E+07,-9.34454E+01
3.86535645E+07,-9.78654E+01
3.86566162E+07,-1.00025E+02
3.86596680E+07,-9.59654E+01
3.86627197E+07,-9.69254E+01
3.86657715E+07,-1.00125E+02
3.86688232E+07,-9.40454E+01
3.86718750E+07,-1.06565E+02
3.86749268E+07,-9.65854E+01
3.86779785E+07,-9.94054E+01
3.86810303E+07,-1.03885E+02
3.86840820E+07,-9.81454E+01
3.86871338E+07,-9.73654E+01
3.86901855E+07,-9.88654E+01
3.86932373E+07,-1.09165E+02
3.86962891E+07,-1.12505E+02
3.86993408E+07,-9.98854E+01
3.87023926E+07,-1.07245E+02
3.87054443E+07,-1.02325E+02
3.87084961E+07,-9.89254E+01
3.87115479E+07,-9.92054E+01
3.87145996E+07,-1.13765E+02
3.87176514E+07,-9.64054E+01
3.87207031E+07,-1.06325E+02
3.87237549E+07,-9.63254E+01
3.87268066E+07,-9.16254E+01
3.87298584E+07,-9.01254E+01
3.87329102E+07,-9.71054E+01
3.87359619E+07,-9.86854E+01
3.87390137E+07,-9.13654E+01
3.87420654E+07,-9.29654E+01
3.87451172E+07,-1.03065E+02
3.87481689E+07,-8.91454E+01
3.87512207E+07,-8.68854E+01
3.87542725E+07,-9.49654E+01
3.87573242E+07,-8.97254E+01
3.87603760E+07,-8.65054E+01
3.87634277E+07,-8.71054E+01
3.87664795E+07,-8.93854E+01
3.87695312E+07,-9.59854E+01
3.87725830E+07,-8.98454E+01
3.87756348E+07,-9.09254E+01
3.87786865E+07,-1.07345E+02
3.87817383E+07,-9.83854E+01
3.87847900E+07,-9.43054E+01
3.87878418E+07,-1.04465E+02
3.87908936E+07,-9.80054E+01
3.87939453E+07,-1.09205E+02
3.87969971E+07,-1.01385E+02
3.88000488E+07,-9.92854E+01
3.88031006E+07,-1.04385E+02
3.88061523E+07,-9.31854E+01
3.88092041E+07,-9.36254E+01
3.88122559E+07,-1.01505E+02
3.88153076E+07,-1.01765E+02
3.88183594E+07,-1.10025E+02
3.88214111E+07,-9.48254E+01
3.88244629E+07,-9.62454E+01
3.88275146E+07,-1.28845E+02
3.88305664E+07,-1.01545E+02
3.88336182E+07,-9.37254E+01
3.88366699E+07,-9.67854E+01
3.88397217E+07,-1.05985E+02
3.88427734E+07,-1.06625E+02
3.88458252E+07,-1.02365E+02
3.88488770E+07,-1.05705E+02
3.88519287E+07,-9.83854E+01
3.88549805E+07,-9.46654E+01
3.88580322E+07,-1.04625E+02
3.88610840E+07,-1.09865E+02
3.88641357E+07,-1.08645E+02
3.88671875E+07,-1.14305E+02
3.88702393E+07,-1.07865E+02
3.88732910E+07,-1.14445E+02
3.88763428E+07,-1.11425E+02
3.88793945E+07,-1.03325E+02
3.88824463E+07,-1.10825E+02
3.88854980E+07,-9.45054E+01
3.88885498E+07,-9.60054E+01
3.88916016E+07,-1.12525E+02
3.88946533E+07,-9.93654E+01
3.88977051E+07,-9.95254E+01
3.89007568E+07,-9.78454E+01
3.89038086E+07,-1.02225E+02
3.89068604E+07,-1.09205E+02
3.89099121E+07,-9.93854E+01
3.89129639E+07,-9.95454E+01
3.89160156E+07,-9.85054E+01
3.89190674E+07,-9.87254E+01
3.89221191E+07,-9.60854E+01
3.89251709E+07,-9.68654E+01
3.89282227E+07,-1.03265E+02
3.89312744E+07,-1.02965E+02
3.89343262E+07,-9.05854E+01
3.89373779E+07,-8.75454E+01
3.89404297E+07,-9.27654E+01
3.89434814E+07,-1.03225E+02
3.89465332E+07,-1.04845E+02
3.89495850E+07,-9.24454E+01
3.89526367E+07,-8.75254E+01
3.89556885E+07,-9.81454E+01
3.89587402E+07,-8.65854E+01
3.89617920E+07,-8.40454E+01
3.89648438E+07,-8.54454E+01
3.89678955E+07,-9.13654E+01
3.89709473E+07,-9.01454E+01
3.89739990E+07,-8.55254E+01
3.89770508E+07,-8.85454E+01
3.89801025E+07,-9.60454E+01
3.89831543E+07,-9.11654E+01
3.89862061E+07,-9.68454E+01
3.89892578E+07,-9.23254E+01
3.89923096E+07,-9.91454E+01
3.89953613E+07,-1.16525E+02
3.89984131E+07,-1.00585E+02
3.90014648E+07,-1.13765E+02
3.90045166E+07,-1.06805E+02
3.90075684E+07,-1.10485E+02
3.90106201E+07,-9.74454E+01
3.90136719E+07,-9.32654E+01
3.90167236E+07,-9.78454E+01
3.90197754E+07,-1.07045E+02
3.90228271E+07,-1.04345E+02
3.90258789E+07,-1.02085E+02
3.90289307E+07,-1.05865E+02
3.90319824E+07,-1.07205E+02
3.90350342E+07,-1.09905E+02
3.90380859E+07,-1.02305E+02
3.90411377E+07,-1.00605E+02
3.90441895E+07,-9.74854E+01
3.90472412E+07,-9.72054E+01
3.90502930E+07,-9.80854E+01
3.90533447E+07,-9.39254E+01
3.90563965E+07,-9.60054E+01
3.90594482E+07,-9.56854E+01
3.90625000E+07,-1.01205E+02
3.90655518E+07,-9.72454E+01
3.90686035E+07,-9.24454E+01
3.90716553E+07,-9.24854E+01
3.90747070E+07,-9.65254E+01
3.90777588E+07,-9.61254E+01
3.90808105E+07,-9.95254E+01
3.90838623E+07,-1.11325E+02
3.90869141E+07,-1.05745E+02
3.90899658E+07,-1.03765E+02
3.90930176E+07,-1.00425E+02
3.90960693E+07,-9.54654E+01
3.90991211E+07,-9.85054E+01
3.91021729E+07,-1.00505E+02
3.91052246E+07,-9.33054E+01
3.91082764E+07,-9.18854E+01
3.91113281E+07,-9.50454E+01
3.91143799E+07,-1.07665E+02
3.91174316E+07,-9.54254E+01
3.91204834E+07,-1.00885E+02
3.91235352E+07,-1.00505E+02
3.91265869E+07,-1.01365E+02
3.91296387E+07,-9.58854E+01
3.91326904E+07,-1.01685E+02
3.91357422E+07,-1.03405E+02
3.91387939E+07,-1.01385E+02
3.91418457E+07,-1.02745E+02
3.91448975E+07,-9.30254E+01
3.91479492E+07,-9.29854E+01
3.91510010E+07,-9.47054E+01
3.91540527E+07,-8.79254E+01
3.91571045E+07,-1.05365E+02
3.91601562E+07,-8.60654E+01
3.91632080E+07,-8.22854E+01
3.91662598E+07,-8.41854E+01
3.91693115E+07,-9.15854E+01
3.91723633E+07,-8.80454E+01
3.91754150E+07,-8.66454E+01
3.91784668E+07,-8.95454E+01
3.91815186E+07,-1.04305E+02
3.91845703E+07,-9.29254E+01
3.91876221E+07,-8.95054E+01
3.91906738E+07,-9.23654E+01
3.91937256E+07,-9.91454E+01
3.91967773E+07,-9.77654E+01
3.91998291E+07,-9.20654E+01
3.92028809E+07,-9.19854E+01
3.92059326E+07,-1.05905E+02
3.92089844E+07,-1.15085E+02
3.92120361E+07,-1.17205E+02
3.92150879E+07,-1.00965E+02
3.92181396E+07,-9.67454E+01
3.92211914E+07,-9.44254E+01
3.92242432E+07,-9.50054E+01
3.92272949E+07,-1.01065E+02
3.92303467E+07,-1.05585E+02
3.92333984E+07,-1.00525E+02
3.92364502E+07,-9.64054E+01
3.92395020E+07,-1.02005E+02
3.92425537E+07,-1.08065E+02
3.92456055E+07,-1.04645E+02
3.92486572E+07,-9.59654E+01
3.92517090E+07,-9.82654E+01
3.92547607E+07,-9.67854E+01
3.92578125E+07,-9.94454E+01
3.92608643E+07,-1.14045E+02
3.92639160E+07,-1.05685E+02
3.92669678E+07,-9.83454E+01
3.92700195E+07,-9.40454E+01
3.92730713E+07,-9.53054E+01
3.92761230E+07,-1.03185E+02
3.92791748E+07,-1.04645E+02
3.92822266E+07,-1.01225E+02
3.92852783E+07,-1.03065E+02
3.92883301E+07,-1.01125E+02
3.92913818E+07,-1.04945E+02
3.92944336E+07,-1.07705E+02
3.92974854E+07,-9.81454E+01
3.93005371E+07,-1.00365E+02
3.93035889E+07,-1.09445E+02
3.93066406E+07,-1.03965E+02
3.93096924E+07,-1.17225E+02
3.93127441E+07,-1.00245E+02
3.93157959E+07,-9.90854E+01
3.93188477E+07,-1.05765E+02
3.93218994E+07,-9.94454E+01
3.93249512E+07,-9.83654E+01
3.93280029E+07,-9.34054E+01
3.93310547E+07,-9.34054E+01
3.93341064E+07,-9.27454E+01
3.93371582E+07,-9.10454E+01
3.93402100E+07,-9.22054E+01
3.93432617E+07,-1.00445E+02
3.93463135E+07,-9.80454E+01
3.93493652E+07,-9.58654E+01
3.93524170E+07,-9.06854E+01
3.93554688E+07,-9.10854E+01
3.93585205E+07,-9.89454E+01
3.93615723E+07,-8.60454E+01
3.93646240E+07,-8.38054E+01
3.93676758E+07,-8.50654E+01
3.93707275E+07,-9.30254E+01
3.93737793E+07,-8.77054E+01
3.93768311E+07,-8.78854E+01
3.93798828E+07,-9.81854E+01
3.93829346E+07,-9.64854E+01
3.93859863E+07,-9.34454E+01
3.93890381E+07,-9.36654E+01
3.93920898E+07,-1.00905E+02
3.93951416E+07,-1.03305E+02
3.93981934E+07,-9.82254E+01
3.94012451E+07,-1.00345E+02
3.94042969E+07,-9.69054E+01
3.94073486E+07,-1.01765E+02
3.94104004E+07,-9.99054E+01
3.94134521E+07,-1.02645E+02
3.94165039E+07,-1.11205E+02
3.94195557E+07,-1.00305E+02
3.94226074E+07,-1.04185E+02
3.94256592E+07,-9.69654E+01
3.94287109E+07,-9.82254E+01
3.94317627E+07,-1.01165E+02
3.94348145E+07,-1.06165E+02
3.94378662E+07,-9.76054E+01
3.94409180E+07,-9.81454E+01
3.94439697E+07,-1.05965E+02
3.94470215E+07,-1.07205E+02
3.94500732E+07,-1.07165E+02
3.94531250E+07,-1.01705E+02
3.94561768E+07,-1.00165E+02
3.94592285E+07,-9.73054E+01
3.94622803E+07,-1.01225E+02
3.94653320E+07,-1.07185E+02
3.94683838E+07,-9.58854E+01
3.94714355E+07,-9.33054E+01
3.94744873E+07,-1.03505E+02
3.94775391E+07,-1.02505E+02
3.94805908E+07,-1.04325E+02
3.94836426E+07,-1.01445E+02
3.94866943E+07,-1.07525E+02
3.94897461E+07,-1.06505E+02
3.94927979E+07,-1.03625E+02
3.94958496E+07,-1.02825E+02
3.94989014E+07,-1.13845E+02
3.95019531E+07,-1.03965E+02
3.95050049E+07,-1.13965E+02
3.95080566E+07,-9.92054E+01
3.95111084E+07,-9.75254E+01
3.95141602E+07,-1.00565E+02
3.95172119E+07,-1.03185E+02
3.95202637E+07,-9.75254E+01
3.95233154E+07,-9.60254E+01
3.95263672E+07,-9.70654E+01
3.95294189E+07,-9.89454E+01
3.95324707E+07,-9.94454E+01
3.95355225E+07,-1.02085E+02
3.95385742E+07,-9.89854E+01
3.95416260E+07,-9.91254E+01
3.95446777E+07,-9.67054E+01
3.95477295E+07,-1.02125E+02
3.95507812E+07,-9.30254E+01
3.95538330E+07,-8.77654E+01
3.95568848E+07,-8.90854E+01
3.95599365E+07,-9.15654E+01
3.95629883E+07,-8.40054E+01
3.95660400E+07,-8.19854E+01
3.95690918E+07,-8.45254E+01
3.95721436E+07,-9.25054E+01
3.95751953E+07,-8.53454E+01
3.95782471E+07,-8.62854E+01
3.95812988E+07,-1.00725E+02
3.95843506E+07,-9.69054E+01
3.95874023E+07,-9.45054E+01
3.95904541E+07,-9.76854E+01
3.95935059E+07,-9.99454E+01
3.95965576E+07,-1.03445E+02
3.95996094E+07,-1.06245E+02
3.96026611E+07,-9.70254E+01
3.96057129E+07,-1.00885E+02
3.96087646E+07,-1.02285E+02
3.96118164E+07,-1.01825E+02
3.96148682E+07,-1.01905E+02
3.96179199E+07,-9.98454E+01
3.96209717E+07,-9.89654E+01
3.96240234E+07,-1.05885E+02
3.96270752E+07,-9.35054E+01
3.96301270E+07,-9.11254E+01
3.96331787E+07,-9.67854E+01
3.96362305E+07,-9.54654E+01
3.96392822E+07,-9.41854E+01
3.96423340E+07,-9.59654E+01
3.96453857E+07,-9.94254E+01
3.96484375E+07,-9.77054E+01
3.96514893E+07,-9.71654E+01
3.96545410E+07,-9.92054E+01
3.96575928E+07,-1.02745E+02
3.96606445E+07,-9.79854E+01
3.96636963E+07,-1.21285E+02
3.96667480E+07,-1.02285E+02
3.96697998E+07,-1.02585E+02
3.96728516E+07,-1.00725E+02
3.96759033E+07,-9.44854E+01
3.96789551E+07,-9.40454E+01
3.96820068E+07,-1.03765E+02
3.96850586E+07,-1.07285E+02
3.96881104E+07,-1.10925E+02
3.96911621E+07,-1.01965E+02
3.96942139E+07,-1.05765E+02
3.96972656E+07,-9.65654E+01
3.97003174E+07,-9.71054E+01
3.97033691E+07,-9.65254E+01
3.97064209E+07,-9.74654E+01
3.97094727E+07,-9.91254E+01
3.97125244E+07,-9.82854E+01
3.97155762E+07,-1.03625E+02
3.97186279E+07,-1.09305E+02
3.97216797E+07,-9.87654E+01
3.97247314E+07,-9.96654E+01
3.97277832E+07,-9.99254E+01
3.97308350E+07,-1.05945E+02
3.97338867E+07,-9.38854E+01
3.97369385E+07,-9.85254E+01
3.97399902E+07,-9.93654E+01
3.97430420E+07,-9.76254E+01
3.97460938E+07,-9.90854E+01
3.97491455E+07,-9.76054E+01
3.97521973E+07,-9.00254E+01
3.97552490E+07,-8.85054E+01
3.97583008E+07,-9.06854E+01
3.97613525E+07,-8.94854E+01
3.97644043E+07,-8.50854E+01
3.97674561E+07,-8.46254E+01
3.97705078E+07,-8.84654E+01
3.97735596E+07,-9.15454E+01
3.97766113E+07,-8.56054E+01
3.97796631E+07,-8.76854E+01
3.97827148E+07,-9.97054E+01
3.97857666E+07,-9.62454E+01
3.97888184E+07,-9.74654E+01
3.97918701E+07,-1.04725E+02
3.97949219E+07,-9.60454E+01
3.97979736E+07,-1.01985E+02
3.98010254E+07,-1.05445E+02
3.98040771E+07,-9.66054E+01
3.98071289E+07,-1.00125E+02
3.98101807E+07,-1.04225E+02
3.98132324E+07,-1.07885E+02
3.98162842E+07,-9.76654E+01
3.98193359E+07,-9.91654E+01
3.98223877E+07,-1.01445E+02
3.98254395E+07,-9.23054E+01
3.98284912E+07,-9.42854E+01
3.98315430E+07,-1.05245E+02
3.98345947E+07,-1.03325E+02
3.98376465E+07,-9.65254E+01
3.98406982E+07,-1.06205E+02
3.98437500E+07,-9.78454E+01
3.98468018E+07,-1.01585E+02
3.98498535E+07,-9.88654E+01
3.98529053E+07,-1.00405E+02
3.98559570E+07,-1.11885E+02
3.98590088E+07,-1.00805E+02
3.98620605E+07,-1.00305E+02
3.98651123E+07,-9.65654E+01
3.98681641E+07,-9.93054E+01
3.98712158E+07,-9.89254E+01
3.98742676E+07,-9.89054E+01
3.98773193E+07,-9.64454E+01
3.98803711E+07,-9.66454E+01
3.98834229E+07,-1.02365E+02
3.98864746E+07,-1.04305E+02
3.98895264E+07,-1.11305E+02
3.98925781E+07,-1.00005E+02
3.98956299E+07,-9.92054E+01
3.98986816E+07,-1.02905E+02
3.99017334E+07,-1.01825E+02
3.99047852E+07,-9.57054E+01
3.99078369E+07,-9.82054E+01
3.99108887E+07,-1.00325E+02
3.99139404E+07,-1.03265E+02
3.99169922E+07,-1.00545E+02
3.99200439E+07,-1.04825E+02
3.99230957E+07,-9.92454E+01
3.99261475E+07,-1.01445E+02
3.99291992E+07,-1.00165E+02
3.99322510E+07,-9.61054E+01
3.99353027E+07,-9.51254E+01
3.99383545E+07,-9.53054E+01
3.99414062E+07,-9.25654E+01
3.99444580E+07,-9.40454E+01
3.99475098E+07,-9.26254E+01
3.99505615E+07,-9.68054E+01
3.99536133E+07,-9.34654E+01
3.99566650E+07,-8.54654E+01
3.99597168E+07,-9.30654E+01
3.99627686E+07,-8.67054E+01
3.99658203E+07,-8.26454E+01
3.99688721E+07,-8.31254E+01
3.99719238E+07,-8.68054E+01
3.99749756E+07,-9.22254E+01
3.99780273E+07,-8.79454E+01
3.99810791E+07,-8.85054E+01
3.99841309E+07,-1.02065E+02
3.99871826E+07,-9.17454E+01
3.99902344E+07,-9.08054E+01
3.99932861E+07,-9.52854E+01
3.99963379E+07,-9.35054E+01
3.99993896E+07,-9.51654E+01
4.00024414E+07,-1.00425E+02
4.00054932E+07,-9.69854E+01
4.00085449E+07,-9.60854E+01
4.00115967E+07,-9.49854E+01
4.00146484E+07,-9.74254E+01
4.00177002E+07,-1.06325E+02
4.00207520E+07,-9.64254E+01
4.00238037E+07,-1.00085E+02
4.00268555E+07,-1.02625E+02
4.00299072E+07,-9.99654E+01
4.00329590E+07,-9.86054E+01
4.00360107E+07,-1.28745E+02
4.00390625E+07,-9.97854E+01
4.00421143E+07,-9.56654E+01
4.00451660E+07,-1.02365E+02
4.00482178E+07,-9.83254E+01
4.00512695E+07,-1.01385E+02
4.00543213E+07,-1.07805E+02
4.00573730E+07,-9.85654E+01
4.00604248E+07,-9.63254E+01
4.00634766E+07,-1.09165E+02
4.00665283E+07,-9.57654E+01
4.00695801E+07,-9.89854E+01
4.00726318E+07,-1.07425E+02
4.00756836E+07,-9.91654E+01
4.00787354E+07,-1.00805E+02
4.00817871E+07,-1.00585E+02
4.00848389E+07,-1.04565E+02
4.00878906E+07,-1.06925E+02
4.00909424E+07,-1.12825E+02
4.00939941E+07,-1.02985E+02
4.00970459E+07,-9.81254E+01
4.01000977E+07,-9.89654E+01
4.01031494E+07,-9.90054E+01
4.01062012E+07,-1.01665E+02
4.01092529E+07,-1.05565E+02
4.01123047E+07,-1.06725E+02
4.01153564E+07,-9.60654E+01
4.01184082E+07,-9.91054E+01
4.01214600E+07,-1.12445E+02
4.01245117E+07,-1.10085E+02
4.01275635E+07,-1.11885E+02
4.01306152E+07,-1.12685E+02
4.01336670E+07,-9.91254E+01
4.01367188E+07,-9.29854E+01
4.01397705E+07,-9.14054E+01
4.01428223E+07,-9.10254E+01
4.01458740E+07,-9.41454E+01
4.01489258E+07,-1.05025E+02
4.01519775E+07,-9.43454E+01
4.01550293E+07,-8.85254E+01
4.01580811E+07,-8.97854E+01
4.01611328E+07,-9.27654E+01
4.01641846E+07,-8.47654E+01
4.01672363E+07,-8.47254E+01
4.01702881E+07,-8.56454E+01
4.01733398E+07,-9.14854E+01
4.01763916E+07,-8.98254E+01
4.01794434E+07,-8.55654E+01
4.01824951E+07,-9.18254E+01
4.01855469E+07,-1.00325E+02
4.01885986E+07,-9.25654E+01
4.01916504E+07,-9.28054E+01
4.01947021E+07,-9.74454E+01
4.01977539E+07,-1.05205E+02
4.02008057E+07,-1.02505E+02
4.02038574E+07,-9.86854E+01
4.02069092E+07,-9.54654E+01
4.02099609E+07,-9.52254E+01
4.02130127E+07,-1.05625E+02
4.02160645E+07,-1.02565E+02
4.02191162E+07,-1.01065E+02
4.02221680E+07,-9.71054E+01
4.02252197E+07,-1.01385E+02
4.02282715E+07,-9.78454E+01
4.02313232E+07,-1.02145E+02
4.02343750E+07,-1.01005E+02
4.02374268E+07,-1.02225E+02
4.02404785E+07,-1.06865E+02
4.02435303E+07,-9.79654E+01
4.02465820E+07,-9.57054E+01
4.02496338E+07,-9.63654E+01
4.02526855E+07,-9.58654E+01
4.02557373E+07,-9.70054E+01
4.02587891E+07,-1.00905E+02
4.02618408E+07,-9.85654E+01
4.02648926E+07,-9.92454E+01
4.02679443E+07,-1.07685E+02
4.02709961E+07,-9.72854E+01
4.02740479E+07,-9.45654E+01
4.02770996E+07,-9.61654E+01
4.02801514E+07,-1.04985E+02
4.02832031E+07,-1.07405E+02
4.02862549E+07,-1.13765E+02
4.02893066E+07,-9.72454E+01
4.02923584E+07,-9.78454E+01
4.02954102E+07,-1.04645E+02
4.02984619E+07,-1.00345E+02
4.03015137E+07,-1.03065E+02
4.03045654E+07,-9.62654E+01
4.03076172E+07,-9.71254E+01
4.03106689E+07,-9.99854E+01
4.03137207E+07,-9.90454E+01
4.03167725E+07,-9.64854E+01
4.03198242E+07,-9.38854E+01
4.03228760E+07,-9.72654E+01
4.03259277E+07,-1.14845E+02
4.03289795E+07,-1.03725E+02
4.03320312E+07,-1.06205E+02
4.03350830E+07,-9.62254E+01
4.03381348E+07,-9.53054E+01
4.03411865E+07,-9.76854E+01
4.03442383E+07,-9.00254E+01
4.03472900E+07,-9.18654E+01
4.03503418E+07,-1.01965E+02
4.03533936E+07,-9.17454E+01
4.03564453E+07,-8.91454E+01
4.03594971E+07,-8.76454E+01
4.03625488E+07,-9.87454E+01
4.03656006E+07,-8.67054E+01
4.03686523E+07,-8.54454E+01
4.03717041E+07,-8.56654E+01
4.03747559E+07,-9.28054E+01
4.03778076E+07,-9.12854E+01
4.03808594E+07,-8.88854E+01
4.03839111E+07,-9.44054E+01
4.03869629E+07,-9.11854E+01
4.03900146E+07,-8.85854E+01
4.03930664E+07,-9.16254E+01
4.03961182E+07,-1.05725E+02
4.03991699E+07,-1.01145E+02
4.04022217E+07,-1.02005E+02
4.04052734E+07,-1.01645E+02
4.04083252E+07,-9.52654E+01
4.04113770E+07,-9.53854E+01
4.04144287E+07,-1.00925E+02
4.04174805E+07,-1.09825E+02
4.04205322E+07,-9.96654E+01
4.04235840E+07,-9.56854E+01
4.04266357E+07,-9.95654E+01
4.04296875E+07,-1.00145E+02
4.04327393E+07,-9.85454E+01
4.04357910E+07,-9.54854E+01
4.04388428E+07,-9.50054E+01
4.04418945E+07,-1.05165E+02
4.04449463E+07,-1.00385E+02
4.04479980E+07,-1.00625E+02
4.04510498E+07,-9.70054E+01
4.04541016E+07,-1.03505E+02
4.04571533E+07,-1.17865E+02
4.04602051E+07,-1.05465E+02
4.04632568E+07,-9.55454E+01
4.04663086E+07,-9.33654E+01
4.04693604E+07,-9.65854E+01
4.04724121E+07,-9.41854E+01
4.04754639E+07,-9.51254E+01
4.04785156E+07,-1.00085E+02
4.04815674E+07,-9.81854E+01
4.04846191E+07,-1.01745E+02
4.04876709E+07,-9.93054E+01
4.04907227E+07,-9.82854E+01
4.04937744E+07,-1.01405E+02
4.04968262E+07,-1.02805E+02
4.04998779E+07,-1.11745E+02
4.05029297E+07,-1.03405E+02
4.05059814E+07,-9.51054E+01
4.05090332E+07,-9.42254E+01
4.05120850E+07,-9.89854E+01
4.05151367E+07,-1.01705E+02
4.05181885E+07,-9.59054E+01
4.05212402E+07,-9.64654E+01
4.05242920E+07,-1.00445E+02
4.05273438E+07,-1.08485E+02
4.05303955E+07,-1.01505E+02
4.05334473E+07,-9.64454E+01
4.05364990E+07,-1.02145E+02
4.05395508E+07,-1.01285E+02
4.05426025E+07,-9.80454E+01
4.05456543E+07,-9.29054E+01
4.05487061E+07,-9.11654E+01
4.05517578E+07,-1.06945E+02
4.05548096E+07,-9.20454E+01
4.05578613E+07,-8.58854E+01
4.05609131E+07,-8.88054E+01
4.05639648E+07,-9.09654E+01
4.05670166E+07,-8.42654E+01
4.05700684E+07,-8.39654E+01
4.05731201E+07,-8.64254E+01
4.05761719E+07,-9.20654E+01
4.05792236E+07,-9.20054E+01
4.05822754E+07,-8.94654E+01
4.05853271E+07,-9.53854E+01
4.05883789E+07,-9.09654E+01
4.05914307E+07,-9.02454E+01
4.05944824E+07,-8.90054E+01
4.05975342E+07,-9.94854E+01
4.06005859E+07,-9.60254E+01
4.06036377E+07,-1.00125E+02
4.06066895E+07,-9.49254E+01
4.06097412E+07,-9.07654E+01
4.06127930E+07,-9.42254E+01
4.06158447E+07,-1.05685E+02
4.06188965E+07,-1.04845E+02
4.06219482E+07,-9.89254E+01
4.06250000E+07,-9.24254E+01
4.06280518E+07,-9.65654E+01
4.06311035E+07,-9.97654E+01
4.06341553E+07,-9.45454E+01
4.06372070E+07,-9.76254E+01
4.06402588E+07,-1.03925E+02
4.06433105E+07,-1.01105E+02
4.06463623E+07,-1.01805E+02
4.06494141E+07,-1.09205E+02
4.06524658E+07,-1.14085E+02
4.06555176E+07,-1.10065E+02
4.06585693E+07,-9.91654E+01
4.06616211E+07,-1.02285E+02
4.06646729E+07,-1.03305E+02
4.06677246E+07,-9.72054E+01
4.06707764E+07,-9.80054E+01
4.06738281E+07,-1.01645E+02
4.06768799E+07,-9.90454E+01
4.06799316E+07,-9.75254E+01
4.06829834E+07,-1.00045E+02
4.06860352E+07,-1.06805E+02
4.06890869E+07,-9.69254E+01
4.06921387E+07,-9.95454E+01
4.06951904E+07,-9.74454E+01
4.06982422E+07,-9.83054E+01
4.07012939E+07,-1.04525E+02
4.07043457E+07,-1.03445E+02
4.07073975E+07,-1.08845E+02
4.07104492E+07,-1.01285E+02
4.07135010E+07,-9.83654E+01
4.07165527E+07,-9.94854E+01
4.07196045E+07,-1.01665E+02
4.07226562E+07,-1.04225E+02
4.07257080E+07,-1.09425E+02
4.07287598E+07,-1.01625E+02
4.07318115E+07,-1.00425E+02
4.07348633E+07,-9.17654E+01
4.07379150E+07,-9.15854E+01
4.07409668E+07,-9.84854E+01
4.07440186E+07,-9.84054E+01
4.07470703E+07,-9.40054E+01
4.07501221E+07,-9.27454E+01
4.07531738E+07,-9.69254E+01
4.07562256E+07,-9.37054E+01
4.07592773E+07,-8.75654E+01
4.07623291E+07,-9.28254E+01
4.07653809E+07,-8.99454E+01
4.07684326E+07,-8.58254E+01
4.07714844E+07,-8.51454E+01
4.07745361E+07,-8.87254E+01
4.07775879E+07,-9.80454E+01
4.07806396E+07,-8.84854E+01
4.07836914E+07,-9.16654E+01
4.07867432E+07,-9.51854E+01
4.07897949E+07,-8.90854E+01
4.07928467E+07,-8.95654E+01
4.07958984E+07,-9.65854E+01
4.07989502E+07,-1.04085E+02
4.08020020E+07,-9.78654E+01
4.08050537E+07,-9.68254E+01
4.08081055E+07,-9.92054E+01
4.08111572E+07,-9.96254E+01
4.08142090E+07,-9.63854E+01
4.08172607E+07,-1.05525E+02
4.08203125E+07,-9.85254E+01
4.08233643E+07,-9.69654E+01
4.08264160E+07,-9.82854E+01
4.08294678E+07,-9.40054E+01
4.08325195E+07,-9.90854E+01
4.08355713E+07,-1.03265E+02
4.08386230E+07,-9.52054E+01
4.08416748E+07,-9.66454E+01
4.08447266E+07,-1.02205E+02
4.08477783E+07,-1.06365E+02
4.08508301E+07,-1.03325E+02
4.08538818E+07,-9.76454E+01
4.08569336E+07,-9.75654E+01
4.08599854E+07,-1.08385E+02
4.08630371E+07,-9.90854E+01
4.08660889E+07,-1.07005E+02
4.08691406E+07,-1.07765E+02
4.08721924E+07,-1.04425E+02
4.08752441E+07,-1.06605E+02
4.08782959E+07,-9.64854E+01
4.08813477E+07,-1.02805E+02
4.08843994E+07,-1.01965E+02
4.08874512E+07,-9.91454E+01
4.08905029E+07,-9.96454E+01
4.08935547E+07,-9.95654E+01
4.08966064E+07,-1.01885E+02
4.08996582E+07,-1.00845E+02
4.09027100E+07,-9.66854E+01
4.09057617E+07,-9.68454E+01
4.09088135E+07,-9.48454E+01
4.09118652E+07,-9.66054E+01
4.09149170E+07,-1.02425E+02
4.09179688E+07,-1.09205E+02
4.09210205E+07,-1.03185E+02
4.09240723E+07,-9.72054E+01
4.09271240E+07,-9.40854E+01
4.09301758E+07,-1.06425E+02
4.09332275E+07,-9.95054E+01
4.09362793E+07,-9.96854E+01
4.09393311E+07,-9.20454E+01
4.09423828E+07,-1.03085E+02
4.09454346E+07,-9.96654E+01
4.09484863E+07,-1.01085E+02
4.09515381E+07,-9.69654E+01
4.09545898E+07,-1.03265E+02
4.09576416E+07,-9.26454E+01
4.09606934E+07,-9.13654E+01
4.09637451E+07,-9.56654E+01
4.09667969E+07,-8.67654E+01
4.09698486E+07,-8.48854E+01
4.09729004E+07,-8.68454E+01
4.09759521E+07,-9.25654E+01
4.09790039E+07,-9.34654E+01
4.09820557E+07,-8.65254E+01
4.09851074E+07,-8.91854E+01
4.09881592E+07,-1.06445E+02
4.09912109E+07,-9.45854E+01
4.09942627E+07,-9.29054E+01
4.09973145E+07,-9.64854E+01
4.10003662E+07,-9.77854E+01
4.10034180E+07,-1.01105E+02
4.10064697E+07,-1.11645E+02
4.10095215E+07,-9.70254E+01
4.10125732E+07,-9.98854E+01
4.10156250E+07,-9.66454E+01
4.10186768E+07,-9.78454E+01
4.10217285E+07,-1.01285E+02
4.10247803E+07,-9.83054E+01
4.10278320E+07,-1.04965E+02
4.10308838E+07,-9.91054E+01
4.10339355E+07,-9.71454E+01
4.10369873E+07,-9.54654E+01
4.10400391E+07,-9.75054E+01
4.10430908E+07,-9.79454E+01
4.10461426E+07,-9.84654E+01
4.10491943E+07,-9.80854E+01
4.10522461E+07,-1.03265E+02
4.10552979E+07,-9.78254E+01
4.10583496E+07,-9.55054E+01
4.10614014E+07,-1.02085E+02
4.10644531E+07,-1.10905E+02
4.10675049E+07,-1.12305E+02
4.10705566E+07,-1.01825E+02
4.10736084E+07,-1.05825E+02
4.10766602E+07,-1.02045E+02
4.10797119E+07,-9.42254E+01
4.10827637E+07,-9.49454E+01
4.10858154E+07,-9.84254E+01
4.10888672E+07,-1.03725E+02
4.10919189E+07,-1.08505E+02
4.10949707E+07,-1.02805E+02
4.10980225E+07,-1.00105E+02
4.11010742E+07,-9.54454E+01
4.11041260E+07,-9.67454E+01
4.11071777E+07,-9.99854E+01
4.11102295E+07,-1.00625E+02
4.11132812E+07,-1.14345E+02
4.11163330E+07,-1.08645E+02
4.11193848E+07,-1.09585E+02
4.11224365E+07,-1.10965E+02
4.11254883E+07,-1.01805E+02
4.11285400E+07,-1.05885E+02
4.11315918E+07,-1.04945E+02
4.11346436E+07,-9.90054E+01
4.11376953E+07,-9.57254E+01
4.11407471E+07,-1.00025E+02
4.11437988E+07,-1.04545E+02
4.11468506E+07,-1.04405E+02
4.11499023E+07,-1.01765E+02
4.11529541E+07,-1.00905E+02
4.11560059E+07,-9.26454E+01
4.11590576E+07,-8.81254E+01
4.11621094E+07,-8.90054E+01
4.11651611E+07,-9.47054E+01
4.11682129E+07,-8.58854E+01
4.11712646E+07,-8.52654E+01
4.11743164E+07,-8.74454E+01
4.11773682E+07,-9.45854E+01
4.11804199E+07,-9.31854E+01
4.11834717E+07,-8.68654E+01
4.11865234E+07,-9.02254E+01
4.11895752E+07,-1.00505E+02
4.11926270E+07,-9.35454E+01
4.11956787E+07,-9.05654E+01
4.11987305E+07,-9.98254E+01
4.12017822E+07,-9.15854E+01
4.12048340E+07,-9.54254E+01
4.12078857E+07,-1.06345E+02
4.12109375E+07,-1.02685E+02
4.12139893E+07,-1.23765E+02
4.12170410E+07,-1.01365E+02
4.12200928E+07,-9.35454E+01
4.12231445E+07,-9.59254E+01
4.12261963E+07,-9.85654E+01
4.12292480E+07,-9.71654E+01
4.12322998E+07,-9.77854E+01
4.12353516E+07,-1.14285E+02
4.12384033E+07,-1.01485E+02
4.12414551E+07,-9.70254E+01
4.12445068E+07,-9.97854E+01
4.12475586E+07,-1.20045E+02
4.12506104E+07,-1.10805E+02
4.12536621E+07,-1.12505E+02
4.12567139E+07,-1.12205E+02
4.12597656E+07,-1.01225E+02
4.12628174E+07,-1.01285E+02
4.12658691E+07,-9.61654E+01
4.12689209E+07,-9.48654E+01
4.12719727E+07,-9.84854E+01
4.12750244E+07,-9.96254E+01
4.12780762E+07,-9.79254E+01
4.12811279E+07,-1.03725E+02
4.12841797E+07,-1.01165E+02
4.12872314E+07,-9.61254E+01
4.12902832E+07,-9.93654E+01
4.12933350E+07,-1.06225E+02
4.12963867E+07,-1.02685E+02
4.12994385E+07,-1.02825E+02
4.13024902E+07,-9.82054E+01
4.13055420E+07,-9.48854E+01
4.13085938E+07,-9.56454E+01
4.13116455E+07,-1.03465E+02
4.13146973E+07,-9.83254E+01
4.13177490E+07,-9.41454E+01
4.13208008E+07,-9.67454E+01
4.13238525E+07,-9.40854E+01
4.13269043E+07,-8.98254E+01
4.13299561E+07,-9.21454E+01
4.13330078E+07,-1.02825E+02
4.13360596E+07,-1.09385E+02
4.13391113E+07,-9.99854E+01
4.13421631E+07,-9.50454E+01
4.13452148E+07,-9.14254E+01
4.13482666E+07,-9.24454E+01
4.13513184E+07,-1.06965E+02
4.13543701E+07,-9.48054E+01
4.13574219E+07,-9.77654E+01
4.13604736E+07,-9.48454E+01
4.13635254E+07,-9.19054E+01
4.13665771E+07,-9.79854E+01
4.13696289E+07,-8.77654E+01
4.13726807E+07,-8.53654E+01
4.13757324E+07,-8.89254E+01
4.13787842E+07,-9.22254E+01
4.13818359E+07,-8.83254E+01
4.13848877E+07,-8.92054E+01
4.13879395E+07,-9.71454E+01
4.13909912E+07,-9.40854E+01
4.13940430E+07,-9.47454E+01
4.13970947E+07,-9.27054E+01
4.14001465E+07,-9.24254E+01
4.14031982E+07,-9.46654E+01
4.14062500E+07,-9.46454E+01
4.14093018E+07,-9.73454E+01
4.14123535E+07,-9.58054E+01
4.14154053E+07,-9.54054E+01
4.14184570E+07,-1.00045E+02
4.14215088E+07,-1.01805E+02
4.14245605E+07,-9.64054E+01
4.14276123E+07,-9.48454E+01
4.14306641E+07,-9.81854E+01
4.14337158E+07,-1.00285E+02
4.14367676E+07,-9.98654E+01
4.14398193E+07,-9.69654E+01
4.14428711E+07,-9.42254E+01
4.14459229E+07,-9.63254E+01
4.14489746E+07,-9.83254E+01
4.14520264E+07,-1.06765E+02
4.14550781E+07,-1.10525E+02
4.14581299E+07,-1.07785E+02
4.14611816E+07,-1.00205E+02
4.14642334E+07,-9.18254E+01
4.14672852E+07,-9.40454E+01
4.14703369E+07,-1.00645E+02
4.14733887E+07,-1.04085E+02
4.14764404E+07,-1.03265E+02
4.14794922E+07,-9.15454E+01
4.14825439E+07,-8.62254E+01
4.14855957E+07,-9.37654E+01
4.14886475E+07,-1.02445E+02
4.14916992E+07,-1.01005E+02
4.14947510E+07,-1.00205E+02
4.14978027E+07,-1.00645E+02
4.15008545E+07,-1.01305E+02
4.15039062E+07,-9.38054E+01
4.15069580E+07,-9.79654E+01
4.15100098E+07,-1.25965E+02
4.15130615E+07,-1.07785E+02
4.15161133E+07,-1.01485E+02
4.15191650E+07,-9.62454E+01
4.15222168E+07,-1.09145E+02
4.15252686E+07,-9.85654E+01
4.15283203E+07,-9.80854E+01
4.15313721E+07,-1.02285E+02
4.15344238E+07,-1.05925E+02
4.15374756E+07,-9.97654E+01
4.15405273E+07,-9.43054E+01
4.15435791E+07,-9.49854E+01
4.15466309E+07,-9.11454E+01
4.15496826E+07,-9.14454E+01
4.15527344E+07,-1.03225E+02
4.15557861E+07,-1.00365E+02
4.15588379E+07,-9.94654E+01
4.15618896E+07,-8.95054E+01
4.15649414E+07,-8.99854E+01
4.15679932E+07,-9.05454E+01
4.15710449E+07,-8.78854E+01
4.15740967E+07,-8.50254E+01
4.15771484E+07,-8.79654E+01
4.15802002E+07,-9.84654E+01
4.15832520E+07,-8.91654E+01
4.15863037E+07,-8.70454E+01
4.15893555E+07,-9.44454E+01
4.15924072E+07,-9.51854E+01
4.15954590E+07,-9.66254E+01
4.15985107E+07,-9.43054E+01
4.16015625E+07,-1.01885E+02
4.16046143E+07,-9.32654E+01
4.16076660E+07,-9.81454E+01
4.16107178E+07,-9.90454E+01
4.16137695E+07,-9.62654E+01
4.16168213E+07,-9.62854E+01
4.16198730E+07,-9.82054E+01
4.16229248E+07,-9.75054E+01
4.16259766E+07,-1.08745E+02
4.16290283E+07,-1.06745E+02
4.16320801E+07,-1.06805E+02
4.16351318E+07,-1.12525E+02
4.16381836E+07,-1.06685E+02
4.16412354E+07,-1.04045E+02
4.16442871E+07,-1.04145E+02
4.16473389E+07,-1.00985E+02
4.16503906E+07,-1.00365E+02
4.16534424E+07,-1.06925E+02
4.16564941E+07,-1.00185E+02
4.16595459E+07,-9.56654E+01
4.16625977E+07,-9.53854E+01
4.16656494E+07,-9.78654E+01
4.16687012E+07,-9.90854E+01
4.16717529E+07,-9.89054E+01
4.16748047E+07,-1.07245E+02
4.16778564E+07,-9.65854E+01
4.16809082E+07,-8.09854E+01
4.16839600E+07,-8.00254E+01
4.16870117E+07,-9.05454E+01
4.16900635E+07,-9.99654E+01
4.16931152E+07,-9.45054E+01
4.16961670E+07,-9.60654E+01
4.16992188E+07,-1.03965E+02
4.17022705E+07,-9.91254E+01
4.17053223E+07,-9.38854E+01
4.17083740E+07,-9.40054E+01
4.17114258E+07,-9.79654E+01
4.17144775E+07,-1.06185E+02
4.17175293E+07,-1.03265E+02
4.17205811E+07,-9.86254E+01
4.17236328E+07,-9.56054E+01
4.17266846E+07,-9.01054E+01
4.17297363E+07,-9.44054E+01
4.17327881E+07,-1.01505E+02
4.17358398E+07,-9.54654E+01
4.17388916E+07,-1.01245E+02
4.17419434E+07,-9.67054E+01
4.17449951E+07,-1.00545E+02
4.17480469E+07,-9.50854E+01
4.17510986E+07,-9.28654E+01
4.17541504E+07,-9.58654E+01
4.17572021E+07,-9.90854E+01
4.17602539E+07,-9.67254E+01
4.17633057E+07,-9.67454E+01
4.17663574E+07,-1.06305E+02
4.17694092E+07,-9.16654E+01
4.17724609E+07,-8.68854E+01
4.17755127E+07,-8.66454E+01
4.17785645E+07,-9.26454E+01
4.17816162E+07,-9.58454E+01
4.17846680E+07,-8.93854E+01
4.17877197E+07,-9.08054E+01
4.17907715E+07,-9.83054E+01
4.17938232E+07,-1.00345E+02
4.17968750E+07,-1.00025E+02
4.17999268E+07,-9.33054E+01
4.18029785E+07,-1.00085E+02
4.18060303E+07,-1.11785E+02
4.18090820E+07,-1.01105E+02
4.18121338E+07,-9.51254E+01
4.18151855E+07,-9.69054E+01
4.18182373E+07,-1.01085E+02
4.18212891E+07,-9.52454E+01
4.18243408E+07,-9.09054E+01
4.18273926E+07,-9.50254E+01
4.18304443E+07,-1.05105E+02
4.18334961E+07,-1.01745E+02
4.18365479E+07,-9.66254E+01
4.18395996E+07,-9.24854E+01
4.18426514E+07,-9.42654E+01
4.18457031E+07,-1.03065E+02
4.18487549E+07,-9.35054E+01
4.18518066E+07,-9.26454E+01
4.18548584E+07,-9.81054E+01
4.18579102E+07,-1.08285E+02
4.18609619E+07,-1.01045E+02
4.18640137E+07,-1.03705E+02
4.18670654E+07,-1.00765E+02
4.18701172E+07,-9.62454E+01
4.18731689E+07,-9.37254E+01
4.18762207E+07,-9.31254E+01
4.18792725E+07,-9.35854E+01
4.18823242E+07,-8.71054E+01
4.18853760E+07,-9.09054E+01
4.18884277E+07,-9.66454E+01
4.18914795E+07,-9.39254E+01
4.18945312E+07,-9.59454E+01
4.18975830E+07,-1.13025E+02
4.19006348E+07,-9.76254E+01
4.19036865E+07,-9.66854E+01
4.19067383E+07,-1.00285E+02
4.19097900E+07,-9.94254E+01
4.19128418E+07,-1.16245E+02
4.19158936E+07,-1.01645E+02
4.19189453E+07,-1.01505E+02
4.19219971E+07,-1.08125E+02
4.19250488E+07,-1.00545E+02
4.19281006E+07,-9.46854E+01
4.19311523E+07,-9.41854E+01
4.19342041E+07,-1.04625E+02
4.19372559E+07,-1.09005E+02
4.19403076E+07,-1.06485E+02
4.19433594E+07,-1.04565E+02
4.19464111E+07,-9.86254E+01
4.19494629E+07,-9.74854E+01
4.19525146E+07,-1.00385E+02
4.19555664E+07,-1.13185E+02
4.19586182E+07,-1.03665E+02
4.19616699E+07,-8.97054E+01
4.19647217E+07,-8.86854E+01
4.19677734E+07,-9.42854E+01
4.19708252E+07,-8.88454E+01
4.19738770E+07,-8.68454E+01
4.19769287E+07,-8.89254E+01
4.19799805E+07,-9.39254E+01
4.19830322E+07,-1.05385E+02
4.19860840E+07,-9.18254E+01
4.19891357E+07,-9.20054E+01
4.19921875E+07,-9.72254E+01
4.19952393E+07,-9.04854E+01
4.19982910E+07,-9.13454E+01
4.20013428E+07,-9.10654E+01
4.20043945E+07,-9.30654E+01
4.20074463E+07,-9.90854E+01
4.20104980E+07,-9.59054E+01
4.20135498E+07,-9.76654E+01
4.20166016E+07,-1.07425E+02
4.20196533E+07,-9.87054E+01
4.20227051E+07,-1.02145E+02
4.20257568E+07,-9.88654E+01
4.20288086E+07,-9.44454E+01
4.20318604E+07,-9.44654E+01
4.20349121E+07,-1.01685E+02
4.20379639E+07,-1.12585E+02
4.20410156E+07,-1.07885E+02
4.20440674E+07,-1.02805E+02
4.20471191E+07,-1.13465E+02
4.20501709E+07,-9.89854E+01
4.20532227E+07,-9.25854E+01
4.20562744E+07,-1.01125E+02
4.20593262E+07,-9.80854E+01
4.20623779E+07,-9.44454E+01
4.20654297E+07,-9.39254E+01
4.20684814E+07,-9.47654E+01
4.20715332E+07,-9.62454E+01
4.20745850E+07,-9.73254E+01
4.20776367E+07,-9.44054E+01
4.20806885E+07,-1.00885E+02
4.20837402E+07,-9.66854E+01
4.20867920E+07,-9.76854E+01
4.20898438E+07,-1.00045E+02
4.20928955E+07,-1.03505E+02
4.20959473E+07,-1.07225E+02
4.20989990E+07,-9.77454E+01
4.21020508E+07,-9.37254E+01
4.21051025E+07,-9.61054E+01
4.21081543E+07,-1.01385E+02
4.21112061E+07,-1.01345E+02
4.21142578E+07,-9.62254E+01
4.21173096E+07,-9.57454E+01
4.21203613E+07,-1.01665E+02
4.21234131E+07,-1.01165E+02
4.21264648E+07,-9.85454E+01
4.21295166E+07,-1.05645E+02
4.21325684E+07,-1.01565E+02
4.21356201E+07,-9.94454E+01
4.21386719E+07,-1.02905E+02
4.21417236E+07,-1.02385E+02
4.21447754E+07,-1.02205E+02
4.21478271E+07,-9.94654E+01
4.21508789E+07,-9.54454E+01
4.21539307E+07,-9.44054E+01
4.21569824E+07,-9.52254E+01
4.21600342E+07,-9.47054E+01
4.21630859E+07,-9.40854E+01
4.21661377E+07,-8.87854E+01
4.21691895E+07,-9.31654E+01
4.21722412E+07,-9.23854E+01
4.21752930E+07,-8.78054E+01
4.21783447E+07,-8.73854E+01
4.21813965E+07,-9.53254E+01
4.21844482E+07,-9.58454E+01
4.21875000E+07,-8.89654E+01
4.21905518E+07,-8.99454E+01
4.21936035E+07,-9.71254E+01
4.21966553E+07,-9.29654E+01
4.21997070E+07,-9.39254E+01
4.22027588E+07,-1.02765E+02
4.22058105E+07,-1.00105E+02
4.22088623E+07,-1.03125E+02
4.22119141E+07,-9.75054E+01
4.22149658E+07,-9.43654E+01
4.22180176E+07,-9.38454E+01
4.22210693E+07,-9.04654E+01
4.22241211E+07,-9.13254E+01
4.22271729E+07,-9.69254E+01
4.22302246E+07,-9.13854E+01
4.22332764E+07,-9.16854E+01
4.22363281E+07,-9.85854E+01
4.22393799E+07,-1.09545E+02
4.22424316E+07,-9.62254E+01
4.22454834E+07,-9.40854E+01
4.22485352E+07,-9.75254E+01
4.22515869E+07,-1.04925E+02
4.22546387E+07,-1.07385E+02
4.22576904E+07,-9.88454E+01
4.22607422E+07,-9.84854E+01
4.22637939E+07,-1.05205E+02
4.22668457E+07,-1.09245E+02
4.22698975E+07,-9.70254E+01
4.22729492E+07,-9.24454E+01
4.22760010E+07,-9.10854E+01
4.22790527E+07,-9.59454E+01
4.22821045E+07,-9.34054E+01
4.22851562E+07,-9.20454E+01
4.22882080E+07,-9.68254E+01
4.22912598E+07,-9.70254E+01
4.22943115E+07,-9.71054E+01
4.22973633E+07,-1.09045E+02
4.23004150E+07,-1.00425E+02
4.23034668E+07,-1.09645E+02
4.23065186E+07,-9.70054E+01
4.23095703E+07,-9.65854E+01
4.23126221E+07,-1.02705E+02
4.23156738E+07,-9.70254E+01
4.23187256E+07,-1.02445E+02
4.23217773E+07,-1.02745E+02
4.23248291E+07,-1.06685E+02
4.23278809E+07,-1.21025E+02
4.23309326E+07,-1.00365E+02
4.23339844E+07,-9.43854E+01
4.23370361E+07,-9.77654E+01
4.23400879E+07,-1.04085E+02
4.23431396E+07,-9.66054E+01
4.23461914E+07,-9.33254E+01
4.23492432E+07,-9.92654E+01
4.23522949E+07,-9.91254E+01
4.23553467E+07,-9.48854E+01
4.23583984E+07,-9.86454E+01
4.23614502E+07,-9.29654E+01
4.23645020E+07,-9.01454E+01
4.23675537E+07,-8.90854E+01
4.23706055E+07,-9.58854E+01
4.23736572E+07,-8.93454E+01
4.23767090E+07,-8.77654E+01
4.23797607E+07,-8.80254E+01
4.23828125E+07,-9.29254E+01
4.23858643E+07,-8.94254E+01
4.23889160E+07,-8.98254E+01
4.23919678E+07,-9.68454E+01
4.23950195E+07,-1.03625E+02
4.23980713E+07,-9.51654E+01
4.24011230E+07,-9.45454E+01
4.24041748E+07,-1.08765E+02
4.24072266E+07,-9.66854E+01
4.24102783E+07,-1.00445E+02
4.24133301E+07,-1.11045E+02
4.24163818E+07,-1.02145E+02
4.24194336E+07,-1.00125E+02
4.24224854E+07,-9.98254E+01
4.24255371E+07,-9.63654E+01
4.24285889E+07,-9.69254E+01
4.24316406E+07,-9.71854E+01
4.24346924E+07,-9.55454E+01
4.24377441E+07,-9.66054E+01
4.24407959E+07,-9.73254E+01
4.24438477E+07,-9.75054E+01
4.24468994E+07,-1.00165E+02
4.24499512E+07,-1.12285E+02
4.24530029E+07,-1.11625E+02
4.24560547E+07,-9.97854E+01
4.24591064E+07,-9.90454E+01
4.24621582E+07,-1.05965E+02
4.24652100E+07,-1.04425E+02
4.24682617E+07,-9.90654E+01
4.24713135E+07,-1.03805E+02
4.24743652E+07,-9.37254E+01
4.24774170E+07,-9.26854E+01
4.24804688E+07,-9.31654E+01
4.24835205E+07,-9.32654E+01
4.24865723E+07,-1.07685E+02
4.24896240E+07,-9.75254E+01
4.24926758E+07,-1.06545E+02
4.24957275E+07,-9.72254E+01
4.24987793E+07,-9.29854E+01
4.25018311E+07,-9.54854E+01
4.25048828E+07,-9.94054E+01
4.25079346E+07,-1.19865E+02
4.25109863E+07,-9.89854E+01
4.25140381E+07,-9.76654E+01
4.25170898E+07,-1.08265E+02
4.25201416E+07,-1.02165E+02
4.25231934E+07,-9.78454E+01
4.25262451E+07,-9.39654E+01
4.25292969E+07,-9.89454E+01
4.25323486E+07,-1.07945E+02
4.25354004E+07,-1.02065E+02
4.25384521E+07,-9.70654E+01
4.25415039E+07,-9.20454E+01
4.25445557E+07,-9.05854E+01
4.25476074E+07,-9.65654E+01
4.25506592E+07,-1.03085E+02
4.25537109E+07,-9.43854E+01
4.25567627E+07,-9.31254E+01
4.25598145E+07,-9.77654E+01
4.25628662E+07,-8.97854E+01
4.25659180E+07,-8.76654E+01
4.25689697E+07,-9.18854E+01
4.25720215E+07,-9.40854E+01
4.25750732E+07,-9.01854E+01
4.25781250E+07,-8.92054E+01
4.25811768E+07,-9.23254E+01
4.25842285E+07,-1.06465E+02
4.25872803E+07,-9.23254E+01
4.25903320E+07,-8.91654E+01
4.25933838E+07,-9.37254E+01
4.25964355E+07,-1.04505E+02
4.25994873E+07,-9.86854E+01
4.26025391E+07,-9.99454E+01
4.26055908E+07,-9.87054E+01
4.26086426E+07,-1.06465E+02
4.26116943E+07,-9.93054E+01
4.26147461E+07,-9.52054E+01
4.26177979E+07,-9.41454E+01
4.26208496E+07,-9.59054E+01
4.26239014E+07,-9.90054E+01
4.26269531E+07,-1.02825E+02
4.26300049E+07,-1.05285E+02
4.26330566E+07,-9.79254E+01
4.26361084E+07,-9.76254E+01
4.26391602E+07,-9.50254E+01
4.26422119E+07,-9.19054E+01
4.26452637E+07,-9.45854E+01
4.26483154E+07,-9.71254E+01
4.26513672E+07,-9.46654E+01
4.26544189E+07,-9.65054E+01
4.26574707E+07,-1.01005E+02
4.26605225E+07,-1.09805E+02
4.26635742E+07,-1.03545E+02
4.26666260E+07,-9.68454E+01
4.26696777E+07,-9.62254E+01
4.26727295E+07,-9.31854E+01
4.26757812E+07,-9.94254E+01
4.26788330E+07,-9.75254E+01
4.26818848E+07,-9.99054E+01
4.26849365E+07,-1.03585E+02
4.26879883E+07,-1.06905E+02
4.26910400E+07,-1.01245E+02
4.26940918E+07,-9.56654E+01
4.26971436E+07,-9.88254E+01
4.27001953E+07,-1.01905E+02
4.27032471E+07,-1.03265E+02
4.27062988E+07,-1.00025E+02
4.27093506E+07,-9.89654E+01
4.27124023E+07,-1.05445E+02
4.27154541E+07,-9.58254E+01
4.27185059E+07,-1.02165E+02
4.27215576E+07,-9.50054E+01
4.27246094E+07,-8.84854E+01
4.27276611E+07,-9.20854E+01
4.27307129E+07,-1.05325E+02
4.27337646E+07,-1.31885E+02
4.27368164E+07,-1.06405E+02
4.27398682E+07,-1.09665E+02
4.27429199E+07,-9.77854E+01
4.27459717E+07,-9.62054E+01
4.27490234E+07,-9.62654E+01
4.27520752E+07,-9.31854E+01
4.27551270E+07,-9.45254E+01
4.27581787E+07,-9.37254E+01
4.27612305E+07,-9.88654E+01
4.27642822E+07,-9.29054E+01
4.27673340E+07,-8.74654E+01
4.27703857E+07,-8.99254E+01
4.27734375E+07,-8.91454E+01
4.27764893E+07,-8.42254E+01
4.27795410E+07,-8.58454E+01
4.27825928E+07,-9.21454E+01
4.27856445E+07,-9.00254E+01
4.27886963E+07,-8.61054E+01
4.27917480E+07,-9.06054E+01
4.27947998E+07,-1.04365E+02
4.27978516E+07,-9.60254E+01
4.28009033E+07,-9.38454E+01
4.28039551E+07,-9.53654E+01
4.28070068E+07,-1.07885E+02
4.28100586E+07,-1.02065E+02
4.28131104E+07,-9.81854E+01
4.28161621E+07,-9.47054E+01
4.28192139E+07,-1.01185E+02
4.28222656E+07,-9.35454E+01
4.28253174E+07,-8.91454E+01
4.28283691E+07,-9.40054E+01
4.28314209E+07,-1.04625E+02
4.28344727E+07,-9.77254E+01
4.28375244E+07,-9.41854E+01
4.28405762E+07,-9.23054E+01
4.28436279E+07,-9.23054E+01
4.28466797E+07,-1.05925E+02
4.28497314E+07,-9.58054E+01
4.28527832E+07,-9.61254E+01
4.28558350E+07,-1.08385E+02
4.28588867E+07,-1.02205E+02
4.28619385E+07,-9.42654E+01
4.28649902E+07,-9.69254E+01
4.28680420E+07,-1.02805E+02
4.28710938E+07,-9.20854E+01
4.28741455E+07,-8.87054E+01
4.28771973E+07,-9.82854E+01
4.28802490E+07,-1.01565E+02
4.28833008E+07,-9.79254E+01
4.28863525E+07,-9.62054E+01
4.28894043E+07,-1.08325E+02
4.28924561E+07,-1.00905E+02
4.28955078E+07,-9.89254E+01
4.28985596E+07,-9.67854E+01
4.29016113E+07,-1.03085E+02
4.29046631E+07,-1.10365E+02
4.29077148E+07,-1.05325E+02
4.29107666E+07,-9.90854E+01
4.29138184E+07,-9.82054E+01
4.29168701E+07,-1.05045E+02
4.29199219E+07,-1.01445E+02
4.29229736E+07,-9.17654E+01
4.29260254E+07,-9.21254E+01
4.29290771E+07,-1.05885E+02
4.29321289E+07,-9.91254E+01
4.29351807E+07,-9.44054E+01
4.29382324E+07,-1.00705E+02
4.29412842E+07,-1.09445E+02
4.29443359E+07,-9.69854E+01
4.29473877E+07,-9.66254E+01
4.29504395E+07,-1.14185E+02
4.29534912E+07,-1.01765E+02
4.29565430E+07,-1.00605E+02
4.29595947E+07,-1.03625E+02
4.29626465E+07,-9.28254E+01
4.29656982E+07,-9.33654E+01
4.29687500E+07,-8.86254E+01
4.29718018E+07,-9.67054E+01
4.29748535E+07,-8.75654E+01
4.29779053E+07,-8.32254E+01
4.29809570E+07,-8.45054E+01
4.29840088E+07,-9.21454E+01
4.29870605E+07,-9.04654E+01
4.29901123E+07,-8.52454E+01
4.29931641E+07,-8.53854E+01
4.29962158E+07,-9.20054E+01
4.29992676E+07,-9.13454E+01
4.30023193E+07,-9.20454E+01
4.30053711E+07,-9.46654E+01
4.30084229E+07,-9.38854E+01
4.30114746E+07,-9.36654E+01
4.30145264E+07,-1.02985E+02
4.30175781E+07,-9.54054E+01
4.30206299E+07,-9.82454E+01
4.30236816E+07,-9.78654E+01
4.30267334E+07,-9.36254E+01
4.30297852E+07,-9.75854E+01
4.30328369E+07,-1.06485E+02
4.30358887E+07,-9.34454E+01
4.30389404E+07,-9.47254E+01
4.30419922E+07,-9.78454E+01
4.30450439E+07,-1.00865E+02
4.30480957E+07,-1.02745E+02
4.30511475E+07,-9.37654E+01
4.30541992E+07,-9.29054E+01
4.30572510E+07,-9.97254E+01
4.30603027E+07,-1.03765E+02
4.30633545E+07,-1.02685E+02
4.30664062E+07,-9.76054E+01
4.30694580E+07,-1.03165E+02
4.30725098E+07,-9.32654E+01
4.30755615E+07,-9.26854E+01
4.30786133E+07,-1.05185E+02
4.30816650E+07,-1.00465E+02
4.30847168E+07,-1.00145E+02
4.30877686E+07,-1.03305E+02
4.30908203E+07,-1.02365E+02
4.30938721E+07,-9.66854E+01
4.30969238E+07,-9.35054E+01
4.30999756E+07,-9.68854E+01
4.31030273E+07,-1.01625E+02
4.31060791E+07,-9.71454E+01
4.31091309E+07,-9.86254E+01
4.31121826E+07,-1.06225E+02
4.31152344E+07,-1.02565E+02
4.31182861E+07,-1.01885E+02
4.31213379E+07,-9.92054E+01
4.31243896E+07,-9.31854E+01
4.31274414E+07,-9.39654E+01
4.31304932E+07,-1.03545E+02
4.31335449E+07,-1.06245E+02
4.31365967E+07,-1.02325E+02
4.31396484E+07,-1.13925E+02
4.31427002E+07,-1.02865E+02
4.31457520E+07,-1.01125E+02
4.31488037E+07,-9.23854E+01
4.31518555E+07,-1.01705E+02
4.31549072E+07,-9.32654E+01
4.31579590E+07,-9.29054E+01
4.31610107E+07,-1.05965E+02
4.31640625E+07,-9.87054E+01
4.31671143E+07,-8.86054E+01
4.31701660E+07,-8.77654E+01
4.31732178E+07,-9.68254E+01
4.31762695E+07,-9.68854E+01
4.31793213E+07,-8.89054E+01
4.31823730E+07,-9.00254E+01
4.31854248E+07,-9.68454E+01
4.31884766E+07,-9.37054E+01
4.31915283E+07,-8.86054E+01
4.31945801E+07,-9.07854E+01
4.31976318E+07,-9.81854E+01
4.32006836E+07,-9.52254E+01
4.32037354E+07,-9.21654E+01
4.32067871E+07,-9.54854E+01
4.32098389E+07,-9.71054E+01
4.32128906E+07,-1.02765E+02
4.32159424E+07,-9.95854E+01
4.32189941E+07,-1.13805E+02
4.32220459E+07,-9.94454E+01
4.32250977E+07,-9.59454E+01
4.32281494E+07,-9.58254E+01
4.32312012E+07,-1.01305E+02
4.32342529E+07,-1.03805E+02
4.32373047E+07,-9.84854E+01
4.32403564E+07,-9.67854E+01
4.32434082E+07,-9.65054E+01
4.32464600E+07,-1.00025E+02
4.32495117E+07,-1.03965E+02
4.32525635E+07,-1.03925E+02
4.32556152E+07,-1.01405E+02
4.32586670E+07,-1.03585E+02
4.32617188E+07,-1.13445E+02
4.32647705E+07,-1.00285E+02
4.32678223E+07,-1.01685E+02
4.32708740E+07,-9.67054E+01
4.32739258E+07,-1.00685E+02
4.32769775E+07,-1.03805E+02
4.32800293E+07,-9.98254E+01
4.32830811E+07,-1.02165E+02
4.32861328E+07,-9.88054E+01
4.32891846E+07,-9.62054E+01
4.32922363E+07,-9.64854E+01
4.32952881E+07,-1.00205E+02
4.32983398E+07,-1.03325E+02
4.33013916E+07,-1.01785E+02
4.33044434E+07,-1.07465E+02
4.33074951E+07,-1.01165E+02
4.33105469E+07,-9.72254E+01
4.33135986E+07,-9.47854E+01
4.33166504E+07,-9.76454E+01
4.33197021E+07,-1.06585E+02
4.33227539E+07,-9.63054E+01
4.33258057E+07,-9.03454E+01
4.33288574E+07,-9.19854E+01
4.33319092E+07,-9.40854E+01
4.33349609E+07,-9.94854E+01
4.33380127E+07,-1.02505E+02
4.33410645E+07,-1.03925E+02
4.33441162E+07,-9.98854E+01
4.33471680E+07,-9.80654E+01
4.33502197E+07,-9.54054E+01
4.33532715E+07,-9.67254E+01
4.33563232E+07,-9.46054E+01
4.33593750E+07,-9.40854E+01
4.33624268E+07,-1.00025E+02
4.33654785E+07,-1.09125E+02
4.33685303E+07,-9.08654E+01
4.33715820E+07,-8.96054E+01
4.33746338E+07,-8.73454E+01
4.33776855E+07,-8.66854E+01
4.33807373E+07,-9.11854E+01
4.33837891E+07,-9.10054E+01
4.33868408E+07,-1.03265E+02
4.33898926E+07,-9.00254E+01
4.33929443E+07,-8.96054E+01
4.33959961E+07,-9.69854E+01
4.33990479E+07,-1.02865E+02
4.34020996E+07,-9.59054E+01
4.34051514E+07,-9.56254E+01
4.34082031E+07,-9.84054E+01
4.34112549E+07,-1.06705E+02
4.34143066E+07,-1.04785E+02
4.34173584E+07,-1.03225E+02
4.34204102E+07,-9.99854E+01
4.34234619E+07,-9.64054E+01
4.34265137E+07,-9.59454E+01
4.34295654E+07,-1.09305E+02
4.34326172E+07,-1.00845E+02
4.34356689E+07,-9.76854E+01
4.34387207E+07,-9.74254E+01
4.34417725E+07,-9.83454E+01
4.34448242E+07,-9.63054E+01
4.34478760E+07,-9.63254E+01
4.34509277E+07,-1.08265E+02
4.34539795E+07,-1.13845E+02
4.34570312E+07,-1.11545E+02
4.34600830E+07,-1.12085E+02
4.34631348E+07,-1.03225E+02
4.34661865E+07,-1.01385E+02
4.34692383E+07,-9.74054E+01
4.34722900E+07,-9.57054E+01
4.34753418E+07,-9.84854E+01
4.34783936E+07,-9.17454E+01
4.34814453E+07,-9.58654E+01
4.34844971E+07,-1.02225E+02
4.34875488E+07,-9.94054E+01
4.34906006E+07,-1.00665E+02
4.34936523E+07,-1.04085E+02
4.34967041E+07,-9.52254E+01
4.34997559E+07,-9.18254E+01
4.35028076E+07,-9.39654E+01
4.35058594E+07,-1.03765E+02
4.35089111E+07,-1.01585E+02
4.35119629E+07,-9.61254E+01
4.35150146E+07,-9.63454E+01
4.35180664E+07,-9.62454E+01
4.35211182E+07,-9.70454E+01
4.35241699E+07,-9.79454E+01
4.35272217E+07,-9.38854E+01
4.35302734E+07,-9.61854E+01
4.35333252E+07,-9.37654E+01
4.35363770E+07,-9.81654E+01
4.35394287E+07,-1.17005E+02
4.35424805E+07,-1.08205E+02
4.35455322E+07,-1.02965E+02
4.35485840E+07,-1.17545E+02
4.35516357E+07,-9.81854E+01
4.35546875E+07,-1.00225E+02
4.35577393E+07,-1.06745E+02
4.35607910E+07,-1.01105E+02
4.35638428E+07,-9.28054E+01
4.35668945E+07,-9.90454E+01
4.35699463E+07,-9.70454E+01
4.35729980E+07,-9.89454E+01
4.35760498E+07,-9.18854E+01
4.35791016E+07,-8.81454E+01
4.35821533E+07,-8.92054E+01
4.35852051E+07,-9.22454E+01
4.35882568E+07,-1.00445E+02
4.35913086E+07,-9.26454E+01
4.35943604E+07,-9.10054E+01
4.35974121E+07,-9.73854E+01
4.36004639E+07,-9.85654E+01
4.36035156E+07,-9.67654E+01
4.36065674E+07,-9.28054E+01
4.36096191E+07,-9.73054E+01
4.36126709E+07,-9.63254E+01
4.36157227E+07,-9.84254E+01
4.36187744E+07,-9.60654E+01
4.36218262E+07,-9.53654E+01
4.36248779E+07,-1.02125E+02
4.36279297E+07,-1.02285E+02
4.36309814E+07,-1.02065E+02
4.36340332E+07,-1.13185E+02
4.36370850E+07,-1.05825E+02
4.36401367E+07,-1.04445E+02
4.36431885E+07,-1.04325E+02
4.36462402E+07,-1.03965E+02
4.36492920E+07,-9.81054E+01
4.36523438E+07,-1.01705E+02
4.36553955E+07,-1.02045E+02
4.36584473E+07,-9.47254E+01
4.36614990E+07,-9.11254E+01
4.36645508E+07,-8.89254E+01
4.36676025E+07,-9.18054E+01
4.36706543E+07,-9.38854E+01
4.36737061E+07,-9.08454E+01
4.36767578E+07,-9.75454E+01
4.36798096E+07,-1.04225E+02
4.36828613E+07,-1.06885E+02
4.36859131E+07,-1.02205E+02
4.36889648E+07,-9.20654E+01
4.36920166E+07,-9.06654E+01
4.36950684E+07,-9.19854E+01
4.36981201E+07,-9.79054E+01
4.37011719E+07,-9.91854E+01
4.37042236E+07,-9.36254E+01
4.37072754E+07,-9.61054E+01
4.37103271E+07,-9.87054E+01
4.37133789E+07,-9.90854E+01
4.37164307E+07,-1.02865E+02
4.37194824E+07,-9.44254E+01
4.37225342E+07,-9.04654E+01
4.37255859E+07,-9.38054E+01
4.37286377E+07,-1.07265E+02
4.37316895E+07,-1.04965E+02
4.37347412E+07,-9.42654E+01
4.37377930E+07,-9.33654E+01
4.37408447E+07,-9.84254E+01
4.37438965E+07,-9.18654E+01
4.37469482E+07,-9.48454E+01
4.37500000E+07,-9.78854E+01
4.37530518E+07,-9.46854E+01
4.37561035E+07,-9.78854E+01
4.37591553E+07,-9.49454E+01
4.37622070E+07,-9.95454E+01
4.37652588E+07,-9.57054E+01
4.37683105E+07,-8.90054E+01
4.37713623E+07,-9.35054E+01
4.37744141E+07,-9.46854E+01
4.37774658E+07,-9.80054E+01
4.37805176E+07,-8.58054E+01
4.37835693E+07,-8.49254E+01
4.37866211E+07,-8.86854E+01
4.37896729E+07,-9.39654E+01
4.37927246E+07,-9.01854E+01
4.37957764E+07,-8.87854E+01
4.37988281E+07,-9.36654E+01
4.38018799E+07,-9.62054E+01
4.38049316E+07,-9.33254E+01
4.38079834E+07,-9.14254E+01
4.38110352E+07,-1.03405E+02
4.38140869E+07,-9.43854E+01
4.38171387E+07,-9.67854E+01
4.38201904E+07,-9.51654E+01
4.38232422E+07,-9.52454E+01
4.38262939E+07,-9.86254E+01
4.38293457E+07,-1.08665E+02
4.38323975E+07,-1.04185E+02
4.38354492E+07,-1.00865E+02
4.38385010E+07,-1.01345E+02
4.38415527E+07,-1.04905E+02
4.38446045E+07,-1.04185E+02
4.38476562E+07,-1.16585E+02
4.38507080E+07,-1.02445E+02
4.38537598E+07,-1.00765E+02
4.38568115E+07,-1.06505E+02
4.38598633E+07,-1.04665E+02
4.38629150E+07,-9.90254E+01
4.38659668E+07,-1.00385E+02
4.38690186E+07,-9.24454E+01
4.38720703E+07,-9.26254E+01
4.38751221E+07,-1.03265E+02
4.38781738E+07,-9.52854E+01
4.38812256E+07,-1.04585E+02
4.38842773E+07,-1.10225E+02
4.38873291E+07,-1.00885E+02
4.38903809E+07,-9.87054E+01
4.38934326E+07,-1.08425E+02
4.38964844E+07,-1.04285E+02
4.38995361E+07,-9.94654E+01
4.39025879E+07,-9.53854E+01
4.39056396E+07,-1.01205E+02
4.39086914E+07,-9.58654E+01
4.39117432E+07,-9.97054E+01
4.39147949E+07,-9.91654E+01
4.39178467E+07,-1.01105E+02
4.39208984E+07,-1.01005E+02
4.39239502E+07,-9.86054E+01
4.39270020E+07,-9.59054E+01
4.39300537E+07,-1.02765E+02
4.39331055E+07,-1.08485E+02
4.39361572E+07,-1.05845E+02
4.39392090E+07,-1.25005E+02
4.39422607E+07,-1.03465E+02
4.39453125E+07,-9.67454E+01
4.39483643E+07,-9.72854E+01
4.39514160E+07,-9.91054E+01
4.39544678E+07,-9.54854E+01
4.39575195E+07,-9.57054E+01
4.39605713E+07,-9.56254E+01
4.39636230E+07,-9.51054E+01
4.39666748E+07,-9.95454E+01
4.39697266E+07,-9.74854E+01
4.39727783E+07,-8.79654E+01
4.39758301E+07,-8.98654E+01
4.39788818E+07,-9.35854E+01
4.39819336E+07,-8.84054E+01
4.39849854E+07,-8.69854E+01
4.39880371E+07,-9.20054E+01
4.39910889E+07,-9.20854E+01
4.39941406E+07,-8.84654E+01
4.39971924E+07,-8.97254E+01
4.40002441E+07,-9.72454E+01
4.40032959E+07,-1.00745E+02
4.40063477E+07,-9.47654E+01
4.40093994E+07,-9.52254E+01
4.40124512E+07,-9.89054E+01
4.40155029E+07,-1.22285E+02
4.40185547E+07,-9.88454E+01
4.40216064E+07,-9.39254E+01
4.40246582E+07,-9.26254E+01
4.40277100E+07,-1.03065E+02
4.40307617E+07,-9.73254E+01
4.40338135E+07,-9.87454E+01
4.40368652E+07,-1.02905E+02
4.40399170E+07,-9.99854E+01
4.40429688E+07,-9.60654E+01
4.40460205E+07,-1.07105E+02
4.40490723E+07,-9.53454E+01
4.40521240E+07,-9.26854E+01
4.40551758E+07,-1.00365E+02
4.40582275E+07,-1.02205E+02
4.40612793E+07,-9.80254E+01
4.40643311E+07,-9.21654E+01
4.40673828E+07,-9.55854E+01
4.40704346E+07,-1.06325E+02
4.40734863E+07,-9.10654E+01
4.40765381E+07,-9.13454E+01
4.40795898E+07,-9.87854E+01
4.40826416E+07,-9.63254E+01
4.40856934E+07,-1.02205E+02
4.40887451E+07,-9.56054E+01
4.40917969E+07,-9.63654E+01
4.40948486E+07,-1.00485E+02
4.40979004E+07,-9.85454E+01
4.41009521E+07,-9.88054E+01
4.41040039E+07,-1.01425E+02
4.41070557E+07,-1.06365E+02
4.41101074E+07,-9.87054E+01
4.41131592E+07,-1.01185E+02
4.41162109E+07,-9.92454E+01
4.41192627E+07,-1.03885E+02
4.41223145E+07,-1.08985E+02
4.41253662E+07,-1.01005E+02
4.41284180E+07,-1.00965E+02
4.41314697E+07,-1.01625E+02
4.41345215E+07,-1.00725E+02
4.41375732E+07,-1.07705E+02
4.41406250E+07,-1.12585E+02
4.41436768E+07,-9.83454E+01
4.41467285E+07,-9.62654E+01
4.41497803E+07,-8.89054E+01
4.41528320E+07,-8.86254E+01
4.41558838E+07,-9.13654E+01
4.41589355E+07,-9.15654E+01
4.41619873E+07,-9.40054E+01
4.41650391E+07,-9.27054E+01
4.41680908E+07,-9.30254E+01
4.41711426E+07,-9.18254E+01
4.41741943E+07,-8.86454E+01
4.41772461E+07,-9.08454E+01
4.41802979E+07,-8.76654E+01
4.41833496E+07,-8.61254E+01
4.41864014E+07,-8.76854E+01
4.41894531E+07,-9.53454E+01
4.41925049E+07,-9.57454E+01
4.41955566E+07,-8.82454E+01
4.41986084E+07,-8.82254E+01
4.42016602E+07,-1.00345E+02
4.42047119E+07,-9.37054E+01
4.42077637E+07,-9.50654E+01
4.42108154E+07,-9.24454E+01
4.42138672E+07,-1.08505E+02
4.42169189E+07,-9.22454E+01
4.42199707E+07,-9.20454E+01
4.42230225E+07,-9.53454E+01
4.42260742E+07,-1.03765E+02
4.42291260E+07,-9.52054E+01
4.42321777E+07,-9.89454E+01
4.42352295E+07,-9.75854E+01
4.42382812E+07,-9.59654E+01
4.42413330E+07,-9.65254E+01
4.42443848E+07,-9.71654E+01
4.42474365E+07,-9.68454E+01
4.42504883E+07,-1.00485E+02
4.42535400E+07,-1.02045E+02
4.42565918E+07,-9.76454E+01
4.42596436E+07,-9.94054E+01
4.42626953E+07,-9.94854E+01
4.42657471E+07,-1.00585E+02
4.42687988E+07,-1.08505E+02
4.42718506E+07,-9.75054E+01
4.42749023E+07,-9.70854E+01
4.42779541E+07,-9.50454E+01
4.42810059E+07,-1.00405E+02
4.42840576E+07,-9.95454E+01
4.42871094E+07,-9.15854E+01
4.42901611E+07,-9.07254E+01
4.42932129E+07,-9.78854E+01
4.42962646E+07,-1.09085E+02
4.42993164E+07,-1.07465E+02
4.43023682E+07,-1.15505E+02
4.43054199E+07,-1.05325E+02
4.43084717E+07,-1.19045E+02
4.43115234E+07,-1.00585E+02
4.43145752E+07,-1.16665E+02
4.43176270E+07,-9.72654E+01
4.43206787E+07,-1.14045E+02
4.43237305E+07,-8.95654E+01
4.43267822E+07,-9.16854E+01
4.43298340E+07,-1.07965E+02
4.43328857E+07,-1.00205E+02
4.43359375E+07,-9.76254E+01
4.43389893E+07,-1.04265E+02
4.43420410E+07,-9.75654E+01
4.43450928E+07,-1.01425E+02
4.43481445E+07,-1.04965E+02
4.43511963E+07,-9.70854E+01
4.43542480E+07,-9.82654E+01
4.43572998E+07,-9.43454E+01
4.43603516E+07,-9.02654E+01
4.43634033E+07,-9.05454E+01
4.43664551E+07,-9.19054E+01
4.43695068E+07,-9.81254E+01
4.43725586E+07,-9.66454E+01
4.43756104E+07,-9.10454E+01
4.43786621E+07,-9.24854E+01
4.43817139E+07,-8.53054E+01
4.43847656E+07,-8.49854E+01
4.43878174E+07,-8.56254E+01
4.43908691E+07,-9.38054E+01
4.43939209E+07,-9.11654E+01
4.43969727E+07,-8.59454E+01
4.44000244E+07,-9.01054E+01
4.44030762E+07,-1.06885E+02
4.44061279E+07,-9.30654E+01
4.44091797E+07,-9.65254E+01
4.44122314E+07,-9.82654E+01
4.44152832E+07,-1.04545E+02
4.44183350E+07,-1.06505E+02
4.44213867E+07,-9.34454E+01
4.44244385E+07,-9.59054E+01
4.44274902E+07,-9.84854E+01
4.44305420E+07,-9.34654E+01
4.44335938E+07,-9.95454E+01
4.44366455E+07,-9.95454E+01
4.44396973E+07,-1.08945E+02
4.44427490E+07,-1.04925E+02
4.44458008E+07,-9.56854E+01
4.44488525E+07,-9.55054E+01
4.44519043E+07,-9.34454E+01
4.44549561E+07,-9.19654E+01
4.44580078E+07,-1.10665E+02
4.44610596E+07,-9.62054E+01
4.44641113E+07,-9.86854E+01
4.44671631E+07,-9.94054E+01
4.44702148E+07,-1.06325E+02
4.44732666E+07,-9.48654E+01
4.44763184E+07,-9.52054E+01
4.44793701E+07,-1.09605E+02
4.44824219E+07,-9.68054E+01
4.44854736E+07,-9.74454E+01
4.44885254E+07,-1.08905E+02
4.44915771E+07,-9.94854E+01
4.44946289E+07,-9.82454E+01
4.44976807E+07,-9.62854E+01
4.45007324E+07,-9.78854E+01
4.45037842E+07,-1.02085E+02
4.45068359E+07,-9.82254E+01
4.45098877E+07,-1.07085E+02
4.45129395E+07,-1.00905E+02
4.45159912E+07,-9.46054E+01
4.45190430E+07,-9.75654E+01
4.45220947E+07,-8.96054E+01
4.45251465E+07,-9.15854E+01
4.45281982E+07,-1.14285E+02
4.45312500E+07,-1.00345E+02
4.45343018E+07,-1.06385E+02
4.45373535E+07,-1.07285E+02
4.45404053E+07,-9.90054E+01
4.45434570E+07,-9.81654E+01
4.45465088E+07,-1.05205E+02
4.45495605E+07,-9.45454E+01
4.45526123E+07,-9.15254E+01
4.45556641E+07,-9.48654E+01
4.45587158E+07,-1.03325E+02
4.45617676E+07,-9.61454E+01
4.45648193E+07,-9.10254E+01
4.45678711E+07,-9.66854E+01
4.45709229E+07,-1.11625E+02
4.45739746E+07,-8.36254E+01
4.45770264E+07,-8.35854E+01
4.45800781E+07,-9.16454E+01
4.45831299E+07,-8.63454E+01
4.45861816E+07,-8.48054E+01
4.45892334E+07,-8.77454E+01
4.45922852E+07,-9.33054E+01
4.45953369E+07,-8.61854E+01
4.45983887E+07,-8.57254E+01
4.46014404E+07,-9.45254E+01
4.46044922E+07,-9.95454E+01
4.46075439E+07,-9.09654E+01
4.46105957E+07,-9.58654E+01
4.46136475E+07,-9.80454E+01
4.46166992E+07,-1.14705E+02
4.46197510E+07,-9.13854E+01
4.46228027E+07,-8.41454E+01
4.46258545E+07,-8.35854E+01
4.46289062E+07,-9.48054E+01
4.46319580E+07,-9.52654E+01
4.46350098E+07,-9.37654E+01
4.46380615E+07,-9.22854E+01
4.46411133E+07,-9.23854E+01
4.46441650E+07,-9.50254E+01
4.46472168E+07,-1.00605E+02
4.46502686E+07,-1.02645E+02
4.46533203E+07,-1.01625E+02
4.46563721E+07,-1.07545E+02
4.46594238E+07,-9.88454E+01
4.46624756E+07,-9.48254E+01
4.46655273E+07,-9.77054E+01
4.46685791E+07,-1.11505E+02
4.46716309E+07,-9.21254E+01
4.46746826E+07,-8.69654E+01
4.46777344E+07,-9.09454E+01
4.46807861E+07,-9.54054E+01
4.46838379E+07,-9.43654E+01
4.46868896E+07,-9.66454E+01
4.46899414E+07,-1.09805E+02
4.46929932E+07,-1.08965E+02
4.46960449E+07,-1.02505E+02
4.46990967E+07,-1.00165E+02
4.47021484E+07,-9.67254E+01
4.47052002E+07,-9.57054E+01
4.47082520E+07,-1.04145E+02
4.47113037E+07,-1.18905E+02
4.47143555E+07,-1.24425E+02
4.47174072E+07,-9.98654E+01
4.47204590E+07,-9.38854E+01
4.47235107E+07,-8.98454E+01
4.47265625E+07,-9.11854E+01
4.47296143E+07,-9.77654E+01
4.47326660E+07,-9.46654E+01
4.47357178E+07,-9.71654E+01
4.47387695E+07,-1.11945E+02
4.47418213E+07,-1.09985E+02
4.47448730E+07,-1.04445E+02
4.47479248E+07,-1.02425E+02
4.47509766E+07,-9.68654E+01
4.47540283E+07,-9.43654E+01
4.47570801E+07,-9.43254E+01
4.47601318E+07,-9.10854E+01
4.47631836E+07,-9.05654E+01
4.47662354E+07,-9.24454E+01
4.47692871E+07,-1.06025E+02
4.47723389E+07,-8.98654E+01
4.47753906E+07,-8.47854E+01
4.47784424E+07,-8.72054E+01
4.47814941E+07,-8.93454E+01
4.47845459E+07,-8.35454E+01
4.47875977E+07,-8.43654E+01
4.47906494E+07,-8.79854E+01
4.47937012E+07,-9.87054E+01
4.47967529E+07,-8.57054E+01
4.47998047E+07,-8.28254E+01
4.48028564E+07,-9.02454E+01
4.48059082E+07,-8.99454E+01
4.48089600E+07,-8.90454E+01
4.48120117E+07,-9.35854E+01
4.48150635E+07,-9.35454E+01
4.48181152E+07,-1.02585E+02
4.48211670E+07,-9.55654E+01
4.48242188E+07,-9.29654E+01
4.48272705E+07,-9.28654E+01
4.48303223E+07,-1.04625E+02
4.48333740E+07,-1.00665E+02
4.48364258E+07,-9.73854E+01
4.48394775E+07,-9.61854E+01
4.48425293E+07,-9.96654E+01
4.48455811E+07,-1.01225E+02
4.48486328E+07,-1.03185E+02
4.48516846E+07,-1.08845E+02
4.48547363E+07,-1.05385E+02
4.48577881E+07,-9.43854E+01
4.48608398E+07,-9.56254E+01
4.48638916E+07,-9.90854E+01
4.48669434E+07,-9.56254E+01
4.48699951E+07,-1.05985E+02
4.48730469E+07,-1.00445E+02
4.48760986E+07,-9.44654E+01
4.48791504E+07,-9.15854E+01
4.48822021E+07,-9.91654E+01
4.48852539E+07,-1.08525E+02
4.48883057E+07,-1.05205E+02
4.48913574E+07,-9.83254E+01
4.48944092E+07,-9.78454E+01
4.48974609E+07,-1.01185E+02
4.49005127E+07,-1.02045E+02
4.49035645E+07,-1.03365E+02
4.49066162E+07,-1.02925E+02
4.49096680E+07,-1.00825E+02
4.49127197E+07,-9.78854E+01
4.49157715E+07,-1.00845E+02
4.49188232E+07,-9.49654E+01
4.49218750E+07,-1.00545E+02
4.49249268E+07,-1.03465E+02
4.49279785E+07,-1.05245E+02
4.49310303E+07,-9.88454E+01
4.49340820E+07,-9.76254E+01
4.49371338E+07,-9.39654E+01
4.49401855E+07,-9.63254E+01
4.49432373E+07,-9.58054E+01
4.49462891E+07,-9.53854E+01
4.49493408E+07,-1.04225E+02
4.49523926E+07,-1.14365E+02
4.49554443E+07,-1.04865E+02
4.49584961E+07,-1.03705E+02
4.49615479E+07,-9.14454E+01
4.49645996E+07,-8.94254E+01
4.49676514E+07,-8.86854E+01
4.49707031E+07,-9.83454E+01
4.49737549E+07,-8.68254E+01
4.49768066E+07,-8.39654E+01
4.49798584E+07,-8.67454E+01
4.49829102E+07,-8.99454E+01
4.49859619E+07,-8.41454E+01
4.49890137E+07,-8.29654E+01
4.49920654E+07,-8.77054E+01
4.49951172E+07,-9.26454E+01
4.49981689E+07,-8.60654E+01
4.50012207E+07,-8.60254E+01
4.50042725E+07,-9.37654E+01
4.50073242E+07,-9.57654E+01
4.50103760E+07,-9.46054E+01
4.50134277E+07,-9.32254E+01
4.50164795E+07,-9.67854E+01
4.50195312E+07,-8.89254E+01
4.50225830E+07,-9.60054E+01
4.50256348E+07,-9.81254E+01
4.50286865E+07,-1.00805E+02
4.50317383E+07,-9.65654E+01
4.50347900E+07,-9.46454E+01
4.50378418E+07,-9.56854E+01
4.50408936E+07,-9.42654E+01
4.50439453E+07,-1.00945E+02
4.50469971E+07,-9.44654E+01
4.50500488E+07,-9.23254E+01
4.50531006E+07,-9.82054E+01
4.50561523E+07,-1.10985E+02
4.50592041E+07,-1.06305E+02
4.50622559E+07,-1.08585E+02
4.50653076E+07,-1.07725E+02
4.50683594E+07,-9.98054E+01
4.50714111E+07,-9.63454E+01
4.50744629E+07,-9.59854E+01
4.50775146E+07,-9.94454E+01
4.50805664E+07,-1.03465E+02
4.50836182E+07,-1.06745E+02
4.50866699E+07,-1.14565E+02
4.50897217E+07,-9.78454E+01
4.50927734E+07,-9.70454E+01
4.50958252E+07,-9.97254E+01
4.50988770E+07,-9.63454E+01
4.51019287E+07,-9.94454E+01
4.51049805E+07,-9.87454E+01
4.51080322E+07,-1.01025E+02
4.51110840E+07,-1.01865E+02
4.51141357E+07,-1.02125E+02
4.51171875E+07,-1.05625E+02
4.51202393E+07,-1.00925E+02
4.51232910E+07,-1.07445E+02
4.51263428E+07,-9.93654E+01
4.51293945E+07,-1.03445E+02
4.51324463E+07,-1.07185E+02
4.51354980E+07,-9.62654E+01
4.51385498E+07,-9.65454E+01
4.51416016E+07,-9.38854E+01
4.51446533E+07,-1.02165E+02
4.51477051E+07,-1.07545E+02
4.51507568E+07,-1.01225E+02
4.51538086E+07,-9.08654E+01
4.51568604E+07,-8.99654E+01
4.51599121E+07,-9.26854E+01
4.51629639E+07,-8.97254E+01
4.51660156E+07,-8.97854E+01
4.51690674E+07,-9.13454E+01
4.51721191E+07,-9.72254E+01
4.51751709E+07,-9.26254E+01
4.51782227E+07,-8.86254E+01
4.51812744E+07,-9.11454E+01
4.51843262E+07,-8.70254E+01
4.51873779E+07,-8.46854E+01
4.51904297E+07,-8.48254E+01
4.51934814E+07,-8.96654E+01
4.51965332E+07,-9.32254E+01
4.51995850E+07,-8.46854E+01
4.52026367E+07,-8.59654E+01
4.52056885E+07,-9.45654E+01
4.52087402E+07,-8.93054E+01
4.52117920E+07,-9.13454E+01
4.52148438E+07,-9.34054E+01
4.52178955E+07,-1.01405E+02
4.52209473E+07,-9.36254E+01
4.52239990E+07,-9.43054E+01
4.52270508E+07,-9.54854E+01
4.52301025E+07,-1.03265E+02
4.52331543E+07,-9.48654E+01
4.52362061E+07,-9.74054E+01
4.52392578E+07,-1.01645E+02
4.52423096E+07,-1.08145E+02
4.52453613E+07,-1.03445E+02
4.52484131E+07,-9.58854E+01
4.52514648E+07,-1.01665E+02
4.52545166E+07,-1.01165E+02
4.52575684E+07,-1.06025E+02
4.52606201E+07,-1.02445E+02
4.52636719E+07,-9.61454E+01
4.52667236E+07,-9.60054E+01
4.52697754E+07,-9.57854E+01
4.52728271E+07,-9.76854E+01
4.52758789E+07,-9.34454E+01
4.52789307E+07,-9.83854E+01
4.52819824E+07,-1.00545E+02
4.52850342E+07,-9.75654E+01
4.52880859E+07,-9.95054E+01
4.52911377E+07,-9.87054E+01
4.52941895E+07,-1.02325E+02
4.52972412E+07,-1.07025E+02
4.53002930E+07,-9.86254E+01
4.53033447E+07,-9.96854E+01
4.53063965E+07,-9.88654E+01
4.53094482E+07,-9.70854E+01
4.53125000E+07,-1.00045E+02
4.53155518E+07,-9.66654E+01
4.53186035E+07,-9.86254E+01
4.53216553E+07,-9.22854E+01
4.53247070E+07,-9.16654E+01
4.53277588E+07,-9.78854E+01
4.53308105E+07,-9.34054E+01
4.53338623E+07,-1.01085E+02
4.53369141E+07,-1.07745E+02
4.53399658E+07,-1.03845E+02
4.53430176E+07,-9.47254E+01
4.53460693E+07,-9.92254E+01
4.53491211E+07,-9.86254E+01
4.53521729E+07,-9.58854E+01
4.53552246E+07,-1.02625E+02
4.53582764E+07,-9.63654E+01
4.53613281E+07,-9.54654E+01
4.53643799E+07,-8.86854E+01
4.53674316E+07,-8.87454E+01
4.53704834E+07,-1.00025E+02
4.53735352E+07,-9.43054E+01
4.53765869E+07,-8.64854E+01
4.53796387E+07,-8.45254E+01
4.53826904E+07,-9.37054E+01
4.53857422E+07,-8.53854E+01
4.53887939E+07,-8.19654E+01
4.53918457E+07,-8.16254E+01
4.53948975E+07,-8.59454E+01
4.53979492E+07,-8.69054E+01
4.54010010E+07,-8.40054E+01
4.54040527E+07,-8.64854E+01
4.54071045E+07,-9.59654E+01
4.54101562E+07,-9.07654E+01
4.54132080E+07,-9.09854E+01
4.54162598E+07,-9.13854E+01
4.54193115E+07,-9.27454E+01
4.54223633E+07,-8.68254E+01
4.54254150E+07,-9.61654E+01
4.54284668E+07,-1.01945E+02
4.54315186E+07,-1.08065E+02
4.54345703E+07,-1.05265E+02
4.54376221E+07,-1.03445E+02
4.54406738E+07,-9.65254E+01
4.54437256E+07,-9.34054E+01
4.54467773E+07,-9.22454E+01
4.54498291E+07,-1.10445E+02
4.54528809E+07,-9.25654E+01
4.54559326E+07,-9.26254E+01
4.54589844E+07,-9.72454E+01
4.54620361E+07,-1.02645E+02
4.54650879E+07,-1.12205E+02
4.54681396E+07,-1.07345E+02
4.54711914E+07,-1.02425E+02
4.54742432E+07,-9.67654E+01
4.54772949E+07,-9.87054E+01
4.54803467E+07,-9.89454E+01
4.54833984E+07,-9.61654E+01
4.54864502E+07,-1.13365E+02
4.54895020E+07,-9.78254E+01
4.54925537E+07,-9.81654E+01
4.54956055E+07,-1.08225E+02
4.54986572E+07,-1.03445E+02
4.55017090E+07,-9.85854E+01
4.55047607E+07,-9.48054E+01
4.55078125E+07,-1.01385E+02
4.55108643E+07,-1.07505E+02
4.55139160E+07,-1.06805E+02
4.55169678E+07,-9.75854E+01
4.55200195E+07,-1.01905E+02
4.55230713E+07,-9.79254E+01
4.55261230E+07,-9.80654E+01
4.55291748E+07,-1.14905E+02
4.55322266E+07,-1.02505E+02
4.55352783E+07,-9.89454E+01
4.55383301E+07,-1.07465E+02
4.55413818E+07,-9.80254E+01
4.55444336E+07,-9.75254E+01
4.55474854E+07,-1.09305E+02
4.55505371E+07,-9.89254E+01
4.55535889E+07,-1.05865E+02
4.55566406E+07,-9.15454E+01
4.55596924E+07,-9.28254E+01
4.55627441E+07,-9.54654E+01
4.55657959E+07,-9.57654E+01
4.55688477E+07,-9.71054E+01
4.55718994E+07,-9.08654E+01
4.55749512E+07,-9.09454E+01
4.55780029E+07,-8.52854E+01
4.55810547E+07,-8.87454E+01
4.55841064E+07,-8.70054E+01
4.55871582E+07,-8.40054E+01
4.55902100E+07,-8.43054E+01
4.55932617E+07,-8.47254E+01
4.55963135E+07,-8.82654E+01
4.55993652E+07,-8.95454E+01
4.56024170E+07,-8.67054E+01
4.56054688E+07,-9.12054E+01
4.56085205E+07,-9.90254E+01
4.56115723E+07,-9.02054E+01
4.56146240E+07,-9.46254E+01
4.56176758E+07,-1.02865E+02
4.56207275E+07,-9.99454E+01
4.56237793E+07,-1.00685E+02
4.56268311E+07,-9.44654E+01
4.56298828E+07,-9.56054E+01
4.56329346E+07,-1.05465E+02
4.56359863E+07,-9.86454E+01
4.56390381E+07,-1.06705E+02
4.56420898E+07,-1.02825E+02
4.56451416E+07,-9.85054E+01
4.56481934E+07,-9.84654E+01
4.56512451E+07,-1.01425E+02
4.56542969E+07,-1.01185E+02
4.56573486E+07,-1.05905E+02
4.56604004E+07,-9.60454E+01
4.56634521E+07,-9.80854E+01
4.56665039E+07,-1.04425E+02
4.56695557E+07,-9.63054E+01
4.56726074E+07,-9.25854E+01
4.56756592E+07,-9.56254E+01
4.56787109E+07,-1.04345E+02
4.56817627E+07,-1.14265E+02
4.56848145E+07,-1.12045E+02
4.56878662E+07,-1.11285E+02
4.56909180E+07,-1.05505E+02
4.56939697E+07,-1.01665E+02
4.56970215E+07,-1.00645E+02
4.57000732E+07,-9.74054E+01
4.57031250E+07,-9.75454E+01
4.57061768E+07,-1.04485E+02
4.57092285E+07,-1.00605E+02
4.57122803E+07,-9.73654E+01
4.57153320E+07,-9.52854E+01
4.57183838E+07,-9.69654E+01
4.57214355E+07,-9.97654E+01
4.57244873E+07,-9.13454E+01
4.57275391E+07,-9.16454E+01
4.57305908E+07,-9.54854E+01
4.57336426E+07,-9.80054E+01
4.57366943E+07,-1.00605E+02
4.57397461E+07,-1.07985E+02
4.57427979E+07,-1.11705E+02
4.57458496E+07,-1.00705E+02
4.57489014E+07,-1.10305E+02
4.57519531E+07,-9.66054E+01
4.57550049E+07,-9.35454E+01
4.57580566E+07,-9.35454E+01
4.57611084E+07,-9.12854E+01
4.57641602E+07,-9.09654E+01
4.57672119E+07,-9.01054E+01
4.57702637E+07,-9.43454E+01
4.57733154E+07,-9.92254E+01
4.57763672E+07,-9.23054E+01
4.57794189E+07,-8.54054E+01
4.57824707E+07,-8.63054E+01
4.57855225E+07,-8.69654E+01
4.57885742E+07,-8.35454E+01
4.57916260E+07,-8.35054E+01
4.57946777E+07,-8.52654E+01
4.57977295E+07,-9.33054E+01
4.58007812E+07,-8.71254E+01
4.58038330E+07,-8.57854E+01
4.58068848E+07,-9.18254E+01
4.58099365E+07,-1.01665E+02
4.58129883E+07,-9.00854E+01
4.58160400E+07,-9.37054E+01
4.58190918E+07,-9.58854E+01
4.58221436E+07,-9.37654E+01
4.58251953E+07,-9.74254E+01
4.58282471E+07,-1.14645E+02
4.58312988E+07,-9.96054E+01
4.58343506E+07,-9.77054E+01
4.58374023E+07,-1.01325E+02
4.58404541E+07,-9.52654E+01
4.58435059E+07,-9.61654E+01
4.58465576E+07,-9.24854E+01
4.58496094E+07,-9.24854E+01
4.58526611E+07,-1.04965E+02
4.58557129E+07,-9.55854E+01
4.58587646E+07,-1.04325E+02
4.58618164E+07,-1.00925E+02
4.58648682E+07,-1.02525E+02
4.58679199E+07,-9.87854E+01
4.58709717E+07,-9.80854E+01
4.58740234E+07,-9.93454E+01
4.58770752E+07,-9.74454E+01
4.58801270E+07,-1.16205E+02
4.58831787E+07,-1.02085E+02
4.58862305E+07,-9.64454E+01
4.58892822E+07,-9.83454E+01
4.58923340E+07,-1.12685E+02
4.58953857E+07,-1.02825E+02
4.58984375E+07,-1.02765E+02
4.59014893E+07,-9.72054E+01
4.59045410E+07,-9.89854E+01
4.59075928E+07,-1.08665E+02
4.59106445E+07,-1.01185E+02
4.59136963E+07,-1.02825E+02
4.59167480E+07,-1.05705E+02
4.59197998E+07,-1.02985E+02
4.59228516E+07,-9.26254E+01
4.59259033E+07,-8.83454E+01
4.59289551E+07,-9.15854E+01
4.59320068E+07,-9.58454E+01
4.59350586E+07,-9.82654E+01
4.59381104E+07,-1.11365E+02
4.59411621E+07,-1.16125E+02
4.59442139E+07,-9.76454E+01
4.59472656E+07,-9.66654E+01
4.59503174E+07,-9.95454E+01
4.59533691E+07,-9.71854E+01
4.59564209E+07,-1.00925E+02
4.59594727E+07,-9.13054E+01
4.59625244E+07,-9.36254E+01
4.59655762E+07,-9.87854E+01
4.59686279E+07,-9.44454E+01
4.59716797E+07,-9.19054E+01
4.59747314E+07,-1.00825E+02
4.59777832E+07,-9.33054E+01
4.59808350E+07,-8.93054E+01
4.59838867E+07,-9.04454E+01
4.59869385E+07,-8.95254E+01
4.59899902E+07,-8.50654E+01
4.59930420E+07,-8.41454E+01
4.59960938E+07,-8.60454E+01
4.59991455E+07,-9.40454E+01
4.60021973E+07,-8.68454E+01
4.60052490E+07,-8.67054E+01
4.60083008E+07,-9.43054E+01
4.60113525E+07,-9.77254E+01
4.60144043E+07,-8.99254E+01
4.60174561E+07,-9.47054E+01
4.60205078E+07,-1.00905E+02
4.60235596E+07,-9.81254E+01
4.60266113E+07,-9.46854E+01
4.60296631E+07,-9.60254E+01
4.60327148E+07,-1.12745E+02
4.60357666E+07,-9.87254E+01
4.60388184E+07,-1.00845E+02
4.60418701E+07,-9.59454E+01
4.60449219E+07,-1.00525E+02
4.60479736E+07,-1.11865E+02
4.60510254E+07,-9.79254E+01
4.60540771E+07,-9.38054E+01
4.60571289E+07,-9.67854E+01
4.60601807E+07,-1.11325E+02
4.60632324E+07,-1.06305E+02
4.60662842E+07,-9.73054E+01
4.60693359E+07,-9.72654E+01
4.60723877E+07,-9.42254E+01
4.60754395E+07,-9.09854E+01
4.60784912E+07,-9.37254E+01
4.60815430E+07,-1.01705E+02
4.60845947E+07,-1.06265E+02
4.60876465E+07,-1.00365E+02
4.60906982E+07,-1.06505E+02
4.60937500E+07,-9.80454E+01
4.60968018E+07,-9.52254E+01
4.60998535E+07,-9.74054E+01
4.61029053E+07,-9.91054E+01
4.61059570E+07,-9.55254E+01
4.61090088E+07,-9.82254E+01
4.61120605E+07,-1.08405E+02
4.61151123E+07,-1.08105E+02
4.61181641E+07,-1.01565E+02
4.61212158E+07,-1.07985E+02
4.61242676E+07,-9.42654E+01
4.61273193E+07,-9.40054E+01
4.61303711E+07,-9.73454E+01
4.61334229E+07,-9.48254E+01
4.61364746E+07,-9.63654E+01
4.61395264E+07,-9.80454E+01
4.61425781E+07,-1.06485E+02
4.61456299E+07,-9.59854E+01
4.61486816E+07,-9.47054E+01
4.61517334E+07,-9.93454E+01
4.61547852E+07,-1.10025E+02
4.61578369E+07,-1.03625E+02
4.61608887E+07,-9.89054E+01
4.61639404E+07,-9.67454E+01
4.61669922E+07,-9.35454E+01
4.61700439E+07,-9.35854E+01
4.61730957E+07,-8.90054E+01
4.61761475E+07,-9.54654E+01
4.61791992E+07,-9.34054E+01
4.61822510E+07,-8.88454E+01
4.61853027E+07,-9.52654E+01
4.61883545E+07,-9.20654E+01
4.61914062E+07,-8.85854E+01
4.61944580E+07,-8.75454E+01
4.61975098E+07,-9.12454E+01
4.62005615E+07,-9.33254E+01
4.62036133E+07,-8.89054E+01
4.62066650E+07,-8.78654E+01
4.62097168E+07,-9.22854E+01
4.62127686E+07,-1.00385E+02
4.62158203E+07,-9.55854E+01
4.62188721E+07,-9.47854E+01
4.62219238E+07,-9.34054E+01
4.62249756E+07,-9.09054E+01
4.62280273E+07,-9.10454E+01
4.62310791E+07,-9.34054E+01
4.62341309E+07,-1.03725E+02
4.62371826E+07,-9.66854E+01
4.62402344E+07,-1.03845E+02
4.62432861E+07,-1.01745E+02
4.62463379E+07,-9.86254E+01
4.62493896E+07,-1.05205E+02
4.62524414E+07,-1.01105E+02
4.62554932E+07,-1.02745E+02
4.62585449E+07,-9.30254E+01
4.62615967E+07,-9.25054E+01
4.62646484E+07,-9.71054E+01
4.62677002E+07,-1.09105E+02
4.62707520E+07,-1.08805E+02
4.62738037E+07,-1.02825E+02
4.62768555E+07,-1.07165E+02
4.62799072E+07,-9.83854E+01
4.62829590E+07,-9.53454E+01
4.62860107E+07,-1.01685E+02
4.62890625E+07,-9.19054E+01
4.62921143E+07,-9.16854E+01
4.62951660E+07,-1.00665E+02
4.62982178E+07,-1.06645E+02
4.63012695E+07,-1.05745E+02
4.63043213E+07,-1.04405E+02
4.63073730E+07,-1.13225E+02
4.63104248E+07,-1.05965E+02
4.63134766E+07,-1.18225E+02
4.63165283E+07,-9.93854E+01
4.63195801E+07,-9.71854E+01
4.63226318E+07,-9.78654E+01
4.63256836E+07,-9.54054E+01
4.63287354E+07,-9.78654E+01
4.63317871E+07,-9.90854E+01
4.63348389E+07,-1.06085E+02
4.63378906E+07,-9.99054E+01
4.63409424E+07,-9.74054E+01
4.63439941E+07,-1.13445E+02
4.63470459E+07,-1.01285E+02
4.63500977E+07,-9.73254E+01
4.63531494E+07,-9.53654E+01
4.63562012E+07,-9.61654E+01
4.63592529E+07,-9.15054E+01
4.63623047E+07,-9.22454E+01
4.63653564E+07,-9.90654E+01
4.63684082E+07,-9.72054E+01
4.63714600E+07,-9.86254E+01
4.63745117E+07,-9.92254E+01
4.63775635E+07,-9.63454E+01
4.63806152E+07,-9.33654E+01
4.63836670E+07,-9.43454E+01
4.63867188E+07,-9.32654E+01
4.63897705E+07,-8.66654E+01
4.63928223E+07,-8.48454E+01
4.63958740E+07,-8.53054E+01
4.63989258E+07,-9.03454E+01
4.64019775E+07,-9.23254E+01
4.64050293E+07,-8.58854E+01
4.64080811E+07,-8.79254E+01
4.64111328E+07,-9.92054E+01
4.64141846E+07,-9.23654E+01
4.64172363E+07,-9.51854E+01
4.64202881E+07,-9.06854E+01
4.64233398E+07,-9.20854E+01
4.64263916E+07,-9.41454E+01
4.64294434E+07,-9.40454E+01
4.64324951E+07,-9.91454E+01
4.64355469E+07,-9.90854E+01
4.64385986E+07,-9.64854E+01
4.64416504E+07,-9.78854E+01
4.64447021E+07,-1.07885E+02
4.64477539E+07,-1.01485E+02
4.64508057E+07,-1.01105E+02
4.64538574E+07,-1.06025E+02
4.64569092E+07,-1.04525E+02
4.64599609E+07,-9.40454E+01
4.64630127E+07,-9.46654E+01
4.64660645E+07,-9.95854E+01
4.64691162E+07,-1.01125E+02
4.64721680E+07,-9.77054E+01
4.64752197E+07,-9.63854E+01
4.64782715E+07,-9.85654E+01
4.64813232E+07,-9.92254E+01
4.64843750E+07,-1.13625E+02
4.64874268E+07,-9.89854E+01
4.64904785E+07,-1.09265E+02
4.64935303E+07,-9.23654E+01
4.64965820E+07,-9.47454E+01
4.64996338E+07,-1.00805E+02
4.65026855E+07,-9.68654E+01
4.65057373E+07,-9.25854E+01
4.65087891E+07,-1.05745E+02
4.65118408E+07,-1.02285E+02
4.65148926E+07,-9.65054E+01
4.65179443E+07,-9.68454E+01
4.65209961E+07,-1.00265E+02
4.65240479E+07,-9.61854E+01
4.65270996E+07,-9.34454E+01
4.65301514E+07,-9.48854E+01
4.65332031E+07,-9.79454E+01
4.65362549E+07,-1.00005E+02
4.65393066E+07,-1.01825E+02
4.65423584E+07,-1.03225E+02
4.65454102E+07,-1.08505E+02
4.65484619E+07,-9.63254E+01
4.65515137E+07,-9.86054E+01
4.65545654E+07,-9.93054E+01
4.65576172E+07,-1.03185E+02
4.65606689E+07,-9.25654E+01
4.65637207E+07,-9.16654E+01
4.65667725E+07,-9.58854E+01
4.65698242E+07,-9.44854E+01
4.65728760E+07,-1.04145E+02
4.65759277E+07,-9.55254E+01
4.65789795E+07,-9.30654E+01
4.65820312E+07,-1.00925E+02
4.65850830E+07,-9.41454E+01
4.65881348E+07,-9.50654E+01
4.65911865E+07,-8.92654E+01
4.65942383E+07,-8.59454E+01
4.65972900E+07,-8.76854E+01
4.66003418E+07,-9.27054E+01
4.66033936E+07,-9.03654E+01
4.66064453E+07,-8.88654E+01
4.66094971E+07,-9.64254E+01
4.66125488E+07,-9.91654E+01
4.66156006E+07,-9.15054E+01
4.66186523E+07,-9.63454E+01
4.66217041E+07,-9.73854E+01
4.66247559E+07,-9.72254E+01
4.66278076E+07,-1.05325E+02
4.66308594E+07,-1.02965E+02
4.66339111E+07,-9.98654E+01
4.66369629E+07,-9.35854E+01
4.66400146E+07,-9.43254E+01
4.66430664E+07,-9.83454E+01
4.66461182E+07,-9.65254E+01
4.66491699E+07,-9.51854E+01
4.66522217E+07,-9.95454E+01
4.66552734E+07,-1.06365E+02
4.66583252E+07,-1.00945E+02
4.66613770E+07,-1.07425E+02
4.66644287E+07,-1.00565E+02
4.66674805E+07,-9.84254E+01
4.66705322E+07,-9.72654E+01
4.66735840E+07,-1.02805E+02
4.66766357E+07,-1.01905E+02
4.66796875E+07,-9.71854E+01
4.66827393E+07,-1.00125E+02
4.66857910E+07,-1.17565E+02
4.66888428E+07,-9.89854E+01
4.66918945E+07,-9.68454E+01
4.66949463E+07,-9.72054E+01
4.66979980E+07,-9.49654E+01
4.67010498E+07,-9.95254E+01
4.67041016E+07,-1.06265E+02
4.67071533E+07,-9.63054E+01
4.67102051E+07,-9.50054E+01
4.67132568E+07,-9.70254E+01
4.67163086E+07,-9.59254E+01
4.67193604E+07,-9.34054E+01
4.67224121E+07,-9.76054E+01
4.67254639E+07,-9.63254E+01
4.67285156E+07,-9.97854E+01
4.67315674E+07,-1.05845E+02
4.67346191E+07,-1.02445E+02
4.67376709E+07,-1.03185E+02
4.67407227E+07,-1.00945E+02
4.67437744E+07,-1.00945E+02
4.67468262E+07,-1.02705E+02
4.67498779E+07,-9.99054E+01
4.67529297E+07,-1.01945E+02
4.67559814E+07,-9.69054E+01
4.67590332E+07,-9.69854E+01
4.67620850E+07,-9.97854E+01
4.67651367E+07,-1.05905E+02
4.67681885E+07,-1.02325E+02
4.67712402E+07,-1.03845E+02
4.67742920E+07,-9.81654E+01
4.67773438E+07,-9.34054E+01
4.67803955E+07,-1.04885E+02
4.67834473E+07,-8.93854E+01
4.67864990E+07,-9.06254E+01
4.67895508E+07,-9.22854E+01
4.67926025E+07,-8.87054E+01
4.67956543E+07,-8.78054E+01
4.67987061E+07,-9.10854E+01
4.68017578E+07,-1.05085E+02
4.68048096E+07,-9.37054E+01
4.68078613E+07,-9.03254E+01
4.68109131E+07,-9.67054E+01
4.68139648E+07,-1.08745E+02
4.68170166E+07,-1.01245E+02
4.68200684E+07,-9.38454E+01
4.68231201E+07,-9.68054E+01
4.68261719E+07,-9.88054E+01
4.68292236E+07,-1.03265E+02
4.68322754E+07,-1.00485E+02
4.68353271E+07,-1.03165E+02
4.68383789E+07,-9.97854E+01
4.68414307E+07,-9.72054E+01
4.68444824E+07,-1.01965E+02
4.68475342E+07,-1.07885E+02
4.68505859E+07,-1.08405E+02
4.68536377E+07,-9.84454E+01
4.68566895E+07,-9.50054E+01
4.68597412E+07,-9.28254E+01
4.68627930E+07,-9.65854E+01
4.68658447E+07,-9.64054E+01
4.68688965E+07,-9.85654E+01
4.68719482E+07,-1.15765E+02
4.68750000E+07,-1.07925E+02
4.68780518E+07,-9.71454E+01
4.68811035E+07,-9.58454E+01
4.68841553E+07,-9.62654E+01
4.68872070E+07,-1.05265E+02
4.68902588E+07,-1.00945E+02
4.68933105E+07,-9.39254E+01
4.68963623E+07,-9.25054E+01
4.68994141E+07,-1.00765E+02
4.69024658E+07,-1.01865E+02
4.69055176E+07,-9.97254E+01
4.69085693E+07,-9.74254E+01
4.69116211E+07,-9.75254E+01
4.69146729E+07,-1.03965E+02
4.69177246E+07,-1.18845E+02
4.69207764E+07,-9.93254E+01
4.69238281E+07,-9.20854E+01
4.69268799E+07,-9.40854E+01
4.69299316E+07,-1.03465E+02
4.69329834E+07,-9.54454E+01
4.69360352E+07,-1.02225E+02
4.69390869E+07,-1.01205E+02
4.69421387E+07,-1.13885E+02
4.69451904E+07,-9.49854E+01
4.69482422E+07,-8.98854E+01
4.69512939E+07,-9.23254E+01
4.69543457E+07,-1.11345E+02
4.69573975E+07,-1.06285E+02
4.69604492E+07,-1.04365E+02
4.69635010E+07,-9.95254E+01
4.69665527E+07,-1.07225E+02
4.69696045E+07,-9.97254E+01
4.69726562E+07,-9.48254E+01
4.69757080E+07,-9.31854E+01
4.69787598E+07,-9.67454E+01
4.69818115E+07,-9.38854E+01
4.69848633E+07,-9.03654E+01
4.69879150E+07,-9.33654E+01
4.69909668E+07,-9.31854E+01
4.69940186E+07,-8.80054E+01
4.69970703E+07,-8.73654E+01
4.70001221E+07,-9.16654E+01
4.70031738E+07,-1.03325E+02
4.70062256E+07,-8.88654E+01
4.70092773E+07,-8.65054E+01
4.70123291E+07,-9.69854E+01
4.70153809E+07,-9.61854E+01
4.70184326E+07,-1.00165E+02
4.70214844E+07,-9.81454E+01
4.70245361E+07,-1.03065E+02
4.70275879E+07,-1.01585E+02
4.70306396E+07,-1.02705E+02
4.70336914E+07,-9.50654E+01
4.70367432E+07,-1.05045E+02
4.70397949E+07,-9.84254E+01
4.70428467E+07,-9.80454E+01
4.70458984E+07,-1.04445E+02
4.70489502E+07,-9.99054E+01
4.70520020E+07,-9.26854E+01
4.70550537E+07,-9.62654E+01
4.70581055E+07,-1.06445E+02
4.70611572E+07,-1.05465E+02
4.70642090E+07,-1.01445E+02
4.70672607E+07,-1.06245E+02
4.70703125E+07,-9.64454E+01
4.70733643E+07,-9.57854E+01
4.70764160E+07,-9.61654E+01
4.70794678E+07,-9.80654E+01
4.70825195E+07,-9.61654E+01
4.70855713E+07,-1.02625E+02
4.70886230E+07,-9.80854E+01
4.70916748E+07,-1.03165E+02
4.70947266E+07,-1.13225E+02
4.70977783E+07,-9.77254E+01
4.71008301E+07,-9.97654E+01
4.71038818E+07,-9.47254E+01
4.71069336E+07,-9.72854E+01
4.71099854E+07,-1.00365E+02
4.71130371E+07,-9.86854E+01
4.71160889E+07,-1.01045E+02
4.71191406E+07,-1.02065E+02
4.71221924E+07,-9.93854E+01
4.71252441E+07,-9.60254E+01
4.71282959E+07,-9.44054E+01
4.71313477E+07,-9.16654E+01
4.71343994E+07,-9.29054E+01
4.71374512E+07,-9.88054E+01
4.71405029E+07,-1.17325E+02
4.71435547E+07,-1.02205E+02
4.71466064E+07,-1.02905E+02
4.71496582E+07,-1.09005E+02
4.71527100E+07,-1.04225E+02
4.71557617E+07,-9.84854E+01
4.71588135E+07,-9.59254E+01
4.71618652E+07,-9.64454E+01
4.71649170E+07,-9.54854E+01
4.71679688E+07,-9.77854E+01
4.71710205E+07,-1.06225E+02
4.71740723E+07,-9.64254E+01
4.71771240E+07,-9.65254E+01
4.71801758E+07,-9.93454E+01
4.71832275E+07,-9.46654E+01
4.71862793E+07,-9.10854E+01
4.71893311E+07,-9.38854E+01
4.71923828E+07,-9.85654E+01
4.71954346E+07,-9.22854E+01
4.71984863E+07,-8.84854E+01
4.72015381E+07,-9.06454E+01
4.72045898E+07,-9.53254E+01
4.72076416E+07,-9.45054E+01
4.72106934E+07,-9.57054E+01
4.72137451E+07,-1.10725E+02
4.72167969E+07,-1.03225E+02
4.72198486E+07,-9.32254E+01
4.72229004E+07,-9.69254E+01
4.72259521E+07,-9.61854E+01
4.72290039E+07,-1.05865E+02
4.72320557E+07,-1.00125E+02
4.72351074E+07,-1.03445E+02
4.72381592E+07,-9.51854E+01
4.72412109E+07,-9.51854E+01
4.72442627E+07,-1.02485E+02
4.72473145E+07,-9.93054E+01
4.72503662E+07,-9.84654E+01
4.72534180E+07,-1.05965E+02
4.72564697E+07,-1.03505E+02
4.72595215E+07,-1.04005E+02
4.72625732E+07,-1.00585E+02
4.72656250E+07,-9.92454E+01
4.72686768E+07,-1.03885E+02
4.72717285E+07,-9.87454E+01
4.72747803E+07,-9.56654E+01
4.72778320E+07,-1.01625E+02
4.72808838E+07,-9.91654E+01
4.72839355E+07,-9.54254E+01
4.72869873E+07,-9.52654E+01
4.72900391E+07,-9.87654E+01
4.72930908E+07,-9.99254E+01
4.72961426E+07,-1.02985E+02
4.72991943E+07,-1.06745E+02
4.73022461E+07,-1.02205E+02
4.73052979E+07,-1.12925E+02
4.73083496E+07,-1.05025E+02
4.73114014E+07,-9.71454E+01
4.73144531E+07,-9.64454E+01
4.73175049E+07,-1.00205E+02
4.73205566E+07,-1.00905E+02
4.73236084E+07,-9.59454E+01
4.73266602E+07,-9.67454E+01
4.73297119E+07,-9.58054E+01
4.73327637E+07,-1.01285E+02
4.73358154E+07,-1.05705E+02
4.73388672E+07,-1.12445E+02
4.73419189E+07,-1.01305E+02
4.73449707E+07,-9.86654E+01
4.73480225E+07,-1.00305E+02
4.73510742E+07,-1.18545E+02
4.73541260E+07,-9.92854E+01
4.73571777E+07,-9.35054E+01
4.73602295E+07,-1.03125E+02
4.73632812E+07,-9.78454E+01
4.73663330E+07,-1.00045E+02
4.73693848E+07,-1.02165E+02
4.73724365E+07,-9.79454E+01
4.73754883E+07,-9.41454E+01
4.73785400E+07,-9.26454E+01
4.73815918E+07,-9.41854E+01
4.73846436E+07,-9.77054E+01
4.73876953E+07,-9.88454E+01
4.73907471E+07,-9.37654E+01
4.73937988E+07,-9.30254E+01
4.73968506E+07,-9.41854E+01
4.73999023E+07,-9.76854E+01
4.74029541E+07,-9.99854E+01
4.74060059E+07,-1.12625E+02
4.74090576E+07,-9.22254E+01
4.74121094E+07,-9.18054E+01
4.74151611E+07,-1.06705E+02
4.74182129E+07,-1.00325E+02
4.74212646E+07,-1.01065E+02
4.74243164E+07,-9.91054E+01
4.74273682E+07,-9.70654E+01
4.74304199E+07,-1.01345E+02
4.74334717E+07,-9.38054E+01
4.74365234E+07,-9.51854E+01
4.74395752E+07,-9.72854E+01
4.74426270E+07,-1.01245E+02
4.74456787E+07,-1.09665E+02
4.74487305E+07,-1.02905E+02
4.74517822E+07,-1.04525E+02
4.74548340E+07,-1.00945E+02
4.74578857E+07,-1.00125E+02
4.74609375E+07,-1.27285E+02
4.74639893E+07,-1.12625E+02
4.74670410E+07,-1.10425E+02
4.74700928E+07,-1.01185E+02
4.74731445E+07,-1.04085E+02
4.74761963E+07,-9.54654E+01
4.74792480E+07,-9.72054E+01
4.74822998E+07,-9.81454E+01
4.74853516E+07,-1.14485E+02
4.74884033E+07,-9.89054E+01
4.74914551E+07,-9.75254E+01
4.74945068E+07,-1.02365E+02
4.74975586E+07,-9.50254E+01
4.75006104E+07,-9.72654E+01
4.75036621E+07,-9.55854E+01
4.75067139E+07,-1.03805E+02
4.75097656E+07,-1.00725E+02
4.75128174E+07,-1.01165E+02
4.75158691E+07,-1.10625E+02
4.75189209E+07,-9.79054E+01
4.75219727E+07,-1.01765E+02
4.75250244E+07,-9.55654E+01
4.75280762E+07,-9.70054E+01
4.75311279E+07,-1.05185E+02
4.75341797E+07,-1.00025E+02
4.75372314E+07,-9.80254E+01
4.75402832E+07,-9.56654E+01
4.75433350E+07,-1.00405E+02
4.75463867E+07,-1.21685E+02
4.75494385E+07,-9.93654E+01
4.75524902E+07,-1.00185E+02
4.75555420E+07,-1.01285E+02
4.75585938E+07,-9.66654E+01
4.75616455E+07,-1.03305E+02
4.75646973E+07,-9.34054E+01
4.75677490E+07,-9.87454E+01
4.75708008E+07,-1.05765E+02
4.75738525E+07,-9.32254E+01
4.75769043E+07,-9.28654E+01
4.75799561E+07,-1.03845E+02
4.75830078E+07,-1.02325E+02
4.75860596E+07,-9.60654E+01
4.75891113E+07,-9.40454E+01
4.75921631E+07,-9.36654E+01
4.75952148E+07,-9.44854E+01
4.75982666E+07,-9.11654E+01
4.76013184E+07,-9.05654E+01
4.76043701E+07,-9.50854E+01
4.76074219E+07,-1.02965E+02
4.76104736E+07,-9.33254E+01
4.76135254E+07,-9.09654E+01
4.76165771E+07,-9.24854E+01
4.76196289E+07,-9.06054E+01
4.76226807E+07,-8.98654E+01
4.76257324E+07,-9.12454E+01
4.76287842E+07,-1.01205E+02
4.76318359E+07,-9.65254E+01
4.76348877E+07,-9.34654E+01
4.76379395E+07,-9.62854E+01
4.76409912E+07,-9.93654E+01
4.76440430E+07,-1.05285E+02
4.76470947E+07,-1.02385E+02
4.76501465E+07,-1.06785E+02
4.76531982E+07,-1.01185E+02
4.76562500E+07,-1.11885E+02
4.76593018E+07,-1.10545E+02
4.76623535E+07,-1.12865E+02
4.76654053E+07,-1.09325E+02
4.76684570E+07,-9.77654E+01
4.76715088E+07,-9.38454E+01
4.76745605E+07,-9.36254E+01
4.76776123E+07,-9.57054E+01
4.76806641E+07,-1.08065E+02
4.76837158E+07,-1.02205E+02
4.76867676E+07,-1.02965E+02
4.76898193E+07,-1.01545E+02
4.76928711E+07,-9.55454E+01
4.76959229E+07,-9.58454E+01
4.76989746E+07,-1.15905E+02
4.77020264E+07,-9.93054E+01
4.77050781E+07,-1.14645E+02
4.77081299E+07,-9.64054E+01
4.77111816E+07,-9.45054E+01
4.77142334E+07,-1.02325E+02
4.77172852E+07,-1.03305E+02
4.77203369E+07,-9.57654E+01
4.77233887E+07,-1.03545E+02
4.77264404E+07,-1.13965E+02
4.77294922E+07,-9.89854E+01
4.77325439E+07,-9.89454E+01
4.77355957E+07,-1.05805E+02
4.77386475E+07,-1.04185E+02
4.77416992E+07,-1.01045E+02
4.77447510E+07,-9.74454E+01
4.77478027E+07,-1.03625E+02
4.77508545E+07,-1.08105E+02
4.77539062E+07,-9.62454E+01
4.77569580E+07,-1.02245E+02
4.77600098E+07,-1.06425E+02
4.77630615E+07,-1.03585E+02
4.77661133E+07,-9.74654E+01
4.77691650E+07,-9.17854E+01
4.77722168E+07,-9.71854E+01
4.77752686E+07,-1.03625E+02
4.77783203E+07,-1.05285E+02
4.77813721E+07,-9.88654E+01
4.77844238E+07,-9.91854E+01
4.77874756E+07,-9.73454E+01
4.77905273E+07,-9.78454E+01
4.77935791E+07,-1.08005E+02
4.77966309E+07,-1.02485E+02
4.77996826E+07,-1.01425E+02
4.78027344E+07,-1.01305E+02
4.78057861E+07,-1.08265E+02
4.78088379E+07,-9.30854E+01
4.78118896E+07,-8.90454E+01
4.78149414E+07,-9.12054E+01
4.78179932E+07,-9.41454E+01
4.78210449E+07,-9.48654E+01
4.78240967E+07,-9.69454E+01
4.78271484E+07,-9.49454E+01
4.78302002E+07,-9.86454E+01
4.78332520E+07,-9.65454E+01
4.78363037E+07,-1.01405E+02
4.78393555E+07,-9.67854E+01
4.78424072E+07,-9.87854E+01
4.78454590E+07,-1.00905E+02
4.78485107E+07,-9.94454E+01
4.78515625E+07,-1.00205E+02
4.78546143E+07,-1.13965E+02
4.78576660E+07,-1.12385E+02
4.78607178E+07,-1.01445E+02
4.78637695E+07,-9.75254E+01
4.78668213E+07,-9.75454E+01
4.78698730E+07,-9.52654E+01
4.78729248E+07,-1.01225E+02
4.78759766E+07,-1.14965E+02
4.78790283E+07,-9.75254E+01
4.78820801E+07,-9.90054E+01
4.78851318E+07,-1.03965E+02
4.78881836E+07,-1.01205E+02
4.78912354E+07,-1.02505E+02
4.78942871E+07,-9.94854E+01
4.78973389E+07,-9.70854E+01
4.79003906E+07,-9.68254E+01
4.79034424E+07,-1.01785E+02
4.79064941E+07,-1.14705E+02
4.79095459E+07,-1.04585E+02
4.79125977E+07,-9.97854E+01
4.79156494E+07,-1.02825E+02
4.79187012E+07,-1.12225E+02
4.79217529E+07,-9.75254E+01
4.79248047E+07,-9.57254E+01
4.79278564E+07,-1.04685E+02
4.79309082E+07,-9.60254E+01
4.79339600E+07,-9.81454E+01
4.79370117E+07,-9.86254E+01
4.79400635E+07,-1.01005E+02
4.79431152E+07,-1.05425E+02
4.79461670E+07,-1.02165E+02
4.79492188E+07,-1.05925E+02
4.79522705E+07,-9.49654E+01
4.79553223E+07,-9.25654E+01
4.79583740E+07,-9.67654E+01
4.79614258E+07,-1.04285E+02
4.79644775E+07,-1.00685E+02
4.79675293E+07,-9.92454E+01
4.79705811E+07,-1.17445E+02
4.79736328E+07,-9.87054E+01
4.79766846E+07,-1.07685E+02
4.79797363E+07,-1.05265E+02
4.79827881E+07,-9.56654E+01
4.79858398E+07,-1.02445E+02
4.79888916E+07,-9.44054E+01
4.79919434E+07,-9.64454E+01
4.79949951E+07,-1.09025E+02
4.79980469E+07,-9.86454E+01
4.80010986E+07,-9.37054E+01
4.80041504E+07,-9.52654E+01
4.80072021E+07,-1.02365E+02
4.80102539E+07,-1.02125E+02
4.80133057E+07,-9.15454E+01
4.80163574E+07,-9.13054E+01
4.80194092E+07,-8.94454E+01
4.80224609E+07,-8.95254E+01
4.80255127E+07,-9.59454E+01
4.80285645E+07,-9.50654E+01
4.80316162E+07,-1.01245E+02
4.80346680E+07,-1.01205E+02
4.80377197E+07,-9.38854E+01
4.80407715E+07,-9.63854E+01
4.80438232E+07,-1.18785E+02
4.80468750E+07,-9.47654E+01
4.80499268E+07,-9.26454E+01
4.80529785E+07,-9.52254E+01
4.80560303E+07,-1.06245E+02
4.80590820E+07,-1.01785E+02
4.80621338E+07,-1.02425E+02
4.80651855E+07,-1.03365E+02
4.80682373E+07,-1.03705E+02
4.80712891E+07,-1.00545E+02
4.80743408E+07,-9.28254E+01
4.80773926E+07,-9.36654E+01
4.80804443E+07,-1.04845E+02
4.80834961E+07,-9.72854E+01
4.80865479E+07,-1.03725E+02
4.80895996E+07,-1.10245E+02
4.80926514E+07,-1.01065E+02
4.80957031E+07,-1.03065E+02
4.80987549E+07,-9.89454E+01
4.81018066E+07,-9.83854E+01
4.81048584E+07,-1.08065E+02
4.81079102E+07,-1.06965E+02
4.81109619E+07,-9.95254E+01
4.81140137E+07,-9.70454E+01
4.81170654E+07,-1.10725E+02
4.81201172E+07,-9.88654E+01
4.81231689E+07,-9.55054E+01
4.81262207E+07,-9.43454E+01
4.81292725E+07,-9.75854E+01
4.81323242E+07,-1.01745E+02
4.81353760E+07,-1.03805E+02
4.81384277E+07,-9.93454E+01
4.81414795E+07,-1.02745E+02
4.81445312E+07,-9.76854E+01
4.81475830E+07,-9.84654E+01
4.81506348E+07,-1.01005E+02
4.81536865E+07,-1.02365E+02
4.81567383E+07,-1.06425E+02
4.81597900E+07,-1.12685E+02
4.81628418E+07,-1.00065E+02
4.81658936E+07,-9.76854E+01
4.81689453E+07,-1.01525E+02
4.81719971E+07,-9.71454E+01
4.81750488E+07,-9.57854E+01
4.81781006E+07,-9.98054E+01
4.81811523E+07,-9.82254E+01
4.81842041E+07,-9.97854E+01
4.81872559E+07,-1.01345E+02
4.81903076E+07,-9.70254E+01
4.81933594E+07,-1.06525E+02
4.81964111E+07,-9.56654E+01
4.81994629E+07,-9.22854E+01
4.82025146E+07,-9.08054E+01
4.82055664E+07,-9.58054E+01
4.82086182E+07,-1.15365E+02
4.82116699E+07,-1.00265E+02
4.82147217E+07,-1.04745E+02
4.82177734E+07,-1.01965E+02
4.82208252E+07,-9.47254E+01
4.82238770E+07,-8.73054E+01
4.82269287E+07,-8.94654E+01
4.82299805E+07,-1.01865E+02
4.82330322E+07,-9.88054E+01
4.82360840E+07,-1.03365E+02
4.82391357E+07,-1.26965E+02
4.82421875E+07,-1.13725E+02
4.82452393E+07,-1.16345E+02
4.82482910E+07,-1.03445E+02
4.82513428E+07,-9.87654E+01
4.82543945E+07,-1.00785E+02
4.82574463E+07,-9.69254E+01
4.82604980E+07,-9.74054E+01
4.82635498E+07,-9.91854E+01
4.82666016E+07,-9.65054E+01
4.82696533E+07,-1.00205E+02
4.82727051E+07,-9.42854E+01
4.82757568E+07,-9.67854E+01
4.82788086E+07,-9.86454E+01
4.82818604E+07,-9.79654E+01
4.82849121E+07,-1.03725E+02
4.82879639E+07,-1.12745E+02
4.82910156E+07,-1.16245E+02
4.82940674E+07,-9.79854E+01
4.82971191E+07,-9.56454E+01
4.83001709E+07,-1.01645E+02
4.83032227E+07,-1.09945E+02
4.83062744E+07,-1.02905E+02
4.83093262E+07,-1.03465E+02
4.83123779E+07,-1.01425E+02
4.83154297E+07,-1.02225E+02
4.83184814E+07,-1.03325E+02
4.83215332E+07,-9.66854E+01
4.83245850E+07,-9.19654E+01
4.83276367E+07,-9.62654E+01
4.83306885E+07,-1.02365E+02
4.83337402E+07,-1.04285E+02
4.83367920E+07,-9.95654E+01
4.83398438E+07,-1.00565E+02
4.83428955E+07,-1.06425E+02
4.83459473E+07,-9.46254E+01
4.83489990E+07,-9.24454E+01
4.83520508E+07,-1.03265E+02
4.83551025E+07,-1.01125E+02
4.83581543E+07,-1.03545E+02
4.83612061E+07,-1.03085E+02
4.83642578E+07,-9.83854E+01
4.83673096E+07,-9.86854E+01
4.83703613E+07,-9.64254E+01
4.83734131E+07,-9.06454E+01
4.83764648E+07,-8.95054E+01
4.83795166E+07,-9.18654E+01
4.83825684E+07,-9.32254E+01
4.83856201E+07,-9.84854E+01
4.83886719E+07,-1.06565E+02
4.83917236E+07,-9.80854E+01
4.83947754E+07,-9.52854E+01
4.83978271E+07,-9.14854E+01
4.84008789E+07,-9.15254E+01
4.84039307E+07,-9.37654E+01
4.84069824E+07,-9.54654E+01
4.84100342E+07,-9.03054E+01
4.84130859E+07,-9.10654E+01
4.84161377E+07,-9.48454E+01
4.84191895E+07,-1.00225E+02
4.84222412E+07,-1.00085E+02
4.84252930E+07,-9.69254E+01
4.84283447E+07,-1.04805E+02
4.84313965E+07,-9.85854E+01
4.84344482E+07,-9.88854E+01
4.84375000E+07,-9.38454E+01
4.84405518E+07,-9.47454E+01
4.84436035E+07,-9.75254E+01
4.84466553E+07,-1.02705E+02
4.84497070E+07,-9.29054E+01
4.84527588E+07,-1.02145E+02
4.84558105E+07,-1.02065E+02
4.84588623E+07,-1.03185E+02
4.84619141E+07,-9.83254E+01
4.84649658E+07,-9.31854E+01
4.84680176E+07,-9.37254E+01
4.84710693E+07,-9.61454E+01
4.84741211E+07,-1.00665E+02
4.84771729E+07,-1.07965E+02
4.84802246E+07,-9.53454E+01
4.84832764E+07,-1.01665E+02
4.84863281E+07,-1.03445E+02
4.84893799E+07,-1.02205E+02
4.84924316E+07,-9.55454E+01
4.84954834E+07,-9.57854E+01
4.84985352E+07,-1.08365E+02
4.85015869E+07,-1.02305E+02
4.85046387E+07,-1.03325E+02
4.85076904E+07,-1.15325E+02
4.85107422E+07,-9.70854E+01
4.85137939E+07,-9.29054E+01
4.85168457E+07,-9.34454E+01
4.85198975E+07,-9.73454E+01
4.85229492E+07,-9.63654E+01
4.85260010E+07,-9.42254E+01
4.85290527E+07,-9.43454E+01
4.85321045E+07,-9.40454E+01
4.85351562E+07,-9.88454E+01
4.85382080E+07,-1.05345E+02
4.85412598E+07,-1.03725E+02
4.85443115E+07,-9.62454E+01
4.85473633E+07,-1.00605E+02
4.85504150E+07,-9.99654E+01
4.85534668E+07,-9.57254E+01
4.85565186E+07,-1.04685E+02
4.85595703E+07,-1.00365E+02
4.85626221E+07,-9.48454E+01
4.85656738E+07,-9.59654E+01
4.85687256E+07,-1.03845E+02
4.85717773E+07,-1.09565E+02
4.85748291E+07,-9.28654E+01
4.85778809E+07,-9.21454E+01
4.85809326E+07,-1.06005E+02
4.85839844E+07,-1.03445E+02
4.85870361E+07,-9.50654E+01
4.85900879E+07,-9.31854E+01
4.85931396E+07,-9.68854E+01
4.85961914E+07,-9.80454E+01
4.85992432E+07,-1.00565E+02
4.86022949E+07,-1.08625E+02
4.86053467E+07,-9.87054E+01
4.86083984E+07,-9.74254E+01
4.86114502E+07,-1.02965E+02
4.86145020E+07,-9.43254E+01
4.86175537E+07,-9.37654E+01
4.86206055E+07,-1.09625E+02
4.86236572E+07,-9.32254E+01
4.86267090E+07,-9.56454E+01
4.86297607E+07,-1.19945E+02
4.86328125E+07,-1.06945E+02
4.86358643E+07,-1.01765E+02
4.86389160E+07,-9.67654E+01
4.86419678E+07,-9.38454E+01
4.86450195E+07,-9.26254E+01
4.86480713E+07,-1.03725E+02
4.86511230E+07,-9.56454E+01
4.86541748E+07,-1.00545E+02
4.86572266E+07,-9.46454E+01
4.86602783E+07,-9.39654E+01
4.86633301E+07,-9.74854E+01
4.86663818E+07,-9.81654E+01
4.86694336E+07,-9.87854E+01
4.86724854E+07,-9.52054E+01
4.86755371E+07,-9.52254E+01
4.86785889E+07,-1.06645E+02
4.86816406E+07,-9.62254E+01
4.86846924E+07,-9.60854E+01
4.86877441E+07,-1.01325E+02
4.86907959E+07,-1.04225E+02
4.86938477E+07,-1.01965E+02
4.86968994E+07,-1.13965E+02
4.86999512E+07,-1.01365E+02
4.87030029E+07,-9.75254E+01
4.87060547E+07,-1.09705E+02
4.87091064E+07,-1.08025E+02
4.87121582E+07,-1.05625E+02
4.87152100E+07,-1.01525E+02
4.87182617E+07,-1.10165E+02
4.87213135E+07,-1.09105E+02
4.87243652E+07,-9.75654E+01
4.87274170E+07,-1.03085E+02
4.87304688E+07,-9.91654E+01
4.87335205E+07,-9.53854E+01
4.87365723E+07,-9.99254E+01
4.87396240E+07,-1.10345E+02
4.87426758E+07,-1.09165E+02
4.87457275E+07,-9.88654E+01
4.87487793E+07,-9.72854E+01
4.87518311E+07,-1.02385E+02
4.87548828E+07,-9.91054E+01
4.87579346E+07,-1.04845E+02
4.87609863E+07,-9.60454E+01
4.87640381E+07,-9.73854E+01
4.87670898E+07,-9.65854E+01
4.87701416E+07,-9.75854E+01
4.87731934E+07,-1.03885E+02
4.87762451E+07,-1.03705E+02
4.87792969E+07,-9.92254E+01
4.87823486E+07,-1.06785E+02
4.87854004E+07,-9.70654E+01
4.87884521E+07,-9.58454E+01
4.87915039E+07,-9.01854E+01
4.87945557E+07,-9.40854E+01
4.87976074E+07,-1.04145E+02
4.88006592E+07,-9.50054E+01
4.88037109E+07,-9.28054E+01
4.88067627E+07,-9.41454E+01
4.88098145E+07,-9.75854E+01
4.88128662E+07,-1.00105E+02
4.88159180E+07,-9.54254E+01
4.88189697E+07,-9.47454E+01
4.88220215E+07,-1.15885E+02
4.88250732E+07,-9.42854E+01
4.88281250E+07,-9.66254E+01
4.88311768E+07,-1.00745E+02
4.88342285E+07,-9.80854E+01
4.88372803E+07,-9.67254E+01
4.88403320E+07,-9.48854E+01
4.88433838E+07,-9.80454E+01
4.88464355E+07,-9.99854E+01
4.88494873E+07,-1.01745E+02
4.88525391E+07,-9.77854E+01
4.88555908E+07,-9.56854E+01
4.88586426E+07,-9.89854E+01
4.88616943E+07,-1.00525E+02
4.88647461E+07,-1.06165E+02
4.88677979E+07,-9.98254E+01
4.88708496E+07,-1.01245E+02
4.88739014E+07,-9.31254E+01
4.88769531E+07,-9.51254E+01
4.88800049E+07,-1.00005E+02
4.88830566E+07,-1.00865E+02
4.88861084E+07,-1.11785E+02
4.88891602E+07,-1.03705E+02
4.88922119E+07,-1.06505E+02
4.88952637E+07,-9.79454E+01
4.88983154E+07,-9.46454E+01
4.89013672E+07,-9.86654E+01
4.89044189E+07,-1.08645E+02
4.89074707E+07,-1.09245E+02
4.89105225E+07,-1.04705E+02
4.89135742E+07,-1.08605E+02
4.89166260E+07,-1.00085E+02
4.89196777E+07,-1.08325E+02
4.89227295E+07,-1.03765E+02
4.89257812E+07,-9.71454E+01
4.89288330E+07,-9.88654E+01
4.89318848E+07,-9.80454E+01
4.89349365E+07,-9.46854E+01
4.89379883E+07,-9.67054E+01
4.89410400E+07,-1.02485E+02
4.89440918E+07,-1.09165E+02
4.89471436E+07,-1.00665E+02
4.89501953E+07,-1.01885E+02
4.89532471E+07,-1.04985E+02
4.89562988E+07,-9.96054E+01
4.89593506E+07,-9.68854E+01
4.89624023E+07,-9.80254E+01
4.89654541E+07,-9.65854E+01
4.89685059E+07,-1.02965E+02
4.89715576E+07,-9.39654E+01
4.89746094E+07,-9.34454E+01
4.89776611E+07,-1.03965E+02
4.89807129E+07,-1.06925E+02
4.89837646E+07,-1.05905E+02
4.89868164E+07,-1.05805E+02
4.89898682E+07,-1.13585E+02
4.89929199E+07,-1.01005E+02
4.89959717E+07,-9.39654E+01
4.89990234E+07,-9.80254E+01
4.90020752E+07,-1.09445E+02
4.90051270E+07,-9.73054E+01
4.90081787E+07,-9.66854E+01
4.90112305E+07,-9.73054E+01
4.90142822E+07,-9.26854E+01
4.90173340E+07,-9.31854E+01
4.90203857E+07,-9.34654E+01
4.90234375E+07,-9.61654E+01
4.90264893E+07,-9.35054E+01
4.90295410E+07,-9.73254E+01
4.90325928E+07,-1.02125E+02
4.90356445E+07,-9.39254E+01
4.90386963E+07,-9.64054E+01
4.90417480E+07,-1.06185E+02
4.90447998E+07,-1.00745E+02
4.90478516E+07,-1.04485E+02
4.90509033E+07,-9.91254E+01
4.90539551E+07,-9.80054E+01
4.90570068E+07,-1.06805E+02
4.90600586E+07,-1.11685E+02
4.90631104E+07,-9.92654E+01
4.90661621E+07,-1.00565E+02
4.90692139E+07,-1.07065E+02
4.90722656E+07,-9.80654E+01
4.90753174E+07,-9.01054E+01
4.90783691E+07,-9.24854E+01
4.90814209E+07,-1.09585E+02
4.90844727E+07,-1.02325E+02
4.90875244E+07,-9.86854E+01
4.90905762E+07,-9.53254E+01
4.90936279E+07,-1.02805E+02
4.90966797E+07,-1.05225E+02
4.90997314E+07,-1.17605E+02
4.91027832E+07,-9.99454E+01
4.91058350E+07,-9.95254E+01
4.91088867E+07,-1.01285E+02
4.91119385E+07,-1.01645E+02
4.91149902E+07,-1.02705E+02
4.91180420E+07,-9.80654E+01
4.91210938E+07,-1.04425E+02
4.91241455E+07,-9.90454E+01
4.91271973E+07,-9.98054E+01
4.91302490E+07,-1.06245E+02
4.91333008E+07,-1.01385E+02
4.91363525E+07,-1.02425E+02
4.91394043E+07,-9.76654E+01
4.91424561E+07,-1.00085E+02
4.91455078E+07,-1.00125E+02
4.91485596E+07,-1.00025E+02
4.91516113E+07,-1.02865E+02
4.91546631E+07,-9.66054E+01
4.91577148E+07,-9.40054E+01
4.91607666E+07,-9.52254E+01
4.91638184E+07,-1.00585E+02
4.91668701E+07,-1.00245E+02
4.91699219E+07,-1.01485E+02
4.91729736E+07,-1.00745E+02
4.91760254E+07,-9.36654E+01
4.91790771E+07,-9.09454E+01
4.91821289E+07,-9.41454E+01
4.91851807E+07,-9.09854E+01
4.91882324E+07,-8.98454E+01
4.91912842E+07,-9.47654E+01
4.91943359E+07,-9.38054E+01
4.91973877E+07,-9.87254E+01
4.92004395E+07,-1.09085E+02
4.92034912E+07,-1.04705E+02
4.92065430E+07,-1.02765E+02
4.92095947E+07,-1.02565E+02
4.92126465E+07,-9.93654E+01
4.92156982E+07,-9.17054E+01
4.92187500E+07,-9.42654E+01
4.92218018E+07,-9.71854E+01
4.92248535E+07,-1.01545E+02
4.92279053E+07,-9.83254E+01
4.92309570E+07,-1.00645E+02
4.92340088E+07,-1.06505E+02
4.92370605E+07,-9.76254E+01
4.92401123E+07,-9.96654E+01
4.92431641E+07,-1.12425E+02
4.92462158E+07,-1.02145E+02
4.92492676E+07,-1.04525E+02
4.92523193E+07,-1.05685E+02
4.92553711E+07,-1.07425E+02
4.92584229E+07,-9.88654E+01
4.92614746E+07,-9.67054E+01
4.92645264E+07,-1.02905E+02
4.92675781E+07,-1.01525E+02
4.92706299E+07,-1.00965E+02
4.92736816E+07,-1.04945E+02
4.92767334E+07,-9.89454E+01
4.92797852E+07,-9.74254E+01
4.92828369E+07,-9.67854E+01
4.92858887E+07,-1.05905E+02
4.92889404E+07,-9.61454E+01
4.92919922E+07,-9.64454E+01
4.92950439E+07,-9.79654E+01
4.92980957E+07,-9.83654E+01
4.93011475E+07,-1.07545E+02
4.93041992E+07,-1.04465E+02
4.93072510E+07,-9.88654E+01
4.93103027E+07,-1.03445E+02
4.93133545E+07,-1.00365E+02
4.93164062E+07,-9.74854E+01
4.93194580E+07,-1.03125E+02
4.93225098E+07,-1.01545E+02
4.93255615E+07,-9.96654E+01
4.93286133E+07,-1.03025E+02
4.93316650E+07,-1.04725E+02
4.93347168E+07,-1.00985E+02
4.93377686E+07,-1.00465E+02
4.93408203E+07,-1.02225E+02
4.93438721E+07,-9.65654E+01
4.93469238E+07,-9.47254E+01
4.93499756E+07,-9.25654E+01
4.93530273E+07,-9.82254E+01
4.93560791E+07,-9.80254E+01
4.93591309E+07,-9.69854E+01
4.93621826E+07,-1.03305E+02
4.93652344E+07,-1.08845E+02
4.93682861E+07,-9.97254E+01
4.93713379E+07,-9.66854E+01
4.93743896E+07,-9.58654E+01
4.93774414E+07,-9.68254E+01
4.93804932E+07,-9.91254E+01
4.93835449E+07,-1.05385E+02
4.93865967E+07,-1.02145E+02
4.93896484E+07,-1.04505E+02
4.93927002E+07,-1.04005E+02
4.93957520E+07,-9.95654E+01
4.93988037E+07,-1.00745E+02
4.94018555E+07,-9.56854E+01
4.94049072E+07,-9.66054E+01
4.94079590E+07,-9.71654E+01
4.94110107E+07,-9.71854E+01
4.94140625E+07,-1.03765E+02
4.94171143E+07,-9.18654E+01
4.94201660E+07,-9.40454E+01
4.94232178E+07,-9.87854E+01
4.94262695E+07,-9.19654E+01
4.94293213E+07,-9.75054E+01
4.94323730E+07,-1.10565E+02
4.94354248E+07,-1.01505E+02
4.94384766E+07,-9.46854E+01
4.94415283E+07,-1.02565E+02
4.94445801E+07,-9.65054E+01
4.94476318E+07,-9.64854E+01
4.94506836E+07,-1.01805E+02
4.94537354E+07,-1.13625E+02
4.94567871E+07,-1.11785E+02
4.94598389E+07,-1.01685E+02
4.94628906E+07,-1.00645E+02
4.94659424E+07,-1.08445E+02
4.94689941E+07,-1.12525E+02
4.94720459E+07,-9.73854E+01
4.94750977E+07,-9.19854E+01
4.94781494E+07,-9.75654E+01
4.94812012E+07,-1.03885E+02
4.94842529E+07,-9.93254E+01
4.94873047E+07,-1.02485E+02
4.94903564E+07,-1.04885E+02
4.94934082E+07,-1.01345E+02
4.94964600E+07,-9.11254E+01
4.94995117E+07,-9.09454E+01
4.95025635E+07,-9.55054E+01
4.95056152E+07,-9.59654E+01
4.95086670E+07,-1.07245E+02
4.95117188E+07,-9.75054E+01
4.95147705E+07,-9.47454E+01
4.95178223E+07,-9.59654E+01
4.95208740E+07,-1.00125E+02
4.95239258E+07,-9.58054E+01
4.95269775E+07,-9.80854E+01
4.95300293E+07,-9.84054E+01
4.95330811E+07,-9.87254E+01
4.95361328E+07,-9.51254E+01
4.95391846E+07,-9.22854E+01
4.95422363E+07,-1.04325E+02
4.95452881E+07,-9.92254E+01
4.95483398E+07,-1.02145E+02
4.95513916E+07,-9.69654E+01
4.95544434E+07,-9.55054E+01
4.95574951E+07,-1.01165E+02
4.95605469E+07,-1.02385E+02
4.95635986E+07,-1.04705E+02
4.95666504E+07,-1.04905E+02
4.95697021E+07,-1.03185E+02
4.95727539E+07,-9.76454E+01
4.95758057E+07,-9.39654E+01
4.95788574E+07,-1.30125E+02
4.95819092E+07,-9.53854E+01
4.95849609E+07,-9.60054E+01
4.95880127E+07,-1.01785E+02
4.95910645E+07,-1.03325E+02
4.95941162E+07,-9.92454E+01
4.95971680E+07,-9.26854E+01
4.96002197E+07,-9.62054E+01
4.96032715E+07,-9.73254E+01
4.96063232E+07,-1.01765E+02
4.96093750E+07,-9.58654E+01
4.96124268E+07,-9.26254E+01
4.96154785E+07,-1.01945E+02
4.96185303E+07,-9.94454E+01
4.96215820E+07,-9.67254E+01
4.96246338E+07,-9.30254E+01
4.96276855E+07,-9.58254E+01
4.96307373E+07,-9.66454E+01
4.96337891E+07,-1.07825E+02
4.96368408E+07,-9.89454E+01
4.96398926E+07,-9.61854E+01
4.96429443E+07,-1.00505E+02
4.96459961E+07,-9.80254E+01
4.96490479E+07,-1.10365E+02
4.96520996E+07,-9.89654E+01
4.96551514E+07,-9.83454E+01
4.96582031E+07,-1.03925E+02
4.96612549E+07,-9.73054E+01
4.96643066E+07,-9.81454E+01
4.96673584E+07,-9.74254E+01
4.96704102E+07,-1.13445E+02
4.96734619E+07,-9.34454E+01
4.96765137E+07,-9.69054E+01
4.96795654E+07,-1.01765E+02
4.96826172E+07,-1.00225E+02
4.96856689E+07,-1.01805E+02
4.96887207E+07,-1.06705E+02
4.96917725E+07,-9.40854E+01
4.96948242E+07,-9.55654E+01
4.96978760E+07,-1.09025E+02
4.97009277E+07,-1.03665E+02
4.97039795E+07,-1.17265E+02
4.97070312E+07,-9.73454E+01
4.97100830E+07,-9.71854E+01
4.97131348E+07,-9.93854E+01
4.97161865E+07,-1.01005E+02
4.97192383E+07,-1.01105E+02
4.97222900E+07,-1.02125E+02
4.97253418E+07,-9.48854E+01
4.97283936E+07,-1.04565E+02
4.97314453E+07,-9.46854E+01
4.97344971E+07,-9.21454E+01
4.97375488E+07,-9.61254E+01
4.97406006E+07,-9.78854E+01
4.97436523E+07,-1.01405E+02
4.97467041E+07,-1.06905E+02
4.97497559E+07,-9.92854E+01
4.97528076E+07,-1.14365E+02
4.97558594E+07,-1.03445E+02
4.97589111E+07,-9.95054E+01
4.97619629E+07,-9.61254E+01
4.97650146E+07,-9.67654E+01
4.97680664E+07,-9.92054E+01
4.97711182E+07,-1.00345E+02
4.97741699E+07,-9.18654E+01
4.97772217E+07,-9.40454E+01
4.97802734E+07,-1.04225E+02
4.97833252E+07,-9.65254E+01
4.97863770E+07,-9.56054E+01
4.97894287E+07,-9.96854E+01
4.97924805E+07,-1.04365E+02
4.97955322E+07,-9.40454E+01
4.97985840E+07,-9.31654E+01
4.98016357E+07,-9.51254E+01
4.98046875E+07,-9.43254E+01
4.98077393E+07,-9.40854E+01
4.98107910E+07,-9.94254E+01
4.98138428E+07,-9.97854E+01
4.98168945E+07,-1.08285E+02
4.98199463E+07,-9.44054E+01
4.98229980E+07,-9.45454E+01
4.98260498E+07,-9.87454E+01
4.98291016E+07,-1.04285E+02
4.98321533E+07,-9.96054E+01
4.98352051E+07,-1.05845E+02
4.98382568E+07,-1.16485E+02
4.98413086E+07,-1.02285E+02
4.98443604E+07,-9.53854E+01
4.98474121E+07,-9.59654E+01
4.98504639E+07,-9.86454E+01
4.98535156E+07,-9.53854E+01
4.98565674E+07,-9.78254E+01
4.98596191E+07,-1.01565E+02
4.98626709E+07,-1.03925E+02
4.98657227E+07,-1.00205E+02
4.98687744E+07,-9.63854E+01
4.98718262E+07,-9.61054E+01
4.98748779E+07,-9.82854E+01
4.98779297E+07,-9.63854E+01
4.98809814E+07,-9.52654E+01
4.98840332E+07,-9.83654E+01
4.98870850E+07,-1.05725E+02
4.98901367E+07,-1.05865E+02
4.98931885E+07,-1.03305E+02
4.98962402E+07,-1.09885E+02
4.98992920E+07,-9.86054E+01
4.99023438E+07,-1.05365E+02
4.99053955E+07,-9.69654E+01
4.99084473E+07,-1.03465E+02
4.99114990E+07,-1.10025E+02
4.99145508E+07,-9.94254E+01
4.99176025E+07,-9.69254E+01
4.99206543E+07,-9.54654E+01
4.99237061E+07,-9.52054E+01
4.99267578E+07,-9.70854E+01
4.99298096E+07,-9.64254E+01
4.99328613E+07,-9.73054E+01
4.99359131E+07,-1.04445E+02
4.99389648E+07,-9.63654E+01
4.99420166E+07,-1.02865E+02
4.99450684E+07,-1.06525E+02
4.99481201E+07,-1.02985E+02
4.99511719E+07,-1.10465E+02
4.99542236E+07,-9.78654E+01
4.99572754E+07,-9.82654E+01
4.99603271E+07,-1.06545E+02
4.99633789E+07,-9.91054E+01
4.99664307E+07,-9.76454E+01
4.99694824E+07,-1.08785E+02
4.99725342E+07,-9.49854E+01
4.99755859E+07,-9.32254E+01
4.99786377E+07,-1.15385E+02
4.99816895E+07,-1.01245E+02
4.99847412E+07,-9.79454E+01
4.99877930E+07,-1.02585E+02
4.99908447E+07,-9.91254E+01
4.99938965E+07,-9.95854E+01
4.99969482E+07,-7.80854E+01
5.00000000E+07,-7.45454E+01
5.00030518E+07,-8.07454E+01
5.00061035E+07,-9.59254E+01
5.00091553E+07,-9.73854E+01
5.00122070E+07,-1.00125E+02
5.00152588E+07,-1.04045E+02
5.00183105E+07,-9.81454E+01
5.00213623E+07,-9.66654E+01
5.00244141E+07,-1.07945E+02
5.00274658E+07,-9.96054E+01
5.00305176E+07,-1.02905E+02
5.00335693E+07,-1.12625E+02
5.00366211E+07,-1.02565E+02
5.00396729E+07,-9.71254E+01
5.00427246E+07,-1.04185E+02
5.00457764E+07,-1.02365E+02
5.00488281E+07,-9.73054E+01
5.00518799E+07,-9.37254E+01
5.00549316E+07,-9.16854E+01
5.00579834E+07,-9.33654E+01
5.00610352E+07,-9.73054E+01
5.00640869E+07,-1.08685E+02
5.00671387E+07,-1.06905E+02
5.00701904E+07,-9.99454E+01
5.00732422E+07,-9.33654E+01
5.00762939E+07,-9.54454E+01
5.00793457E+07,-1.07285E+02
5.00823975E+07,-1.00425E+02
5.00854492E+07,-9.64454E+01
5.00885010E+07,-9.95454E+01
5.00915527E+07,-1.00485E+02
5.00946045E+07,-1.06045E+02
5.00976562E+07,-1.06565E+02
5.01007080E+07,-1.13765E+02
5.01037598E+07,-9.87654E+01
5.01068115E+07,-1.09745E+02
5.01098633E+07,-9.85854E+01
5.01129150E+07,-9.75654E+01
5.01159668E+07,-9.82854E+01
5.01190186E+07,-9.42654E+01
5.01220703E+07,-9.31254E+01
5.01251221E+07,-1.03505E+02
5.01281738E+07,-9.37654E+01
5.01312256E+07,-1.00785E+02
5.01342773E+07,-1.01325E+02
5.01373291E+07,-1.10385E+02
5.01403809E+07,-9.52854E+01
5.01434326E+07,-9.48854E+01
5.01464844E+07,-9.53254E+01
5.01495361E+07,-9.64254E+01
5.01525879E+07,-9.91654E+01
5.01556396E+07,-1.11705E+02
5.01586914E+07,-1.12565E+02
5.01617432E+07,-1.01585E+02
5.01647949E+07,-1.00845E+02
5.01678467E+07,-1.02705E+02
5.01708984E+07,-9.82054E+01
5.01739502E+07,-9.58054E+01
5.01770020E+07,-9.61454E+01
5.01800537E+07,-9.59254E+01
5.01831055E+07,-9.47654E+01
5.01861572E+07,-9.53854E+01
5.01892090E+07,-1.02985E+02
5.01922607E+07,-1.07425E+02
5.01953125E+07,-1.01405E+02
5.01983643E+07,-9.56654E+01
5.02014160E+07,-9.76254E+01
5.02044678E+07,-1.01365E+02
5.02075195E+07,-1.01205E+02
5.02105713E+07,-1.06925E+02
5.02136230E+07,-1.00665E+02
5.02166748E+07,-9.51654E+01
5.02197266E+07,-1.00545E+02
5.02227783E+07,-1.01865E+02
5.02258301E+07,-1.01765E+02
5.02288818E+07,-1.14965E+02
5.02319336E+07,-1.01025E+02
5.02349854E+07,-1.01005E+02
5.02380371E+07,-1.08245E+02
5.02410889E+07,-1.07625E+02
5.02441406E+07,-9.59054E+01
5.02471924E+07,-9.89854E+01
5.02502441E+07,-1.01865E+02
5.02532959E+07,-1.01945E+02
5.02563477E+07,-1.03185E+02
5.02593994E+07,-9.93854E+01
5.02624512E+07,-1.02565E+02
5.02655029E+07,-1.02485E+02
5.02685547E+07,-1.07725E+02
5.02716064E+07,-1.04465E+02
5.02746582E+07,-1.04565E+02
5.02777100E+07,-9.72054E+01
5.02807617E+07,-9.35054E+01
5.02838135E+07,-1.04745E+02
5.02868652E+07,-9.90054E+01
5.02899170E+07,-9.68054E+01
5.02929688E+07,-9.77054E+01
5.02960205E+07,-9.62654E+01
5.02990723E+07,-9.40454E+01
5.03021240E+07,-9.30254E+01
5.03051758E+07,-9.46654E+01
5.03082275E+07,-1.06565E+02
5.03112793E+07,-1.10365E+02
5.03143311E+07,-9.97854E+01
5.03173828E+07,-1.00085E+02
5.03204346E+07,-1.01505E+02
5.03234863E+07,-1.03185E+02
5.03265381E+07,-1.07705E+02
5.03295898E+07,-1.02765E+02
5.03326416E+07,-1.02285E+02
5.03356934E+07,-1.02805E+02
5.03387451E+07,-9.40854E+01
5.03417969E+07,-9.21254E+01
5.03448486E+07,-1.01485E+02
5.03479004E+07,-9.84254E+01
5.03509521E+07,-1.01545E+02
5.03540039E+07,-1.04085E+02
5.03570557E+07,-1.04805E+02
5.03601074E+07,-1.02865E+02
5.03631592E+07,-1.17005E+02
5.03662109E+07,-1.02705E+02
5.03692627E+07,-1.06745E+02
5.03723145E+07,-9.83854E+01
5.03753662E+07,-9.26854E+01
5.03784180E+07,-9.69054E+01
5.03814697E+07,-9.84054E+01
5.03845215E+07,-1.03765E+02
5.03875732E+07,-9.56254E+01
5.03906250E+07,-9.30254E+01
5.03936768E+07,-9.69054E+01
5.03967285E+07,-9.81454E+01
5.03997803E+07,-9.67854E+01
5.04028320E+07,-1.01425E+02
5.04058838E+07,-1.10885E+02
5.04089355E+07,-9.39254E+01
5.04119873E+07,-9.04454E+01
5.04150391E+07,-9.70254E+01
5.04180908E+07,-1.04265E+02
5.04211426E+07,-9.73054E+01
5.04241943E+07,-9.24454E+01
5.04272461E+07,-9.26854E+01
5.04302979E+07,-9.70854E+01
5.04333496E+07,-1.05365E+02
5.04364014E+07,-1.04905E+02
5.04394531E+07,-1.00745E+02
5.04425049E+07,-9.43454E+01
5.04455566E+07,-9.64854E+01
5.04486084E+07,-1.07565E+02
5.04516602E+07,-1.03025E+02
5.04547119E+07,-1.04225E+02
5.04577637E+07,-9.98454E+01
5.04608154E+07,-9.85854E+01
5.04638672E+07,-1.03185E+02
5.04669189E+07,-1.01885E+02
5.04699707E+07,-1.00525E+02
5.04730225E+07,-9.61254E+01
5.04760742E+07,-1.05225E+02
5.04791260E+07,-1.03025E+02
5.04821777E+07,-1.00125E+02
5.04852295E+07,-1.04225E+02
5.04882812E+07,-1.04405E+02
5.04913330E+07,-9.87254E+01
5.04943848E+07,-1.02965E+02
5.04974365E+07,-9.60454E+01
5.05004883E+07,-1.06425E+02
5.05035400E+07,-9.86854E+01
5.05065918E+07,-9.48254E+01
5.05096436E+07,-9.81254E+01
5.05126953E+07,-9.80454E+01
5.05157471E+07,-9.79854E+01
5.05187988E+07,-1.01865E+02
5.05218506E+07,-1.01505E+02
5.05249023E+07,-9.33254E+01
5.05279541E+07,-9.73054E+01
5.05310059E+07,-9.88054E+01
5.05340576E+07,-1.00065E+02
5.05371094E+07,-1.10185E+02
5.05401611E+07,-9.98654E+01
5.05432129E+07,-9.32654E+01
5.05462646E+07,-9.66254E+01
5.05493164E+07,-1.02425E+02
5.05523682E+07,-1.01485E+02
5.05554199E+07,-9.56454E+01
5.05584717E+07,-1.00445E+02
5.05615234E+07,-1.08325E+02
5.05645752E+07,-1.05065E+02
5.05676270E+07,-1.04765E+02
5.05706787E+07,-9.95654E+01
5.05737305E+07,-9.32254E+01
5.05767822E+07,-9.17854E+01
5.05798340E+07,-9.54254E+01
5.05828857E+07,-9.91854E+01
5.05859375E+07,-1.01785E+02
5.05889893E+07,-9.46854E+01
5.05920410E+07,-9.37654E+01
5.05950928E+07,-9.70654E+01
5.05981445E+07,-1.02445E+02
5.06011963E+07,-1.03065E+02
5.06042480E+07,-1.04145E+02
5.06072998E+07,-1.08785E+02
5.06103516E+07,-9.74254E+01
5.06134033E+07,-9.50254E+01
5.06164551E+07,-1.03065E+02
5.06195068E+07,-9.52254E+01
5.06225586E+07,-9.59054E+01
5.06256104E+07,-1.01745E+02
5.06286621E+07,-9.94054E+01
5.06317139E+07,-9.54054E+01
5.06347656E+07,-1.18285E+02
5.06378174E+07,-9.48654E+01
5.06408691E+07,-9.48054E+01
5.06439209E+07,-9.88654E+01
5.06469727E+07,-1.05205E+02
5.06500244E+07,-1.01365E+02
5.06530762E+07,-1.02205E+02
5.06561279E+07,-9.97654E+01
5.06591797E+07,-1.07625E+02
5.06622314E+07,-1.03445E+02
5.06652832E+07,-9.79054E+01
5.06683350E+07,-9.79854E+01
5.06713867E+07,-9.81854E+01
5.06744385E+07,-9.22054E+01
5.06774902E+07,-9.35854E+01
5.06805420E+07,-1.06285E+02
5.06835938E+07,-1.04145E+02
5.06866455E+07,-1.03545E+02
5.06896973E+07,-9.66454E+01
5.06927490E+07,-9.61254E+01
5.06958008E+07,-1.06545E+02
5.06988525E+07,-1.03845E+02
5.07019043E+07,-1.07685E+02
5.07049561E+07,-9.99654E+01
5.07080078E+07,-9.43654E+01
5.07110596E+07,-9.49254E+01
5.07141113E+07,-9.85454E+01
5.07171631E+07,-9.64054E+01
5.07202148E+07,-9.53454E+01
5.07232666E+07,-1.00985E+02
5.07263184E+07,-9.74654E+01
5.07293701E+07,-1.00125E+02
5.07324219E+07,-9.77454E+01
5.07354736E+07,-9.51054E+01
5.07385254E+07,-9.41454E+01
5.07415771E+07,-9.71254E+01
5.07446289E+07,-9.63454E+01
5.07476807E+07,-9.60454E+01
5.07507324E+07,-1.07145E+02
5.07537842E+07,-9.61254E+01
5.07568359E+07,-1.01885E+02
5.07598877E+07,-9.91054E+01
5.07629395E+07,-9.76054E+01
5.07659912E+07,-9.96654E+01
5.07690430E+07,-9.53854E+01
5.07720947E+07,-9.21654E+01
5.07751465E+07,-9.26454E+01
5.07781982E+07,-9.90854E+01
5.07812500E+07,-1.11045E+02
5.07843018E+07,-1.08125E+02
5.07873535E+07,-1.05205E+02
5.07904053E+07,-1.00445E+02
5.07934570E+07,-1.01325E+02
5.07965088E+07,-9.70854E+01
5.07995605E+07,-9.49454E+01
5.08026123E+07,-1.00145E+02
5.08056641E+07,-9.87654E+01
5.08087158E+07,-9.87054E+01
5.08117676E+07,-1.06425E+02
5.08148193E+07,-1.03325E+02
5.08178711E+07,-1.04485E+02
5.08209229E+07,-1.04485E+02
5.08239746E+07,-9.90654E+01
5.08270264E+07,-9.60054E+01
5.08300781E+07,-9.82854E+01
5.08331299E+07,-8.94854E+01
5.08361816E+07,-9.09454E+01
5.08392334E+07,-1.01665E+02
5.08422852E+07,-1.03765E+02
5.08453369E+07,-9.77854E+01
5.08483887E+07,-9.96654E+01
5.08514404E+07,-9.70654E+01
5.08544922E+07,-9.41854E+01
5.08575439E+07,-9.36654E+01
5.08605957E+07,-1.00505E+02
5.08636475E+07,-1.01705E+02
5.08666992E+07,-1.08825E+02
5.08697510E+07,-9.50654E+01
5.08728027E+07,-9.92254E+01
5.08758545E+07,-9.82854E+01
5.08789062E+07,-9.47854E+01
5.08819580E+07,-9.97254E+01
5.08850098E+07,-9.73854E+01
5.08880615E+07,-1.01985E+02
5.08911133E+07,-9.78454E+01
5.08941650E+07,-9.76854E+01
5.08972168E+07,-9.57254E+01
5.09002686E+07,-9.68454E+01
5.09033203E+07,-9.80254E+01
5.09063721E+07,-9.89854E+01
5.09094238E+07,-1.06325E+02
5.09124756E+07,-1.05285E+02
5.09155273E+07,-1.01665E+02
5.09185791E+07,-1.08845E+02
5.09216309E+07,-1.06385E+02
5.09246826E+07,-9.50454E+01
5.09277344E+07,-9.33254E+01
5.09307861E+07,-9.50854E+01
5.09338379E+07,-1.05805E+02
5.09368896E+07,-9.88654E+01
5.09399414E+07,-1.04525E+02
5.09429932E+07,-9.44254E+01
5.09460449E+07,-1.08705E+02
5.09490967E+07,-9.61654E+01
5.09521484E+07,-9.38054E+01
5.09552002E+07,-9.97054E+01
5.09582520E+07,-1.04785E+02
5.09613037E+07,-1.00865E+02
5.09643555E+07,-1.03625E+02
5.09674072E+07,-1.04405E+02
5.09704590E+07,-9.74254E+01
5.09735107E+07,-9.94254E+01
5.09765625E+07,-9.66454E+01
5.09796143E+07,-9.47854E+01
5.09826660E+07,-9.39254E+01
5.09857178E+07,-9.76854E+01
5.09887695E+07,-1.03765E+02
5.09918213E+07,-9.57254E+01
5.09948730E+07,-9.68854E+01
5.09979248E+07,-9.52654E+01
5.10009766E+07,-1.03765E+02
5.10040283E+07,-9.91254E+01
5.10070801E+07,-9.75654E+01
5.10101318E+07,-8.98054E+01
5.10131836E+07,-8.97654E+01
5.10162354E+07,-9.77054E+01
5.10192871E+07,-9.63054E+01
5.10223389E+07,-9.32254E+01
5.10253906E+07,-9.73254E+01
5.10284424E+07,-1.06165E+02
5.10314941E+07,-1.01665E+02
5.10345459E+07,-9.60854E+01
5.10375977E+07,-9.67854E+01
5.10406494E+07,-9.74054E+01
5.10437012E+07,-9.55454E+01
5.10467529E+07,-1.04925E+02
5.10498047E+07,-1.05165E+02
5.10528564E+07,-1.03625E+02
5.10559082E+07,-9.68854E+01
5.10589600E+07,-9.18854E+01
5.10620117E+07,-9.45054E+01
5.10650635E+07,-1.08045E+02
5.10681152E+07,-1.07345E+02
5.10711670E+07,-1.09945E+02
5.10742188E+07,-9.80654E+01
5.10772705E+07,-9.42254E+01
5.10803223E+07,-9.60054E+01
5.10833740E+07,-9.29254E+01
5.10864258E+07,-9.42254E+01
5.10894775E+07,-9.94854E+01
5.10925293E+07,-9.84654E+01
5.10955811E+07,-9.93854E+01
5.10986328E+07,-1.06385E+02
5.11016846E+07,-1.16085E+02
5.11047363E+07,-1.01485E+02
5.11077881E+07,-9.69454E+01
5.11108398E+07,-9.88654E+01
5.11138916E+07,-1.00765E+02
5.11169434E+07,-1.01705E+02
5.11199951E+07,-1.01765E+02
5.11230469E+07,-1.02245E+02
5.11260986E+07,-9.68454E+01
5.11291504E+07,-9.46054E+01
5.11322021E+07,-1.00705E+02
5.11352539E+07,-1.10965E+02
5.11383057E+07,-1.08185E+02
5.11413574E+07,-1.08445E+02
5.11444092E+07,-1.02625E+02
5.11474609E+07,-1.00645E+02
5.11505127E+07,-1.28025E+02
5.11535645E+07,-1.02505E+02
5.11566162E+07,-1.00365E+02
5.11596680E+07,-9.46054E+01
5.11627197E+07,-9.42854E+01
5.11657715E+07,-9.77054E+01
5.11688232E+07,-9.84254E+01
5.11718750E+07,-9.53454E+01
5.11749268E+07,-9.83254E+01
5.11779785E+07,-9.77854E+01
5.11810303E+07,-9.18854E+01
5.11840820E+07,-9.27654E+01
5.11871338E+07,-1.02245E+02
5.11901855E+07,-1.12925E+02
5.11932373E+07,-1.01565E+02
5.11962891E+07,-1.04505E+02
5.11993408E+07,-1.09565E+02
5.12023926E+07,-1.02525E+02
5.12054443E+07,-9.87454E+01
5.12084961E+07,-1.12045E+02
5.12115479E+07,-1.02445E+02
5.12145996E+07,-9.84254E+01
5.12176514E+07,-1.13325E+02
5.12207031E+07,-9.25254E+01
5.12237549E+07,-8.76854E+01
5.12268066E+07,-9.13854E+01
5.12298584E+07,-9.80254E+01
5.12329102E+07,-9.19654E+01
5.12359619E+07,-8.91454E+01
5.12390137E+07,-9.17054E+01
5.12420654E+07,-1.01165E+02
5.12451172E+07,-1.10665E+02
5.12481689E+07,-1.03125E+02
5.12512207E+07,-1.00425E+02
5.12542725E+07,-1.00185E+02
5.12573242E+07,-1.12645E+02
5.12603760E+07,-1.02225E+02
5.12634277E+07,-1.01325E+02
5.12664795E+07,-9.65854E+01
5.12695312E+07,-9.32254E+01
5.12725830E+07,-9.33654E+01
5.12756348E+07,-1.01805E+02
5.12786865E+07,-1.07865E+02
5.12817383E+07,-1.03405E+02
5.12847900E+07,-1.02305E+02
5.12878418E+07,-1.03885E+02
5.12908936E+07,-1.02425E+02
5.12939453E+07,-9.74054E+01
5.12969971E+07,-9.49854E+01
5.13000488E+07,-1.10005E+02
5.13031006E+07,-9.76854E+01
5.13061523E+07,-1.00425E+02
5.13092041E+07,-1.14085E+02
5.13122559E+07,-9.56254E+01
5.13153076E+07,-9.33054E+01
5.13183594E+07,-9.49854E+01
5.13214111E+07,-9.63654E+01
5.13244629E+07,-9.62854E+01
5.13275146E+07,-9.76654E+01
5.13305664E+07,-9.94454E+01
5.13336182E+07,-1.02145E+02
5.13366699E+07,-1.06185E+02
5.13397217E+07,-9.94254E+01
5.13427734E+07,-1.04825E+02
5.13458252E+07,-1.04365E+02
5.13488770E+07,-1.02805E+02
5.13519287E+07,-1.11145E+02
5.13549805E+07,-1.04825E+02
5.13580322E+07,-1.01105E+02
5.13610840E+07,-1.13085E+02
5.13641357E+07,-1.00825E+02
5.13671875E+07,-9.97654E+01
5.13702393E+07,-9.70654E+01
5.13732910E+07,-1.03665E+02
5.13763428E+07,-1.03125E+02
5.13793945E+07,-1.00305E+02
5.13824463E+07,-1.01085E+02
5.13854980E+07,-1.06265E+02
5.13885498E+07,-1.07985E+02
5.13916016E+07,-1.04905E+02
5.13946533E+07,-1.05145E+02
5.13977051E+07,-1.03465E+02
5.14007568E+07,-9.67054E+01
5.14038086E+07,-9.67454E+01
5.14068604E+07,-1.02705E+02
5.14099121E+07,-1.02965E+02
5.14129639E+07,-9.53054E+01
5.14160156E+07,-9.83054E+01
5.14190674E+07,-1.05565E+02
5.14221191E+07,-1.04845E+02
5.14251709E+07,-1.07065E+02
5.14282227E+07,-1.06205E+02
5.14312744E+07,-1.07065E+02
5.14343262E+07,-1.09205E+02
5.14373779E+07,-1.03365E+02
5.14404297E+07,-9.73854E+01
5.14434814E+07,-1.03125E+02
5.14465332E+07,-1.00685E+02
5.14495850E+07,-9.91254E+01
5.14526367E+07,-9.67254E+01
5.14556885E+07,-1.07165E+02
5.14587402E+07,-1.11065E+02
5.14617920E+07,-1.05725E+02
5.14648438E+07,-1.07185E+02
5.14678955E+07,-1.05285E+02
5.14709473E+07,-9.96454E+01
5.14739990E+07,-9.46054E+01
5.14770508E+07,-9.71654E+01
5.14801025E+07,-1.01545E+02
5.14831543E+07,-9.73454E+01
5.14862061E+07,-1.12805E+02
5.14892578E+07,-1.00965E+02
5.14923096E+07,-9.55254E+01
5.14953613E+07,-9.44654E+01
5.14984131E+07,-9.38054E+01
5.15014648E+07,-9.74254E+01
5.15045166E+07,-1.01685E+02
5.15075684E+07,-1.00505E+02
5.15106201E+07,-1.04725E+02
5.15136719E+07,-1.13365E+02
5.15167236E+07,-1.07505E+02
5.15197754E+07,-1.02565E+02
5.15228271E+07,-9.97254E+01
5.15258789E+07,-9.35054E+01
5.15289307E+07,-9.05454E+01
5.15319824E+07,-9.57054E+01
5.15350342E+07,-1.13065E+02
5.15380859E+07,-9.83054E+01
5.15411377E+07,-1.02685E+02
5.15441895E+07,-1.00465E+02
5.15472412E+07,-1.01905E+02
5.15502930E+07,-1.08605E+02
5.15533447E+07,-9.94454E+01
5.15563965E+07,-9.45454E+01
5.15594482E+07,-1.01825E+02
5.15625000E+07,-1.03405E+02
5.15655518E+07,-1.05665E+02
5.15686035E+07,-9.70054E+01
5.15716553E+07,-9.96454E+01
5.15747070E+07,-1.04385E+02
5.15777588E+07,-9.65654E+01
5.15808105E+07,-1.05905E+02
5.15838623E+07,-1.09525E+02
5.15869141E+07,-1.09305E+02
5.15899658E+07,-1.07905E+02
5.15930176E+07,-1.03405E+02
5.15960693E+07,-9.79254E+01
5.15991211E+07,-1.05305E+02
5.16021729E+07,-9.84654E+01
5.16052246E+07,-9.92254E+01
5.16082764E+07,-1.00065E+02
5.16113281E+07,-9.74454E+01
5.16143799E+07,-9.74654E+01
5.16174316E+07,-1.04005E+02
5.16204834E+07,-1.01045E+02
5.16235352E+07,-1.00125E+02
5.16265869E+07,-1.04965E+02
5.16296387E+07,-1.04005E+02
5.16326904E+07,-1.03625E+02
5.16357422E+07,-1.08005E+02
5.16387939E+07,-1.05645E+02
5.16418457E+07,-1.10585E+02
5.16448975E+07,-1.09065E+02
5.16479492E+07,-9.95254E+01
5.16510010E+07,-9.69254E+01
5.16540527E+07,-1.05145E+02
5.16571045E+07,-1.08125E+02
5.16601562E+07,-1.06525E+02
5.16632080E+07,-9.91454E+01
5.16662598E+07,-9.82654E+01
5.16693115E+07,-9.77454E+01
5.16723633E+07,-9.51254E+01
5.16754150E+07,-9.57854E+01
5.16784668E+07,-1.06485E+02
5.16815186E+07,-9.88854E+01
5.16845703E+07,-9.65254E+01
5.16876221E+07,-1.13625E+02
5.16906738E+07,-9.45254E+01
5.16937256E+07,-9.83254E+01
5.16967773E+07,-9.96854E+01
5.16998291E+07,-9.62454E+01
5.17028809E+07,-1.01765E+02
5.17059326E+07,-1.06185E+02
5.17089844E+07,-9.84054E+01
5.17120361E+07,-9.69654E+01
5.17150879E+07,-9.89854E+01
5.17181396E+07,-9.69054E+01
5.17211914E+07,-9.55454E+01
5.17242432E+07,-9.97254E+01
5.17272949E+07,-9.84454E+01
5.17303467E+07,-1.02485E+02
5.17333984E+07,-9.98454E+01
5.17364502E+07,-9.80654E+01
5.17395020E+07,-9.96054E+01
5.17425537E+07,-9.96654E+01
5.17456055E+07,-1.03505E+02
5.17486572E+07,-1.02565E+02
5.17517090E+07,-1.04385E+02
5.17547607E+07,-9.54254E+01
5.17578125E+07,-9.83054E+01
5.17608643E+07,-9.80254E+01
5.17639160E+07,-9.48054E+01
5.17669678E+07,-1.00505E+02
5.17700195E+07,-9.79854E+01
5.17730713E+07,-9.45854E+01
5.17761230E+07,-9.56454E+01
5.17791748E+07,-1.07285E+02
5.17822266E+07,-1.04625E+02
5.17852783E+07,-1.01165E+02
5.17883301E+07,-9.64254E+01
5.17913818E+07,-9.51454E+01
5.17944336E+07,-9.65654E+01
5.17974854E+07,-1.05325E+02
5.18005371E+07,-1.00965E+02
5.18035889E+07,-1.04285E+02
5.18066406E+07,-1.02585E+02
5.18096924E+07,-1.00545E+02
5.18127441E+07,-9.36654E+01
5.18157959E+07,-9.37254E+01
5.18188477E+07,-9.49254E+01
5.18218994E+07,-9.41854E+01
5.18249512E+07,-9.15454E+01
5.18280029E+07,-9.57454E+01
5.18310547E+07,-1.02925E+02
5.18341064E+07,-9.98854E+01
5.18371582E+07,-9.95054E+01
5.18402100E+07,-9.70654E+01
5.18432617E+07,-9.60054E+01
5.18463135E+07,-1.01145E+02
5.18493652E+07,-1.03845E+02
5.18524170E+07,-9.50454E+01
5.18554688E+07,-9.59854E+01
5.18585205E+07,-1.12745E+02
5.18615723E+07,-1.01345E+02
5.18646240E+07,-9.90854E+01
5.18676758E+07,-9.93854E+01
5.18707275E+07,-9.95854E+01
5.18737793E+07,-9.93854E+01
5.18768311E+07,-1.03465E+02
5.18798828E+07,-1.05145E+02
5.18829346E+07,-1.00785E+02
5.18859863E+07,-9.70654E+01
5.18890381E+07,-9.91054E+01
5.18920898E+07,-1.10425E+02
5.18951416E+07,-9.62254E+01
5.18981934E+07,-9.82054E+01
5.19012451E+07,-1.06305E+02
5.19042969E+07,-1.01645E+02
5.19073486E+07,-1.28245E+02
5.19104004E+07,-1.08945E+02
5.19134521E+07,-1.02145E+02
5.19165039E+07,-9.64854E+01
5.19195557E+07,-1.00585E+02
5.19226074E+07,-9.39654E+01
5.19256592E+07,-9.13054E+01
5.19287109E+07,-9.49454E+01
5.19317627E+07,-9.61054E+01
5.19348145E+07,-9.99454E+01
5.19378662E+07,-1.06345E+02
5.19409180E+07,-1.06145E+02
5.19439697E+07,-1.18565E+02
5.19470215E+07,-1.03065E+02
5.19500732E+07,-1.06705E+02
5.19531250E+07,-1.03725E+02
5.19561768E+07,-1.01305E+02
5.19592285E+07,-1.14985E+02
5.19622803E+07,-1.00885E+02
5.19653320E+07,-9.65254E+01
5.19683838E+07,-9.63054E+01
5.19714355E+07,-1.03305E+02
5.19744873E+07,-9.44654E+01
5.19775391E+07,-1.00645E+02
5.19805908E+07,-9.72854E+01
5.19836426E+07,-1.01025E+02
5.19866943E+07,-1.07765E+02
5.19897461E+07,-1.02085E+02
5.19927979E+07,-9.64054E+01
5.19958496E+07,-9.42654E+01
5.19989014E+07,-9.64254E+01
5.20019531E+07,-1.06405E+02
5.20050049E+07,-9.70254E+01
5.20080566E+07,-9.30854E+01
5.20111084E+07,-9.97454E+01
5.20141602E+07,-1.09065E+02
5.20172119E+07,-9.92854E+01
5.20202637E+07,-1.05425E+02
5.20233154E+07,-9.60054E+01
5.20263672E+07,-9.44254E+01
5.20294189E+07,-9.75854E+01
5.20324707E+07,-9.78254E+01
5.20355225E+07,-9.95854E+01
5.20385742E+07,-9.57654E+01
5.20416260E+07,-9.52054E+01
5.20446777E+07,-9.78054E+01
5.20477295E+07,-9.75054E+01
5.20507812E+07,-9.60654E+01
5.20538330E+07,-9.87054E+01
5.20568848E+07,-1.01425E+02
5.20599365E+07,-1.03305E+02
5.20629883E+07,-9.79654E+01
5.20660400E+07,-9.78054E+01
5.20690918E+07,-1.06985E+02
5.20721436E+07,-9.82854E+01
5.20751953E+07,-9.75854E+01
5.20782471E+07,-9.89054E+01
5.20812988E+07,-9.77054E+01
5.20843506E+07,-9.82254E+01
5.20874023E+07,-1.04085E+02
5.20904541E+07,-9.35854E+01
5.20935059E+07,-9.42654E+01
5.20965576E+07,-9.70454E+01
5.20996094E+07,-1.00545E+02
5.21026611E+07,-1.04145E+02
5.21057129E+07,-1.03765E+02
5.21087646E+07,-1.13365E+02
5.21118164E+07,-9.59454E+01
5.21148682E+07,-9.63254E+01
5.21179199E+07,-1.01745E+02
5.21209717E+07,-1.05805E+02
5.21240234E+07,-9.87654E+01
5.21270752E+07,-9.56854E+01
5.21301270E+07,-1.04425E+02
5.21331787E+07,-1.00705E+02
5.21362305E+07,-9.81454E+01
5.21392822E+07,-9.94254E+01
5.21423340E+07,-9.96054E+01
5.21453857E+07,-1.02505E+02
5.21484375E+07,-1.13305E+02
5.21514893E+07,-9.93854E+01
5.21545410E+07,-9.52654E+01
5.21575928E+07,-9.68654E+01
5.21606445E+07,-9.49654E+01
5.21636963E+07,-9.57654E+01
5.21667480E+07,-1.04945E+02
5.21697998E+07,-1.00025E+02
5.21728516E+07,-1.00085E+02
5.21759033E+07,-1.01685E+02
5.21789551E+07,-9.70254E+01
5.21820068E+07,-1.00365E+02
5.21850586E+07,-1.07865E+02
5.21881104E+07,-1.01985E+02
5.21911621E+07,-9.98854E+01
5.21942139E+07,-1.12925E+02
5.21972656E+07,-9.94854E+01
5.22003174E+07,-9.71054E+01
5.22033691E+07,-9.75054E+01
5.22064209E+07,-1.01525E+02
5.22094727E+07,-1.05865E+02
5.22125244E+07,-9.92654E+01
5.22155762E+07,-9.84454E+01
5.22186279E+07,-9.77054E+01
5.22216797E+07,-1.06085E+02
5.22247314E+07,-1.07305E+02
5.22277832E+07,-9.69454E+01
5.22308350E+07,-9.72854E+01
5.22338867E+07,-1.04665E+02
5.22369385E+07,-1.01045E+02
5.22399902E+07,-1.00805E+02
5.22430420E+07,-9.69854E+01
5.22460938E+07,-9.54454E+01
5.22491455E+07,-9.82054E+01
5.22521973E+07,-9.75454E+01
5.22552490E+07,-1.01985E+02
5.22583008E+07,-1.01565E+02
5.22613525E+07,-1.02085E+02
5.22644043E+07,-1.03965E+02
5.22674561E+07,-1.10905E+02
5.22705078E+07,-1.02085E+02
5.22735596E+07,-1.02505E+02
5.22766113E+07,-1.11865E+02
5.22796631E+07,-1.06125E+02
5.22827148E+07,-9.81254E+01
5.22857666E+07,-9.58854E+01
5.22888184E+07,-9.57654E+01
5.22918701E+07,-9.38854E+01
5.22949219E+07,-1.01005E+02
5.22979736E+07,-1.02005E+02
5.23010254E+07,-9.63254E+01
5.23040771E+07,-9.75054E+01
5.23071289E+07,-9.45254E+01
5.23101807E+07,-9.77054E+01
5.23132324E+07,-1.09165E+02
5.23162842E+07,-1.08045E+02
5.23193359E+07,-1.09045E+02
5.23223877E+07,-1.05645E+02
5.23254395E+07,-9.95254E+01
5.23284912E+07,-1.01245E+02
5.23315430E+07,-1.00185E+02
5.23345947E+07,-9.81854E+01
5.23376465E+07,-9.69054E+01
5.23406982E+07,-1.04845E+02
5.23437500E+07,-1.01705E+02
5.23468018E+07,-1.05345E+02
5.23498535E+07,-9.72054E+01
5.23529053E+07,-9.80654E+01
5.23559570E+07,-1.09445E+02
5.23590088E+07,-9.97254E+01
5.23620605E+07,-1.05885E+02
5.23651123E+07,-1.05145E+02
5.23681641E+07,-9.94054E+01
5.23712158E+07,-1.01005E+02
5.23742676E+07,-9.74454E+01
5.23773193E+07,-9.48854E+01
5.23803711E+07,-1.04045E+02
5.23834229E+07,-1.23845E+02
5.23864746E+07,-9.96854E+01
5.23895264E+07,-9.40854E+01
5.23925781E+07,-9.52054E+01
5.23956299E+07,-1.01685E+02
5.23986816E+07,-1.06425E+02
5.24017334E+07,-1.05505E+02
5.24047852E+07,-1.04145E+02
5.24078369E+07,-1.01745E+02
5.24108887E+07,-9.97054E+01
5.24139404E+07,-1.03585E+02
5.24169922E+07,-1.12985E+02
5.24200439E+07,-1.06465E+02
5.24230957E+07,-1.01165E+02
5.24261475E+07,-9.80054E+01
5.24291992E+07,-9.97854E+01
5.24322510E+07,-9.50654E+01
5.24353027E+07,-9.88854E+01
5.24383545E+07,-1.09005E+02
5.24414062E+07,-1.05565E+02
5.24444580E+07,-1.00725E+02
5.24475098E+07,-1.00225E+02
5.24505615E+07,-1.03265E+02
5.24536133E+07,-1.02685E+02
5.24566650E+07,-1.09485E+02
5.24597168E+07,-1.06125E+02
5.24627686E+07,-1.08065E+02
5.24658203E+07,-9.43454E+01
5.24688721E+07,-9.47454E+01
5.24719238E+07,-1.01665E+02
5.24749756E+07,-1.01565E+02
5.24780273E+07,-9.47654E+01
5.24810791E+07,-9.58454E+01
5.24841309E+07,-1.05105E+02
5.24871826E+07,-1.02705E+02
5.24902344E+07,-1.03025E+02
5.24932861E+07,-1.10265E+02
5.24963379E+07,-1.08305E+02
5.24993896E+07,-1.03185E+02
5.25024414E+07,-9.45454E+01
5.25054932E+07,-9.42654E+01
5.25085449E+07,-9.68054E+01
5.25115967E+07,-1.02385E+02
5.25146484E+07,-1.07125E+02
5.25177002E+07,-1.10365E+02
5.25207520E+07,-1.04045E+02
5.25238037E+07,-1.02305E+02
5.25268555E+07,-1.12805E+02
5.25299072E+07,-9.83454E+01
5.25329590E+07,-1.01305E+02
5.25360107E+07,-1.11425E+02
5.25390625E+07,-1.01645E+02
5.25421143E+07,-1.01365E+02
5.25451660E+07,-1.08345E+02
5.25482178E+07,-1.00585E+02
5.25512695E+07,-1.01805E+02
5.25543213E+07,-1.01285E+02
5.25573730E+07,-9.73654E+01
5.25604248E+07,-9.44454E+01
5.25634766E+07,-9.75854E+01
5.25665283E+07,-1.05645E+02
5.25695801E+07,-9.99254E+01
5.25726318E+07,-9.68054E+01
5.25756836E+07,-9.75054E+01
5.25787354E+07,-1.01885E+02
5.25817871E+07,-9.66054E+01
5.25848389E+07,-1.08045E+02
5.25878906E+07,-9.56254E+01
5.25909424E+07,-9.78654E+01
5.25939941E+07,-9.63654E+01
5.25970459E+07,-9.44254E+01
5.26000977E+07,-8.98454E+01
5.26031494E+07,-9.21254E+01
5.26062012E+07,-1.07285E+02
5.26092529E+07,-1.01225E+02
5.26123047E+07,-1.01645E+02
5.26153564E+07,-1.02505E+02
5.26184082E+07,-9.76454E+01
5.26214600E+07,-9.89254E+01
5.26245117E+07,-9.96054E+01
5.26275635E+07,-1.09865E+02
5.26306152E+07,-1.05005E+02
5.26336670E+07,-9.89254E+01
5.26367188E+07,-1.07285E+02
5.26397705E+07,-1.05605E+02
5.26428223E+07,-1.01585E+02
5.26458740E+07,-9.56854E+01
5.26489258E+07,-9.45854E+01
5.26519775E+07,-1.02705E+02
5.26550293E+07,-9.47854E+01
5.26580811E+07,-9.27054E+01
5.26611328E+07,-1.01085E+02
5.26641846E+07,-9.75254E+01
5.26672363E+07,-9.52054E+01
5.26702881E+07,-9.39254E+01
5.26733398E+07,-9.75454E+01
5.26763916E+07,-1.02005E+02
5.26794434E+07,-1.08665E+02
5.26824951E+07,-9.81054E+01
5.26855469E+07,-9.46854E+01
5.26885986E+07,-9.63854E+01
5.26916504E+07,-9.80454E+01
5.26947021E+07,-9.93454E+01
5.26977539E+07,-1.07785E+02
5.27008057E+07,-1.03585E+02
5.27038574E+07,-9.96454E+01
5.27069092E+07,-9.64454E+01
5.27099609E+07,-9.49254E+01
5.27130127E+07,-9.76854E+01
5.27160645E+07,-9.62254E+01
5.27191162E+07,-9.72654E+01
5.27221680E+07,-9.66454E+01
5.27252197E+07,-9.38054E+01
5.27282715E+07,-9.80254E+01
5.27313232E+07,-1.08345E+02
5.27343750E+07,-1.01825E+02
5.27374268E+07,-1.05585E+02
5.27404785E+07,-1.16505E+02
5.27435303E+07,-1.04185E+02
5.27465820E+07,-9.35854E+01
5.27496338E+07,-9.37654E+01
5.27526855E+07,-9.85854E+01
5.27557373E+07,-9.75854E+01
5.27587891E+07,-1.04085E+02
5.27618408E+07,-1.10065E+02
5.27648926E+07,-1.13805E+02
5.27679443E+07,-1.05465E+02
5.27709961E+07,-9.80854E+01
5.27740479E+07,-9.93854E+01
5.27770996E+07,-1.02565E+02
5.27801514E+07,-1.15225E+02
5.27832031E+07,-9.73254E+01
5.27862549E+07,-9.45854E+01
5.27893066E+07,-1.03325E+02
5.27923584E+07,-9.57254E+01
5.27954102E+07,-9.34054E+01
5.27984619E+07,-9.64054E+01
5.28015137E+07,-9.71454E+01
5.28045654E+07,-1.02005E+02
5.28076172E+07,-1.02905E+02
5.28106689E+07,-9.40054E+01
5.28137207E+07,-9.29254E+01
5.28167725E+07,-1.13585E+02
5.28198242E+07,-9.70054E+01
5.28228760E+07,-1.16685E+02
5.28259277E+07,-9.53854E+01
5.28289795E+07,-9.44454E+01
5.28320312E+07,-1.02245E+02
5.28350830E+07,-1.08565E+02
5.28381348E+07,-1.01945E+02
5.28411865E+07,-1.01685E+02
5.28442383E+07,-1.01285E+02
5.28472900E+07,-9.70054E+01
5.28503418E+07,-9.89054E+01
5.28533936E+07,-1.06225E+02
5.28564453E+07,-9.97254E+01
5.28594971E+07,-9.73854E+01
5.28625488E+07,-9.97854E+01
5.28656006E+07,-1.03405E+02
5.28686523E+07,-1.06725E+02
5.28717041E+07,-9.96854E+01
5.28747559E+07,-9.86854E+01
5.28778076E+07,-1.01085E+02
5.28808594E+07,-1.01005E+02
5.28839111E+07,-9.51654E+01
5.28869629E+07,-1.00045E+02
5.28900146E+07,-1.04685E+02
5.28930664E+07,-1.00985E+02
5.28961182E+07,-9.83454E+01
5.28991699E+07,-1.03265E+02
5.29022217E+07,-1.03625E+02
5.29052734E+07,-1.04745E+02
5.29083252E+07,-9.75254E+01
5.29113770E+07,-9.83454E+01
5.29144287E+07,-1.01085E+02
5.29174805E+07,-9.65854E+01
5.29205322E+07,-9.44854E+01
5.29235840E+07,-9.19454E+01
5.29266357E+07,-9.58054E+01
5.29296875E+07,-9.46854E+01
5.29327393E+07,-9.68054E+01
5.29357910E+07,-1.12385E+02
5.29388428E+07,-1.02065E+02
5.29418945E+07,-9.97054E+01
5.29449463E+07,-1.04145E+02
5.29479980E+07,-1.09565E+02
5.29510498E+07,-1.00125E+02
5.29541016E+07,-1.01905E+02
5.29571533E+07,-1.01005E+02
5.29602051E+07,-9.95054E+01
5.29632568E+07,-1.10765E+02
5.29663086E+07,-1.01965E+02
5.29693604E+07,-9.46654E+01
5.29724121E+07,-9.57654E+01
5.29754639E+07,-9.42254E+01
5.29785156E+07,-9.76654E+01
5.29815674E+07,-1.02865E+02
5.29846191E+07,-9.53854E+01
5.29876709E+07,-9.69454E+01
5.29907227E+07,-9.61054E+01
5.29937744E+07,-9.47054E+01
5.29968262E+07,-1.05145E+02
5.29998779E+07,-1.19045E+02
5.30029297E+07,-1.11585E+02
5.30059814E+07,-1.07145E+02
5.30090332E+07,-1.16945E+02
5.30120850E+07,-1.02705E+02
5.30151367E+07,-9.87454E+01
5.30181885E+07,-9.68454E+01
5.30212402E+07,-9.33054E+01
5.30242920E+07,-9.33054E+01
5.30273438E+07,-1.09305E+02
5.30303955E+07,-9.63854E+01
5.30334473E+07,-1.04045E+02
5.30364990E+07,-1.03405E+02
5.30395508E+07,-1.02805E+02
5.30426025E+07,-1.06845E+02
5.30456543E+07,-9.91654E+01
5.30487061E+07,-9.34054E+01
5.30517578E+07,-1.03665E+02
5.30548096E+07,-9.82654E+01
5.30578613E+07,-9.72054E+01
5.30609131E+07,-9.69654E+01
5.30639648E+07,-9.94454E+01
5.30670166E+07,-1.01525E+02
5.30700684E+07,-1.02865E+02
5.30731201E+07,-1.00225E+02
5.30761719E+07,-1.01065E+02
5.30792236E+07,-1.01685E+02
5.30822754E+07,-9.39254E+01
5.30853271E+07,-9.69854E+01
5.30883789E+07,-9.73454E+01
5.30914307E+07,-9.53854E+01
5.30944824E+07,-9.50054E+01
5.30975342E+07,-1.02685E+02
5.31005859E+07,-9.67654E+01
5.31036377E+07,-9.49254E+01
5.31066895E+07,-9.58054E+01
5.31097412E+07,-9.72854E+01
5.31127930E+07,-1.03225E+02
5.31158447E+07,-1.04185E+02
5.31188965E+07,-1.00465E+02
5.31219482E+07,-9.80054E+01
5.31250000E+07,-9.86254E+01
5.31280518E+07,-9.78854E+01
5.31311035E+07,-9.87654E+01
5.31341553E+07,-1.02965E+02
5.31372070E+07,-1.03065E+02
5.31402588E+07,-1.15145E+02
5.31433105E+07,-1.03445E+02
5.31463623E+07,-1.07365E+02
5.31494141E+07,-9.30654E+01
5.31524658E+07,-9.28054E+01
5.31555176E+07,-9.68254E+01
5.31585693E+07,-9.87054E+01
5.31616211E+07,-1.07825E+02
5.31646729E+07,-1.03845E+02
5.31677246E+07,-1.18085E+02
5.31707764E+07,-1.06065E+02
5.31738281E+07,-9.83054E+01
5.31768799E+07,-1.00125E+02
5.31799316E+07,-1.10025E+02
5.31829834E+07,-9.97454E+01
5.31860352E+07,-1.06345E+02
5.31890869E+07,-1.03545E+02
5.31921387E+07,-1.04505E+02
5.31951904E+07,-1.09045E+02
5.31982422E+07,-1.00265E+02
5.32012939E+07,-9.60454E+01
5.32043457E+07,-9.44854E+01
5.32073975E+07,-9.34054E+01
5.32104492E+07,-9.88654E+01
5.32135010E+07,-9.88054E+01
5.32165527E+07,-9.17054E+01
5.32196045E+07,-9.32254E+01
5.32226562E+07,-9.31254E+01
5.32257080E+07,-9.54854E+01
5.32287598E+07,-1.05805E+02
5.32318115E+07,-9.81254E+01
5.32348633E+07,-9.71054E+01
5.32379150E+07,-9.73454E+01
5.32409668E+07,-1.00125E+02
5.32440186E+07,-9.72254E+01
5.32470703E+07,-9.54254E+01
5.32501221E+07,-9.99654E+01
5.32531738E+07,-9.59054E+01
5.32562256E+07,-9.29254E+01
5.32592773E+07,-9.46854E+01
5.32623291E+07,-1.04905E+02
5.32653809E+07,-1.06805E+02
5.32684326E+07,-1.03765E+02
5.32714844E+07,-9.64054E+01
5.32745361E+07,-9.34054E+01
5.32775879E+07,-1.00465E+02
5.32806396E+07,-1.04405E+02
5.32836914E+07,-9.73654E+01
5.32867432E+07,-1.00545E+02
5.32897949E+07,-1.01005E+02
5.32928467E+07,-9.68854E+01
5.32958984E+07,-9.49854E+01
5.32989502E+07,-9.83654E+01
5.33020020E+07,-1.09265E+02
5.33050537E+07,-1.02425E+02
5.33081055E+07,-1.03965E+02
5.33111572E+07,-1.03805E+02
5.33142090E+07,-1.13325E+02
5.33172607E+07,-9.79054E+01
5.33203125E+07,-9.79054E+01
5.33233643E+07,-9.50454E+01
5.33264160E+07,-9.20854E+01
5.33294678E+07,-9.80654E+01
5.33325195E+07,-9.65854E+01
5.33355713E+07,-9.59454E+01
5.33386230E+07,-1.10785E+02
5.33416748E+07,-9.68254E+01
5.33447266E+07,-9.53254E+01
5.33477783E+07,-9.71654E+01
5.33508301E+07,-1.05505E+02
5.33538818E+07,-9.89854E+01
5.33569336E+07,-9.89054E+01
5.33599854E+07,-1.10745E+02
5.33630371E+07,-1.03405E+02
5.33660889E+07,-9.74254E+01
5.33691406E+07,-1.11165E+02
5.33721924E+07,-9.59054E+01
5.33752441E+07,-9.36254E+01
5.33782959E+07,-9.74254E+01
5.33813477E+07,-1.09045E+02
5.33843994E+07,-1.03625E+02
5.33874512E+07,-1.00545E+02
5.33905029E+07,-1.10385E+02
5.33935547E+07,-9.64254E+01
5.33966064E+07,-9.17454E+01
5.33996582E+07,-9.56654E+01
5.34027100E+07,-1.12425E+02
5.34057617E+07,-9.64454E+01
5.34088135E+07,-9.69054E+01
5.34118652E+07,-1.11705E+02
5.34149170E+07,-1.01785E+02
5.34179688E+07,-9.49054E+01
5.34210205E+07,-9.39654E+01
5.34240723E+07,-9.60654E+01
5.34271240E+07,-1.03505E+02
5.34301758E+07,-9.88454E+01
5.34332275E+07,-9.61254E+01
5.34362793E+07,-1.16705E+02
5.34393311E+07,-9.56454E+01
5.34423828E+07,-9.35454E+01
5.34454346E+07,-9.88654E+01
5.34484863E+07,-9.58654E+01
5.34515381E+07,-9.80454E+01
5.34545898E+07,-1.01285E+02
5.34576416E+07,-9.47054E+01
5.34606934E+07,-1.00345E+02
5.34637451E+07,-1.00365E+02
5.34667969E+07,-1.02005E+02
5.34698486E+07,-1.04485E+02
5.34729004E+07,-9.94454E+01
5.34759521E+07,-9.37054E+01
5.34790039E+07,-9.67254E+01
5.34820557E+07,-1.09125E+02
5.34851074E+07,-9.72854E+01
5.34881592E+07,-9.68854E+01
5.34912109E+07,-1.01905E+02
5.34942627E+07,-9.25254E+01
5.34973145E+07,-9.40854E+01
5.35003662E+07,-9.59854E+01
5.35034180E+07,-9.79054E+01
5.35064697E+07,-1.08525E+02
5.35095215E+07,-1.03065E+02
5.35125732E+07,-9.66054E+01
5.35156250E+07,-9.60254E+01
5.35186768E+07,-1.01825E+02
5.35217285E+07,-9.90054E+01
5.35247803E+07,-9.80254E+01
5.35278320E+07,-1.04825E+02
5.35308838E+07,-9.69854E+01
5.35339355E+07,-9.01854E+01
5.35369873E+07,-9.07654E+01
5.35400391E+07,-9.64854E+01
5.35430908E+07,-9.91254E+01
5.35461426E+07,-9.75654E+01
5.35491943E+07,-1.10625E+02
5.35522461E+07,-1.00665E+02
5.35552979E+07,-1.01505E+02
5.35583496E+07,-9.71854E+01
5.35614014E+07,-9.68054E+01
5.35644531E+07,-1.00505E+02
5.35675049E+07,-9.53054E+01
5.35705566E+07,-9.61654E+01
5.35736084E+07,-9.86454E+01
5.35766602E+07,-9.40054E+01
5.35797119E+07,-1.01525E+02
5.35827637E+07,-9.77854E+01
5.35858154E+07,-9.83854E+01
5.35888672E+07,-9.97854E+01
5.35919189E+07,-9.98654E+01
5.35949707E+07,-1.05505E+02
5.35980225E+07,-1.10205E+02
5.36010742E+07,-1.02625E+02
5.36041260E+07,-1.05225E+02
5.36071777E+07,-1.11325E+02
5.36102295E+07,-1.05005E+02
5.36132812E+07,-1.01145E+02
5.36163330E+07,-1.05945E+02
5.36193848E+07,-1.03925E+02
5.36224365E+07,-9.69054E+01
5.36254883E+07,-1.03545E+02
5.36285400E+07,-1.17505E+02
5.36315918E+07,-9.98854E+01
5.36346436E+07,-1.01825E+02
5.36376953E+07,-9.54254E+01
5.36407471E+07,-9.65454E+01
5.36437988E+07,-1.20165E+02
5.36468506E+07,-9.67454E+01
5.36499023E+07,-9.43854E+01
5.36529541E+07,-9.39654E+01
5.36560059E+07,-9.25254E+01
5.36590576E+07,-9.31654E+01
5.36621094E+07,-9.35054E+01
5.36651611E+07,-9.81654E+01
5.36682129E+07,-1.07965E+02
5.36712646E+07,-1.03625E+02
5.36743164E+07,-1.01945E+02
5.36773682E+07,-1.29105E+02
5.36804199E+07,-1.14465E+02
5.36834717E+07,-1.06445E+02
5.36865234E+07,-1.09805E+02
5.36895752E+07,-9.86454E+01
5.36926270E+07,-9.64854E+01
5.36956787E+07,-9.54054E+01
5.36987305E+07,-1.05525E+02
5.37017822E+07,-1.06985E+02
5.37048340E+07,-1.00205E+02
5.37078857E+07,-9.51654E+01
5.37109375E+07,-1.01645E+02
5.37139893E+07,-9.38454E+01
5.37170410E+07,-9.16254E+01
5.37200928E+07,-9.17654E+01
5.37231445E+07,-9.62854E+01
5.37261963E+07,-9.84854E+01
5.37292480E+07,-9.83054E+01
5.37322998E+07,-1.03505E+02
5.37353516E+07,-9.75254E+01
5.37384033E+07,-1.01645E+02
5.37414551E+07,-9.51054E+01
5.37445068E+07,-1.02965E+02
5.37475586E+07,-9.47454E+01
5.37506104E+07,-9.26454E+01
5.37536621E+07,-1.01245E+02
5.37567139E+07,-9.90854E+01
5.37597656E+07,-1.02985E+02
5.37628174E+07,-1.00945E+02
5.37658691E+07,-1.00185E+02
5.37689209E+07,-1.00085E+02
5.37719727E+07,-9.92054E+01
5.37750244E+07,-9.34054E+01
5.37780762E+07,-9.44854E+01
5.37811279E+07,-9.68254E+01
5.37841797E+07,-1.01145E+02
5.37872314E+07,-1.02145E+02
5.37902832E+07,-9.56254E+01
5.37933350E+07,-9.34054E+01
5.37963867E+07,-9.19054E+01
5.37994385E+07,-9.41854E+01
5.38024902E+07,-9.63854E+01
5.38055420E+07,-9.40054E+01
5.38085938E+07,-9.34654E+01
5.38116455E+07,-1.12285E+02
5.38146973E+07,-1.02425E+02
5.38177490E+07,-9.81054E+01
5.38208008E+07,-9.44254E+01
5.38238525E+07,-9.41454E+01
5.38269043E+07,-9.89054E+01
5.38299561E+07,-9.87654E+01
5.38330078E+07,-1.03765E+02
5.38360596E+07,-1.03085E+02
5.38391113E+07,-1.10125E+02
5.38421631E+07,-9.18254E+01
5.38452148E+07,-9.45254E+01
5.38482666E+07,-9.97654E+01
5.38513184E+07,-9.68254E+01
5.38543701E+07,-9.70054E+01
5.38574219E+07,-9.63054E+01
5.38604736E+07,-1.02125E+02
5.38635254E+07,-9.60454E+01
5.38665771E+07,-9.44054E+01
5.38696289E+07,-1.02225E+02
5.38726807E+07,-1.06845E+02
5.38757324E+07,-1.02745E+02
5.38787842E+07,-1.02765E+02
5.38818359E+07,-1.00665E+02
5.38848877E+07,-1.03585E+02
5.38879395E+07,-1.02865E+02
5.38909912E+07,-1.04505E+02
5.38940430E+07,-9.73654E+01
5.38970947E+07,-9.77254E+01
5.39001465E+07,-1.07505E+02
5.39031982E+07,-1.02045E+02
5.39062500E+07,-1.00265E+02
5.39093018E+07,-9.71654E+01
5.39123535E+07,-1.02505E+02
5.39154053E+07,-1.09385E+02
5.39184570E+07,-1.09345E+02
5.39215088E+07,-9.54454E+01
5.39245605E+07,-9.63454E+01
5.39276123E+07,-1.03085E+02
5.39306641E+07,-1.07665E+02
5.39337158E+07,-1.04385E+02
5.39367676E+07,-1.00585E+02
5.39398193E+07,-9.82254E+01
5.39428711E+07,-9.85454E+01
5.39459229E+07,-1.00785E+02
5.39489746E+07,-1.01005E+02
5.39520264E+07,-9.47254E+01
5.39550781E+07,-9.45254E+01
5.39581299E+07,-1.02965E+02
5.39611816E+07,-1.05565E+02
5.39642334E+07,-9.69454E+01
5.39672852E+07,-9.53454E+01
5.39703369E+07,-1.08305E+02
5.39733887E+07,-9.73454E+01
5.39764404E+07,-9.71254E+01
5.39794922E+07,-1.00785E+02
5.39825439E+07,-9.52854E+01
5.39855957E+07,-1.04645E+02
5.39886475E+07,-1.01645E+02
5.39916992E+07,-1.11125E+02
5.39947510E+07,-9.66254E+01
5.39978027E+07,-9.80254E+01
5.40008545E+07,-9.55854E+01
5.40039062E+07,-9.98854E+01
5.40069580E+07,-1.15365E+02
5.40100098E+07,-1.09245E+02
5.40130615E+07,-9.64454E+01
5.40161133E+07,-9.72054E+01
5.40191650E+07,-1.05485E+02
5.40222168E+07,-1.00485E+02
5.40252686E+07,-1.03065E+02
5.40283203E+07,-9.96854E+01
5.40313721E+07,-9.50254E+01
5.40344238E+07,-9.94654E+01
5.40374756E+07,-9.78654E+01
5.40405273E+07,-9.45654E+01
5.40435791E+07,-1.04665E+02
5.40466309E+07,-1.05025E+02
5.40496826E+07,-1.13765E+02
5.40527344E+07,-1.05985E+02
5.40557861E+07,-9.77254E+01
5.40588379E+07,-9.70054E+01
5.40618896E+07,-9.75454E+01
5.40649414E+07,-9.86054E+01
5.40679932E+07,-9.93254E+01
5.40710449E+07,-9.64654E+01
5.40740967E+07,-9.48854E+01
5.40771484E+07,-9.83454E+01
5.40802002E+07,-1.08305E+02
5.40832520E+07,-1.06105E+02
5.40863037E+07,-1.02245E+02
5.40893555E+07,-1.03505E+02
5.40924072E+07,-1.08985E+02
5.40954590E+07,-1.11865E+02
5.40985107E+07,-1.10385E+02
5.41015625E+07,-1.03025E+02
5.41046143E+07,-9.98654E+01
5.41076660E+07,-9.85454E+01
5.41107178E+07,-9.64054E+01
5.41137695E+07,-1.01885E+02
5.41168213E+07,-1.03265E+02
5.41198730E+07,-9.79454E+01
5.41229248E+07,-1.00905E+02
5.41259766E+07,-1.00485E+02
5.41290283E+07,-1.02065E+02
5.41320801E+07,-1.01885E+02
5.41351318E+07,-9.53654E+01
5.41381836E+07,-9.72854E+01
5.41412354E+07,-1.08185E+02
5.41442871E+07,-1.01145E+02
5.41473389E+07,-1.12125E+02
5.41503906E+07,-1.13445E+02
5.41534424E+07,-1.02765E+02
5.41564941E+07,-9.79254E+01
5.41595459E+07,-9.42654E+01
5.41625977E+07,-9.54254E+01
5.41656494E+07,-1.03765E+02
5.41687012E+07,-1.03225E+02
5.41717529E+07,-9.69054E+01
5.41748047E+07,-9.41454E+01
5.41778564E+07,-9.29654E+01
5.41809082E+07,-9.68254E+01
5.41839600E+07,-9.18254E+01
5.41870117E+07,-9.18854E+01
5.41900635E+07,-9.92854E+01
5.41931152E+07,-1.01105E+02
5.41961670E+07,-1.01105E+02
5.41992188E+07,-1.02805E+02
5.42022705E+07,-1.09065E+02
5.42053223E+07,-1.12285E+02
5.42083740E+07,-1.02805E+02
5.42114258E+07,-9.71454E+01
5.42144775E+07,-9.84054E+01
5.42175293E+07,-1.01565E+02
5.42205811E+07,-9.64854E+01
5.42236328E+07,-9.38454E+01
5.42266846E+07,-1.00245E+02
5.42297363E+07,-1.13705E+02
5.42327881E+07,-1.05005E+02
5.42358398E+07,-9.90854E+01
5.42388916E+07,-1.02765E+02
5.42419434E+07,-1.09465E+02
5.42449951E+07,-9.95254E+01
5.42480469E+07,-9.48054E+01
5.42510986E+07,-9.90054E+01
5.42541504E+07,-1.03625E+02
5.42572021E+07,-1.02285E+02
5.42602539E+07,-1.11305E+02
5.42633057E+07,-1.06485E+02
5.42663574E+07,-9.83454E+01
5.42694092E+07,-9.46454E+01
5.42724609E+07,-9.80454E+01
5.42755127E+07,-9.99254E+01
5.42785645E+07,-1.06405E+02
5.42816162E+07,-1.11305E+02
5.42846680E+07,-9.43454E+01
5.42877197E+07,-9.52454E+01
5.42907715E+07,-9.52854E+01
5.42938232E+07,-9.45654E+01
5.42968750E+07,-9.43054E+01
5.42999268E+07,-9.38054E+01
5.43029785E+07,-9.96054E+01
5.43060303E+07,-1.03885E+02
5.43090820E+07,-9.90454E+01
5.43121338E+07,-1.12745E+02
5.43151855E+07,-1.03705E+02
5.43182373E+07,-1.21345E+02
5.43212891E+07,-9.74654E+01
5.43243408E+07,-9.31254E+01
5.43273926E+07,-9.66854E+01
5.43304443E+07,-9.90454E+01
5.43334961E+07,-1.01485E+02
5.43365479E+07,-1.06305E+02
5.43395996E+07,-1.06765E+02
5.43426514E+07,-9.33054E+01
5.43457031E+07,-9.40454E+01
5.43487549E+07,-9.69254E+01
5.43518066E+07,-1.00625E+02
5.43548584E+07,-1.02745E+02
5.43579102E+07,-1.00565E+02
5.43609619E+07,-9.83654E+01
5.43640137E+07,-9.73054E+01
5.43670654E+07,-9.54454E+01
5.43701172E+07,-1.00645E+02
5.43731689E+07,-9.97454E+01
5.43762207E+07,-1.02445E+02
5.43792725E+07,-1.06945E+02
5.43823242E+07,-1.03665E+02
5.43853760E+07,-1.03805E+02
5.43884277E+07,-1.05625E+02
5.43914795E+07,-1.05045E+02
5.43945312E+07,-1.04425E+02
5.43975830E+07,-1.15465E+02
5.44006348E+07,-1.04265E+02
5.44036865E+07,-1.04845E+02
5.44067383E+07,-1.03665E+02
5.44097900E+07,-9.90854E+01
5.44128418E+07,-1.10945E+02
5.44158936E+07,-9.40054E+01
5.44189453E+07,-9.68054E+01
5.44219971E+07,-9.81854E+01
5.44250488E+07,-9.71854E+01
5.44281006E+07,-1.04005E+02
5.44311523E+07,-9.90654E+01
5.44342041E+07,-9.56254E+01
5.44372559E+07,-9.33054E+01
5.44403076E+07,-9.50854E+01
5.44433594E+07,-1.00365E+02
5.44464111E+07,-1.04745E+02
5.44494629E+07,-1.03705E+02
5.44525146E+07,-9.55454E+01
5.44555664E+07,-9.52854E+01
5.44586182E+07,-1.02745E+02
5.44616699E+07,-9.35454E+01
5.44647217E+07,-9.45054E+01
5.44677734E+07,-9.96854E+01
5.44708252E+07,-9.76854E+01
5.44738770E+07,-9.68054E+01
5.44769287E+07,-9.81054E+01
5.44799805E+07,-1.02765E+02
5.44830322E+07,-9.49854E+01
5.44860840E+07,-9.19854E+01
5.44891357E+07,-9.71454E+01
5.44921875E+07,-9.99454E+01
5.44952393E+07,-1.11125E+02
5.44982910E+07,-1.09045E+02
5.45013428E+07,-1.09665E+02
5.45043945E+07,-9.60254E+01
5.45074463E+07,-9.59454E+01
5.45104980E+07,-1.01625E+02
5.45135498E+07,-9.78654E+01
5.45166016E+07,-9.44254E+01
5.45196533E+07,-1.18885E+02
5.45227051E+07,-1.01705E+02
5.45257568E+07,-1.03185E+02
5.45288086E+07,-1.04225E+02
5.45318604E+07,-1.04045E+02
5.45349121E+07,-1.14085E+02
5.45379639E+07,-9.91254E+01
5.45410156E+07,-1.01305E+02
5.45440674E+07,-1.18465E+02
5.45471191E+07,-1.01565E+02
5.45501709E+07,-1.01065E+02
5.45532227E+07,-1.03445E+02
5.45562744E+07,-9.93854E+01
5.45593262E+07,-9.81854E+01
5.45623779E+07,-1.00505E+02
5.45654297E+07,-1.07945E+02
5.45684814E+07,-1.29425E+02
5.45715332E+07,-1.02565E+02
5.45745850E+07,-9.88254E+01
5.45776367E+07,-1.03125E+02
5.45806885E+07,-1.00965E+02
5.45837402E+07,-9.53854E+01
5.45867920E+07,-9.88654E+01
5.45898438E+07,-9.77654E+01
5.45928955E+07,-1.08265E+02
5.45959473E+07,-1.00345E+02
5.45989990E+07,-1.12705E+02
5.46020508E+07,-9.53254E+01
5.46051025E+07,-9.31854E+01
5.46081543E+07,-9.47654E+01
5.46112061E+07,-9.96054E+01
5.46142578E+07,-1.15145E+02
5.46173096E+07,-1.00545E+02
5.46203613E+07,-9.72054E+01
5.46234131E+07,-9.75254E+01
5.46264648E+07,-9.71654E+01
5.46295166E+07,-1.09885E+02
5.46325684E+07,-9.41854E+01
5.46356201E+07,-9.42654E+01
5.46386719E+07,-9.40454E+01
5.46417236E+07,-9.53054E+01
5.46447754E+07,-1.07505E+02
5.46478271E+07,-9.55654E+01
5.46508789E+07,-1.07405E+02
5.46539307E+07,-9.90854E+01
5.46569824E+07,-1.01225E+02
5.46600342E+07,-1.12285E+02
5.46630859E+07,-1.14645E+02
5.46661377E+07,-1.20045E+02
5.46691895E+07,-1.01145E+02
5.46722412E+07,-9.87654E+01
5.46752930E+07,-1.03705E+02
5.46783447E+07,-9.58054E+01
5.46813965E+07,-9.59454E+01
5.46844482E+07,-1.00245E+02
5.46875000E+07,-1.03225E+02
5.46905518E+07,-9.90054E+01
5.46936035E+07,-9.89854E+01
5.46966553E+07,-1.09485E+02
5.46997070E+07,-1.01005E+02
5.47027588E+07,-1.03305E+02
5.47058105E+07,-9.42654E+01
5.47088623E+07,-9.20654E+01
5.47119141E+07,-9.61454E+01
5.47149658E+07,-1.01045E+02
5.47180176E+07,-9.77454E+01
5.47210693E+07,-9.99854E+01
5.47241211E+07,-1.11385E+02
5.47271729E+07,-9.69454E+01
5.47302246E+07,-9.46054E+01
5.47332764E+07,-9.83254E+01
5.47363281E+07,-9.62454E+01
5.47393799E+07,-1.03705E+02
5.47424316E+07,-9.87654E+01
5.47454834E+07,-1.05245E+02
5.47485352E+07,-1.01965E+02
5.47515869E+07,-1.00365E+02
5.47546387E+07,-9.20854E+01
5.47576904E+07,-9.04054E+01
5.47607422E+07,-9.87054E+01
5.47637939E+07,-1.01065E+02
5.47668457E+07,-9.79854E+01
5.47698975E+07,-9.78454E+01
5.47729492E+07,-9.39254E+01
5.47760010E+07,-9.68854E+01
5.47790527E+07,-1.12385E+02
5.47821045E+07,-9.92454E+01
5.47851562E+07,-9.74054E+01
5.47882080E+07,-1.03065E+02
5.47912598E+07,-1.00985E+02
5.47943115E+07,-1.24965E+02
5.47973633E+07,-1.05145E+02
5.48004150E+07,-1.00225E+02
5.48034668E+07,-1.03365E+02
5.48065186E+07,-1.00745E+02
5.48095703E+07,-1.01885E+02
5.48126221E+07,-9.85854E+01
5.48156738E+07,-1.03305E+02
5.48187256E+07,-1.01665E+02
5.48217773E+07,-9.68654E+01
5.48248291E+07,-9.44454E+01
5.48278809E+07,-9.68654E+01
5.48309326E+07,-9.82054E+01
5.48339844E+07,-9.71654E+01
5.48370361E+07,-9.86854E+01
5.48400879E+07,-9.90854E+01
5.48431396E+07,-9.52854E+01
5.48461914E+07,-1.03125E+02
5.48492432E+07,-9.90454E+01
5.48522949E+07,-9.97454E+01
5.48553467E+07,-1.04665E+02
5.48583984E+07,-9.54654E+01
5.48614502E+07,-1.06685E+02
5.48645020E+07,-1.00205E+02
5.48675537E+07,-1.03885E+02
5.48706055E+07,-1.05765E+02
5.48736572E+07,-1.08865E+02
5.48767090E+07,-9.66854E+01
5.48797607E+07,-9.40054E+01
5.48828125E+07,-1.00125E+02
5.48858643E+07,-1.09045E+02
5.48889160E+07,-1.01025E+02
5.48919678E+07,-9.92254E+01
5.48950195E+07,-1.00305E+02
5.48980713E+07,-1.04645E+02
5.49011230E+07,-1.04665E+02
5.49041748E+07,-1.00245E+02
5.49072266E+07,-1.03265E+02
5.49102783E+07,-1.11205E+02
5.49133301E+07,-9.91854E+01
5.49163818E+07,-9.41854E+01
5.49194336E+07,-9.49654E+01
5.49224854E+07,-1.06805E+02
5.49255371E+07,-9.94454E+01
5.49285889E+07,-1.03165E+02
5.49316406E+07,-1.05025E+02
5.49346924E+07,-9.98054E+01
5.49377441E+07,-1.00385E+02
5.49407959E+07,-1.06525E+02
5.49438477E+07,-1.02125E+02
5.49468994E+07,-1.03765E+02
5.49499512E+07,-9.79254E+01
5.49530029E+07,-9.61854E+01
5.49560547E+07,-9.99254E+01
5.49591064E+07,-1.03925E+02
5.49621582E+07,-1.09945E+02
5.49652100E+07,-9.85054E+01
5.49682617E+07,-9.66454E+01
5.49713135E+07,-1.08405E+02
5.49743652E+07,-9.48254E+01
5.49774170E+07,-9.57854E+01
5.49804688E+07,-1.01405E+02
5.49835205E+07,-1.02325E+02
5.49865723E+07,-1.02685E+02
5.49896240E+07,-1.04465E+02
5.49926758E+07,-1.02125E+02
5.49957275E+07,-1.06765E+02
5.49987793E+07,-1.02965E+02
5.50018311E+07,-1.06665E+02
5.50048828E+07,-9.71654E+01
5.50079346E+07,-9.60854E+01
5.50109863E+07,-9.95054E+01
5.50140381E+07,-9.94854E+01
5.50170898E+07,-1.03545E+02
5.50201416E+07,-1.02805E+02
5.50231934E+07,-9.92054E+01
5.50262451E+07,-9.65054E+01
5.50292969E+07,-1.03625E+02
5.50323486E+07,-9.91654E+01
5.50354004E+07,-9.97454E+01
5.50384521E+07,-1.00745E+02
5.50415039E+07,-1.01485E+02
5.50445557E+07,-1.05505E+02
5.50476074E+07,-1.16005E+02
5.50506592E+07,-1.03585E+02
5.50537109E+07,-9.57454E+01
5.50567627E+07,-9.25054E+01
5.50598145E+07,-9.65054E+01
5.50628662E+07,-1.04925E+02
5.50659180E+07,-9.83254E+01
5.50689697E+07,-9.90454E+01
5.50720215E+07,-1.15125E+02
5.50750732E+07,-1.01885E+02
5.50781250E+07,-9.80054E+01
5.50811768E+07,-9.52054E+01
5.50842285E+07,-9.34054E+01
5.50872803E+07,-9.19454E+01
5.50903320E+07,-9.32254E+01
5.50933838E+07,-9.68854E+01
5.50964355E+07,-9.90654E+01
5.50994873E+07,-1.00605E+02
5.51025391E+07,-9.70654E+01
5.51055908E+07,-1.00185E+02
5.51086426E+07,-1.31145E+02
5.51116943E+07,-1.10405E+02
5.51147461E+07,-1.08065E+02
5.51177979E+07,-1.10545E+02
5.51208496E+07,-1.00425E+02
5.51239014E+07,-9.40854E+01
5.51269531E+07,-9.28254E+01
5.51300049E+07,-9.63654E+01
5.51330566E+07,-9.69454E+01
5.51361084E+07,-1.03085E+02
5.51391602E+07,-1.05465E+02
5.51422119E+07,-1.06605E+02
5.51452637E+07,-1.03305E+02
5.51483154E+07,-1.00525E+02
5.51513672E+07,-1.00985E+02
5.51544189E+07,-1.01665E+02
5.51574707E+07,-9.84854E+01
5.51605225E+07,-9.51254E+01
5.51635742E+07,-9.66254E+01
5.51666260E+07,-9.71854E+01
5.51696777E+07,-9.86254E+01
5.51727295E+07,-9.80254E+01
5.51757812E+07,-9.48854E+01
5.51788330E+07,-9.57254E+01
5.51818848E+07,-9.75054E+01
5.51849365E+07,-9.81854E+01
5.51879883E+07,-9.60854E+01
5.51910400E+07,-9.35054E+01
5.51940918E+07,-9.42854E+01
5.51971436E+07,-9.56054E+01
5.52001953E+07,-9.20854E+01
5.52032471E+07,-9.44254E+01
5.52062988E+07,-9.64854E+01
5.52093506E+07,-1.00645E+02
5.52124023E+07,-9.76854E+01
5.52154541E+07,-9.94854E+01
5.52185059E+07,-9.74654E+01
5.52215576E+07,-9.55254E+01
5.52246094E+07,-9.82254E+01
5.52276611E+07,-1.00525E+02
5.52307129E+07,-1.02085E+02
5.52337646E+07,-1.00985E+02
5.52368164E+07,-9.86854E+01
5.52398682E+07,-9.25854E+01
5.52429199E+07,-9.64254E+01
5.52459717E+07,-9.98654E+01
5.52490234E+07,-9.81854E+01
5.52520752E+07,-1.02045E+02
5.52551270E+07,-1.05105E+02
5.52581787E+07,-1.04705E+02
5.52612305E+07,-1.05645E+02
5.52642822E+07,-1.09225E+02
5.52673340E+07,-1.27285E+02
5.52703857E+07,-1.13065E+02
5.52734375E+07,-1.01365E+02
5.52764893E+07,-9.61854E+01
5.52795410E+07,-9.94654E+01
5.52825928E+07,-1.01245E+02
5.52856445E+07,-9.54654E+01
5.52886963E+07,-9.27454E+01
5.52917480E+07,-9.31854E+01
5.52947998E+07,-1.02705E+02
5.52978516E+07,-1.04005E+02
5.53009033E+07,-1.00545E+02
5.53039551E+07,-1.02805E+02
5.53070068E+07,-1.00205E+02
5.53100586E+07,-1.01885E+02
5.53131104E+07,-1.02305E+02
5.53161621E+07,-1.01405E+02
5.53192139E+07,-9.80654E+01
5.53222656E+07,-1.04765E+02
5.53253174E+07,-1.03265E+02
5.53283691E+07,-1.02305E+02
5.53314209E+07,-9.73654E+01
5.53344727E+07,-9.42854E+01
5.53375244E+07,-9.19854E+01
5.53405762E+07,-9.22454E+01
5.53436279E+07,-1.00965E+02
5.53466797E+07,-1.03965E+02
5.53497314E+07,-1.01905E+02
5.53527832E+07,-1.01585E+02
5.53558350E+07,-1.00645E+02
5.53588867E+07,-9.86854E+01
5.53619385E+07,-1.04425E+02
5.53649902E+07,-1.07325E+02
5.53680420E+07,-9.88454E+01
5.53710938E+07,-9.50254E+01
5.53741455E+07,-9.37254E+01
5.53771973E+07,-9.28254E+01
5.53802490E+07,-9.83854E+01
5.53833008E+07,-1.02045E+02
5.53863525E+07,-9.88654E+01
5.53894043E+07,-9.56254E+01
5.53924561E+07,-1.01185E+02
5.53955078E+07,-1.07885E+02
5.53985596E+07,-1.06005E+02
5.54016113E+07,-1.14405E+02
5.54046631E+07,-9.81454E+01
5.54077148E+07,-9.55654E+01
5.54107666E+07,-9.79254E+01
5.54138184E+07,-1.01945E+02
5.54168701E+07,-1.00105E+02
5.54199219E+07,-9.57654E+01
5.54229736E+07,-9.55254E+01
5.54260254E+07,-1.02385E+02
5.54290771E+07,-1.04045E+02
5.54321289E+07,-1.11705E+02
5.54351807E+07,-1.05445E+02
5.54382324E+07,-9.57254E+01
5.54412842E+07,-9.36254E+01
5.54443359E+07,-9.54654E+01
5.54473877E+07,-1.06065E+02
5.54504395E+07,-1.00905E+02
5.54534912E+07,-1.01405E+02
5.54565430E+07,-9.96654E+01
5.54595947E+07,-9.72654E+01
5.54626465E+07,-9.60254E+01
5.54656982E+07,-1.03705E+02
5.54687500E+07,-9.70654E+01
5.54718018E+07,-9.70654E+01
5.54748535E+07,-9.83454E+01
5.54779053E+07,-1.02485E+02
5.54809570E+07,-1.00845E+02
5.54840088E+07,-9.69254E+01
5.54870605E+07,-9.79654E+01
5.54901123E+07,-1.00925E+02
5.54931641E+07,-9.85654E+01
5.54962158E+07,-1.11825E+02
5.54992676E+07,-1.07925E+02
5.55023193E+07,-1.00565E+02
5.55053711E+07,-9.65654E+01
5.55084229E+07,-9.89654E+01
5.55114746E+07,-1.00445E+02
5.55145264E+07,-9.91854E+01
5.55175781E+07,-9.64054E+01
5.55206299E+07,-9.81254E+01
5.55236816E+07,-9.66454E+01
5.55267334E+07,-9.56254E+01
5.55297852E+07,-1.02365E+02
5.55328369E+07,-1.06305E+02
5.55358887E+07,-1.01245E+02
5.55389404E+07,-1.07125E+02
5.55419922E+07,-1.08805E+02
5.55450439E+07,-9.97054E+01
5.55480957E+07,-9.19654E+01
5.55511475E+07,-9.25654E+01
5.55541992E+07,-9.33054E+01
5.55572510E+07,-9.30654E+01
5.55603027E+07,-9.70254E+01
5.55633545E+07,-1.06285E+02
5.55664062E+07,-9.68454E+01
5.55694580E+07,-9.94854E+01
5.55725098E+07,-1.02805E+02
5.55755615E+07,-1.01245E+02
5.55786133E+07,-9.82054E+01
5.55816650E+07,-1.05905E+02
5.55847168E+07,-1.07865E+02
5.55877686E+07,-9.83654E+01
5.55908203E+07,-9.62254E+01
5.55938721E+07,-1.03445E+02
5.55969238E+07,-9.45854E+01
5.55999756E+07,-9.61054E+01
5.56030273E+07,-1.13965E+02
5.56060791E+07,-1.01945E+02
5.56091309E+07,-9.86254E+01
5.56121826E+07,-1.12625E+02
5.56152344E+07,-1.01185E+02
5.56182861E+07,-1.04745E+02
5.56213379E+07,-9.40854E+01
5.56243896E+07,-9.64454E+01
5.56274414E+07,-1.07425E+02
5.56304932E+07,-9.73054E+01
5.56335449E+07,-9.59454E+01
5.56365967E+07,-9.88254E+01
5.56396484E+07,-1.01805E+02
5.56427002E+07,-9.47654E+01
5.56457520E+07,-9.47054E+01
5.56488037E+07,-9.42254E+01
5.56518555E+07,-9.56854E+01
5.56549072E+07,-1.01345E+02
5.56579590E+07,-9.62854E+01
5.56610107E+07,-9.46054E+01
5.56640625E+07,-9.95454E+01
5.56671143E+07,-9.82054E+01
5.56701660E+07,-1.00445E+02
5.56732178E+07,-9.26854E+01
5.56762695E+07,-9.37654E+01
5.56793213E+07,-9.53054E+01
5.56823730E+07,-9.58254E+01
5.56854248E+07,-1.00765E+02
5.56884766E+07,-9.73654E+01
5.56915283E+07,-9.58654E+01
5.56945801E+07,-1.05165E+02
5.56976318E+07,-1.05545E+02
5.57006836E+07,-1.01545E+02
5.57037354E+07,-9.73454E+01
5.57067871E+07,-1.01405E+02
5.57098389E+07,-1.10145E+02
5.57128906E+07,-9.89454E+01
5.57159424E+07,-9.43654E+01
5.57189941E+07,-1.00945E+02
5.57220459E+07,-1.07065E+02
5.57250977E+07,-1.05385E+02
5.57281494E+07,-9.97854E+01
5.57312012E+07,-1.09405E+02
5.57342529E+07,-1.13925E+02
5.57373047E+07,-1.02625E+02
5.57403564E+07,-9.54454E+01
5.57434082E+07,-1.02705E+02
5.57464600E+07,-9.68654E+01
5.57495117E+07,-9.34054E+01
5.57525635E+07,-9.67654E+01
5.57556152E+07,-1.07445E+02
5.57586670E+07,-1.04845E+02
5.57617188E+07,-9.49254E+01
5.57647705E+07,-9.34454E+01
5.57678223E+07,-1.02225E+02
5.57708740E+07,-9.58854E+01
5.57739258E+07,-9.52054E+01
5.57769775E+07,-1.01645E+02
5.57800293E+07,-1.07685E+02
5.57830811E+07,-1.05185E+02
5.57861328E+07,-1.10165E+02
5.57891846E+07,-1.05665E+02
5.57922363E+07,-9.91854E+01
5.57952881E+07,-9.85254E+01
5.57983398E+07,-1.22685E+02
5.58013916E+07,-1.00685E+02
5.58044434E+07,-1.01065E+02
5.58074951E+07,-1.19545E+02
5.58105469E+07,-1.00745E+02
5.58135986E+07,-1.08845E+02
5.58166504E+07,-9.96654E+01
5.58197021E+07,-9.81254E+01
5.58227539E+07,-9.91254E+01
5.58258057E+07,-1.05825E+02
5.58288574E+07,-9.42654E+01
5.58319092E+07,-9.44054E+01
5.58349609E+07,-1.02585E+02
5.58380127E+07,-9.67054E+01
5.58410645E+07,-1.00565E+02
5.58441162E+07,-1.08405E+02
5.58471680E+07,-1.04145E+02
5.58502197E+07,-9.76854E+01
5.58532715E+07,-9.66254E+01
5.58563232E+07,-9.80454E+01
5.58593750E+07,-1.03505E+02
5.58624268E+07,-9.91254E+01
5.58654785E+07,-1.00005E+02
5.58685303E+07,-1.04965E+02
5.58715820E+07,-1.01585E+02
5.58746338E+07,-1.22065E+02
5.58776855E+07,-1.04005E+02
5.58807373E+07,-1.09825E+02
5.58837891E+07,-1.00225E+02
5.58868408E+07,-9.85454E+01
5.58898926E+07,-1.08545E+02
5.58929443E+07,-1.04045E+02
5.58959961E+07,-1.03765E+02
5.58990479E+07,-1.04445E+02
5.59020996E+07,-1.04225E+02
5.59051514E+07,-1.02625E+02
5.59082031E+07,-1.14185E+02
5.59112549E+07,-9.97854E+01
5.59143066E+07,-9.32654E+01
5.59173584E+07,-9.30854E+01
5.59204102E+07,-1.05305E+02
5.59234619E+07,-9.83054E+01
5.59265137E+07,-9.43454E+01
5.59295654E+07,-9.40854E+01
5.59326172E+07,-9.89254E+01
5.59356689E+07,-1.02505E+02
5.59387207E+07,-9.55454E+01
5.59417725E+07,-9.80854E+01
5.59448242E+07,-1.01285E+02
5.59478760E+07,-9.51654E+01
5.59509277E+07,-9.20854E+01
5.59539795E+07,-9.17054E+01
5.59570312E+07,-9.69254E+01
5.59600830E+07,-1.18405E+02
5.59631348E+07,-1.09205E+02
5.59661865E+07,-1.17065E+02
5.59692383E+07,-1.01105E+02
5.59722900E+07,-9.46454E+01
5.59753418E+07,-9.56054E+01
5.59783936E+07,-1.07845E+02
5.59814453E+07,-1.02985E+02
5.59844971E+07,-9.61054E+01
5.59875488E+07,-9.61454E+01
5.59906006E+07,-9.62654E+01
5.59936523E+07,-1.01645E+02
5.59967041E+07,-1.13465E+02
5.59997559E+07,-1.10025E+02
5.60028076E+07,-1.12805E+02
5.60058594E+07,-1.05465E+02
5.60089111E+07,-1.04805E+02
5.60119629E+07,-9.89054E+01
5.60150146E+07,-9.51454E+01
5.60180664E+07,-9.89454E+01
5.60211182E+07,-1.02205E+02
5.60241699E+07,-1.05065E+02
5.60272217E+07,-9.54854E+01
5.60302734E+07,-9.80454E+01
5.60333252E+07,-1.06585E+02
5.60363770E+07,-9.79054E+01
5.60394287E+07,-9.93254E+01
5.60424805E+07,-1.03185E+02
5.60455322E+07,-1.00445E+02
5.60485840E+07,-1.00085E+02
5.60516357E+07,-9.63654E+01
5.60546875E+07,-9.64054E+01
5.60577393E+07,-9.90454E+01
5.60607910E+07,-9.66454E+01
5.60638428E+07,-9.97254E+01
5.60668945E+07,-1.09225E+02
5.60699463E+07,-1.00965E+02
5.60729980E+07,-9.69054E+01
5.60760498E+07,-1.06105E+02
5.60791016E+07,-9.42654E+01
5.60821533E+07,-9.86054E+01
5.60852051E+07,-1.08325E+02
5.60882568E+07,-1.12305E+02
5.60913086E+07,-1.14005E+02
5.60943604E+07,-9.93454E+01
5.60974121E+07,-9.97854E+01
5.61004639E+07,-9.93854E+01
5.61035156E+07,-1.15305E+02
5.61065674E+07,-9.58654E+01
5.61096191E+07,-9.58454E+01
5.61126709E+07,-1.04785E+02
5.61157227E+07,-9.82654E+01
5.61187744E+07,-9.29054E+01
5.61218262E+07,-9.45454E+01
5.61248779E+07,-1.01425E+02
5.61279297E+07,-1.07185E+02
5.61309814E+07,-9.50254E+01
5.61340332E+07,-1.00585E+02
5.61370850E+07,-9.30254E+01
5.61401367E+07,-9.36254E+01
5.61431885E+07,-1.02925E+02
5.61462402E+07,-1.01525E+02
5.61492920E+07,-9.54854E+01
5.61523438E+07,-9.43654E+01
5.61553955E+07,-9.89454E+01
5.61584473E+07,-9.67654E+01
5.61614990E+07,-9.49454E+01
5.61645508E+07,-1.02565E+02
5.61676025E+07,-1.03885E+02
5.61706543E+07,-1.02385E+02
5.61737061E+07,-1.16585E+02
5.61767578E+07,-1.14265E+02
5.61798096E+07,-1.05445E+02
5.61828613E+07,-9.74254E+01
5.61859131E+07,-9.96254E+01
5.61889648E+07,-1.03885E+02
5.61920166E+07,-9.68254E+01
5.61950684E+07,-9.79654E+01
5.61981201E+07,-9.97254E+01
5.62011719E+07,-9.95854E+01
5.62042236E+07,-1.04665E+02
5.62072754E+07,-9.75054E+01
5.62103271E+07,-1.03405E+02
5.62133789E+07,-1.00785E+02
5.62164307E+07,-9.51254E+01
5.62194824E+07,-9.57454E+01
5.62225342E+07,-9.92854E+01
5.62255859E+07,-9.97454E+01
5.62286377E+07,-1.01945E+02
5.62316895E+07,-1.02425E+02
5.62347412E+07,-1.03925E+02
5.62377930E+07,-1.03545E+02
5.62408447E+07,-1.02225E+02
5.62438965E+07,-9.88054E+01
5.62469482E+07,-1.01905E+02
5.62500000E+07,-1.02085E+02
5.62530518E+07,-9.66454E+01
5.62561035E+07,-9.45854E+01
5.62591553E+07,-9.84854E+01
5.62622070E+07,-1.10545E+02
5.62652588E+07,-1.10065E+02
5.62683105E+07,-1.03545E+02
5.62713623E+07,-9.44454E+01
5.62744141E+07,-9.68054E+01
5.62774658E+07,-1.10145E+02
5.62805176E+07,-1.06285E+02
5.62835693E+07,-1.01105E+02
5.62866211E+07,-1.12645E+02
5.62896729E+07,-1.06345E+02
5.62927246E+07,-1.07845E+02
5.62957764E+07,-9.56054E+01
5.62988281E+07,-9.20054E+01
5.63018799E+07,-9.17454E+01
5.63049316E+07,-9.80854E+01
5.63079834E+07,-1.06905E+02
5.63110352E+07,-9.76054E+01
5.63140869E+07,-9.40854E+01
5.63171387E+07,-9.39254E+01
5.63201904E+07,-1.06545E+02
5.63232422E+07,-9.54654E+01
5.63262939E+07,-9.25654E+01
5.63293457E+07,-1.03765E+02
5.63323975E+07,-9.71454E+01
5.63354492E+07,-9.39654E+01
5.63385010E+07,-9.27454E+01
5.63415527E+07,-9.94254E+01
5.63446045E+07,-1.03765E+02
5.63476562E+07,-9.75454E+01
5.63507080E+07,-1.01905E+02
5.63537598E+07,-1.29665E+02
5.63568115E+07,-1.09645E+02
5.63598633E+07,-1.06965E+02
5.63629150E+07,-1.00445E+02
5.63659668E+07,-9.31254E+01
5.63690186E+07,-9.18254E+01
5.63720703E+07,-9.36254E+01
5.63751221E+07,-9.29854E+01
5.63781738E+07,-9.50054E+01
5.63812256E+07,-1.05725E+02
5.63842773E+07,-9.94854E+01
5.63873291E+07,-1.01165E+02
5.63903809E+07,-9.29854E+01
5.63934326E+07,-9.86254E+01
5.63964844E+07,-1.05085E+02
5.63995361E+07,-9.67854E+01
5.64025879E+07,-9.93854E+01
5.64056396E+07,-1.02285E+02
5.64086914E+07,-1.09785E+02
5.64117432E+07,-1.10025E+02
5.64147949E+07,-1.02685E+02
5.64178467E+07,-1.04365E+02
5.64208984E+07,-1.01445E+02
5.64239502E+07,-1.08385E+02
5.64270020E+07,-9.90854E+01
5.64300537E+07,-9.99054E+01
5.64331055E+07,-1.07385E+02
5.64361572E+07,-9.65854E+01
5.64392090E+07,-9.73454E+01
5.64422607E+07,-1.07445E+02
5.64453125E+07,-9.71654E+01
5.64483643E+07,-9.66254E+01
5.64514160E+07,-1.02125E+02
5.64544678E+07,-1.00325E+02
5.64575195E+07,-1.02925E+02
5.64605713E+07,-1.12825E+02
5.64636230E+07,-1.04085E+02
5.64666748E+07,-1.13225E+02
5.64697266E+07,-1.04285E+02
5.64727783E+07,-1.03705E+02
5.64758301E+07,-1.02925E+02
5.64788818E+07,-1.01945E+02
5.64819336E+07,-1.07725E+02
5.64849854E+07,-9.91254E+01
5.64880371E+07,-9.74854E+01
5.64910889E+07,-9.53254E+01
5.64941406E+07,-9.40854E+01
5.64971924E+07,-9.74854E+01
5.65002441E+07,-1.04985E+02
5.65032959E+07,-1.06225E+02
5.65063477E+07,-1.09665E+02
5.65093994E+07,-1.06585E+02
5.65124512E+07,-9.62054E+01
5.65155029E+07,-9.60854E+01
5.65185547E+07,-1.01565E+02
5.65216064E+07,-1.02645E+02
5.65246582E+07,-9.83054E+01
5.65277100E+07,-1.00265E+02
5.65307617E+07,-9.70654E+01
5.65338135E+07,-9.40454E+01
5.65368652E+07,-1.08145E+02
5.65399170E+07,-1.02325E+02
5.65429688E+07,-1.02685E+02
5.65460205E+07,-9.72054E+01
5.65490723E+07,-1.10405E+02
5.65521240E+07,-1.00485E+02
5.65551758E+07,-9.89854E+01
5.65582275E+07,-1.01885E+02
5.65612793E+07,-1.02985E+02
5.65643311E+07,-1.17945E+02
5.65673828E+07,-1.40285E+02
5.65704346E+07,-1.10125E+02
5.65734863E+07,-1.04365E+02
5.65765381E+07,-1.00985E+02
5.65795898E+07,-1.11025E+02
5.65826416E+07,-9.29254E+01
5.65856934E+07,-9.14454E+01
5.65887451E+07,-9.45054E+01
5.65917969E+07,-9.90054E+01
5.65948486E+07,-1.03885E+02
5.65979004E+07,-9.42854E+01
5.66009521E+07,-9.25254E+01
5.66040039E+07,-9.45654E+01
5.66070557E+07,-1.08745E+02
5.66101074E+07,-1.04005E+02
5.66131592E+07,-1.00665E+02
5.66162109E+07,-9.76654E+01
5.66192627E+07,-1.18505E+02
5.66223145E+07,-9.93254E+01
5.66253662E+07,-1.00405E+02
5.66284180E+07,-1.12865E+02
5.66314697E+07,-9.83454E+01
5.66345215E+07,-9.61654E+01
5.66375732E+07,-1.00705E+02
5.66406250E+07,-9.75854E+01
5.66436768E+07,-1.04585E+02
5.66467285E+07,-1.00805E+02
5.66497803E+07,-9.98454E+01
5.66528320E+07,-9.83254E+01
5.66558838E+07,-1.04745E+02
5.66589355E+07,-1.01645E+02
5.66619873E+07,-9.28254E+01
5.66650391E+07,-9.05454E+01
5.66680908E+07,-9.50654E+01
5.66711426E+07,-9.97854E+01
5.66741943E+07,-1.01785E+02
5.66772461E+07,-1.08305E+02
5.66802979E+07,-1.00845E+02
5.66833496E+07,-1.00365E+02
5.66864014E+07,-1.00745E+02
5.66894531E+07,-1.00005E+02
5.66925049E+07,-1.00745E+02
5.66955566E+07,-1.00705E+02
5.66986084E+07,-9.63854E+01
5.67016602E+07,-9.56854E+01
5.67047119E+07,-1.02925E+02
5.67077637E+07,-9.97254E+01
5.67108154E+07,-9.50654E+01
5.67138672E+07,-9.89054E+01
5.67169189E+07,-1.03085E+02
5.67199707E+07,-9.46254E+01
5.67230225E+07,-9.66454E+01
5.67260742E+07,-1.15305E+02
5.67291260E+07,-1.02045E+02
5.67321777E+07,-9.95454E+01
5.67352295E+07,-9.60854E+01
5.67382812E+07,-9.49254E+01
5.67413330E+07,-1.02125E+02
5.67443848E+07,-1.01625E+02
5.67474365E+07,-9.72454E+01
5.67504883E+07,-9.98054E+01
5.67535400E+07,-1.02965E+02
5.67565918E+07,-1.01285E+02
5.67596436E+07,-9.68054E+01
5.67626953E+07,-9.69454E+01
5.67657471E+07,-1.07785E+02
5.67687988E+07,-1.04185E+02
5.67718506E+07,-1.07405E+02
5.67749023E+07,-1.04825E+02
5.67779541E+07,-1.08705E+02
5.67810059E+07,-1.05945E+02
5.67840576E+07,-1.01445E+02
5.67871094E+07,-9.69054E+01
5.67901611E+07,-9.38454E+01
5.67932129E+07,-9.37654E+01
5.67962646E+07,-1.06525E+02
5.67993164E+07,-9.67654E+01
5.68023682E+07,-1.13125E+02
5.68054199E+07,-9.97454E+01
5.68084717E+07,-9.76654E+01
5.68115234E+07,-9.27054E+01
5.68145752E+07,-9.39254E+01
5.68176270E+07,-9.34454E+01
5.68206787E+07,-9.82254E+01
5.68237305E+07,-9.86054E+01
5.68267822E+07,-9.75654E+01
5.68298340E+07,-1.00805E+02
5.68328857E+07,-1.02225E+02
5.68359375E+07,-1.06745E+02
5.68389893E+07,-9.70654E+01
5.68420410E+07,-9.51254E+01
5.68450928E+07,-9.98654E+01
5.68481445E+07,-1.01185E+02
5.68511963E+07,-1.12325E+02
5.68542480E+07,-9.77254E+01
5.68572998E+07,-9.59654E+01
5.68603516E+07,-9.93854E+01
5.68634033E+07,-9.70654E+01
5.68664551E+07,-9.23654E+01
5.68695068E+07,-9.52254E+01
5.68725586E+07,-1.01645E+02
5.68756104E+07,-9.68454E+01
5.68786621E+07,-9.14254E+01
5.68817139E+07,-9.31254E+01
5.68847656E+07,-9.87054E+01
5.68878174E+07,-9.99654E+01
5.68908691E+07,-9.51454E+01
5.68939209E+07,-1.01805E+02
5.68969727E+07,-1.10305E+02
5.69000244E+07,-1.02365E+02
5.69030762E+07,-9.99054E+01
5.69061279E+07,-1.02565E+02
5.69091797E+07,-1.05045E+02
5.69122314E+07,-9.89054E+01
5.69152832E+07,-9.69254E+01
5.69183350E+07,-1.04625E+02
5.69213867E+07,-1.04045E+02
5.69244385E+07,-9.92254E+01
5.69274902E+07,-1.04725E+02
5.69305420E+07,-9.80854E+01
5.69335938E+07,-9.72654E+01
5.69366455E+07,-1.13925E+02
5.69396973E+07,-1.00645E+02
5.69427490E+07,-9.57854E+01
5.69458008E+07,-9.11654E+01
5.69488525E+07,-9.55654E+01
5.69519043E+07,-9.88654E+01
5.69549561E+07,-9.80854E+01
5.69580078E+07,-1.19345E+02
5.69610596E+07,-1.13165E+02
5.69641113E+07,-1.17365E+02
5.69671631E+07,-1.05885E+02
5.69702148E+07,-1.07705E+02
5.69732666E+07,-1.07925E+02
5.69763184E+07,-1.04325E+02
5.69793701E+07,-9.54454E+01
5.69824219E+07,-9.50654E+01
5.69854736E+07,-1.06165E+02
5.69885254E+07,-1.08345E+02
5.69915771E+07,-1.00865E+02
5.69946289E+07,-1.16125E+02
5.69976807E+07,-1.02805E+02
5.70007324E+07,-1.04405E+02
5.70037842E+07,-9.88454E+01
5.70068359E+07,-9.62054E+01
5.70098877E+07,-1.04625E+02
5.70129395E+07,-9.85254E+01
5.70159912E+07,-9.37254E+01
5.70190430E+07,-9.53854E+01
5.70220947E+07,-1.17445E+02
5.70251465E+07,-9.96654E+01
5.70281982E+07,-1.02625E+02
5.70312500E+07,-9.63254E+01
5.70343018E+07,-9.56454E+01
5.70373535E+07,-9.72854E+01
5.70404053E+07,-9.85854E+01
5.70434570E+07,-1.02505E+02
5.70465088E+07,-9.49654E+01
5.70495605E+07,-9.61854E+01
5.70526123E+07,-1.01365E+02
5.70556641E+07,-1.05645E+02
5.70587158E+07,-1.00705E+02
5.70617676E+07,-1.01525E+02
5.70648193E+07,-9.91254E+01
5.70678711E+07,-1.05125E+02
5.70709229E+07,-1.07145E+02
5.70739746E+07,-1.02045E+02
5.70770264E+07,-1.01505E+02
5.70800781E+07,-1.04005E+02
5.70831299E+07,-9.86454E+01
5.70861816E+07,-1.02965E+02
5.70892334E+07,-1.00585E+02
5.70922852E+07,-9.19854E+01
5.70953369E+07,-9.36254E+01
5.70983887E+07,-8.90854E+01
5.71014404E+07,-8.96254E+01
5.71044922E+07,-9.40854E+01
5.71075439E+07,-1.01445E+02
5.71105957E+07,-1.02145E+02
5.71136475E+07,-9.83854E+01
5.71166992E+07,-9.22454E+01
5.71197510E+07,-9.73254E+01
5.71228027E+07,-9.94254E+01
5.71258545E+07,-9.46454E+01
5.71289062E+07,-9.72854E+01
5.71319580E+07,-1.01545E+02
5.71350098E+07,-9.84854E+01
5.71380615E+07,-9.80854E+01
5.71411133E+07,-9.75854E+01
5.71441650E+07,-9.67854E+01
5.71472168E+07,-9.81454E+01
5.71502686E+07,-9.78454E+01
5.71533203E+07,-1.02685E+02
5.71563721E+07,-9.83654E+01
5.71594238E+07,-1.12385E+02
5.71624756E+07,-9.86254E+01
5.71655273E+07,-9.92254E+01
5.71685791E+07,-9.97854E+01
5.71716309E+07,-9.76454E+01
5.71746826E+07,-9.76254E+01
5.71777344E+07,-1.01185E+02
5.71807861E+07,-9.30654E+01
5.71838379E+07,-9.57654E+01
5.71868896E+07,-1.00125E+02
5.71899414E+07,-1.01145E+02
5.71929932E+07,-9.86454E+01
5.71960449E+07,-9.85854E+01
5.71990967E+07,-9.95054E+01
5.72021484E+07,-1.00545E+02
5.72052002E+07,-1.11965E+02
5.72082520E+07,-9.72854E+01
5.72113037E+07,-1.02285E+02
5.72143555E+07,-1.02085E+02
5.72174072E+07,-9.76254E+01
5.72204590E+07,-9.64654E+01
5.72235107E+07,-9.93054E+01
5.72265625E+07,-9.84854E+01
5.72296143E+07,-1.03185E+02
5.72326660E+07,-1.01505E+02
5.72357178E+07,-1.06845E+02
5.72387695E+07,-9.68854E+01
5.72418213E+07,-9.55254E+01
5.72448730E+07,-1.05505E+02
5.72479248E+07,-1.05645E+02
5.72509766E+07,-1.03885E+02
5.72540283E+07,-9.71054E+01
5.72570801E+07,-9.66054E+01
5.72601318E+07,-9.84654E+01
5.72631836E+07,-9.81654E+01
5.72662354E+07,-1.02085E+02
5.72692871E+07,-1.08465E+02
5.72723389E+07,-1.01085E+02
5.72753906E+07,-9.51054E+01
5.72784424E+07,-9.16454E+01
5.72814941E+07,-9.20454E+01
5.72845459E+07,-9.96454E+01
5.72875977E+07,-1.00685E+02
5.72906494E+07,-9.52854E+01
5.72937012E+07,-1.04865E+02
5.72967529E+07,-1.06005E+02
5.72998047E+07,-9.89454E+01
5.73028564E+07,-9.99454E+01
5.73059082E+07,-1.00665E+02
5.73089600E+07,-9.96654E+01
5.73120117E+07,-9.54454E+01
5.73150635E+07,-9.28054E+01
5.73181152E+07,-9.30854E+01
5.73211670E+07,-9.80054E+01
5.73242188E+07,-1.01345E+02
5.73272705E+07,-1.04585E+02
5.73303223E+07,-1.00725E+02
5.73333740E+07,-9.74054E+01
5.73364258E+07,-1.01145E+02
5.73394775E+07,-1.12965E+02
5.73425293E+07,-1.07105E+02
5.73455811E+07,-1.00605E+02
5.73486328E+07,-9.80854E+01
5.73516846E+07,-9.83254E+01
5.73547363E+07,-9.97654E+01
5.73577881E+07,-1.09865E+02
5.73608398E+07,-1.01525E+02
5.73638916E+07,-1.03125E+02
5.73669434E+07,-9.74654E+01
5.73699951E+07,-9.74254E+01
5.73730469E+07,-9.95854E+01
5.73760986E+07,-9.85454E+01
5.73791504E+07,-1.03505E+02
5.73822021E+07,-9.96854E+01
5.73852539E+07,-1.02525E+02
5.73883057E+07,-1.02645E+02
5.73913574E+07,-1.05925E+02
5.73944092E+07,-9.92054E+01
5.73974609E+07,-9.86854E+01
5.74005127E+07,-1.07665E+02
5.74035645E+07,-1.01325E+02
5.74066162E+07,-9.59654E+01
5.74096680E+07,-9.38454E+01
5.74127197E+07,-9.85854E+01
5.74157715E+07,-9.76454E+01
5.74188232E+07,-1.01225E+02
5.74218750E+07,-1.00445E+02
5.74249268E+07,-1.02225E+02
5.74279785E+07,-9.85454E+01
5.74310303E+07,-1.03705E+02
5.74340820E+07,-1.07965E+02
5.74371338E+07,-1.10225E+02
5.74401855E+07,-1.05625E+02
5.74432373E+07,-1.30745E+02
5.74462891E+07,-1.03265E+02
5.74493408E+07,-1.07045E+02
5.74523926E+07,-1.03705E+02
5.74554443E+07,-1.10285E+02
5.74584961E+07,-1.02585E+02
5.74615479E+07,-1.02445E+02
5.74645996E+07,-1.05145E+02
5.74676514E+07,-9.84854E+01
5.74707031E+07,-9.40854E+01
5.74737549E+07,-9.92854E+01
5.74768066E+07,-1.13625E+02
5.74798584E+07,-1.19125E+02
5.74829102E+07,-1.20245E+02
5.74859619E+07,-1.03125E+02
5.74890137E+07,-9.66254E+01
5.74920654E+07,-9.57454E+01
5.74951172E+07,-9.75654E+01
5.74981689E+07,-9.52254E+01
5.75012207E+07,-9.50654E+01
5.75042725E+07,-1.01365E+02
5.75073242E+07,-1.04945E+02
5.75103760E+07,-1.04545E+02
5.75134277E+07,-9.67854E+01
5.75164795E+07,-1.09205E+02
5.75195312E+07,-1.10765E+02
5.75225830E+07,-1.02445E+02
5.75256348E+07,-1.05145E+02
5.75286865E+07,-1.04405E+02
5.75317383E+07,-9.84054E+01
5.75347900E+07,-9.63654E+01
5.75378418E+07,-9.44654E+01
5.75408936E+07,-9.42254E+01
5.75439453E+07,-9.50654E+01
5.75469971E+07,-1.01225E+02
5.75500488E+07,-1.00285E+02
5.75531006E+07,-9.29854E+01
5.75561523E+07,-9.49054E+01
5.75592041E+07,-9.79854E+01
5.75622559E+07,-1.03305E+02
5.75653076E+07,-1.12305E+02
5.75683594E+07,-9.94254E+01
5.75714111E+07,-9.44054E+01
5.75744629E+07,-1.04925E+02
5.75775146E+07,-9.57254E+01
5.75805664E+07,-9.48654E+01
5.75836182E+07,-9.52854E+01
5.75866699E+07,-9.42654E+01
5.75897217E+07,-9.50854E+01
5.75927734E+07,-9.62454E+01
5.75958252E+07,-9.54254E+01
5.75988770E+07,-9.20854E+01
5.76019287E+07,-9.42654E+01
5.76049805E+07,-1.00885E+02
5.76080322E+07,-9.97654E+01
5.76110840E+07,-9.60254E+01
5.76141357E+07,-9.88054E+01
5.76171875E+07,-1.04005E+02
5.76202393E+07,-9.89454E+01
5.76232910E+07,-1.02905E+02
5.76263428E+07,-1.07545E+02
5.76293945E+07,-1.04425E+02
5.76324463E+07,-9.37054E+01
5.76354980E+07,-9.43654E+01
5.76385498E+07,-9.71054E+01
5.76416016E+07,-9.90854E+01
5.76446533E+07,-1.16745E+02
5.76477051E+07,-1.08945E+02
5.76507568E+07,-1.10645E+02
5.76538086E+07,-1.00885E+02
5.76568604E+07,-1.03025E+02
5.76599121E+07,-9.40054E+01
5.76629639E+07,-9.54254E+01
5.76660156E+07,-9.94854E+01
5.76690674E+07,-9.74054E+01
5.76721191E+07,-1.01525E+02
5.76751709E+07,-1.04905E+02
5.76782227E+07,-1.01505E+02
5.76812744E+07,-1.01405E+02
5.76843262E+07,-1.06845E+02
5.76873779E+07,-1.11085E+02
5.76904297E+07,-9.83654E+01
5.76934814E+07,-9.54654E+01
5.76965332E+07,-9.61254E+01
5.76995850E+07,-9.39654E+01
5.77026367E+07,-9.66854E+01
5.77056885E+07,-1.06905E+02
5.77087402E+07,-1.03505E+02
5.77117920E+07,-1.12765E+02
5.77148438E+07,-9.91254E+01
5.77178955E+07,-9.56854E+01
5.77209473E+07,-9.88654E+01
5.77239990E+07,-1.01905E+02
5.77270508E+07,-1.13845E+02
5.77301025E+07,-9.90854E+01
5.77331543E+07,-9.54654E+01
5.77362061E+07,-1.03545E+02
5.77392578E+07,-1.09225E+02
5.77423096E+07,-1.01185E+02
5.77453613E+07,-1.00725E+02
5.77484131E+07,-1.04805E+02
5.77514648E+07,-9.87054E+01
5.77545166E+07,-9.71054E+01
5.77575684E+07,-1.04285E+02
5.77606201E+07,-1.01445E+02
5.77636719E+07,-1.05665E+02
5.77667236E+07,-1.01405E+02
5.77697754E+07,-9.75854E+01
5.77728271E+07,-1.03325E+02
5.77758789E+07,-9.34054E+01
5.77789307E+07,-9.48654E+01
5.77819824E+07,-9.86054E+01
5.77850342E+07,-1.08005E+02
5.77880859E+07,-9.84654E+01
5.77911377E+07,-1.09345E+02
5.77941895E+07,-9.94254E+01
5.77972412E+07,-1.00985E+02
5.78002930E+07,-1.09325E+02
5.78033447E+07,-1.02325E+02
5.78063965E+07,-9.59854E+01
5.78094482E+07,-9.42254E+01
5.78125000E+07,-9.12854E+01
5.78155518E+07,-9.40854E+01
5.78186035E+07,-1.04945E+02
5.78216553E+07,-1.05225E+02
5.78247070E+07,-9.92054E+01
5.78277588E+07,-9.92254E+01
5.78308105E+07,-1.13445E+02
5.78338623E+07,-1.00885E+02
5.78369141E+07,-1.02745E+02
5.78399658E+07,-1.15345E+02
5.78430176E+07,-1.03845E+02
5.78460693E+07,-9.82654E+01
5.78491211E+07,-9.14054E+01
5.78521729E+07,-9.30654E+01
5.78552246E+07,-1.07865E+02
5.78582764E+07,-1.03965E+02
5.78613281E+07,-9.65854E+01
5.78643799E+07,-9.47854E+01
5.78674316E+07,-9.75654E+01
5.78704834E+07,-9.24854E+01
5.78735352E+07,-9.22054E+01
5.78765869E+07,-9.83054E+01
5.78796387E+07,-9.80054E+01
5.78826904E+07,-1.05585E+02
5.78857422E+07,-1.01545E+02
5.78887939E+07,-9.65654E+01
5.78918457E+07,-9.71854E+01
5.78948975E+07,-1.06145E+02
5.78979492E+07,-1.11785E+02
5.79010010E+07,-1.01865E+02
5.79040527E+07,-1.00305E+02
5.79071045E+07,-1.08785E+02
5.79101562E+07,-1.01505E+02
5.79132080E+07,-9.96654E+01
5.79162598E+07,-1.05925E+02
5.79193115E+07,-1.06165E+02
5.79223633E+07,-1.06965E+02
5.79254150E+07,-1.05065E+02
5.79284668E+07,-9.72254E+01
5.79315186E+07,-1.00525E+02
5.79345703E+07,-1.02165E+02
5.79376221E+07,-1.05425E+02
5.79406738E+07,-1.02285E+02
5.79437256E+07,-1.04445E+02
5.79467773E+07,-9.78454E+01
5.79498291E+07,-9.28654E+01
5.79528809E+07,-9.56854E+01
5.79559326E+07,-1.02985E+02
5.79589844E+07,-9.91654E+01
5.79620361E+07,-9.85454E+01
5.79650879E+07,-1.02585E+02
5.79681396E+07,-1.01625E+02
5.79711914E+07,-1.07845E+02
5.79742432E+07,-1.03325E+02
5.79772949E+07,-1.08145E+02
5.79803467E+07,-1.04185E+02
5.79833984E+07,-1.08805E+02
5.79864502E+07,-1.06025E+02
5.79895020E+07,-9.87054E+01
5.79925537E+07,-9.52654E+01
5.79956055E+07,-9.89854E+01
5.79986572E+07,-1.00425E+02
5.80017090E+07,-1.01885E+02
5.80047607E+07,-1.00905E+02
5.80078125E+07,-1.01825E+02
5.80108643E+07,-1.02045E+02
5.80139160E+07,-1.01005E+02
5.80169678E+07,-9.89254E+01
5.80200195E+07,-9.40454E+01
5.80230713E+07,-9.57254E+01
5.80261230E+07,-9.69854E+01
5.80291748E+07,-9.55654E+01
5.80322266E+07,-1.05025E+02
5.80352783E+07,-1.04085E+02
5.80383301E+07,-1.00245E+02
5.80413818E+07,-9.77054E+01
5.80444336E+07,-9.80254E+01
5.80474854E+07,-1.02065E+02
5.80505371E+07,-1.00545E+02
5.80535889E+07,-1.00165E+02
5.80566406E+07,-1.07825E+02
5.80596924E+07,-1.05065E+02
5.80627441E+07,-1.02085E+02
5.80657959E+07,-1.02685E+02
5.80688477E+07,-1.09045E+02
5.80718994E+07,-1.02125E+02
5.80749512E+07,-9.82254E+01
5.80780029E+07,-1.03325E+02
5.80810547E+07,-1.06685E+02
5.80841064E+07,-1.06205E+02
5.80871582E+07,-9.75854E+01
5.80902100E+07,-9.80454E+01
5.80932617E+07,-9.53254E+01
5.80963135E+07,-9.75254E+01
5.80993652E+07,-1.04465E+02
5.81024170E+07,-1.07265E+02
5.81054688E+07,-1.05125E+02
5.81085205E+07,-9.51454E+01
5.81115723E+07,-9.25054E+01
5.81146240E+07,-9.60654E+01
5.81176758E+07,-9.58854E+01
5.81207275E+07,-9.82054E+01
5.81237793E+07,-1.05685E+02
5.81268311E+07,-1.19865E+02
5.81298828E+07,-1.02825E+02
5.81329346E+07,-1.06165E+02
5.81359863E+07,-1.06725E+02
5.81390381E+07,-9.64054E+01
5.81420898E+07,-9.68054E+01
5.81451416E+07,-1.07265E+02
5.81481934E+07,-9.59854E+01
5.81512451E+07,-9.83654E+01
5.81542969E+07,-9.56054E+01
5.81573486E+07,-9.59454E+01
5.81604004E+07,-1.08425E+02
5.81634521E+07,-1.00865E+02
5.81665039E+07,-1.00585E+02
5.81695557E+07,-1.10565E+02
5.81726074E+07,-1.09545E+02
5.81756592E+07,-1.09005E+02
5.81787109E+07,-1.10825E+02
5.81817627E+07,-1.03225E+02
5.81848145E+07,-1.01765E+02
5.81878662E+07,-1.01365E+02
5.81909180E+07,-1.00605E+02
5.81939697E+07,-9.99654E+01
5.81970215E+07,-1.00905E+02
5.82000732E+07,-1.04305E+02
5.82031250E+07,-9.75854E+01
5.82061768E+07,-1.04525E+02
5.82092285E+07,-1.04785E+02
5.82122803E+07,-9.87654E+01
5.82153320E+07,-9.54254E+01
5.82183838E+07,-9.56854E+01
5.82214355E+07,-1.00365E+02
5.82244873E+07,-9.82054E+01
5.82275391E+07,-9.50054E+01
5.82305908E+07,-9.72054E+01
5.82336426E+07,-9.46054E+01
5.82366943E+07,-9.78854E+01
5.82397461E+07,-1.02565E+02
5.82427979E+07,-1.11705E+02
5.82458496E+07,-1.03405E+02
5.82489014E+07,-1.03365E+02
5.82519531E+07,-1.06865E+02
5.82550049E+07,-1.04665E+02
5.82580566E+07,-9.77654E+01
5.82611084E+07,-9.52254E+01
5.82641602E+07,-9.85054E+01
5.82672119E+07,-1.01865E+02
5.82702637E+07,-9.52854E+01
5.82733154E+07,-8.86654E+01
5.82763672E+07,-9.08454E+01
5.82794189E+07,-1.15065E+02
5.82824707E+07,-9.59854E+01
5.82855225E+07,-9.58054E+01
5.82885742E+07,-9.94454E+01
5.82916260E+07,-1.14465E+02
5.82946777E+07,-1.10265E+02
5.82977295E+07,-1.09005E+02
5.83007812E+07,-1.01385E+02
5.83038330E+07,-9.83854E+01
5.83068848E+07,-1.04725E+02
5.83099365E+07,-9.73854E+01
5.83129883E+07,-9.81254E+01
5.83160400E+07,-1.00645E+02
5.83190918E+07,-1.09265E+02
5.83221436E+07,-1.04185E+02
5.83251953E+07,-1.04845E+02
5.83282471E+07,-1.04925E+02
5.83312988E+07,-1.01745E+02
5.83343506E+07,-1.12285E+02
5.83374023E+07,-1.14805E+02
5.83404541E+07,-1.10505E+02
5.83435059E+07,-1.10125E+02
5.83465576E+07,-1.04005E+02
5.83496094E+07,-9.68454E+01
5.83526611E+07,-9.30854E+01
5.83557129E+07,-9.00854E+01
5.83587646E+07,-9.66854E+01
5.83618164E+07,-1.06345E+02
5.83648682E+07,-1.04005E+02
5.83679199E+07,-1.01325E+02
5.83709717E+07,-9.75254E+01
5.83740234E+07,-9.24854E+01
5.83770752E+07,-9.22054E+01
5.83801270E+07,-9.64454E+01
5.83831787E+07,-9.37054E+01
5.83862305E+07,-9.79854E+01
5.83892822E+07,-1.02825E+02
5.83923340E+07,-1.01365E+02
5.83953857E+07,-9.46854E+01
5.83984375E+07,-9.39654E+01
5.84014893E+07,-1.03505E+02
5.84045410E+07,-1.03805E+02
5.84075928E+07,-1.01565E+02
5.84106445E+07,-9.97254E+01
5.84136963E+07,-1.06705E+02
5.84167480E+07,-9.97254E+01
5.84197998E+07,-9.74054E+01
5.84228516E+07,-9.38454E+01
5.84259033E+07,-9.75254E+01
5.84289551E+07,-9.99454E+01
5.84320068E+07,-1.02965E+02
5.84350586E+07,-9.55254E+01
5.84381104E+07,-1.07525E+02
5.84411621E+07,-9.82654E+01
5.84442139E+07,-9.47854E+01
5.84472656E+07,-9.49254E+01
5.84503174E+07,-9.71854E+01
5.84533691E+07,-9.62454E+01
5.84564209E+07,-9.50254E+01
5.84594727E+07,-9.71454E+01
5.84625244E+07,-9.87454E+01
5.84655762E+07,-1.04745E+02
5.84686279E+07,-1.00665E+02
5.84716797E+07,-1.08545E+02
5.84747314E+07,-9.37254E+01
5.84777832E+07,-1.05125E+02
5.84808350E+07,-9.68454E+01
5.84838867E+07,-1.03065E+02
5.84869385E+07,-9.70654E+01
5.84899902E+07,-1.00125E+02
5.84930420E+07,-1.03185E+02
5.84960938E+07,-1.02825E+02
5.84991455E+07,-1.06405E+02
5.85021973E+07,-1.07425E+02
5.85052490E+07,-1.10245E+02
5.85083008E+07,-9.80654E+01
5.85113525E+07,-9.81654E+01
5.85144043E+07,-9.82254E+01
5.85174561E+07,-9.83854E+01
5.85205078E+07,-9.48054E+01
5.85235596E+07,-9.58254E+01
5.85266113E+07,-1.00305E+02
5.85296631E+07,-1.07205E+02
5.85327148E+07,-1.03305E+02
5.85357666E+07,-1.03225E+02
5.85388184E+07,-9.98654E+01
5.85418701E+07,-9.87654E+01
5.85449219E+07,-9.89454E+01
5.85479736E+07,-1.00185E+02
5.85510254E+07,-9.83854E+01
5.85540771E+07,-9.99654E+01
5.85571289E+07,-9.97254E+01
5.85601807E+07,-1.00845E+02
5.85632324E+07,-1.03545E+02
5.85662842E+07,-9.22054E+01
5.85693359E+07,-9.25254E+01
5.85723877E+07,-1.00005E+02
5.85754395E+07,-9.76254E+01
5.85784912E+07,-9.48654E+01
5.85815430E+07,-9.67054E+01
5.85845947E+07,-1.03325E+02
5.85876465E+07,-1.00985E+02
5.85906982E+07,-1.06845E+02
5.85937500E+07,-1.02585E+02
5.85968018E+07,-1.06065E+02
5.85998535E+07,-9.52454E+01
5.86029053E+07,-9.74654E+01
5.86059570E+07,-1.08025E+02
5.86090088E+07,-1.00965E+02
5.86120605E+07,-9.31854E+01
5.86151123E+07,-9.46854E+01
5.86181641E+07,-9.76854E+01
5.86212158E+07,-1.07025E+02
5.86242676E+07,-1.00585E+02
5.86273193E+07,-1.07045E+02
5.86303711E+07,-9.96054E+01
5.86334229E+07,-1.08445E+02
5.86364746E+07,-1.01805E+02
5.86395264E+07,-1.01485E+02
5.86425781E+07,-1.09785E+02
5.86456299E+07,-9.53254E+01
5.86486816E+07,-9.30254E+01
5.86517334E+07,-9.44654E+01
5.86547852E+07,-9.58854E+01
5.86578369E+07,-9.71854E+01
5.86608887E+07,-9.78454E+01
5.86639404E+07,-1.11085E+02
5.86669922E+07,-9.89054E+01
5.86700439E+07,-9.35454E+01
5.86730957E+07,-9.95054E+01
5.86761475E+07,-9.26254E+01
5.86791992E+07,-9.18854E+01
5.86822510E+07,-9.83854E+01
5.86853027E+07,-1.00505E+02
5.86883545E+07,-9.48054E+01
5.86914062E+07,-1.06005E+02
5.86944580E+07,-9.86454E+01
5.86975098E+07,-9.91054E+01
5.87005615E+07,-1.06705E+02
5.87036133E+07,-1.02645E+02
5.87066650E+07,-1.05525E+02
5.87097168E+07,-1.06985E+02
5.87127686E+07,-1.01225E+02
5.87158203E+07,-1.02325E+02
5.87188721E+07,-1.01445E+02
5.87219238E+07,-9.74854E+01
5.87249756E+07,-1.00125E+02
5.87280273E+07,-1.05265E+02
5.87310791E+07,-9.63654E+01
5.87341309E+07,-9.87654E+01
5.87371826E+07,-1.16385E+02
5.87402344E+07,-1.01185E+02
5.87432861E+07,-1.00925E+02
5.87463379E+07,-1.00145E+02
5.87493896E+07,-9.88454E+01
5.87524414E+07,-1.10425E+02
5.87554932E+07,-9.94854E+01
5.87585449E+07,-9.90254E+01
5.87615967E+07,-9.67054E+01
5.87646484E+07,-9.78854E+01
5.87677002E+07,-9.98054E+01
5.87707520E+07,-9.36254E+01
5.87738037E+07,-9.29654E+01
5.87768555E+07,-9.05054E+01
5.87799072E+07,-9.18654E+01
5.87829590E+07,-9.61854E+01
5.87860107E+07,-9.65254E+01
5.87890625E+07,-1.05685E+02
5.87921143E+07,-1.01425E+02
5.87951660E+07,-1.09505E+02
5.87982178E+07,-9.73654E+01
5.88012695E+07,-9.75254E+01
5.88043213E+07,-1.01485E+02
5.88073730E+07,-1.12765E+02
5.88104248E+07,-1.10905E+02
5.88134766E+07,-1.02145E+02
5.88165283E+07,-1.04405E+02
5.88195801E+07,-1.04225E+02
5.88226318E+07,-9.86854E+01
5.88256836E+07,-9.65254E+01
5.88287354E+07,-9.62654E+01
5.88317871E+07,-1.02425E+02
5.88348389E+07,-1.03705E+02
5.88378906E+07,-1.04445E+02
5.88409424E+07,-9.66854E+01
5.88439941E+07,-9.43654E+01
5.88470459E+07,-9.70654E+01
5.88500977E+07,-1.01125E+02
5.88531494E+07,-9.93654E+01
5.88562012E+07,-1.02485E+02
5.88592529E+07,-9.50454E+01
5.88623047E+07,-1.00285E+02
5.88653564E+07,-1.13805E+02
5.88684082E+07,-1.00025E+02
5.88714600E+07,-9.36254E+01
5.88745117E+07,-9.05454E+01
5.88775635E+07,-9.13054E+01
5.88806152E+07,-9.41854E+01
5.88836670E+07,-9.72654E+01
5.88867188E+07,-1.02905E+02
5.88897705E+07,-1.04585E+02
5.88928223E+07,-1.00185E+02
5.88958740E+07,-1.03085E+02
5.88989258E+07,-1.15085E+02
5.89019775E+07,-1.00825E+02
5.89050293E+07,-9.54254E+01
5.89080811E+07,-9.47654E+01
5.89111328E+07,-1.04145E+02
5.89141846E+07,-9.90254E+01
5.89172363E+07,-9.93854E+01
5.89202881E+07,-9.50654E+01
5.89233398E+07,-9.51854E+01
5.89263916E+07,-1.03025E+02
5.89294434E+07,-9.07054E+01
5.89324951E+07,-9.07054E+01
5.89355469E+07,-1.00645E+02
5.89385986E+07,-1.04745E+02
5.89416504E+07,-9.90454E+01
5.89447021E+07,-9.43054E+01
5.89477539E+07,-9.67654E+01
5.89508057E+07,-9.62654E+01
5.89538574E+07,-9.75254E+01
5.89569092E+07,-1.02445E+02
5.89599609E+07,-9.68054E+01
5.89630127E+07,-1.05025E+02
5.89660645E+07,-1.04485E+02
5.89691162E+07,-1.12685E+02
5.89721680E+07,-1.01745E+02
5.89752197E+07,-1.00365E+02
5.89782715E+07,-1.06665E+02
5.89813232E+07,-9.82054E+01
5.89843750E+07,-9.45454E+01
5.89874268E+07,-9.88054E+01
5.89904785E+07,-1.09425E+02
5.89935303E+07,-1.06725E+02
5.89965820E+07,-9.82854E+01
5.89996338E+07,-9.52854E+01
5.90026855E+07,-9.70854E+01
5.90057373E+07,-1.02505E+02
5.90087891E+07,-1.13665E+02
5.90118408E+07,-1.06365E+02
5.90148926E+07,-1.00485E+02
5.90179443E+07,-9.97254E+01
5.90209961E+07,-9.91254E+01
5.90240479E+07,-9.40054E+01
5.90270996E+07,-1.00785E+02
5.90301514E+07,-1.16285E+02
5.90332031E+07,-9.67454E+01
5.90362549E+07,-9.72654E+01
5.90393066E+07,-1.10145E+02
5.90423584E+07,-9.56654E+01
5.90454102E+07,-9.48254E+01
5.90484619E+07,-9.83054E+01
5.90515137E+07,-9.56254E+01
5.90545654E+07,-9.91854E+01
5.90576172E+07,-9.61054E+01
5.90606689E+07,-9.86054E+01
5.90637207E+07,-9.76654E+01
5.90667725E+07,-9.18254E+01
5.90698242E+07,-9.31854E+01
5.90728760E+07,-9.99254E+01
5.90759277E+07,-1.11785E+02
5.90789795E+07,-1.01985E+02
5.90820312E+07,-1.03925E+02
5.90850830E+07,-9.96854E+01
5.90881348E+07,-9.34654E+01
5.90911865E+07,-9.85054E+01
5.90942383E+07,-1.05325E+02
5.90972900E+07,-1.02525E+02
5.91003418E+07,-1.04865E+02
5.91033936E+07,-1.15225E+02
5.91064453E+07,-1.05765E+02
5.91094971E+07,-9.80054E+01
5.91125488E+07,-9.53254E+01
5.91156006E+07,-1.10145E+02
5.91186523E+07,-9.45254E+01
5.91217041E+07,-9.32654E+01
5.91247559E+07,-9.26854E+01
5.91278076E+07,-9.14454E+01
5.91308594E+07,-9.44654E+01
5.91339111E+07,-9.89054E+01
5.91369629E+07,-1.07045E+02
5.91400146E+07,-9.81654E+01
5.91430664E+07,-9.71054E+01
5.91461182E+07,-9.76654E+01
5.91491699E+07,-1.00285E+02
5.91522217E+07,-1.01785E+02
5.91552734E+07,-1.04085E+02
5.91583252E+07,-1.10625E+02
5.91613770E+07,-1.00925E+02
5.91644287E+07,-9.62454E+01
5.91674805E+07,-9.72254E+01
5.91705322E+07,-9.82854E+01
5.91735840E+07,-9.10454E+01
5.91766357E+07,-8.89454E+01
5.91796875E+07,-9.34054E+01
5.91827393E+07,-9.94254E+01
5.91857910E+07,-1.10125E+02
5.91888428E+07,-1.10065E+02
5.91918945E+07,-1.06325E+02
5.91949463E+07,-9.93854E+01
5.91979980E+07,-9.88054E+01
5.92010498E+07,-1.01485E+02
5.92041016E+07,-1.04145E+02
5.92071533E+07,-1.02425E+02
5.92102051E+07,-1.04405E+02
5.92132568E+07,-9.96054E+01
5.92163086E+07,-9.69654E+01
5.92193604E+07,-9.52454E+01
5.92224121E+07,-9.80054E+01
5.92254639E+07,-1.00725E+02
5.92285156E+07,-1.01965E+02
5.92315674E+07,-9.90054E+01
5.92346191E+07,-9.75854E+01
5.92376709E+07,-9.54054E+01
5.92407227E+07,-9.83454E+01
5.92437744E+07,-1.07425E+02
5.92468262E+07,-1.03965E+02
5.92498779E+07,-1.17125E+02
5.92529297E+07,-1.01245E+02
5.92559814E+07,-1.03405E+02
5.92590332E+07,-9.89854E+01
5.92620850E+07,-9.62254E+01
5.92651367E+07,-9.50054E+01
5.92681885E+07,-9.33254E+01
5.92712402E+07,-9.80454E+01
5.92742920E+07,-9.89054E+01
5.92773438E+07,-9.77654E+01
5.92803955E+07,-1.00265E+02
5.92834473E+07,-1.05145E+02
5.92864990E+07,-9.81254E+01
5.92895508E+07,-9.82454E+01
5.92926025E+07,-1.03805E+02
5.92956543E+07,-9.81254E+01
5.92987061E+07,-9.74454E+01
5.93017578E+07,-9.70654E+01
5.93048096E+07,-1.02325E+02
5.93078613E+07,-1.04045E+02
5.93109131E+07,-1.00725E+02
5.93139648E+07,-1.02585E+02
5.93170166E+07,-9.95454E+01
5.93200684E+07,-1.00545E+02
5.93231201E+07,-9.57054E+01
5.93261719E+07,-9.72054E+01
5.93292236E+07,-9.83454E+01
5.93322754E+07,-9.51454E+01
5.93353271E+07,-9.95054E+01
5.93383789E+07,-1.00185E+02
5.93414307E+07,-9.57654E+01
5.93444824E+07,-9.86054E+01
5.93475342E+07,-9.78054E+01
5.93505859E+07,-1.02245E+02
5.93536377E+07,-1.00285E+02
5.93566895E+07,-1.02825E+02
5.93597412E+07,-9.79454E+01
5.93627930E+07,-1.00685E+02
5.93658447E+07,-9.57054E+01
5.93688965E+07,-9.55254E+01
5.93719482E+07,-1.02225E+02
5.93750000E+07,-9.63654E+01
5.93780518E+07,-1.00965E+02
5.93811035E+07,-9.69054E+01
5.93841553E+07,-9.87054E+01
5.93872070E+07,-1.06645E+02
5.93902588E+07,-9.67654E+01
5.93933105E+07,-9.78254E+01
5.93963623E+07,-1.06505E+02
5.93994141E+07,-1.05165E+02
5.94024658E+07,-1.02145E+02
5.94055176E+07,-1.00525E+02
5.94085693E+07,-9.60054E+01
5.94116211E+07,-9.95454E+01
5.94146729E+07,-9.98254E+01
5.94177246E+07,-1.08565E+02
5.94207764E+07,-9.60254E+01
5.94238281E+07,-9.70654E+01
5.94268799E+07,-1.04425E+02
5.94299316E+07,-1.13165E+02
5.94329834E+07,-1.10305E+02
5.94360352E+07,-9.98654E+01
5.94390869E+07,-9.49054E+01
5.94421387E+07,-9.87454E+01
5.94451904E+07,-1.15805E+02
5.94482422E+07,-9.88454E+01
5.94512939E+07,-9.87254E+01
5.94543457E+07,-9.88454E+01
5.94573975E+07,-1.07865E+02
5.94604492E+07,-1.22865E+02
5.94635010E+07,-1.05545E+02
5.94665527E+07,-1.01565E+02
5.94696045E+07,-1.03845E+02
5.94726562E+07,-9.87654E+01
5.94757080E+07,-9.30654E+01
5.94787598E+07,-9.92054E+01
5.94818115E+07,-1.10305E+02
5.94848633E+07,-1.04045E+02
5.94879150E+07,-9.83654E+01
5.94909668E+07,-1.14485E+02
5.94940186E+07,-9.52054E+01
5.94970703E+07,-9.31654E+01
5.95001221E+07,-9.53854E+01
5.95031738E+07,-1.09745E+02
5.95062256E+07,-1.04845E+02
5.95092773E+07,-1.09705E+02
5.95123291E+07,-1.00725E+02
5.95153809E+07,-9.67454E+01
5.95184326E+07,-1.02305E+02
5.95214844E+07,-1.13885E+02
5.95245361E+07,-1.11765E+02
5.95275879E+07,-1.10125E+02
5.95306396E+07,-1.03585E+02
5.95336914E+07,-9.96454E+01
5.95367432E+07,-9.84254E+01
5.95397949E+07,-9.76054E+01
5.95428467E+07,-1.05145E+02
5.95458984E+07,-9.67654E+01
5.95489502E+07,-1.06205E+02
5.95520020E+07,-9.54854E+01
5.95550537E+07,-1.08185E+02
5.95581055E+07,-9.50054E+01
5.95611572E+07,-9.81054E+01
5.95642090E+07,-1.08545E+02
5.95672607E+07,-9.90254E+01
5.95703125E+07,-1.04905E+02
5.95733643E+07,-9.71654E+01
5.95764160E+07,-9.56454E+01
5.95794678E+07,-1.01005E+02
5.95825195E+07,-9.98254E+01
5.95855713E+07,-9.73654E+01
5.95886230E+07,-9.90454E+01
5.95916748E+07,-1.07425E+02
5.95947266E+07,-1.04925E+02
5.95977783E+07,-9.72054E+01
5.96008301E+07,-9.72054E+01
5.96038818E+07,-1.02805E+02
5.96069336E+07,-9.56254E+01
5.96099854E+07,-9.98454E+01
5.96130371E+07,-1.13845E+02
5.96160889E+07,-1.16845E+02
5.96191406E+07,-1.07185E+02
5.96221924E+07,-1.04325E+02
5.96252441E+07,-9.68854E+01
5.96282959E+07,-9.33654E+01
5.96313477E+07,-1.03585E+02
5.96343994E+07,-1.01305E+02
5.96374512E+07,-9.46854E+01
5.96405029E+07,-9.62654E+01
5.96435547E+07,-1.06305E+02
5.96466064E+07,-9.83854E+01
5.96496582E+07,-1.03365E+02
5.96527100E+07,-1.08865E+02
5.96557617E+07,-1.21005E+02
5.96588135E+07,-9.89454E+01
5.96618652E+07,-9.34054E+01
5.96649170E+07,-9.47654E+01
5.96679688E+07,-1.03265E+02
5.96710205E+07,-1.02005E+02
5.96740723E+07,-9.40854E+01
5.96771240E+07,-9.67854E+01
5.96801758E+07,-1.01625E+02
5.96832275E+07,-9.87454E+01
5.96862793E+07,-9.92054E+01
5.96893311E+07,-1.01445E+02
5.96923828E+07,-1.02505E+02
5.96954346E+07,-1.16585E+02
5.96984863E+07,-1.09905E+02
5.97015381E+07,-1.04685E+02
5.97045898E+07,-1.03325E+02
5.97076416E+07,-1.01005E+02
5.97106934E+07,-1.01805E+02
5.97137451E+07,-1.00725E+02
5.97167969E+07,-1.00885E+02
5.97198486E+07,-9.72054E+01
5.97229004E+07,-9.68254E+01
5.97259521E+07,-1.03545E+02
5.97290039E+07,-1.01985E+02
5.97320557E+07,-1.04545E+02
5.97351074E+07,-1.02485E+02
5.97381592E+07,-9.99454E+01
5.97412109E+07,-9.27654E+01
5.97442627E+07,-9.47854E+01
5.97473145E+07,-9.95454E+01
5.97503662E+07,-1.16845E+02
5.97534180E+07,-1.02425E+02
5.97564697E+07,-1.07605E+02
5.97595215E+07,-1.00365E+02
5.97625732E+07,-1.03025E+02
5.97656250E+07,-1.04805E+02
5.97686768E+07,-9.66854E+01
5.97717285E+07,-9.18654E+01
5.97747803E+07,-9.24454E+01
5.97778320E+07,-9.62854E+01
5.97808838E+07,-9.81254E+01
5.97839355E+07,-9.77054E+01
5.97869873E+07,-1.09005E+02
5.97900391E+07,-1.00125E+02
5.97930908E+07,-1.01005E+02
5.97961426E+07,-1.02705E+02
5.97991943E+07,-1.03585E+02
5.98022461E+07,-1.07445E+02
5.98052979E+07,-1.02425E+02
5.98083496E+07,-9.86254E+01
5.98114014E+07,-9.87654E+01
5.98144531E+07,-1.00185E+02
5.98175049E+07,-9.52854E+01
5.98205566E+07,-9.66054E+01
5.98236084E+07,-9.98654E+01
5.98266602E+07,-1.02065E+02
5.98297119E+07,-1.07785E+02
5.98327637E+07,-1.01625E+02
5.98358154E+07,-9.73654E+01
5.98388672E+07,-9.84454E+01
5.98419189E+07,-1.11325E+02
5.98449707E+07,-1.04005E+02
5.98480225E+07,-1.00725E+02
5.98510742E+07,-1.09265E+02
5.98541260E+07,-1.05265E+02
5.98571777E+07,-1.01325E+02
5.98602295E+07,-9.23854E+01
5.98632812E+07,-9.31654E+01
5.98663330E+07,-9.94854E+01
5.98693848E+07,-9.58854E+01
5.98724365E+07,-9.42654E+01
5.98754883E+07,-8.94454E+01
5.98785400E+07,-9.31854E+01
5.98815918E+07,-9.81254E+01
5.98846436E+07,-9.78054E+01
5.98876953E+07,-9.89254E+01
5.98907471E+07,-1.00525E+02
5.98937988E+07,-1.00665E+02
5.98968506E+07,-1.04565E+02
5.98999023E+07,-1.09245E+02
5.99029541E+07,-1.03185E+02
5.99060059E+07,-1.00485E+02
5.99090576E+07,-1.02445E+02
5.99121094E+07,-1.05885E+02
5.99151611E+07,-1.01865E+02
5.99182129E+07,-9.47854E+01
5.99212646E+07,-9.06054E+01
5.99243164E+07,-9.57454E+01
5.99273682E+07,-1.02285E+02
5.99304199E+07,-1.12905E+02
5.99334717E+07,-1.03025E+02
5.99365234E+07,-9.69654E+01
5.99395752E+07,-9.55054E+01
5.99426270E+07,-9.85654E+01
5.99456787E+07,-1.03305E+02
5.99487305E+07,-1.01485E+02
5.99517822E+07,-1.04965E+02
5.99548340E+07,-9.73454E+01
5.99578857E+07,-1.02625E+02
5.99609375E+07,-1.01025E+02
5.99639893E+07,-9.91854E+01
5.99670410E+07,-1.01085E+02
5.99700928E+07,-9.79054E+01
5.99731445E+07,-9.17454E+01
5.99761963E+07,-9.14854E+01
5.99792480E+07,-9.78054E+01
5.99822998E+07,-9.66454E+01
5.99853516E+07,-9.39654E+01
5.99884033E+07,-9.54054E+01
5.99914551E+07,-9.58054E+01
5.99945068E+07,-9.84254E+01
5.99975586E+07,-1.00025E+02
6.00006104E+07,-9.96654E+01
6.00036621E+07,-1.10025E+02
6.00067139E+07,-9.57654E+01
6.00097656E+07,-9.23654E+01
6.00128174E+07,-9.71654E+01
6.00158691E+07,-9.93854E+01
6.00189209E+07,-1.04945E+02
6.00219727E+07,-1.07105E+02
6.00250244E+07,-9.90254E+01
6.00280762E+07,-9.83054E+01
6.00311279E+07,-1.06765E+02
6.00341797E+07,-1.02245E+02
6.00372314E+07,-1.02245E+02
6.00402832E+07,-1.06245E+02
6.00433350E+07,-1.07285E+02
6.00463867E+07,-1.05085E+02
6.00494385E+07,-1.07545E+02
6.00524902E+07,-1.05345E+02
6.00555420E+07,-1.02905E+02
6.00585938E+07,-1.01865E+02
6.00616455E+07,-9.40854E+01
6.00646973E+07,-1.01225E+02
6.00677490E+07,-1.03705E+02
6.00708008E+07,-1.01665E+02
6.00738525E+07,-9.91254E+01
6.00769043E+07,-9.68654E+01
6.00799561E+07,-1.05705E+02
6.00830078E+07,-9.71454E+01
6.00860596E+07,-1.02565E+02
6.00891113E+07,-1.03125E+02
6.00921631E+07,-1.08765E+02
6.00952148E+07,-1.04825E+02
6.00982666E+07,-1.05925E+02
6.01013184E+07,-9.78454E+01
6.01043701E+07,-1.04625E+02
6.01074219E+07,-1.00985E+02
6.01104736E+07,-1.19445E+02
6.01135254E+07,-1.02625E+02
6.01165771E+07,-1.00945E+02
6.01196289E+07,-1.02085E+02
6.01226807E+07,-9.44454E+01
6.01257324E+07,-9.83254E+01
6.01287842E+07,-1.04705E+02
6.01318359E+07,-1.04685E+02
6.01348877E+07,-1.02125E+02
6.01379395E+07,-9.73254E+01
6.01409912E+07,-1.01645E+02
6.01440430E+07,-9.93654E+01
6.01470947E+07,-9.97254E+01
6.01501465E+07,-1.15105E+02
6.01531982E+07,-9.96054E+01
6.01562500E+07,-1.00525E+02
6.01593018E+07,-1.14285E+02
6.01623535E+07,-1.02645E+02
6.01654053E+07,-1.03805E+02
6.01684570E+07,-1.02585E+02
6.01715088E+07,-1.03305E+02
6.01745605E+07,-9.66854E+01
6.01776123E+07,-9.62054E+01
6.01806641E+07,-1.18965E+02
6.01837158E+07,-1.00785E+02
6.01867676E+07,-1.07525E+02
6.01898193E+07,-9.68454E+01
6.01928711E+07,-9.38054E+01
6.01959229E+07,-9.38854E+01
6.01989746E+07,-9.75654E+01
6.02020264E+07,-1.04505E+02
6.02050781E+07,-1.00545E+02
6.02081299E+07,-9.58054E+01
6.02111816E+07,-9.61654E+01
6.02142334E+07,-1.04545E+02
6.02172852E+07,-9.86054E+01
6.02203369E+07,-1.01765E+02
6.02233887E+07,-9.65254E+01
6.02264404E+07,-9.83454E+01
6.02294922E+07,-9.67854E+01
6.02325439E+07,-9.85454E+01
6.02355957E+07,-1.01965E+02
6.02386475E+07,-9.72054E+01
6.02416992E+07,-9.69254E+01
6.02447510E+07,-1.00825E+02
6.02478027E+07,-1.06685E+02
6.02508545E+07,-1.26585E+02
6.02539062E+07,-1.02685E+02
6.02569580E+07,-1.06845E+02
6.02600098E+07,-1.07965E+02
6.02630615E+07,-1.08185E+02
6.02661133E+07,-1.01885E+02
6.02691650E+07,-9.53854E+01
6.02722168E+07,-9.44854E+01
6.02752686E+07,-9.18654E+01
6.02783203E+07,-9.79054E+01
6.02813721E+07,-1.06125E+02
6.02844238E+07,-9.86854E+01
6.02874756E+07,-9.69854E+01
6.02905273E+07,-9.66454E+01
6.02935791E+07,-9.28254E+01
6.02966309E+07,-9.39254E+01
6.02996826E+07,-9.79654E+01
6.03027344E+07,-9.64854E+01
6.03057861E+07,-9.83654E+01
6.03088379E+07,-9.72654E+01
6.03118896E+07,-9.38454E+01
6.03149414E+07,-9.23654E+01
6.03179932E+07,-9.58054E+01
6.03210449E+07,-1.03505E+02
6.03240967E+07,-1.00545E+02
6.03271484E+07,-1.01585E+02
6.03302002E+07,-1.10385E+02
6.03332520E+07,-1.13705E+02
6.03363037E+07,-1.34965E+02
6.03393555E+07,-1.03965E+02
6.03424072E+07,-1.00525E+02
6.03454590E+07,-1.08945E+02
6.03485107E+07,-1.02045E+02
6.03515625E+07,-1.00325E+02
6.03546143E+07,-1.00285E+02
6.03576660E+07,-1.10225E+02
6.03607178E+07,-1.08665E+02
6.03637695E+07,-1.19025E+02
6.03668213E+07,-9.83854E+01
6.03698730E+07,-9.88454E+01
6.03729248E+07,-1.00645E+02
6.03759766E+07,-1.10325E+02
6.03790283E+07,-9.91654E+01
6.03820801E+07,-1.03805E+02
6.03851318E+07,-1.00845E+02
6.03881836E+07,-9.71654E+01
6.03912354E+07,-1.02045E+02
6.03942871E+07,-9.96054E+01
6.03973389E+07,-1.05105E+02
6.04003906E+07,-9.48454E+01
6.04034424E+07,-9.44654E+01
6.04064941E+07,-9.90054E+01
6.04095459E+07,-9.75054E+01
6.04125977E+07,-9.81254E+01
6.04156494E+07,-9.82654E+01
6.04187012E+07,-9.94454E+01
6.04217529E+07,-1.01025E+02
6.04248047E+07,-9.33654E+01
6.04278564E+07,-9.53054E+01
6.04309082E+07,-1.02005E+02
6.04339600E+07,-9.83454E+01
6.04370117E+07,-1.00085E+02
6.04400635E+07,-1.00665E+02
6.04431152E+07,-9.79054E+01
6.04461670E+07,-1.04285E+02
6.04492188E+07,-1.03025E+02
6.04522705E+07,-9.65454E+01
6.04553223E+07,-9.49854E+01
6.04583740E+07,-1.06505E+02
6.04614258E+07,-1.03085E+02
6.04644775E+07,-9.86454E+01
6.04675293E+07,-1.02065E+02
6.04705811E+07,-1.06225E+02
6.04736328E+07,-9.56854E+01
6.04766846E+07,-9.21654E+01
6.04797363E+07,-9.98254E+01
6.04827881E+07,-1.04485E+02
6.04858398E+07,-1.01865E+02
6.04888916E+07,-1.08765E+02
6.04919434E+07,-1.01745E+02
6.04949951E+07,-1.01805E+02
6.04980469E+07,-9.89054E+01
6.05010986E+07,-9.47254E+01
6.05041504E+07,-1.02645E+02
6.05072021E+07,-1.00405E+02
6.05102539E+07,-9.75254E+01
6.05133057E+07,-1.00645E+02
6.05163574E+07,-1.01285E+02
6.05194092E+07,-1.02565E+02
6.05224609E+07,-1.03325E+02
6.05255127E+07,-9.45654E+01
6.05285645E+07,-1.05085E+02
6.05316162E+07,-1.03805E+02
6.05346680E+07,-1.10125E+02
6.05377197E+07,-1.06145E+02
6.05407715E+07,-9.68854E+01
6.05438232E+07,-1.00705E+02
6.05468750E+07,-1.02765E+02
6.05499268E+07,-1.01505E+02
6.05529785E+07,-9.56054E+01
6.05560303E+07,-9.83454E+01
6.05590820E+07,-9.71854E+01
6.05621338E+07,-9.52854E+01
6.05651855E+07,-9.92854E+01
6.05682373E+07,-1.00945E+02
6.05712891E+07,-1.06225E+02
6.05743408E+07,-9.96254E+01
6.05773926E+07,-9.37654E+01
6.05804443E+07,-9.41854E+01
6.05834961E+07,-9.59854E+01
6.05865479E+07,-1.05465E+02
6.05895996E+07,-1.05485E+02
6.05926514E+07,-1.01785E+02
6.05957031E+07,-9.97854E+01
6.05987549E+07,-9.57854E+01
6.06018066E+07,-1.00245E+02
6.06048584E+07,-1.06105E+02
6.06079102E+07,-1.03445E+02
6.06109619E+07,-9.40854E+01
6.06140137E+07,-9.87254E+01
6.06170654E+07,-9.92054E+01
6.06201172E+07,-9.85054E+01
6.06231689E+07,-9.79454E+01
6.06262207E+07,-9.17854E+01
6.06292725E+07,-9.41454E+01
6.06323242E+07,-9.93654E+01
6.06353760E+07,-1.00665E+02
6.06384277E+07,-9.81654E+01
6.06414795E+07,-1.03725E+02
6.06445312E+07,-9.70254E+01
6.06475830E+07,-9.61054E+01
6.06506348E+07,-1.03405E+02
6.06536865E+07,-1.06925E+02
6.06567383E+07,-1.05105E+02
6.06597900E+07,-1.12905E+02
6.06628418E+07,-9.88054E+01
6.06658936E+07,-1.00525E+02
6.06689453E+07,-1.14505E+02
6.06719971E+07,-9.46854E+01
6.06750488E+07,-9.13454E+01
6.06781006E+07,-9.57254E+01
6.06811523E+07,-9.34454E+01
6.06842041E+07,-9.45054E+01
6.06872559E+07,-9.89454E+01
6.06903076E+07,-1.09345E+02
6.06933594E+07,-1.04285E+02
6.06964111E+07,-1.07185E+02
6.06994629E+07,-9.90254E+01
6.07025146E+07,-9.87254E+01
6.07055664E+07,-1.01365E+02
6.07086182E+07,-9.80454E+01
6.07116699E+07,-1.03705E+02
6.07147217E+07,-9.82854E+01
6.07177734E+07,-9.79454E+01
6.07208252E+07,-9.13254E+01
6.07238770E+07,-9.40054E+01
6.07269287E+07,-9.64854E+01
6.07299805E+07,-9.63254E+01
6.07330322E+07,-1.17305E+02
6.07360840E+07,-1.05845E+02
6.07391357E+07,-9.54854E+01
6.07421875E+07,-9.29254E+01
6.07452393E+07,-9.89254E+01
6.07482910E+07,-1.04225E+02
6.07513428E+07,-1.08265E+02
6.07543945E+07,-1.02245E+02
6.07574463E+07,-1.05105E+02
6.07604980E+07,-1.05245E+02
6.07635498E+07,-1.07525E+02
6.07666016E+07,-1.22365E+02
6.07696533E+07,-1.02445E+02
6.07727051E+07,-9.55254E+01
6.07757568E+07,-8.95254E+01
6.07788086E+07,-9.24254E+01
6.07818604E+07,-9.99454E+01
6.07849121E+07,-1.04345E+02
6.07879639E+07,-9.91654E+01
6.07910156E+07,-9.61454E+01
6.07940674E+07,-9.63054E+01
6.07971191E+07,-9.97254E+01
6.08001709E+07,-1.02685E+02
6.08032227E+07,-1.11105E+02
6.08062744E+07,-9.41854E+01
6.08093262E+07,-9.38054E+01
6.08123779E+07,-9.50054E+01
6.08154297E+07,-1.01825E+02
6.08184814E+07,-1.05865E+02
6.08215332E+07,-1.14085E+02
6.08245850E+07,-1.08945E+02
6.08276367E+07,-9.93454E+01
6.08306885E+07,-9.36254E+01
6.08337402E+07,-1.03185E+02
6.08367920E+07,-1.02905E+02
6.08398438E+07,-1.04785E+02
6.08428955E+07,-9.60254E+01
6.08459473E+07,-1.00085E+02
6.08489990E+07,-1.05305E+02
6.08520508E+07,-1.04225E+02
6.08551025E+07,-1.05425E+02
6.08581543E+07,-9.56854E+01
6.08612061E+07,-9.62654E+01
6.08642578E+07,-1.00885E+02
6.08673096E+07,-1.01305E+02
6.08703613E+07,-9.31654E+01
6.08734131E+07,-9.68854E+01
6.08764648E+07,-9.52854E+01
6.08795166E+07,-9.02254E+01
6.08825684E+07,-9.17454E+01
6.08856201E+07,-9.80054E+01
6.08886719E+07,-1.08665E+02
6.08917236E+07,-1.09405E+02
6.08947754E+07,-9.81854E+01
6.08978271E+07,-9.71454E+01
6.09008789E+07,-9.87454E+01
6.09039307E+07,-1.00805E+02
6.09069824E+07,-1.02125E+02
6.09100342E+07,-1.04885E+02
6.09130859E+07,-1.06185E+02
6.09161377E+07,-1.01425E+02
6.09191895E+07,-9.61254E+01
6.09222412E+07,-1.01425E+02
6.09252930E+07,-1.02865E+02
6.09283447E+07,-1.05605E+02
6.09313965E+07,-1.00725E+02
6.09344482E+07,-9.89454E+01
6.09375000E+07,-1.03065E+02
6.09405518E+07,-1.15725E+02
6.09436035E+07,-1.00505E+02
6.09466553E+07,-9.65854E+01
6.09497070E+07,-9.83254E+01
6.09527588E+07,-1.06585E+02
6.09558105E+07,-1.03325E+02
6.09588623E+07,-9.90654E+01
6.09619141E+07,-9.46654E+01
6.09649658E+07,-9.40054E+01
6.09680176E+07,-1.02425E+02
6.09710693E+07,-9.64654E+01
6.09741211E+07,-1.00905E+02
6.09771729E+07,-1.00205E+02
6.09802246E+07,-1.00465E+02
6.09832764E+07,-9.57454E+01
6.09863281E+07,-9.26854E+01
6.09893799E+07,-9.79654E+01
6.09924316E+07,-1.02905E+02
6.09954834E+07,-9.63654E+01
6.09985352E+07,-1.01565E+02
6.10015869E+07,-1.05565E+02
6.10046387E+07,-1.03705E+02
6.10076904E+07,-1.02005E+02
6.10107422E+07,-9.50654E+01
6.10137939E+07,-9.91654E+01
6.10168457E+07,-1.00345E+02
6.10198975E+07,-1.06185E+02
6.10229492E+07,-1.14745E+02
6.10260010E+07,-1.09805E+02
6.10290527E+07,-1.09345E+02
6.10321045E+07,-9.89454E+01
6.10351562E+07,-9.64454E+01
6.10382080E+07,-9.52854E+01
6.10412598E+07,-9.37654E+01
6.10443115E+07,-1.00285E+02
6.10473633E+07,-1.00025E+02
6.10504150E+07,-1.02125E+02
6.10534668E+07,-9.69054E+01
6.10565186E+07,-9.35454E+01
6.10595703E+07,-9.50254E+01
6.10626221E+07,-1.05405E+02
6.10656738E+07,-1.04365E+02
6.10687256E+07,-9.77254E+01
6.10717773E+07,-1.01785E+02
6.10748291E+07,-9.41854E+01
6.10778809E+07,-9.26254E+01
6.10809326E+07,-9.76254E+01
6.10839844E+07,-1.08725E+02
6.10870361E+07,-1.14745E+02
6.10900879E+07,-1.10965E+02
6.10931396E+07,-1.01745E+02
6.10961914E+07,-1.00125E+02
6.10992432E+07,-9.70854E+01
6.11022949E+07,-1.01385E+02
6.11053467E+07,-1.02965E+02
6.11083984E+07,-1.09045E+02
6.11114502E+07,-1.00225E+02
6.11145020E+07,-9.77054E+01
6.11175537E+07,-1.02905E+02
6.11206055E+07,-1.03765E+02
6.11236572E+07,-9.59654E+01
6.11267090E+07,-9.78854E+01
6.11297607E+07,-1.10465E+02
6.11328125E+07,-1.00425E+02
6.11358643E+07,-9.82654E+01
6.11389160E+07,-1.00125E+02
6.11419678E+07,-1.05465E+02
6.11450195E+07,-9.52854E+01
6.11480713E+07,-9.68454E+01
6.11511230E+07,-1.03025E+02
6.11541748E+07,-1.06925E+02
6.11572266E+07,-1.01585E+02
6.11602783E+07,-1.01705E+02
6.11633301E+07,-9.69654E+01
6.11663818E+07,-1.01965E+02
6.11694336E+07,-1.03765E+02
6.11724854E+07,-9.91654E+01
6.11755371E+07,-9.21454E+01
6.11785889E+07,-9.41454E+01
6.11816406E+07,-1.03625E+02
6.11846924E+07,-1.08585E+02
6.11877441E+07,-9.92254E+01
6.11907959E+07,-9.53254E+01
6.11938477E+07,-9.63054E+01
6.11968994E+07,-1.03265E+02
6.11999512E+07,-1.05645E+02
6.12030029E+07,-1.03305E+02
6.12060547E+07,-1.07005E+02
6.12091064E+07,-9.86454E+01
6.12121582E+07,-1.00285E+02
6.12152100E+07,-1.15025E+02
6.12182617E+07,-1.02325E+02
6.12213135E+07,-1.04185E+02
6.12243652E+07,-1.03365E+02
6.12274170E+07,-1.00045E+02
6.12304688E+07,-1.02805E+02
6.12335205E+07,-1.03465E+02
6.12365723E+07,-1.17565E+02
6.12396240E+07,-9.85854E+01
6.12426758E+07,-9.87454E+01
6.12457275E+07,-1.00805E+02
6.12487793E+07,-1.04465E+02
6.12518311E+07,-1.09185E+02
6.12548828E+07,-9.97254E+01
6.12579346E+07,-9.49854E+01
6.12609863E+07,-9.81854E+01
6.12640381E+07,-9.71654E+01
6.12670898E+07,-9.56654E+01
6.12701416E+07,-9.43054E+01
6.12731934E+07,-8.94854E+01
6.12762451E+07,-9.09054E+01
6.12792969E+07,-1.05245E+02
6.12823486E+07,-1.04565E+02
6.12854004E+07,-9.76054E+01
6.12884521E+07,-9.40054E+01
6.12915039E+07,-9.18654E+01
6.12945557E+07,-9.57254E+01
6.12976074E+07,-1.00065E+02
6.13006592E+07,-9.76854E+01
6.13037109E+07,-1.06685E+02
6.13067627E+07,-9.84454E+01
6.13098145E+07,-9.78254E+01
6.13128662E+07,-1.01005E+02
6.13159180E+07,-1.01445E+02
6.13189697E+07,-1.01905E+02
6.13220215E+07,-9.17654E+01
6.13250732E+07,-8.73254E+01
6.13281250E+07,-9.01854E+01
6.13311768E+07,-9.69254E+01
6.13342285E+07,-1.01325E+02
6.13372803E+07,-1.09825E+02
6.13403320E+07,-1.03505E+02
6.13433838E+07,-1.03665E+02
6.13464355E+07,-1.05625E+02
6.13494873E+07,-1.04605E+02
6.13525391E+07,-1.08505E+02
6.13555908E+07,-1.09765E+02
6.13586426E+07,-1.04605E+02
6.13616943E+07,-1.12805E+02
6.13647461E+07,-1.06785E+02
6.13677979E+07,-9.90854E+01
6.13708496E+07,-1.12505E+02
6.13739014E+07,-1.08705E+02
6.13769531E+07,-1.19205E+02
6.13800049E+07,-1.04425E+02
6.13830566E+07,-1.02485E+02
6.13861084E+07,-9.79254E+01
6.13891602E+07,-9.55454E+01
6.13922119E+07,-1.02585E+02
6.13952637E+07,-1.03405E+02
6.13983154E+07,-1.00325E+02
6.14013672E+07,-9.80254E+01
6.14044189E+07,-9.98054E+01
6.14074707E+07,-9.70654E+01
6.14105225E+07,-9.34654E+01
6.14135742E+07,-9.73654E+01
6.14166260E+07,-1.02905E+02
6.14196777E+07,-9.43454E+01
6.14227295E+07,-8.52254E+01
6.14257812E+07,-8.25054E+01
6.14288330E+07,-9.08254E+01
6.14318848E+07,-1.02745E+02
6.14349365E+07,-9.98054E+01
6.14379883E+07,-9.51654E+01
6.14410400E+07,-9.23254E+01
6.14440918E+07,-9.44454E+01
6.14471436E+07,-1.07965E+02
6.14501953E+07,-9.60854E+01
6.14532471E+07,-9.69254E+01
6.14562988E+07,-1.00005E+02
6.14593506E+07,-9.72054E+01
6.14624023E+07,-1.00385E+02
6.14654541E+07,-1.05345E+02
6.14685059E+07,-9.84054E+01
6.14715576E+07,-8.83654E+01
6.14746094E+07,-7.83654E+01
6.14776611E+07,-8.22254E+01
6.14807129E+07,-9.52054E+01
6.14837646E+07,-9.41454E+01
6.14868164E+07,-9.60254E+01
6.14898682E+07,-9.96054E+01
6.14929199E+07,-1.00005E+02
6.14959717E+07,-1.02425E+02
6.14990234E+07,-9.97654E+01
6.15020752E+07,-1.01625E+02
6.15051270E+07,-9.90054E+01
6.15081787E+07,-9.53054E+01
6.15112305E+07,-9.58854E+01
6.15142822E+07,-1.12125E+02
6.15173340E+07,-1.01745E+02
6.15203857E+07,-8.76254E+01
6.15234375E+07,-7.22254E+01
6.15264893E+07,-7.05854E+01
6.15295410E+07,-8.24254E+01
6.15325928E+07,-9.27054E+01
6.15356445E+07,-9.16454E+01
6.15386963E+07,-9.31654E+01
6.15417480E+07,-1.00325E+02
6.15447998E+07,-1.01745E+02
6.15478516E+07,-9.81254E+01
6.15509033E+07,-1.01365E+02
6.15539551E+07,-1.06645E+02
6.15570068E+07,-1.09065E+02
6.15600586E+07,-1.06865E+02
6.15631104E+07,-1.00965E+02
6.15661621E+07,-9.70054E+01
6.15692139E+07,-9.78054E+01
6.15722656E+07,-7.13654E+01
6.15753174E+07,-6.51854E+01
6.15783691E+07,-7.08054E+01
6.15814209E+07,-1.07985E+02
6.15844727E+07,-1.00465E+02
6.15875244E+07,-1.01505E+02
6.15905762E+07,-9.80454E+01
6.15936279E+07,-9.91854E+01
6.15966797E+07,-1.00365E+02
6.15997314E+07,-9.90654E+01
6.16027832E+07,-1.01425E+02
6.16058350E+07,-1.15705E+02
6.16088867E+07,-1.01805E+02
6.16119385E+07,-9.63654E+01
6.16149902E+07,-9.33054E+01
6.16180420E+07,-1.00325E+02
6.16210938E+07,-7.57654E+01
6.16241455E+07,-6.33654E+01
6.16271973E+07,-6.42254E+01
6.16302490E+07,-8.01454E+01
6.16333008E+07,-9.12454E+01
6.16363525E+07,-1.00025E+02
6.16394043E+07,-9.65654E+01
6.16424561E+07,-1.03845E+02
6.16455078E+07,-9.69654E+01
6.16485596E+07,-9.79854E+01
6.16516113E+07,-1.02225E+02
6.16546631E+07,-9.84254E+01
6.16577148E+07,-1.05285E+02
6.16607666E+07,-1.03885E+02
6.16638184E+07,-1.00085E+02
6.16668701E+07,-9.92054E+01
6.16699219E+07,-8.81454E+01
6.16729736E+07,-6.67054E+01
6.16760254E+07,-6.33054E+01
6.16790771E+07,-7.21254E+01
6.16821289E+07,-9.38854E+01
6.16851807E+07,-1.03165E+02
6.16882324E+07,-1.00505E+02
6.16912842E+07,-1.07445E+02
6.16943359E+07,-1.00985E+02
6.16973877E+07,-9.92854E+01
6.17004395E+07,-1.04405E+02
6.17034912E+07,-9.98654E+01
6.17065430E+07,-9.89054E+01
6.17095947E+07,-1.03725E+02
6.17126465E+07,-1.11285E+02
6.17156982E+07,-1.04405E+02
6.17187500E+07,-9.71454E+01
6.17218018E+07,-8.30654E+01
6.17248535E+07,-7.39254E+01
6.17279053E+07,-7.69854E+01
6.17309570E+07,-9.49854E+01
6.17340088E+07,-1.07185E+02
6.17370605E+07,-1.09745E+02
6.17401123E+07,-1.00885E+02
6.17431641E+07,-1.04425E+02
6.17462158E+07,-9.67454E+01
6.17492676E+07,-9.70054E+01
6.17523193E+07,-1.05785E+02
6.17553711E+07,-1.03185E+02
6.17584229E+07,-1.01305E+02
6.17614746E+07,-9.92654E+01
6.17645264E+07,-1.07185E+02
6.17675781E+07,-1.01325E+02
6.17706299E+07,-8.44054E+01
6.17736816E+07,-6.89654E+01
6.17767334E+07,-6.82654E+01
6.17797852E+07,-8.13454E+01
6.17828369E+07,-9.19054E+01
6.17858887E+07,-9.36254E+01
6.17889404E+07,-9.25854E+01
6.17919922E+07,-9.56054E+01
6.17950439E+07,-1.06965E+02
6.17980957E+07,-1.05265E+02
6.18011475E+07,-1.00605E+02
6.18041992E+07,-9.97854E+01
6.18072510E+07,-1.02145E+02
6.18103027E+07,-1.00025E+02
6.18133545E+07,-9.64254E+01
6.18164062E+07,-9.66454E+01
6.18194580E+07,-1.02065E+02
6.18225098E+07,-7.24854E+01
6.18255615E+07,-6.70454E+01
6.18286133E+07,-7.37654E+01
6.18316650E+07,-9.93454E+01
6.18347168E+07,-9.47054E+01
6.18377686E+07,-9.69454E+01
6.18408203E+07,-9.77654E+01
6.18438721E+07,-1.00285E+02
6.18469238E+07,-1.09265E+02
6.18499756E+07,-1.22805E+02
6.18530273E+07,-1.00205E+02
6.18560791E+07,-9.45654E+01
6.18591309E+07,-9.75854E+01
6.18621826E+07,-1.16805E+02
6.18652344E+07,-1.00805E+02
6.18682861E+07,-9.38054E+01
6.18713379E+07,-8.77654E+01
6.18743896E+07,-7.43454E+01
6.18774414E+07,-7.62254E+01
6.18804932E+07,-1.00065E+02
6.18835449E+07,-9.29854E+01
6.18865967E+07,-1.09425E+02
6.18896484E+07,-9.84254E+01
6.18927002E+07,-9.71654E+01
6.18957520E+07,-9.63254E+01
6.18988037E+07,-9.48854E+01
6.19018555E+07,-9.89454E+01
6.19049072E+07,-1.02865E+02
6.19079590E+07,-1.07105E+02
6.19110107E+07,-9.91654E+01
6.19140625E+07,-9.81454E+01
6.19171143E+07,-1.01565E+02
6.19201660E+07,-8.99454E+01
6.19232178E+07,-7.15254E+01
6.19262695E+07,-6.88254E+01
6.19293213E+07,-7.92454E+01
6.19323730E+07,-9.46254E+01
6.19354248E+07,-1.03585E+02
6.19384766E+07,-9.89254E+01
6.19415283E+07,-1.06825E+02
6.19445801E+07,-9.96054E+01
6.19476318E+07,-9.87254E+01
6.19506836E+07,-1.02805E+02
6.19537354E+07,-1.02065E+02
6.19567871E+07,-1.00865E+02
6.19598389E+07,-1.23805E+02
6.19628906E+07,-1.10765E+02
6.19659424E+07,-1.13965E+02
6.19689941E+07,-9.35054E+01
6.19720459E+07,-7.93454E+01
6.19750977E+07,-7.03654E+01
6.19781494E+07,-7.44854E+01
6.19812012E+07,-9.59054E+01
6.19842529E+07,-1.02825E+02
6.19873047E+07,-9.89054E+01
6.19903564E+07,-9.75054E+01
6.19934082E+07,-9.98454E+01
6.19964600E+07,-9.73254E+01
6.19995117E+07,-9.68854E+01
6.20025635E+07,-9.73454E+01
6.20056152E+07,-9.76454E+01
6.20086670E+07,-1.02585E+02
6.20117188E+07,-1.07085E+02
6.20147705E+07,-9.89854E+01
6.20178223E+07,-9.78654E+01
6.20208740E+07,-9.20054E+01
6.20239258E+07,-7.88854E+01
6.20269775E+07,-7.95654E+01
6.20300293E+07,-9.78654E+01
6.20330811E+07,-9.68054E+01
6.20361328E+07,-9.76654E+01
6.20391846E+07,-1.06165E+02
6.20422363E+07,-1.05005E+02
6.20452881E+07,-9.97854E+01
6.20483398E+07,-1.09725E+02
6.20513916E+07,-1.06645E+02
6.20544434E+07,-1.04625E+02
6.20574951E+07,-9.86254E+01
6.20605469E+07,-9.93254E+01
6.20635986E+07,-1.04705E+02
6.20666504E+07,-1.00365E+02
6.20697021E+07,-1.08385E+02
6.20727539E+07,-7.38454E+01
6.20758057E+07,-6.95854E+01
6.20788574E+07,-7.77454E+01
6.20819092E+07,-9.55054E+01
6.20849609E+07,-9.76454E+01
6.20880127E+07,-1.02085E+02
6.20910645E+07,-1.00865E+02
6.20941162E+07,-1.02525E+02
6.20971680E+07,-9.88654E+01
6.21002197E+07,-1.04285E+02
6.21032715E+07,-1.03445E+02
6.21063232E+07,-1.01785E+02
6.21093750E+07,-1.10485E+02
6.21124268E+07,-1.02685E+02
6.21154785E+07,-1.01885E+02
6.21185303E+07,-9.91054E+01
6.21215820E+07,-8.11054E+01
6.21246338E+07,-7.04254E+01
6.21276855E+07,-7.30654E+01
6.21307373E+07,-9.34054E+01
6.21337891E+07,-1.00245E+02
6.21368408E+07,-9.56454E+01
6.21398926E+07,-9.74254E+01
6.21429443E+07,-9.36254E+01
6.21459961E+07,-9.48054E+01
6.21490479E+07,-1.06345E+02
6.21520996E+07,-1.00325E+02
6.21551514E+07,-1.22765E+02
6.21582031E+07,-1.04645E+02
6.21612549E+07,-1.06665E+02
6.21643066E+07,-1.03965E+02
6.21673584E+07,-1.00165E+02
6.21704102E+07,-9.30654E+01
6.21734619E+07,-7.76054E+01
6.21765137E+07,-7.63654E+01
6.21795654E+07,-8.73054E+01
6.21826172E+07,-1.02865E+02
6.21856689E+07,-1.04665E+02
6.21887207E+07,-9.49254E+01
6.21917725E+07,-1.00185E+02
6.21948242E+07,-1.07545E+02
6.21978760E+07,-1.05525E+02
6.22009277E+07,-9.88454E+01
6.22039795E+07,-9.69654E+01
6.22070312E+07,-9.83254E+01
6.22100830E+07,-1.01665E+02
6.22131348E+07,-9.98454E+01
6.22161865E+07,-1.00865E+02
6.22192383E+07,-1.08585E+02
6.22222900E+07,-8.96254E+01
6.22253418E+07,-8.34054E+01
6.22283936E+07,-8.94454E+01
6.22314453E+07,-1.03365E+02
6.22344971E+07,-1.05365E+02
6.22375488E+07,-9.90854E+01
6.22406006E+07,-9.44054E+01
6.22436523E+07,-1.01965E+02
6.22467041E+07,-9.93254E+01
6.22497559E+07,-9.89454E+01
6.22528076E+07,-1.02585E+02
6.22558594E+07,-1.02565E+02
6.22589111E+07,-1.10905E+02
6.22619629E+07,-1.09945E+02
6.22650146E+07,-9.91654E+01
6.22680664E+07,-1.01865E+02
6.22711182E+07,-1.01005E+02
6.22741699E+07,-9.08254E+01
6.22772217E+07,-9.08854E+01
6.22802734E+07,-9.75654E+01
6.22833252E+07,-1.02685E+02
6.22863770E+07,-1.01345E+02
6.22894287E+07,-9.96054E+01
6.22924805E+07,-9.97854E+01
6.22955322E+07,-1.01485E+02
6.22985840E+07,-9.60854E+01
6.23016357E+07,-1.01825E+02
6.23046875E+07,-9.68454E+01
6.23077393E+07,-9.81254E+01
6.23107910E+07,-1.01085E+02
6.23138428E+07,-1.02445E+02
6.23168945E+07,-1.05985E+02
6.23199463E+07,-9.50254E+01
6.23229980E+07,-9.78454E+01
6.23260498E+07,-9.65654E+01
6.23291016E+07,-1.02505E+02
6.23321533E+07,-1.02085E+02
6.23352051E+07,-9.96854E+01
6.23382568E+07,-1.04365E+02
6.23413086E+07,-1.01825E+02
6.23443604E+07,-1.07445E+02
6.23474121E+07,-9.75854E+01
6.23504639E+07,-9.60254E+01
6.23535156E+07,-9.88854E+01
6.23565674E+07,-1.03925E+02
6.23596191E+07,-1.21245E+02
6.23626709E+07,-1.04505E+02
6.23657227E+07,-1.16505E+02
6.23687744E+07,-9.83254E+01
6.23718262E+07,-9.55054E+01
6.23748779E+07,-9.34654E+01
6.23779297E+07,-1.00765E+02
6.23809814E+07,-1.24005E+02
6.23840332E+07,-1.14565E+02
6.23870850E+07,-1.03925E+02
6.23901367E+07,-1.02245E+02
6.23931885E+07,-1.00225E+02
6.23962402E+07,-1.01225E+02
6.23992920E+07,-1.01125E+02
6.24023438E+07,-1.00645E+02
6.24053955E+07,-1.00485E+02
6.24084473E+07,-1.05625E+02
6.24114990E+07,-1.01405E+02
6.24145508E+07,-9.88054E+01
6.24176025E+07,-9.64454E+01
6.24206543E+07,-1.00705E+02
6.24237061E+07,-1.01485E+02
6.24267578E+07,-1.09165E+02
6.24298096E+07,-1.04085E+02
6.24328613E+07,-1.04725E+02
6.24359131E+07,-1.03265E+02
6.24389648E+07,-9.80454E+01
6.24420166E+07,-9.63054E+01
6.24450684E+07,-1.06725E+02
6.24481201E+07,-1.01025E+02
6.24511719E+07,-1.05305E+02
6.24542236E+07,-1.01065E+02
6.24572754E+07,-9.64454E+01
6.24603271E+07,-9.67454E+01
6.24633789E+07,-1.08685E+02
6.24664307E+07,-9.64454E+01
6.24694824E+07,-9.50654E+01
6.24725342E+07,-9.94454E+01
6.24755859E+07,-9.72454E+01
6.24786377E+07,-9.53254E+01
6.24816895E+07,-1.04705E+02
6.24847412E+07,-1.12085E+02
6.24877930E+07,-1.01025E+02
6.24908447E+07,-9.75054E+01
6.24938965E+07,-9.55054E+01
6.24969482E+07,-9.54654E+01
6.25000000E+07,-9.04854E+01
6.25030518E+07,-9.28054E+01
6.25061035E+07,-9.74454E+01
6.25091553E+07,-1.08325E+02
6.25122070E+07,-1.10385E+02
6.25152588E+07,-1.01685E+02
6.25183105E+07,-9.91654E+01
6.25213623E+07,-1.04145E+02
6.25244141E+07,-1.09465E+02
6.25274658E+07,-9.88454E+01
6.25305176E+07,-9.74854E+01
6.25335693E+07,-9.82854E+01
6.25366211E+07,-9.92054E+01
6.25396729E+07,-9.73854E+01
6.25427246E+07,-1.04345E+02
6.25457764E+07,-1.10585E+02
6.25488281E+07,-1.00105E+02
6.25518799E+07,-1.02685E+02
6.25549316E+07,-9.96654E+01
6.25579834E+07,-9.81054E+01
6.25610352E+07,-1.00105E+02
6.25640869E+07,-1.01565E+02
6.25671387E+07,-1.03225E+02
6.25701904E+07,-9.81254E+01
6.25732422E+07,-9.41854E+01
6.25762939E+07,-9.89454E+01
6.25793457E+07,-1.15905E+02
6.25823975E+07,-1.03325E+02
6.25854492E+07,-9.96454E+01
6.25885010E+07,-9.59654E+01
6.25915527E+07,-9.38854E+01
6.25946045E+07,-9.31854E+01
6.25976562E+07,-9.48854E+01
6.26007080E+07,-9.64254E+01
6.26037598E+07,-9.74254E+01
6.26068115E+07,-9.63454E+01
6.26098633E+07,-9.38854E+01
6.26129150E+07,-9.79254E+01
6.26159668E+07,-1.11825E+02
6.26190186E+07,-9.48454E+01
6.26220703E+07,-9.16854E+01
6.26251221E+07,-9.40454E+01
6.26281738E+07,-9.33654E+01
6.26312256E+07,-9.56854E+01
6.26342773E+07,-1.08705E+02
6.26373291E+07,-1.05565E+02
6.26403809E+07,-1.12325E+02
6.26434326E+07,-1.11345E+02
6.26464844E+07,-9.93854E+01
6.26495361E+07,-9.45254E+01
6.26525879E+07,-9.80454E+01
6.26556396E+07,-1.04665E+02
6.26586914E+07,-9.90654E+01
6.26617432E+07,-9.62454E+01
6.26647949E+07,-9.69254E+01
6.26678467E+07,-1.00005E+02
6.26708984E+07,-9.65454E+01
6.26739502E+07,-9.25654E+01
6.26770020E+07,-1.01045E+02
6.26800537E+07,-9.80054E+01
6.26831055E+07,-9.45254E+01
6.26861572E+07,-9.37254E+01
6.26892090E+07,-1.06765E+02
6.26922607E+07,-9.42254E+01
6.26953125E+07,-9.83054E+01
6.26983643E+07,-1.02085E+02
6.27014160E+07,-1.07485E+02
6.27044678E+07,-9.89054E+01
6.27075195E+07,-9.59454E+01
6.27105713E+07,-1.00205E+02
6.27136230E+07,-1.01145E+02
6.27166748E+07,-1.00885E+02
6.27197266E+07,-9.71654E+01
6.27227783E+07,-1.03165E+02
6.27258301E+07,-9.14254E+01
6.27288818E+07,-9.26454E+01
6.27319336E+07,-1.00325E+02
6.27349854E+07,-1.14625E+02
6.27380371E+07,-1.02225E+02
6.27410889E+07,-9.75854E+01
6.27441406E+07,-9.97454E+01
6.27471924E+07,-1.01105E+02
6.27502441E+07,-1.11965E+02
6.27532959E+07,-9.82054E+01
6.27563477E+07,-1.01165E+02
6.27593994E+07,-1.05265E+02
6.27624512E+07,-9.96854E+01
6.27655029E+07,-9.61854E+01
6.27685547E+07,-9.55054E+01
6.27716064E+07,-9.23054E+01
6.27746582E+07,-8.25054E+01
6.27777100E+07,-8.47054E+01
6.27807617E+07,-1.07985E+02
6.27838135E+07,-9.97654E+01
6.27868652E+07,-1.18465E+02
6.27899170E+07,-1.18285E+02
6.27929688E+07,-1.05985E+02
6.27960205E+07,-9.95454E+01
6.27990723E+07,-1.00985E+02
6.28021240E+07,-9.85854E+01
6.28051758E+07,-1.02085E+02
6.28082275E+07,-9.99054E+01
6.28112793E+07,-1.01345E+02
6.28143311E+07,-1.13665E+02
6.28173828E+07,-1.01805E+02
6.28204346E+07,-9.52054E+01
6.28234863E+07,-7.78654E+01
6.28265381E+07,-7.69454E+01
6.28295898E+07,-9.05454E+01
6.28326416E+07,-9.50254E+01
6.28356934E+07,-1.00345E+02
6.28387451E+07,-1.11445E+02
6.28417969E+07,-9.68654E+01
6.28448486E+07,-9.84254E+01
6.28479004E+07,-1.01205E+02
6.28509521E+07,-9.69054E+01
6.28540039E+07,-1.01305E+02
6.28570557E+07,-9.88054E+01
6.28601074E+07,-9.73654E+01
6.28631592E+07,-9.60454E+01
6.28662109E+07,-1.01145E+02
6.28692627E+07,-1.04665E+02
6.28723145E+07,-7.63254E+01
6.28753662E+07,-7.04654E+01
6.28784180E+07,-7.66254E+01
6.28814697E+07,-9.90454E+01
6.28845215E+07,-1.02305E+02
6.28875732E+07,-1.08485E+02
6.28906250E+07,-1.08705E+02
6.28936768E+07,-1.05065E+02
6.28967285E+07,-9.84854E+01
6.28997803E+07,-1.00245E+02
6.29028320E+07,-9.55254E+01
6.29058838E+07,-9.90254E+01
6.29089355E+07,-1.09765E+02
6.29119873E+07,-1.03465E+02
6.29150391E+07,-1.03085E+02
6.29180908E+07,-9.55654E+01
6.29211426E+07,-8.19454E+01
6.29241943E+07,-6.99454E+01
6.29272461E+07,-7.13854E+01
6.29302979E+07,-8.64054E+01
6.29333496E+07,-1.01185E+02
6.29364014E+07,-1.07905E+02
6.29394531E+07,-9.54054E+01
6.29425049E+07,-9.78854E+01
6.29455566E+07,-9.87054E+01
6.29486084E+07,-9.72254E+01
6.29516602E+07,-9.75254E+01
6.29547119E+07,-1.08005E+02
6.29577637E+07,-1.01125E+02
6.29608154E+07,-9.98454E+01
6.29638672E+07,-1.18665E+02
6.29669189E+07,-1.05785E+02
6.29699707E+07,-1.09985E+02
6.29730225E+07,-8.18054E+01
6.29760742E+07,-7.83654E+01
6.29791260E+07,-8.72054E+01
6.29821777E+07,-1.03705E+02
6.29852295E+07,-1.12905E+02
6.29882812E+07,-1.06045E+02
6.29913330E+07,-1.01365E+02
6.29943848E+07,-1.06425E+02
6.29974365E+07,-9.77054E+01
6.30004883E+07,-9.08454E+01
6.30035400E+07,-9.07654E+01
6.30065918E+07,-9.44254E+01
6.30096436E+07,-1.04265E+02
6.30126953E+07,-1.04325E+02
6.30157471E+07,-1.10285E+02
6.30187988E+07,-1.00525E+02
6.30218506E+07,-7.80254E+01
6.30249023E+07,-7.02454E+01
6.30279541E+07,-7.50654E+01
6.30310059E+07,-1.18805E+02
6.30340576E+07,-9.72854E+01
6.30371094E+07,-9.86254E+01
6.30401611E+07,-1.05425E+02
6.30432129E+07,-1.03445E+02
6.30462646E+07,-9.83254E+01
6.30493164E+07,-9.67254E+01
6.30523682E+07,-1.02085E+02
6.30554199E+07,-1.05705E+02
6.30584717E+07,-9.76254E+01
6.30615234E+07,-9.60654E+01
6.30645752E+07,-9.50454E+01
6.30676270E+07,-1.12005E+02
6.30706787E+07,-8.38854E+01
6.30737305E+07,-6.99654E+01
6.30767822E+07,-6.96254E+01
6.30798340E+07,-8.29254E+01
6.30828857E+07,-9.99454E+01
6.30859375E+07,-9.79254E+01
6.30889893E+07,-9.94454E+01
6.30920410E+07,-1.06445E+02
6.30950928E+07,-1.05365E+02
6.30981445E+07,-1.05485E+02
6.31011963E+07,-1.06085E+02
6.31042480E+07,-9.67654E+01
6.31072998E+07,-9.71254E+01
6.31103516E+07,-9.38454E+01
6.31134033E+07,-9.38854E+01
6.31164551E+07,-1.06365E+02
6.31195068E+07,-9.73054E+01
6.31225586E+07,-7.91454E+01
6.31256104E+07,-7.41854E+01
6.31286621E+07,-8.19854E+01
6.31317139E+07,-1.03305E+02
6.31347656E+07,-1.20365E+02
6.31378174E+07,-1.03765E+02
6.31408691E+07,-1.00205E+02
6.31439209E+07,-1.00205E+02
6.31469727E+07,-1.01285E+02
6.31500244E+07,-9.94454E+01
6.31530762E+07,-1.01705E+02
6.31561279E+07,-1.00845E+02
6.31591797E+07,-1.05945E+02
6.31622314E+07,-1.01505E+02
6.31652832E+07,-9.93054E+01
6.31683350E+07,-9.71054E+01
6.31713867E+07,-7.75454E+01
6.31744385E+07,-6.76254E+01
6.31774902E+07,-7.02054E+01
6.31805420E+07,-8.84254E+01
6.31835938E+07,-1.13625E+02
6.31866455E+07,-1.03325E+02
6.31896973E+07,-1.06005E+02
6.31927490E+07,-1.18585E+02
6.31958008E+07,-1.08585E+02
6.31988525E+07,-1.13265E+02
6.32019043E+07,-1.05145E+02
6.32049561E+07,-1.20125E+02
6.32080078E+07,-9.74654E+01
6.32110596E+07,-9.63254E+01
6.32141113E+07,-9.60454E+01
6.32171631E+07,-1.08305E+02
6.32202148E+07,-8.82654E+01
6.32232666E+07,-7.01254E+01
6.32263184E+07,-6.81654E+01
6.32293701E+07,-7.89854E+01
6.32324219E+07,-9.10054E+01
6.32354736E+07,-9.51054E+01
6.32385254E+07,-9.67054E+01
6.32415771E+07,-9.56654E+01
6.32446289E+07,-9.37654E+01
6.32476807E+07,-9.89054E+01
6.32507324E+07,-1.02205E+02
6.32537842E+07,-1.10285E+02
6.32568359E+07,-9.93454E+01
6.32598877E+07,-1.03365E+02
6.32629395E+07,-9.90654E+01
6.32659912E+07,-9.55854E+01
6.32690430E+07,-9.90254E+01
6.32720947E+07,-7.98054E+01
6.32751465E+07,-7.35454E+01
6.32781982E+07,-7.97254E+01
6.32812500E+07,-9.70054E+01
6.32843018E+07,-9.83454E+01
6.32873535E+07,-9.63054E+01
6.32904053E+07,-9.63054E+01
6.32934570E+07,-9.93854E+01
6.32965088E+07,-1.07105E+02
6.32995605E+07,-1.09085E+02
6.33026123E+07,-1.03625E+02
6.33056641E+07,-9.76854E+01
6.33087158E+07,-9.96054E+01
6.33117676E+07,-1.05985E+02
6.33148193E+07,-1.03225E+02
6.33178711E+07,-9.55654E+01
6.33209229E+07,-7.63654E+01
6.33239746E+07,-6.43654E+01
6.33270264E+07,-6.52254E+01
6.33300781E+07,-8.05654E+01
6.33331299E+07,-9.55254E+01
6.33361816E+07,-9.78854E+01
6.33392334E+07,-1.10005E+02
6.33422852E+07,-1.01205E+02
6.33453369E+07,-9.85854E+01
6.33483887E+07,-9.53854E+01
6.33514404E+07,-9.62854E+01
6.33544922E+07,-1.00385E+02
6.33575439E+07,-1.01665E+02
6.33605957E+07,-1.01565E+02
6.33636475E+07,-9.82054E+01
6.33666992E+07,-9.56654E+01
6.33697510E+07,-8.85854E+01
6.33728027E+07,-6.64254E+01
6.33758545E+07,-6.26454E+01
6.33789062E+07,-7.09654E+01
6.33819580E+07,-9.50254E+01
6.33850098E+07,-1.04145E+02
6.33880615E+07,-1.03065E+02
6.33911133E+07,-1.05365E+02
6.33941650E+07,-9.51254E+01
6.33972168E+07,-9.75254E+01
6.34002686E+07,-1.06085E+02
6.34033203E+07,-1.00025E+02
6.34063721E+07,-9.26454E+01
6.34094238E+07,-9.61654E+01
6.34124756E+07,-9.58454E+01
6.34155273E+07,-9.35054E+01
6.34185791E+07,-1.10785E+02
6.34216309E+07,-7.44254E+01
6.34246826E+07,-6.61654E+01
6.34277344E+07,-7.01254E+01
6.34307861E+07,-9.36654E+01
6.34338379E+07,-1.22765E+02
6.34368896E+07,-1.08485E+02
6.34399414E+07,-1.00545E+02
6.34429932E+07,-1.03805E+02
6.34460449E+07,-1.05525E+02
6.34490967E+07,-1.03405E+02
6.34521484E+07,-1.00505E+02
6.34552002E+07,-1.00725E+02
6.34582520E+07,-9.66854E+01
6.34613037E+07,-9.45454E+01
6.34643555E+07,-1.01125E+02
6.34674072E+07,-9.71654E+01
6.34704590E+07,-8.66854E+01
6.34735107E+07,-7.25254E+01
6.34765625E+07,-7.16254E+01
6.34796143E+07,-8.37054E+01
6.34826660E+07,-1.02625E+02
6.34857178E+07,-9.75854E+01
6.34887695E+07,-9.74254E+01
6.34918213E+07,-1.01125E+02
6.34948730E+07,-1.20265E+02
6.34979248E+07,-1.07985E+02
6.35009766E+07,-1.04145E+02
6.35040283E+07,-1.14945E+02
6.35070801E+07,-1.00985E+02
6.35101318E+07,-1.00405E+02
6.35131836E+07,-9.96654E+01
6.35162354E+07,-9.88654E+01
6.35192871E+07,-9.82254E+01
6.35223389E+07,-8.80854E+01
6.35253906E+07,-7.95254E+01
6.35284424E+07,-8.40454E+01
6.35314941E+07,-1.04505E+02
6.35345459E+07,-1.21145E+02
6.35375977E+07,-1.00545E+02
6.35406494E+07,-9.87654E+01
6.35437012E+07,-1.03805E+02
6.35467529E+07,-1.00985E+02
6.35498047E+07,-9.61254E+01
6.35528564E+07,-9.54854E+01
6.35559082E+07,-1.00945E+02
6.35589600E+07,-1.03625E+02
6.35620117E+07,-9.62054E+01
6.35650635E+07,-1.03505E+02
6.35681152E+07,-1.00065E+02
6.35711670E+07,-9.29654E+01
6.35742188E+07,-8.66854E+01
6.35772705E+07,-8.90854E+01
6.35803223E+07,-1.00545E+02
6.35833740E+07,-9.89854E+01
6.35864258E+07,-9.98254E+01
6.35894775E+07,-1.10145E+02
6.35925293E+07,-9.79054E+01
6.35955811E+07,-9.70654E+01
6.35986328E+07,-9.69854E+01
6.36016846E+07,-1.00625E+02
6.36047363E+07,-9.54254E+01
6.36077881E+07,-9.27654E+01
6.36108398E+07,-9.43854E+01
6.36138916E+07,-9.80054E+01
6.36169434E+07,-9.44054E+01
6.36199951E+07,-9.86054E+01
6.36230469E+07,-9.95854E+01
6.36260986E+07,-9.61654E+01
6.36291504E+07,-9.31854E+01
6.36322021E+07,-9.07654E+01
6.36352539E+07,-9.20454E+01
6.36383057E+07,-9.25854E+01
6.36413574E+07,-9.39254E+01
6.36444092E+07,-1.00005E+02
6.36474609E+07,-9.93054E+01
6.36505127E+07,-9.48854E+01
6.36535645E+07,-9.78054E+01
6.36566162E+07,-1.07985E+02
6.36596680E+07,-1.07985E+02
6.36627197E+07,-1.04305E+02
6.36657715E+07,-9.46854E+01
6.36688232E+07,-9.13654E+01
6.36718750E+07,-9.30854E+01
6.36749268E+07,-9.26854E+01
6.36779785E+07,-9.59454E+01
6.36810303E+07,-1.03125E+02
6.36840820E+07,-9.76454E+01
6.36871338E+07,-9.85454E+01
6.36901855E+07,-1.03365E+02
6.36932373E+07,-1.00105E+02
6.36962891E+07,-9.54054E+01
6.36993408E+07,-9.62854E+01
6.37023926E+07,-1.02005E+02
6.37054443E+07,-1.05705E+02
6.37084961E+07,-9.49054E+01
6.37115479E+07,-1.05885E+02
6.37145996E+07,-9.68854E+01
6.37176514E+07,-9.57454E+01
6.37207031E+07,-9.49854E+01
6.37237549E+07,-9.58054E+01
6.37268066E+07,-1.03805E+02
6.37298584E+07,-9.76254E+01
6.37329102E+07,-1.03925E+02
6.37359619E+07,-1.07705E+02
6.37390137E+07,-9.89254E+01
6.37420654E+07,-9.66054E+01
6.37451172E+07,-1.04905E+02
6.37481689E+07,-1.04185E+02
6.37512207E+07,-1.01005E+02
6.37542725E+07,-1.00665E+02
6.37573242E+07,-1.02305E+02
6.37603760E+07,-9.97254E+01
6.37634277E+07,-9.93654E+01
6.37664795E+07,-9.75454E+01
6.37695312E+07,-9.84254E+01
6.37725830E+07,-1.05425E+02
6.37756348E+07,-1.08145E+02
6.37786865E+07,-1.00565E+02
6.37817383E+07,-1.02765E+02
6.37847900E+07,-1.06265E+02
6.37878418E+07,-1.07445E+02
6.37908936E+07,-1.06405E+02
6.37939453E+07,-1.04145E+02
6.37969971E+07,-9.89454E+01
6.38000488E+07,-9.62054E+01
6.38031006E+07,-1.02565E+02
6.38061523E+07,-1.12125E+02
6.38092041E+07,-1.09825E+02
6.38122559E+07,-1.08985E+02
6.38153076E+07,-1.05945E+02
6.38183594E+07,-1.02485E+02
6.38214111E+07,-9.38454E+01
6.38244629E+07,-8.96654E+01
6.38275146E+07,-9.31854E+01
6.38305664E+07,-9.42654E+01
6.38336182E+07,-9.72054E+01
6.38366699E+07,-1.00465E+02
6.38397217E+07,-1.03765E+02
6.38427734E+07,-9.70254E+01
6.38458252E+07,-9.95454E+01
6.38488770E+07,-9.65254E+01
6.38519287E+07,-9.97254E+01
6.38549805E+07,-1.02385E+02
6.38580322E+07,-1.01025E+02
6.38610840E+07,-1.13025E+02
6.38641357E+07,-1.12585E+02
6.38671875E+07,-9.60254E+01
6.38702393E+07,-9.51654E+01
6.38732910E+07,-9.86254E+01
6.38763428E+07,-9.62854E+01
6.38793945E+07,-1.07105E+02
6.38824463E+07,-1.00985E+02
6.38854980E+07,-9.88654E+01
6.38885498E+07,-9.61654E+01
6.38916016E+07,-1.04845E+02
6.38946533E+07,-1.02585E+02
6.38977051E+07,-1.12225E+02
6.39007568E+07,-9.79054E+01
6.39038086E+07,-9.71054E+01
6.39068604E+07,-9.42254E+01
6.39099121E+07,-9.54454E+01
6.39129639E+07,-9.77654E+01
6.39160156E+07,-1.01305E+02
6.39190674E+07,-1.04725E+02
6.39221191E+07,-9.73654E+01
6.39251709E+07,-9.14854E+01
6.39282227E+07,-9.12054E+01
6.39312744E+07,-9.63654E+01
6.39343262E+07,-1.13365E+02
6.39373779E+07,-9.84454E+01
6.39404297E+07,-1.02385E+02
6.39434814E+07,-9.90454E+01
6.39465332E+07,-9.84054E+01
6.39495850E+07,-1.03765E+02
6.39526367E+07,-1.14545E+02
6.39556885E+07,-1.03085E+02
6.39587402E+07,-9.78054E+01
6.39617920E+07,-9.40054E+01
6.39648438E+07,-9.85254E+01
6.39678955E+07,-9.91454E+01
6.39709473E+07,-9.82854E+01
6.39739990E+07,-9.95654E+01
6.39770508E+07,-9.50654E+01
6.39801025E+07,-9.92254E+01
6.39831543E+07,-1.06125E+02
6.39862061E+07,-1.04805E+02
6.39892578E+07,-9.81654E+01
6.39923096E+07,-9.58854E+01
6.39953613E+07,-9.76254E+01
6.39984131E+07,-1.00805E+02
6.40014648E+07,-1.02965E+02
6.40045166E+07,-1.03125E+02
6.40075684E+07,-1.03165E+02
6.40106201E+07,-1.18685E+02
6.40136719E+07,-1.00705E+02
6.40167236E+07,-1.04385E+02
6.40197754E+07,-1.00065E+02
6.40228271E+07,-9.40454E+01
6.40258789E+07,-9.13254E+01
6.40289307E+07,-9.52654E+01
6.40319824E+07,-9.95654E+01
6.40350342E+07,-9.50654E+01
6.40380859E+07,-9.59454E+01
6.40411377E+07,-1.06085E+02
6.40441895E+07,-1.11825E+02
6.40472412E+07,-9.93854E+01
6.40502930E+07,-1.16145E+02
6.40533447E+07,-9.44254E+01
6.40563965E+07,-9.46254E+01
6.40594482E+07,-9.74454E+01
6.40625000E+07,-9.93454E+01
6.40655518E+07,-1.03365E+02
6.40686035E+07,-1.04805E+02
6.40716553E+07,-1.04305E+02
6.40747070E+07,-9.96454E+01
6.40777588E+07,-1.00145E+02
6.40808105E+07,-1.03065E+02
6.40838623E+07,-1.04305E+02
6.40869141E+07,-9.87454E+01
6.40899658E+07,-9.92454E+01
6.40930176E+07,-1.05265E+02
6.40960693E+07,-9.83454E+01
6.40991211E+07,-9.37254E+01
6.41021729E+07,-9.39254E+01
6.41052246E+07,-9.90254E+01
6.41082764E+07,-1.13665E+02
6.41113281E+07,-9.69654E+01
6.41143799E+07,-9.60254E+01
6.41174316E+07,-1.05125E+02
6.41204834E+07,-1.04745E+02
6.41235352E+07,-8.92454E+01
6.41265869E+07,-8.89854E+01
6.41296387E+07,-9.87454E+01
6.41326904E+07,-9.30854E+01
6.41357422E+07,-9.38854E+01
6.41387939E+07,-9.81654E+01
6.41418457E+07,-1.07545E+02
6.41448975E+07,-1.08905E+02
6.41479492E+07,-1.23805E+02
6.41510010E+07,-1.06045E+02
6.41540527E+07,-9.58054E+01
6.41571045E+07,-9.55454E+01
6.41601562E+07,-9.75854E+01
6.41632080E+07,-9.15454E+01
6.41662598E+07,-9.16254E+01
6.41693115E+07,-9.44254E+01
6.41723633E+07,-9.66854E+01
6.41754150E+07,-9.94454E+01
6.41784668E+07,-9.80454E+01
6.41815186E+07,-9.57054E+01
6.41845703E+07,-9.38454E+01
6.41876221E+07,-9.66254E+01
6.41906738E+07,-1.04945E+02
6.41937256E+07,-1.08405E+02
6.41967773E+07,-1.07885E+02
6.41998291E+07,-9.70454E+01
6.42028809E+07,-1.00245E+02
6.42059326E+07,-1.05965E+02
6.42089844E+07,-1.04985E+02
6.42120361E+07,-9.89854E+01
6.42150879E+07,-9.82454E+01
6.42181396E+07,-1.01885E+02
6.42211914E+07,-1.02165E+02
6.42242432E+07,-9.17054E+01
6.42272949E+07,-9.19654E+01
6.42303467E+07,-9.69054E+01
6.42333984E+07,-9.78454E+01
6.42364502E+07,-9.38854E+01
6.42395020E+07,-9.28054E+01
6.42425537E+07,-9.56654E+01
6.42456055E+07,-9.54054E+01
6.42486572E+07,-9.75654E+01
6.42517090E+07,-1.04545E+02
6.42547607E+07,-1.00525E+02
6.42578125E+07,-9.49854E+01
6.42608643E+07,-9.54654E+01
6.42639160E+07,-9.93054E+01
6.42669678E+07,-9.43054E+01
6.42700195E+07,-9.22454E+01
6.42730713E+07,-9.98854E+01
6.42761230E+07,-9.73854E+01
6.42791748E+07,-9.82254E+01
6.42822266E+07,-1.07625E+02
6.42852783E+07,-9.83854E+01
6.42883301E+07,-9.56054E+01
6.42913818E+07,-9.97654E+01
6.42944336E+07,-1.02445E+02
6.42974854E+07,-9.76854E+01
6.43005371E+07,-9.50254E+01
6.43035889E+07,-1.08345E+02
6.43066406E+07,-1.02765E+02
6.43096924E+07,-1.01405E+02
6.43127441E+07,-1.02825E+02
6.43157959E+07,-1.00505E+02
6.43188477E+07,-1.06065E+02
6.43218994E+07,-1.04005E+02
6.43249512E+07,-9.21654E+01
6.43280029E+07,-9.45454E+01
6.43310547E+07,-1.03365E+02
6.43341064E+07,-1.03805E+02
6.43371582E+07,-1.08065E+02
6.43402100E+07,-1.08765E+02
6.43432617E+07,-9.83854E+01
6.43463135E+07,-9.90254E+01
6.43493652E+07,-1.05325E+02
6.43524170E+07,-9.75854E+01
6.43554688E+07,-9.54454E+01
6.43585205E+07,-9.76654E+01
6.43615723E+07,-9.56654E+01
6.43646240E+07,-9.32254E+01
6.43676758E+07,-9.47854E+01
6.43707275E+07,-1.05845E+02
6.43737793E+07,-1.02925E+02
6.43768311E+07,-9.89454E+01
6.43798828E+07,-1.01085E+02
6.43829346E+07,-1.12905E+02
6.43859863E+07,-1.06065E+02
6.43890381E+07,-9.71254E+01
6.43920898E+07,-9.55054E+01
6.43951416E+07,-1.00045E+02
6.43981934E+07,-1.02485E+02
6.44012451E+07,-1.08485E+02
6.44042969E+07,-1.09945E+02
6.44073486E+07,-9.93054E+01
6.44104004E+07,-1.00885E+02
6.44134521E+07,-1.01505E+02
6.44165039E+07,-1.00765E+02
6.44195557E+07,-1.05885E+02
6.44226074E+07,-9.37254E+01
6.44256592E+07,-9.62254E+01
6.44287109E+07,-1.02985E+02
6.44317627E+07,-9.57454E+01
6.44348145E+07,-9.72054E+01
6.44378662E+07,-9.85654E+01
6.44409180E+07,-1.01005E+02
6.44439697E+07,-1.00845E+02
6.44470215E+07,-1.04145E+02
6.44500732E+07,-9.84854E+01
6.44531250E+07,-9.62654E+01
6.44561768E+07,-1.06345E+02
6.44592285E+07,-1.16005E+02
6.44622803E+07,-1.17025E+02
6.44653320E+07,-1.03965E+02
6.44683838E+07,-9.71654E+01
6.44714355E+07,-9.66454E+01
6.44744873E+07,-1.18065E+02
6.44775391E+07,-9.74454E+01
6.44805908E+07,-9.62454E+01
6.44836426E+07,-1.01525E+02
6.44866943E+07,-1.00225E+02
6.44897461E+07,-1.02285E+02
6.44927979E+07,-1.04085E+02
6.44958496E+07,-1.04145E+02
6.44989014E+07,-1.02985E+02
6.45019531E+07,-1.03725E+02
6.45050049E+07,-1.09225E+02
6.45080566E+07,-1.02445E+02
6.45111084E+07,-1.01365E+02
6.45141602E+07,-1.00005E+02
6.45172119E+07,-1.01745E+02
6.45202637E+07,-9.46654E+01
6.45233154E+07,-9.16254E+01
6.45263672E+07,-9.61654E+01
6.45294189E+07,-1.08325E+02
6.45324707E+07,-9.88454E+01
6.45355225E+07,-9.65854E+01
6.45385742E+07,-9.76254E+01
6.45416260E+07,-9.57854E+01
6.45446777E+07,-9.66254E+01
6.45477295E+07,-1.05085E+02
6.45507812E+07,-1.08585E+02
6.45538330E+07,-1.00765E+02
6.45568848E+07,-9.30854E+01
6.45599365E+07,-9.05254E+01
6.45629883E+07,-9.37254E+01
6.45660400E+07,-1.06745E+02
6.45690918E+07,-1.04285E+02
6.45721436E+07,-1.04645E+02
6.45751953E+07,-1.01905E+02
6.45782471E+07,-9.47854E+01
6.45812988E+07,-9.41854E+01
6.45843506E+07,-9.52054E+01
6.45874023E+07,-9.73654E+01
6.45904541E+07,-9.64254E+01
6.45935059E+07,-9.38054E+01
6.45965576E+07,-9.28654E+01
6.45996094E+07,-1.02925E+02
6.46026611E+07,-1.01285E+02
6.46057129E+07,-1.01045E+02
6.46087646E+07,-9.98654E+01
6.46118164E+07,-1.02865E+02
6.46148682E+07,-1.01005E+02
6.46179199E+07,-1.03845E+02
6.46209717E+07,-1.07785E+02
6.46240234E+07,-9.71454E+01
6.46270752E+07,-9.75054E+01
6.46301270E+07,-1.07445E+02
6.46331787E+07,-1.08005E+02
6.46362305E+07,-1.00365E+02
6.46392822E+07,-9.75254E+01
6.46423340E+07,-9.75854E+01
6.46453857E+07,-9.76054E+01
6.46484375E+07,-9.65054E+01
6.46514893E+07,-9.43454E+01
6.46545410E+07,-9.76854E+01
6.46575928E+07,-1.01205E+02
6.46606445E+07,-1.00525E+02
6.46636963E+07,-1.03365E+02
6.46667480E+07,-1.06545E+02
6.46697998E+07,-9.65654E+01
6.46728516E+07,-9.90254E+01
6.46759033E+07,-1.06125E+02
6.46789551E+07,-1.02085E+02
6.46820068E+07,-9.77654E+01
6.46850586E+07,-1.00985E+02
6.46881104E+07,-1.02485E+02
6.46911621E+07,-1.05925E+02
6.46942139E+07,-9.58854E+01
6.46972656E+07,-9.78454E+01
6.47003174E+07,-1.03305E+02
6.47033691E+07,-1.08145E+02
6.47064209E+07,-9.82854E+01
6.47094727E+07,-9.92854E+01
6.47125244E+07,-1.11085E+02
6.47155762E+07,-1.01985E+02
6.47186279E+07,-9.59654E+01
6.47216797E+07,-1.04225E+02
6.47247314E+07,-9.97654E+01
6.47277832E+07,-9.30854E+01
6.47308350E+07,-9.33654E+01
6.47338867E+07,-9.63054E+01
6.47369385E+07,-9.46054E+01
6.47399902E+07,-9.77454E+01
6.47430420E+07,-1.00205E+02
6.47460938E+07,-1.03325E+02
6.47491455E+07,-9.79654E+01
6.47521973E+07,-9.66254E+01
6.47552490E+07,-1.04005E+02
6.47583008E+07,-9.73454E+01
6.47613525E+07,-9.95454E+01
6.47644043E+07,-9.57254E+01
6.47674561E+07,-9.56454E+01
6.47705078E+07,-9.91254E+01
6.47735596E+07,-1.05985E+02
6.47766113E+07,-9.73454E+01
6.47796631E+07,-1.05605E+02
6.47827148E+07,-1.01105E+02
6.47857666E+07,-9.99254E+01
6.47888184E+07,-1.01905E+02
6.47918701E+07,-1.07025E+02
6.47949219E+07,-1.14905E+02
6.47979736E+07,-1.11705E+02
6.48010254E+07,-9.69654E+01
6.48040771E+07,-9.80254E+01
6.48071289E+07,-1.03185E+02
6.48101807E+07,-9.76054E+01
6.48132324E+07,-9.74454E+01
6.48162842E+07,-9.56254E+01
6.48193359E+07,-9.50454E+01
6.48223877E+07,-9.59654E+01
6.48254395E+07,-9.18054E+01
6.48284912E+07,-9.53654E+01
6.48315430E+07,-1.17045E+02
6.48345947E+07,-1.04645E+02
6.48376465E+07,-9.76254E+01
6.48406982E+07,-9.59654E+01
6.48437500E+07,-1.18125E+02
6.48468018E+07,-9.99254E+01
6.48498535E+07,-1.07605E+02
6.48529053E+07,-9.69654E+01
6.48559570E+07,-9.98254E+01
6.48590088E+07,-9.55054E+01
6.48620605E+07,-9.80854E+01
6.48651123E+07,-9.52854E+01
6.48681641E+07,-9.45254E+01
6.48712158E+07,-1.03305E+02
6.48742676E+07,-9.87054E+01
6.48773193E+07,-9.59854E+01
6.48803711E+07,-9.86454E+01
6.48834229E+07,-9.36254E+01
6.48864746E+07,-9.59054E+01
6.48895264E+07,-9.92454E+01
6.48925781E+07,-9.56654E+01
6.48956299E+07,-9.44454E+01
6.48986816E+07,-1.03085E+02
6.49017334E+07,-9.81254E+01
6.49047852E+07,-9.68654E+01
6.49078369E+07,-9.53454E+01
6.49108887E+07,-9.55854E+01
6.49139404E+07,-1.02225E+02
6.49169922E+07,-9.11854E+01
6.49200439E+07,-9.34654E+01
6.49230957E+07,-1.08485E+02
6.49261475E+07,-9.55654E+01
6.49291992E+07,-9.42854E+01
6.49322510E+07,-9.67854E+01
6.49353027E+07,-1.01485E+02
6.49383545E+07,-1.01245E+02
6.49414062E+07,-1.14585E+02
6.49444580E+07,-1.03185E+02
6.49475098E+07,-1.03505E+02
6.49505615E+07,-1.02425E+02
6.49536133E+07,-9.96454E+01
6.49566650E+07,-1.02145E+02
6.49597168E+07,-1.01425E+02
6.49627686E+07,-9.34454E+01
6.49658203E+07,-9.33654E+01
6.49688721E+07,-9.81054E+01
6.49719238E+07,-1.08105E+02
6.49749756E+07,-1.03925E+02
6.49780273E+07,-9.96054E+01
6.49810791E+07,-9.37054E+01
6.49841309E+07,-9.15054E+01
6.49871826E+07,-9.66454E+01
6.49902344E+07,-1.09065E+02
6.49932861E+07,-9.85854E+01
6.49963379E+07,-1.02585E+02
6.49993896E+07,-1.19285E+02
6.50024414E+07,-1.05265E+02
6.50054932E+07,-1.06605E+02
6.50085449E+07,-1.05525E+02
6.50115967E+07,-1.00465E+02
6.50146484E+07,-9.88054E+01
6.50177002E+07,-1.01005E+02
6.50207520E+07,-1.03665E+02
6.50238037E+07,-9.15254E+01
6.50268555E+07,-9.40054E+01
6.50299072E+07,-9.77454E+01
6.50329590E+07,-9.64254E+01
6.50360107E+07,-1.04445E+02
6.50390625E+07,-1.02905E+02
6.50421143E+07,-1.02305E+02
6.50451660E+07,-1.12205E+02
6.50482178E+07,-9.78654E+01
6.50512695E+07,-9.58054E+01
6.50543213E+07,-1.00945E+02
6.50573730E+07,-1.06585E+02
6.50604248E+07,-1.07625E+02
6.50634766E+07,-1.03125E+02
6.50665283E+07,-1.04805E+02
6.50695801E+07,-1.06985E+02
6.50726318E+07,-1.00525E+02
6.50756836E+07,-1.00865E+02
6.50787354E+07,-1.15265E+02
6.50817871E+07,-1.06305E+02
6.50848389E+07,-1.06605E+02
6.50878906E+07,-1.07525E+02
6.50909424E+07,-1.06965E+02
6.50939941E+07,-1.14685E+02
6.50970459E+07,-1.17085E+02
6.51000977E+07,-1.00525E+02
6.51031494E+07,-9.50654E+01
6.51062012E+07,-9.57654E+01
6.51092529E+07,-1.01405E+02
6.51123047E+07,-9.94654E+01
6.51153564E+07,-9.43454E+01
6.51184082E+07,-9.90854E+01
6.51214600E+07,-1.00225E+02
6.51245117E+07,-8.94054E+01
6.51275635E+07,-9.04254E+01
6.51306152E+07,-1.02645E+02
6.51336670E+07,-1.13185E+02
6.51367188E+07,-9.66854E+01
6.51397705E+07,-9.24254E+01
6.51428223E+07,-9.41854E+01
6.51458740E+07,-9.82254E+01
6.51489258E+07,-9.38854E+01
6.51519775E+07,-9.00454E+01
6.51550293E+07,-9.60454E+01
6.51580811E+07,-1.01385E+02
6.51611328E+07,-1.05385E+02
6.51641846E+07,-1.07145E+02
6.51672363E+07,-1.05805E+02
6.51702881E+07,-1.05305E+02
6.51733398E+07,-1.10605E+02
6.51763916E+07,-1.02745E+02
6.51794434E+07,-1.05885E+02
6.51824951E+07,-9.52454E+01
6.51855469E+07,-9.95854E+01
6.51885986E+07,-1.00505E+02
6.51916504E+07,-1.01805E+02
6.51947021E+07,-9.60254E+01
6.51977539E+07,-9.99054E+01
6.52008057E+07,-1.01905E+02
6.52038574E+07,-1.04045E+02
6.52069092E+07,-9.79054E+01
6.52099609E+07,-9.73254E+01
6.52130127E+07,-9.78254E+01
6.52160645E+07,-1.06005E+02
6.52191162E+07,-9.99454E+01
6.52221680E+07,-1.04445E+02
6.52252197E+07,-9.84654E+01
6.52282715E+07,-9.80054E+01
6.52313232E+07,-1.01585E+02
6.52343750E+07,-1.00885E+02
6.52374268E+07,-1.04685E+02
6.52404785E+07,-1.05105E+02
6.52435303E+07,-1.12685E+02
6.52465820E+07,-1.02585E+02
6.52496338E+07,-1.12645E+02
6.52526855E+07,-1.02965E+02
6.52557373E+07,-1.02745E+02
6.52587891E+07,-1.05565E+02
6.52618408E+07,-9.53254E+01
6.52648926E+07,-9.68454E+01
6.52679443E+07,-1.21585E+02
6.52709961E+07,-9.95454E+01
6.52740479E+07,-1.02805E+02
6.52770996E+07,-1.02805E+02
6.52801514E+07,-9.62254E+01
6.52832031E+07,-9.68854E+01
6.52862549E+07,-1.00645E+02
6.52893066E+07,-1.19285E+02
6.52923584E+07,-9.94254E+01
6.52954102E+07,-1.00845E+02
6.52984619E+07,-1.03805E+02
6.53015137E+07,-1.00785E+02
6.53045654E+07,-1.05505E+02
6.53076172E+07,-1.04625E+02
6.53106689E+07,-9.94254E+01
6.53137207E+07,-9.76454E+01
6.53167725E+07,-1.10765E+02
6.53198242E+07,-1.01965E+02
6.53228760E+07,-9.71254E+01
6.53259277E+07,-9.58854E+01
6.53289795E+07,-9.46654E+01
6.53320312E+07,-9.40854E+01
6.53350830E+07,-9.82854E+01
6.53381348E+07,-9.97054E+01
6.53411865E+07,-9.82454E+01
6.53442383E+07,-1.07525E+02
6.53472900E+07,-9.94454E+01
6.53503418E+07,-1.02305E+02
6.53533936E+07,-9.71054E+01
6.53564453E+07,-1.02565E+02
6.53594971E+07,-9.77054E+01
6.53625488E+07,-9.63854E+01
6.53656006E+07,-1.01965E+02
6.53686523E+07,-1.00345E+02
6.53717041E+07,-9.99854E+01
6.53747559E+07,-9.60854E+01
6.53778076E+07,-9.77054E+01
6.53808594E+07,-1.04725E+02
6.53839111E+07,-9.37654E+01
6.53869629E+07,-9.86254E+01
6.53900146E+07,-1.15005E+02
6.53930664E+07,-1.03965E+02
6.53961182E+07,-1.05245E+02
6.53991699E+07,-1.02205E+02
6.54022217E+07,-1.01105E+02
6.54052734E+07,-1.00405E+02
6.54083252E+07,-1.05705E+02
6.54113770E+07,-9.50654E+01
6.54144287E+07,-9.39254E+01
6.54174805E+07,-9.32654E+01
6.54205322E+07,-9.42254E+01
6.54235840E+07,-9.96654E+01
6.54266357E+07,-1.14965E+02
6.54296875E+07,-1.03965E+02
6.54327393E+07,-1.02565E+02
6.54357910E+07,-1.01245E+02
6.54388428E+07,-9.82654E+01
6.54418945E+07,-1.03805E+02
6.54449463E+07,-1.06325E+02
6.54479980E+07,-1.02365E+02
6.54510498E+07,-9.88654E+01
6.54541016E+07,-1.00925E+02
6.54571533E+07,-1.14525E+02
6.54602051E+07,-1.03225E+02
6.54632568E+07,-1.00245E+02
6.54663086E+07,-9.64654E+01
6.54693604E+07,-9.66854E+01
6.54724121E+07,-1.09005E+02
6.54754639E+07,-1.08965E+02
6.54785156E+07,-9.69854E+01
6.54815674E+07,-1.03185E+02
6.54846191E+07,-1.03025E+02
6.54876709E+07,-1.08825E+02
6.54907227E+07,-1.04945E+02
6.54937744E+07,-1.06185E+02
6.54968262E+07,-1.06545E+02
6.54998779E+07,-1.24005E+02
6.55029297E+07,-1.02565E+02
6.55059814E+07,-9.87254E+01
6.55090332E+07,-1.00185E+02
6.55120850E+07,-1.06745E+02
6.55151367E+07,-9.35854E+01
6.55181885E+07,-9.36654E+01
6.55212402E+07,-1.07745E+02
6.55242920E+07,-9.55254E+01
6.55273438E+07,-9.73454E+01
6.55303955E+07,-9.95854E+01
6.55334473E+07,-9.93454E+01
6.55364990E+07,-9.62854E+01
6.55395508E+07,-1.02505E+02
6.55426025E+07,-9.85454E+01
6.55456543E+07,-1.03445E+02
6.55487061E+07,-9.85854E+01
6.55517578E+07,-9.52054E+01
6.55548096E+07,-9.44854E+01
6.55578613E+07,-1.06045E+02
6.55609131E+07,-9.42654E+01
6.55639648E+07,-9.58054E+01
6.55670166E+07,-1.01165E+02
6.55700684E+07,-9.67454E+01
6.55731201E+07,-9.86254E+01
6.55761719E+07,-9.65254E+01
6.55792236E+07,-9.60254E+01
6.55822754E+07,-9.91254E+01
6.55853271E+07,-9.94854E+01
6.55883789E+07,-9.59254E+01
6.55914307E+07,-9.85654E+01
6.55944824E+07,-1.00025E+02
6.55975342E+07,-9.69454E+01
6.56005859E+07,-9.39654E+01
6.56036377E+07,-9.97654E+01
6.56066895E+07,-1.04965E+02
6.56097412E+07,-9.65054E+01
6.56127930E+07,-9.88654E+01
6.56158447E+07,-1.05625E+02
6.56188965E+07,-9.82054E+01
6.56219482E+07,-9.20054E+01
6.56250000E+07,-9.32654E+01
6.56280518E+07,-9.88654E+01
6.56311035E+07,-9.33654E+01
6.56341553E+07,-9.83054E+01
6.56372070E+07,-1.06005E+02
6.56402588E+07,-1.06265E+02
6.56433105E+07,-9.63654E+01
6.56463623E+07,-1.01585E+02
6.56494141E+07,-1.02445E+02
6.56524658E+07,-1.00985E+02
6.56555176E+07,-1.06745E+02
6.56585693E+07,-1.01165E+02
6.56616211E+07,-1.02285E+02
6.56646729E+07,-1.14785E+02
6.56677246E+07,-9.91254E+01
6.56707764E+07,-9.88854E+01
6.56738281E+07,-1.05845E+02
6.56768799E+07,-1.11065E+02
6.56799316E+07,-9.91454E+01
6.56829834E+07,-9.36254E+01
6.56860352E+07,-9.33254E+01
6.56890869E+07,-9.50054E+01
6.56921387E+07,-1.06205E+02
6.56951904E+07,-1.07585E+02
6.56982422E+07,-1.08065E+02
6.57012939E+07,-9.82254E+01
6.57043457E+07,-9.68454E+01
6.57073975E+07,-1.10145E+02
6.57104492E+07,-1.03705E+02
6.57135010E+07,-1.03405E+02
6.57165527E+07,-9.59854E+01
6.57196045E+07,-9.90454E+01
6.57226562E+07,-1.00665E+02
6.57257080E+07,-9.28254E+01
6.57287598E+07,-9.65454E+01
6.57318115E+07,-1.04785E+02
6.57348633E+07,-1.03365E+02
6.57379150E+07,-1.00885E+02
6.57409668E+07,-1.00765E+02
6.57440186E+07,-1.17625E+02
6.57470703E+07,-9.88654E+01
6.57501221E+07,-9.61854E+01
6.57531738E+07,-1.01825E+02
6.57562256E+07,-1.02045E+02
6.57592773E+07,-9.76854E+01
6.57623291E+07,-9.41454E+01
6.57653809E+07,-9.67254E+01
6.57684326E+07,-1.06085E+02
6.57714844E+07,-9.50454E+01
6.57745361E+07,-9.23654E+01
6.57775879E+07,-9.73454E+01
6.57806396E+07,-1.02225E+02
6.57836914E+07,-9.56054E+01
6.57867432E+07,-9.28054E+01
6.57897949E+07,-9.62654E+01
6.57928467E+07,-9.51854E+01
6.57958984E+07,-9.71654E+01
6.57989502E+07,-9.97454E+01
6.58020020E+07,-1.12525E+02
6.58050537E+07,-9.93254E+01
6.58081055E+07,-1.01785E+02
6.58111572E+07,-9.81254E+01
6.58142090E+07,-9.54654E+01
6.58172607E+07,-9.90654E+01
6.58203125E+07,-1.04085E+02
6.58233643E+07,-9.43454E+01
6.58264160E+07,-9.99054E+01
6.58294678E+07,-9.61854E+01
6.58325195E+07,-9.40454E+01
6.58355713E+07,-9.57254E+01
6.58386230E+07,-9.63854E+01
6.58416748E+07,-1.06985E+02
6.58447266E+07,-9.96254E+01
6.58477783E+07,-1.01545E+02
6.58508301E+07,-1.00645E+02
6.58538818E+07,-9.60454E+01
6.58569336E+07,-1.02905E+02
6.58599854E+07,-9.54254E+01
6.58630371E+07,-9.90654E+01
6.58660889E+07,-1.09205E+02
6.58691406E+07,-1.11945E+02
6.58721924E+07,-1.03845E+02
6.58752441E+07,-9.64654E+01
6.58782959E+07,-9.75654E+01
6.58813477E+07,-1.00645E+02
6.58843994E+07,-9.75254E+01
6.58874512E+07,-1.05205E+02
6.58905029E+07,-9.96054E+01
6.58935547E+07,-1.05065E+02
6.58966064E+07,-1.03885E+02
6.58996582E+07,-9.74654E+01
6.59027100E+07,-1.00645E+02
6.59057617E+07,-1.07185E+02
6.59088135E+07,-1.00985E+02
6.59118652E+07,-9.45854E+01
6.59149170E+07,-9.77054E+01
6.59179688E+07,-1.02145E+02
6.59210205E+07,-1.00405E+02
6.59240723E+07,-9.37654E+01
6.59271240E+07,-9.11254E+01
6.59301758E+07,-9.37254E+01
6.59332275E+07,-9.37654E+01
6.59362793E+07,-9.49054E+01
6.59393311E+07,-9.51854E+01
6.59423828E+07,-9.75854E+01
6.59454346E+07,-1.03025E+02
6.59484863E+07,-1.05125E+02
6.59515381E+07,-1.06085E+02
6.59545898E+07,-1.05365E+02
6.59576416E+07,-9.75254E+01
6.59606934E+07,-9.67254E+01
6.59637451E+07,-1.07425E+02
6.59667969E+07,-9.78454E+01
6.59698486E+07,-1.00765E+02
6.59729004E+07,-1.16445E+02
6.59759521E+07,-1.04785E+02
6.59790039E+07,-1.07065E+02
6.59820557E+07,-9.43054E+01
6.59851074E+07,-9.15454E+01
6.59881592E+07,-9.72854E+01
6.59912109E+07,-1.04925E+02
6.59942627E+07,-1.06405E+02
6.59973145E+07,-1.02625E+02
6.60003662E+07,-1.10545E+02
6.60034180E+07,-1.12045E+02
6.60064697E+07,-1.15765E+02
6.60095215E+07,-1.06925E+02
6.60125732E+07,-1.04765E+02
6.60156250E+07,-9.82054E+01
6.60186768E+07,-1.04905E+02
6.60217285E+07,-1.00665E+02
6.60247803E+07,-9.91854E+01
6.60278320E+07,-1.26585E+02
6.60308838E+07,-1.00125E+02
6.60339355E+07,-1.13845E+02
6.60369873E+07,-9.96654E+01
6.60400391E+07,-9.71054E+01
6.60430908E+07,-9.61454E+01
6.60461426E+07,-1.04285E+02
6.60491943E+07,-1.01105E+02
6.60522461E+07,-1.02365E+02
6.60552979E+07,-1.04885E+02
6.60583496E+07,-1.11345E+02
6.60614014E+07,-1.05045E+02
6.60644531E+07,-1.02985E+02
6.60675049E+07,-1.00265E+02
6.60705566E+07,-1.02705E+02
6.60736084E+07,-1.02325E+02
6.60766602E+07,-9.73654E+01
6.60797119E+07,-9.78654E+01
6.60827637E+07,-9.97054E+01
6.60858154E+07,-1.05405E+02
6.60888672E+07,-1.01545E+02
6.60919189E+07,-9.58654E+01
6.60949707E+07,-9.65054E+01
6.60980225E+07,-1.02145E+02
6.61010742E+07,-9.82654E+01
6.61041260E+07,-9.73854E+01
6.61071777E+07,-1.01325E+02
6.61102295E+07,-1.00505E+02
6.61132812E+07,-1.00845E+02
6.61163330E+07,-9.59454E+01
6.61193848E+07,-9.57454E+01
6.61224365E+07,-9.67054E+01
6.61254883E+07,-9.78054E+01
6.61285400E+07,-1.10365E+02
6.61315918E+07,-1.01525E+02
6.61346436E+07,-9.98054E+01
6.61376953E+07,-9.48454E+01
6.61407471E+07,-9.64254E+01
6.61437988E+07,-1.02805E+02
6.61468506E+07,-1.11585E+02
6.61499023E+07,-1.00965E+02
6.61529541E+07,-9.88854E+01
6.61560059E+07,-9.92454E+01
6.61590576E+07,-9.54254E+01
6.61621094E+07,-1.00745E+02
6.61651611E+07,-1.05005E+02
6.61682129E+07,-9.57454E+01
6.61712646E+07,-9.46654E+01
6.61743164E+07,-9.35054E+01
6.61773682E+07,-9.65454E+01
6.61804199E+07,-9.90454E+01
6.61834717E+07,-1.00005E+02
6.61865234E+07,-1.05065E+02
6.61895752E+07,-1.04045E+02
6.61926270E+07,-9.55254E+01
6.61956787E+07,-9.49054E+01
6.61987305E+07,-9.44854E+01
6.62017822E+07,-9.12854E+01
6.62048340E+07,-9.24254E+01
6.62078857E+07,-9.81654E+01
6.62109375E+07,-1.04545E+02
6.62139893E+07,-1.04385E+02
6.62170410E+07,-1.05865E+02
6.62200928E+07,-1.09065E+02
6.62231445E+07,-1.00145E+02
6.62261963E+07,-9.77254E+01
6.62292480E+07,-1.03585E+02
6.62322998E+07,-1.01765E+02
6.62353516E+07,-1.02805E+02
6.62384033E+07,-1.03925E+02
6.62414551E+07,-1.10005E+02
6.62445068E+07,-1.12825E+02
6.62475586E+07,-1.05105E+02
6.62506104E+07,-1.06385E+02
6.62536621E+07,-1.02205E+02
6.62567139E+07,-1.01545E+02
6.62597656E+07,-9.50454E+01
6.62628174E+07,-1.05285E+02
6.62658691E+07,-9.53854E+01
6.62689209E+07,-9.24254E+01
6.62719727E+07,-9.58654E+01
6.62750244E+07,-9.87654E+01
6.62780762E+07,-1.00005E+02
6.62811279E+07,-9.72054E+01
6.62841797E+07,-9.41854E+01
6.62872314E+07,-9.38054E+01
6.62902832E+07,-9.68254E+01
6.62933350E+07,-1.09665E+02
6.62963867E+07,-9.59854E+01
6.62994385E+07,-9.49854E+01
6.63024902E+07,-1.04345E+02
6.63055420E+07,-9.76654E+01
6.63085938E+07,-9.83854E+01
6.63116455E+07,-9.68854E+01
6.63146973E+07,-9.98454E+01
6.63177490E+07,-1.10285E+02
6.63208008E+07,-1.04305E+02
6.63238525E+07,-1.00225E+02
6.63269043E+07,-1.09225E+02
6.63299561E+07,-9.66654E+01
6.63330078E+07,-9.91654E+01
6.63360596E+07,-1.04705E+02
6.63391113E+07,-1.03065E+02
6.63421631E+07,-1.13585E+02
6.63452148E+07,-1.01045E+02
6.63482666E+07,-1.03365E+02
6.63513184E+07,-1.07685E+02
6.63543701E+07,-1.10545E+02
6.63574219E+07,-1.01485E+02
6.63604736E+07,-1.01905E+02
6.63635254E+07,-9.95454E+01
6.63665771E+07,-1.03065E+02
6.63696289E+07,-9.99454E+01
6.63726807E+07,-9.40054E+01
6.63757324E+07,-9.23654E+01
6.63787842E+07,-9.93454E+01
6.63818359E+07,-1.00645E+02
6.63848877E+07,-9.83254E+01
6.63879395E+07,-1.01765E+02
6.63909912E+07,-1.08945E+02
6.63940430E+07,-1.04865E+02
6.63970947E+07,-1.02065E+02
6.64001465E+07,-1.04685E+02
6.64031982E+07,-1.02285E+02
6.64062500E+07,-1.01645E+02
6.64093018E+07,-9.99654E+01
6.64123535E+07,-1.01205E+02
6.64154053E+07,-1.12585E+02
6.64184570E+07,-1.12645E+02
6.64215088E+07,-1.01885E+02
6.64245605E+07,-1.02365E+02
6.64276123E+07,-1.02645E+02
6.64306641E+07,-9.76454E+01
6.64337158E+07,-1.00065E+02
6.64367676E+07,-1.02705E+02
6.64398193E+07,-1.02225E+02
6.64428711E+07,-9.91854E+01
6.64459229E+07,-9.55454E+01
6.64489746E+07,-9.72654E+01
6.64520264E+07,-9.73654E+01
6.64550781E+07,-9.43654E+01
6.64581299E+07,-9.63654E+01
6.64611816E+07,-1.02125E+02
6.64642334E+07,-1.05685E+02
6.64672852E+07,-1.00105E+02
6.64703369E+07,-1.00025E+02
6.64733887E+07,-9.95854E+01
6.64764404E+07,-1.09185E+02
6.64794922E+07,-1.01785E+02
6.64825439E+07,-1.03545E+02
6.64855957E+07,-1.03885E+02
6.64886475E+07,-9.99054E+01
6.64916992E+07,-1.02305E+02
6.64947510E+07,-9.97454E+01
6.64978027E+07,-9.94454E+01
6.65008545E+07,-9.98054E+01
6.65039062E+07,-1.01905E+02
6.65069580E+07,-1.18765E+02
6.65100098E+07,-1.03185E+02
6.65130615E+07,-1.07345E+02
6.65161133E+07,-9.63854E+01
6.65191650E+07,-1.01565E+02
6.65222168E+07,-1.19345E+02
6.65252686E+07,-9.89654E+01
6.65283203E+07,-9.86254E+01
6.65313721E+07,-1.00425E+02
6.65344238E+07,-9.40854E+01
6.65374756E+07,-9.74654E+01
6.65405273E+07,-1.07485E+02
6.65435791E+07,-9.94254E+01
6.65466309E+07,-9.52054E+01
6.65496826E+07,-9.35454E+01
6.65527344E+07,-1.00705E+02
6.65557861E+07,-1.02565E+02
6.65588379E+07,-1.02565E+02
6.65618896E+07,-1.01565E+02
6.65649414E+07,-1.05105E+02
6.65679932E+07,-1.00145E+02
6.65710449E+07,-9.50854E+01
6.65740967E+07,-1.02905E+02
6.65771484E+07,-9.42254E+01
6.65802002E+07,-9.49254E+01
6.65832520E+07,-1.04005E+02
6.65863037E+07,-1.02285E+02
6.65893555E+07,-1.05445E+02
6.65924072E+07,-1.00505E+02
6.65954590E+07,-1.01765E+02
6.65985107E+07,-1.05285E+02
6.66015625E+07,-1.03505E+02
6.66046143E+07,-1.04425E+02
6.66076660E+07,-9.79454E+01
6.66107178E+07,-9.90454E+01
6.66137695E+07,-1.00865E+02
6.66168213E+07,-9.89854E+01
6.66198730E+07,-1.16445E+02
6.66229248E+07,-1.01505E+02
6.66259766E+07,-9.27654E+01
6.66290283E+07,-9.76454E+01
6.66320801E+07,-1.04905E+02
6.66351318E+07,-1.01865E+02
6.66381836E+07,-9.59654E+01
6.66412354E+07,-9.18254E+01
6.66442871E+07,-9.33654E+01
6.66473389E+07,-1.08185E+02
6.66503906E+07,-9.85854E+01
6.66534424E+07,-1.05125E+02
6.66564941E+07,-9.54854E+01
6.66595459E+07,-9.46054E+01
6.66625977E+07,-9.48454E+01
6.66656494E+07,-9.30654E+01
6.66687012E+07,-9.41454E+01
6.66717529E+07,-9.56254E+01
6.66748047E+07,-1.00745E+02
6.66778564E+07,-1.09105E+02
6.66809082E+07,-1.06445E+02
6.66839600E+07,-1.02305E+02
6.66870117E+07,-1.03165E+02
6.66900635E+07,-1.00045E+02
6.66931152E+07,-1.02645E+02
6.66961670E+07,-1.02365E+02
6.66992188E+07,-9.46254E+01
6.67022705E+07,-9.97454E+01
6.67053223E+07,-1.00165E+02
6.67083740E+07,-1.07025E+02
6.67114258E+07,-9.86454E+01
6.67144775E+07,-9.41454E+01
6.67175293E+07,-9.91454E+01
6.67205811E+07,-1.05105E+02
6.67236328E+07,-1.02125E+02
6.67266846E+07,-9.85654E+01
6.67297363E+07,-1.02865E+02
6.67327881E+07,-9.80254E+01
6.67358398E+07,-9.52254E+01
6.67388916E+07,-1.00345E+02
6.67419434E+07,-1.05685E+02
6.67449951E+07,-9.94454E+01
6.67480469E+07,-1.01045E+02
6.67510986E+07,-1.09345E+02
6.67541504E+07,-1.07905E+02
6.67572021E+07,-1.02585E+02
6.67602539E+07,-1.05845E+02
6.67633057E+07,-9.84254E+01
6.67663574E+07,-9.42254E+01
6.67694092E+07,-9.59654E+01
6.67724609E+07,-1.14565E+02
6.67755127E+07,-1.03805E+02
6.67785645E+07,-1.07485E+02
6.67816162E+07,-1.06585E+02
6.67846680E+07,-9.76454E+01
6.67877197E+07,-9.23254E+01
6.67907715E+07,-1.00185E+02
6.67938232E+07,-1.08365E+02
6.67968750E+07,-1.02925E+02
6.67999268E+07,-9.48654E+01
6.68029785E+07,-1.00625E+02
6.68060303E+07,-1.04085E+02
6.68090820E+07,-1.06005E+02
6.68121338E+07,-1.02745E+02
6.68151855E+07,-9.87054E+01
6.68182373E+07,-9.40454E+01
6.68212891E+07,-8.99454E+01
6.68243408E+07,-9.05454E+01
6.68273926E+07,-9.95454E+01
6.68304443E+07,-1.01645E+02
6.68334961E+07,-9.85054E+01
6.68365479E+07,-1.10365E+02
6.68395996E+07,-1.08865E+02
6.68426514E+07,-1.13665E+02
6.68457031E+07,-1.00905E+02
6.68487549E+07,-1.01385E+02
6.68518066E+07,-1.04965E+02
6.68548584E+07,-9.91854E+01
6.68579102E+07,-1.00005E+02
6.68609619E+07,-9.97054E+01
6.68640137E+07,-9.61854E+01
6.68670654E+07,-1.00625E+02
6.68701172E+07,-1.03925E+02
6.68731689E+07,-1.14525E+02
6.68762207E+07,-9.94654E+01
6.68792725E+07,-1.07445E+02
6.68823242E+07,-1.02525E+02
6.68853760E+07,-1.04145E+02
6.68884277E+07,-1.04185E+02
6.68914795E+07,-1.00425E+02
6.68945312E+07,-9.29054E+01
6.68975830E+07,-1.01545E+02
6.69006348E+07,-9.67254E+01
6.69036865E+07,-9.61054E+01
6.69067383E+07,-1.00125E+02
6.69097900E+07,-9.93454E+01
6.69128418E+07,-9.97454E+01
6.69158936E+07,-1.21585E+02
6.69189453E+07,-1.02505E+02
6.69219971E+07,-1.02825E+02
6.69250488E+07,-9.91054E+01
6.69281006E+07,-9.99654E+01
6.69311523E+07,-1.07485E+02
6.69342041E+07,-9.84854E+01
6.69372559E+07,-1.02745E+02
6.69403076E+07,-1.06645E+02
6.69433594E+07,-1.02925E+02
6.69464111E+07,-1.12745E+02
6.69494629E+07,-9.62654E+01
6.69525146E+07,-9.38054E+01
6.69555664E+07,-9.96054E+01
6.69586182E+07,-9.84654E+01
6.69616699E+07,-1.09845E+02
6.69647217E+07,-9.81854E+01
6.69677734E+07,-1.01965E+02
6.69708252E+07,-1.05045E+02
6.69738770E+07,-1.05025E+02
6.69769287E+07,-1.00125E+02
6.69799805E+07,-9.84054E+01
6.69830322E+07,-1.09225E+02
6.69860840E+07,-1.14805E+02
6.69891357E+07,-9.96454E+01
6.69921875E+07,-9.54454E+01
6.69952393E+07,-9.73454E+01
6.69982910E+07,-9.71054E+01
6.70013428E+07,-9.31654E+01
6.70043945E+07,-9.46654E+01
6.70074463E+07,-1.00225E+02
6.70104980E+07,-9.71254E+01
6.70135498E+07,-1.03625E+02
6.70166016E+07,-1.02065E+02
6.70196533E+07,-1.10445E+02
6.70227051E+07,-1.10965E+02
6.70257568E+07,-1.02765E+02
6.70288086E+07,-1.01365E+02
6.70318604E+07,-1.09585E+02
6.70349121E+07,-1.15105E+02
6.70379639E+07,-1.03545E+02
6.70410156E+07,-1.00905E+02
6.70440674E+07,-1.05345E+02
6.70471191E+07,-9.48454E+01
6.70501709E+07,-9.27454E+01
6.70532227E+07,-9.45854E+01
6.70562744E+07,-1.01985E+02
6.70593262E+07,-1.08345E+02
6.70623779E+07,-9.73254E+01
6.70654297E+07,-9.42254E+01
6.70684814E+07,-1.00665E+02
6.70715332E+07,-1.06025E+02
6.70745850E+07,-9.90054E+01
6.70776367E+07,-9.24854E+01
6.70806885E+07,-9.25254E+01
6.70837402E+07,-1.01145E+02
6.70867920E+07,-9.86854E+01
6.70898438E+07,-1.01805E+02
6.70928955E+07,-9.97054E+01
6.70959473E+07,-1.00465E+02
6.70989990E+07,-1.08985E+02
6.71020508E+07,-1.09345E+02
6.71051025E+07,-9.72654E+01
6.71081543E+07,-9.57654E+01
6.71112061E+07,-9.58054E+01
6.71142578E+07,-9.37654E+01
6.71173096E+07,-9.79654E+01
6.71203613E+07,-1.02285E+02
6.71234131E+07,-9.77054E+01
6.71264648E+07,-1.03265E+02
6.71295166E+07,-1.02905E+02
6.71325684E+07,-1.00685E+02
6.71356201E+07,-9.93454E+01
6.71386719E+07,-9.73654E+01
6.71417236E+07,-1.01205E+02
6.71447754E+07,-1.05765E+02
6.71478271E+07,-1.13265E+02
6.71508789E+07,-1.11865E+02
6.71539307E+07,-1.05105E+02
6.71569824E+07,-1.01885E+02
6.71600342E+07,-1.01245E+02
6.71630859E+07,-9.97854E+01
6.71661377E+07,-9.88054E+01
6.71691895E+07,-9.67654E+01
6.71722412E+07,-9.96854E+01
6.71752930E+07,-1.13405E+02
6.71783447E+07,-9.91654E+01
6.71813965E+07,-9.70054E+01
6.71844482E+07,-1.04045E+02
6.71875000E+07,-1.10305E+02
6.71905518E+07,-9.74254E+01
6.71936035E+07,-9.31254E+01
6.71966553E+07,-1.03805E+02
6.71997070E+07,-1.04185E+02
6.72027588E+07,-9.78854E+01
6.72058105E+07,-9.65654E+01
6.72088623E+07,-1.04385E+02
6.72119141E+07,-1.07205E+02
6.72149658E+07,-1.05345E+02
6.72180176E+07,-1.16945E+02
6.72210693E+07,-1.06205E+02
6.72241211E+07,-1.01765E+02
6.72271729E+07,-9.91854E+01
6.72302246E+07,-9.76254E+01
6.72332764E+07,-1.13805E+02
6.72363281E+07,-1.07565E+02
6.72393799E+07,-1.03805E+02
6.72424316E+07,-1.01285E+02
6.72454834E+07,-1.04725E+02
6.72485352E+07,-1.05145E+02
6.72515869E+07,-9.44654E+01
6.72546387E+07,-9.33654E+01
6.72576904E+07,-9.52854E+01
6.72607422E+07,-9.79854E+01
6.72637939E+07,-1.16385E+02
6.72668457E+07,-1.04985E+02
6.72698975E+07,-1.06725E+02
6.72729492E+07,-9.63254E+01
6.72760010E+07,-9.76854E+01
6.72790527E+07,-1.00125E+02
6.72821045E+07,-1.08905E+02
6.72851562E+07,-1.02585E+02
6.72882080E+07,-1.04565E+02
6.72912598E+07,-9.91054E+01
6.72943115E+07,-9.73254E+01
6.72973633E+07,-9.43654E+01
6.73004150E+07,-9.65854E+01
6.73034668E+07,-1.05905E+02
6.73065186E+07,-1.05585E+02
6.73095703E+07,-1.07765E+02
6.73126221E+07,-1.05125E+02
6.73156738E+07,-1.03585E+02
6.73187256E+07,-1.00985E+02
6.73217773E+07,-9.63454E+01
6.73248291E+07,-1.01385E+02
6.73278809E+07,-1.04885E+02
6.73309326E+07,-9.80054E+01
6.73339844E+07,-1.10125E+02
6.73370361E+07,-9.64854E+01
6.73400879E+07,-9.53854E+01
6.73431396E+07,-1.02065E+02
6.73461914E+07,-9.43454E+01
6.73492432E+07,-9.51254E+01
6.73522949E+07,-9.51454E+01
6.73553467E+07,-9.98854E+01
6.73583984E+07,-9.97254E+01
6.73614502E+07,-9.81454E+01
6.73645020E+07,-9.69454E+01
6.73675537E+07,-9.76254E+01
6.73706055E+07,-9.55654E+01
6.73736572E+07,-9.80254E+01
6.73767090E+07,-1.00465E+02
6.73797607E+07,-1.03845E+02
6.73828125E+07,-1.07045E+02
6.73858643E+07,-1.04265E+02
6.73889160E+07,-1.04465E+02
6.73919678E+07,-1.10265E+02
6.73950195E+07,-1.00845E+02
6.73980713E+07,-9.99054E+01
6.74011230E+07,-9.90454E+01
6.74041748E+07,-1.03885E+02
6.74072266E+07,-9.95054E+01
6.74102783E+07,-9.83854E+01
6.74133301E+07,-1.08725E+02
6.74163818E+07,-9.75254E+01
6.74194336E+07,-9.66254E+01
6.74224854E+07,-9.59454E+01
6.74255371E+07,-9.23054E+01
6.74285889E+07,-9.92854E+01
6.74316406E+07,-1.01945E+02
6.74346924E+07,-9.85054E+01
6.74377441E+07,-9.72854E+01
6.74407959E+07,-9.83454E+01
6.74438477E+07,-9.63054E+01
6.74468994E+07,-9.77654E+01
6.74499512E+07,-1.06445E+02
6.74530029E+07,-1.12445E+02
6.74560547E+07,-1.12325E+02
6.74591064E+07,-1.01545E+02
6.74621582E+07,-9.92454E+01
6.74652100E+07,-1.02825E+02
6.74682617E+07,-1.03925E+02
6.74713135E+07,-9.93654E+01
6.74743652E+07,-9.81654E+01
6.74774170E+07,-1.24845E+02
6.74804688E+07,-9.73254E+01
6.74835205E+07,-1.00565E+02
6.74865723E+07,-1.09405E+02
6.74896240E+07,-1.07605E+02
6.74926758E+07,-1.13885E+02
6.74957275E+07,-9.86654E+01
6.74987793E+07,-1.00545E+02
6.75018311E+07,-1.08585E+02
6.75048828E+07,-1.11645E+02
6.75079346E+07,-1.10145E+02
6.75109863E+07,-1.00625E+02
6.75140381E+07,-9.92054E+01
6.75170898E+07,-1.08285E+02
6.75201416E+07,-1.06325E+02
6.75231934E+07,-1.08465E+02
6.75262451E+07,-1.00085E+02
6.75292969E+07,-9.97254E+01
6.75323486E+07,-1.02365E+02
6.75354004E+07,-9.31654E+01
6.75384521E+07,-9.44054E+01
6.75415039E+07,-1.00245E+02
6.75445557E+07,-9.68054E+01
6.75476074E+07,-1.01065E+02
6.75506592E+07,-1.14425E+02
6.75537109E+07,-1.06065E+02
6.75567627E+07,-9.93654E+01
6.75598145E+07,-9.95054E+01
6.75628662E+07,-1.03465E+02
6.75659180E+07,-1.10285E+02
6.75689697E+07,-1.16505E+02
6.75720215E+07,-1.07925E+02
6.75750732E+07,-1.08485E+02
6.75781250E+07,-9.67454E+01
6.75811768E+07,-9.34454E+01
6.75842285E+07,-9.65254E+01
6.75872803E+07,-9.52854E+01
6.75903320E+07,-9.59254E+01
6.75933838E+07,-1.00845E+02
6.75964355E+07,-9.77054E+01
6.75994873E+07,-9.43454E+01
6.76025391E+07,-9.53854E+01
6.76055908E+07,-1.01705E+02
6.76086426E+07,-1.00405E+02
6.76116943E+07,-9.76854E+01
6.76147461E+07,-9.93854E+01
6.76177979E+07,-9.90254E+01
6.76208496E+07,-9.85254E+01
6.76239014E+07,-9.66854E+01
6.76269531E+07,-9.55454E+01
6.76300049E+07,-1.00805E+02
6.76330566E+07,-1.02965E+02
6.76361084E+07,-9.92054E+01
6.76391602E+07,-1.05385E+02
6.76422119E+07,-9.55854E+01
6.76452637E+07,-9.70854E+01
6.76483154E+07,-1.03325E+02
6.76513672E+07,-9.76254E+01
6.76544189E+07,-9.73254E+01
6.76574707E+07,-1.01045E+02
6.76605225E+07,-9.99854E+01
6.76635742E+07,-9.63254E+01
6.76666260E+07,-1.08585E+02
6.76696777E+07,-9.68454E+01
6.76727295E+07,-9.89854E+01
6.76757812E+07,-1.00545E+02
6.76788330E+07,-1.07825E+02
6.76818848E+07,-1.03405E+02
6.76849365E+07,-9.53054E+01
6.76879883E+07,-9.34654E+01
6.76910400E+07,-9.39254E+01
6.76940918E+07,-9.29854E+01
6.76971436E+07,-9.53054E+01
6.77001953E+07,-9.60254E+01
6.77032471E+07,-9.91854E+01
6.77062988E+07,-1.05925E+02
6.77093506E+07,-1.02745E+02
6.77124023E+07,-9.83254E+01
6.77154541E+07,-9.52454E+01
6.77185059E+07,-9.75854E+01
6.77215576E+07,-1.12865E+02
6.77246094E+07,-1.00185E+02
6.77276611E+07,-1.08825E+02
6.77307129E+07,-1.02225E+02
6.77337646E+07,-1.00185E+02
6.77368164E+07,-1.00845E+02
6.77398682E+07,-9.82854E+01
6.77429199E+07,-1.01585E+02
6.77459717E+07,-1.06505E+02
6.77490234E+07,-1.09865E+02
6.77520752E+07,-9.84854E+01
6.77551270E+07,-9.65654E+01
6.77581787E+07,-1.06725E+02
6.77612305E+07,-1.10125E+02
6.77642822E+07,-1.02985E+02
6.77673340E+07,-1.01325E+02
6.77703857E+07,-1.00965E+02
6.77734375E+07,-1.05745E+02
6.77764893E+07,-1.01705E+02
6.77795410E+07,-1.04765E+02
6.77825928E+07,-1.03225E+02
6.77856445E+07,-1.02285E+02
6.77886963E+07,-1.05505E+02
6.77917480E+07,-1.03065E+02
6.77947998E+07,-1.00165E+02
6.77978516E+07,-9.74454E+01
6.78009033E+07,-9.50854E+01
6.78039551E+07,-9.32654E+01
6.78070068E+07,-9.84854E+01
6.78100586E+07,-9.99054E+01
6.78131104E+07,-1.00045E+02
6.78161621E+07,-1.06425E+02
6.78192139E+07,-1.01345E+02
6.78222656E+07,-9.10854E+01
6.78253174E+07,-8.91654E+01
6.78283691E+07,-9.48654E+01
6.78314209E+07,-1.09665E+02
6.78344727E+07,-1.03705E+02
6.78375244E+07,-9.81254E+01
6.78405762E+07,-1.00665E+02
6.78436279E+07,-1.11285E+02
6.78466797E+07,-1.03725E+02
6.78497314E+07,-1.05985E+02
6.78527832E+07,-1.02765E+02
6.78558350E+07,-1.01045E+02
6.78588867E+07,-9.84854E+01
6.78619385E+07,-9.57654E+01
6.78649902E+07,-9.54854E+01
6.78680420E+07,-1.05045E+02
6.78710938E+07,-1.01565E+02
6.78741455E+07,-1.14365E+02
6.78771973E+07,-1.08185E+02
6.78802490E+07,-9.89854E+01
6.78833008E+07,-9.68854E+01
6.78863525E+07,-1.03465E+02
6.78894043E+07,-1.06065E+02
6.78924561E+07,-9.77454E+01
6.78955078E+07,-9.92254E+01
6.78985596E+07,-1.03065E+02
6.79016113E+07,-9.81454E+01
6.79046631E+07,-9.83854E+01
6.79077148E+07,-9.58454E+01
6.79107666E+07,-9.22454E+01
6.79138184E+07,-1.01785E+02
6.79168701E+07,-9.94454E+01
6.79199219E+07,-1.09185E+02
6.79229736E+07,-1.10725E+02
6.79260254E+07,-9.66654E+01
6.79290771E+07,-9.32654E+01
6.79321289E+07,-9.42254E+01
6.79351807E+07,-9.52454E+01
6.79382324E+07,-9.79854E+01
6.79412842E+07,-1.04645E+02
6.79443359E+07,-9.62854E+01
6.79473877E+07,-9.29254E+01
6.79504395E+07,-9.61854E+01
6.79534912E+07,-9.61854E+01
6.79565430E+07,-9.58854E+01
6.79595947E+07,-9.95454E+01
6.79626465E+07,-9.74854E+01
6.79656982E+07,-9.21654E+01
6.79687500E+07,-9.72454E+01
6.79718018E+07,-9.84254E+01
6.79748535E+07,-9.96054E+01
6.79779053E+07,-1.02765E+02
6.79809570E+07,-1.04005E+02
6.79840088E+07,-9.93054E+01
6.79870605E+07,-9.89054E+01
6.79901123E+07,-1.05745E+02
6.79931641E+07,-9.66254E+01
6.79962158E+07,-9.42654E+01
6.79992676E+07,-9.77854E+01
6.80023193E+07,-1.04945E+02
6.80053711E+07,-1.00945E+02
6.80084229E+07,-9.99454E+01
6.80114746E+07,-1.22065E+02
6.80145264E+07,-1.11445E+02
6.80175781E+07,-1.10805E+02
6.80206299E+07,-1.05045E+02
6.80236816E+07,-1.04565E+02
6.80267334E+07,-1.16845E+02
6.80297852E+07,-1.02445E+02
6.80328369E+07,-9.80254E+01
6.80358887E+07,-9.90054E+01
6.80389404E+07,-1.02005E+02
6.80419922E+07,-1.11005E+02
6.80450439E+07,-1.10605E+02
6.80480957E+07,-1.02805E+02
6.80511475E+07,-1.09965E+02
6.80541992E+07,-9.77454E+01
6.80572510E+07,-9.97454E+01
6.80603027E+07,-1.09465E+02
6.80633545E+07,-1.05485E+02
6.80664062E+07,-1.08905E+02
6.80694580E+07,-9.93854E+01
6.80725098E+07,-9.84654E+01
6.80755615E+07,-1.01445E+02
6.80786133E+07,-1.04665E+02
6.80816650E+07,-9.47454E+01
6.80847168E+07,-9.35454E+01
6.80877686E+07,-1.00945E+02
6.80908203E+07,-1.13765E+02
6.80938721E+07,-1.03845E+02
6.80969238E+07,-9.67254E+01
6.80999756E+07,-9.66254E+01
6.81030273E+07,-1.03845E+02
6.81060791E+07,-1.06305E+02
6.81091309E+07,-9.74454E+01
6.81121826E+07,-9.62254E+01
6.81152344E+07,-9.67054E+01
6.81182861E+07,-1.01985E+02
6.81213379E+07,-1.01325E+02
6.81243896E+07,-9.16254E+01
6.81274414E+07,-9.13854E+01
6.81304932E+07,-9.87454E+01
6.81335449E+07,-1.01785E+02
6.81365967E+07,-1.00265E+02
6.81396484E+07,-1.08685E+02
6.81427002E+07,-9.84254E+01
6.81457520E+07,-9.40854E+01
6.81488037E+07,-9.34454E+01
6.81518555E+07,-9.67654E+01
6.81549072E+07,-9.53854E+01
6.81579590E+07,-9.49854E+01
6.81610107E+07,-1.09225E+02
6.81640625E+07,-1.05345E+02
6.81671143E+07,-1.07385E+02
6.81701660E+07,-9.94854E+01
6.81732178E+07,-9.22054E+01
6.81762695E+07,-9.31854E+01
6.81793213E+07,-1.02525E+02
6.81823730E+07,-1.04085E+02
6.81854248E+07,-1.04265E+02
6.81884766E+07,-9.94054E+01
6.81915283E+07,-1.04825E+02
6.81945801E+07,-9.87854E+01
6.81976318E+07,-9.59654E+01
6.82006836E+07,-9.35054E+01
6.82037354E+07,-9.68054E+01
6.82067871E+07,-1.03265E+02
6.82098389E+07,-1.04465E+02
6.82128906E+07,-1.10165E+02
6.82159424E+07,-1.01965E+02
6.82189941E+07,-1.08145E+02
6.82220459E+07,-1.03845E+02
6.82250977E+07,-9.95854E+01
6.82281494E+07,-9.78454E+01
6.82312012E+07,-9.67454E+01
6.82342529E+07,-9.43854E+01
6.82373047E+07,-9.95254E+01
6.82403564E+07,-1.18285E+02
6.82434082E+07,-1.00005E+02
6.82464600E+07,-1.01425E+02
6.82495117E+07,-1.02625E+02
6.82525635E+07,-9.92854E+01
6.82556152E+07,-9.91854E+01
6.82586670E+07,-1.01405E+02
6.82617188E+07,-1.11685E+02
6.82647705E+07,-9.93054E+01
6.82678223E+07,-1.01165E+02
6.82708740E+07,-9.96054E+01
6.82739258E+07,-1.03265E+02
6.82769775E+07,-1.05565E+02
6.82800293E+07,-1.08585E+02
6.82830811E+07,-1.01885E+02
6.82861328E+07,-1.00545E+02
6.82891846E+07,-1.07165E+02
6.82922363E+07,-1.08165E+02
6.82952881E+07,-9.64054E+01
6.82983398E+07,-9.62254E+01
6.83013916E+07,-1.02525E+02
6.83044434E+07,-1.12325E+02
6.83074951E+07,-9.89854E+01
6.83105469E+07,-9.56854E+01
6.83135986E+07,-9.97254E+01
6.83166504E+07,-1.01425E+02
6.83197021E+07,-1.07845E+02
6.83227539E+07,-1.01585E+02
6.83258057E+07,-1.05465E+02
6.83288574E+07,-9.93054E+01
6.83319092E+07,-9.88654E+01
6.83349609E+07,-9.77654E+01
6.83380127E+07,-1.05045E+02
6.83410645E+07,-1.12585E+02
6.83441162E+07,-1.06865E+02
6.83471680E+07,-1.08285E+02
6.83502197E+07,-1.05545E+02
6.83532715E+07,-1.07745E+02
6.83563232E+07,-9.73454E+01
6.83593750E+07,-9.39254E+01
6.83624268E+07,-9.56454E+01
6.83654785E+07,-9.56654E+01
6.83685303E+07,-9.51254E+01
6.83715820E+07,-9.89054E+01
6.83746338E+07,-1.25625E+02
6.83776855E+07,-9.80654E+01
6.83807373E+07,-9.71654E+01
6.83837891E+07,-9.91254E+01
6.83868408E+07,-9.56854E+01
6.83898926E+07,-9.44854E+01
6.83929443E+07,-1.05385E+02
6.83959961E+07,-1.01085E+02
6.83990479E+07,-9.84654E+01
6.84020996E+07,-1.07525E+02
6.84051514E+07,-1.01105E+02
6.84082031E+07,-9.91654E+01
6.84112549E+07,-9.22854E+01
6.84143066E+07,-9.35054E+01
6.84173584E+07,-1.05485E+02
6.84204102E+07,-9.75054E+01
6.84234619E+07,-1.05765E+02
6.84265137E+07,-1.06005E+02
6.84295654E+07,-9.95854E+01
6.84326172E+07,-9.55454E+01
6.84356689E+07,-9.53454E+01
6.84387207E+07,-9.92254E+01
6.84417725E+07,-1.05505E+02
6.84448242E+07,-1.01045E+02
6.84478760E+07,-1.09605E+02
6.84509277E+07,-1.05125E+02
6.84539795E+07,-9.80454E+01
6.84570312E+07,-9.79254E+01
6.84600830E+07,-1.10125E+02
6.84631348E+07,-1.00385E+02
6.84661865E+07,-9.76654E+01
6.84692383E+07,-1.03305E+02
6.84722900E+07,-1.07165E+02
6.84753418E+07,-1.14825E+02
6.84783936E+07,-1.09205E+02
6.84814453E+07,-1.08665E+02
6.84844971E+07,-1.03665E+02
6.84875488E+07,-9.63654E+01
6.84906006E+07,-1.00665E+02
6.84936523E+07,-1.05865E+02
6.84967041E+07,-9.37254E+01
6.84997559E+07,-9.14254E+01
6.85028076E+07,-9.61654E+01
6.85058594E+07,-1.00985E+02
6.85089111E+07,-1.02045E+02
6.85119629E+07,-1.03305E+02
6.85150146E+07,-1.10185E+02
6.85180664E+07,-1.05365E+02
6.85211182E+07,-1.07685E+02
6.85241699E+07,-1.04465E+02
6.85272217E+07,-1.15205E+02
6.85302734E+07,-1.09085E+02
6.85333252E+07,-1.00585E+02
6.85363770E+07,-9.93054E+01
6.85394287E+07,-1.00485E+02
6.85424805E+07,-9.68054E+01
6.85455322E+07,-9.67054E+01
6.85485840E+07,-9.75454E+01
6.85516357E+07,-9.75254E+01
6.85546875E+07,-9.65654E+01
6.85577393E+07,-9.66454E+01
6.85607910E+07,-1.00205E+02
6.85638428E+07,-1.02985E+02
6.85668945E+07,-9.99654E+01
6.85699463E+07,-1.08865E+02
6.85729980E+07,-1.10605E+02
6.85760498E+07,-1.10605E+02
6.85791016E+07,-1.13305E+02
6.85821533E+07,-9.96054E+01
6.85852051E+07,-9.46254E+01
6.85882568E+07,-9.68454E+01
6.85913086E+07,-1.00385E+02
6.85943604E+07,-1.05505E+02
6.85974121E+07,-1.05125E+02
6.86004639E+07,-1.00825E+02
6.86035156E+07,-1.01285E+02
6.86065674E+07,-9.67854E+01
6.86096191E+07,-9.78654E+01
6.86126709E+07,-1.24805E+02
6.86157227E+07,-9.67454E+01
6.86187744E+07,-9.79654E+01
6.86218262E+07,-9.66854E+01
6.86248779E+07,-9.91254E+01
6.86279297E+07,-1.05385E+02
6.86309814E+07,-9.58254E+01
6.86340332E+07,-9.78054E+01
6.86370850E+07,-1.02225E+02
6.86401367E+07,-1.28305E+02
6.86431885E+07,-9.92454E+01
6.86462402E+07,-1.01085E+02
6.86492920E+07,-1.02505E+02
6.86523438E+07,-9.84054E+01
6.86553955E+07,-1.00745E+02
6.86584473E+07,-1.00765E+02
6.86614990E+07,-9.89854E+01
6.86645508E+07,-9.55854E+01
6.86676025E+07,-1.00125E+02
6.86706543E+07,-1.05765E+02
6.86737061E+07,-9.95054E+01
6.86767578E+07,-9.81654E+01
6.86798096E+07,-9.16854E+01
6.86828613E+07,-9.54454E+01
6.86859131E+07,-9.54654E+01
6.86889648E+07,-1.01125E+02
6.86920166E+07,-9.54854E+01
6.86950684E+07,-9.49854E+01
6.86981201E+07,-1.02225E+02
6.87011719E+07,-9.49054E+01
6.87042236E+07,-9.90054E+01
6.87072754E+07,-1.07145E+02
6.87103271E+07,-1.07125E+02
6.87133789E+07,-1.10825E+02
6.87164307E+07,-1.09285E+02
6.87194824E+07,-1.07085E+02
6.87225342E+07,-1.07025E+02
6.87255859E+07,-9.90654E+01
6.87286377E+07,-1.01665E+02
6.87316895E+07,-1.03365E+02
6.87347412E+07,-9.74654E+01
6.87377930E+07,-1.00725E+02
6.87408447E+07,-9.49254E+01
6.87438965E+07,-1.05865E+02
6.87469482E+07,-1.01425E+02
6.87500000E+07,-9.82454E+01
6.87530518E+07,-9.36654E+01
6.87561035E+07,-9.42654E+01
6.87591553E+07,-9.62854E+01
6.87622070E+07,-9.88854E+01
6.87652588E+07,-9.72854E+01
6.87683105E+07,-1.01205E+02
6.87713623E+07,-1.04185E+02
6.87744141E+07,-1.05005E+02
6.87774658E+07,-1.01565E+02
6.87805176E+07,-1.10005E+02
6.87835693E+07,-1.11105E+02
6.87866211E+07,-1.02245E+02
6.87896729E+07,-9.84054E+01
6.87927246E+07,-1.12065E+02
6.87957764E+07,-1.05745E+02
6.87988281E+07,-1.02685E+02
6.88018799E+07,-9.66454E+01
6.88049316E+07,-9.92454E+01
6.88079834E+07,-1.11165E+02
6.88110352E+07,-9.80054E+01
6.88140869E+07,-9.77654E+01
6.88171387E+07,-1.00225E+02
6.88201904E+07,-1.06085E+02
6.88232422E+07,-9.50254E+01
6.88262939E+07,-9.73854E+01
6.88293457E+07,-1.14225E+02
6.88323975E+07,-1.04525E+02
6.88354492E+07,-1.05805E+02
6.88385010E+07,-1.01765E+02
6.88415527E+07,-1.06085E+02
6.88446045E+07,-9.55454E+01
6.88476562E+07,-9.49654E+01
6.88507080E+07,-9.90654E+01
6.88537598E+07,-1.05465E+02
6.88568115E+07,-1.00705E+02
6.88598633E+07,-1.16085E+02
6.88629150E+07,-1.03125E+02
6.88659668E+07,-1.13025E+02
6.88690186E+07,-9.97254E+01
6.88720703E+07,-9.88454E+01
6.88751221E+07,-1.01285E+02
6.88781738E+07,-1.04425E+02
6.88812256E+07,-9.77254E+01
6.88842773E+07,-9.47054E+01
6.88873291E+07,-1.05585E+02
6.88903809E+07,-1.12245E+02
6.88934326E+07,-1.05645E+02
6.88964844E+07,-1.19165E+02
6.88995361E+07,-1.07645E+02
6.89025879E+07,-9.85654E+01
6.89056396E+07,-9.98854E+01
6.89086914E+07,-9.85854E+01
6.89117432E+07,-9.61654E+01
6.89147949E+07,-1.04805E+02
6.89178467E+07,-1.04145E+02
6.89208984E+07,-1.10045E+02
6.89239502E+07,-9.81254E+01
6.89270020E+07,-9.68054E+01
6.89300537E+07,-9.71654E+01
6.89331055E+07,-9.27654E+01
6.89361572E+07,-9.27654E+01
6.89392090E+07,-9.99654E+01
6.89422607E+07,-1.00385E+02
6.89453125E+07,-9.85654E+01
6.89483643E+07,-9.63054E+01
6.89514160E+07,-1.00525E+02
6.89544678E+07,-1.03365E+02
6.89575195E+07,-1.04625E+02
6.89605713E+07,-1.05445E+02
6.89636230E+07,-1.02985E+02
6.89666748E+07,-9.86254E+01
6.89697266E+07,-1.02005E+02
6.89727783E+07,-1.02245E+02
6.89758301E+07,-9.91654E+01
6.89788818E+07,-9.48654E+01
6.89819336E+07,-1.01345E+02
6.89849854E+07,-1.04525E+02
6.89880371E+07,-1.00805E+02
6.89910889E+07,-1.06265E+02
6.89941406E+07,-1.10825E+02
6.89971924E+07,-1.04425E+02
6.90002441E+07,-9.83254E+01
6.90032959E+07,-9.82254E+01
6.90063477E+07,-9.78054E+01
6.90093994E+07,-1.02165E+02
6.90124512E+07,-9.83054E+01
6.90155029E+07,-9.78654E+01
6.90185547E+07,-9.82854E+01
6.90216064E+07,-9.38054E+01
6.90246582E+07,-9.59054E+01
6.90277100E+07,-9.40454E+01
6.90307617E+07,-1.00425E+02
6.90338135E+07,-9.79054E+01
6.90368652E+07,-9.54654E+01
6.90399170E+07,-9.76454E+01
6.90429688E+07,-1.02285E+02
6.90460205E+07,-1.01305E+02
6.90490723E+07,-9.74254E+01
6.90521240E+07,-1.06805E+02
6.90551758E+07,-1.01905E+02
6.90582275E+07,-1.02205E+02
6.90612793E+07,-9.77254E+01
6.90643311E+07,-9.85454E+01
6.90673828E+07,-1.03325E+02
6.90704346E+07,-1.04805E+02
6.90734863E+07,-1.02905E+02
6.90765381E+07,-1.02805E+02
6.90795898E+07,-1.11565E+02
6.90826416E+07,-1.06025E+02
6.90856934E+07,-1.03925E+02
6.90887451E+07,-9.48654E+01
6.90917969E+07,-9.35454E+01
6.90948486E+07,-9.76454E+01
6.90979004E+07,-9.94854E+01
6.91009521E+07,-9.59254E+01
6.91040039E+07,-9.87654E+01
6.91070557E+07,-1.04505E+02
6.91101074E+07,-1.08045E+02
6.91131592E+07,-1.07445E+02
6.91162109E+07,-1.00865E+02
6.91192627E+07,-1.06885E+02
6.91223145E+07,-9.92454E+01
6.91253662E+07,-9.79254E+01
6.91284180E+07,-1.10165E+02
6.91314697E+07,-9.57254E+01
6.91345215E+07,-9.43654E+01
6.91375732E+07,-9.73454E+01
6.91406250E+07,-9.75854E+01
6.91436768E+07,-9.79654E+01
6.91467285E+07,-9.93054E+01
6.91497803E+07,-1.00185E+02
6.91528320E+07,-9.88654E+01
6.91558838E+07,-1.06005E+02
6.91589355E+07,-9.41854E+01
6.91619873E+07,-9.50654E+01
6.91650391E+07,-9.71654E+01
6.91680908E+07,-1.06045E+02
6.91711426E+07,-9.76054E+01
6.91741943E+07,-9.40854E+01
6.91772461E+07,-9.94254E+01
6.91802979E+07,-1.04605E+02
6.91833496E+07,-9.93054E+01
6.91864014E+07,-1.01025E+02
6.91894531E+07,-1.04225E+02
6.91925049E+07,-9.82054E+01
6.91955566E+07,-9.84454E+01
6.91986084E+07,-1.01525E+02
6.92016602E+07,-1.02825E+02
6.92047119E+07,-1.01305E+02
6.92077637E+07,-9.43854E+01
6.92108154E+07,-9.62654E+01
6.92138672E+07,-9.91654E+01
6.92169189E+07,-9.84854E+01
6.92199707E+07,-1.04485E+02
6.92230225E+07,-9.51654E+01
6.92260742E+07,-9.58454E+01
6.92291260E+07,-1.03125E+02
6.92321777E+07,-9.49854E+01
6.92352295E+07,-9.70654E+01
6.92382812E+07,-9.99454E+01
6.92413330E+07,-9.48854E+01
6.92443848E+07,-9.43654E+01
6.92474365E+07,-9.76254E+01
6.92504883E+07,-9.81854E+01
6.92535400E+07,-9.84254E+01
6.92565918E+07,-1.05785E+02
6.92596436E+07,-1.09325E+02
6.92626953E+07,-1.06465E+02
6.92657471E+07,-9.91854E+01
6.92687988E+07,-1.03025E+02
6.92718506E+07,-9.73254E+01
6.92749023E+07,-9.48654E+01
6.92779541E+07,-9.57654E+01
6.92810059E+07,-1.03085E+02
6.92840576E+07,-9.87654E+01
6.92871094E+07,-9.62654E+01
6.92901611E+07,-9.74054E+01
6.92932129E+07,-9.62054E+01
6.92962646E+07,-1.18145E+02
6.92993164E+07,-1.08845E+02
6.93023682E+07,-1.16165E+02
6.93054199E+07,-1.06285E+02
6.93084717E+07,-1.04265E+02
6.93115234E+07,-9.60654E+01
6.93145752E+07,-9.38854E+01
6.93176270E+07,-9.65654E+01
6.93206787E+07,-9.91654E+01
6.93237305E+07,-1.02485E+02
6.93267822E+07,-9.81854E+01
6.93298340E+07,-9.80054E+01
6.93328857E+07,-9.98454E+01
6.93359375E+07,-1.02745E+02
6.93389893E+07,-1.01325E+02
6.93420410E+07,-1.00885E+02
6.93450928E+07,-1.05505E+02
6.93481445E+07,-1.03065E+02
6.93511963E+07,-9.49454E+01
6.93542480E+07,-1.02585E+02
6.93572998E+07,-1.02965E+02
6.93603516E+07,-1.06005E+02
6.93634033E+07,-1.08425E+02
6.93664551E+07,-1.04085E+02
6.93695068E+07,-9.95054E+01
6.93725586E+07,-9.45054E+01
6.93756104E+07,-1.00425E+02
6.93786621E+07,-1.09725E+02
6.93817139E+07,-1.07485E+02
6.93847656E+07,-1.12705E+02
6.93878174E+07,-1.09265E+02
6.93908691E+07,-1.05505E+02
6.93939209E+07,-1.00005E+02
6.93969727E+07,-1.15845E+02
6.94000244E+07,-1.02625E+02
6.94030762E+07,-9.35854E+01
6.94061279E+07,-1.01705E+02
6.94091797E+07,-1.03165E+02
6.94122314E+07,-1.12305E+02
6.94152832E+07,-1.12425E+02
6.94183350E+07,-9.78854E+01
6.94213867E+07,-1.07165E+02
6.94244385E+07,-9.72254E+01
6.94274902E+07,-9.76054E+01
6.94305420E+07,-9.83454E+01
6.94335938E+07,-1.06305E+02
6.94366455E+07,-1.06885E+02
6.94396973E+07,-1.05085E+02
6.94427490E+07,-1.06325E+02
6.94458008E+07,-1.12905E+02
6.94488525E+07,-1.01745E+02
6.94519043E+07,-1.00545E+02
6.94549561E+07,-1.02905E+02
6.94580078E+07,-1.07205E+02
6.94610596E+07,-1.05705E+02
6.94641113E+07,-1.00385E+02
6.94671631E+07,-9.67854E+01
6.94702148E+07,-9.31654E+01
6.94732666E+07,-9.43654E+01
6.94763184E+07,-9.49254E+01
6.94793701E+07,-9.32254E+01
6.94824219E+07,-8.87654E+01
6.94854736E+07,-9.11654E+01
6.94885254E+07,-1.09905E+02
6.94915771E+07,-1.03625E+02
6.94946289E+07,-1.09765E+02
6.94976807E+07,-1.06505E+02
6.95007324E+07,-1.01325E+02
6.95037842E+07,-9.85654E+01
6.95068359E+07,-1.00405E+02
6.95098877E+07,-9.94454E+01
6.95129395E+07,-9.62654E+01
6.95159912E+07,-9.29854E+01
6.95190430E+07,-9.41454E+01
6.95220947E+07,-1.07525E+02
6.95251465E+07,-9.75854E+01
6.95281982E+07,-9.67654E+01
6.95312500E+07,-9.93454E+01
6.95343018E+07,-1.02865E+02
6.95373535E+07,-1.01665E+02
6.95404053E+07,-1.00225E+02
6.95434570E+07,-1.05965E+02
6.95465088E+07,-9.80054E+01
6.95495605E+07,-9.24854E+01
6.95526123E+07,-9.55054E+01
6.95556641E+07,-9.62654E+01
6.95587158E+07,-9.71054E+01
6.95617676E+07,-1.02085E+02
6.95648193E+07,-1.01385E+02
6.95678711E+07,-9.77654E+01
6.95709229E+07,-9.98854E+01
6.95739746E+07,-1.01685E+02
6.95770264E+07,-9.52454E+01
6.95800781E+07,-9.97854E+01
6.95831299E+07,-9.64254E+01
6.95861816E+07,-9.50454E+01
6.95892334E+07,-9.95254E+01
6.95922852E+07,-9.32654E+01
6.95953369E+07,-9.80054E+01
6.95983887E+07,-9.71454E+01
6.96014404E+07,-9.26254E+01
6.96044922E+07,-9.45254E+01
6.96075439E+07,-1.00925E+02
6.96105957E+07,-9.58254E+01
6.96136475E+07,-9.15654E+01
6.96166992E+07,-9.62654E+01
6.96197510E+07,-9.75654E+01
6.96228027E+07,-1.01105E+02
6.96258545E+07,-1.02305E+02
6.96289062E+07,-1.03665E+02
6.96319580E+07,-1.02385E+02
6.96350098E+07,-9.80454E+01
6.96380615E+07,-1.03085E+02
6.96411133E+07,-1.08325E+02
6.96441650E+07,-1.02505E+02
6.96472168E+07,-1.00105E+02
6.96502686E+07,-9.85654E+01
6.96533203E+07,-1.00625E+02
6.96563721E+07,-1.10125E+02
6.96594238E+07,-1.09125E+02
6.96624756E+07,-9.89654E+01
6.96655273E+07,-9.40454E+01
6.96685791E+07,-9.43454E+01
6.96716309E+07,-1.01505E+02
6.96746826E+07,-9.59654E+01
6.96777344E+07,-9.54854E+01
6.96807861E+07,-9.96054E+01
6.96838379E+07,-9.51054E+01
6.96868896E+07,-9.84254E+01
6.96899414E+07,-1.06665E+02
6.96929932E+07,-1.00245E+02
6.96960449E+07,-9.69854E+01
6.96990967E+07,-9.65654E+01
6.97021484E+07,-9.71254E+01
6.97052002E+07,-9.76454E+01
6.97082520E+07,-9.87854E+01
6.97113037E+07,-1.04785E+02
6.97143555E+07,-9.90854E+01
6.97174072E+07,-1.00605E+02
6.97204590E+07,-9.74254E+01
6.97235107E+07,-9.86854E+01
6.97265625E+07,-9.17854E+01
6.97296143E+07,-9.58854E+01
6.97326660E+07,-1.03405E+02
6.97357178E+07,-9.64654E+01
6.97387695E+07,-9.74254E+01
6.97418213E+07,-1.00225E+02
6.97448730E+07,-9.86454E+01
6.97479248E+07,-1.04385E+02
6.97509766E+07,-1.02305E+02
6.97540283E+07,-9.66454E+01
6.97570801E+07,-9.85054E+01
6.97601318E+07,-1.02805E+02
6.97631836E+07,-1.15045E+02
6.97662354E+07,-1.09125E+02
6.97692871E+07,-1.12485E+02
6.97723389E+07,-1.10045E+02
6.97753906E+07,-1.06945E+02
6.97784424E+07,-1.10465E+02
6.97814941E+07,-9.99054E+01
6.97845459E+07,-9.64254E+01
6.97875977E+07,-1.01385E+02
6.97906494E+07,-9.79454E+01
6.97937012E+07,-1.05105E+02
6.97967529E+07,-9.71054E+01
6.97998047E+07,-9.55254E+01
6.98028564E+07,-1.04705E+02
6.98059082E+07,-1.04265E+02
6.98089600E+07,-1.06845E+02
6.98120117E+07,-1.03805E+02
6.98150635E+07,-1.11025E+02
6.98181152E+07,-9.88254E+01
6.98211670E+07,-9.67854E+01
6.98242188E+07,-9.79254E+01
6.98272705E+07,-1.11345E+02
6.98303223E+07,-1.05565E+02
6.98333740E+07,-9.66454E+01
6.98364258E+07,-9.90654E+01
6.98394775E+07,-1.00225E+02
6.98425293E+07,-9.87654E+01
6.98455811E+07,-1.03505E+02
6.98486328E+07,-1.11625E+02
6.98516846E+07,-9.99654E+01
6.98547363E+07,-1.02925E+02
6.98577881E+07,-9.96054E+01
6.98608398E+07,-1.00165E+02
6.98638916E+07,-9.35454E+01
6.98669434E+07,-9.47254E+01
6.98699951E+07,-1.03265E+02
6.98730469E+07,-9.61054E+01
6.98760986E+07,-1.01185E+02
6.98791504E+07,-9.81254E+01
6.98822021E+07,-1.00045E+02
6.98852539E+07,-9.73254E+01
6.98883057E+07,-9.56454E+01
6.98913574E+07,-9.36254E+01
6.98944092E+07,-9.38454E+01
6.98974609E+07,-9.81854E+01
6.99005127E+07,-9.60254E+01
6.99035645E+07,-9.38054E+01
6.99066162E+07,-9.68454E+01
6.99096680E+07,-9.88054E+01
6.99127197E+07,-9.76454E+01
6.99157715E+07,-1.01485E+02
6.99188232E+07,-1.11205E+02
6.99218750E+07,-9.62854E+01
6.99249268E+07,-9.16854E+01
6.99279785E+07,-9.59854E+01
6.99310303E+07,-1.05765E+02
6.99340820E+07,-1.01325E+02
6.99371338E+07,-9.60854E+01
6.99401855E+07,-9.87854E+01
6.99432373E+07,-1.03225E+02
6.99462891E+07,-1.15865E+02
6.99493408E+07,-9.96054E+01
6.99523926E+07,-1.05385E+02
6.99554443E+07,-9.72654E+01
6.99584961E+07,-9.28254E+01
6.99615479E+07,-9.33054E+01
6.99645996E+07,-9.66454E+01
6.99676514E+07,-1.07925E+02
6.99707031E+07,-1.05865E+02
6.99737549E+07,-1.02585E+02
6.99768066E+07,-1.05885E+02
6.99798584E+07,-1.07525E+02
6.99829102E+07,-9.64854E+01
6.99859619E+07,-9.61854E+01
6.99890137E+07,-9.91654E+01
6.99920654E+07,-1.03965E+02
6.99951172E+07,-8.65254E+01
6.99981689E+07,-7.83254E+01
7.00012207E+07,-8.16654E+01
7.00042725E+07,-1.09725E+02
7.00073242E+07,-1.04965E+02
7.00103760E+07,-1.04265E+02
7.00134277E+07,-1.11125E+02
7.00164795E+07,-1.08105E+02
7.00195312E+07,-1.11565E+02
7.00225830E+07,-9.75854E+01
7.00256348E+07,-9.97654E+01
7.00286865E+07,-9.66254E+01
7.00317383E+07,-9.25254E+01
7.00347900E+07,-9.93054E+01
7.00378418E+07,-1.13765E+02
7.00408936E+07,-1.07925E+02
7.00439453E+07,-9.94254E+01
7.00469971E+07,-9.33654E+01
7.00500488E+07,-9.29054E+01
7.00531006E+07,-1.04005E+02
7.00561523E+07,-9.67454E+01
7.00592041E+07,-1.19125E+02
7.00622559E+07,-9.88654E+01
7.00653076E+07,-1.05205E+02
7.00683594E+07,-1.06425E+02
7.00714111E+07,-1.01165E+02
7.00744629E+07,-9.86454E+01
7.00775146E+07,-1.03225E+02
7.00805664E+07,-9.70054E+01
7.00836182E+07,-9.62454E+01
7.00866699E+07,-9.77054E+01
7.00897217E+07,-9.52854E+01
7.00927734E+07,-9.38854E+01
7.00958252E+07,-1.05005E+02
7.00988770E+07,-1.01345E+02
7.01019287E+07,-1.05605E+02
7.01049805E+07,-9.86454E+01
7.01080322E+07,-9.86654E+01
7.01110840E+07,-1.21005E+02
7.01141357E+07,-1.03185E+02
7.01171875E+07,-9.78854E+01
7.01202393E+07,-9.22254E+01
7.01232910E+07,-9.22054E+01
7.01263428E+07,-9.76054E+01
7.01293945E+07,-9.88054E+01
7.01324463E+07,-9.37054E+01
7.01354980E+07,-9.24854E+01
7.01385498E+07,-9.87454E+01
7.01416016E+07,-9.91654E+01
7.01446533E+07,-9.56454E+01
7.01477051E+07,-9.85054E+01
7.01507568E+07,-9.70654E+01
7.01538086E+07,-9.20854E+01
7.01568604E+07,-9.83254E+01
7.01599121E+07,-1.00245E+02
7.01629639E+07,-1.01645E+02
7.01660156E+07,-1.05185E+02
7.01690674E+07,-1.02085E+02
7.01721191E+07,-1.07165E+02
7.01751709E+07,-1.19745E+02
7.01782227E+07,-1.05845E+02
7.01812744E+07,-1.01305E+02
7.01843262E+07,-1.07905E+02
7.01873779E+07,-1.11305E+02
7.01904297E+07,-1.03845E+02
7.01934814E+07,-1.02385E+02
7.01965332E+07,-1.08945E+02
7.01995850E+07,-9.56454E+01
7.02026367E+07,-9.73854E+01
7.02056885E+07,-1.15005E+02
7.02087402E+07,-1.14005E+02
7.02117920E+07,-1.09045E+02
7.02148438E+07,-1.01145E+02
7.02178955E+07,-9.53654E+01
7.02209473E+07,-9.46254E+01
7.02239990E+07,-1.00025E+02
7.02270508E+07,-1.12745E+02
7.02301025E+07,-1.02125E+02
7.02331543E+07,-1.02145E+02
7.02362061E+07,-1.00605E+02
7.02392578E+07,-1.07785E+02
7.02423096E+07,-1.04785E+02
7.02453613E+07,-1.11205E+02
7.02484131E+07,-9.62654E+01
7.02514648E+07,-1.00245E+02
7.02545166E+07,-1.05925E+02
7.02575684E+07,-1.03665E+02
7.02606201E+07,-1.00445E+02
7.02636719E+07,-1.01065E+02
7.02667236E+07,-9.84254E+01
7.02697754E+07,-1.04965E+02
7.02728271E+07,-1.02505E+02
7.02758789E+07,-1.06105E+02
7.02789307E+07,-9.89854E+01
7.02819824E+07,-9.64454E+01
7.02850342E+07,-9.78454E+01
7.02880859E+07,-1.10585E+02
7.02911377E+07,-1.00045E+02
7.02941895E+07,-1.00945E+02
7.02972412E+07,-9.87054E+01
7.03002930E+07,-9.54254E+01
7.03033447E+07,-9.65254E+01
7.03063965E+07,-1.07805E+02
7.03094482E+07,-1.03305E+02
7.03125000E+07,-1.16965E+02
7.03155518E+07,-1.03305E+02
7.03186035E+07,-9.80654E+01
7.03216553E+07,-9.48254E+01
7.03247070E+07,-9.43054E+01
7.03277588E+07,-9.87454E+01
7.03308105E+07,-1.12685E+02
7.03338623E+07,-1.03365E+02
7.03369141E+07,-1.01785E+02
7.03399658E+07,-1.05105E+02
7.03430176E+07,-1.02505E+02
7.03460693E+07,-1.00245E+02
7.03491211E+07,-1.04725E+02
7.03521729E+07,-9.92054E+01
7.03552246E+07,-9.31654E+01
7.03582764E+07,-9.44054E+01
7.03613281E+07,-9.94854E+01
7.03643799E+07,-1.04805E+02
7.03674316E+07,-1.02385E+02
7.03704834E+07,-9.38854E+01
7.03735352E+07,-9.63054E+01
7.03765869E+07,-1.06565E+02
7.03796387E+07,-9.95054E+01
7.03826904E+07,-9.48454E+01
7.03857422E+07,-9.60854E+01
7.03887939E+07,-9.89054E+01
7.03918457E+07,-1.05065E+02
7.03948975E+07,-9.65854E+01
7.03979492E+07,-9.74254E+01
7.04010010E+07,-9.75454E+01
7.04040527E+07,-9.80054E+01
7.04071045E+07,-1.06565E+02
7.04101562E+07,-9.85654E+01
7.04132080E+07,-9.64454E+01
7.04162598E+07,-1.00245E+02
7.04193115E+07,-1.07165E+02
7.04223633E+07,-1.22245E+02
7.04254150E+07,-9.84654E+01
7.04284668E+07,-9.62054E+01
7.04315186E+07,-9.85854E+01
7.04345703E+07,-1.01545E+02
7.04376221E+07,-9.84654E+01
7.04406738E+07,-1.01785E+02
7.04437256E+07,-1.05565E+02
7.04467773E+07,-1.06865E+02
7.04498291E+07,-9.74254E+01
7.04528809E+07,-9.86654E+01
7.04559326E+07,-9.89454E+01
7.04589844E+07,-1.01805E+02
7.04620361E+07,-1.05425E+02
7.04650879E+07,-9.69254E+01
7.04681396E+07,-1.04585E+02
7.04711914E+07,-9.65254E+01
7.04742432E+07,-9.17054E+01
7.04772949E+07,-9.35454E+01
7.04803467E+07,-1.00205E+02
7.04833984E+07,-9.45454E+01
7.04864502E+07,-9.34654E+01
7.04895020E+07,-9.77254E+01
7.04925537E+07,-1.09725E+02
7.04956055E+07,-1.06545E+02
7.04986572E+07,-9.75254E+01
7.05017090E+07,-9.55254E+01
7.05047607E+07,-9.55454E+01
7.05078125E+07,-9.47254E+01
7.05108643E+07,-1.01005E+02
7.05139160E+07,-1.09525E+02
7.05169678E+07,-1.01865E+02
7.05200195E+07,-1.05085E+02
7.05230713E+07,-1.03625E+02
7.05261230E+07,-1.08265E+02
7.05291748E+07,-1.08205E+02
7.05322266E+07,-9.64254E+01
7.05352783E+07,-9.65454E+01
7.05383301E+07,-1.00945E+02
7.05413818E+07,-9.52854E+01
7.05444336E+07,-9.39654E+01
7.05474854E+07,-1.04725E+02
7.05505371E+07,-9.51654E+01
7.05535889E+07,-1.05205E+02
7.05566406E+07,-9.61454E+01
7.05596924E+07,-9.78054E+01
7.05627441E+07,-9.88454E+01
7.05657959E+07,-9.34454E+01
7.05688477E+07,-9.96654E+01
7.05718994E+07,-1.07925E+02
7.05749512E+07,-1.00645E+02
7.05780029E+07,-9.70054E+01
7.05810547E+07,-1.05465E+02
7.05841064E+07,-9.58454E+01
7.05871582E+07,-9.91854E+01
7.05902100E+07,-1.08585E+02
7.05932617E+07,-1.04565E+02
7.05963135E+07,-1.01045E+02
7.05993652E+07,-9.64254E+01
7.06024170E+07,-9.68054E+01
7.06054688E+07,-1.01305E+02
7.06085205E+07,-1.02965E+02
7.06115723E+07,-1.04305E+02
7.06146240E+07,-1.09945E+02
7.06176758E+07,-1.04985E+02
7.06207275E+07,-1.05285E+02
7.06237793E+07,-9.86854E+01
7.06268311E+07,-9.33054E+01
7.06298828E+07,-9.64254E+01
7.06329346E+07,-9.93254E+01
7.06359863E+07,-1.09605E+02
7.06390381E+07,-1.11445E+02
7.06420898E+07,-1.06485E+02
7.06451416E+07,-9.65054E+01
7.06481934E+07,-9.88254E+01
7.06512451E+07,-1.05985E+02
7.06542969E+07,-1.05025E+02
7.06573486E+07,-1.05805E+02
7.06604004E+07,-9.90854E+01
7.06634521E+07,-9.47454E+01
7.06665039E+07,-1.03125E+02
7.06695557E+07,-1.07945E+02
7.06726074E+07,-9.95454E+01
7.06756592E+07,-9.98854E+01
7.06787109E+07,-1.05165E+02
7.06817627E+07,-1.01225E+02
7.06848145E+07,-9.41454E+01
7.06878662E+07,-9.24254E+01
7.06909180E+07,-9.86054E+01
7.06939697E+07,-1.01125E+02
7.06970215E+07,-9.90454E+01
7.07000732E+07,-1.09705E+02
7.07031250E+07,-9.83054E+01
7.07061768E+07,-9.91654E+01
7.07092285E+07,-9.67254E+01
7.07122803E+07,-9.63854E+01
7.07153320E+07,-1.03725E+02
7.07183838E+07,-1.02285E+02
7.07214355E+07,-1.00065E+02
7.07244873E+07,-9.97854E+01
7.07275391E+07,-1.05385E+02
7.07305908E+07,-9.64454E+01
7.07336426E+07,-9.92454E+01
7.07366943E+07,-9.70654E+01
7.07397461E+07,-1.02565E+02
7.07427979E+07,-1.12245E+02
7.07458496E+07,-9.97854E+01
7.07489014E+07,-9.68454E+01
7.07519531E+07,-9.51254E+01
7.07550049E+07,-9.41854E+01
7.07580566E+07,-9.76454E+01
7.07611084E+07,-1.09705E+02
7.07641602E+07,-1.12305E+02
7.07672119E+07,-1.01285E+02
7.07702637E+07,-9.55054E+01
7.07733154E+07,-9.55054E+01
7.07763672E+07,-9.51654E+01
7.07794189E+07,-1.13225E+02
7.07824707E+07,-1.02645E+02
7.07855225E+07,-1.12305E+02
7.07885742E+07,-1.01405E+02
7.07916260E+07,-9.96854E+01
7.07946777E+07,-9.37054E+01
7.07977295E+07,-9.11454E+01
7.08007812E+07,-1.02585E+02
7.08038330E+07,-9.59254E+01
7.08068848E+07,-9.26854E+01
7.08099365E+07,-9.71654E+01
7.08129883E+07,-1.03925E+02
7.08160400E+07,-1.03705E+02
7.08190918E+07,-1.07885E+02
7.08221436E+07,-1.04465E+02
7.08251953E+07,-1.00065E+02
7.08282471E+07,-1.07665E+02
7.08312988E+07,-9.86654E+01
7.08343506E+07,-1.07205E+02
7.08374023E+07,-1.00525E+02
7.08404541E+07,-1.03125E+02
7.08435059E+07,-9.98054E+01
7.08465576E+07,-1.06945E+02
7.08496094E+07,-1.06265E+02
7.08526611E+07,-1.09045E+02
7.08557129E+07,-1.07525E+02
7.08587646E+07,-1.02585E+02
7.08618164E+07,-1.05565E+02
7.08648682E+07,-9.90654E+01
7.08679199E+07,-9.54254E+01
7.08709717E+07,-1.18085E+02
7.08740234E+07,-9.63654E+01
7.08770752E+07,-1.08525E+02
7.08801270E+07,-9.30654E+01
7.08831787E+07,-9.40854E+01
7.08862305E+07,-9.57454E+01
7.08892822E+07,-9.75254E+01
7.08923340E+07,-1.06845E+02
7.08953857E+07,-1.04645E+02
7.08984375E+07,-1.08825E+02
7.09014893E+07,-9.91654E+01
7.09045410E+07,-9.50654E+01
7.09075928E+07,-9.31854E+01
7.09106445E+07,-9.29254E+01
7.09136963E+07,-9.62654E+01
7.09167480E+07,-1.00385E+02
7.09197998E+07,-1.00205E+02
7.09228516E+07,-1.01865E+02
7.09259033E+07,-9.92054E+01
7.09289551E+07,-1.02625E+02
7.09320068E+07,-1.01885E+02
7.09350586E+07,-9.94054E+01
7.09381104E+07,-9.99254E+01
7.09411621E+07,-9.73454E+01
7.09442139E+07,-9.78454E+01
7.09472656E+07,-1.02125E+02
7.09503174E+07,-9.94454E+01
7.09533691E+07,-9.81254E+01
7.09564209E+07,-9.88854E+01
7.09594727E+07,-1.08465E+02
7.09625244E+07,-1.00245E+02
7.09655762E+07,-9.37054E+01
7.09686279E+07,-9.94854E+01
7.09716797E+07,-9.84854E+01
7.09747314E+07,-9.51654E+01
7.09777832E+07,-1.01745E+02
7.09808350E+07,-1.05485E+02
7.09838867E+07,-1.02225E+02
7.09869385E+07,-1.09305E+02
7.09899902E+07,-1.09205E+02
7.09930420E+07,-1.04565E+02
7.09960938E+07,-9.83654E+01
7.09991455E+07,-9.95454E+01
7.10021973E+07,-1.02245E+02
7.10052490E+07,-1.03505E+02
7.10083008E+07,-1.02365E+02
7.10113525E+07,-9.67054E+01
7.10144043E+07,-9.91654E+01
7.10174561E+07,-1.06245E+02
7.10205078E+07,-1.06345E+02
7.10235596E+07,-1.01965E+02
7.10266113E+07,-1.00885E+02
7.10296631E+07,-1.10785E+02
7.10327148E+07,-1.02485E+02
7.10357666E+07,-9.99454E+01
7.10388184E+07,-1.00545E+02
7.10418701E+07,-1.01965E+02
7.10449219E+07,-9.71054E+01
7.10479736E+07,-9.20454E+01
7.10510254E+07,-9.57254E+01
7.10540771E+07,-9.24854E+01
7.10571289E+07,-9.13254E+01
7.10601807E+07,-9.28254E+01
7.10632324E+07,-9.27454E+01
7.10662842E+07,-9.45854E+01
7.10693359E+07,-1.00885E+02
7.10723877E+07,-9.81654E+01
7.10754395E+07,-9.80854E+01
7.10784912E+07,-1.07465E+02
7.10815430E+07,-9.80454E+01
7.10845947E+07,-1.01045E+02
7.10876465E+07,-1.00025E+02
7.10906982E+07,-9.57454E+01
7.10937500E+07,-9.89054E+01
7.10968018E+07,-9.65854E+01
7.10998535E+07,-1.10905E+02
7.11029053E+07,-1.00045E+02
7.11059570E+07,-9.49454E+01
7.11090088E+07,-9.37254E+01
7.11120605E+07,-1.00925E+02
7.11151123E+07,-1.05205E+02
7.11181641E+07,-1.16205E+02
7.11212158E+07,-1.03225E+02
7.11242676E+07,-9.89054E+01
7.11273193E+07,-9.62054E+01
7.11303711E+07,-9.65854E+01
7.11334229E+07,-1.03445E+02
7.11364746E+07,-1.05265E+02
7.11395264E+07,-1.02905E+02
7.11425781E+07,-1.13765E+02
7.11456299E+07,-1.04265E+02
7.11486816E+07,-9.94654E+01
7.11517334E+07,-1.13705E+02
7.11547852E+07,-1.03365E+02
7.11578369E+07,-1.01225E+02
7.11608887E+07,-1.09605E+02
7.11639404E+07,-9.70054E+01
7.11669922E+07,-9.91454E+01
7.11700439E+07,-1.00705E+02
7.11730957E+07,-9.67454E+01
7.11761475E+07,-1.04705E+02
7.11791992E+07,-9.30654E+01
7.11822510E+07,-9.73054E+01
7.11853027E+07,-1.00225E+02
7.11883545E+07,-1.22385E+02
7.11914062E+07,-9.73454E+01
7.11944580E+07,-9.79454E+01
7.11975098E+07,-1.04325E+02
7.12005615E+07,-1.07465E+02
7.12036133E+07,-9.99054E+01
7.12066650E+07,-9.65654E+01
7.12097168E+07,-9.92454E+01
7.12127686E+07,-9.60254E+01
7.12158203E+07,-1.01905E+02
7.12188721E+07,-9.42254E+01
7.12219238E+07,-9.97054E+01
7.12249756E+07,-9.85654E+01
7.12280273E+07,-9.70254E+01
7.12310791E+07,-1.02685E+02
7.12341309E+07,-9.96654E+01
7.12371826E+07,-9.72854E+01
7.12402344E+07,-9.64654E+01
7.12432861E+07,-9.48454E+01
7.12463379E+07,-9.49854E+01
7.12493896E+07,-9.48254E+01
7.12524414E+07,-9.91454E+01
7.12554932E+07,-9.40054E+01
7.12585449E+07,-9.33254E+01
7.12615967E+07,-1.05085E+02
7.12646484E+07,-1.09825E+02
7.12677002E+07,-9.95454E+01
7.12707520E+07,-9.81254E+01
7.12738037E+07,-9.73254E+01
7.12768555E+07,-9.46454E+01
7.12799072E+07,-1.03065E+02
7.12829590E+07,-1.01385E+02
7.12860107E+07,-1.12365E+02
7.12890625E+07,-9.86454E+01
7.12921143E+07,-9.95454E+01
7.12951660E+07,-1.05845E+02
7.12982178E+07,-9.78654E+01
7.13012695E+07,-1.07565E+02
7.13043213E+07,-1.00085E+02
7.13073730E+07,-1.00785E+02
7.13104248E+07,-1.12125E+02
7.13134766E+07,-9.49854E+01
7.13165283E+07,-9.17454E+01
7.13195801E+07,-9.24454E+01
7.13226318E+07,-9.16454E+01
7.13256836E+07,-9.41854E+01
7.13287354E+07,-1.06265E+02
7.13317871E+07,-1.04525E+02
7.13348389E+07,-1.01765E+02
7.13378906E+07,-9.48454E+01
7.13409424E+07,-9.55454E+01
7.13439941E+07,-1.00365E+02
7.13470459E+07,-1.07745E+02
7.13500977E+07,-1.08825E+02
7.13531494E+07,-1.10925E+02
7.13562012E+07,-1.03365E+02
7.13592529E+07,-9.77854E+01
7.13623047E+07,-1.04045E+02
7.13653564E+07,-1.04445E+02
7.13684082E+07,-9.68654E+01
7.13714600E+07,-9.79254E+01
7.13745117E+07,-9.84654E+01
7.13775635E+07,-1.10945E+02
7.13806152E+07,-9.74854E+01
7.13836670E+07,-9.74454E+01
7.13867188E+07,-1.00365E+02
7.13897705E+07,-1.05785E+02
7.13928223E+07,-9.96454E+01
7.13958740E+07,-9.81054E+01
7.13989258E+07,-9.29254E+01
7.14019775E+07,-9.59254E+01
7.14050293E+07,-9.86254E+01
7.14080811E+07,-9.89654E+01
7.14111328E+07,-9.87654E+01
7.14141846E+07,-9.85654E+01
7.14172363E+07,-1.00305E+02
7.14202881E+07,-9.91054E+01
7.14233398E+07,-1.00165E+02
7.14263916E+07,-9.77454E+01
7.14294434E+07,-9.49854E+01
7.14324951E+07,-9.80854E+01
7.14355469E+07,-1.05545E+02
7.14385986E+07,-1.08225E+02
7.14416504E+07,-9.55654E+01
7.14447021E+07,-9.45454E+01
7.14477539E+07,-9.75254E+01
7.14508057E+07,-1.02445E+02
7.14538574E+07,-9.71654E+01
7.14569092E+07,-9.41454E+01
7.14599609E+07,-9.78654E+01
7.14630127E+07,-9.93054E+01
7.14660645E+07,-9.60654E+01
7.14691162E+07,-9.69254E+01
7.14721680E+07,-9.69454E+01
7.14752197E+07,-9.87454E+01
7.14782715E+07,-9.67654E+01
7.14813232E+07,-9.78454E+01
7.14843750E+07,-1.05245E+02
7.14874268E+07,-1.02305E+02
7.14904785E+07,-9.52654E+01
7.14935303E+07,-9.59854E+01
7.14965820E+07,-9.26854E+01
7.14996338E+07,-9.47654E+01
7.15026855E+07,-1.11185E+02
7.15057373E+07,-9.38454E+01
7.15087891E+07,-9.40054E+01
7.15118408E+07,-9.52254E+01
7.15148926E+07,-9.62254E+01
7.15179443E+07,-1.08145E+02
7.15209961E+07,-9.77854E+01
7.15240479E+07,-1.00745E+02
7.15270996E+07,-9.55454E+01
7.15301514E+07,-9.48654E+01
7.15332031E+07,-1.00345E+02
7.15362549E+07,-1.04625E+02
7.15393066E+07,-1.00025E+02
7.15423584E+07,-9.83854E+01
7.15454102E+07,-1.01425E+02
7.15484619E+07,-9.49454E+01
7.15515137E+07,-9.18254E+01
7.15545654E+07,-9.04054E+01
7.15576172E+07,-9.51854E+01
7.15606689E+07,-1.05965E+02
7.15637207E+07,-1.02205E+02
7.15667725E+07,-1.00785E+02
7.15698242E+07,-9.96054E+01
7.15728760E+07,-1.02385E+02
7.15759277E+07,-1.07005E+02
7.15789795E+07,-1.07185E+02
7.15820312E+07,-1.09085E+02
7.15850830E+07,-1.05365E+02
7.15881348E+07,-1.00825E+02
7.15911865E+07,-9.41854E+01
7.15942383E+07,-9.45654E+01
7.15972900E+07,-9.59454E+01
7.16003418E+07,-9.90054E+01
7.16033936E+07,-9.53254E+01
7.16064453E+07,-9.53054E+01
7.16094971E+07,-9.59454E+01
7.16125488E+07,-9.59854E+01
7.16156006E+07,-9.69254E+01
7.16186523E+07,-1.00745E+02
7.16217041E+07,-9.74454E+01
7.16247559E+07,-1.01665E+02
7.16278076E+07,-1.05785E+02
7.16308594E+07,-9.90454E+01
7.16339111E+07,-9.20854E+01
7.16369629E+07,-9.02254E+01
7.16400146E+07,-9.62654E+01
7.16430664E+07,-1.04725E+02
7.16461182E+07,-9.48654E+01
7.16491699E+07,-9.22054E+01
7.16522217E+07,-9.77654E+01
7.16552734E+07,-1.03405E+02
7.16583252E+07,-1.01645E+02
7.16613770E+07,-9.82054E+01
7.16644287E+07,-1.01425E+02
7.16674805E+07,-9.91854E+01
7.16705322E+07,-1.13405E+02
7.16735840E+07,-1.04805E+02
7.16766357E+07,-1.02385E+02
7.16796875E+07,-9.35054E+01
7.16827393E+07,-9.58654E+01
7.16857910E+07,-1.06125E+02
7.16888428E+07,-9.98054E+01
7.16918945E+07,-1.00585E+02
7.16949463E+07,-1.00545E+02
7.16979980E+07,-1.06525E+02
7.17010498E+07,-1.05585E+02
7.17041016E+07,-1.11525E+02
7.17071533E+07,-1.08325E+02
7.17102051E+07,-9.77054E+01
7.17132568E+07,-9.46454E+01
7.17163086E+07,-9.57854E+01
7.17193604E+07,-9.62854E+01
7.17224121E+07,-9.72454E+01
7.17254639E+07,-9.96654E+01
7.17285156E+07,-1.09185E+02
7.17315674E+07,-9.74254E+01
7.17346191E+07,-1.00425E+02
7.17376709E+07,-9.96454E+01
7.17407227E+07,-9.77054E+01
7.17437744E+07,-1.00065E+02
7.17468262E+07,-9.52254E+01
7.17498779E+07,-9.81654E+01
7.17529297E+07,-9.45054E+01
7.17559814E+07,-1.01245E+02
7.17590332E+07,-1.01525E+02
7.17620850E+07,-1.06705E+02
7.17651367E+07,-1.06565E+02
7.17681885E+07,-1.05065E+02
7.17712402E+07,-9.49854E+01
7.17742920E+07,-9.50854E+01
7.17773438E+07,-1.02805E+02
7.17803955E+07,-1.00685E+02
7.17834473E+07,-9.31854E+01
7.17864990E+07,-9.18854E+01
7.17895508E+07,-9.42654E+01
7.17926025E+07,-1.05465E+02
7.17956543E+07,-9.28254E+01
7.17987061E+07,-8.97254E+01
7.18017578E+07,-9.56254E+01
7.18048096E+07,-9.12454E+01
7.18078613E+07,-9.25854E+01
7.18109131E+07,-1.08025E+02
7.18139648E+07,-1.01885E+02
7.18170166E+07,-9.71854E+01
7.18200684E+07,-9.74454E+01
7.18231201E+07,-1.11145E+02
7.18261719E+07,-9.89854E+01
7.18292236E+07,-9.70854E+01
7.18322754E+07,-9.77054E+01
7.18353271E+07,-1.03225E+02
7.18383789E+07,-9.56254E+01
7.18414307E+07,-9.66454E+01
7.18444824E+07,-1.04285E+02
7.18475342E+07,-1.00105E+02
7.18505859E+07,-9.19054E+01
7.18536377E+07,-9.29654E+01
7.18566895E+07,-9.74854E+01
7.18597412E+07,-1.01185E+02
7.18627930E+07,-9.75054E+01
7.18658447E+07,-9.80254E+01
7.18688965E+07,-9.89654E+01
7.18719482E+07,-9.38454E+01
7.18750000E+07,-9.84054E+01
7.18780518E+07,-9.86854E+01
7.18811035E+07,-9.91854E+01
7.18841553E+07,-9.43854E+01
7.18872070E+07,-9.18654E+01
7.18902588E+07,-9.40454E+01
7.18933105E+07,-9.85454E+01
7.18963623E+07,-9.89454E+01
7.18994141E+07,-1.16045E+02
7.19024658E+07,-9.79454E+01
7.19055176E+07,-9.43054E+01
7.19085693E+07,-9.66254E+01
7.19116211E+07,-1.00785E+02
7.19146729E+07,-9.70454E+01
7.19177246E+07,-9.80054E+01
7.19207764E+07,-9.90054E+01
7.19238281E+07,-9.56854E+01
7.19268799E+07,-9.45254E+01
7.19299316E+07,-9.63254E+01
7.19329834E+07,-9.82654E+01
7.19360352E+07,-1.11585E+02
7.19390869E+07,-9.64054E+01
7.19421387E+07,-9.39254E+01
7.19451904E+07,-1.02305E+02
7.19482422E+07,-9.57254E+01
7.19512939E+07,-9.21654E+01
7.19543457E+07,-9.63854E+01
7.19573975E+07,-1.00785E+02
7.19604492E+07,-1.00545E+02
7.19635010E+07,-1.13325E+02
7.19665527E+07,-1.00145E+02
7.19696045E+07,-1.01625E+02
7.19726562E+07,-9.82654E+01
7.19757080E+07,-9.37054E+01
7.19787598E+07,-9.60854E+01
7.19818115E+07,-9.97654E+01
7.19848633E+07,-9.65854E+01
7.19879150E+07,-9.58854E+01
7.19909668E+07,-1.06105E+02
7.19940186E+07,-1.05225E+02
7.19970703E+07,-1.05705E+02
7.20001221E+07,-9.85654E+01
7.20031738E+07,-1.05205E+02
7.20062256E+07,-1.02625E+02
7.20092773E+07,-9.94454E+01
7.20123291E+07,-1.01085E+02
7.20153809E+07,-9.89854E+01
7.20184326E+07,-9.91654E+01
7.20214844E+07,-1.04445E+02
7.20245361E+07,-1.03365E+02
7.20275879E+07,-9.79654E+01
7.20306396E+07,-1.04045E+02
7.20336914E+07,-1.05325E+02
7.20367432E+07,-1.03665E+02
7.20397949E+07,-1.07345E+02
7.20428467E+07,-1.04965E+02
7.20458984E+07,-1.11345E+02
7.20489502E+07,-1.02385E+02
7.20520020E+07,-1.03365E+02
7.20550537E+07,-1.11705E+02
7.20581055E+07,-1.01945E+02
7.20611572E+07,-1.03365E+02
7.20642090E+07,-1.09085E+02
7.20672607E+07,-1.03725E+02
7.20703125E+07,-9.85654E+01
7.20733643E+07,-1.03765E+02
7.20764160E+07,-9.78454E+01
7.20794678E+07,-9.35454E+01
7.20825195E+07,-9.53854E+01
7.20855713E+07,-1.01105E+02
7.20886230E+07,-1.06865E+02
7.20916748E+07,-1.02305E+02
7.20947266E+07,-1.09805E+02
7.20977783E+07,-9.87654E+01
7.21008301E+07,-9.49454E+01
7.21038818E+07,-9.65654E+01
7.21069336E+07,-1.00605E+02
7.21099854E+07,-1.01385E+02
7.21130371E+07,-9.53854E+01
7.21160889E+07,-1.02065E+02
7.21191406E+07,-1.08625E+02
7.21221924E+07,-1.02245E+02
7.21252441E+07,-9.35054E+01
7.21282959E+07,-9.92454E+01
7.21313477E+07,-9.94254E+01
7.21343994E+07,-9.62054E+01
7.21374512E+07,-1.04985E+02
7.21405029E+07,-1.06245E+02
7.21435547E+07,-1.06465E+02
7.21466064E+07,-9.84654E+01
7.21496582E+07,-9.92854E+01
7.21527100E+07,-1.11045E+02
7.21557617E+07,-1.03805E+02
7.21588135E+07,-9.93454E+01
7.21618652E+07,-9.97854E+01
7.21649170E+07,-1.00385E+02
7.21679688E+07,-1.01065E+02
7.21710205E+07,-1.10665E+02
7.21740723E+07,-1.03185E+02
7.21771240E+07,-9.37654E+01
7.21801758E+07,-9.63054E+01
7.21832275E+07,-1.03025E+02
7.21862793E+07,-1.01225E+02
7.21893311E+07,-1.03805E+02
7.21923828E+07,-9.86454E+01
7.21954346E+07,-9.23654E+01
7.21984863E+07,-9.32654E+01
7.22015381E+07,-9.83654E+01
7.22045898E+07,-9.81854E+01
7.22076416E+07,-9.60854E+01
7.22106934E+07,-1.05105E+02
7.22137451E+07,-9.97654E+01
7.22167969E+07,-1.00405E+02
7.22198486E+07,-1.11805E+02
7.22229004E+07,-9.91854E+01
7.22259521E+07,-9.32654E+01
7.22290039E+07,-9.53054E+01
7.22320557E+07,-9.88054E+01
7.22351074E+07,-9.29054E+01
7.22381592E+07,-9.53254E+01
7.22412109E+07,-9.79454E+01
7.22442627E+07,-9.38054E+01
7.22473145E+07,-9.34054E+01
7.22503662E+07,-1.07905E+02
7.22534180E+07,-1.02385E+02
7.22564697E+07,-1.06105E+02
7.22595215E+07,-1.04885E+02
7.22625732E+07,-9.87054E+01
7.22656250E+07,-1.00005E+02
7.22686768E+07,-1.15285E+02
7.22717285E+07,-1.06525E+02
7.22747803E+07,-1.01145E+02
7.22778320E+07,-9.72854E+01
7.22808838E+07,-9.49654E+01
7.22839355E+07,-9.84054E+01
7.22869873E+07,-1.02645E+02
7.22900391E+07,-1.00885E+02
7.22930908E+07,-1.02305E+02
7.22961426E+07,-9.39654E+01
7.22991943E+07,-1.05065E+02
7.23022461E+07,-9.38054E+01
7.23052979E+07,-9.33654E+01
7.23083496E+07,-1.00545E+02
7.23114014E+07,-9.79454E+01
7.23144531E+07,-9.43254E+01
7.23175049E+07,-9.65254E+01
7.23205566E+07,-9.86454E+01
7.23236084E+07,-1.03405E+02
7.23266602E+07,-1.03885E+02
7.23297119E+07,-1.04685E+02
7.23327637E+07,-1.03165E+02
7.23358154E+07,-9.25254E+01
7.23388672E+07,-9.18854E+01
7.23419189E+07,-9.93254E+01
7.23449707E+07,-9.80454E+01
7.23480225E+07,-1.00885E+02
7.23510742E+07,-1.02165E+02
7.23541260E+07,-9.95054E+01
7.23571777E+07,-9.86454E+01
7.23602295E+07,-9.80854E+01
7.23632812E+07,-1.10525E+02
7.23663330E+07,-9.81854E+01
7.23693848E+07,-9.93054E+01
7.23724365E+07,-9.66254E+01
7.23754883E+07,-1.00285E+02
7.23785400E+07,-1.06485E+02
7.23815918E+07,-1.01885E+02
7.23846436E+07,-1.03185E+02
7.23876953E+07,-1.07565E+02
7.23907471E+07,-9.68454E+01
7.23937988E+07,-9.42254E+01
7.23968506E+07,-9.65054E+01
7.23999023E+07,-1.01965E+02
7.24029541E+07,-1.11245E+02
7.24060059E+07,-1.03065E+02
7.24090576E+07,-1.05145E+02
7.24121094E+07,-1.02285E+02
7.24151611E+07,-9.93054E+01
7.24182129E+07,-9.81854E+01
7.24212646E+07,-1.06005E+02
7.24243164E+07,-1.07945E+02
7.24273682E+07,-1.00245E+02
7.24304199E+07,-9.95054E+01
7.24334717E+07,-9.95054E+01
7.24365234E+07,-1.03965E+02
7.24395752E+07,-1.05605E+02
7.24426270E+07,-9.95454E+01
7.24456787E+07,-9.93854E+01
7.24487305E+07,-1.03265E+02
7.24517822E+07,-1.04145E+02
7.24548340E+07,-1.01945E+02
7.24578857E+07,-9.72854E+01
7.24609375E+07,-9.72254E+01
7.24639893E+07,-1.06085E+02
7.24670410E+07,-1.04085E+02
7.24700928E+07,-1.08465E+02
7.24731445E+07,-1.00185E+02
7.24761963E+07,-9.85254E+01
7.24792480E+07,-1.44265E+02
7.24822998E+07,-9.69254E+01
7.24853516E+07,-9.79054E+01
7.24884033E+07,-1.01325E+02
7.24914551E+07,-9.41854E+01
7.24945068E+07,-9.40854E+01
7.24975586E+07,-1.00165E+02
7.25006104E+07,-9.36654E+01
7.25036621E+07,-9.15654E+01
7.25067139E+07,-9.94054E+01
7.25097656E+07,-9.91654E+01
7.25128174E+07,-9.21454E+01
7.25158691E+07,-9.08254E+01
7.25189209E+07,-9.21454E+01
7.25219727E+07,-9.80654E+01
7.25250244E+07,-9.92254E+01
7.25280762E+07,-9.76654E+01
7.25311279E+07,-9.80454E+01
7.25341797E+07,-9.32654E+01
7.25372314E+07,-9.63854E+01
7.25402832E+07,-9.80854E+01
7.25433350E+07,-1.01025E+02
7.25463867E+07,-1.10745E+02
7.25494385E+07,-9.93454E+01
7.25524902E+07,-9.82254E+01
7.25555420E+07,-1.00385E+02
7.25585938E+07,-1.03885E+02
7.25616455E+07,-1.00685E+02
7.25646973E+07,-9.83054E+01
7.25677490E+07,-9.50054E+01
7.25708008E+07,-1.07745E+02
7.25738525E+07,-9.72054E+01
7.25769043E+07,-1.07585E+02
7.25799561E+07,-9.85654E+01
7.25830078E+07,-9.58254E+01
7.25860596E+07,-1.00525E+02
7.25891113E+07,-1.00345E+02
7.25921631E+07,-9.62254E+01
7.25952148E+07,-9.59854E+01
7.25982666E+07,-9.64654E+01
7.26013184E+07,-1.00485E+02
7.26043701E+07,-8.97454E+01
7.26074219E+07,-9.48854E+01
7.26104736E+07,-1.00545E+02
7.26135254E+07,-9.56454E+01
7.26165771E+07,-9.75654E+01
7.26196289E+07,-9.88454E+01
7.26226807E+07,-9.81854E+01
7.26257324E+07,-9.57254E+01
7.26287842E+07,-1.00365E+02
7.26318359E+07,-1.12565E+02
7.26348877E+07,-1.02805E+02
7.26379395E+07,-1.00265E+02
7.26409912E+07,-1.01985E+02
7.26440430E+07,-1.02325E+02
7.26470947E+07,-1.02685E+02
7.26501465E+07,-1.01125E+02
7.26531982E+07,-1.06105E+02
7.26562500E+07,-1.05525E+02
7.26593018E+07,-1.04845E+02
7.26623535E+07,-1.02705E+02
7.26654053E+07,-1.07685E+02
7.26684570E+07,-1.10545E+02
7.26715088E+07,-1.02565E+02
7.26745605E+07,-9.95054E+01
7.26776123E+07,-1.01765E+02
7.26806641E+07,-1.06025E+02
7.26837158E+07,-1.02565E+02
7.26867676E+07,-1.04685E+02
7.26898193E+07,-9.56854E+01
7.26928711E+07,-9.49454E+01
7.26959229E+07,-9.67454E+01
7.26989746E+07,-1.01505E+02
7.27020264E+07,-9.81254E+01
7.27050781E+07,-9.25054E+01
7.27081299E+07,-9.67854E+01
7.27111816E+07,-1.02065E+02
7.27142334E+07,-1.06445E+02
7.27172852E+07,-1.05265E+02
7.27203369E+07,-1.15665E+02
7.27233887E+07,-1.09345E+02
7.27264404E+07,-1.05385E+02
7.27294922E+07,-9.56654E+01
7.27325439E+07,-9.18254E+01
7.27355957E+07,-9.73054E+01
7.27386475E+07,-1.00285E+02
7.27416992E+07,-1.00125E+02
7.27447510E+07,-1.01365E+02
7.27478027E+07,-9.93454E+01
7.27508545E+07,-9.56254E+01
7.27539062E+07,-9.61454E+01
7.27569580E+07,-9.91254E+01
7.27600098E+07,-9.97254E+01
7.27630615E+07,-1.02005E+02
7.27661133E+07,-1.00145E+02
7.27691650E+07,-1.03225E+02
7.27722168E+07,-9.83254E+01
7.27752686E+07,-9.98654E+01
7.27783203E+07,-9.87454E+01
7.27813721E+07,-9.51654E+01
7.27844238E+07,-9.61254E+01
7.27874756E+07,-9.68254E+01
7.27905273E+07,-9.70654E+01
7.27935791E+07,-1.07005E+02
7.27966309E+07,-1.00905E+02
7.27996826E+07,-9.86654E+01
7.28027344E+07,-1.00365E+02
7.28057861E+07,-1.02005E+02
7.28088379E+07,-9.68054E+01
7.28118896E+07,-9.58254E+01
7.28149414E+07,-1.07245E+02
7.28179932E+07,-1.00265E+02
7.28210449E+07,-1.09345E+02
7.28240967E+07,-9.57254E+01
7.28271484E+07,-9.45854E+01
7.28302002E+07,-9.40854E+01
7.28332520E+07,-9.09054E+01
7.28363037E+07,-9.10654E+01
7.28393555E+07,-9.65054E+01
7.28424072E+07,-1.09805E+02
7.28454590E+07,-9.88454E+01
7.28485107E+07,-1.03965E+02
7.28515625E+07,-9.58854E+01
7.28546143E+07,-9.58054E+01
7.28576660E+07,-9.82854E+01
7.28607178E+07,-9.84254E+01
7.28637695E+07,-1.06445E+02
7.28668213E+07,-1.03065E+02
7.28698730E+07,-1.09125E+02
7.28729248E+07,-1.09245E+02
7.28759766E+07,-1.03765E+02
7.28790283E+07,-9.89454E+01
7.28820801E+07,-9.43054E+01
7.28851318E+07,-9.07054E+01
7.28881836E+07,-9.58254E+01
7.28912354E+07,-9.23254E+01
7.28942871E+07,-9.56254E+01
7.28973389E+07,-9.63654E+01
7.29003906E+07,-1.03125E+02
7.29034424E+07,-9.30854E+01
7.29064941E+07,-9.08854E+01
7.29095459E+07,-9.53054E+01
7.29125977E+07,-1.09865E+02
7.29156494E+07,-1.03545E+02
7.29187012E+07,-9.49254E+01
7.29217529E+07,-9.14054E+01
7.29248047E+07,-9.58054E+01
7.29278564E+07,-9.46454E+01
7.29309082E+07,-9.84254E+01
7.29339600E+07,-9.55054E+01
7.29370117E+07,-9.60054E+01
7.29400635E+07,-1.07165E+02
7.29431152E+07,-9.65254E+01
7.29461670E+07,-1.01505E+02
7.29492188E+07,-9.80854E+01
7.29522705E+07,-9.88054E+01
7.29553223E+07,-1.02825E+02
7.29583740E+07,-9.51054E+01
7.29614258E+07,-9.66454E+01
7.29644775E+07,-9.81454E+01
7.29675293E+07,-9.80654E+01
7.29705811E+07,-9.22054E+01
7.29736328E+07,-9.58454E+01
7.29766846E+07,-9.94854E+01
7.29797363E+07,-1.00205E+02
7.29827881E+07,-9.76854E+01
7.29858398E+07,-9.23854E+01
7.29888916E+07,-9.71654E+01
7.29919434E+07,-1.07205E+02
7.29949951E+07,-1.07445E+02
7.29980469E+07,-1.01665E+02
7.30010986E+07,-9.83654E+01
7.30041504E+07,-1.06025E+02
7.30072021E+07,-9.69854E+01
7.30102539E+07,-9.37054E+01
7.30133057E+07,-9.48454E+01
7.30163574E+07,-9.83054E+01
7.30194092E+07,-1.04005E+02
7.30224609E+07,-1.05025E+02
7.30255127E+07,-1.07525E+02
7.30285645E+07,-1.06125E+02
7.30316162E+07,-1.04745E+02
7.30346680E+07,-1.07925E+02
7.30377197E+07,-1.01045E+02
7.30407715E+07,-1.01125E+02
7.30438232E+07,-1.04005E+02
7.30468750E+07,-9.88854E+01
7.30499268E+07,-9.68454E+01
7.30529785E+07,-9.47854E+01
7.30560303E+07,-9.32254E+01
7.30590820E+07,-9.74254E+01
7.30621338E+07,-1.03665E+02
7.30651855E+07,-9.98654E+01
7.30682373E+07,-9.89854E+01
7.30712891E+07,-1.07305E+02
7.30743408E+07,-1.01645E+02
7.30773926E+07,-1.22145E+02
7.30804443E+07,-1.03405E+02
7.30834961E+07,-9.64654E+01
7.30865479E+07,-9.08054E+01
7.30895996E+07,-9.61254E+01
7.30926514E+07,-9.98654E+01
7.30957031E+07,-1.03885E+02
7.30987549E+07,-1.11525E+02
7.31018066E+07,-9.64654E+01
7.31048584E+07,-9.11254E+01
7.31079102E+07,-9.39654E+01
7.31109619E+07,-9.78054E+01
7.31140137E+07,-9.72854E+01
7.31170654E+07,-1.11385E+02
7.31201172E+07,-9.57654E+01
7.31231689E+07,-9.71054E+01
7.31262207E+07,-1.01005E+02
7.31292725E+07,-1.02565E+02
7.31323242E+07,-1.07285E+02
7.31353760E+07,-9.48854E+01
7.31384277E+07,-9.05454E+01
7.31414795E+07,-9.74254E+01
7.31445312E+07,-9.89454E+01
7.31475830E+07,-1.09145E+02
7.31506348E+07,-9.23054E+01
7.31536865E+07,-9.37254E+01
7.31567383E+07,-9.93254E+01
7.31597900E+07,-9.43854E+01
7.31628418E+07,-9.37054E+01
7.31658936E+07,-9.93654E+01
7.31689453E+07,-1.06505E+02
7.31719971E+07,-9.80054E+01
7.31750488E+07,-1.07865E+02
7.31781006E+07,-1.04045E+02
7.31811523E+07,-1.06925E+02
7.31842041E+07,-1.09665E+02
7.31872559E+07,-9.70854E+01
7.31903076E+07,-1.00245E+02
7.31933594E+07,-1.03845E+02
7.31964111E+07,-1.03845E+02
7.31994629E+07,-1.01585E+02
7.32025146E+07,-1.03665E+02
7.32055664E+07,-1.19945E+02
7.32086182E+07,-1.08185E+02
7.32116699E+07,-9.70654E+01
7.32147217E+07,-9.59454E+01
7.32177734E+07,-1.08645E+02
7.32208252E+07,-1.02645E+02
7.32238770E+07,-1.01985E+02
7.32269287E+07,-1.03725E+02
7.32299805E+07,-1.00525E+02
7.32330322E+07,-1.08085E+02
7.32360840E+07,-1.18585E+02
7.32391357E+07,-9.98454E+01
7.32421875E+07,-9.79454E+01
7.32452393E+07,-1.12565E+02
7.32482910E+07,-1.00425E+02
7.32513428E+07,-1.05345E+02
7.32543945E+07,-1.02525E+02
7.32574463E+07,-9.90854E+01
7.32604980E+07,-9.83054E+01
7.32635498E+07,-9.42854E+01
7.32666016E+07,-9.42854E+01
7.32696533E+07,-9.41854E+01
7.32727051E+07,-9.83054E+01
7.32757568E+07,-9.96254E+01
7.32788086E+07,-9.38854E+01
7.32818604E+07,-9.63854E+01
7.32849121E+07,-9.79854E+01
7.32879639E+07,-9.84254E+01
7.32910156E+07,-9.98654E+01
7.32940674E+07,-9.97254E+01
7.32971191E+07,-1.01765E+02
7.33001709E+07,-1.13885E+02
7.33032227E+07,-1.00145E+02
7.33062744E+07,-1.00525E+02
7.33093262E+07,-1.13625E+02
7.33123779E+07,-9.55854E+01
7.33154297E+07,-9.85054E+01
7.33184814E+07,-1.08025E+02
7.33215332E+07,-1.01325E+02
7.33245850E+07,-1.03885E+02
7.33276367E+07,-9.43054E+01
7.33306885E+07,-9.19454E+01
7.33337402E+07,-9.85254E+01
7.33367920E+07,-1.00545E+02
7.33398438E+07,-1.02685E+02
7.33428955E+07,-9.46654E+01
7.33459473E+07,-9.82054E+01
7.33489990E+07,-1.01905E+02
7.33520508E+07,-1.06125E+02
7.33551025E+07,-1.02425E+02
7.33581543E+07,-9.86854E+01
7.33612061E+07,-9.89854E+01
7.33642578E+07,-1.00225E+02
7.33673096E+07,-9.67854E+01
7.33703613E+07,-9.78854E+01
7.33734131E+07,-1.04665E+02
7.33764648E+07,-1.00385E+02
7.33795166E+07,-9.68254E+01
7.33825684E+07,-9.66254E+01
7.33856201E+07,-1.03665E+02
7.33886719E+07,-1.12805E+02
7.33917236E+07,-1.16745E+02
7.33947754E+07,-1.04625E+02
7.33978271E+07,-1.14085E+02
7.34008789E+07,-1.05585E+02
7.34039307E+07,-1.09865E+02
7.34069824E+07,-1.17165E+02
7.34100342E+07,-1.04685E+02
7.34130859E+07,-1.06425E+02
7.34161377E+07,-1.01645E+02
7.34191895E+07,-1.09685E+02
7.34222412E+07,-1.08225E+02
7.34252930E+07,-1.01625E+02
7.34283447E+07,-9.76254E+01
7.34313965E+07,-9.52854E+01
7.34344482E+07,-1.05465E+02
7.34375000E+07,-1.09605E+02
7.34405518E+07,-9.88654E+01
7.34436035E+07,-9.54054E+01
7.34466553E+07,-1.01885E+02
7.34497070E+07,-9.87654E+01
7.34527588E+07,-9.20054E+01
7.34558105E+07,-9.13054E+01
7.34588623E+07,-9.68854E+01
7.34619141E+07,-1.11365E+02
7.34649658E+07,-1.08205E+02
7.34680176E+07,-9.72454E+01
7.34710693E+07,-1.04325E+02
7.34741211E+07,-9.79254E+01
7.34771729E+07,-9.64254E+01
7.34802246E+07,-9.40854E+01
7.34832764E+07,-9.71654E+01
7.34863281E+07,-9.77054E+01
7.34893799E+07,-9.57454E+01
7.34924316E+07,-1.06105E+02
7.34954834E+07,-1.00405E+02
7.34985352E+07,-1.06405E+02
7.35015869E+07,-1.05565E+02
7.35046387E+07,-9.94054E+01
7.35076904E+07,-1.05825E+02
7.35107422E+07,-1.01645E+02
7.35137939E+07,-1.02985E+02
7.35168457E+07,-1.03085E+02
7.35198975E+07,-9.61854E+01
7.35229492E+07,-9.31654E+01
7.35260010E+07,-9.61654E+01
7.35290527E+07,-1.04405E+02
7.35321045E+07,-1.08705E+02
7.35351562E+07,-9.81054E+01
7.35382080E+07,-9.89054E+01
7.35412598E+07,-9.83054E+01
7.35443115E+07,-1.04525E+02
7.35473633E+07,-1.22045E+02
7.35504150E+07,-1.02365E+02
7.35534668E+07,-9.89054E+01
7.35565186E+07,-9.78654E+01
7.35595703E+07,-1.00525E+02
7.35626221E+07,-9.74254E+01
7.35656738E+07,-1.00085E+02
7.35687256E+07,-1.02165E+02
7.35717773E+07,-9.67454E+01
7.35748291E+07,-9.44854E+01
7.35778809E+07,-9.53254E+01
7.35809326E+07,-1.09485E+02
7.35839844E+07,-9.90454E+01
7.35870361E+07,-1.00945E+02
7.35900879E+07,-1.09805E+02
7.35931396E+07,-1.04085E+02
7.35961914E+07,-1.04085E+02
7.35992432E+07,-9.97454E+01
7.36022949E+07,-9.96054E+01
7.36053467E+07,-1.19445E+02
7.36083984E+07,-1.02525E+02
7.36114502E+07,-1.09285E+02
7.36145020E+07,-1.03305E+02
7.36175537E+07,-9.84654E+01
7.36206055E+07,-1.03325E+02
7.36236572E+07,-9.86454E+01
7.36267090E+07,-1.02485E+02
7.36297607E+07,-1.05265E+02
7.36328125E+07,-9.33054E+01
7.36358643E+07,-9.61454E+01
7.36389160E+07,-9.64254E+01
7.36419678E+07,-9.69254E+01
7.36450195E+07,-1.05365E+02
7.36480713E+07,-1.02165E+02
7.36511230E+07,-1.03665E+02
7.36541748E+07,-1.21545E+02
7.36572266E+07,-9.68454E+01
7.36602783E+07,-1.07185E+02
7.36633301E+07,-1.02145E+02
7.36663818E+07,-1.05485E+02
7.36694336E+07,-9.71054E+01
7.36724854E+07,-1.01085E+02
7.36755371E+07,-1.01385E+02
7.36785889E+07,-9.64854E+01
7.36816406E+07,-9.56454E+01
7.36846924E+07,-1.01345E+02
7.36877441E+07,-9.75654E+01
7.36907959E+07,-1.05765E+02
7.36938477E+07,-1.12425E+02
7.36968994E+07,-1.06225E+02
7.36999512E+07,-9.85254E+01
7.37030029E+07,-9.20454E+01
7.37060547E+07,-9.07654E+01
7.37091064E+07,-9.33654E+01
7.37121582E+07,-1.07045E+02
7.37152100E+07,-9.68854E+01
7.37182617E+07,-9.34454E+01
7.37213135E+07,-9.60454E+01
7.37243652E+07,-1.01165E+02
7.37274170E+07,-1.03065E+02
7.37304688E+07,-1.01205E+02
7.37335205E+07,-1.02645E+02
7.37365723E+07,-1.09425E+02
7.37396240E+07,-1.01825E+02
7.37426758E+07,-9.09454E+01
7.37457275E+07,-9.15654E+01
7.37487793E+07,-1.08565E+02
7.37518311E+07,-1.02865E+02
7.37548828E+07,-1.01045E+02
7.37579346E+07,-9.64254E+01
7.37609863E+07,-9.83854E+01
7.37640381E+07,-1.00365E+02
7.37670898E+07,-9.83454E+01
7.37701416E+07,-9.70254E+01
7.37731934E+07,-1.00245E+02
7.37762451E+07,-9.36654E+01
7.37792969E+07,-9.39654E+01
7.37823486E+07,-9.82254E+01
7.37854004E+07,-9.66054E+01
7.37884521E+07,-1.05025E+02
7.37915039E+07,-1.02145E+02
7.37945557E+07,-1.00685E+02
7.37976074E+07,-1.02825E+02
7.38006592E+07,-9.85654E+01
7.38037109E+07,-9.77054E+01
7.38067627E+07,-1.04545E+02
7.38098145E+07,-1.04145E+02
7.38128662E+07,-1.03025E+02
7.38159180E+07,-1.00325E+02
7.38189697E+07,-1.05205E+02
7.38220215E+07,-9.88254E+01
7.38250732E+07,-9.97054E+01
7.38281250E+07,-9.83854E+01
7.38311768E+07,-9.42654E+01
7.38342285E+07,-9.85654E+01
7.38372803E+07,-1.00405E+02
7.38403320E+07,-1.04045E+02
7.38433838E+07,-1.00725E+02
7.38464355E+07,-9.46454E+01
7.38494873E+07,-1.01705E+02
7.38525391E+07,-1.04265E+02
7.38555908E+07,-9.46654E+01
7.38586426E+07,-9.42654E+01
7.38616943E+07,-9.56654E+01
7.38647461E+07,-1.02425E+02
7.38677979E+07,-1.04905E+02
7.38708496E+07,-9.77454E+01
7.38739014E+07,-1.08225E+02
7.38769531E+07,-9.87054E+01
7.38800049E+07,-1.09885E+02
7.38830566E+07,-1.06945E+02
7.38861084E+07,-1.07305E+02
7.38891602E+07,-9.91254E+01
7.38922119E+07,-9.96054E+01
7.38952637E+07,-1.01185E+02
7.38983154E+07,-9.72854E+01
7.39013672E+07,-1.03845E+02
7.39044189E+07,-1.08265E+02
7.39074707E+07,-1.18165E+02
7.39105225E+07,-1.08585E+02
7.39135742E+07,-9.72654E+01
7.39166260E+07,-9.31654E+01
7.39196777E+07,-9.45254E+01
7.39227295E+07,-9.87054E+01
7.39257812E+07,-1.09245E+02
7.39288330E+07,-1.04605E+02
7.39318848E+07,-1.15065E+02
7.39349365E+07,-1.07425E+02
7.39379883E+07,-9.98254E+01
7.39410400E+07,-9.37654E+01
7.39440918E+07,-9.53054E+01
7.39471436E+07,-1.00665E+02
7.39501953E+07,-1.03325E+02
7.39532471E+07,-9.87254E+01
7.39562988E+07,-9.84254E+01
7.39593506E+07,-9.57054E+01
7.39624023E+07,-1.02225E+02
7.39654541E+07,-1.14305E+02
7.39685059E+07,-9.86454E+01
7.39715576E+07,-9.43454E+01
7.39746094E+07,-9.13454E+01
7.39776611E+07,-9.58054E+01
7.39807129E+07,-9.72454E+01
7.39837646E+07,-9.55454E+01
7.39868164E+07,-9.58854E+01
7.39898682E+07,-9.22854E+01
7.39929199E+07,-9.42654E+01
7.39959717E+07,-1.05945E+02
7.39990234E+07,-9.61454E+01
7.40020752E+07,-9.29654E+01
7.40051270E+07,-9.37654E+01
7.40081787E+07,-1.00325E+02
7.40112305E+07,-1.01505E+02
7.40142822E+07,-9.53854E+01
7.40173340E+07,-9.80854E+01
7.40203857E+07,-9.83054E+01
7.40234375E+07,-9.38854E+01
7.40264893E+07,-9.72054E+01
7.40295410E+07,-1.15285E+02
7.40325928E+07,-9.79054E+01
7.40356445E+07,-1.01105E+02
7.40386963E+07,-1.02525E+02
7.40417480E+07,-9.64054E+01
7.40447998E+07,-1.00905E+02
7.40478516E+07,-1.04385E+02
7.40509033E+07,-1.02225E+02
7.40539551E+07,-1.06365E+02
7.40570068E+07,-1.14565E+02
7.40600586E+07,-9.86454E+01
7.40631104E+07,-1.02745E+02
7.40661621E+07,-1.03965E+02
7.40692139E+07,-1.11485E+02
7.40722656E+07,-8.87254E+01
7.40753174E+07,-8.61454E+01
7.40783691E+07,-9.99454E+01
7.40814209E+07,-1.01965E+02
7.40844727E+07,-1.04625E+02
7.40875244E+07,-9.57054E+01
7.40905762E+07,-9.76054E+01
7.40936279E+07,-1.00965E+02
7.40966797E+07,-9.62254E+01
7.40997314E+07,-9.81854E+01
7.41027832E+07,-9.64854E+01
7.41058350E+07,-1.02705E+02
7.41088867E+07,-9.97654E+01
7.41119385E+07,-1.01445E+02
7.41149902E+07,-9.92654E+01
7.41180420E+07,-9.56454E+01
7.41210938E+07,-9.15254E+01
7.41241455E+07,-8.40454E+01
7.41271973E+07,-8.73254E+01
7.41302490E+07,-9.84454E+01
7.41333008E+07,-9.51054E+01
7.41363525E+07,-9.63854E+01
7.41394043E+07,-9.77054E+01
7.41424561E+07,-1.15405E+02
7.41455078E+07,-1.04785E+02
7.41485596E+07,-1.10925E+02
7.41516113E+07,-1.06785E+02
7.41546631E+07,-9.71854E+01
7.41577148E+07,-9.54254E+01
7.41607666E+07,-1.06565E+02
7.41638184E+07,-1.06485E+02
7.41668701E+07,-9.87654E+01
7.41699219E+07,-1.10165E+02
7.41729736E+07,-8.92654E+01
7.41760254E+07,-9.01454E+01
7.41790771E+07,-1.15645E+02
7.41821289E+07,-1.09345E+02
7.41851807E+07,-9.95854E+01
7.41882324E+07,-9.37254E+01
7.41912842E+07,-9.46854E+01
7.41943359E+07,-9.91054E+01
7.41973877E+07,-1.05425E+02
7.42004395E+07,-1.04885E+02
7.42034912E+07,-9.61654E+01
7.42065430E+07,-9.31854E+01
7.42095947E+07,-9.96054E+01
7.42126465E+07,-1.04905E+02
7.42156982E+07,-1.01085E+02
7.42187500E+07,-1.03325E+02
7.42218018E+07,-1.04825E+02
7.42248535E+07,-1.02645E+02
7.42279053E+07,-9.17854E+01
7.42309570E+07,-9.13654E+01
7.42340088E+07,-9.47854E+01
7.42370605E+07,-9.47654E+01
7.42401123E+07,-9.36254E+01
7.42431641E+07,-9.22254E+01
7.42462158E+07,-8.97054E+01
7.42492676E+07,-9.25054E+01
7.42523193E+07,-9.79054E+01
7.42553711E+07,-9.85454E+01
7.42584229E+07,-1.04685E+02
7.42614746E+07,-9.95654E+01
7.42645264E+07,-1.00005E+02
7.42675781E+07,-9.72054E+01
7.42706299E+07,-9.78454E+01
7.42736816E+07,-9.41854E+01
7.42767334E+07,-9.06254E+01
7.42797852E+07,-9.49854E+01
7.42828369E+07,-9.92054E+01
7.42858887E+07,-1.17725E+02
7.42889404E+07,-1.02245E+02
7.42919922E+07,-1.09925E+02
7.42950439E+07,-9.80854E+01
7.42980957E+07,-9.65254E+01
7.43011475E+07,-9.91454E+01
7.43041992E+07,-1.01285E+02
7.43072510E+07,-1.04585E+02
7.43103027E+07,-1.04005E+02
7.43133545E+07,-1.01425E+02
7.43164062E+07,-9.52254E+01
7.43194580E+07,-9.44254E+01
7.43225098E+07,-9.45254E+01
7.43255615E+07,-1.03925E+02
7.43286133E+07,-1.06085E+02
7.43316650E+07,-1.07965E+02
7.43347168E+07,-1.02865E+02
7.43377686E+07,-1.14185E+02
7.43408203E+07,-1.11665E+02
7.43438721E+07,-1.04385E+02
7.43469238E+07,-9.50054E+01
7.43499756E+07,-9.58654E+01
7.43530273E+07,-1.04085E+02
7.43560791E+07,-9.82054E+01
7.43591309E+07,-9.51454E+01
7.43621826E+07,-9.35054E+01
7.43652344E+07,-1.00285E+02
7.43682861E+07,-1.02125E+02
7.43713379E+07,-1.03445E+02
7.43743896E+07,-9.73454E+01
7.43774414E+07,-9.75254E+01
7.43804932E+07,-1.06945E+02
7.43835449E+07,-9.97054E+01
7.43865967E+07,-9.65854E+01
7.43896484E+07,-1.00045E+02
7.43927002E+07,-9.85654E+01
7.43957520E+07,-1.08285E+02
7.43988037E+07,-9.85254E+01
7.44018555E+07,-9.96854E+01
7.44049072E+07,-1.16185E+02
7.44079590E+07,-9.82254E+01
7.44110107E+07,-9.02854E+01
7.44140625E+07,-9.52054E+01
7.44171143E+07,-9.60054E+01
7.44201660E+07,-9.72054E+01
7.44232178E+07,-1.04325E+02
7.44262695E+07,-9.99654E+01
7.44293213E+07,-1.04745E+02
7.44323730E+07,-9.94454E+01
7.44354248E+07,-1.04145E+02
7.44384766E+07,-9.55054E+01
7.44415283E+07,-9.60254E+01
7.44445801E+07,-1.11145E+02
7.44476318E+07,-1.03725E+02
7.44506836E+07,-9.54054E+01
7.44537354E+07,-9.50454E+01
7.44567871E+07,-9.56254E+01
7.44598389E+07,-9.64454E+01
7.44628906E+07,-9.28054E+01
7.44659424E+07,-9.60254E+01
7.44689941E+07,-1.00345E+02
7.44720459E+07,-9.54254E+01
7.44750977E+07,-9.62854E+01
7.44781494E+07,-1.05565E+02
7.44812012E+07,-1.00785E+02
7.44842529E+07,-9.62854E+01
7.44873047E+07,-9.66454E+01
7.44903564E+07,-9.22854E+01
7.44934082E+07,-9.17654E+01
7.44964600E+07,-9.03654E+01
7.44995117E+07,-9.05454E+01
7.45025635E+07,-9.56854E+01
7.45056152E+07,-1.01705E+02
7.45086670E+07,-9.85654E+01
7.45117188E+07,-1.00345E+02
7.45147705E+07,-1.09065E+02
7.45178223E+07,-9.90054E+01
7.45208740E+07,-9.71854E+01
7.45239258E+07,-9.97854E+01
7.45269775E+07,-1.09165E+02
7.45300293E+07,-1.00725E+02
7.45330811E+07,-1.04905E+02
7.45361328E+07,-9.61854E+01
7.45391846E+07,-9.81854E+01
7.45422363E+07,-1.00625E+02
7.45452881E+07,-9.66054E+01
7.45483398E+07,-9.96054E+01
7.45513916E+07,-1.04085E+02
7.45544434E+07,-1.01325E+02
7.45574951E+07,-9.74054E+01
7.45605469E+07,-1.01965E+02
7.45635986E+07,-1.05625E+02
7.45666504E+07,-1.03465E+02
7.45697021E+07,-1.00285E+02
7.45727539E+07,-9.06854E+01
7.45758057E+07,-9.97254E+01
7.45788574E+07,-9.57454E+01
7.45819092E+07,-9.84454E+01
7.45849609E+07,-1.03885E+02
7.45880127E+07,-9.57054E+01
7.45910645E+07,-9.64254E+01
7.45941162E+07,-1.04185E+02
7.45971680E+07,-1.05865E+02
7.46002197E+07,-1.05465E+02
7.46032715E+07,-1.03165E+02
7.46063232E+07,-1.10365E+02
7.46093750E+07,-1.09525E+02
7.46124268E+07,-1.01105E+02
7.46154785E+07,-9.54654E+01
7.46185303E+07,-9.74254E+01
7.46215820E+07,-9.19854E+01
7.46246338E+07,-8.77654E+01
7.46276855E+07,-9.40454E+01
7.46307373E+07,-1.02825E+02
7.46337891E+07,-9.91854E+01
7.46368408E+07,-9.49454E+01
7.46398926E+07,-9.82454E+01
7.46429443E+07,-1.07705E+02
7.46459961E+07,-9.61054E+01
7.46490479E+07,-9.30854E+01
7.46520996E+07,-9.48854E+01
7.46551514E+07,-1.12285E+02
7.46582031E+07,-1.02965E+02
7.46612549E+07,-9.63054E+01
7.46643066E+07,-9.63254E+01
7.46673584E+07,-9.55054E+01
7.46704102E+07,-1.01745E+02
7.46734619E+07,-9.38854E+01
7.46765137E+07,-9.30854E+01
7.46795654E+07,-9.76254E+01
7.46826172E+07,-9.72054E+01
7.46856689E+07,-9.35854E+01
7.46887207E+07,-9.42254E+01
7.46917725E+07,-9.87454E+01
7.46948242E+07,-9.79454E+01
7.46978760E+07,-1.07905E+02
7.47009277E+07,-9.82054E+01
7.47039795E+07,-1.03065E+02
7.47070312E+07,-9.47054E+01
7.47100830E+07,-9.38454E+01
7.47131348E+07,-9.95054E+01
7.47161865E+07,-1.02425E+02
7.47192383E+07,-1.01285E+02
7.47222900E+07,-9.96054E+01
7.47253418E+07,-9.43054E+01
7.47283936E+07,-9.79854E+01
7.47314453E+07,-9.89454E+01
7.47344971E+07,-9.38054E+01
7.47375488E+07,-9.53854E+01
7.47406006E+07,-9.33254E+01
7.47436523E+07,-9.55054E+01
7.47467041E+07,-1.03665E+02
7.47497559E+07,-9.67854E+01
7.47528076E+07,-9.31854E+01
7.47558594E+07,-9.55054E+01
7.47589111E+07,-1.08345E+02
7.47619629E+07,-1.04865E+02
7.47650146E+07,-1.05685E+02
7.47680664E+07,-1.02145E+02
7.47711182E+07,-1.04465E+02
7.47741699E+07,-1.06205E+02
7.47772217E+07,-9.60254E+01
7.47802734E+07,-9.96854E+01
7.47833252E+07,-1.11765E+02
7.47863770E+07,-1.01065E+02
7.47894287E+07,-1.00845E+02
7.47924805E+07,-1.05585E+02
7.47955322E+07,-1.07085E+02
7.47985840E+07,-9.70054E+01
7.48016357E+07,-9.89854E+01
7.48046875E+07,-1.07025E+02
7.48077393E+07,-1.04725E+02
7.48107910E+07,-1.01385E+02
7.48138428E+07,-1.10125E+02
7.48168945E+07,-1.14325E+02
7.48199463E+07,-1.01685E+02
7.48229980E+07,-1.03705E+02
7.48260498E+07,-9.78854E+01
7.48291016E+07,-9.53054E+01
7.48321533E+07,-1.03265E+02
7.48352051E+07,-1.00345E+02
7.48382568E+07,-1.02365E+02
7.48413086E+07,-1.05245E+02
7.48443604E+07,-9.60454E+01
7.48474121E+07,-9.35054E+01
7.48504639E+07,-9.36254E+01
7.48535156E+07,-9.29654E+01
7.48565674E+07,-9.59654E+01
7.48596191E+07,-1.02485E+02
7.48626709E+07,-9.84454E+01
7.48657227E+07,-1.12505E+02
7.48687744E+07,-1.04265E+02
7.48718262E+07,-1.02365E+02
7.48748779E+07,-9.12454E+01
7.48779297E+07,-9.09054E+01
7.48809814E+07,-9.60254E+01
7.48840332E+07,-9.93654E+01
7.48870850E+07,-1.00025E+02
7.48901367E+07,-1.00825E+02
7.48931885E+07,-1.08945E+02
7.48962402E+07,-1.04305E+02
7.48992920E+07,-9.95454E+01
7.49023438E+07,-1.06405E+02
7.49053955E+07,-9.58054E+01
7.49084473E+07,-1.00725E+02
7.49114990E+07,-9.79454E+01
7.49145508E+07,-9.29254E+01
7.49176025E+07,-9.18654E+01
7.49206543E+07,-9.35454E+01
7.49237061E+07,-9.42254E+01
7.49267578E+07,-9.51454E+01
7.49298096E+07,-1.00025E+02
7.49328613E+07,-9.73454E+01
7.49359131E+07,-9.26254E+01
7.49389648E+07,-9.13054E+01
7.49420166E+07,-9.23054E+01
7.49450684E+07,-9.45054E+01
7.49481201E+07,-9.73654E+01
7.49511719E+07,-9.41854E+01
7.49542236E+07,-9.92054E+01
7.49572754E+07,-1.08325E+02
7.49603271E+07,-1.03445E+02
7.49633789E+07,-1.03585E+02
7.49664307E+07,-1.06965E+02
7.49694824E+07,-1.05225E+02
7.49725342E+07,-1.10405E+02
7.49755859E+07,-1.18165E+02
7.49786377E+07,-1.05005E+02
7.49816895E+07,-1.01325E+02
7.49847412E+07,-1.03665E+02
7.49877930E+07,-9.38054E+01
7.49908447E+07,-9.36254E+01
7.49938965E+07,-1.01985E+02
7.49969482E+07,-8.43654E+01
7.50000000E+07,-7.75254E+01
7.50030518E+07,-8.47654E+01
7.50061035E+07,-9.47054E+01
7.50091553E+07,-9.93454E+01
7.50122070E+07,-9.69654E+01
7.50152588E+07,-1.04925E+02
7.50183105E+07,-1.01385E+02
7.50213623E+07,-9.77654E+01
7.50244141E+07,-9.75654E+01
7.50274658E+07,-1.01165E+02
7.50305176E+07,-1.07885E+02
7.50335693E+07,-9.84054E+01
7.50366211E+07,-9.53454E+01
7.50396729E+07,-9.37254E+01
7.50427246E+07,-9.56254E+01
7.50457764E+07,-9.58854E+01
7.50488281E+07,-9.60854E+01
7.50518799E+07,-9.69254E+01
7.50549316E+07,-9.58454E+01
7.50579834E+07,-9.43454E+01
7.50610352E+07,-9.70054E+01
7.50640869E+07,-1.02745E+02
7.50671387E+07,-1.06385E+02
7.50701904E+07,-1.07225E+02
7.50732422E+07,-1.01525E+02
7.50762939E+07,-1.04725E+02
7.50793457E+07,-1.05605E+02
7.50823975E+07,-1.01385E+02
7.50854492E+07,-1.02045E+02
7.50885010E+07,-9.96054E+01
7.50915527E+07,-9.87454E+01
7.50946045E+07,-1.04565E+02
7.50976562E+07,-9.55054E+01
7.51007080E+07,-9.75454E+01
7.51037598E+07,-9.75254E+01
7.51068115E+07,-9.37054E+01
7.51098633E+07,-9.48654E+01
7.51129150E+07,-9.41854E+01
7.51159668E+07,-9.64254E+01
7.51190186E+07,-1.04745E+02
7.51220703E+07,-9.46654E+01
7.51251221E+07,-9.25654E+01
7.51281738E+07,-9.65254E+01
7.51312256E+07,-1.00325E+02
7.51342773E+07,-1.04405E+02
7.51373291E+07,-9.54854E+01
7.51403809E+07,-9.74854E+01
7.51434326E+07,-1.05465E+02
7.51464844E+07,-1.01105E+02
7.51495361E+07,-9.63654E+01
7.51525879E+07,-9.76454E+01
7.51556396E+07,-9.30854E+01
7.51586914E+07,-9.85454E+01
7.51617432E+07,-1.17725E+02
7.51647949E+07,-1.04425E+02
7.51678467E+07,-1.04505E+02
7.51708984E+07,-9.90054E+01
7.51739502E+07,-1.09525E+02
7.51770020E+07,-9.86854E+01
7.51800537E+07,-9.51654E+01
7.51831055E+07,-9.77054E+01
7.51861572E+07,-9.83054E+01
7.51892090E+07,-9.65854E+01
7.51922607E+07,-9.77054E+01
7.51953125E+07,-9.84254E+01
7.51983643E+07,-1.02705E+02
7.52014160E+07,-1.01805E+02
7.52044678E+07,-1.05725E+02
7.52075195E+07,-9.58454E+01
7.52105713E+07,-9.65054E+01
7.52136230E+07,-1.02145E+02
7.52166748E+07,-1.01625E+02
7.52197266E+07,-9.47454E+01
7.52227783E+07,-9.19454E+01
7.52258301E+07,-9.05654E+01
7.52288818E+07,-9.53454E+01
7.52319336E+07,-1.02965E+02
7.52349854E+07,-1.03705E+02
7.52380371E+07,-9.98654E+01
7.52410889E+07,-1.00605E+02
7.52441406E+07,-1.00365E+02
7.52471924E+07,-9.70254E+01
7.52502441E+07,-1.00205E+02
7.52532959E+07,-9.92254E+01
7.52563477E+07,-9.69454E+01
7.52593994E+07,-9.72454E+01
7.52624512E+07,-9.54054E+01
7.52655029E+07,-9.56254E+01
7.52685547E+07,-9.72454E+01
7.52716064E+07,-9.98654E+01
7.52746582E+07,-9.17654E+01
7.52777100E+07,-9.53254E+01
7.52807617E+07,-1.05845E+02
7.52838135E+07,-1.25145E+02
7.52868652E+07,-1.04505E+02
7.52899170E+07,-9.72854E+01
7.52929688E+07,-9.60254E+01
7.52960205E+07,-1.06405E+02
7.52990723E+07,-9.70654E+01
7.53021240E+07,-9.69854E+01
7.53051758E+07,-1.03405E+02
7.53082275E+07,-9.59454E+01
7.53112793E+07,-9.46854E+01
7.53143311E+07,-9.61654E+01
7.53173828E+07,-9.57054E+01
7.53204346E+07,-9.23254E+01
7.53234863E+07,-8.80654E+01
7.53265381E+07,-9.16454E+01
7.53295898E+07,-9.85654E+01
7.53326416E+07,-1.04085E+02
7.53356934E+07,-1.07105E+02
7.53387451E+07,-1.05265E+02
7.53417969E+07,-1.12145E+02
7.53448486E+07,-1.11645E+02
7.53479004E+07,-1.00485E+02
7.53509521E+07,-9.23654E+01
7.53540039E+07,-9.14254E+01
7.53570557E+07,-9.46854E+01
7.53601074E+07,-9.75854E+01
7.53631592E+07,-1.00045E+02
7.53662109E+07,-9.75654E+01
7.53692627E+07,-1.00125E+02
7.53723145E+07,-8.95054E+01
7.53753662E+07,-8.71054E+01
7.53784180E+07,-9.42254E+01
7.53814697E+07,-9.63254E+01
7.53845215E+07,-1.02005E+02
7.53875732E+07,-9.66254E+01
7.53906250E+07,-1.12445E+02
7.53936768E+07,-9.82654E+01
7.53967285E+07,-1.04085E+02
7.53997803E+07,-1.06905E+02
7.54028320E+07,-1.03625E+02
7.54058838E+07,-9.64254E+01
7.54089355E+07,-9.40054E+01
7.54119873E+07,-9.67654E+01
7.54150391E+07,-1.00905E+02
7.54180908E+07,-9.64054E+01
7.54211426E+07,-1.09545E+02
7.54241943E+07,-8.75654E+01
7.54272461E+07,-8.89054E+01
7.54302979E+07,-1.10225E+02
7.54333496E+07,-1.03965E+02
7.54364014E+07,-9.79054E+01
7.54394531E+07,-1.14485E+02
7.54425049E+07,-1.02645E+02
7.54455566E+07,-9.83454E+01
7.54486084E+07,-1.02765E+02
7.54516602E+07,-1.09485E+02
7.54547119E+07,-1.07105E+02
7.54577637E+07,-1.02165E+02
7.54608154E+07,-9.99654E+01
7.54638672E+07,-1.02085E+02
7.54669189E+07,-1.05285E+02
7.54699707E+07,-9.93454E+01
7.54730225E+07,-1.10745E+02
7.54760742E+07,-9.58454E+01
7.54791260E+07,-9.43054E+01
7.54821777E+07,-1.04085E+02
7.54852295E+07,-1.02525E+02
7.54882812E+07,-1.01885E+02
7.54913330E+07,-9.65054E+01
7.54943848E+07,-9.52854E+01
7.54974365E+07,-1.04045E+02
7.55004883E+07,-1.01385E+02
7.55035400E+07,-9.79654E+01
7.55065918E+07,-9.82854E+01
7.55096436E+07,-1.01205E+02
7.55126953E+07,-1.00185E+02
7.55157471E+07,-9.67254E+01
7.55187988E+07,-9.53654E+01
7.55218506E+07,-1.13305E+02
7.55249023E+07,-9.22254E+01
7.55279541E+07,-9.11854E+01
7.55310059E+07,-9.72254E+01
7.55340576E+07,-9.95454E+01
7.55371094E+07,-1.03225E+02
7.55401611E+07,-1.05985E+02
7.55432129E+07,-9.44254E+01
7.55462646E+07,-9.33054E+01
7.55493164E+07,-1.00385E+02
7.55523682E+07,-9.83454E+01
7.55554199E+07,-1.00385E+02
7.55584717E+07,-9.87454E+01
7.55615234E+07,-1.02905E+02
7.55645752E+07,-1.00545E+02
7.55676270E+07,-1.09225E+02
7.55706787E+07,-1.06725E+02
7.55737305E+07,-9.58454E+01
7.55767822E+07,-9.70454E+01
7.55798340E+07,-9.71654E+01
7.55828857E+07,-1.01585E+02
7.55859375E+07,-9.90054E+01
7.55889893E+07,-1.04905E+02
7.55920410E+07,-1.00605E+02
7.55950928E+07,-9.52054E+01
7.55981445E+07,-9.24854E+01
7.56011963E+07,-9.46054E+01
7.56042480E+07,-1.22125E+02
7.56072998E+07,-1.10565E+02
7.56103516E+07,-1.09345E+02
7.56134033E+07,-1.02585E+02
7.56164551E+07,-9.62654E+01
7.56195068E+07,-9.70054E+01
7.56225586E+07,-1.02765E+02
7.56256104E+07,-1.01325E+02
7.56286621E+07,-1.10745E+02
7.56317139E+07,-1.03085E+02
7.56347656E+07,-1.17725E+02
7.56378174E+07,-1.08285E+02
7.56408691E+07,-1.05105E+02
7.56439209E+07,-1.05325E+02
7.56469727E+07,-1.20825E+02
7.56500244E+07,-1.05925E+02
7.56530762E+07,-9.91054E+01
7.56561279E+07,-9.80854E+01
7.56591797E+07,-9.85854E+01
7.56622314E+07,-1.02425E+02
7.56652832E+07,-1.06225E+02
7.56683350E+07,-9.90254E+01
7.56713867E+07,-1.07725E+02
7.56744385E+07,-9.73854E+01
7.56774902E+07,-9.57854E+01
7.56805420E+07,-9.62054E+01
7.56835938E+07,-9.76254E+01
7.56866455E+07,-9.61854E+01
7.56896973E+07,-9.72654E+01
7.56927490E+07,-1.02125E+02
7.56958008E+07,-1.07925E+02
7.56988525E+07,-1.06405E+02
7.57019043E+07,-1.04485E+02
7.57049561E+07,-1.06005E+02
7.57080078E+07,-9.70054E+01
7.57110596E+07,-1.11665E+02
7.57141113E+07,-9.98654E+01
7.57171631E+07,-9.31854E+01
7.57202148E+07,-9.21654E+01
7.57232666E+07,-9.37254E+01
7.57263184E+07,-9.08054E+01
7.57293701E+07,-9.23854E+01
7.57324219E+07,-9.76654E+01
7.57354736E+07,-1.09805E+02
7.57385254E+07,-1.04345E+02
7.57415771E+07,-9.81054E+01
7.57446289E+07,-9.87854E+01
7.57476807E+07,-1.02085E+02
7.57507324E+07,-9.84854E+01
7.57537842E+07,-9.61854E+01
7.57568359E+07,-1.05385E+02
7.57598877E+07,-1.06425E+02
7.57629395E+07,-1.13665E+02
7.57659912E+07,-1.03465E+02
7.57690430E+07,-1.03165E+02
7.57720947E+07,-9.80054E+01
7.57751465E+07,-9.95854E+01
7.57781982E+07,-1.03845E+02
7.57812500E+07,-1.04185E+02
7.57843018E+07,-9.48854E+01
7.57873535E+07,-9.58854E+01
7.57904053E+07,-1.01365E+02
7.57934570E+07,-1.03225E+02
7.57965088E+07,-1.02585E+02
7.57995605E+07,-1.01865E+02
7.58026123E+07,-9.69054E+01
7.58056641E+07,-1.03925E+02
7.58087158E+07,-1.04825E+02
7.58117676E+07,-1.01625E+02
7.58148193E+07,-1.00045E+02
7.58178711E+07,-9.58454E+01
7.58209229E+07,-9.00654E+01
7.58239746E+07,-8.81654E+01
7.58270264E+07,-9.58854E+01
7.58300781E+07,-1.02805E+02
7.58331299E+07,-9.51654E+01
7.58361816E+07,-9.43054E+01
7.58392334E+07,-9.49454E+01
7.58422852E+07,-9.74254E+01
7.58453369E+07,-9.89454E+01
7.58483887E+07,-9.83254E+01
7.58514404E+07,-9.58854E+01
7.58544922E+07,-9.33254E+01
7.58575439E+07,-9.70854E+01
7.58605957E+07,-1.03545E+02
7.58636475E+07,-1.03065E+02
7.58666992E+07,-1.06765E+02
7.58697510E+07,-1.06885E+02
7.58728027E+07,-9.03054E+01
7.58758545E+07,-8.95454E+01
7.58789062E+07,-9.91054E+01
7.58819580E+07,-1.04085E+02
7.58850098E+07,-1.03505E+02
7.58880615E+07,-9.99654E+01
7.58911133E+07,-9.59254E+01
7.58941650E+07,-9.47654E+01
7.58972168E+07,-1.01525E+02
7.59002686E+07,-9.70654E+01
7.59033203E+07,-9.19054E+01
7.59063721E+07,-9.44254E+01
7.59094238E+07,-9.95454E+01
7.59124756E+07,-1.04805E+02
7.59155273E+07,-1.01905E+02
7.59185791E+07,-1.05605E+02
7.59216309E+07,-9.00254E+01
7.59246826E+07,-8.88054E+01
7.59277344E+07,-1.05005E+02
7.59307861E+07,-9.09054E+01
7.59338379E+07,-9.22254E+01
7.59368896E+07,-9.97254E+01
7.59399414E+07,-1.02505E+02
7.59429932E+07,-1.13585E+02
7.59460449E+07,-9.67854E+01
7.59490967E+07,-9.76854E+01
7.59521484E+07,-1.03705E+02
7.59552002E+07,-9.67454E+01
7.59582520E+07,-1.01325E+02
7.59613037E+07,-9.96854E+01
7.59643555E+07,-9.71454E+01
7.59674072E+07,-1.11565E+02
7.59704590E+07,-9.39254E+01
7.59735107E+07,-9.09654E+01
7.59765625E+07,-9.93654E+01
7.59796143E+07,-9.92254E+01
7.59826660E+07,-9.58054E+01
7.59857178E+07,-1.01785E+02
7.59887695E+07,-9.84054E+01
7.59918213E+07,-9.65254E+01
7.59948730E+07,-1.04625E+02
7.59979248E+07,-1.00805E+02
7.60009766E+07,-1.00765E+02
7.60040283E+07,-9.76454E+01
7.60070801E+07,-9.64454E+01
7.60101318E+07,-9.53054E+01
7.60131836E+07,-9.91654E+01
7.60162354E+07,-1.08165E+02
7.60192871E+07,-1.03585E+02
7.60223389E+07,-9.67454E+01
7.60253906E+07,-9.70454E+01
7.60284424E+07,-9.99254E+01
7.60314941E+07,-9.50654E+01
7.60345459E+07,-9.62054E+01
7.60375977E+07,-9.40054E+01
7.60406494E+07,-9.94854E+01
7.60437012E+07,-9.95654E+01
7.60467529E+07,-1.02205E+02
7.60498047E+07,-1.07025E+02
7.60528564E+07,-1.09285E+02
7.60559082E+07,-1.03365E+02
7.60589600E+07,-1.02485E+02
7.60620117E+07,-9.65654E+01
7.60650635E+07,-9.67854E+01
7.60681152E+07,-1.03185E+02
7.60711670E+07,-9.78254E+01
7.60742188E+07,-1.01205E+02
7.60772705E+07,-1.01985E+02
7.60803223E+07,-1.06405E+02
7.60833740E+07,-9.57054E+01
7.60864258E+07,-9.50054E+01
7.60894775E+07,-1.02865E+02
7.60925293E+07,-9.81454E+01
7.60955811E+07,-1.14225E+02
7.60986328E+07,-9.87054E+01
7.61016846E+07,-1.03025E+02
7.61047363E+07,-1.05085E+02
7.61077881E+07,-1.00305E+02
7.61108398E+07,-1.03625E+02
7.61138916E+07,-1.04005E+02
7.61169434E+07,-9.76054E+01
7.61199951E+07,-1.07365E+02
7.61230469E+07,-1.00185E+02
7.61260986E+07,-9.62654E+01
7.61291504E+07,-9.67054E+01
7.61322021E+07,-9.89654E+01
7.61352539E+07,-1.01425E+02
7.61383057E+07,-1.02325E+02
7.61413574E+07,-1.00365E+02
7.61444092E+07,-1.00665E+02
7.61474609E+07,-1.11025E+02
7.61505127E+07,-9.80254E+01
7.61535645E+07,-9.27454E+01
7.61566162E+07,-9.49854E+01
7.61596680E+07,-1.02925E+02
7.61627197E+07,-1.01325E+02
7.61657715E+07,-1.12525E+02
7.61688232E+07,-1.13885E+02
7.61718750E+07,-1.03705E+02
7.61749268E+07,-9.91254E+01
7.61779785E+07,-9.77054E+01
7.61810303E+07,-9.78854E+01
7.61840820E+07,-9.63254E+01
7.61871338E+07,-9.37054E+01
7.61901855E+07,-9.89054E+01
7.61932373E+07,-9.82854E+01
7.61962891E+07,-1.14525E+02
7.61993408E+07,-9.69054E+01
7.62023926E+07,-1.03625E+02
7.62054443E+07,-1.04465E+02
7.62084961E+07,-1.03085E+02
7.62115479E+07,-1.08605E+02
7.62145996E+07,-1.01805E+02
7.62176514E+07,-9.64854E+01
7.62207031E+07,-1.00125E+02
7.62237549E+07,-1.09225E+02
7.62268066E+07,-1.05165E+02
7.62298584E+07,-1.08965E+02
7.62329102E+07,-1.00885E+02
7.62359619E+07,-1.00225E+02
7.62390137E+07,-1.01125E+02
7.62420654E+07,-1.02745E+02
7.62451172E+07,-1.03445E+02
7.62481689E+07,-1.01145E+02
7.62512207E+07,-1.10105E+02
7.62542725E+07,-9.63854E+01
7.62573242E+07,-9.48654E+01
7.62603760E+07,-9.93854E+01
7.62634277E+07,-1.04325E+02
7.62664795E+07,-9.86454E+01
7.62695312E+07,-1.12245E+02
7.62725830E+07,-1.09925E+02
7.62756348E+07,-9.62854E+01
7.62786865E+07,-9.45254E+01
7.62817383E+07,-9.74254E+01
7.62847900E+07,-1.00385E+02
7.62878418E+07,-1.02825E+02
7.62908936E+07,-9.76454E+01
7.62939453E+07,-9.51254E+01
7.62969971E+07,-9.99654E+01
7.63000488E+07,-1.01225E+02
7.63031006E+07,-9.52854E+01
7.63061523E+07,-9.67254E+01
7.63092041E+07,-9.49054E+01
7.63122559E+07,-9.51454E+01
7.63153076E+07,-1.01445E+02
7.63183594E+07,-1.02325E+02
7.63214111E+07,-9.69654E+01
7.63244629E+07,-1.10865E+02
7.63275146E+07,-9.65054E+01
7.63305664E+07,-9.26454E+01
7.63336182E+07,-9.51454E+01
7.63366699E+07,-1.03125E+02
7.63397217E+07,-1.01665E+02
7.63427734E+07,-9.85454E+01
7.63458252E+07,-1.03505E+02
7.63488770E+07,-9.49254E+01
7.63519287E+07,-9.56054E+01
7.63549805E+07,-1.02565E+02
7.63580322E+07,-9.73454E+01
7.63610840E+07,-9.93854E+01
7.63641357E+07,-1.02865E+02
7.63671875E+07,-9.47454E+01
7.63702393E+07,-9.03054E+01
7.63732910E+07,-9.37054E+01
7.63763428E+07,-1.16945E+02
7.63793945E+07,-1.27025E+02
7.63824463E+07,-1.10905E+02
7.63854980E+07,-1.10345E+02
7.63885498E+07,-9.97454E+01
7.63916016E+07,-1.01005E+02
7.63946533E+07,-1.12305E+02
7.63977051E+07,-1.00825E+02
7.64007568E+07,-9.24454E+01
7.64038086E+07,-9.43854E+01
7.64068604E+07,-1.06205E+02
7.64099121E+07,-1.02525E+02
7.64129639E+07,-1.01805E+02
7.64160156E+07,-1.09045E+02
7.64190674E+07,-1.01205E+02
7.64221191E+07,-9.59654E+01
7.64251709E+07,-9.63654E+01
7.64282227E+07,-1.01525E+02
7.64312744E+07,-9.94854E+01
7.64343262E+07,-9.40054E+01
7.64373779E+07,-9.97854E+01
7.64404297E+07,-1.00005E+02
7.64434814E+07,-9.79454E+01
7.64465332E+07,-1.03085E+02
7.64495850E+07,-9.51654E+01
7.64526367E+07,-9.69254E+01
7.64556885E+07,-9.77854E+01
7.64587402E+07,-1.04885E+02
7.64617920E+07,-1.05265E+02
7.64648438E+07,-9.82254E+01
7.64678955E+07,-9.86854E+01
7.64709473E+07,-1.05265E+02
7.64739990E+07,-9.90054E+01
7.64770508E+07,-9.76654E+01
7.64801025E+07,-9.93054E+01
7.64831543E+07,-9.64254E+01
7.64862061E+07,-1.00825E+02
7.64892578E+07,-1.01185E+02
7.64923096E+07,-1.12645E+02
7.64953613E+07,-1.02825E+02
7.64984131E+07,-1.01185E+02
7.65014648E+07,-9.96054E+01
7.65045166E+07,-1.00865E+02
7.65075684E+07,-1.08345E+02
7.65106201E+07,-1.03305E+02
7.65136719E+07,-9.75254E+01
7.65167236E+07,-9.61054E+01
7.65197754E+07,-1.01445E+02
7.65228271E+07,-1.02445E+02
7.65258789E+07,-1.06725E+02
7.65289307E+07,-1.01965E+02
7.65319824E+07,-9.76854E+01
7.65350342E+07,-1.01985E+02
7.65380859E+07,-9.74654E+01
7.65411377E+07,-9.49254E+01
7.65441895E+07,-1.01585E+02
7.65472412E+07,-1.01705E+02
7.65502930E+07,-1.02925E+02
7.65533447E+07,-9.78854E+01
7.65563965E+07,-1.06725E+02
7.65594482E+07,-1.05665E+02
7.65625000E+07,-1.02865E+02
7.65655518E+07,-1.11245E+02
7.65686035E+07,-1.01305E+02
7.65716553E+07,-1.05925E+02
7.65747070E+07,-1.31325E+02
7.65777588E+07,-1.04365E+02
7.65808105E+07,-9.93254E+01
7.65838623E+07,-9.96254E+01
7.65869141E+07,-9.87054E+01
7.65899658E+07,-9.75454E+01
7.65930176E+07,-1.01085E+02
7.65960693E+07,-1.02165E+02
7.65991211E+07,-1.02205E+02
7.66021729E+07,-1.00785E+02
7.66052246E+07,-1.06105E+02
7.66082764E+07,-9.93854E+01
7.66113281E+07,-9.69254E+01
7.66143799E+07,-1.08325E+02
7.66174316E+07,-9.32654E+01
7.66204834E+07,-9.18254E+01
7.66235352E+07,-1.00445E+02
7.66265869E+07,-1.11305E+02
7.66296387E+07,-1.01585E+02
7.66326904E+07,-9.74054E+01
7.66357422E+07,-1.01565E+02
7.66387939E+07,-1.03225E+02
7.66418457E+07,-1.08125E+02
7.66448975E+07,-1.00845E+02
7.66479492E+07,-1.03585E+02
7.66510010E+07,-9.95054E+01
7.66540527E+07,-1.00245E+02
7.66571045E+07,-9.72054E+01
7.66601562E+07,-9.28054E+01
7.66632080E+07,-9.54054E+01
7.66662598E+07,-1.09385E+02
7.66693115E+07,-1.02525E+02
7.66723633E+07,-9.83454E+01
7.66754150E+07,-1.03165E+02
7.66784668E+07,-1.06705E+02
7.66815186E+07,-1.09805E+02
7.66845703E+07,-9.99854E+01
7.66876221E+07,-1.04765E+02
7.66906738E+07,-1.04665E+02
7.66937256E+07,-1.08325E+02
7.66967773E+07,-1.02745E+02
7.66998291E+07,-9.76054E+01
7.67028809E+07,-9.62254E+01
7.67059326E+07,-1.10905E+02
7.67089844E+07,-9.64454E+01
7.67120361E+07,-9.88054E+01
7.67150879E+07,-1.00105E+02
7.67181396E+07,-9.82654E+01
7.67211914E+07,-1.02485E+02
7.67242432E+07,-1.03365E+02
7.67272949E+07,-1.01705E+02
7.67303467E+07,-9.63254E+01
7.67333984E+07,-9.27454E+01
7.67364502E+07,-1.01365E+02
7.67395020E+07,-1.00365E+02
7.67425537E+07,-1.00845E+02
7.67456055E+07,-1.05865E+02
7.67486572E+07,-1.03705E+02
7.67517090E+07,-1.02965E+02
7.67547607E+07,-1.13025E+02
7.67578125E+07,-1.03805E+02
7.67608643E+07,-9.66854E+01
7.67639160E+07,-9.41454E+01
7.67669678E+07,-9.53854E+01
7.67700195E+07,-1.04525E+02
7.67730713E+07,-1.09525E+02
7.67761230E+07,-1.04265E+02
7.67791748E+07,-1.01285E+02
7.67822266E+07,-9.69254E+01
7.67852783E+07,-9.65254E+01
7.67883301E+07,-9.77854E+01
7.67913818E+07,-9.73054E+01
7.67944336E+07,-9.69254E+01
7.67974854E+07,-9.80054E+01
7.68005371E+07,-9.70054E+01
7.68035889E+07,-9.96654E+01
7.68066406E+07,-1.07125E+02
7.68096924E+07,-1.02445E+02
7.68127441E+07,-9.79054E+01
7.68157959E+07,-9.48254E+01
7.68188477E+07,-9.32654E+01
7.68218994E+07,-9.86854E+01
7.68249512E+07,-1.18845E+02
7.68280029E+07,-1.10145E+02
7.68310547E+07,-9.96654E+01
7.68341064E+07,-1.03625E+02
7.68371582E+07,-1.03445E+02
7.68402100E+07,-9.83854E+01
7.68432617E+07,-9.57054E+01
7.68463135E+07,-9.79454E+01
7.68493652E+07,-1.01985E+02
7.68524170E+07,-1.04685E+02
7.68554688E+07,-1.04385E+02
7.68585205E+07,-1.00825E+02
7.68615723E+07,-9.46854E+01
7.68646240E+07,-9.64254E+01
7.68676758E+07,-1.10465E+02
7.68707275E+07,-1.10765E+02
7.68737793E+07,-1.11625E+02
7.68768311E+07,-1.05445E+02
7.68798828E+07,-9.88654E+01
7.68829346E+07,-9.67854E+01
7.68859863E+07,-1.21385E+02
7.68890381E+07,-9.71654E+01
7.68920898E+07,-9.70854E+01
7.68951416E+07,-9.98654E+01
7.68981934E+07,-1.08765E+02
7.69012451E+07,-9.53854E+01
7.69042969E+07,-9.33254E+01
7.69073486E+07,-9.85254E+01
7.69104004E+07,-1.12865E+02
7.69134521E+07,-1.05325E+02
7.69165039E+07,-9.71854E+01
7.69195557E+07,-9.44054E+01
7.69226074E+07,-9.49854E+01
7.69256592E+07,-9.66854E+01
7.69287109E+07,-9.96254E+01
7.69317627E+07,-1.10665E+02
7.69348145E+07,-1.05085E+02
7.69378662E+07,-1.00385E+02
7.69409180E+07,-9.84854E+01
7.69439697E+07,-1.00345E+02
7.69470215E+07,-1.00925E+02
7.69500732E+07,-9.64454E+01
7.69531250E+07,-9.62254E+01
7.69561768E+07,-9.94054E+01
7.69592285E+07,-1.03885E+02
7.69622803E+07,-9.66054E+01
7.69653320E+07,-1.01585E+02
7.69683838E+07,-1.12445E+02
7.69714355E+07,-9.92054E+01
7.69744873E+07,-1.01905E+02
7.69775391E+07,-9.67054E+01
7.69805908E+07,-9.54254E+01
7.69836426E+07,-9.62254E+01
7.69866943E+07,-1.00745E+02
7.69897461E+07,-1.08685E+02
7.69927979E+07,-1.08345E+02
7.69958496E+07,-1.03125E+02
7.69989014E+07,-1.00245E+02
7.70019531E+07,-1.00365E+02
7.70050049E+07,-9.81654E+01
7.70080566E+07,-9.62054E+01
7.70111084E+07,-9.49454E+01
7.70141602E+07,-9.81854E+01
7.70172119E+07,-1.04645E+02
7.70202637E+07,-1.05025E+02
7.70233154E+07,-1.03965E+02
7.70263672E+07,-1.01685E+02
7.70294189E+07,-1.00325E+02
7.70324707E+07,-1.08245E+02
7.70355225E+07,-9.79454E+01
7.70385742E+07,-9.96654E+01
7.70416260E+07,-1.00525E+02
7.70446777E+07,-9.62054E+01
7.70477295E+07,-9.51254E+01
7.70507812E+07,-9.52254E+01
7.70538330E+07,-9.69454E+01
7.70568848E+07,-1.04765E+02
7.70599365E+07,-9.85254E+01
7.70629883E+07,-1.00585E+02
7.70660400E+07,-1.04005E+02
7.70690918E+07,-9.81854E+01
7.70721436E+07,-9.44054E+01
7.70751953E+07,-9.43654E+01
7.70782471E+07,-9.49654E+01
7.70812988E+07,-1.00825E+02
7.70843506E+07,-1.08645E+02
7.70874023E+07,-9.84854E+01
7.70904541E+07,-1.00485E+02
7.70935059E+07,-1.06185E+02
7.70965576E+07,-1.04305E+02
7.70996094E+07,-1.21705E+02
7.71026611E+07,-1.03405E+02
7.71057129E+07,-9.98654E+01
7.71087646E+07,-1.03025E+02
7.71118164E+07,-9.40454E+01
7.71148682E+07,-9.25854E+01
7.71179199E+07,-1.09785E+02
7.71209717E+07,-1.07705E+02
7.71240234E+07,-1.04565E+02
7.71270752E+07,-1.07485E+02
7.71301270E+07,-9.94854E+01
7.71331787E+07,-9.39654E+01
7.71362305E+07,-9.35854E+01
7.71392822E+07,-9.70654E+01
7.71423340E+07,-1.02925E+02
7.71453857E+07,-9.79654E+01
7.71484375E+07,-9.65854E+01
7.71514893E+07,-1.03845E+02
7.71545410E+07,-9.76654E+01
7.71575928E+07,-9.85454E+01
7.71606445E+07,-9.84654E+01
7.71636963E+07,-9.79454E+01
7.71667480E+07,-9.57254E+01
7.71697998E+07,-9.75254E+01
7.71728516E+07,-9.95854E+01
7.71759033E+07,-9.43654E+01
7.71789551E+07,-9.60454E+01
7.71820068E+07,-1.09725E+02
7.71850586E+07,-9.88454E+01
7.71881104E+07,-9.63254E+01
7.71911621E+07,-1.12685E+02
7.71942139E+07,-9.53654E+01
7.71972656E+07,-9.50054E+01
7.72003174E+07,-1.03025E+02
7.72033691E+07,-1.05725E+02
7.72064209E+07,-1.01065E+02
7.72094727E+07,-1.07625E+02
7.72125244E+07,-1.03965E+02
7.72155762E+07,-1.02165E+02
7.72186279E+07,-1.01885E+02
7.72216797E+07,-1.01185E+02
7.72247314E+07,-1.02625E+02
7.72277832E+07,-1.00145E+02
7.72308350E+07,-1.00905E+02
7.72338867E+07,-9.97254E+01
7.72369385E+07,-9.72854E+01
7.72399902E+07,-1.01585E+02
7.72430420E+07,-1.04425E+02
7.72460938E+07,-1.03025E+02
7.72491455E+07,-9.94454E+01
7.72521973E+07,-9.76654E+01
7.72552490E+07,-1.05365E+02
7.72583008E+07,-1.00925E+02
7.72613525E+07,-1.02905E+02
7.72644043E+07,-9.75854E+01
7.72674561E+07,-1.02965E+02
7.72705078E+07,-1.07525E+02
7.72735596E+07,-1.08385E+02
7.72766113E+07,-1.01005E+02
7.72796631E+07,-9.50454E+01
7.72827148E+07,-9.60854E+01
7.72857666E+07,-9.70854E+01
7.72888184E+07,-9.80854E+01
7.72918701E+07,-1.08465E+02
7.72949219E+07,-1.16865E+02
7.72979736E+07,-1.08705E+02
7.73010254E+07,-1.01485E+02
7.73040771E+07,-9.68854E+01
7.73071289E+07,-9.97654E+01
7.73101807E+07,-1.02825E+02
7.73132324E+07,-9.81254E+01
7.73162842E+07,-1.01485E+02
7.73193359E+07,-1.03265E+02
7.73223877E+07,-1.18705E+02
7.73254395E+07,-1.03265E+02
7.73284912E+07,-9.79054E+01
7.73315430E+07,-1.00465E+02
7.73345947E+07,-9.59854E+01
7.73376465E+07,-9.31854E+01
7.73406982E+07,-9.49854E+01
7.73437500E+07,-9.81054E+01
7.73468018E+07,-1.04045E+02
7.73498535E+07,-9.94854E+01
7.73529053E+07,-9.74254E+01
7.73559570E+07,-9.79054E+01
7.73590088E+07,-9.87654E+01
7.73620605E+07,-1.04685E+02
7.73651123E+07,-1.03965E+02
7.73681641E+07,-1.01825E+02
7.73712158E+07,-1.00805E+02
7.73742676E+07,-1.01205E+02
7.73773193E+07,-1.23405E+02
7.73803711E+07,-9.91654E+01
7.73834229E+07,-9.93654E+01
7.73864746E+07,-9.94854E+01
7.73895264E+07,-1.10745E+02
7.73925781E+07,-1.04285E+02
7.73956299E+07,-1.02425E+02
7.73986816E+07,-9.64054E+01
7.74017334E+07,-9.98454E+01
7.74047852E+07,-1.04305E+02
7.74078369E+07,-1.12705E+02
7.74108887E+07,-1.16825E+02
7.74139404E+07,-9.86854E+01
7.74169922E+07,-9.97454E+01
7.74200439E+07,-1.16205E+02
7.74230957E+07,-1.05405E+02
7.74261475E+07,-1.05545E+02
7.74291992E+07,-1.03625E+02
7.74322510E+07,-1.11385E+02
7.74353027E+07,-1.03125E+02
7.74383545E+07,-9.61654E+01
7.74414062E+07,-9.51654E+01
7.74444580E+07,-9.44854E+01
7.74475098E+07,-1.03125E+02
7.74505615E+07,-1.20345E+02
7.74536133E+07,-1.01805E+02
7.74566650E+07,-9.49054E+01
7.74597168E+07,-9.80654E+01
7.74627686E+07,-1.02585E+02
7.74658203E+07,-9.97654E+01
7.74688721E+07,-1.03925E+02
7.74719238E+07,-1.05765E+02
7.74749756E+07,-9.84254E+01
7.74780273E+07,-9.74854E+01
7.74810791E+07,-9.72854E+01
7.74841309E+07,-1.04785E+02
7.74871826E+07,-1.05065E+02
7.74902344E+07,-1.10445E+02
7.74932861E+07,-1.10545E+02
7.74963379E+07,-1.04985E+02
7.74993896E+07,-9.87654E+01
7.75024414E+07,-9.78654E+01
7.75054932E+07,-1.02985E+02
7.75085449E+07,-1.07765E+02
7.75115967E+07,-1.12525E+02
7.75146484E+07,-9.81254E+01
7.75177002E+07,-9.79254E+01
7.75207520E+07,-1.28145E+02
7.75238037E+07,-1.07805E+02
7.75268555E+07,-1.00565E+02
7.75299072E+07,-9.65454E+01
7.75329590E+07,-9.77654E+01
7.75360107E+07,-9.46254E+01
7.75390625E+07,-9.43454E+01
7.75421143E+07,-1.02625E+02
7.75451660E+07,-1.03305E+02
7.75482178E+07,-9.60054E+01
7.75512695E+07,-9.69654E+01
7.75543213E+07,-1.13265E+02
7.75573730E+07,-9.96254E+01
7.75604248E+07,-1.12745E+02
7.75634766E+07,-1.00445E+02
7.75665283E+07,-1.03405E+02
7.75695801E+07,-9.89054E+01
7.75726318E+07,-9.65654E+01
7.75756836E+07,-1.00325E+02
7.75787354E+07,-1.01185E+02
7.75817871E+07,-9.98654E+01
7.75848389E+07,-1.05645E+02
7.75878906E+07,-1.00405E+02
7.75909424E+07,-9.62654E+01
7.75939941E+07,-1.01625E+02
7.75970459E+07,-1.02085E+02
7.76000977E+07,-9.83854E+01
7.76031494E+07,-9.64454E+01
7.76062012E+07,-9.70454E+01
7.76092529E+07,-9.81054E+01
7.76123047E+07,-9.42254E+01
7.76153564E+07,-9.36254E+01
7.76184082E+07,-9.77054E+01
7.76214600E+07,-9.92454E+01
7.76245117E+07,-9.81854E+01
7.76275635E+07,-9.82454E+01
7.76306152E+07,-9.83254E+01
7.76336670E+07,-1.04285E+02
7.76367188E+07,-1.08185E+02
7.76397705E+07,-1.09345E+02
7.76428223E+07,-1.09745E+02
7.76458740E+07,-1.01305E+02
7.76489258E+07,-1.00025E+02
7.76519775E+07,-9.92054E+01
7.76550293E+07,-1.07305E+02
7.76580811E+07,-1.03025E+02
7.76611328E+07,-1.04265E+02
7.76641846E+07,-9.71054E+01
7.76672363E+07,-9.96254E+01
7.76702881E+07,-1.23805E+02
7.76733398E+07,-9.83254E+01
7.76763916E+07,-9.57654E+01
7.76794434E+07,-9.83054E+01
7.76824951E+07,-9.44254E+01
7.76855469E+07,-9.31654E+01
7.76885986E+07,-1.00125E+02
7.76916504E+07,-1.00545E+02
7.76947021E+07,-9.69654E+01
7.76977539E+07,-9.74254E+01
7.77008057E+07,-9.13054E+01
7.77038574E+07,-9.27654E+01
7.77069092E+07,-1.06345E+02
7.77099609E+07,-9.93054E+01
7.77130127E+07,-1.02965E+02
7.77160645E+07,-1.03165E+02
7.77191162E+07,-9.73454E+01
7.77221680E+07,-9.60254E+01
7.77252197E+07,-9.31854E+01
7.77282715E+07,-9.56854E+01
7.77313232E+07,-9.82454E+01
7.77343750E+07,-9.58454E+01
7.77374268E+07,-9.19854E+01
7.77404785E+07,-9.28254E+01
7.77435303E+07,-1.05645E+02
7.77465820E+07,-1.01425E+02
7.77496338E+07,-1.04545E+02
7.77526855E+07,-1.08705E+02
7.77557373E+07,-9.70254E+01
7.77587891E+07,-1.01225E+02
7.77618408E+07,-9.64854E+01
7.77648926E+07,-9.58654E+01
7.77679443E+07,-1.00225E+02
7.77709961E+07,-9.83254E+01
7.77740479E+07,-9.40454E+01
7.77770996E+07,-9.47254E+01
7.77801514E+07,-1.11365E+02
7.77832031E+07,-1.16885E+02
7.77862549E+07,-1.05605E+02
7.77893066E+07,-1.02905E+02
7.77923584E+07,-1.05905E+02
7.77954102E+07,-1.09725E+02
7.77984619E+07,-9.65854E+01
7.78015137E+07,-9.68854E+01
7.78045654E+07,-1.07205E+02
7.78076172E+07,-9.57054E+01
7.78106689E+07,-9.45854E+01
7.78137207E+07,-9.98054E+01
7.78167725E+07,-1.01685E+02
7.78198242E+07,-1.08785E+02
7.78228760E+07,-1.00365E+02
7.78259277E+07,-9.74454E+01
7.78289795E+07,-9.52454E+01
7.78320312E+07,-1.01365E+02
7.78350830E+07,-1.07025E+02
7.78381348E+07,-1.05005E+02
7.78411865E+07,-1.00345E+02
7.78442383E+07,-1.04225E+02
7.78472900E+07,-1.06665E+02
7.78503418E+07,-1.03965E+02
7.78533936E+07,-9.95254E+01
7.78564453E+07,-1.03625E+02
7.78594971E+07,-9.73054E+01
7.78625488E+07,-1.03625E+02
7.78656006E+07,-1.01425E+02
7.78686523E+07,-1.03505E+02
7.78717041E+07,-1.03885E+02
7.78747559E+07,-9.39254E+01
7.78778076E+07,-9.22054E+01
7.78808594E+07,-9.45254E+01
7.78839111E+07,-1.01765E+02
7.78869629E+07,-1.14225E+02
7.78900146E+07,-1.11225E+02
7.78930664E+07,-1.01625E+02
7.78961182E+07,-9.71054E+01
7.78991699E+07,-1.04005E+02
7.79022217E+07,-1.08385E+02
7.79052734E+07,-9.68054E+01
7.79083252E+07,-9.28254E+01
7.79113770E+07,-1.06005E+02
7.79144287E+07,-1.03885E+02
7.79174805E+07,-1.06525E+02
7.79205322E+07,-1.06365E+02
7.79235840E+07,-1.01105E+02
7.79266357E+07,-9.83854E+01
7.79296875E+07,-9.80654E+01
7.79327393E+07,-9.93854E+01
7.79357910E+07,-1.00685E+02
7.79388428E+07,-9.74254E+01
7.79418945E+07,-1.02745E+02
7.79449463E+07,-1.06645E+02
7.79479980E+07,-1.03765E+02
7.79510498E+07,-9.49854E+01
7.79541016E+07,-9.68054E+01
7.79571533E+07,-1.00105E+02
7.79602051E+07,-9.52654E+01
7.79632568E+07,-1.11905E+02
7.79663086E+07,-9.97254E+01
7.79693604E+07,-1.12445E+02
7.79724121E+07,-1.04085E+02
7.79754639E+07,-1.07805E+02
7.79785156E+07,-9.97654E+01
7.79815674E+07,-9.35054E+01
7.79846191E+07,-9.17654E+01
7.79876709E+07,-9.65854E+01
7.79907227E+07,-9.58254E+01
7.79937744E+07,-9.49054E+01
7.79968262E+07,-1.07705E+02
7.79998779E+07,-1.04405E+02
7.80029297E+07,-1.13705E+02
7.80059814E+07,-1.07805E+02
7.80090332E+07,-1.04745E+02
7.80120850E+07,-9.43254E+01
7.80151367E+07,-9.24854E+01
7.80181885E+07,-9.51654E+01
7.80212402E+07,-9.59454E+01
7.80242920E+07,-9.28254E+01
7.80273438E+07,-9.23654E+01
7.80303955E+07,-9.70054E+01
7.80334473E+07,-1.00125E+02
7.80364990E+07,-9.44054E+01
7.80395508E+07,-9.21654E+01
7.80426025E+07,-9.46254E+01
7.80456543E+07,-1.04845E+02
7.80487061E+07,-1.00625E+02
7.80517578E+07,-9.83454E+01
7.80548096E+07,-9.91454E+01
7.80578613E+07,-1.02805E+02
7.80609131E+07,-1.00345E+02
7.80639648E+07,-1.02305E+02
7.80670166E+07,-1.06485E+02
7.80700684E+07,-1.01385E+02
7.80731201E+07,-9.47854E+01
7.80761719E+07,-9.78054E+01
7.80792236E+07,-1.14445E+02
7.80822754E+07,-9.64454E+01
7.80853271E+07,-9.86054E+01
7.80883789E+07,-1.06745E+02
7.80914307E+07,-1.16265E+02
7.80944824E+07,-1.03465E+02
7.80975342E+07,-1.12045E+02
7.81005859E+07,-9.98854E+01
7.81036377E+07,-1.03705E+02
7.81066895E+07,-1.08485E+02
7.81097412E+07,-1.04465E+02
7.81127930E+07,-9.80054E+01
7.81158447E+07,-9.97854E+01
7.81188965E+07,-1.02865E+02
7.81219482E+07,-9.75454E+01
7.81250000E+07,-9.45054E+01
7.81280518E+07,-1.00165E+02
7.81311035E+07,-9.92054E+01
7.81341553E+07,-9.38454E+01
7.81372070E+07,-9.29854E+01
7.81402588E+07,-9.84654E+01
7.81433105E+07,-1.03705E+02
7.81463623E+07,-9.90454E+01
7.81494141E+07,-9.26454E+01
7.81524658E+07,-9.51054E+01
7.81555176E+07,-1.24545E+02
7.81585693E+07,-1.08665E+02
7.81616211E+07,-1.03265E+02
7.81646729E+07,-9.64254E+01
7.81677246E+07,-1.00685E+02
7.81707764E+07,-1.18005E+02
7.81738281E+07,-1.03705E+02
7.81768799E+07,-1.00645E+02
7.81799316E+07,-9.10854E+01
7.81829834E+07,-9.34654E+01
7.81860352E+07,-1.03845E+02
7.81890869E+07,-1.10305E+02
7.81921387E+07,-1.09945E+02
7.81951904E+07,-1.15385E+02
7.81982422E+07,-1.08385E+02
7.82012939E+07,-1.01385E+02
7.82043457E+07,-9.69854E+01
7.82073975E+07,-9.49454E+01
7.82104492E+07,-9.43854E+01
7.82135010E+07,-9.71054E+01
7.82165527E+07,-1.01545E+02
7.82196045E+07,-1.17785E+02
7.82226562E+07,-1.00185E+02
7.82257080E+07,-9.57854E+01
7.82287598E+07,-1.02325E+02
7.82318115E+07,-1.02045E+02
7.82348633E+07,-1.01505E+02
7.82379150E+07,-1.15565E+02
7.82409668E+07,-1.05505E+02
7.82440186E+07,-1.01965E+02
7.82470703E+07,-1.05545E+02
7.82501221E+07,-1.02085E+02
7.82531738E+07,-1.08205E+02
7.82562256E+07,-1.03165E+02
7.82592773E+07,-9.80854E+01
7.82623291E+07,-1.00205E+02
7.82653809E+07,-1.00385E+02
7.82684326E+07,-9.91054E+01
7.82714844E+07,-1.05125E+02
7.82745361E+07,-9.74454E+01
7.82775879E+07,-9.56654E+01
7.82806396E+07,-1.03225E+02
7.82836914E+07,-1.04905E+02
7.82867432E+07,-1.02565E+02
7.82897949E+07,-1.06545E+02
7.82928467E+07,-1.04145E+02
7.82958984E+07,-1.06985E+02
7.82989502E+07,-1.04665E+02
7.83020020E+07,-1.05865E+02
7.83050537E+07,-1.01805E+02
7.83081055E+07,-1.11385E+02
7.83111572E+07,-9.74254E+01
7.83142090E+07,-9.79454E+01
7.83172607E+07,-1.06345E+02
7.83203125E+07,-1.00785E+02
7.83233643E+07,-1.01065E+02
7.83264160E+07,-9.64454E+01
7.83294678E+07,-9.17854E+01
7.83325195E+07,-9.77054E+01
7.83355713E+07,-9.80854E+01
7.83386230E+07,-9.80454E+01
7.83416748E+07,-1.10025E+02
7.83447266E+07,-9.82654E+01
7.83477783E+07,-9.28654E+01
7.83508301E+07,-9.64654E+01
7.83538818E+07,-1.01485E+02
7.83569336E+07,-9.59854E+01
7.83599854E+07,-9.64254E+01
7.83630371E+07,-1.01885E+02
7.83660889E+07,-9.86854E+01
7.83691406E+07,-9.79254E+01
7.83721924E+07,-1.05725E+02
7.83752441E+07,-9.74054E+01
7.83782959E+07,-9.49054E+01
7.83813477E+07,-1.01745E+02
7.83843994E+07,-1.05265E+02
7.83874512E+07,-1.04145E+02
7.83905029E+07,-1.08965E+02
7.83935547E+07,-1.06765E+02
7.83966064E+07,-1.00885E+02
7.83996582E+07,-9.94454E+01
7.84027100E+07,-1.03665E+02
7.84057617E+07,-1.00465E+02
7.84088135E+07,-9.37254E+01
7.84118652E+07,-9.69054E+01
7.84149170E+07,-1.02045E+02
7.84179688E+07,-1.04085E+02
7.84210205E+07,-1.05325E+02
7.84240723E+07,-1.04445E+02
7.84271240E+07,-9.79654E+01
7.84301758E+07,-9.96454E+01
7.84332275E+07,-9.58654E+01
7.84362793E+07,-1.04325E+02
7.84393311E+07,-1.01205E+02
7.84423828E+07,-1.01365E+02
7.84454346E+07,-1.07925E+02
7.84484863E+07,-1.04885E+02
7.84515381E+07,-1.02165E+02
7.84545898E+07,-1.00945E+02
7.84576416E+07,-1.01225E+02
7.84606934E+07,-1.01305E+02
7.84637451E+07,-1.04185E+02
7.84667969E+07,-1.01805E+02
7.84698486E+07,-9.86254E+01
7.84729004E+07,-9.83054E+01
7.84759521E+07,-9.66654E+01
7.84790039E+07,-9.99654E+01
7.84820557E+07,-1.02365E+02
7.84851074E+07,-1.03965E+02
7.84881592E+07,-1.01325E+02
7.84912109E+07,-1.07585E+02
7.84942627E+07,-1.04225E+02
7.84973145E+07,-9.84454E+01
7.85003662E+07,-1.03185E+02
7.85034180E+07,-1.06865E+02
7.85064697E+07,-1.03265E+02
7.85095215E+07,-9.71854E+01
7.85125732E+07,-9.41454E+01
7.85156250E+07,-9.84454E+01
7.85186768E+07,-1.04885E+02
7.85217285E+07,-1.06225E+02
7.85247803E+07,-1.04525E+02
7.85278320E+07,-1.06925E+02
7.85308838E+07,-1.04965E+02
7.85339355E+07,-1.01425E+02
7.85369873E+07,-9.88454E+01
7.85400391E+07,-9.71854E+01
7.85430908E+07,-9.49854E+01
7.85461426E+07,-9.62454E+01
7.85491943E+07,-1.04885E+02
7.85522461E+07,-1.07825E+02
7.85552979E+07,-1.27485E+02
7.85583496E+07,-1.04005E+02
7.85614014E+07,-1.01865E+02
7.85644531E+07,-1.02305E+02
7.85675049E+07,-1.02965E+02
7.85705566E+07,-9.79254E+01
7.85736084E+07,-9.53054E+01
7.85766602E+07,-1.12145E+02
7.85797119E+07,-9.70054E+01
7.85827637E+07,-9.91254E+01
7.85858154E+07,-1.05725E+02
7.85888672E+07,-9.62454E+01
7.85919189E+07,-1.00165E+02
7.85949707E+07,-9.53854E+01
7.85980225E+07,-9.77854E+01
7.86010742E+07,-1.05465E+02
7.86041260E+07,-1.00445E+02
7.86071777E+07,-9.66054E+01
7.86102295E+07,-9.46254E+01
7.86132812E+07,-9.62054E+01
7.86163330E+07,-1.02685E+02
7.86193848E+07,-1.02485E+02
7.86224365E+07,-1.02285E+02
7.86254883E+07,-9.62054E+01
7.86285400E+07,-9.56454E+01
7.86315918E+07,-1.01685E+02
7.86346436E+07,-1.23365E+02
7.86376953E+07,-1.04085E+02
7.86407471E+07,-9.82454E+01
7.86437988E+07,-1.05005E+02
7.86468506E+07,-1.01345E+02
7.86499023E+07,-9.41854E+01
7.86529541E+07,-9.25054E+01
7.86560059E+07,-9.17654E+01
7.86590576E+07,-9.13454E+01
7.86621094E+07,-9.93254E+01
7.86651611E+07,-1.07325E+02
7.86682129E+07,-1.03665E+02
7.86712646E+07,-1.00565E+02
7.86743164E+07,-1.07165E+02
7.86773682E+07,-9.76654E+01
7.86804199E+07,-9.99054E+01
7.86834717E+07,-1.10925E+02
7.86865234E+07,-9.74854E+01
7.86895752E+07,-9.60854E+01
7.86926270E+07,-1.00365E+02
7.86956787E+07,-9.84654E+01
7.86987305E+07,-9.75254E+01
7.87017822E+07,-9.59054E+01
7.87048340E+07,-9.87254E+01
7.87078857E+07,-9.67254E+01
7.87109375E+07,-9.66454E+01
7.87139893E+07,-9.47254E+01
7.87170410E+07,-1.05445E+02
7.87200928E+07,-9.93854E+01
7.87231445E+07,-1.06745E+02
7.87261963E+07,-9.62254E+01
7.87292480E+07,-9.73654E+01
7.87322998E+07,-9.90454E+01
7.87353516E+07,-1.00465E+02
7.87384033E+07,-1.09345E+02
7.87414551E+07,-1.09525E+02
7.87445068E+07,-1.00825E+02
7.87475586E+07,-9.81454E+01
7.87506104E+07,-1.03065E+02
7.87536621E+07,-9.58254E+01
7.87567139E+07,-9.96054E+01
7.87597656E+07,-1.03665E+02
7.87628174E+07,-1.02565E+02
7.87658691E+07,-1.01885E+02
7.87689209E+07,-9.52854E+01
7.87719727E+07,-9.65254E+01
7.87750244E+07,-1.14085E+02
7.87780762E+07,-1.18025E+02
7.87811279E+07,-9.95654E+01
7.87841797E+07,-9.87254E+01
7.87872314E+07,-1.07825E+02
7.87902832E+07,-1.03805E+02
7.87933350E+07,-1.09265E+02
7.87963867E+07,-9.84454E+01
7.87994385E+07,-1.01165E+02
7.88024902E+07,-1.05805E+02
7.88055420E+07,-1.03165E+02
7.88085938E+07,-1.00005E+02
7.88116455E+07,-9.73254E+01
7.88146973E+07,-9.94054E+01
7.88177490E+07,-1.00945E+02
7.88208008E+07,-9.99054E+01
7.88238525E+07,-1.16845E+02
7.88269043E+07,-1.05805E+02
7.88299561E+07,-1.07845E+02
7.88330078E+07,-9.38854E+01
7.88360596E+07,-9.33254E+01
7.88391113E+07,-9.93454E+01
7.88421631E+07,-9.25254E+01
7.88452148E+07,-9.76854E+01
7.88482666E+07,-1.09745E+02
7.88513184E+07,-9.62054E+01
7.88543701E+07,-9.51054E+01
7.88574219E+07,-1.01625E+02
7.88604736E+07,-9.86654E+01
7.88635254E+07,-1.00285E+02
7.88665771E+07,-1.05805E+02
7.88696289E+07,-9.67854E+01
7.88726807E+07,-9.57054E+01
7.88757324E+07,-9.62054E+01
7.88787842E+07,-9.61054E+01
7.88818359E+07,-9.60654E+01
7.88848877E+07,-9.59654E+01
7.88879395E+07,-9.59054E+01
7.88909912E+07,-1.01905E+02
7.88940430E+07,-1.05425E+02
7.88970947E+07,-9.96054E+01
7.89001465E+07,-9.86854E+01
7.89031982E+07,-1.01225E+02
7.89062500E+07,-9.88654E+01
7.89093018E+07,-9.72254E+01
7.89123535E+07,-9.63054E+01
7.89154053E+07,-9.83454E+01
7.89184570E+07,-1.01645E+02
7.89215088E+07,-1.02125E+02
7.89245605E+07,-9.69854E+01
7.89276123E+07,-9.73654E+01
7.89306641E+07,-9.76454E+01
7.89337158E+07,-1.00745E+02
7.89367676E+07,-9.61654E+01
7.89398193E+07,-1.05105E+02
7.89428711E+07,-9.94854E+01
7.89459229E+07,-9.53654E+01
7.89489746E+07,-1.00945E+02
7.89520264E+07,-9.99454E+01
7.89550781E+07,-1.01225E+02
7.89581299E+07,-9.76654E+01
7.89611816E+07,-9.58654E+01
7.89642334E+07,-1.00985E+02
7.89672852E+07,-1.03545E+02
7.89703369E+07,-9.70854E+01
7.89733887E+07,-9.56054E+01
7.89764404E+07,-1.07525E+02
7.89794922E+07,-1.07105E+02
7.89825439E+07,-1.04285E+02
7.89855957E+07,-9.54654E+01
7.89886475E+07,-1.00665E+02
7.89916992E+07,-1.02245E+02
7.89947510E+07,-1.01645E+02
7.89978027E+07,-9.62254E+01
7.90008545E+07,-1.00865E+02
7.90039062E+07,-1.12585E+02
7.90069580E+07,-1.29965E+02
7.90100098E+07,-1.13585E+02
7.90130615E+07,-1.15825E+02
7.90161133E+07,-1.03165E+02
7.90191650E+07,-9.31854E+01
7.90222168E+07,-9.74654E+01
7.90252686E+07,-1.00125E+02
7.90283203E+07,-9.85454E+01
7.90313721E+07,-9.83254E+01
7.90344238E+07,-1.02425E+02
7.90374756E+07,-9.90254E+01
7.90405273E+07,-1.02365E+02
7.90435791E+07,-1.01445E+02
7.90466309E+07,-9.87654E+01
7.90496826E+07,-9.88654E+01
7.90527344E+07,-9.55054E+01
7.90557861E+07,-9.41454E+01
7.90588379E+07,-9.75854E+01
7.90618896E+07,-9.68054E+01
7.90649414E+07,-1.02285E+02
7.90679932E+07,-1.07205E+02
7.90710449E+07,-1.01325E+02
7.90740967E+07,-9.72654E+01
7.90771484E+07,-9.71254E+01
7.90802002E+07,-9.53854E+01
7.90832520E+07,-9.67254E+01
7.90863037E+07,-9.99454E+01
7.90893555E+07,-1.00425E+02
7.90924072E+07,-9.89454E+01
7.90954590E+07,-1.01665E+02
7.90985107E+07,-1.02325E+02
7.91015625E+07,-1.01345E+02
7.91046143E+07,-9.85654E+01
7.91076660E+07,-1.01665E+02
7.91107178E+07,-1.07205E+02
7.91137695E+07,-9.93854E+01
7.91168213E+07,-1.00165E+02
7.91198730E+07,-1.04425E+02
7.91229248E+07,-1.10245E+02
7.91259766E+07,-1.04045E+02
7.91290283E+07,-1.06285E+02
7.91320801E+07,-1.11585E+02
7.91351318E+07,-1.03365E+02
7.91381836E+07,-1.06205E+02
7.91412354E+07,-1.00145E+02
7.91442871E+07,-1.00225E+02
7.91473389E+07,-9.98254E+01
7.91503906E+07,-1.19645E+02
7.91534424E+07,-1.01965E+02
7.91564941E+07,-9.52454E+01
7.91595459E+07,-9.47054E+01
7.91625977E+07,-9.80054E+01
7.91656494E+07,-1.03585E+02
7.91687012E+07,-1.00545E+02
7.91717529E+07,-9.33054E+01
7.91748047E+07,-9.34654E+01
7.91778564E+07,-1.00985E+02
7.91809082E+07,-1.15985E+02
7.91839600E+07,-1.05325E+02
7.91870117E+07,-9.80254E+01
7.91900635E+07,-1.06485E+02
7.91931152E+07,-1.00325E+02
7.91961670E+07,-1.01325E+02
7.91992188E+07,-9.48054E+01
7.92022705E+07,-9.67454E+01
7.92053223E+07,-1.01225E+02
7.92083740E+07,-9.70854E+01
7.92114258E+07,-1.00345E+02
7.92144775E+07,-9.68654E+01
7.92175293E+07,-1.00085E+02
7.92205811E+07,-1.14485E+02
7.92236328E+07,-9.78454E+01
7.92266846E+07,-9.38054E+01
7.92297363E+07,-9.82054E+01
7.92327881E+07,-1.00145E+02
7.92358398E+07,-9.66454E+01
7.92388916E+07,-9.86054E+01
7.92419434E+07,-1.11005E+02
7.92449951E+07,-9.78054E+01
7.92480469E+07,-9.56854E+01
7.92510986E+07,-9.98454E+01
7.92541504E+07,-9.68854E+01
7.92572021E+07,-9.70654E+01
7.92602539E+07,-9.86254E+01
7.92633057E+07,-1.00605E+02
7.92663574E+07,-9.77654E+01
7.92694092E+07,-1.01785E+02
7.92724609E+07,-1.00545E+02
7.92755127E+07,-1.01625E+02
7.92785645E+07,-1.03445E+02
7.92816162E+07,-1.01885E+02
7.92846680E+07,-9.99454E+01
7.92877197E+07,-1.06085E+02
7.92907715E+07,-1.03265E+02
7.92938232E+07,-9.68454E+01
7.92968750E+07,-9.35854E+01
7.92999268E+07,-9.89054E+01
7.93029785E+07,-1.03225E+02
7.93060303E+07,-1.04685E+02
7.93090820E+07,-1.07005E+02
7.93121338E+07,-9.73654E+01
7.93151855E+07,-1.07085E+02
7.93182373E+07,-1.00525E+02
7.93212891E+07,-1.04465E+02
7.93243408E+07,-1.17665E+02
7.93273926E+07,-9.55654E+01
7.93304443E+07,-1.02505E+02
7.93334961E+07,-9.99854E+01
7.93365479E+07,-1.03025E+02
7.93395996E+07,-1.04225E+02
7.93426514E+07,-1.04525E+02
7.93457031E+07,-1.02005E+02
7.93487549E+07,-1.05605E+02
7.93518066E+07,-1.05025E+02
7.93548584E+07,-1.15085E+02
7.93579102E+07,-1.10865E+02
7.93609619E+07,-1.22085E+02
7.93640137E+07,-9.57654E+01
7.93670654E+07,-9.15254E+01
7.93701172E+07,-9.69854E+01
7.93731689E+07,-9.76854E+01
7.93762207E+07,-1.02645E+02
7.93792725E+07,-1.08825E+02
7.93823242E+07,-1.05705E+02
7.93853760E+07,-1.01805E+02
7.93884277E+07,-1.01325E+02
7.93914795E+07,-1.04045E+02
7.93945312E+07,-1.01225E+02
7.93975830E+07,-1.04525E+02
7.94006348E+07,-1.04405E+02
7.94036865E+07,-1.10145E+02
7.94067383E+07,-1.03585E+02
7.94097900E+07,-1.03365E+02
7.94128418E+07,-1.03805E+02
7.94158936E+07,-1.00745E+02
7.94189453E+07,-1.01525E+02
7.94219971E+07,-1.07605E+02
7.94250488E+07,-1.05025E+02
7.94281006E+07,-9.78854E+01
7.94311523E+07,-9.97854E+01
7.94342041E+07,-1.21005E+02
7.94372559E+07,-9.82454E+01
7.94403076E+07,-9.83854E+01
7.94433594E+07,-1.01585E+02
7.94464111E+07,-9.97654E+01
7.94494629E+07,-1.04185E+02
7.94525146E+07,-1.02865E+02
7.94555664E+07,-1.00125E+02
7.94586182E+07,-9.72854E+01
7.94616699E+07,-1.05785E+02
7.94647217E+07,-1.00945E+02
7.94677734E+07,-9.90854E+01
7.94708252E+07,-9.74654E+01
7.94738770E+07,-9.57654E+01
7.94769287E+07,-9.87654E+01
7.94799805E+07,-9.88654E+01
7.94830322E+07,-1.03625E+02
7.94860840E+07,-1.04285E+02
7.94891357E+07,-9.74654E+01
7.94921875E+07,-9.81854E+01
7.94952393E+07,-1.02585E+02
7.94982910E+07,-1.03885E+02
7.95013428E+07,-1.03805E+02
7.95043945E+07,-9.98254E+01
7.95074463E+07,-1.11545E+02
7.95104980E+07,-1.08865E+02
7.95135498E+07,-1.11825E+02
7.95166016E+07,-1.01485E+02
7.95196533E+07,-9.68854E+01
7.95227051E+07,-1.01185E+02
7.95257568E+07,-1.01405E+02
7.95288086E+07,-1.00245E+02
7.95318604E+07,-1.10385E+02
7.95349121E+07,-1.03965E+02
7.95379639E+07,-1.02645E+02
7.95410156E+07,-1.02505E+02
7.95440674E+07,-1.02645E+02
7.95471191E+07,-1.20625E+02
7.95501709E+07,-9.73654E+01
7.95532227E+07,-9.37054E+01
7.95562744E+07,-9.38854E+01
7.95593262E+07,-9.64454E+01
7.95623779E+07,-1.03325E+02
7.95654297E+07,-1.03665E+02
7.95684814E+07,-1.06285E+02
7.95715332E+07,-9.96654E+01
7.95745850E+07,-9.83454E+01
7.95776367E+07,-9.86054E+01
7.95806885E+07,-1.08025E+02
7.95837402E+07,-9.90854E+01
7.95867920E+07,-9.81054E+01
7.95898438E+07,-1.20505E+02
7.95928955E+07,-1.01285E+02
7.95959473E+07,-9.81454E+01
7.95989990E+07,-1.02925E+02
7.96020508E+07,-9.50454E+01
7.96051025E+07,-9.48254E+01
7.96081543E+07,-1.00325E+02
7.96112061E+07,-1.05045E+02
7.96142578E+07,-1.05625E+02
7.96173096E+07,-9.69654E+01
7.96203613E+07,-9.85254E+01
7.96234131E+07,-1.00425E+02
7.96264648E+07,-1.07185E+02
7.96295166E+07,-1.11945E+02
7.96325684E+07,-1.03845E+02
7.96356201E+07,-9.75254E+01
7.96386719E+07,-9.82654E+01
7.96417236E+07,-1.02005E+02
7.96447754E+07,-1.08505E+02
7.96478271E+07,-1.05605E+02
7.96508789E+07,-1.06805E+02
7.96539307E+07,-1.03705E+02
7.96569824E+07,-1.13705E+02
7.96600342E+07,-9.77254E+01
7.96630859E+07,-1.02225E+02
7.96661377E+07,-1.06965E+02
7.96691895E+07,-1.01305E+02
7.96722412E+07,-1.04005E+02
7.96752930E+07,-1.06045E+02
7.96783447E+07,-1.07185E+02
7.96813965E+07,-1.06645E+02
7.96844482E+07,-1.03965E+02
7.96875000E+07,-9.82254E+01
7.96905518E+07,-9.94654E+01
7.96936035E+07,-1.02485E+02
7.96966553E+07,-1.10025E+02
7.96997070E+07,-1.10645E+02
7.97027588E+07,-1.08845E+02
7.97058105E+07,-9.77854E+01
7.97088623E+07,-1.03325E+02
7.97119141E+07,-1.03665E+02
7.97149658E+07,-9.97254E+01
7.97180176E+07,-1.00665E+02
7.97210693E+07,-1.12485E+02
7.97241211E+07,-1.07685E+02
7.97271729E+07,-1.03165E+02
7.97302246E+07,-9.60854E+01
7.97332764E+07,-9.62454E+01
7.97363281E+07,-1.07065E+02
7.97393799E+07,-1.09665E+02
7.97424316E+07,-1.02585E+02
7.97454834E+07,-1.00305E+02
7.97485352E+07,-1.01805E+02
7.97515869E+07,-9.78254E+01
7.97546387E+07,-9.79654E+01
7.97576904E+07,-9.39654E+01
7.97607422E+07,-9.38454E+01
7.97637939E+07,-9.91054E+01
7.97668457E+07,-1.02065E+02
7.97698975E+07,-9.88454E+01
7.97729492E+07,-1.04405E+02
7.97760010E+07,-1.03505E+02
7.97790527E+07,-1.03305E+02
7.97821045E+07,-1.08705E+02
7.97851562E+07,-1.01105E+02
7.97882080E+07,-9.93254E+01
7.97912598E+07,-1.04745E+02
7.97943115E+07,-9.26254E+01
7.97973633E+07,-9.66254E+01
7.98004150E+07,-9.79254E+01
7.98034668E+07,-1.00545E+02
7.98065186E+07,-1.02745E+02
7.98095703E+07,-1.04465E+02
7.98126221E+07,-1.01745E+02
7.98156738E+07,-1.00225E+02
7.98187256E+07,-1.03765E+02
7.98217773E+07,-1.12685E+02
7.98248291E+07,-9.71054E+01
7.98278809E+07,-9.88654E+01
7.98309326E+07,-9.99854E+01
7.98339844E+07,-9.82854E+01
7.98370361E+07,-1.02085E+02
7.98400879E+07,-1.08405E+02
7.98431396E+07,-1.00845E+02
7.98461914E+07,-9.45254E+01
7.98492432E+07,-9.74254E+01
7.98522949E+07,-9.42254E+01
7.98553467E+07,-9.62854E+01
7.98583984E+07,-1.00185E+02
7.98614502E+07,-9.66254E+01
7.98645020E+07,-9.48054E+01
7.98675537E+07,-9.62454E+01
7.98706055E+07,-9.91454E+01
7.98736572E+07,-9.66854E+01
7.98767090E+07,-9.30254E+01
7.98797607E+07,-9.71454E+01
7.98828125E+07,-9.72854E+01
7.98858643E+07,-9.66654E+01
7.98889160E+07,-9.51454E+01
7.98919678E+07,-9.46054E+01
7.98950195E+07,-1.04305E+02
7.98980713E+07,-1.03465E+02
7.99011230E+07,-1.04225E+02
7.99041748E+07,-1.09785E+02
7.99072266E+07,-1.01425E+02
7.99102783E+07,-9.70654E+01
7.99133301E+07,-1.04425E+02
7.99163818E+07,-9.44254E+01
7.99194336E+07,-9.73854E+01
7.99224854E+07,-1.12225E+02
7.99255371E+07,-9.72854E+01
7.99285889E+07,-9.56054E+01
7.99316406E+07,-1.01625E+02
7.99346924E+07,-1.02065E+02
7.99377441E+07,-1.08725E+02
7.99407959E+07,-1.05805E+02
7.99438477E+07,-9.98854E+01
7.99468994E+07,-9.45854E+01
7.99499512E+07,-9.83454E+01
7.99530029E+07,-1.19825E+02
7.99560547E+07,-1.00905E+02
7.99591064E+07,-1.01025E+02
7.99621582E+07,-1.02165E+02
7.99652100E+07,-9.77654E+01
7.99682617E+07,-1.00185E+02
7.99713135E+07,-9.83654E+01
7.99743652E+07,-1.06645E+02
7.99774170E+07,-9.76454E+01
7.99804688E+07,-9.67454E+01
7.99835205E+07,-9.62654E+01
7.99865723E+07,-9.39654E+01
7.99896240E+07,-9.74454E+01
7.99926758E+07,-1.01325E+02
7.99957275E+07,-1.05585E+02
7.99987793E+07,-1.03025E+02
8.00018311E+07,-1.07585E+02
8.00048828E+07,-1.01885E+02
8.00079346E+07,-1.01545E+02
8.00109863E+07,-9.61054E+01
8.00140381E+07,-9.80854E+01
8.00170898E+07,-9.92254E+01
8.00201416E+07,-1.00225E+02
8.00231934E+07,-1.01485E+02
8.00262451E+07,-1.05705E+02
8.00292969E+07,-1.05005E+02
8.00323486E+07,-1.04385E+02
8.00354004E+07,-1.08165E+02
8.00384521E+07,-1.00005E+02
8.00415039E+07,-1.04845E+02
8.00445557E+07,-9.94254E+01
8.00476074E+07,-9.62254E+01
8.00506592E+07,-9.78654E+01
8.00537109E+07,-9.92454E+01
8.00567627E+07,-9.74654E+01
8.00598145E+07,-9.62454E+01
8.00628662E+07,-1.01685E+02
8.00659180E+07,-1.02965E+02
8.00689697E+07,-1.02505E+02
8.00720215E+07,-9.88254E+01
8.00750732E+07,-1.07065E+02
8.00781250E+07,-1.04225E+02
8.00811768E+07,-9.92254E+01
8.00842285E+07,-1.02445E+02
8.00872803E+07,-1.00865E+02
8.00903320E+07,-9.72054E+01
8.00933838E+07,-9.50654E+01
8.00964355E+07,-9.73454E+01
8.00994873E+07,-9.74854E+01
8.01025391E+07,-9.37254E+01
8.01055908E+07,-9.93854E+01
8.01086426E+07,-1.00285E+02
8.01116943E+07,-1.09705E+02
8.01147461E+07,-9.83254E+01
8.01177979E+07,-1.06025E+02
8.01208496E+07,-9.81854E+01
8.01239014E+07,-9.57454E+01
8.01269531E+07,-9.79854E+01
8.01300049E+07,-1.06865E+02
8.01330566E+07,-9.55054E+01
8.01361084E+07,-9.69054E+01
8.01391602E+07,-9.52854E+01
8.01422119E+07,-9.61854E+01
8.01452637E+07,-1.09145E+02
8.01483154E+07,-9.60854E+01
8.01513672E+07,-9.85854E+01
8.01544189E+07,-1.00285E+02
8.01574707E+07,-9.95254E+01
8.01605225E+07,-1.01945E+02
8.01635742E+07,-1.01305E+02
8.01666260E+07,-1.17185E+02
8.01696777E+07,-1.12005E+02
8.01727295E+07,-1.06385E+02
8.01757812E+07,-9.68054E+01
8.01788330E+07,-9.56454E+01
8.01818848E+07,-1.02765E+02
8.01849365E+07,-1.05025E+02
8.01879883E+07,-9.86254E+01
8.01910400E+07,-9.68054E+01
8.01940918E+07,-1.04265E+02
8.01971436E+07,-1.15145E+02
8.02001953E+07,-1.01545E+02
8.02032471E+07,-1.01665E+02
8.02062988E+07,-9.79654E+01
8.02093506E+07,-9.52454E+01
8.02124023E+07,-9.58854E+01
8.02154541E+07,-9.76654E+01
8.02185059E+07,-9.80454E+01
8.02215576E+07,-1.06425E+02
8.02246094E+07,-9.39254E+01
8.02276611E+07,-9.15654E+01
8.02307129E+07,-9.29254E+01
8.02337646E+07,-1.02045E+02
8.02368164E+07,-1.20205E+02
8.02398682E+07,-9.87654E+01
8.02429199E+07,-1.01165E+02
8.02459717E+07,-9.89254E+01
8.02490234E+07,-9.49054E+01
8.02520752E+07,-1.04005E+02
8.02551270E+07,-1.08505E+02
8.02581787E+07,-1.01405E+02
8.02612305E+07,-9.90454E+01
8.02642822E+07,-1.06545E+02
8.02673340E+07,-1.05145E+02
8.02703857E+07,-9.34054E+01
8.02734375E+07,-9.21454E+01
8.02764893E+07,-9.58654E+01
8.02795410E+07,-1.01905E+02
8.02825928E+07,-1.00805E+02
8.02856445E+07,-1.04645E+02
8.02886963E+07,-1.06845E+02
8.02917480E+07,-1.01745E+02
8.02947998E+07,-9.58654E+01
8.02978516E+07,-9.76454E+01
8.03009033E+07,-1.02085E+02
8.03039551E+07,-1.04345E+02
8.03070068E+07,-1.03965E+02
8.03100586E+07,-1.08225E+02
8.03131104E+07,-1.01545E+02
8.03161621E+07,-9.66054E+01
8.03192139E+07,-9.82854E+01
8.03222656E+07,-9.79454E+01
8.03253174E+07,-1.07845E+02
8.03283691E+07,-1.10305E+02
8.03314209E+07,-1.15025E+02
8.03344727E+07,-9.54454E+01
8.03375244E+07,-9.31654E+01
8.03405762E+07,-1.03265E+02
8.03436279E+07,-1.10285E+02
8.03466797E+07,-1.03465E+02
8.03497314E+07,-1.01305E+02
8.03527832E+07,-1.03445E+02
8.03558350E+07,-9.78654E+01
8.03588867E+07,-9.86654E+01
8.03619385E+07,-9.96454E+01
8.03649902E+07,-9.64854E+01
8.03680420E+07,-9.50854E+01
8.03710938E+07,-9.58854E+01
8.03741455E+07,-9.90254E+01
8.03771973E+07,-1.08065E+02
8.03802490E+07,-1.04585E+02
8.03833008E+07,-1.01685E+02
8.03863525E+07,-9.79854E+01
8.03894043E+07,-9.40054E+01
8.03924561E+07,-9.70654E+01
8.03955078E+07,-1.00945E+02
8.03985596E+07,-1.03465E+02
8.04016113E+07,-1.00705E+02
8.04046631E+07,-1.02625E+02
8.04077148E+07,-1.06585E+02
8.04107666E+07,-1.03845E+02
8.04138184E+07,-1.05985E+02
8.04168701E+07,-9.61854E+01
8.04199219E+07,-9.47654E+01
8.04229736E+07,-1.02825E+02
8.04260254E+07,-1.11165E+02
8.04290771E+07,-9.65854E+01
8.04321289E+07,-9.66054E+01
8.04351807E+07,-9.45654E+01
8.04382324E+07,-9.81854E+01
8.04412842E+07,-9.85454E+01
8.04443359E+07,-9.78654E+01
8.04473877E+07,-9.98654E+01
8.04504395E+07,-1.00225E+02
8.04534912E+07,-1.07065E+02
8.04565430E+07,-1.00145E+02
8.04595947E+07,-1.02065E+02
8.04626465E+07,-1.02285E+02
8.04656982E+07,-1.01745E+02
8.04687500E+07,-1.02225E+02
8.04718018E+07,-9.47454E+01
8.04748535E+07,-9.56654E+01
8.04779053E+07,-9.94254E+01
8.04809570E+07,-9.82654E+01
8.04840088E+07,-9.71654E+01
8.04870605E+07,-9.55654E+01
8.04901123E+07,-9.78654E+01
8.04931641E+07,-9.72054E+01
8.04962158E+07,-9.59254E+01
8.04992676E+07,-1.01805E+02
8.05023193E+07,-1.09605E+02
8.05053711E+07,-1.21245E+02
8.05084229E+07,-1.10185E+02
8.05114746E+07,-1.17205E+02
8.05145264E+07,-1.05505E+02
8.05175781E+07,-1.04965E+02
8.05206299E+07,-1.04485E+02
8.05236816E+07,-1.05565E+02
8.05267334E+07,-1.01785E+02
8.05297852E+07,-1.00385E+02
8.05328369E+07,-9.76854E+01
8.05358887E+07,-1.01305E+02
8.05389404E+07,-1.09405E+02
8.05419922E+07,-1.01745E+02
8.05450439E+07,-9.92454E+01
8.05480957E+07,-1.11625E+02
8.05511475E+07,-9.72254E+01
8.05541992E+07,-1.01745E+02
8.05572510E+07,-1.15525E+02
8.05603027E+07,-9.90454E+01
8.05633545E+07,-9.94254E+01
8.05664062E+07,-1.00265E+02
8.05694580E+07,-1.07925E+02
8.05725098E+07,-9.46454E+01
8.05755615E+07,-9.40854E+01
8.05786133E+07,-9.46654E+01
8.05816650E+07,-1.07065E+02
8.05847168E+07,-1.04145E+02
8.05877686E+07,-9.89854E+01
8.05908203E+07,-9.51454E+01
8.05938721E+07,-9.31654E+01
8.05969238E+07,-9.43254E+01
8.05999756E+07,-9.92454E+01
8.06030273E+07,-1.01645E+02
8.06060791E+07,-9.72254E+01
8.06091309E+07,-9.49854E+01
8.06121826E+07,-9.68854E+01
8.06152344E+07,-9.66054E+01
8.06182861E+07,-1.02005E+02
8.06213379E+07,-1.03265E+02
8.06243896E+07,-9.83054E+01
8.06274414E+07,-1.05225E+02
8.06304932E+07,-1.00745E+02
8.06335449E+07,-9.50854E+01
8.06365967E+07,-9.16454E+01
8.06396484E+07,-9.43654E+01
8.06427002E+07,-1.04765E+02
8.06457520E+07,-9.73454E+01
8.06488037E+07,-9.92854E+01
8.06518555E+07,-1.02965E+02
8.06549072E+07,-9.77454E+01
8.06579590E+07,-1.01665E+02
8.06610107E+07,-1.03665E+02
8.06640625E+07,-1.00465E+02
8.06671143E+07,-1.13265E+02
8.06701660E+07,-9.82854E+01
8.06732178E+07,-1.11945E+02
8.06762695E+07,-9.56054E+01
8.06793213E+07,-1.09345E+02
8.06823730E+07,-9.63254E+01
8.06854248E+07,-9.62854E+01
8.06884766E+07,-9.96854E+01
8.06915283E+07,-1.04185E+02
8.06945801E+07,-9.95654E+01
8.06976318E+07,-9.91454E+01
8.07006836E+07,-9.85454E+01
8.07037354E+07,-1.03445E+02
8.07067871E+07,-9.81054E+01
8.07098389E+07,-9.51454E+01
8.07128906E+07,-9.88254E+01
8.07159424E+07,-1.08645E+02
8.07189941E+07,-1.08305E+02
8.07220459E+07,-1.02625E+02
8.07250977E+07,-9.99054E+01
8.07281494E+07,-1.00125E+02
8.07312012E+07,-1.02505E+02
8.07342529E+07,-1.08365E+02
8.07373047E+07,-1.04225E+02
8.07403564E+07,-1.03185E+02
8.07434082E+07,-1.00765E+02
8.07464600E+07,-9.81254E+01
8.07495117E+07,-9.27654E+01
8.07525635E+07,-9.83054E+01
8.07556152E+07,-1.16225E+02
8.07586670E+07,-9.98054E+01
8.07617188E+07,-1.01385E+02
8.07647705E+07,-1.03125E+02
8.07678223E+07,-9.79454E+01
8.07708740E+07,-1.00625E+02
8.07739258E+07,-1.05585E+02
8.07769775E+07,-1.05305E+02
8.07800293E+07,-9.86854E+01
8.07830811E+07,-9.79854E+01
8.07861328E+07,-1.02085E+02
8.07891846E+07,-1.14005E+02
8.07922363E+07,-1.02585E+02
8.07952881E+07,-1.08385E+02
8.07983398E+07,-9.58254E+01
8.08013916E+07,-1.03185E+02
8.08044434E+07,-1.05085E+02
8.08074951E+07,-1.02985E+02
8.08105469E+07,-1.14305E+02
8.08135986E+07,-1.07825E+02
8.08166504E+07,-1.02285E+02
8.08197021E+07,-1.07525E+02
8.08227539E+07,-1.02045E+02
8.08258057E+07,-1.10085E+02
8.08288574E+07,-9.54854E+01
8.08319092E+07,-9.69254E+01
8.08349609E+07,-1.01245E+02
8.08380127E+07,-1.13125E+02
8.08410645E+07,-9.79854E+01
8.08441162E+07,-9.98254E+01
8.08471680E+07,-1.07685E+02
8.08502197E+07,-1.04485E+02
8.08532715E+07,-1.00365E+02
8.08563232E+07,-9.62654E+01
8.08593750E+07,-9.59054E+01
8.08624268E+07,-1.04785E+02
8.08654785E+07,-9.56254E+01
8.08685303E+07,-1.02085E+02
8.08715820E+07,-1.02005E+02
8.08746338E+07,-9.84654E+01
8.08776855E+07,-9.73054E+01
8.08807373E+07,-9.81454E+01
8.08837891E+07,-9.96854E+01
8.08868408E+07,-1.02085E+02
8.08898926E+07,-9.48654E+01
8.08929443E+07,-1.02285E+02
8.08959961E+07,-1.40285E+02
8.08990479E+07,-1.17125E+02
8.09020996E+07,-1.04345E+02
8.09051514E+07,-1.00705E+02
8.09082031E+07,-1.09585E+02
8.09112549E+07,-1.05125E+02
8.09143066E+07,-1.01565E+02
8.09173584E+07,-9.91254E+01
8.09204102E+07,-1.01305E+02
8.09234619E+07,-9.65454E+01
8.09265137E+07,-9.54254E+01
8.09295654E+07,-9.78454E+01
8.09326172E+07,-1.22705E+02
8.09356689E+07,-1.07485E+02
8.09387207E+07,-1.16565E+02
8.09417725E+07,-1.06485E+02
8.09448242E+07,-1.07365E+02
8.09478760E+07,-1.08865E+02
8.09509277E+07,-1.05385E+02
8.09539795E+07,-1.14685E+02
8.09570312E+07,-1.03505E+02
8.09600830E+07,-1.00565E+02
8.09631348E+07,-9.92654E+01
8.09661865E+07,-9.31854E+01
8.09692383E+07,-9.36654E+01
8.09722900E+07,-1.03505E+02
8.09753418E+07,-9.54454E+01
8.09783936E+07,-1.11525E+02
8.09814453E+07,-1.03545E+02
8.09844971E+07,-1.09105E+02
8.09875488E+07,-1.02985E+02
8.09906006E+07,-1.08325E+02
8.09936523E+07,-1.07565E+02
8.09967041E+07,-1.14905E+02
8.09997559E+07,-1.02165E+02
8.10028076E+07,-1.12525E+02
8.10058594E+07,-1.00445E+02
8.10089111E+07,-9.78254E+01
8.10119629E+07,-1.01285E+02
8.10150146E+07,-1.03405E+02
8.10180664E+07,-9.64254E+01
8.10211182E+07,-9.23654E+01
8.10241699E+07,-9.55254E+01
8.10272217E+07,-1.08205E+02
8.10302734E+07,-1.03265E+02
8.10333252E+07,-1.05845E+02
8.10363770E+07,-1.03505E+02
8.10394287E+07,-1.00645E+02
8.10424805E+07,-1.04145E+02
8.10455322E+07,-9.84054E+01
8.10485840E+07,-9.92054E+01
8.10516357E+07,-1.05785E+02
8.10546875E+07,-9.56854E+01
8.10577393E+07,-9.40854E+01
8.10607910E+07,-9.39654E+01
8.10638428E+07,-9.56654E+01
8.10668945E+07,-9.77054E+01
8.10699463E+07,-9.76054E+01
8.10729980E+07,-1.02505E+02
8.10760498E+07,-9.85854E+01
8.10791016E+07,-9.63054E+01
8.10821533E+07,-1.00485E+02
8.10852051E+07,-9.70654E+01
8.10882568E+07,-9.34654E+01
8.10913086E+07,-9.51254E+01
8.10943604E+07,-1.14565E+02
8.10974121E+07,-9.93454E+01
8.11004639E+07,-1.00125E+02
8.11035156E+07,-1.00025E+02
8.11065674E+07,-9.80654E+01
8.11096191E+07,-9.81054E+01
8.11126709E+07,-1.00925E+02
8.11157227E+07,-9.96654E+01
8.11187744E+07,-1.02645E+02
8.11218262E+07,-1.15905E+02
8.11248779E+07,-1.05205E+02
8.11279297E+07,-1.06445E+02
8.11309814E+07,-9.68054E+01
8.11340332E+07,-9.28654E+01
8.11370850E+07,-1.01745E+02
8.11401367E+07,-1.01345E+02
8.11431885E+07,-9.56254E+01
8.11462402E+07,-1.01065E+02
8.11492920E+07,-1.15165E+02
8.11523438E+07,-1.07665E+02
8.11553955E+07,-1.08225E+02
8.11584473E+07,-1.00365E+02
8.11614990E+07,-1.00405E+02
8.11645508E+07,-1.01065E+02
8.11676025E+07,-9.44054E+01
8.11706543E+07,-9.66454E+01
8.11737061E+07,-9.94854E+01
8.11767578E+07,-1.05065E+02
8.11798096E+07,-1.02645E+02
8.11828613E+07,-9.98854E+01
8.11859131E+07,-1.00385E+02
8.11889648E+07,-1.04725E+02
8.11920166E+07,-1.06865E+02
8.11950684E+07,-1.02365E+02
8.11981201E+07,-1.01005E+02
8.12011719E+07,-1.06305E+02
8.12042236E+07,-9.98454E+01
8.12072754E+07,-9.91454E+01
8.12103271E+07,-1.01045E+02
8.12133789E+07,-1.00545E+02
8.12164307E+07,-1.00525E+02
8.12194824E+07,-9.87054E+01
8.12225342E+07,-9.96654E+01
8.12255859E+07,-1.02325E+02
8.12286377E+07,-9.92854E+01
8.12316895E+07,-1.01185E+02
8.12347412E+07,-9.86854E+01
8.12377930E+07,-1.01165E+02
8.12408447E+07,-1.04905E+02
8.12438965E+07,-1.13725E+02
8.12469482E+07,-1.08585E+02
8.12500000E+07,-1.03025E+02
8.12530518E+07,-1.02685E+02
8.12561035E+07,-1.05365E+02
8.12591553E+07,-1.07325E+02
8.12622070E+07,-1.10645E+02
8.12652588E+07,-1.06865E+02
8.12683105E+07,-1.04685E+02
8.12713623E+07,-9.75654E+01
8.12744141E+07,-9.78054E+01
8.12774658E+07,-1.02305E+02
8.12805176E+07,-1.04565E+02
8.12835693E+07,-1.01985E+02
8.12866211E+07,-1.02085E+02
8.12896729E+07,-1.05125E+02
8.12927246E+07,-1.13725E+02
8.12957764E+07,-9.60454E+01
8.12988281E+07,-9.19654E+01
8.13018799E+07,-9.56454E+01
8.13049316E+07,-1.00925E+02
8.13079834E+07,-9.89054E+01
8.13110352E+07,-1.02125E+02
8.13140869E+07,-9.57254E+01
8.13171387E+07,-9.27454E+01
8.13201904E+07,-1.00205E+02
8.13232422E+07,-9.93454E+01
8.13262939E+07,-9.81654E+01
8.13293457E+07,-1.06565E+02
8.13323975E+07,-1.03625E+02
8.13354492E+07,-9.77254E+01
8.13385010E+07,-1.00565E+02
8.13415527E+07,-9.82454E+01
8.13446045E+07,-1.08825E+02
8.13476562E+07,-1.07485E+02
8.13507080E+07,-1.00305E+02
8.13537598E+07,-9.86454E+01
8.13568115E+07,-9.77654E+01
8.13598633E+07,-1.02705E+02
8.13629150E+07,-1.03805E+02
8.13659668E+07,-1.03545E+02
8.13690186E+07,-9.68654E+01
8.13720703E+07,-9.41454E+01
8.13751221E+07,-9.67454E+01
8.13781738E+07,-9.90654E+01
8.13812256E+07,-1.02005E+02
8.13842773E+07,-1.01885E+02
8.13873291E+07,-1.00365E+02
8.13903809E+07,-1.07505E+02
8.13934326E+07,-1.04905E+02
8.13964844E+07,-1.06145E+02
8.13995361E+07,-1.02565E+02
8.14025879E+07,-9.99054E+01
8.14056396E+07,-1.08645E+02
8.14086914E+07,-1.15225E+02
8.14117432E+07,-1.02245E+02
8.14147949E+07,-9.80054E+01
8.14178467E+07,-9.94254E+01
8.14208984E+07,-9.92654E+01
8.14239502E+07,-9.93054E+01
8.14270020E+07,-1.03365E+02
8.14300537E+07,-1.02645E+02
8.14331055E+07,-9.85054E+01
8.14361572E+07,-1.04405E+02
8.14392090E+07,-1.05245E+02
8.14422607E+07,-9.58254E+01
8.14453125E+07,-9.70654E+01
8.14483643E+07,-1.08065E+02
8.14514160E+07,-1.03705E+02
8.14544678E+07,-1.00725E+02
8.14575195E+07,-9.97254E+01
8.14605713E+07,-1.02305E+02
8.14636230E+07,-1.08365E+02
8.14666748E+07,-1.02765E+02
8.14697266E+07,-1.00785E+02
8.14727783E+07,-9.87254E+01
8.14758301E+07,-9.66054E+01
8.14788818E+07,-1.01885E+02
8.14819336E+07,-1.01665E+02
8.14849854E+07,-9.53254E+01
8.14880371E+07,-9.25054E+01
8.14910889E+07,-9.70054E+01
8.14941406E+07,-1.00885E+02
8.14971924E+07,-9.43054E+01
8.15002441E+07,-9.80254E+01
8.15032959E+07,-1.03185E+02
8.15063477E+07,-1.04085E+02
8.15093994E+07,-9.85654E+01
8.15124512E+07,-9.83254E+01
8.15155029E+07,-9.58054E+01
8.15185547E+07,-9.55654E+01
8.15216064E+07,-9.83854E+01
8.15246582E+07,-9.97854E+01
8.15277100E+07,-9.61654E+01
8.15307617E+07,-9.62854E+01
8.15338135E+07,-9.91254E+01
8.15368652E+07,-1.07985E+02
8.15399170E+07,-1.05985E+02
8.15429688E+07,-1.04145E+02
8.15460205E+07,-1.13585E+02
8.15490723E+07,-1.04085E+02
8.15521240E+07,-1.17045E+02
8.15551758E+07,-9.95854E+01
8.15582275E+07,-9.75854E+01
8.15612793E+07,-1.02645E+02
8.15643311E+07,-1.12005E+02
8.15673828E+07,-9.98054E+01
8.15704346E+07,-1.03965E+02
8.15734863E+07,-1.05525E+02
8.15765381E+07,-9.88854E+01
8.15795898E+07,-9.39254E+01
8.15826416E+07,-9.64854E+01
8.15856934E+07,-1.01345E+02
8.15887451E+07,-1.10405E+02
8.15917969E+07,-1.01445E+02
8.15948486E+07,-1.00485E+02
8.15979004E+07,-1.04585E+02
8.16009521E+07,-1.09785E+02
8.16040039E+07,-9.83854E+01
8.16070557E+07,-9.59254E+01
8.16101074E+07,-9.88054E+01
8.16131592E+07,-1.00745E+02
8.16162109E+07,-9.78454E+01
8.16192627E+07,-9.78254E+01
8.16223145E+07,-1.04505E+02
8.16253662E+07,-9.83254E+01
8.16284180E+07,-9.68054E+01
8.16314697E+07,-9.88054E+01
8.16345215E+07,-1.08265E+02
8.16375732E+07,-9.88654E+01
8.16406250E+07,-1.01205E+02
8.16436768E+07,-1.00545E+02
8.16467285E+07,-9.85854E+01
8.16497803E+07,-9.60454E+01
8.16528320E+07,-9.79054E+01
8.16558838E+07,-1.06725E+02
8.16589355E+07,-9.44254E+01
8.16619873E+07,-9.46454E+01
8.16650391E+07,-9.76854E+01
8.16680908E+07,-1.05525E+02
8.16711426E+07,-1.14725E+02
8.16741943E+07,-1.06965E+02
8.16772461E+07,-1.11405E+02
8.16802979E+07,-1.02805E+02
8.16833496E+07,-1.07585E+02
8.16864014E+07,-9.99454E+01
8.16894531E+07,-1.01985E+02
8.16925049E+07,-9.96054E+01
8.16955566E+07,-1.01905E+02
8.16986084E+07,-1.10205E+02
8.17016602E+07,-1.13705E+02
8.17047119E+07,-1.05425E+02
8.17077637E+07,-1.03925E+02
8.17108154E+07,-1.00965E+02
8.17138672E+07,-1.01645E+02
8.17169189E+07,-9.93854E+01
8.17199707E+07,-1.01145E+02
8.17230225E+07,-1.12005E+02
8.17260742E+07,-9.77654E+01
8.17291260E+07,-1.07205E+02
8.17321777E+07,-9.89654E+01
8.17352295E+07,-9.76854E+01
8.17382812E+07,-9.69254E+01
8.17413330E+07,-1.01525E+02
8.17443848E+07,-1.03805E+02
8.17474365E+07,-1.08325E+02
8.17504883E+07,-1.04145E+02
8.17535400E+07,-1.02985E+02
8.17565918E+07,-1.05665E+02
8.17596436E+07,-1.04085E+02
8.17626953E+07,-1.04965E+02
8.17657471E+07,-1.14085E+02
8.17687988E+07,-1.04005E+02
8.17718506E+07,-1.01565E+02
8.17749023E+07,-1.15165E+02
8.17779541E+07,-1.10765E+02
8.17810059E+07,-1.01425E+02
8.17840576E+07,-1.02305E+02
8.17871094E+07,-9.81854E+01
8.17901611E+07,-1.10565E+02
8.17932129E+07,-9.61854E+01
8.17962646E+07,-9.61254E+01
8.17993164E+07,-1.08905E+02
8.18023682E+07,-1.10265E+02
8.18054199E+07,-1.01645E+02
8.18084717E+07,-9.77854E+01
8.18115234E+07,-1.05625E+02
8.18145752E+07,-1.00185E+02
8.18176270E+07,-9.79254E+01
8.18206787E+07,-9.82854E+01
8.18237305E+07,-9.88654E+01
8.18267822E+07,-1.06005E+02
8.18298340E+07,-1.11165E+02
8.18328857E+07,-1.07665E+02
8.18359375E+07,-9.43054E+01
8.18389893E+07,-9.81454E+01
8.18420410E+07,-1.07505E+02
8.18450928E+07,-1.00485E+02
8.18481445E+07,-9.90054E+01
8.18511963E+07,-1.00425E+02
8.18542480E+07,-9.78854E+01
8.18572998E+07,-1.01745E+02
8.18603516E+07,-1.04325E+02
8.18634033E+07,-9.94254E+01
8.18664551E+07,-1.05905E+02
8.18695068E+07,-1.06005E+02
8.18725586E+07,-1.00545E+02
8.18756104E+07,-1.00785E+02
8.18786621E+07,-1.01545E+02
8.18817139E+07,-1.04625E+02
8.18847656E+07,-9.93054E+01
8.18878174E+07,-9.61854E+01
8.18908691E+07,-9.58454E+01
8.18939209E+07,-9.92454E+01
8.18969727E+07,-9.96654E+01
8.19000244E+07,-1.01105E+02
8.19030762E+07,-1.04885E+02
8.19061279E+07,-1.12165E+02
8.19091797E+07,-1.17065E+02
8.19122314E+07,-1.21825E+02
8.19152832E+07,-1.02245E+02
8.19183350E+07,-1.04925E+02
8.19213867E+07,-1.03665E+02
8.19244385E+07,-1.01025E+02
8.19274902E+07,-1.08945E+02
8.19305420E+07,-1.08185E+02
8.19335938E+07,-9.91654E+01
8.19366455E+07,-9.95454E+01
8.19396973E+07,-1.06585E+02
8.19427490E+07,-9.94854E+01
8.19458008E+07,-1.00225E+02
8.19488525E+07,-9.76254E+01
8.19519043E+07,-9.56454E+01
8.19549561E+07,-9.89054E+01
8.19580078E+07,-1.11745E+02
8.19610596E+07,-1.03625E+02
8.19641113E+07,-1.06585E+02
8.19671631E+07,-1.03165E+02
8.19702148E+07,-1.06745E+02
8.19732666E+07,-9.69454E+01
8.19763184E+07,-1.02205E+02
8.19793701E+07,-1.00065E+02
8.19824219E+07,-9.65654E+01
8.19854736E+07,-9.79454E+01
8.19885254E+07,-1.00485E+02
8.19915771E+07,-1.05125E+02
8.19946289E+07,-1.10025E+02
8.19976807E+07,-9.93054E+01
8.20007324E+07,-1.01445E+02
8.20037842E+07,-9.80254E+01
8.20068359E+07,-9.51254E+01
8.20098877E+07,-9.71854E+01
8.20129395E+07,-9.49854E+01
8.20159912E+07,-1.09445E+02
8.20190430E+07,-9.94054E+01
8.20220947E+07,-1.01865E+02
8.20251465E+07,-1.05425E+02
8.20281982E+07,-1.19345E+02
8.20312500E+07,-1.10805E+02
8.20343018E+07,-1.05865E+02
8.20373535E+07,-1.00105E+02
8.20404053E+07,-9.65054E+01
8.20434570E+07,-9.82254E+01
8.20465088E+07,-9.67254E+01
8.20495605E+07,-9.67454E+01
8.20526123E+07,-9.94454E+01
8.20556641E+07,-9.70254E+01
8.20587158E+07,-9.43854E+01
8.20617676E+07,-9.38454E+01
8.20648193E+07,-9.52854E+01
8.20678711E+07,-9.67854E+01
8.20709229E+07,-1.01545E+02
8.20739746E+07,-1.05005E+02
8.20770264E+07,-1.00685E+02
8.20800781E+07,-1.01505E+02
8.20831299E+07,-1.10465E+02
8.20861816E+07,-1.13585E+02
8.20892334E+07,-1.02985E+02
8.20922852E+07,-9.43654E+01
8.20953369E+07,-9.84854E+01
8.20983887E+07,-1.11765E+02
8.21014404E+07,-1.04545E+02
8.21044922E+07,-9.76654E+01
8.21075439E+07,-9.94854E+01
8.21105957E+07,-1.04045E+02
8.21136475E+07,-1.01365E+02
8.21166992E+07,-1.02925E+02
8.21197510E+07,-9.63254E+01
8.21228027E+07,-9.63454E+01
8.21258545E+07,-9.82854E+01
8.21289062E+07,-9.77854E+01
8.21319580E+07,-1.00625E+02
8.21350098E+07,-1.00825E+02
8.21380615E+07,-1.11865E+02
8.21411133E+07,-9.99454E+01
8.21441650E+07,-9.63654E+01
8.21472168E+07,-9.73454E+01
8.21502686E+07,-9.56654E+01
8.21533203E+07,-9.42654E+01
8.21563721E+07,-9.44454E+01
8.21594238E+07,-9.79654E+01
8.21624756E+07,-9.45454E+01
8.21655273E+07,-9.79854E+01
8.21685791E+07,-1.16305E+02
8.21716309E+07,-1.16545E+02
8.21746826E+07,-1.07785E+02
8.21777344E+07,-1.12425E+02
8.21807861E+07,-1.07525E+02
8.21838379E+07,-1.07905E+02
8.21868896E+07,-9.89454E+01
8.21899414E+07,-1.00025E+02
8.21929932E+07,-1.01525E+02
8.21960449E+07,-1.05045E+02
8.21990967E+07,-1.00285E+02
8.22021484E+07,-1.01625E+02
8.22052002E+07,-1.18945E+02
8.22082520E+07,-1.00645E+02
8.22113037E+07,-9.83454E+01
8.22143555E+07,-1.00785E+02
8.22174072E+07,-1.04665E+02
8.22204590E+07,-9.75254E+01
8.22235107E+07,-1.00125E+02
8.22265625E+07,-1.08425E+02
8.22296143E+07,-1.08345E+02
8.22326660E+07,-1.01165E+02
8.22357178E+07,-1.14425E+02
8.22387695E+07,-9.95254E+01
8.22418213E+07,-1.05345E+02
8.22448730E+07,-1.05905E+02
8.22479248E+07,-1.00805E+02
8.22509766E+07,-9.96254E+01
8.22540283E+07,-1.01345E+02
8.22570801E+07,-1.04865E+02
8.22601318E+07,-1.00225E+02
8.22631836E+07,-1.00245E+02
8.22662354E+07,-9.65854E+01
8.22692871E+07,-9.75654E+01
8.22723389E+07,-1.06505E+02
8.22753906E+07,-9.58254E+01
8.22784424E+07,-9.84054E+01
8.22814941E+07,-1.01105E+02
8.22845459E+07,-9.99654E+01
8.22875977E+07,-9.91054E+01
8.22906494E+07,-1.00885E+02
8.22937012E+07,-1.05285E+02
8.22967529E+07,-1.01445E+02
8.22998047E+07,-1.08745E+02
8.23028564E+07,-1.16385E+02
8.23059082E+07,-1.00545E+02
8.23089600E+07,-1.05245E+02
8.23120117E+07,-9.92454E+01
8.23150635E+07,-1.02385E+02
8.23181152E+07,-1.02965E+02
8.23211670E+07,-1.10325E+02
8.23242188E+07,-9.75854E+01
8.23272705E+07,-9.57254E+01
8.23303223E+07,-1.11125E+02
8.23333740E+07,-9.85054E+01
8.23364258E+07,-9.64054E+01
8.23394775E+07,-9.40454E+01
8.23425293E+07,-9.44254E+01
8.23455811E+07,-1.07885E+02
8.23486328E+07,-9.41854E+01
8.23516846E+07,-1.04185E+02
8.23547363E+07,-9.61654E+01
8.23577881E+07,-9.91254E+01
8.23608398E+07,-1.02245E+02
8.23638916E+07,-1.10445E+02
8.23669434E+07,-9.47854E+01
8.23699951E+07,-9.53054E+01
8.23730469E+07,-9.90254E+01
8.23760986E+07,-1.02005E+02
8.23791504E+07,-1.05785E+02
8.23822021E+07,-1.01165E+02
8.23852539E+07,-1.04145E+02
8.23883057E+07,-1.10345E+02
8.23913574E+07,-1.00125E+02
8.23944092E+07,-1.09485E+02
8.23974609E+07,-1.03925E+02
8.24005127E+07,-9.85854E+01
8.24035645E+07,-9.51254E+01
8.24066162E+07,-9.60054E+01
8.24096680E+07,-1.12905E+02
8.24127197E+07,-9.77254E+01
8.24157715E+07,-9.84254E+01
8.24188232E+07,-9.95854E+01
8.24218750E+07,-1.04485E+02
8.24249268E+07,-1.04385E+02
8.24279785E+07,-1.03665E+02
8.24310303E+07,-1.00445E+02
8.24340820E+07,-1.02425E+02
8.24371338E+07,-9.85454E+01
8.24401855E+07,-9.68054E+01
8.24432373E+07,-1.02205E+02
8.24462891E+07,-1.04185E+02
8.24493408E+07,-9.64054E+01
8.24523926E+07,-9.71854E+01
8.24554443E+07,-1.10005E+02
8.24584961E+07,-9.97854E+01
8.24615479E+07,-1.05745E+02
8.24645996E+07,-1.05925E+02
8.24676514E+07,-1.04645E+02
8.24707031E+07,-1.13465E+02
8.24737549E+07,-1.03305E+02
8.24768066E+07,-1.06425E+02
8.24798584E+07,-9.79854E+01
8.24829102E+07,-9.48054E+01
8.24859619E+07,-9.55054E+01
8.24890137E+07,-1.03505E+02
8.24920654E+07,-1.19425E+02
8.24951172E+07,-1.03765E+02
8.24981689E+07,-1.02645E+02
8.25012207E+07,-1.07945E+02
8.25042725E+07,-1.14405E+02
8.25073242E+07,-9.65854E+01
8.25103760E+07,-1.03545E+02
8.25134277E+07,-9.75254E+01
8.25164795E+07,-9.68454E+01
8.25195312E+07,-9.96054E+01
8.25225830E+07,-9.67654E+01
8.25256348E+07,-9.82054E+01
8.25286865E+07,-9.82654E+01
8.25317383E+07,-9.58254E+01
8.25347900E+07,-9.96854E+01
8.25378418E+07,-1.02285E+02
8.25408936E+07,-1.05185E+02
8.25439453E+07,-1.00865E+02
8.25469971E+07,-9.88054E+01
8.25500488E+07,-9.85454E+01
8.25531006E+07,-1.03405E+02
8.25561523E+07,-1.05005E+02
8.25592041E+07,-1.02925E+02
8.25622559E+07,-9.82854E+01
8.25653076E+07,-1.07845E+02
8.25683594E+07,-1.01585E+02
8.25714111E+07,-1.00085E+02
8.25744629E+07,-1.05205E+02
8.25775146E+07,-1.01505E+02
8.25805664E+07,-1.06165E+02
8.25836182E+07,-1.12005E+02
8.25866699E+07,-1.01945E+02
8.25897217E+07,-1.00785E+02
8.25927734E+07,-9.86054E+01
8.25958252E+07,-9.60654E+01
8.25988770E+07,-9.39654E+01
8.26019287E+07,-9.87454E+01
8.26049805E+07,-1.04045E+02
8.26080322E+07,-1.04545E+02
8.26110840E+07,-1.03845E+02
8.26141357E+07,-1.11025E+02
8.26171875E+07,-1.00165E+02
8.26202393E+07,-1.03325E+02
8.26232910E+07,-1.01405E+02
8.26263428E+07,-9.79654E+01
8.26293945E+07,-9.90854E+01
8.26324463E+07,-1.04585E+02
8.26354980E+07,-1.12485E+02
8.26385498E+07,-9.65054E+01
8.26416016E+07,-9.59254E+01
8.26446533E+07,-9.66854E+01
8.26477051E+07,-1.00445E+02
8.26507568E+07,-1.01905E+02
8.26538086E+07,-9.84854E+01
8.26568604E+07,-1.00025E+02
8.26599121E+07,-1.02065E+02
8.26629639E+07,-1.12865E+02
8.26660156E+07,-9.99254E+01
8.26690674E+07,-9.60854E+01
8.26721191E+07,-1.11525E+02
8.26751709E+07,-1.00165E+02
8.26782227E+07,-1.00025E+02
8.26812744E+07,-1.00065E+02
8.26843262E+07,-1.01565E+02
8.26873779E+07,-1.04185E+02
8.26904297E+07,-9.67454E+01
8.26934814E+07,-9.45254E+01
8.26965332E+07,-9.79254E+01
8.26995850E+07,-9.78054E+01
8.27026367E+07,-9.71454E+01
8.27056885E+07,-9.94854E+01
8.27087402E+07,-1.13965E+02
8.27117920E+07,-1.10385E+02
8.27148438E+07,-9.95654E+01
8.27178955E+07,-9.45454E+01
8.27209473E+07,-9.61454E+01
8.27239990E+07,-1.03765E+02
8.27270508E+07,-1.05605E+02
8.27301025E+07,-9.79054E+01
8.27331543E+07,-9.85454E+01
8.27362061E+07,-9.69254E+01
8.27392578E+07,-1.00565E+02
8.27423096E+07,-1.02325E+02
8.27453613E+07,-9.75454E+01
8.27484131E+07,-9.84654E+01
8.27514648E+07,-1.02285E+02
8.27545166E+07,-1.17205E+02
8.27575684E+07,-1.07585E+02
8.27606201E+07,-9.56054E+01
8.27636719E+07,-9.31654E+01
8.27667236E+07,-9.73854E+01
8.27697754E+07,-1.04265E+02
8.27728271E+07,-1.04705E+02
8.27758789E+07,-1.06625E+02
8.27789307E+07,-1.11585E+02
8.27819824E+07,-1.15445E+02
8.27850342E+07,-9.51254E+01
8.27880859E+07,-9.46254E+01
8.27911377E+07,-9.61254E+01
8.27941895E+07,-9.81254E+01
8.27972412E+07,-9.79054E+01
8.28002930E+07,-9.77254E+01
8.28033447E+07,-1.02445E+02
8.28063965E+07,-1.04645E+02
8.28094482E+07,-1.03445E+02
8.28125000E+07,-1.04365E+02
8.28155518E+07,-9.74454E+01
8.28186035E+07,-1.04305E+02
8.28216553E+07,-1.11805E+02
8.28247070E+07,-1.04885E+02
8.28277588E+07,-1.02205E+02
8.28308105E+07,-1.03585E+02
8.28338623E+07,-9.77454E+01
8.28369141E+07,-1.00905E+02
8.28399658E+07,-1.01785E+02
8.28430176E+07,-9.63454E+01
8.28460693E+07,-9.67854E+01
8.28491211E+07,-9.88454E+01
8.28521729E+07,-1.02425E+02
8.28552246E+07,-9.33054E+01
8.28582764E+07,-9.32654E+01
8.28613281E+07,-9.89454E+01
8.28643799E+07,-1.01985E+02
8.28674316E+07,-9.70254E+01
8.28704834E+07,-1.00025E+02
8.28735352E+07,-1.14325E+02
8.28765869E+07,-1.02425E+02
8.28796387E+07,-1.01345E+02
8.28826904E+07,-1.05025E+02
8.28857422E+07,-1.15545E+02
8.28887939E+07,-1.03185E+02
8.28918457E+07,-9.83454E+01
8.28948975E+07,-9.79654E+01
8.28979492E+07,-9.85254E+01
8.29010010E+07,-9.58454E+01
8.29040527E+07,-9.15454E+01
8.29071045E+07,-9.25854E+01
8.29101562E+07,-1.04185E+02
8.29132080E+07,-1.07485E+02
8.29162598E+07,-1.05005E+02
8.29193115E+07,-1.01285E+02
8.29223633E+07,-9.86854E+01
8.29254150E+07,-9.95054E+01
8.29284668E+07,-1.00025E+02
8.29315186E+07,-9.56054E+01
8.29345703E+07,-9.73454E+01
8.29376221E+07,-9.63654E+01
8.29406738E+07,-1.04085E+02
8.29437256E+07,-1.07885E+02
8.29467773E+07,-1.05845E+02
8.29498291E+07,-9.73454E+01
8.29528809E+07,-9.44854E+01
8.29559326E+07,-9.90854E+01
8.29589844E+07,-1.01345E+02
8.29620361E+07,-1.02625E+02
8.29650879E+07,-9.83054E+01
8.29681396E+07,-9.49454E+01
8.29711914E+07,-9.79854E+01
8.29742432E+07,-1.02765E+02
8.29772949E+07,-9.98054E+01
8.29803467E+07,-1.02385E+02
8.29833984E+07,-1.04365E+02
8.29864502E+07,-9.88454E+01
8.29895020E+07,-9.84654E+01
8.29925537E+07,-1.04305E+02
8.29956055E+07,-9.65254E+01
8.29986572E+07,-1.00125E+02
8.30017090E+07,-1.04685E+02
8.30047607E+07,-1.06065E+02
8.30078125E+07,-1.03065E+02
8.30108643E+07,-1.10405E+02
8.30139160E+07,-1.00565E+02
8.30169678E+07,-1.03125E+02
8.30200195E+07,-1.03305E+02
8.30230713E+07,-1.03805E+02
8.30261230E+07,-1.00025E+02
8.30291748E+07,-9.87454E+01
8.30322266E+07,-9.64254E+01
8.30352783E+07,-9.67054E+01
8.30383301E+07,-9.73654E+01
8.30413818E+07,-1.09245E+02
8.30444336E+07,-1.03765E+02
8.30474854E+07,-1.07005E+02
8.30505371E+07,-1.01685E+02
8.30535889E+07,-1.08285E+02
8.30566406E+07,-9.72854E+01
8.30596924E+07,-9.44054E+01
8.30627441E+07,-9.47054E+01
8.30657959E+07,-9.29254E+01
8.30688477E+07,-9.42854E+01
8.30718994E+07,-9.83854E+01
8.30749512E+07,-1.00385E+02
8.30780029E+07,-1.00465E+02
8.30810547E+07,-1.04225E+02
8.30841064E+07,-9.97254E+01
8.30871582E+07,-9.81454E+01
8.30902100E+07,-1.05025E+02
8.30932617E+07,-1.16745E+02
8.30963135E+07,-1.15645E+02
8.30993652E+07,-1.08965E+02
8.31024170E+07,-9.58254E+01
8.31054688E+07,-9.45654E+01
8.31085205E+07,-9.78254E+01
8.31115723E+07,-1.11985E+02
8.31146240E+07,-9.67854E+01
8.31176758E+07,-9.22254E+01
8.31207275E+07,-9.54254E+01
8.31237793E+07,-9.84254E+01
8.31268311E+07,-9.75654E+01
8.31298828E+07,-1.02305E+02
8.31329346E+07,-1.04085E+02
8.31359863E+07,-9.74654E+01
8.31390381E+07,-9.91254E+01
8.31420898E+07,-1.04145E+02
8.31451416E+07,-1.06645E+02
8.31481934E+07,-1.18025E+02
8.31512451E+07,-1.02625E+02
8.31542969E+07,-9.70054E+01
8.31573486E+07,-1.05425E+02
8.31604004E+07,-9.71054E+01
8.31634521E+07,-9.83054E+01
8.31665039E+07,-1.09705E+02
8.31695557E+07,-1.06585E+02
8.31726074E+07,-9.33054E+01
8.31756592E+07,-9.22854E+01
8.31787109E+07,-9.64054E+01
8.31817627E+07,-1.10445E+02
8.31848145E+07,-1.00125E+02
8.31878662E+07,-1.07285E+02
8.31909180E+07,-1.07065E+02
8.31939697E+07,-1.13925E+02
8.31970215E+07,-1.14225E+02
8.32000732E+07,-1.00025E+02
8.32031250E+07,-9.61854E+01
8.32061768E+07,-1.04185E+02
8.32092285E+07,-9.89454E+01
8.32122803E+07,-9.87854E+01
8.32153320E+07,-9.80854E+01
8.32183838E+07,-9.99054E+01
8.32214355E+07,-1.05945E+02
8.32244873E+07,-9.74054E+01
8.32275391E+07,-9.63254E+01
8.32305908E+07,-1.00545E+02
8.32336426E+07,-1.20905E+02
8.32366943E+07,-1.02005E+02
8.32397461E+07,-9.91254E+01
8.32427979E+07,-9.70254E+01
8.32458496E+07,-9.83654E+01
8.32489014E+07,-1.02245E+02
8.32519531E+07,-1.00685E+02
8.32550049E+07,-1.15725E+02
8.32580566E+07,-1.00025E+02
8.32611084E+07,-9.56654E+01
8.32641602E+07,-1.00005E+02
8.32672119E+07,-1.02525E+02
8.32702637E+07,-1.01245E+02
8.32733154E+07,-1.17585E+02
8.32763672E+07,-1.06925E+02
8.32794189E+07,-1.10445E+02
8.32824707E+07,-1.09245E+02
8.32855225E+07,-9.97454E+01
8.32885742E+07,-9.64254E+01
8.32916260E+07,-1.02365E+02
8.32946777E+07,-1.08865E+02
8.32977295E+07,-1.00125E+02
8.33007812E+07,-9.56654E+01
8.33038330E+07,-9.80454E+01
8.33068848E+07,-1.16805E+02
8.33099365E+07,-1.02205E+02
8.33129883E+07,-1.02505E+02
8.33160400E+07,-1.03845E+02
8.33190918E+07,-1.01425E+02
8.33221436E+07,-1.02365E+02
8.33251953E+07,-1.07225E+02
8.33282471E+07,-1.00905E+02
8.33312988E+07,-1.00125E+02
8.33343506E+07,-9.99454E+01
8.33374023E+07,-1.06285E+02
8.33404541E+07,-1.01225E+02
8.33435059E+07,-1.00825E+02
8.33465576E+07,-1.03765E+02
8.33496094E+07,-9.83454E+01
8.33526611E+07,-9.93654E+01
8.33557129E+07,-1.02705E+02
8.33587646E+07,-1.10285E+02
8.33618164E+07,-9.84254E+01
8.33648682E+07,-1.00565E+02
8.33679199E+07,-1.02905E+02
8.33709717E+07,-1.13725E+02
8.33740234E+07,-1.06425E+02
8.33770752E+07,-1.01745E+02
8.33801270E+07,-9.61854E+01
8.33831787E+07,-1.11745E+02
8.33862305E+07,-9.69054E+01
8.33892822E+07,-9.57454E+01
8.33923340E+07,-1.03025E+02
8.33953857E+07,-9.90454E+01
8.33984375E+07,-9.84054E+01
8.34014893E+07,-1.04045E+02
8.34045410E+07,-1.09545E+02
8.34075928E+07,-1.04985E+02
8.34106445E+07,-9.53254E+01
8.34136963E+07,-9.53054E+01
8.34167480E+07,-9.67654E+01
8.34197998E+07,-9.44654E+01
8.34228516E+07,-9.54654E+01
8.34259033E+07,-1.00205E+02
8.34289551E+07,-1.03065E+02
8.34320068E+07,-1.04825E+02
8.34350586E+07,-1.06845E+02
8.34381104E+07,-9.89454E+01
8.34411621E+07,-9.70654E+01
8.34442139E+07,-9.63854E+01
8.34472656E+07,-1.04225E+02
8.34503174E+07,-1.02645E+02
8.34533691E+07,-1.14665E+02
8.34564209E+07,-9.84854E+01
8.34594727E+07,-9.39654E+01
8.34625244E+07,-9.28654E+01
8.34655762E+07,-1.07665E+02
8.34686279E+07,-9.83854E+01
8.34716797E+07,-9.52654E+01
8.34747314E+07,-9.29654E+01
8.34777832E+07,-9.49454E+01
8.34808350E+07,-1.00705E+02
8.34838867E+07,-1.00225E+02
8.34869385E+07,-9.42654E+01
8.34899902E+07,-9.62654E+01
8.34930420E+07,-9.56254E+01
8.34960938E+07,-9.72854E+01
8.34991455E+07,-1.04525E+02
8.35021973E+07,-1.06625E+02
8.35052490E+07,-1.02905E+02
8.35083008E+07,-1.09445E+02
8.35113525E+07,-9.95454E+01
8.35144043E+07,-1.00845E+02
8.35174561E+07,-1.02225E+02
8.35205078E+07,-1.08525E+02
8.35235596E+07,-1.02745E+02
8.35266113E+07,-9.89654E+01
8.35296631E+07,-1.00485E+02
8.35327148E+07,-9.80054E+01
8.35357666E+07,-9.76854E+01
8.35388184E+07,-1.10345E+02
8.35418701E+07,-1.00565E+02
8.35449219E+07,-9.88654E+01
8.35479736E+07,-9.40454E+01
8.35510254E+07,-9.67054E+01
8.35540771E+07,-1.00365E+02
8.35571289E+07,-1.05325E+02
8.35601807E+07,-1.00945E+02
8.35632324E+07,-9.94654E+01
8.35662842E+07,-1.08065E+02
8.35693359E+07,-1.01445E+02
8.35723877E+07,-9.47854E+01
8.35754395E+07,-9.43454E+01
8.35784912E+07,-1.03585E+02
8.35815430E+07,-1.12425E+02
8.35845947E+07,-1.17285E+02
8.35876465E+07,-1.10425E+02
8.35906982E+07,-1.01505E+02
8.35937500E+07,-9.61854E+01
8.35968018E+07,-1.01145E+02
8.35998535E+07,-1.04505E+02
8.36029053E+07,-1.02045E+02
8.36059570E+07,-9.57254E+01
8.36090088E+07,-9.92854E+01
8.36120605E+07,-1.03065E+02
8.36151123E+07,-9.82654E+01
8.36181641E+07,-1.02365E+02
8.36212158E+07,-9.75654E+01
8.36242676E+07,-1.09345E+02
8.36273193E+07,-9.53654E+01
8.36303711E+07,-9.82054E+01
8.36334229E+07,-1.00965E+02
8.36364746E+07,-1.00985E+02
8.36395264E+07,-9.69854E+01
8.36425781E+07,-1.01625E+02
8.36456299E+07,-1.08765E+02
8.36486816E+07,-1.10265E+02
8.36517334E+07,-1.00925E+02
8.36547852E+07,-1.03805E+02
8.36578369E+07,-1.04885E+02
8.36608887E+07,-1.01165E+02
8.36639404E+07,-1.09485E+02
8.36669922E+07,-1.07545E+02
8.36700439E+07,-1.02825E+02
8.36730957E+07,-1.07165E+02
8.36761475E+07,-1.03325E+02
8.36791992E+07,-9.86654E+01
8.36822510E+07,-1.04785E+02
8.36853027E+07,-1.10105E+02
8.36883545E+07,-1.12765E+02
8.36914062E+07,-9.90454E+01
8.36944580E+07,-9.94654E+01
8.36975098E+07,-1.00985E+02
8.37005615E+07,-1.07165E+02
8.37036133E+07,-1.00405E+02
8.37066650E+07,-9.76054E+01
8.37097168E+07,-9.64254E+01
8.37127686E+07,-9.41454E+01
8.37158203E+07,-9.35454E+01
8.37188721E+07,-9.43654E+01
8.37219238E+07,-9.83054E+01
8.37249756E+07,-9.54854E+01
8.37280273E+07,-9.60654E+01
8.37310791E+07,-9.89054E+01
8.37341309E+07,-9.75054E+01
8.37371826E+07,-1.01825E+02
8.37402344E+07,-1.03805E+02
8.37432861E+07,-9.96854E+01
8.37463379E+07,-1.02985E+02
8.37493896E+07,-9.73854E+01
8.37524414E+07,-1.00805E+02
8.37554932E+07,-1.04145E+02
8.37585449E+07,-1.12525E+02
8.37615967E+07,-9.73254E+01
8.37646484E+07,-9.80054E+01
8.37677002E+07,-1.00705E+02
8.37707520E+07,-1.01525E+02
8.37738037E+07,-1.01685E+02
8.37768555E+07,-1.03765E+02
8.37799072E+07,-9.93054E+01
8.37829590E+07,-9.93254E+01
8.37860107E+07,-1.08445E+02
8.37890625E+07,-1.02585E+02
8.37921143E+07,-9.86854E+01
8.37951660E+07,-9.97454E+01
8.37982178E+07,-9.60454E+01
8.38012695E+07,-9.93854E+01
8.38043213E+07,-1.01565E+02
8.38073730E+07,-1.01045E+02
8.38104248E+07,-1.02825E+02
8.38134766E+07,-1.03765E+02
8.38165283E+07,-9.80654E+01
8.38195801E+07,-9.64454E+01
8.38226318E+07,-1.02005E+02
8.38256836E+07,-1.07725E+02
8.38287354E+07,-1.00185E+02
8.38317871E+07,-1.04265E+02
8.38348389E+07,-1.06725E+02
8.38378906E+07,-1.05925E+02
8.38409424E+07,-1.05725E+02
8.38439941E+07,-1.13505E+02
8.38470459E+07,-9.92854E+01
8.38500977E+07,-9.28654E+01
8.38531494E+07,-9.39654E+01
8.38562012E+07,-9.93454E+01
8.38592529E+07,-1.01365E+02
8.38623047E+07,-1.05905E+02
8.38653564E+07,-1.00665E+02
8.38684082E+07,-1.02365E+02
8.38714600E+07,-9.94454E+01
8.38745117E+07,-1.03805E+02
8.38775635E+07,-1.04505E+02
8.38806152E+07,-1.01525E+02
8.38836670E+07,-1.03585E+02
8.38867188E+07,-9.69254E+01
8.38897705E+07,-9.93254E+01
8.38928223E+07,-1.01705E+02
8.38958740E+07,-1.04285E+02
8.38989258E+07,-1.19305E+02
8.39019775E+07,-1.00165E+02
8.39050293E+07,-9.89854E+01
8.39080811E+07,-9.94854E+01
8.39111328E+07,-1.16625E+02
8.39141846E+07,-1.01525E+02
8.39172363E+07,-1.02165E+02
8.39202881E+07,-1.00885E+02
8.39233398E+07,-9.50454E+01
8.39263916E+07,-9.84254E+01
8.39294434E+07,-1.02965E+02
8.39324951E+07,-9.85454E+01
8.39355469E+07,-9.84454E+01
8.39385986E+07,-1.07205E+02
8.39416504E+07,-9.69254E+01
8.39447021E+07,-9.36654E+01
8.39477539E+07,-9.33654E+01
8.39508057E+07,-9.49654E+01
8.39538574E+07,-9.74054E+01
8.39569092E+07,-1.03265E+02
8.39599609E+07,-1.00745E+02
8.39630127E+07,-1.01565E+02
8.39660645E+07,-9.37654E+01
8.39691162E+07,-1.02485E+02
8.39721680E+07,-1.02865E+02
8.39752197E+07,-1.13185E+02
8.39782715E+07,-1.08085E+02
8.39813232E+07,-1.03965E+02
8.39843750E+07,-1.06585E+02
8.39874268E+07,-1.00185E+02
8.39904785E+07,-1.03265E+02
8.39935303E+07,-1.03065E+02
8.39965820E+07,-1.02325E+02
8.39996338E+07,-1.03545E+02
8.40026855E+07,-1.00465E+02
8.40057373E+07,-1.04485E+02
8.40087891E+07,-9.89454E+01
8.40118408E+07,-9.78054E+01
8.40148926E+07,-9.96654E+01
8.40179443E+07,-1.02365E+02
8.40209961E+07,-9.94054E+01
8.40240479E+07,-9.67854E+01
8.40270996E+07,-1.02045E+02
8.40301514E+07,-1.27865E+02
8.40332031E+07,-1.00185E+02
8.40362549E+07,-9.96054E+01
8.40393066E+07,-1.04365E+02
8.40423584E+07,-1.07425E+02
8.40454102E+07,-1.01985E+02
8.40484619E+07,-1.00205E+02
8.40515137E+07,-1.05365E+02
8.40545654E+07,-9.68254E+01
8.40576172E+07,-9.91654E+01
8.40606689E+07,-1.00945E+02
8.40637207E+07,-1.08565E+02
8.40667725E+07,-1.05925E+02
8.40698242E+07,-9.72854E+01
8.40728760E+07,-1.03305E+02
8.40759277E+07,-9.99054E+01
8.40789795E+07,-9.40054E+01
8.40820312E+07,-9.86854E+01
8.40850830E+07,-9.74254E+01
8.40881348E+07,-9.99454E+01
8.40911865E+07,-1.04085E+02
8.40942383E+07,-1.02705E+02
8.40972900E+07,-1.03265E+02
8.41003418E+07,-9.43654E+01
8.41033936E+07,-1.00085E+02
8.41064453E+07,-9.81654E+01
8.41094971E+07,-9.83054E+01
8.41125488E+07,-9.85254E+01
8.41156006E+07,-9.50454E+01
8.41186523E+07,-9.86654E+01
8.41217041E+07,-9.58654E+01
8.41247559E+07,-9.35454E+01
8.41278076E+07,-9.61654E+01
8.41308594E+07,-1.09905E+02
8.41339111E+07,-9.50254E+01
8.41369629E+07,-9.65054E+01
8.41400146E+07,-1.01145E+02
8.41430664E+07,-9.57854E+01
8.41461182E+07,-9.73054E+01
8.41491699E+07,-9.73654E+01
8.41522217E+07,-1.04265E+02
8.41552734E+07,-1.01505E+02
8.41583252E+07,-9.91054E+01
8.41613770E+07,-1.06485E+02
8.41644287E+07,-1.02625E+02
8.41674805E+07,-9.71454E+01
8.41705322E+07,-1.01185E+02
8.41735840E+07,-9.46054E+01
8.41766357E+07,-1.00365E+02
8.41796875E+07,-1.08045E+02
8.41827393E+07,-1.03705E+02
8.41857910E+07,-1.11945E+02
8.41888428E+07,-1.14725E+02
8.41918945E+07,-1.13765E+02
8.41949463E+07,-1.08425E+02
8.41979980E+07,-1.02245E+02
8.42010498E+07,-1.00785E+02
8.42041016E+07,-1.02765E+02
8.42071533E+07,-1.00705E+02
8.42102051E+07,-9.88654E+01
8.42132568E+07,-9.85454E+01
8.42163086E+07,-1.02825E+02
8.42193604E+07,-1.04625E+02
8.42224121E+07,-1.01785E+02
8.42254639E+07,-1.11185E+02
8.42285156E+07,-1.06025E+02
8.42315674E+07,-9.97054E+01
8.42346191E+07,-1.13465E+02
8.42376709E+07,-1.03505E+02
8.42407227E+07,-1.09665E+02
8.42437744E+07,-1.05305E+02
8.42468262E+07,-1.05745E+02
8.42498779E+07,-9.91454E+01
8.42529297E+07,-9.60254E+01
8.42559814E+07,-9.88054E+01
8.42590332E+07,-1.05885E+02
8.42620850E+07,-9.51454E+01
8.42651367E+07,-9.91654E+01
8.42681885E+07,-9.99054E+01
8.42712402E+07,-9.31654E+01
8.42742920E+07,-9.06054E+01
8.42773438E+07,-9.16454E+01
8.42803955E+07,-9.46254E+01
8.42834473E+07,-9.52454E+01
8.42864990E+07,-9.77254E+01
8.42895508E+07,-9.73654E+01
8.42926025E+07,-9.86854E+01
8.42956543E+07,-1.04265E+02
8.42987061E+07,-1.05105E+02
8.43017578E+07,-1.06245E+02
8.43048096E+07,-1.13165E+02
8.43078613E+07,-1.12705E+02
8.43109131E+07,-9.71054E+01
8.43139648E+07,-1.14085E+02
8.43170166E+07,-9.60854E+01
8.43200684E+07,-9.85854E+01
8.43231201E+07,-9.76254E+01
8.43261719E+07,-9.38854E+01
8.43292236E+07,-1.00025E+02
8.43322754E+07,-1.08585E+02
8.43353271E+07,-1.01385E+02
8.43383789E+07,-9.82854E+01
8.43414307E+07,-9.79854E+01
8.43444824E+07,-9.93854E+01
8.43475342E+07,-9.98654E+01
8.43505859E+07,-1.02085E+02
8.43536377E+07,-1.04885E+02
8.43566895E+07,-9.66854E+01
8.43597412E+07,-1.00465E+02
8.43627930E+07,-9.70854E+01
8.43658447E+07,-9.22854E+01
8.43688965E+07,-9.30254E+01
8.43719482E+07,-1.01745E+02
8.43750000E+07,-1.01145E+02
8.43780518E+07,-9.50054E+01
8.43811035E+07,-9.20654E+01
8.43841553E+07,-9.30254E+01
8.43872070E+07,-1.00005E+02
8.43902588E+07,-9.90854E+01
8.43933105E+07,-1.06325E+02
8.43963623E+07,-1.06865E+02
8.43994141E+07,-9.94254E+01
8.44024658E+07,-1.05725E+02
8.44055176E+07,-1.10945E+02
8.44085693E+07,-1.09305E+02
8.44116211E+07,-1.00725E+02
8.44146729E+07,-9.58854E+01
8.44177246E+07,-9.11654E+01
8.44207764E+07,-9.40054E+01
8.44238281E+07,-1.09465E+02
8.44268799E+07,-1.03445E+02
8.44299316E+07,-1.06265E+02
8.44329834E+07,-1.01085E+02
8.44360352E+07,-9.92054E+01
8.44390869E+07,-9.76254E+01
8.44421387E+07,-1.01445E+02
8.44451904E+07,-1.01165E+02
8.44482422E+07,-1.10485E+02
8.44512939E+07,-9.75054E+01
8.44543457E+07,-9.58654E+01
8.44573975E+07,-9.30654E+01
8.44604492E+07,-9.41454E+01
8.44635010E+07,-1.05005E+02
8.44665527E+07,-1.02965E+02
8.44696045E+07,-1.04045E+02
8.44726562E+07,-1.00045E+02
8.44757080E+07,-9.90054E+01
8.44787598E+07,-1.07065E+02
8.44818115E+07,-9.84254E+01
8.44848633E+07,-9.71654E+01
8.44879150E+07,-9.79854E+01
8.44909668E+07,-9.86854E+01
8.44940186E+07,-1.01685E+02
8.44970703E+07,-9.60054E+01
8.45001221E+07,-9.40454E+01
8.45031738E+07,-9.67454E+01
8.45062256E+07,-1.05285E+02
8.45092773E+07,-9.60454E+01
8.45123291E+07,-9.92454E+01
8.45153809E+07,-9.71454E+01
8.45184326E+07,-9.78854E+01
8.45214844E+07,-1.01285E+02
8.45245361E+07,-1.03545E+02
8.45275879E+07,-9.74854E+01
8.45306396E+07,-1.07525E+02
8.45336914E+07,-9.62454E+01
8.45367432E+07,-9.66854E+01
8.45397949E+07,-1.03185E+02
8.45428467E+07,-1.12305E+02
8.45458984E+07,-1.10005E+02
8.45489502E+07,-1.10905E+02
8.45520020E+07,-9.99854E+01
8.45550537E+07,-1.01865E+02
8.45581055E+07,-1.04925E+02
8.45611572E+07,-1.05965E+02
8.45642090E+07,-1.04005E+02
8.45672607E+07,-1.05285E+02
8.45703125E+07,-1.01645E+02
8.45733643E+07,-9.89654E+01
8.45764160E+07,-1.03885E+02
8.45794678E+07,-1.06225E+02
8.45825195E+07,-1.03805E+02
8.45855713E+07,-9.99854E+01
8.45886230E+07,-1.00225E+02
8.45916748E+07,-1.04265E+02
8.45947266E+07,-1.03585E+02
8.45977783E+07,-9.79654E+01
8.46008301E+07,-1.06685E+02
8.46038818E+07,-9.76654E+01
8.46069336E+07,-9.89854E+01
8.46099854E+07,-1.04965E+02
8.46130371E+07,-1.01045E+02
8.46160889E+07,-9.92054E+01
8.46191406E+07,-9.54454E+01
8.46221924E+07,-9.46654E+01
8.46252441E+07,-1.04425E+02
8.46282959E+07,-1.08225E+02
8.46313477E+07,-1.00645E+02
8.46343994E+07,-9.91054E+01
8.46374512E+07,-1.10625E+02
8.46405029E+07,-1.03965E+02
8.46435547E+07,-1.06445E+02
8.46466064E+07,-1.10705E+02
8.46496582E+07,-9.77654E+01
8.46527100E+07,-9.49454E+01
8.46557617E+07,-9.68854E+01
8.46588135E+07,-9.63654E+01
8.46618652E+07,-1.02305E+02
8.46649170E+07,-9.35054E+01
8.46679688E+07,-9.73254E+01
8.46710205E+07,-1.11625E+02
8.46740723E+07,-9.62854E+01
8.46771240E+07,-9.75054E+01
8.46801758E+07,-9.76054E+01
8.46832275E+07,-9.60454E+01
8.46862793E+07,-9.23254E+01
8.46893311E+07,-9.24854E+01
8.46923828E+07,-9.55254E+01
8.46954346E+07,-9.72854E+01
8.46984863E+07,-9.79054E+01
8.47015381E+07,-1.04005E+02
8.47045898E+07,-1.25125E+02
8.47076416E+07,-1.13305E+02
8.47106934E+07,-1.01585E+02
8.47137451E+07,-1.00905E+02
8.47167969E+07,-9.67854E+01
8.47198486E+07,-9.65254E+01
8.47229004E+07,-1.04265E+02
8.47259521E+07,-1.05085E+02
8.47290039E+07,-1.14345E+02
8.47320557E+07,-1.05665E+02
8.47351074E+07,-1.04085E+02
8.47381592E+07,-9.99454E+01
8.47412109E+07,-9.77054E+01
8.47442627E+07,-9.90654E+01
8.47473145E+07,-1.00925E+02
8.47503662E+07,-9.87054E+01
8.47534180E+07,-9.72854E+01
8.47564697E+07,-9.67854E+01
8.47595215E+07,-9.76854E+01
8.47625732E+07,-1.05565E+02
8.47656250E+07,-1.02965E+02
8.47686768E+07,-1.07245E+02
8.47717285E+07,-1.15165E+02
8.47747803E+07,-1.04705E+02
8.47778320E+07,-1.01905E+02
8.47808838E+07,-9.73854E+01
8.47839355E+07,-9.75654E+01
8.47869873E+07,-9.80254E+01
8.47900391E+07,-1.04285E+02
8.47930908E+07,-1.01685E+02
8.47961426E+07,-9.62054E+01
8.47991943E+07,-9.76454E+01
8.48022461E+07,-1.12145E+02
8.48052979E+07,-9.65054E+01
8.48083496E+07,-9.84054E+01
8.48114014E+07,-1.10085E+02
8.48144531E+07,-1.06365E+02
8.48175049E+07,-1.03845E+02
8.48205566E+07,-1.06865E+02
8.48236084E+07,-9.46654E+01
8.48266602E+07,-9.73054E+01
8.48297119E+07,-1.03185E+02
8.48327637E+07,-1.08145E+02
8.48358154E+07,-1.04145E+02
8.48388672E+07,-9.79254E+01
8.48419189E+07,-9.57054E+01
8.48449707E+07,-9.56854E+01
8.48480225E+07,-9.68254E+01
8.48510742E+07,-9.54854E+01
8.48541260E+07,-9.47654E+01
8.48571777E+07,-9.77054E+01
8.48602295E+07,-1.05465E+02
8.48632812E+07,-1.02705E+02
8.48663330E+07,-1.05585E+02
8.48693848E+07,-9.74054E+01
8.48724365E+07,-9.23054E+01
8.48754883E+07,-9.19654E+01
8.48785400E+07,-9.50854E+01
8.48815918E+07,-1.02425E+02
8.48846436E+07,-1.04085E+02
8.48876953E+07,-9.76854E+01
8.48907471E+07,-9.90854E+01
8.48937988E+07,-1.02045E+02
8.48968506E+07,-1.03665E+02
8.48999023E+07,-1.00245E+02
8.49029541E+07,-1.09045E+02
8.49060059E+07,-1.00465E+02
8.49090576E+07,-1.02085E+02
8.49121094E+07,-1.01205E+02
8.49151611E+07,-1.02325E+02
8.49182129E+07,-1.04545E+02
8.49212646E+07,-1.01285E+02
8.49243164E+07,-1.07205E+02
8.49273682E+07,-1.01405E+02
8.49304199E+07,-1.04585E+02
8.49334717E+07,-1.06445E+02
8.49365234E+07,-1.01745E+02
8.49395752E+07,-9.89254E+01
8.49426270E+07,-9.68254E+01
8.49456787E+07,-1.01805E+02
8.49487305E+07,-1.11245E+02
8.49517822E+07,-1.05525E+02
8.49548340E+07,-9.98254E+01
8.49578857E+07,-9.44054E+01
8.49609375E+07,-9.45454E+01
8.49639893E+07,-9.61454E+01
8.49670410E+07,-9.60454E+01
8.49700928E+07,-1.00125E+02
8.49731445E+07,-9.84054E+01
8.49761963E+07,-9.54454E+01
8.49792480E+07,-9.81454E+01
8.49822998E+07,-1.00765E+02
8.49853516E+07,-9.72254E+01
8.49884033E+07,-1.02085E+02
8.49914551E+07,-1.12045E+02
8.49945068E+07,-1.10605E+02
8.49975586E+07,-1.06585E+02
8.50006104E+07,-1.00285E+02
8.50036621E+07,-9.69854E+01
8.50067139E+07,-9.58654E+01
8.50097656E+07,-1.01385E+02
8.50128174E+07,-1.08465E+02
8.50158691E+07,-1.14965E+02
8.50189209E+07,-1.07665E+02
8.50219727E+07,-1.08825E+02
8.50250244E+07,-1.04005E+02
8.50280762E+07,-9.98454E+01
8.50311279E+07,-1.00245E+02
8.50341797E+07,-1.04765E+02
8.50372314E+07,-1.08145E+02
8.50402832E+07,-1.05205E+02
8.50433350E+07,-1.00145E+02
8.50463867E+07,-9.71454E+01
8.50494385E+07,-1.17805E+02
8.50524902E+07,-9.85654E+01
8.50555420E+07,-1.03125E+02
8.50585938E+07,-1.21445E+02
8.50616455E+07,-1.10305E+02
8.50646973E+07,-9.95054E+01
8.50677490E+07,-9.62054E+01
8.50708008E+07,-9.68054E+01
8.50738525E+07,-9.71254E+01
8.50769043E+07,-9.72854E+01
8.50799561E+07,-1.00625E+02
8.50830078E+07,-1.10465E+02
8.50860596E+07,-1.03025E+02
8.50891113E+07,-9.75254E+01
8.50921631E+07,-9.86054E+01
8.50952148E+07,-1.02925E+02
8.50982666E+07,-1.06005E+02
8.51013184E+07,-9.63854E+01
8.51043701E+07,-9.72654E+01
8.51074219E+07,-9.94654E+01
8.51104736E+07,-9.49854E+01
8.51135254E+07,-9.57854E+01
8.51165771E+07,-1.04365E+02
8.51196289E+07,-9.93054E+01
8.51226807E+07,-1.12645E+02
8.51257324E+07,-1.06205E+02
8.51287842E+07,-1.04225E+02
8.51318359E+07,-9.92454E+01
8.51348877E+07,-1.01305E+02
8.51379395E+07,-1.07045E+02
8.51409912E+07,-1.09305E+02
8.51440430E+07,-1.03165E+02
8.51470947E+07,-1.03965E+02
8.51501465E+07,-1.12205E+02
8.51531982E+07,-1.10865E+02
8.51562500E+07,-9.95854E+01
8.51593018E+07,-9.61854E+01
8.51623535E+07,-9.89254E+01
8.51654053E+07,-1.10365E+02
8.51684570E+07,-9.59854E+01
8.51715088E+07,-9.93054E+01
8.51745605E+07,-1.13765E+02
8.51776123E+07,-1.12165E+02
8.51806641E+07,-1.02385E+02
8.51837158E+07,-9.77254E+01
8.51867676E+07,-1.09885E+02
8.51898193E+07,-1.01585E+02
8.51928711E+07,-1.10945E+02
8.51959229E+07,-9.65854E+01
8.51989746E+07,-9.85454E+01
8.52020264E+07,-9.75654E+01
8.52050781E+07,-9.64654E+01
8.52081299E+07,-9.94854E+01
8.52111816E+07,-1.01405E+02
8.52142334E+07,-1.06865E+02
8.52172852E+07,-1.05165E+02
8.52203369E+07,-9.89854E+01
8.52233887E+07,-9.91654E+01
8.52264404E+07,-1.00725E+02
8.52294922E+07,-9.99054E+01
8.52325439E+07,-9.97254E+01
8.52355957E+07,-9.82054E+01
8.52386475E+07,-9.90054E+01
8.52416992E+07,-1.06745E+02
8.52447510E+07,-9.69854E+01
8.52478027E+07,-1.02485E+02
8.52508545E+07,-1.02925E+02
8.52539062E+07,-1.02385E+02
8.52569580E+07,-9.69454E+01
8.52600098E+07,-1.02305E+02
8.52630615E+07,-1.00465E+02
8.52661133E+07,-9.78054E+01
8.52691650E+07,-1.00545E+02
8.52722168E+07,-1.04185E+02
8.52752686E+07,-9.85054E+01
8.52783203E+07,-9.70054E+01
8.52813721E+07,-9.74254E+01
8.52844238E+07,-9.81654E+01
8.52874756E+07,-1.02625E+02
8.52905273E+07,-1.00645E+02
8.52935791E+07,-9.86054E+01
8.52966309E+07,-1.03085E+02
8.52996826E+07,-1.07005E+02
8.53027344E+07,-9.88654E+01
8.53057861E+07,-9.25654E+01
8.53088379E+07,-9.35054E+01
8.53118896E+07,-1.01105E+02
8.53149414E+07,-9.72054E+01
8.53179932E+07,-9.44054E+01
8.53210449E+07,-9.45054E+01
8.53240967E+07,-9.47654E+01
8.53271484E+07,-9.77854E+01
8.53302002E+07,-1.03805E+02
8.53332520E+07,-1.01245E+02
8.53363037E+07,-9.83854E+01
8.53393555E+07,-9.69054E+01
8.53424072E+07,-9.33254E+01
8.53454590E+07,-9.56654E+01
8.53485107E+07,-1.09045E+02
8.53515625E+07,-1.00225E+02
8.53546143E+07,-1.03885E+02
8.53576660E+07,-1.02425E+02
8.53607178E+07,-9.80454E+01
8.53637695E+07,-9.55654E+01
8.53668213E+07,-9.73854E+01
8.53698730E+07,-1.00625E+02
8.53729248E+07,-9.78054E+01
8.53759766E+07,-9.71254E+01
8.53790283E+07,-9.71054E+01
8.53820801E+07,-9.89454E+01
8.53851318E+07,-1.00385E+02
8.53881836E+07,-9.75854E+01
8.53912354E+07,-1.04145E+02
8.53942871E+07,-1.03405E+02
8.53973389E+07,-1.14885E+02
8.54003906E+07,-1.04225E+02
8.54034424E+07,-1.05505E+02
8.54064941E+07,-9.82054E+01
8.54095459E+07,-1.00025E+02
8.54125977E+07,-9.80054E+01
8.54156494E+07,-9.61454E+01
8.54187012E+07,-9.81054E+01
8.54217529E+07,-1.01445E+02
8.54248047E+07,-1.07425E+02
8.54278564E+07,-1.00825E+02
8.54309082E+07,-1.05565E+02
8.54339600E+07,-9.95654E+01
8.54370117E+07,-9.77854E+01
8.54400635E+07,-1.03965E+02
8.54431152E+07,-1.01425E+02
8.54461670E+07,-9.48454E+01
8.54492188E+07,-9.86054E+01
8.54522705E+07,-1.01545E+02
8.54553223E+07,-9.80654E+01
8.54583740E+07,-1.03265E+02
8.54614258E+07,-1.02985E+02
8.54644775E+07,-9.76854E+01
8.54675293E+07,-9.79854E+01
8.54705811E+07,-1.00425E+02
8.54736328E+07,-9.74254E+01
8.54766846E+07,-9.71654E+01
8.54797363E+07,-1.07725E+02
8.54827881E+07,-1.10985E+02
8.54858398E+07,-1.04225E+02
8.54888916E+07,-1.00525E+02
8.54919434E+07,-9.98654E+01
8.54949951E+07,-9.22854E+01
8.54980469E+07,-9.01854E+01
8.55010986E+07,-9.35054E+01
8.55041504E+07,-1.08505E+02
8.55072021E+07,-1.01685E+02
8.55102539E+07,-1.07505E+02
8.55133057E+07,-1.04185E+02
8.55163574E+07,-1.00765E+02
8.55194092E+07,-9.97254E+01
8.55224609E+07,-1.07585E+02
8.55255127E+07,-1.05285E+02
8.55285645E+07,-1.02165E+02
8.55316162E+07,-9.91054E+01
8.55346680E+07,-1.01665E+02
8.55377197E+07,-1.02485E+02
8.55407715E+07,-9.66854E+01
8.55438232E+07,-9.50654E+01
8.55468750E+07,-1.00845E+02
8.55499268E+07,-1.08025E+02
8.55529785E+07,-9.97854E+01
8.55560303E+07,-9.77054E+01
8.55590820E+07,-1.00505E+02
8.55621338E+07,-9.75654E+01
8.55651855E+07,-9.97854E+01
8.55682373E+07,-1.08045E+02
8.55712891E+07,-1.08465E+02
8.55743408E+07,-1.01785E+02
8.55773926E+07,-9.86254E+01
8.55804443E+07,-9.84854E+01
8.55834961E+07,-1.00025E+02
8.55865479E+07,-9.74254E+01
8.55895996E+07,-1.00985E+02
8.55926514E+07,-9.62254E+01
8.55957031E+07,-9.48454E+01
8.55987549E+07,-9.44254E+01
8.56018066E+07,-9.70054E+01
8.56048584E+07,-1.08225E+02
8.56079102E+07,-1.05305E+02
8.56109619E+07,-9.72254E+01
8.56140137E+07,-9.10454E+01
8.56170654E+07,-9.17654E+01
8.56201172E+07,-1.02525E+02
8.56231689E+07,-1.01045E+02
8.56262207E+07,-9.53454E+01
8.56292725E+07,-9.54654E+01
8.56323242E+07,-1.00425E+02
8.56353760E+07,-9.98454E+01
8.56384277E+07,-1.03725E+02
8.56414795E+07,-1.01405E+02
8.56445312E+07,-9.67054E+01
8.56475830E+07,-9.93054E+01
8.56506348E+07,-9.98854E+01
8.56536865E+07,-1.02065E+02
8.56567383E+07,-1.06225E+02
8.56597900E+07,-1.02625E+02
8.56628418E+07,-9.97854E+01
8.56658936E+07,-9.76854E+01
8.56689453E+07,-9.73054E+01
8.56719971E+07,-9.86254E+01
8.56750488E+07,-9.81454E+01
8.56781006E+07,-1.04945E+02
8.56811523E+07,-1.06885E+02
8.56842041E+07,-1.07065E+02
8.56872559E+07,-1.02745E+02
8.56903076E+07,-1.07225E+02
8.56933594E+07,-1.08285E+02
8.56964111E+07,-1.12645E+02
8.56994629E+07,-1.03665E+02
8.57025146E+07,-9.80854E+01
8.57055664E+07,-1.03545E+02
8.57086182E+07,-1.12425E+02
8.57116699E+07,-1.05605E+02
8.57147217E+07,-1.09585E+02
8.57177734E+07,-9.95454E+01
8.57208252E+07,-9.94854E+01
8.57238770E+07,-9.45654E+01
8.57269287E+07,-9.75054E+01
8.57299805E+07,-9.95054E+01
8.57330322E+07,-1.01825E+02
8.57360840E+07,-9.82454E+01
8.57391357E+07,-9.57654E+01
8.57421875E+07,-9.45454E+01
8.57452393E+07,-1.12565E+02
8.57482910E+07,-9.88254E+01
8.57513428E+07,-1.01865E+02
8.57543945E+07,-1.01165E+02
8.57574463E+07,-9.36654E+01
8.57604980E+07,-9.61254E+01
8.57635498E+07,-1.08065E+02
8.57666016E+07,-1.13585E+02
8.57696533E+07,-9.87654E+01
8.57727051E+07,-1.00225E+02
8.57757568E+07,-1.09565E+02
8.57788086E+07,-1.00225E+02
8.57818604E+07,-9.85654E+01
8.57849121E+07,-1.01385E+02
8.57879639E+07,-9.63054E+01
8.57910156E+07,-9.44854E+01
8.57940674E+07,-1.02645E+02
8.57971191E+07,-1.05225E+02
8.58001709E+07,-1.07825E+02
8.58032227E+07,-1.03405E+02
8.58062744E+07,-1.03585E+02
8.58093262E+07,-1.21585E+02
8.58123779E+07,-1.09205E+02
8.58154297E+07,-1.01205E+02
8.58184814E+07,-1.01905E+02
8.58215332E+07,-9.91254E+01
8.58245850E+07,-9.98654E+01
8.58276367E+07,-9.78054E+01
8.58306885E+07,-9.67254E+01
8.58337402E+07,-1.00245E+02
8.58367920E+07,-9.74654E+01
8.58398438E+07,-9.62054E+01
8.58428955E+07,-9.50654E+01
8.58459473E+07,-1.02505E+02
8.58489990E+07,-1.03885E+02
8.58520508E+07,-1.00005E+02
8.58551025E+07,-1.09865E+02
8.58581543E+07,-9.90254E+01
8.58612061E+07,-1.03065E+02
8.58642578E+07,-1.03085E+02
8.58673096E+07,-9.97054E+01
8.58703613E+07,-1.00125E+02
8.58734131E+07,-1.08325E+02
8.58764648E+07,-1.03585E+02
8.58795166E+07,-1.02925E+02
8.58825684E+07,-1.12365E+02
8.58856201E+07,-1.03025E+02
8.58886719E+07,-9.38854E+01
8.58917236E+07,-9.49454E+01
8.58947754E+07,-9.86254E+01
8.58978271E+07,-9.61054E+01
8.59008789E+07,-9.94854E+01
8.59039307E+07,-1.04425E+02
8.59069824E+07,-1.01485E+02
8.59100342E+07,-1.06105E+02
8.59130859E+07,-1.12305E+02
8.59161377E+07,-1.06545E+02
8.59191895E+07,-1.07425E+02
8.59222412E+07,-9.77854E+01
8.59252930E+07,-1.09665E+02
8.59283447E+07,-1.01785E+02
8.59313965E+07,-1.06125E+02
8.59344482E+07,-1.04865E+02
8.59375000E+07,-1.08585E+02
8.59405518E+07,-1.01905E+02
8.59436035E+07,-1.03365E+02
8.59466553E+07,-9.63254E+01
8.59497070E+07,-9.71254E+01
8.59527588E+07,-1.11205E+02
8.59558105E+07,-9.90054E+01
8.59588623E+07,-1.00025E+02
8.59619141E+07,-1.05825E+02
8.59649658E+07,-1.02225E+02
8.59680176E+07,-1.01045E+02
8.59710693E+07,-9.82854E+01
8.59741211E+07,-1.00105E+02
8.59771729E+07,-1.03965E+02
8.59802246E+07,-9.57254E+01
8.59832764E+07,-9.56654E+01
8.59863281E+07,-9.48454E+01
8.59893799E+07,-9.50654E+01
8.59924316E+07,-1.08185E+02
8.59954834E+07,-9.86654E+01
8.59985352E+07,-1.01285E+02
8.60015869E+07,-1.09305E+02
8.60046387E+07,-1.05365E+02
8.60076904E+07,-1.06565E+02
8.60107422E+07,-1.06245E+02
8.60137939E+07,-1.20385E+02
8.60168457E+07,-1.08005E+02
8.60198975E+07,-1.03965E+02
8.60229492E+07,-9.64054E+01
8.60260010E+07,-9.29654E+01
8.60290527E+07,-1.02985E+02
8.60321045E+07,-1.00365E+02
8.60351562E+07,-9.71854E+01
8.60382080E+07,-9.96054E+01
8.60412598E+07,-1.00085E+02
8.60443115E+07,-1.01005E+02
8.60473633E+07,-9.57654E+01
8.60504150E+07,-9.70854E+01
8.60534668E+07,-9.92054E+01
8.60565186E+07,-9.68454E+01
8.60595703E+07,-1.00445E+02
8.60626221E+07,-9.98654E+01
8.60656738E+07,-9.97254E+01
8.60687256E+07,-1.02485E+02
8.60717773E+07,-1.16705E+02
8.60748291E+07,-1.10925E+02
8.60778809E+07,-1.20785E+02
8.60809326E+07,-1.00645E+02
8.60839844E+07,-1.02865E+02
8.60870361E+07,-1.08865E+02
8.60900879E+07,-9.97254E+01
8.60931396E+07,-1.01385E+02
8.60961914E+07,-1.06025E+02
8.60992432E+07,-1.05285E+02
8.61022949E+07,-1.05605E+02
8.61053467E+07,-1.01025E+02
8.61083984E+07,-1.04385E+02
8.61114502E+07,-1.02905E+02
8.61145020E+07,-9.58854E+01
8.61175537E+07,-9.79254E+01
8.61206055E+07,-1.04545E+02
8.61236572E+07,-1.03505E+02
8.61267090E+07,-1.05025E+02
8.61297607E+07,-1.07005E+02
8.61328125E+07,-1.02325E+02
8.61358643E+07,-1.01485E+02
8.61389160E+07,-1.08985E+02
8.61419678E+07,-1.10545E+02
8.61450195E+07,-1.07025E+02
8.61480713E+07,-1.10825E+02
8.61511230E+07,-1.02705E+02
8.61541748E+07,-9.68854E+01
8.61572266E+07,-1.04605E+02
8.61602783E+07,-1.03965E+02
8.61633301E+07,-1.03025E+02
8.61663818E+07,-1.04045E+02
8.61694336E+07,-1.05985E+02
8.61724854E+07,-1.02125E+02
8.61755371E+07,-9.88654E+01
8.61785889E+07,-9.86254E+01
8.61816406E+07,-1.00085E+02
8.61846924E+07,-9.72654E+01
8.61877441E+07,-1.03885E+02
8.61907959E+07,-1.05705E+02
8.61938477E+07,-9.61254E+01
8.61968994E+07,-9.48454E+01
8.61999512E+07,-1.01665E+02
8.62030029E+07,-1.02765E+02
8.62060547E+07,-9.81454E+01
8.62091064E+07,-9.92054E+01
8.62121582E+07,-1.08005E+02
8.62152100E+07,-9.78254E+01
8.62182617E+07,-9.89854E+01
8.62213135E+07,-1.12505E+02
8.62243652E+07,-9.83254E+01
8.62274170E+07,-9.85854E+01
8.62304688E+07,-1.02365E+02
8.62335205E+07,-1.01205E+02
8.62365723E+07,-1.01065E+02
8.62396240E+07,-1.01385E+02
8.62426758E+07,-1.00685E+02
8.62457275E+07,-1.08065E+02
8.62487793E+07,-1.03125E+02
8.62518311E+07,-9.48454E+01
8.62548828E+07,-9.37054E+01
8.62579346E+07,-9.45254E+01
8.62609863E+07,-9.65654E+01
8.62640381E+07,-1.07985E+02
8.62670898E+07,-1.02285E+02
8.62701416E+07,-9.44054E+01
8.62731934E+07,-9.53654E+01
8.62762451E+07,-1.00545E+02
8.62792969E+07,-9.94654E+01
8.62823486E+07,-9.70054E+01
8.62854004E+07,-1.02005E+02
8.62884521E+07,-9.48254E+01
8.62915039E+07,-1.06365E+02
8.62945557E+07,-1.04345E+02
8.62976074E+07,-1.13765E+02
8.63006592E+07,-9.88054E+01
8.63037109E+07,-9.40054E+01
8.63067627E+07,-9.79254E+01
8.63098145E+07,-1.22905E+02
8.63128662E+07,-9.57254E+01
8.63159180E+07,-9.25654E+01
8.63189697E+07,-9.28054E+01
8.63220215E+07,-9.86654E+01
8.63250732E+07,-9.74454E+01
8.63281250E+07,-9.69654E+01
8.63311768E+07,-9.86454E+01
8.63342285E+07,-9.93654E+01
8.63372803E+07,-9.67854E+01
8.63403320E+07,-9.78654E+01
8.63433838E+07,-1.01325E+02
8.63464355E+07,-1.07745E+02
8.63494873E+07,-9.59854E+01
8.63525391E+07,-9.90054E+01
8.63555908E+07,-9.87254E+01
8.63586426E+07,-9.62254E+01
8.63616943E+07,-9.86854E+01
8.63647461E+07,-1.07205E+02
8.63677979E+07,-9.88454E+01
8.63708496E+07,-1.02445E+02
8.63739014E+07,-9.87054E+01
8.63769531E+07,-1.00045E+02
8.63800049E+07,-1.02225E+02
8.63830566E+07,-9.57654E+01
8.63861084E+07,-9.86254E+01
8.63891602E+07,-1.01045E+02
8.63922119E+07,-1.05005E+02
8.63952637E+07,-9.48854E+01
8.63983154E+07,-9.35854E+01
8.64013672E+07,-9.65254E+01
8.64044189E+07,-9.83454E+01
8.64074707E+07,-9.60454E+01
8.64105225E+07,-1.05985E+02
8.64135742E+07,-1.02385E+02
8.64166260E+07,-1.03265E+02
8.64196777E+07,-1.03325E+02
8.64227295E+07,-1.02225E+02
8.64257812E+07,-1.04045E+02
8.64288330E+07,-1.05905E+02
8.64318848E+07,-9.80654E+01
8.64349365E+07,-9.94854E+01
8.64379883E+07,-9.88854E+01
8.64410400E+07,-1.01805E+02
8.64440918E+07,-1.10545E+02
8.64471436E+07,-1.06225E+02
8.64501953E+07,-1.00965E+02
8.64532471E+07,-1.04805E+02
8.64562988E+07,-9.65854E+01
8.64593506E+07,-9.69254E+01
8.64624023E+07,-1.07125E+02
8.64654541E+07,-1.04645E+02
8.64685059E+07,-1.03965E+02
8.64715576E+07,-1.01565E+02
8.64746094E+07,-9.55654E+01
8.64776611E+07,-1.02145E+02
8.64807129E+07,-1.03725E+02
8.64837646E+07,-9.93454E+01
8.64868164E+07,-9.76054E+01
8.64898682E+07,-9.82254E+01
8.64929199E+07,-1.09385E+02
8.64959717E+07,-1.06685E+02
8.64990234E+07,-1.02965E+02
8.65020752E+07,-1.03085E+02
8.65051270E+07,-1.09205E+02
8.65081787E+07,-1.11385E+02
8.65112305E+07,-1.07085E+02
8.65142822E+07,-1.02705E+02
8.65173340E+07,-9.82854E+01
8.65203857E+07,-9.30254E+01
8.65234375E+07,-9.66854E+01
8.65264893E+07,-1.01505E+02
8.65295410E+07,-9.90054E+01
8.65325928E+07,-9.59854E+01
8.65356445E+07,-9.40454E+01
8.65386963E+07,-9.25654E+01
8.65417480E+07,-9.37054E+01
8.65447998E+07,-9.80254E+01
8.65478516E+07,-1.13085E+02
8.65509033E+07,-1.03665E+02
8.65539551E+07,-1.08425E+02
8.65570068E+07,-1.03925E+02
8.65600586E+07,-9.85454E+01
8.65631104E+07,-9.89854E+01
8.65661621E+07,-1.00865E+02
8.65692139E+07,-9.48454E+01
8.65722656E+07,-9.96054E+01
8.65753174E+07,-1.02745E+02
8.65783691E+07,-9.52854E+01
8.65814209E+07,-9.46854E+01
8.65844727E+07,-1.03885E+02
8.65875244E+07,-1.01125E+02
8.65905762E+07,-9.78454E+01
8.65936279E+07,-1.01885E+02
8.65966797E+07,-1.03365E+02
8.65997314E+07,-1.03885E+02
8.66027832E+07,-9.83654E+01
8.66058350E+07,-9.78654E+01
8.66088867E+07,-9.51254E+01
8.66119385E+07,-1.03225E+02
8.66149902E+07,-1.00905E+02
8.66180420E+07,-9.75054E+01
8.66210938E+07,-9.78454E+01
8.66241455E+07,-9.98654E+01
8.66271973E+07,-1.02985E+02
8.66302490E+07,-9.62654E+01
8.66333008E+07,-1.05545E+02
8.66363525E+07,-1.01325E+02
8.66394043E+07,-1.07425E+02
8.66424561E+07,-9.82654E+01
8.66455078E+07,-9.35854E+01
8.66485596E+07,-9.74854E+01
8.66516113E+07,-1.03265E+02
8.66546631E+07,-9.76854E+01
8.66577148E+07,-9.52854E+01
8.66607666E+07,-9.92054E+01
8.66638184E+07,-1.07885E+02
8.66668701E+07,-1.14085E+02
8.66699219E+07,-1.02425E+02
8.66729736E+07,-1.04645E+02
8.66760254E+07,-9.93854E+01
8.66790771E+07,-1.03185E+02
8.66821289E+07,-9.64254E+01
8.66851807E+07,-9.51654E+01
8.66882324E+07,-1.00585E+02
8.66912842E+07,-1.05225E+02
8.66943359E+07,-1.00025E+02
8.66973877E+07,-1.10545E+02
8.67004395E+07,-1.00525E+02
8.67034912E+07,-9.64054E+01
8.67065430E+07,-1.02505E+02
8.67095947E+07,-1.02825E+02
8.67126465E+07,-1.02905E+02
8.67156982E+07,-9.79854E+01
8.67187500E+07,-9.32654E+01
8.67218018E+07,-9.62654E+01
8.67248535E+07,-9.72254E+01
8.67279053E+07,-9.27454E+01
8.67309570E+07,-9.58654E+01
8.67340088E+07,-9.89454E+01
8.67370605E+07,-9.84454E+01
8.67401123E+07,-1.03465E+02
8.67431641E+07,-1.07785E+02
8.67462158E+07,-1.12645E+02
8.67492676E+07,-9.94854E+01
8.67523193E+07,-1.04405E+02
8.67553711E+07,-1.08085E+02
8.67584229E+07,-9.97454E+01
8.67614746E+07,-9.88254E+01
8.67645264E+07,-9.86854E+01
8.67675781E+07,-9.93054E+01
8.67706299E+07,-1.01825E+02
8.67736816E+07,-1.05725E+02
8.67767334E+07,-1.09045E+02
8.67797852E+07,-1.14085E+02
8.67828369E+07,-1.00865E+02
8.67858887E+07,-1.08145E+02
8.67889404E+07,-1.02685E+02
8.67919922E+07,-1.07665E+02
8.67950439E+07,-9.90654E+01
8.67980957E+07,-9.34654E+01
8.68011475E+07,-9.45254E+01
8.68041992E+07,-1.03885E+02
8.68072510E+07,-1.10065E+02
8.68103027E+07,-9.59854E+01
8.68133545E+07,-9.39654E+01
8.68164062E+07,-9.95454E+01
8.68194580E+07,-1.01525E+02
8.68225098E+07,-1.02385E+02
8.68255615E+07,-1.02525E+02
8.68286133E+07,-1.02065E+02
8.68316650E+07,-1.03165E+02
8.68347168E+07,-1.05685E+02
8.68377686E+07,-1.10545E+02
8.68408203E+07,-1.04665E+02
8.68438721E+07,-1.01365E+02
8.68469238E+07,-1.07805E+02
8.68499756E+07,-1.06965E+02
8.68530273E+07,-1.04325E+02
8.68560791E+07,-1.06985E+02
8.68591309E+07,-1.04085E+02
8.68621826E+07,-9.80254E+01
8.68652344E+07,-1.01045E+02
8.68682861E+07,-1.02905E+02
8.68713379E+07,-1.02685E+02
8.68743896E+07,-9.97654E+01
8.68774414E+07,-1.00065E+02
8.68804932E+07,-9.56254E+01
8.68835449E+07,-9.49054E+01
8.68865967E+07,-9.64054E+01
8.68896484E+07,-9.57654E+01
8.68927002E+07,-9.47454E+01
8.68957520E+07,-9.78254E+01
8.68988037E+07,-1.09945E+02
8.69018555E+07,-1.06065E+02
8.69049072E+07,-1.09205E+02
8.69079590E+07,-9.92054E+01
8.69110107E+07,-1.02045E+02
8.69140625E+07,-1.04845E+02
8.69171143E+07,-9.98054E+01
8.69201660E+07,-9.56654E+01
8.69232178E+07,-9.59654E+01
8.69262695E+07,-1.02005E+02
8.69293213E+07,-9.89854E+01
8.69323730E+07,-1.03965E+02
8.69354248E+07,-1.08325E+02
8.69384766E+07,-1.02965E+02
8.69415283E+07,-9.97254E+01
8.69445801E+07,-9.37654E+01
8.69476318E+07,-9.45654E+01
8.69506836E+07,-1.03665E+02
8.69537354E+07,-1.14565E+02
8.69567871E+07,-1.11485E+02
8.69598389E+07,-1.05405E+02
8.69628906E+07,-1.00525E+02
8.69659424E+07,-1.07685E+02
8.69689941E+07,-1.06945E+02
8.69720459E+07,-1.04745E+02
8.69750977E+07,-9.67854E+01
8.69781494E+07,-9.94854E+01
8.69812012E+07,-1.01985E+02
8.69842529E+07,-1.06325E+02
8.69873047E+07,-9.91654E+01
8.69903564E+07,-1.00085E+02
8.69934082E+07,-1.09365E+02
8.69964600E+07,-1.00805E+02
8.69995117E+07,-1.01165E+02
8.70025635E+07,-9.70654E+01
8.70056152E+07,-1.01625E+02
8.70086670E+07,-9.74254E+01
8.70117188E+07,-1.14445E+02
8.70147705E+07,-1.01205E+02
8.70178223E+07,-1.01865E+02
8.70208740E+07,-1.01305E+02
8.70239258E+07,-1.02525E+02
8.70269775E+07,-9.59254E+01
8.70300293E+07,-9.44054E+01
8.70330811E+07,-1.04945E+02
8.70361328E+07,-1.13705E+02
8.70391846E+07,-1.16145E+02
8.70422363E+07,-1.07185E+02
8.70452881E+07,-1.01825E+02
8.70483398E+07,-1.04845E+02
8.70513916E+07,-1.00925E+02
8.70544434E+07,-9.60054E+01
8.70574951E+07,-9.58454E+01
8.70605469E+07,-1.07085E+02
8.70635986E+07,-1.01485E+02
8.70666504E+07,-9.93654E+01
8.70697021E+07,-9.78454E+01
8.70727539E+07,-1.02525E+02
8.70758057E+07,-1.16305E+02
8.70788574E+07,-1.10785E+02
8.70819092E+07,-1.08245E+02
8.70849609E+07,-1.01365E+02
8.70880127E+07,-1.05385E+02
8.70910645E+07,-1.05325E+02
8.70941162E+07,-1.11505E+02
8.70971680E+07,-1.02305E+02
8.71002197E+07,-9.63054E+01
8.71032715E+07,-9.40454E+01
8.71063232E+07,-9.55054E+01
8.71093750E+07,-9.42254E+01
8.71124268E+07,-9.47254E+01
8.71154785E+07,-9.74054E+01
8.71185303E+07,-9.59054E+01
8.71215820E+07,-1.00165E+02
8.71246338E+07,-1.02585E+02
8.71276855E+07,-1.01745E+02
8.71307373E+07,-1.06645E+02
8.71337891E+07,-1.05385E+02
8.71368408E+07,-1.08585E+02
8.71398926E+07,-1.05245E+02
8.71429443E+07,-1.07825E+02
8.71459961E+07,-1.02325E+02
8.71490479E+07,-9.48654E+01
8.71520996E+07,-9.21654E+01
8.71551514E+07,-9.35054E+01
8.71582031E+07,-1.01385E+02
8.71612549E+07,-1.06865E+02
8.71643066E+07,-1.00265E+02
8.71673584E+07,-9.86454E+01
8.71704102E+07,-9.36654E+01
8.71734619E+07,-9.53254E+01
8.71765137E+07,-1.01525E+02
8.71795654E+07,-1.08225E+02
8.71826172E+07,-1.05905E+02
8.71856689E+07,-9.97854E+01
8.71887207E+07,-1.01765E+02
8.71917725E+07,-9.48854E+01
8.71948242E+07,-9.50054E+01
8.71978760E+07,-9.82054E+01
8.72009277E+07,-1.02865E+02
8.72039795E+07,-9.80454E+01
8.72070312E+07,-9.50854E+01
8.72100830E+07,-9.52254E+01
8.72131348E+07,-9.61454E+01
8.72161865E+07,-1.00605E+02
8.72192383E+07,-1.01545E+02
8.72222900E+07,-1.02365E+02
8.72253418E+07,-1.04705E+02
8.72283936E+07,-1.02865E+02
8.72314453E+07,-9.92054E+01
8.72344971E+07,-1.12365E+02
8.72375488E+07,-9.87054E+01
8.72406006E+07,-1.05505E+02
8.72436523E+07,-9.80854E+01
8.72467041E+07,-1.13925E+02
8.72497559E+07,-1.04085E+02
8.72528076E+07,-1.05145E+02
8.72558594E+07,-9.89054E+01
8.72589111E+07,-9.73854E+01
8.72619629E+07,-1.04545E+02
8.72650146E+07,-9.76254E+01
8.72680664E+07,-1.09725E+02
8.72711182E+07,-1.08765E+02
8.72741699E+07,-1.02065E+02
8.72772217E+07,-9.95854E+01
8.72802734E+07,-1.05245E+02
8.72833252E+07,-1.06125E+02
8.72863770E+07,-1.01625E+02
8.72894287E+07,-1.10645E+02
8.72924805E+07,-9.94454E+01
8.72955322E+07,-9.99454E+01
8.72985840E+07,-1.20885E+02
8.73016357E+07,-1.04285E+02
8.73046875E+07,-1.06025E+02
8.73077393E+07,-9.74254E+01
8.73107910E+07,-9.92454E+01
8.73138428E+07,-1.01665E+02
8.73168945E+07,-1.06025E+02
8.73199463E+07,-9.47854E+01
8.73229980E+07,-9.39654E+01
8.73260498E+07,-9.95454E+01
8.73291016E+07,-9.80054E+01
8.73321533E+07,-1.03725E+02
8.73352051E+07,-1.01885E+02
8.73382568E+07,-1.02245E+02
8.73413086E+07,-1.13405E+02
8.73443604E+07,-1.05245E+02
8.73474121E+07,-9.75054E+01
8.73504639E+07,-9.87654E+01
8.73535156E+07,-1.06525E+02
8.73565674E+07,-1.05985E+02
8.73596191E+07,-9.71454E+01
8.73626709E+07,-1.01525E+02
8.73657227E+07,-9.88654E+01
8.73687744E+07,-9.69654E+01
8.73718262E+07,-9.86254E+01
8.73748779E+07,-9.73254E+01
8.73779297E+07,-9.75454E+01
8.73809814E+07,-9.80654E+01
8.73840332E+07,-1.06965E+02
8.73870850E+07,-1.03925E+02
8.73901367E+07,-1.04225E+02
8.73931885E+07,-1.30165E+02
8.73962402E+07,-1.08185E+02
8.73992920E+07,-1.00905E+02
8.74023438E+07,-9.92054E+01
8.74053955E+07,-9.81854E+01
8.74084473E+07,-9.53454E+01
8.74114990E+07,-9.94854E+01
8.74145508E+07,-1.06145E+02
8.74176025E+07,-1.04145E+02
8.74206543E+07,-9.57254E+01
8.74237061E+07,-9.83254E+01
8.74267578E+07,-9.76254E+01
8.74298096E+07,-9.57854E+01
8.74328613E+07,-9.88454E+01
8.74359131E+07,-9.93054E+01
8.74389648E+07,-9.79654E+01
8.74420166E+07,-1.03445E+02
8.74450684E+07,-1.02225E+02
8.74481201E+07,-1.01965E+02
8.74511719E+07,-1.01025E+02
8.74542236E+07,-1.00725E+02
8.74572754E+07,-1.00545E+02
8.74603271E+07,-9.96054E+01
8.74633789E+07,-1.01345E+02
8.74664307E+07,-1.03765E+02
8.74694824E+07,-9.58854E+01
8.74725342E+07,-1.00725E+02
8.74755859E+07,-1.01385E+02
8.74786377E+07,-1.12985E+02
8.74816895E+07,-1.14225E+02
8.74847412E+07,-1.01045E+02
8.74877930E+07,-1.06165E+02
8.74908447E+07,-1.04665E+02
8.74938965E+07,-1.04485E+02
8.74969482E+07,-8.89854E+01
8.75000000E+07,-8.47654E+01
8.75030518E+07,-9.19654E+01
8.75061035E+07,-1.09025E+02
8.75091553E+07,-1.01005E+02
8.75122070E+07,-9.63054E+01
8.75152588E+07,-9.39654E+01
8.75183105E+07,-9.74054E+01
8.75213623E+07,-1.08845E+02
8.75244141E+07,-1.13705E+02
8.75274658E+07,-1.10745E+02
8.75305176E+07,-1.04285E+02
8.75335693E+07,-1.02125E+02
8.75366211E+07,-1.02585E+02
8.75396729E+07,-1.02925E+02
8.75427246E+07,-1.00125E+02
8.75457764E+07,-1.01485E+02
8.75488281E+07,-1.00625E+02
8.75518799E+07,-9.70654E+01
8.75549316E+07,-1.02645E+02
8.75579834E+07,-9.91254E+01
8.75610352E+07,-9.62454E+01
8.75640869E+07,-9.97454E+01
8.75671387E+07,-1.10605E+02
8.75701904E+07,-1.05905E+02
8.75732422E+07,-1.08825E+02
8.75762939E+07,-1.06565E+02
8.75793457E+07,-9.89854E+01
8.75823975E+07,-9.55654E+01
8.75854492E+07,-9.55054E+01
8.75885010E+07,-9.63454E+01
8.75915527E+07,-1.07805E+02
8.75946045E+07,-1.02365E+02
8.75976562E+07,-1.10785E+02
8.76007080E+07,-1.00165E+02
8.76037598E+07,-9.94454E+01
8.76068115E+07,-9.45054E+01
8.76098633E+07,-1.03665E+02
8.76129150E+07,-9.97254E+01
8.76159668E+07,-9.87654E+01
8.76190186E+07,-1.11825E+02
8.76220703E+07,-1.01105E+02
8.76251221E+07,-1.03445E+02
8.76281738E+07,-1.27785E+02
8.76312256E+07,-1.02865E+02
8.76342773E+07,-1.01545E+02
8.76373291E+07,-1.04525E+02
8.76403809E+07,-1.01045E+02
8.76434326E+07,-1.01425E+02
8.76464844E+07,-1.04145E+02
8.76495361E+07,-1.10985E+02
8.76525879E+07,-1.08465E+02
8.76556396E+07,-1.06785E+02
8.76586914E+07,-1.04085E+02
8.76617432E+07,-1.03185E+02
8.76647949E+07,-9.89054E+01
8.76678467E+07,-9.67654E+01
8.76708984E+07,-1.03705E+02
8.76739502E+07,-1.09205E+02
8.76770020E+07,-9.84854E+01
8.76800537E+07,-9.45454E+01
8.76831055E+07,-9.43054E+01
8.76861572E+07,-9.32654E+01
8.76892090E+07,-1.01585E+02
8.76922607E+07,-1.04265E+02
8.76953125E+07,-1.03805E+02
8.76983643E+07,-9.98254E+01
8.77014160E+07,-9.77454E+01
8.77044678E+07,-9.71254E+01
8.77075195E+07,-9.90054E+01
8.77105713E+07,-9.76654E+01
8.77136230E+07,-1.03305E+02
8.77166748E+07,-9.79654E+01
8.77197266E+07,-9.84054E+01
8.77227783E+07,-1.04345E+02
8.77258301E+07,-1.03725E+02
8.77288818E+07,-9.65654E+01
8.77319336E+07,-9.88254E+01
8.77349854E+07,-1.00565E+02
8.77380371E+07,-1.04885E+02
8.77410889E+07,-1.13625E+02
8.77441406E+07,-1.04445E+02
8.77471924E+07,-1.00325E+02
8.77502441E+07,-1.01505E+02
8.77532959E+07,-1.08325E+02
8.77563477E+07,-1.10585E+02
8.77593994E+07,-1.14845E+02
8.77624512E+07,-1.02805E+02
8.77655029E+07,-9.86654E+01
8.77685547E+07,-1.06485E+02
8.77716064E+07,-9.97654E+01
8.77746582E+07,-9.52254E+01
8.77777100E+07,-9.72654E+01
8.77807617E+07,-1.07525E+02
8.77838135E+07,-1.05245E+02
8.77868652E+07,-1.07485E+02
8.77899170E+07,-9.73254E+01
8.77929688E+07,-9.55254E+01
8.77960205E+07,-9.39254E+01
8.77990723E+07,-9.51054E+01
8.78021240E+07,-9.45854E+01
8.78051758E+07,-9.53854E+01
8.78082275E+07,-1.00445E+02
8.78112793E+07,-1.09485E+02
8.78143311E+07,-9.96854E+01
8.78173828E+07,-9.76054E+01
8.78204346E+07,-1.01085E+02
8.78234863E+07,-9.88454E+01
8.78265381E+07,-9.24454E+01
8.78295898E+07,-9.24854E+01
8.78326416E+07,-9.67054E+01
8.78356934E+07,-9.87054E+01
8.78387451E+07,-9.75854E+01
8.78417969E+07,-9.65654E+01
8.78448486E+07,-9.48454E+01
8.78479004E+07,-9.47454E+01
8.78509521E+07,-9.61654E+01
8.78540039E+07,-1.00705E+02
8.78570557E+07,-1.05505E+02
8.78601074E+07,-9.63054E+01
8.78631592E+07,-9.64454E+01
8.78662109E+07,-1.05425E+02
8.78692627E+07,-1.10005E+02
8.78723145E+07,-1.10305E+02
8.78753662E+07,-1.13705E+02
8.78784180E+07,-9.61654E+01
8.78814697E+07,-9.41854E+01
8.78845215E+07,-9.41854E+01
8.78875732E+07,-9.91654E+01
8.78906250E+07,-1.08225E+02
8.78936768E+07,-9.74454E+01
8.78967285E+07,-9.54254E+01
8.78997803E+07,-9.62054E+01
8.79028320E+07,-1.05645E+02
8.79058838E+07,-1.07645E+02
8.79089355E+07,-1.15365E+02
8.79119873E+07,-1.02425E+02
8.79150391E+07,-1.02705E+02
8.79180908E+07,-1.08065E+02
8.79211426E+07,-1.04085E+02
8.79241943E+07,-9.93454E+01
8.79272461E+07,-9.76854E+01
8.79302979E+07,-9.93854E+01
8.79333496E+07,-9.78054E+01
8.79364014E+07,-9.33254E+01
8.79394531E+07,-9.43254E+01
8.79425049E+07,-1.00565E+02
8.79455566E+07,-1.10545E+02
8.79486084E+07,-1.08545E+02
8.79516602E+07,-1.11165E+02
8.79547119E+07,-1.10905E+02
8.79577637E+07,-1.04745E+02
8.79608154E+07,-1.07965E+02
8.79638672E+07,-1.07345E+02
8.79669189E+07,-1.12225E+02
8.79699707E+07,-9.95254E+01
8.79730225E+07,-9.76654E+01
8.79760742E+07,-1.00265E+02
8.79791260E+07,-1.04685E+02
8.79821777E+07,-9.96654E+01
8.79852295E+07,-9.63854E+01
8.79882812E+07,-9.40854E+01
8.79913330E+07,-9.51454E+01
8.79943848E+07,-1.19425E+02
8.79974365E+07,-1.00285E+02
8.80004883E+07,-9.86454E+01
8.80035400E+07,-1.08485E+02
8.80065918E+07,-1.11825E+02
8.80096436E+07,-1.03305E+02
8.80126953E+07,-1.00925E+02
8.80157471E+07,-1.06805E+02
8.80187988E+07,-9.65054E+01
8.80218506E+07,-9.67054E+01
8.80249023E+07,-1.08285E+02
8.80279541E+07,-1.05185E+02
8.80310059E+07,-9.65654E+01
8.80340576E+07,-9.55254E+01
8.80371094E+07,-1.00305E+02
8.80401611E+07,-1.06605E+02
8.80432129E+07,-1.02065E+02
8.80462646E+07,-1.11445E+02
8.80493164E+07,-9.86254E+01
8.80523682E+07,-9.51054E+01
8.80554199E+07,-9.78054E+01
8.80584717E+07,-9.74254E+01
8.80615234E+07,-1.02905E+02
8.80645752E+07,-9.43454E+01
8.80676270E+07,-9.47454E+01
8.80706787E+07,-9.81654E+01
8.80737305E+07,-1.12425E+02
8.80767822E+07,-9.27654E+01
8.80798340E+07,-9.44454E+01
8.80828857E+07,-1.10305E+02
8.80859375E+07,-1.14265E+02
8.80889893E+07,-1.19165E+02
8.80920410E+07,-1.00725E+02
8.80950928E+07,-1.00725E+02
8.80981445E+07,-9.66254E+01
8.81011963E+07,-1.02805E+02
8.81042480E+07,-1.03125E+02
8.81072998E+07,-1.03085E+02
8.81103516E+07,-9.70854E+01
8.81134033E+07,-9.82654E+01
8.81164551E+07,-9.73654E+01
8.81195068E+07,-9.40854E+01
8.81225586E+07,-9.49454E+01
8.81256104E+07,-9.41454E+01
8.81286621E+07,-9.50454E+01
8.81317139E+07,-9.81454E+01
8.81347656E+07,-9.58054E+01
8.81378174E+07,-9.57254E+01
8.81408691E+07,-1.05225E+02
8.81439209E+07,-9.94654E+01
8.81469727E+07,-9.72854E+01
8.81500244E+07,-1.01325E+02
8.81530762E+07,-1.00985E+02
8.81561279E+07,-1.02085E+02
8.81591797E+07,-9.70654E+01
8.81622314E+07,-1.05245E+02
8.81652832E+07,-1.09145E+02
8.81683350E+07,-1.01705E+02
8.81713867E+07,-1.04345E+02
8.81744385E+07,-1.07305E+02
8.81774902E+07,-1.12745E+02
8.81805420E+07,-1.04045E+02
8.81835938E+07,-1.04405E+02
8.81866455E+07,-1.12585E+02
8.81896973E+07,-1.00305E+02
8.81927490E+07,-1.00005E+02
8.81958008E+07,-1.10385E+02
8.81988525E+07,-1.02125E+02
8.82019043E+07,-9.87654E+01
8.82049561E+07,-1.03885E+02
8.82080078E+07,-9.69654E+01
8.82110596E+07,-9.92854E+01
8.82141113E+07,-1.05685E+02
8.82171631E+07,-1.07905E+02
8.82202148E+07,-1.09285E+02
8.82232666E+07,-1.17325E+02
8.82263184E+07,-1.11445E+02
8.82293701E+07,-9.86254E+01
8.82324219E+07,-9.74254E+01
8.82354736E+07,-9.63254E+01
8.82385254E+07,-1.00585E+02
8.82415771E+07,-9.52254E+01
8.82446289E+07,-9.93254E+01
8.82476807E+07,-9.91454E+01
8.82507324E+07,-1.00065E+02
8.82537842E+07,-1.04085E+02
8.82568359E+07,-1.07685E+02
8.82598877E+07,-9.70254E+01
8.82629395E+07,-9.16854E+01
8.82659912E+07,-9.62054E+01
8.82690430E+07,-9.98454E+01
8.82720947E+07,-9.53254E+01
8.82751465E+07,-9.44654E+01
8.82781982E+07,-9.80254E+01
8.82812500E+07,-1.03765E+02
8.82843018E+07,-9.92254E+01
8.82873535E+07,-9.80854E+01
8.82904053E+07,-9.76854E+01
8.82934570E+07,-9.86854E+01
8.82965088E+07,-1.05845E+02
8.82995605E+07,-1.02625E+02
8.83026123E+07,-1.05485E+02
8.83056641E+07,-9.82854E+01
8.83087158E+07,-9.58854E+01
8.83117676E+07,-9.96054E+01
8.83148193E+07,-9.65054E+01
8.83178711E+07,-9.95254E+01
8.83209229E+07,-1.07565E+02
8.83239746E+07,-9.88854E+01
8.83270264E+07,-9.94854E+01
8.83300781E+07,-1.01985E+02
8.83331299E+07,-1.18565E+02
8.83361816E+07,-1.07525E+02
8.83392334E+07,-1.06245E+02
8.83422852E+07,-9.92454E+01
8.83453369E+07,-9.97654E+01
8.83483887E+07,-9.77054E+01
8.83514404E+07,-9.90454E+01
8.83544922E+07,-9.72854E+01
8.83575439E+07,-9.05854E+01
8.83605957E+07,-9.94054E+01
8.83636475E+07,-9.89254E+01
8.83666992E+07,-1.00025E+02
8.83697510E+07,-1.01445E+02
8.83728027E+07,-1.03805E+02
8.83758545E+07,-9.78654E+01
8.83789062E+07,-9.68054E+01
8.83819580E+07,-1.03325E+02
8.83850098E+07,-9.84854E+01
8.83880615E+07,-9.69254E+01
8.83911133E+07,-9.72254E+01
8.83941650E+07,-9.72854E+01
8.83972168E+07,-1.07285E+02
8.84002686E+07,-1.07285E+02
8.84033203E+07,-1.02225E+02
8.84063721E+07,-1.01345E+02
8.84094238E+07,-1.03505E+02
8.84124756E+07,-1.09605E+02
8.84155273E+07,-1.00585E+02
8.84185791E+07,-9.35854E+01
8.84216309E+07,-9.35854E+01
8.84246826E+07,-9.41454E+01
8.84277344E+07,-9.56254E+01
8.84307861E+07,-1.03705E+02
8.84338379E+07,-9.99254E+01
8.84368896E+07,-1.08905E+02
8.84399414E+07,-1.17905E+02
8.84429932E+07,-9.72654E+01
8.84460449E+07,-9.66454E+01
8.84490967E+07,-1.05985E+02
8.84521484E+07,-1.15265E+02
8.84552002E+07,-9.70054E+01
8.84582520E+07,-9.13454E+01
8.84613037E+07,-9.30854E+01
8.84643555E+07,-9.70254E+01
8.84674072E+07,-9.89854E+01
8.84704590E+07,-1.01005E+02
8.84735107E+07,-1.03845E+02
8.84765625E+07,-1.08245E+02
8.84796143E+07,-1.05745E+02
8.84826660E+07,-9.68854E+01
8.84857178E+07,-9.72254E+01
8.84887695E+07,-1.06165E+02
8.84918213E+07,-1.02765E+02
8.84948730E+07,-1.00125E+02
8.84979248E+07,-1.07845E+02
8.85009766E+07,-1.04505E+02
8.85040283E+07,-1.10265E+02
8.85070801E+07,-1.04225E+02
8.85101318E+07,-1.14665E+02
8.85131836E+07,-1.00405E+02
8.85162354E+07,-9.73854E+01
8.85192871E+07,-9.89854E+01
8.85223389E+07,-9.69654E+01
8.85253906E+07,-9.64054E+01
8.85284424E+07,-9.60054E+01
8.85314941E+07,-9.67454E+01
8.85345459E+07,-1.00685E+02
8.85375977E+07,-9.96654E+01
8.85406494E+07,-1.06745E+02
8.85437012E+07,-1.08925E+02
8.85467529E+07,-1.01625E+02
8.85498047E+07,-1.01225E+02
8.85528564E+07,-9.75854E+01
8.85559082E+07,-9.69854E+01
8.85589600E+07,-9.75854E+01
8.85620117E+07,-1.20865E+02
8.85650635E+07,-9.85454E+01
8.85681152E+07,-1.01105E+02
8.85711670E+07,-1.08245E+02
8.85742188E+07,-1.06985E+02
8.85772705E+07,-1.20545E+02
8.85803223E+07,-1.14485E+02
8.85833740E+07,-9.88054E+01
8.85864258E+07,-9.58054E+01
8.85894775E+07,-1.00605E+02
8.85925293E+07,-1.06225E+02
8.85955811E+07,-1.06285E+02
8.85986328E+07,-1.01645E+02
8.86016846E+07,-1.07145E+02
8.86047363E+07,-1.03125E+02
8.86077881E+07,-9.84654E+01
8.86108398E+07,-1.00305E+02
8.86138916E+07,-9.73454E+01
8.86169434E+07,-9.87654E+01
8.86199951E+07,-9.87454E+01
8.86230469E+07,-1.03845E+02
8.86260986E+07,-1.10585E+02
8.86291504E+07,-1.07245E+02
8.86322021E+07,-9.92454E+01
8.86352539E+07,-1.03325E+02
8.86383057E+07,-1.04625E+02
8.86413574E+07,-9.64054E+01
8.86444092E+07,-9.66054E+01
8.86474609E+07,-1.00125E+02
8.86505127E+07,-1.04965E+02
8.86535645E+07,-1.00365E+02
8.86566162E+07,-1.02985E+02
8.86596680E+07,-9.77654E+01
8.86627197E+07,-9.82254E+01
8.86657715E+07,-9.75454E+01
8.86688232E+07,-9.41854E+01
8.86718750E+07,-9.34654E+01
8.86749268E+07,-9.76254E+01
8.86779785E+07,-1.01865E+02
8.86810303E+07,-9.46254E+01
8.86840820E+07,-9.28254E+01
8.86871338E+07,-1.02585E+02
8.86901855E+07,-1.02985E+02
8.86932373E+07,-1.00965E+02
8.86962891E+07,-1.04045E+02
8.86993408E+07,-1.02445E+02
8.87023926E+07,-1.08285E+02
8.87054443E+07,-1.04885E+02
8.87084961E+07,-9.35454E+01
8.87115479E+07,-9.18854E+01
8.87145996E+07,-9.98254E+01
8.87176514E+07,-1.02425E+02
8.87207031E+07,-1.11165E+02
8.87237549E+07,-9.45454E+01
8.87268066E+07,-9.58654E+01
8.87298584E+07,-1.04585E+02
8.87329102E+07,-1.02565E+02
8.87359619E+07,-9.61654E+01
8.87390137E+07,-9.80054E+01
8.87420654E+07,-9.88854E+01
8.87451172E+07,-9.87054E+01
8.87481689E+07,-1.02485E+02
8.87512207E+07,-1.04225E+02
8.87542725E+07,-9.95054E+01
8.87573242E+07,-9.75254E+01
8.87603760E+07,-9.53654E+01
8.87634277E+07,-1.00025E+02
8.87664795E+07,-1.11325E+02
8.87695312E+07,-1.08825E+02
8.87725830E+07,-1.04005E+02
8.87756348E+07,-9.80254E+01
8.87786865E+07,-9.77054E+01
8.87817383E+07,-1.00225E+02
8.87847900E+07,-1.04645E+02
8.87878418E+07,-1.01145E+02
8.87908936E+07,-1.01245E+02
8.87939453E+07,-9.57054E+01
8.87969971E+07,-9.61654E+01
8.88000488E+07,-9.46254E+01
8.88031006E+07,-9.41854E+01
8.88061523E+07,-9.66854E+01
8.88092041E+07,-1.13545E+02
8.88122559E+07,-9.78054E+01
8.88153076E+07,-9.74054E+01
8.88183594E+07,-1.03665E+02
8.88214111E+07,-9.73854E+01
8.88244629E+07,-9.57454E+01
8.88275146E+07,-1.00705E+02
8.88305664E+07,-9.83454E+01
8.88336182E+07,-9.83454E+01
8.88366699E+07,-9.52454E+01
8.88397217E+07,-9.37654E+01
8.88427734E+07,-9.92854E+01
8.88458252E+07,-1.00005E+02
8.88488770E+07,-9.93654E+01
8.88519287E+07,-9.65454E+01
8.88549805E+07,-9.63654E+01
8.88580322E+07,-9.71054E+01
8.88610840E+07,-9.88654E+01
8.88641357E+07,-9.96254E+01
8.88671875E+07,-9.68054E+01
8.88702393E+07,-9.58654E+01
8.88732910E+07,-9.64654E+01
8.88763428E+07,-1.01945E+02
8.88793945E+07,-9.87454E+01
8.88824463E+07,-9.38854E+01
8.88854980E+07,-9.39254E+01
8.88885498E+07,-9.53254E+01
8.88916016E+07,-1.02685E+02
8.88946533E+07,-1.02245E+02
8.88977051E+07,-1.05025E+02
8.89007568E+07,-1.03805E+02
8.89038086E+07,-9.64254E+01
8.89068604E+07,-9.58254E+01
8.89099121E+07,-9.91654E+01
8.89129639E+07,-9.70854E+01
8.89160156E+07,-1.02225E+02
8.89190674E+07,-1.03845E+02
8.89221191E+07,-9.96454E+01
8.89251709E+07,-1.00745E+02
8.89282227E+07,-1.11625E+02
8.89312744E+07,-1.05805E+02
8.89343262E+07,-1.02425E+02
8.89373779E+07,-9.84854E+01
8.89404297E+07,-9.48654E+01
8.89434814E+07,-9.52054E+01
8.89465332E+07,-9.60854E+01
8.89495850E+07,-9.73454E+01
8.89526367E+07,-9.92654E+01
8.89556885E+07,-9.98654E+01
8.89587402E+07,-1.04185E+02
8.89617920E+07,-1.05885E+02
8.89648438E+07,-1.06565E+02
8.89678955E+07,-9.55254E+01
8.89709473E+07,-9.69654E+01
8.89739990E+07,-1.02925E+02
8.89770508E+07,-1.00445E+02
8.89801025E+07,-1.18885E+02
8.89831543E+07,-9.89854E+01
8.89862061E+07,-1.09045E+02
8.89892578E+07,-1.01745E+02
8.89923096E+07,-1.02445E+02
8.89953613E+07,-1.03305E+02
8.89984131E+07,-1.03925E+02
8.90014648E+07,-1.17285E+02
8.90045166E+07,-1.06165E+02
8.90075684E+07,-1.03185E+02
8.90106201E+07,-9.57854E+01
8.90136719E+07,-9.82654E+01
8.90167236E+07,-1.12585E+02
8.90197754E+07,-1.06165E+02
8.90228271E+07,-9.59254E+01
8.90258789E+07,-9.33054E+01
8.90289307E+07,-1.04405E+02
8.90319824E+07,-1.07565E+02
8.90350342E+07,-1.03845E+02
8.90380859E+07,-9.42254E+01
8.90411377E+07,-9.19054E+01
8.90441895E+07,-9.39654E+01
8.90472412E+07,-1.12005E+02
8.90502930E+07,-1.04785E+02
8.90533447E+07,-1.12165E+02
8.90563965E+07,-1.02985E+02
8.90594482E+07,-1.01105E+02
8.90625000E+07,-9.93254E+01
8.90655518E+07,-9.80854E+01
8.90686035E+07,-9.70054E+01
8.90716553E+07,-9.56254E+01
8.90747070E+07,-9.52054E+01
8.90777588E+07,-1.00225E+02
8.90808105E+07,-1.01645E+02
8.90838623E+07,-1.06745E+02
8.90869141E+07,-9.75454E+01
8.90899658E+07,-9.87054E+01
8.90930176E+07,-1.05025E+02
8.90960693E+07,-1.06165E+02
8.90991211E+07,-9.99454E+01
8.91021729E+07,-9.83654E+01
8.91052246E+07,-9.89054E+01
8.91082764E+07,-1.11765E+02
8.91113281E+07,-9.62054E+01
8.91143799E+07,-9.90454E+01
8.91174316E+07,-1.14285E+02
8.91204834E+07,-9.87654E+01
8.91235352E+07,-9.38054E+01
8.91265869E+07,-9.56854E+01
8.91296387E+07,-1.00225E+02
8.91326904E+07,-1.08805E+02
8.91357422E+07,-1.03305E+02
8.91387939E+07,-9.81254E+01
8.91418457E+07,-1.00645E+02
8.91448975E+07,-1.05365E+02
8.91479492E+07,-9.67454E+01
8.91510010E+07,-9.94454E+01
8.91540527E+07,-9.69654E+01
8.91571045E+07,-9.54254E+01
8.91601562E+07,-1.03805E+02
8.91632080E+07,-1.00465E+02
8.91662598E+07,-1.05745E+02
8.91693115E+07,-1.09285E+02
8.91723633E+07,-1.06545E+02
8.91754150E+07,-1.05385E+02
8.91784668E+07,-1.07905E+02
8.91815186E+07,-1.07525E+02
8.91845703E+07,-1.17645E+02
8.91876221E+07,-1.16345E+02
8.91906738E+07,-1.06165E+02
8.91937256E+07,-1.07485E+02
8.91967773E+07,-1.03665E+02
8.91998291E+07,-9.95654E+01
8.92028809E+07,-1.07285E+02
8.92059326E+07,-1.23925E+02
8.92089844E+07,-1.06125E+02
8.92120361E+07,-1.05625E+02
8.92150879E+07,-1.07085E+02
8.92181396E+07,-9.67054E+01
8.92211914E+07,-9.96654E+01
8.92242432E+07,-1.05925E+02
8.92272949E+07,-1.06125E+02
8.92303467E+07,-1.10085E+02
8.92333984E+07,-9.52654E+01
8.92364502E+07,-9.37654E+01
8.92395020E+07,-9.98054E+01
8.92425537E+07,-1.10925E+02
8.92456055E+07,-1.04085E+02
8.92486572E+07,-1.11765E+02
8.92517090E+07,-9.90454E+01
8.92547607E+07,-1.00745E+02
8.92578125E+07,-9.64654E+01
8.92608643E+07,-9.29854E+01
8.92639160E+07,-9.91654E+01
8.92669678E+07,-1.02985E+02
8.92700195E+07,-9.59454E+01
8.92730713E+07,-1.02445E+02
8.92761230E+07,-1.04085E+02
8.92791748E+07,-1.01805E+02
8.92822266E+07,-1.05445E+02
8.92852783E+07,-1.13185E+02
8.92883301E+07,-1.04345E+02
8.92913818E+07,-9.95654E+01
8.92944336E+07,-1.03725E+02
8.92974854E+07,-1.01185E+02
8.93005371E+07,-1.01245E+02
8.93035889E+07,-1.15145E+02
8.93066406E+07,-1.01905E+02
8.93096924E+07,-9.78854E+01
8.93127441E+07,-1.04925E+02
8.93157959E+07,-1.11885E+02
8.93188477E+07,-1.00665E+02
8.93218994E+07,-9.46454E+01
8.93249512E+07,-9.55454E+01
8.93280029E+07,-1.00125E+02
8.93310547E+07,-1.01545E+02
8.93341064E+07,-1.00685E+02
8.93371582E+07,-1.00945E+02
8.93402100E+07,-1.06185E+02
8.93432617E+07,-1.12245E+02
8.93463135E+07,-1.04905E+02
8.93493652E+07,-1.25625E+02
8.93524170E+07,-1.09105E+02
8.93554688E+07,-9.93854E+01
8.93585205E+07,-9.65854E+01
8.93615723E+07,-9.49054E+01
8.93646240E+07,-9.46854E+01
8.93676758E+07,-1.05505E+02
8.93707275E+07,-9.65054E+01
8.93737793E+07,-1.04465E+02
8.93768311E+07,-9.84254E+01
8.93798828E+07,-9.77454E+01
8.93829346E+07,-9.84654E+01
8.93859863E+07,-1.01105E+02
8.93890381E+07,-1.05145E+02
8.93920898E+07,-9.76854E+01
8.93951416E+07,-9.45854E+01
8.93981934E+07,-9.53454E+01
8.94012451E+07,-1.10365E+02
8.94042969E+07,-9.64654E+01
8.94073486E+07,-9.85654E+01
8.94104004E+07,-9.97854E+01
8.94134521E+07,-9.34454E+01
8.94165039E+07,-9.40054E+01
8.94195557E+07,-1.00485E+02
8.94226074E+07,-1.04145E+02
8.94256592E+07,-9.59854E+01
8.94287109E+07,-1.04645E+02
8.94317627E+07,-1.09125E+02
8.94348145E+07,-9.82654E+01
8.94378662E+07,-9.94854E+01
8.94409180E+07,-9.90054E+01
8.94439697E+07,-9.68054E+01
8.94470215E+07,-9.89054E+01
8.94500732E+07,-1.01905E+02
8.94531250E+07,-1.04625E+02
8.94561768E+07,-9.73654E+01
8.94592285E+07,-1.04865E+02
8.94622803E+07,-1.11065E+02
8.94653320E+07,-1.03165E+02
8.94683838E+07,-1.00025E+02
8.94714355E+07,-9.73454E+01
8.94744873E+07,-1.02625E+02
8.94775391E+07,-9.81254E+01
8.94805908E+07,-9.64054E+01
8.94836426E+07,-9.84854E+01
8.94866943E+07,-1.08205E+02
8.94897461E+07,-9.93854E+01
8.94927979E+07,-9.25254E+01
8.94958496E+07,-9.59854E+01
8.94989014E+07,-1.13265E+02
8.95019531E+07,-1.08125E+02
8.95050049E+07,-1.01165E+02
8.95080566E+07,-9.79254E+01
8.95111084E+07,-1.00025E+02
8.95141602E+07,-1.05205E+02
8.95172119E+07,-1.02585E+02
8.95202637E+07,-1.09085E+02
8.95233154E+07,-1.09005E+02
8.95263672E+07,-1.08885E+02
8.95294189E+07,-9.76854E+01
8.95324707E+07,-9.55654E+01
8.95355225E+07,-1.02305E+02
8.95385742E+07,-9.56254E+01
8.95416260E+07,-9.55254E+01
8.95446777E+07,-9.38854E+01
8.95477295E+07,-9.98054E+01
8.95507812E+07,-9.99054E+01
8.95538330E+07,-9.27054E+01
8.95568848E+07,-9.29254E+01
8.95599365E+07,-9.71254E+01
8.95629883E+07,-1.02385E+02
8.95660400E+07,-1.11425E+02
8.95690918E+07,-1.03845E+02
8.95721436E+07,-9.79254E+01
8.95751953E+07,-1.00845E+02
8.95782471E+07,-9.90854E+01
8.95812988E+07,-9.75454E+01
8.95843506E+07,-1.08905E+02
8.95874023E+07,-9.81654E+01
8.95904541E+07,-9.49454E+01
8.95935059E+07,-1.05065E+02
8.95965576E+07,-1.02565E+02
8.95996094E+07,-1.06305E+02
8.96026611E+07,-1.02365E+02
8.96057129E+07,-9.79054E+01
8.96087646E+07,-9.59054E+01
8.96118164E+07,-1.00985E+02
8.96148682E+07,-1.07245E+02
8.96179199E+07,-1.03545E+02
8.96209717E+07,-9.69454E+01
8.96240234E+07,-9.38454E+01
8.96270752E+07,-9.82854E+01
8.96301270E+07,-9.63254E+01
8.96331787E+07,-9.48654E+01
8.96362305E+07,-9.69254E+01
8.96392822E+07,-1.02385E+02
8.96423340E+07,-1.10965E+02
8.96453857E+07,-1.05785E+02
8.96484375E+07,-1.01645E+02
8.96514893E+07,-9.87854E+01
8.96545410E+07,-9.98654E+01
8.96575928E+07,-9.76254E+01
8.96606445E+07,-1.01705E+02
8.96636963E+07,-1.09805E+02
8.96667480E+07,-1.12985E+02
8.96697998E+07,-1.08645E+02
8.96728516E+07,-1.01545E+02
8.96759033E+07,-1.01185E+02
8.96789551E+07,-1.01145E+02
8.96820068E+07,-1.04665E+02
8.96850586E+07,-1.00585E+02
8.96881104E+07,-9.82654E+01
8.96911621E+07,-1.00285E+02
8.96942139E+07,-9.98854E+01
8.96972656E+07,-9.90654E+01
8.97003174E+07,-1.06305E+02
8.97033691E+07,-9.97054E+01
8.97064209E+07,-1.15065E+02
8.97094727E+07,-1.04345E+02
8.97125244E+07,-1.00365E+02
8.97155762E+07,-9.77054E+01
8.97186279E+07,-9.89854E+01
8.97216797E+07,-1.00225E+02
8.97247314E+07,-1.01785E+02
8.97277832E+07,-1.06805E+02
8.97308350E+07,-9.86254E+01
8.97338867E+07,-1.04545E+02
8.97369385E+07,-1.04185E+02
8.97399902E+07,-1.10005E+02
8.97430420E+07,-1.11325E+02
8.97460938E+07,-1.02045E+02
8.97491455E+07,-9.92454E+01
8.97521973E+07,-1.08645E+02
8.97552490E+07,-1.14645E+02
8.97583008E+07,-1.01225E+02
8.97613525E+07,-9.83854E+01
8.97644043E+07,-9.88854E+01
8.97674561E+07,-9.31854E+01
8.97705078E+07,-9.72454E+01
8.97735596E+07,-1.14345E+02
8.97766113E+07,-1.08905E+02
8.97796631E+07,-9.90854E+01
8.97827148E+07,-1.14525E+02
8.97857666E+07,-1.05185E+02
8.97888184E+07,-1.05965E+02
8.97918701E+07,-1.00805E+02
8.97949219E+07,-1.04305E+02
8.97979736E+07,-1.01485E+02
8.98010254E+07,-1.01305E+02
8.98040771E+07,-1.05665E+02
8.98071289E+07,-1.03665E+02
8.98101807E+07,-1.04605E+02
8.98132324E+07,-9.79654E+01
8.98162842E+07,-9.43454E+01
8.98193359E+07,-9.90054E+01
8.98223877E+07,-9.95254E+01
8.98254395E+07,-9.58854E+01
8.98284912E+07,-9.99454E+01
8.98315430E+07,-9.98854E+01
8.98345947E+07,-9.77454E+01
8.98376465E+07,-1.04585E+02
8.98406982E+07,-1.01805E+02
8.98437500E+07,-9.42854E+01
8.98468018E+07,-9.15254E+01
8.98498535E+07,-9.61254E+01
8.98529053E+07,-1.02985E+02
8.98559570E+07,-9.77654E+01
8.98590088E+07,-9.86254E+01
8.98620605E+07,-1.05205E+02
8.98651123E+07,-1.00305E+02
8.98681641E+07,-1.31245E+02
8.98712158E+07,-9.74654E+01
8.98742676E+07,-9.54454E+01
8.98773193E+07,-9.99254E+01
8.98803711E+07,-1.02825E+02
8.98834229E+07,-1.05465E+02
8.98864746E+07,-1.03585E+02
8.98895264E+07,-1.18905E+02
8.98925781E+07,-9.56654E+01
8.98956299E+07,-9.66654E+01
8.98986816E+07,-1.14985E+02
8.99017334E+07,-9.80654E+01
8.99047852E+07,-1.00205E+02
8.99078369E+07,-1.07165E+02
8.99108887E+07,-1.03465E+02
8.99139404E+07,-1.00225E+02
8.99169922E+07,-9.76654E+01
8.99200439E+07,-1.01445E+02
8.99230957E+07,-9.93454E+01
8.99261475E+07,-1.01485E+02
8.99291992E+07,-1.07965E+02
8.99322510E+07,-1.05585E+02
8.99353027E+07,-1.00165E+02
8.99383545E+07,-1.01005E+02
8.99414062E+07,-1.10065E+02
8.99444580E+07,-9.94054E+01
8.99475098E+07,-9.54254E+01
8.99505615E+07,-1.01985E+02
8.99536133E+07,-1.18165E+02
8.99566650E+07,-1.11225E+02
8.99597168E+07,-1.10365E+02
8.99627686E+07,-1.00505E+02
8.99658203E+07,-9.84054E+01
8.99688721E+07,-1.01385E+02
8.99719238E+07,-1.03405E+02
8.99749756E+07,-1.04525E+02
8.99780273E+07,-9.92654E+01
8.99810791E+07,-1.00225E+02
8.99841309E+07,-1.10825E+02
8.99871826E+07,-9.89454E+01
8.99902344E+07,-9.69054E+01
8.99932861E+07,-1.02645E+02
8.99963379E+07,-1.05165E+02
8.99993896E+07,-9.45254E+01
9.00024414E+07,-9.42254E+01
9.00054932E+07,-9.54654E+01
9.00085449E+07,-9.92454E+01
9.00115967E+07,-1.01065E+02
9.00146484E+07,-1.05365E+02
9.00177002E+07,-1.12965E+02
9.00207520E+07,-1.02325E+02
9.00238037E+07,-1.28145E+02
9.00268555E+07,-9.96654E+01
9.00299072E+07,-9.46054E+01
9.00329590E+07,-1.00185E+02
9.00360107E+07,-1.10465E+02
9.00390625E+07,-1.00365E+02
9.00421143E+07,-1.16385E+02
9.00451660E+07,-9.63654E+01
9.00482178E+07,-1.04045E+02
9.00512695E+07,-1.00545E+02
9.00543213E+07,-1.05145E+02
9.00573730E+07,-1.02125E+02
9.00604248E+07,-1.09845E+02
9.00634766E+07,-9.59054E+01
9.00665283E+07,-9.88454E+01
9.00695801E+07,-9.85654E+01
9.00726318E+07,-9.87854E+01
9.00756836E+07,-9.97054E+01
9.00787354E+07,-9.98854E+01
9.00817871E+07,-1.00645E+02
9.00848389E+07,-1.05485E+02
9.00878906E+07,-1.05525E+02
9.00909424E+07,-1.03545E+02
9.00939941E+07,-9.79854E+01
9.00970459E+07,-9.95454E+01
9.01000977E+07,-1.04505E+02
9.01031494E+07,-9.32654E+01
9.01062012E+07,-9.38454E+01
9.01092529E+07,-9.83254E+01
9.01123047E+07,-9.62854E+01
9.01153564E+07,-1.02745E+02
9.01184082E+07,-9.66854E+01
9.01214600E+07,-9.69854E+01
9.01245117E+07,-1.04885E+02
9.01275635E+07,-1.00505E+02
9.01306152E+07,-9.75054E+01
9.01336670E+07,-9.67854E+01
9.01367188E+07,-1.03845E+02
9.01397705E+07,-1.12165E+02
9.01428223E+07,-1.10245E+02
9.01458740E+07,-9.81654E+01
9.01489258E+07,-9.46054E+01
9.01519775E+07,-9.45854E+01
9.01550293E+07,-1.04605E+02
9.01580811E+07,-1.12865E+02
9.01611328E+07,-1.01105E+02
9.01641846E+07,-1.02745E+02
9.01672363E+07,-1.01525E+02
9.01702881E+07,-9.73654E+01
9.01733398E+07,-1.01585E+02
9.01763916E+07,-1.01125E+02
9.01794434E+07,-9.65454E+01
9.01824951E+07,-1.08165E+02
9.01855469E+07,-1.03365E+02
9.01885986E+07,-1.04085E+02
9.01916504E+07,-1.06085E+02
9.01947021E+07,-1.21585E+02
9.01977539E+07,-1.04085E+02
9.02008057E+07,-9.56654E+01
9.02038574E+07,-9.62254E+01
9.02069092E+07,-9.63854E+01
9.02099609E+07,-9.75254E+01
9.02130127E+07,-1.04045E+02
9.02160645E+07,-1.00725E+02
9.02191162E+07,-1.07805E+02
9.02221680E+07,-9.74054E+01
9.02252197E+07,-9.58454E+01
9.02282715E+07,-9.80254E+01
9.02313232E+07,-1.00805E+02
9.02343750E+07,-9.85454E+01
9.02374268E+07,-1.05985E+02
9.02404785E+07,-9.75254E+01
9.02435303E+07,-1.07985E+02
9.02465820E+07,-9.83054E+01
9.02496338E+07,-1.03405E+02
9.02526855E+07,-1.02445E+02
9.02557373E+07,-1.01665E+02
9.02587891E+07,-1.01565E+02
9.02618408E+07,-1.07425E+02
9.02648926E+07,-1.07725E+02
9.02679443E+07,-1.03585E+02
9.02709961E+07,-9.85054E+01
9.02740479E+07,-9.56054E+01
9.02770996E+07,-9.42654E+01
9.02801514E+07,-9.60654E+01
9.02832031E+07,-9.67054E+01
9.02862549E+07,-1.03545E+02
9.02893066E+07,-1.03085E+02
9.02923584E+07,-9.87654E+01
9.02954102E+07,-9.78654E+01
9.02984619E+07,-1.07725E+02
9.03015137E+07,-1.01665E+02
9.03045654E+07,-9.62054E+01
9.03076172E+07,-9.30854E+01
9.03106689E+07,-9.23854E+01
9.03137207E+07,-9.96654E+01
9.03167725E+07,-1.05765E+02
9.03198242E+07,-1.02985E+02
9.03228760E+07,-9.56654E+01
9.03259277E+07,-9.34054E+01
9.03289795E+07,-1.05705E+02
9.03320312E+07,-1.09345E+02
9.03350830E+07,-1.01525E+02
9.03381348E+07,-1.02925E+02
9.03411865E+07,-1.04565E+02
9.03442383E+07,-9.79254E+01
9.03472900E+07,-1.03705E+02
9.03503418E+07,-1.08505E+02
9.03533936E+07,-1.12865E+02
9.03564453E+07,-9.77054E+01
9.03594971E+07,-9.75854E+01
9.03625488E+07,-1.06145E+02
9.03656006E+07,-1.00225E+02
9.03686523E+07,-9.88254E+01
9.03717041E+07,-1.02805E+02
9.03747559E+07,-1.08865E+02
9.03778076E+07,-1.00225E+02
9.03808594E+07,-1.04045E+02
9.03839111E+07,-1.10945E+02
9.03869629E+07,-9.98054E+01
9.03900146E+07,-1.04685E+02
9.03930664E+07,-1.00505E+02
9.03961182E+07,-9.51654E+01
9.03991699E+07,-9.88654E+01
9.04022217E+07,-1.03705E+02
9.04052734E+07,-1.10765E+02
9.04083252E+07,-1.10065E+02
9.04113770E+07,-9.90454E+01
9.04144287E+07,-9.60854E+01
9.04174805E+07,-9.69854E+01
9.04205322E+07,-9.69054E+01
9.04235840E+07,-1.06385E+02
9.04266357E+07,-1.04765E+02
9.04296875E+07,-1.01905E+02
9.04327393E+07,-9.69854E+01
9.04357910E+07,-1.06785E+02
9.04388428E+07,-9.77254E+01
9.04418945E+07,-9.42854E+01
9.04449463E+07,-9.87654E+01
9.04479980E+07,-1.30165E+02
9.04510498E+07,-1.02645E+02
9.04541016E+07,-9.77654E+01
9.04571533E+07,-9.88454E+01
9.04602051E+07,-9.96854E+01
9.04632568E+07,-1.05825E+02
9.04663086E+07,-9.55054E+01
9.04693604E+07,-1.00005E+02
9.04724121E+07,-1.06945E+02
9.04754639E+07,-1.03805E+02
9.04785156E+07,-1.06085E+02
9.04815674E+07,-1.10665E+02
9.04846191E+07,-1.12985E+02
9.04876709E+07,-1.10745E+02
9.04907227E+07,-1.01085E+02
9.04937744E+07,-9.98654E+01
9.04968262E+07,-1.01905E+02
9.04998779E+07,-1.02145E+02
9.05029297E+07,-1.05905E+02
9.05059814E+07,-1.03185E+02
9.05090332E+07,-1.00665E+02
9.05120850E+07,-1.00205E+02
9.05151367E+07,-1.00345E+02
9.05181885E+07,-9.84654E+01
9.05212402E+07,-1.01185E+02
9.05242920E+07,-9.91654E+01
9.05273438E+07,-9.30854E+01
9.05303955E+07,-9.67854E+01
9.05334473E+07,-1.11705E+02
9.05364990E+07,-1.12765E+02
9.05395508E+07,-1.08265E+02
9.05426025E+07,-1.06205E+02
9.05456543E+07,-1.08145E+02
9.05487061E+07,-1.02965E+02
9.05517578E+07,-1.11705E+02
9.05548096E+07,-1.04445E+02
9.05578613E+07,-1.01345E+02
9.05609131E+07,-1.06585E+02
9.05639648E+07,-1.10345E+02
9.05670166E+07,-1.05605E+02
9.05700684E+07,-1.01945E+02
9.05731201E+07,-9.55854E+01
9.05761719E+07,-9.51654E+01
9.05792236E+07,-9.80054E+01
9.05822754E+07,-9.41854E+01
9.05853271E+07,-9.41854E+01
9.05883789E+07,-1.09585E+02
9.05914307E+07,-1.03885E+02
9.05944824E+07,-9.83454E+01
9.05975342E+07,-9.53654E+01
9.06005859E+07,-9.47054E+01
9.06036377E+07,-9.85854E+01
9.06066895E+07,-1.06785E+02
9.06097412E+07,-9.90454E+01
9.06127930E+07,-9.39254E+01
9.06158447E+07,-1.01105E+02
9.06188965E+07,-9.91854E+01
9.06219482E+07,-9.90254E+01
9.06250000E+07,-9.70854E+01
9.06280518E+07,-9.45854E+01
9.06311035E+07,-9.67854E+01
9.06341553E+07,-1.02625E+02
9.06372070E+07,-1.18305E+02
9.06402588E+07,-1.09965E+02
9.06433105E+07,-1.05165E+02
9.06463623E+07,-1.02205E+02
9.06494141E+07,-1.08145E+02
9.06524658E+07,-9.93854E+01
9.06555176E+07,-9.85054E+01
9.06585693E+07,-9.89054E+01
9.06616211E+07,-1.02165E+02
9.06646729E+07,-9.90254E+01
9.06677246E+07,-1.01085E+02
9.06707764E+07,-1.09205E+02
9.06738281E+07,-1.07365E+02
9.06768799E+07,-9.70654E+01
9.06799316E+07,-9.87254E+01
9.06829834E+07,-1.00625E+02
9.06860352E+07,-1.02385E+02
9.06890869E+07,-1.04465E+02
9.06921387E+07,-9.72254E+01
9.06951904E+07,-9.44654E+01
9.06982422E+07,-1.00605E+02
9.07012939E+07,-1.02445E+02
9.07043457E+07,-9.88654E+01
9.07073975E+07,-9.66654E+01
9.07104492E+07,-1.12625E+02
9.07135010E+07,-1.04845E+02
9.07165527E+07,-1.00645E+02
9.07196045E+07,-1.00645E+02
9.07226562E+07,-9.41454E+01
9.07257080E+07,-9.28054E+01
9.07287598E+07,-9.54054E+01
9.07318115E+07,-1.00445E+02
9.07348633E+07,-1.03725E+02
9.07379150E+07,-1.01805E+02
9.07409668E+07,-1.03765E+02
9.07440186E+07,-1.00945E+02
9.07470703E+07,-9.97854E+01
9.07501221E+07,-1.07985E+02
9.07531738E+07,-1.01805E+02
9.07562256E+07,-1.01745E+02
9.07592773E+07,-9.53854E+01
9.07623291E+07,-9.99254E+01
9.07653809E+07,-9.93054E+01
9.07684326E+07,-9.78654E+01
9.07714844E+07,-1.02245E+02
9.07745361E+07,-9.95054E+01
9.07775879E+07,-1.00165E+02
9.07806396E+07,-1.02825E+02
9.07836914E+07,-9.80854E+01
9.07867432E+07,-1.01625E+02
9.07897949E+07,-1.03365E+02
9.07928467E+07,-9.83054E+01
9.07958984E+07,-9.76054E+01
9.07989502E+07,-1.08745E+02
9.08020020E+07,-1.04405E+02
9.08050537E+07,-9.97254E+01
9.08081055E+07,-9.87854E+01
9.08111572E+07,-1.09885E+02
9.08142090E+07,-1.01125E+02
9.08172607E+07,-1.02825E+02
9.08203125E+07,-1.03365E+02
9.08233643E+07,-9.80254E+01
9.08264160E+07,-9.57254E+01
9.08294678E+07,-9.77254E+01
9.08325195E+07,-1.02145E+02
9.08355713E+07,-9.78854E+01
9.08386230E+07,-1.01505E+02
9.08416748E+07,-9.83054E+01
9.08447266E+07,-9.59054E+01
9.08477783E+07,-9.95054E+01
9.08508301E+07,-1.00865E+02
9.08538818E+07,-1.02825E+02
9.08569336E+07,-1.03165E+02
9.08599854E+07,-1.04805E+02
9.08630371E+07,-1.01165E+02
9.08660889E+07,-9.68254E+01
9.08691406E+07,-9.71454E+01
9.08721924E+07,-1.02985E+02
9.08752441E+07,-1.23805E+02
9.08782959E+07,-1.02305E+02
9.08813477E+07,-9.66254E+01
9.08843994E+07,-9.83854E+01
9.08874512E+07,-9.59254E+01
9.08905029E+07,-1.04185E+02
9.08935547E+07,-1.04945E+02
9.08966064E+07,-1.06725E+02
9.08996582E+07,-9.53454E+01
9.09027100E+07,-9.20854E+01
9.09057617E+07,-1.00865E+02
9.09088135E+07,-1.09025E+02
9.09118652E+07,-1.02985E+02
9.09149170E+07,-1.03405E+02
9.09179688E+07,-1.07585E+02
9.09210205E+07,-9.72854E+01
9.09240723E+07,-9.05654E+01
9.09271240E+07,-9.13054E+01
9.09301758E+07,-1.01085E+02
9.09332275E+07,-1.02145E+02
9.09362793E+07,-9.97854E+01
9.09393311E+07,-1.05265E+02
9.09423828E+07,-1.03545E+02
9.09454346E+07,-9.85254E+01
9.09484863E+07,-1.04425E+02
9.09515381E+07,-1.09245E+02
9.09545898E+07,-1.11905E+02
9.09576416E+07,-9.96254E+01
9.09606934E+07,-9.48854E+01
9.09637451E+07,-9.52654E+01
9.09667969E+07,-9.44654E+01
9.09698486E+07,-9.55854E+01
9.09729004E+07,-9.84654E+01
9.09759521E+07,-9.89854E+01
9.09790039E+07,-1.03325E+02
9.09820557E+07,-1.01505E+02
9.09851074E+07,-1.05145E+02
9.09881592E+07,-1.06965E+02
9.09912109E+07,-9.78654E+01
9.09942627E+07,-9.45254E+01
9.09973145E+07,-9.71254E+01
9.10003662E+07,-1.09185E+02
9.10034180E+07,-1.15725E+02
9.10064697E+07,-9.91054E+01
9.10095215E+07,-9.38054E+01
9.10125732E+07,-1.01865E+02
9.10156250E+07,-1.03445E+02
9.10186768E+07,-1.00485E+02
9.10217285E+07,-9.96654E+01
9.10247803E+07,-1.00865E+02
9.10278320E+07,-9.97654E+01
9.10308838E+07,-1.02065E+02
9.10339355E+07,-1.01945E+02
9.10369873E+07,-9.34054E+01
9.10400391E+07,-9.87254E+01
9.10430908E+07,-1.01625E+02
9.10461426E+07,-1.03125E+02
9.10491943E+07,-9.44854E+01
9.10522461E+07,-9.77454E+01
9.10552979E+07,-9.97854E+01
9.10583496E+07,-1.00585E+02
9.10614014E+07,-1.08465E+02
9.10644531E+07,-1.00105E+02
9.10675049E+07,-1.04605E+02
9.10705566E+07,-9.82254E+01
9.10736084E+07,-9.95454E+01
9.10766602E+07,-9.81454E+01
9.10797119E+07,-9.71654E+01
9.10827637E+07,-9.84454E+01
9.10858154E+07,-1.02305E+02
9.10888672E+07,-1.00145E+02
9.10919189E+07,-9.86054E+01
9.10949707E+07,-9.81854E+01
9.10980225E+07,-1.01645E+02
9.11010742E+07,-9.62654E+01
9.11041260E+07,-1.02285E+02
9.11071777E+07,-1.02765E+02
9.11102295E+07,-9.54454E+01
9.11132812E+07,-9.75454E+01
9.11163330E+07,-1.08125E+02
9.11193848E+07,-1.03265E+02
9.11224365E+07,-9.86854E+01
9.11254883E+07,-9.75254E+01
9.11285400E+07,-1.08165E+02
9.11315918E+07,-9.82854E+01
9.11346436E+07,-9.93854E+01
9.11376953E+07,-9.89654E+01
9.11407471E+07,-9.97654E+01
9.11437988E+07,-1.02625E+02
9.11468506E+07,-9.70054E+01
9.11499023E+07,-1.03165E+02
9.11529541E+07,-1.02905E+02
9.11560059E+07,-1.01745E+02
9.11590576E+07,-9.81854E+01
9.11621094E+07,-1.01165E+02
9.11651611E+07,-1.08165E+02
9.11682129E+07,-9.68454E+01
9.11712646E+07,-9.50854E+01
9.11743164E+07,-1.06505E+02
9.11773682E+07,-1.02705E+02
9.11804199E+07,-1.02685E+02
9.11834717E+07,-1.06685E+02
9.11865234E+07,-1.06285E+02
9.11895752E+07,-1.09905E+02
9.11926270E+07,-1.07785E+02
9.11956787E+07,-1.03545E+02
9.11987305E+07,-9.71854E+01
9.12017822E+07,-9.78854E+01
9.12048340E+07,-9.56654E+01
9.12078857E+07,-1.01685E+02
9.12109375E+07,-1.12425E+02
9.12139893E+07,-1.02985E+02
9.12170410E+07,-1.00725E+02
9.12200928E+07,-1.07445E+02
9.12231445E+07,-9.34654E+01
9.12261963E+07,-9.04054E+01
9.12292480E+07,-9.97654E+01
9.12322998E+07,-1.02325E+02
9.12353516E+07,-9.68854E+01
9.12384033E+07,-1.03365E+02
9.12414551E+07,-1.05605E+02
9.12445068E+07,-9.98254E+01
9.12475586E+07,-1.02905E+02
9.12506104E+07,-1.00585E+02
9.12536621E+07,-9.19454E+01
9.12567139E+07,-9.15654E+01
9.12597656E+07,-9.66654E+01
9.12628174E+07,-1.01585E+02
9.12658691E+07,-1.03845E+02
9.12689209E+07,-1.02085E+02
9.12719727E+07,-1.03065E+02
9.12750244E+07,-1.02505E+02
9.12780762E+07,-1.04845E+02
9.12811279E+07,-1.01705E+02
9.12841797E+07,-1.00405E+02
9.12872314E+07,-1.02565E+02
9.12902832E+07,-9.67054E+01
9.12933350E+07,-9.70054E+01
9.12963867E+07,-1.12745E+02
9.12994385E+07,-9.72654E+01
9.13024902E+07,-9.63054E+01
9.13055420E+07,-1.04505E+02
9.13085938E+07,-1.01365E+02
9.13116455E+07,-9.79454E+01
9.13146973E+07,-9.68854E+01
9.13177490E+07,-9.68254E+01
9.13208008E+07,-1.03965E+02
9.13238525E+07,-1.04085E+02
9.13269043E+07,-1.04725E+02
9.13299561E+07,-1.02705E+02
9.13330078E+07,-9.72454E+01
9.13360596E+07,-9.53854E+01
9.13391113E+07,-1.07045E+02
9.13421631E+07,-1.04585E+02
9.13452148E+07,-9.93254E+01
9.13482666E+07,-9.81254E+01
9.13513184E+07,-1.02065E+02
9.13543701E+07,-1.01745E+02
9.13574219E+07,-9.94254E+01
9.13604736E+07,-1.11525E+02
9.13635254E+07,-9.53254E+01
9.13665771E+07,-9.10454E+01
9.13696289E+07,-9.53254E+01
9.13726807E+07,-1.01645E+02
9.13757324E+07,-1.04325E+02
9.13787842E+07,-9.79854E+01
9.13818359E+07,-9.82454E+01
9.13848877E+07,-9.56854E+01
9.13879395E+07,-1.01965E+02
9.13909912E+07,-1.03725E+02
9.13940430E+07,-1.00025E+02
9.13970947E+07,-9.85454E+01
9.14001465E+07,-9.56654E+01
9.14031982E+07,-1.01685E+02
9.14062500E+07,-1.02065E+02
9.14093018E+07,-9.70454E+01
9.14123535E+07,-9.61854E+01
9.14154053E+07,-9.74454E+01
9.14184570E+07,-1.01085E+02
9.14215088E+07,-1.17225E+02
9.14245605E+07,-9.78854E+01
9.14276123E+07,-9.99854E+01
9.14306641E+07,-1.01185E+02
9.14337158E+07,-9.77054E+01
9.14367676E+07,-9.98454E+01
9.14398193E+07,-9.94454E+01
9.14428711E+07,-9.90854E+01
9.14459229E+07,-1.08205E+02
9.14489746E+07,-1.06805E+02
9.14520264E+07,-1.01645E+02
9.14550781E+07,-9.89254E+01
9.14581299E+07,-1.01945E+02
9.14611816E+07,-9.94454E+01
9.14642334E+07,-9.63054E+01
9.14672852E+07,-9.23654E+01
9.14703369E+07,-9.74254E+01
9.14733887E+07,-1.01545E+02
9.14764404E+07,-9.70854E+01
9.14794922E+07,-9.15054E+01
9.14825439E+07,-9.57654E+01
9.14855957E+07,-1.01365E+02
9.14886475E+07,-9.57654E+01
9.14916992E+07,-9.47854E+01
9.14947510E+07,-1.00925E+02
9.14978027E+07,-1.01885E+02
9.15008545E+07,-1.01025E+02
9.15039062E+07,-9.52054E+01
9.15069580E+07,-9.61854E+01
9.15100098E+07,-9.91454E+01
9.15130615E+07,-9.55854E+01
9.15161133E+07,-9.75454E+01
9.15191650E+07,-1.03805E+02
9.15222168E+07,-9.91854E+01
9.15252686E+07,-9.56054E+01
9.15283203E+07,-1.04085E+02
9.15313721E+07,-9.34054E+01
9.15344238E+07,-9.40454E+01
9.15374756E+07,-1.07425E+02
9.15405273E+07,-9.98654E+01
9.15435791E+07,-9.92054E+01
9.15466309E+07,-9.44854E+01
9.15496826E+07,-1.07565E+02
9.15527344E+07,-9.43254E+01
9.15557861E+07,-9.58854E+01
9.15588379E+07,-1.08885E+02
9.15618896E+07,-1.06745E+02
9.15649414E+07,-9.52254E+01
9.15679932E+07,-9.17054E+01
9.15710449E+07,-9.44254E+01
9.15740967E+07,-9.87654E+01
9.15771484E+07,-9.55254E+01
9.15802002E+07,-9.92454E+01
9.15832520E+07,-1.03625E+02
9.15863037E+07,-1.01965E+02
9.15893555E+07,-1.05565E+02
9.15924072E+07,-1.06185E+02
9.15954590E+07,-9.82854E+01
9.15985107E+07,-9.90054E+01
9.16015625E+07,-9.63654E+01
9.16046143E+07,-9.84254E+01
9.16076660E+07,-1.03545E+02
9.16107178E+07,-1.02205E+02
9.16137695E+07,-9.97254E+01
9.16168213E+07,-1.01745E+02
9.16198730E+07,-1.00725E+02
9.16229248E+07,-9.43454E+01
9.16259766E+07,-9.45854E+01
9.16290283E+07,-1.06485E+02
9.16320801E+07,-9.76854E+01
9.16351318E+07,-9.59254E+01
9.16381836E+07,-1.11345E+02
9.16412354E+07,-1.08145E+02
9.16442871E+07,-1.00765E+02
9.16473389E+07,-1.09545E+02
9.16503906E+07,-1.04845E+02
9.16534424E+07,-1.03725E+02
9.16564941E+07,-1.02645E+02
9.16595459E+07,-1.04865E+02
9.16625977E+07,-1.11485E+02
9.16656494E+07,-9.95254E+01
9.16687012E+07,-9.98054E+01
9.16717529E+07,-1.00325E+02
9.16748047E+07,-9.26454E+01
9.16778564E+07,-9.47854E+01
9.16809082E+07,-9.78054E+01
9.16839600E+07,-9.57254E+01
9.16870117E+07,-1.01065E+02
9.16900635E+07,-1.00905E+02
9.16931152E+07,-9.68454E+01
9.16961670E+07,-1.01505E+02
9.16992188E+07,-9.59654E+01
9.17022705E+07,-9.73054E+01
9.17053223E+07,-1.03325E+02
9.17083740E+07,-1.10865E+02
9.17114258E+07,-1.21165E+02
9.17144775E+07,-1.09285E+02
9.17175293E+07,-1.03265E+02
9.17205811E+07,-1.08505E+02
9.17236328E+07,-1.03705E+02
9.17266846E+07,-1.01685E+02
9.17297363E+07,-1.03885E+02
9.17327881E+07,-1.07505E+02
9.17358398E+07,-1.15385E+02
9.17388916E+07,-1.00085E+02
9.17419434E+07,-1.06705E+02
9.17449951E+07,-1.02805E+02
9.17480469E+07,-9.64054E+01
9.17510986E+07,-9.54854E+01
9.17541504E+07,-9.99454E+01
9.17572021E+07,-1.11625E+02
9.17602539E+07,-9.88054E+01
9.17633057E+07,-1.06405E+02
9.17663574E+07,-1.02005E+02
9.17694092E+07,-9.81854E+01
9.17724609E+07,-1.14085E+02
9.17755127E+07,-9.71054E+01
9.17785645E+07,-9.77654E+01
9.17816162E+07,-1.01905E+02
9.17846680E+07,-1.03545E+02
9.17877197E+07,-1.04005E+02
9.17907715E+07,-1.00165E+02
9.17938232E+07,-9.63654E+01
9.17968750E+07,-9.45454E+01
9.17999268E+07,-9.75254E+01
9.18029785E+07,-1.05645E+02
9.18060303E+07,-1.06305E+02
9.18090820E+07,-1.04845E+02
9.18121338E+07,-1.08325E+02
9.18151855E+07,-1.02985E+02
9.18182373E+07,-1.13505E+02
9.18212891E+07,-9.89854E+01
9.18243408E+07,-9.44454E+01
9.18273926E+07,-9.66854E+01
9.18304443E+07,-9.99854E+01
9.18334961E+07,-1.03065E+02
9.18365479E+07,-1.11225E+02
9.18395996E+07,-1.02965E+02
9.18426514E+07,-1.01405E+02
9.18457031E+07,-9.74654E+01
9.18487549E+07,-9.70454E+01
9.18518066E+07,-1.04145E+02
9.18548584E+07,-9.92654E+01
9.18579102E+07,-9.85854E+01
9.18609619E+07,-1.00985E+02
9.18640137E+07,-9.69454E+01
9.18670654E+07,-9.44854E+01
9.18701172E+07,-9.79854E+01
9.18731689E+07,-1.06045E+02
9.18762207E+07,-1.07425E+02
9.18792725E+07,-1.08165E+02
9.18823242E+07,-1.13225E+02
9.18853760E+07,-1.17625E+02
9.18884277E+07,-1.06745E+02
9.18914795E+07,-1.05285E+02
9.18945312E+07,-1.09245E+02
9.18975830E+07,-1.05565E+02
9.19006348E+07,-1.01685E+02
9.19036865E+07,-1.12125E+02
9.19067383E+07,-1.07305E+02
9.19097900E+07,-9.99454E+01
9.19128418E+07,-9.60054E+01
9.19158936E+07,-9.69054E+01
9.19189453E+07,-1.04665E+02
9.19219971E+07,-1.04345E+02
9.19250488E+07,-1.03925E+02
9.19281006E+07,-1.10525E+02
9.19311523E+07,-1.23305E+02
9.19342041E+07,-1.01765E+02
9.19372559E+07,-9.58854E+01
9.19403076E+07,-1.02505E+02
9.19433594E+07,-9.76854E+01
9.19464111E+07,-9.58454E+01
9.19494629E+07,-9.61654E+01
9.19525146E+07,-9.65454E+01
9.19555664E+07,-1.00165E+02
9.19586182E+07,-1.00685E+02
9.19616699E+07,-1.04225E+02
9.19647217E+07,-1.02205E+02
9.19677734E+07,-9.91054E+01
9.19708252E+07,-9.60854E+01
9.19738770E+07,-9.85854E+01
9.19769287E+07,-1.07865E+02
9.19799805E+07,-1.02245E+02
9.19830322E+07,-1.03025E+02
9.19860840E+07,-1.00125E+02
9.19891357E+07,-1.11765E+02
9.19921875E+07,-9.68054E+01
9.19952393E+07,-9.57654E+01
9.19982910E+07,-1.01325E+02
9.20013428E+07,-1.00825E+02
9.20043945E+07,-1.00745E+02
9.20074463E+07,-1.08445E+02
9.20104980E+07,-9.76054E+01
9.20135498E+07,-9.85854E+01
9.20166016E+07,-1.00545E+02
9.20196533E+07,-9.88454E+01
9.20227051E+07,-9.69054E+01
9.20257568E+07,-9.92654E+01
9.20288086E+07,-9.84454E+01
9.20318604E+07,-9.95454E+01
9.20349121E+07,-9.82654E+01
9.20379639E+07,-9.74254E+01
9.20410156E+07,-1.02225E+02
9.20440674E+07,-1.20125E+02
9.20471191E+07,-1.07785E+02
9.20501709E+07,-1.01585E+02
9.20532227E+07,-1.01985E+02
9.20562744E+07,-1.04845E+02
9.20593262E+07,-1.12865E+02
9.20623779E+07,-1.06025E+02
9.20654297E+07,-9.99654E+01
9.20684814E+07,-9.76054E+01
9.20715332E+07,-1.04005E+02
9.20745850E+07,-1.01645E+02
9.20776367E+07,-1.03725E+02
9.20806885E+07,-9.76654E+01
9.20837402E+07,-9.56654E+01
9.20867920E+07,-9.48854E+01
9.20898438E+07,-9.97054E+01
9.20928955E+07,-1.05045E+02
9.20959473E+07,-1.02705E+02
9.20989990E+07,-9.79654E+01
9.21020508E+07,-9.50054E+01
9.21051025E+07,-9.17854E+01
9.21081543E+07,-9.24454E+01
9.21112061E+07,-9.70654E+01
9.21142578E+07,-9.63654E+01
9.21173096E+07,-9.95654E+01
9.21203613E+07,-9.64254E+01
9.21234131E+07,-9.40854E+01
9.21264648E+07,-9.94454E+01
9.21295166E+07,-1.13845E+02
9.21325684E+07,-1.27165E+02
9.21356201E+07,-1.04665E+02
9.21386719E+07,-1.00585E+02
9.21417236E+07,-9.56054E+01
9.21447754E+07,-9.35054E+01
9.21478271E+07,-9.40854E+01
9.21508789E+07,-1.04625E+02
9.21539307E+07,-1.04965E+02
9.21569824E+07,-9.43454E+01
9.21600342E+07,-9.67454E+01
9.21630859E+07,-1.00425E+02
9.21661377E+07,-1.18085E+02
9.21691895E+07,-9.81654E+01
9.21722412E+07,-9.42854E+01
9.21752930E+07,-9.41454E+01
9.21783447E+07,-9.95654E+01
9.21813965E+07,-1.01145E+02
9.21844482E+07,-9.41454E+01
9.21875000E+07,-9.87654E+01
9.21905518E+07,-1.07205E+02
9.21936035E+07,-1.04405E+02
9.21966553E+07,-9.54254E+01
9.21997070E+07,-9.46854E+01
9.22027588E+07,-9.77854E+01
9.22058105E+07,-9.60054E+01
9.22088623E+07,-9.88454E+01
9.22119141E+07,-1.07285E+02
9.22149658E+07,-1.03305E+02
9.22180176E+07,-1.01805E+02
9.22210693E+07,-1.06845E+02
9.22241211E+07,-1.02205E+02
9.22271729E+07,-1.01285E+02
9.22302246E+07,-1.05225E+02
9.22332764E+07,-1.04045E+02
9.22363281E+07,-1.15865E+02
9.22393799E+07,-1.02365E+02
9.22424316E+07,-1.09985E+02
9.22454834E+07,-1.03925E+02
9.22485352E+07,-9.69254E+01
9.22515869E+07,-9.37654E+01
9.22546387E+07,-9.44854E+01
9.22576904E+07,-9.70454E+01
9.22607422E+07,-1.01685E+02
9.22637939E+07,-1.03705E+02
9.22668457E+07,-1.04725E+02
9.22698975E+07,-9.98054E+01
9.22729492E+07,-1.00905E+02
9.22760010E+07,-1.10665E+02
9.22790527E+07,-1.11445E+02
9.22821045E+07,-1.03805E+02
9.22851562E+07,-9.87854E+01
9.22882080E+07,-9.78254E+01
9.22912598E+07,-1.02745E+02
9.22943115E+07,-9.70654E+01
9.22973633E+07,-9.69854E+01
9.23004150E+07,-9.62454E+01
9.23034668E+07,-1.01245E+02
9.23065186E+07,-1.08345E+02
9.23095703E+07,-9.96654E+01
9.23126221E+07,-9.84854E+01
9.23156738E+07,-9.93454E+01
9.23187256E+07,-1.01065E+02
9.23217773E+07,-1.05065E+02
9.23248291E+07,-9.68654E+01
9.23278809E+07,-9.93454E+01
9.23309326E+07,-1.00305E+02
9.23339844E+07,-1.08585E+02
9.23370361E+07,-1.03465E+02
9.23400879E+07,-1.07725E+02
9.23431396E+07,-9.93254E+01
9.23461914E+07,-9.43654E+01
9.23492432E+07,-9.55254E+01
9.23522949E+07,-1.03085E+02
9.23553467E+07,-1.01485E+02
9.23583984E+07,-1.02625E+02
9.23614502E+07,-1.00045E+02
9.23645020E+07,-9.63854E+01
9.23675537E+07,-9.72854E+01
9.23706055E+07,-9.59454E+01
9.23736572E+07,-9.34054E+01
9.23767090E+07,-9.50854E+01
9.23797607E+07,-9.98654E+01
9.23828125E+07,-1.06605E+02
9.23858643E+07,-1.14845E+02
9.23889160E+07,-1.16465E+02
9.23919678E+07,-1.07125E+02
9.23950195E+07,-9.75854E+01
9.23980713E+07,-9.51254E+01
9.24011230E+07,-9.83454E+01
9.24041748E+07,-1.06785E+02
9.24072266E+07,-1.07045E+02
9.24102783E+07,-1.12145E+02
9.24133301E+07,-1.06465E+02
9.24163818E+07,-1.08385E+02
9.24194336E+07,-1.12065E+02
9.24224854E+07,-9.79854E+01
9.24255371E+07,-9.36254E+01
9.24285889E+07,-1.00465E+02
9.24316406E+07,-1.06465E+02
9.24346924E+07,-1.00265E+02
9.24377441E+07,-9.90254E+01
9.24407959E+07,-1.06905E+02
9.24438477E+07,-9.73654E+01
9.24468994E+07,-1.08285E+02
9.24499512E+07,-9.53654E+01
9.24530029E+07,-9.41454E+01
9.24560547E+07,-9.89854E+01
9.24591064E+07,-1.02125E+02
9.24621582E+07,-1.03925E+02
9.24652100E+07,-1.01565E+02
9.24682617E+07,-9.67854E+01
9.24713135E+07,-9.48254E+01
9.24743652E+07,-1.00385E+02
9.24774170E+07,-1.04145E+02
9.24804688E+07,-1.07425E+02
9.24835205E+07,-1.06185E+02
9.24865723E+07,-9.97854E+01
9.24896240E+07,-1.00365E+02
9.24926758E+07,-9.89454E+01
9.24957275E+07,-9.62454E+01
9.24987793E+07,-9.33654E+01
9.25018311E+07,-9.39254E+01
9.25048828E+07,-1.03705E+02
9.25079346E+07,-1.08965E+02
9.25109863E+07,-1.04085E+02
9.25140381E+07,-1.07925E+02
9.25170898E+07,-9.47054E+01
9.25201416E+07,-9.43654E+01
9.25231934E+07,-9.24254E+01
9.25262451E+07,-9.43454E+01
9.25292969E+07,-1.00125E+02
9.25323486E+07,-9.58254E+01
9.25354004E+07,-9.56054E+01
9.25384521E+07,-9.63854E+01
9.25415039E+07,-1.01625E+02
9.25445557E+07,-9.83854E+01
9.25476074E+07,-1.02905E+02
9.25506592E+07,-9.90654E+01
9.25537109E+07,-1.00725E+02
9.25567627E+07,-1.03305E+02
9.25598145E+07,-1.01205E+02
9.25628662E+07,-9.78454E+01
9.25659180E+07,-1.01785E+02
9.25689697E+07,-1.05045E+02
9.25720215E+07,-9.52454E+01
9.25750732E+07,-9.31254E+01
9.25781250E+07,-9.54654E+01
9.25811768E+07,-9.40054E+01
9.25842285E+07,-9.78654E+01
9.25872803E+07,-1.04465E+02
9.25903320E+07,-9.84654E+01
9.25933838E+07,-1.03165E+02
9.25964355E+07,-9.75454E+01
9.25994873E+07,-9.62254E+01
9.26025391E+07,-9.82054E+01
9.26055908E+07,-9.91654E+01
9.26086426E+07,-1.05525E+02
9.26116943E+07,-1.00125E+02
9.26147461E+07,-9.94454E+01
9.26177979E+07,-1.03725E+02
9.26208496E+07,-1.00785E+02
9.26239014E+07,-1.14845E+02
9.26269531E+07,-1.07445E+02
9.26300049E+07,-1.33305E+02
9.26330566E+07,-1.04185E+02
9.26361084E+07,-9.79854E+01
9.26391602E+07,-1.04945E+02
9.26422119E+07,-1.13365E+02
9.26452637E+07,-1.01345E+02
9.26483154E+07,-9.71654E+01
9.26513672E+07,-1.01125E+02
9.26544189E+07,-1.12925E+02
9.26574707E+07,-1.13845E+02
9.26605225E+07,-9.96254E+01
9.26635742E+07,-9.63454E+01
9.26666260E+07,-9.95854E+01
9.26696777E+07,-1.06625E+02
9.26727295E+07,-9.21454E+01
9.26757812E+07,-9.04654E+01
9.26788330E+07,-9.63054E+01
9.26818848E+07,-9.64054E+01
9.26849365E+07,-9.75454E+01
9.26879883E+07,-1.12585E+02
9.26910400E+07,-1.02705E+02
9.26940918E+07,-9.87054E+01
9.26971436E+07,-9.90054E+01
9.27001953E+07,-9.53454E+01
9.27032471E+07,-9.47054E+01
9.27062988E+07,-9.76654E+01
9.27093506E+07,-1.01825E+02
9.27124023E+07,-9.83054E+01
9.27154541E+07,-9.50654E+01
9.27185059E+07,-9.54254E+01
9.27215576E+07,-9.52854E+01
9.27246094E+07,-8.58254E+01
9.27276611E+07,-8.93054E+01
9.27307129E+07,-9.66854E+01
9.27337646E+07,-9.84654E+01
9.27368164E+07,-1.08225E+02
9.27398682E+07,-1.06225E+02
9.27429199E+07,-1.01865E+02
9.27459717E+07,-9.64054E+01
9.27490234E+07,-9.43054E+01
9.27520752E+07,-9.66454E+01
9.27551270E+07,-1.08425E+02
9.27581787E+07,-1.07205E+02
9.27612305E+07,-1.02485E+02
9.27642822E+07,-1.00325E+02
9.27673340E+07,-9.68054E+01
9.27703857E+07,-9.70654E+01
9.27734375E+07,-8.07854E+01
9.27764893E+07,-7.79054E+01
9.27795410E+07,-8.91254E+01
9.27825928E+07,-9.82654E+01
9.27856445E+07,-9.94854E+01
9.27886963E+07,-9.93654E+01
9.27917480E+07,-9.91854E+01
9.27947998E+07,-1.01545E+02
9.27978516E+07,-1.02125E+02
9.28009033E+07,-1.12765E+02
9.28039551E+07,-9.67454E+01
9.28070068E+07,-9.48254E+01
9.28100586E+07,-9.46254E+01
9.28131104E+07,-9.64654E+01
9.28161621E+07,-1.06505E+02
9.28192139E+07,-1.02425E+02
9.28222656E+07,-7.98254E+01
9.28253174E+07,-7.28054E+01
9.28283691E+07,-7.79854E+01
9.28314209E+07,-9.59054E+01
9.28344727E+07,-9.68054E+01
9.28375244E+07,-1.05385E+02
9.28405762E+07,-1.03505E+02
9.28436279E+07,-1.04625E+02
9.28466797E+07,-1.13325E+02
9.28497314E+07,-9.84854E+01
9.28527832E+07,-1.01805E+02
9.28558350E+07,-1.16245E+02
9.28588867E+07,-1.02305E+02
9.28619385E+07,-1.08305E+02
9.28649902E+07,-1.04005E+02
9.28680420E+07,-9.50254E+01
9.28710938E+07,-8.60254E+01
9.28741455E+07,-7.11254E+01
9.28771973E+07,-7.13854E+01
9.28802490E+07,-8.63254E+01
9.28833008E+07,-1.02925E+02
9.28863525E+07,-9.70654E+01
9.28894043E+07,-1.00205E+02
9.28924561E+07,-9.81854E+01
9.28955078E+07,-9.84054E+01
9.28985596E+07,-9.77854E+01
9.29016113E+07,-1.02525E+02
9.29046631E+07,-1.03705E+02
9.29077148E+07,-1.03225E+02
9.29107666E+07,-9.98654E+01
9.29138184E+07,-9.65854E+01
9.29168701E+07,-1.03885E+02
9.29199219E+07,-1.02385E+02
9.29229736E+07,-7.48854E+01
9.29260254E+07,-7.07254E+01
9.29290771E+07,-7.88254E+01
9.29321289E+07,-1.00025E+02
9.29351807E+07,-9.85854E+01
9.29382324E+07,-1.01805E+02
9.29412842E+07,-9.93454E+01
9.29443359E+07,-1.07685E+02
9.29473877E+07,-1.23805E+02
9.29504395E+07,-1.13805E+02
9.29534912E+07,-1.04325E+02
9.29565430E+07,-9.88654E+01
9.29595947E+07,-9.75254E+01
9.29626465E+07,-1.00125E+02
9.29656982E+07,-1.04805E+02
9.29687500E+07,-9.73654E+01
9.29718018E+07,-8.72454E+01
9.29748535E+07,-8.01454E+01
9.29779053E+07,-8.35454E+01
9.29809570E+07,-9.95454E+01
9.29840088E+07,-9.82854E+01
9.29870605E+07,-9.47454E+01
9.29901123E+07,-9.77854E+01
9.29931641E+07,-9.97254E+01
9.29962158E+07,-1.19305E+02
9.29992676E+07,-1.01085E+02
9.30023193E+07,-1.00745E+02
9.30053711E+07,-1.08125E+02
9.30084229E+07,-1.03705E+02
9.30114746E+07,-1.03725E+02
9.30145264E+07,-1.06485E+02
9.30175781E+07,-9.22454E+01
9.30206299E+07,-9.70054E+01
9.30236816E+07,-7.82654E+01
9.30267334E+07,-7.56054E+01
9.30297852E+07,-8.66654E+01
9.30328369E+07,-9.68254E+01
9.30358887E+07,-1.05785E+02
9.30389404E+07,-9.99654E+01
9.30419922E+07,-1.05325E+02
9.30450439E+07,-9.95854E+01
9.30480957E+07,-9.63854E+01
9.30511475E+07,-9.83054E+01
9.30541992E+07,-9.96254E+01
9.30572510E+07,-1.04385E+02
9.30603027E+07,-1.02125E+02
9.30633545E+07,-9.63654E+01
9.30664062E+07,-9.79654E+01
9.30694580E+07,-1.14325E+02
9.30725098E+07,-8.15854E+01
9.30755615E+07,-7.49854E+01
9.30786133E+07,-8.06654E+01
9.30816650E+07,-9.66254E+01
9.30847168E+07,-9.76854E+01
9.30877686E+07,-9.85454E+01
9.30908203E+07,-9.33654E+01
9.30938721E+07,-9.94854E+01
9.30969238E+07,-1.12505E+02
9.30999756E+07,-1.10485E+02
9.31030273E+07,-1.04605E+02
9.31060791E+07,-1.00185E+02
9.31091309E+07,-9.89854E+01
9.31121826E+07,-9.69254E+01
9.31152344E+07,-1.00545E+02
9.31182861E+07,-1.22305E+02
9.31213379E+07,-9.23854E+01
9.31243896E+07,-8.21654E+01
9.31274414E+07,-8.31654E+01
9.31304932E+07,-9.94654E+01
9.31335449E+07,-1.00945E+02
9.31365967E+07,-1.05165E+02
9.31396484E+07,-1.00945E+02
9.31427002E+07,-9.63054E+01
9.31457520E+07,-1.03165E+02
9.31488037E+07,-1.04085E+02
9.31518555E+07,-9.58654E+01
9.31549072E+07,-9.26454E+01
9.31579590E+07,-9.55654E+01
9.31610107E+07,-1.03225E+02
9.31640625E+07,-1.17785E+02
9.31671143E+07,-1.05265E+02
9.31701660E+07,-1.02645E+02
9.31732178E+07,-8.06854E+01
9.31762695E+07,-7.73254E+01
9.31793213E+07,-8.79854E+01
9.31823730E+07,-1.03325E+02
9.31854248E+07,-1.09785E+02
9.31884766E+07,-1.02765E+02
9.31915283E+07,-1.03085E+02
9.31945801E+07,-1.04265E+02
9.31976318E+07,-1.25025E+02
9.32006836E+07,-1.01545E+02
9.32037354E+07,-1.00405E+02
9.32067871E+07,-1.02445E+02
9.32098389E+07,-9.47254E+01
9.32128906E+07,-9.96854E+01
9.32159424E+07,-9.81654E+01
9.32189941E+07,-9.70254E+01
9.32220459E+07,-8.53854E+01
9.32250977E+07,-7.78854E+01
9.32281494E+07,-8.25254E+01
9.32312012E+07,-1.15285E+02
9.32342529E+07,-1.00345E+02
9.32373047E+07,-9.95454E+01
9.32403564E+07,-1.00485E+02
9.32434082E+07,-9.90454E+01
9.32464600E+07,-9.66854E+01
9.32495117E+07,-1.06185E+02
9.32525635E+07,-1.22745E+02
9.32556152E+07,-1.08425E+02
9.32586670E+07,-1.00705E+02
9.32617188E+07,-1.00225E+02
9.32647705E+07,-1.00005E+02
9.32678223E+07,-9.73454E+01
9.32708740E+07,-9.95054E+01
9.32739258E+07,-8.96654E+01
9.32769775E+07,-9.05054E+01
9.32800293E+07,-1.10945E+02
9.32830811E+07,-1.03965E+02
9.32861328E+07,-1.02225E+02
9.32891846E+07,-1.07765E+02
9.32922363E+07,-1.18525E+02
9.32952881E+07,-1.03585E+02
9.32983398E+07,-9.75454E+01
9.33013916E+07,-9.96254E+01
9.33044434E+07,-1.07845E+02
9.33074951E+07,-1.05185E+02
9.33105469E+07,-1.07205E+02
9.33135986E+07,-1.00525E+02
9.33166504E+07,-1.00765E+02
9.33197021E+07,-9.66654E+01
9.33227539E+07,-8.26854E+01
9.33258057E+07,-7.72854E+01
9.33288574E+07,-8.34654E+01
9.33319092E+07,-9.28254E+01
9.33349609E+07,-9.83454E+01
9.33380127E+07,-1.04885E+02
9.33410645E+07,-1.14185E+02
9.33441162E+07,-1.05425E+02
9.33471680E+07,-1.06865E+02
9.33502197E+07,-1.02005E+02
9.33532715E+07,-9.90854E+01
9.33563232E+07,-1.01305E+02
9.33593750E+07,-9.98454E+01
9.33624268E+07,-9.80854E+01
9.33654785E+07,-1.01825E+02
9.33685303E+07,-1.02205E+02
9.33715820E+07,-8.88254E+01
9.33746338E+07,-7.89854E+01
9.33776855E+07,-8.14454E+01
9.33807373E+07,-9.74654E+01
9.33837891E+07,-1.07505E+02
9.33868408E+07,-1.01665E+02
9.33898926E+07,-1.03225E+02
9.33929443E+07,-1.07325E+02
9.33959961E+07,-1.04805E+02
9.33990479E+07,-1.12965E+02
9.34020996E+07,-9.87454E+01
9.34051514E+07,-9.52654E+01
9.34082031E+07,-9.91654E+01
9.34112549E+07,-1.04545E+02
9.34143066E+07,-9.93454E+01
9.34173584E+07,-1.01285E+02
9.34204102E+07,-1.05745E+02
9.34234619E+07,-8.66454E+01
9.34265137E+07,-8.50254E+01
9.34295654E+07,-9.32654E+01
9.34326172E+07,-9.79854E+01
9.34356689E+07,-1.05705E+02
9.34387207E+07,-1.10365E+02
9.34417725E+07,-1.03965E+02
9.34448242E+07,-9.94454E+01
9.34478760E+07,-1.04225E+02
9.34509277E+07,-1.06645E+02
9.34539795E+07,-1.01885E+02
9.34570312E+07,-1.00065E+02
9.34600830E+07,-1.04585E+02
9.34631348E+07,-1.02585E+02
9.34661865E+07,-1.04825E+02
9.34692383E+07,-1.02205E+02
9.34722900E+07,-9.62054E+01
9.34753418E+07,-8.85454E+01
9.34783936E+07,-9.34054E+01
9.34814453E+07,-9.73454E+01
9.34844971E+07,-1.01645E+02
9.34875488E+07,-1.02705E+02
9.34906006E+07,-1.00805E+02
9.34936523E+07,-1.07545E+02
9.34967041E+07,-9.80254E+01
9.34997559E+07,-9.46054E+01
9.35028076E+07,-9.97854E+01
9.35058594E+07,-9.89454E+01
9.35089111E+07,-9.52054E+01
9.35119629E+07,-9.94454E+01
9.35150146E+07,-9.73054E+01
9.35180664E+07,-9.92854E+01
9.35211182E+07,-1.07405E+02
9.35241699E+07,-9.80054E+01
9.35272217E+07,-9.37654E+01
9.35302734E+07,-9.48854E+01
9.35333252E+07,-9.81654E+01
9.35363770E+07,-1.03405E+02
9.35394287E+07,-1.06885E+02
9.35424805E+07,-9.73454E+01
9.35455322E+07,-9.52854E+01
9.35485840E+07,-1.04465E+02
9.35516357E+07,-1.07625E+02
9.35546875E+07,-1.01025E+02
9.35577393E+07,-9.76654E+01
9.35607910E+07,-9.93054E+01
9.35638428E+07,-1.00925E+02
9.35668945E+07,-9.63654E+01
9.35699463E+07,-9.13654E+01
9.35729980E+07,-9.02854E+01
9.35760498E+07,-9.37254E+01
9.35791016E+07,-9.50254E+01
9.35821533E+07,-9.88254E+01
9.35852051E+07,-1.07985E+02
9.35882568E+07,-1.02565E+02
9.35913086E+07,-1.04385E+02
9.35943604E+07,-1.02165E+02
9.35974121E+07,-1.03625E+02
9.36004639E+07,-9.90854E+01
9.36035156E+07,-9.50454E+01
9.36065674E+07,-9.79654E+01
9.36096191E+07,-1.09905E+02
9.36126709E+07,-1.01885E+02
9.36157227E+07,-1.02645E+02
9.36187744E+07,-1.01225E+02
9.36218262E+07,-1.06525E+02
9.36248779E+07,-1.04505E+02
9.36279297E+07,-1.17345E+02
9.36309814E+07,-1.08125E+02
9.36340332E+07,-1.05625E+02
9.36370850E+07,-1.00905E+02
9.36401367E+07,-1.02445E+02
9.36431885E+07,-1.05125E+02
9.36462402E+07,-1.08385E+02
9.36492920E+07,-1.08305E+02
9.36523438E+07,-9.57454E+01
9.36553955E+07,-9.41854E+01
9.36584473E+07,-1.02865E+02
9.36614990E+07,-9.76054E+01
9.36645508E+07,-9.61054E+01
9.36676025E+07,-9.76254E+01
9.36706543E+07,-9.63654E+01
9.36737061E+07,-1.08885E+02
9.36767578E+07,-9.42254E+01
9.36798096E+07,-9.70454E+01
9.36828613E+07,-1.00065E+02
9.36859131E+07,-1.08925E+02
9.36889648E+07,-1.00605E+02
9.36920166E+07,-1.12245E+02
9.36950684E+07,-1.05525E+02
9.36981201E+07,-1.08085E+02
9.37011719E+07,-1.11865E+02
9.37042236E+07,-1.01445E+02
9.37072754E+07,-1.11285E+02
9.37103271E+07,-1.12625E+02
9.37133789E+07,-1.10965E+02
9.37164307E+07,-1.09485E+02
9.37194824E+07,-1.04705E+02
9.37225342E+07,-1.01545E+02
9.37255859E+07,-1.06125E+02
9.37286377E+07,-1.08525E+02
9.37316895E+07,-1.13225E+02
9.37347412E+07,-1.05745E+02
9.37377930E+07,-9.93254E+01
9.37408447E+07,-1.05105E+02
9.37438965E+07,-1.02525E+02
9.37469482E+07,-1.01325E+02
9.37500000E+07,-1.01905E+02
9.37530518E+07,-1.01185E+02
9.37561035E+07,-9.79254E+01
9.37591553E+07,-9.89254E+01
9.37622070E+07,-1.04505E+02
9.37652588E+07,-1.12365E+02
9.37683105E+07,-1.05625E+02
9.37713623E+07,-1.22565E+02
9.37744141E+07,-1.01705E+02
9.37774658E+07,-9.63654E+01
9.37805176E+07,-9.81054E+01
9.37835693E+07,-1.02425E+02
9.37866211E+07,-9.76254E+01
9.37896729E+07,-9.63854E+01
9.37927246E+07,-1.04225E+02
9.37957764E+07,-9.58454E+01
9.37988281E+07,-9.68054E+01
9.38018799E+07,-9.77454E+01
9.38049316E+07,-1.00605E+02
9.38079834E+07,-9.84254E+01
9.38110352E+07,-9.44654E+01
9.38140869E+07,-9.57654E+01
9.38171387E+07,-9.90854E+01
9.38201904E+07,-1.08385E+02
9.38232422E+07,-1.08645E+02
9.38262939E+07,-1.02225E+02
9.38293457E+07,-1.04225E+02
9.38323975E+07,-1.05985E+02
9.38354492E+07,-1.07105E+02
9.38385010E+07,-1.01585E+02
9.38415527E+07,-1.01905E+02
9.38446045E+07,-1.03085E+02
9.38476562E+07,-1.00925E+02
9.38507080E+07,-1.07365E+02
9.38537598E+07,-1.12805E+02
9.38568115E+07,-1.14005E+02
9.38598633E+07,-9.96254E+01
9.38629150E+07,-9.74654E+01
9.38659668E+07,-9.87654E+01
9.38690186E+07,-1.04005E+02
9.38720703E+07,-1.09525E+02
9.38751221E+07,-9.82254E+01
9.38781738E+07,-1.08005E+02
9.38812256E+07,-9.63254E+01
9.38842773E+07,-9.85454E+01
9.38873291E+07,-9.91654E+01
9.38903809E+07,-1.03545E+02
9.38934326E+07,-1.12145E+02
9.38964844E+07,-1.01785E+02
9.38995361E+07,-1.05305E+02
9.39025879E+07,-1.02445E+02
9.39056396E+07,-9.93254E+01
9.39086914E+07,-9.88254E+01
9.39117432E+07,-9.49454E+01
9.39147949E+07,-9.85054E+01
9.39178467E+07,-1.10585E+02
9.39208984E+07,-1.21005E+02
9.39239502E+07,-1.16805E+02
9.39270020E+07,-1.00545E+02
9.39300537E+07,-1.02445E+02
9.39331055E+07,-1.01545E+02
9.39361572E+07,-1.01305E+02
9.39392090E+07,-1.00965E+02
9.39422607E+07,-1.08885E+02
9.39453125E+07,-1.03305E+02
9.39483643E+07,-1.08505E+02
9.39514160E+07,-1.31245E+02
9.39544678E+07,-9.98254E+01
9.39575195E+07,-1.01085E+02
9.39605713E+07,-1.05285E+02
9.39636230E+07,-1.03805E+02
9.39666748E+07,-1.03765E+02
9.39697266E+07,-1.39205E+02
9.39727783E+07,-1.06585E+02
9.39758301E+07,-1.02365E+02
9.39788818E+07,-1.01965E+02
9.39819336E+07,-9.81854E+01
9.39849854E+07,-9.98254E+01
9.39880371E+07,-1.23305E+02
9.39910889E+07,-1.03965E+02
9.39941406E+07,-1.00165E+02
9.39971924E+07,-1.00985E+02
9.40002441E+07,-9.65054E+01
9.40032959E+07,-9.35454E+01
9.40063477E+07,-9.70654E+01
9.40093994E+07,-1.07925E+02
9.40124512E+07,-1.07765E+02
9.40155029E+07,-9.96254E+01
9.40185547E+07,-1.01305E+02
9.40216064E+07,-1.00225E+02
9.40246582E+07,-9.13854E+01
9.40277100E+07,-9.20654E+01
9.40307617E+07,-1.00205E+02
9.40338135E+07,-1.05265E+02
9.40368652E+07,-9.79254E+01
9.40399170E+07,-9.79254E+01
9.40429688E+07,-1.01345E+02
9.40460205E+07,-1.01945E+02
9.40490723E+07,-1.08985E+02
9.40521240E+07,-1.02825E+02
9.40551758E+07,-9.87254E+01
9.40582275E+07,-9.55254E+01
9.40612793E+07,-9.40054E+01
9.40643311E+07,-9.61854E+01
9.40673828E+07,-1.05325E+02
9.40704346E+07,-9.96054E+01
9.40734863E+07,-8.75254E+01
9.40765381E+07,-8.69254E+01
9.40795898E+07,-1.06865E+02
9.40826416E+07,-9.65054E+01
9.40856934E+07,-9.69254E+01
9.40887451E+07,-9.54454E+01
9.40917969E+07,-9.99454E+01
9.40948486E+07,-1.11625E+02
9.40979004E+07,-9.80054E+01
9.41009521E+07,-9.59454E+01
9.41040039E+07,-1.03065E+02
9.41070557E+07,-1.08545E+02
9.41101074E+07,-1.14965E+02
9.41131592E+07,-1.00105E+02
9.41162109E+07,-1.01905E+02
9.41192627E+07,-1.13465E+02
9.41223145E+07,-8.53854E+01
9.41253662E+07,-7.97054E+01
9.41284180E+07,-8.68454E+01
9.41314697E+07,-9.62054E+01
9.41345215E+07,-1.02525E+02
9.41375732E+07,-9.35054E+01
9.41406250E+07,-9.64654E+01
9.41436768E+07,-9.83854E+01
9.41467285E+07,-1.02865E+02
9.41497803E+07,-1.04225E+02
9.41528320E+07,-1.24945E+02
9.41558838E+07,-9.98654E+01
9.41589355E+07,-9.58854E+01
9.41619873E+07,-9.53854E+01
9.41650391E+07,-1.01245E+02
9.41680908E+07,-1.05165E+02
9.41711426E+07,-9.37654E+01
9.41741943E+07,-8.10454E+01
9.41772461E+07,-8.12854E+01
9.41802979E+07,-9.03654E+01
9.41833496E+07,-9.63454E+01
9.41864014E+07,-9.75054E+01
9.41894531E+07,-1.14785E+02
9.41925049E+07,-9.77854E+01
9.41955566E+07,-9.59254E+01
9.41986084E+07,-9.84254E+01
9.42016602E+07,-9.82854E+01
9.42047119E+07,-1.14345E+02
9.42077637E+07,-9.92654E+01
9.42108154E+07,-1.01025E+02
9.42138672E+07,-9.79054E+01
9.42169189E+07,-1.02965E+02
9.42199707E+07,-9.71054E+01
9.42230225E+07,-9.34454E+01
9.42260742E+07,-8.83654E+01
9.42291260E+07,-9.57054E+01
9.42321777E+07,-1.01805E+02
9.42352295E+07,-1.19445E+02
9.42382812E+07,-9.89454E+01
9.42413330E+07,-1.01905E+02
9.42443848E+07,-9.84654E+01
9.42474365E+07,-1.05965E+02
9.42504883E+07,-1.13805E+02
9.42535400E+07,-1.08405E+02
9.42565918E+07,-1.02625E+02
9.42596436E+07,-1.03545E+02
9.42626953E+07,-1.01365E+02
9.42657471E+07,-1.02685E+02
9.42687988E+07,-1.13705E+02
9.42718506E+07,-8.87654E+01
9.42749023E+07,-8.05654E+01
9.42779541E+07,-8.34654E+01
9.42810059E+07,-1.01285E+02
9.42840576E+07,-9.99854E+01
9.42871094E+07,-9.71854E+01
9.42901611E+07,-9.79054E+01
9.42932129E+07,-1.00105E+02
9.42962646E+07,-9.95054E+01
9.42993164E+07,-9.87454E+01
9.43023682E+07,-1.01365E+02
9.43054199E+07,-1.00265E+02
9.43084717E+07,-9.89454E+01
9.43115234E+07,-1.00745E+02
9.43145752E+07,-1.02625E+02
9.43176270E+07,-1.16385E+02
9.43206787E+07,-9.44054E+01
9.43237305E+07,-8.08854E+01
9.43267822E+07,-8.09454E+01
9.43298340E+07,-9.80454E+01
9.43328857E+07,-1.03625E+02
9.43359375E+07,-1.06745E+02
9.43389893E+07,-1.07925E+02
9.43420410E+07,-1.03265E+02
9.43450928E+07,-1.03225E+02
9.43481445E+07,-1.02045E+02
9.43511963E+07,-1.01045E+02
9.43542480E+07,-1.00505E+02
9.43572998E+07,-9.85054E+01
9.43603516E+07,-9.66854E+01
9.43634033E+07,-1.05765E+02
9.43664551E+07,-9.93254E+01
9.43695068E+07,-1.02365E+02
9.43725586E+07,-8.65054E+01
9.43756104E+07,-8.29854E+01
9.43786621E+07,-9.03254E+01
9.43817139E+07,-9.88454E+01
9.43847656E+07,-9.78454E+01
9.43878174E+07,-9.93054E+01
9.43908691E+07,-1.01125E+02
9.43939209E+07,-1.01645E+02
9.43969727E+07,-1.14445E+02
9.44000244E+07,-1.00565E+02
9.44030762E+07,-9.71854E+01
9.44061279E+07,-9.97054E+01
9.44091797E+07,-9.61054E+01
9.44122314E+07,-1.00825E+02
9.44152832E+07,-1.29925E+02
9.44183350E+07,-1.10125E+02
9.44213867E+07,-8.96054E+01
9.44244385E+07,-7.90454E+01
9.44274902E+07,-8.05654E+01
9.44305420E+07,-9.77654E+01
9.44335938E+07,-1.12965E+02
9.44366455E+07,-1.05225E+02
9.44396973E+07,-1.09205E+02
9.44427490E+07,-9.87254E+01
9.44458008E+07,-1.04845E+02
9.44488525E+07,-1.15725E+02
9.44519043E+07,-1.07445E+02
9.44549561E+07,-1.03305E+02
9.44580078E+07,-9.78454E+01
9.44610596E+07,-9.84254E+01
9.44641113E+07,-1.00045E+02
9.44671631E+07,-9.98654E+01
9.44702148E+07,-1.01205E+02
9.44732666E+07,-8.29654E+01
9.44763184E+07,-7.97854E+01
9.44793701E+07,-8.91054E+01
9.44824219E+07,-1.08485E+02
9.44854736E+07,-1.06885E+02
9.44885254E+07,-1.02805E+02
9.44915771E+07,-1.02985E+02
9.44946289E+07,-1.02165E+02
9.44976807E+07,-1.02645E+02
9.45007324E+07,-9.66054E+01
9.45037842E+07,-9.38854E+01
9.45068359E+07,-1.02485E+02
9.45098877E+07,-1.15545E+02
9.45129395E+07,-1.15885E+02
9.45159912E+07,-1.15905E+02
9.45190430E+07,-9.78254E+01
9.45220947E+07,-8.97654E+01
9.45251465E+07,-8.48854E+01
9.45281982E+07,-8.98654E+01
9.45312500E+07,-1.14285E+02
9.45343018E+07,-1.14265E+02
9.45373535E+07,-1.01705E+02
9.45404053E+07,-9.84254E+01
9.45434570E+07,-1.06525E+02
9.45465088E+07,-9.58854E+01
9.45495605E+07,-1.03365E+02
9.45526123E+07,-1.14605E+02
9.45556641E+07,-1.01665E+02
9.45587158E+07,-9.34454E+01
9.45617676E+07,-9.34454E+01
9.45648193E+07,-9.75254E+01
9.45678711E+07,-1.00265E+02
9.45709229E+07,-8.82254E+01
9.45739746E+07,-7.62854E+01
9.45770264E+07,-7.62454E+01
9.45800781E+07,-8.83254E+01
9.45831299E+07,-1.00525E+02
9.45861816E+07,-1.00105E+02
9.45892334E+07,-9.83454E+01
9.45922852E+07,-1.02985E+02
9.45953369E+07,-1.02285E+02
9.45983887E+07,-9.86054E+01
9.46014404E+07,-1.05985E+02
9.46044922E+07,-9.69254E+01
9.46075439E+07,-9.48654E+01
9.46105957E+07,-9.33654E+01
9.46136475E+07,-1.01025E+02
9.46166992E+07,-1.00365E+02
9.46197510E+07,-1.01785E+02
9.46228027E+07,-7.98254E+01
9.46258545E+07,-7.51254E+01
9.46289062E+07,-8.29054E+01
9.46319580E+07,-1.13185E+02
9.46350098E+07,-9.82254E+01
9.46380615E+07,-9.42654E+01
9.46411133E+07,-9.65654E+01
9.46441650E+07,-1.01965E+02
9.46472168E+07,-1.08765E+02
9.46502686E+07,-1.02765E+02
9.46533203E+07,-1.06585E+02
9.46563721E+07,-1.14565E+02
9.46594238E+07,-1.07885E+02
9.46624756E+07,-1.08665E+02
9.46655273E+07,-1.03925E+02
9.46685791E+07,-9.65654E+01
9.46716309E+07,-8.62254E+01
9.46746826E+07,-7.89054E+01
9.46777344E+07,-8.17054E+01
9.46807861E+07,-9.58254E+01
9.46838379E+07,-9.90054E+01
9.46868896E+07,-1.00745E+02
9.46899414E+07,-1.01225E+02
9.46929932E+07,-1.02565E+02
9.46960449E+07,-1.08105E+02
9.46990967E+07,-1.02745E+02
9.47021484E+07,-9.64054E+01
9.47052002E+07,-9.72254E+01
9.47082520E+07,-9.89854E+01
9.47113037E+07,-9.22854E+01
9.47143555E+07,-9.51254E+01
9.47174072E+07,-1.03885E+02
9.47204590E+07,-1.01305E+02
9.47235107E+07,-8.69854E+01
9.47265625E+07,-8.46654E+01
9.47296143E+07,-9.33054E+01
9.47326660E+07,-9.83454E+01
9.47357178E+07,-9.68854E+01
9.47387695E+07,-9.80054E+01
9.47418213E+07,-1.05885E+02
9.47448730E+07,-1.02225E+02
9.47479248E+07,-9.78054E+01
9.47509766E+07,-9.93854E+01
9.47540283E+07,-1.09205E+02
9.47570801E+07,-1.01785E+02
9.47601318E+07,-1.13025E+02
9.47631836E+07,-9.67854E+01
9.47662354E+07,-9.63054E+01
9.47692871E+07,-1.00685E+02
9.47723389E+07,-9.98654E+01
9.47753906E+07,-9.16254E+01
9.47784424E+07,-9.07654E+01
9.47814941E+07,-9.41854E+01
9.47845459E+07,-9.76454E+01
9.47875977E+07,-1.05405E+02
9.47906494E+07,-9.85654E+01
9.47937012E+07,-9.59254E+01
9.47967529E+07,-1.06885E+02
9.47998047E+07,-9.87254E+01
9.48028564E+07,-9.97254E+01
9.48059082E+07,-1.03845E+02
9.48089600E+07,-9.66654E+01
9.48120117E+07,-9.67854E+01
9.48150635E+07,-1.01045E+02
9.48181152E+07,-1.09065E+02
9.48211670E+07,-1.18865E+02
9.48242188E+07,-1.02645E+02
9.48272705E+07,-1.03265E+02
9.48303223E+07,-1.05885E+02
9.48333740E+07,-1.01885E+02
9.48364258E+07,-1.03885E+02
9.48394775E+07,-9.93454E+01
9.48425293E+07,-9.86254E+01
9.48455811E+07,-1.09245E+02
9.48486328E+07,-1.11105E+02
9.48516846E+07,-9.73654E+01
9.48547363E+07,-9.96054E+01
9.48577881E+07,-1.10005E+02
9.48608398E+07,-1.06285E+02
9.48638916E+07,-1.01765E+02
9.48669434E+07,-1.04305E+02
9.48699951E+07,-1.06285E+02
9.48730469E+07,-9.62254E+01
9.48760986E+07,-9.84254E+01
9.48791504E+07,-9.45254E+01
9.48822021E+07,-9.97854E+01
9.48852539E+07,-1.14145E+02
9.48883057E+07,-1.07285E+02
9.48913574E+07,-1.07525E+02
9.48944092E+07,-1.04225E+02
9.48974609E+07,-1.06065E+02
9.49005127E+07,-1.02985E+02
9.49035645E+07,-9.98654E+01
9.49066162E+07,-1.00885E+02
9.49096680E+07,-1.00045E+02
9.49127197E+07,-1.00185E+02
9.49157715E+07,-1.09265E+02
9.49188232E+07,-1.02865E+02
9.49218750E+07,-1.06765E+02
9.49249268E+07,-1.03805E+02
9.49279785E+07,-1.02825E+02
9.49310303E+07,-9.87654E+01
9.49340820E+07,-1.00065E+02
9.49371338E+07,-9.76854E+01
9.49401855E+07,-9.52054E+01
9.49432373E+07,-9.91454E+01
9.49462891E+07,-1.02485E+02
9.49493408E+07,-1.02365E+02
9.49523926E+07,-9.44854E+01
9.49554443E+07,-9.29854E+01
9.49584961E+07,-1.03505E+02
9.49615479E+07,-1.01745E+02
9.49645996E+07,-1.06845E+02
9.49676514E+07,-1.00345E+02
9.49707031E+07,-1.19445E+02
9.49737549E+07,-1.05845E+02
9.49768066E+07,-1.07445E+02
9.49798584E+07,-1.04005E+02
9.49829102E+07,-1.01085E+02
9.49859619E+07,-9.90054E+01
9.49890137E+07,-1.04685E+02
9.49920654E+07,-1.00605E+02
9.49951172E+07,-9.62054E+01
9.49981689E+07,-9.31654E+01
9.50012207E+07,-9.15654E+01
9.50042725E+07,-9.62654E+01
9.50073242E+07,-1.04365E+02
9.50103760E+07,-9.85254E+01
9.50134277E+07,-9.89054E+01
9.50164795E+07,-9.94854E+01
9.50195312E+07,-9.34454E+01
9.50225830E+07,-9.44654E+01
9.50256348E+07,-1.02745E+02
9.50286865E+07,-1.02285E+02
9.50317383E+07,-1.07345E+02
9.50347900E+07,-1.01885E+02
9.50378418E+07,-1.10465E+02
9.50408936E+07,-1.06645E+02
9.50439453E+07,-1.01965E+02
9.50469971E+07,-9.59854E+01
9.50500488E+07,-1.09045E+02
9.50531006E+07,-1.00425E+02
9.50561523E+07,-1.03805E+02
9.50592041E+07,-1.09385E+02
9.50622559E+07,-1.01005E+02
9.50653076E+07,-9.65054E+01
9.50683594E+07,-9.49254E+01
9.50714111E+07,-9.40854E+01
9.50744629E+07,-9.38054E+01
9.50775146E+07,-9.71654E+01
9.50805664E+07,-1.00785E+02
9.50836182E+07,-9.78854E+01
9.50866699E+07,-9.83254E+01
9.50897217E+07,-1.08185E+02
9.50927734E+07,-1.03365E+02
9.50958252E+07,-1.04365E+02
9.50988770E+07,-1.06685E+02
9.51019287E+07,-1.00065E+02
9.51049805E+07,-9.85454E+01
9.51080322E+07,-9.50654E+01
9.51110840E+07,-9.76254E+01
9.51141357E+07,-9.96054E+01
9.51171875E+07,-9.22054E+01
9.51202393E+07,-9.70854E+01
9.51232910E+07,-1.06685E+02
9.51263428E+07,-1.01025E+02
9.51293945E+07,-9.74654E+01
9.51324463E+07,-9.38454E+01
9.51354980E+07,-9.41854E+01
9.51385498E+07,-9.60454E+01
9.51416016E+07,-1.01985E+02
9.51446533E+07,-1.11985E+02
9.51477051E+07,-1.00605E+02
9.51507568E+07,-9.66854E+01
9.51538086E+07,-9.94454E+01
9.51568604E+07,-1.01805E+02
9.51599121E+07,-1.04305E+02
9.51629639E+07,-1.09925E+02
9.51660156E+07,-1.03165E+02
9.51690674E+07,-1.02385E+02
9.51721191E+07,-1.11325E+02
9.51751709E+07,-9.95854E+01
9.51782227E+07,-9.82454E+01
9.51812744E+07,-1.09005E+02
9.51843262E+07,-1.11325E+02
9.51873779E+07,-1.06065E+02
9.51904297E+07,-9.91654E+01
9.51934814E+07,-1.01705E+02
9.51965332E+07,-9.51654E+01
9.51995850E+07,-9.56454E+01
9.52026367E+07,-9.82054E+01
9.52056885E+07,-1.02865E+02
9.52087402E+07,-1.02765E+02
9.52117920E+07,-1.01685E+02
9.52148438E+07,-9.61854E+01
9.52178955E+07,-9.75454E+01
9.52209473E+07,-1.07845E+02
9.52239990E+07,-9.78654E+01
9.52270508E+07,-9.71654E+01
9.52301025E+07,-1.03885E+02
9.52331543E+07,-1.01785E+02
9.52362061E+07,-1.00605E+02
9.52392578E+07,-1.04045E+02
9.52423096E+07,-1.06445E+02
9.52453613E+07,-1.01545E+02
9.52484131E+07,-1.00125E+02
9.52514648E+07,-9.66854E+01
9.52545166E+07,-9.99254E+01
9.52575684E+07,-1.03085E+02
9.52606201E+07,-1.02165E+02
9.52636719E+07,-1.01325E+02
9.52667236E+07,-1.02385E+02
9.52697754E+07,-1.20625E+02
9.52728271E+07,-1.07525E+02
9.52758789E+07,-1.11565E+02
9.52789307E+07,-1.16005E+02
9.52819824E+07,-1.11745E+02
9.52850342E+07,-1.04685E+02
9.52880859E+07,-9.99654E+01
9.52911377E+07,-1.04405E+02
9.52941895E+07,-1.07285E+02
9.52972412E+07,-1.17365E+02
9.53002930E+07,-1.00005E+02
9.53033447E+07,-9.79254E+01
9.53063965E+07,-9.60254E+01
9.53094482E+07,-1.01905E+02
9.53125000E+07,-9.62854E+01
9.53155518E+07,-9.82054E+01
9.53186035E+07,-1.09265E+02
9.53216553E+07,-1.04685E+02
9.53247070E+07,-1.02365E+02
9.53277588E+07,-9.84054E+01
9.53308105E+07,-9.82254E+01
9.53338623E+07,-9.45454E+01
9.53369141E+07,-9.62854E+01
9.53399658E+07,-1.03325E+02
9.53430176E+07,-9.64054E+01
9.53460693E+07,-9.63654E+01
9.53491211E+07,-1.16185E+02
9.53521729E+07,-1.04965E+02
9.53552246E+07,-1.06205E+02
9.53582764E+07,-1.05465E+02
9.53613281E+07,-9.79454E+01
9.53643799E+07,-9.63854E+01
9.53674316E+07,-1.01485E+02
9.53704834E+07,-1.00045E+02
9.53735352E+07,-9.62254E+01
9.53765869E+07,-9.50854E+01
9.53796387E+07,-9.38054E+01
9.53826904E+07,-9.71654E+01
9.53857422E+07,-1.04185E+02
9.53887939E+07,-1.15725E+02
9.53918457E+07,-1.00405E+02
9.53948975E+07,-9.89454E+01
9.53979492E+07,-9.97254E+01
9.54010010E+07,-1.04925E+02
9.54040527E+07,-1.09865E+02
9.54071045E+07,-1.08845E+02
9.54101562E+07,-1.08745E+02
9.54132080E+07,-1.11085E+02
9.54162598E+07,-1.02505E+02
9.54193115E+07,-9.98654E+01
9.54223633E+07,-1.01485E+02
9.54254150E+07,-9.71454E+01
9.54284668E+07,-9.63254E+01
9.54315186E+07,-9.75254E+01
9.54345703E+07,-9.50854E+01
9.54376221E+07,-9.78454E+01
9.54406738E+07,-1.00365E+02
9.54437256E+07,-9.73454E+01
9.54467773E+07,-9.72054E+01
9.54498291E+07,-9.91054E+01
9.54528809E+07,-1.05225E+02
9.54559326E+07,-9.82654E+01
9.54589844E+07,-9.68054E+01
9.54620361E+07,-1.02165E+02
9.54650879E+07,-1.04725E+02
9.54681396E+07,-1.05985E+02
9.54711914E+07,-9.88054E+01
9.54742432E+07,-9.90454E+01
9.54772949E+07,-1.03705E+02
9.54803467E+07,-1.01485E+02
9.54833984E+07,-1.00725E+02
9.54864502E+07,-9.63254E+01
9.54895020E+07,-9.59454E+01
9.54925537E+07,-9.60254E+01
9.54956055E+07,-1.08085E+02
9.54986572E+07,-1.01225E+02
9.55017090E+07,-9.70654E+01
9.55047607E+07,-9.90454E+01
9.55078125E+07,-1.03445E+02
9.55108643E+07,-1.18705E+02
9.55139160E+07,-1.01245E+02
9.55169678E+07,-9.84854E+01
9.55200195E+07,-9.67454E+01
9.55230713E+07,-1.03405E+02
9.55261230E+07,-9.60454E+01
9.55291748E+07,-9.57054E+01
9.55322266E+07,-9.53454E+01
9.55352783E+07,-1.02005E+02
9.55383301E+07,-1.04485E+02
9.55413818E+07,-1.03225E+02
9.55444336E+07,-1.03185E+02
9.55474854E+07,-9.92254E+01
9.55505371E+07,-1.01385E+02
9.55535889E+07,-1.03125E+02
9.55566406E+07,-1.08845E+02
9.55596924E+07,-9.85454E+01
9.55627441E+07,-1.02485E+02
9.55657959E+07,-1.10065E+02
9.55688477E+07,-1.03885E+02
9.55718994E+07,-9.59854E+01
9.55749512E+07,-1.00005E+02
9.55780029E+07,-1.07885E+02
9.55810547E+07,-9.72454E+01
9.55841064E+07,-9.35454E+01
9.55871582E+07,-9.79054E+01
9.55902100E+07,-1.12985E+02
9.55932617E+07,-9.75654E+01
9.55963135E+07,-9.68854E+01
9.55993652E+07,-9.77654E+01
9.56024170E+07,-9.63854E+01
9.56054688E+07,-1.01085E+02
9.56085205E+07,-1.02205E+02
9.56115723E+07,-9.97054E+01
9.56146240E+07,-1.22005E+02
9.56176758E+07,-1.10445E+02
9.56207275E+07,-1.06105E+02
9.56237793E+07,-1.00485E+02
9.56268311E+07,-1.02005E+02
9.56298828E+07,-1.12245E+02
9.56329346E+07,-9.88054E+01
9.56359863E+07,-9.95254E+01
9.56390381E+07,-1.05365E+02
9.56420898E+07,-1.07585E+02
9.56451416E+07,-1.09465E+02
9.56481934E+07,-1.08645E+02
9.56512451E+07,-1.07745E+02
9.56542969E+07,-1.02245E+02
9.56573486E+07,-1.04345E+02
9.56604004E+07,-9.55454E+01
9.56634521E+07,-9.51654E+01
9.56665039E+07,-1.00365E+02
9.56695557E+07,-1.12865E+02
9.56726074E+07,-1.01165E+02
9.56756592E+07,-9.55854E+01
9.56787109E+07,-9.79654E+01
9.56817627E+07,-1.13125E+02
9.56848145E+07,-1.03725E+02
9.56878662E+07,-9.97454E+01
9.56909180E+07,-1.05145E+02
9.56939697E+07,-1.03125E+02
9.56970215E+07,-9.77654E+01
9.57000732E+07,-9.67854E+01
9.57031250E+07,-1.01505E+02
9.57061768E+07,-9.81854E+01
9.57092285E+07,-9.58054E+01
9.57122803E+07,-1.01985E+02
9.57153320E+07,-9.54654E+01
9.57183838E+07,-9.59054E+01
9.57214355E+07,-9.84654E+01
9.57244873E+07,-9.89854E+01
9.57275391E+07,-9.54054E+01
9.57305908E+07,-9.81454E+01
9.57336426E+07,-1.01085E+02
9.57366943E+07,-9.95454E+01
9.57397461E+07,-9.73454E+01
9.57427979E+07,-1.01645E+02
9.57458496E+07,-1.08305E+02
9.57489014E+07,-1.02285E+02
9.57519531E+07,-9.63254E+01
9.57550049E+07,-1.01065E+02
9.57580566E+07,-1.14525E+02
9.57611084E+07,-9.96854E+01
9.57641602E+07,-1.11825E+02
9.57672119E+07,-1.00725E+02
9.57702637E+07,-1.01865E+02
9.57733154E+07,-9.50254E+01
9.57763672E+07,-9.88054E+01
9.57794189E+07,-1.01425E+02
9.57824707E+07,-9.98454E+01
9.57855225E+07,-9.71254E+01
9.57885742E+07,-1.04365E+02
9.57916260E+07,-9.49054E+01
9.57946777E+07,-9.79654E+01
9.57977295E+07,-1.06125E+02
9.58007812E+07,-1.06365E+02
9.58038330E+07,-9.86054E+01
9.58068848E+07,-9.65654E+01
9.58099365E+07,-1.02585E+02
9.58129883E+07,-9.93054E+01
9.58160400E+07,-9.31654E+01
9.58190918E+07,-9.23854E+01
9.58221436E+07,-9.31654E+01
9.58251953E+07,-9.56854E+01
9.58282471E+07,-1.01985E+02
9.58312988E+07,-1.02805E+02
9.58343506E+07,-1.03585E+02
9.58374023E+07,-1.28785E+02
9.58404541E+07,-1.11965E+02
9.58435059E+07,-1.07445E+02
9.58465576E+07,-1.09785E+02
9.58496094E+07,-9.67854E+01
9.58526611E+07,-9.31854E+01
9.58557129E+07,-9.33054E+01
9.58587646E+07,-1.02625E+02
9.58618164E+07,-1.17005E+02
9.58648682E+07,-9.66654E+01
9.58679199E+07,-9.39654E+01
9.58709717E+07,-9.92454E+01
9.58740234E+07,-1.02745E+02
9.58770752E+07,-9.79654E+01
9.58801270E+07,-9.19854E+01
9.58831787E+07,-9.19654E+01
9.58862305E+07,-9.61854E+01
9.58892822E+07,-1.06885E+02
9.58923340E+07,-1.04825E+02
9.58953857E+07,-9.73054E+01
9.58984375E+07,-1.06405E+02
9.59014893E+07,-1.02245E+02
9.59045410E+07,-1.01585E+02
9.59075928E+07,-9.66254E+01
9.59106445E+07,-9.74654E+01
9.59136963E+07,-9.52254E+01
9.59167480E+07,-9.43454E+01
9.59197998E+07,-1.00005E+02
9.59228516E+07,-1.01345E+02
9.59259033E+07,-9.72854E+01
9.59289551E+07,-1.08545E+02
9.59320068E+07,-1.00265E+02
9.59350586E+07,-1.02965E+02
9.59381104E+07,-1.15505E+02
9.59411621E+07,-1.02705E+02
9.59442139E+07,-1.00045E+02
9.59472656E+07,-9.83254E+01
9.59503174E+07,-9.85254E+01
9.59533691E+07,-1.02525E+02
9.59564209E+07,-1.01945E+02
9.59594727E+07,-1.09225E+02
9.59625244E+07,-1.00305E+02
9.59655762E+07,-1.06705E+02
9.59686279E+07,-1.12825E+02
9.59716797E+07,-1.08445E+02
9.59747314E+07,-1.12705E+02
9.59777832E+07,-1.02485E+02
9.59808350E+07,-9.81054E+01
9.59838867E+07,-1.04525E+02
9.59869385E+07,-1.03885E+02
9.59899902E+07,-1.09645E+02
9.59930420E+07,-1.02525E+02
9.59960938E+07,-1.07725E+02
9.59991455E+07,-1.00845E+02
9.60021973E+07,-1.04845E+02
9.60052490E+07,-9.96854E+01
9.60083008E+07,-9.77854E+01
9.60113525E+07,-1.08185E+02
9.60144043E+07,-1.01805E+02
9.60174561E+07,-1.00965E+02
9.60205078E+07,-9.92654E+01
9.60235596E+07,-9.51454E+01
9.60266113E+07,-9.51654E+01
9.60296631E+07,-1.01185E+02
9.60327148E+07,-1.03085E+02
9.60357666E+07,-9.94254E+01
9.60388184E+07,-1.04685E+02
9.60418701E+07,-1.02585E+02
9.60449219E+07,-9.93854E+01
9.60479736E+07,-9.73654E+01
9.60510254E+07,-9.98254E+01
9.60540771E+07,-9.86454E+01
9.60571289E+07,-9.44654E+01
9.60601807E+07,-9.93054E+01
9.60632324E+07,-1.04005E+02
9.60662842E+07,-1.21785E+02
9.60693359E+07,-1.03925E+02
9.60723877E+07,-1.00685E+02
9.60754395E+07,-1.11105E+02
9.60784912E+07,-1.01365E+02
9.60815430E+07,-9.90854E+01
9.60845947E+07,-9.85254E+01
9.60876465E+07,-1.06405E+02
9.60906982E+07,-1.03665E+02
9.60937500E+07,-9.48254E+01
9.60968018E+07,-9.07054E+01
9.60998535E+07,-9.55654E+01
9.61029053E+07,-1.01885E+02
9.61059570E+07,-1.05825E+02
9.61090088E+07,-1.04605E+02
9.61120605E+07,-9.94654E+01
9.61151123E+07,-1.03305E+02
9.61181641E+07,-1.04965E+02
9.61212158E+07,-1.11145E+02
9.61242676E+07,-1.12645E+02
9.61273193E+07,-9.89654E+01
9.61303711E+07,-1.02565E+02
9.61334229E+07,-1.00665E+02
9.61364746E+07,-1.01385E+02
9.61395264E+07,-9.74854E+01
9.61425781E+07,-9.84654E+01
9.61456299E+07,-1.06765E+02
9.61486816E+07,-1.13805E+02
9.61517334E+07,-9.96054E+01
9.61547852E+07,-9.71254E+01
9.61578369E+07,-9.85854E+01
9.61608887E+07,-9.70854E+01
9.61639404E+07,-9.58054E+01
9.61669922E+07,-9.68454E+01
9.61700439E+07,-1.04865E+02
9.61730957E+07,-1.08285E+02
9.61761475E+07,-1.05725E+02
9.61791992E+07,-1.00285E+02
9.61822510E+07,-9.61654E+01
9.61853027E+07,-9.74254E+01
9.61883545E+07,-1.02525E+02
9.61914062E+07,-9.63254E+01
9.61944580E+07,-9.91854E+01
9.61975098E+07,-1.00185E+02
9.62005615E+07,-9.74654E+01
9.62036133E+07,-9.87654E+01
9.62066650E+07,-9.83454E+01
9.62097168E+07,-1.01165E+02
9.62127686E+07,-9.74054E+01
9.62158203E+07,-9.86854E+01
9.62188721E+07,-1.05725E+02
9.62219238E+07,-9.79254E+01
9.62249756E+07,-9.52854E+01
9.62280273E+07,-9.80454E+01
9.62310791E+07,-9.60654E+01
9.62341309E+07,-9.91054E+01
9.62371826E+07,-9.55254E+01
9.62402344E+07,-9.91254E+01
9.62432861E+07,-9.97854E+01
9.62463379E+07,-1.00885E+02
9.62493896E+07,-1.04945E+02
9.62524414E+07,-1.00645E+02
9.62554932E+07,-1.08645E+02
9.62585449E+07,-1.02285E+02
9.62615967E+07,-9.42654E+01
9.62646484E+07,-9.28254E+01
9.62677002E+07,-9.80454E+01
9.62707520E+07,-1.06325E+02
9.62738037E+07,-1.01885E+02
9.62768555E+07,-1.04665E+02
9.62799072E+07,-9.73854E+01
9.62829590E+07,-9.58254E+01
9.62860107E+07,-1.01325E+02
9.62890625E+07,-1.08205E+02
9.62921143E+07,-1.00825E+02
9.62951660E+07,-9.82654E+01
9.62982178E+07,-9.69654E+01
9.63012695E+07,-9.74054E+01
9.63043213E+07,-9.70054E+01
9.63073730E+07,-1.00485E+02
9.63104248E+07,-1.06665E+02
9.63134766E+07,-1.25185E+02
9.63165283E+07,-1.01825E+02
9.63195801E+07,-9.54454E+01
9.63226318E+07,-9.83254E+01
9.63256836E+07,-9.81854E+01
9.63287354E+07,-9.95054E+01
9.63317871E+07,-1.01145E+02
9.63348389E+07,-9.72454E+01
9.63378906E+07,-1.05965E+02
9.63409424E+07,-1.06325E+02
9.63439941E+07,-1.10565E+02
9.63470459E+07,-9.84054E+01
9.63500977E+07,-9.85654E+01
9.63531494E+07,-1.04845E+02
9.63562012E+07,-1.11205E+02
9.63592529E+07,-1.01785E+02
9.63623047E+07,-9.85854E+01
9.63653564E+07,-1.04885E+02
9.63684082E+07,-1.00085E+02
9.63714600E+07,-1.07865E+02
9.63745117E+07,-9.52054E+01
9.63775635E+07,-9.33654E+01
9.63806152E+07,-9.52854E+01
9.63836670E+07,-9.65854E+01
9.63867188E+07,-9.95654E+01
9.63897705E+07,-1.04825E+02
9.63928223E+07,-1.11425E+02
9.63958740E+07,-1.02805E+02
9.63989258E+07,-1.02645E+02
9.64019775E+07,-9.59254E+01
9.64050293E+07,-9.61854E+01
9.64080811E+07,-1.04005E+02
9.64111328E+07,-1.01005E+02
9.64141846E+07,-1.02685E+02
9.64172363E+07,-9.98654E+01
9.64202881E+07,-1.04805E+02
9.64233398E+07,-1.06845E+02
9.64263916E+07,-9.92454E+01
9.64294434E+07,-9.98654E+01
9.64324951E+07,-1.01085E+02
9.64355469E+07,-1.01185E+02
9.64385986E+07,-1.00845E+02
9.64416504E+07,-9.56654E+01
9.64447021E+07,-9.98454E+01
9.64477539E+07,-9.79454E+01
9.64508057E+07,-9.64454E+01
9.64538574E+07,-9.60854E+01
9.64569092E+07,-9.61654E+01
9.64599609E+07,-9.68054E+01
9.64630127E+07,-9.84854E+01
9.64660645E+07,-9.62254E+01
9.64691162E+07,-9.74454E+01
9.64721680E+07,-1.04725E+02
9.64752197E+07,-9.97654E+01
9.64782715E+07,-1.01065E+02
9.64813232E+07,-9.54854E+01
9.64843750E+07,-9.44254E+01
9.64874268E+07,-9.47454E+01
9.64904785E+07,-9.47854E+01
9.64935303E+07,-1.01185E+02
9.64965820E+07,-1.01625E+02
9.64996338E+07,-1.00425E+02
9.65026855E+07,-9.93054E+01
9.65057373E+07,-9.99454E+01
9.65087891E+07,-1.01185E+02
9.65118408E+07,-9.69854E+01
9.65148926E+07,-9.48854E+01
9.65179443E+07,-9.57854E+01
9.65209961E+07,-1.05485E+02
9.65240479E+07,-9.82654E+01
9.65270996E+07,-9.61654E+01
9.65301514E+07,-1.00565E+02
9.65332031E+07,-1.03545E+02
9.65362549E+07,-1.10645E+02
9.65393066E+07,-1.09865E+02
9.65423584E+07,-1.09885E+02
9.65454102E+07,-1.09525E+02
9.65484619E+07,-1.02165E+02
9.65515137E+07,-9.76054E+01
9.65545654E+07,-1.01305E+02
9.65576172E+07,-1.00185E+02
9.65606689E+07,-9.82054E+01
9.65637207E+07,-1.02445E+02
9.65667725E+07,-1.06705E+02
9.65698242E+07,-9.88454E+01
9.65728760E+07,-1.00445E+02
9.65759277E+07,-1.03845E+02
9.65789795E+07,-9.81654E+01
9.65820312E+07,-9.82254E+01
9.65850830E+07,-1.00565E+02
9.65881348E+07,-1.06045E+02
9.65911865E+07,-1.04485E+02
9.65942383E+07,-1.00105E+02
9.65972900E+07,-1.11885E+02
9.66003418E+07,-9.86654E+01
9.66033936E+07,-1.02905E+02
9.66064453E+07,-1.05245E+02
9.66094971E+07,-1.02485E+02
9.66125488E+07,-1.09925E+02
9.66156006E+07,-1.04565E+02
9.66186523E+07,-1.04685E+02
9.66217041E+07,-1.02585E+02
9.66247559E+07,-1.02645E+02
9.66278076E+07,-1.08645E+02
9.66308594E+07,-1.01125E+02
9.66339111E+07,-9.77654E+01
9.66369629E+07,-9.94854E+01
9.66400146E+07,-9.77454E+01
9.66430664E+07,-1.02305E+02
9.66461182E+07,-1.06505E+02
9.66491699E+07,-1.03705E+02
9.66522217E+07,-1.05825E+02
9.66552734E+07,-9.80654E+01
9.66583252E+07,-1.01185E+02
9.66613770E+07,-1.08385E+02
9.66644287E+07,-1.13025E+02
9.66674805E+07,-1.05085E+02
9.66705322E+07,-9.97454E+01
9.66735840E+07,-1.03305E+02
9.66766357E+07,-9.75854E+01
9.66796875E+07,-9.54254E+01
9.66827393E+07,-1.01825E+02
9.66857910E+07,-1.11805E+02
9.66888428E+07,-1.08145E+02
9.66918945E+07,-1.07765E+02
9.66949463E+07,-1.02925E+02
9.66979980E+07,-9.85054E+01
9.67010498E+07,-9.37654E+01
9.67041016E+07,-9.53654E+01
9.67071533E+07,-1.07785E+02
9.67102051E+07,-1.05625E+02
9.67132568E+07,-9.88454E+01
9.67163086E+07,-1.05525E+02
9.67193604E+07,-1.02565E+02
9.67224121E+07,-9.86054E+01
9.67254639E+07,-9.99454E+01
9.67285156E+07,-1.15925E+02
9.67315674E+07,-1.04145E+02
9.67346191E+07,-1.05845E+02
9.67376709E+07,-9.90054E+01
9.67407227E+07,-9.44254E+01
9.67437744E+07,-9.75854E+01
9.67468262E+07,-9.81854E+01
9.67498779E+07,-9.97454E+01
9.67529297E+07,-9.61254E+01
9.67559814E+07,-9.33654E+01
9.67590332E+07,-9.82254E+01
9.67620850E+07,-1.09145E+02
9.67651367E+07,-1.04505E+02
9.67681885E+07,-1.09345E+02
9.67712402E+07,-1.03965E+02
9.67742920E+07,-9.86454E+01
9.67773438E+07,-9.82654E+01
9.67803955E+07,-9.78654E+01
9.67834473E+07,-1.19185E+02
9.67864990E+07,-1.13025E+02
9.67895508E+07,-1.02705E+02
9.67926025E+07,-1.01945E+02
9.67956543E+07,-1.05665E+02
9.67987061E+07,-1.00925E+02
9.68017578E+07,-9.81054E+01
9.68048096E+07,-9.51254E+01
9.68078613E+07,-9.60854E+01
9.68109131E+07,-1.00945E+02
9.68139648E+07,-1.03185E+02
9.68170166E+07,-1.04445E+02
9.68200684E+07,-1.02145E+02
9.68231201E+07,-9.89454E+01
9.68261719E+07,-1.07085E+02
9.68292236E+07,-1.05625E+02
9.68322754E+07,-1.06305E+02
9.68353271E+07,-1.15165E+02
9.68383789E+07,-1.08645E+02
9.68414307E+07,-1.07445E+02
9.68444824E+07,-1.05905E+02
9.68475342E+07,-1.07425E+02
9.68505859E+07,-1.07165E+02
9.68536377E+07,-1.09305E+02
9.68566895E+07,-9.89454E+01
9.68597412E+07,-9.63054E+01
9.68627930E+07,-9.76654E+01
9.68658447E+07,-9.50854E+01
9.68688965E+07,-9.67454E+01
9.68719482E+07,-1.13925E+02
9.68750000E+07,-1.04725E+02
9.68780518E+07,-1.03085E+02
9.68811035E+07,-9.81854E+01
9.68841553E+07,-1.13265E+02
9.68872070E+07,-1.15665E+02
9.68902588E+07,-1.00785E+02
9.68933105E+07,-1.02585E+02
9.68963623E+07,-9.29854E+01
9.68994141E+07,-9.10654E+01
9.69024658E+07,-9.90854E+01
9.69055176E+07,-1.01545E+02
9.69085693E+07,-1.03065E+02
9.69116211E+07,-1.05925E+02
9.69146729E+07,-1.02385E+02
9.69177246E+07,-1.07785E+02
9.69207764E+07,-1.29645E+02
9.69238281E+07,-1.04425E+02
9.69268799E+07,-1.03725E+02
9.69299316E+07,-9.63454E+01
9.69329834E+07,-1.02225E+02
9.69360352E+07,-1.01645E+02
9.69390869E+07,-9.47654E+01
9.69421387E+07,-9.29254E+01
9.69451904E+07,-9.30654E+01
9.69482422E+07,-9.98054E+01
9.69512939E+07,-9.80454E+01
9.69543457E+07,-9.72454E+01
9.69573975E+07,-1.06585E+02
9.69604492E+07,-1.11765E+02
9.69635010E+07,-1.04765E+02
9.69665527E+07,-1.02865E+02
9.69696045E+07,-1.08825E+02
9.69726562E+07,-1.03925E+02
9.69757080E+07,-1.01585E+02
9.69787598E+07,-1.07405E+02
9.69818115E+07,-1.05945E+02
9.69848633E+07,-1.01945E+02
9.69879150E+07,-1.02005E+02
9.69909668E+07,-1.06025E+02
9.69940186E+07,-9.96654E+01
9.69970703E+07,-9.69454E+01
9.70001221E+07,-1.12165E+02
9.70031738E+07,-9.98854E+01
9.70062256E+07,-1.02485E+02
9.70092773E+07,-1.34405E+02
9.70123291E+07,-1.02245E+02
9.70153809E+07,-9.87254E+01
9.70184326E+07,-1.05125E+02
9.70214844E+07,-9.72454E+01
9.70245361E+07,-1.01345E+02
9.70275879E+07,-9.98454E+01
9.70306396E+07,-1.00165E+02
9.70336914E+07,-1.01785E+02
9.70367432E+07,-1.09245E+02
9.70397949E+07,-1.10525E+02
9.70428467E+07,-1.08405E+02
9.70458984E+07,-1.02645E+02
9.70489502E+07,-1.03065E+02
9.70520020E+07,-1.03125E+02
9.70550537E+07,-9.90454E+01
9.70581055E+07,-1.01025E+02
9.70611572E+07,-9.83054E+01
9.70642090E+07,-1.17685E+02
9.70672607E+07,-1.02765E+02
9.70703125E+07,-1.12625E+02
9.70733643E+07,-1.00025E+02
9.70764160E+07,-9.67054E+01
9.70794678E+07,-9.48254E+01
9.70825195E+07,-9.81254E+01
9.70855713E+07,-1.05165E+02
9.70886230E+07,-1.03405E+02
9.70916748E+07,-1.03265E+02
9.70947266E+07,-9.64054E+01
9.70977783E+07,-1.02985E+02
9.71008301E+07,-9.90454E+01
9.71038818E+07,-9.67054E+01
9.71069336E+07,-9.66454E+01
9.71099854E+07,-9.45854E+01
9.71130371E+07,-1.01365E+02
9.71160889E+07,-1.02485E+02
9.71191406E+07,-9.70654E+01
9.71221924E+07,-1.01805E+02
9.71252441E+07,-9.93854E+01
9.71282959E+07,-9.85854E+01
9.71313477E+07,-9.28254E+01
9.71343994E+07,-9.32254E+01
9.71374512E+07,-9.49654E+01
9.71405029E+07,-9.82854E+01
9.71435547E+07,-1.01305E+02
9.71466064E+07,-1.08505E+02
9.71496582E+07,-1.04085E+02
9.71527100E+07,-1.17965E+02
9.71557617E+07,-9.80254E+01
9.71588135E+07,-1.00945E+02
9.71618652E+07,-1.10545E+02
9.71649170E+07,-1.04045E+02
9.71679688E+07,-1.03305E+02
9.71710205E+07,-9.88654E+01
9.71740723E+07,-1.00085E+02
9.71771240E+07,-1.02565E+02
9.71801758E+07,-9.77654E+01
9.71832275E+07,-9.96054E+01
9.71862793E+07,-1.02645E+02
9.71893311E+07,-1.12145E+02
9.71923828E+07,-1.07605E+02
9.71954346E+07,-9.92654E+01
9.71984863E+07,-9.52854E+01
9.72015381E+07,-9.80454E+01
9.72045898E+07,-1.11885E+02
9.72076416E+07,-1.24485E+02
9.72106934E+07,-9.75854E+01
9.72137451E+07,-9.50254E+01
9.72167969E+07,-9.67454E+01
9.72198486E+07,-9.65054E+01
9.72229004E+07,-9.99454E+01
9.72259521E+07,-1.03445E+02
9.72290039E+07,-1.12565E+02
9.72320557E+07,-1.10885E+02
9.72351074E+07,-9.89254E+01
9.72381592E+07,-1.00825E+02
9.72412109E+07,-1.31405E+02
9.72442627E+07,-9.91054E+01
9.72473145E+07,-9.39654E+01
9.72503662E+07,-9.91254E+01
9.72534180E+07,-9.94254E+01
9.72564697E+07,-9.61854E+01
9.72595215E+07,-9.91254E+01
9.72625732E+07,-9.53254E+01
9.72656250E+07,-9.63054E+01
9.72686768E+07,-9.72254E+01
9.72717285E+07,-9.96254E+01
9.72747803E+07,-1.02925E+02
9.72778320E+07,-1.08845E+02
9.72808838E+07,-1.16225E+02
9.72839355E+07,-1.06885E+02
9.72869873E+07,-1.00565E+02
9.72900391E+07,-1.00885E+02
9.72930908E+07,-1.02225E+02
9.72961426E+07,-1.00125E+02
9.72991943E+07,-1.11225E+02
9.73022461E+07,-9.92454E+01
9.73052979E+07,-1.03845E+02
9.73083496E+07,-1.03405E+02
9.73114014E+07,-9.49054E+01
9.73144531E+07,-9.50454E+01
9.73175049E+07,-1.03185E+02
9.73205566E+07,-1.04365E+02
9.73236084E+07,-1.11105E+02
9.73266602E+07,-1.01185E+02
9.73297119E+07,-1.04885E+02
9.73327637E+07,-1.01625E+02
9.73358154E+07,-9.46454E+01
9.73388672E+07,-9.60054E+01
9.73419189E+07,-1.01445E+02
9.73449707E+07,-1.03125E+02
9.73480225E+07,-1.01625E+02
9.73510742E+07,-1.06365E+02
9.73541260E+07,-1.14345E+02
9.73571777E+07,-1.11125E+02
9.73602295E+07,-1.07385E+02
9.73632812E+07,-9.54854E+01
9.73663330E+07,-9.36254E+01
9.73693848E+07,-9.51054E+01
9.73724365E+07,-9.96454E+01
9.73754883E+07,-1.04085E+02
9.73785400E+07,-1.00205E+02
9.73815918E+07,-1.07265E+02
9.73846436E+07,-1.02085E+02
9.73876953E+07,-1.02385E+02
9.73907471E+07,-9.67454E+01
9.73937988E+07,-1.00765E+02
9.73968506E+07,-9.70654E+01
9.73999023E+07,-9.65054E+01
9.74029541E+07,-9.97854E+01
9.74060059E+07,-1.05165E+02
9.74090576E+07,-1.06005E+02
9.74121094E+07,-1.03705E+02
9.74151611E+07,-1.01085E+02
9.74182129E+07,-1.04765E+02
9.74212646E+07,-9.64254E+01
9.74243164E+07,-9.88254E+01
9.74273682E+07,-1.00665E+02
9.74304199E+07,-9.65254E+01
9.74334717E+07,-1.02125E+02
9.74365234E+07,-1.06665E+02
9.74395752E+07,-9.66254E+01
9.74426270E+07,-9.89854E+01
9.74456787E+07,-9.37254E+01
9.74487305E+07,-9.29254E+01
9.74517822E+07,-9.86054E+01
9.74548340E+07,-9.75654E+01
9.74578857E+07,-1.03405E+02
9.74609375E+07,-1.11785E+02
9.74639893E+07,-9.88054E+01
9.74670410E+07,-9.66454E+01
9.74700928E+07,-9.46254E+01
9.74731445E+07,-9.77054E+01
9.74761963E+07,-9.91854E+01
9.74792480E+07,-9.63854E+01
9.74822998E+07,-9.47854E+01
9.74853516E+07,-9.48054E+01
9.74884033E+07,-9.73254E+01
9.74914551E+07,-9.79854E+01
9.74945068E+07,-1.00085E+02
9.74975586E+07,-1.04825E+02
9.75006104E+07,-1.05505E+02
9.75036621E+07,-1.13545E+02
9.75067139E+07,-1.22425E+02
9.75097656E+07,-1.18965E+02
9.75128174E+07,-1.08345E+02
9.75158691E+07,-1.03505E+02
9.75189209E+07,-1.11585E+02
9.75219727E+07,-1.06025E+02
9.75250244E+07,-1.00225E+02
9.75280762E+07,-9.93454E+01
9.75311279E+07,-1.00225E+02
9.75341797E+07,-9.98654E+01
9.75372314E+07,-1.02705E+02
9.75402832E+07,-9.94054E+01
9.75433350E+07,-1.00725E+02
9.75463867E+07,-1.02625E+02
9.75494385E+07,-9.66254E+01
9.75524902E+07,-9.74454E+01
9.75555420E+07,-1.08625E+02
9.75585938E+07,-9.86454E+01
9.75616455E+07,-1.00925E+02
9.75646973E+07,-1.02425E+02
9.75677490E+07,-1.00845E+02
9.75708008E+07,-1.05565E+02
9.75738525E+07,-9.99854E+01
9.75769043E+07,-9.54254E+01
9.75799561E+07,-1.03225E+02
9.75830078E+07,-9.94254E+01
9.75860596E+07,-9.95254E+01
9.75891113E+07,-1.17965E+02
9.75921631E+07,-1.03725E+02
9.75952148E+07,-1.08525E+02
9.75982666E+07,-9.57254E+01
9.76013184E+07,-9.73854E+01
9.76043701E+07,-9.88454E+01
9.76074219E+07,-1.02645E+02
9.76104736E+07,-1.10385E+02
9.76135254E+07,-1.07965E+02
9.76165771E+07,-1.03405E+02
9.76196289E+07,-1.06645E+02
9.76226807E+07,-1.02705E+02
9.76257324E+07,-1.03185E+02
9.76287842E+07,-1.06805E+02
9.76318359E+07,-1.03405E+02
9.76348877E+07,-1.05785E+02
9.76379395E+07,-1.05665E+02
9.76409912E+07,-9.53454E+01
9.76440430E+07,-9.38054E+01
9.76470947E+07,-1.06565E+02
9.76501465E+07,-9.84454E+01
9.76531982E+07,-9.99454E+01
9.76562500E+07,-1.05145E+02
9.76593018E+07,-9.86654E+01
9.76623535E+07,-1.00865E+02
9.76654053E+07,-1.01585E+02
9.76684570E+07,-1.08845E+02
9.76715088E+07,-1.04585E+02
9.76745605E+07,-9.92454E+01
9.76776123E+07,-1.14265E+02
9.76806641E+07,-1.01145E+02
9.76837158E+07,-1.01865E+02
9.76867676E+07,-9.74254E+01
9.76898193E+07,-1.03885E+02
9.76928711E+07,-1.03965E+02
9.76959229E+07,-9.49654E+01
9.76989746E+07,-9.26454E+01
9.77020264E+07,-9.52454E+01
9.77050781E+07,-1.01585E+02
9.77081299E+07,-1.07385E+02
9.77111816E+07,-1.10905E+02
9.77142334E+07,-1.01025E+02
9.77172852E+07,-9.61254E+01
9.77203369E+07,-1.02365E+02
9.77233887E+07,-1.00165E+02
9.77264404E+07,-1.01145E+02
9.77294922E+07,-9.90454E+01
9.77325439E+07,-1.04225E+02
9.77355957E+07,-9.88654E+01
9.77386475E+07,-9.53254E+01
9.77416992E+07,-9.53854E+01
9.77447510E+07,-9.86654E+01
9.77478027E+07,-1.00685E+02
9.77508545E+07,-1.03325E+02
9.77539062E+07,-1.05085E+02
9.77569580E+07,-1.03025E+02
9.77600098E+07,-1.11405E+02
9.77630615E+07,-1.05465E+02
9.77661133E+07,-1.00025E+02
9.77691650E+07,-1.00045E+02
9.77722168E+07,-1.06545E+02
9.77752686E+07,-1.10485E+02
9.77783203E+07,-9.69254E+01
9.77813721E+07,-9.30254E+01
9.77844238E+07,-9.98054E+01
9.77874756E+07,-1.06965E+02
9.77905273E+07,-1.00025E+02
9.77935791E+07,-9.50054E+01
9.77966309E+07,-9.61054E+01
9.77996826E+07,-1.01425E+02
9.78027344E+07,-1.01625E+02
9.78057861E+07,-9.96454E+01
9.78088379E+07,-1.05765E+02
9.78118896E+07,-1.09705E+02
9.78149414E+07,-1.02985E+02
9.78179932E+07,-1.11625E+02
9.78210449E+07,-1.01525E+02
9.78240967E+07,-1.05865E+02
9.78271484E+07,-9.61254E+01
9.78302002E+07,-9.81854E+01
9.78332520E+07,-1.03505E+02
9.78363037E+07,-9.63454E+01
9.78393555E+07,-9.58654E+01
9.78424072E+07,-9.30254E+01
9.78454590E+07,-9.47254E+01
9.78485107E+07,-1.10525E+02
9.78515625E+07,-1.25665E+02
9.78546143E+07,-1.08965E+02
9.78576660E+07,-1.07685E+02
9.78607178E+07,-1.04545E+02
9.78637695E+07,-1.08005E+02
9.78668213E+07,-9.51054E+01
9.78698730E+07,-9.73054E+01
9.78729248E+07,-9.99454E+01
9.78759766E+07,-9.44254E+01
9.78790283E+07,-1.08605E+02
9.78820801E+07,-9.64254E+01
9.78851318E+07,-1.00525E+02
9.78881836E+07,-1.03805E+02
9.78912354E+07,-9.78254E+01
9.78942871E+07,-9.56654E+01
9.78973389E+07,-9.65654E+01
9.79003906E+07,-9.65654E+01
9.79034424E+07,-9.66254E+01
9.79064941E+07,-1.02245E+02
9.79095459E+07,-9.90654E+01
9.79125977E+07,-9.97854E+01
9.79156494E+07,-1.04425E+02
9.79187012E+07,-1.06025E+02
9.79217529E+07,-1.08685E+02
9.79248047E+07,-1.15065E+02
9.79278564E+07,-1.07265E+02
9.79309082E+07,-1.05105E+02
9.79339600E+07,-1.03805E+02
9.79370117E+07,-1.04085E+02
9.79400635E+07,-9.92054E+01
9.79431152E+07,-1.00685E+02
9.79461670E+07,-1.00465E+02
9.79492188E+07,-1.13965E+02
9.79522705E+07,-9.72854E+01
9.79553223E+07,-9.60254E+01
9.79583740E+07,-9.37254E+01
9.79614258E+07,-9.64054E+01
9.79644775E+07,-1.06985E+02
9.79675293E+07,-1.00945E+02
9.79705811E+07,-9.69654E+01
9.79736328E+07,-1.05125E+02
9.79766846E+07,-9.50254E+01
9.79797363E+07,-9.08854E+01
9.79827881E+07,-9.86454E+01
9.79858398E+07,-9.77054E+01
9.79888916E+07,-9.80854E+01
9.79919434E+07,-1.05505E+02
9.79949951E+07,-1.06705E+02
9.79980469E+07,-1.01485E+02
9.80010986E+07,-9.63054E+01
9.80041504E+07,-9.53654E+01
9.80072021E+07,-1.00545E+02
9.80102539E+07,-1.06065E+02
9.80133057E+07,-1.00205E+02
9.80163574E+07,-1.11805E+02
9.80194092E+07,-1.01185E+02
9.80224609E+07,-9.51854E+01
9.80255127E+07,-9.55054E+01
9.80285645E+07,-1.03765E+02
9.80316162E+07,-1.04525E+02
9.80346680E+07,-1.11885E+02
9.80377197E+07,-1.01405E+02
9.80407715E+07,-9.79054E+01
9.80438232E+07,-1.03885E+02
9.80468750E+07,-1.08985E+02
9.80499268E+07,-9.71654E+01
9.80529785E+07,-9.32654E+01
9.80560303E+07,-9.87454E+01
9.80590820E+07,-9.55254E+01
9.80621338E+07,-9.58654E+01
9.80651855E+07,-9.97654E+01
9.80682373E+07,-9.71854E+01
9.80712891E+07,-9.70254E+01
9.80743408E+07,-1.05405E+02
9.80773926E+07,-1.01585E+02
9.80804443E+07,-9.65854E+01
9.80834961E+07,-9.58854E+01
9.80865479E+07,-9.92854E+01
9.80895996E+07,-1.16725E+02
9.80926514E+07,-1.05465E+02
9.80957031E+07,-9.92254E+01
9.80987549E+07,-9.62854E+01
9.81018066E+07,-1.07725E+02
9.81048584E+07,-9.99254E+01
9.81079102E+07,-9.95654E+01
9.81109619E+07,-1.06925E+02
9.81140137E+07,-1.04045E+02
9.81170654E+07,-9.76454E+01
9.81201172E+07,-9.88254E+01
9.81231689E+07,-1.07145E+02
9.81262207E+07,-1.07925E+02
9.81292725E+07,-1.03265E+02
9.81323242E+07,-1.03965E+02
9.81353760E+07,-1.06765E+02
9.81384277E+07,-1.02805E+02
9.81414795E+07,-1.12045E+02
9.81445312E+07,-1.01285E+02
9.81475830E+07,-9.93654E+01
9.81506348E+07,-9.45454E+01
9.81536865E+07,-9.29254E+01
9.81567383E+07,-9.72454E+01
9.81597900E+07,-1.01125E+02
9.81628418E+07,-1.02145E+02
9.81658936E+07,-1.34265E+02
9.81689453E+07,-1.08885E+02
9.81719971E+07,-1.00985E+02
9.81750488E+07,-9.82254E+01
9.81781006E+07,-9.38854E+01
9.81811523E+07,-9.31854E+01
9.81842041E+07,-9.76854E+01
9.81872559E+07,-1.01525E+02
9.81903076E+07,-1.00225E+02
9.81933594E+07,-1.05985E+02
9.81964111E+07,-1.06245E+02
9.81994629E+07,-1.06725E+02
9.82025146E+07,-1.04805E+02
9.82055664E+07,-9.78454E+01
9.82086182E+07,-1.01645E+02
9.82116699E+07,-1.14685E+02
9.82147217E+07,-1.08805E+02
9.82177734E+07,-1.04965E+02
9.82208252E+07,-1.03725E+02
9.82238770E+07,-1.00005E+02
9.82269287E+07,-9.98854E+01
9.82299805E+07,-9.95654E+01
9.82330322E+07,-9.69654E+01
9.82360840E+07,-1.01665E+02
9.82391357E+07,-1.01505E+02
9.82421875E+07,-9.53454E+01
9.82452393E+07,-9.40854E+01
9.82482910E+07,-9.84254E+01
9.82513428E+07,-1.04945E+02
9.82543945E+07,-9.61254E+01
9.82574463E+07,-9.79454E+01
9.82604980E+07,-1.12765E+02
9.82635498E+07,-1.00125E+02
9.82666016E+07,-1.02905E+02
9.82696533E+07,-1.00825E+02
9.82727051E+07,-1.05425E+02
9.82757568E+07,-1.00545E+02
9.82788086E+07,-9.77454E+01
9.82818604E+07,-1.00885E+02
9.82849121E+07,-1.08945E+02
9.82879639E+07,-1.07305E+02
9.82910156E+07,-1.04925E+02
9.82940674E+07,-1.02325E+02
9.82971191E+07,-9.73454E+01
9.83001709E+07,-9.16454E+01
9.83032227E+07,-9.24454E+01
9.83062744E+07,-1.02565E+02
9.83093262E+07,-1.03765E+02
9.83123779E+07,-1.05385E+02
9.83154297E+07,-9.63254E+01
9.83184814E+07,-9.61454E+01
9.83215332E+07,-9.60654E+01
9.83245850E+07,-9.44654E+01
9.83276367E+07,-9.51654E+01
9.83306885E+07,-9.52654E+01
9.83337402E+07,-1.03885E+02
9.83367920E+07,-1.10865E+02
9.83398438E+07,-1.07865E+02
9.83428955E+07,-1.04965E+02
9.83459473E+07,-9.80254E+01
9.83489990E+07,-1.01225E+02
9.83520508E+07,-1.06285E+02
9.83551025E+07,-9.99454E+01
9.83581543E+07,-1.03265E+02
9.83612061E+07,-1.08905E+02
9.83642578E+07,-1.02085E+02
9.83673096E+07,-1.01525E+02
9.83703613E+07,-1.04145E+02
9.83734131E+07,-9.97854E+01
9.83764648E+07,-1.02965E+02
9.83795166E+07,-9.76254E+01
9.83825684E+07,-9.48454E+01
9.83856201E+07,-9.57454E+01
9.83886719E+07,-1.02245E+02
9.83917236E+07,-1.08445E+02
9.83947754E+07,-1.09125E+02
9.83978271E+07,-9.92254E+01
9.84008789E+07,-1.18285E+02
9.84039307E+07,-9.65654E+01
9.84069824E+07,-1.00505E+02
9.84100342E+07,-9.63054E+01
9.84130859E+07,-1.10665E+02
9.84161377E+07,-9.72454E+01
9.84191895E+07,-9.57654E+01
9.84222412E+07,-9.27654E+01
9.84252930E+07,-9.48854E+01
9.84283447E+07,-9.56854E+01
9.84313965E+07,-9.29854E+01
9.84344482E+07,-9.62654E+01
9.84375000E+07,-9.96454E+01
9.84405518E+07,-9.65654E+01
9.84436035E+07,-1.00545E+02
9.84466553E+07,-1.01005E+02
9.84497070E+07,-9.83654E+01
9.84527588E+07,-1.00905E+02
9.84558105E+07,-1.03925E+02
9.84588623E+07,-1.01525E+02
9.84619141E+07,-1.01625E+02
9.84649658E+07,-1.07505E+02
9.84680176E+07,-1.03505E+02
9.84710693E+07,-9.97854E+01
9.84741211E+07,-1.04745E+02
9.84771729E+07,-1.11865E+02
9.84802246E+07,-1.07445E+02
9.84832764E+07,-1.15985E+02
9.84863281E+07,-1.05545E+02
9.84893799E+07,-1.02145E+02
9.84924316E+07,-9.77054E+01
9.84954834E+07,-9.48454E+01
9.84985352E+07,-9.49454E+01
9.85015869E+07,-9.69254E+01
9.85046387E+07,-1.03025E+02
9.85076904E+07,-1.18805E+02
9.85107422E+07,-1.03445E+02
9.85137939E+07,-1.00505E+02
9.85168457E+07,-1.03405E+02
9.85198975E+07,-1.06325E+02
9.85229492E+07,-1.05505E+02
9.85260010E+07,-1.10705E+02
9.85290527E+07,-1.05445E+02
9.85321045E+07,-1.00725E+02
9.85351562E+07,-9.54054E+01
9.85382080E+07,-9.58654E+01
9.85412598E+07,-1.03705E+02
9.85443115E+07,-1.07525E+02
9.85473633E+07,-1.05005E+02
9.85504150E+07,-9.84254E+01
9.85534668E+07,-9.68854E+01
9.85565186E+07,-9.71654E+01
9.85595703E+07,-9.79654E+01
9.85626221E+07,-1.01205E+02
9.85656738E+07,-9.92454E+01
9.85687256E+07,-9.98854E+01
9.85717773E+07,-1.07085E+02
9.85748291E+07,-1.00305E+02
9.85778809E+07,-1.01425E+02
9.85809326E+07,-1.02065E+02
9.85839844E+07,-1.03265E+02
9.85870361E+07,-9.92254E+01
9.85900879E+07,-9.45054E+01
9.85931396E+07,-9.36654E+01
9.85961914E+07,-9.23254E+01
9.85992432E+07,-9.79454E+01
9.86022949E+07,-1.09705E+02
9.86053467E+07,-1.14225E+02
9.86083984E+07,-1.22905E+02
9.86114502E+07,-9.96054E+01
9.86145020E+07,-9.95654E+01
9.86175537E+07,-1.03325E+02
9.86206055E+07,-1.03925E+02
9.86236572E+07,-1.02505E+02
9.86267090E+07,-9.85854E+01
9.86297607E+07,-9.51654E+01
9.86328125E+07,-9.79854E+01
9.86358643E+07,-1.04885E+02
9.86389160E+07,-1.10145E+02
9.86419678E+07,-1.02905E+02
9.86450195E+07,-1.05485E+02
9.86480713E+07,-1.05905E+02
9.86511230E+07,-1.03465E+02
9.86541748E+07,-1.04525E+02
9.86572266E+07,-1.10965E+02
9.86602783E+07,-1.03225E+02
9.86633301E+07,-1.04005E+02
9.86663818E+07,-1.00565E+02
9.86694336E+07,-9.67854E+01
9.86724854E+07,-9.54654E+01
9.86755371E+07,-9.66254E+01
9.86785889E+07,-1.04385E+02
9.86816406E+07,-1.07325E+02
9.86846924E+07,-1.01545E+02
9.86877441E+07,-1.06285E+02
9.86907959E+07,-1.01425E+02
9.86938477E+07,-9.96054E+01
9.86968994E+07,-1.01385E+02
9.86999512E+07,-1.02625E+02
9.87030029E+07,-1.06645E+02
9.87060547E+07,-1.07345E+02
9.87091064E+07,-9.67454E+01
9.87121582E+07,-9.47054E+01
9.87152100E+07,-9.54854E+01
9.87182617E+07,-1.00885E+02
9.87213135E+07,-1.07145E+02
9.87243652E+07,-1.08405E+02
9.87274170E+07,-1.07005E+02
9.87304688E+07,-1.03265E+02
9.87335205E+07,-9.98254E+01
9.87365723E+07,-9.74054E+01
9.87396240E+07,-1.02865E+02
9.87426758E+07,-9.77254E+01
9.87457275E+07,-9.59054E+01
9.87487793E+07,-1.15665E+02
9.87518311E+07,-1.04505E+02
9.87548828E+07,-9.77054E+01
9.87579346E+07,-9.80654E+01
9.87609863E+07,-1.07305E+02
9.87640381E+07,-1.00625E+02
9.87670898E+07,-9.51654E+01
9.87701416E+07,-9.76454E+01
9.87731934E+07,-1.02505E+02
9.87762451E+07,-1.07205E+02
9.87792969E+07,-1.16865E+02
9.87823486E+07,-9.64454E+01
9.87854004E+07,-9.63654E+01
9.87884521E+07,-1.11965E+02
9.87915039E+07,-9.84654E+01
9.87945557E+07,-1.01645E+02
9.87976074E+07,-1.27385E+02
9.88006592E+07,-1.02625E+02
9.88037109E+07,-1.18585E+02
9.88067627E+07,-9.97254E+01
9.88098145E+07,-1.13725E+02
9.88128662E+07,-9.73254E+01
9.88159180E+07,-9.65854E+01
9.88189697E+07,-9.93254E+01
9.88220215E+07,-9.64254E+01
9.88250732E+07,-9.62854E+01
9.88281250E+07,-1.04085E+02
9.88311768E+07,-9.92054E+01
9.88342285E+07,-9.54254E+01
9.88372803E+07,-9.93454E+01
9.88403320E+07,-9.61654E+01
9.88433838E+07,-9.63454E+01
9.88464355E+07,-9.86854E+01
9.88494873E+07,-1.12485E+02
9.88525391E+07,-1.00865E+02
9.88555908E+07,-1.10025E+02
9.88586426E+07,-1.07845E+02
9.88616943E+07,-9.95454E+01
9.88647461E+07,-9.34054E+01
9.88677979E+07,-9.70254E+01
9.88708496E+07,-9.83054E+01
9.88739014E+07,-1.06345E+02
9.88769531E+07,-1.04145E+02
9.88800049E+07,-9.60654E+01
9.88830566E+07,-9.86454E+01
9.88861084E+07,-1.04625E+02
9.88891602E+07,-9.75854E+01
9.88922119E+07,-9.68854E+01
9.88952637E+07,-1.05225E+02
9.88983154E+07,-9.95454E+01
9.89013672E+07,-1.00525E+02
9.89044189E+07,-9.84854E+01
9.89074707E+07,-9.44854E+01
9.89105225E+07,-9.48054E+01
9.89135742E+07,-9.82654E+01
9.89166260E+07,-1.03365E+02
9.89196777E+07,-1.04585E+02
9.89227295E+07,-1.06425E+02
9.89257812E+07,-1.13225E+02
9.89288330E+07,-9.94454E+01
9.89318848E+07,-1.04985E+02
9.89349365E+07,-1.05345E+02
9.89379883E+07,-1.01545E+02
9.89410400E+07,-9.63654E+01
9.89440918E+07,-9.83854E+01
9.89471436E+07,-1.04365E+02
9.89501953E+07,-9.91254E+01
9.89532471E+07,-1.01045E+02
9.89562988E+07,-1.07125E+02
9.89593506E+07,-1.05025E+02
9.89624023E+07,-1.06245E+02
9.89654541E+07,-1.02765E+02
9.89685059E+07,-9.74254E+01
9.89715576E+07,-1.01425E+02
9.89746094E+07,-1.02325E+02
9.89776611E+07,-1.04985E+02
9.89807129E+07,-9.96054E+01
9.89837646E+07,-1.01125E+02
9.89868164E+07,-1.01385E+02
9.89898682E+07,-1.11445E+02
9.89929199E+07,-1.00145E+02
9.89959717E+07,-1.11705E+02
9.89990234E+07,-1.01745E+02
9.90020752E+07,-1.01165E+02
9.90051270E+07,-1.04645E+02
9.90081787E+07,-9.71454E+01
9.90112305E+07,-9.50654E+01
9.90142822E+07,-9.86454E+01
9.90173340E+07,-9.59254E+01
9.90203857E+07,-9.91654E+01
9.90234375E+07,-9.99454E+01
9.90264893E+07,-9.56854E+01
9.90295410E+07,-9.88054E+01
9.90325928E+07,-1.01525E+02
9.90356445E+07,-9.48254E+01
9.90386963E+07,-9.70454E+01
9.90417480E+07,-1.15505E+02
9.90447998E+07,-1.17005E+02
9.90478516E+07,-1.04665E+02
9.90509033E+07,-9.75254E+01
9.90539551E+07,-9.66254E+01
9.90570068E+07,-1.01285E+02
9.90600586E+07,-1.01165E+02
9.90631104E+07,-1.01985E+02
9.90661621E+07,-9.82854E+01
9.90692139E+07,-1.03125E+02
9.90722656E+07,-9.61054E+01
9.90753174E+07,-9.73854E+01
9.90783691E+07,-9.92054E+01
9.90814209E+07,-1.04885E+02
9.90844727E+07,-1.04225E+02
9.90875244E+07,-9.98054E+01
9.90905762E+07,-1.03505E+02
9.90936279E+07,-1.00345E+02
9.90966797E+07,-1.00785E+02
9.90997314E+07,-1.01345E+02
9.91027832E+07,-9.59454E+01
9.91058350E+07,-9.66454E+01
9.91088867E+07,-1.02225E+02
9.91119385E+07,-9.91254E+01
9.91149902E+07,-9.81054E+01
9.91180420E+07,-1.01745E+02
9.91210938E+07,-1.02905E+02
9.91241455E+07,-1.15485E+02
9.91271973E+07,-9.72054E+01
9.91302490E+07,-9.59054E+01
9.91333008E+07,-1.03465E+02
9.91363525E+07,-1.09905E+02
9.91394043E+07,-1.01905E+02
9.91424561E+07,-9.75054E+01
9.91455078E+07,-9.23654E+01
9.91485596E+07,-9.56454E+01
9.91516113E+07,-1.07465E+02
9.91546631E+07,-1.04685E+02
9.91577148E+07,-1.00085E+02
9.91607666E+07,-1.01985E+02
9.91638184E+07,-1.14905E+02
9.91668701E+07,-1.08585E+02
9.91699219E+07,-1.07645E+02
9.91729736E+07,-1.05705E+02
9.91760254E+07,-1.04785E+02
9.91790771E+07,-1.05885E+02
9.91821289E+07,-1.20125E+02
9.91851807E+07,-1.09545E+02
9.91882324E+07,-1.01185E+02
9.91912842E+07,-9.53654E+01
9.91943359E+07,-9.94454E+01
9.91973877E+07,-1.04145E+02
9.92004395E+07,-1.02985E+02
9.92034912E+07,-1.01385E+02
9.92065430E+07,-1.00305E+02
9.92095947E+07,-1.03025E+02
9.92126465E+07,-1.03405E+02
9.92156982E+07,-1.07465E+02
9.92187500E+07,-1.06025E+02
9.92218018E+07,-1.04945E+02
9.92248535E+07,-1.01945E+02
9.92279053E+07,-1.00925E+02
9.92309570E+07,-1.02805E+02
9.92340088E+07,-9.52254E+01
9.92370605E+07,-9.48254E+01
9.92401123E+07,-1.04785E+02
9.92431641E+07,-1.15005E+02
9.92462158E+07,-1.05505E+02
9.92492676E+07,-1.03025E+02
9.92523193E+07,-9.86854E+01
9.92553711E+07,-9.75054E+01
9.92584229E+07,-1.03025E+02
9.92614746E+07,-1.07085E+02
9.92645264E+07,-1.00585E+02
9.92675781E+07,-1.06825E+02
9.92706299E+07,-1.02825E+02
9.92736816E+07,-9.82054E+01
9.92767334E+07,-9.90254E+01
9.92797852E+07,-9.93254E+01
9.92828369E+07,-1.24185E+02
9.92858887E+07,-1.03465E+02
9.92889404E+07,-1.08905E+02
9.92919922E+07,-1.09405E+02
9.92950439E+07,-1.06865E+02
9.92980957E+07,-1.04045E+02
9.93011475E+07,-9.43654E+01
9.93041992E+07,-9.37654E+01
9.93072510E+07,-1.20065E+02
9.93103027E+07,-9.62454E+01
9.93133545E+07,-1.04225E+02
9.93164062E+07,-9.62054E+01
9.93194580E+07,-9.71654E+01
9.93225098E+07,-1.02325E+02
9.93255615E+07,-9.56054E+01
9.93286133E+07,-1.04425E+02
9.93316650E+07,-1.04265E+02
9.93347168E+07,-1.22305E+02
9.93377686E+07,-1.02205E+02
9.93408203E+07,-1.06845E+02
9.93438721E+07,-1.04225E+02
9.93469238E+07,-9.84454E+01
9.93499756E+07,-9.47054E+01
9.93530273E+07,-1.00905E+02
9.93560791E+07,-1.04625E+02
9.93591309E+07,-1.02445E+02
9.93621826E+07,-1.00225E+02
9.93652344E+07,-1.05105E+02
9.93682861E+07,-1.08905E+02
9.93713379E+07,-9.96254E+01
9.93743896E+07,-9.90454E+01
9.93774414E+07,-9.82654E+01
9.93804932E+07,-1.07105E+02
9.93835449E+07,-1.14045E+02
9.93865967E+07,-1.06365E+02
9.93896484E+07,-1.00545E+02
9.93927002E+07,-1.02085E+02
9.93957520E+07,-9.57254E+01
9.93988037E+07,-9.35854E+01
9.94018555E+07,-9.80054E+01
9.94049072E+07,-1.15105E+02
9.94079590E+07,-1.05045E+02
9.94110107E+07,-1.00045E+02
9.94140625E+07,-1.18705E+02
9.94171143E+07,-1.01485E+02
9.94201660E+07,-1.02745E+02
9.94232178E+07,-1.06145E+02
9.94262695E+07,-9.88454E+01
9.94293213E+07,-1.01205E+02
9.94323730E+07,-9.84454E+01
9.94354248E+07,-9.38854E+01
9.94384766E+07,-9.51254E+01
9.94415283E+07,-1.00165E+02
9.94445801E+07,-1.01085E+02
9.94476318E+07,-1.01525E+02
9.94506836E+07,-1.02085E+02
9.94537354E+07,-1.09265E+02
9.94567871E+07,-1.10005E+02
9.94598389E+07,-9.84454E+01
9.94628906E+07,-1.02205E+02
9.94659424E+07,-9.98654E+01
9.94689941E+07,-1.05925E+02
9.94720459E+07,-9.62854E+01
9.94750977E+07,-1.11865E+02
9.94781494E+07,-9.35054E+01
9.94812012E+07,-9.47854E+01
9.94842529E+07,-9.90054E+01
9.94873047E+07,-1.02525E+02
9.94903564E+07,-1.07905E+02
9.94934082E+07,-1.12205E+02
9.94964600E+07,-1.04425E+02
9.94995117E+07,-1.00705E+02
9.95025635E+07,-9.89454E+01
9.95056152E+07,-1.03185E+02
9.95086670E+07,-1.01685E+02
9.95117188E+07,-9.66054E+01
9.95147705E+07,-9.89054E+01
9.95178223E+07,-9.81254E+01
9.95208740E+07,-9.66654E+01
9.95239258E+07,-9.66654E+01
9.95269775E+07,-9.56854E+01
9.95300293E+07,-9.99854E+01
9.95330811E+07,-1.06805E+02
9.95361328E+07,-1.07765E+02
9.95391846E+07,-1.05565E+02
9.95422363E+07,-1.22585E+02
9.95452881E+07,-9.95454E+01
9.95483398E+07,-9.87454E+01
9.95513916E+07,-1.03065E+02
9.95544434E+07,-9.97854E+01
9.95574951E+07,-1.02445E+02
9.95605469E+07,-1.15065E+02
9.95635986E+07,-1.05385E+02
9.95666504E+07,-9.99254E+01
9.95697021E+07,-1.09205E+02
9.95727539E+07,-9.91254E+01
9.95758057E+07,-9.77854E+01
9.95788574E+07,-9.72054E+01
9.95819092E+07,-9.80654E+01
9.95849609E+07,-1.10145E+02
9.95880127E+07,-1.01305E+02
9.95910645E+07,-9.74854E+01
9.95941162E+07,-9.62054E+01
9.95971680E+07,-9.85054E+01
9.96002197E+07,-9.64654E+01
9.96032715E+07,-9.72054E+01
9.96063232E+07,-9.54854E+01
9.96093750E+07,-9.75454E+01
9.96124268E+07,-1.09085E+02
9.96154785E+07,-1.00625E+02
9.96185303E+07,-9.74454E+01
9.96215820E+07,-9.53854E+01
9.96246338E+07,-9.33254E+01
9.96276855E+07,-9.38454E+01
9.96307373E+07,-1.11485E+02
9.96337891E+07,-9.85054E+01
9.96368408E+07,-1.01165E+02
9.96398926E+07,-9.53654E+01
9.96429443E+07,-9.50454E+01
9.96459961E+07,-1.04865E+02
9.96490479E+07,-9.61654E+01
9.96520996E+07,-1.00625E+02
9.96551514E+07,-1.08345E+02
9.96582031E+07,-1.09545E+02
9.96612549E+07,-1.08925E+02
9.96643066E+07,-9.91454E+01
9.96673584E+07,-9.62454E+01
9.96704102E+07,-1.00965E+02
9.96734619E+07,-1.00965E+02
9.96765137E+07,-1.05285E+02
9.96795654E+07,-1.06425E+02
9.96826172E+07,-1.02745E+02
9.96856689E+07,-1.01245E+02
9.96887207E+07,-1.09905E+02
9.96917725E+07,-9.87454E+01
9.96948242E+07,-9.41454E+01
9.96978760E+07,-9.64254E+01
9.97009277E+07,-1.01245E+02
9.97039795E+07,-1.03165E+02
9.97070312E+07,-1.02445E+02
9.97100830E+07,-9.91854E+01
9.97131348E+07,-1.04505E+02
9.97161865E+07,-1.07685E+02
9.97192383E+07,-9.90654E+01
9.97222900E+07,-9.97254E+01
9.97253418E+07,-1.05145E+02
9.97283936E+07,-1.08125E+02
9.97314453E+07,-1.01485E+02
9.97344971E+07,-9.70454E+01
9.97375488E+07,-9.72054E+01
9.97406006E+07,-1.00285E+02
9.97436523E+07,-1.13405E+02
9.97467041E+07,-1.00085E+02
9.97497559E+07,-1.04325E+02
9.97528076E+07,-1.02965E+02
9.97558594E+07,-9.55654E+01
9.97589111E+07,-9.88854E+01
9.97619629E+07,-1.00265E+02
9.97650146E+07,-9.70254E+01
9.97680664E+07,-9.84454E+01
9.97711182E+07,-1.04925E+02
9.97741699E+07,-1.08745E+02
9.97772217E+07,-1.03665E+02
9.97802734E+07,-9.59454E+01
9.97833252E+07,-9.35054E+01
9.97863770E+07,-9.51254E+01
9.97894287E+07,-9.95454E+01
9.97924805E+07,-1.10545E+02
9.97955322E+07,-9.96254E+01
9.97985840E+07,-9.72654E+01
9.98016357E+07,-9.91454E+01
9.98046875E+07,-1.00925E+02
9.98077393E+07,-1.00865E+02
9.98107910E+07,-9.79054E+01
9.98138428E+07,-9.92454E+01
9.98168945E+07,-1.01625E+02
9.98199463E+07,-1.06665E+02
9.98229980E+07,-1.09805E+02
9.98260498E+07,-1.06225E+02
9.98291016E+07,-1.07525E+02
9.98321533E+07,-1.03325E+02
9.98352051E+07,-9.83454E+01
9.98382568E+07,-9.91654E+01
9.98413086E+07,-1.17445E+02
9.98443604E+07,-1.02365E+02
9.98474121E+07,-9.75454E+01
9.98504639E+07,-9.90054E+01
9.98535156E+07,-1.16945E+02
9.98565674E+07,-1.05165E+02
9.98596191E+07,-1.03065E+02
9.98626709E+07,-9.83254E+01
9.98657227E+07,-9.91654E+01
9.98687744E+07,-9.76454E+01
9.98718262E+07,-1.01905E+02
9.98748779E+07,-1.01005E+02
9.98779297E+07,-1.08045E+02
9.98809814E+07,-1.06705E+02
9.98840332E+07,-9.89854E+01
9.98870850E+07,-9.88654E+01
9.98901367E+07,-1.11165E+02
9.98931885E+07,-1.20045E+02
9.98962402E+07,-1.01225E+02
9.98992920E+07,-1.04485E+02
9.99023438E+07,-9.96454E+01
9.99053955E+07,-9.46654E+01
9.99084473E+07,-1.03125E+02
9.99114990E+07,-9.82854E+01
9.99145508E+07,-9.49654E+01
9.99176025E+07,-1.08185E+02
9.99206543E+07,-1.04965E+02
9.99237061E+07,-9.54254E+01
9.99267578E+07,-1.03545E+02
9.99298096E+07,-9.91654E+01
9.99328613E+07,-9.92654E+01
9.99359131E+07,-1.17005E+02
9.99389648E+07,-1.02085E+02
9.99420166E+07,-9.80854E+01
9.99450684E+07,-1.08685E+02
9.99481201E+07,-1.08745E+02
9.99511719E+07,-1.07525E+02
9.99542236E+07,-1.22305E+02
9.99572754E+07,-1.10885E+02
9.99603271E+07,-9.82054E+01
9.99633789E+07,-1.00585E+02
9.99664307E+07,-9.88654E+01
9.99694824E+07,-9.62254E+01
9.99725342E+07,-9.81654E+01
9.99755859E+07,-1.03665E+02
9.99786377E+07,-1.11685E+02
9.99816895E+07,-1.02625E+02
9.99847412E+07,-1.00645E+02
9.99877930E+07,-1.06885E+02
9.99908447E+07,-1.00785E+02
9.99938965E+07,-9.84054E+01
9.99969482E+07,-9.77654E+01
